frame,player,det_idx,bbox_x1,bbox_y1,bbox_x2,bbox_y2,nose_x,nose_y,nose_s,L_eye_x,L_eye_y,L_eye_s,R_eye_x,R_eye_y,R_eye_s,L_ear_x,L_ear_y,L_ear_s,R_ear_x,R_ear_y,R_ear_s,L_shoulder_x,L_shoulder_y,L_shoulder_s,R_shoulder_x,R_shoulder_y,R_shoulder_s,L_elbow_x,L_elbow_y,L_elbow_s,R_elbow_x,R_elbow_y,R_elbow_s,L_wrist_x,L_wrist_y,L_wrist_s,R_wrist_x,R_wrist_y,R_wrist_s,L_hip_x,L_hip_y,L_hip_s,R_hip_x,R_hip_y,R_hip_s,L_knee_x,L_knee_y,L_knee_s,R_knee_x,R_knee_y,R_knee_s,L_ankle_x,L_ankle_y,L_ankle_s,R_ankle_x,R_ankle_y,R_ankle_s
0,top,1,934.67,372.51,1007.89,589.95,969.69,391.51,0.8320,973.94,387.27,0.8587,967.03,387.80,0.8605,982.96,388.33,0.7983,963.85,389.92,0.7634,996.23,410.09,0.8017,955.35,409.56,0.7967,999.42,436.64,0.7439,944.21,431.33,0.7713,1000.48,458.40,0.7274,939.96,449.91,0.7782,984.02,473.80,0.6390,964.91,473.80,0.6448,980.84,518.39,0.7021,968.10,519.98,0.6868,975.00,565.11,0.7965,986.15,541.75,0.6960
0,bottom,0,734.98,576.18,858.74,846.04,801.47,594.50,0.7127,801.47,591.86,0.4988,803.45,591.20,0.5019,789.61,597.13,0.7526,809.38,596.47,0.7824,775.12,622.17,0.7207,819.26,618.88,0.7739,741.52,645.89,0.8163,844.30,653.14,0.7851,770.51,662.36,0.5935,852.20,644.57,0.7473,775.12,697.94,0.6819,796.20,697.28,0.6861,793.57,748.01,0.6985,804.11,755.91,0.7330,793.57,798.74,0.6802,788.96,813.89,0.7516
1,top,1,934.64,372.46,1007.65,590.02,969.55,391.47,0.8338,973.80,387.22,0.8615,966.37,387.75,0.8624,982.83,388.28,0.7986,963.71,389.88,0.7648,995.58,410.06,0.7988,955.21,409.53,0.7960,999.30,436.62,0.7398,944.06,431.31,0.7684,1000.36,458.40,0.7244,939.81,449.90,0.7780,983.89,473.27,0.6328,964.77,473.27,0.6377,981.24,518.42,0.6985,967.96,519.48,0.6799,974.86,564.63,0.7909,986.02,541.26,0.6916
1,bottom,0,735.48,577.07,859.14,830.87,801.65,594.92,0.6926,802.27,591.20,0.4854,803.51,591.20,0.4791,789.26,596.78,0.7300,809.09,595.54,0.7536,775.01,621.56,0.7116,819.00,619.08,0.7633,742.17,646.35,0.8200,844.40,653.78,0.7861,770.67,661.84,0.5854,853.08,645.11,0.7589,775.63,699.02,0.6736,796.07,697.78,0.6732,793.60,748.59,0.7172,804.13,755.40,0.7294,794.22,800.01,0.6816,789.88,813.65,0.7747
2,top,1,934.54,373.00,1007.26,590.14,969.31,391.45,0.7846,973.55,387.21,0.8189,966.13,387.21,0.8270,982.03,388.27,0.7660,963.48,390.39,0.7486,995.81,409.47,0.8103,955.00,409.47,0.7984,999.00,435.98,0.7407,944.39,430.68,0.7722,1000.06,458.24,0.7318,940.15,449.23,0.7817,984.15,472.55,0.6444,965.07,473.08,0.6487,981.50,517.62,0.7032,967.72,518.68,0.6875,975.14,564.27,0.7907,986.27,540.94,0.6933
2,bottom,0,736.55,577.15,859.45,830.75,801.71,594.99,0.6928,802.33,591.89,0.4775,804.19,591.27,0.4873,789.33,597.46,0.7253,809.14,596.22,0.7489,775.09,622.23,0.7126,818.43,619.75,0.7608,742.28,646.99,0.8108,845.05,654.42,0.7763,770.14,663.09,0.5953,853.10,646.37,0.7451,775.09,699.62,0.6753,796.14,698.38,0.6732,793.66,749.15,0.7109,804.19,755.96,0.7292,794.90,800.53,0.6850,789.95,812.92,0.7683
3,top,1,934.54,372.79,1007.23,590.28,969.29,391.27,0.8155,973.00,387.55,0.8456,966.10,387.55,0.8524,982.03,388.61,0.7788,963.45,390.21,0.7585,995.84,409.32,0.8091,954.95,409.32,0.8013,999.02,436.40,0.7436,944.33,431.09,0.7715,1000.08,458.17,0.7306,940.08,449.68,0.7807,984.15,473.04,0.6443,965.04,473.04,0.6483,981.50,518.17,0.7094,967.69,519.24,0.6916,975.13,563.84,0.7908,986.28,541.01,0.6926
3,bottom,0,736.16,577.91,860.12,833.39,801.88,595.87,0.6789,802.51,592.75,0.4772,804.38,592.13,0.4888,789.41,597.74,0.7340,809.37,597.12,0.7571,775.06,622.69,0.7167,818.10,620.82,0.7615,742.00,647.64,0.8186,844.30,654.50,0.7744,770.07,663.24,0.5851,853.03,647.02,0.7603,775.06,699.41,0.6794,796.27,698.17,0.6782,793.77,748.69,0.7068,804.38,756.17,0.7235,794.40,800.46,0.6816,790.03,814.18,0.7730
4,top,1,934.52,373.01,1007.22,590.29,969.28,391.47,0.7957,973.52,387.23,0.8282,966.09,387.76,0.8398,982.01,388.29,0.7712,963.44,390.41,0.7604,995.80,409.51,0.8076,954.95,409.51,0.8016,998.98,436.03,0.7397,944.35,430.73,0.7728,1000.04,457.78,0.7291,940.10,449.29,0.7837,984.13,472.63,0.6450,965.03,473.16,0.6482,980.95,517.72,0.7120,967.69,519.31,0.6972,975.11,563.87,0.7909,986.25,541.06,0.6971
4,bottom,0,735.99,578.01,859.82,842.46,800.49,595.96,0.7292,801.78,593.38,0.5076,802.43,592.09,0.4979,789.51,597.90,0.7497,808.88,597.90,0.7652,775.31,623.72,0.7280,818.57,621.14,0.7684,741.74,648.26,0.8221,844.39,655.36,0.7822,770.79,664.40,0.6003,852.79,648.26,0.7639,775.31,699.91,0.6861,795.97,698.62,0.6902,793.39,748.33,0.7085,804.36,757.37,0.7349,793.39,799.98,0.6796,790.16,814.83,0.7675
5,top,1,934.39,372.89,1007.06,590.25,968.60,391.88,0.8178,972.85,388.17,0.8517,965.95,388.17,0.8528,981.87,388.70,0.7848,963.29,390.29,0.7583,995.66,409.40,0.8047,954.27,409.40,0.8027,998.85,435.93,0.7458,943.66,431.15,0.7743,999.38,457.69,0.7335,939.41,449.73,0.7807,983.99,472.55,0.6456,964.89,473.08,0.6475,981.34,517.65,0.7156,967.54,520.31,0.6962,974.97,563.82,0.7907,985.58,541.00,0.6974
5,bottom,0,735.96,578.28,860.19,843.90,800.67,596.95,0.7207,801.32,593.71,0.4995,802.61,593.06,0.4985,789.64,598.90,0.7522,809.10,598.25,0.7654,774.73,624.19,0.7260,818.18,622.24,0.7684,741.66,648.83,0.8236,844.12,655.97,0.7860,770.84,665.04,0.5988,853.20,648.83,0.7793,774.73,700.71,0.6848,796.13,699.41,0.6874,794.18,748.70,0.7047,804.56,757.78,0.7321,793.54,799.93,0.6845,790.29,815.49,0.7790
6,top,1,934.37,373.11,1006.98,590.23,968.55,392.09,0.7993,972.79,388.38,0.8361,965.90,388.38,0.8417,981.27,388.91,0.7719,963.25,390.50,0.7518,995.59,409.58,0.8056,954.77,409.05,0.8046,998.77,436.08,0.7463,943.64,430.78,0.7776,999.30,457.82,0.7368,939.40,449.33,0.7866,983.92,473.19,0.6480,964.84,473.19,0.6497,981.27,517.71,0.7151,967.49,520.36,0.7008,974.91,563.83,0.7947,986.04,541.04,0.6988
6,bottom,0,736.13,578.57,860.30,843.57,800.16,597.20,0.7211,801.45,593.97,0.4981,802.10,593.32,0.4957,789.81,599.14,0.7477,809.22,599.14,0.7620,774.93,625.02,0.7252,818.27,622.43,0.7670,741.93,648.96,0.8200,844.15,656.08,0.7830,770.40,665.13,0.5945,853.86,648.96,0.7777,774.93,701.36,0.6837,796.28,700.07,0.6854,794.34,748.59,0.6992,804.69,758.30,0.7293,793.69,800.35,0.6811,790.45,815.23,0.7702
7,top,1,934.36,373.12,1006.74,590.19,968.43,392.62,0.7965,972.67,388.38,0.8311,965.78,388.38,0.8393,981.68,388.91,0.7697,963.13,390.50,0.7414,995.46,409.58,0.8084,954.65,409.05,0.8068,998.64,436.08,0.7481,944.05,430.78,0.7784,999.17,457.81,0.7372,939.81,449.33,0.7873,983.80,473.18,0.6510,964.72,473.18,0.6533,981.15,517.69,0.7139,967.37,519.81,0.7001,975.32,563.80,0.7975,985.92,541.01,0.6950
7,bottom,0,736.31,579.00,860.56,838.95,801.61,597.91,0.6982,802.24,594.74,0.4938,804.15,594.10,0.4982,789.55,599.82,0.7403,809.22,599.18,0.7603,774.32,625.20,0.7171,818.11,623.30,0.7613,741.32,649.32,0.8236,844.13,656.93,0.7734,769.88,665.82,0.5936,853.65,649.95,0.7714,774.95,701.99,0.6806,795.90,700.72,0.6813,793.99,749.59,0.7027,804.15,758.48,0.7162,793.99,799.73,0.6720,790.18,815.59,0.7625
8,top,1,934.11,373.90,1006.65,590.24,968.79,392.80,0.7838,973.02,388.58,0.8181,966.15,388.58,0.8321,982.00,389.11,0.7665,962.98,390.69,0.7521,995.20,409.71,0.8014,954.53,409.18,0.8003,998.37,436.11,0.7433,943.97,430.30,0.7766,998.90,457.77,0.7363,939.22,449.85,0.7762,984.11,472.56,0.6442,964.57,473.09,0.6477,980.94,517.45,0.7036,966.68,518.51,0.6934,975.13,563.93,0.7878,985.70,540.69,0.6899
8,bottom,0,736.32,579.46,861.16,843.77,800.68,598.05,0.7179,801.97,595.47,0.4995,803.26,594.18,0.5017,789.71,599.98,0.7427,809.06,599.98,0.7669,774.86,625.80,0.7228,818.74,623.21,0.7684,741.31,649.67,0.8273,843.91,656.77,0.7857,770.35,666.45,0.5999,853.59,650.32,0.7836,774.86,702.58,0.6846,796.16,701.29,0.6867,794.22,749.05,0.6977,804.55,759.37,0.7240,793.58,800.02,0.6811,789.71,816.16,0.7671
9,top,1,934.09,374.11,1006.60,590.22,968.76,393.00,0.7708,972.98,388.78,0.8083,966.12,389.31,0.8232,981.95,389.31,0.7594,962.96,390.89,0.7426,995.14,409.36,0.8016,954.52,409.36,0.8008,997.78,435.74,0.7425,943.96,430.46,0.7748,998.83,457.37,0.7362,939.22,449.98,0.7719,984.06,472.67,0.6474,964.54,473.20,0.6509,980.89,517.51,0.7048,966.65,518.57,0.6935,975.09,563.94,0.7892,985.64,541.25,0.6925
9,bottom,0,736.37,579.96,860.28,840.98,800.88,598.31,0.7184,801.52,595.13,0.4970,802.79,594.49,0.4930,790.04,600.23,0.7450,809.16,600.23,0.7664,774.75,625.72,0.7226,818.08,623.80,0.7657,741.61,650.57,0.8278,844.21,657.58,0.7729,770.29,666.50,0.5936,853.13,651.21,0.7724,774.75,702.19,0.6858,795.78,700.91,0.6812,794.51,749.34,0.6880,804.70,758.90,0.7215,793.87,800.32,0.6736,789.41,816.89,0.7671
10,top,1,934.26,373.10,1006.82,592.12,968.40,394.39,0.7871,972.68,390.11,0.8229,965.73,390.11,0.8333,981.24,389.57,0.7718,963.06,391.18,0.7401,995.14,409.36,0.8071,953.97,409.36,0.8031,998.35,435.56,0.7476,943.81,430.21,0.7785,998.35,457.48,0.7307,939.53,449.99,0.7826,983.91,472.45,0.6516,964.66,472.99,0.6578,981.24,517.37,0.7009,967.33,518.44,0.6970,974.82,564.42,0.7862,985.51,540.36,0.6834
10,bottom,0,736.16,580.21,860.11,845.25,800.72,598.20,0.7297,801.37,595.61,0.4999,802.66,594.96,0.4975,789.72,600.14,0.7554,809.13,600.14,0.7751,774.84,626.02,0.7237,818.19,623.43,0.7730,741.19,650.61,0.8281,844.08,657.73,0.7718,770.31,667.43,0.5973,853.78,651.26,0.7598,774.84,702.37,0.6823,796.19,701.08,0.6866,794.90,748.96,0.6926,804.60,759.32,0.7270,794.25,800.08,0.6803,789.72,816.90,0.7686
11,top,1,934.15,372.60,1006.31,592.08,968.09,393.93,0.7917,972.37,389.64,0.8302,965.41,389.64,0.8346,981.48,389.64,0.7778,962.73,391.25,0.7300,994.88,409.47,0.8061,954.16,409.47,0.8002,997.56,435.72,0.7443,943.44,430.90,0.7768,998.09,457.69,0.7246,939.69,449.66,0.7859,984.16,472.70,0.6504,964.87,473.23,0.6550,981.48,517.17,0.6991,967.02,518.24,0.6896,975.05,564.32,0.7841,985.77,540.75,0.6812
11,bottom,0,735.85,580.04,860.68,850.24,800.91,599.03,0.7148,801.57,596.40,0.4951,802.89,595.74,0.5059,789.69,601.01,0.7542,809.48,600.35,0.7706,774.52,626.74,0.7224,818.06,623.44,0.7688,741.54,650.49,0.8263,844.45,658.41,0.7445,771.22,667.64,0.6011,853.02,653.13,0.7381,775.18,702.60,0.6885,795.63,701.28,0.6881,794.31,748.78,0.6911,804.21,759.34,0.7272,794.97,800.24,0.6770,789.03,815.41,0.7661
12,top,1,934.12,372.46,1006.17,592.05,968.00,394.33,0.7931,972.29,390.04,0.8290,965.32,390.04,0.8329,981.40,389.51,0.7748,962.64,391.11,0.7323,994.81,409.34,0.8057,954.06,409.34,0.8010,997.49,436.15,0.7475,943.88,430.79,0.7772,998.02,457.59,0.7258,939.59,449.55,0.7871,984.08,472.60,0.6498,964.78,473.14,0.6546,981.40,517.64,0.7046,967.47,518.17,0.6883,974.97,564.28,0.7868,985.69,541.22,0.6833
12,bottom,0,735.91,580.17,860.11,851.02,800.66,599.21,0.7217,801.98,596.57,0.5002,803.30,595.90,0.5081,790.08,601.19,0.7481,809.26,600.53,0.7728,774.87,626.32,0.7249,818.51,623.68,0.7685,741.15,650.79,0.8316,844.30,658.72,0.7400,770.90,667.98,0.6039,853.56,654.10,0.7376,774.87,701.71,0.6892,796.03,701.05,0.6862,794.71,748.66,0.6890,804.63,759.24,0.7274,794.71,800.24,0.6829,788.76,816.11,0.7707
13,top,1,934.11,372.32,1006.09,592.00,967.95,394.74,0.8082,971.71,390.44,0.8469,964.73,390.44,0.8452,981.36,389.37,0.7836,962.59,390.98,0.7301,994.77,409.22,0.8094,954.01,409.75,0.8037,997.45,436.03,0.7566,943.82,431.21,0.7779,997.99,457.49,0.7360,939.53,449.44,0.7911,984.04,473.04,0.6493,964.73,473.04,0.6536,981.36,517.56,0.7094,967.42,518.63,0.6885,974.93,564.22,0.7886,985.65,541.16,0.6839
13,bottom,0,735.98,580.11,859.72,852.42,801.18,599.25,0.7278,802.51,596.59,0.5078,803.17,595.93,0.5135,789.88,601.25,0.7541,809.15,600.58,0.7792,774.58,626.51,0.7267,818.46,624.52,0.7689,741.34,651.11,0.8292,844.39,659.09,0.7405,770.60,667.73,0.6056,853.70,654.43,0.7302,775.25,701.63,0.6918,795.86,700.97,0.6883,793.86,748.84,0.6894,804.50,759.47,0.7239,794.53,800.69,0.6872,788.55,816.65,0.7799
14,top,1,933.74,372.20,1005.83,591.97,967.64,394.63,0.8087,971.93,390.34,0.8406,964.96,390.34,0.8482,981.05,389.80,0.7861,962.28,391.41,0.7341,994.47,409.12,0.8097,953.69,409.65,0.8033,997.69,435.94,0.7516,943.50,431.12,0.7769,997.69,457.94,0.7289,939.20,449.89,0.7889,983.74,472.97,0.6505,964.96,472.97,0.6536,981.05,517.50,0.7176,967.10,519.11,0.6937,975.15,564.18,0.7888,985.88,541.64,0.6863
14,bottom,0,735.92,580.20,859.33,853.38,800.96,599.41,0.7242,802.29,596.74,0.5120,803.63,596.08,0.5156,789.62,601.41,0.7465,808.96,600.75,0.7772,774.28,626.76,0.7247,818.30,624.09,0.7683,740.93,651.43,0.8269,844.31,659.44,0.7436,770.95,668.11,0.6063,852.98,655.44,0.7252,774.95,702.12,0.6901,795.62,700.79,0.6846,794.29,748.81,0.6869,804.29,759.48,0.7243,794.96,800.83,0.6889,788.29,816.17,0.7862
15,top,1,933.73,372.21,1005.89,591.94,967.66,394.63,0.8044,971.95,390.34,0.8385,964.98,390.34,0.8443,981.07,389.81,0.7834,962.30,391.41,0.7364,994.48,409.12,0.8083,953.71,409.65,0.8042,997.17,435.94,0.7526,943.52,431.65,0.7732,997.70,457.93,0.7281,939.23,449.89,0.7858,983.76,472.95,0.6493,964.44,473.49,0.6524,981.07,517.48,0.7175,967.66,519.09,0.6934,975.17,564.15,0.7904,985.90,541.62,0.6887
15,bottom,0,735.72,580.39,859.28,853.56,800.83,598.93,0.7254,802.17,596.93,0.5146,803.50,596.26,0.5149,789.49,601.60,0.7493,808.84,600.93,0.7744,774.16,626.94,0.7235,818.17,624.27,0.7699,740.81,651.62,0.8280,844.18,659.62,0.7379,770.15,668.29,0.6055,852.85,655.62,0.7238,774.82,701.64,0.6897,796.16,700.97,0.6846,794.16,748.99,0.6851,804.17,759.66,0.7216,794.83,801.01,0.6919,788.16,816.35,0.7862
16,top,1,933.49,372.24,1005.64,591.94,967.42,394.12,0.7989,971.71,389.83,0.8349,964.74,390.37,0.8410,980.83,389.83,0.7777,962.06,390.90,0.7335,994.24,409.14,0.8072,953.47,409.68,0.8061,996.92,435.96,0.7463,943.28,431.67,0.7737,997.46,457.41,0.7219,939.53,450.44,0.7890,984.05,472.97,0.6492,964.74,473.51,0.6505,981.37,517.49,0.7146,967.42,519.10,0.6976,974.93,564.15,0.7862,985.66,541.62,0.6903
16,bottom,0,735.97,580.43,859.20,853.29,801.58,598.95,0.7186,802.24,596.95,0.5118,803.58,596.28,0.5201,790.25,601.61,0.7435,808.91,600.94,0.7791,774.27,626.93,0.7247,818.23,624.93,0.7712,740.96,651.57,0.8340,843.55,659.57,0.7491,770.27,668.23,0.6104,852.87,655.57,0.7347,774.93,702.20,0.6926,795.58,701.54,0.6855,794.25,748.84,0.6881,804.24,760.16,0.7276,794.92,800.80,0.6930,787.59,816.78,0.7920
17,top,1,933.26,371.98,1005.54,591.99,967.25,393.89,0.8090,971.55,389.60,0.8453,964.56,390.13,0.8498,980.68,389.60,0.7821,961.88,390.67,0.7370,994.11,408.93,0.8099,953.28,409.47,0.8084,996.79,435.79,0.7487,943.62,431.49,0.7763,997.33,457.81,0.7191,939.32,450.29,0.7910,983.90,473.39,0.6470,964.56,473.93,0.6478,981.75,517.97,0.7149,967.25,519.05,0.6968,974.77,564.70,0.7887,986.05,541.61,0.6923
17,bottom,0,736.06,580.45,858.96,853.05,801.50,599.62,0.7195,802.17,596.95,0.5129,803.50,596.29,0.5229,790.19,601.61,0.7435,808.82,600.95,0.7858,774.22,626.90,0.7287,818.14,624.91,0.7706,740.94,651.53,0.8355,843.43,660.18,0.7587,770.22,668.17,0.6133,852.75,656.19,0.7395,774.88,702.11,0.6910,795.51,701.44,0.6858,794.18,749.36,0.6878,804.16,760.01,0.7277,795.51,801.27,0.6962,787.53,817.25,0.7937
18,top,1,933.26,372.29,1005.40,592.12,967.18,394.18,0.7886,971.47,389.89,0.8254,964.50,389.89,0.8329,980.60,389.35,0.7741,961.81,390.96,0.7332,994.02,408.68,0.8101,953.23,409.75,0.8085,996.70,435.51,0.7531,943.57,431.75,0.7750,997.24,457.52,0.7267,939.27,450.54,0.7890,983.82,472.54,0.6523,965.03,473.08,0.6537,981.67,518.16,0.7145,967.18,518.70,0.7071,974.69,564.32,0.7902,985.97,541.24,0.6952
18,bottom,0,735.98,580.33,858.78,852.97,800.71,599.50,0.7219,802.04,596.84,0.5045,803.37,596.17,0.5158,789.39,601.50,0.7534,808.70,601.50,0.7864,774.08,626.79,0.7264,818.02,625.46,0.7698,740.80,651.42,0.8361,843.97,660.07,0.7549,770.09,668.72,0.6149,852.63,656.08,0.7357,774.75,702.67,0.6907,795.38,702.00,0.6860,794.05,749.26,0.6881,804.04,760.58,0.7274,795.38,801.18,0.6978,787.40,817.16,0.7908
19,top,1,933.29,373.01,1005.15,592.12,967.08,393.77,0.7558,971.36,390.02,0.7934,964.41,390.02,0.8111,980.45,389.49,0.7563,961.73,391.09,0.7298,993.83,408.74,0.8124,953.17,409.28,0.8082,996.50,436.03,0.7478,943.54,431.21,0.7741,996.50,456.89,0.7166,939.26,450.47,0.7865,984.20,472.40,0.6532,964.94,472.94,0.6563,981.52,517.33,0.7103,967.08,518.40,0.6984,975.10,564.41,0.7899,986.34,541.41,0.6969
19,bottom,0,735.86,580.35,858.76,852.95,800.64,599.52,0.7176,801.97,597.52,0.4998,803.30,596.85,0.5117,789.32,601.51,0.7609,809.29,601.51,0.7862,774.02,627.47,0.7248,817.94,625.47,0.7690,740.74,651.43,0.8360,843.23,660.08,0.7506,770.02,668.73,0.6164,852.55,656.09,0.7324,774.68,702.68,0.6916,795.31,702.01,0.6875,794.65,749.93,0.6879,803.96,760.58,0.7274,795.31,801.18,0.6974,787.33,817.15,0.7886
20,top,1,932.80,373.20,1004.86,592.04,967.22,394.46,0.7652,971.50,390.19,0.8035,964.02,390.19,0.8146,980.05,389.65,0.7615,961.35,391.26,0.7454,993.94,408.89,0.8154,952.80,409.42,0.8047,996.07,435.60,0.7572,943.71,431.33,0.7787,996.07,457.51,0.7184,939.44,450.56,0.7914,983.79,471.93,0.6510,965.09,472.47,0.6552,981.65,517.35,0.7096,966.69,515.75,0.6985,975.24,564.37,0.7860,985.92,541.39,0.6957
20,bottom,0,735.97,580.42,858.71,852.80,800.67,599.57,0.7156,801.33,596.91,0.4938,802.66,596.25,0.5080,789.36,601.57,0.7550,808.65,601.57,0.7792,774.07,627.50,0.7208,817.96,625.51,0.7686,740.82,651.44,0.8328,843.23,660.09,0.7463,770.08,668.73,0.6135,852.54,656.10,0.7316,774.07,701.98,0.6897,795.35,701.98,0.6837,794.02,749.86,0.6841,803.99,760.50,0.7273,794.68,801.07,0.6958,787.37,817.69,0.7869
21,top,1,932.60,373.65,1004.52,591.72,966.96,393.78,0.7466,971.22,389.52,0.7875,963.77,390.05,0.8017,979.74,388.98,0.7475,961.11,391.11,0.7380,993.58,408.68,0.8190,952.59,409.75,0.8055,995.71,435.84,0.7592,943.54,431.58,0.7771,995.71,456.60,0.7351,939.28,450.74,0.7895,984.00,472.57,0.6528,964.83,473.10,0.6536,981.87,517.29,0.7103,966.43,517.29,0.6939,975.48,564.14,0.7894,986.13,541.78,0.6970
21,bottom,0,735.98,580.40,858.58,852.76,800.61,599.55,0.7131,801.27,596.89,0.4915,802.60,596.22,0.5069,789.30,602.21,0.7574,808.58,601.54,0.7793,774.01,627.48,0.7220,817.89,625.48,0.7695,740.76,652.08,0.8326,843.83,660.06,0.7419,770.02,668.70,0.6155,852.47,656.07,0.7274,774.01,702.62,0.6909,795.29,701.95,0.6851,793.96,749.83,0.6833,803.93,760.47,0.7276,795.29,801.03,0.6972,787.31,817.65,0.7875
22,top,1,932.47,373.81,1004.11,592.32,966.69,393.44,0.7716,970.96,389.17,0.8111,964.02,389.17,0.8267,979.49,389.17,0.7561,960.82,390.77,0.7494,992.83,408.91,0.8223,952.29,409.98,0.8083,994.96,436.12,0.7663,943.22,431.85,0.7766,994.96,456.39,0.7471,938.95,451.06,0.7922,983.76,472.93,0.6548,964.56,473.46,0.6531,981.09,517.21,0.7152,966.69,517.21,0.6825,975.23,563.62,0.7957,985.90,541.75,0.6968
22,bottom,0,736.00,580.33,858.54,852.79,800.59,599.48,0.7089,801.26,596.82,0.4925,803.25,596.16,0.5087,789.28,602.15,0.7575,808.57,601.48,0.7810,773.98,627.42,0.7221,817.89,625.43,0.7680,740.72,652.04,0.8319,843.83,660.02,0.7466,769.99,668.67,0.6160,852.48,656.03,0.7274,773.98,702.59,0.6910,795.27,701.93,0.6846,793.94,749.82,0.6817,803.92,760.46,0.7269,795.27,801.04,0.6963,787.29,817.67,0.7877
23,top,1,932.45,372.80,1003.49,592.23,966.36,393.58,0.8022,970.11,389.30,0.8379,963.15,389.30,0.8494,979.22,389.30,0.7691,959.93,391.44,0.7593,992.61,409.65,0.8166,951.90,410.73,0.8000,994.22,435.90,0.7706,942.79,432.15,0.7750,994.22,456.80,0.7541,938.50,451.44,0.7850,983.50,471.26,0.6542,964.75,471.80,0.6543,979.75,516.26,0.7188,965.83,515.19,0.6924,974.93,563.40,0.7931,986.72,541.44,0.7053
23,bottom,0,735.82,580.28,858.54,852.77,800.50,599.44,0.7092,801.17,597.44,0.4948,803.17,596.11,0.5125,789.19,602.10,0.7605,808.49,601.43,0.7846,773.89,627.38,0.7250,817.80,626.05,0.7664,740.63,651.99,0.8309,843.75,659.98,0.7495,769.90,668.62,0.6186,852.40,655.98,0.7210,774.56,702.55,0.6925,795.18,702.55,0.6861,793.85,749.79,0.6833,803.83,760.43,0.7284,795.18,801.01,0.6985,787.86,817.64,0.7894
24,top,1,932.67,373.12,1002.79,592.28,966.12,393.88,0.7858,969.87,389.60,0.8207,962.91,389.60,0.8353,978.43,390.13,0.7694,959.70,391.74,0.7694,992.34,409.40,0.8246,951.67,411.00,0.8078,993.41,435.61,0.7800,942.58,432.40,0.7703,993.41,456.48,0.7554,938.30,452.20,0.7878,983.78,472.00,0.6618,964.52,472.53,0.6613,979.50,516.41,0.7288,966.12,514.81,0.7059,974.68,563.50,0.7935,986.46,541.56,0.7119
24,bottom,0,736.07,580.05,858.72,852.80,800.06,599.89,0.7198,800.72,597.23,0.5029,802.05,596.56,0.5149,789.40,601.89,0.7563,808.71,601.89,0.7705,774.09,627.86,0.7250,818.04,625.86,0.7652,740.79,651.83,0.8264,843.34,660.49,0.7601,770.09,669.14,0.6125,852.00,656.49,0.7307,774.09,703.10,0.6890,795.40,702.44,0.6834,794.06,749.72,0.6822,804.05,761.04,0.7277,794.73,800.99,0.6928,787.41,817.64,0.7888
25,top,1,931.30,372.70,1002.63,592.17,965.36,393.49,0.8666,969.11,389.21,0.8848,962.14,389.21,0.8857,978.22,389.74,0.8036,958.93,391.35,0.7733,991.61,410.64,0.8193,950.89,411.71,0.8090,993.22,436.36,0.7615,941.78,434.21,0.7673,992.68,456.72,0.7365,938.03,452.97,0.7747,983.57,473.33,0.6573,964.29,473.86,0.6526,978.75,517.80,0.7359,967.50,516.73,0.6536,974.47,563.88,0.8006,986.79,541.91,0.7103
25,bottom,0,736.20,580.06,858.73,852.70,800.13,599.90,0.7172,801.46,597.24,0.5047,802.12,596.57,0.5199,789.48,601.90,0.7552,808.78,601.90,0.7657,774.17,627.86,0.7228,817.43,625.86,0.7660,740.89,652.48,0.8253,843.39,660.47,0.7562,769.51,669.12,0.6124,852.04,657.14,0.7246,774.17,703.07,0.6882,795.47,703.07,0.6833,794.14,749.66,0.6817,804.12,760.98,0.7280,794.80,800.91,0.6911,787.48,818.22,0.7881
26,top,1,930.60,374.56,1002.10,590.89,964.77,392.94,0.8352,968.99,388.72,0.8527,961.60,389.24,0.8608,977.44,390.30,0.7889,958.96,391.88,0.7652,990.64,410.90,0.8216,950.51,413.01,0.8059,992.23,436.78,0.7450,941.53,434.66,0.7561,991.70,456.32,0.7058,937.30,454.21,0.7649,983.78,473.22,0.6605,964.77,473.75,0.6528,979.03,517.05,0.7321,967.41,516.00,0.6847,974.80,563.53,0.7904,987.48,541.35,0.7227
26,bottom,0,736.26,580.06,858.67,852.61,800.12,599.22,0.7113,801.45,597.23,0.5038,802.12,595.90,0.5166,789.48,601.89,0.7521,808.77,601.22,0.7597,774.17,627.84,0.7189,817.42,625.84,0.7685,740.90,652.46,0.8261,842.71,660.44,0.7466,769.51,669.76,0.6129,852.02,657.78,0.7208,774.17,703.03,0.6861,794.80,703.03,0.6807,794.13,749.60,0.6793,804.12,761.58,0.7258,794.80,800.84,0.6901,787.48,818.14,0.7857
27,top,1,930.41,374.85,1001.64,590.70,964.97,393.19,0.8490,969.19,388.98,0.8598,961.81,388.98,0.8745,977.09,390.56,0.7943,958.65,392.14,0.7795,990.27,411.64,0.8145,949.69,413.22,0.8033,991.85,437.46,0.7476,940.73,435.35,0.7649,990.79,456.43,0.7114,936.52,455.37,0.7630,983.42,473.82,0.6500,964.44,474.34,0.6431,977.62,518.08,0.7215,968.66,517.55,0.6530,974.98,563.93,0.7929,987.63,542.32,0.7145
27,bottom,0,736.26,580.10,858.65,852.37,800.11,599.91,0.7158,801.44,597.25,0.5051,802.11,596.58,0.5205,789.48,601.90,0.7537,808.75,601.24,0.7632,774.19,627.83,0.7185,817.40,625.83,0.7693,740.95,652.42,0.8296,842.66,661.06,0.7468,769.53,669.70,0.6138,851.96,658.40,0.7250,774.19,703.61,0.6856,794.79,702.94,0.6815,794.13,750.14,0.6796,804.10,761.44,0.7288,794.79,801.32,0.6911,787.48,818.60,0.7879
28,top,1,929.86,374.79,1001.11,590.92,964.96,393.15,0.8665,968.65,388.93,0.8630,961.26,388.93,0.8893,977.09,391.04,0.8238,958.10,392.63,0.7913,989.76,412.15,0.8137,949.66,414.26,0.8010,990.81,437.48,0.7468,940.16,436.42,0.7573,989.76,457.00,0.7072,935.94,455.95,0.7678,983.43,474.41,0.6531,963.90,475.47,0.6442,978.15,518.21,0.7243,967.60,518.74,0.6600,974.46,563.59,0.7883,987.12,541.43,0.7291
28,bottom,0,736.24,580.15,858.80,852.50,800.18,599.30,0.7246,800.85,596.64,0.5081,801.51,595.97,0.5200,789.54,601.95,0.7502,808.16,601.29,0.7566,773.58,627.89,0.7204,817.47,625.89,0.7802,741.00,653.15,0.8335,842.07,661.80,0.7541,769.60,669.78,0.6141,851.38,659.80,0.7462,774.25,703.69,0.6855,794.86,703.02,0.6813,794.20,750.23,0.6793,804.17,761.54,0.7282,794.86,801.43,0.6880,786.88,818.72,0.7883
29,top,1,928.87,375.13,1000.34,590.90,964.60,392.94,0.8728,968.29,388.72,0.8592,960.91,388.72,0.9023,976.72,390.83,0.8313,957.75,392.41,0.7938,989.36,412.43,0.8240,948.80,415.06,0.7997,989.89,437.71,0.7432,939.84,437.19,0.7604,988.83,456.68,0.7189,935.10,456.68,0.7597,983.04,475.12,0.6557,963.55,475.64,0.6460,977.77,518.84,0.7241,966.71,519.36,0.6638,974.08,564.14,0.7861,986.20,540.43,0.7338
29,bottom,0,736.22,580.41,858.90,852.30,799.55,599.53,0.7342,800.88,596.87,0.5090,801.54,596.21,0.5180,789.59,602.18,0.7491,808.18,601.52,0.7532,773.66,628.07,0.7226,817.47,626.08,0.7895,741.14,653.30,0.8354,841.37,662.59,0.7516,769.68,670.55,0.6130,850.66,660.60,0.7601,774.33,703.74,0.6865,794.91,703.08,0.6819,794.24,750.21,0.6781,804.20,761.49,0.7301,794.24,801.32,0.6866,786.94,818.58,0.7863
30,top,1,928.15,375.26,998.86,590.99,964.04,392.53,0.8796,968.25,388.32,0.8512,960.88,388.32,0.9046,976.68,390.95,0.8511,957.19,392.53,0.7884,988.79,412.02,0.8298,948.23,415.18,0.7999,989.32,437.83,0.7498,939.28,437.30,0.7645,988.26,456.79,0.7138,934.01,456.27,0.7628,983.00,475.75,0.6589,963.51,476.28,0.6463,977.73,519.47,0.7232,966.67,520.52,0.6346,974.04,564.24,0.8014,986.16,540.01,0.7362
30,bottom,0,736.22,580.73,858.89,852.36,799.55,599.83,0.7484,800.87,597.17,0.5079,800.87,596.51,0.5187,789.60,601.82,0.7488,808.17,601.82,0.7460,773.68,628.34,0.7252,817.45,626.35,0.7969,741.19,653.54,0.8369,840.66,662.83,0.7530,770.37,670.78,0.6152,850.61,661.50,0.7559,774.35,703.28,0.6875,794.91,702.62,0.6811,794.24,750.36,0.6771,804.19,761.64,0.7302,794.24,801.43,0.6886,786.95,818.67,0.7851
31,top,1,927.46,375.26,998.59,591.05,964.07,392.54,0.8901,968.29,388.33,0.8595,960.39,388.33,0.9110,976.72,390.96,0.8689,956.70,392.54,0.7835,988.84,412.03,0.8355,948.27,415.20,0.8009,988.84,437.32,0.7559,938.79,437.32,0.7701,987.78,456.29,0.7184,933.52,456.81,0.7610,983.04,476.83,0.6603,963.55,477.36,0.6448,977.25,520.56,0.7233,966.18,521.09,0.6415,974.08,564.81,0.8047,985.67,539.00,0.7445
31,bottom,0,736.16,580.94,858.46,852.24,799.96,600.02,0.7499,800.62,597.37,0.5025,801.28,596.71,0.5199,789.36,602.01,0.7563,808.57,602.01,0.7595,773.46,628.50,0.7281,817.18,626.51,0.7982,741.01,653.67,0.8356,839.70,662.94,0.7534,770.15,670.89,0.6145,849.63,662.94,0.7306,774.13,703.35,0.6864,794.66,703.35,0.6844,794.00,750.37,0.6808,803.93,761.63,0.7351,794.66,801.37,0.6951,786.71,818.59,0.7874
32,top,1,927.58,374.97,998.08,590.72,963.36,392.25,0.9091,967.57,388.04,0.8646,960.20,388.04,0.9170,976.53,390.67,0.8691,956.51,392.25,0.7888,988.64,412.27,0.8367,948.08,414.90,0.8038,988.64,437.02,0.7526,938.60,437.55,0.7673,987.59,455.46,0.7253,933.33,456.51,0.7612,982.85,477.58,0.6664,963.36,478.11,0.6503,977.05,521.30,0.7288,966.52,522.35,0.6540,973.89,565.02,0.8178,984.95,539.21,0.7476
32,bottom,0,736.14,581.14,858.17,851.92,799.80,600.18,0.7460,801.12,597.54,0.5028,801.12,596.88,0.5135,789.22,602.17,0.7476,808.39,602.17,0.7488,773.36,628.61,0.7279,817.65,626.63,0.7975,740.96,654.39,0.8327,838.80,663.65,0.7455,770.05,671.58,0.6171,850.04,663.65,0.7073,774.68,703.31,0.6857,795.17,703.31,0.6787,794.51,750.25,0.6763,803.77,761.49,0.7317,795.17,801.15,0.6914,786.58,819.00,0.7838
33,top,1,926.91,375.02,998.01,590.57,963.51,392.28,0.9118,967.72,387.54,0.8634,959.83,388.07,0.9231,976.14,390.70,0.8688,956.15,391.75,0.7950,988.25,412.27,0.8319,947.73,414.91,0.8036,988.25,437.54,0.7448,938.25,437.54,0.7662,986.67,455.95,0.7137,932.99,455.95,0.7580,982.46,478.06,0.6634,962.99,479.11,0.6462,977.20,521.74,0.7267,966.15,522.26,0.6484,974.04,565.42,0.8202,984.56,539.10,0.7477
33,bottom,0,736.14,581.34,857.92,851.19,799.66,600.32,0.7398,800.32,597.02,0.5054,800.32,597.02,0.5087,789.78,602.29,0.7399,808.23,602.29,0.7284,773.31,628.65,0.7256,818.11,627.33,0.7929,741.03,654.34,0.8293,838.53,664.22,0.7387,770.02,671.47,0.6166,849.73,664.88,0.6860,774.63,703.75,0.6851,795.05,703.09,0.6758,794.39,750.53,0.6762,804.27,761.72,0.7290,795.05,801.25,0.6886,787.15,819.70,0.7758
34,top,1,926.24,374.89,998.02,590.50,963.18,391.63,0.9205,967.92,387.42,0.8615,960.03,387.42,0.9320,976.34,390.05,0.8807,956.34,391.63,0.7984,987.92,411.63,0.8376,947.39,414.79,0.8047,987.92,436.90,0.7518,937.92,437.42,0.7705,986.34,455.32,0.7245,932.65,456.37,0.7667,982.66,477.96,0.6618,962.66,478.48,0.6459,977.40,521.64,0.7292,965.82,522.70,0.6600,974.24,565.33,0.8194,984.24,539.02,0.7521
34,bottom,0,736.07,581.46,857.77,851.83,799.56,601.13,0.7435,800.88,597.83,0.5145,800.22,597.17,0.5147,789.66,602.45,0.7370,808.14,602.45,0.7274,773.82,628.86,0.7292,818.04,627.54,0.7933,741.47,654.60,0.8266,839.16,664.50,0.7337,769.20,672.42,0.6197,849.73,665.82,0.6941,774.48,703.45,0.6870,794.94,703.45,0.6772,794.28,750.97,0.6742,804.18,761.53,0.7307,794.94,801.14,0.6915,787.02,818.96,0.7809
35,top,1,925.77,374.43,997.92,590.35,962.90,391.19,0.9213,967.12,386.97,0.8643,959.74,386.97,0.9351,976.08,389.61,0.8770,956.05,391.19,0.7975,987.68,411.22,0.8393,947.09,414.91,0.8047,987.68,436.53,0.7598,937.60,437.05,0.7783,986.63,454.45,0.7409,931.80,456.03,0.7666,981.88,478.70,0.6702,962.90,479.23,0.6533,977.66,521.93,0.7277,965.54,522.46,0.6522,974.50,565.16,0.8198,983.99,538.27,0.7414
35,bottom,0,735.94,581.55,857.84,851.70,800.19,601.21,0.7352,801.51,597.91,0.5228,800.85,597.25,0.5214,789.64,603.18,0.7325,808.10,603.18,0.7298,773.81,629.57,0.7316,818.00,628.25,0.7906,741.49,654.63,0.8278,839.10,665.84,0.7293,769.19,672.44,0.6202,848.99,666.50,0.6906,774.47,704.09,0.6872,795.57,703.44,0.6787,794.25,750.92,0.6751,804.15,762.13,0.7326,795.57,801.05,0.6932,786.34,820.17,0.7827
36,top,1,925.20,373.93,998.06,590.30,962.69,390.73,0.9351,967.44,386.50,0.8611,959.52,386.50,0.9364,975.89,389.14,0.8905,955.82,390.73,0.8070,987.51,411.33,0.8396,947.37,413.97,0.8032,987.51,436.16,0.7582,937.33,436.68,0.7781,986.46,454.64,0.7355,931.52,455.70,0.7648,981.70,478.41,0.6729,962.16,479.47,0.6564,978.01,522.26,0.7350,965.33,522.79,0.6716,974.31,565.57,0.8220,983.29,537.58,0.7358
36,bottom,0,735.86,581.87,857.27,851.13,799.85,602.12,0.7470,801.16,598.18,0.5265,801.16,598.18,0.5176,789.33,603.43,0.7385,808.40,603.43,0.7369,773.56,629.73,0.7358,818.26,629.07,0.7909,742.00,655.37,0.8300,839.29,666.54,0.7349,768.95,672.46,0.6219,849.15,667.86,0.7004,774.87,704.67,0.6895,795.25,704.01,0.6841,794.59,751.34,0.6837,803.79,762.52,0.7344,794.59,801.30,0.6944,786.05,820.37,0.7818
37,top,1,925.16,373.65,998.08,590.18,962.68,390.46,0.9421,966.91,386.23,0.8687,959.51,386.23,0.9430,975.90,389.41,0.8887,955.81,390.46,0.8057,987.53,411.08,0.8375,946.82,413.72,0.8004,987.53,435.93,0.7572,936.78,435.93,0.7795,986.47,454.43,0.7361,930.96,455.49,0.7660,981.71,478.22,0.6685,962.15,478.75,0.6526,978.01,522.09,0.7344,964.79,522.62,0.6870,974.31,565.44,0.8186,983.30,537.42,0.7324
37,bottom,0,736.04,582.28,857.18,848.48,800.51,602.29,0.7431,801.81,598.39,0.5206,801.16,598.39,0.5137,789.46,603.59,0.7270,808.31,604.24,0.7312,773.87,629.59,0.7302,818.06,629.59,0.7842,742.02,655.59,0.8312,838.86,667.28,0.7267,769.32,672.48,0.6241,849.25,668.58,0.6787,774.52,704.98,0.6826,795.31,704.33,0.6816,794.66,751.12,0.6725,803.76,762.17,0.7250,794.66,801.16,0.6970,786.21,820.66,0.7680
38,top,1,924.35,373.33,998.17,590.04,962.85,390.16,0.9420,967.08,385.92,0.8609,959.15,385.92,0.9514,975.55,389.10,0.9002,955.44,390.68,0.8089,987.19,410.26,0.8471,946.98,413.43,0.8061,987.72,436.71,0.7455,936.40,435.66,0.7810,985.60,455.23,0.7154,930.58,455.23,0.7701,982.43,477.98,0.6726,962.85,479.04,0.6537,978.72,521.90,0.7302,964.97,522.43,0.7021,974.49,565.81,0.8135,983.48,537.24,0.7206
38,bottom,0,737.16,582.24,857.34,851.77,800.54,602.51,0.7559,801.86,599.22,0.5257,801.20,599.22,0.5267,790.01,604.49,0.7382,808.44,604.49,0.7322,773.56,630.81,0.7386,818.31,630.15,0.7959,741.98,655.81,0.8325,837.39,667.66,0.7397,769.61,672.92,0.6249,847.92,669.63,0.6727,774.88,704.51,0.6970,795.94,703.85,0.6932,794.62,751.89,0.6711,803.17,762.41,0.7247,795.28,801.24,0.6935,786.06,820.32,0.7759
39,top,1,923.27,373.51,998.70,589.99,962.57,390.31,0.9371,966.80,386.08,0.8534,959.40,386.08,0.9527,975.26,388.73,0.9031,955.70,390.84,0.8126,987.41,410.40,0.8471,946.72,413.57,0.8084,988.47,436.30,0.7042,936.15,435.24,0.7674,985.83,454.27,0.6847,929.80,454.79,0.7641,981.60,478.58,0.6676,962.57,479.11,0.6510,978.43,522.45,0.7201,964.69,522.98,0.6989,974.20,565.79,0.8122,983.19,537.25,0.7144
39,bottom,0,737.23,582.30,857.61,852.40,800.06,603.27,0.7471,801.37,599.31,0.5206,800.71,599.31,0.5216,790.16,604.59,0.7333,807.97,605.25,0.7268,773.68,630.96,0.7333,818.52,630.30,0.7954,742.02,656.02,0.8289,837.64,667.89,0.7297,769.72,673.17,0.6220,848.19,670.53,0.6842,775.00,704.82,0.6929,795.44,704.16,0.6878,794.78,751.64,0.6679,803.35,762.85,0.7205,794.78,801.76,0.6971,785.55,820.88,0.7745
40,top,1,922.89,373.26,1000.48,590.23,962.21,389.57,0.9447,966.45,385.87,0.8722,959.04,386.39,0.9318,974.93,389.04,0.8830,955.33,390.63,0.8209,986.58,408.64,0.8214,946.32,413.41,0.7857,991.88,431.95,0.7714,935.20,434.60,0.7719,984.99,453.14,0.7494,928.31,454.20,0.7612,981.28,477.51,0.6517,962.21,478.04,0.6446,978.11,522.00,0.7340,964.33,519.35,0.7075,974.40,565.97,0.7940,982.34,536.84,0.7143
40,bottom,0,737.33,582.32,857.54,853.11,800.08,603.34,0.7465,801.40,599.38,0.5249,800.74,599.38,0.5250,790.16,604.67,0.7328,808.01,605.33,0.7215,772.98,631.11,0.7355,818.59,630.45,0.7963,742.56,656.23,0.8316,838.42,668.13,0.7212,769.67,673.42,0.6236,849.00,670.78,0.6882,774.96,705.15,0.6918,795.45,704.49,0.6861,794.79,752.09,0.6649,803.39,763.33,0.7214,795.45,801.68,0.6948,785.54,820.85,0.7784
41,top,0,920.13,373.18,1004.65,590.24,961.86,389.50,0.9217,966.10,385.26,0.8757,958.68,385.79,0.9029,974.58,388.44,0.8659,954.97,390.03,0.8087,986.77,408.58,0.7924,946.49,412.82,0.7781,996.30,429.25,0.7955,934.30,431.90,0.7698,985.18,448.86,0.7619,926.88,451.51,0.7571,980.41,478.53,0.6452,961.86,479.06,0.6465,977.76,522.52,0.7425,965.04,520.40,0.7029,974.05,565.97,0.7978,982.00,537.89,0.6643
41,bottom,1,737.40,582.44,857.76,852.57,800.22,603.41,0.7362,801.54,599.45,0.5182,800.88,599.45,0.5238,790.33,604.73,0.7314,808.13,605.39,0.7217,773.18,631.11,0.7352,818.68,630.45,0.7947,742.18,656.83,0.8319,837.81,668.04,0.7132,769.22,673.32,0.6255,849.02,671.34,0.6812,774.50,704.97,0.6915,795.60,704.31,0.6841,794.28,751.80,0.6654,802.86,763.67,0.7207,794.94,801.26,0.6933,785.71,821.04,0.7748
42,top,0,918.83,373.61,1009.02,590.22,961.81,389.37,0.8841,966.04,385.14,0.8806,958.64,385.67,0.8810,974.50,388.31,0.8270,954.93,389.90,0.7978,987.19,407.35,0.7684,945.94,412.11,0.7753,1001.47,425.33,0.8151,932.72,431.15,0.7624,985.61,445.42,0.7483,925.32,449.66,0.7249,980.32,476.63,0.6236,961.28,477.16,0.6336,977.67,522.11,0.7339,963.92,518.93,0.6984,973.97,565.47,0.7860,981.90,536.91,0.6780
42,bottom,1,737.33,582.52,858.00,852.70,800.30,603.50,0.7381,801.62,600.20,0.5150,800.96,599.54,0.5209,790.41,604.81,0.7321,808.22,605.47,0.7241,773.26,631.20,0.7355,818.77,630.54,0.7953,742.26,656.93,0.8329,837.90,667.48,0.7126,769.30,674.08,0.6268,849.12,672.10,0.6806,774.58,705.08,0.6916,795.69,704.42,0.6838,794.37,751.91,0.6645,802.94,763.79,0.7205,795.03,801.38,0.6917,785.79,821.17,0.7750
43,top,0,915.15,372.38,1012.20,590.72,962.08,388.80,0.8758,966.34,384.53,0.8670,958.35,385.07,0.8670,974.34,387.20,0.8205,954.61,388.80,0.7962,987.66,406.92,0.7665,946.09,411.72,0.7686,1003.12,423.45,0.8081,931.69,430.91,0.7520,986.60,442.64,0.7180,923.16,449.03,0.7171,980.20,476.22,0.6106,961.01,476.75,0.6216,978.07,522.06,0.7392,965.27,521.53,0.7059,974.34,565.77,0.7919,982.33,539.12,0.6767
43,bottom,1,737.23,582.66,857.89,852.12,800.19,603.58,0.7329,801.51,599.64,0.5156,801.51,599.64,0.5250,789.67,604.90,0.7298,808.09,605.56,0.7258,772.56,631.21,0.7330,818.61,630.56,0.7921,742.30,656.87,0.8319,838.35,668.05,0.7054,768.61,673.97,0.6324,848.87,672.00,0.6667,774.53,704.89,0.6913,795.59,704.24,0.6832,794.27,751.60,0.6606,803.48,763.44,0.7158,794.93,800.94,0.6931,785.72,821.34,0.7691
44,top,1,915.56,372.11,1009.84,590.62,961.63,388.01,0.9008,965.90,384.28,0.8789,958.43,384.28,0.8864,973.90,387.48,0.8373,954.16,388.54,0.7932,986.70,406.68,0.7790,945.63,410.95,0.7604,1002.17,424.82,0.8231,931.76,426.42,0.6835,988.30,444.02,0.7260,922.69,439.22,0.6601,979.77,474.43,0.6055,960.56,474.97,0.6201,977.10,520.84,0.7235,964.83,519.24,0.6908,973.90,565.65,0.7796,982.97,538.98,0.6851
44,bottom,0,737.16,582.86,856.85,853.95,799.65,603.90,0.7434,800.98,599.93,0.5201,800.98,599.93,0.5223,789.72,605.23,0.7311,807.59,605.23,0.7239,772.52,631.70,0.7324,818.85,630.38,0.7904,742.73,657.51,0.8284,838.70,669.43,0.6994,769.21,674.06,0.6265,847.31,672.74,0.6626,773.84,705.83,0.6855,795.02,705.17,0.6785,794.36,752.16,0.6570,802.96,763.41,0.7158,795.02,802.46,0.6918,785.09,821.65,0.7724
45,top,1,911.99,371.70,1006.89,590.70,961.58,387.63,0.8948,965.85,383.89,0.8326,958.37,383.89,0.8976,973.87,387.10,0.8730,954.09,388.17,0.7912,985.10,407.42,0.7998,945.00,410.62,0.7547,998.47,427.73,0.8060,929.50,428.27,0.6285,988.84,446.98,0.7241,920.94,434.15,0.5654,979.22,473.71,0.6179,960.51,474.25,0.6246,977.08,520.76,0.7255,964.78,518.09,0.7012,974.41,565.68,0.7659,983.50,538.41,0.7216
45,bottom,0,736.94,583.22,854.84,855.32,799.21,603.68,0.7449,800.54,600.36,0.5239,799.88,600.36,0.5149,789.25,605.67,0.7203,807.85,605.67,0.7244,773.30,632.24,0.7315,818.48,630.25,0.7846,742.74,658.15,0.8167,836.41,667.45,0.6890,768.65,675.42,0.6250,846.38,677.42,0.6761,773.30,705.32,0.6786,795.23,705.32,0.6686,793.90,752.49,0.6616,802.53,763.78,0.7222,795.23,802.97,0.6889,784.60,821.58,0.7796
46,top,1,917.52,369.92,1003.89,590.86,961.25,387.61,0.9084,965.56,383.29,0.8632,958.01,383.29,0.9004,973.65,387.07,0.8360,953.69,387.61,0.7864,984.44,408.65,0.8036,945.60,409.72,0.7699,994.15,429.68,0.7243,931.58,425.37,0.6456,993.07,448.02,0.6227,922.41,429.14,0.5901,979.59,473.91,0.6439,961.25,474.45,0.6482,976.89,519.76,0.7097,964.48,516.53,0.6974,974.19,565.61,0.7819,984.44,539.18,0.7353
46,bottom,0,736.77,583.55,852.10,855.81,799.09,604.02,0.7620,799.75,600.70,0.5377,799.09,600.70,0.5168,789.78,606.01,0.7204,807.06,606.01,0.7177,773.16,632.60,0.7364,819.69,631.27,0.7877,742.59,659.86,0.8132,836.31,668.50,0.7357,767.85,677.14,0.6302,843.62,680.46,0.6983,773.83,706.38,0.6900,795.10,706.38,0.6762,793.77,752.25,0.6479,801.08,764.21,0.7085,794.43,801.44,0.6910,783.13,823.37,0.7669
47,top,1,922.00,370.20,1005.33,591.15,960.97,386.82,0.9088,965.28,383.04,0.9189,957.73,383.04,0.8927,972.83,386.82,0.8280,953.41,387.35,0.8387,982.54,410.01,0.8098,945.32,408.93,0.7799,992.25,433.75,0.7223,933.46,424.58,0.6587,996.03,450.47,0.6546,922.67,426.19,0.6417,978.77,474.74,0.6450,960.97,475.28,0.6511,977.15,519.52,0.7164,965.82,517.36,0.6708,974.45,564.83,0.7991,986.32,539.47,0.7234
47,bottom,0,736.27,584.56,850.45,856.91,798.68,605.04,0.7581,798.68,601.71,0.5601,798.68,601.71,0.5260,788.71,607.03,0.7373,806.00,607.03,0.7344,772.09,633.63,0.7493,819.96,632.97,0.7993,742.83,660.89,0.8274,836.58,672.20,0.7455,766.77,678.18,0.6472,842.57,685.49,0.7065,774.08,708.10,0.7079,796.02,707.44,0.6891,794.69,753.98,0.6315,798.68,765.95,0.6990,790.04,802.52,0.6703,781.40,824.46,0.7487
48,top,1,920.90,370.29,1005.95,590.60,960.20,386.86,0.9094,965.04,383.09,0.9215,956.97,383.09,0.8898,972.03,386.86,0.8388,953.21,387.40,0.8584,981.18,409.99,0.8216,945.14,408.37,0.7926,990.32,434.73,0.7316,934.38,424.51,0.6833,996.24,455.17,0.6488,924.70,425.58,0.6669,978.49,473.45,0.6447,960.74,473.99,0.6471,976.87,518.63,0.7152,966.12,517.02,0.6772,974.72,564.89,0.7952,988.17,540.15,0.7378
48,bottom,0,736.82,583.99,845.17,856.65,797.65,605.16,0.7679,798.32,601.16,0.5673,798.32,601.83,0.5169,787.67,606.49,0.7433,804.97,607.16,0.7151,771.02,633.78,0.7536,819.62,633.78,0.7992,742.40,661.74,0.8256,834.26,671.73,0.7544,765.70,679.05,0.6537,840.25,686.37,0.7282,775.02,706.34,0.7000,796.98,706.34,0.6812,790.99,754.27,0.6557,798.32,765.59,0.7021,785.67,802.86,0.6627,781.01,824.16,0.7246
49,top,1,920.97,369.97,1002.49,591.43,959.56,386.62,0.9258,963.89,382.84,0.9161,956.32,382.84,0.8892,970.92,386.62,0.8407,952.00,387.16,0.8630,979.57,410.41,0.8251,944.97,408.25,0.8085,990.38,437.99,0.7611,934.69,424.47,0.6822,995.79,464.48,0.6706,926.58,425.55,0.6809,977.95,475.30,0.6522,960.65,475.30,0.6482,976.33,518.55,0.7359,968.22,516.39,0.6717,974.70,565.59,0.8015,989.84,541.80,0.7450
49,bottom,0,736.27,583.22,845.05,854.96,796.63,602.33,0.7449,796.63,598.35,0.5717,796.63,599.01,0.5080,786.02,604.32,0.7508,804.59,604.32,0.7125,770.76,632.18,0.7590,819.85,632.84,0.8068,742.23,660.71,0.8253,834.45,671.99,0.7724,765.45,677.96,0.6724,839.09,685.25,0.7042,776.07,704.49,0.7124,800.61,704.49,0.6893,786.68,754.91,0.7136,800.61,765.53,0.7485,785.35,802.68,0.6466,784.69,817.28,0.7502
50,top,1,924.09,369.93,1001.23,591.86,958.32,386.62,0.9104,962.66,382.83,0.9385,955.07,382.83,0.8883,970.24,387.16,0.8473,950.74,387.16,0.8780,978.91,411.54,0.8305,944.24,407.75,0.8232,989.21,438.63,0.7765,935.02,425.63,0.6658,994.62,465.18,0.7225,927.98,428.88,0.6132,978.91,475.48,0.6700,961.03,476.02,0.6614,976.20,518.28,0.7620,969.70,516.65,0.6613,975.66,564.88,0.8038,991.37,543.74,0.7513
50,bottom,0,735.96,579.32,845.95,852.65,796.30,599.20,0.7073,795.63,595.20,0.5303,796.30,595.87,0.4705,785.62,601.20,0.7212,803.64,600.54,0.6933,769.60,629.90,0.7382,820.32,630.57,0.7853,741.57,657.93,0.8012,833.67,668.60,0.7434,764.26,673.94,0.6554,839.67,681.28,0.6487,777.61,701.30,0.6841,802.97,701.30,0.6628,784.95,754.02,0.7256,806.30,763.36,0.7294,785.62,804.07,0.6199,788.95,807.41,0.7530
51,top,1,926.29,371.87,1001.01,591.43,956.68,387.84,0.8597,961.51,384.63,0.8815,953.47,384.63,0.8777,968.48,387.84,0.8417,949.71,388.38,0.8731,977.59,411.96,0.8136,943.82,407.68,0.8110,988.85,440.91,0.7761,930.95,433.94,0.6875,993.67,468.78,0.7412,937.39,422.68,0.4835,975.98,475.22,0.6565,960.44,476.29,0.6592,975.44,518.10,0.7500,970.62,517.03,0.6524,975.44,564.20,0.7939,992.06,544.90,0.7436
51,bottom,0,734.29,577.15,850.43,844.28,795.62,596.58,0.6696,793.66,592.67,0.4692,796.92,592.67,0.4388,785.18,598.54,0.7184,804.10,598.54,0.7074,769.53,626.58,0.7325,820.40,629.19,0.7837,739.53,653.32,0.8009,836.71,667.67,0.7391,757.79,665.06,0.6269,842.58,672.89,0.5924,778.66,700.28,0.6668,805.40,700.93,0.6497,782.57,753.11,0.7334,809.97,761.58,0.7619,786.49,803.98,0.6944,794.97,800.06,0.7489
52,top,1,927.03,372.79,1002.83,589.42,955.41,389.60,0.8519,959.64,385.90,0.8607,952.24,386.43,0.8966,967.05,389.08,0.8911,948.01,390.13,0.8384,976.57,414.46,0.8151,942.19,409.17,0.8022,988.20,445.14,0.7838,933.20,431.92,0.6198,991.90,473.17,0.7415,932.14,434.03,0.5679,974.45,474.75,0.6368,960.17,475.28,0.6410,970.75,517.59,0.7295,971.81,514.42,0.6029,973.92,565.19,0.7777,992.43,545.63,0.7640
52,bottom,0,731.86,573.46,855.31,831.57,796.11,594.76,0.6712,794.22,589.72,0.4428,798.63,589.72,0.4518,785.39,596.02,0.7208,804.30,596.02,0.7156,770.27,623.11,0.7431,821.31,626.27,0.7876,737.50,647.69,0.8117,838.33,662.81,0.7816,750.73,655.25,0.6893,847.78,664.71,0.6434,780.35,699.36,0.6830,807.45,699.99,0.6646,782.24,752.30,0.7792,812.49,757.97,0.7597,784.76,803.34,0.7842,801.15,791.37,0.7422
53,top,1,924.78,375.53,1002.20,584.56,953.79,391.76,0.8643,957.88,388.19,0.8483,950.22,388.19,0.8978,965.02,390.74,0.8882,946.14,391.76,0.8262,975.74,416.25,0.8144,939.50,410.13,0.8249,985.94,446.36,0.7968,931.34,431.05,0.6716,990.03,478.00,0.7252,928.28,441.26,0.6791,972.68,473.92,0.6540,959.41,474.43,0.6295,967.06,516.28,0.7249,972.68,513.73,0.6374,971.15,564.25,0.7777,991.56,544.86,0.7893
53,bottom,0,731.88,570.78,861.89,824.87,797.51,590.50,0.6761,796.89,585.54,0.4212,799.37,586.16,0.4491,786.96,592.37,0.6950,806.19,592.37,0.7064,772.07,619.04,0.7182,822.32,622.14,0.7607,738.58,641.37,0.7338,839.69,656.26,0.7927,746.64,645.71,0.6203,850.24,651.30,0.6962,782.00,695.34,0.6609,809.29,695.34,0.6542,782.00,749.93,0.7644,814.88,749.93,0.7543,785.72,802.66,0.7743,806.19,785.29,0.7376
54,top,1,918.57,376.14,1001.59,582.02,952.54,393.13,0.8533,956.56,389.11,0.8556,949.02,389.61,0.8628,962.59,392.13,0.8751,944.50,392.63,0.8500,974.15,417.26,0.8116,936.45,412.23,0.8453,984.20,447.41,0.7838,925.40,437.86,0.7540,987.72,478.58,0.7180,925.90,454.45,0.7691,971.64,473.05,0.6662,958.57,474.05,0.6421,965.10,515.27,0.7369,971.64,513.76,0.6899,966.61,564.53,0.8081,992.25,546.43,0.7961
54,bottom,0,732.48,566.45,865.17,824.34,798.83,587.10,0.7157,798.83,582.69,0.4444,800.09,582.69,0.4472,788.75,588.99,0.7121,808.27,588.99,0.7174,773.64,614.80,0.7290,824.01,618.58,0.7652,740.90,635.58,0.7053,841.01,648.80,0.8023,742.16,634.32,0.6090,851.71,640.61,0.7697,783.72,691.61,0.6613,811.42,690.98,0.6636,781.20,747.65,0.7800,816.46,742.61,0.7306,785.60,802.43,0.8009,810.79,782.28,0.7526
55,top,1,915.06,378.31,1002.02,578.41,950.24,394.33,0.8738,954.15,390.42,0.8418,946.33,390.42,0.8814,960.50,393.35,0.8900,941.93,393.84,0.8525,972.71,417.78,0.8112,933.14,412.41,0.8478,982.97,448.07,0.7831,921.90,438.30,0.7644,987.86,479.33,0.7288,920.44,461.75,0.7002,969.78,471.03,0.6676,956.59,472.01,0.6404,960.99,512.06,0.7624,970.76,512.55,0.6999,962.45,562.87,0.8101,992.25,546.75,0.7954
55,bottom,0,734.35,563.83,862.77,823.44,801.09,583.35,0.6661,801.09,578.91,0.4644,802.99,579.54,0.4392,790.32,584.61,0.7026,809.97,585.88,0.7034,775.11,611.23,0.7091,825.81,615.04,0.7562,745.95,628.98,0.6398,842.29,641.02,0.8000,742.78,629.62,0.5956,852.43,628.35,0.7427,785.88,688.56,0.6451,813.13,687.29,0.6512,780.81,744.97,0.7685,817.57,734.19,0.7177,786.51,801.38,0.8144,818.21,782.36,0.7627
56,top,1,911.51,377.70,1001.93,577.90,947.92,393.73,0.8716,951.34,390.31,0.8288,944.01,390.31,0.8637,957.70,393.25,0.8874,939.12,393.25,0.8597,970.89,417.68,0.8098,929.35,412.31,0.8580,981.16,447.99,0.7798,919.08,435.77,0.7729,988.00,478.29,0.7253,914.69,461.67,0.7443,967.96,470.96,0.6895,954.76,471.94,0.6580,957.70,512.02,0.7892,969.92,512.51,0.7294,958.67,560.40,0.8348,992.40,547.21,0.8047
56,bottom,0,730.13,559.08,861.36,822.31,804.10,581.45,0.6914,802.81,576.95,0.4907,806.67,578.23,0.4787,793.82,582.73,0.7152,812.45,584.02,0.7109,778.39,608.44,0.7217,825.95,611.65,0.7829,748.19,626.43,0.6223,840.73,633.50,0.8137,739.19,629.64,0.6583,849.08,620.00,0.7693,788.67,685.55,0.6551,816.31,683.63,0.6741,780.96,742.10,0.7876,818.88,729.25,0.7561,785.46,800.58,0.8368,825.30,781.31,0.8073
57,top,1,903.85,378.73,1002.27,576.15,944.86,395.02,0.8743,948.72,391.16,0.8392,941.01,391.16,0.8628,954.99,394.54,0.8890,936.19,394.06,0.8680,967.52,417.67,0.8009,925.10,412.37,0.8664,979.09,445.63,0.7588,915.46,434.54,0.7996,988.72,474.06,0.7019,909.20,460.57,0.7868,966.07,469.73,0.6946,952.58,471.17,0.6581,955.47,511.18,0.8026,968.00,510.70,0.7256,955.95,560.34,0.8393,992.10,546.36,0.7927
57,bottom,0,727.55,558.01,854.04,822.89,807.61,578.58,0.6739,803.08,575.34,0.5471,812.13,575.99,0.5351,796.61,580.52,0.7607,816.66,581.81,0.7358,781.74,607.03,0.7689,829.59,609.62,0.7955,752.00,625.78,0.6324,838.00,625.14,0.7988,739.06,629.66,0.6707,844.47,612.20,0.7422,791.44,684.63,0.6983,818.60,683.34,0.7255,781.09,740.24,0.8030,819.89,726.02,0.7829,785.62,800.38,0.8297,831.53,778.40,0.8326
58,top,1,901.60,378.58,1001.15,578.81,940.62,395.60,0.8986,944.53,391.69,0.8321,937.20,391.69,0.8759,950.88,394.62,0.8916,932.31,394.62,0.8540,964.08,417.59,0.8059,921.06,411.73,0.8914,976.79,443.99,0.7742,912.75,432.26,0.7840,990.48,470.39,0.7349,905.42,454.74,0.7980,961.64,469.90,0.7047,947.95,471.85,0.6782,952.84,511.94,0.7955,964.57,510.47,0.7356,955.28,560.33,0.8452,991.46,545.18,0.7945
58,bottom,0,727.89,557.18,846.55,823.10,808.64,577.18,0.7614,805.40,573.93,0.5833,812.54,573.93,0.6412,798.91,579.12,0.7630,819.03,579.77,0.8000,785.27,606.39,0.7920,831.37,607.04,0.8369,756.71,627.81,0.6843,831.37,613.53,0.5968,736.58,629.76,0.7073,834.61,603.14,0.3690,795.01,683.65,0.7382,821.63,682.35,0.7509,782.03,740.13,0.7967,821.63,723.25,0.7903,785.27,799.21,0.8354,834.61,768.69,0.8043
59,top,1,895.62,378.27,999.15,579.71,936.07,395.39,0.9054,940.01,391.45,0.8408,933.12,391.45,0.8844,946.89,394.40,0.8915,928.21,394.90,0.8570,960.66,417.52,0.7903,917.39,410.14,0.8951,974.93,442.60,0.7835,910.01,428.34,0.7254,991.65,465.71,0.7502,903.12,450.96,0.7914,956.73,469.65,0.7113,943.94,471.12,0.6792,950.34,514.40,0.7793,959.68,510.47,0.7268,955.25,560.63,0.8433,986.73,540.96,0.7786
59,bottom,0,728.30,556.83,848.17,821.90,810.24,576.77,0.7320,807.65,574.18,0.5558,814.77,573.53,0.6138,802.47,578.71,0.7381,823.83,579.35,0.7821,791.47,607.18,0.7851,834.18,607.18,0.8527,764.94,629.83,0.7044,823.18,627.24,0.5378,739.05,631.13,0.7307,799.89,624.01,0.4219,797.30,684.19,0.7270,823.83,683.54,0.7240,782.41,739.84,0.7783,825.12,723.02,0.7621,785.65,797.44,0.8318,834.83,763.79,0.8138
60,top,1,893.54,378.43,999.13,579.53,931.11,395.52,0.9048,935.04,391.59,0.8421,927.68,392.08,0.8790,941.42,394.54,0.8583,922.77,395.03,0.8336,954.68,416.63,0.7663,913.93,409.75,0.8786,971.37,441.18,0.7307,906.57,429.88,0.7257,990.03,459.34,0.7371,901.17,451.00,0.7572,951.24,467.20,0.6975,936.52,468.67,0.6864,944.86,512.36,0.7078,953.70,511.38,0.7172,953.70,560.48,0.8213,978.74,537.89,0.7724
60,bottom,0,727.65,557.70,850.83,819.71,813.55,578.68,0.7605,813.55,574.84,0.5846,816.74,574.84,0.6386,807.15,579.96,0.7288,827.62,580.60,0.8382,795.64,609.39,0.8134,835.29,608.11,0.8735,772.61,633.69,0.7069,823.78,629.86,0.5546,742.54,633.69,0.7597,801.39,626.66,0.4456,803.31,686.79,0.7408,828.90,686.15,0.7543,782.84,741.16,0.8105,826.34,723.25,0.7936,787.32,798.09,0.8449,839.77,766.74,0.8404
61,top,1,893.30,380.23,999.44,579.19,925.97,397.62,0.8580,929.86,393.25,0.8764,922.09,393.73,0.8502,936.66,396.16,0.8600,918.20,396.65,0.8346,951.23,418.51,0.7338,910.43,410.73,0.8450,967.74,441.34,0.6935,904.11,429.19,0.6788,987.66,457.36,0.6873,899.26,450.56,0.7356,947.83,466.59,0.6640,933.26,468.05,0.6676,935.20,507.88,0.6576,941.52,513.71,0.5582,951.72,556.45,0.7388,968.72,531.68,0.6469
61,bottom,0,728.46,559.18,852.17,819.70,818.94,579.40,0.7788,818.30,575.59,0.5792,819.58,575.59,0.6327,811.94,581.31,0.6991,831.02,582.58,0.8422,801.13,609.93,0.8051,836.75,608.66,0.8648,778.87,636.01,0.7137,822.76,626.47,0.5720,745.16,635.38,0.7699,803.67,608.66,0.4324,808.76,687.53,0.7339,833.57,686.26,0.7684,785.23,739.69,0.8103,825.94,721.24,0.8149,790.32,796.93,0.8455,839.29,767.04,0.8484
62,top,1,889.88,384.62,996.21,579.56,920.68,400.71,0.8412,924.49,396.42,0.8512,916.87,396.90,0.8533,931.15,399.28,0.8587,912.59,400.23,0.8035,946.85,422.12,0.7128,906.40,414.51,0.8411,963.51,444.49,0.6887,901.16,435.45,0.7233,983.98,460.20,0.6905,894.98,460.67,0.7166,945.90,466.86,0.6334,929.72,467.34,0.6384,930.20,506.84,0.6518,921.15,507.32,0.7012,947.81,555.38,0.7311,955.90,531.11,0.7053
62,bottom,0,730.74,558.17,852.92,818.73,822.36,577.76,0.7505,822.36,574.58,0.5551,823.64,573.94,0.6134,816.00,580.30,0.6936,833.81,581.58,0.7976,804.55,608.29,0.7982,836.99,607.02,0.8585,786.74,636.28,0.7102,817.27,610.84,0.6316,749.21,636.92,0.7295,798.83,593.66,0.6668,812.82,686.54,0.7460,836.36,685.27,0.7810,789.92,737.43,0.8157,826.18,720.25,0.8088,795.01,794.68,0.8601,839.54,766.69,0.8531
63,top,1,885.25,387.83,992.33,582.52,915.02,403.90,0.8761,919.30,400.10,0.8874,911.22,400.57,0.8738,925.95,402.47,0.8964,906.94,403.42,0.7850,939.74,424.81,0.7225,901.71,419.58,0.8560,956.85,448.58,0.6683,896.96,440.50,0.7872,978.24,464.26,0.6683,890.31,464.26,0.7672,943.06,468.54,0.6286,926.43,468.54,0.6600,927.38,509.41,0.7277,913.60,506.09,0.8330,938.79,557.90,0.7580,939.74,536.03,0.6270
63,bottom,0,734.52,554.56,852.98,817.54,822.64,574.98,0.7402,822.64,571.13,0.5685,825.21,571.13,0.6219,818.79,577.55,0.7041,835.48,578.83,0.7620,807.87,605.16,0.7921,838.05,604.51,0.8626,792.46,635.33,0.7416,814.29,612.22,0.6389,753.94,640.47,0.7154,792.46,596.81,0.6589,814.94,682.84,0.7416,838.05,682.20,0.7812,793.75,736.13,0.8079,827.78,720.08,0.7974,801.45,793.27,0.8569,839.98,766.95,0.8550
64,top,1,876.97,393.27,986.11,584.29,909.62,409.50,0.8941,913.82,405.30,0.8963,906.36,405.77,0.8809,920.81,408.10,0.8875,901.69,409.03,0.7690,934.34,430.48,0.7613,896.56,425.35,0.8789,952.52,455.20,0.6536,891.43,443.08,0.7422,973.51,475.25,0.6841,884.44,462.66,0.6935,939.47,471.06,0.6518,923.14,470.59,0.7209,924.54,512.56,0.7452,910.55,509.30,0.8287,927.34,561.06,0.8099,932.94,539.61,0.7075
64,bottom,0,738.36,551.14,853.51,815.05,824.28,570.99,0.7652,824.28,567.12,0.5969,826.21,566.48,0.6495,821.06,573.57,0.7128,837.17,574.21,0.7629,809.46,600.63,0.7979,839.10,599.98,0.8843,797.22,633.49,0.7476,812.68,617.38,0.6624,757.92,643.15,0.7266,791.42,601.92,0.6578,817.84,680.52,0.7652,840.39,679.23,0.8070,796.57,734.00,0.8168,828.15,717.89,0.8144,808.17,792.63,0.8622,840.39,766.86,0.8741
65,top,1,867.67,400.81,969.80,585.78,904.28,416.07,0.9101,908.35,412.46,0.8364,901.57,412.01,0.8366,915.57,415.17,0.8132,897.51,415.62,0.6904,925.96,435.49,0.7866,891.64,431.43,0.8909,943.12,458.97,0.6603,882.15,448.13,0.8250,961.64,481.10,0.6779,873.12,463.94,0.7573,935.89,477.94,0.6873,918.73,477.94,0.7520,920.54,512.71,0.7935,906.54,513.62,0.7831,917.83,563.29,0.8280,932.28,539.81,0.7315
65,bottom,0,744.63,547.88,854.03,813.44,824.61,566.55,0.7684,824.61,563.31,0.6071,826.56,562.66,0.6612,820.08,569.79,0.7035,836.28,569.15,0.7461,811.00,596.37,0.7952,839.53,596.37,0.8712,801.92,631.38,0.7686,816.83,619.07,0.6380,763.02,646.30,0.7434,790.25,612.58,0.6866,820.72,676.12,0.7348,841.47,674.17,0.7881,801.28,731.88,0.8127,829.80,716.32,0.8014,812.95,790.87,0.8505,840.17,765.59,0.8618
66,top,3,853.14,404.53,950.93,583.95,899.41,421.53,0.9240,903.35,418.02,0.7994,896.34,417.58,0.7955,911.23,421.09,0.7937,892.83,420.65,0.6503,922.62,443.43,0.8059,886.70,435.54,0.8238,939.27,470.15,0.7443,872.68,449.56,0.8023,957.67,495.99,0.7097,859.98,460.07,0.7873,931.82,483.73,0.7874,914.30,482.85,0.7695,915.18,515.71,0.7794,903.35,515.27,0.7680,912.98,565.64,0.8258,930.51,540.24,0.7860
66,bottom,0,750.97,545.28,854.55,814.39,825.10,564.20,0.7633,824.44,560.91,0.6107,828.39,560.26,0.6526,821.16,566.83,0.7045,836.27,566.83,0.7553,812.62,594.42,0.8153,840.21,593.76,0.8681,804.73,630.56,0.8017,819.19,619.39,0.6206,769.26,649.61,0.7724,790.94,621.36,0.6494,822.47,674.58,0.7314,842.18,673.26,0.7791,806.05,731.08,0.8250,831.67,717.28,0.7982,818.53,790.21,0.8448,840.87,765.24,0.8491
67,top,3,838.80,408.41,947.24,585.75,895.18,424.34,0.8543,899.51,420.45,0.7545,892.15,420.45,0.8031,906.87,423.48,0.7895,888.26,423.48,0.6242,918.56,446.86,0.7917,882.19,437.33,0.7336,934.15,474.13,0.6482,869.64,444.69,0.6314,948.00,499.25,0.5375,851.45,452.92,0.6337,927.66,486.69,0.7391,910.34,485.82,0.7031,909.47,517.00,0.7481,904.71,518.73,0.6221,911.64,566.35,0.7726,931.55,542.11,0.7812
67,bottom,0,755.26,544.45,856.25,817.34,827.07,562.98,0.7652,827.07,560.31,0.5850,829.07,558.98,0.6275,821.74,566.97,0.6625,835.73,565.64,0.7415,813.75,594.29,0.8124,840.40,593.62,0.8389,807.75,630.26,0.7617,821.74,622.93,0.6293,774.44,652.91,0.7273,791.76,629.60,0.6512,825.08,673.57,0.7110,843.06,670.90,0.7498,809.09,730.86,0.8071,832.40,716.20,0.7621,825.08,788.16,0.8296,841.06,764.84,0.8030
68,top,3,844.13,405.76,944.28,588.33,891.09,423.06,0.8637,895.10,419.04,0.7547,888.41,419.04,0.8018,902.67,422.16,0.7874,883.95,422.16,0.6801,913.37,447.57,0.7719,879.05,435.98,0.7125,928.53,476.99,0.7061,867.02,437.76,0.5660,937.89,505.96,0.6274,852.31,440.88,0.5891,921.39,488.58,0.7516,905.35,488.13,0.6703,904.90,522.45,0.7564,912.93,521.56,0.6231,911.14,567.03,0.7719,932.98,542.06,0.7752
68,bottom,0,758.00,545.09,856.63,818.14,827.98,564.29,0.7704,827.98,560.95,0.5897,829.31,560.29,0.6100,821.98,567.62,0.6545,835.31,566.95,0.7398,814.65,596.29,0.8348,841.31,594.29,0.8179,811.98,633.62,0.7970,838.65,628.28,0.5682,779.32,655.62,0.7676,804.65,638.95,0.3923,827.31,674.28,0.7134,844.65,672.28,0.7478,812.65,732.94,0.7994,831.98,717.61,0.7336,832.65,788.94,0.7958,841.31,766.27,0.7767
69,top,5,870.66,402.21,943.86,588.49,886.34,419.40,0.8459,890.43,415.31,0.8233,883.61,415.31,0.8168,898.16,418.49,0.7940,879.52,418.04,0.6240,905.90,443.51,0.7267,876.79,433.50,0.6715,917.72,471.70,0.5801,856.78,432.14,0.2917,925.91,497.17,0.3727,892.71,429.41,0.2369,913.17,488.53,0.6046,903.62,488.53,0.5428,901.80,528.10,0.6846,917.27,523.09,0.5055,910.90,568.57,0.7384,932.27,540.38,0.6313
69,bottom,0,763.23,547.12,858.89,820.37,827.07,566.33,0.7859,827.74,563.66,0.5877,828.41,562.33,0.5939,821.74,569.67,0.6699,835.08,569.00,0.6989,816.40,599.02,0.8410,841.08,596.35,0.7816,815.06,637.05,0.8147,839.08,631.04,0.5597,784.38,658.39,0.7171,810.39,649.72,0.4017,830.41,676.41,0.7177,845.08,675.07,0.7290,816.40,735.11,0.7892,831.74,719.10,0.6507,839.75,789.82,0.7489,840.41,766.47,0.7683
70,top,3,815.08,398.29,942.56,590.41,881.16,415.08,0.8752,885.39,411.33,0.7675,878.35,410.86,0.8151,893.36,414.14,0.8108,874.60,413.67,0.6139,901.33,443.22,0.7875,870.84,428.21,0.7329,911.65,475.12,0.6885,850.67,429.15,0.6513,916.34,509.83,0.6438,834.26,426.81,0.7623,907.43,486.85,0.6797,898.05,486.38,0.5636,893.83,534.22,0.7813,913.06,522.49,0.6277,909.78,569.87,0.8097,930.41,544.07,0.7186
70,bottom,0,765.29,550.62,861.36,824.54,828.04,569.88,0.8405,828.04,567.20,0.6151,828.04,565.86,0.5906,821.35,572.55,0.7003,835.39,572.55,0.7117,817.34,603.31,0.8467,842.08,599.30,0.7916,818.00,641.43,0.8153,839.41,634.75,0.5759,785.90,664.84,0.7467,811.99,657.49,0.4563,834.05,678.22,0.7128,846.76,676.21,0.7236,820.01,737.07,0.7741,830.71,722.36,0.5889,846.09,789.90,0.7463,839.41,767.83,0.6668
71,top,3,815.60,393.85,942.57,590.06,876.21,411.96,0.8934,880.52,408.12,0.7829,873.34,408.12,0.8437,888.19,411.00,0.7438,869.51,410.04,0.6386,893.46,439.74,0.7707,868.55,425.37,0.7168,902.08,471.36,0.6816,848.91,429.68,0.6616,905.43,502.97,0.5703,834.06,428.24,0.7295,902.08,484.77,0.6075,890.58,483.81,0.4667,884.36,536.50,0.7148,902.56,521.65,0.6691,908.79,567.64,0.7675,929.38,548.48,0.7834
71,bottom,0,769.69,553.66,869.86,824.63,827.71,574.70,0.8520,829.03,572.06,0.5937,827.05,571.39,0.5507,822.42,577.35,0.6939,835.65,577.35,0.7083,819.11,609.10,0.8228,842.93,603.15,0.7945,821.76,647.47,0.8070,842.27,640.19,0.5606,789.34,669.96,0.7660,819.77,667.32,0.5473,836.97,682.53,0.6983,848.88,679.88,0.6921,823.74,741.41,0.7584,827.71,726.19,0.5805,852.19,791.68,0.7463,838.96,769.19,0.5681
72,top,1,842.66,393.02,938.45,590.47,870.31,411.24,0.8822,874.65,407.38,0.8362,867.41,407.38,0.8277,883.32,409.79,0.7865,863.56,409.79,0.6271,887.66,439.20,0.7603,865.49,427.15,0.7279,893.93,472.94,0.6714,853.92,431.97,0.4845,894.41,507.17,0.5478,847.65,434.38,0.4468,895.86,484.03,0.5557,883.32,482.10,0.4156,873.68,536.58,0.6849,892.00,525.49,0.6408,906.94,563.57,0.7298,925.75,554.41,0.7438
72,bottom,0,770.78,560.46,877.15,828.16,825.92,579.93,0.8417,827.23,576.66,0.5966,825.27,576.66,0.5580,822.66,582.55,0.6875,835.73,583.20,0.7222,822.00,615.22,0.8092,842.92,608.04,0.7856,825.27,653.79,0.8087,848.15,645.94,0.5518,791.94,676.01,0.7485,826.58,673.39,0.4964,839.65,688.43,0.6756,847.49,685.81,0.6287,829.19,746.59,0.7338,825.27,727.64,0.5405,858.60,796.27,0.7356,837.03,768.82,0.5827
73,top,1,843.43,392.95,930.84,587.25,863.41,412.77,0.8644,868.16,408.03,0.8130,861.04,408.50,0.7989,877.65,411.35,0.7623,857.25,411.83,0.5301,880.97,440.76,0.7431,861.99,430.80,0.6240,883.34,475.87,0.6325,856.30,435.54,0.3642,879.54,506.70,0.5686,845.86,438.86,0.3574,891.40,487.73,0.5415,877.65,485.35,0.3709,865.31,536.59,0.6622,880.49,531.84,0.5481,903.26,563.15,0.6498,918.92,559.36,0.7039
73,bottom,0,773.94,567.01,881.05,832.69,826.20,586.34,0.8577,826.20,582.45,0.5981,824.25,583.10,0.5823,822.31,588.94,0.7122,835.93,588.94,0.7663,822.96,622.01,0.8365,844.36,614.23,0.8262,826.85,660.28,0.8110,850.85,651.20,0.5978,795.07,681.04,0.7496,828.79,672.61,0.4269,843.06,693.36,0.6791,846.31,690.77,0.6179,833.33,751.09,0.7330,824.25,719.31,0.5594,864.47,802.98,0.7595,835.93,767.30,0.5922
74,top,5,812.99,396.50,927.60,595.20,856.71,416.30,0.9047,860.59,412.90,0.7845,854.77,412.42,0.7449,871.27,416.30,0.7095,851.86,414.84,0.4888,874.66,444.92,0.7693,858.65,437.16,0.5770,873.21,480.82,0.7001,847.98,443.46,0.4607,864.96,511.38,0.6243,833.43,446.37,0.3785,887.27,487.12,0.6114,887.76,485.18,0.4283,852.83,536.60,0.7186,878.06,538.06,0.6734,890.19,562.80,0.7747,912.01,569.59,0.8002
74,bottom,0,776.88,569.55,889.75,834.30,826.21,590.75,0.9377,826.85,587.51,0.6232,824.27,587.51,0.6703,822.97,593.98,0.7431,835.90,592.69,0.8005,824.91,626.30,0.8581,846.89,617.89,0.8648,828.79,664.43,0.8038,853.35,652.80,0.6062,798.41,685.76,0.7672,830.73,676.07,0.4539,846.89,696.75,0.6782,848.83,694.17,0.6174,837.19,756.86,0.7512,826.85,720.67,0.5922,870.81,807.93,0.7948,837.84,764.62,0.6484
75,top,1,797.34,401.50,919.69,599.58,849.81,422.20,0.8882,853.68,418.81,0.7479,848.36,418.33,0.7841,863.35,421.71,0.6349,845.94,419.30,0.4149,866.73,450.73,0.7631,855.13,442.51,0.6250,863.83,485.06,0.6933,838.20,450.73,0.5939,850.29,512.15,0.6476,812.57,453.63,0.6839,877.86,494.25,0.6374,884.14,491.83,0.5587,840.14,537.29,0.7025,876.41,544.55,0.6907,872.54,573.56,0.7477,910.26,578.88,0.7785
75,bottom,0,781.20,572.75,886.96,833.80,825.80,593.65,0.9176,825.80,590.47,0.6213,823.25,589.83,0.6782,821.97,596.84,0.7141,835.99,595.56,0.7808,825.80,629.34,0.8478,847.46,620.42,0.8380,829.62,668.86,0.8080,855.11,656.11,0.5912,799.66,691.80,0.7668,835.36,682.88,0.4124,848.74,700.09,0.6858,853.84,697.54,0.6283,841.09,760.63,0.7462,834.72,738.33,0.4873,874.23,812.26,0.7944,839.82,765.73,0.5612
76,top,1,796.80,410.88,921.88,599.58,842.75,429.22,0.9314,846.90,425.07,0.7759,841.37,425.53,0.7391,857.03,428.30,0.6741,838.15,427.84,0.2987,858.88,457.32,0.7954,855.65,449.95,0.5730,852.89,490.03,0.6784,834.92,454.56,0.3990,835.38,514.91,0.6928,811.89,455.48,0.4640,869.01,500.17,0.6773,880.07,498.32,0.6321,831.70,537.48,0.8034,876.84,551.30,0.7929,851.97,584.47,0.6923,911.40,585.39,0.8824
76,bottom,0,786.02,577.30,888.17,833.48,825.84,595.94,0.8748,825.84,592.81,0.5921,823.96,592.81,0.6380,822.08,599.07,0.6632,837.09,597.82,0.7579,826.46,631.59,0.8497,849.60,623.46,0.8291,830.84,671.62,0.7943,860.86,659.73,0.6304,803.32,696.01,0.7703,841.47,681.62,0.4439,850.85,702.26,0.6909,857.73,699.76,0.6373,840.85,761.68,0.7257,837.72,747.29,0.4998,874.62,813.59,0.7592,838.35,766.68,0.5094
77,top,0,798.19,415.64,922.84,600.52,834.78,435.41,0.9784,837.94,431.35,0.8358,833.43,431.80,0.7083,848.32,434.06,0.6684,834.78,434.06,0.2577,851.03,459.78,0.8171,844.71,454.82,0.5674,840.20,490.93,0.6837,829.37,458.43,0.5056,817.18,512.59,0.7415,808.15,460.69,0.6095,861.87,503.57,0.6892,876.31,500.86,0.6426,825.30,543.74,0.8180,873.60,555.02,0.8397,824.85,595.19,0.8248,912.42,587.52,0.9267
77,bottom,1,791.67,575.20,886.91,833.87,824.77,595.92,0.8493,823.50,592.13,0.5819,822.87,592.76,0.6286,820.98,599.71,0.6329,834.24,598.44,0.7309,826.03,631.28,0.8151,850.03,622.44,0.8115,832.34,671.07,0.7821,864.55,658.44,0.6199,807.72,698.85,0.7635,850.03,683.06,0.4101,853.82,701.38,0.6752,863.29,698.22,0.6350,840.55,762.00,0.6922,839.29,746.21,0.5254,874.66,813.78,0.7442,840.55,768.95,0.5093
78,top,0,780.66,417.85,921.66,610.49,826.70,439.39,0.9904,829.53,435.16,0.8571,825.29,436.10,0.7469,839.40,437.98,0.7208,828.58,438.92,0.2585,842.22,463.38,0.8153,842.69,459.15,0.5973,827.64,493.95,0.7042,826.70,465.73,0.4266,800.84,511.82,0.7554,806.01,464.79,0.5597,852.57,509.47,0.7298,867.15,505.71,0.6713,821.53,552.27,0.8348,868.09,556.97,0.8274,804.60,597.89,0.8329,909.95,586.60,0.9033
78,bottom,1,797.37,574.75,886.14,832.71,825.38,594.15,0.8473,824.12,591.00,0.5250,822.86,591.63,0.6228,819.08,597.92,0.6368,834.83,596.66,0.7124,825.38,630.67,0.7851,851.83,619.97,0.7865,834.20,669.72,0.7631,863.80,655.24,0.5434,812.15,698.69,0.7557,846.79,678.54,0.3655,856.24,698.06,0.6589,868.20,693.65,0.6338,843.01,759.78,0.6785,841.12,739.00,0.5296,875.13,812.68,0.7272,845.53,775.53,0.5736
79,top,0,766.39,426.20,916.72,619.48,818.56,445.03,0.9458,822.47,440.63,0.8268,817.58,441.12,0.7616,832.26,444.06,0.7434,816.11,444.54,0.3574,833.73,468.52,0.8247,830.30,464.61,0.6085,815.62,496.42,0.7526,820.51,481.25,0.4597,788.22,510.12,0.8262,810.24,469.50,0.5743,844.00,518.44,0.7764,856.24,515.01,0.6883,815.62,562.48,0.8157,860.15,559.05,0.7747,789.68,605.54,0.7940,906.15,582.54,0.8601
79,bottom,1,801.73,570.36,886.17,833.30,823.41,593.98,0.8635,822.77,590.78,0.6157,821.48,591.42,0.6501,818.27,597.84,0.6947,833.04,596.55,0.7432,823.41,628.01,0.7863,852.29,618.38,0.7909,835.60,666.52,0.7795,867.06,654.33,0.5672,816.35,697.98,0.7802,856.15,681.29,0.3836,858.71,696.69,0.6695,870.91,692.20,0.6602,845.88,757.04,0.6837,843.31,744.20,0.5774,874.12,811.60,0.7505,853.58,779.50,0.6477
80,top,0,757.17,428.91,911.00,631.83,811.05,450.75,0.8977,814.56,446.24,0.8124,810.05,446.74,0.7636,825.08,450.25,0.7618,808.55,449.75,0.4241,825.58,473.28,0.7535,821.57,470.78,0.5700,804.54,498.32,0.6362,810.55,492.31,0.3250,775.50,508.33,0.7661,807.05,479.79,0.3700,836.09,526.36,0.7218,845.61,522.36,0.6245,808.05,567.92,0.7867,849.61,562.92,0.7255,783.51,613.99,0.7064,900.19,579.44,0.7653
80,bottom,1,807.15,570.36,887.68,833.32,823.67,593.35,0.9533,824.31,590.78,0.6868,821.74,592.06,0.6832,818.53,597.84,0.7592,832.01,596.56,0.7870,824.31,628.01,0.8065,851.91,617.74,0.7957,836.50,665.89,0.8127,867.32,653.69,0.5308,819.81,697.35,0.8028,853.84,677.45,0.3768,862.83,692.85,0.6938,873.74,688.36,0.6926,845.49,752.56,0.6901,843.57,740.36,0.6034,873.74,809.69,0.7460,855.76,781.44,0.7101
81,top,0,743.34,434.97,904.52,634.46,802.42,456.54,0.8613,806.62,452.87,0.7741,802.42,452.34,0.7723,816.59,456.54,0.7597,801.90,455.49,0.4078,815.54,479.63,0.7112,813.44,475.43,0.5691,792.98,500.61,0.5975,799.27,499.04,0.3173,763.59,507.44,0.7787,814.49,504.29,0.3138,828.65,533.14,0.7198,836.00,530.00,0.6176,797.70,569.35,0.7718,840.72,568.30,0.6912,778.28,617.09,0.7726,890.04,579.84,0.6893
81,bottom,1,810.03,570.72,889.92,832.20,823.80,594.85,0.9258,824.44,591.02,0.6659,822.53,592.93,0.6267,818.70,598.68,0.7445,831.47,598.04,0.7782,823.80,629.32,0.7969,852.53,617.19,0.7691,837.21,665.71,0.8087,869.77,652.94,0.5248,821.89,698.27,0.7931,855.09,677.20,0.3676,865.94,691.24,0.6863,876.15,687.41,0.6826,845.51,751.89,0.6979,844.23,740.40,0.6130,872.32,808.07,0.7290,857.00,783.81,0.7298
82,top,0,734.29,440.81,897.05,635.46,795.54,461.31,0.8247,799.78,458.13,0.7060,795.54,457.07,0.7223,809.84,461.84,0.7111,796.60,461.31,0.4216,809.31,485.68,0.6520,802.95,481.97,0.5750,782.82,502.64,0.4665,785.47,501.58,0.3767,754.74,506.88,0.6294,806.66,506.35,0.2520,820.44,538.14,0.6848,827.86,535.49,0.5766,788.65,567.81,0.6995,832.09,575.22,0.6559,775.93,617.08,0.7376,881.90,583.70,0.5649
82,bottom,1,808.61,575.19,892.14,834.47,822.52,597.22,0.8781,823.15,593.42,0.6391,819.99,594.69,0.5937,818.09,600.39,0.7179,832.01,599.75,0.7326,824.42,632.04,0.7822,852.27,618.11,0.7538,837.71,668.75,0.7930,868.10,653.56,0.5025,823.15,700.40,0.7689,849.74,678.25,0.3670,869.36,692.17,0.6726,878.86,689.01,0.6719,845.94,752.31,0.6881,845.31,742.81,0.5904,874.43,809.28,0.7230,857.97,785.86,0.7180
83,top,0,726.00,444.14,891.32,635.70,788.21,465.11,0.8408,792.52,461.89,0.7457,788.21,460.81,0.7437,803.28,466.19,0.7114,787.67,465.65,0.3912,804.36,488.79,0.6185,797.36,486.64,0.5265,777.99,501.71,0.3900,777.99,503.32,0.3334,747.31,505.48,0.5124,803.28,506.55,0.2568,818.89,539.92,0.6560,824.27,538.30,0.5443,783.37,566.29,0.7151,827.50,579.20,0.6482,775.83,617.41,0.7539,877.01,585.66,0.5877
83,bottom,1,809.72,579.86,895.26,839.30,823.35,601.90,0.8508,823.98,598.74,0.6265,820.82,599.37,0.5885,819.55,605.07,0.6962,832.85,603.80,0.7056,824.62,637.37,0.7697,851.85,622.17,0.7329,837.29,674.74,0.7796,868.32,657.01,0.4710,823.35,707.05,0.7450,852.49,682.98,0.3358,870.86,695.64,0.6506,880.36,691.84,0.6357,848.05,756.45,0.6870,844.25,739.98,0.5810,876.56,812.82,0.7245,859.45,786.85,0.7053
84,top,0,722.33,445.48,888.44,635.61,784.84,467.01,0.8408,789.16,463.77,0.7378,784.84,463.22,0.7573,799.44,468.63,0.6917,783.76,467.55,0.4439,799.98,491.34,0.5988,790.24,489.18,0.5399,770.78,502.16,0.3846,770.78,503.78,0.3939,741.04,505.40,0.4957,741.04,506.48,0.3091,815.66,541.09,0.6406,821.07,538.92,0.5444,779.97,565.96,0.7159,824.31,580.02,0.6751,775.65,617.33,0.7688,873.51,586.51,0.6277
84,bottom,1,809.68,587.64,897.34,845.45,823.92,608.91,0.8585,824.55,605.13,0.6419,821.41,606.39,0.5796,821.41,611.43,0.7200,834.62,610.80,0.7051,825.81,643.53,0.7774,854.77,630.31,0.7279,836.51,681.30,0.7822,870.50,664.30,0.4702,822.66,714.03,0.7345,856.02,685.70,0.3159,873.02,702.07,0.6541,881.83,698.29,0.6246,850.36,761.86,0.6917,843.44,738.57,0.5940,878.05,819.14,0.7367,861.06,790.19,0.6938
85,top,0,718.74,446.73,885.63,635.86,781.00,467.42,0.8708,785.34,464.16,0.7665,780.45,463.61,0.8022,795.67,468.50,0.7298,779.91,467.96,0.4553,796.75,490.77,0.5981,785.34,488.60,0.5414,766.87,501.64,0.4403,766.87,502.73,0.4560,738.08,505.99,0.5579,738.62,506.53,0.3665,815.77,540.21,0.6566,819.03,538.58,0.5560,778.28,565.74,0.7507,822.83,577.15,0.6984,775.02,617.89,0.7932,873.35,586.39,0.6796
85,bottom,1,806.07,597.56,898.83,853.36,825.60,616.79,0.8888,825.60,613.05,0.6633,824.35,614.29,0.5982,823.10,619.92,0.7372,836.84,618.67,0.6900,827.47,653.01,0.8221,856.20,639.90,0.7855,835.59,691.73,0.8076,874.31,673.00,0.5517,819.35,722.34,0.7402,858.69,696.73,0.3811,873.06,712.34,0.6812,883.05,707.35,0.6664,854.32,771.67,0.6948,839.96,739.82,0.6022,882.43,828.50,0.7559,860.57,790.41,0.7056
86,top,0,718.38,443.92,886.28,634.83,779.37,466.14,0.8967,783.75,462.86,0.8001,778.83,462.31,0.8478,794.68,466.14,0.7771,777.19,465.59,0.5166,793.04,488.54,0.6186,790.31,485.27,0.5169,766.26,501.66,0.4972,771.18,504.94,0.3241,737.29,507.13,0.6566,794.13,507.67,0.2804,813.26,537.73,0.6717,819.82,535.55,0.5983,778.28,565.06,0.7762,822.55,573.26,0.7167,775.00,616.98,0.8057,871.74,582.55,0.6759
86,bottom,1,797.68,606.60,901.13,854.86,827.59,626.48,0.8794,827.59,622.85,0.6356,826.37,623.45,0.6242,823.95,630.12,0.6985,839.71,628.30,0.6742,828.80,662.24,0.8063,858.50,649.51,0.8088,831.83,702.24,0.8272,873.65,683.46,0.5486,810.01,731.94,0.7094,859.10,713.76,0.4784,874.86,721.03,0.7031,884.56,715.58,0.6889,860.32,784.07,0.7331,837.89,738.61,0.6217,890.01,836.79,0.7967,859.10,790.73,0.7222
87,top,0,721.54,442.12,887.13,633.87,779.00,461.45,0.8819,783.31,457.68,0.7907,778.46,457.14,0.8198,793.55,461.99,0.7674,776.84,460.91,0.4998,793.55,483.55,0.6430,791.94,480.86,0.5302,766.60,501.34,0.4921,774.69,504.03,0.3044,739.11,511.04,0.6771,795.17,509.96,0.3108,812.42,534.22,0.6785,819.97,531.52,0.6009,780.08,564.94,0.7781,823.74,567.10,0.7095,775.77,617.23,0.7928,873.87,577.88,0.7063
87,bottom,1,781.82,612.82,903.51,856.05,829.01,633.49,0.8618,829.01,629.33,0.5727,827.82,629.92,0.6353,824.85,637.64,0.6355,842.66,635.86,0.6623,829.01,670.30,0.7935,858.70,657.24,0.7708,824.85,709.50,0.8123,873.54,689.90,0.5246,797.53,734.44,0.6989,852.76,716.03,0.4392,875.32,729.69,0.7475,885.42,722.56,0.7327,852.16,786.69,0.7357,837.91,738.00,0.6426,887.79,835.98,0.8218,854.54,789.66,0.6420
88,top,0,728.38,435.16,887.01,633.88,780.33,456.03,0.8974,784.46,451.90,0.8056,779.30,451.39,0.8468,794.27,456.55,0.7695,777.23,455.00,0.5547,794.27,478.75,0.6299,796.34,474.62,0.5280,772.07,501.99,0.4949,816.99,497.34,0.3484,745.22,516.96,0.6836,796.85,513.35,0.3292,812.34,528.84,0.6818,821.12,525.22,0.6155,784.46,564.47,0.7889,824.22,559.30,0.7140,776.20,616.62,0.7906,872.76,573.25,0.7220
88,bottom,1,765.38,618.04,904.54,855.64,830.32,637.07,0.8259,830.90,633.58,0.5604,827.42,633.58,0.6058,826.84,640.55,0.6231,841.34,639.39,0.7134,828.00,673.61,0.7650,857.00,659.69,0.7174,816.40,710.73,0.7628,863.96,692.17,0.4797,782.75,729.88,0.6695,850.04,720.60,0.4343,874.98,732.20,0.7513,886.00,725.24,0.7312,850.04,788.46,0.7245,837.28,738.00,0.6478,886.00,836.03,0.8053,867.44,789.04,0.6090
89,top,0,739.38,428.32,886.32,632.98,780.87,449.71,0.9326,785.87,445.71,0.9024,779.37,445.71,0.8266,796.36,450.21,0.8394,777.87,449.21,0.5399,792.36,475.69,0.6957,805.85,467.19,0.6321,775.87,502.67,0.6084,820.84,490.68,0.5091,753.39,523.65,0.7637,800.36,506.67,0.3508,812.85,524.65,0.6831,823.34,519.66,0.6223,789.86,563.63,0.7749,824.84,552.63,0.6762,777.37,616.59,0.7944,872.81,572.12,0.7879
89,bottom,1,752.48,615.11,902.11,855.48,829.64,634.36,0.8047,829.05,630.25,0.5833,827.29,630.25,0.5461,825.53,637.29,0.6437,840.20,636.70,0.6763,826.70,670.15,0.7700,856.63,656.07,0.7887,809.69,705.37,0.7820,859.57,683.65,0.4497,771.54,715.93,0.7120,846.07,714.17,0.3101,871.89,731.19,0.7694,884.80,724.14,0.7697,851.94,787.52,0.7601,836.68,738.82,0.6709,885.98,835.06,0.8648,867.78,790.46,0.6987
90,top,0,750.64,422.99,883.41,630.66,783.57,445.70,1.0333,788.13,441.64,1.0041,781.03,441.64,0.8635,797.26,445.19,0.9496,778.50,444.18,0.5487,794.21,472.57,0.8516,804.35,461.42,0.7201,783.06,501.98,0.7748,814.49,491.33,0.5167,764.81,528.34,0.8615,803.34,516.68,0.4387,815.00,518.71,0.7429,824.63,513.13,0.6756,792.69,560.29,0.8468,826.16,548.12,0.7311,779.00,612.51,0.9150,870.77,571.44,0.8639
90,bottom,1,746.53,607.89,900.09,855.52,828.14,627.12,0.8005,827.54,623.49,0.6054,827.54,622.88,0.5501,825.12,630.14,0.6723,840.84,629.53,0.6740,825.12,661.58,0.7788,855.35,648.88,0.8008,806.98,694.22,0.7569,855.95,676.69,0.4559,767.69,699.06,0.7150,849.91,716.59,0.3412,868.04,723.85,0.7985,880.74,717.80,0.7963,858.37,781.88,0.7543,838.42,740.77,0.5825,886.79,833.88,0.8627,868.65,790.35,0.7063
91,top,0,758.56,421.31,880.85,626.17,785.19,442.71,1.0385,789.70,439.21,0.9609,782.69,438.71,0.7844,798.70,442.71,0.8822,780.69,440.71,0.3584,798.20,471.72,0.8921,796.70,461.72,0.6781,790.20,502.73,0.7965,811.20,490.73,0.4545,775.69,532.74,0.7534,798.70,516.74,0.4087,818.70,513.23,0.7139,825.71,508.23,0.6307,792.20,556.75,0.8638,827.21,546.74,0.7592,784.69,608.76,0.9468,868.72,572.25,0.9066
91,bottom,1,746.54,599.39,897.35,853.75,825.05,617.89,0.7970,824.43,614.17,0.6650,823.81,613.54,0.6049,823.81,621.00,0.7356,839.33,619.13,0.6819,824.43,652.05,0.8092,852.37,640.25,0.8084,807.04,684.34,0.7628,856.10,665.71,0.4874,766.67,685.58,0.7224,830.64,698.00,0.3078,866.03,718.49,0.8065,874.73,714.15,0.7796,865.41,776.25,0.7426,836.85,738.99,0.6625,885.29,829.65,0.8507,866.66,789.91,0.8015
92,top,1,770.35,422.05,875.99,621.02,786.25,441.38,0.9844,790.62,437.98,0.9488,783.82,437.49,0.7932,800.34,441.87,0.8962,779.94,439.92,0.4261,801.31,471.01,0.8483,798.40,463.73,0.6902,798.40,503.08,0.7366,799.85,491.42,0.4546,792.08,531.25,0.7037,795.97,516.68,0.5123,821.23,510.85,0.6125,829.97,505.50,0.5563,790.14,553.60,0.8169,827.54,546.80,0.7178,794.02,604.12,0.8584,865.43,574.00,0.8350
92,bottom,0,747.92,590.61,904.09,847.23,822.25,609.91,0.8281,822.87,606.15,0.6708,821.62,606.15,0.6241,822.25,613.04,0.6947,837.28,611.79,0.7545,822.87,644.37,0.7885,849.81,632.46,0.7743,809.09,676.94,0.7822,853.57,660.03,0.4788,771.50,676.94,0.7292,823.50,668.80,0.3318,863.59,710.78,0.8106,870.49,707.64,0.7701,859.83,768.41,0.7545,832.90,737.09,0.7346,890.53,819.79,0.8734,866.10,787.21,0.8116
93,top,1,770.78,423.32,870.38,622.77,789.42,441.24,1.0362,793.32,437.83,0.9343,786.50,437.83,0.7497,802.57,441.24,0.8539,786.01,439.29,0.3113,805.49,470.46,0.8934,797.70,464.13,0.7236,806.95,502.59,0.8046,801.11,491.88,0.5015,803.54,532.78,0.7479,801.59,516.72,0.5200,823.51,506.98,0.6222,830.81,503.08,0.5607,790.39,556.64,0.8299,827.89,546.91,0.7966,795.75,606.31,0.8892,860.03,578.56,0.8790
93,bottom,0,752.68,583.08,912.20,836.78,820.05,604.01,0.7818,820.67,600.30,0.5777,818.81,599.06,0.6166,821.29,607.73,0.6538,834.92,604.63,0.6963,821.91,637.46,0.7823,847.31,626.31,0.7665,813.86,672.15,0.7519,850.40,655.42,0.4232,772.98,677.72,0.7429,823.77,662.24,0.3476,859.69,704.97,0.7447,867.13,701.26,0.7050,850.40,764.43,0.6800,833.06,736.56,0.5854,895.00,805.93,0.7945,865.27,786.73,0.7569
94,top,0,769.84,422.61,874.42,622.92,791.32,442.07,1.0219,795.24,438.16,0.8818,788.39,438.16,0.7634,804.53,440.61,0.7924,787.90,440.61,0.3416,809.91,470.44,0.8687,798.17,465.06,0.7667,815.29,503.20,0.7794,800.62,493.42,0.5557,816.75,534.99,0.7070,807.95,515.92,0.5501,829.96,506.14,0.6044,833.87,502.71,0.4813,790.84,557.48,0.7446,828.49,549.17,0.6676,796.21,607.36,0.7447,863.21,578.51,0.8214
94,bottom,1,758.40,578.45,912.67,815.57,819.91,598.02,0.8046,818.75,594.55,0.5749,817.59,594.55,0.6020,816.44,602.07,0.6239,830.91,599.76,0.6790,819.33,634.49,0.7873,844.80,620.60,0.8015,816.44,670.38,0.7974,851.75,654.75,0.4225,779.96,682.54,0.7613,830.91,681.96,0.3332,855.22,698.17,0.7087,865.06,694.70,0.6795,840.17,760.69,0.7393,837.28,740.43,0.5121,896.33,786.74,0.7919,863.91,785.01,0.6639
95,top,1,770.44,423.18,873.91,622.33,793.49,441.07,0.9737,797.86,436.70,0.8691,790.57,437.67,0.7788,807.10,439.61,0.8095,788.14,440.59,0.4915,813.42,469.76,0.8345,801.75,463.44,0.6861,823.63,499.42,0.7773,807.10,490.66,0.5358,828.98,532.48,0.6866,813.91,513.52,0.5038,829.95,509.14,0.5252,833.36,506.22,0.3768,793.98,554.84,0.8248,830.44,548.04,0.7216,796.41,605.90,0.8136,862.53,579.15,0.8273
95,bottom,0,764.10,575.70,912.83,806.79,816.46,596.46,0.8244,816.46,593.64,0.6291,814.20,593.64,0.5707,812.51,600.97,0.7013,827.18,598.72,0.6191,817.03,633.70,0.7871,841.85,617.90,0.7784,819.85,670.37,0.7999,849.75,651.75,0.4190,785.43,688.99,0.6886,832.26,677.70,0.2878,853.13,696.32,0.6928,862.16,692.37,0.6284,835.64,756.13,0.7549,829.44,730.17,0.5757,893.19,773.05,0.7511,861.60,776.44,0.6400
96,top,1,772.85,421.13,872.74,620.47,796.52,440.01,1.0317,800.41,436.12,0.8665,793.60,436.61,0.8080,809.17,439.04,0.7645,790.19,440.01,0.4071,818.42,465.81,0.8936,802.84,462.40,0.7553,832.53,495.01,0.7889,808.68,490.14,0.5566,840.32,523.23,0.6617,815.01,512.04,0.4247,827.66,506.69,0.5544,821.82,504.74,0.4674,801.38,555.84,0.8541,835.94,547.57,0.7522,797.49,604.99,0.8523,862.70,579.20,0.8568
96,bottom,0,770.83,574.55,910.63,802.16,813.50,595.56,0.8688,812.94,593.34,0.6016,809.05,593.34,0.5612,807.94,601.12,0.7155,822.39,598.34,0.6425,814.05,634.46,0.7962,839.62,617.23,0.7676,819.61,672.24,0.7802,854.62,648.91,0.4569,789.60,694.47,0.7039,837.95,674.47,0.3309,850.17,693.92,0.6694,859.62,689.47,0.5924,836.84,753.93,0.7647,821.28,720.59,0.6066,891.85,773.94,0.7072,857.40,770.05,0.6209
97,top,3,787.68,419.75,872.24,591.10,797.74,437.65,0.9668,801.93,433.47,0.8779,794.82,434.31,0.8749,812.39,435.14,0.7959,790.63,436.82,0.6114,821.17,463.17,0.8159,804.86,457.74,0.7325,838.32,493.29,0.7146,811.97,486.60,0.6540,850.87,520.49,0.7215,810.71,510.86,0.7244,832.47,511.28,0.5816,831.21,509.19,0.4683,810.29,553.53,0.7927,834.98,542.66,0.6574,802.35,601.23,0.7359,862.59,576.54,0.8268
97,bottom,0,772.24,577.66,915.88,800.51,809.78,599.31,0.8956,809.24,596.59,0.5758,805.43,596.59,0.5715,804.89,603.66,0.6914,817.40,600.40,0.6376,809.24,635.76,0.8151,834.81,618.35,0.7497,816.86,673.85,0.7677,853.31,649.91,0.4626,791.83,699.42,0.7313,831.55,680.92,0.3849,848.96,692.35,0.6515,857.66,687.45,0.5465,840.25,754.91,0.7585,812.50,714.65,0.5718,896.29,775.04,0.7234,846.78,767.43,0.5963
98,top,1,791.48,417.57,875.21,591.25,799.00,434.87,0.9273,802.39,431.05,0.8347,795.61,431.48,0.8488,811.72,432.32,0.7484,791.79,434.44,0.6447,823.17,459.46,0.8039,802.81,453.95,0.7173,840.98,487.45,0.6860,813.42,480.66,0.6147,858.36,514.16,0.6910,808.75,501.44,0.7296,837.59,503.99,0.5773,833.77,502.29,0.4616,816.81,550.20,0.7444,836.74,540.45,0.7127,806.21,597.27,0.7121,864.72,577.77,0.8647
98,bottom,0,771.88,580.36,919.17,800.19,798.83,600.64,0.8276,798.83,597.96,0.5913,796.69,598.50,0.5549,800.44,605.47,0.7251,812.25,602.25,0.5696,805.27,637.14,0.8221,826.20,618.36,0.7410,813.32,674.17,0.7508,840.16,649.48,0.3976,790.78,702.62,0.7773,826.74,679.54,0.2718,846.60,691.88,0.6424,848.21,686.52,0.4679,843.92,756.29,0.7449,808.49,702.62,0.6329,898.12,775.61,0.7590,833.18,753.07,0.6403
99,top,1,791.37,415.02,876.37,589.76,800.17,432.00,0.9606,803.16,427.74,0.8632,796.76,428.59,0.8076,812.54,429.44,0.7194,792.49,432.43,0.5170,824.06,455.04,0.8686,803.58,449.92,0.8256,844.96,482.77,0.7426,812.97,475.94,0.6840,863.31,508.37,0.7882,806.57,495.14,0.7343,840.70,498.13,0.6937,835.58,496.85,0.5707,820.22,542.92,0.8309,836.86,538.23,0.7926,813.82,591.98,0.8011,865.01,577.05,0.9561
99,bottom,0,771.45,581.42,916.56,802.32,791.69,601.81,0.8840,791.15,598.57,0.6358,788.46,598.57,0.5455,793.85,603.96,0.7718,808.95,602.35,0.5208,798.17,636.32,0.8383,820.28,618.52,0.7599,808.95,674.07,0.7523,831.60,652.50,0.4128,787.38,704.27,0.7530,800.86,677.85,0.3838,840.77,691.33,0.6252,846.16,685.40,0.4752,842.93,754.97,0.7297,803.56,694.03,0.6220,898.48,776.00,0.7821,819.20,748.50,0.5803
100,top,1,790.89,412.03,879.08,605.64,800.00,429.42,0.9578,802.84,425.17,0.8373,796.69,426.11,0.7124,813.24,426.11,0.6356,792.91,584.46,0.4053,825.53,451.17,0.9382,804.26,447.86,0.8557,847.74,477.64,0.7466,813.24,470.07,0.7192,866.65,502.22,0.7752,807.09,486.62,0.7902,843.02,492.76,0.7153,836.40,490.87,0.6182,821.75,539.56,0.9243,838.76,535.78,0.8768,820.33,592.50,0.8851,865.23,577.85,0.9732
100,bottom,0,766.02,577.97,914.26,801.53,783.37,600.78,0.9022,783.37,596.96,0.6423,780.64,596.96,0.5124,784.46,602.42,0.7797,791.56,600.78,0.4468,789.38,634.08,0.8557,812.85,615.52,0.7729,803.57,669.01,0.7328,828.13,653.18,0.4192,783.92,703.40,0.7024,787.74,674.47,0.4928,832.50,687.57,0.6381,845.05,679.38,0.5741,843.96,750.88,0.7448,797.56,684.29,0.5941,895.81,773.81,0.8004,800.84,741.06,0.5464
101,top,1,790.55,409.36,881.14,605.00,799.54,426.94,0.9518,802.41,422.64,0.8869,796.67,423.60,0.7683,813.39,424.08,0.7331,792.85,427.42,0.4138,825.33,447.96,0.8861,804.32,444.61,0.8140,849.69,473.27,0.7499,813.39,466.11,0.7311,868.80,497.63,0.8049,806.23,486.17,0.8052,845.87,489.51,0.7052,840.14,488.56,0.6054,822.94,535.84,0.8730,839.66,531.07,0.8403,827.72,589.34,0.8755,865.45,575.49,0.9158
101,bottom,0,752.13,575.59,908.60,801.60,770.77,597.55,0.8818,771.32,593.69,0.6647,768.56,593.69,0.5373,774.63,599.76,0.7493,781.25,598.10,0.5047,780.70,631.76,0.8453,801.67,614.11,0.8040,797.26,663.76,0.7499,801.67,649.97,0.4670,782.91,700.73,0.6477,773.53,669.83,0.6548,825.40,684.18,0.6259,834.78,677.01,0.5116,841.95,744.87,0.7551,793.39,677.56,0.5517,893.82,771.36,0.8197,780.70,730.53,0.5530
102,top,1,789.83,407.84,883.98,603.70,799.13,424.95,0.9676,802.48,421.13,0.9106,796.26,422.09,0.7891,812.52,422.56,0.7209,792.44,425.91,0.4129,825.91,445.99,0.8932,804.39,443.13,0.8096,850.78,470.38,0.7474,814.91,465.12,0.7213,870.86,495.25,0.7985,808.22,486.16,0.7361,846.95,487.12,0.7410,841.21,486.64,0.6300,824.95,533.50,0.8684,839.78,528.72,0.8413,834.52,585.62,0.9133,863.69,571.28,0.9178
102,bottom,0,744.01,575.05,897.78,801.70,757.81,597.62,0.8887,758.92,593.75,0.7330,756.71,593.20,0.6265,766.67,598.73,0.7741,771.09,597.07,0.5893,771.65,631.38,0.8127,788.25,613.67,0.7837,790.46,660.71,0.7223,781.61,646.32,0.6095,785.48,698.89,0.6215,760.58,667.35,0.7310,819.24,682.29,0.5874,823.11,675.65,0.4516,838.60,737.62,0.6863,787.14,680.07,0.3604,885.64,768.61,0.7331,766.67,720.47,0.4963
103,top,1,790.13,407.62,885.77,604.07,798.63,424.79,0.9691,801.98,420.48,0.9215,795.75,421.44,0.8511,812.06,421.92,0.8146,792.39,425.27,0.5509,825.48,445.42,0.8446,805.34,443.02,0.7761,850.90,469.88,0.6963,817.81,464.60,0.7240,872.01,493.86,0.7656,811.10,487.62,0.7448,848.51,486.66,0.7060,843.23,486.18,0.5954,827.88,531.75,0.8273,838.91,525.99,0.7585,838.43,584.98,0.8524,862.41,566.76,0.8616
103,bottom,0,732.53,577.50,893.14,797.34,747.35,601.01,0.8567,748.43,597.25,0.6856,746.28,596.18,0.5603,753.79,601.55,0.6836,766.14,598.86,0.5946,762.92,630.53,0.7777,777.41,614.96,0.7617,784.92,655.22,0.7660,765.07,643.41,0.3618,784.92,693.33,0.6930,746.82,663.81,0.5427,811.76,678.83,0.5671,818.20,671.86,0.4711,832.16,731.97,0.5443,784.92,698.16,0.2208,876.70,767.93,0.6085,758.09,719.63,0.3423
104,top,1,790.82,407.84,885.98,604.37,798.58,425.50,0.9591,801.46,421.18,0.8767,795.22,422.14,0.8236,811.53,423.10,0.7762,791.86,426.46,0.5188,825.45,446.61,0.8554,805.77,444.69,0.8073,851.36,471.08,0.7066,819.21,467.24,0.7939,872.95,494.11,0.7779,814.89,492.67,0.7716,848.96,486.91,0.7122,844.64,486.43,0.6201,831.68,532.50,0.8095,839.36,526.26,0.7291,843.20,585.76,0.8474,861.91,563.21,0.8540
104,bottom,0,717.42,582.86,883.57,794.28,737.76,604.74,0.7922,738.84,601.49,0.6540,736.67,600.95,0.5639,744.79,606.90,0.6847,753.98,604.74,0.6092,752.90,631.24,0.7338,765.34,620.42,0.7044,778.86,648.55,0.6967,782.65,643.68,0.2055,786.97,682.62,0.6749,728.02,656.12,0.3126,805.90,677.21,0.5948,809.15,673.43,0.4964,824.83,729.13,0.5173,781.56,697.76,0.2964,867.56,764.83,0.6334,756.69,721.02,0.3318
105,top,1,791.00,412.41,878.17,606.80,798.99,428.45,0.9583,802.31,423.71,0.9018,795.67,425.13,0.8561,812.75,425.61,0.7858,793.29,428.93,0.5282,826.04,449.33,0.8390,805.16,447.91,0.7836,852.14,473.54,0.6764,819.40,474.01,0.8250,872.07,496.32,0.7379,817.97,499.64,0.7767,849.77,489.20,0.6724,843.60,488.25,0.5818,833.63,536.66,0.7971,840.28,529.06,0.7031,848.34,587.91,0.8418,860.21,564.18,0.8255
105,bottom,0,703.72,589.90,882.86,789.95,726.82,613.54,0.8965,726.82,609.45,0.7637,725.07,608.87,0.5857,732.06,613.54,0.8212,743.14,609.45,0.5720,745.48,635.70,0.7730,754.22,624.03,0.7899,772.30,644.44,0.6367,736.15,636.86,0.4135,790.96,670.68,0.6556,715.15,638.03,0.6881,798.54,678.26,0.6726,796.21,675.93,0.5145,817.78,730.16,0.6774,772.88,690.51,0.4834,862.10,759.90,0.7730,751.89,721.41,0.4938
106,top,1,791.17,415.10,886.35,607.27,799.35,431.43,0.9353,802.64,427.20,0.8655,796.54,428.61,0.8627,812.49,429.55,0.8160,792.79,432.36,0.6129,826.57,452.54,0.8023,807.33,452.07,0.7614,851.90,476.93,0.7008,821.40,479.28,0.7378,873.01,501.33,0.7468,820.00,506.96,0.6596,851.43,494.76,0.6530,846.74,493.82,0.5434,834.07,541.21,0.7488,840.17,532.76,0.6176,851.43,590.00,0.8114,856.59,563.73,0.7298
106,bottom,0,705.82,597.14,876.08,785.57,717.24,623.74,0.8440,718.34,618.19,0.7065,717.24,617.64,0.5279,725.55,622.07,0.7832,733.31,617.09,0.5968,738.30,636.48,0.6778,744.39,631.50,0.7150,752.15,640.92,0.5068,795.94,645.91,0.4129,721.67,641.47,0.4700,796.49,651.45,0.1835,793.72,679.16,0.7011,794.83,675.83,0.5548,809.24,730.15,0.6692,762.13,683.04,0.4951,855.24,752.87,0.8091,748.27,720.73,0.4638
107,top,1,792.68,419.53,886.03,608.60,800.58,435.59,0.9522,804.27,431.44,0.8976,797.35,432.36,0.9419,813.50,433.74,0.8535,794.11,436.51,0.6891,826.43,456.82,0.7742,807.50,458.21,0.7761,854.12,480.83,0.6486,820.43,484.98,0.7783,873.51,505.76,0.7273,819.04,512.68,0.6965,852.28,498.83,0.6259,846.74,498.37,0.5303,832.43,543.61,0.7182,837.97,536.22,0.5969,851.82,590.69,0.8046,852.74,567.61,0.6845
107,bottom,0,704.49,607.86,870.66,780.38,708.60,631.91,0.8495,709.68,627.05,0.7355,708.60,627.59,0.6013,717.80,628.67,0.7248,721.04,625.96,0.5812,724.83,639.49,0.7485,738.35,639.49,0.6859,751.33,634.62,0.5836,755.12,675.19,0.4892,782.70,631.37,0.5298,747.01,710.89,0.3430,787.57,676.27,0.6644,791.90,670.86,0.5540,803.80,730.90,0.6316,756.20,680.05,0.5588,852.48,750.37,0.7470,747.55,721.16,0.5068
108,top,1,792.76,422.05,888.39,608.51,802.34,438.34,0.9378,805.52,433.79,0.8839,798.70,434.70,0.9388,814.63,435.61,0.8406,795.05,438.80,0.6974,827.37,457.92,0.7735,808.71,460.20,0.7941,855.60,481.59,0.6603,819.18,486.14,0.7792,875.17,506.17,0.7533,816.90,514.37,0.6875,853.32,501.17,0.6410,846.04,500.71,0.5638,831.93,545.32,0.7094,834.20,540.77,0.5758,851.05,591.30,0.7793,849.23,572.18,0.6077
108,bottom,0,698.78,609.97,867.23,775.64,705.14,635.23,0.7605,704.04,630.84,0.6544,704.59,631.39,0.5095,710.07,630.29,0.7311,717.20,628.10,0.5922,716.10,639.62,0.7364,735.30,636.33,0.6398,739.13,631.39,0.6270,751.20,664.29,0.4277,770.39,622.07,0.5439,746.26,679.65,0.2235,780.26,673.61,0.6177,790.13,665.39,0.5785,800.55,729.54,0.6277,754.49,677.45,0.5863,847.16,744.90,0.7113,746.81,719.13,0.6025
109,top,1,792.69,420.68,892.51,607.16,802.53,437.43,0.9444,806.17,432.88,0.8205,799.35,433.79,0.8562,815.28,435.16,0.8074,795.70,438.80,0.6295,828.03,457.01,0.7743,809.36,460.65,0.8105,856.26,478.87,0.6566,816.19,485.69,0.7991,879.47,500.72,0.7125,811.64,513.01,0.7541,857.17,501.17,0.6731,843.96,499.81,0.6077,833.04,544.88,0.7268,827.57,532.13,0.5611,851.25,591.32,0.7614,846.69,567.64,0.6067
109,bottom,0,694.79,609.24,867.58,771.96,705.25,634.91,0.6812,703.00,629.85,0.5744,704.68,630.41,0.4316,707.50,629.29,0.7009,714.25,625.91,0.5669,711.43,637.16,0.7364,732.25,635.48,0.6340,729.43,629.29,0.6554,751.93,673.72,0.4604,754.18,614.66,0.6105,746.31,713.10,0.3757,774.43,668.10,0.6001,786.24,659.66,0.5639,790.74,724.91,0.6077,754.75,675.97,0.5100,839.12,740.66,0.6942,745.75,720.97,0.4216
110,top,1,793.99,416.76,877.73,607.81,804.14,433.93,0.8860,807.87,429.26,0.7687,800.88,431.13,0.7719,816.74,432.06,0.7405,799.01,435.79,0.6116,831.66,453.52,0.7417,808.81,457.72,0.7988,859.65,470.78,0.6620,813.94,482.90,0.7548,882.50,493.16,0.5877,808.34,506.69,0.7043,859.18,497.36,0.7153,843.32,495.50,0.6641,837.73,542.14,0.7390,824.67,523.95,0.7084,852.18,590.65,0.7705,840.99,564.53,0.7199
110,bottom,0,692.37,603.93,858.20,765.59,704.57,629.70,0.6244,702.96,625.92,0.4741,704.57,626.46,0.3661,706.19,625.92,0.6816,711.05,624.84,0.5615,709.97,634.02,0.7019,729.41,629.70,0.5896,725.09,624.84,0.6317,753.16,659.93,0.4250,742.90,610.27,0.6157,749.38,683.14,0.2657,770.43,662.63,0.6043,783.93,653.99,0.5682,782.85,720.93,0.6304,752.62,672.35,0.5187,828.73,736.04,0.6813,746.14,722.01,0.5023
111,top,1,795.27,408.35,896.08,606.12,806.56,423.70,0.8281,810.43,419.36,0.7681,802.70,420.80,0.8004,819.12,423.22,0.7854,799.32,427.56,0.6951,833.12,443.50,0.6925,807.53,451.71,0.7508,862.09,458.47,0.6027,812.36,474.88,0.6234,885.75,479.23,0.6258,808.50,498.06,0.5383,861.61,491.30,0.5987,842.78,491.78,0.6037,849.05,535.72,0.6996,823.95,525.10,0.7406,851.95,586.90,0.7612,842.78,561.31,0.7356
111,bottom,0,693.09,600.21,841.53,761.89,703.52,627.41,0.6068,701.59,624.52,0.4953,704.01,621.62,0.4103,704.97,622.58,0.6407,711.74,617.27,0.5247,709.32,628.86,0.6452,736.87,625.00,0.5084,721.89,620.65,0.5341,770.69,652.54,0.3377,730.10,610.02,0.4978,793.40,680.57,0.5968,766.34,658.34,0.5075,782.77,649.16,0.5212,772.14,713.43,0.6273,752.33,670.90,0.5026,817.56,729.37,0.6396,745.08,718.74,0.5850
112,top,1,797.22,400.64,900.40,598.69,808.68,415.53,0.7616,812.55,412.15,0.7134,805.29,413.11,0.7759,821.25,415.53,0.7648,802.39,419.40,0.6787,836.72,432.94,0.6392,807.23,444.54,0.7537,863.32,446.48,0.5687,809.16,466.30,0.5928,888.94,471.14,0.6318,808.20,477.90,0.6347,860.90,485.64,0.5979,842.04,487.58,0.5958,857.51,531.09,0.7104,822.70,524.32,0.7400,855.10,578.96,0.7445,843.49,563.00,0.7181
112,bottom,0,695.07,595.67,822.53,740.44,702.79,620.76,0.5812,701.96,617.02,0.4798,703.20,617.44,0.4607,704.86,616.19,0.5623,711.92,610.80,0.4746,713.58,628.22,0.4955,730.59,616.19,0.4538,746.77,650.63,0.3249,783.28,649.39,0.2626,749.26,684.24,0.2924,797.80,679.67,0.4648,765.44,653.95,0.4620,780.79,644.41,0.4939,759.63,702.08,0.5533,753.82,687.97,0.3809,806.93,723.65,0.5787,745.52,718.68,0.4820
113,top,1,798.28,390.81,907.10,593.20,812.18,407.02,0.7709,815.14,403.56,0.7230,808.22,404.55,0.7961,824.03,406.52,0.7808,804.76,410.97,0.7419,843.80,424.31,0.6871,806.25,436.17,0.7811,869.00,442.10,0.6354,808.72,460.88,0.5977,893.21,463.35,0.7020,808.22,469.28,0.6017,862.58,479.65,0.6156,841.33,483.11,0.6281,859.61,522.64,0.7268,824.03,523.63,0.7639,861.59,572.05,0.7733,844.29,565.63,0.7084
113,bottom,0,695.53,588.21,809.09,735.84,700.56,612.12,0.6482,700.93,608.06,0.5398,699.45,606.58,0.4549,706.84,607.69,0.6286,722.00,603.25,0.4572,711.28,617.30,0.5571,736.78,613.60,0.3632,714.60,619.51,0.3761,784.10,642.43,0.3491,739.74,646.87,0.2497,798.89,673.85,0.5199,761.92,649.46,0.4277,780.40,643.54,0.5073,750.09,696.03,0.5696,750.46,687.16,0.3518,794.45,720.06,0.5557,744.55,717.10,0.5222
114,top,1,799.69,382.21,908.24,587.58,814.35,399.66,0.7137,816.86,396.15,0.6979,809.84,397.15,0.7535,825.38,397.65,0.7842,807.33,402.67,0.7227,846.44,414.20,0.7016,806.83,428.24,0.7937,871.01,433.76,0.6730,809.34,451.81,0.6130,894.58,456.32,0.6929,809.34,459.33,0.5868,863.49,471.86,0.6245,841.43,475.87,0.6381,861.99,517.99,0.7334,829.39,519.49,0.7419,867.50,567.63,0.8074,844.94,563.62,0.7213
114,bottom,0,685.01,579.05,811.49,738.32,704.20,598.57,0.5924,701.73,597.34,0.4799,700.49,595.28,0.3531,706.26,600.22,0.6525,719.84,595.28,0.5734,711.61,608.04,0.6253,739.19,608.04,0.4393,712.85,610.51,0.5583,783.25,634.80,0.3898,695.55,626.57,0.6356,798.07,666.10,0.6189,762.25,648.39,0.4792,779.54,643.45,0.5952,740.43,690.39,0.5947,750.31,683.80,0.3796,784.48,720.03,0.5731,745.37,718.79,0.5325
115,top,1,799.82,373.82,908.31,581.23,815.58,391.44,0.6569,818.62,386.88,0.6534,811.53,388.40,0.6774,827.73,388.91,0.7739,810.01,393.47,0.7020,850.01,406.13,0.7107,807.98,419.80,0.7941,873.31,426.89,0.6804,809.50,444.10,0.6439,895.59,448.66,0.7060,809.00,453.73,0.7055,862.17,461.83,0.6249,839.88,466.89,0.6359,863.18,510.95,0.7398,836.34,515.00,0.7601,872.80,559.05,0.7973,844.95,561.08,0.7695
115,bottom,0,672.21,569.71,809.46,735.99,705.99,590.75,0.6856,704.20,587.18,0.6070,705.09,586.29,0.4459,707.77,591.65,0.6898,721.18,588.52,0.5847,713.14,603.26,0.6706,743.51,603.26,0.5053,707.77,615.77,0.5771,782.38,630.51,0.6148,684.54,636.77,0.7225,798.46,659.55,0.7309,762.28,649.73,0.5788,778.36,646.15,0.6608,732.35,687.25,0.6682,753.34,677.42,0.5218,771.66,720.76,0.6208,752.45,715.40,0.4788
116,top,1,803.13,366.47,908.65,576.10,820.57,383.77,0.6508,823.64,379.67,0.6629,815.46,381.21,0.6672,831.32,381.21,0.7706,812.90,386.33,0.7224,853.33,398.61,0.7329,809.83,412.43,0.8093,874.31,422.15,0.7211,809.83,437.00,0.6936,895.30,444.67,0.7379,811.36,450.81,0.6920,863.05,455.93,0.6184,840.02,461.05,0.6296,866.12,504.55,0.7163,841.56,510.18,0.7366,876.87,552.15,0.7917,847.70,556.25,0.7812
116,bottom,0,665.51,560.30,811.08,744.83,712.70,579.59,0.6722,709.86,576.75,0.5646,710.81,575.80,0.4552,712.23,582.91,0.6641,725.97,580.06,0.5822,714.12,599.49,0.6602,747.77,597.12,0.5605,700.86,620.82,0.5670,780.94,622.71,0.6567,677.16,645.93,0.7148,798.47,653.99,0.7425,761.99,649.72,0.5811,777.62,646.40,0.6559,726.92,685.26,0.6204,752.03,676.73,0.5072,754.40,722.70,0.6133,750.61,719.38,0.5075
117,top,1,805.26,361.66,907.36,572.66,823.86,378.55,0.6749,826.95,374.43,0.6867,818.71,376.49,0.7092,834.16,375.98,0.7823,815.62,382.16,0.7625,854.77,392.98,0.7575,810.98,407.40,0.8209,874.34,418.73,0.7532,810.98,433.67,0.7397,894.95,441.40,0.7635,812.01,449.13,0.7332,862.50,454.28,0.6144,839.83,458.92,0.6373,868.68,502.19,0.7410,845.50,507.86,0.7432,879.50,545.98,0.7750,853.74,552.68,0.7933
117,bottom,0,661.84,552.24,811.31,759.43,716.34,571.86,0.6586,713.31,569.84,0.5036,717.35,568.32,0.4445,714.32,576.42,0.6458,728.99,573.89,0.6402,714.32,597.15,0.6813,748.72,591.59,0.6122,700.16,623.96,0.6451,781.09,617.89,0.7193,674.36,651.79,0.7304,799.81,648.75,0.7591,757.82,650.27,0.5854,776.03,646.22,0.6523,722.41,684.16,0.6336,751.25,679.10,0.6028,744.67,730.19,0.6881,747.20,721.59,0.6512
118,top,1,805.26,359.40,910.62,568.56,829.35,380.24,0.7557,831.39,375.64,0.7530,823.73,378.19,0.7644,837.52,374.62,0.7938,819.14,382.28,0.8225,857.94,390.96,0.7659,813.52,404.75,0.8072,874.28,417.51,0.7499,811.48,430.28,0.7254,894.20,437.94,0.7514,811.99,448.15,0.7273,863.05,450.70,0.6136,839.05,454.79,0.6263,872.75,497.68,0.7179,847.73,502.79,0.7150,880.41,538.53,0.7654,859.48,545.17,0.7955
118,bottom,0,664.13,547.16,811.70,761.17,720.67,566.91,0.7183,717.02,565.35,0.4865,722.24,563.78,0.4704,716.49,571.09,0.6418,732.69,569.53,0.6981,714.40,596.17,0.7223,753.07,588.34,0.6709,699.77,628.04,0.7406,784.42,615.51,0.7868,675.74,653.12,0.7579,800.61,645.29,0.7855,753.07,652.60,0.6003,773.97,648.94,0.6570,718.58,686.04,0.6899,750.98,678.73,0.6601,735.82,734.63,0.7325,745.75,720.00,0.7502
119,top,1,805.94,358.63,908.60,563.38,831.78,379.03,0.7190,834.28,375.03,0.7320,826.78,377.03,0.7468,840.28,374.03,0.7794,821.78,380.53,0.8206,859.77,391.52,0.7935,816.28,403.02,0.8166,873.77,417.02,0.7778,812.28,429.01,0.7369,893.26,436.51,0.7750,811.78,449.01,0.7176,863.27,450.51,0.6319,839.78,454.01,0.6422,876.27,498.99,0.7208,850.77,500.99,0.7356,880.77,529.99,0.7931,864.77,540.48,0.7906
119,bottom,0,668.92,543.57,813.11,761.29,724.01,563.13,0.7232,720.29,561.01,0.4968,725.60,559.41,0.4584,718.69,566.85,0.6484,735.70,565.79,0.6817,713.91,594.49,0.7449,754.84,584.93,0.6757,699.56,629.58,0.7423,785.14,613.10,0.7677,679.36,650.31,0.7757,802.15,643.93,0.7855,748.46,651.90,0.5867,771.32,649.24,0.6406,717.10,688.58,0.7368,752.71,682.20,0.6897,733.05,738.01,0.7296,745.80,721.00,0.7363
120,top,1,805.42,359.44,909.66,559.25,835.10,377.88,0.6770,837.05,373.97,0.7012,829.73,375.44,0.7239,842.90,374.46,0.7379,824.85,380.32,0.8013,861.44,392.51,0.7898,819.00,403.24,0.8004,874.12,419.34,0.7605,812.66,429.10,0.7448,894.61,436.90,0.7518,810.71,450.08,0.6444,863.88,452.03,0.6280,841.44,455.93,0.6279,879.98,499.35,0.7171,855.10,503.25,0.7166,879.00,523.74,0.7730,866.81,539.84,0.7889
120,bottom,0,674.92,539.72,813.79,760.77,727.08,559.58,0.7194,723.85,557.42,0.5153,728.70,556.35,0.4627,720.61,562.82,0.6644,737.88,561.74,0.6736,713.05,590.34,0.7589,756.77,581.71,0.6799,701.18,627.04,0.7363,785.37,610.85,0.7642,685.53,644.85,0.7670,803.18,642.15,0.7773,744.89,649.17,0.5956,768.64,647.01,0.6159,717.91,688.56,0.7367,755.15,686.40,0.7143,734.10,738.75,0.7244,747.05,720.94,0.7080
121,top,1,801.12,360.67,909.59,558.94,839.86,379.45,0.7431,841.31,375.10,0.7500,834.54,377.03,0.7778,846.64,377.03,0.7365,828.24,381.87,0.8246,863.10,395.43,0.7988,821.47,403.65,0.7981,874.23,421.56,0.7550,812.27,429.31,0.7635,894.56,434.63,0.7189,808.40,452.54,0.6986,864.55,454.00,0.6365,843.25,458.35,0.6380,881.49,497.08,0.7290,857.77,501.43,0.7228,877.13,515.95,0.7938,867.94,539.67,0.7975
121,bottom,0,682.52,536.02,813.57,761.21,730.45,555.70,0.7248,727.16,553.50,0.5400,731.55,552.95,0.4682,722.76,559.00,0.6916,740.35,557.90,0.6740,713.41,585.94,0.7857,759.04,578.79,0.7104,702.42,622.77,0.7293,786.53,609.58,0.7724,691.97,639.27,0.7289,803.57,641.47,0.7832,741.45,646.96,0.6126,766.74,644.22,0.6293,720.56,690.95,0.7533,756.84,689.85,0.6994,735.95,742.07,0.7207,750.25,723.38,0.7025
122,top,1,798.97,360.47,912.91,560.74,841.27,377.00,0.7156,842.74,373.09,0.7416,835.89,375.04,0.7675,848.11,377.00,0.7463,830.02,380.91,0.8345,864.25,396.07,0.8000,823.67,402.42,0.7836,873.54,421.49,0.7579,811.93,427.36,0.7689,895.54,431.76,0.7024,806.55,450.83,0.6774,862.78,453.27,0.6504,843.22,456.70,0.6576,881.36,494.83,0.7494,858.87,496.30,0.7179,873.05,509.50,0.7225,868.16,539.33,0.7829
122,bottom,0,688.22,532.66,811.18,759.32,732.54,553.03,0.7244,729.22,550.26,0.5399,734.76,550.26,0.4857,724.80,556.35,0.7006,743.61,555.24,0.6906,714.84,582.36,0.7934,761.32,576.82,0.7322,704.32,618.88,0.6717,786.77,608.36,0.7828,698.24,631.60,0.6025,802.82,641.01,0.7700,739.74,646.54,0.6324,766.30,643.22,0.6370,723.69,691.92,0.7720,758.55,688.60,0.7119,735.31,742.27,0.7201,753.02,725.12,0.7026
123,top,2,796.15,358.84,924.26,562.31,840.34,375.13,0.6861,842.33,371.16,0.7236,835.37,373.14,0.7343,848.78,373.64,0.7420,830.90,377.61,0.8155,864.68,393.51,0.7872,824.44,398.97,0.7979,874.12,418.84,0.7278,812.02,423.32,0.7538,895.98,428.78,0.6939,804.07,444.18,0.6936,861.20,451.63,0.6502,841.33,455.11,0.6643,875.61,490.87,0.7049,856.73,492.86,0.7007,870.14,505.78,0.7245,867.16,538.56,0.7784
123,bottom,0,693.83,530.50,811.36,757.65,734.85,549.80,0.6958,731.52,546.47,0.5524,737.07,546.47,0.4790,727.08,552.01,0.7029,745.38,551.46,0.6751,715.99,578.63,0.7966,763.69,573.64,0.7449,704.90,616.34,0.6533,788.09,608.03,0.7792,701.02,627.99,0.5948,801.95,640.19,0.7751,740.39,644.07,0.6437,768.12,640.19,0.6465,727.64,691.77,0.7897,761.47,684.56,0.7365,735.96,743.34,0.7557,757.59,730.03,0.7907
124,top,3,795.01,357.47,940.15,562.52,838.54,368.88,0.7586,841.55,365.38,0.7616,834.04,367.38,0.7634,849.06,368.88,0.8049,831.03,373.89,0.7908,864.07,389.91,0.8303,823.52,394.92,0.8127,874.59,415.94,0.7640,811.01,418.95,0.7803,898.12,426.45,0.6750,802.00,438.97,0.7638,858.57,448.98,0.6943,839.54,451.49,0.6958,870.08,490.03,0.6758,854.06,491.03,0.7210,865.58,506.05,0.6082,865.08,538.09,0.7499
124,bottom,0,696.91,526.48,809.54,759.27,737.31,546.26,0.7297,733.90,543.42,0.5490,739.58,543.42,0.5274,728.79,548.54,0.7205,748.11,547.40,0.7279,717.99,575.25,0.8082,766.86,570.70,0.7586,706.62,611.62,0.6874,788.46,607.07,0.7644,703.21,626.40,0.6451,800.39,638.33,0.7626,742.43,641.74,0.6475,769.71,638.33,0.6466,732.76,693.46,0.7767,764.02,684.93,0.7382,735.04,743.47,0.7921,761.18,736.08,0.8160
125,top,1,791.97,352.92,916.42,558.76,838.62,367.40,0.6932,841.13,363.88,0.6979,834.09,365.89,0.7279,848.67,367.40,0.7520,831.08,370.91,0.7627,863.24,387.50,0.8151,824.04,391.52,0.8036,876.31,411.62,0.7646,809.97,415.64,0.7657,899.42,424.69,0.7424,801.43,433.73,0.7177,856.71,446.29,0.6712,837.11,448.81,0.6801,866.76,486.50,0.7198,849.67,489.01,0.7283,860.22,507.10,0.6687,861.73,534.74,0.7610
125,bottom,0,698.27,522.70,809.10,760.63,740.32,544.66,0.7339,736.26,541.75,0.5074,742.65,541.17,0.5384,731.03,546.98,0.7115,750.78,545.82,0.7516,720.57,573.12,0.8018,769.37,569.63,0.7571,708.95,609.72,0.6742,788.54,605.65,0.7587,705.47,624.24,0.5968,799.58,637.60,0.7633,744.39,639.92,0.6494,771.69,636.44,0.6431,737.42,693.95,0.7781,768.21,685.23,0.7469,735.10,743.90,0.8161,764.72,738.68,0.8305
126,top,1,791.09,350.76,916.83,556.52,839.90,365.73,0.6832,841.91,362.21,0.7101,834.87,363.72,0.7274,847.93,365.73,0.7492,830.85,368.74,0.7587,862.00,385.82,0.7866,823.82,389.84,0.7866,877.07,408.43,0.7526,808.75,411.44,0.7569,901.18,422.49,0.7326,799.71,427.01,0.6797,855.47,443.59,0.6730,835.88,445.60,0.6813,866.52,485.79,0.7515,847.43,484.79,0.7411,855.97,506.89,0.7382,855.47,528.49,0.7601
126,bottom,0,699.94,523.41,807.93,767.84,743.19,544.77,0.8075,742.00,542.39,0.5150,743.79,541.79,0.5659,734.84,547.16,0.7181,753.34,545.97,0.7676,722.91,573.42,0.8140,771.84,569.84,0.7739,710.97,609.82,0.6926,789.74,607.43,0.7708,706.79,628.92,0.6433,799.29,638.46,0.7701,745.58,642.05,0.6535,774.23,638.46,0.6451,738.42,696.95,0.8031,770.65,689.19,0.7826,737.82,748.86,0.8092,770.65,740.51,0.8153
127,top,1,785.91,347.93,914.02,548.36,839.20,365.94,0.6711,841.16,362.03,0.6592,834.31,363.49,0.6744,847.52,363.98,0.7050,830.39,367.41,0.7205,859.26,383.56,0.7718,822.07,387.47,0.7748,873.45,403.62,0.7222,806.41,408.02,0.7391,896.94,417.32,0.7268,799.07,420.26,0.7172,852.90,440.32,0.6803,832.84,442.28,0.6763,867.09,482.40,0.7487,845.07,480.44,0.7367,854.86,507.36,0.7540,848.01,524.48,0.7562
127,bottom,0,702.44,526.22,808.44,774.47,745.74,546.70,0.7860,743.32,544.28,0.5104,746.35,543.67,0.5280,736.65,549.73,0.7336,756.05,548.52,0.7748,725.74,575.80,0.8194,774.23,572.77,0.7800,713.01,612.16,0.7496,791.20,610.34,0.7717,708.16,634.59,0.7306,800.29,641.26,0.7760,746.95,644.89,0.6664,775.44,641.86,0.6512,740.89,698.23,0.7968,775.44,693.99,0.7900,742.11,752.17,0.8330,778.47,742.47,0.7865
128,top,1,792.49,344.80,918.76,542.91,835.31,357.28,0.6858,838.70,353.89,0.6893,830.96,354.86,0.6872,844.99,357.76,0.7342,826.61,361.15,0.7419,856.59,379.53,0.7269,819.35,383.88,0.7652,871.10,399.36,0.5421,801.94,407.58,0.6576,893.84,413.87,0.5285,802.42,413.87,0.5733,850.79,437.57,0.6662,829.99,439.98,0.6741,865.78,478.19,0.7168,839.67,475.29,0.7545,853.21,508.66,0.7832,839.67,520.76,0.7610
128,bottom,0,703.93,531.86,808.83,782.48,748.43,551.32,0.7621,745.98,548.87,0.5144,749.65,548.26,0.5182,739.25,553.77,0.7514,758.83,551.93,0.7790,728.24,580.69,0.8094,777.18,578.24,0.7777,715.39,618.01,0.7548,793.09,615.57,0.7749,709.88,642.49,0.7415,802.27,645.55,0.7544,747.81,649.83,0.6715,774.74,647.99,0.6567,743.53,701.22,0.7758,779.02,701.84,0.7895,745.98,755.07,0.8210,785.14,748.34,0.7591
129,top,1,791.50,337.72,921.12,534.13,830.89,348.17,0.6786,833.77,344.34,0.6805,825.62,345.77,0.6465,840.48,349.13,0.7282,821.78,352.49,0.7064,849.60,372.63,0.6872,816.99,375.02,0.7677,864.94,393.72,0.5262,799.25,399.96,0.6909,887.00,408.11,0.5378,813.15,398.52,0.5419,848.64,432.09,0.6709,827.54,434.48,0.6698,862.06,474.28,0.7115,834.73,470.93,0.7363,853.91,507.37,0.8053,830.89,512.64,0.7455
129,bottom,0,706.15,537.78,812.04,790.38,751.08,558.00,0.7756,749.23,554.92,0.5178,752.93,554.92,0.5278,742.45,560.47,0.7458,761.56,558.62,0.7733,731.35,588.22,0.8143,780.07,585.75,0.7882,719.01,626.46,0.7580,796.10,623.99,0.7824,711.61,652.36,0.7507,805.97,651.74,0.7339,749.85,656.67,0.6808,776.36,655.44,0.6698,744.91,708.48,0.7659,783.77,712.79,0.7832,746.15,759.66,0.7890,793.02,755.96,0.7080
130,top,1,790.70,325.81,917.70,526.78,828.69,342.89,0.6886,830.16,339.94,0.6984,823.78,340.44,0.6420,835.55,342.89,0.7165,817.40,345.83,0.7155,842.42,363.00,0.6861,813.48,366.44,0.7696,853.22,384.59,0.5816,796.79,392.44,0.7501,870.39,399.31,0.4618,818.38,388.52,0.5860,845.37,423.84,0.6494,825.74,426.79,0.6474,856.16,466.04,0.7339,828.69,467.02,0.7455,853.71,505.29,0.8166,822.80,505.78,0.7603
130,bottom,0,708.88,545.03,815.43,798.72,754.10,564.72,0.7910,753.49,561.63,0.5315,754.72,561.01,0.5380,746.05,567.82,0.7458,765.25,565.96,0.7648,734.28,596.93,0.8096,783.83,593.21,0.7902,722.52,634.71,0.7459,799.32,631.00,0.7768,713.85,663.82,0.7434,810.47,660.11,0.7240,752.25,665.06,0.6757,778.88,663.82,0.6844,746.67,710.27,0.7353,786.93,722.04,0.7627,746.67,760.44,0.7822,799.94,757.35,0.7147
131,top,4,790.31,319.92,875.01,523.00,821.75,332.21,0.6830,823.74,329.24,0.6566,817.29,330.73,0.6630,828.69,334.20,0.6943,812.33,336.68,0.6993,837.62,355.02,0.7535,807.87,358.49,0.8049,843.07,377.33,0.6595,795.47,385.76,0.8131,860.43,392.21,0.6572,817.79,380.80,0.6098,840.10,415.51,0.6580,820.26,418.98,0.6432,851.01,460.13,0.7592,823.24,462.12,0.7935,854.48,503.27,0.8586,812.83,496.33,0.7589
131,bottom,0,711.64,550.84,821.04,805.29,758.26,569.98,0.7847,757.02,567.49,0.5210,758.26,566.25,0.5510,750.19,573.08,0.7406,768.82,571.22,0.7684,738.39,602.28,0.8360,787.46,598.55,0.8047,727.82,641.42,0.7755,802.99,635.82,0.8015,718.51,671.85,0.7492,814.17,664.40,0.7655,755.16,669.37,0.6868,781.25,668.75,0.6947,748.95,713.47,0.7196,790.57,729.00,0.7745,747.08,761.93,0.7416,806.72,765.65,0.7257
132,top,5,788.13,315.44,874.29,519.66,816.75,328.30,0.6893,818.74,325.31,0.6722,812.26,326.31,0.6666,823.73,329.30,0.7013,807.28,332.29,0.7028,832.21,349.74,0.7597,804.78,353.23,0.8268,837.19,373.18,0.6508,794.81,380.16,0.8348,853.15,388.63,0.6280,816.75,372.68,0.6793,835.70,409.07,0.6746,815.25,412.56,0.6613,847.16,453.95,0.7602,818.74,457.44,0.7688,854.14,496.33,0.8299,804.28,488.85,0.7679
132,bottom,0,717.01,553.10,825.55,809.08,763.16,572.35,0.7660,761.91,569.85,0.5099,763.78,568.60,0.5394,755.03,575.47,0.7485,774.41,573.60,0.7658,743.78,604.85,0.8379,792.53,601.72,0.8105,734.41,644.22,0.7710,808.15,639.22,0.8001,725.04,676.71,0.7321,819.40,666.72,0.7676,759.41,673.59,0.6793,786.28,673.59,0.6958,751.28,714.21,0.7162,795.03,732.33,0.7854,748.16,762.96,0.7464,810.03,772.33,0.7602
133,top,2,784.78,308.90,876.25,511.88,812.68,326.14,0.7845,815.15,322.67,0.7497,807.72,324.16,0.6975,820.11,326.64,0.7718,802.27,330.11,0.7458,825.56,346.96,0.7569,801.28,350.43,0.8603,830.52,372.73,0.6040,793.84,379.17,0.8577,846.87,387.59,0.5236,815.65,365.79,0.7237,831.01,404.94,0.6888,811.19,407.91,0.6789,844.39,448.05,0.8017,813.17,452.51,0.7985,851.33,489.19,0.8535,795.33,478.78,0.8167
133,bottom,0,723.22,552.22,830.07,811.68,768.41,572.37,0.7716,767.14,569.20,0.5363,769.67,568.56,0.5430,760.17,575.53,0.7451,779.81,573.63,0.7608,748.77,604.67,0.8368,798.18,601.50,0.8036,741.80,644.58,0.7985,814.65,639.51,0.7956,731.67,677.52,0.7400,823.52,667.38,0.7377,765.87,674.35,0.6643,793.11,673.72,0.6949,755.11,718.06,0.7394,798.81,733.26,0.7830,747.50,763.04,0.7702,809.58,783.94,0.7749
134,top,1,775.97,308.81,870.37,506.63,808.68,325.62,0.7742,810.61,322.24,0.7342,803.85,323.69,0.7242,815.92,326.10,0.7718,798.05,329.48,0.8011,822.20,345.42,0.7962,797.09,349.29,0.8668,826.07,371.50,0.6507,792.26,377.78,0.8432,841.52,385.02,0.5798,812.54,361.36,0.7269,826.55,401.93,0.7173,806.75,404.82,0.6796,842.00,443.46,0.8179,807.23,449.74,0.8151,846.35,484.99,0.8518,787.91,476.78,0.8543
134,bottom,0,729.80,551.75,834.53,814.12,774.48,572.12,0.7693,773.84,568.92,0.5416,775.12,567.64,0.5487,766.15,574.68,0.7366,785.37,572.76,0.7597,753.98,604.79,0.8316,804.58,601.59,0.7981,748.22,643.86,0.7999,820.60,640.02,0.7895,737.97,676.53,0.7536,827.64,666.28,0.7369,771.28,675.25,0.6659,798.18,674.61,0.6990,759.11,724.57,0.7644,802.02,734.82,0.8041,749.50,764.28,0.7358,808.43,791.19,0.8194
135,top,1,772.43,309.74,862.71,502.20,804.41,325.62,0.7821,806.29,322.33,0.7588,799.71,323.74,0.7449,810.99,326.56,0.7482,794.08,331.26,0.7945,817.10,346.30,0.7549,793.14,350.06,0.8546,821.33,371.20,0.6465,789.85,378.72,0.8333,836.36,385.30,0.5669,805.82,360.39,0.7676,821.80,402.68,0.6989,801.12,405.97,0.6543,839.18,440.27,0.8093,801.59,447.32,0.8048,840.59,480.68,0.8439,783.27,478.33,0.8350
135,bottom,0,734.72,551.77,839.40,815.05,779.99,572.85,0.7677,778.70,569.64,0.5518,780.63,568.35,0.5517,772.28,575.42,0.7439,790.92,573.50,0.7767,760.06,605.63,0.8228,810.20,601.78,0.8071,753.64,645.49,0.7994,826.91,640.99,0.7912,743.35,675.70,0.7677,833.98,671.20,0.7399,776.78,676.34,0.6641,804.41,676.34,0.7128,763.92,727.12,0.7870,804.41,736.12,0.8178,754.28,766.33,0.7551,808.91,793.97,0.8460
136,top,3,768.99,315.34,874.01,498.30,800.95,330.88,0.7307,803.63,326.86,0.7161,796.04,328.65,0.7029,808.10,329.99,0.7213,790.68,334.01,0.7579,813.46,349.64,0.6680,789.34,353.66,0.8064,818.82,373.76,0.5557,786.66,380.02,0.7904,836.24,385.82,0.3776,803.19,356.34,0.6925,816.59,404.58,0.6562,796.49,408.60,0.6214,836.69,440.32,0.7544,796.93,448.81,0.7714,831.33,477.84,0.7672,779.07,478.29,0.7969
136,bottom,0,740.42,552.67,844.92,817.88,784.25,573.26,0.7320,782.31,570.03,0.5387,785.55,568.73,0.5480,777.13,575.85,0.7391,795.91,573.91,0.7637,765.48,606.28,0.8285,815.98,602.40,0.8131,759.00,645.78,0.8036,832.17,641.25,0.7978,749.29,675.56,0.7811,839.94,671.03,0.7476,781.66,677.51,0.6676,809.51,676.86,0.7126,768.07,726.71,0.7973,806.92,736.43,0.8233,762.89,775.92,0.8386,810.15,794.05,0.8444
137,top,1,771.97,317.95,870.03,491.21,799.01,334.79,0.7583,800.70,331.40,0.7333,793.93,333.09,0.6760,805.35,334.79,0.6801,788.01,338.17,0.7038,810.00,354.24,0.6608,785.47,356.78,0.7814,819.31,375.39,0.5781,782.51,382.16,0.7802,847.23,386.39,0.5385,796.47,359.32,0.7396,810.85,408.39,0.6574,790.55,413.04,0.6506,832.00,441.80,0.7491,794.35,451.53,0.7545,819.31,473.95,0.7676,778.28,479.45,0.8309
137,bottom,0,747.66,553.89,851.08,818.05,788.41,575.04,0.7225,785.83,571.17,0.5184,789.69,569.88,0.5550,781.96,576.98,0.7243,800.66,575.04,0.7494,769.70,607.29,0.8280,820.65,604.06,0.8034,763.25,646.63,0.7946,837.42,642.76,0.8018,754.22,675.65,0.7732,845.16,674.36,0.7435,787.12,678.87,0.6626,814.20,678.87,0.7081,773.57,727.89,0.8047,809.04,736.92,0.8313,772.93,782.70,0.8440,810.33,795.60,0.8537
138,top,2,769.73,319.00,868.01,491.34,798.25,334.90,0.7480,799.51,331.53,0.7263,793.20,333.22,0.6941,803.30,335.74,0.6723,786.05,339.11,0.7334,807.93,355.94,0.6461,783.53,357.20,0.7692,819.71,375.71,0.5470,776.37,382.87,0.7743,847.48,385.39,0.5999,789.84,359.73,0.6927,805.41,409.80,0.6578,786.05,413.58,0.6453,824.76,442.62,0.7084,792.78,453.98,0.7308,807.93,469.54,0.7412,777.63,482.17,0.8007
138,bottom,0,753.32,554.89,858.18,818.88,792.86,577.32,0.7356,788.99,573.45,0.5394,794.80,572.81,0.5687,786.42,579.25,0.7319,805.11,577.96,0.7572,775.46,609.54,0.8355,824.44,605.68,0.8067,768.37,648.21,0.7862,842.49,644.35,0.8120,759.99,675.28,0.7613,851.51,676.57,0.7536,792.86,681.08,0.6723,819.29,680.44,0.7173,779.33,731.36,0.8062,811.55,738.45,0.8336,783.19,788.72,0.8121,811.55,797.74,0.8611
139,top,5,761.59,319.49,862.21,490.96,796.00,335.74,0.7206,797.25,332.39,0.7106,790.55,333.22,0.6565,801.02,335.74,0.6638,783.44,338.67,0.7399,805.62,354.57,0.6462,780.93,356.25,0.7566,816.93,373.83,0.5240,770.88,381.36,0.7735,842.88,380.53,0.5363,787.62,357.50,0.7016,800.18,408.99,0.6517,781.34,413.18,0.6302,818.18,443.32,0.6798,793.48,452.53,0.7282,796.00,466.34,0.7396,777.16,481.83,0.8044
139,bottom,0,758.36,558.24,864.15,823.13,797.67,580.74,0.7357,794.44,576.86,0.5314,799.61,576.22,0.5559,791.21,582.68,0.7119,809.96,581.39,0.7502,780.21,612.43,0.8399,829.36,609.20,0.8085,772.45,651.88,0.7837,847.47,648.00,0.8169,764.69,677.10,0.7298,857.82,680.98,0.7742,798.32,685.51,0.6914,823.54,685.51,0.7254,785.39,739.83,0.8159,813.84,741.12,0.8342,797.03,793.51,0.7744,812.55,799.97,0.8392
140,top,5,758.79,317.33,850.64,490.66,794.56,332.91,0.7695,795.40,329.94,0.7320,789.48,330.37,0.7133,798.79,334.18,0.6628,781.86,336.71,0.8070,803.44,352.79,0.7069,778.90,353.22,0.7558,811.48,370.99,0.6158,765.78,377.34,0.7487,831.37,376.07,0.6449,783.98,357.03,0.6727,796.25,406.11,0.6513,778.90,409.92,0.6389,808.94,442.08,0.7054,791.17,448.85,0.6789,784.40,466.20,0.7891,777.63,479.32,0.8019
140,bottom,0,762.09,563.28,871.07,830.27,803.55,585.96,0.7284,800.29,582.05,0.5101,805.50,581.40,0.5494,796.38,587.26,0.7059,814.63,586.61,0.7653,785.29,617.90,0.8258,833.53,614.64,0.7944,776.17,655.05,0.7673,853.08,652.45,0.8030,770.30,677.87,0.7147,862.86,687.65,0.7773,803.55,690.25,0.7023,828.32,689.60,0.7240,793.12,746.96,0.7934,815.93,743.70,0.8249,806.80,796.50,0.7565,812.67,799.76,0.7470
141,top,5,753.93,316.79,809.77,497.02,793.73,332.10,0.7123,794.61,329.46,0.6950,789.33,329.46,0.6353,796.81,333.42,0.6098,781.41,334.30,0.7204,798.57,352.78,0.5732,775.69,352.78,0.6569,798.13,371.26,0.4216,759.85,374.34,0.7049,799.89,369.06,0.4101,780.09,356.30,0.6007,789.77,404.71,0.6367,773.49,409.11,0.6125,801.65,439.91,0.7104,790.65,448.71,0.6810,774.81,456.63,0.6367,776.13,481.27,0.7454
141,bottom,0,768.69,569.37,877.37,819.56,808.37,591.85,0.7695,804.70,587.57,0.5018,809.59,587.57,0.5640,799.82,593.68,0.7130,819.36,593.07,0.7683,790.04,623.61,0.8287,838.30,619.94,0.7941,780.88,661.48,0.7494,857.23,657.82,0.7955,776.00,679.19,0.6924,867.01,693.24,0.7472,809.59,695.08,0.7019,832.80,695.08,0.7102,802.87,753.71,0.8086,818.75,746.99,0.7990,819.97,803.80,0.7276,810.81,797.69,0.7357
142,top,5,749.54,317.06,850.51,498.23,793.84,332.01,0.6809,794.28,328.91,0.6516,788.97,329.36,0.6211,796.49,332.89,0.5903,781.01,334.22,0.6938,800.03,353.24,0.5892,774.82,351.47,0.6834,810.64,372.26,0.4986,757.57,372.70,0.7550,834.09,378.45,0.5752,779.68,356.34,0.6766,784.99,407.65,0.5420,771.28,408.97,0.6579,793.39,443.47,0.5383,791.62,446.57,0.6491,766.41,453.65,0.6600,775.70,479.30,0.7116
142,bottom,0,774.07,576.74,880.01,842.54,812.76,598.68,0.8285,811.47,594.78,0.5432,814.06,594.78,0.6435,804.33,600.62,0.7483,823.15,598.68,0.7929,793.95,630.47,0.8501,843.26,628.53,0.8089,783.56,668.11,0.7702,862.08,666.81,0.8188,780.32,684.98,0.6570,873.11,701.85,0.7779,814.71,702.50,0.7147,838.72,701.85,0.7229,814.06,763.50,0.7646,819.90,753.12,0.7044,835.48,819.31,0.7436,811.47,800.49,0.7226
143,top,5,746.12,317.81,846.65,488.57,793.46,333.98,0.7213,793.88,331.48,0.6930,789.30,331.48,0.6570,795.13,335.23,0.5257,780.96,336.49,0.6886,796.38,355.25,0.5476,774.70,353.58,0.6533,805.14,375.67,0.4722,754.28,372.76,0.7037,829.32,379.84,0.6192,775.54,364.00,0.5540,779.29,409.03,0.4554,767.62,410.28,0.6430,780.12,438.63,0.4943,793.05,443.63,0.6535,758.03,457.81,0.7216,772.62,475.73,0.7117
143,bottom,0,777.42,584.04,886.35,853.83,816.74,604.99,0.7870,814.76,601.70,0.5538,818.05,601.04,0.6274,808.17,607.63,0.7526,827.27,606.31,0.7930,797.64,636.61,0.8267,847.69,633.97,0.7816,786.44,675.47,0.7688,866.14,672.17,0.8140,784.46,688.64,0.6449,877.33,707.74,0.7651,820.03,710.38,0.7088,843.74,709.72,0.7032,823.32,770.32,0.7535,823.32,760.44,0.6640,844.40,826.96,0.7636,813.44,797.98,0.7035
144,top,3,739.39,321.48,842.90,486.22,792.75,336.69,0.7251,793.15,334.27,0.6866,788.73,334.67,0.6485,793.96,338.70,0.4588,779.88,339.10,0.6556,793.56,358.81,0.6041,773.85,356.39,0.6799,798.79,382.13,0.5193,753.34,374.49,0.7459,824.93,387.36,0.6128,775.06,373.29,0.6142,766.61,409.48,0.4238,764.20,409.89,0.6395,775.46,440.05,0.4941,793.15,442.87,0.6524,749.31,460.16,0.7323,768.22,474.24,0.7196
144,bottom,0,781.46,589.52,889.91,856.36,820.70,611.54,0.7627,818.75,607.63,0.5400,822.66,606.98,0.6409,812.23,613.49,0.7413,831.13,612.19,0.7748,800.51,642.81,0.8146,851.32,639.55,0.7849,788.78,681.90,0.7537,870.22,677.34,0.8102,788.13,693.62,0.6119,881.29,711.86,0.7561,827.22,714.47,0.6935,850.67,713.17,0.6997,829.82,775.71,0.7299,828.52,761.37,0.6066,850.67,830.43,0.7670,819.40,799.16,0.6586
145,top,3,735.73,325.84,841.82,492.04,791.21,344.42,0.7297,792.42,341.58,0.6952,787.96,341.99,0.6258,792.83,345.24,0.4510,779.44,345.24,0.6233,790.80,363.90,0.6165,772.54,362.68,0.6891,795.26,386.22,0.5519,753.06,380.94,0.7560,821.23,393.93,0.6293,773.35,384.59,0.5886,762.80,412.59,0.4515,761.99,412.59,0.6456,774.16,442.21,0.4960,793.23,443.43,0.6685,746.57,463.31,0.7633,765.24,472.24,0.7207
145,bottom,0,783.69,592.90,892.98,857.62,824.12,616.04,0.7689,821.53,612.16,0.5494,826.06,611.51,0.6217,815.72,617.97,0.7604,835.11,616.68,0.7933,804.08,647.70,0.8267,855.79,643.18,0.7845,791.16,687.77,0.7640,874.53,680.66,0.8083,791.80,702.64,0.6038,884.87,714.92,0.7706,833.81,719.44,0.7034,857.73,717.50,0.7130,834.46,778.25,0.7228,836.40,765.33,0.6339,853.20,835.77,0.7835,827.35,802.81,0.6468
146,top,2,734.13,329.30,841.68,492.48,789.50,347.54,0.7469,790.69,344.36,0.7151,786.31,344.75,0.6356,791.49,348.74,0.4696,777.55,348.74,0.6520,788.30,367.46,0.6656,770.38,367.86,0.7274,793.08,389.77,0.5619,754.44,389.37,0.7733,820.18,398.54,0.6329,776.35,391.37,0.6140,764.00,415.27,0.4385,759.62,415.27,0.6341,773.17,444.35,0.4856,792.29,444.75,0.6604,746.07,463.87,0.7715,763.60,473.83,0.7397
146,bottom,0,787.08,595.89,898.01,857.95,828.47,617.51,0.7408,825.27,613.68,0.5331,831.03,613.68,0.5961,820.15,619.43,0.7458,839.35,617.51,0.7899,808.64,648.86,0.8185,861.10,645.03,0.7751,794.56,690.45,0.7695,879.65,681.49,0.7977,795.84,707.08,0.6471,889.25,715.40,0.7774,837.43,720.52,0.7055,862.38,718.60,0.7216,836.79,780.02,0.7469,847.66,766.58,0.6775,854.06,837.60,0.7745,838.71,808.17,0.6453
147,top,3,733.95,329.31,839.91,488.03,787.32,348.60,0.7058,788.87,345.12,0.6799,783.83,345.50,0.6228,789.64,347.83,0.4850,775.30,348.60,0.6455,786.54,366.43,0.6006,770.27,367.98,0.7092,795.45,387.35,0.4992,756.70,392.39,0.7443,820.64,393.17,0.6285,780.34,390.07,0.5665,761.74,415.64,0.4282,757.48,416.42,0.6159,771.43,443.93,0.4936,788.87,447.03,0.6706,746.63,464.85,0.7541,764.07,475.70,0.7445
147,bottom,0,792.85,595.09,902.03,856.52,832.76,616.66,0.7391,828.93,612.83,0.5261,835.31,612.83,0.5861,824.46,619.21,0.7463,844.89,617.30,0.7995,814.25,649.21,0.8170,865.95,644.11,0.7744,800.21,690.06,0.7519,885.10,681.76,0.7906,800.21,710.48,0.6633,893.39,714.31,0.7772,841.69,718.14,0.6943,867.86,716.23,0.7195,838.50,779.42,0.7876,858.29,762.18,0.6715,854.46,838.14,0.7849,853.82,810.69,0.6187
148,top,3,734.22,325.74,796.48,485.58,780.18,338.54,0.6849,782.13,336.59,0.5487,777.45,336.59,0.5844,782.52,340.49,0.5165,773.15,341.27,0.6186,782.52,359.22,0.5058,770.42,360.00,0.7144,776.27,384.20,0.3807,760.27,386.93,0.6035,786.42,379.90,0.2711,769.64,404.49,0.3651,750.52,411.90,0.4076,761.45,412.29,0.5568,770.03,443.51,0.5987,786.81,445.47,0.7043,745.45,464.20,0.7303,763.79,475.90,0.7531
148,bottom,0,799.17,592.39,905.03,856.53,838.56,614.83,0.7115,834.05,610.96,0.5270,841.79,610.32,0.5784,830.18,617.41,0.7502,849.52,616.12,0.8011,819.22,647.08,0.8341,870.80,642.56,0.7712,806.96,687.06,0.7603,890.15,679.96,0.7848,805.67,712.85,0.7205,897.24,712.21,0.7689,845.01,717.36,0.6976,872.09,714.14,0.7178,840.50,778.63,0.8117,869.51,759.93,0.7191,853.39,837.31,0.8018,870.16,811.51,0.7296
149,top,3,736.31,315.17,793.12,488.88,776.59,328.24,0.7288,777.86,325.69,0.5618,774.47,326.12,0.5914,777.86,329.51,0.5644,770.23,330.36,0.6315,777.01,350.29,0.6364,768.53,349.44,0.8006,781.68,370.22,0.5484,758.35,372.34,0.7033,797.80,359.62,0.5708,772.35,359.62,0.3622,754.11,402.88,0.5745,761.75,404.57,0.7221,766.41,438.08,0.6948,781.26,442.32,0.7495,745.63,463.10,0.7981,761.32,476.67,0.8260
149,bottom,0,805.46,591.61,909.03,855.61,843.71,613.40,0.7431,839.84,609.53,0.5459,846.29,608.88,0.5984,835.33,615.97,0.7586,854.67,614.68,0.7832,823.73,646.27,0.8644,875.94,641.75,0.7987,813.42,686.23,0.7944,895.27,679.78,0.8113,810.84,714.59,0.7544,902.36,712.65,0.7861,849.51,716.52,0.6988,876.58,713.30,0.7289,841.78,777.75,0.8302,879.80,760.35,0.7673,853.38,837.69,0.8451,888.83,815.78,0.8029
150,top,3,739.28,302.29,793.19,486.85,774.35,317.97,0.6830,774.80,314.36,0.6170,772.09,314.81,0.6029,776.15,318.42,0.5509,765.33,319.32,0.6463,775.70,340.05,0.5991,759.03,339.60,0.6620,782.01,355.82,0.5713,759.03,351.31,0.5867,800.48,341.40,0.6741,767.14,330.13,0.5651,756.32,397.27,0.4946,762.18,397.72,0.6460,760.83,432.87,0.6001,773.90,436.02,0.6896,746.86,462.15,0.7414,760.83,477.02,0.8029
150,bottom,0,809.53,591.13,924.26,856.39,849.41,613.02,0.7858,846.17,609.78,0.5601,850.71,609.13,0.5939,840.99,615.61,0.7389,859.77,614.31,0.7742,828.04,646.05,0.8765,881.79,642.81,0.8149,820.91,686.20,0.7851,901.22,681.02,0.8184,817.03,717.29,0.7446,907.70,712.75,0.7727,853.30,716.64,0.6847,882.44,713.40,0.7210,840.99,776.87,0.8462,890.21,763.27,0.7814,852.65,837.74,0.8317,910.29,817.02,0.8244
151,top,3,742.13,281.50,789.99,490.92,774.24,312.58,0.5347,774.24,309.52,0.4785,772.19,310.54,0.4899,773.73,314.63,0.4695,767.59,315.14,0.5338,776.79,329.46,0.4586,761.97,329.97,0.5553,783.95,324.85,0.4162,751.23,321.28,0.4551,795.71,319.23,0.3691,756.34,299.80,0.5347,761.46,386.21,0.4924,762.99,387.23,0.6324,761.46,425.58,0.5442,765.04,428.13,0.6791,753.28,465.46,0.5311,760.43,473.13,0.7103
151,bottom,0,813.59,594.44,945.41,858.50,855.64,614.29,0.8830,854.35,611.72,0.6586,856.93,611.07,0.6211,846.62,616.87,0.7894,865.31,616.87,0.7971,833.72,647.82,0.8957,886.59,645.24,0.8320,827.92,687.79,0.8047,906.57,682.63,0.8056,822.12,721.96,0.7725,912.38,715.51,0.7744,858.87,720.02,0.7124,887.23,716.80,0.7222,838.24,776.76,0.8430,901.42,767.73,0.7632,851.13,839.29,0.8594,929.78,821.24,0.8641
152,top,,,,,,,,,,,,,,,,,,,,,,,,,,,,,,,,,,,,,,,,,,,,,,,,,,,,,,,,
152,bottom,,,,,,,,,,,,,,,,,,,,,,,,,,,,,,,,,,,,,,,,,,,,,,,,,,,,,,,,
153,top,,,,,,,,,,,,,,,,,,,,,,,,,,,,,,,,,,,,,,,,,,,,,,,,,,,,,,,,
153,bottom,,,,,,,,,,,,,,,,,,,,,,,,,,,,,,,,,,,,,,,,,,,,,,,,,,,,,,,,
154,top,,,,,,,,,,,,,,,,,,,,,,,,,,,,,,,,,,,,,,,,,,,,,,,,,,,,,,,,
154,bottom,,,,,,,,,,,,,,,,,,,,,,,,,,,,,,,,,,,,,,,,,,,,,,,,,,,,,,,,
155,top,,,,,,,,,,,,,,,,,,,,,,,,,,,,,,,,,,,,,,,,,,,,,,,,,,,,,,,,
155,bottom,,,,,,,,,,,,,,,,,,,,,,,,,,,,,,,,,,,,,,,,,,,,,,,,,,,,,,,,
156,top,,,,,,,,,,,,,,,,,,,,,,,,,,,,,,,,,,,,,,,,,,,,,,,,,,,,,,,,
156,bottom,,,,,,,,,,,,,,,,,,,,,,,,,,,,,,,,,,,,,,,,,,,,,,,,,,,,,,,,
157,top,,,,,,,,,,,,,,,,,,,,,,,,,,,,,,,,,,,,,,,,,,,,,,,,,,,,,,,,
157,bottom,,,,,,,,,,,,,,,,,,,,,,,,,,,,,,,,,,,,,,,,,,,,,,,,,,,,,,,,
158,top,,,,,,,,,,,,,,,,,,,,,,,,,,,,,,,,,,,,,,,,,,,,,,,,,,,,,,,,
158,bottom,,,,,,,,,,,,,,,,,,,,,,,,,,,,,,,,,,,,,,,,,,,,,,,,,,,,,,,,
159,top,,,,,,,,,,,,,,,,,,,,,,,,,,,,,,,,,,,,,,,,,,,,,,,,,,,,,,,,
159,bottom,,,,,,,,,,,,,,,,,,,,,,,,,,,,,,,,,,,,,,,,,,,,,,,,,,,,,,,,
160,top,,,,,,,,,,,,,,,,,,,,,,,,,,,,,,,,,,,,,,,,,,,,,,,,,,,,,,,,
160,bottom,,,,,,,,,,,,,,,,,,,,,,,,,,,,,,,,,,,,,,,,,,,,,,,,,,,,,,,,
161,top,,,,,,,,,,,,,,,,,,,,,,,,,,,,,,,,,,,,,,,,,,,,,,,,,,,,,,,,
161,bottom,,,,,,,,,,,,,,,,,,,,,,,,,,,,,,,,,,,,,,,,,,,,,,,,,,,,,,,,
162,top,,,,,,,,,,,,,,,,,,,,,,,,,,,,,,,,,,,,,,,,,,,,,,,,,,,,,,,,
162,bottom,,,,,,,,,,,,,,,,,,,,,,,,,,,,,,,,,,,,,,,,,,,,,,,,,,,,,,,,
163,top,,,,,,,,,,,,,,,,,,,,,,,,,,,,,,,,,,,,,,,,,,,,,,,,,,,,,,,,
163,bottom,,,,,,,,,,,,,,,,,,,,,,,,,,,,,,,,,,,,,,,,,,,,,,,,,,,,,,,,
164,top,,,,,,,,,,,,,,,,,,,,,,,,,,,,,,,,,,,,,,,,,,,,,,,,,,,,,,,,
164,bottom,,,,,,,,,,,,,,,,,,,,,,,,,,,,,,,,,,,,,,,,,,,,,,,,,,,,,,,,
165,top,,,,,,,,,,,,,,,,,,,,,,,,,,,,,,,,,,,,,,,,,,,,,,,,,,,,,,,,
165,bottom,,,,,,,,,,,,,,,,,,,,,,,,,,,,,,,,,,,,,,,,,,,,,,,,,,,,,,,,
166,top,3,720.94,311.84,869.97,507.82,743.54,331.24,0.7983,746.94,327.36,0.8018,740.15,327.85,0.7488,753.73,330.76,0.7984,735.30,333.18,0.7358,771.20,348.71,0.8519,730.45,354.53,0.7946,777.02,379.76,0.7777,734.81,381.21,0.7357,762.46,405.47,0.7166,750.34,383.64,0.6279,780.41,390.43,0.6832,754.70,402.56,0.7176,820.19,407.89,0.6772,743.54,444.76,0.7085,847.36,440.88,0.7902,732.39,486.00,0.8668
166,bottom,0,738.14,667.26,947.09,904.83,811.33,687.42,1.0160,812.01,685.38,0.7030,811.33,684.70,0.6873,801.13,692.86,0.8654,820.85,690.82,0.7977,790.92,719.39,0.9102,842.62,713.95,0.8309,792.28,755.44,0.8019,863.70,755.44,0.7901,779.36,793.53,0.8257,854.86,773.80,0.3809,822.21,780.60,0.6847,854.86,775.84,0.7130,785.48,830.26,0.8770,891.59,816.65,0.8046,764.40,887.39,0.9168,929.00,858.14,0.8934
167,top,2,719.25,328.74,873.47,505.87,747.66,345.52,0.7933,750.17,342.00,0.8117,743.14,343.01,0.7349,755.69,346.02,0.7839,737.62,347.02,0.7426,772.26,364.59,0.8357,731.60,369.11,0.7567,778.29,396.22,0.7605,733.60,393.71,0.6719,762.22,418.81,0.7314,747.66,402.24,0.4912,780.29,404.75,0.6818,754.69,413.29,0.7337,819.45,419.31,0.6572,743.14,451.95,0.7420,851.58,448.93,0.7839,732.10,489.60,0.8688
167,bottom,0,737.69,667.64,941.96,905.07,809.24,687.94,1.0174,809.90,685.95,0.7288,809.24,685.28,0.7072,799.26,693.93,0.8801,819.21,691.27,0.7966,787.96,720.53,0.9176,840.49,715.21,0.8297,787.29,757.10,0.8114,861.10,755.77,0.7904,779.32,796.33,0.8119,857.11,776.38,0.4079,818.55,782.36,0.6960,850.46,777.71,0.7086,781.98,830.24,0.8723,889.03,819.60,0.7925,764.02,888.09,0.9193,926.27,858.83,0.8765
168,top,1,720.73,340.55,868.66,503.36,750.40,357.43,0.8912,753.29,353.10,0.8963,746.54,353.58,0.8460,759.55,355.99,0.8748,741.25,356.95,0.8623,775.92,375.73,0.8530,734.02,380.06,0.8495,780.73,405.59,0.7836,737.88,405.10,0.7886,765.32,430.14,0.7224,749.43,424.85,0.7278,782.66,411.36,0.6633,757.14,418.59,0.7288,819.74,431.11,0.6570,743.17,453.26,0.7316,851.52,459.04,0.7713,731.62,490.33,0.8625
168,bottom,0,737.92,666.53,943.75,905.36,811.36,686.79,1.0091,811.36,684.78,0.7103,812.03,684.11,0.6755,801.31,692.82,0.8580,821.41,690.81,0.7926,788.58,719.62,0.9094,840.84,714.26,0.8488,783.22,756.47,0.8086,861.61,755.80,0.7974,777.19,793.99,0.8317,858.26,777.24,0.4879,816.72,783.27,0.7206,848.88,777.91,0.7207,781.88,830.84,0.8676,887.74,818.11,0.8164,763.12,889.13,0.9292,922.58,862.33,0.9061
169,top,1,719.66,347.48,863.87,504.18,756.56,364.81,0.9152,759.85,360.58,0.9313,752.33,361.05,0.8821,765.95,363.40,0.8294,746.70,363.87,0.8534,781.91,381.24,0.8266,739.19,384.99,0.8747,789.89,411.28,0.7793,742.95,411.28,0.7937,773.93,434.75,0.6780,753.27,429.59,0.7756,788.48,417.38,0.6755,759.38,423.49,0.7497,821.34,442.73,0.6734,742.01,459.16,0.7679,846.22,473.24,0.8197,731.68,491.55,0.8529
169,bottom,0,738.44,663.73,939.58,904.29,815.44,685.14,0.9867,814.13,682.52,0.7081,816.75,681.87,0.6864,805.62,689.73,0.8297,825.91,688.42,0.8777,790.56,716.57,0.8998,844.25,713.95,0.8534,782.05,754.54,0.8068,863.89,755.20,0.7945,776.81,790.56,0.8250,861.92,780.08,0.5793,815.44,781.39,0.7117,846.87,776.81,0.7129,782.70,829.18,0.8499,886.80,815.44,0.8166,763.06,888.77,0.9335,917.58,866.50,0.9023
170,top,1,719.10,350.77,848.54,512.30,764.86,366.65,0.9020,767.81,362.86,0.9093,760.65,363.28,0.9231,773.71,364.96,0.8797,755.17,366.65,0.8702,789.30,382.24,0.7644,745.90,387.29,0.8372,801.10,407.94,0.7195,750.11,413.42,0.7680,788.46,432.80,0.6565,764.44,427.32,0.6769,794.36,419.74,0.6127,766.97,424.80,0.6652,823.85,451.34,0.7385,747.16,459.35,0.7196,841.55,492.63,0.8110,732.42,491.37,0.8143
170,bottom,0,738.64,659.28,929.59,904.73,820.44,681.31,0.9264,819.19,679.44,0.5411,822.30,678.82,0.6606,811.11,686.90,0.7117,831.63,685.04,0.8398,794.33,713.01,0.8722,849.65,711.76,0.8348,783.14,749.68,0.7633,868.30,753.41,0.8039,777.55,785.11,0.8228,868.30,781.38,0.6029,816.71,778.27,0.6959,847.17,774.54,0.6830,783.76,829.24,0.8322,886.33,812.46,0.8274,763.87,888.91,0.8882,907.46,870.27,0.8919
171,top,1,719.03,350.22,858.59,519.35,775.18,367.55,0.7613,778.36,363.46,0.7734,771.55,363.46,0.7539,784.72,365.28,0.8401,766.10,365.74,0.7826,799.72,380.73,0.7599,756.56,385.72,0.7926,814.25,405.71,0.7422,758.37,412.07,0.7352,802.44,430.70,0.6813,776.09,424.79,0.6391,803.80,422.52,0.6458,776.55,425.70,0.6756,826.97,460.68,0.7560,752.47,461.14,0.7452,842.87,502.03,0.8068,734.30,492.03,0.7546
171,bottom,0,739.94,656.34,923.46,904.68,828.06,677.44,0.8289,829.88,675.02,0.5296,828.06,674.41,0.5754,818.97,681.69,0.7489,838.98,681.08,0.8135,800.78,708.97,0.8052,856.56,708.37,0.7932,786.23,745.35,0.7211,873.53,750.81,0.7674,779.56,781.12,0.8058,876.57,780.51,0.6539,817.76,776.88,0.6735,848.68,773.85,0.6519,786.23,829.02,0.8094,886.27,810.22,0.8187,763.79,888.44,0.8763,899.00,872.67,0.8464
172,top,1,721.77,345.88,861.09,520.52,787.35,365.17,0.7527,790.52,360.63,0.7367,783.72,361.09,0.7430,796.87,362.90,0.7983,778.28,363.81,0.7833,811.84,379.23,0.7288,769.21,383.76,0.7407,826.35,401.90,0.7380,768.30,409.61,0.7074,815.92,426.40,0.7100,786.89,420.05,0.6074,811.38,421.86,0.6547,783.72,424.13,0.6692,834.06,460.86,0.7536,758.32,461.32,0.7447,844.94,503.95,0.8206,736.10,491.25,0.7618
172,bottom,0,740.20,651.68,923.13,903.03,839.03,674.88,0.7994,840.87,671.81,0.5916,840.87,671.81,0.5329,826.15,677.95,0.7503,845.78,677.95,0.7836,807.12,704.95,0.7773,862.96,708.63,0.8096,789.94,738.70,0.7402,878.92,747.90,0.7721,781.96,775.51,0.7865,884.44,778.58,0.7389,820.62,774.90,0.6864,852.53,773.06,0.6817,789.33,828.29,0.8117,886.89,813.56,0.8253,764.17,887.19,0.8753,895.49,874.92,0.8779
173,top,1,725.30,343.94,862.11,521.16,801.72,359.51,0.7952,804.84,355.51,0.7673,797.71,355.51,0.7672,809.29,359.07,0.7727,790.59,358.62,0.8347,821.76,375.10,0.7796,779.90,380.45,0.7524,838.68,397.82,0.7964,776.78,406.28,0.7481,828.44,422.31,0.7344,797.71,417.41,0.6372,819.98,419.64,0.6594,792.81,422.31,0.6439,840.02,459.72,0.7189,767.87,459.72,0.6728,845.81,503.81,0.8074,741.60,487.33,0.7392
173,bottom,0,740.37,649.97,923.75,903.10,848.13,672.09,0.7863,848.75,669.00,0.5786,853.07,669.00,0.5481,834.53,674.56,0.7233,855.54,675.18,0.7759,815.37,700.52,0.7692,870.38,705.46,0.8171,794.98,733.27,0.7368,884.59,745.02,0.7592,785.09,770.35,0.7621,892.01,774.06,0.7327,824.64,771.59,0.6722,856.78,770.35,0.6758,792.51,827.21,0.7932,888.92,812.38,0.8279,765.32,884.69,0.8526,896.33,874.80,0.8706
174,top,1,738.32,340.30,862.03,519.91,812.02,355.12,0.8108,814.21,351.61,0.7799,808.07,352.05,0.7448,818.16,354.68,0.7480,800.62,355.12,0.8502,830.87,372.22,0.7634,789.66,376.17,0.7417,849.29,392.83,0.7941,783.96,402.48,0.7447,840.52,417.82,0.7543,805.00,414.75,0.6205,827.80,417.82,0.6568,800.62,419.58,0.6333,844.91,459.48,0.7301,777.38,457.73,0.6517,846.22,502.45,0.8015,751.51,485.35,0.7291
174,bottom,0,739.39,646.08,924.01,901.61,857.28,669.66,0.7779,857.28,666.54,0.5305,861.64,667.17,0.6066,841.68,671.53,0.6973,863.52,672.16,0.8240,822.97,695.86,0.7847,877.24,702.73,0.8187,800.51,729.55,0.7564,890.34,743.90,0.7763,789.28,766.36,0.7785,898.45,771.35,0.7561,827.96,769.48,0.6807,859.77,768.85,0.6905,796.14,825.62,0.7643,891.59,811.90,0.8413,766.82,882.39,0.8508,896.58,874.28,0.8877
175,top,1,756.02,335.53,863.07,519.41,820.32,349.81,0.8124,823.47,346.66,0.7896,816.28,346.66,0.7707,827.96,350.26,0.7477,809.10,350.26,0.8399,839.63,367.76,0.7337,797.43,371.36,0.7171,856.24,387.97,0.7668,789.35,396.94,0.7336,849.95,414.00,0.6647,809.10,411.31,0.6057,834.24,417.15,0.6243,806.86,417.15,0.6132,847.26,459.35,0.7014,788.45,456.20,0.6696,846.36,501.99,0.8161,767.35,482.24,0.6826
175,bottom,0,742.37,643.42,924.12,900.48,865.88,665.89,0.7521,867.14,662.75,0.5037,870.28,663.38,0.6306,848.31,667.14,0.6421,870.90,667.77,0.8439,828.85,690.99,0.7896,882.83,699.15,0.8277,804.38,726.14,0.7619,895.38,741.20,0.7801,793.08,764.42,0.7817,905.42,768.81,0.7646,831.36,767.56,0.6808,864.00,766.93,0.6971,800.61,822.79,0.7586,893.50,813.37,0.8518,769.23,878.64,0.8496,897.26,874.25,0.8900
176,top,1,774.34,327.65,869.35,522.35,828.02,344.20,0.8176,830.87,340.87,0.8022,823.74,340.87,0.7933,834.67,344.67,0.7996,816.14,344.20,0.8454,847.03,363.21,0.7077,804.25,366.54,0.7106,862.24,383.17,0.7748,793.32,390.78,0.7712,860.82,406.94,0.7473,809.96,406.46,0.6388,840.85,413.12,0.6059,813.76,412.64,0.6065,848.93,459.70,0.6860,798.07,454.47,0.6813,847.03,502.48,0.8017,781.44,491.07,0.6531
176,bottom,0,750.22,639.58,923.30,898.69,873.45,662.23,0.7493,875.35,659.06,0.5103,877.25,659.06,0.6502,855.11,664.12,0.6429,875.98,664.12,0.8419,833.60,687.53,0.7771,887.37,696.39,0.8282,808.29,722.32,0.7682,899.39,737.51,0.7822,798.81,760.28,0.7840,910.77,767.24,0.7531,834.23,764.71,0.6795,866.49,764.71,0.6907,805.13,819.74,0.7624,894.33,812.78,0.8346,774.13,876.04,0.8392,896.86,874.15,0.8529
177,top,1,791.49,324.72,873.27,521.32,835.26,339.98,0.8236,838.62,336.62,0.7922,830.94,336.62,0.7936,842.94,339.98,0.7928,823.74,339.02,0.8367,854.46,359.18,0.6970,810.78,360.14,0.7348,865.50,378.38,0.7357,799.26,383.66,0.7926,866.94,401.90,0.7319,811.74,402.38,0.7171,845.34,412.46,0.6304,819.90,412.94,0.6256,853.02,457.10,0.6862,807.90,455.18,0.7004,847.74,501.26,0.7634,797.82,490.70,0.6613
177,bottom,0,762.98,635.91,923.96,898.75,878.76,658.88,0.7420,880.69,655.03,0.5130,882.61,655.68,0.6605,857.59,659.53,0.6384,880.69,660.17,0.8280,837.05,684.55,0.7750,890.95,692.89,0.8290,811.38,718.56,0.7772,902.50,735.24,0.7838,802.40,756.42,0.7925,915.34,765.40,0.7863,836.41,761.55,0.6678,868.49,762.84,0.6696,810.10,818.02,0.7700,893.52,812.89,0.8262,781.22,873.85,0.8547,897.37,874.49,0.8912
178,top,1,799.62,320.88,878.81,520.36,841.65,336.37,0.8222,845.06,332.96,0.7961,837.27,332.96,0.8136,848.95,335.88,0.7761,829.96,336.37,0.8343,860.64,355.85,0.7054,816.32,357.31,0.7151,869.90,378.25,0.7057,804.64,379.71,0.7566,872.82,402.60,0.6772,815.35,401.63,0.7226,850.42,410.88,0.6233,826.06,411.37,0.6176,855.77,455.20,0.6916,819.73,454.23,0.6828,850.42,498.55,0.7401,813.89,493.68,0.6262
178,bottom,0,776.86,632.35,927.10,896.93,879.76,655.47,0.7434,881.05,651.60,0.5127,884.28,652.25,0.6213,861.67,656.12,0.6772,882.99,657.41,0.7949,841.00,680.67,0.7969,893.97,691.00,0.8398,813.87,714.90,0.7947,904.30,732.99,0.7821,805.47,753.01,0.8003,918.51,763.99,0.8115,839.06,758.82,0.6974,870.07,760.76,0.6755,817.10,815.67,0.7957,892.68,813.08,0.8372,789.97,871.22,0.8702,897.20,875.09,0.9423
179,top,1,806.28,319.18,886.09,523.48,847.68,334.54,0.8027,851.67,331.05,0.7748,843.69,331.05,0.7949,855.16,334.54,0.7784,836.71,334.04,0.8199,865.14,353.50,0.7220,822.24,354.99,0.7345,875.11,376.94,0.7161,810.77,377.94,0.7644,879.11,402.38,0.6788,818.25,405.37,0.7678,855.66,410.36,0.6662,832.72,411.36,0.6675,860.65,453.75,0.7091,832.72,453.25,0.7112,856.66,497.15,0.7384,828.73,495.65,0.5994
179,bottom,0,788.99,631.25,930.68,895.90,885.68,654.38,0.7049,886.97,649.86,0.5082,887.62,650.50,0.6187,864.36,654.38,0.6744,883.74,655.67,0.7342,842.39,678.29,0.7999,895.37,689.27,0.8513,815.25,711.88,0.8160,905.71,730.62,0.7973,808.79,749.36,0.8281,921.21,763.57,0.8269,840.45,757.11,0.7228,869.52,759.05,0.6895,824.30,813.97,0.8236,891.49,812.68,0.8360,799.10,870.18,0.8722,897.31,875.35,0.9118
180,top,1,810.74,319.15,893.78,522.90,854.75,333.97,0.8105,858.23,330.49,0.7958,850.77,330.99,0.8186,861.71,333.97,0.7816,843.31,333.47,0.8010,870.67,352.87,0.7379,827.39,353.87,0.7351,879.12,377.25,0.7331,817.44,378.74,0.7620,885.09,402.62,0.7080,820.42,407.09,0.7586,860.72,408.09,0.6687,838.83,409.08,0.6774,866.19,452.86,0.7247,843.31,451.37,0.7175,862.71,495.64,0.7169,843.31,495.14,0.5578
180,bottom,0,800.14,629.05,931.49,893.11,887.73,652.13,0.6785,888.38,647.61,0.4983,889.67,648.90,0.5959,865.81,652.13,0.6523,885.16,653.42,0.7156,843.90,675.98,0.8052,896.76,687.58,0.8587,815.53,710.15,0.8294,906.43,730.13,0.8129,809.73,746.89,0.8362,921.90,763.01,0.8236,840.67,755.92,0.7344,869.04,758.50,0.6828,832.29,812.01,0.8589,891.60,813.94,0.8410,809.08,868.74,0.8845,896.76,875.18,0.9051
181,top,1,815.72,320.94,904.38,526.07,861.55,335.86,0.8150,864.56,332.86,0.8145,857.55,332.86,0.8013,868.06,335.86,0.7766,850.03,335.36,0.8132,875.57,353.89,0.7756,834.01,355.39,0.7704,883.59,379.93,0.7588,822.99,379.93,0.7676,891.10,404.47,0.7349,823.49,408.48,0.7470,866.06,408.98,0.6865,845.53,409.98,0.6857,871.07,454.55,0.7306,852.54,452.55,0.7182,868.56,497.62,0.7540,857.04,498.12,0.5842
181,bottom,0,802.98,626.38,930.22,892.18,889.31,651.56,0.6951,889.96,646.37,0.5158,890.61,647.67,0.6367,865.95,650.26,0.6296,885.42,652.21,0.7133,844.54,674.27,0.8008,896.45,686.60,0.8508,815.99,708.67,0.8238,906.19,729.43,0.8131,811.44,745.00,0.8363,922.41,763.82,0.8243,840.65,755.39,0.7335,869.20,757.98,0.6824,839.35,809.90,0.8532,891.26,814.44,0.8402,817.93,868.30,0.9190,897.10,874.14,0.9103
182,top,1,817.70,324.81,912.26,529.47,867.98,339.70,0.8396,870.98,336.20,0.8226,864.48,336.70,0.8420,873.98,338.70,0.7595,856.49,338.20,0.8261,880.47,357.19,0.7833,841.00,358.69,0.7638,887.97,383.67,0.7645,828.01,385.17,0.7663,896.96,406.65,0.7461,823.51,411.65,0.7654,871.48,412.65,0.6985,851.99,413.65,0.6940,875.98,457.62,0.7244,862.98,457.12,0.7237,875.48,499.09,0.6785,872.48,503.09,0.6816
182,bottom,0,805.65,625.75,931.12,892.19,890.50,650.34,0.7029,889.85,645.14,0.5230,890.50,646.44,0.6525,865.78,649.69,0.6270,884.65,650.99,0.7164,844.97,673.11,0.8073,895.70,686.12,0.8398,816.35,707.58,0.8330,904.16,729.05,0.8157,812.44,743.36,0.8383,920.42,764.17,0.8184,841.06,755.07,0.7266,868.38,757.67,0.6869,844.32,809.71,0.8419,891.15,814.26,0.8325,826.10,869.55,0.9300,897.01,874.76,0.9030
183,top,1,817.28,327.67,916.53,524.99,874.61,344.92,0.8342,877.50,341.07,0.8546,870.76,341.55,0.8288,880.39,342.99,0.7521,862.09,343.47,0.8669,886.17,362.74,0.8123,848.60,363.71,0.7683,892.92,388.76,0.7802,834.15,390.20,0.7818,903.03,409.47,0.8078,825.48,416.21,0.7967,877.02,418.62,0.6938,859.68,420.07,0.6983,881.36,462.46,0.7088,872.20,462.94,0.7453,875.09,501.00,0.7524,884.73,505.82,0.7441
183,bottom,0,806.27,624.85,928.19,891.33,890.00,650.09,0.7174,890.00,644.23,0.5369,889.35,645.54,0.6772,864.63,648.14,0.6270,882.84,650.09,0.7215,843.81,672.86,0.8001,893.90,685.22,0.8437,815.83,706.69,0.8308,901.06,728.16,0.8238,813.88,741.82,0.8370,917.98,764.60,0.8257,841.21,754.84,0.7421,868.53,756.79,0.6892,847.71,809.49,0.8440,891.30,813.39,0.8470,831.45,869.34,0.9240,897.16,874.55,0.9137
184,top,1,820.25,331.35,925.94,525.72,880.69,350.24,0.8886,883.06,345.97,0.9002,876.41,346.44,0.8687,886.85,347.87,0.7928,867.40,347.87,0.8859,890.65,369.70,0.8341,855.54,370.64,0.7880,897.77,394.37,0.8187,840.35,396.27,0.8159,909.63,412.88,0.8200,828.96,420.00,0.8019,882.58,425.22,0.7311,867.40,426.17,0.7319,882.11,466.98,0.7138,880.21,469.35,0.7684,873.09,500.67,0.8105,895.87,510.16,0.7490
184,bottom,0,806.86,624.13,926.20,891.55,888.73,648.81,0.7443,888.73,643.59,0.5572,888.08,644.24,0.6964,863.27,646.85,0.6246,880.90,648.81,0.7079,843.03,672.97,0.8042,891.34,684.72,0.8360,816.26,706.92,0.8292,897.22,726.50,0.8237,815.61,742.17,0.8203,914.85,764.37,0.8097,841.07,754.58,0.7485,868.49,756.54,0.7005,847.60,810.07,0.8383,890.69,813.34,0.8523,831.93,869.49,0.9205,897.22,874.06,0.9132
185,top,1,824.85,332.65,931.03,525.13,885.46,353.71,0.9250,887.81,349.95,0.9218,880.76,349.95,0.8703,891.09,351.83,0.8078,871.83,352.77,0.8842,895.32,373.44,0.8618,861.02,375.79,0.8170,902.37,399.29,0.8693,846.45,402.11,0.8568,916.47,418.09,0.8454,833.29,427.01,0.7938,888.28,431.24,0.7598,874.18,432.18,0.7542,883.58,470.25,0.7390,887.81,472.60,0.7970,873.24,503.14,0.8112,905.66,512.07,0.6892
185,bottom,0,807.65,623.18,924.21,891.92,886.93,648.63,0.7653,887.58,643.39,0.5781,886.27,644.04,0.7077,861.34,646.67,0.6419,879.05,648.63,0.7156,842.31,672.25,0.8217,888.24,684.06,0.8381,816.07,707.03,0.8385,892.83,726.71,0.8328,817.38,741.15,0.8239,910.55,764.77,0.7941,841.65,754.93,0.7444,868.56,756.24,0.7031,845.59,810.04,0.8471,890.21,812.66,0.8599,830.50,870.40,0.9196,897.42,874.34,0.9232
186,top,1,829.89,334.35,940.02,540.97,887.98,355.94,0.9096,890.50,351.91,0.8752,883.95,351.91,0.8884,894.54,353.93,0.8232,875.88,354.43,0.8703,900.09,375.62,0.8563,865.28,379.15,0.8055,907.15,400.84,0.8173,853.18,405.38,0.8063,922.28,420.01,0.7928,840.06,429.59,0.7755,895.04,435.14,0.7386,880.92,436.15,0.7347,892.02,473.98,0.6868,895.55,478.52,0.7634,874.87,500.72,0.7559,915.22,519.38,0.7425
186,bottom,0,809.61,620.37,922.88,891.12,886.74,647.34,0.8071,886.74,642.05,0.6021,886.08,642.71,0.7429,860.96,646.01,0.6552,878.81,647.34,0.7489,841.13,671.13,0.8421,885.42,684.35,0.8438,817.33,706.83,0.8514,887.40,726.66,0.8248,820.64,741.20,0.8293,905.25,765.00,0.8062,841.13,753.76,0.7514,866.91,755.08,0.7097,843.77,809.95,0.8667,889.38,812.59,0.8548,830.55,870.10,0.9302,896.65,874.07,0.9287
187,top,1,838.94,334.67,943.67,544.13,891.30,356.05,0.9296,893.35,351.96,0.9075,886.70,352.47,0.8874,896.93,354.52,0.7710,878.52,356.05,0.8949,904.09,375.99,0.8777,869.31,381.62,0.8350,912.27,401.56,0.8208,859.09,410.25,0.8032,927.61,423.55,0.8139,848.35,435.31,0.7608,901.53,436.33,0.7494,887.21,437.87,0.7407,901.53,474.69,0.6716,901.02,479.29,0.7775,880.05,498.72,0.7868,919.43,522.24,0.8183
187,bottom,0,810.67,619.93,923.45,891.19,884.94,646.95,0.8034,885.60,641.65,0.6128,884.28,642.31,0.7330,859.77,644.96,0.6661,877.65,646.95,0.7346,840.57,670.79,0.8531,882.29,684.04,0.8490,819.38,706.55,0.8447,882.29,725.76,0.8082,824.01,740.33,0.8258,899.51,764.83,0.8033,839.90,752.91,0.7576,865.73,754.24,0.7064,841.89,809.86,0.8790,888.25,811.85,0.8503,830.63,870.13,0.9294,896.20,873.44,0.9199
188,top,1,851.03,337.26,944.50,545.71,894.20,357.52,0.9035,896.24,352.94,0.8981,889.62,353.95,0.8607,899.80,355.48,0.7527,880.97,357.52,0.8819,907.94,376.35,0.8675,873.34,382.96,0.8275,917.10,403.83,0.8198,865.70,412.48,0.7672,932.88,427.24,0.7561,858.58,435.89,0.6757,906.93,434.87,0.7400,890.64,437.42,0.7180,914.56,477.11,0.7685,905.91,480.16,0.7766,887.59,497.98,0.7710,921.68,523.42,0.8453
188,bottom,0,813.61,618.99,923.58,891.60,884.57,646.81,0.8328,885.23,641.49,0.6484,883.24,642.16,0.7557,859.28,644.15,0.6437,875.92,646.15,0.7202,840.64,670.11,0.8507,880.58,683.42,0.8364,820.68,706.71,0.8358,877.91,726.01,0.8094,827.33,739.33,0.7874,893.22,765.95,0.7918,839.31,752.64,0.7584,863.94,753.97,0.6957,841.31,809.21,0.8691,887.23,811.20,0.8415,830.66,870.44,0.9291,895.88,873.77,0.9076
189,top,1,862.37,335.91,946.73,545.29,896.37,357.27,0.9029,898.42,353.18,0.9137,891.26,354.21,0.8981,902.51,356.25,0.8429,883.59,358.30,0.9095,912.22,375.17,0.8621,877.46,382.83,0.8370,921.42,403.28,0.8178,872.35,412.99,0.7276,935.22,429.86,0.7305,867.75,440.60,0.6318,912.22,434.46,0.7519,894.84,437.53,0.7252,921.42,477.91,0.8278,908.13,479.96,0.7830,896.88,495.81,0.7422,921.93,523.92,0.8601
189,bottom,0,815.91,618.73,923.44,891.21,884.31,646.54,0.8256,884.98,640.55,0.6412,882.98,641.88,0.7579,859.03,643.88,0.6275,875.00,645.88,0.7306,840.41,669.82,0.8502,878.99,683.13,0.8235,823.11,707.74,0.8467,874.34,727.03,0.7924,833.76,738.34,0.6703,886.31,766.95,0.7950,839.08,752.31,0.7538,863.03,753.64,0.6820,841.07,808.85,0.8660,886.97,810.85,0.8372,830.43,870.72,0.9333,895.62,874.05,0.8984
190,top,1,871.07,335.29,945.97,545.37,898.26,357.24,0.9019,900.31,353.14,0.9044,893.13,354.16,0.9315,904.93,355.70,0.8630,885.95,357.75,0.9246,916.21,375.19,0.8504,880.31,382.88,0.8538,924.93,403.40,0.8254,877.74,411.61,0.7576,935.70,428.02,0.7472,877.74,437.25,0.6686,916.21,434.69,0.7340,898.77,437.76,0.7072,926.98,477.26,0.8266,910.57,480.85,0.7949,905.95,497.77,0.7572,921.85,524.44,0.8604
190,bottom,0,816.61,618.79,924.28,891.30,884.42,645.94,0.8260,885.08,639.95,0.6249,883.09,641.28,0.7540,859.14,643.28,0.6320,875.10,645.27,0.7197,840.51,668.56,0.8661,877.76,683.20,0.8196,825.21,707.15,0.8570,871.11,725.77,0.7852,839.18,731.76,0.6095,880.43,767.69,0.7692,838.51,753.05,0.7443,861.80,755.05,0.6684,841.17,808.94,0.8492,886.41,810.93,0.8279,830.53,870.14,0.9382,895.06,874.14,0.8860
191,top,1,874.69,335.23,947.48,545.11,899.81,356.65,0.8754,902.38,352.04,0.8522,895.20,353.58,0.8876,906.47,354.60,0.8368,888.54,357.67,0.8632,918.77,374.07,0.8366,882.90,382.27,0.8603,927.48,402.25,0.7959,882.39,413.53,0.7646,936.19,427.36,0.7124,888.03,439.66,0.6880,920.31,433.51,0.6993,901.86,436.58,0.6770,932.09,478.60,0.7954,911.60,482.70,0.7854,912.11,496.02,0.5031,922.87,525.23,0.8259
191,bottom,0,818.26,618.58,926.50,891.72,884.38,646.45,0.8524,885.05,640.45,0.6521,883.05,641.12,0.7875,859.71,643.12,0.6367,875.05,645.12,0.7147,841.70,667.79,0.8792,876.38,683.13,0.8180,827.03,707.14,0.8551,869.04,726.47,0.7850,847.04,729.14,0.5302,875.05,769.82,0.7774,840.37,753.15,0.7343,862.38,755.15,0.6565,841.04,808.50,0.8311,887.05,809.16,0.8388,830.37,870.51,0.9502,895.05,873.85,0.8742
192,top,1,877.26,337.47,950.53,544.63,902.26,356.59,0.8660,904.29,351.53,0.8427,897.71,353.05,0.9005,909.34,353.55,0.8155,891.64,357.10,0.8235,922.49,373.79,0.8212,885.07,382.89,0.8611,929.07,401.60,0.7835,886.08,415.76,0.8109,935.64,426.89,0.7252,899.74,435.49,0.6963,923.00,430.43,0.6550,902.26,433.97,0.6391,935.14,477.97,0.7818,910.86,483.03,0.7539,924.01,500.73,0.6697,921.99,525.01,0.8277
192,bottom,0,819.08,618.63,928.77,892.20,884.61,645.88,0.8717,885.28,640.53,0.6765,882.61,641.20,0.8085,860.57,643.20,0.6343,874.59,645.21,0.7004,843.20,667.92,0.8972,875.93,683.28,0.8366,829.84,707.32,0.8409,868.58,726.02,0.7764,852.55,722.69,0.4510,870.58,770.77,0.7720,840.53,753.41,0.7427,863.91,755.41,0.6745,841.86,808.85,0.8309,888.62,810.18,0.8458,830.51,870.96,0.9606,895.97,873.63,0.8688
193,top,1,879.99,337.14,954.37,544.53,904.52,356.78,0.8268,906.55,351.72,0.8203,899.96,353.24,0.8637,912.12,353.24,0.8247,893.89,357.29,0.7965,925.79,374.00,0.8080,886.80,382.10,0.8439,931.36,401.34,0.7438,888.82,414.00,0.8364,935.91,424.63,0.6485,909.08,428.18,0.6412,925.79,431.72,0.6396,904.01,435.26,0.6178,937.43,479.82,0.7365,911.61,483.37,0.7473,932.37,507.67,0.7778,921.23,522.35,0.8079
193,bottom,0,819.96,619.91,929.66,892.77,884.81,645.76,0.8557,886.14,640.43,0.6671,883.47,641.09,0.7961,861.49,643.76,0.6198,875.48,645.09,0.7065,844.17,667.74,0.8809,876.15,683.06,0.8257,832.84,707.71,0.7725,866.82,725.70,0.7808,854.16,737.02,0.4030,867.49,771.00,0.7740,842.17,753.68,0.7245,864.82,755.67,0.6579,842.84,808.97,0.8198,890.80,810.97,0.8289,830.85,870.92,0.9357,896.13,873.59,0.8454
194,top,1,881.50,337.73,957.50,544.47,906.88,356.81,0.8769,909.41,352.27,0.8576,902.34,353.28,0.9086,914.96,354.29,0.8709,896.79,357.82,0.8523,928.58,375.49,0.8224,889.22,383.06,0.8554,932.62,399.21,0.6789,891.24,413.34,0.8499,940.70,412.84,0.5257,914.96,422.43,0.6224,927.58,435.04,0.6612,905.37,438.58,0.6282,939.69,479.46,0.7715,913.44,485.01,0.7572,941.20,517.82,0.7522,922.53,523.87,0.8376
194,bottom,0,820.02,619.66,930.03,893.29,886.38,646.25,0.8727,887.05,640.90,0.6930,884.37,641.57,0.7977,862.33,644.24,0.6166,875.02,645.58,0.7211,846.96,668.29,0.8500,875.69,682.99,0.8236,839.62,710.38,0.7023,865.00,725.74,0.7782,854.98,746.45,0.4138,865.00,769.83,0.7653,843.62,755.14,0.7217,865.67,757.14,0.6738,842.96,809.92,0.8165,891.72,810.58,0.8311,830.93,871.38,0.9263,895.73,874.05,0.8411
195,top,1,883.37,338.83,963.65,547.57,909.75,358.10,0.8782,912.30,353.51,0.8730,905.16,354.53,0.9077,917.90,355.55,0.8731,898.54,358.61,0.8689,931.15,376.95,0.8171,890.38,383.58,0.8488,934.72,400.90,0.6357,894.46,413.13,0.8164,943.89,410.59,0.5007,921.47,416.19,0.5884,930.64,435.05,0.6508,907.71,439.12,0.6235,940.84,480.91,0.7543,914.85,485.50,0.7504,947.97,525.76,0.8369,923.51,525.25,0.8094
195,bottom,0,819.88,620.14,928.91,893.89,887.76,646.74,0.8903,888.43,641.39,0.7304,885.09,642.06,0.7887,864.37,644.73,0.6180,875.73,646.07,0.7109,850.34,668.79,0.8116,875.07,684.16,0.8176,844.32,712.90,0.6206,863.70,726.27,0.7897,862.37,746.32,0.4046,864.37,770.38,0.7589,846.33,756.35,0.7178,867.71,758.35,0.6915,844.32,809.15,0.8153,893.78,811.15,0.8391,830.95,871.30,0.9284,895.12,875.31,0.8357
196,top,1,885.48,342.43,964.93,550.79,911.98,359.63,0.8679,915.03,355.05,0.8650,907.40,356.06,0.9075,920.12,357.59,0.8793,901.30,359.63,0.8727,933.85,379.46,0.7982,892.65,384.04,0.8531,936.90,403.88,0.6038,897.23,413.55,0.8079,944.03,411.00,0.4441,924.70,412.02,0.6089,932.84,437.96,0.6550,909.94,441.02,0.6274,941.99,483.24,0.7407,915.54,485.78,0.7319,949.62,530.55,0.8188,922.66,524.44,0.7629
196,bottom,0,819.91,619.90,928.57,894.28,889.65,647.23,0.9165,890.32,641.87,0.7582,887.64,642.54,0.7966,866.87,645.22,0.5984,877.59,647.23,0.7452,854.15,670.00,0.8015,875.58,684.74,0.8238,854.15,714.22,0.6153,864.19,728.28,0.7869,880.94,735.65,0.6047,864.86,772.49,0.7644,849.46,757.09,0.7297,869.55,759.10,0.7286,845.44,810.01,0.8376,895.68,811.35,0.8584,830.70,871.64,0.9424,895.68,876.33,0.8527
