frame,player,det_idx,bbox_x1,bbox_y1,bbox_x2,bbox_y2,nose_x,nose_y,nose_s,L_eye_x,L_eye_y,L_eye_s,R_eye_x,R_eye_y,R_eye_s,L_ear_x,L_ear_y,L_ear_s,R_ear_x,R_ear_y,R_ear_s,L_shoulder_x,L_shoulder_y,L_shoulder_s,R_shoulder_x,R_shoulder_y,R_shoulder_s,L_elbow_x,L_elbow_y,L_elbow_s,R_elbow_x,R_elbow_y,R_elbow_s,L_wrist_x,L_wrist_y,L_wrist_s,R_wrist_x,R_wrist_y,R_wrist_s,L_hip_x,L_hip_y,L_hip_s,R_hip_x,R_hip_y,R_hip_s,L_knee_x,L_knee_y,L_knee_s,R_knee_x,R_knee_y,R_knee_s,L_ankle_x,L_ankle_y,L_ankle_s,R_ankle_x,R_ankle_y,R_ankle_s
0,top,1,932.80,359.61,1018.48,577.87,991.09,377.62,0.7645,994.82,373.89,0.7726,987.36,373.36,0.7520,999.62,375.49,0.7605,979.90,374.43,0.8193,1008.14,398.94,0.8326,964.45,389.35,0.7370,1010.28,431.44,0.7521,939.94,409.59,0.8234,999.09,460.22,0.7613,952.73,436.77,0.7503,993.76,459.68,0.6534,968.71,459.15,0.6408,1000.15,502.31,0.7247,969.25,504.45,0.7551,998.55,536.42,0.8046,970.84,552.94,0.8164
0,bottom,0,774.49,584.94,879.46,852.84,834.82,603.78,0.7321,834.17,600.51,0.6103,836.78,601.16,0.5144,826.97,607.05,0.7443,844.63,607.70,0.7333,812.58,632.55,0.7746,858.36,635.17,0.7953,780.53,653.48,0.8175,872.10,660.02,0.8444,794.27,639.09,0.5730,853.13,641.71,0.6545,829.59,709.73,0.7052,855.09,708.42,0.7247,819.78,767.29,0.7900,843.32,755.51,0.7921,832.86,823.54,0.8565,845.28,807.18,0.7848
1,top,1,932.44,361.33,1017.14,577.89,989.59,377.09,0.7530,993.82,372.86,0.7627,985.89,372.33,0.7438,998.58,374.97,0.7540,979.02,373.39,0.8141,1007.04,398.24,0.8556,963.69,389.25,0.7484,1009.68,431.02,0.7573,938.84,409.34,0.8331,999.11,459.04,0.7678,951.53,435.77,0.7523,992.77,460.09,0.6596,968.45,459.57,0.6489,999.64,502.39,0.7230,968.97,505.03,0.7572,999.11,536.75,0.8144,971.09,552.09,0.8191
1,bottom,0,774.58,584.80,879.81,852.98,834.40,603.65,0.7298,833.75,600.38,0.6151,835.71,601.03,0.5253,826.54,606.27,0.7356,844.88,607.58,0.7317,812.79,632.46,0.7722,858.63,635.08,0.7911,780.71,653.41,0.8268,872.38,659.31,0.8484,798.39,637.70,0.5841,852.73,640.97,0.6670,829.16,709.72,0.7084,854.04,708.41,0.7297,818.69,767.34,0.7906,842.91,755.55,0.7869,833.09,823.65,0.8533,845.53,807.93,0.7782
2,top,1,931.54,359.74,1016.79,577.51,988.52,376.12,0.7872,992.77,372.40,0.7939,984.80,371.87,0.7616,998.09,374.52,0.7761,978.42,372.93,0.8213,1006.60,397.92,0.8439,963.00,389.41,0.7413,1009.79,429.82,0.7589,938.01,409.61,0.8252,999.15,458.53,0.7715,951.30,435.67,0.7470,992.24,460.12,0.6620,967.79,459.59,0.6534,999.68,502.65,0.7232,968.32,504.78,0.7534,999.15,536.15,0.8085,970.98,552.10,0.8157
2,bottom,0,774.72,584.86,879.60,853.13,834.37,603.07,0.7358,833.71,600.45,0.6192,835.68,601.10,0.5295,826.51,606.34,0.7332,844.19,607.65,0.7379,812.75,633.19,0.7675,858.60,635.16,0.7943,780.66,653.50,0.8339,872.35,658.74,0.8514,799.65,637.12,0.5906,852.71,641.05,0.6698,829.13,710.48,0.7163,853.36,709.82,0.7348,817.34,767.46,0.7947,842.23,755.01,0.7815,833.06,824.44,0.8533,845.50,807.41,0.7724
3,top,1,931.54,358.44,1017.07,577.91,987.70,374.94,0.7886,991.45,371.19,0.8112,983.95,370.66,0.7749,996.81,373.87,0.7897,977.52,372.26,0.8314,1005.91,397.45,0.8493,962.51,389.41,0.7428,1009.13,429.60,0.7567,937.33,409.24,0.8353,998.41,457.46,0.7588,950.19,434.42,0.7579,992.52,460.14,0.6563,967.87,459.60,0.6478,999.48,503.00,0.7163,968.41,505.15,0.7530,1000.02,536.22,0.8125,970.55,552.83,0.8222
3,bottom,0,774.96,584.68,879.65,853.12,833.86,602.90,0.7452,833.20,600.28,0.6357,834.51,600.28,0.5423,826.65,606.18,0.7391,843.69,607.49,0.7474,813.54,633.05,0.7709,858.76,635.67,0.7966,781.43,653.36,0.8395,872.52,658.61,0.8563,800.43,636.98,0.5947,852.86,639.60,0.6818,827.96,711.69,0.7221,852.86,710.38,0.7404,816.82,767.40,0.8061,841.72,754.94,0.7860,832.55,824.41,0.8573,845.00,806.72,0.7890
4,top,1,930.14,359.57,1016.98,577.34,986.85,374.35,0.7934,991.11,370.09,0.8200,983.13,369.56,0.7754,996.42,373.28,0.7996,976.75,371.16,0.8435,1005.46,397.21,0.8532,961.33,389.77,0.7417,1009.18,429.11,0.7557,936.35,409.44,0.8344,998.55,456.76,0.7595,949.11,434.43,0.7583,991.64,460.48,0.6584,967.71,459.41,0.6479,999.61,503.01,0.7223,968.25,505.14,0.7597,1000.15,535.97,0.8163,970.90,552.46,0.8236
4,bottom,0,775.17,584.56,879.67,852.83,833.97,602.77,0.7427,833.97,599.49,0.6287,834.62,600.15,0.5415,826.76,606.04,0.7301,843.79,606.70,0.7438,813.66,632.90,0.7666,858.20,635.52,0.7946,781.57,653.85,0.8283,872.61,658.44,0.8562,799.26,637.48,0.5910,852.96,639.45,0.6767,827.42,710.83,0.7195,852.31,710.18,0.7345,815.63,767.16,0.8103,841.17,754.72,0.7879,832.00,824.14,0.8584,845.10,807.11,0.7892
5,top,1,929.17,357.89,1017.11,577.45,986.01,373.86,0.7951,989.76,370.11,0.8283,982.25,369.57,0.7835,995.12,372.79,0.8014,975.82,371.18,0.8468,1004.23,396.91,0.8466,960.81,389.41,0.7397,1009.06,429.07,0.7581,935.62,409.78,0.8284,998.34,456.95,0.7655,949.02,433.90,0.7567,991.37,460.70,0.6480,967.24,459.63,0.6329,999.41,503.58,0.7100,968.32,505.73,0.7539,1000.48,535.75,0.8042,971.00,552.90,0.8155
5,bottom,0,776.01,584.10,879.66,853.40,833.75,603.04,0.7465,833.75,599.75,0.6302,834.41,600.41,0.5510,826.52,606.33,0.7228,842.96,606.98,0.7509,814.03,633.28,0.7741,858.74,635.25,0.7908,781.81,654.32,0.8323,873.20,658.27,0.8569,798.91,637.88,0.6070,854.14,638.54,0.6842,825.86,710.86,0.7116,851.51,709.55,0.7228,814.69,767.41,0.8047,840.99,754.26,0.7788,831.78,823.95,0.8531,844.93,806.20,0.7917
6,top,1,928.66,356.96,1016.95,577.46,984.65,373.00,0.7908,988.96,369.23,0.8250,980.88,368.69,0.7847,994.34,372.46,0.8063,974.42,370.85,0.8488,1003.49,396.15,0.8504,960.42,389.15,0.7427,1008.87,427.91,0.7618,935.12,409.61,0.8313,998.65,456.98,0.7722,948.58,433.83,0.7597,991.11,460.21,0.6572,966.88,459.67,0.6443,999.72,503.81,0.7159,967.96,505.97,0.7632,1000.80,535.57,0.8094,970.65,552.80,0.8233
6,bottom,0,776.25,583.28,879.53,853.87,833.17,602.97,0.7205,833.17,599.66,0.6398,833.83,599.66,0.5614,826.57,606.27,0.7177,843.08,606.93,0.7535,813.36,633.36,0.7685,858.94,634.68,0.7990,782.31,655.16,0.8348,872.81,657.80,0.8602,800.14,637.98,0.6129,854.31,638.64,0.6805,824.59,711.97,0.7214,851.01,711.31,0.7310,814.02,767.46,0.8073,840.44,754.91,0.7857,831.85,823.61,0.8491,845.07,806.44,0.7890
7,top,1,927.40,356.30,1017.11,577.52,983.59,372.94,0.7963,987.91,369.16,0.8333,979.81,368.62,0.7945,993.32,372.40,0.8234,973.87,370.78,0.8521,1003.04,395.62,0.8448,959.83,389.14,0.7415,1008.98,427.49,0.7565,934.45,409.66,0.8336,998.72,455.57,0.7678,947.95,432.89,0.7537,991.16,459.89,0.6597,966.31,459.35,0.6481,999.80,503.10,0.7182,967.93,505.80,0.7591,1000.88,535.50,0.8170,970.63,552.24,0.8172
7,bottom,0,776.23,583.14,879.63,853.71,832.55,602.82,0.7241,832.55,598.86,0.6472,833.22,599.52,0.5742,826.61,606.12,0.7095,842.46,606.78,0.7514,813.40,633.87,0.7691,858.32,634.53,0.8011,783.01,655.67,0.8354,873.51,658.31,0.8584,796.88,638.49,0.6163,853.69,638.49,0.6845,823.97,712.48,0.7229,850.39,711.82,0.7312,814.06,767.97,0.8080,840.48,754.75,0.7819,831.23,824.12,0.8493,845.11,806.94,0.7884
8,top,1,925.25,355.55,1017.34,577.37,982.67,372.23,0.8049,987.00,368.44,0.8375,979.42,367.89,0.8048,992.96,372.23,0.8239,973.46,370.60,0.8545,1002.71,395.51,0.8492,958.84,389.56,0.7446,1008.66,426.92,0.7623,933.39,409.05,0.8390,998.91,455.08,0.7552,948.55,432.34,0.7629,990.79,459.96,0.6680,966.42,459.42,0.6605,999.46,503.82,0.7072,967.50,505.45,0.7593,1001.08,535.23,0.8197,970.21,552.02,0.8217
8,bottom,0,776.84,583.13,879.60,853.72,832.84,602.82,0.7303,832.84,598.85,0.6453,833.50,599.51,0.5814,826.89,605.46,0.7082,842.09,606.78,0.7527,813.68,634.53,0.7659,858.61,635.19,0.7954,782.63,656.33,0.8288,873.14,657.65,0.8583,795.84,639.81,0.6186,853.32,638.49,0.6850,824.25,712.48,0.7225,850.02,711.82,0.7277,813.68,767.97,0.8071,840.11,754.76,0.7793,831.52,824.13,0.8472,844.73,806.95,0.7857
9,top,1,925.38,355.11,1017.22,577.25,982.15,371.82,0.8079,986.49,368.02,0.8463,978.89,367.48,0.8055,992.45,372.36,0.8359,972.93,370.73,0.8619,1002.21,395.14,0.8385,958.29,389.17,0.7381,1008.72,426.05,0.7652,933.34,408.70,0.8362,998.42,453.71,0.7392,949.07,433.64,0.7649,990.83,460.22,0.6584,966.42,459.67,0.6514,999.50,504.14,0.7023,967.51,505.23,0.7618,1001.13,535.60,0.8138,970.22,552.41,0.8162
9,bottom,0,778.05,582.98,879.68,853.81,832.83,602.68,0.7385,832.83,598.72,0.6456,832.83,599.38,0.5908,826.22,605.33,0.7348,842.09,606.65,0.7682,813.66,634.42,0.7733,857.96,635.08,0.7932,783.90,657.56,0.8345,873.17,658.23,0.8612,794.48,639.71,0.6190,853.33,638.39,0.6822,823.58,713.11,0.7326,849.36,712.45,0.7360,813.66,767.99,0.8071,840.11,754.76,0.7832,831.51,824.19,0.8436,844.73,806.34,0.7869
10,top,1,925.13,354.74,1017.18,577.25,982.02,371.47,0.8187,986.36,367.67,0.8557,978.76,367.13,0.8157,992.34,371.47,0.8326,972.24,369.84,0.8682,1001.58,394.83,0.8334,958.66,388.85,0.7356,1008.64,425.25,0.7567,933.13,407.87,0.8331,999.40,451.87,0.7240,949.42,433.40,0.7654,991.25,460.02,0.6655,966.27,459.48,0.6560,999.40,504.02,0.7027,967.35,505.11,0.7596,1001.03,534.99,0.8196,970.61,552.37,0.8143
10,bottom,0,778.81,582.90,879.68,853.90,832.55,602.62,0.7353,832.55,598.65,0.6403,832.55,599.31,0.5930,825.94,605.27,0.7384,841.82,606.59,0.7685,813.37,634.38,0.7694,858.36,635.04,0.7850,784.26,658.19,0.8360,872.91,658.19,0.8614,797.49,640.99,0.6051,853.06,637.69,0.6762,823.29,713.11,0.7260,849.09,712.45,0.7236,813.37,768.02,0.8047,840.49,755.45,0.7783,831.23,824.26,0.8351,844.46,807.06,0.7823
11,top,1,925.07,353.94,1017.26,577.28,981.52,370.73,0.8153,986.43,366.91,0.8564,978.25,366.91,0.8158,991.88,371.28,0.8334,972.25,369.64,0.8741,1001.70,394.72,0.8304,958.62,388.73,0.7318,1008.24,424.17,0.7606,932.99,406.72,0.8290,1001.15,449.25,0.7378,949.90,433.98,0.7565,990.79,459.61,0.6576,965.71,459.06,0.6484,999.52,504.32,0.6936,966.80,505.41,0.7531,1001.15,535.40,0.8140,970.62,552.31,0.8137
11,bottom,0,778.76,582.74,879.68,853.93,832.53,602.47,0.7374,832.53,598.49,0.6338,833.19,599.16,0.5891,825.91,605.11,0.7389,842.46,606.44,0.7674,813.33,634.25,0.7673,858.35,634.91,0.7847,784.20,660.07,0.8282,872.92,658.08,0.8575,799.43,641.53,0.6156,853.06,637.56,0.6692,822.60,713.70,0.7296,848.42,713.04,0.7229,813.33,767.99,0.8026,840.48,755.41,0.7736,831.21,824.27,0.8324,844.45,807.06,0.7810
12,top,1,925.70,353.13,1017.52,577.04,982.00,370.52,0.8037,986.37,366.69,0.8527,978.72,366.14,0.8024,991.84,371.06,0.8320,972.16,369.42,0.8863,1001.13,394.57,0.8257,957.94,388.56,0.7354,1008.23,423.54,0.7685,933.89,407.14,0.8361,1001.68,446.50,0.7436,948.10,433.93,0.7692,989.10,459.07,0.6711,965.05,458.53,0.6669,998.40,503.35,0.7098,966.69,505.54,0.7583,1001.13,535.60,0.8244,970.52,552.00,0.8220
12,bottom,0,779.06,582.56,879.81,853.89,832.75,602.30,0.7382,832.75,598.32,0.6254,833.41,598.98,0.5860,826.13,605.61,0.7422,842.69,606.27,0.7691,812.88,634.75,0.7689,857.92,634.75,0.7888,784.39,661.25,0.8198,873.16,658.60,0.8554,797.64,644.03,0.6302,853.29,638.73,0.6582,822.15,714.25,0.7278,847.99,712.92,0.7151,813.54,767.90,0.8020,840.04,754.66,0.7717,831.43,823.55,0.8316,844.67,807.65,0.7809
13,top,1,931.11,354.18,1017.25,577.51,981.81,370.43,0.7842,986.18,366.61,0.8266,978.54,366.07,0.7974,991.63,370.43,0.8368,972.00,368.79,0.8464,1000.90,394.42,0.8044,958.37,387.88,0.7548,1008.53,422.77,0.7467,937.11,409.69,0.8072,1000.90,448.40,0.6575,941.47,430.95,0.7607,988.90,458.21,0.6682,964.91,458.21,0.6582,997.63,501.83,0.7082,966.55,505.10,0.7546,1000.90,535.09,0.8213,970.36,552.54,0.8188
13,bottom,0,779.24,582.60,879.84,853.83,832.85,602.33,0.7487,832.85,599.02,0.6276,833.51,599.68,0.5851,825.57,605.64,0.7541,842.78,606.31,0.7749,812.99,635.44,0.7765,858.01,634.78,0.7903,785.17,662.59,0.8298,872.58,658.62,0.8569,799.74,644.05,0.6233,852.72,639.41,0.6650,822.26,714.90,0.7286,848.08,713.58,0.7150,813.65,767.88,0.8026,840.14,754.63,0.7711,830.87,823.50,0.8347,844.77,806.95,0.7850
14,top,1,933.27,353.94,1017.28,577.74,981.83,370.77,0.7996,986.20,366.94,0.8245,978.01,366.39,0.8237,991.67,370.22,0.8413,972.00,369.13,0.8435,1000.41,393.17,0.8015,958.88,387.70,0.7744,1007.51,417.76,0.6895,939.76,412.29,0.8077,1003.69,429.78,0.5518,943.58,433.60,0.7356,988.39,459.83,0.6798,964.89,460.37,0.6667,997.13,502.45,0.7092,967.08,505.72,0.7565,1000.41,535.23,0.8234,970.36,552.17,0.8185
14,bottom,0,779.41,583.52,879.88,852.60,834.25,603.76,0.7526,833.59,599.81,0.6150,834.90,599.81,0.5790,825.05,606.38,0.7800,843.45,607.70,0.7869,811.91,635.29,0.7760,857.24,635.29,0.7903,785.64,664.19,0.8422,873.01,659.59,0.8618,804.03,645.80,0.6388,853.30,638.57,0.6728,821.77,715.43,0.7355,848.04,714.78,0.7262,812.57,767.99,0.8148,839.50,754.85,0.7760,831.62,823.17,0.8346,844.76,808.06,0.7822
15,top,1,932.85,353.44,1017.22,577.41,981.60,370.83,0.8051,985.97,367.00,0.8283,978.31,366.45,0.8107,991.44,370.28,0.8479,972.30,368.64,0.8462,1000.73,392.70,0.7913,958.08,388.32,0.7797,1007.84,416.21,0.6163,941.13,414.57,0.7520,1008.39,418.94,0.5823,944.41,434.26,0.6990,988.16,459.41,0.6676,964.10,459.95,0.6587,997.45,501.51,0.7008,967.38,505.89,0.7458,1001.28,535.41,0.8190,970.66,552.91,0.8135
15,bottom,0,780.81,584.49,880.30,852.74,834.49,605.32,0.7665,835.14,601.39,0.6039,834.49,602.04,0.5894,825.32,607.94,0.7714,843.00,609.25,0.7770,811.56,636.75,0.7737,856.75,637.41,0.7816,786.02,667.53,0.8370,872.47,662.95,0.8510,803.70,646.58,0.6616,854.79,638.72,0.6692,822.04,717.31,0.7325,848.89,716.65,0.7363,811.56,769.70,0.8165,839.07,753.33,0.7576,833.18,823.40,0.8292,844.31,805.07,0.7824
16,top,1,933.81,353.24,1017.69,577.64,981.78,370.11,0.8040,986.16,366.28,0.8262,978.49,365.73,0.8357,991.64,370.11,0.8422,971.92,368.47,0.8448,1000.40,391.48,0.7826,957.67,388.19,0.7942,1008.62,415.04,0.6788,941.78,416.68,0.7787,1006.98,413.40,0.6046,945.62,436.40,0.7393,987.80,459.41,0.6773,964.79,459.41,0.6589,997.66,501.05,0.7209,967.53,505.43,0.7539,1001.50,535.02,0.8234,970.27,552.00,0.8226
16,bottom,0,781.06,587.19,882.82,854.19,835.85,609.22,0.7941,837.16,605.31,0.6135,835.85,605.31,0.6196,824.77,611.83,0.7675,843.02,613.13,0.7844,809.78,639.86,0.7858,856.06,640.51,0.7880,786.96,673.10,0.8389,871.70,666.58,0.8438,801.95,651.59,0.6763,854.10,647.03,0.6369,824.12,719.39,0.7394,849.54,718.08,0.7529,809.78,772.19,0.8036,837.81,750.67,0.7753,832.59,823.68,0.8332,845.63,802.82,0.8156
17,top,0,934.98,353.12,1018.00,577.45,981.41,370.54,0.8154,985.80,366.70,0.8072,977.58,366.15,0.8382,990.73,370.54,0.8426,971.56,368.89,0.8299,1000.04,391.35,0.7824,957.32,388.61,0.8055,1008.80,413.26,0.6735,941.98,418.18,0.7887,1007.70,413.80,0.6404,948.01,441.19,0.7138,988.53,458.71,0.6828,964.98,459.26,0.6692,998.39,500.89,0.7242,967.72,505.27,0.7612,1001.68,534.84,0.8207,970.46,552.37,0.8237
17,bottom,1,783.87,590.86,882.50,855.64,835.77,614.01,0.8094,837.71,610.77,0.6185,836.42,610.77,0.6159,826.08,616.59,0.7677,843.53,617.89,0.7908,809.27,645.68,0.7894,855.81,645.04,0.7913,789.88,679.94,0.8440,872.62,673.48,0.8401,802.16,657.96,0.6694,857.10,659.26,0.5990,824.14,722.61,0.7346,849.99,721.31,0.7608,807.33,776.26,0.8073,837.06,752.34,0.7741,831.89,823.45,0.8388,846.76,801.47,0.8177
18,top,0,934.72,353.03,1018.16,577.52,981.37,370.46,0.8128,985.76,366.62,0.8079,977.54,366.07,0.8476,990.69,369.91,0.8329,971.51,368.81,0.8302,1000.01,391.29,0.7827,957.26,389.09,0.8034,1009.33,411.02,0.6568,941.91,419.79,0.7860,1009.33,417.04,0.6345,947.39,445.54,0.6904,989.05,459.25,0.6673,965.48,460.34,0.6498,998.91,500.90,0.7153,968.22,505.83,0.7438,1001.65,534.88,0.8067,970.41,552.97,0.8199
18,bottom,1,782.97,598.19,889.49,858.51,836.23,620.31,0.7838,836.23,615.86,0.5694,836.23,615.86,0.5982,826.70,622.22,0.7686,844.49,623.49,0.7493,809.54,651.45,0.8185,856.57,651.45,0.7946,794.28,688.95,0.7994,872.46,679.42,0.8002,793.65,681.96,0.6124,869.91,677.51,0.5070,825.43,726.45,0.7274,848.94,724.54,0.7389,805.09,781.74,0.8099,835.59,753.14,0.7371,832.42,825.59,0.7991,846.40,802.71,0.7913
19,top,0,934.28,352.55,1018.88,577.58,980.98,370.02,0.8274,985.37,365.62,0.8149,977.13,365.62,0.8546,990.87,370.02,0.8491,971.09,368.37,0.8341,1000.76,391.99,0.7833,957.35,389.79,0.8073,1009.00,409.02,0.6490,941.42,420.56,0.7865,1011.19,419.46,0.6744,944.72,448.58,0.7155,988.67,460.12,0.6686,965.05,461.22,0.6576,999.11,501.32,0.7187,968.34,505.72,0.7412,1001.85,534.83,0.8121,970.54,552.41,0.8221
19,bottom,3,780.51,604.56,891.76,859.74,836.76,625.62,0.7839,837.38,621.88,0.5692,836.76,621.88,0.6053,827.41,627.49,0.7782,844.86,629.36,0.7257,809.35,656.77,0.8254,856.07,656.77,0.8005,800.00,693.53,0.7966,875.38,684.18,0.7938,789.41,705.36,0.7622,863.55,677.95,0.4733,824.30,732.15,0.7206,847.97,730.28,0.7417,802.49,785.73,0.8151,835.51,756.45,0.7441,831.77,828.09,0.7828,847.35,803.80,0.8082
20,top,0,934.67,352.75,1019.02,577.13,980.68,369.63,0.8359,985.07,365.24,0.8124,976.85,365.24,0.8613,991.09,369.63,0.8644,971.37,368.53,0.8213,1000.95,392.09,0.8054,957.13,390.99,0.8137,1010.26,410.71,0.6816,941.79,420.57,0.7960,1011.91,422.22,0.7079,942.34,450.70,0.7528,989.45,461.66,0.6804,966.44,462.75,0.6639,999.31,502.19,0.7267,968.08,507.67,0.7419,1002.05,534.51,0.8286,970.82,552.59,0.8363
20,bottom,3,777.21,608.74,888.71,860.65,837.88,628.30,0.7746,838.49,624.61,0.5655,837.26,624.61,0.5901,827.42,629.53,0.7499,845.26,631.37,0.6994,809.59,659.66,0.8125,856.94,660.28,0.7865,800.98,697.80,0.8220,876.62,686.73,0.8171,786.22,714.40,0.8054,868.63,682.42,0.5053,822.50,734.70,0.6908,845.26,732.85,0.7054,800.36,788.82,0.7889,836.03,757.45,0.7369,831.11,830.64,0.7795,847.10,804.19,0.7929
21,top,0,934.56,353.15,1019.21,576.83,981.25,369.43,0.8416,985.62,365.60,0.8270,977.43,365.06,0.8578,992.17,369.97,0.8704,971.97,368.88,0.8253,1002.55,393.45,0.8218,957.77,391.27,0.8084,1012.38,418.03,0.7007,941.93,421.30,0.8021,1013.47,430.59,0.6866,941.93,451.89,0.7569,989.99,461.17,0.6666,967.05,462.26,0.6499,999.27,502.67,0.7275,968.69,507.04,0.7275,1002.55,539.26,0.8313,970.88,552.92,0.8287
21,bottom,3,775.89,608.00,887.89,861.66,838.08,628.32,0.7939,838.70,625.22,0.5673,837.46,625.22,0.5913,826.94,630.17,0.7688,845.51,632.65,0.7167,808.98,658.66,0.8156,855.42,660.52,0.7944,802.17,695.82,0.8276,875.86,688.39,0.8368,784.83,719.35,0.8323,862.85,674.76,0.5150,821.98,734.83,0.7042,843.66,732.97,0.7171,797.21,788.71,0.7967,835.61,758.36,0.7562,831.89,831.44,0.7810,847.37,804.19,0.7899
22,top,0,934.73,353.12,1020.21,577.47,982.40,369.45,0.8363,986.78,365.61,0.8254,978.56,365.06,0.8521,993.35,369.99,0.8717,973.09,368.90,0.8266,1003.76,395.19,0.8235,958.85,391.90,0.8049,1013.07,420.38,0.7264,942.96,422.57,0.7922,1013.62,435.17,0.7213,941.87,453.79,0.7426,990.61,459.82,0.6436,966.51,460.91,0.6238,998.83,501.99,0.7142,969.25,506.92,0.7225,1003.21,543.07,0.8363,970.90,553.48,0.8193
22,bottom,1,771.05,608.44,881.70,860.40,838.06,627.39,0.7715,838.06,624.31,0.5700,838.06,624.31,0.5595,826.38,628.62,0.7330,844.83,631.69,0.7259,807.31,656.30,0.8368,854.67,659.99,0.8266,800.54,695.67,0.8226,871.28,690.75,0.8628,782.09,724.58,0.8272,853.44,688.29,0.5268,820.22,734.42,0.7069,842.98,731.96,0.7340,796.23,788.55,0.7887,837.45,760.87,0.7295,831.30,831.61,0.7724,847.90,804.55,0.7788
23,top,1,935.59,354.70,1021.41,577.72,982.86,370.38,0.8391,987.21,366.57,0.8119,979.59,366.57,0.8502,994.29,370.38,0.8838,974.14,369.83,0.8163,1004.63,395.97,0.8238,959.44,392.16,0.8078,1014.44,423.19,0.7338,944.74,422.65,0.8023,1014.44,442.25,0.6962,942.56,453.68,0.7455,990.48,459.67,0.6553,966.52,460.22,0.6366,998.65,502.14,0.7235,969.24,506.50,0.7513,1002.46,543.52,0.8346,970.88,553.33,0.8201
23,bottom,0,767.25,608.81,868.92,861.23,836.57,627.79,0.7889,835.96,625.32,0.6042,837.19,624.71,0.6015,826.10,629.64,0.6900,842.73,630.87,0.7167,805.14,656.14,0.8713,851.98,661.07,0.8383,798.98,696.81,0.8234,863.69,694.34,0.8397,779.88,727.62,0.8151,849.51,696.19,0.4563,818.70,735.02,0.7345,841.50,732.55,0.7505,793.43,788.63,0.7861,837.80,762.75,0.7220,827.33,834.85,0.7685,848.90,805.89,0.7593
24,top,0,936.62,354.85,1021.67,578.14,983.51,371.10,0.8312,988.41,367.28,0.8051,980.24,367.28,0.8438,995.50,371.64,0.8654,975.33,370.55,0.8016,1005.86,396.72,0.8127,960.06,392.90,0.7990,1014.58,423.98,0.7541,946.44,423.43,0.7872,1015.67,447.96,0.7421,943.71,453.96,0.7420,990.05,458.87,0.6591,966.06,458.87,0.6406,998.23,501.39,0.7268,967.70,504.66,0.7457,1002.59,544.45,0.8344,970.42,552.09,0.8177
24,bottom,1,763.23,612.53,866.35,863.81,832.58,631.43,0.7626,830.74,628.97,0.5930,834.42,628.36,0.6167,823.38,633.27,0.6961,840.55,635.11,0.7062,804.36,661.49,0.8725,848.53,663.94,0.8617,797.61,701.98,0.8523,854.05,700.75,0.8540,775.52,733.26,0.8397,831.35,701.98,0.5528,819.08,736.95,0.7731,842.39,733.88,0.7900,790.86,790.93,0.8047,836.87,763.32,0.7499,820.31,840.62,0.8398,854.66,811.18,0.8293
25,top,0,937.53,354.58,1022.07,575.12,984.65,371.16,0.8341,988.95,367.39,0.8227,981.42,367.39,0.8550,995.95,371.70,0.8761,976.03,370.62,0.8192,1006.18,397.01,0.8110,960.42,392.70,0.8093,1014.80,425.01,0.7679,947.49,423.93,0.7910,1016.41,453.00,0.7454,944.80,454.08,0.7488,989.49,458.93,0.6610,964.72,458.39,0.6423,997.57,500.93,0.7285,965.80,503.62,0.7505,1002.95,544.54,0.8332,967.95,552.08,0.8056
25,bottom,1,754.23,619.26,874.39,872.65,829.15,636.46,0.7250,827.92,635.22,0.5903,831.63,634.61,0.5788,820.49,640.17,0.6910,837.20,640.79,0.6963,804.41,668.63,0.8474,843.38,667.39,0.8108,796.37,708.84,0.8286,844.62,702.65,0.6559,769.77,737.29,0.8100,818.64,711.31,0.4703,820.49,741.62,0.7474,842.76,737.91,0.7847,789.56,794.82,0.8054,834.72,767.61,0.7550,813.69,847.41,0.8392,860.09,815.24,0.8251
26,top,1,938.53,355.03,1021.94,571.25,983.40,370.76,0.8504,988.15,367.07,0.8380,980.23,367.07,0.8488,995.02,371.29,0.8891,975.48,370.76,0.8174,1005.04,397.16,0.8062,959.65,392.41,0.8166,1014.02,426.72,0.7770,948.03,423.55,0.7912,1016.13,457.33,0.7533,944.87,453.64,0.7618,988.68,458.92,0.6716,963.87,458.39,0.6566,996.60,500.62,0.7354,962.29,502.73,0.7367,1002.41,543.90,0.8328,962.81,550.77,0.7937
26,bottom,0,745.17,625.73,875.90,880.86,821.12,642.42,0.6942,821.12,641.18,0.6116,824.86,639.93,0.5573,817.38,647.40,0.6729,832.95,647.40,0.6670,803.68,676.68,0.8166,836.69,671.70,0.7692,795.58,715.92,0.8149,834.20,703.46,0.5264,762.57,737.10,0.7718,807.42,712.18,0.4494,821.12,747.06,0.7283,842.30,742.70,0.7859,787.48,798.14,0.7778,834.82,776.96,0.7724,808.04,853.58,0.8505,864.10,824.30,0.8470
27,top,1,939.55,353.87,1021.14,567.88,982.43,370.49,0.8964,987.14,366.83,0.8576,979.30,366.31,0.8676,993.93,371.01,0.9104,974.07,370.49,0.8362,1003.86,396.09,0.8190,958.92,391.91,0.8249,1012.74,426.39,0.7780,947.43,423.78,0.7951,1014.83,458.26,0.7545,944.82,455.13,0.7311,988.18,457.74,0.6886,962.58,457.22,0.6656,996.54,500.58,0.7542,957.88,501.63,0.7602,1002.81,544.47,0.8569,956.83,549.70,0.8205
27,bottom,0,732.91,631.54,874.59,885.36,812.43,648.15,0.7003,814.29,646.91,0.6536,815.53,645.67,0.5193,815.53,654.35,0.6459,827.30,653.73,0.6307,803.13,683.47,0.7751,832.26,675.42,0.7643,793.22,720.65,0.7811,814.91,694.01,0.5705,755.42,731.19,0.7483,792.60,684.71,0.6286,818.00,752.87,0.7792,838.45,748.54,0.7985,785.16,803.69,0.7770,834.74,780.14,0.8223,807.47,856.36,0.8550,863.86,825.37,0.8575
28,top,0,937.67,354.29,1020.70,566.23,980.74,370.74,0.8693,985.40,367.12,0.8416,977.12,366.61,0.8517,992.12,371.26,0.8805,971.94,370.74,0.8156,1002.47,395.58,0.8103,957.46,391.96,0.8110,1011.79,427.15,0.7615,947.11,424.04,0.7953,1014.37,460.26,0.7380,944.52,453.53,0.7457,986.95,456.64,0.6983,960.56,455.60,0.6756,996.26,500.62,0.7530,952.80,500.10,0.7477,1002.47,544.09,0.8606,949.69,546.16,0.8477
28,bottom,1,727.27,633.93,873.36,886.20,806.47,649.82,0.7296,809.55,647.97,0.6944,808.32,647.35,0.5496,812.63,656.59,0.6811,822.49,655.98,0.5870,797.85,684.92,0.7754,824.95,676.92,0.7404,786.76,721.26,0.7767,809.55,687.39,0.5792,749.19,720.03,0.7714,789.23,672.61,0.6356,813.25,755.75,0.7861,833.57,751.44,0.7747,781.84,808.11,0.7883,836.04,782.85,0.8007,810.79,861.07,0.8366,863.75,824.74,0.8488
29,top,0,927.39,355.58,1018.60,566.67,978.67,371.45,0.8268,983.30,367.85,0.8540,975.57,367.85,0.8444,990.00,371.97,0.8542,969.90,371.45,0.8167,1000.83,396.19,0.8197,955.47,393.10,0.8093,1009.59,427.63,0.7459,945.68,423.50,0.7959,1012.68,459.58,0.7170,943.11,452.36,0.7757,985.88,456.49,0.6889,959.60,454.94,0.6829,995.67,500.29,0.7411,948.26,499.26,0.7590,1001.86,543.58,0.8691,940.01,542.55,0.8597
29,bottom,1,727.61,634.98,868.36,886.09,802.28,652.03,0.6926,805.96,650.19,0.6568,804.73,650.19,0.5251,807.80,657.54,0.6611,818.83,657.54,0.5514,791.86,684.52,0.8050,821.28,679.00,0.7461,781.43,718.85,0.7687,809.64,685.13,0.5608,745.26,705.98,0.8071,792.47,660.00,0.5722,807.80,756.86,0.7643,828.03,751.95,0.7635,780.21,812.65,0.7912,839.67,788.12,0.7536,812.09,865.37,0.8126,858.68,826.13,0.8207
30,top,1,914.64,356.26,1017.35,563.87,975.12,372.38,0.8268,979.68,368.83,0.8491,972.08,368.33,0.8349,986.78,373.40,0.8370,966.50,372.89,0.8389,998.43,396.20,0.8124,952.82,394.18,0.7905,1007.05,429.15,0.7581,943.70,425.09,0.7712,1010.60,460.57,0.7479,940.65,453.98,0.7181,984.75,457.02,0.6661,956.87,455.00,0.6652,995.39,500.11,0.7243,943.19,498.59,0.7404,1001.98,544.20,0.8542,931.53,540.65,0.8376
30,bottom,0,731.53,633.47,867.28,886.56,796.94,649.41,0.8152,801.26,648.79,0.7842,799.41,648.17,0.6076,804.97,658.06,0.7289,811.15,658.06,0.5192,788.29,684.63,0.8261,814.86,678.45,0.7526,777.17,717.99,0.8373,803.12,687.10,0.5389,749.36,694.51,0.8387,791.99,654.35,0.5221,802.50,758.16,0.7726,821.65,751.98,0.7669,779.64,816.24,0.8185,834.63,791.52,0.8154,813.00,867.53,0.8351,856.87,832.92,0.8634
31,top,1,905.40,358.18,1015.92,563.23,972.17,373.59,0.8632,976.18,370.59,0.8868,968.67,370.09,0.8525,983.19,375.10,0.8326,963.66,374.60,0.8451,996.20,397.12,0.8085,950.15,396.12,0.7866,1004.71,428.16,0.7797,941.13,426.66,0.7803,1007.72,459.70,0.7609,937.63,455.69,0.7254,983.19,456.70,0.6605,955.15,455.69,0.6456,995.20,499.75,0.7344,939.13,497.75,0.7335,1002.21,543.80,0.8615,923.11,536.79,0.8060
31,bottom,0,739.38,630.09,867.82,886.86,792.95,648.14,0.8391,797.33,646.89,0.7682,796.08,646.89,0.6542,801.10,656.92,0.7733,807.99,657.55,0.5963,786.05,683.88,0.8323,809.24,678.23,0.7993,775.39,714.59,0.8535,793.57,692.65,0.5468,754.08,686.38,0.9101,786.68,683.25,0.4802,794.20,757.85,0.8076,814.26,751.58,0.7860,776.65,815.52,0.8852,826.17,793.58,0.8175,810.50,866.93,0.8889,855.63,841.23,0.8687
32,top,1,895.57,358.65,1014.97,564.00,968.31,375.59,0.8855,972.32,372.59,0.8862,964.80,372.08,0.8542,979.84,377.10,0.8566,959.78,376.09,0.8533,992.87,399.16,0.8049,946.75,398.15,0.7848,1001.40,428.24,0.7730,938.22,428.24,0.7748,1005.41,459.32,0.7497,934.21,458.32,0.7424,981.34,458.32,0.6627,952.26,457.82,0.6426,993.37,499.93,0.7362,933.71,497.92,0.7303,1002.40,543.55,0.8534,915.66,534.02,0.7662
32,bottom,0,747.97,625.25,867.33,886.85,789.77,648.12,0.8610,794.24,648.12,0.7857,793.60,646.84,0.7081,799.98,658.34,0.7540,801.26,658.34,0.6220,785.30,683.88,0.8455,801.90,678.14,0.8230,776.35,714.54,0.8725,789.13,706.24,0.5596,760.39,680.69,0.9469,766.77,681.33,0.5818,787.21,757.33,0.8522,807.65,754.14,0.7737,771.24,812.90,0.9365,817.23,795.01,0.8653,805.09,863.99,0.8541,852.99,844.83,0.9249
33,top,1,890.61,361.72,1015.03,563.70,963.67,377.40,0.8781,967.61,374.44,0.8853,960.22,373.95,0.8530,975.01,378.88,0.8427,955.28,378.39,0.8522,988.82,400.09,0.8073,942.96,400.09,0.7805,997.69,428.69,0.7831,933.09,429.67,0.7697,1003.12,457.29,0.7655,928.16,458.77,0.7422,978.46,459.26,0.6725,949.37,458.27,0.6548,991.28,499.69,0.7417,927.18,497.23,0.7201,1002.13,543.58,0.8476,910.41,533.22,0.7757
33,bottom,0,753.91,616.66,861.90,888.34,785.36,651.02,0.8554,790.66,649.69,0.7587,790.00,648.37,0.6546,796.63,658.32,0.7429,797.29,658.32,0.6270,782.70,684.85,0.8248,794.64,680.20,0.7790,775.41,715.36,0.8340,783.37,708.73,0.6040,764.79,678.88,0.8831,766.78,677.55,0.6923,781.38,757.81,0.8749,800.61,756.48,0.8334,764.79,812.20,0.9310,808.57,796.94,0.8948,797.29,864.60,0.8452,846.38,848.01,0.9120
34,top,0,887.30,361.04,1015.50,564.03,958.83,378.78,0.8921,962.80,375.81,0.8944,955.36,375.81,0.8780,970.23,380.27,0.8760,950.90,380.27,0.8599,983.61,401.58,0.8128,938.02,401.08,0.7804,993.52,428.84,0.7963,927.61,430.32,0.7924,1000.46,457.08,0.7971,921.17,459.07,0.7553,974.20,460.55,0.6827,944.46,460.06,0.6757,988.57,500.70,0.7518,922.16,499.21,0.7250,1001.95,544.31,0.8584,906.30,533.90,0.7938
34,bottom,1,747.56,605.16,853.88,895.65,778.02,656.09,0.7899,782.99,654.67,0.6743,782.28,653.96,0.5761,791.50,663.89,0.6737,795.05,662.47,0.5687,781.57,688.00,0.7328,793.63,680.20,0.7220,770.93,714.95,0.6490,797.17,665.30,0.4933,773.77,678.07,0.5665,795.75,638.36,0.5014,776.61,757.50,0.8537,795.75,755.37,0.8091,758.88,813.53,0.9041,804.26,799.34,0.8734,789.37,869.55,0.8639,839.72,853.24,0.8957
35,top,0,886.50,361.36,1015.90,563.17,954.16,378.50,0.9132,958.10,375.55,0.8652,950.71,375.05,0.8759,965.49,379.98,0.8900,945.78,379.98,0.7961,977.81,401.17,0.7952,932.48,401.17,0.7830,989.14,426.79,0.7929,921.64,430.73,0.7978,998.01,455.86,0.8119,914.74,460.29,0.7501,968.94,459.80,0.6986,939.37,459.31,0.6869,984.70,499.71,0.7574,918.19,497.24,0.7330,1000.96,543.56,0.8660,906.36,534.69,0.8226
35,bottom,1,738.39,618.59,849.66,905.85,775.80,662.63,0.7314,780.70,661.23,0.6766,779.30,659.82,0.5713,788.42,667.54,0.6809,793.33,666.84,0.5568,773.69,689.98,0.6608,792.63,685.07,0.6468,751.25,707.51,0.6500,802.45,701.20,0.3824,770.89,682.27,0.5002,794.73,652.11,0.3636,769.48,762.92,0.8056,791.93,760.11,0.7627,754.76,818.32,0.8421,805.25,805.70,0.8136,776.50,878.64,0.8297,836.11,859.70,0.8581
36,top,0,886.12,362.13,1015.71,562.68,949.45,377.70,0.9032,953.85,374.76,0.8508,946.02,374.27,0.8647,960.71,379.17,0.8647,941.12,379.17,0.8259,972.95,399.24,0.7789,927.41,399.73,0.7905,985.19,424.22,0.7784,916.64,429.60,0.7991,994.49,452.61,0.8236,909.30,459.47,0.7831,965.61,458.49,0.7076,936.72,458.49,0.6839,982.74,498.15,0.7589,915.66,495.70,0.7348,1000.86,542.71,0.8685,906.36,534.38,0.8313
36,bottom,1,725.14,625.43,849.61,915.04,773.94,669.13,0.6734,774.65,666.30,0.6516,775.35,666.30,0.5086,777.48,671.95,0.7001,793.03,674.78,0.5937,759.80,692.46,0.6815,793.03,691.75,0.6967,732.93,693.87,0.7594,802.22,687.51,0.5386,762.63,681.15,0.5949,795.86,660.64,0.5503,764.75,768.11,0.7846,788.79,765.29,0.7615,750.61,826.09,0.8066,805.76,810.54,0.7746,759.09,889.02,0.8590,835.45,862.15,0.8665
37,top,0,885.94,359.41,1015.86,562.78,945.44,376.20,0.8581,949.41,373.22,0.8181,942.46,372.72,0.8433,956.36,377.19,0.8153,937.50,376.69,0.8192,969.27,397.54,0.7700,924.09,397.54,0.8017,982.18,422.37,0.7667,912.67,426.84,0.8047,992.11,450.67,0.8161,905.22,457.62,0.7758,962.82,454.64,0.7230,934.02,454.64,0.7060,980.20,495.36,0.7805,916.15,493.37,0.7513,1001.05,542.03,0.8611,906.22,534.08,0.8278
37,bottom,1,712.48,642.61,849.77,922.30,777.03,680.03,0.5825,774.98,677.30,0.5321,774.98,676.62,0.4338,774.30,681.40,0.6239,789.32,683.45,0.5646,753.81,695.74,0.5860,792.05,701.20,0.6401,725.82,684.13,0.6619,800.93,700.52,0.5516,756.54,686.18,0.5590,792.73,679.35,0.4693,761.32,772.21,0.6731,785.22,769.48,0.6856,745.62,833.67,0.7764,805.71,815.92,0.7289,742.89,896.49,0.8193,836.44,863.03,0.7989
38,top,1,885.71,358.68,1011.53,560.44,942.71,374.35,0.8430,946.65,371.39,0.8114,939.26,370.90,0.8426,953.55,375.83,0.8185,934.34,375.33,0.8218,966.35,395.53,0.7681,920.54,395.53,0.8132,980.15,419.66,0.7718,909.71,424.59,0.8065,989.01,448.23,0.8252,901.83,455.13,0.7902,961.43,452.17,0.7207,931.38,452.67,0.7042,979.16,493.55,0.7762,914.63,491.58,0.7312,998.86,538.87,0.8341,905.77,532.96,0.8319
38,bottom,0,698.09,657.95,853.21,933.98,772.95,686.79,0.6576,771.61,684.10,0.5217,770.26,684.10,0.4784,769.58,689.49,0.6623,781.72,690.16,0.5054,746.67,707.01,0.6477,789.13,710.38,0.6849,720.39,689.49,0.6141,797.21,715.10,0.5736,719.04,678.03,0.6567,787.11,688.14,0.3944,757.45,783.84,0.7083,783.06,781.14,0.7227,738.59,845.84,0.7731,803.28,822.92,0.7504,727.80,905.81,0.8294,837.65,865.38,0.7959
39,top,1,886.50,358.26,1008.63,559.83,939.70,374.40,0.8458,943.63,371.45,0.8113,936.25,370.96,0.8689,950.52,375.88,0.8368,931.33,375.39,0.8187,964.30,395.57,0.7572,918.04,395.07,0.8094,979.06,419.68,0.7730,907.22,424.11,0.8022,986.45,448.71,0.7972,898.85,453.14,0.7929,960.36,450.19,0.7058,930.84,450.19,0.6959,978.08,491.03,0.7617,911.15,488.57,0.7218,996.78,535.82,0.7982,903.77,531.39,0.8174
39,bottom,0,681.13,644.02,852.39,946.68,768.98,699.29,0.7756,767.50,696.34,0.6659,766.76,697.08,0.5817,762.33,700.77,0.7621,779.32,703.73,0.6350,743.85,719.98,0.7706,785.97,725.15,0.7966,712.82,700.03,0.8367,795.58,731.07,0.7587,696.56,669.73,0.8211,789.67,701.51,0.7068,752.72,796.83,0.7885,778.58,795.35,0.8038,732.03,857.42,0.8389,794.10,830.82,0.7660,719.47,918.75,0.9367,835.48,868.51,0.8599
40,top,1,886.09,359.36,1007.45,558.53,937.53,374.82,0.8441,941.42,371.90,0.8041,934.13,371.41,0.8590,948.23,376.28,0.8405,928.78,375.79,0.8032,962.33,395.73,0.7406,916.13,395.24,0.8039,978.37,420.04,0.7621,905.92,423.93,0.7955,984.70,450.19,0.7655,896.68,454.57,0.7741,959.41,448.73,0.6929,929.26,448.73,0.6718,977.40,490.55,0.7462,907.38,486.17,0.7210,996.85,534.31,0.7825,899.11,530.42,0.7794
40,bottom,0,669.54,659.09,844.26,952.72,764.07,710.56,0.8249,762.63,708.41,0.6942,763.35,709.13,0.5592,756.90,712.71,0.8010,775.54,715.58,0.7201,741.13,732.07,0.8114,782.71,739.24,0.8446,706.00,714.86,0.8819,796.33,744.97,0.8422,686.64,684.76,0.8982,792.03,713.43,0.8987,749.73,813.08,0.7784,775.54,811.64,0.7886,723.21,869.71,0.8467,782.71,841.03,0.7720,716.04,931.36,0.9579,828.59,871.14,0.8511
41,top,1,882.93,361.48,1008.10,555.82,935.08,377.04,0.8812,939.35,373.72,0.8188,931.76,373.72,0.8677,945.99,377.99,0.8534,926.54,377.52,0.8025,960.22,397.45,0.7270,915.15,396.97,0.8007,976.83,421.17,0.7657,904.71,425.44,0.7861,983.00,452.48,0.7717,895.70,456.28,0.7557,958.33,448.21,0.6892,927.96,447.74,0.6686,976.83,490.44,0.7489,905.19,485.22,0.7240,997.23,533.14,0.8004,894.75,529.82,0.7623
41,bottom,0,667.06,697.19,839.63,952.64,760.21,717.65,0.7465,760.83,714.53,0.5802,758.34,715.16,0.4692,755.84,720.77,0.7292,770.81,722.02,0.6200,739.00,742.60,0.6948,780.16,746.96,0.7518,702.21,735.11,0.6455,799.50,755.07,0.8281,683.50,718.90,0.7137,794.51,726.38,0.8761,750.85,820.55,0.7047,775.80,818.06,0.6941,717.18,876.06,0.7740,769.56,850.49,0.6682,715.30,934.05,0.8559,817.58,881.67,0.7205
42,top,1,871.69,364.24,1009.54,553.03,932.32,380.28,0.8542,936.47,377.05,0.8067,929.09,377.05,0.8643,943.38,381.20,0.8468,924.02,380.74,0.8336,958.13,401.02,0.7479,912.96,400.56,0.8006,975.65,424.53,0.7997,903.74,428.67,0.8033,981.18,456.79,0.7563,894.06,458.17,0.7431,957.21,449.88,0.6977,927.71,449.42,0.6681,975.19,491.82,0.7537,903.28,485.37,0.7159,997.31,531.46,0.8573,887.61,528.23,0.8100
42,bottom,0,668.41,698.88,828.66,952.87,757.22,721.08,0.7975,756.60,717.36,0.6605,758.46,717.98,0.4980,753.50,724.18,0.7553,770.24,724.18,0.6898,740.48,747.74,0.7387,782.64,748.98,0.8290,703.89,751.46,0.5613,804.35,763.86,0.9083,681.57,748.36,0.7246,798.76,736.58,0.8568,752.88,826.49,0.7412,778.92,825.25,0.7448,715.67,876.10,0.8172,766.52,854.40,0.7086,714.43,935.63,0.8936,806.83,892.22,0.8395
43,top,1,861.98,367.76,1010.76,551.06,929.59,384.82,0.8998,933.95,380.95,0.8329,926.68,380.95,0.8946,941.21,384.82,0.8589,922.32,384.34,0.8502,956.23,405.16,0.7568,912.64,405.65,0.7868,973.66,427.44,0.8170,903.44,432.29,0.7958,980.44,458.92,0.7742,893.26,462.32,0.7466,956.23,454.57,0.7110,926.68,453.60,0.6809,974.63,493.80,0.7641,900.53,487.98,0.7437,997.88,532.06,0.8634,883.09,526.73,0.8454
43,bottom,0,680.38,695.19,827.97,952.31,760.45,717.03,0.8255,760.45,713.27,0.6216,759.83,713.27,0.5137,754.18,720.17,0.7421,769.24,720.17,0.7080,742.25,749.05,0.7213,786.82,745.91,0.7988,714.63,768.51,0.6101,812.56,763.49,0.8767,690.77,780.44,0.7562,804.39,742.77,0.7965,757.31,820.61,0.7249,784.31,819.36,0.7235,720.28,872.71,0.8060,774.26,850.11,0.7218,715.26,932.98,0.8798,808.79,892.17,0.8022
44,top,1,858.93,374.06,1012.83,551.64,927.36,390.21,0.8759,931.37,386.20,0.8099,924.36,386.20,0.8504,938.39,389.21,0.8387,919.85,389.21,0.8151,954.92,409.75,0.7658,910.83,411.25,0.8030,970.95,432.29,0.7839,902.32,438.30,0.7939,981.47,463.85,0.7257,888.29,467.86,0.7594,955.42,459.84,0.6986,925.36,458.84,0.6833,975.46,496.41,0.7725,897.81,490.90,0.7578,999.00,532.98,0.8465,881.28,523.97,0.8597
44,bottom,0,689.63,687.11,833.47,951.79,763.49,708.95,0.9298,765.43,706.37,0.6277,761.55,705.72,0.6078,755.09,712.83,0.7887,772.53,711.54,0.7774,742.16,747.08,0.7709,792.57,736.74,0.7990,724.07,779.39,0.7143,818.41,760.00,0.8904,708.56,802.01,0.7766,806.78,752.25,0.5789,763.49,814.93,0.7257,791.27,811.70,0.7439,732.47,869.86,0.7918,791.27,843.36,0.7405,717.61,929.31,0.8811,817.77,887.30,0.8080
45,top,1,860.78,375.37,1013.38,552.76,922.18,392.04,0.8716,926.65,388.07,0.8238,919.19,388.07,0.8196,934.10,391.54,0.8373,915.22,391.54,0.7729,950.49,412.90,0.7344,905.78,414.89,0.8094,967.87,436.25,0.7580,898.33,442.71,0.7832,982.28,465.56,0.7327,883.93,470.52,0.7649,950.99,462.58,0.6542,920.69,462.08,0.6592,974.33,498.34,0.7541,892.37,493.87,0.7383,999.67,533.61,0.8466,883.93,523.18,0.8548
45,bottom,0,691.99,679.79,842.32,946.38,765.20,702.44,0.8604,765.20,699.19,0.6050,764.55,698.53,0.5938,757.39,705.69,0.7908,776.27,703.74,0.8170,745.68,744.09,0.8406,795.79,729.12,0.8255,738.52,781.84,0.7500,821.18,755.16,0.8303,730.71,813.73,0.7192,821.18,766.22,0.6219,773.01,809.83,0.7497,799.70,805.27,0.7830,743.73,866.45,0.7914,804.26,837.16,0.7999,724.20,925.68,0.8743,828.34,883.37,0.8285
46,top,1,860.03,375.73,1013.18,550.94,914.17,390.55,0.8443,918.66,387.06,0.7747,911.18,387.06,0.8011,926.14,391.05,0.8367,907.19,391.05,0.7790,943.58,412.49,0.7326,899.22,413.48,0.8416,962.03,435.42,0.7236,891.74,440.90,0.7894,978.98,463.34,0.7151,878.78,470.81,0.7528,944.58,464.33,0.6642,914.67,462.34,0.6831,969.51,500.23,0.6842,887.75,494.25,0.6938,998.42,533.13,0.8349,886.25,525.15,0.8479
46,bottom,0,709.62,675.67,853.12,944.77,768.89,699.19,0.8774,766.92,695.90,0.5900,768.89,695.24,0.6512,760.35,703.13,0.7778,781.37,699.84,0.7882,749.84,743.20,0.8972,801.08,724.81,0.8250,751.81,780.65,0.7379,826.05,754.37,0.8254,752.47,814.82,0.6901,828.02,778.02,0.6729,780.06,808.25,0.7594,807.65,801.68,0.7815,749.18,862.77,0.8246,818.16,834.52,0.8118,742.61,923.22,0.8644,839.19,880.51,0.8060
47,top,1,859.63,372.34,1011.79,549.46,905.99,389.07,0.8275,909.95,384.62,0.7797,902.52,385.11,0.7872,918.37,388.58,0.8523,899.06,389.07,0.7876,934.72,409.88,0.7235,890.63,411.36,0.8509,954.53,430.68,0.7357,882.71,440.09,0.7846,972.86,458.42,0.7653,869.34,469.32,0.7517,933.73,461.39,0.6813,904.50,460.40,0.7467,958.99,497.06,0.6730,876.77,492.60,0.7329,993.66,532.72,0.8087,883.20,522.32,0.8651
47,bottom,0,738.39,673.75,864.08,942.51,772.36,697.89,0.8870,770.39,693.96,0.6922,773.67,694.61,0.5970,765.14,700.52,0.8799,787.45,699.21,0.7709,754.64,741.86,0.8900,807.79,724.14,0.8297,762.52,776.63,0.7358,829.45,756.29,0.8039,769.08,807.47,0.6509,833.39,789.10,0.7099,787.45,806.82,0.7281,816.32,800.26,0.7505,751.36,859.31,0.8211,828.14,832.41,0.7762,767.11,916.40,0.8163,851.76,879.00,0.7901
48,top,1,851.51,370.40,1004.01,548.18,895.00,389.30,0.7907,898.97,384.83,0.7677,892.02,385.32,0.7600,907.91,387.81,0.8269,889.04,388.80,0.7512,926.77,408.66,0.7109,882.59,410.15,0.8317,947.62,429.01,0.7292,874.15,436.46,0.8119,965.99,455.82,0.7624,859.26,464.75,0.7580,925.78,460.28,0.6728,895.00,458.80,0.7375,953.58,497.02,0.6545,864.22,490.07,0.7458,986.34,532.27,0.8109,874.65,514.40,0.8487
48,bottom,0,749.17,675.17,877.23,941.00,780.75,698.41,0.9225,779.45,695.16,0.6627,778.80,695.81,0.5828,771.01,701.65,0.8755,793.08,700.35,0.7466,760.63,742.54,0.9051,813.20,725.66,0.8273,770.37,778.88,0.6826,832.67,758.76,0.7895,778.15,801.60,0.4780,837.21,791.21,0.7382,793.73,808.09,0.7499,822.29,802.89,0.7412,759.98,861.30,0.8278,837.21,834.69,0.7400,791.78,913.22,0.7707,865.77,876.88,0.7942
49,top,1,841.23,373.61,988.92,543.87,884.78,389.99,0.7957,888.15,385.66,0.7657,881.42,386.14,0.7581,897.77,388.55,0.8161,879.01,389.99,0.7308,918.44,408.26,0.7114,873.25,411.62,0.8253,940.07,428.45,0.7182,862.19,438.06,0.8035,958.82,454.41,0.7511,844.88,463.55,0.7698,918.44,458.26,0.6863,887.67,457.30,0.7305,944.88,494.32,0.6847,855.46,488.55,0.7780,970.36,527.49,0.7888,857.86,513.55,0.7908
49,bottom,0,759.88,676.57,895.51,943.70,787.26,699.92,0.9388,784.65,696.01,0.6827,785.95,696.66,0.6465,778.78,703.18,0.8558,799.00,701.22,0.7882,767.04,743.62,0.9150,820.52,728.62,0.8643,776.17,780.79,0.7386,835.52,761.22,0.8253,785.95,801.01,0.5422,838.78,793.18,0.6877,799.65,808.18,0.7810,829.00,802.31,0.7565,774.21,867.53,0.8182,848.56,837.53,0.7574,802.91,919.70,0.8256,878.56,876.66,0.8023
50,top,1,815.47,377.20,967.28,539.25,874.08,392.99,0.7996,877.04,389.04,0.7185,871.11,389.53,0.7458,886.43,390.52,0.7622,869.13,392.00,0.6207,908.67,408.31,0.7580,864.19,414.24,0.8104,932.39,428.08,0.7821,849.86,439.45,0.8272,952.16,454.77,0.7613,829.11,462.18,0.7791,911.64,457.73,0.7364,881.49,458.22,0.7145,936.34,493.31,0.7294,848.87,486.89,0.7425,953.15,522.96,0.8227,833.06,517.53,0.8173
50,bottom,0,767.54,677.20,904.87,944.16,795.14,699.88,0.9478,792.54,695.97,0.6958,793.84,696.63,0.6368,787.32,703.14,0.8580,808.18,701.84,0.7702,774.29,743.55,0.9204,828.38,730.52,0.8912,781.46,780.70,0.7690,840.12,765.06,0.8352,791.89,802.21,0.5711,841.42,795.69,0.6654,805.57,809.38,0.7932,834.90,804.16,0.7789,784.07,868.69,0.8260,859.02,840.01,0.7874,806.22,924.09,0.8596,890.30,883.68,0.8340
51,top,1,787.97,378.62,964.68,540.36,861.37,395.07,0.8174,865.39,391.04,0.7717,859.64,391.62,0.7961,875.17,392.19,0.8335,859.07,395.07,0.6499,898.18,410.02,0.7673,855.04,417.50,0.7929,924.64,429.58,0.8093,837.78,442.24,0.8319,945.35,453.74,0.8177,813.62,463.52,0.7941,905.66,459.49,0.7907,876.32,460.07,0.7564,930.97,494.58,0.7952,842.38,488.83,0.7530,944.77,526.22,0.8645,813.62,517.59,0.8475
51,bottom,0,774.29,675.20,915.22,943.80,804.75,698.02,0.9249,802.13,694.09,0.6528,803.44,694.74,0.6269,796.23,701.30,0.8132,817.21,699.99,0.7740,783.77,740.65,0.9306,836.88,728.84,0.8934,788.36,780.65,0.7917,847.38,764.26,0.8199,796.88,804.26,0.6179,850.66,794.42,0.6416,812.62,807.54,0.7721,843.44,802.95,0.7539,790.98,865.24,0.8292,870.33,839.01,0.8070,805.41,921.64,0.9018,899.18,884.92,0.8290
52,top,1,775.12,380.34,964.75,542.72,848.95,398.57,0.8411,852.65,394.87,0.7938,847.71,395.48,0.7977,863.76,396.10,0.8286,847.71,398.57,0.5871,887.22,412.77,0.7627,844.01,420.18,0.8343,915.00,429.43,0.8357,826.11,444.87,0.8527,936.60,452.27,0.8426,800.18,464.00,0.8068,897.71,462.15,0.8047,868.09,462.77,0.7982,923.64,495.48,0.7946,834.13,491.16,0.7864,946.48,525.11,0.8950,800.18,522.64,0.8752
52,bottom,0,777.86,671.39,920.89,942.63,814.28,693.77,0.9165,812.95,690.46,0.6167,813.62,690.46,0.5848,804.34,697.08,0.8309,826.20,696.42,0.7793,792.43,736.15,0.9306,846.73,724.23,0.8933,793.75,777.21,0.8102,857.98,759.33,0.7917,799.05,809.66,0.7003,863.28,789.13,0.6617,819.58,803.70,0.7619,850.70,798.40,0.7431,799.71,859.32,0.8410,879.84,832.84,0.8362,804.34,918.26,0.9326,901.03,883.16,0.8319
53,top,1,765.59,384.46,963.72,543.19,834.99,401.91,0.8475,839.50,397.40,0.7952,834.34,398.04,0.7876,851.76,398.69,0.8191,834.99,401.27,0.5720,875.62,414.81,0.7615,832.41,424.48,0.8373,904.64,429.64,0.8155,811.77,449.64,0.8391,927.86,449.64,0.8309,784.68,466.41,0.7833,887.23,463.83,0.7844,858.21,465.12,0.7909,916.25,496.72,0.7815,822.73,493.50,0.8153,945.28,525.74,0.8811,790.48,528.97,0.8815
53,bottom,0,776.48,665.32,920.98,940.26,822.56,688.68,0.8749,819.20,685.99,0.6356,824.57,685.32,0.6039,812.49,692.71,0.8441,835.31,692.03,0.8215,800.40,729.62,0.8982,854.77,718.88,0.8573,797.72,771.24,0.7986,870.88,754.46,0.7773,798.39,806.82,0.7680,874.91,785.34,0.7209,825.91,799.43,0.7546,856.12,793.39,0.7242,806.45,853.80,0.8320,884.98,830.31,0.8309,805.10,908.17,0.8732,901.76,881.99,0.8154
54,top,1,756.25,384.95,962.97,544.52,822.60,404.84,0.8319,826.63,400.13,0.7585,821.25,400.81,0.8030,838.07,401.48,0.8160,821.92,404.84,0.6467,862.97,417.63,0.7467,819.23,428.40,0.8546,892.58,431.09,0.7971,799.04,452.62,0.8499,916.80,447.91,0.8097,772.80,468.77,0.7365,875.76,464.73,0.7545,847.49,466.75,0.7777,908.73,495.02,0.7655,813.85,493.00,0.8230,943.72,525.97,0.8777,784.24,530.01,0.8812
54,bottom,0,786.98,659.09,920.30,930.01,829.17,680.79,0.8764,825.86,678.80,0.6508,830.49,678.80,0.6277,819.91,685.42,0.8169,841.73,684.76,0.8208,806.02,723.12,0.9008,862.24,711.87,0.8662,800.07,764.79,0.8084,879.43,744.28,0.7777,798.08,800.50,0.8472,884.06,772.06,0.7138,831.15,791.24,0.7407,861.58,786.61,0.7122,809.33,848.12,0.8226,886.71,828.28,0.8077,808.00,898.39,0.8753,902.58,883.18,0.8666
55,top,1,740.69,389.43,954.39,544.14,810.67,410.44,0.7936,814.15,404.87,0.7379,809.28,405.57,0.7680,825.97,404.87,0.8091,809.28,408.35,0.6453,851.02,420.87,0.7632,807.19,432.00,0.8590,880.93,432.00,0.8090,785.63,455.65,0.8676,905.98,448.00,0.8314,758.50,472.35,0.7820,864.93,466.09,0.7619,835.71,468.18,0.7773,899.71,495.31,0.7570,802.32,490.44,0.8246,939.37,525.22,0.8310,784.23,530.09,0.9509
55,bottom,0,791.59,653.70,920.32,926.70,833.96,675.56,0.8735,831.30,672.90,0.6285,834.63,672.90,0.6356,825.30,680.23,0.8048,844.63,679.56,0.8297,810.64,716.89,0.9059,865.96,706.89,0.8417,802.64,757.54,0.8066,885.95,737.55,0.7769,797.97,793.53,0.8373,891.28,762.87,0.7497,835.30,786.20,0.7451,865.29,782.87,0.7373,810.64,841.52,0.8309,888.62,827.52,0.8012,813.30,889.51,0.8675,903.28,882.18,0.8734
56,top,1,754.35,393.36,948.33,543.81,798.30,414.28,0.8889,802.72,409.23,0.8354,796.41,410.49,0.8383,815.98,409.86,0.8124,798.30,413.65,0.6792,839.97,424.39,0.7737,796.41,437.01,0.8656,869.02,433.86,0.7710,772.41,459.11,0.8164,896.17,447.75,0.8439,745.26,474.90,0.7382,857.02,467.32,0.7147,827.98,469.22,0.7478,893.65,498.89,0.7456,797.04,486.90,0.8246,934.06,526.05,0.8388,782.51,529.83,0.9041
56,bottom,0,792.75,649.83,922.69,916.08,838.22,671.15,0.8951,835.62,668.55,0.6151,838.87,668.55,0.6458,829.12,675.05,0.7875,849.27,674.40,0.8259,814.17,710.81,0.8988,870.07,701.71,0.8465,805.72,751.11,0.8120,892.17,733.56,0.7858,798.57,787.51,0.8224,896.72,756.96,0.7424,838.22,781.66,0.7471,869.42,779.71,0.7432,811.57,833.66,0.8408,892.17,821.96,0.8090,818.07,885.66,0.8891,905.82,877.21,0.8702
57,top,1,738.52,396.92,945.01,545.02,787.32,417.87,0.8557,791.35,412.49,0.8500,785.30,413.84,0.8436,804.12,414.51,0.8448,787.32,417.87,0.7333,827.65,427.28,0.7498,787.99,441.40,0.8445,857.90,435.35,0.7593,764.46,463.58,0.7826,886.13,448.12,0.8359,739.59,479.04,0.7688,849.16,467.61,0.6875,822.94,470.30,0.7039,883.44,499.87,0.6908,790.68,483.74,0.7943,925.78,525.42,0.8229,781.94,529.45,0.8972
57,bottom,0,792.85,644.49,920.14,906.48,841.15,667.39,0.8980,839.23,664.19,0.5571,841.79,664.19,0.6322,831.55,671.87,0.7600,852.66,670.59,0.7922,817.48,706.41,0.9135,873.13,699.37,0.8523,808.53,747.34,0.8147,897.43,732.63,0.8163,799.57,783.80,0.8536,900.63,755.02,0.7271,841.15,776.77,0.7411,871.85,774.85,0.7528,814.28,824.10,0.8701,896.16,815.14,0.8353,816.84,882.30,0.9241,908.95,870.79,0.8753
58,top,1,743.64,396.77,938.39,546.26,780.16,421.43,0.8660,783.96,415.73,0.8410,777.62,416.99,0.8519,796.01,416.36,0.8638,778.26,420.16,0.7098,819.46,428.41,0.7382,781.43,441.72,0.8348,850.53,436.01,0.7331,763.68,463.91,0.7947,879.69,449.33,0.8424,747.19,481.66,0.7197,844.19,467.71,0.6791,816.93,470.25,0.6901,875.25,501.31,0.6949,784.60,483.56,0.8024,917.09,524.77,0.7913,782.06,529.20,0.8919
58,bottom,0,794.74,644.19,929.15,898.75,843.92,666.44,0.9173,842.06,663.33,0.5862,844.54,663.33,0.6255,834.60,670.17,0.7392,854.49,669.54,0.7620,819.69,705.59,0.9219,874.38,697.51,0.8591,812.23,747.23,0.8249,899.86,729.83,0.8038,801.66,783.90,0.8676,903.59,753.45,0.7425,842.06,773.95,0.7417,875.00,772.71,0.7520,815.96,818.70,0.8592,899.24,814.35,0.8672,813.47,878.36,0.9328,916.02,870.91,0.9074
59,top,1,751.70,395.73,929.63,546.54,775.79,419.59,0.8561,779.27,414.37,0.8223,772.90,415.53,0.8171,790.85,414.37,0.8747,772.90,419.01,0.6982,814.60,425.96,0.7420,776.37,441.60,0.8057,846.45,435.22,0.7118,761.89,468.82,0.7409,874.83,450.28,0.8171,750.89,493.14,0.6180,838.34,464.18,0.6781,809.39,467.66,0.7268,865.57,499.52,0.6760,780.43,485.04,0.7998,908.43,522.68,0.7790,781.58,529.63,0.8322
59,bottom,0,794.21,643.45,944.21,894.14,846.56,666.58,0.9563,845.34,663.52,0.6617,847.18,664.13,0.6547,837.38,670.87,0.7812,857.58,670.26,0.7683,822.69,706.98,0.9279,875.94,697.80,0.8986,816.57,747.98,0.8490,900.42,730.85,0.8411,804.94,784.09,0.9228,902.87,755.33,0.7439,844.73,773.08,0.7887,877.17,771.85,0.7722,818.41,813.47,0.8778,904.09,817.14,0.8932,809.23,871.00,0.9456,924.29,872.84,0.9371
60,top,1,753.68,390.66,923.22,546.06,773.88,414.83,0.8875,777.19,409.86,0.8369,771.12,410.97,0.8373,788.23,410.97,0.8877,770.57,415.93,0.7118,811.96,422.56,0.7231,774.43,438.56,0.7882,843.41,431.94,0.6844,765.60,467.26,0.6416,869.91,447.94,0.7798,758.98,495.40,0.5373,836.79,461.19,0.6672,807.54,465.05,0.7148,860.52,496.51,0.6740,779.95,484.92,0.7926,900.81,521.89,0.7939,781.60,529.62,0.8043
60,bottom,0,790.45,649.42,951.14,893.94,848.71,670.79,0.9659,846.92,668.40,0.6662,848.71,668.40,0.6782,839.75,674.97,0.8009,859.45,674.37,0.7244,826.02,710.19,0.9425,878.55,701.23,0.9012,820.05,750.78,0.8548,901.84,736.45,0.8481,808.11,787.20,0.9360,900.64,763.32,0.7109,848.11,775.26,0.7753,880.35,774.66,0.7776,820.05,809.88,0.8944,907.81,821.22,0.9102,806.32,864.21,0.9324,932.88,875.55,0.9347
61,top,1,758.52,385.71,918.54,546.15,774.46,409.15,0.9545,777.59,404.46,0.9102,770.29,406.03,0.8907,788.00,404.99,0.8751,768.21,410.72,0.7876,810.40,416.45,0.7163,772.90,433.63,0.8070,841.13,426.86,0.6545,768.73,464.89,0.7048,867.70,443.53,0.7477,763.52,497.70,0.7012,835.92,458.12,0.6550,807.28,462.28,0.7196,860.93,495.10,0.6548,780.19,485.20,0.7752,894.78,521.14,0.7974,781.75,529.48,0.8340
61,bottom,0,796.03,653.71,949.76,892.63,851.31,675.18,0.9517,850.15,672.26,0.6633,850.73,672.26,0.6603,841.98,679.26,0.7701,861.81,678.68,0.6935,827.98,714.84,0.9250,879.31,706.68,0.8784,823.90,755.09,0.8248,901.47,742.26,0.8277,810.48,790.09,0.9212,895.06,769.09,0.7404,850.15,779.00,0.7554,881.64,778.42,0.7446,822.15,807.58,0.8572,913.14,818.67,0.8722,807.57,857.75,0.9002,932.97,875.24,0.9189
62,top,1,756.59,382.19,916.15,545.35,774.56,403.52,0.9168,777.68,398.84,0.8744,770.92,400.40,0.8472,787.54,400.40,0.8686,768.33,405.60,0.7782,809.88,411.31,0.7096,773.00,428.45,0.8281,840.52,420.14,0.6966,770.40,458.06,0.6970,865.46,438.32,0.7536,766.25,488.18,0.7083,836.37,452.86,0.6629,808.32,457.54,0.7204,861.30,491.30,0.6804,781.83,484.55,0.7585,892.98,519.87,0.8144,781.31,529.22,0.8575
62,bottom,0,800.49,657.42,949.86,889.99,854.73,680.58,0.9738,853.03,677.74,0.6509,854.73,678.31,0.6589,845.65,684.56,0.7698,864.39,685.13,0.6976,829.75,716.35,0.9401,880.29,711.81,0.9065,824.64,756.67,0.8400,900.16,748.15,0.8236,813.28,793.01,0.9219,892.21,773.14,0.6975,849.62,781.09,0.7373,879.72,780.52,0.7385,824.64,808.34,0.8601,913.22,812.88,0.8990,812.15,857.74,0.9005,932.52,869.10,0.9079
63,top,1,755.89,381.65,914.35,544.65,776.31,397.12,0.7993,779.41,392.99,0.7832,772.19,393.51,0.7546,788.18,395.06,0.8049,770.12,399.18,0.7265,810.87,405.89,0.6860,772.70,422.91,0.8096,840.79,414.66,0.6927,772.19,450.25,0.7284,864.52,433.74,0.7531,769.09,479.65,0.7226,837.18,447.67,0.6532,809.84,452.83,0.6996,863.49,487.39,0.6915,783.02,482.75,0.7637,894.44,518.34,0.7974,781.47,528.66,0.8440
63,bottom,0,800.53,662.68,950.20,883.30,858.67,684.65,1.0224,857.59,681.96,0.6339,858.67,682.50,0.6880,848.97,688.43,0.7765,867.82,689.50,0.7124,830.66,719.67,0.9457,882.37,715.90,0.9085,825.81,758.98,0.8189,900.14,756.29,0.7887,813.96,795.61,0.9316,895.83,780.53,0.6639,849.51,784.30,0.7303,879.67,783.76,0.7228,825.27,806.92,0.8633,907.14,809.08,0.8609,811.27,854.86,0.8834,930.30,855.94,0.8713
64,top,0,757.08,373.36,916.08,545.11,778.09,391.43,0.8735,781.20,386.77,0.8445,773.95,387.81,0.8195,790.00,388.84,0.8448,770.85,392.46,0.7664,812.25,401.78,0.6966,774.99,416.27,0.8407,842.27,410.58,0.7176,773.95,445.78,0.7583,864.01,430.77,0.7573,770.33,477.35,0.7563,839.69,444.74,0.6734,811.22,448.88,0.7160,867.64,486.15,0.7039,785.34,482.01,0.7601,897.14,517.20,0.8175,781.20,527.56,0.8721
64,bottom,1,800.35,664.51,944.43,876.65,861.52,686.68,0.9450,859.45,684.09,0.5025,859.96,683.57,0.6475,851.68,690.30,0.7683,871.36,690.82,0.6908,834.07,720.34,0.8908,885.34,718.27,0.8460,828.37,760.22,0.8044,900.88,762.29,0.7802,814.90,798.03,0.8930,899.33,788.71,0.6587,851.16,785.60,0.7034,881.20,784.05,0.7039,824.23,804.25,0.8492,900.88,806.84,0.7986,810.24,855.00,0.9157,928.33,850.34,0.8871
65,top,0,757.50,370.39,913.39,543.97,781.15,386.13,0.8507,784.19,381.56,0.7968,776.58,382.07,0.7888,792.82,383.59,0.8225,774.55,387.15,0.7251,815.15,397.80,0.6852,777.09,411.50,0.7984,843.57,408.46,0.6999,775.56,441.45,0.7693,863.36,430.28,0.7512,772.01,471.89,0.7141,841.54,441.95,0.6451,813.62,445.00,0.6784,868.94,482.55,0.6944,787.74,479.00,0.7520,897.87,511.48,0.7904,780.64,525.18,0.8486
65,bottom,1,799.60,666.45,936.55,872.36,865.06,688.97,0.7669,867.07,685.46,0.4367,860.53,684.95,0.4854,855.51,691.99,0.7273,876.12,694.00,0.6804,838.42,721.65,0.8807,889.69,720.64,0.8127,831.38,762.87,0.7922,901.76,765.38,0.7670,818.31,798.06,0.8067,900.25,793.03,0.6055,854.50,789.01,0.7094,884.16,788.51,0.7431,820.82,803.59,0.8260,898.24,808.62,0.7896,805.74,854.36,0.9034,925.38,851.85,0.8876
66,top,0,758.68,367.22,914.97,542.16,785.95,382.45,0.8553,789.00,377.87,0.7908,781.37,378.38,0.7769,797.14,380.41,0.8356,778.82,383.46,0.7554,817.49,395.16,0.7027,779.84,407.88,0.8084,845.47,407.88,0.7137,778.32,436.88,0.7749,863.28,431.80,0.7542,774.25,466.90,0.7153,842.93,440.44,0.6587,815.45,444.01,0.6931,870.91,482.16,0.7130,789.51,478.60,0.7643,900.93,510.65,0.8101,783.91,523.88,0.8541
66,bottom,1,786.91,668.72,941.84,873.56,867.91,692.47,0.8168,867.91,688.43,0.4604,865.38,688.94,0.4091,856.31,695.49,0.7278,877.49,698.52,0.6993,842.19,724.74,0.8256,892.11,724.24,0.8145,835.63,765.59,0.7604,901.69,768.11,0.6582,819.49,798.37,0.7645,895.64,793.33,0.3215,859.33,792.32,0.6612,889.09,792.32,0.7395,817.47,800.89,0.8136,895.64,810.98,0.6878,800.33,853.85,0.8883,928.93,849.31,0.8443
67,top,0,761.19,365.11,918.50,540.13,790.18,379.90,0.8424,793.25,375.30,0.7802,786.08,376.32,0.7738,801.44,378.37,0.8276,782.50,380.93,0.7798,821.41,394.24,0.7170,782.50,405.51,0.8078,847.53,409.09,0.7267,780.96,435.21,0.7857,863.92,435.21,0.7207,775.84,465.42,0.7242,844.46,440.84,0.6557,816.29,444.43,0.6872,871.09,482.32,0.7165,789.66,480.27,0.8015,903.86,511.51,0.8112,789.15,521.75,0.8462
67,bottom,1,776.67,671.05,941.75,876.26,867.27,696.27,0.7781,864.59,691.44,0.5440,867.27,692.51,0.4270,858.67,697.88,0.7078,878.56,701.65,0.6963,843.63,729.05,0.8406,891.99,726.90,0.8213,838.79,768.28,0.7908,900.05,765.59,0.6532,822.13,796.76,0.7244,866.74,775.27,0.2735,861.36,796.76,0.6674,891.45,796.23,0.7614,815.15,801.60,0.8011,895.22,811.81,0.6903,800.10,856.95,0.8599,928.00,849.43,0.8566
68,top,1,767.32,364.39,924.93,540.71,794.82,378.67,0.8710,797.90,374.56,0.8183,790.20,375.08,0.7971,805.59,377.64,0.8315,786.61,379.69,0.7981,825.60,395.60,0.7345,785.58,404.32,0.8479,850.74,413.55,0.7427,784.04,433.56,0.7786,865.11,440.75,0.7563,777.89,463.83,0.7468,845.61,444.85,0.6659,816.37,446.90,0.7291,872.80,484.87,0.6999,792.25,480.76,0.7876,907.18,514.11,0.8197,791.74,521.81,0.8652
68,bottom,0,776.55,673.22,941.70,881.51,866.65,697.80,0.8254,865.04,693.50,0.5353,866.11,694.58,0.4360,856.97,699.95,0.7088,876.86,703.18,0.6918,843.53,730.59,0.8313,889.77,727.91,0.8200,839.77,768.23,0.7689,899.44,766.08,0.6668,822.03,795.10,0.7189,865.57,777.36,0.2458,861.81,797.25,0.6703,891.38,796.18,0.7557,812.89,803.71,0.8278,894.60,812.31,0.6999,804.29,861.76,0.8853,927.93,849.40,0.8642
69,top,1,769.12,361.90,926.17,540.14,800.61,378.43,0.8555,804.19,373.82,0.8316,796.52,374.34,0.7903,811.86,377.40,0.8416,791.92,378.43,0.8497,830.26,396.32,0.7426,788.85,404.50,0.8514,853.27,416.77,0.7653,786.30,435.17,0.7692,866.56,445.39,0.7630,781.18,465.84,0.7618,846.62,448.46,0.6692,816.46,450.00,0.7429,875.76,487.83,0.6975,790.90,479.65,0.8141,909.50,516.97,0.8390,792.43,522.08,0.8859
69,bottom,0,786.41,672.85,941.82,887.11,862.02,697.33,0.7675,858.88,693.67,0.4883,857.31,694.19,0.4575,852.60,700.47,0.6460,873.01,703.09,0.5992,839.53,729.76,0.8479,885.56,726.63,0.8153,835.87,767.43,0.7626,897.07,764.81,0.6979,815.46,794.63,0.7493,865.16,774.75,0.2780,860.45,797.77,0.7187,889.22,796.20,0.7934,811.80,804.57,0.8593,893.93,813.46,0.7129,811.80,863.68,0.8603,928.98,851.65,0.8829
70,top,1,770.21,361.31,926.47,540.19,806.63,378.00,0.8815,810.19,373.94,0.8570,802.56,374.44,0.8144,818.33,378.00,0.8310,797.98,378.51,0.8620,835.62,396.83,0.7416,793.91,404.46,0.8461,856.99,419.21,0.7818,790.35,435.49,0.7868,868.69,449.73,0.7555,785.26,466.01,0.7859,850.88,449.73,0.6586,819.85,450.75,0.7288,877.34,488.39,0.7280,791.37,480.76,0.8102,909.38,518.91,0.8561,791.88,522.47,0.9005
70,bottom,0,785.20,667.17,941.74,890.93,856.37,696.56,0.8299,853.63,693.28,0.5114,852.54,692.73,0.5343,847.63,699.83,0.6362,866.75,700.93,0.6011,833.97,728.79,0.8726,879.31,723.87,0.8425,826.32,767.58,0.8290,892.42,762.66,0.8314,799.55,793.80,0.8355,864.56,765.94,0.4193,857.46,797.08,0.7413,885.87,793.25,0.8185,807.20,806.91,0.8651,892.42,814.56,0.6912,822.50,866.46,0.9423,927.93,851.16,0.8874
71,top,1,770.82,362.11,928.36,540.39,813.69,376.38,0.8911,817.28,372.27,0.8774,809.59,372.79,0.8438,824.98,376.38,0.8092,804.98,376.89,0.8451,842.41,395.35,0.7533,799.85,403.04,0.8363,862.41,418.94,0.7836,796.26,432.79,0.7949,872.67,448.68,0.7637,790.62,463.55,0.7857,855.75,449.20,0.6684,825.49,450.22,0.7221,880.87,487.66,0.7682,797.80,479.45,0.8040,909.59,520.99,0.8679,791.64,522.02,0.9150
71,bottom,0,763.61,669.18,941.20,896.44,847.21,694.36,0.7710,843.16,690.89,0.5896,843.74,690.31,0.5673,841.42,697.25,0.6454,858.19,698.40,0.6125,825.82,726.15,0.8358,872.06,722.11,0.8397,813.10,765.46,0.8352,886.52,757.95,0.8392,784.19,789.17,0.8444,860.50,762.00,0.4434,852.99,796.10,0.7605,880.16,792.06,0.8173,806.16,816.34,0.8408,892.88,815.18,0.7795,831.60,871.26,0.8263,926.98,849.29,0.8836
72,top,1,770.63,358.28,929.60,540.83,820.10,372.97,0.8688,824.24,368.83,0.8386,815.44,369.86,0.8241,832.52,372.45,0.8769,811.82,374.52,0.8155,849.60,392.12,0.7419,807.68,399.88,0.8441,869.26,414.88,0.7782,803.54,429.37,0.7894,875.47,445.42,0.7493,797.33,460.94,0.7612,860.98,448.00,0.6570,830.97,449.04,0.6862,886.85,487.33,0.7774,804.58,479.05,0.7769,913.25,519.42,0.8559,791.64,522.00,0.8816
72,bottom,0,748.76,669.89,934.40,899.09,837.35,692.64,0.7784,834.94,689.01,0.6225,834.94,688.41,0.5948,833.12,696.26,0.6825,849.44,697.47,0.6158,816.81,724.67,0.8212,863.34,720.44,0.8304,799.89,762.13,0.8237,878.45,755.49,0.8801,769.07,783.28,0.8359,853.07,753.67,0.4826,847.63,795.97,0.7731,875.42,790.54,0.7951,805.93,824.38,0.8679,893.55,817.73,0.8171,834.94,877.56,0.8197,922.56,849.15,0.8919
73,top,1,770.90,355.51,930.29,541.97,828.80,369.87,0.8598,832.96,366.24,0.8063,824.65,366.76,0.8302,840.22,369.87,0.8639,820.50,371.43,0.8021,857.86,389.07,0.7673,815.31,396.33,0.8493,876.54,411.90,0.7992,811.68,425.39,0.7701,878.61,441.99,0.7473,805.98,458.08,0.7474,867.72,446.14,0.6813,838.14,447.70,0.6908,892.62,485.06,0.7830,812.72,481.42,0.7652,913.89,519.82,0.8522,793.52,522.41,0.8543
73,bottom,0,737.64,669.70,930.78,900.15,832.32,691.87,0.8914,832.32,688.73,0.5964,830.44,688.73,0.6376,824.15,695.65,0.7391,842.38,696.90,0.7105,809.06,723.94,0.8383,855.59,720.17,0.8532,793.34,757.89,0.8373,870.68,754.75,0.8763,759.39,776.12,0.8928,846.16,754.75,0.4496,843.01,794.99,0.7937,868.79,788.70,0.8111,805.92,827.05,0.8533,887.65,817.62,0.8467,836.10,879.24,0.8523,917.20,852.83,0.9014
74,top,1,775.28,353.63,931.22,541.40,837.51,366.81,0.8756,841.58,363.25,0.8275,833.45,363.76,0.8288,849.19,367.31,0.8626,829.39,369.35,0.7707,865.94,385.08,0.7742,822.79,392.19,0.8362,883.20,409.45,0.8081,819.24,421.12,0.7692,885.23,438.89,0.7436,814.17,453.10,0.7136,874.06,442.95,0.6874,844.62,445.48,0.6898,896.40,482.03,0.7642,820.26,482.54,0.7538,914.67,519.59,0.8597,796.91,521.62,0.8207
74,bottom,0,734.04,669.03,921.79,900.01,824.86,690.40,0.8021,823.64,686.74,0.5682,822.42,686.13,0.5917,817.53,694.07,0.7162,834.64,695.29,0.6641,804.08,722.18,0.8125,848.09,718.52,0.8272,791.25,755.80,0.8456,861.53,752.74,0.8474,757.02,768.63,0.8782,840.14,753.96,0.4274,835.86,792.47,0.7567,861.53,786.36,0.7851,806.53,827.30,0.8022,876.20,818.75,0.8323,836.48,879.86,0.8441,909.20,860.31,0.8767
75,top,1,783.12,350.20,931.20,542.31,844.15,363.83,0.8752,848.00,359.97,0.8226,840.29,360.93,0.8373,855.72,363.83,0.8490,836.43,366.72,0.7699,873.07,381.66,0.7816,829.68,388.89,0.8203,889.46,407.69,0.8014,825.83,417.82,0.7818,890.91,436.62,0.7314,821.49,447.70,0.7233,879.34,441.44,0.7045,849.45,443.36,0.6985,899.58,480.97,0.7496,826.31,482.89,0.7393,915.01,519.05,0.8654,802.69,520.49,0.8091
75,bottom,0,734.10,665.14,909.19,899.23,815.93,686.74,0.7388,813.07,683.31,0.6070,813.64,683.88,0.5609,812.50,690.74,0.7489,827.93,691.31,0.6267,799.93,718.17,0.8132,840.50,715.89,0.8298,794.78,752.46,0.8437,851.36,749.61,0.7899,757.63,761.61,0.8841,830.22,766.18,0.3766,829.07,789.04,0.7642,853.08,784.47,0.8011,806.78,829.62,0.8072,861.65,819.90,0.8496,836.50,881.05,0.8307,894.23,864.48,0.8822
76,top,0,793.72,344.86,930.98,541.39,851.31,361.56,0.8736,855.15,358.20,0.8192,847.96,358.68,0.8615,862.83,362.04,0.8516,843.16,363.96,0.8138,879.62,379.79,0.7937,835.96,386.03,0.8251,894.97,406.18,0.8035,831.64,414.82,0.7927,895.93,434.01,0.7390,827.80,444.08,0.7236,883.94,439.77,0.7144,855.15,441.21,0.7182,901.69,479.59,0.7570,831.64,481.03,0.7603,915.61,517.97,0.8497,812.93,520.37,0.8259
76,bottom,1,738.31,661.03,892.84,899.58,807.42,681.88,0.7915,807.42,678.97,0.7132,807.42,678.97,0.5937,810.33,685.96,0.7910,823.73,686.54,0.6175,798.68,715.66,0.8198,834.21,710.42,0.8870,796.94,752.35,0.8773,838.29,743.03,0.6428,759.66,755.26,0.8773,809.17,735.46,0.4235,820.82,787.30,0.8041,844.69,783.22,0.8407,806.26,832.72,0.8563,846.44,823.40,0.8772,836.54,883.39,0.8962,878.47,871.74,0.8757
77,top,1,805.58,341.66,930.64,541.32,857.39,358.62,0.8950,861.29,355.21,0.8252,853.49,355.69,0.8905,868.60,359.11,0.8646,849.10,359.59,0.8293,884.68,377.63,0.7850,840.81,383.48,0.8197,900.28,403.95,0.7971,836.43,412.73,0.7817,901.26,432.71,0.7515,832.53,442.95,0.7111,887.61,437.59,0.6880,859.34,438.07,0.7120,903.21,479.99,0.7446,837.40,479.02,0.7478,915.88,519.48,0.8434,825.70,521.91,0.8509
77,bottom,0,739.50,657.94,871.18,904.46,802.33,678.88,0.7947,803.53,675.87,0.7294,803.53,675.87,0.5844,807.75,683.10,0.7458,817.98,683.10,0.5685,796.31,714.99,0.8298,827.01,706.57,0.8282,796.31,752.31,0.8397,813.16,728.84,0.5837,760.80,749.90,0.8211,790.90,708.98,0.6319,812.56,785.41,0.7683,836.03,781.20,0.8029,801.13,832.35,0.8271,833.63,826.94,0.8422,831.82,879.90,0.8574,860.11,876.29,0.8540
78,top,0,814.45,338.46,930.15,540.61,862.43,357.61,0.9283,866.38,353.66,0.8572,858.48,354.15,0.9317,873.78,358.10,0.8914,853.54,358.59,0.8574,889.08,377.35,0.7971,845.65,382.28,0.8352,903.88,403.50,0.8113,840.22,410.91,0.7981,906.35,431.64,0.7591,836.27,440.52,0.7273,891.05,437.56,0.6948,863.41,437.06,0.7280,904.38,480.00,0.7628,844.66,478.52,0.7598,915.73,519.49,0.9095,837.75,522.45,0.9174
78,bottom,1,743.18,658.77,855.15,913.92,796.05,676.71,0.8259,800.41,674.84,0.7637,798.54,674.22,0.6261,806.64,682.32,0.7424,811.62,682.94,0.5322,794.18,714.71,0.7977,819.10,705.37,0.7471,794.18,753.95,0.8207,802.90,717.20,0.6022,760.54,745.23,0.7877,785.46,699.76,0.6838,806.64,785.10,0.7491,827.82,781.99,0.7619,792.31,834.31,0.7584,820.97,830.58,0.7357,824.71,877.30,0.7923,841.52,882.90,0.8105
79,top,0,824.22,337.74,930.31,541.58,866.81,357.54,0.9280,870.79,353.56,0.8509,862.83,353.56,0.9407,878.26,358.04,0.8866,857.86,357.54,0.8577,893.19,376.95,0.7799,848.90,380.93,0.8239,908.12,402.83,0.8097,842.43,409.80,0.7912,911.11,430.70,0.7759,838.45,439.16,0.7088,894.18,436.67,0.6686,865.82,436.17,0.7047,905.63,479.97,0.7509,850.39,475.99,0.7421,916.08,519.28,0.8867,848.90,522.27,0.8888
79,bottom,1,743.15,662.07,840.10,926.65,791.62,679.38,0.7927,795.50,676.80,0.7439,794.21,676.80,0.6329,801.96,686.49,0.7028,808.42,685.84,0.5222,790.98,718.14,0.7923,812.29,709.10,0.7039,790.33,756.90,0.8116,797.44,718.78,0.5115,759.97,740.75,0.7661,779.35,690.36,0.4735,799.37,789.19,0.7343,821.34,787.25,0.7674,780.64,835.70,0.7442,811.65,837.64,0.7476,813.59,877.04,0.7334,827.80,891.90,0.8030
80,top,0,833.52,336.97,930.59,541.58,870.06,356.85,0.9282,874.06,353.35,0.8860,866.07,353.35,0.9537,881.55,357.35,0.8905,861.07,357.35,0.8455,896.54,377.83,0.7699,852.08,380.83,0.8155,911.53,402.31,0.8105,845.09,409.30,0.7987,914.02,430.78,0.7662,840.09,438.77,0.7139,897.04,436.78,0.6558,868.07,435.78,0.6888,907.03,480.23,0.7592,855.58,478.74,0.7131,916.02,520.20,0.8928,858.58,522.69,0.8595
80,bottom,1,741.09,661.60,830.49,936.18,787.80,684.93,0.8126,791.15,682.92,0.7374,790.48,682.25,0.6302,797.18,691.63,0.7223,801.21,691.63,0.5188,788.47,722.47,0.8059,804.56,715.10,0.7193,785.79,760.68,0.8402,790.48,717.78,0.4862,758.97,739.90,0.7533,773.72,685.60,0.4167,792.49,794.87,0.7576,813.94,794.20,0.7698,767.69,835.09,0.7488,804.56,843.14,0.7908,798.52,881.35,0.8088,817.96,902.80,0.7972
81,top,0,835.03,337.40,929.65,542.03,872.35,357.28,0.8998,876.34,353.79,0.8583,868.35,353.79,0.9360,883.84,357.78,0.8720,863.36,357.78,0.8672,898.83,378.27,0.7802,854.36,381.26,0.8239,913.81,403.25,0.8095,846.37,409.74,0.7986,917.31,432.22,0.7688,841.37,438.72,0.7213,898.83,436.72,0.6724,870.35,436.22,0.7103,908.32,480.68,0.7553,860.36,479.68,0.7294,916.31,520.15,0.8817,866.85,524.15,0.8385
81,bottom,1,741.56,666.65,826.26,937.67,779.94,693.65,0.8601,783.91,691.66,0.7857,781.93,691.00,0.6239,791.85,699.60,0.7539,796.48,699.60,0.5310,783.91,728.72,0.8237,799.13,724.09,0.7613,779.28,765.11,0.8513,787.22,745.26,0.5000,758.11,737.98,0.8139,772.00,740.63,0.3973,784.57,800.84,0.8019,806.41,800.84,0.8030,752.81,837.89,0.8620,799.79,851.79,0.8371,783.91,889.50,0.8417,815.01,913.32,0.8453
82,top,1,835.55,339.04,929.48,542.78,874.56,357.84,0.8954,878.54,354.36,0.8885,871.08,354.86,0.9337,885.00,358.84,0.8663,865.61,358.84,0.8946,899.43,379.23,0.7748,855.66,382.71,0.8186,915.84,404.10,0.8099,847.20,411.07,0.8015,919.82,433.45,0.7876,841.23,439.92,0.7299,899.93,436.44,0.6843,872.07,436.44,0.7229,910.37,480.71,0.7416,865.11,480.21,0.7469,916.34,520.00,0.8783,872.07,524.98,0.8275
82,bottom,0,728.47,654.37,830.84,940.17,773.37,699.59,0.9045,776.86,696.80,0.7842,774.07,696.10,0.7102,785.24,706.57,0.7498,793.61,705.87,0.5632,778.26,734.48,0.8179,792.91,728.20,0.7777,773.37,765.87,0.8131,787.33,735.17,0.4529,756.63,734.48,0.8008,772.68,694.70,0.4020,778.26,805.65,0.8473,799.19,806.34,0.8317,739.18,844.02,0.9228,797.10,857.98,0.8588,763.61,897.75,0.8333,816.64,916.59,0.9104
83,top,1,836.07,340.07,930.29,542.94,876.74,358.80,0.8769,880.21,355.33,0.8758,872.78,355.82,0.9069,887.14,359.79,0.8413,867.83,360.28,0.8776,901.01,380.09,0.7817,857.43,384.55,0.8102,917.36,404.36,0.8075,848.02,411.79,0.8050,922.31,433.58,0.7844,841.58,439.53,0.7475,902.00,437.55,0.6917,874.76,437.55,0.7275,912.90,481.13,0.7343,868.32,479.64,0.7687,917.36,518.28,0.8516,872.78,525.21,0.8378
83,bottom,0,717.23,656.48,831.88,940.90,766.92,705.64,0.7315,769.00,702.86,0.6342,769.00,701.47,0.5773,773.86,709.11,0.6153,787.75,708.42,0.5404,769.00,734.80,0.6661,791.22,728.55,0.6942,767.61,766.05,0.6490,798.86,712.58,0.5706,759.28,729.94,0.6449,780.81,684.11,0.5745,768.31,808.41,0.7389,791.92,809.11,0.7602,727.34,850.08,0.8351,796.78,863.27,0.7694,744.00,905.63,0.8116,816.92,918.13,0.8705
84,top,1,836.64,340.34,932.44,543.36,878.09,359.57,0.8815,882.06,356.10,0.8699,874.63,356.10,0.8952,889.00,360.56,0.8337,869.17,360.56,0.8741,902.88,379.89,0.7747,858.76,385.34,0.7958,919.23,404.67,0.8120,848.85,412.60,0.8035,924.69,433.42,0.7880,842.41,440.36,0.7457,904.86,436.89,0.6868,876.61,437.39,0.7207,917.75,481.50,0.7301,869.17,481.00,0.7765,919.23,516.69,0.8438,872.64,526.11,0.8517
84,bottom,0,697.74,662.16,832.22,941.90,760.20,708.46,0.7072,763.61,705.05,0.6516,760.88,705.05,0.5859,769.08,711.19,0.6260,781.37,711.88,0.4943,761.57,735.78,0.6606,785.47,730.32,0.6513,752.69,766.51,0.6416,801.86,722.12,0.6629,759.52,730.32,0.5660,782.74,692.07,0.5918,756.78,809.54,0.6883,784.10,810.22,0.7163,719.22,856.66,0.8322,793.66,862.13,0.7818,724.69,914.72,0.8359,816.89,914.72,0.8767
85,top,1,836.44,341.21,934.52,543.57,880.54,359.89,0.8783,884.49,355.94,0.8672,876.59,355.94,0.8858,891.41,360.38,0.8269,871.65,360.38,0.8732,904.75,379.16,0.7560,860.78,385.08,0.7884,920.56,402.87,0.7927,850.90,413.24,0.8102,927.48,433.01,0.8007,842.99,440.91,0.7467,907.22,436.47,0.6863,878.07,437.45,0.6997,923.03,478.95,0.7142,870.66,480.44,0.7609,922.54,515.02,0.7982,872.64,525.89,0.8343
85,bottom,0,675.04,671.27,829.27,948.24,756.89,713.06,0.5624,760.27,709.68,0.5386,756.89,709.68,0.4633,764.32,716.44,0.5156,775.82,716.44,0.4290,746.74,739.43,0.4716,781.90,736.73,0.4907,721.05,756.34,0.5174,798.13,738.08,0.5294,747.42,732.67,0.3678,783.93,713.06,0.4248,746.07,811.79,0.5569,774.47,811.11,0.5882,713.61,862.50,0.6741,790.70,861.82,0.6608,706.17,922.01,0.6962,815.71,912.54,0.6619
86,top,1,839.00,339.67,938.01,543.81,882.53,358.01,0.8661,887.01,355.02,0.8506,879.04,355.02,0.8778,893.49,359.51,0.8372,874.06,359.51,0.8696,907.45,377.95,0.7558,863.09,383.93,0.7897,923.39,401.87,0.7957,853.12,412.34,0.8046,930.37,430.28,0.8162,844.65,440.74,0.7547,909.94,434.76,0.7015,880.53,436.26,0.7252,928.88,477.12,0.7258,872.06,480.11,0.7619,927.88,512.01,0.7759,872.56,526.46,0.8371
86,bottom,0,657.86,686.62,823.86,956.68,756.02,718.14,0.5610,757.34,714.18,0.5183,754.71,714.84,0.4558,756.02,721.43,0.5144,768.55,722.75,0.4605,734.27,739.89,0.4831,777.12,741.21,0.4968,703.94,741.21,0.5566,794.92,743.85,0.5657,734.93,732.64,0.3883,782.40,718.80,0.5265,736.24,815.71,0.5456,764.60,815.06,0.5854,707.23,869.78,0.6437,785.03,863.18,0.6705,690.09,927.80,0.6688,812.07,913.29,0.6744
87,top,1,841.86,336.78,946.74,542.98,886.25,357.32,0.8745,890.27,353.80,0.8297,882.22,354.30,0.8847,896.32,358.33,0.8464,876.68,358.83,0.8639,910.91,376.95,0.7573,866.11,383.00,0.8046,926.52,399.61,0.7922,856.55,411.19,0.8022,933.57,429.31,0.7907,847.99,439.88,0.7656,913.43,433.84,0.6953,883.73,435.85,0.7268,933.06,474.11,0.7339,873.16,479.15,0.7595,934.57,509.35,0.8175,872.15,525.96,0.8663
87,bottom,0,649.17,703.38,823.72,967.14,753.19,726.43,0.6483,749.97,723.21,0.5245,753.19,724.50,0.4388,745.46,728.36,0.6787,764.14,731.58,0.5523,724.21,747.68,0.6758,769.93,754.12,0.6863,692.66,729.01,0.6351,787.32,756.70,0.7366,722.28,729.01,0.4934,778.95,727.72,0.7648,727.43,823.03,0.6415,757.05,822.38,0.6509,699.10,879.69,0.7531,775.73,865.53,0.7413,678.49,937.65,0.7671,806.64,911.89,0.7893
88,top,1,845.11,336.80,954.11,543.54,889.51,356.89,0.9218,893.05,353.86,0.8460,885.48,353.86,0.9192,899.61,358.40,0.9048,880.43,358.40,0.8664,914.75,377.58,0.7567,869.83,382.63,0.8121,930.40,399.79,0.8013,860.24,410.89,0.8121,937.47,428.56,0.8061,851.66,439.66,0.7703,917.28,433.10,0.7197,887.50,435.12,0.7379,936.46,472.98,0.7516,873.36,478.53,0.7498,942.51,508.31,0.7983,870.84,524.97,0.8947
88,bottom,0,647.44,704.55,824.22,975.24,747.72,734.82,0.7147,746.40,732.18,0.5125,749.04,734.16,0.3995,738.47,736.80,0.7218,756.97,740.77,0.6040,716.66,752.66,0.7032,762.92,762.58,0.7200,690.23,738.12,0.5642,780.77,773.81,0.7931,682.96,723.59,0.6461,775.48,739.45,0.8365,719.30,833.95,0.6574,748.38,834.61,0.6553,688.90,890.12,0.7589,762.26,868.98,0.6742,671.72,949.60,0.7802,798.61,912.59,0.7530
89,top,1,848.10,340.04,968.50,543.40,892.91,359.31,0.8952,896.38,355.83,0.8505,888.94,356.33,0.8753,902.84,360.30,0.8866,883.47,360.80,0.8082,918.72,378.67,0.7477,873.05,383.14,0.8107,934.61,400.51,0.7883,863.61,411.93,0.7985,941.56,429.31,0.7882,855.17,441.23,0.7263,921.21,434.28,0.7040,890.92,435.77,0.7154,940.07,474.99,0.7451,873.54,476.48,0.7337,954.97,514.21,0.7816,868.58,523.64,0.8663
89,bottom,0,640.88,688.04,810.94,978.17,742.91,743.15,0.7613,739.37,740.32,0.5960,743.62,741.74,0.5046,732.29,745.28,0.8164,752.12,747.40,0.6945,710.33,762.98,0.7364,758.50,773.61,0.7725,674.91,741.74,0.8609,778.33,784.23,0.8424,657.20,708.44,0.8802,774.79,750.24,0.8273,713.87,845.15,0.7137,742.20,845.15,0.7174,679.16,895.44,0.8102,747.87,872.78,0.7155,669.95,954.94,0.9169,788.24,911.02,0.8064
90,top,1,851.68,346.08,981.97,542.64,895.23,362.30,0.8913,899.55,359.42,0.8635,891.87,359.42,0.8262,906.26,363.74,0.8942,887.07,364.22,0.7969,922.10,381.49,0.7506,876.51,385.81,0.8254,938.42,403.57,0.7874,867.39,414.13,0.8063,946.10,430.92,0.7993,858.28,444.36,0.7097,924.02,436.20,0.6949,893.79,437.16,0.7292,944.66,478.43,0.7630,874.59,476.03,0.7416,964.33,515.38,0.7799,866.43,522.10,0.8533
90,bottom,0,630.22,701.22,798.18,978.26,735.84,746.41,0.8394,732.46,744.38,0.6405,736.52,745.73,0.5678,726.37,749.11,0.8447,746.66,751.82,0.7073,706.76,766.70,0.7459,756.81,776.84,0.8034,667.53,751.82,0.8437,777.78,791.72,0.8789,646.56,722.73,0.9182,773.72,759.93,0.8833,712.17,850.57,0.6854,741.93,850.57,0.7075,673.61,899.94,0.8116,738.55,875.59,0.7375,668.20,956.76,0.9047,775.75,913.47,0.8249
91,top,1,848.99,351.39,990.62,542.83,897.84,367.19,0.8926,902.04,363.92,0.8511,894.57,363.92,0.8396,909.06,368.13,0.8950,889.89,368.59,0.8021,924.95,386.35,0.7477,880.08,390.09,0.8315,942.24,408.32,0.7834,870.73,418.60,0.7922,950.65,437.30,0.7862,861.38,448.52,0.7359,927.28,440.10,0.6767,897.37,440.57,0.7168,949.72,482.17,0.7684,874.94,478.90,0.7430,974.49,520.49,0.8436,864.19,522.83,0.8873
91,bottom,0,643.42,725.76,789.55,977.82,734.95,745.33,0.8089,731.26,742.86,0.5811,737.41,744.09,0.5332,725.10,749.02,0.8434,746.03,750.25,0.7416,707.26,768.71,0.7308,757.10,775.48,0.8196,669.10,761.33,0.6360,781.72,792.71,0.8553,646.95,751.48,0.6816,776.80,765.63,0.8464,712.18,850.56,0.6550,741.72,850.56,0.6591,674.03,899.79,0.7655,739.87,873.94,0.6626,668.49,955.18,0.8379,769.41,919.48,0.7454
92,top,1,844.07,357.35,998.69,544.98,901.25,373.66,0.9151,905.28,370.14,0.8864,897.73,370.14,0.8863,911.82,373.66,0.9301,893.20,374.16,0.8614,928.43,393.29,0.7785,883.63,396.81,0.8609,946.04,415.43,0.8028,874.57,425.00,0.8138,955.10,444.12,0.7740,865.01,455.19,0.7461,931.45,446.64,0.7344,901.25,447.14,0.7637,955.10,487.91,0.8081,876.59,483.38,0.7804,982.28,525.15,0.8702,861.99,525.15,0.8926
92,bottom,0,638.10,716.27,794.57,977.67,735.48,738.48,0.8696,733.56,736.57,0.6117,737.39,737.21,0.5717,726.54,742.31,0.8264,745.69,742.95,0.7656,709.31,765.29,0.7383,759.73,769.11,0.8288,679.32,772.94,0.5830,785.89,788.90,0.8556,653.79,776.77,0.6184,779.51,767.20,0.8493,717.61,842.50,0.6921,747.60,841.87,0.7026,681.23,896.11,0.7762,745.69,866.76,0.7267,669.11,954.18,0.8445,771.85,913.34,0.7315
93,top,1,842.21,364.29,1001.71,544.24,903.79,381.58,0.8744,907.42,376.90,0.8142,900.15,377.42,0.8339,914.17,380.54,0.8444,895.48,380.54,0.7970,931.31,400.79,0.7680,886.65,404.42,0.8358,948.96,422.60,0.8076,877.82,431.94,0.8226,959.34,452.19,0.7262,865.36,461.54,0.7887,933.90,453.75,0.7027,903.79,453.75,0.7217,957.27,490.10,0.8029,877.82,485.94,0.7773,985.83,525.40,0.8843,863.29,524.37,0.8946
93,bottom,0,646.20,706.95,801.18,975.99,738.14,728.49,0.9010,736.83,727.84,0.6668,739.45,727.18,0.5519,728.29,733.09,0.8029,748.65,733.09,0.7385,711.87,761.34,0.7787,765.73,758.05,0.8479,682.31,783.67,0.6880,790.69,782.36,0.8485,663.26,806.00,0.7041,780.83,771.85,0.6101,724.35,832.28,0.7201,753.90,829.65,0.7400,691.50,890.73,0.7909,757.19,857.89,0.7410,672.46,948.54,0.8761,779.52,905.18,0.7725
94,top,1,840.05,369.67,1000.24,542.78,903.45,387.39,0.8785,907.10,383.22,0.8218,900.33,383.22,0.8644,914.40,386.87,0.8364,896.15,386.87,0.7553,931.09,407.21,0.7618,887.29,411.38,0.8292,949.34,429.11,0.7997,878.42,439.54,0.8127,961.86,457.27,0.7630,864.87,468.22,0.7923,934.22,459.35,0.6994,905.54,459.88,0.7156,958.21,492.21,0.7813,877.90,487.51,0.7804,986.36,525.06,0.8673,864.35,524.01,0.9107
94,bottom,0,650.40,699.62,806.56,970.16,738.39,721.94,0.8573,738.39,719.30,0.6414,739.05,719.96,0.5535,729.80,725.91,0.7844,750.28,725.25,0.7187,713.29,758.27,0.7804,768.77,750.35,0.8443,695.46,791.96,0.7106,793.21,778.09,0.8477,683.57,822.34,0.7020,788.59,780.07,0.6044,733.11,828.95,0.7118,762.17,825.64,0.7491,699.42,885.09,0.7674,768.77,851.40,0.7110,680.27,943.21,0.8699,787.27,900.28,0.7610
95,top,1,840.04,373.34,1001.68,543.58,900.87,390.59,0.9017,904.55,386.90,0.8605,897.71,386.90,0.8972,911.92,390.06,0.8581,892.97,390.59,0.8054,928.75,410.58,0.7572,885.08,414.79,0.8452,946.64,431.63,0.7854,877.19,442.15,0.8214,961.90,459.51,0.7583,862.98,471.09,0.8104,932.44,462.15,0.6901,903.50,461.62,0.7051,957.69,493.72,0.7689,874.03,488.45,0.7828,986.63,525.29,0.8711,863.51,524.23,0.9195
95,bottom,0,669.55,694.31,814.08,964.87,739.83,717.96,0.8079,738.51,713.99,0.5731,739.17,713.33,0.5593,730.58,721.26,0.7729,750.40,719.28,0.7994,715.39,759.57,0.8341,771.54,745.70,0.8096,711.43,797.88,0.7030,796.64,776.08,0.8364,706.80,833.55,0.6357,794.00,792.60,0.6933,741.15,827.61,0.7182,771.54,822.32,0.7364,704.82,879.13,0.8129,780.12,848.08,0.7288,695.58,939.24,0.8520,796.64,896.96,0.7823
96,top,1,837.82,372.80,1001.41,543.29,895.12,389.35,0.8981,898.85,385.09,0.8562,891.39,385.09,0.8807,906.30,387.75,0.8666,887.13,388.82,0.8158,923.34,408.52,0.7577,879.14,413.31,0.8610,941.45,431.42,0.7701,872.22,441.53,0.8125,957.96,460.17,0.7463,859.97,471.35,0.8151,926.54,460.70,0.6679,896.18,460.70,0.7068,954.76,493.72,0.7400,868.49,488.40,0.7617,985.65,525.67,0.8583,861.04,525.14,0.9088
96,bottom,0,695.52,691.92,822.45,958.44,741.42,715.87,0.8200,736.86,712.61,0.5726,742.07,711.96,0.6034,732.31,719.77,0.7704,753.78,717.82,0.7506,719.95,758.81,0.8734,774.60,742.55,0.8083,725.80,795.90,0.6569,798.03,775.08,0.7944,728.40,826.48,0.5239,796.07,805.66,0.6920,746.62,825.83,0.6912,778.51,821.28,0.7193,707.58,874.63,0.8097,789.57,848.61,0.7611,717.34,932.54,0.8486,808.44,897.41,0.7885
97,top,1,837.80,368.57,1000.40,542.92,888.40,385.35,0.9000,892.10,381.11,0.8894,884.69,381.64,0.8640,900.04,383.76,0.8904,880.99,384.82,0.8291,916.98,404.93,0.7526,872.52,409.17,0.8735,935.51,427.69,0.7527,866.17,438.81,0.7995,951.38,456.80,0.7200,855.05,470.56,0.8060,917.51,461.04,0.6818,887.87,459.98,0.7492,949.27,492.79,0.7178,859.29,492.27,0.7361,981.55,525.08,0.8567,859.29,524.02,0.9011
97,bottom,0,704.05,693.18,839.46,956.87,745.36,716.87,0.8962,743.43,713.65,0.6527,746.00,714.29,0.5660,736.35,720.73,0.8348,758.88,718.80,0.7637,725.40,760.65,0.8668,779.48,743.91,0.8261,734.42,794.77,0.6472,798.80,778.03,0.7831,742.79,814.08,0.3345,799.44,813.44,0.6517,754.37,826.31,0.7182,784.63,822.45,0.7268,714.46,874.60,0.7938,797.51,850.13,0.7232,738.92,929.32,0.8006,821.97,895.20,0.7721
98,top,1,838.78,367.43,991.86,542.25,880.94,383.58,0.8478,884.42,379.10,0.8260,877.45,380.09,0.7734,892.40,382.58,0.8357,873.96,384.08,0.7487,909.84,402.52,0.7475,865.99,408.00,0.8421,928.77,425.94,0.7439,858.51,438.39,0.8063,942.73,452.85,0.7141,848.55,468.29,0.7971,908.84,457.33,0.6823,880.44,456.33,0.7655,941.23,492.71,0.6714,851.54,489.22,0.7198,970.63,523.60,0.7946,853.53,519.62,0.8696
98,bottom,0,715.17,695.46,848.76,958.66,751.12,719.11,0.9234,749.19,715.89,0.6637,749.84,716.54,0.5832,741.48,722.96,0.8826,763.97,721.68,0.7511,730.56,762.80,0.8898,785.18,748.02,0.8416,738.27,793.00,0.6889,800.60,781.44,0.7752,752.41,803.28,0.4047,799.31,811.64,0.5805,761.40,827.06,0.7541,790.96,823.20,0.7524,726.06,879.11,0.8034,805.74,852.12,0.7416,749.84,933.72,0.8255,832.73,893.89,0.7984
99,top,1,830.96,367.61,976.96,540.95,872.12,383.47,0.8403,876.40,379.19,0.8366,868.79,379.67,0.8120,884.95,382.05,0.8536,866.42,384.42,0.7581,903.48,402.48,0.7292,858.34,408.66,0.8233,923.44,426.72,0.7374,851.21,438.60,0.7910,937.23,455.23,0.7253,838.38,468.54,0.7705,902.53,455.71,0.6649,873.55,455.71,0.7383,931.05,490.40,0.6852,847.41,487.55,0.7332,956.71,522.24,0.7921,841.23,519.39,0.8078
99,bottom,0,724.45,697.10,858.10,961.17,759.04,720.18,0.9313,756.46,716.96,0.6491,759.04,716.96,0.5744,748.72,724.05,0.8732,771.29,722.11,0.7871,737.76,762.08,0.9287,791.92,749.19,0.8875,744.86,794.32,0.7393,804.17,782.07,0.7764,764.20,803.35,0.4169,802.88,808.50,0.5536,766.78,829.13,0.7918,797.72,825.27,0.7823,736.47,883.93,0.8395,815.13,852.34,0.7657,752.59,938.73,0.8765,842.85,895.54,0.8156
100,top,1,813.78,370.14,949.37,538.33,864.36,385.38,0.7812,867.45,381.41,0.7519,860.83,382.29,0.7583,875.84,384.50,0.7837,857.74,387.15,0.6938,896.14,403.04,0.7467,851.12,410.10,0.8236,915.56,425.55,0.7888,842.29,439.67,0.7543,930.13,454.24,0.7403,828.17,470.13,0.7711,896.58,456.44,0.6800,867.01,456.88,0.6867,922.62,489.99,0.7199,841.41,487.78,0.7202,938.07,518.68,0.8195,825.96,522.65,0.8329
100,bottom,0,725.79,693.64,868.08,960.73,769.55,717.64,0.9374,767.59,713.73,0.6340,771.50,714.38,0.5636,758.46,721.55,0.8478,782.59,720.25,0.8151,746.72,758.72,0.8999,800.85,747.63,0.8690,751.29,789.37,0.7142,812.58,780.24,0.7802,774.11,796.54,0.3967,814.54,807.62,0.6849,772.81,826.54,0.7767,804.11,823.27,0.7641,744.12,882.61,0.8220,826.93,853.92,0.8197,753.25,938.04,0.8840,850.40,898.92,0.8104
101,top,1,791.31,372.43,948.68,544.94,856.16,389.02,0.8287,859.23,384.41,0.7607,853.09,384.92,0.7748,867.94,386.46,0.8525,850.01,389.02,0.7033,888.43,405.41,0.7870,842.84,412.58,0.8155,909.44,427.95,0.8160,833.11,442.29,0.7739,924.29,455.10,0.8074,817.23,473.54,0.7830,889.46,458.18,0.7337,860.77,459.20,0.7271,914.56,491.99,0.7712,835.16,491.47,0.7801,931.98,521.19,0.8606,811.08,528.36,0.8498
101,bottom,0,724.51,688.76,880.78,958.96,781.54,711.06,0.9202,778.24,707.76,0.6190,784.83,707.76,0.6374,771.64,715.02,0.8326,793.41,713.70,0.8481,758.45,750.64,0.9232,811.88,741.41,0.8947,761.75,785.60,0.7292,825.07,771.75,0.8234,774.94,804.73,0.4394,827.71,804.73,0.7753,780.22,821.22,0.7889,811.88,817.27,0.7484,756.47,876.64,0.8682,838.27,848.27,0.8467,753.83,937.98,0.9076,856.74,901.04,0.8196
102,top,1,782.10,375.36,949.02,549.94,846.54,391.47,0.8512,850.35,387.12,0.8018,843.82,387.66,0.8268,859.04,389.29,0.8367,841.11,390.92,0.6828,879.69,407.77,0.7739,835.13,416.46,0.8256,900.88,428.96,0.7992,824.81,445.80,0.7801,918.81,456.13,0.8274,807.96,474.06,0.7583,882.40,460.47,0.7212,854.15,461.56,0.7466,907.94,495.25,0.7783,828.07,495.79,0.8089,931.85,520.79,0.8502,800.90,533.29,0.8761
102,bottom,0,731.41,679.98,881.70,955.51,793.77,703.39,0.9426,791.08,700.02,0.5547,795.12,700.02,0.6759,785.03,707.42,0.7868,804.54,705.40,0.8177,770.90,743.08,0.9162,824.72,735.00,0.8659,770.90,780.07,0.7351,839.52,764.60,0.7929,779.65,800.93,0.3985,840.86,797.56,0.7611,788.39,813.71,0.8017,818.66,809.67,0.7665,769.56,870.21,0.8594,848.26,845.32,0.8649,756.10,926.72,0.8904,859.03,902.50,0.8625
103,top,1,781.47,378.96,949.28,549.90,837.51,394.51,0.9227,841.34,390.69,0.8956,834.78,390.69,0.9268,851.17,392.33,0.8504,832.05,393.96,0.7508,873.02,410.90,0.7415,827.13,420.18,0.8166,894.32,430.56,0.7571,816.21,449.68,0.8197,912.89,457.33,0.8074,797.63,476.45,0.7898,876.30,464.98,0.6787,846.80,464.43,0.7172,900.88,497.21,0.7079,820.03,496.11,0.8180,933.65,520.70,0.8085,799.27,532.71,0.8644
103,bottom,0,743.57,672.98,883.02,941.81,804.76,695.82,0.8721,802.14,692.54,0.5364,804.76,691.89,0.6398,795.57,699.76,0.8298,815.92,697.79,0.8104,781.13,734.55,0.9118,835.61,727.98,0.8516,777.20,776.55,0.7785,853.99,760.14,0.8097,781.79,808.05,0.6954,853.33,787.05,0.7047,797.54,806.09,0.7807,827.73,802.80,0.7646,778.51,863.19,0.8400,854.64,843.50,0.8632,764.07,914.38,0.8859,860.55,901.25,0.9134
104,top,1,780.34,380.09,949.43,550.94,831.86,396.16,0.9237,835.71,391.76,0.9001,828.56,392.86,0.8780,845.62,393.96,0.8638,826.91,396.71,0.7787,867.09,412.67,0.7333,821.40,422.03,0.8255,887.45,431.94,0.7604,808.74,452.85,0.8148,907.27,457.26,0.8210,788.38,480.38,0.8233,869.29,466.07,0.6752,840.12,466.07,0.7328,896.26,499.09,0.6874,814.25,496.34,0.8195,932.04,519.46,0.7719,798.83,532.12,0.8435
104,bottom,0,760.80,664.31,880.32,933.71,813.33,688.52,0.8915,812.01,685.23,0.5687,814.64,685.23,0.6268,804.78,692.46,0.8403,825.16,691.15,0.8430,788.99,727.32,0.9229,845.55,720.09,0.8585,781.76,768.10,0.8488,865.29,750.34,0.8018,782.41,802.96,0.8100,865.29,771.39,0.7253,806.09,797.70,0.7890,836.35,795.72,0.7839,785.70,854.92,0.8511,858.05,843.08,0.8678,779.78,904.25,0.8837,860.68,900.96,0.9414
105,top,1,776.48,380.45,947.84,550.77,827.02,397.00,0.9067,830.92,393.09,0.8963,824.23,393.65,0.8735,840.96,394.21,0.8584,822.00,397.55,0.7879,861.60,412.62,0.7310,815.86,422.66,0.8133,882.80,431.58,0.7463,802.47,453.89,0.8099,902.88,457.80,0.8171,780.16,481.23,0.8331,865.50,465.61,0.6762,835.38,465.61,0.7314,892.28,499.07,0.6806,811.95,497.40,0.8016,929.09,518.60,0.7624,798.57,532.54,0.8535
105,bottom,0,777.64,656.45,882.19,925.02,820.74,680.57,0.8623,818.12,677.95,0.5511,822.05,677.95,0.5961,811.56,685.16,0.8541,833.20,683.85,0.8384,796.48,719.26,0.9163,852.21,712.05,0.8664,786.64,759.26,0.8397,872.54,741.55,0.7986,784.02,794.67,0.8093,875.16,762.54,0.7415,816.15,789.42,0.7882,845.66,788.11,0.7989,792.54,846.47,0.8544,862.05,840.57,0.8699,795.82,893.02,0.8666,863.36,898.92,0.9155
106,top,1,773.59,380.63,944.81,550.62,824.09,397.07,0.8903,827.43,392.61,0.8756,820.75,393.73,0.8561,837.47,394.28,0.8548,819.07,397.63,0.7827,858.65,412.12,0.7267,812.94,422.71,0.8066,880.38,431.63,0.7456,798.45,451.69,0.8179,900.45,457.27,0.8068,777.83,477.89,0.8291,861.99,463.40,0.6822,833.01,464.51,0.7336,888.74,498.51,0.6887,811.27,496.84,0.7914,926.09,518.57,0.7378,798.45,533.07,0.8591
106,bottom,0,781.05,650.65,890.65,921.90,827.24,674.36,0.8630,825.25,671.05,0.5500,827.24,670.39,0.6133,818.63,678.33,0.8019,839.16,677.01,0.8028,803.40,712.77,0.8988,859.03,706.15,0.8246,792.81,752.50,0.8179,881.54,734.62,0.7894,786.85,787.60,0.7899,883.53,757.14,0.7267,823.93,784.29,0.7541,853.73,782.30,0.7726,801.41,837.27,0.8430,868.96,835.28,0.8456,809.36,888.92,0.8564,868.96,894.22,0.9040
107,top,1,773.78,380.15,941.02,550.64,822.02,395.16,0.8853,825.28,390.81,0.8822,818.75,391.90,0.8614,835.63,392.99,0.8540,816.57,395.16,0.7662,856.86,410.41,0.7160,811.13,421.30,0.7939,878.63,430.01,0.7365,797.52,449.61,0.8136,899.32,456.68,0.8028,777.37,475.19,0.7673,861.21,462.13,0.6795,832.36,464.31,0.7204,885.71,496.43,0.6800,811.67,496.43,0.7932,921.10,516.57,0.7488,798.61,532.90,0.8577
107,bottom,0,782.87,646.73,899.46,912.19,834.04,669.93,0.8770,832.09,666.69,0.5388,834.04,666.04,0.6164,824.96,673.82,0.8236,845.05,672.52,0.8021,809.41,707.52,0.9080,865.14,701.69,0.8322,798.39,747.70,0.8220,889.77,730.20,0.8172,789.96,784.65,0.8169,891.72,754.18,0.7363,831.44,779.46,0.7466,860.61,776.87,0.7759,810.70,828.07,0.8688,878.75,827.42,0.8321,819.78,884.45,0.8586,878.75,879.92,0.9053
108,top,1,776.82,377.88,933.96,550.00,821.63,394.88,0.8756,825.21,390.28,0.8541,818.05,391.30,0.8232,834.93,391.81,0.8714,816.51,394.37,0.7306,855.90,408.69,0.7266,811.40,418.41,0.8065,879.43,427.62,0.7548,798.10,442.45,0.7698,898.87,452.68,0.7993,789.40,463.43,0.6916,861.53,459.85,0.6959,832.37,462.40,0.7295,886.08,496.17,0.7058,812.42,495.65,0.7779,915.24,515.09,0.7951,798.10,533.00,0.8609
108,bottom,0,787.95,644.64,906.92,899.52,839.97,668.16,0.9161,839.35,665.05,0.5245,839.97,665.05,0.6324,831.26,671.90,0.8043,851.17,670.65,0.7999,815.70,705.50,0.9135,870.46,699.28,0.8615,804.50,747.81,0.8253,897.84,730.39,0.8630,794.54,785.15,0.8719,899.71,756.53,0.7419,838.10,773.95,0.7537,866.73,772.08,0.7933,820.06,820.62,0.8653,889.13,821.24,0.8293,825.66,876.00,0.8945,892.86,871.64,0.9211
109,top,1,781.92,374.72,928.20,549.68,821.73,391.72,0.8552,825.54,387.44,0.7949,818.87,388.39,0.7915,835.54,389.34,0.8309,816.96,392.67,0.7047,855.06,406.01,0.7160,811.73,415.53,0.7975,880.30,423.62,0.7021,798.87,440.29,0.7253,901.25,447.43,0.7611,813.16,445.53,0.6058,861.25,456.00,0.6629,832.68,458.86,0.6959,885.06,493.62,0.6802,813.16,493.62,0.7436,911.72,516.48,0.8038,798.39,533.15,0.8572
109,bottom,0,791.57,644.90,930.52,888.56,847.96,668.58,1.0145,846.77,666.79,0.5682,848.56,666.79,0.6684,838.44,673.34,0.7685,858.67,672.15,0.7530,822.98,705.46,0.9118,875.92,700.11,0.8903,811.67,747.10,0.8427,903.88,732.23,0.8758,800.37,785.17,0.9168,907.45,760.19,0.7859,842.61,771.49,0.7776,873.54,769.70,0.7856,830.11,814.91,0.8698,899.12,816.10,0.8744,829.52,866.67,0.9394,911.02,868.45,0.9189
110,top,1,781.65,374.04,925.38,550.78,824.97,388.48,0.9360,829.18,384.27,0.8623,821.70,385.21,0.8537,837.61,387.08,0.8871,818.89,389.88,0.7696,856.32,403.45,0.6907,814.21,410.94,0.7957,881.12,417.96,0.7026,804.39,436.67,0.7852,905.45,438.08,0.7216,823.10,433.87,0.5937,861.47,452.58,0.6492,834.80,454.45,0.6870,885.33,491.88,0.6882,814.21,491.88,0.7387,910.60,519.02,0.7872,798.77,531.65,0.8324
110,bottom,0,798.29,649.55,944.78,883.39,856.12,672.27,1.0212,853.83,669.99,0.6156,856.12,669.99,0.7011,846.98,676.84,0.7852,865.25,676.27,0.7554,829.85,708.24,0.9250,882.95,703.67,0.9099,819.58,748.77,0.8515,908.07,738.50,0.8334,808.16,785.31,0.9130,915.49,765.90,0.7625,848.69,773.89,0.7622,880.09,772.18,0.7556,837.28,813.28,0.8268,910.35,814.43,0.8687,834.42,856.10,0.8595,930.90,866.95,0.9216
111,top,0,782.06,368.52,927.04,552.09,829.07,385.27,0.9137,833.32,381.49,0.8418,825.77,382.44,0.8767,842.28,383.85,0.8855,822.93,386.68,0.8019,859.74,399.43,0.7168,817.74,407.45,0.8160,886.17,415.00,0.7069,812.08,434.82,0.7690,911.66,433.88,0.7318,837.56,424.91,0.5970,863.52,451.34,0.6674,835.68,453.23,0.7034,886.65,490.98,0.7133,814.91,491.93,0.7505,911.19,522.60,0.7955,798.39,532.04,0.8530
111,bottom,1,804.89,654.57,967.75,878.54,865.54,676.88,1.0360,864.45,674.14,0.6753,865.54,675.24,0.6860,856.24,680.70,0.7532,874.84,681.80,0.6964,837.11,712.42,0.9521,891.24,710.78,0.9199,826.72,750.70,0.8539,912.57,747.41,0.8353,814.69,788.43,0.9050,924.60,775.30,0.7879,853.51,780.22,0.7889,886.32,776.94,0.7614,844.76,813.03,0.8169,920.77,815.77,0.9013,844.21,852.95,0.8643,949.75,863.88,0.9364
112,top,0,782.20,364.94,928.82,552.56,834.99,382.87,0.8905,838.80,379.05,0.8437,831.64,380.00,0.8766,846.44,381.91,0.8573,828.30,384.30,0.8516,863.14,396.71,0.7211,822.10,405.78,0.8304,891.30,411.98,0.7008,822.58,432.50,0.7984,917.08,428.69,0.7068,846.44,416.75,0.6163,865.05,448.73,0.6765,837.37,450.64,0.7074,887.01,488.82,0.7519,816.85,490.73,0.7701,912.78,527.48,0.8422,798.71,531.30,0.8654
112,bottom,1,815.74,664.13,977.28,877.29,874.95,685.00,1.0189,874.95,681.84,0.6444,876.00,682.90,0.6512,864.96,688.68,0.7883,883.89,689.73,0.6918,845.50,717.60,0.9375,898.09,718.65,0.8725,833.93,755.46,0.8282,918.59,754.94,0.7948,821.84,790.69,0.9264,932.79,781.23,0.8029,860.23,785.96,0.7978,891.78,783.33,0.7751,852.34,812.25,0.7841,926.48,816.46,0.8503,850.76,851.69,0.9001,961.19,853.27,0.8986
113,top,1,781.95,362.26,930.84,554.50,840.89,380.35,0.9010,844.76,376.48,0.8845,837.98,377.45,0.8763,853.00,379.87,0.9103,834.59,381.81,0.7912,868.51,394.89,0.7124,827.32,403.62,0.8199,896.62,409.43,0.7055,831.68,431.24,0.7913,921.83,423.97,0.7460,854.46,413.79,0.6434,868.03,448.69,0.6888,839.92,450.14,0.6956,889.84,490.37,0.7576,818.59,490.86,0.7773,913.10,532.05,0.8607,799.21,531.57,0.8607
113,bottom,0,813.93,671.65,981.62,870.84,884.67,692.64,0.9758,883.58,689.36,0.4620,885.76,689.36,0.6100,874.85,695.37,0.6364,892.86,696.46,0.7236,854.10,723.75,0.9702,907.05,728.12,0.9306,840.46,763.60,0.9001,927.80,765.78,0.8739,825.17,797.45,0.9250,945.27,795.81,0.8593,865.57,792.53,0.8205,896.14,791.44,0.8039,857.92,805.63,0.7995,932.16,818.19,0.8748,850.83,848.21,0.9282,966.55,849.85,0.9364
114,top,0,781.80,358.52,940.71,556.39,848.33,379.86,0.9324,851.95,376.24,0.8651,844.70,376.76,0.8930,859.71,379.34,0.8960,840.57,380.89,0.8228,874.71,394.86,0.7163,833.32,403.14,0.8130,902.64,409.34,0.7090,838.50,431.59,0.8230,925.92,422.28,0.7458,862.81,411.93,0.6745,871.09,450.73,0.7084,843.67,451.76,0.7124,893.33,492.63,0.7693,820.39,491.59,0.8018,912.47,535.04,0.8473,799.70,531.42,0.8628
114,bottom,1,815.14,677.49,986.48,869.33,894.68,699.23,0.8682,896.35,697.00,0.4730,895.23,697.00,0.5698,885.19,701.46,0.7143,903.60,702.58,0.7578,864.00,729.35,0.9173,916.43,733.81,0.9054,847.27,768.39,0.9167,935.95,773.41,0.8493,828.30,801.85,0.9513,953.24,807.43,0.8838,875.15,800.18,0.8013,904.16,799.62,0.7791,858.98,801.85,0.7823,932.04,819.14,0.8002,851.73,848.70,0.9132,969.41,849.82,0.8931
115,top,0,781.88,360.74,943.00,556.73,854.57,379.54,0.8962,858.77,375.34,0.8547,851.42,375.87,0.8690,866.63,378.49,0.8389,847.23,379.54,0.8711,880.79,394.75,0.7153,838.84,403.66,0.7917,908.07,409.43,0.7033,843.56,432.51,0.7852,930.62,422.02,0.7616,870.31,412.58,0.6524,875.03,450.87,0.6957,847.23,452.44,0.6863,895.48,492.82,0.7608,823.63,492.82,0.7900,913.31,536.36,0.8227,799.50,532.16,0.8307
115,bottom,1,821.47,681.31,986.07,868.04,900.55,703.94,0.8606,903.23,701.80,0.5071,899.48,701.80,0.5470,890.91,706.62,0.7589,910.20,707.69,0.7523,871.08,733.41,0.9039,924.13,737.16,0.8689,852.86,770.39,0.8807,941.81,776.82,0.8442,830.90,804.68,0.9622,956.82,812.18,0.8180,883.41,803.07,0.8176,911.27,803.07,0.7854,858.22,793.96,0.8521,935.92,813.25,0.7660,850.19,845.40,0.8862,970.21,849.69,0.8649
116,top,0,782.11,361.33,946.33,555.82,862.08,378.39,0.8985,866.36,374.11,0.8784,858.34,374.11,0.8507,873.84,378.39,0.8526,854.06,378.92,0.8379,888.27,395.50,0.7287,844.44,403.51,0.7963,913.40,409.93,0.7389,846.04,434.52,0.7821,934.78,423.83,0.7602,871.17,422.76,0.5654,880.79,450.56,0.6779,852.99,451.63,0.6731,899.50,492.25,0.7476,828.94,492.25,0.7480,913.40,535.55,0.8271,801.67,531.28,0.8157
116,bottom,1,833.84,683.54,985.43,868.70,903.22,705.06,0.7799,903.22,701.11,0.3542,902.23,701.60,0.4304,892.37,708.02,0.7126,913.58,709.50,0.6760,875.09,733.68,0.8845,926.41,736.15,0.8246,856.34,770.69,0.8043,944.67,777.60,0.7963,830.19,806.22,0.9182,958.49,813.13,0.7580,887.92,803.75,0.7854,916.05,803.75,0.7387,854.37,794.87,0.8571,935.79,809.67,0.6695,848.45,848.16,0.8591,969.35,847.67,0.8242
117,top,0,782.99,362.35,947.58,555.13,867.96,377.30,0.8888,871.71,373.02,0.8564,864.21,373.55,0.8818,879.21,376.77,0.8737,859.93,377.84,0.7475,893.68,395.52,0.7415,849.75,401.95,0.7939,918.86,411.59,0.7364,848.14,434.09,0.7786,939.22,427.13,0.7450,878.14,426.06,0.6069,886.18,449.10,0.6635,858.32,450.17,0.6737,902.25,491.96,0.7459,833.67,491.96,0.7354,914.04,536.96,0.8259,804.74,532.14,0.8034
117,bottom,1,834.38,681.89,983.90,869.71,903.30,704.26,0.7225,901.84,700.36,0.3553,902.81,700.85,0.4113,893.56,706.69,0.6941,914.49,708.64,0.6622,875.56,732.97,0.8632,927.15,735.41,0.8082,856.09,768.99,0.8295,944.67,776.29,0.7848,827.37,800.62,0.9126,957.32,811.82,0.7595,888.70,803.06,0.7733,917.90,802.57,0.7125,852.19,795.27,0.8629,936.88,809.87,0.7023,852.19,848.81,0.8771,969.98,848.81,0.8273
118,top,0,788.69,361.83,950.79,555.29,873.43,374.66,0.8848,877.13,370.44,0.8483,869.74,370.96,0.8848,883.99,375.18,0.8588,864.99,375.71,0.7690,898.76,394.18,0.7418,853.91,399.46,0.7839,922.51,411.59,0.7468,850.22,432.17,0.7854,940.45,429.53,0.7278,879.24,434.28,0.6159,890.85,447.48,0.6647,863.93,448.53,0.6741,904.57,491.80,0.7453,837.55,491.27,0.7446,914.59,536.65,0.8243,812.22,532.96,0.8140
118,bottom,1,814.31,678.63,983.57,873.82,902.80,700.75,0.7736,903.35,697.44,0.4404,901.69,698.54,0.4281,891.78,702.95,0.7028,912.16,706.26,0.6780,873.59,729.95,0.8843,925.38,733.25,0.8830,848.80,765.76,0.8760,941.91,774.02,0.8680,819.05,793.31,0.9318,954.59,810.94,0.8427,888.47,803.23,0.7966,917.12,802.12,0.7927,850.45,792.21,0.8887,936.96,809.29,0.7542,858.17,853.36,0.9510,969.46,848.40,0.8612
119,top,0,798.35,356.58,952.92,554.44,877.15,371.99,0.9044,881.17,367.96,0.8594,873.62,368.46,0.8924,888.72,372.99,0.8426,868.59,372.49,0.8131,902.30,392.11,0.7441,858.03,397.14,0.7864,925.95,411.23,0.7488,852.99,427.84,0.7714,943.56,434.88,0.7761,878.15,438.40,0.6493,894.76,446.45,0.6507,867.08,445.95,0.6605,905.82,491.23,0.7459,843.44,488.72,0.7417,914.88,535.51,0.8246,821.80,532.49,0.8353
119,bottom,1,789.73,674.10,983.69,874.87,899.34,697.46,0.8600,896.81,694.93,0.6060,902.50,696.20,0.5407,889.24,698.72,0.7419,907.55,701.88,0.7860,869.03,725.24,0.8856,920.81,729.66,0.9197,841.88,759.33,0.9053,935.33,770.07,0.8540,809.68,783.32,0.8851,947.95,802.27,0.8074,885.45,799.11,0.8080,914.49,796.58,0.8349,846.94,797.21,0.8926,934.70,811.10,0.8535,865.88,855.93,0.8774,968.79,846.46,0.8981
120,top,1,806.04,354.78,949.29,554.52,880.11,369.80,0.8586,884.49,365.89,0.8178,876.69,366.38,0.8739,891.81,369.80,0.8252,872.30,370.28,0.7825,905.46,389.79,0.7552,860.60,394.18,0.7748,927.41,411.25,0.7475,855.24,424.90,0.7515,943.99,437.58,0.7704,875.72,441.48,0.6163,897.17,444.41,0.6393,868.89,443.43,0.6489,906.44,489.76,0.7198,848.90,488.79,0.7223,914.73,534.63,0.8137,829.39,532.67,0.8082
120,bottom,0,782.40,668.00,984.88,877.51,894.19,693.00,0.9065,892.87,689.71,0.6290,895.50,691.68,0.6059,882.98,693.66,0.7571,901.44,696.96,0.7887,861.89,719.37,0.8985,913.30,725.30,0.9285,834.86,751.01,0.9216,925.82,764.85,0.8253,801.91,774.08,0.9041,933.73,792.53,0.7657,879.68,793.19,0.8324,907.37,789.24,0.8714,846.07,803.08,0.9144,932.41,812.96,0.8830,867.16,859.76,0.9129,968.01,845.92,0.9655
121,top,1,812.60,349.59,948.15,555.66,882.39,367.60,0.8836,886.91,364.08,0.8366,878.86,364.08,0.8867,894.46,368.61,0.8404,874.84,368.11,0.8169,907.54,388.23,0.7608,862.77,391.25,0.7825,928.67,410.87,0.7609,856.22,422.44,0.7890,941.25,437.54,0.7441,873.33,443.07,0.6657,899.99,443.57,0.6207,870.81,443.57,0.6377,909.05,491.37,0.7105,853.21,488.35,0.7278,914.58,535.14,0.8306,837.11,532.12,0.8081
121,bottom,0,777.96,665.08,975.58,878.08,887.70,687.95,0.9449,887.70,685.38,0.6627,888.99,686.67,0.6206,876.77,688.60,0.7777,894.78,693.10,0.7950,856.18,713.68,0.8641,906.36,722.05,0.8875,829.81,743.92,0.8493,916.65,760.00,0.7940,797.64,765.15,0.8977,916.65,783.80,0.4936,871.62,786.38,0.7474,901.21,783.16,0.8090,847.82,805.67,0.8329,927.59,813.39,0.8166,867.12,859.07,0.8943,959.75,847.49,0.8986
122,top,1,821.27,346.83,946.18,555.10,884.74,366.05,0.8744,889.32,362.49,0.8397,881.18,362.49,0.8715,896.43,367.07,0.8316,876.60,367.07,0.8167,909.65,386.90,0.7518,863.89,389.44,0.7869,927.96,409.78,0.7462,856.77,419.95,0.7765,939.15,438.26,0.7588,868.98,443.85,0.6861,901.52,444.36,0.6166,872.54,443.85,0.6336,909.15,489.61,0.7402,857.79,488.59,0.7397,915.25,534.35,0.8445,844.57,531.30,0.8227
122,bottom,0,776.57,660.95,955.03,879.22,881.48,681.20,0.9144,879.74,678.30,0.6565,882.64,678.88,0.6093,871.03,684.11,0.7413,888.45,687.01,0.7528,850.11,707.92,0.8633,898.91,715.48,0.8810,831.52,738.71,0.8387,908.21,754.40,0.8072,797.83,756.14,0.8939,900.07,756.14,0.4823,864.06,780.54,0.7268,894.26,777.63,0.7887,848.95,807.84,0.8045,919.24,811.91,0.8174,868.12,860.71,0.8708,945.97,853.73,0.8418
123,top,0,832.80,346.61,943.51,554.54,886.63,364.79,0.8583,891.20,361.23,0.8421,883.08,361.23,0.8563,898.31,365.30,0.8397,878.00,365.30,0.8543,910.49,385.60,0.7500,864.80,387.63,0.8011,926.73,408.44,0.7601,856.17,416.57,0.7610,935.87,435.86,0.7736,864.29,441.95,0.6987,902.87,443.47,0.6344,874.45,443.47,0.6510,908.97,489.16,0.7429,861.76,487.63,0.7342,915.06,533.83,0.8309,852.62,529.77,0.8394
123,bottom,1,777.23,654.81,937.97,881.65,876.43,675.75,0.8109,873.10,672.98,0.5601,875.87,672.98,0.5963,866.46,677.96,0.6982,882.52,680.73,0.6868,845.97,702.88,0.8725,893.04,708.97,0.8623,836.00,734.45,0.7781,899.13,745.52,0.8610,799.45,748.29,0.8565,884.18,741.09,0.4923,858.15,775.43,0.6810,886.95,773.21,0.7333,848.18,811.43,0.7811,904.67,811.98,0.8123,867.01,861.82,0.8458,926.82,860.71,0.8629
124,top,0,844.42,344.34,939.41,554.43,888.33,363.73,0.8679,892.43,360.14,0.8414,884.74,360.14,0.8650,898.58,364.24,0.8593,879.61,364.75,0.8992,911.92,384.24,0.7767,866.27,386.81,0.8126,925.77,406.81,0.7667,857.04,415.02,0.7941,932.44,434.00,0.7702,861.14,443.23,0.7416,904.23,443.23,0.6574,877.04,442.72,0.6598,909.36,488.37,0.7592,867.30,485.80,0.7580,915.51,533.51,0.8440,860.63,529.91,0.8778
124,bottom,1,776.56,650.22,913.48,887.71,869.95,670.40,0.7279,867.63,667.50,0.4987,869.37,666.92,0.5575,861.83,672.72,0.6901,879.81,674.46,0.6915,843.86,698.81,0.8467,886.77,701.13,0.8688,836.32,734.76,0.8258,889.08,737.08,0.8693,799.79,741.72,0.7999,871.69,729.54,0.5141,852.56,771.29,0.6997,880.39,769.55,0.7358,846.18,814.77,0.7949,889.66,813.03,0.8063,862.41,860.58,0.8076,904.74,864.06,0.8552
125,top,0,850.81,344.98,934.31,555.19,888.97,363.35,0.8726,893.08,359.76,0.8642,885.38,360.27,0.8862,899.75,364.38,0.8859,880.25,364.38,0.9137,913.09,384.39,0.7980,866.90,386.45,0.8134,925.41,407.49,0.7629,856.12,414.67,0.7842,929.51,433.66,0.7575,858.18,444.95,0.7297,904.88,443.41,0.6723,878.71,443.41,0.6703,910.01,487.04,0.7622,870.49,486.01,0.7464,915.66,533.22,0.8491,867.93,529.12,0.8422
125,bottom,2,776.48,646.92,893.65,893.02,862.70,668.43,0.7354,859.10,665.43,0.5592,863.31,665.43,0.5979,857.30,671.44,0.7319,875.32,672.64,0.7430,840.47,699.67,0.8627,880.73,697.87,0.8934,834.47,736.33,0.8167,877.73,726.11,0.6160,795.41,734.52,0.7873,850.69,721.30,0.4019,847.08,772.38,0.7317,875.32,770.57,0.7427,839.87,815.64,0.8143,875.32,815.03,0.7576,854.29,860.10,0.8006,886.74,863.70,0.8286
126,top,0,848.44,345.43,931.84,554.89,889.12,363.23,0.8868,893.21,359.65,0.8524,885.54,360.16,0.8742,899.85,364.25,0.8941,880.42,364.76,0.8885,913.15,384.71,0.7956,866.62,386.75,0.8030,923.89,407.21,0.7318,854.85,414.88,0.7672,926.44,432.77,0.7180,854.85,445.56,0.7084,905.99,443.00,0.6653,879.91,443.00,0.6783,911.10,486.98,0.7635,874.29,486.47,0.7367,915.71,532.49,0.8422,873.26,528.91,0.8378
126,bottom,1,776.19,651.33,884.26,902.38,848.00,667.15,0.7607,849.84,665.92,0.6731,850.45,665.31,0.6375,853.52,672.66,0.7197,868.84,673.28,0.7102,838.19,702.08,0.8430,872.52,695.34,0.8801,830.84,738.25,0.8059,859.65,707.60,0.5838,793.45,728.44,0.8002,844.94,679.41,0.5154,841.87,775.02,0.7679,868.84,773.79,0.7403,830.23,815.47,0.8020,863.32,817.92,0.7351,844.32,863.89,0.8315,867.61,871.25,0.8303
127,top,0,847.72,346.02,931.11,555.17,888.90,363.79,0.9006,892.99,360.22,0.8571,885.33,360.22,0.8847,899.63,364.81,0.8961,879.71,364.81,0.8846,912.90,384.73,0.7955,866.44,387.79,0.7860,923.11,408.72,0.7226,854.18,415.87,0.7749,924.65,432.72,0.7027,852.65,447.02,0.7068,907.80,442.94,0.6662,881.76,442.94,0.6782,913.41,486.34,0.7593,877.16,486.34,0.7546,916.99,532.80,0.8555,874.10,529.23,0.8310
127,bottom,1,776.06,648.71,877.81,912.93,846.29,669.23,0.8013,848.87,667.94,0.6907,848.87,666.65,0.7047,849.51,676.32,0.7260,864.35,677.61,0.7028,835.96,706.00,0.8328,865.64,699.54,0.8618,826.29,742.76,0.8312,848.22,700.19,0.5739,794.04,724.70,0.8019,842.42,674.39,0.5591,836.61,779.53,0.7830,863.70,780.18,0.7833,817.90,816.30,0.8117,854.03,825.97,0.8211,832.74,870.48,0.8427,856.61,882.74,0.8493
128,top,1,844.57,347.32,929.88,553.15,888.23,364.30,0.8999,892.75,361.29,0.8473,884.71,361.29,0.8891,899.29,365.81,0.8951,879.69,365.81,0.8555,911.85,383.90,0.7942,866.62,388.92,0.7810,921.90,407.52,0.7324,853.05,417.07,0.7814,923.91,433.15,0.6804,850.54,447.72,0.7131,909.84,442.70,0.6844,882.70,443.20,0.6867,916.37,484.40,0.7585,875.67,485.91,0.7746,919.39,531.14,0.8501,873.66,529.63,0.8339
128,bottom,0,778.57,658.65,873.35,914.90,837.22,677.29,0.7918,839.73,675.42,0.7506,839.73,674.79,0.6009,843.48,684.18,0.7525,856.62,684.80,0.6195,832.22,712.95,0.7947,862.25,703.57,0.7795,820.33,747.36,0.7608,862.25,694.81,0.5022,793.43,720.46,0.8253,847.86,675.42,0.4470,832.22,783.65,0.7349,857.87,783.65,0.7577,803.44,819.93,0.7853,847.23,832.45,0.8199,819.71,875.61,0.7962,852.24,894.38,0.8552
129,top,0,844.09,347.63,933.52,552.16,889.30,365.01,0.9135,893.30,361.51,0.8407,885.31,362.01,0.8844,899.29,366.50,0.8911,880.31,367.00,0.8725,912.27,383.98,0.7924,867.33,389.97,0.7823,921.76,407.45,0.7349,853.85,418.93,0.7707,924.26,432.92,0.6649,849.36,450.39,0.7157,911.77,439.91,0.6689,883.81,440.41,0.6834,919.76,483.85,0.7784,876.32,484.85,0.7806,922.26,532.28,0.8663,873.32,530.29,0.8263
129,bottom,1,780.86,660.09,877.83,915.65,834.34,684.92,0.6547,834.34,683.05,0.6131,836.21,682.43,0.4113,837.45,689.92,0.6652,852.43,691.16,0.5583,829.34,716.12,0.7531,855.55,708.01,0.7252,815.62,749.81,0.7055,872.39,701.15,0.6552,795.65,717.99,0.7965,858.04,670.57,0.5501,825.60,786.62,0.7290,851.80,786.00,0.7127,791.29,825.93,0.8292,846.19,835.91,0.8039,804.39,884.57,0.8267,853.68,898.30,0.8376
130,top,0,843.79,347.57,940.65,551.80,889.73,364.92,0.9071,893.22,361.93,0.8510,885.74,361.93,0.8798,899.70,366.41,0.8589,881.25,366.91,0.9045,913.66,383.37,0.7978,869.28,389.85,0.7835,922.64,406.80,0.7411,856.32,418.77,0.7774,926.13,433.23,0.6883,850.34,448.68,0.7356,913.66,439.21,0.6794,884.74,440.21,0.6968,922.64,483.09,0.7836,876.26,484.58,0.7775,927.12,531.45,0.8633,873.77,530.96,0.8380
130,bottom,1,769.82,640.20,881.28,920.28,834.44,689.30,0.5213,833.07,685.20,0.4994,835.81,685.20,0.4452,833.07,692.03,0.5515,847.43,692.72,0.5864,822.13,718.70,0.6092,852.90,710.50,0.6738,805.72,748.79,0.6534,874.10,705.03,0.7809,798.88,713.23,0.7525,861.79,671.52,0.7896,818.71,785.03,0.6960,845.38,785.03,0.6940,783.16,832.90,0.8485,845.38,836.31,0.8099,792.73,891.02,0.8366,853.59,895.80,0.8420
131,top,1,845.35,347.35,947.02,549.72,891.24,364.05,0.8867,894.70,361.09,0.8546,887.29,361.09,0.8873,901.12,365.53,0.8286,882.35,366.03,0.8981,914.96,382.33,0.7956,870.49,389.25,0.7875,924.34,405.55,0.7606,858.63,418.89,0.7765,929.28,433.22,0.7216,852.21,449.52,0.7318,914.46,439.15,0.6904,886.80,440.13,0.7101,926.81,482.13,0.7671,878.40,483.61,0.7445,933.24,529.06,0.8809,873.95,530.05,0.8387
131,bottom,0,756.46,649.95,879.13,932.54,832.28,696.73,0.4928,830.90,691.21,0.4590,831.59,691.90,0.4315,826.07,696.04,0.5136,843.32,698.11,0.5126,806.07,716.73,0.5774,849.53,714.66,0.5512,779.16,742.95,0.5455,871.61,714.66,0.6956,801.93,722.94,0.4470,864.02,680.17,0.7004,808.83,786.42,0.6285,837.80,785.73,0.6375,779.85,839.54,0.7686,844.01,836.09,0.7381,781.92,900.25,0.7687,853.67,893.35,0.8204
132,top,0,849.08,348.18,953.80,548.24,893.63,362.73,0.8691,897.05,359.80,0.8450,889.72,360.29,0.8978,903.40,364.68,0.8333,884.35,365.66,0.8732,917.07,381.29,0.7728,872.63,387.64,0.7958,927.82,405.22,0.7529,861.39,417.44,0.7682,932.22,433.55,0.7459,855.53,448.70,0.7101,916.59,438.44,0.6924,889.23,440.88,0.6949,932.22,481.42,0.7719,880.44,483.37,0.7392,940.03,526.36,0.8608,874.09,530.26,0.8473
132,bottom,1,745.28,662.47,870.45,935.91,827.89,701.06,0.6679,827.89,696.39,0.5688,827.23,697.72,0.5290,822.55,701.73,0.6123,842.58,704.40,0.5719,802.53,720.42,0.5773,846.59,723.76,0.6285,763.81,721.75,0.6481,863.94,721.75,0.7229,787.17,719.75,0.4446,859.27,691.71,0.7536,801.19,791.18,0.6806,829.90,789.85,0.6661,777.83,847.26,0.7690,840.58,837.24,0.7617,772.48,908.67,0.8031,854.60,891.32,0.8188
133,top,0,852.55,346.31,962.83,547.53,896.39,362.42,0.8788,899.83,359.47,0.8382,892.95,359.47,0.8788,905.72,363.89,0.8619,887.55,364.39,0.8125,918.99,380.60,0.7649,874.28,386.49,0.7811,930.29,404.18,0.7659,864.46,416.95,0.7622,935.69,432.18,0.7531,858.56,447.41,0.7010,919.97,438.08,0.6890,890.99,440.04,0.6719,936.67,480.33,0.7612,881.16,483.27,0.7294,948.96,524.54,0.8312,874.77,529.95,0.8395
133,bottom,1,735.77,671.66,866.54,944.48,823.80,708.83,0.7696,823.13,704.83,0.6387,824.46,706.16,0.5826,817.80,710.16,0.6900,837.12,714.82,0.6487,795.82,725.48,0.7097,839.12,738.13,0.7467,765.85,704.83,0.5476,852.44,731.47,0.7660,767.18,702.17,0.4736,853.11,700.17,0.7779,795.82,796.08,0.7136,822.47,796.08,0.7030,774.51,856.70,0.7804,833.79,838.71,0.7660,764.52,917.31,0.8326,855.10,888.67,0.7711
134,top,1,855.98,345.29,972.32,548.23,899.78,362.03,0.8863,903.25,359.06,0.8488,895.82,359.06,0.8852,909.20,364.01,0.8800,890.37,364.01,0.7981,922.57,380.86,0.7674,877.49,385.81,0.7995,934.96,404.15,0.7520,867.58,416.04,0.7727,939.92,431.89,0.7355,861.63,447.75,0.7103,923.57,437.34,0.6852,894.33,439.82,0.6744,940.91,479.46,0.7539,881.95,482.43,0.7478,957.26,523.55,0.8402,874.02,529.00,0.8528
134,bottom,0,730.07,654.61,868.43,955.73,823.51,719.89,0.8634,819.84,716.21,0.6395,825.72,718.42,0.6172,813.22,720.62,0.7958,831.60,723.57,0.7178,792.64,733.86,0.7945,836.74,746.35,0.8489,763.23,706.66,0.8085,845.57,735.33,0.8163,748.53,676.52,0.8412,847.04,702.25,0.7647,789.70,808.84,0.8043,816.16,810.31,0.8002,768.38,869.12,0.8300,825.72,841.19,0.7852,758.08,928.67,0.9044,852.92,884.56,0.8270
135,top,1,858.19,347.77,981.21,547.96,901.62,362.83,0.8865,905.53,359.89,0.8614,898.20,359.89,0.8483,912.37,363.80,0.8772,893.31,364.78,0.7980,926.54,382.38,0.7686,880.60,386.29,0.8141,938.76,404.86,0.7494,871.32,416.10,0.7696,944.14,433.69,0.7463,864.96,447.87,0.7201,926.54,438.09,0.6911,896.73,439.56,0.7025,946.09,479.63,0.7537,882.07,481.59,0.7562,963.20,518.73,0.7875,872.78,528.02,0.8294
135,bottom,0,729.93,645.66,865.04,963.94,816.91,729.43,0.7295,813.02,725.54,0.6154,820.02,727.87,0.5204,807.58,730.21,0.7382,827.79,735.65,0.7181,787.38,744.97,0.7571,832.45,755.07,0.8240,753.19,715.44,0.8357,839.44,741.86,0.7601,743.09,676.59,0.8511,841.00,703.79,0.7650,785.83,820.34,0.7767,811.47,821.12,0.7858,760.96,879.40,0.7896,813.80,842.88,0.7130,755.52,939.23,0.8723,845.66,879.40,0.8359
136,top,0,858.02,350.76,988.33,547.18,905.91,366.01,0.8926,909.27,362.65,0.8770,902.08,362.65,0.8468,915.98,366.97,0.8795,896.80,367.45,0.8370,930.85,386.15,0.7671,884.33,388.55,0.8282,943.80,409.17,0.7215,875.70,418.28,0.7903,948.59,436.50,0.7226,868.51,449.93,0.7357,929.41,438.90,0.6839,900.16,440.34,0.7066,950.51,480.62,0.7591,880.50,481.58,0.7572,973.53,519.47,0.7766,871.39,527.14,0.8099
136,bottom,1,731.38,682.30,855.09,966.15,814.03,734.83,0.7769,809.18,731.36,0.6096,815.41,732.06,0.5467,805.02,735.52,0.7754,823.04,738.29,0.7139,783.53,752.15,0.7661,829.27,760.47,0.7896,745.42,731.36,0.9038,840.36,747.30,0.8236,746.81,697.41,0.8328,839.67,712.65,0.8049,782.15,828.38,0.7493,809.18,829.77,0.7452,753.04,886.59,0.7952,805.02,848.48,0.6324,755.12,946.19,0.9058,836.20,883.13,0.7647
137,top,1,855.57,354.53,994.73,546.47,909.22,369.90,0.8955,912.50,366.62,0.8564,905.94,366.62,0.8548,919.06,371.31,0.8822,900.31,371.31,0.8495,934.52,390.52,0.7809,888.13,392.39,0.8440,948.58,415.82,0.7118,879.70,421.45,0.8020,954.20,445.35,0.6752,871.26,453.78,0.7272,932.65,442.53,0.6873,902.66,443.47,0.7137,955.61,482.83,0.7863,881.57,483.30,0.7589,980.91,521.73,0.8330,869.39,528.29,0.8410
137,bottom,0,731.32,701.30,846.08,967.05,808.82,736.85,0.7761,805.57,731.66,0.6164,809.47,733.61,0.5563,802.33,737.50,0.7991,821.79,740.10,0.7290,784.81,756.96,0.7062,827.63,762.15,0.8125,743.94,750.48,0.8182,840.61,752.42,0.8257,743.29,736.85,0.7291,836.72,722.58,0.7826,778.97,834.82,0.7177,806.87,835.47,0.7189,748.48,887.38,0.7735,797.79,856.23,0.6826,754.32,947.07,0.8557,825.04,891.92,0.7590
138,top,1,853.89,361.06,1003.04,548.15,912.93,375.96,0.8882,916.81,372.56,0.8483,910.01,372.56,0.8525,923.12,377.42,0.8822,904.19,377.42,0.8301,937.69,396.84,0.7541,892.05,398.78,0.8325,952.25,419.65,0.7697,882.83,427.42,0.7993,958.08,448.30,0.7734,874.09,458.98,0.7342,935.75,447.33,0.6854,906.13,447.81,0.7109,959.54,486.65,0.7694,882.83,485.20,0.7513,986.72,524.04,0.8421,867.78,528.40,0.8611
138,bottom,0,731.02,709.00,849.45,966.59,810.36,735.29,0.7610,805.96,732.14,0.5428,811.62,731.51,0.5307,800.93,736.54,0.7574,821.05,737.80,0.7490,783.32,757.30,0.7262,827.34,759.18,0.8222,747.47,769.88,0.6326,844.32,757.93,0.8664,747.47,767.99,0.5118,835.52,725.85,0.7933,781.43,832.76,0.7074,808.48,832.14,0.7005,749.99,885.59,0.7707,794.01,856.03,0.7073,754.39,945.96,0.8486,812.25,901.94,0.7441
139,top,1,854.66,368.35,1005.59,548.73,919.32,382.88,0.8807,923.25,379.44,0.8229,915.88,379.44,0.8350,928.65,384.36,0.8686,909.98,383.86,0.8421,942.90,403.52,0.7634,897.70,404.99,0.8177,958.13,426.61,0.7577,888.37,432.99,0.7910,965.50,457.07,0.7138,879.03,463.45,0.7297,939.46,452.15,0.6915,909.98,453.14,0.7182,965.50,489.98,0.7792,886.40,488.02,0.7520,991.04,523.39,0.8338,868.22,528.79,0.8541
139,bottom,0,730.86,704.19,856.24,967.75,812.21,728.51,0.7250,809.64,725.94,0.5079,816.71,725.30,0.5064,800.63,729.80,0.7498,821.86,730.44,0.7245,778.11,754.89,0.7844,830.23,753.61,0.7890,754.30,784.49,0.7760,848.89,761.97,0.8210,761.38,794.79,0.6510,835.37,734.30,0.8237,787.76,826.96,0.6992,816.07,826.32,0.7117,756.23,881.65,0.7956,799.34,855.27,0.7271,754.94,942.78,0.8867,807.71,905.46,0.7843
140,top,1,854.93,372.53,1005.16,548.69,928.09,388.73,0.8543,932.00,384.81,0.7818,924.18,384.81,0.7924,937.87,389.22,0.8061,918.80,388.24,0.8198,950.59,408.78,0.7569,904.13,409.27,0.7747,964.28,432.25,0.7851,895.33,435.67,0.7743,970.64,461.59,0.7576,884.57,465.99,0.7297,944.72,454.74,0.6768,914.89,455.72,0.6777,968.68,490.93,0.7495,890.93,491.91,0.7368,991.66,523.69,0.8389,868.43,529.07,0.8546
140,bottom,0,731.07,696.72,860.07,965.43,811.97,717.58,0.7718,809.35,715.61,0.5560,816.56,715.61,0.5308,800.16,720.86,0.8072,820.50,720.86,0.7558,779.82,751.03,0.8139,831.65,743.82,0.8217,768.67,789.74,0.7238,853.30,762.84,0.8581,770.64,804.17,0.5769,835.59,738.57,0.7565,792.94,821.89,0.6966,820.50,820.57,0.7228,766.05,878.96,0.7743,808.69,852.06,0.7533,757.52,941.28,0.8549,811.31,905.86,0.7928
141,top,1,855.15,376.87,1005.09,548.31,938.42,392.31,0.8333,942.32,388.89,0.7935,935.00,388.40,0.8000,947.69,392.31,0.8054,929.15,391.82,0.8121,960.38,411.83,0.7645,913.53,411.34,0.7401,970.63,434.28,0.7219,903.28,437.21,0.7185,974.54,464.54,0.6696,893.52,466.98,0.6781,952.57,455.27,0.6759,923.29,455.27,0.6498,971.12,490.41,0.7304,897.42,491.39,0.6937,992.11,522.13,0.8076,869.60,528.48,0.8233
141,bottom,0,730.84,688.02,862.84,960.78,810.83,709.20,0.8376,808.83,707.20,0.5903,812.82,707.20,0.5452,800.17,712.53,0.8109,820.15,712.53,0.7535,782.19,746.49,0.8640,834.80,737.16,0.8646,782.86,785.78,0.7358,856.11,762.47,0.9091,784.86,815.08,0.3894,840.79,747.15,0.6394,799.51,817.74,0.7266,827.47,815.08,0.7681,774.20,874.34,0.7967,818.82,849.04,0.8091,761.55,938.27,0.8659,818.82,905.64,0.8456
142,top,1,854.66,377.91,1006.49,549.53,949.85,393.54,0.8614,953.80,390.08,0.8036,946.39,390.08,0.8322,959.24,394.53,0.8607,940.95,393.54,0.8495,971.10,413.80,0.8131,925.13,412.32,0.7398,980.98,439.01,0.7068,915.25,436.54,0.7369,981.97,471.14,0.6743,905.86,464.71,0.6936,960.23,452.85,0.6836,931.07,452.85,0.6212,974.07,489.42,0.7627,901.41,490.41,0.6804,993.34,527.48,0.8094,870.77,528.96,0.8268
142,bottom,0,743.90,682.98,867.31,960.06,811.02,705.17,0.8307,810.34,702.47,0.5639,811.69,702.47,0.5398,800.87,708.55,0.7904,819.81,707.20,0.7554,784.64,743.73,0.8298,837.40,732.23,0.8566,790.72,782.29,0.6922,858.37,763.35,0.8687,796.81,814.08,0.3177,841.46,761.99,0.5279,805.61,812.05,0.7243,834.02,808.67,0.7530,779.22,870.90,0.8028,830.63,849.25,0.7913,770.43,936.51,0.8376,829.96,904.72,0.8159
143,top,1,860.84,380.07,1004.82,548.33,960.48,395.30,0.8817,964.70,391.55,0.8445,957.20,391.55,0.8617,970.33,396.24,0.8257,951.58,394.83,0.8543,981.58,417.33,0.8141,936.58,413.11,0.7631,989.54,444.05,0.6894,927.67,437.95,0.7219,988.61,475.92,0.6770,916.89,466.08,0.7004,969.39,453.89,0.7056,939.86,452.01,0.6502,977.36,489.51,0.7650,908.46,488.11,0.6545,995.17,529.82,0.8422,877.05,526.07,0.8239
143,bottom,0,761.27,680.77,869.17,957.49,813.19,703.60,0.7970,811.84,699.55,0.5554,814.55,699.55,0.5859,803.06,706.98,0.7749,822.65,704.95,0.8146,788.20,744.14,0.8505,841.57,731.98,0.8333,792.93,782.65,0.6983,861.84,765.76,0.8522,799.01,804.26,0.4211,846.97,782.65,0.6323,810.49,813.72,0.7530,839.54,809.67,0.7584,782.12,870.47,0.8201,841.57,850.88,0.7956,784.14,933.98,0.8170,842.92,904.25,0.7960
144,top,1,867.97,381.81,1006.11,547.92,969.42,398.76,0.8610,973.46,395.16,0.7886,966.72,395.16,0.8236,979.76,398.76,0.8083,961.77,397.86,0.8140,990.10,419.00,0.8237,946.93,413.15,0.7933,999.10,443.28,0.6810,937.94,437.43,0.7345,995.50,470.71,0.5246,926.25,464.42,0.7074,977.06,454.07,0.7384,949.63,452.27,0.6695,978.86,488.70,0.7578,918.60,486.00,0.6468,994.15,529.62,0.8316,888.47,522.87,0.8124
144,bottom,0,774.94,682.67,874.09,959.32,817.08,706.17,0.8478,816.41,702.12,0.5501,817.76,701.45,0.6435,806.95,709.55,0.7734,827.21,707.53,0.8041,792.09,746.70,0.8981,846.12,734.54,0.8480,796.82,787.22,0.7326,865.71,771.01,0.8663,803.57,812.89,0.5208,854.23,796.01,0.7207,815.73,816.27,0.7328,844.77,812.22,0.7558,786.69,870.98,0.8359,850.18,850.71,0.7851,798.17,931.09,0.8203,858.96,903.40,0.7825
145,top,1,886.97,380.95,1013.68,548.06,979.61,396.04,0.8575,983.74,393.97,0.8058,977.14,392.74,0.8074,989.10,398.51,0.8160,971.78,395.62,0.7569,998.59,419.96,0.7970,956.51,410.88,0.7421,1006.84,443.47,0.6040,947.03,436.46,0.6668,1005.19,456.67,0.4706,933.00,462.86,0.6397,983.74,454.61,0.7112,958.58,450.89,0.6263,981.26,485.95,0.7052,926.40,483.07,0.6267,993.64,528.03,0.7682,911.14,516.07,0.7182
145,bottom,0,782.75,686.47,895.19,962.17,822.14,709.90,0.8440,820.80,706.53,0.5641,824.84,706.53,0.6239,812.72,713.26,0.7659,832.91,711.92,0.8183,797.91,749.61,0.9174,851.09,739.51,0.8669,799.93,792.02,0.7608,870.61,776.53,0.8597,805.99,818.94,0.6329,863.20,808.17,0.7223,821.47,820.29,0.7591,850.41,816.92,0.7713,793.87,875.48,0.8398,860.51,856.63,0.7643,808.68,938.08,0.8376,877.34,909.13,0.7613
146,top,1,908.20,376.17,1022.71,547.01,988.40,395.69,0.8254,993.40,392.77,0.7670,985.48,391.94,0.7726,997.99,396.52,0.8218,980.47,393.19,0.7881,1006.75,417.80,0.7950,965.04,406.95,0.7541,1014.25,442.40,0.5986,955.44,432.39,0.7130,1015.09,467.43,0.4379,941.26,456.17,0.6903,990.06,454.08,0.6882,965.46,449.50,0.6311,983.39,483.70,0.7305,937.09,482.86,0.6293,994.23,527.49,0.7789,934.17,507.05,0.7207
146,bottom,0,785.36,690.26,910.60,965.98,829.80,713.01,0.8419,827.78,709.64,0.5698,831.82,709.64,0.6072,819.03,716.38,0.7431,839.90,715.70,0.7898,803.55,753.40,0.9062,858.08,745.32,0.8652,803.55,796.48,0.7274,873.56,779.65,0.8258,808.26,822.73,0.5782,870.19,813.31,0.7426,825.09,825.43,0.7556,855.38,821.39,0.7524,800.18,883.32,0.8180,868.85,857.07,0.7541,811.63,945.92,0.8723,893.75,906.21,0.7496
147,top,1,935.45,373.32,1029.31,547.15,998.08,390.64,0.7738,1002.33,388.09,0.7414,995.54,386.82,0.7042,1007.00,391.48,0.8312,989.60,388.09,0.7428,1014.21,414.40,0.8020,973.89,402.52,0.7753,1021.85,438.59,0.6327,962.44,426.28,0.7588,1023.55,462.36,0.4274,946.73,447.93,0.7566,995.96,453.87,0.7085,973.89,450.05,0.6936,985.78,483.15,0.7368,949.28,483.58,0.6593,995.54,529.41,0.7682,950.98,503.10,0.6071
147,bottom,0,786.07,690.80,924.97,967.01,839.34,714.27,0.8118,837.99,711.57,0.5357,842.03,710.90,0.6107,828.55,717.64,0.7230,848.78,716.97,0.8044,811.69,752.03,0.8903,866.31,747.99,0.8668,807.64,796.54,0.7172,877.77,780.35,0.8073,813.71,824.86,0.6126,875.75,810.70,0.7221,829.90,828.90,0.7438,862.26,825.53,0.7405,806.29,884.20,0.8136,879.80,859.92,0.7675,813.71,946.91,0.8867,906.10,907.13,0.7927
148,top,1,937.94,366.19,1039.01,548.71,1005.85,382.59,0.7865,1010.31,380.36,0.7583,1003.18,378.58,0.7851,1015.66,385.26,0.8391,997.83,381.69,0.7836,1021.45,408.88,0.7990,982.24,396.40,0.7730,1030.81,431.16,0.6751,971.54,418.24,0.7478,1032.59,451.66,0.5291,951.93,437.84,0.6641,1001.84,450.32,0.7055,981.79,447.20,0.7063,988.92,481.07,0.7384,958.62,487.75,0.7117,996.05,529.20,0.7388,981.79,489.54,0.5069
148,bottom,0,786.25,689.55,933.44,966.60,850.38,711.06,0.8340,850.38,707.68,0.5379,851.05,707.68,0.6219,839.55,714.44,0.7573,860.52,713.76,0.8167,821.97,748.26,0.8835,876.75,745.55,0.8638,815.88,790.20,0.7432,885.55,778.02,0.7842,818.59,824.02,0.6322,882.84,807.78,0.7114,836.17,826.72,0.7408,868.64,823.34,0.7431,813.17,881.51,0.8196,891.64,861.22,0.8119,813.17,945.77,0.8863,914.63,913.30,0.8197
149,top,1,937.11,360.19,1048.55,548.32,1015.80,373.87,0.7704,1020.39,372.04,0.7516,1012.58,370.66,0.7496,1024.06,377.55,0.8285,1006.15,373.87,0.8293,1029.12,402.81,0.8233,990.07,388.57,0.8002,1039.22,428.07,0.7175,978.59,411.08,0.7702,1042.44,455.17,0.6314,955.17,425.32,0.7291,1007.53,447.36,0.7355,987.78,444.61,0.7291,994.21,477.68,0.7629,971.24,488.70,0.6822,996.50,529.12,0.7712,995.13,485.49,0.4623
149,bottom,0,787.96,684.12,944.42,961.25,862.81,706.99,0.8434,864.16,702.93,0.5783,862.13,702.93,0.6048,851.98,709.69,0.7860,872.28,709.69,0.8220,833.71,742.85,0.8592,888.52,741.49,0.8312,825.59,784.12,0.7862,896.63,776.68,0.7762,822.89,820.65,0.7129,893.93,806.45,0.7233,843.86,821.33,0.7410,877.69,819.30,0.7264,824.24,875.46,0.8211,903.40,860.57,0.8188,814.09,939.73,0.8474,920.32,918.76,0.8373
150,top,1,938.97,350.97,1059.11,547.87,1024.52,365.30,0.7498,1028.36,362.89,0.7144,1021.15,361.45,0.7236,1031.73,368.18,0.7849,1013.94,365.30,0.7982,1036.06,394.14,0.8463,998.08,380.68,0.8258,1047.59,420.10,0.7557,986.06,401.35,0.7660,1051.92,449.42,0.6014,961.55,411.45,0.7348,1013.94,443.65,0.7646,995.20,441.25,0.7383,999.04,477.30,0.7864,983.18,484.51,0.6892,997.60,527.78,0.8003,1011.06,476.82,0.6533
150,bottom,0,792.29,678.62,948.07,957.29,875.62,702.30,0.8643,877.66,697.54,0.6225,876.30,698.90,0.5666,863.37,704.34,0.7888,884.47,705.70,0.8121,844.33,737.68,0.8577,899.43,738.36,0.8755,834.80,778.50,0.8341,909.64,773.73,0.7779,830.72,815.91,0.7882,904.88,802.99,0.7207,854.53,815.91,0.7388,887.87,813.87,0.7189,834.80,872.38,0.8119,914.40,859.46,0.8291,818.47,927.49,0.8465,923.24,917.97,0.8735
151,top,1,948.63,343.45,1067.68,546.12,1032.40,355.22,0.7646,1035.86,352.75,0.7512,1028.94,350.77,0.7392,1039.33,358.19,0.7535,1021.02,354.23,0.7525,1041.80,383.43,0.8501,1006.17,373.04,0.8295,1054.17,409.65,0.7899,994.30,393.32,0.7474,1060.11,435.88,0.7117,969.06,396.79,0.7445,1020.52,436.87,0.7456,1002.71,434.89,0.7318,1006.17,474.97,0.7331,996.77,479.42,0.6911,999.25,523.95,0.8098,1025.97,483.38,0.5764
151,bottom,0,813.36,674.81,948.92,951.14,887.89,698.96,0.8663,889.23,694.91,0.6177,888.56,695.59,0.5868,875.74,700.98,0.7969,896.66,702.33,0.8073,855.50,732.02,0.8678,911.50,736.07,0.8864,844.71,771.82,0.8475,922.29,773.84,0.7741,837.29,809.60,0.7950,916.90,802.85,0.7478,863.60,811.62,0.7503,896.66,809.60,0.7278,845.38,865.60,0.7921,922.29,858.85,0.8384,830.54,914.17,0.8305,925.67,918.89,0.9087
152,top,1,958.27,335.24,1078.84,543.21,1035.82,348.85,0.7986,1040.39,346.81,0.8011,1033.28,344.78,0.7956,1044.45,351.89,0.8202,1026.17,347.32,0.7608,1047.50,375.76,0.8687,1013.48,366.62,0.8767,1060.70,402.67,0.8213,1001.80,385.40,0.6991,1070.34,429.57,0.7836,975.40,380.83,0.7431,1026.17,433.13,0.7737,1010.94,431.10,0.7773,1014.49,474.26,0.7622,1009.92,472.73,0.6653,1003.83,519.95,0.8143,1039.37,488.98,0.6993
152,bottom,0,834.20,671.33,947.54,939.33,899.38,696.06,0.8504,899.38,692.79,0.5963,901.34,692.79,0.5753,886.94,698.02,0.7953,907.88,699.98,0.8091,867.32,727.47,0.8850,921.62,732.70,0.8929,853.57,768.69,0.8426,932.75,770.65,0.7594,843.76,805.98,0.7987,927.51,797.48,0.7121,872.55,805.98,0.7824,903.30,805.98,0.7552,855.54,860.29,0.7943,926.86,858.33,0.8604,847.03,904.79,0.7736,926.86,918.53,0.9029
153,top,0,970.71,326.90,1098.84,540.93,1041.04,342.47,0.6907,1045.75,340.90,0.6991,1038.43,339.86,0.7111,1049.40,346.65,0.7636,1031.12,342.99,0.7307,1052.54,370.17,0.7858,1021.19,362.85,0.7737,1066.65,395.77,0.7872,1011.26,376.96,0.5494,1081.28,420.33,0.7998,987.75,367.03,0.7039,1033.73,428.69,0.7283,1018.57,426.60,0.7342,1021.71,469.45,0.7387,1023.80,467.36,0.6600,1009.69,515.43,0.7500,1047.31,485.65,0.7433
153,bottom,1,843.14,667.97,948.80,938.03,911.14,694.21,0.8596,909.16,690.25,0.5915,913.77,690.91,0.5919,898.61,696.19,0.8186,919.05,698.16,0.7977,877.51,724.54,0.9182,931.58,732.45,0.9162,862.35,764.76,0.8675,942.13,771.35,0.7926,849.82,803.00,0.8217,934.87,788.49,0.6826,880.15,803.00,0.7906,909.82,803.00,0.7653,867.62,853.76,0.8151,930.92,858.38,0.8898,866.96,899.26,0.8009,927.62,918.38,0.9026
154,top,1,976.23,321.56,1114.10,529.77,1045.67,337.21,0.7048,1050.25,335.69,0.6808,1043.13,334.67,0.7276,1054.82,341.79,0.7406,1036.01,339.25,0.7272,1056.86,364.66,0.7932,1027.37,359.58,0.7851,1073.12,388.55,0.7852,1019.75,372.29,0.6766,1092.44,411.43,0.7829,1002.47,351.45,0.7843,1042.62,423.63,0.7371,1025.34,422.10,0.7476,1027.37,460.74,0.7425,1030.93,463.79,0.6657,1019.75,511.57,0.7331,1056.35,486.15,0.6677
154,bottom,0,845.33,666.41,957.71,938.15,919.43,692.15,0.8698,916.78,688.83,0.6101,922.75,689.50,0.6493,908.15,694.14,0.8449,928.05,696.13,0.8181,886.92,721.34,0.9179,941.32,729.97,0.9055,869.67,761.81,0.8544,951.27,768.45,0.8264,854.41,800.29,0.8165,940.66,781.05,0.6246,887.58,796.97,0.7874,915.45,797.64,0.7623,881.61,844.74,0.7521,934.03,856.68,0.8507,887.58,894.50,0.8271,927.39,916.39,0.8539
155,top,1,1011.45,311.98,1123.70,531.41,1054.18,332.23,0.7619,1057.93,330.09,0.7642,1050.43,329.02,0.7720,1062.76,336.52,0.7344,1043.47,333.84,0.8037,1064.36,358.48,0.8145,1033.29,354.73,0.8430,1080.43,382.59,0.7474,1020.97,361.16,0.7488,1102.93,401.87,0.7552,1017.76,332.77,0.7038,1050.97,419.02,0.7849,1031.15,417.95,0.7743,1033.83,455.98,0.7986,1032.76,460.80,0.7769,1033.29,507.41,0.7155,1059.01,486.52,0.7270
155,bottom,0,848.41,664.96,965.52,939.48,927.07,689.62,0.8407,923.72,686.27,0.5760,929.75,686.94,0.6525,915.67,691.63,0.8516,935.11,693.64,0.8336,894.90,718.44,0.9060,949.19,727.82,0.8954,876.13,756.64,0.8401,958.57,763.34,0.8047,858.71,794.84,0.8235,946.50,770.72,0.5354,893.56,793.50,0.7695,921.71,794.84,0.7677,897.58,837.07,0.7052,936.45,855.83,0.8424,904.95,888.01,0.7575,927.07,916.82,0.8388
156,top,1,1019.62,310.58,1136.14,523.83,1063.82,326.09,0.7043,1067.47,322.97,0.7144,1060.18,322.97,0.7408,1071.11,329.74,0.6854,1050.81,326.62,0.7611,1073.20,352.13,0.7844,1040.40,346.40,0.8128,1088.29,376.07,0.7091,1023.22,352.13,0.8227,1111.20,390.65,0.6545,1028.94,326.09,0.8547,1056.02,412.52,0.7453,1036.23,410.43,0.7355,1041.96,454.17,0.8091,1036.75,457.81,0.7713,1050.29,497.90,0.6883,1058.62,488.01,0.6879
156,bottom,0,851.20,661.62,974.40,938.99,935.15,686.54,0.7508,933.12,681.80,0.5840,938.54,681.80,0.6533,923.64,687.21,0.7919,941.24,689.24,0.8244,901.29,714.98,0.8667,956.14,723.78,0.8822,881.65,752.22,0.8236,968.33,758.32,0.7908,862.01,788.79,0.8481,956.82,750.19,0.4872,901.29,791.50,0.7866,926.35,792.85,0.7794,913.48,835.52,0.7271,938.54,854.48,0.8247,922.28,880.89,0.6842,927.02,916.78,0.8126
157,top,1,1017.75,304.22,1138.18,517.47,1071.72,319.73,0.6719,1075.88,317.13,0.6968,1068.60,316.09,0.6584,1079.01,323.38,0.7202,1060.27,318.69,0.7211,1082.13,346.81,0.7877,1045.69,336.91,0.8031,1095.67,373.36,0.7672,1025.38,333.79,0.8290,1117.01,378.04,0.7256,1042.04,314.53,0.8063,1059.74,404.60,0.7236,1039.44,401.99,0.7132,1051.41,449.37,0.7933,1039.96,450.41,0.7789,1063.91,494.67,0.7214,1057.66,486.86,0.7310
157,bottom,0,855.46,655.78,982.65,936.26,940.97,683.03,0.8124,937.54,678.24,0.6013,943.71,678.92,0.6500,928.64,683.72,0.8405,947.13,685.09,0.8502,907.41,711.11,0.8735,960.14,717.96,0.8954,886.19,746.03,0.8178,976.58,750.82,0.8607,865.64,782.32,0.8616,968.36,731.65,0.6526,910.15,789.86,0.7765,934.80,790.54,0.7776,929.33,839.85,0.7096,942.34,853.54,0.7975,940.28,883.67,0.6531,927.96,912.43,0.7765
158,top,1,1026.38,296.90,1137.51,510.66,1079.34,314.54,0.7153,1084.56,311.93,0.6750,1076.73,309.84,0.6992,1088.21,319.24,0.7250,1069.94,313.49,0.7111,1090.82,344.81,0.7562,1054.29,328.63,0.7610,1102.30,370.90,0.7373,1028.19,316.10,0.8072,1121.61,368.81,0.6615,1049.07,303.06,0.7101,1063.68,398.56,0.6807,1043.33,394.91,0.6710,1060.55,447.62,0.7464,1044.89,446.05,0.7421,1078.29,482.06,0.7566,1060.55,486.24,0.7785
158,bottom,0,858.91,654.27,992.10,933.28,945.94,678.65,0.8400,944.58,674.56,0.6104,947.99,674.56,0.6421,933.68,680.01,0.8407,952.07,681.38,0.8397,913.25,707.26,0.8408,965.70,714.07,0.8487,891.45,739.96,0.8072,984.77,744.73,0.8732,870.33,776.06,0.8601,973.87,719.52,0.7279,918.69,788.32,0.7536,941.86,789.00,0.7620,939.81,833.96,0.7053,955.48,846.22,0.8122,953.44,878.24,0.7159,934.36,903.44,0.7792
159,top,1,1032.68,290.96,1139.49,509.10,1089.81,313.76,0.7245,1094.60,310.56,0.6822,1088.21,308.96,0.7047,1096.73,317.49,0.6831,1080.76,310.56,0.7014,1097.27,343.05,0.7636,1061.59,321.21,0.7455,1107.92,368.08,0.7556,1038.69,300.44,0.8648,1124.43,357.43,0.7057,1056.79,288.20,0.7452,1069.57,393.64,0.6867,1047.74,389.38,0.6765,1071.70,443.70,0.7180,1048.80,441.04,0.7543,1092.47,467.66,0.7438,1059.46,485.24,0.8488
159,bottom,0,863.31,649.94,1001.33,928.29,951.34,674.27,0.7897,950.67,670.20,0.5925,954.06,671.55,0.5894,939.11,676.31,0.8330,958.14,677.67,0.7928,918.05,703.49,0.8403,969.69,710.29,0.8170,896.30,735.43,0.8088,994.16,738.83,0.8712,875.92,770.09,0.8858,993.48,715.72,0.8410,926.20,785.72,0.7518,950.67,785.04,0.7521,944.55,826.49,0.7955,972.41,837.36,0.8573,953.38,876.78,0.7131,948.63,884.93,0.7539
160,top,1,1038.38,255.52,1139.98,510.39,1097.27,310.77,0.7341,1102.25,310.15,0.7228,1095.40,306.42,0.7125,1103.49,316.37,0.7502,1087.93,309.53,0.7524,1102.87,341.26,0.7535,1069.89,318.24,0.7626,1113.45,363.66,0.8141,1053.71,291.48,0.8006,1127.14,346.24,0.7564,1059.93,270.33,0.7132,1075.49,391.66,0.7150,1053.71,387.31,0.6884,1081.71,438.33,0.7361,1051.22,439.58,0.7740,1104.73,463.84,0.7808,1059.31,483.13,0.8384
160,bottom,0,868.37,648.17,1016.09,902.38,957.13,671.63,0.8389,955.89,667.28,0.6193,960.23,667.28,0.5788,945.34,672.87,0.8087,964.57,674.73,0.7742,924.23,698.93,0.8576,976.37,707.00,0.8640,901.27,733.69,0.8625,1003.05,736.17,0.8944,881.41,768.44,0.8802,1008.64,715.07,0.8277,929.82,779.00,0.7625,958.37,779.00,0.7597,945.96,820.58,0.8057,985.68,829.27,0.8731,951.54,874.57,0.8128,966.44,874.57,0.7945
161,top,1,1040.92,232.34,1141.48,509.70,1102.04,310.08,0.7107,1108.13,308.72,0.7005,1101.36,306.01,0.6835,1110.16,316.17,0.6880,1093.91,308.72,0.6835,1108.81,340.55,0.7280,1075.63,316.85,0.7475,1118.29,359.51,0.7205,1062.76,290.44,0.8299,1127.09,339.20,0.6625,1063.44,259.29,0.8229,1081.72,392.01,0.7157,1058.02,387.27,0.7127,1091.88,437.38,0.7227,1053.28,438.06,0.7980,1116.26,452.28,0.8043,1059.37,484.11,0.8522
161,bottom,0,875.19,644.94,1039.68,900.70,963.68,667.92,0.8482,964.93,663.55,0.6237,965.55,664.80,0.5546,951.82,670.42,0.8444,971.17,672.29,0.7532,928.71,696.65,0.8446,984.28,705.39,0.8394,908.73,730.99,0.8577,1009.26,734.73,0.8638,888.75,765.95,0.8444,1023.00,720.37,0.8713,934.33,774.07,0.7250,963.68,774.70,0.7039,943.70,811.54,0.7782,996.15,817.78,0.8395,948.69,863.36,0.8435,983.04,868.36,0.8708
162,top,1,1037.59,252.70,1141.12,508.40,1109.95,311.25,0.6934,1114.95,310.63,0.6581,1109.33,307.51,0.6176,1116.20,316.87,0.6927,1101.84,309.38,0.6795,1114.32,339.97,0.7492,1084.36,318.74,0.7585,1121.19,358.70,0.7574,1068.13,293.77,0.8190,1128.06,336.22,0.7566,1065.63,270.67,0.8046,1088.73,392.41,0.7462,1065.01,387.41,0.7377,1102.46,435.48,0.7260,1054.39,436.11,0.8175,1126.81,451.09,0.8651,1056.89,482.30,0.9092
162,bottom,0,881.46,644.29,1051.49,890.62,969.48,667.02,0.8937,972.49,663.41,0.6098,970.08,664.62,0.5905,958.65,670.03,0.7944,977.90,671.83,0.7494,935.80,696.49,0.8859,990.53,703.71,0.8571,915.35,730.77,0.8661,1014.58,735.58,0.8608,895.51,765.65,0.8554,1036.23,730.77,0.8311,940.61,769.26,0.7346,969.48,769.86,0.6893,941.21,804.14,0.7869,1005.56,807.75,0.8681,941.81,856.46,0.8377,1003.16,863.67,0.9132
163,top,1,1035.37,283.09,1147.75,507.62,1114.04,313.13,0.7810,1119.52,312.04,0.7299,1111.84,309.84,0.7176,1123.90,321.35,0.7566,1106.36,313.68,0.7502,1121.16,344.38,0.7292,1089.37,320.81,0.7250,1126.10,366.85,0.7671,1072.38,309.30,0.5984,1128.29,339.44,0.7540,1067.44,297.78,0.5993,1095.95,393.71,0.6808,1070.18,388.78,0.6658,1114.04,435.37,0.6886,1056.48,435.37,0.7769,1134.87,452.92,0.7470,1054.83,483.06,0.8997
163,bottom,0,887.82,646.95,1060.17,887.08,976.34,667.93,0.8834,978.69,665.00,0.6018,975.76,665.59,0.5670,965.20,671.45,0.7772,983.96,673.21,0.7672,942.34,698.42,0.9039,995.69,706.04,0.8606,921.23,733.60,0.8814,1017.38,739.46,0.8899,901.88,768.19,0.8275,1043.18,745.32,0.8716,945.86,769.95,0.7364,976.34,770.53,0.7064,939.41,801.60,0.7962,1012.69,805.12,0.8610,935.89,854.96,0.8480,1026.17,863.16,0.8979
164,top,1,1031.97,308.51,1155.64,505.04,1120.67,320.89,0.7852,1126.43,318.97,0.7474,1117.79,316.09,0.7091,1128.83,325.20,0.7562,1110.59,318.49,0.7698,1126.43,345.36,0.7241,1092.36,327.12,0.6873,1129.31,375.58,0.6270,1062.61,320.41,0.7224,1129.79,345.36,0.4621,1067.89,350.15,0.6357,1103.88,399.10,0.6694,1076.53,394.78,0.6230,1124.03,435.56,0.6918,1060.69,437.00,0.7120,1140.82,455.23,0.7853,1050.62,484.02,0.8245
164,bottom,0,894.09,650.73,1072.88,883.75,981.74,671.21,0.9136,984.07,668.88,0.5735,981.16,669.46,0.6032,971.84,674.12,0.7715,990.47,675.87,0.7822,947.40,700.31,0.9083,1000.36,708.46,0.8658,926.45,736.98,0.8576,1020.73,745.12,0.8449,907.82,773.06,0.8390,1045.76,763.75,0.8222,951.47,771.31,0.7358,981.74,771.90,0.7220,939.25,802.74,0.8449,1021.90,809.14,0.8723,927.61,852.79,0.8645,1045.76,859.78,0.8785
165,top,1,1028.43,310.63,1160.38,505.48,1124.85,327.66,0.7833,1129.61,325.28,0.7433,1121.52,323.38,0.7341,1132.46,330.52,0.7642,1114.86,325.76,0.7880,1133.89,354.30,0.7774,1096.31,338.13,0.6790,1135.79,385.70,0.7478,1064.91,342.41,0.7549,1110.10,379.51,0.4357,1064.44,363.34,0.7099,1112.01,403.30,0.6790,1083.94,399.02,0.6522,1132.46,441.35,0.6841,1065.39,439.45,0.7291,1144.35,461.33,0.7516,1045.41,484.17,0.7994
165,bottom,0,900.66,655.70,1084.56,875.33,990.81,678.11,0.8917,992.61,675.72,0.5406,993.21,675.72,0.5907,978.84,680.51,0.7237,996.80,682.30,0.7794,955.49,706.25,0.9056,1006.38,714.63,0.9288,933.34,742.77,0.8910,1024.34,751.75,0.8664,913.59,778.09,0.9351,1047.68,778.68,0.8731,957.29,777.49,0.8179,987.82,778.09,0.7780,941.12,807.42,0.8610,1027.33,812.21,0.8851,923.16,851.12,0.9703,1062.05,852.92,0.9165
166,top,1,1030.30,318.83,1159.82,496.51,1126.73,334.79,0.8260,1131.07,331.75,0.8071,1123.69,330.45,0.7600,1134.97,337.39,0.8177,1116.75,333.49,0.7842,1137.57,359.95,0.7930,1099.40,351.27,0.6925,1141.48,391.18,0.7156,1069.90,362.55,0.7681,1137.57,379.04,0.5515,1069.90,385.98,0.7328,1118.92,406.37,0.7025,1092.46,403.76,0.6539,1136.71,441.07,0.6716,1070.77,444.11,0.7077,1144.08,465.36,0.7900,1043.01,479.68,0.7835
166,bottom,0,905.95,663.51,1085.89,871.68,997.68,684.41,0.8630,1000.02,682.07,0.5198,1000.61,682.66,0.5439,986.55,686.76,0.7002,1004.71,689.10,0.7316,962.53,711.94,0.9001,1013.49,721.32,0.9322,942.03,747.68,0.9029,1028.72,758.81,0.8673,920.36,782.24,0.9571,1048.05,786.34,0.8739,964.87,782.82,0.8401,994.16,783.99,0.7931,946.13,807.42,0.9125,1034.58,815.04,0.8718,922.70,850.77,0.9902,1071.48,849.60,0.9496
167,top,1,1026.57,326.60,1161.03,502.16,1127.06,339.53,0.8773,1131.44,336.47,0.9228,1124.44,335.59,0.8586,1136.26,342.16,0.8461,1117.87,339.97,0.8206,1141.07,364.04,0.7842,1101.68,359.67,0.6925,1145.89,388.99,0.7441,1078.48,378.93,0.7398,1138.45,393.81,0.6804,1078.92,404.75,0.7280,1125.31,411.75,0.6718,1099.05,410.88,0.5968,1143.26,443.27,0.7036,1078.04,448.08,0.6622,1145.01,466.47,0.8282,1045.65,478.72,0.7298
167,bottom,0,910.58,668.96,1082.50,870.41,1009.41,690.21,0.8695,1011.65,686.30,0.5230,1013.33,687.98,0.5369,996.54,691.89,0.5557,1015.57,695.25,0.6809,973.03,715.96,0.8706,1023.96,727.15,0.9246,951.21,753.46,0.8852,1039.63,766.33,0.8496,928.82,787.59,0.9685,1053.63,792.07,0.8706,974.15,787.03,0.7876,1002.70,788.15,0.7643,951.21,807.74,0.9232,1037.40,814.46,0.8995,923.78,850.28,0.9853,1068.74,848.60,0.9525
168,top,1,1029.91,327.39,1161.06,497.96,1127.93,341.38,0.9124,1131.77,338.39,0.9374,1124.94,337.54,0.8903,1136.47,343.94,0.8774,1117.68,341.81,0.8473,1140.74,364.43,0.8250,1101.03,361.87,0.7561,1146.29,385.35,0.8032,1085.24,386.63,0.8021,1142.02,399.02,0.8093,1089.08,413.10,0.7378,1126.65,411.82,0.7321,1100.18,411.40,0.6323,1144.15,444.27,0.7201,1082.25,450.25,0.7128,1145.01,466.47,0.8514,1048.10,479.28,0.7833
168,bottom,0,910.61,671.49,1085.16,871.07,1021.75,692.30,0.9528,1022.32,688.89,0.5602,1023.45,690.03,0.6290,1010.38,692.87,0.6338,1028.57,696.28,0.7991,987.66,717.87,0.8966,1038.79,727.53,0.9636,965.50,754.24,0.8423,1050.73,764.46,0.8321,941.63,788.90,0.8827,1057.54,789.46,0.7568,985.95,786.05,0.7982,1014.36,786.62,0.8016,955.27,811.62,0.8775,1042.20,807.65,0.9029,924.59,850.26,0.9393,1070.61,846.85,0.9332
169,top,1,1029.20,326.68,1160.83,497.28,1126.72,340.00,0.9200,1131.00,337.43,0.9278,1123.72,336.14,0.8832,1135.29,342.57,0.8746,1116.87,340.00,0.8286,1139.57,362.28,0.8504,1100.16,359.71,0.7639,1142.15,381.56,0.7179,1086.44,383.70,0.7916,1138.72,399.98,0.7305,1097.16,410.69,0.7309,1123.29,410.69,0.7400,1096.30,409.41,0.6861,1141.29,442.83,0.7446,1081.30,449.69,0.7429,1144.29,466.40,0.8410,1048.31,478.82,0.8080
169,bottom,0,910.60,670.15,1085.46,872.87,1036.73,690.11,0.9403,1039.58,687.27,0.5780,1037.87,688.41,0.6558,1027.06,692.39,0.7442,1044.13,695.24,0.6915,1002.01,716.30,0.8482,1053.24,724.26,0.9055,983.80,753.86,0.7808,1066.33,762.40,0.8381,961.03,785.74,0.7929,1060.64,782.32,0.6805,998.60,787.45,0.7309,1028.20,787.45,0.7291,962.17,815.34,0.7839,1052.67,801.11,0.8891,926.88,849.49,0.9054,1071.46,847.21,0.9063
170,top,1,1031.23,322.45,1160.02,495.52,1125.63,335.89,0.9339,1129.43,333.35,0.9035,1121.82,332.51,0.8783,1133.65,338.00,0.8623,1114.64,336.31,0.8683,1137.88,357.43,0.8483,1097.74,356.59,0.7693,1137.88,373.91,0.6602,1083.80,379.41,0.8250,1134.08,394.62,0.7205,1097.74,405.18,0.7851,1120.13,406.45,0.7049,1093.94,404.34,0.6671,1134.92,440.25,0.6662,1078.30,444.90,0.7133,1142.53,465.60,0.8417,1045.77,478.28,0.8323
170,bottom,0,919.29,668.71,1086.62,870.87,1053.06,686.45,0.9470,1053.61,684.27,0.6545,1054.70,684.82,0.6791,1042.17,688.63,0.8005,1059.06,692.44,0.7041,1018.75,713.14,0.8247,1067.77,721.31,0.8993,1003.50,749.09,0.7647,1078.12,759.44,0.8744,977.35,778.51,0.7330,1062.87,767.61,0.6054,1013.30,782.86,0.6754,1044.35,784.50,0.7258,974.08,817.18,0.7737,1061.78,802.47,0.8283,937.59,851.50,0.8479,1074.85,849.32,0.8909
171,top,1,1031.32,318.36,1160.04,496.28,1122.18,333.91,0.9113,1126.52,330.87,0.8572,1118.27,330.44,0.8710,1130.86,335.65,0.8179,1111.75,333.91,0.8915,1134.34,353.90,0.8255,1095.25,352.16,0.7669,1132.60,374.74,0.5827,1078.74,374.74,0.8172,1127.39,394.73,0.6419,1092.64,401.68,0.7683,1115.23,402.98,0.7047,1088.30,399.94,0.6741,1130.00,436.43,0.6759,1073.09,440.77,0.7381,1139.55,464.66,0.8180,1044.42,474.65,0.8139
171,bottom,0,935.93,666.46,1096.38,871.13,1067.86,685.75,0.9609,1068.38,684.19,0.6232,1068.38,684.19,0.6698,1057.42,688.36,0.7447,1074.65,691.50,0.6504,1032.87,712.39,0.8363,1081.44,718.66,0.9015,1018.24,746.86,0.7251,1089.80,755.74,0.8938,988.47,771.41,0.7130,1077.79,741.64,0.5022,1028.69,779.25,0.6963,1058.46,781.33,0.7785,988.99,810.06,0.7751,1065.25,802.23,0.8068,959.74,854.98,0.8440,1075.70,849.23,0.8993
172,top,1,1029.62,317.38,1153.32,498.09,1120.15,333.18,0.8428,1124.56,330.09,0.7965,1116.17,329.20,0.8166,1128.09,334.94,0.7850,1109.12,332.29,0.8492,1130.73,351.26,0.8199,1091.91,349.94,0.7680,1129.85,368.91,0.6855,1074.26,373.32,0.8277,1124.56,389.21,0.7158,1086.61,400.68,0.7919,1109.56,399.35,0.7162,1083.97,397.15,0.6746,1126.76,432.00,0.6907,1069.85,437.74,0.7279,1130.29,464.65,0.8277,1041.17,475.24,0.8507
172,bottom,0,962.88,667.07,1106.70,874.65,1082.42,684.20,0.9340,1082.42,682.68,0.6039,1083.44,682.17,0.6973,1071.78,685.72,0.7174,1089.01,690.28,0.6756,1047.96,710.05,0.7837,1093.07,717.14,0.8909,1031.75,745.01,0.7380,1100.16,752.11,0.8555,996.27,761.23,0.7742,1089.52,731.84,0.5609,1045.94,778.46,0.6934,1074.82,779.98,0.7778,1002.86,804.82,0.8133,1067.73,803.80,0.7811,988.67,862.59,0.7777,1076.34,850.43,0.8586
173,top,1,1028.31,318.23,1138.50,501.83,1117.03,333.38,0.8678,1121.06,330.24,0.8617,1112.99,329.79,0.8433,1124.20,334.72,0.8265,1104.92,333.38,0.8669,1127.78,352.20,0.8399,1087.89,350.86,0.7734,1127.34,371.48,0.7355,1069.96,374.17,0.8392,1120.61,388.96,0.7799,1080.72,403.30,0.7254,1105.82,400.17,0.7467,1080.27,398.37,0.6866,1125.09,435.13,0.7332,1066.82,437.82,0.7033,1117.03,464.72,0.7952,1039.03,475.47,0.8196
173,bottom,0,986.84,666.90,1118.04,885.00,1097.70,683.84,0.8117,1098.23,681.71,0.5568,1100.90,681.71,0.6049,1088.12,685.43,0.7143,1103.03,689.69,0.7320,1063.09,708.86,0.7966,1105.69,713.65,0.8909,1042.33,741.34,0.7724,1110.48,746.67,0.8683,1007.71,746.67,0.7408,1104.62,730.16,0.6031,1060.43,777.55,0.7152,1086.52,780.21,0.7653,1019.96,803.64,0.7912,1071.61,803.11,0.7593,1024.75,862.74,0.7914,1076.40,851.56,0.7962
174,top,1,1023.72,321.13,1134.64,503.18,1112.51,335.27,0.8536,1116.51,332.16,0.8383,1108.96,331.71,0.8336,1120.96,336.60,0.8538,1101.40,335.27,0.8559,1124.07,354.38,0.8275,1084.96,353.93,0.7421,1124.96,375.27,0.7808,1065.40,377.04,0.8215,1117.40,391.71,0.8298,1072.51,404.16,0.7508,1103.18,402.82,0.7105,1077.40,401.93,0.6522,1122.29,437.93,0.7909,1064.51,440.16,0.6902,1104.51,462.82,0.7251,1036.96,478.82,0.8146
174,bottom,0,999.09,665.17,1129.87,869.96,1111.48,683.57,0.8015,1109.48,681.57,0.5634,1114.48,681.57,0.6574,1100.98,684.57,0.7367,1117.48,689.57,0.7680,1076.48,705.07,0.7505,1117.98,710.07,0.8143,1054.48,737.07,0.7281,1123.47,739.57,0.8294,1018.98,732.57,0.7043,1116.98,720.57,0.5483,1069.98,776.57,0.6555,1095.48,777.57,0.7278,1037.98,810.06,0.7695,1080.48,806.06,0.8009,1060.48,860.06,0.6084,1077.98,851.56,0.7714
175,top,1,1024.44,324.45,1129.72,490.91,1108.37,338.99,0.8328,1112.84,335.74,0.7775,1105.12,335.34,0.7833,1117.31,340.21,0.7246,1097.40,337.78,0.8272,1120.16,358.10,0.8485,1080.33,357.28,0.7685,1120.97,381.67,0.8241,1062.04,381.67,0.8047,1113.25,397.11,0.8118,1065.29,410.12,0.6773,1101.46,406.86,0.7394,1074.23,406.05,0.6528,1116.50,443.03,0.8212,1061.23,444.25,0.7116,1094.15,468.23,0.7642,1036.44,483.27,0.8412
175,bottom,0,1015.56,666.47,1148.37,888.00,1126.86,684.21,0.7051,1127.40,682.04,0.5038,1132.26,682.58,0.5386,1114.96,683.67,0.6966,1133.35,690.70,0.7010,1091.16,702.60,0.7550,1130.10,710.17,0.7530,1065.20,733.42,0.7107,1139.84,732.34,0.7650,1033.83,718.28,0.7290,1138.75,705.30,0.6414,1079.80,775.61,0.6702,1104.14,777.23,0.6902,1059.79,819.42,0.7100,1090.62,811.31,0.7131,1074.93,857.82,0.5784,1084.13,848.62,0.5909
176,top,1,1025.20,327.02,1125.25,494.95,1102.70,341.70,0.8670,1107.21,338.83,0.8135,1099.42,337.60,0.8475,1112.13,342.93,0.7966,1092.04,340.47,0.8208,1115.41,361.79,0.8202,1075.64,360.15,0.7419,1117.46,386.80,0.7878,1058.01,385.57,0.7718,1110.49,402.37,0.7650,1058.42,416.72,0.6920,1096.96,410.57,0.6819,1070.31,408.93,0.6154,1106.80,447.88,0.7525,1057.19,447.06,0.6897,1089.17,470.84,0.7212,1036.28,488.47,0.7858
176,bottom,0,1043.92,669.07,1172.53,905.40,1137.07,686.84,0.5778,1135.92,685.69,0.4363,1139.38,686.26,0.4204,1126.11,687.42,0.6606,1146.31,692.61,0.6460,1104.19,704.73,0.6955,1140.54,710.50,0.6774,1074.18,730.11,0.7659,1159.00,723.77,0.8121,1052.83,705.30,0.7959,1163.04,692.03,0.8125,1094.95,776.27,0.6299,1113.42,776.85,0.6319,1088.61,832.82,0.5773,1100.15,814.93,0.5061,1118.61,881.86,0.5677,1093.80,847.24,0.5199
177,top,1,1023.78,329.68,1121.09,497.03,1096.95,343.90,0.8720,1101.03,341.04,0.8086,1093.27,339.81,0.8188,1105.93,345.13,0.7525,1086.32,343.08,0.8163,1110.84,364.33,0.7821,1070.39,362.28,0.7136,1114.11,389.66,0.7821,1054.05,387.62,0.7277,1108.39,405.59,0.7871,1049.96,416.22,0.6641,1091.63,413.36,0.6372,1065.49,410.50,0.5970,1100.21,449.31,0.6784,1053.23,449.31,0.6844,1086.73,473.41,0.7009,1036.48,492.21,0.7605
177,bottom,0,1074.05,669.23,1199.05,907.66,1147.03,691.24,0.5623,1145.87,689.49,0.4807,1151.69,691.24,0.4169,1138.88,691.82,0.6317,1155.76,697.06,0.5943,1116.18,707.53,0.6890,1152.27,712.19,0.6146,1083.58,727.33,0.7989,1176.72,717.43,0.8052,1080.67,697.64,0.7924,1183.70,690.07,0.8433,1105.70,776.80,0.6785,1124.91,777.39,0.6748,1100.46,830.36,0.7075,1112.69,812.31,0.6040,1131.89,882.75,0.6408,1110.94,856.55,0.6071
178,top,0,1021.06,329.30,1116.10,516.68,1091.46,343.85,0.8564,1095.57,340.65,0.8249,1087.34,339.73,0.8353,1099.69,344.76,0.7695,1080.48,342.93,0.8601,1105.18,364.89,0.7677,1064.01,362.61,0.7162,1111.58,390.05,0.7640,1048.91,389.14,0.7480,1106.55,406.52,0.7712,1043.88,416.59,0.7162,1088.25,414.76,0.6315,1061.26,411.56,0.6104,1095.12,448.15,0.6452,1048.45,451.81,0.7011,1086.88,471.48,0.7656,1034.27,495.73,0.8034
178,bottom,1,1085.70,668.80,1223.80,909.31,1160.03,693.35,0.5338,1160.03,689.24,0.4407,1166.49,692.17,0.3829,1152.99,691.59,0.5677,1166.49,698.63,0.5331,1130.09,706.27,0.6370,1164.73,713.31,0.6216,1093.09,716.25,0.7159,1189.98,714.49,0.7356,1110.71,691.00,0.7808,1203.48,687.48,0.7627,1112.47,774.97,0.6763,1135.37,776.14,0.6669,1110.71,830.75,0.7338,1128.32,810.20,0.6332,1131.85,884.77,0.7274,1134.78,858.35,0.5794
179,top,0,1023.49,328.00,1113.26,515.41,1085.30,342.09,0.8544,1088.96,339.35,0.8252,1081.64,338.43,0.8243,1093.54,343.46,0.7894,1074.32,342.09,0.8155,1100.40,364.51,0.7551,1058.31,361.31,0.7091,1107.27,388.76,0.7741,1042.75,388.30,0.7471,1104.98,405.23,0.7785,1037.26,415.76,0.7258,1083.93,414.84,0.6504,1056.93,411.64,0.6165,1089.88,447.79,0.6065,1045.04,452.36,0.7192,1089.88,468.38,0.7646,1033.60,495.83,0.8024
179,bottom,1,1099.70,664.46,1245.87,908.94,1175.17,698.36,0.5924,1174.57,693.59,0.4681,1181.14,697.77,0.3736,1166.82,693.59,0.5737,1179.95,703.14,0.5527,1141.15,702.54,0.6820,1175.77,719.25,0.6180,1106.53,696.57,0.6416,1199.64,710.30,0.6583,1138.76,690.61,0.6057,1219.34,684.04,0.6671,1118.47,778.34,0.7050,1143.54,780.73,0.6619,1119.07,830.87,0.7506,1148.91,816.54,0.6092,1135.18,886.37,0.8047,1159.65,862.50,0.6566
180,top,0,1021.56,325.21,1112.68,518.43,1080.33,341.16,0.8607,1084.10,337.86,0.8451,1076.55,337.38,0.7821,1088.34,342.10,0.7536,1069.00,340.69,0.8138,1094.95,362.86,0.7505,1052.49,360.50,0.7042,1103.91,386.92,0.7737,1036.45,387.86,0.7461,1103.91,404.84,0.7786,1031.74,415.69,0.7193,1078.91,415.22,0.6541,1053.44,412.39,0.6336,1088.34,452.96,0.6255,1047.30,453.90,0.7462,1087.87,469.00,0.7771,1033.62,496.36,0.7811
180,bottom,1,1107.35,660.50,1255.61,907.43,1191.13,704.99,0.5560,1189.32,697.76,0.3670,1197.76,704.39,0.3527,1179.67,698.96,0.4624,1197.16,711.02,0.5032,1154.96,704.39,0.6516,1185.10,723.68,0.5962,1139.89,671.84,0.5954,1208.01,706.20,0.5589,1150.14,683.89,0.4324,1229.71,680.28,0.6180,1129.04,772.51,0.7115,1154.96,777.33,0.7135,1121.80,829.18,0.7790,1167.62,822.55,0.6468,1138.08,887.05,0.8155,1185.70,862.94,0.6316
181,top,1,1018.34,324.89,1111.50,518.67,1076.27,339.93,0.8678,1080.06,337.10,0.8852,1072.49,336.62,0.8082,1084.32,341.83,0.7919,1064.92,339.93,0.8484,1090.47,361.70,0.7661,1048.36,359.80,0.7223,1100.40,385.82,0.7650,1032.28,385.82,0.7537,1103.24,403.33,0.7980,1026.13,414.21,0.7748,1075.33,415.16,0.6699,1050.73,413.74,0.6664,1086.68,454.42,0.6865,1044.58,454.90,0.7549,1080.53,470.98,0.7725,1032.28,496.06,0.8042
181,bottom,0,1105.73,654.81,1266.88,907.46,1202.96,709.59,0.6938,1203.58,706.50,0.4497,1208.51,710.82,0.4369,1193.71,703.42,0.4674,1207.89,715.14,0.5427,1169.65,707.74,0.6921,1197.41,730.56,0.6724,1172.12,683.06,0.6061,1216.53,707.12,0.5268,1175.20,673.19,0.5657,1239.97,677.51,0.5090,1140.04,773.12,0.7590,1166.57,778.05,0.7765,1120.92,828.02,0.8367,1187.54,824.93,0.7059,1135.72,886.61,0.8504,1212.83,866.26,0.7090
182,top,0,1012.66,326.20,1111.25,519.01,1072.78,340.23,0.8346,1076.55,337.40,0.8505,1069.02,336.93,0.7894,1081.26,341.64,0.7840,1061.96,339.76,0.8305,1087.38,361.88,0.7684,1044.54,360.00,0.7135,1097.26,385.42,0.7678,1028.53,385.42,0.7656,1102.44,403.31,0.8187,1021.00,414.13,0.8014,1071.84,415.07,0.6760,1046.89,413.66,0.6775,1085.49,453.20,0.7429,1040.77,455.09,0.7483,1074.67,474.39,0.7771,1029.00,495.10,0.7489
182,bottom,1,1100.79,622.32,1279.11,910.30,1215.26,715.69,0.7363,1215.26,711.47,0.5005,1220.18,717.10,0.5231,1204.71,709.36,0.5562,1219.48,723.43,0.6231,1185.73,708.66,0.7609,1212.45,733.27,0.7069,1185.73,670.70,0.7477,1231.43,704.44,0.7074,1202.60,641.17,0.7949,1252.52,674.91,0.7212,1151.98,778.97,0.8251,1179.40,783.19,0.8243,1119.64,825.37,0.8837,1207.52,832.40,0.7201,1130.19,886.54,0.9130,1239.16,875.29,0.7907
183,top,0,1009.20,326.80,1110.48,516.80,1069.58,341.55,0.8415,1073.76,338.77,0.8628,1065.87,337.84,0.7956,1078.40,342.94,0.7976,1059.38,341.09,0.8192,1084.43,362.89,0.7713,1041.75,361.50,0.7311,1094.63,385.62,0.7688,1025.05,387.94,0.7767,1102.05,405.10,0.8229,1017.17,415.77,0.7827,1068.66,415.31,0.6908,1044.07,414.38,0.6879,1083.50,453.34,0.7967,1037.11,454.74,0.7659,1074.22,482.10,0.7620,1023.20,493.24,0.7359
183,bottom,1,1095.32,620.74,1294.28,912.13,1227.52,721.62,0.6998,1226.81,718.77,0.4744,1230.37,721.62,0.5388,1216.14,718.06,0.5904,1232.50,729.44,0.6216,1197.64,718.77,0.7713,1226.81,741.54,0.6792,1196.93,677.51,0.7914,1243.89,708.10,0.6959,1218.99,644.79,0.8346,1263.80,678.93,0.7489,1164.92,787.06,0.7839,1193.38,793.47,0.7947,1122.24,819.79,0.8893,1224.68,839.71,0.7230,1123.66,884.53,0.8989,1260.25,882.39,0.7621
184,top,0,1001.14,329.40,1112.59,516.65,1066.93,344.40,0.8572,1071.04,341.66,0.8589,1063.27,340.74,0.7963,1075.61,345.31,0.7840,1056.41,343.94,0.8173,1082.01,364.51,0.7747,1039.04,364.51,0.7351,1092.07,387.83,0.7822,1022.13,391.49,0.7786,1101.67,408.40,0.8215,1012.98,418.91,0.7626,1065.10,417.09,0.6959,1039.95,416.17,0.6872,1082.01,454.12,0.7831,1032.18,455.03,0.7620,1073.78,488.40,0.7630,1013.90,492.52,0.7736
184,bottom,1,1089.27,648.05,1311.62,929.82,1240.98,728.86,0.7685,1240.25,725.24,0.4638,1241.70,728.86,0.5075,1228.67,720.90,0.6413,1245.32,735.37,0.6363,1209.13,724.52,0.7933,1240.25,750.57,0.7711,1203.34,686.88,0.7873,1252.56,720.17,0.7009,1220.71,668.79,0.7363,1272.10,684.71,0.7672,1180.90,796.17,0.7396,1207.68,802.68,0.7617,1130.96,817.88,0.8631,1241.70,854.80,0.7806,1117.94,878.68,0.8744,1281.51,898.95,0.8056
185,top,1,985.31,330.70,1115.67,522.69,1064.56,349.36,0.8974,1068.31,346.55,0.8609,1060.81,345.61,0.8462,1072.52,350.76,0.7898,1054.24,349.36,0.8892,1079.09,369.51,0.8263,1036.43,370.45,0.7718,1089.87,391.07,0.8023,1019.09,397.17,0.8025,1100.18,412.64,0.8443,1009.25,425.29,0.7516,1061.27,421.54,0.7561,1035.96,420.14,0.7444,1079.09,457.16,0.8014,1025.65,459.51,0.7926,1077.21,496.54,0.8561,1000.34,500.76,0.8305
185,bottom,0,1089.57,683.10,1318.48,944.52,1250.97,733.33,0.9209,1248.73,731.09,0.5173,1252.46,733.33,0.4638,1242.03,729.60,0.6737,1255.44,738.55,0.5697,1218.93,735.57,0.8471,1254.69,763.14,0.8968,1204.02,700.54,0.6760,1258.42,752.70,0.6205,1212.97,691.60,0.5978,1277.05,701.29,0.4863,1195.83,807.10,0.7724,1221.91,816.79,0.7987,1142.18,819.77,0.8659,1255.44,867.46,0.8288,1114.61,874.16,0.8930,1291.21,916.64,0.8802
186,top,1,974.93,339.97,1113.81,525.36,1063.83,356.62,0.8548,1067.00,353.46,0.8448,1060.21,353.00,0.8172,1070.17,357.98,0.7546,1052.52,356.17,0.8848,1076.96,376.54,0.8449,1034.41,377.44,0.7971,1087.37,397.36,0.8076,1016.31,403.70,0.8034,1099.14,418.63,0.8517,1006.35,431.76,0.7454,1058.40,425.88,0.7645,1032.15,424.97,0.7384,1076.51,459.37,0.8043,1016.76,466.61,0.7970,1083.75,504.63,0.8649,989.60,505.08,0.8662
186,bottom,0,1095.72,705.60,1321.64,947.34,1258.69,743.36,0.9463,1257.95,741.89,0.4713,1260.90,742.63,0.4766,1249.86,741.16,0.7428,1268.25,748.51,0.6794,1226.33,748.51,0.8291,1268.25,773.52,0.8732,1201.33,721.30,0.5113,1273.40,764.69,0.6814,1206.47,722.77,0.4008,1282.22,720.57,0.6447,1204.27,821.32,0.7712,1233.69,831.62,0.8046,1154.99,827.94,0.8679,1270.46,875.74,0.8363,1116.75,871.33,0.8917,1297.67,927.96,0.9012
187,top,0,962.55,351.01,1107.20,535.03,1061.24,364.86,0.9269,1065.01,362.03,0.8751,1057.48,361.56,0.8777,1068.78,367.21,0.8336,1049.94,365.33,0.9075,1073.96,385.58,0.8391,1032.05,386.52,0.7644,1083.85,407.23,0.7712,1011.80,413.36,0.7581,1099.85,431.25,0.7853,1005.21,448.20,0.6237,1054.18,433.13,0.7281,1027.34,431.72,0.6934,1075.37,465.62,0.7876,1008.51,472.68,0.7079,1088.55,510.82,0.8558,978.37,512.71,0.8049
187,bottom,1,1100.36,724.99,1321.58,947.26,1266.42,746.11,0.9167,1267.14,742.51,0.5433,1268.58,743.23,0.5433,1257.06,745.39,0.7936,1275.06,751.15,0.7855,1227.54,754.75,0.7929,1274.34,781.39,0.8556,1193.69,743.95,0.6140,1285.15,786.43,0.7676,1213.13,749.71,0.4553,1288.03,747.55,0.7686,1207.37,826.76,0.7723,1242.66,839.00,0.7832,1163.45,838.28,0.8341,1276.50,874.29,0.8707,1123.84,877.17,0.8392,1298.83,926.86,0.8490
188,top,1,956.38,360.32,1109.74,536.89,1060.02,373.72,0.9157,1064.01,370.73,0.8843,1056.52,369.73,0.9059,1067.51,375.22,0.8544,1049.54,372.72,0.9356,1071.00,395.69,0.8616,1030.06,395.69,0.7608,1075.50,416.16,0.7288,1009.10,421.15,0.8256,1093.97,440.12,0.6658,1011.09,454.60,0.7007,1052.03,442.12,0.7584,1024.57,441.12,0.7166,1075.99,473.07,0.7796,1004.10,480.56,0.7539,1091.47,517.00,0.8661,969.16,515.01,0.8264
188,bottom,0,1117.14,725.42,1322.28,946.49,1269.79,744.47,0.9951,1273.13,742.46,0.5986,1268.46,743.13,0.6114,1261.11,745.80,0.8329,1279.14,751.15,0.7291,1229.73,760.49,0.7967,1279.81,782.53,0.8731,1197.68,776.52,0.7568,1292.50,804.57,0.8557,1215.04,777.19,0.5245,1290.49,766.50,0.7751,1209.69,829.27,0.7511,1243.75,841.29,0.7809,1171.63,847.30,0.8441,1279.14,874.68,0.8687,1134.24,892.04,0.8552,1299.84,928.77,0.9073
189,top,1,956.05,365.58,1109.69,537.58,1061.38,379.56,0.9325,1064.88,376.06,0.8599,1057.88,375.56,0.9015,1067.38,381.06,0.8024,1049.37,379.06,0.9107,1069.88,402.07,0.8725,1030.37,401.57,0.7874,1071.38,423.07,0.8002,1010.86,426.07,0.8241,1085.38,448.08,0.7771,1020.87,454.08,0.7762,1052.38,448.08,0.7875,1023.87,448.08,0.7299,1076.38,479.09,0.7974,1000.86,487.09,0.7780,1091.89,519.10,0.8827,969.85,515.60,0.8582
189,bottom,0,1119.48,724.34,1321.97,946.68,1268.84,743.88,0.9926,1272.14,741.25,0.6615,1267.52,742.57,0.7137,1258.96,744.54,0.8336,1277.41,749.82,0.7144,1229.29,765.64,0.8111,1281.37,784.09,0.8944,1202.93,793.32,0.8091,1288.62,821.66,0.8464,1222.04,803.21,0.4736,1284.66,797.28,0.6457,1208.86,830.89,0.7522,1244.45,840.12,0.7806,1178.54,853.96,0.8509,1279.39,875.06,0.8703,1142.94,900.11,0.8937,1299.16,928.45,0.9255
190,top,1,955.68,366.64,1109.01,537.51,1064.29,382.20,0.8810,1067.28,378.71,0.8440,1060.30,377.71,0.8913,1069.78,383.20,0.8108,1051.81,382.20,0.8931,1071.28,404.66,0.8565,1032.35,404.66,0.7795,1068.78,427.12,0.7391,1016.87,431.62,0.7816,1075.27,452.58,0.7321,1036.84,455.07,0.6409,1053.81,449.08,0.7339,1025.36,449.58,0.6882,1077.27,480.03,0.7829,1003.90,488.51,0.7288,1092.24,519.96,0.8575,969.96,516.46,0.8315
190,bottom,0,1122.18,720.82,1321.97,946.88,1261.74,741.50,0.9921,1263.70,738.90,0.6639,1261.74,738.90,0.7673,1251.34,742.80,0.7771,1268.90,746.71,0.7184,1225.32,766.22,0.8048,1275.40,781.17,0.8916,1203.21,800.03,0.7940,1283.21,826.05,0.8477,1224.02,809.14,0.4387,1278.00,805.24,0.5666,1209.07,829.30,0.7070,1245.49,838.40,0.7592,1180.45,852.71,0.8249,1280.60,874.17,0.8680,1141.43,896.29,0.8780,1299.46,926.85,0.9256
191,top,1,956.75,366.11,1109.82,537.87,1069.16,381.73,0.8699,1072.15,377.75,0.8274,1065.68,377.25,0.8711,1074.65,382.73,0.7647,1056.71,381.23,0.8768,1075.14,403.16,0.8692,1037.77,405.65,0.8216,1066.17,426.58,0.6684,1027.31,437.04,0.8325,1067.67,446.51,0.6635,1053.22,450.99,0.7379,1055.21,450.99,0.7199,1028.80,450.49,0.6931,1081.12,479.89,0.7932,1006.38,489.86,0.7198,1092.58,519.26,0.8531,971.00,515.77,0.8163
191,bottom,0,1125.51,715.15,1322.25,946.60,1250.77,735.46,1.0054,1251.41,732.89,0.6907,1250.77,733.53,0.7389,1240.53,738.66,0.6540,1258.46,741.86,0.7794,1216.83,763.63,0.8269,1268.07,775.16,0.8890,1194.42,796.94,0.8021,1269.99,813.59,0.7509,1209.15,812.31,0.5272,1275.75,837.92,0.7481,1207.23,827.68,0.7155,1243.09,834.72,0.7649,1176.49,848.17,0.8364,1280.87,873.79,0.8602,1144.46,896.84,0.8670,1299.45,926.30,0.9277
192,top,1,958.26,367.24,1109.47,537.77,1075.71,380.64,0.8804,1079.15,377.19,0.8083,1071.77,376.70,0.8726,1081.61,381.62,0.7815,1063.40,381.13,0.8978,1078.66,400.82,0.8511,1046.66,405.74,0.8058,1061.43,423.46,0.6052,1041.25,438.23,0.7591,1059.96,444.14,0.4267,1071.28,446.60,0.7061,1057.99,447.09,0.7592,1031.90,447.58,0.7221,1083.09,475.64,0.7622,1009.25,487.95,0.6947,1091.95,518.96,0.8489,971.84,515.51,0.7829
192,bottom,0,1131.57,707.59,1321.45,946.45,1238.25,728.13,0.9851,1239.49,725.65,0.7136,1240.72,726.89,0.5713,1228.36,731.84,0.6905,1246.91,734.31,0.7003,1206.11,757.80,0.8026,1257.41,766.45,0.8884,1183.24,789.32,0.8407,1255.56,794.88,0.7799,1195.60,809.10,0.7088,1263.59,830.73,0.6598,1206.11,826.40,0.7164,1240.72,832.58,0.7354,1170.26,841.86,0.8355,1277.81,874.00,0.8576,1152.96,900.57,0.8888,1299.44,928.39,0.9182
193,top,1,961.03,363.62,1109.83,538.20,1082.90,381.16,0.9175,1085.81,377.28,0.8400,1078.06,376.80,0.9128,1087.74,380.67,0.8031,1069.34,380.19,0.9544,1082.90,398.60,0.8280,1056.74,405.86,0.7900,1065.95,422.33,0.6380,1056.74,439.28,0.7905,1065.95,443.16,0.4881,1088.23,442.68,0.7379,1061.10,445.10,0.7306,1034.46,445.10,0.6940,1086.29,472.71,0.8203,1010.73,485.78,0.7223,1092.10,517.75,0.8511,972.46,515.33,0.8078
193,bottom,0,1132.50,697.63,1320.86,948.77,1224.23,718.35,0.9216,1227.91,715.28,0.5483,1223.62,716.51,0.6154,1214.42,720.80,0.7406,1232.20,722.64,0.7247,1189.90,750.23,0.8657,1242.01,754.52,0.8687,1169.05,779.66,0.7645,1241.40,782.73,0.7934,1178.86,801.74,0.7534,1249.98,814.00,0.7150,1200.32,819.52,0.7304,1232.82,824.42,0.7118,1162.30,836.69,0.8507,1266.54,873.47,0.8151,1156.79,901.68,0.8924,1299.04,927.43,0.8765
194,top,1,962.28,365.01,1114.19,538.44,1090.15,381.51,0.9672,1093.12,377.55,0.8386,1085.70,377.06,0.8464,1094.60,381.51,0.7788,1076.31,380.02,0.9868,1084.72,398.32,0.7044,1065.93,405.74,0.7978,1067.90,421.56,0.5562,1074.83,434.91,0.7173,1067.41,440.35,0.3722,1102.52,442.33,0.7177,1063.45,441.34,0.7105,1037.25,440.35,0.6934,1087.68,472.00,0.8442,1013.51,482.87,0.7163,1091.64,517.49,0.8306,974.45,514.52,0.7772
194,bottom,0,1131.45,688.40,1318.99,939.42,1211.12,709.12,0.8897,1209.90,706.66,0.5491,1212.35,707.89,0.6036,1200.71,712.18,0.6811,1218.48,714.02,0.7415,1176.19,740.37,0.8796,1229.51,743.43,0.8586,1155.36,764.88,0.7828,1231.35,769.17,0.7900,1159.03,790.01,0.7488,1241.15,800.43,0.7153,1190.29,810.85,0.7671,1223.38,813.91,0.7126,1153.52,838.42,0.9056,1255.25,865.39,0.7884,1154.74,900.93,0.8963,1292.63,915.64,0.8204
195,top,1,964.09,366.61,1119.10,537.96,1095.59,382.15,0.9160,1098.62,378.62,0.8206,1092.06,378.11,0.8159,1099.63,382.66,0.6685,1082.47,381.14,0.8892,1085.50,400.82,0.6656,1073.89,403.34,0.7560,1085.50,420.50,0.5108,1089.54,432.10,0.7122,1101.65,431.10,0.4837,1116.28,443.21,0.6373,1064.81,440.18,0.6092,1039.08,438.16,0.6361,1087.01,472.47,0.7925,1013.85,481.55,0.7012,1091.55,517.88,0.7853,977.52,511.83,0.7518
195,bottom,0,1131.74,678.84,1306.28,926.82,1199.03,701.12,0.9778,1199.03,698.70,0.6434,1200.24,699.91,0.6296,1188.13,704.15,0.7290,1208.11,705.97,0.7422,1165.13,731.39,0.8877,1218.40,736.24,0.8721,1143.33,756.21,0.8486,1226.88,762.27,0.8312,1142.73,783.46,0.7591,1233.54,792.54,0.7552,1179.66,802.23,0.7969,1211.14,802.83,0.7517,1147.57,837.95,0.9081,1244.44,855.50,0.7950,1154.23,899.09,0.9208,1278.95,903.33,0.8249
196,top,1,965.49,363.74,1137.13,537.99,1101.04,384.38,0.9351,1103.83,379.91,0.8230,1097.13,380.47,0.8692,1104.39,382.14,0.5585,1085.95,382.14,0.9220,1085.39,397.23,0.6588,1077.57,406.17,0.7652,1070.31,416.79,0.4667,1094.33,433.55,0.6988,1070.87,431.31,0.2814,1123.95,445.84,0.7015,1066.40,438.58,0.6115,1040.70,436.90,0.6654,1087.07,472.10,0.7979,1013.88,479.36,0.7193,1090.98,517.91,0.8174,978.68,510.09,0.7585
196,bottom,0,1122.66,671.15,1284.17,923.15,1188.03,693.17,0.9815,1187.42,690.71,0.6069,1189.26,691.33,0.6731,1176.96,696.86,0.7505,1197.26,697.48,0.8014,1154.19,724.55,0.8953,1209.56,728.86,0.8709,1136.35,749.78,0.8256,1222.48,756.54,0.8301,1128.97,779.31,0.8065,1227.41,787.30,0.7807,1167.73,793.46,0.7700,1199.72,794.07,0.7322,1140.66,834.68,0.8768,1232.33,843.91,0.7905,1149.27,893.12,0.8820,1258.78,889.43,0.8169
197,top,1,967.58,359.64,1132.78,537.73,1105.03,384.70,0.9335,1107.18,379.86,0.8409,1100.73,380.39,0.8378,1107.72,380.93,0.5494,1089.98,382.01,0.9037,1084.60,393.30,0.6762,1080.30,407.28,0.7716,1071.69,409.97,0.4800,1093.20,436.32,0.6904,1069.00,426.64,0.2795,1120.63,455.14,0.6705,1066.85,438.47,0.6081,1041.58,436.32,0.6615,1086.75,472.89,0.8068,1014.15,479.34,0.7292,1090.51,518.60,0.8427,980.28,506.77,0.7779
197,bottom,0,1110.07,666.12,1258.75,912.85,1178.39,688.29,0.9620,1179.59,685.88,0.5554,1175.98,685.88,0.6708,1168.15,691.90,0.7361,1188.02,692.51,0.7814,1145.26,719.61,0.8683,1201.88,724.43,0.8243,1128.39,749.13,0.8109,1218.74,755.15,0.8093,1118.15,781.05,0.8277,1221.76,784.06,0.7394,1156.70,788.28,0.7306,1188.02,789.48,0.7138,1130.20,827.43,0.8234,1222.96,835.87,0.8308,1139.23,884.05,0.9016,1239.83,885.26,0.8733
198,top,1,970.06,359.71,1115.27,537.34,1106.00,382.35,0.9250,1108.36,378.10,0.8254,1102.22,378.10,0.8330,1107.89,380.93,0.6082,1091.35,380.93,0.8761,1090.88,395.11,0.7076,1078.11,406.46,0.7610,1075.75,415.91,0.4939,1082.84,435.76,0.6740,1081.90,431.51,0.3352,1101.75,457.51,0.5276,1067.72,439.07,0.6958,1041.72,435.76,0.6638,1086.15,473.58,0.7848,1017.14,475.94,0.6961,1090.40,518.01,0.8164,980.74,504.77,0.8005
198,bottom,0,1099.04,663.69,1241.93,906.94,1168.71,685.55,0.8938,1169.89,683.76,0.5527,1166.92,683.17,0.5703,1158.61,689.11,0.7621,1178.80,690.30,0.7674,1137.83,717.02,0.8471,1193.65,722.37,0.8126,1120.01,750.28,0.8146,1212.65,755.62,0.7744,1107.54,784.13,0.8247,1215.03,784.72,0.7223,1144.36,784.72,0.6951,1177.02,786.50,0.6798,1120.60,823.32,0.7878,1212.06,825.10,0.8237,1125.35,875.58,0.8401,1222.15,882.12,0.8984
199,top,1,973.11,358.45,1114.26,536.89,1105.71,380.59,0.9089,1107.55,376.45,0.7939,1101.58,376.45,0.8223,1107.55,379.21,0.5807,1090.55,379.21,0.8790,1092.39,396.67,0.7217,1074.01,404.02,0.7788,1073.55,416.88,0.5531,1070.79,435.26,0.6733,1074.93,433.43,0.3892,1081.82,460.99,0.5989,1065.74,438.02,0.7204,1040.47,434.80,0.6993,1085.49,475.24,0.7772,1017.95,474.32,0.7488,1091.01,518.43,0.8395,980.73,503.27,0.8435
199,bottom,0,1087.38,663.03,1218.88,902.21,1158.97,685.10,0.9573,1160.72,682.76,0.6327,1158.39,682.76,0.5166,1147.87,688.60,0.7858,1168.31,689.77,0.7431,1128.02,717.22,0.8464,1184.08,720.72,0.8659,1111.67,754.00,0.8132,1202.18,754.59,0.7956,1097.66,790.21,0.8714,1205.10,784.95,0.8307,1134.44,783.20,0.7063,1167.14,784.95,0.6927,1109.33,818.82,0.8003,1198.68,817.65,0.8205,1099.99,874.88,0.8315,1206.85,877.80,0.8928
200,top,1,972.77,364.28,1115.60,536.63,1101.84,380.25,0.8758,1104.63,376.07,0.7288,1098.12,375.60,0.8201,1106.49,380.25,0.5931,1088.35,378.39,0.9088,1096.26,394.67,0.6999,1069.29,402.10,0.8113,1074.40,413.26,0.4777,1062.32,434.19,0.7122,1073.94,427.68,0.2980,1073.47,464.41,0.6963,1069.29,435.58,0.7082,1042.32,432.79,0.6535,1085.56,473.24,0.7184,1017.22,472.78,0.7254,1090.68,517.41,0.8032,981.42,501.60,0.8062
200,bottom,0,1054.28,663.48,1207.78,896.73,1148.69,686.71,0.9616,1147.55,683.30,0.6399,1150.39,683.30,0.6176,1138.44,690.13,0.7364,1156.66,691.27,0.7553,1119.07,719.17,0.9201,1174.31,722.02,0.9340,1104.84,757.33,0.8284,1188.55,759.60,0.8247,1086.61,792.63,0.8608,1189.12,789.79,0.8250,1125.91,782.38,0.7402,1157.80,784.09,0.7618,1094.02,817.69,0.8666,1186.27,817.12,0.8965,1075.79,872.36,0.8666,1196.52,874.64,0.9343
201,top,1,971.13,361.86,1125.94,537.37,1096.41,378.06,0.7818,1099.43,374.03,0.7285,1092.38,373.52,0.7484,1101.95,377.56,0.6281,1083.81,376.04,0.8194,1094.90,387.13,0.6801,1064.66,399.73,0.7966,1111.02,386.63,0.3347,1055.09,430.97,0.7481,1116.06,387.63,0.4704,1061.64,462.22,0.7349,1068.19,434.00,0.7313,1041.48,431.48,0.7011,1086.83,472.80,0.7305,1015.27,473.81,0.7198,1090.87,514.12,0.7925,982.01,500.52,0.7677
201,bottom,0,1026.69,665.51,1201.26,896.61,1136.14,687.86,1.0011,1135.00,685.59,0.6521,1136.71,684.45,0.7019,1125.91,691.84,0.7192,1145.80,692.41,0.7886,1108.29,720.82,0.8827,1162.28,724.23,0.9215,1096.36,757.76,0.8061,1171.94,762.31,0.7985,1074.77,790.15,0.8088,1165.69,787.88,0.6872,1116.82,783.90,0.7339,1150.91,785.04,0.7747,1077.61,819.70,0.8472,1175.92,824.82,0.8996,1052.03,871.98,0.8841,1190.69,878.23,0.9720
202,top,1,965.01,361.33,1138.25,539.35,1089.98,378.72,0.8573,1093.36,374.77,0.8091,1086.59,374.77,0.8478,1096.74,377.03,0.6885,1077.57,376.47,0.8174,1093.36,387.18,0.7311,1058.96,397.90,0.7792,1103.51,386.62,0.5294,1049.37,429.48,0.7557,1125.50,392.26,0.7461,1051.63,460.49,0.6882,1067.98,435.12,0.7840,1040.91,432.86,0.7431,1087.16,472.90,0.7760,1013.84,475.16,0.7565,1092.80,514.63,0.7957,980.01,502.79,0.7571
202,bottom,0,1012.81,667.61,1200.98,895.75,1122.82,687.96,1.0164,1120.98,684.90,0.7126,1124.04,685.51,0.6226,1113.63,691.64,0.6782,1130.17,694.09,0.7042,1095.25,721.65,0.9054,1147.32,723.49,0.9118,1086.07,755.95,0.8292,1148.54,757.79,0.7233,1054.21,781.68,0.7927,1114.86,757.79,0.3149,1108.73,787.19,0.7618,1142.42,788.42,0.8039,1064.01,816.59,0.9095,1168.15,825.78,0.9212,1037.06,866.82,0.9212,1189.58,877.24,0.9533
203,top,0,963.90,361.18,1146.63,541.50,1085.01,378.18,0.8594,1088.58,375.20,0.8850,1080.84,374.61,0.8211,1090.95,376.99,0.7524,1072.51,376.39,0.8339,1092.14,388.88,0.7593,1054.07,397.81,0.7935,1109.39,393.05,0.6166,1043.37,428.14,0.7700,1132.59,399.59,0.7873,1043.96,458.48,0.7690,1067.76,438.26,0.7857,1040.99,435.28,0.7413,1086.79,477.51,0.8064,1013.03,477.51,0.7856,1099.28,519.15,0.8147,978.53,505.47,0.7377
203,bottom,1,1010.43,665.20,1200.47,896.71,1102.98,686.93,0.8608,1102.36,683.22,0.5544,1102.36,683.22,0.5337,1094.32,689.41,0.7303,1113.49,690.64,0.7126,1080.09,717.86,0.8456,1127.10,719.10,0.8560,1070.19,751.88,0.7851,1133.91,753.74,0.6656,1033.07,764.26,0.8051,1101.74,748.17,0.2747,1098.65,788.38,0.7691,1128.34,789.00,0.8043,1051.63,810.03,0.8864,1159.27,827.97,0.8876,1035.55,865.71,0.9080,1188.34,878.08,0.9174
204,top,0,959.65,362.56,1152.67,542.84,1080.03,379.81,0.8714,1082.55,376.67,0.8771,1075.64,376.04,0.8211,1085.69,378.56,0.7552,1067.47,378.56,0.8779,1091.34,392.38,0.8020,1048.62,400.55,0.8187,1112.08,399.29,0.7241,1037.94,431.34,0.7907,1137.84,410.60,0.7504,1036.05,461.50,0.7569,1067.47,443.90,0.8035,1040.45,440.76,0.7584,1087.57,482.86,0.8539,1012.18,480.98,0.8092,1102.65,522.44,0.8394,975.10,511.76,0.7677
204,bottom,1,983.10,660.31,1200.60,893.64,1081.23,682.81,0.8211,1080.52,679.98,0.6159,1081.94,679.98,0.5978,1075.57,684.23,0.7574,1092.56,684.23,0.7780,1059.99,714.67,0.8394,1105.30,713.26,0.8762,1041.58,746.53,0.8497,1111.67,745.82,0.6700,1007.60,738.74,0.8874,1080.52,740.16,0.3334,1081.23,779.81,0.7805,1109.55,779.81,0.8027,1041.58,806.71,0.9190,1144.95,827.24,0.8748,1039.46,865.47,0.8986,1184.60,873.26,0.8611
205,top,1,958.92,366.16,1156.81,543.21,1072.68,383.18,0.8456,1075.90,379.96,0.8841,1068.82,379.32,0.8324,1079.77,382.54,0.8026,1062.38,381.90,0.8899,1090.08,398.00,0.8194,1044.98,403.80,0.8090,1113.27,409.60,0.7531,1032.74,431.50,0.7602,1139.03,421.19,0.7577,1029.52,461.13,0.7167,1068.17,448.89,0.7897,1040.47,446.31,0.7554,1088.14,483.67,0.8462,1009.55,483.67,0.7889,1102.31,522.32,0.8572,974.13,517.17,0.7473
205,bottom,0,973.89,655.66,1191.01,889.10,1059.12,676.96,0.8121,1057.00,674.84,0.6382,1061.24,674.84,0.5912,1055.59,679.79,0.7350,1072.55,680.50,0.8026,1043.57,708.77,0.7931,1081.03,704.53,0.8215,1018.13,734.92,0.8179,1057.00,716.54,0.5364,987.03,713.72,0.8529,1034.39,696.75,0.6473,1063.36,775.21,0.7836,1088.81,774.50,0.8005,1030.85,804.89,0.8826,1126.27,821.15,0.8342,1039.33,863.56,0.8722,1170.09,865.68,0.8870
206,top,1,955.84,365.71,1143.55,543.82,1065.58,385.11,0.8218,1068.63,381.44,0.8450,1061.30,381.44,0.7994,1074.13,384.50,0.7773,1055.19,384.50,0.8461,1084.52,402.83,0.7744,1039.30,405.88,0.7734,1109.57,418.10,0.6966,1027.69,435.21,0.7145,1133.40,433.99,0.7172,1022.19,464.54,0.6217,1066.80,450.49,0.7281,1038.69,449.27,0.6904,1087.58,485.32,0.8062,1009.97,487.76,0.7204,1102.24,522.59,0.8188,975.14,520.76,0.7111
206,bottom,0,967.48,646.14,1168.23,883.17,1038.45,669.90,0.7595,1037.14,667.29,0.6554,1040.41,667.29,0.5493,1034.53,674.48,0.7167,1050.86,675.13,0.6482,1022.77,703.23,0.7493,1054.13,694.74,0.7704,999.89,721.53,0.7670,1035.18,695.39,0.5433,978.98,692.78,0.8596,1020.15,667.94,0.5703,1044.98,769.88,0.7474,1069.82,765.96,0.7441,1025.38,807.13,0.8238,1105.10,813.01,0.7781,1040.41,864.64,0.8403,1144.31,860.72,0.8528
207,top,0,956.96,370.19,1118.60,545.14,1056.20,385.58,0.8276,1059.88,381.90,0.7898,1052.51,381.90,0.8163,1065.67,385.58,0.8246,1046.73,385.58,0.8024,1078.29,405.57,0.7742,1032.52,407.15,0.7464,1099.87,421.88,0.6522,1020.42,433.46,0.6788,1115.65,435.56,0.6054,1014.63,460.82,0.5382,1064.09,455.03,0.7153,1034.62,453.45,0.6751,1085.66,488.71,0.7781,1006.74,490.28,0.6968,1102.50,523.96,0.8336,976.75,527.11,0.8120
207,bottom,1,964.99,618.92,1137.62,882.01,1021.12,664.39,0.7413,1019.84,660.54,0.5707,1022.40,661.18,0.5138,1015.98,666.96,0.6976,1032.68,667.60,0.6266,1005.70,695.22,0.7503,1033.97,686.87,0.7273,988.36,709.35,0.7832,1021.76,669.53,0.6294,975.52,677.24,0.8398,1010.84,646.41,0.6747,1026.26,761.38,0.7278,1051.31,756.24,0.7208,1019.84,810.84,0.7766,1083.42,805.06,0.7671,1039.75,862.87,0.8210,1113.61,853.87,0.8257
208,top,1,956.37,366.66,1115.69,543.72,1045.88,384.66,0.8259,1050.03,381.03,0.7904,1042.25,380.51,0.7884,1055.74,383.62,0.7997,1036.55,384.14,0.7802,1068.70,403.85,0.7509,1023.58,404.89,0.7522,1088.93,425.63,0.7468,1011.14,432.37,0.7152,1102.93,448.97,0.6827,1003.36,458.82,0.6380,1057.81,454.67,0.6826,1028.25,452.60,0.6516,1081.15,489.94,0.7672,999.73,489.42,0.7295,1100.85,523.64,0.8447,975.35,526.24,0.8448
208,bottom,0,961.07,607.43,1106.91,879.06,1004.81,658.36,0.5503,1003.48,654.38,0.4017,1010.77,654.38,0.3955,996.85,659.69,0.5619,1012.10,658.36,0.5866,988.23,685.55,0.7333,1016.74,676.93,0.7018,978.28,700.81,0.7681,1022.05,657.70,0.5701,969.66,665.66,0.7887,1002.82,631.17,0.5979,1007.46,753.20,0.6908,1031.33,745.90,0.6764,1010.11,807.57,0.7612,1059.19,798.95,0.7224,1034.65,857.98,0.7850,1089.69,847.36,0.7981
209,top,0,955.24,364.94,1116.83,544.76,1036.04,380.68,0.8024,1039.72,377.00,0.7528,1031.83,377.00,0.7347,1045.51,380.16,0.7837,1026.57,380.16,0.7702,1058.66,401.72,0.7534,1012.89,401.20,0.7682,1074.96,425.39,0.7950,1000.27,428.02,0.7442,1083.38,450.64,0.7443,992.91,455.90,0.6830,1049.71,453.80,0.6695,1020.26,451.69,0.6558,1075.49,490.09,0.7526,991.33,486.94,0.7664,1100.21,523.23,0.8401,972.92,527.44,0.8647
209,bottom,1,949.77,620.31,1083.22,869.90,979.33,651.26,0.6791,976.28,648.83,0.4986,982.37,649.44,0.4062,970.19,651.26,0.6386,989.68,649.44,0.5228,963.48,679.29,0.6596,1000.65,664.06,0.6647,962.26,686.00,0.6096,1019.54,653.70,0.6765,964.70,647.61,0.6197,1001.26,628.11,0.7549,986.64,741.45,0.5914,1011.01,733.53,0.5971,997.61,801.16,0.7365,1039.65,791.41,0.6944,1019.54,850.52,0.7526,1067.68,843.21,0.7532
210,top,0,954.60,359.73,1114.54,544.51,1025.20,376.11,0.8084,1028.85,372.98,0.7438,1022.08,372.46,0.7629,1035.09,377.15,0.7683,1016.35,376.11,0.8009,1047.59,398.50,0.7694,1002.29,396.41,0.8181,1061.65,423.49,0.7726,989.28,425.05,0.7927,1068.94,449.52,0.7358,981.47,455.24,0.7122,1040.30,451.08,0.6760,1010.62,449.00,0.6935,1067.37,489.61,0.7407,984.07,485.96,0.7669,1097.05,522.93,0.8141,971.58,527.09,0.8763
210,bottom,1,905.70,614.53,1059.70,863.14,965.71,636.86,0.6401,965.71,633.83,0.4171,968.74,633.83,0.4866,955.39,638.08,0.5970,976.63,636.86,0.6159,942.04,662.96,0.6282,985.74,654.47,0.5818,920.19,675.10,0.5512,1010.02,656.89,0.6134,940.22,656.29,0.4871,989.99,631.40,0.6095,968.74,732.16,0.5797,993.02,724.27,0.6124,979.06,794.67,0.7059,1020.94,783.75,0.6639,1000.30,846.87,0.7250,1045.83,835.95,0.7678
211,top,0,954.16,358.51,1108.35,543.55,1014.69,376.75,0.8494,1018.70,372.73,0.7904,1011.18,372.73,0.7857,1024.23,375.74,0.8040,1005.15,375.24,0.7919,1037.28,395.32,0.7731,991.60,392.81,0.8414,1050.33,422.42,0.7682,978.55,421.42,0.8108,1055.34,449.52,0.7217,971.52,448.52,0.7196,1030.25,448.52,0.7093,1000.13,446.51,0.7550,1057.35,487.67,0.6995,977.04,483.66,0.7677,1087.47,521.80,0.7792,971.52,526.32,0.8746
211,bottom,1,872.49,610.99,1041.35,861.10,945.32,633.46,0.7438,942.88,631.01,0.5596,944.10,629.79,0.5414,939.22,635.90,0.6547,956.31,633.46,0.6242,925.17,663.38,0.6822,968.53,653.61,0.7216,883.65,654.83,0.5943,991.12,658.49,0.7140,895.25,646.89,0.4659,974.02,634.68,0.6790,951.43,727.50,0.6688,975.85,720.17,0.6889,957.53,789.78,0.7545,1003.94,777.57,0.7701,974.63,844.13,0.7792,1029.59,830.69,0.8413
212,top,1,951.62,355.88,1090.30,541.78,1003.71,373.03,0.8228,1007.35,369.86,0.7838,1000.08,369.86,0.7552,1013.70,373.49,0.7730,993.73,373.94,0.7476,1026.41,393.00,0.7475,981.48,391.19,0.8174,1040.93,419.78,0.7451,969.67,419.33,0.7916,1046.38,447.92,0.7254,960.60,446.10,0.6963,1020.05,446.10,0.6923,990.55,445.20,0.7421,1045.02,485.14,0.6818,968.77,482.87,0.7853,1069.52,519.18,0.7436,967.41,523.72,0.8584
212,bottom,0,820.20,608.20,1027.21,863.91,925.05,630.26,0.7728,923.03,628.91,0.6228,923.70,628.24,0.5529,921.01,634.98,0.7274,937.85,632.96,0.6612,906.18,658.56,0.7260,952.00,653.17,0.7774,865.75,649.80,0.6898,967.50,659.91,0.7682,840.82,627.57,0.7679,953.35,633.63,0.6249,936.51,725.27,0.7198,960.76,717.86,0.7514,931.11,785.25,0.7929,987.04,772.44,0.8411,942.57,843.87,0.8320,1014.00,827.03,0.8657
213,top,1,940.74,356.82,1067.37,542.10,993.20,372.56,0.8489,996.82,369.39,0.7897,989.58,368.94,0.8294,1003.60,373.01,0.8039,984.15,373.47,0.7744,1016.72,393.37,0.7524,971.48,392.46,0.8206,1033.00,420.06,0.7754,959.72,420.96,0.7996,1038.88,448.10,0.7285,949.77,450.37,0.7129,1011.29,444.03,0.6926,980.53,443.58,0.7355,1033.46,483.39,0.7205,958.82,480.22,0.7600,1050.19,520.48,0.7922,960.63,521.84,0.7985
213,bottom,0,794.65,608.54,1015.10,861.99,904.88,629.77,0.8151,903.44,628.34,0.7088,905.59,627.62,0.6090,903.44,633.36,0.7956,919.95,631.92,0.7322,890.52,659.91,0.7629,935.02,651.30,0.7960,846.03,650.58,0.6535,943.63,657.04,0.5589,813.74,629.05,0.8046,923.53,647.71,0.3750,921.38,727.37,0.7914,945.78,720.91,0.8044,906.31,782.63,0.8342,971.61,772.58,0.8771,910.62,844.34,0.8638,1001.76,823.53,0.8797
214,top,1,930.67,359.14,1047.61,540.21,983.39,374.97,0.8574,987.37,371.87,0.7760,979.86,371.87,0.8301,994.00,375.85,0.7870,974.11,375.85,0.8218,1007.27,394.86,0.7762,962.62,394.86,0.8125,1024.95,420.06,0.7976,951.12,422.71,0.8088,1031.14,449.67,0.7595,940.52,451.00,0.7283,1001.52,444.81,0.7219,971.46,444.37,0.7178,1023.18,483.27,0.7315,948.03,480.62,0.7368,1031.58,521.73,0.8410,950.24,522.17,0.7589
214,bottom,0,795.37,609.52,1002.56,862.73,890.87,631.58,0.8720,888.17,630.24,0.6149,890.20,630.24,0.5870,886.15,634.96,0.7327,900.99,634.28,0.6856,874.01,661.94,0.7635,917.17,653.84,0.8163,838.26,662.61,0.6036,916.50,665.98,0.4362,811.96,654.52,0.7243,882.10,663.96,0.3557,901.66,728.71,0.7728,928.64,722.64,0.8097,880.75,783.34,0.7976,957.64,773.22,0.8554,878.06,844.04,0.8131,990.69,821.78,0.8861
215,top,1,915.15,361.24,1032.56,546.56,972.04,379.70,0.8410,976.12,376.08,0.7799,968.43,376.08,0.7821,982.90,378.80,0.8356,963.90,379.25,0.8173,997.38,397.80,0.7702,953.49,398.70,0.7660,1017.29,422.23,0.7973,941.73,425.85,0.7724,1024.08,452.09,0.7316,929.97,453.90,0.7475,992.40,445.76,0.7089,962.54,444.40,0.6860,1010.50,484.67,0.7097,937.66,480.60,0.7177,1018.19,525.84,0.7923,931.33,521.32,0.7322
215,bottom,0,799.01,612.51,992.15,862.73,872.32,635.14,0.8608,869.17,632.62,0.6811,871.69,633.25,0.5719,868.54,637.65,0.7351,884.26,637.03,0.6613,856.60,667.20,0.8116,899.35,657.77,0.8583,820.13,678.52,0.6315,897.46,674.75,0.4590,808.82,681.04,0.6491,868.54,673.49,0.4136,882.38,730.70,0.7838,910.04,725.67,0.7963,854.71,785.40,0.8505,941.47,775.97,0.8583,844.02,846.39,0.8698,977.94,823.12,0.8682
216,top,1,886.47,365.72,1025.96,546.85,960.76,384.54,0.8124,964.39,380.91,0.7374,957.12,380.91,0.7316,971.65,382.73,0.8081,953.04,384.54,0.6987,988.00,401.80,0.7755,944.41,403.16,0.7450,1009.34,423.59,0.8096,932.60,428.59,0.7560,1017.06,453.56,0.7377,918.53,455.83,0.7164,984.37,449.02,0.7068,954.40,448.11,0.6789,999.35,485.80,0.7311,927.16,484.43,0.7299,1009.79,527.57,0.8160,908.54,525.30,0.7743
216,bottom,0,777.56,619.14,983.59,865.62,857.77,641.11,0.9551,855.76,639.10,0.6979,857.77,639.77,0.6446,851.07,645.13,0.7412,867.16,643.79,0.7284,836.31,675.32,0.8961,882.59,665.26,0.8998,810.15,700.80,0.8462,885.27,684.03,0.4802,808.14,718.24,0.6506,846.37,655.87,0.4484,863.81,740.37,0.8233,893.32,735.01,0.8381,829.60,789.33,0.8989,928.20,779.94,0.8945,809.48,849.69,0.8924,967.10,824.21,0.8659
217,top,1,866.21,369.78,1022.63,545.27,947.47,388.28,0.8271,951.03,384.20,0.7607,943.40,384.71,0.7583,959.18,386.24,0.8191,940.34,387.77,0.6718,977.51,405.59,0.7607,934.74,407.63,0.7480,1000.42,425.45,0.8141,924.05,430.03,0.7004,1010.61,453.45,0.7565,906.74,454.47,0.6119,974.97,453.45,0.7173,947.47,452.43,0.6834,993.30,492.66,0.7360,916.41,488.58,0.6890,1008.06,528.30,0.8368,887.39,522.19,0.7850
217,bottom,0,750.05,627.38,971.45,868.09,840.57,648.28,0.9914,839.13,646.84,0.6724,842.01,646.84,0.6778,832.64,651.88,0.7422,849.22,650.44,0.7678,818.23,687.19,0.9234,867.96,674.22,0.8924,806.70,722.51,0.8321,874.44,699.45,0.5183,811.02,746.29,0.6607,822.55,667.74,0.4143,844.89,749.18,0.8406,876.61,745.57,0.8396,808.14,798.18,0.9329,912.64,785.21,0.9416,778.59,852.96,0.8983,953.72,829.17,0.9471
218,top,1,847.23,373.28,1021.01,546.67,931.29,392.09,0.8149,934.68,388.13,0.7706,927.89,389.26,0.7814,943.73,389.83,0.8177,925.07,392.09,0.7053,962.97,408.50,0.7647,922.80,411.33,0.7710,988.42,426.60,0.8049,916.02,429.43,0.6458,1004.26,454.32,0.7880,905.27,437.35,0.6129,965.80,459.98,0.7495,939.21,458.28,0.7165,985.60,497.88,0.7434,903.57,491.66,0.7040,1008.22,528.43,0.8005,868.50,525.03,0.7839
218,bottom,0,730.27,638.09,958.06,877.25,823.40,659.79,1.0002,821.92,657.57,0.6590,825.63,656.82,0.6520,815.25,662.76,0.7551,833.04,661.27,0.7289,803.38,701.31,0.9434,851.58,686.48,0.8906,801.90,739.87,0.8014,859.74,717.63,0.5394,806.35,761.38,0.5034,801.90,687.23,0.3714,824.14,762.86,0.8628,856.77,760.63,0.8551,786.33,808.83,0.9576,896.81,794.74,0.9445,753.70,858.51,0.9331,940.56,831.82,0.9486
219,top,1,832.37,375.35,1023.87,547.91,911.91,391.81,0.8621,915.65,387.45,0.7859,909.42,388.70,0.8438,926.25,389.32,0.8473,908.79,392.44,0.6740,948.07,410.51,0.7583,908.17,414.25,0.8049,973.62,428.59,0.8038,898.20,432.33,0.6553,992.32,450.41,0.8099,867.65,432.33,0.6844,954.30,463.50,0.8037,927.50,461.63,0.8218,976.74,500.90,0.7818,891.34,494.04,0.7906,1007.91,526.46,0.8384,853.32,525.83,0.8313
219,bottom,0,723.97,649.74,941.56,885.52,805.85,672.71,0.9937,803.01,671.30,0.7318,807.26,670.59,0.6367,799.47,675.55,0.8076,817.18,674.13,0.7300,787.43,710.26,0.9244,835.60,701.05,0.8903,789.56,742.84,0.6768,845.51,735.05,0.7192,781.76,710.26,0.4542,812.93,710.26,0.2519,805.85,776.84,0.8806,837.72,774.71,0.8790,769.72,815.80,0.9464,877.39,803.75,0.9026,737.85,866.09,0.9697,921.30,840.59,0.9008
220,top,0,817.75,376.15,1022.10,548.09,893.32,392.94,0.8682,898.64,388.28,0.7968,892.65,388.95,0.8223,909.95,390.28,0.7989,891.32,392.94,0.5885,932.56,410.90,0.7689,891.32,416.22,0.8456,957.18,428.19,0.7991,876.69,434.84,0.8130,979.13,446.15,0.8166,851.41,424.87,0.8650,939.88,464.78,0.7900,914.60,464.11,0.8402,967.82,503.36,0.7756,879.35,496.04,0.8064,1005.07,524.65,0.8011,840.77,527.97,0.8504
220,bottom,1,723.86,657.83,914.64,883.49,790.68,682.47,1.0190,788.20,679.37,0.7320,791.30,679.37,0.6281,783.85,685.58,0.7866,803.10,684.34,0.6357,772.05,721.60,0.9208,820.49,707.32,0.9043,773.91,751.41,0.6680,819.87,735.26,0.5841,778.26,730.30,0.3516,791.30,721.60,0.5141,793.16,783.09,0.8547,825.46,781.84,0.8528,761.49,813.52,0.9322,854.65,814.76,0.8666,737.89,863.20,0.9811,895.64,851.40,0.9429
221,top,1,810.49,377.85,1017.63,547.84,877.65,394.74,0.8610,882.37,389.35,0.7790,874.95,390.02,0.8215,892.48,391.37,0.7257,872.25,394.07,0.6436,915.41,412.27,0.7668,871.58,420.37,0.8542,941.70,429.81,0.7780,849.33,433.18,0.8481,965.30,445.99,0.7993,829.10,419.69,0.8794,925.52,465.54,0.7949,899.90,466.22,0.8314,957.21,503.98,0.7518,864.16,498.58,0.7945,998.34,522.86,0.8032,830.45,530.95,0.7937
221,bottom,0,724.25,664.68,889.80,883.33,780.08,686.17,1.0043,778.46,683.47,0.7047,777.92,684.01,0.6140,771.45,690.48,0.8274,791.39,688.86,0.5988,760.68,727.66,0.9389,811.33,711.49,0.8896,766.07,763.77,0.6406,815.64,743.29,0.5931,773.07,781.55,0.3844,786.54,734.67,0.3886,787.08,785.86,0.7720,819.42,783.17,0.8030,757.44,814.96,0.8671,835.04,819.27,0.8237,737.50,862.38,0.9504,867.92,856.46,0.8851
222,top,1,778.71,381.59,1005.38,549.43,861.05,401.32,0.8677,866.22,396.89,0.7548,860.32,397.63,0.7921,876.55,398.37,0.7158,858.84,402.06,0.6093,899.42,416.81,0.8122,855.15,422.72,0.8952,927.46,433.05,0.8103,826.38,429.36,0.8441,953.28,449.28,0.8229,801.29,420.50,0.8740,910.49,467.72,0.8554,886.88,468.46,0.8927,942.95,507.57,0.7844,851.46,495.02,0.8479,981.32,514.21,0.8849,820.47,534.87,0.9554
222,bottom,0,724.33,665.99,884.87,883.81,772.69,687.15,0.9984,772.69,684.49,0.7186,769.50,684.49,0.6889,763.65,691.41,0.8289,782.26,688.75,0.7520,756.20,729.17,0.9025,805.13,712.15,0.8407,759.39,767.99,0.7542,823.21,748.84,0.8222,766.31,787.66,0.6596,801.41,761.07,0.4667,785.45,785.54,0.7145,816.30,782.88,0.7537,755.67,811.59,0.8623,828.53,817.98,0.7887,737.06,862.11,0.9256,862.56,857.86,0.8659
223,top,2,793.43,384.10,958.60,550.86,846.98,403.50,0.9288,851.82,399.20,0.7948,845.37,399.20,0.8487,862.57,400.81,0.7764,844.29,401.35,0.6060,883.54,419.63,0.7716,843.76,421.24,0.8458,913.11,434.68,0.7650,817.41,431.46,0.7632,941.07,451.35,0.8232,785.69,433.61,0.5709,898.60,470.17,0.7878,873.86,471.24,0.7971,930.32,512.64,0.7497,839.45,492.75,0.8047,966.34,508.34,0.7210,817.95,536.30,0.9021
223,bottom,0,724.79,663.77,883.58,883.81,768.73,685.15,0.9949,769.80,683.00,0.6996,765.51,683.54,0.7229,759.60,690.52,0.7677,777.86,686.76,0.7569,752.08,727.59,0.9065,802.04,709.32,0.8197,757.45,767.34,0.7641,827.82,741.55,0.8475,764.97,785.07,0.6282,814.93,761.43,0.7195,782.70,779.70,0.7198,813.32,776.47,0.7197,753.15,810.32,0.8757,829.97,813.54,0.7821,737.03,861.89,0.9203,863.28,857.06,0.8725
224,top,1,792.23,384.91,960.39,551.34,837.45,402.44,0.9138,840.73,398.06,0.8825,834.71,398.61,0.8423,852.77,399.16,0.8543,834.16,401.35,0.6793,871.93,418.32,0.7716,837.45,421.05,0.8353,899.85,435.83,0.6888,821.02,435.83,0.7290,927.22,453.35,0.7928,807.89,442.40,0.7667,889.45,470.32,0.7095,865.36,470.32,0.7362,915.72,516.30,0.7674,832.52,491.12,0.7936,946.37,504.80,0.8053,818.29,536.00,0.8563
224,bottom,0,725.27,660.23,880.62,882.98,768.14,681.88,0.9994,768.68,679.70,0.7154,765.42,680.25,0.7035,758.89,687.32,0.7842,777.38,684.05,0.7503,750.74,724.30,0.9169,801.31,705.26,0.8015,756.72,764.54,0.7384,831.76,733.00,0.8430,762.16,781.40,0.5840,819.26,759.10,0.8047,780.10,777.59,0.7418,811.64,774.33,0.7039,751.82,806.96,0.8844,836.66,808.59,0.8433,738.23,859.16,0.9268,864.39,855.36,0.8880
225,top,1,791.65,382.36,947.49,551.87,832.54,397.62,0.8874,836.09,393.05,0.8343,830.00,393.56,0.7875,847.25,395.59,0.8220,828.99,397.62,0.6347,866.02,414.36,0.7420,834.06,420.44,0.7972,892.90,433.13,0.6571,826.45,445.30,0.7130,916.24,453.93,0.7509,817.32,452.91,0.6350,883.27,467.11,0.6657,858.41,467.62,0.7013,905.59,513.79,0.7679,827.97,489.94,0.7741,931.97,503.13,0.8094,817.82,535.09,0.8581
225,bottom,0,726.39,657.72,880.90,881.60,769.76,679.48,0.9794,769.76,677.84,0.7157,767.03,677.84,0.6994,760.47,685.49,0.7857,779.05,681.66,0.7674,752.27,721.02,0.9196,802.55,702.43,0.8158,755.55,760.92,0.7558,834.80,725.94,0.8606,761.56,775.13,0.5769,823.32,756.00,0.8241,779.05,775.67,0.7590,810.75,772.40,0.7227,751.72,797.54,0.8838,842.45,803.00,0.8606,739.15,851.65,0.9214,864.86,853.83,0.9185
226,top,1,792.07,377.80,938.52,551.68,830.49,390.85,0.9106,834.31,387.03,0.8745,827.15,387.51,0.8689,843.84,390.37,0.8438,824.77,392.28,0.7425,860.53,407.53,0.7695,830.97,416.59,0.8217,886.27,427.56,0.7182,836.69,445.20,0.7361,906.29,449.96,0.7585,831.92,470.46,0.6211,879.12,463.31,0.6621,853.38,462.84,0.6958,900.10,510.03,0.7597,824.77,487.63,0.7880,923.93,502.88,0.8054,817.62,534.82,0.8598
226,bottom,0,724.59,655.95,886.86,877.61,771.09,677.49,0.9644,771.63,675.87,0.6779,768.39,675.87,0.6730,761.89,683.44,0.7371,780.83,679.66,0.7446,753.23,719.16,0.9118,804.64,700.22,0.8135,753.77,760.83,0.7610,836.57,724.57,0.8543,759.73,774.90,0.6261,826.83,753.80,0.8517,779.21,771.65,0.7597,810.60,769.49,0.7194,751.61,793.30,0.8872,847.40,801.42,0.8604,739.70,847.42,0.9303,866.88,853.37,0.9324
227,top,1,791.51,371.75,933.87,551.94,827.93,386.77,0.9662,832.10,382.60,0.9150,825.15,383.06,0.8997,841.83,385.84,0.9051,822.83,388.16,0.7228,857.59,402.99,0.7649,829.79,410.86,0.8151,884.47,420.60,0.7758,843.22,436.35,0.5426,896.98,441.91,0.7030,844.61,456.28,0.3003,876.59,460.45,0.6652,850.64,459.99,0.7086,896.52,505.40,0.7758,820.52,485.94,0.7983,920.62,504.48,0.7828,815.88,533.67,0.8596
227,bottom,0,721.99,656.28,893.10,875.54,773.57,677.35,0.9770,774.13,675.12,0.7323,770.78,675.67,0.7209,765.21,682.36,0.7689,782.48,679.57,0.7238,754.07,718.01,0.9013,806.43,700.18,0.8263,749.62,759.78,0.7508,836.51,728.03,0.8392,751.29,764.80,0.6690,828.71,755.88,0.8401,779.70,770.92,0.7758,812.56,768.70,0.7076,753.52,796.55,0.9069,848.77,801.56,0.8744,734.58,847.79,0.9449,872.72,852.80,0.9464
228,top,1,791.76,367.81,934.16,550.76,827.73,383.26,0.9390,831.44,378.63,0.9005,824.49,379.55,0.9076,840.71,381.41,0.8801,822.17,385.12,0.7620,856.47,399.49,0.7572,828.66,407.83,0.8255,883.82,416.17,0.7775,842.57,432.86,0.5666,890.31,437.03,0.6747,841.64,454.65,0.3614,875.02,457.43,0.6722,849.52,457.43,0.7060,895.88,501.93,0.7800,818.00,483.39,0.8115,919.98,507.03,0.8004,811.97,529.74,0.8475
228,bottom,0,716.05,657.11,899.32,875.35,777.26,677.94,1.0046,778.45,676.15,0.7254,775.47,676.15,0.6679,768.91,683.31,0.7648,787.40,681.52,0.6926,755.78,717.31,0.9244,808.28,703.59,0.8563,745.04,756.69,0.7978,833.93,734.02,0.8629,748.62,764.44,0.7661,830.95,760.86,0.7837,781.44,773.39,0.7909,812.46,770.41,0.7460,755.78,803.82,0.9109,851.24,805.01,0.8825,728.34,851.54,0.9591,879.27,853.93,0.9569
229,top,1,790.81,366.69,936.05,548.92,827.97,381.21,0.9438,831.75,376.48,0.9112,824.19,377.43,0.9091,840.73,379.32,0.8677,821.82,382.63,0.7650,856.34,397.76,0.7754,827.97,404.85,0.8374,883.29,415.25,0.7890,842.15,429.43,0.5639,877.61,436.05,0.6440,841.68,450.24,0.4061,872.41,456.38,0.6922,847.83,455.91,0.7229,894.16,500.83,0.7812,815.68,482.86,0.8151,921.58,509.81,0.7986,809.53,529.20,0.8612
229,bottom,0,715.41,660.80,905.74,876.26,782.69,679.93,1.0053,783.31,678.07,0.7128,783.31,677.45,0.6485,774.02,684.89,0.7837,793.84,683.03,0.7257,759.77,717.72,0.8974,812.43,708.43,0.8429,746.76,756.14,0.8225,832.26,738.79,0.8090,756.05,764.19,0.6920,836.60,764.19,0.7655,782.07,777.20,0.7687,813.67,775.96,0.7420,756.67,806.94,0.8700,853.32,807.56,0.8582,729.41,852.17,0.9191,882.44,853.41,0.9178
230,top,1,784.22,365.92,941.33,549.05,829.02,381.28,0.9254,832.60,376.17,0.9019,825.44,377.19,0.8575,841.30,379.75,0.8966,822.37,381.79,0.7936,856.64,398.16,0.8024,826.97,404.29,0.8746,880.68,417.59,0.8043,839.76,427.82,0.6046,865.33,426.80,0.5305,839.76,448.79,0.5095,870.96,456.46,0.7191,845.90,456.97,0.7576,890.90,499.93,0.7925,814.70,485.10,0.8424,924.15,513.74,0.8003,804.47,528.06,0.8354
230,bottom,0,715.51,662.36,905.67,876.26,789.54,682.03,0.9853,788.92,680.17,0.6710,792.02,678.93,0.6760,782.11,686.98,0.7814,800.07,684.50,0.8102,767.88,717.31,0.8775,819.88,710.50,0.8859,759.21,754.45,0.8531,832.26,742.07,0.8222,778.40,760.03,0.5664,840.92,764.98,0.8027,784.59,780.45,0.7820,815.54,779.83,0.7285,758.59,807.07,0.8930,857.64,802.74,0.8807,728.88,851.64,0.9347,879.92,855.36,0.9412
231,top,1,782.89,366.12,944.34,549.15,830.50,381.95,0.9500,834.18,377.22,0.9059,826.30,377.75,0.8646,842.07,380.90,0.8954,822.62,382.48,0.8373,856.78,399.30,0.8080,825.77,405.08,0.8731,877.80,421.90,0.8101,839.96,428.20,0.6013,858.88,422.95,0.5177,839.44,450.80,0.4758,869.39,458.68,0.7109,844.17,458.68,0.7439,888.84,502.83,0.7739,814.74,488.11,0.8015,925.63,517.55,0.7850,800.02,529.11,0.8275
231,bottom,0,715.45,659.67,904.99,876.51,800.35,681.10,0.9868,799.12,679.25,0.5464,800.35,677.39,0.7011,791.71,686.03,0.7379,810.22,682.95,0.7408,779.37,714.41,0.9066,828.12,710.09,0.8802,777.52,747.73,0.7987,833.05,740.33,0.8765,799.12,753.90,0.4795,847.86,762.54,0.8607,789.86,781.05,0.8388,819.48,781.05,0.7873,761.48,807.58,0.9077,866.37,798.32,0.9456,728.78,851.38,0.9576,881.18,856.94,0.9812
232,top,1,782.20,367.11,945.59,550.76,831.99,383.95,0.9807,836.24,379.16,0.9106,828.26,379.69,0.9025,843.69,382.88,0.9338,824.01,383.41,0.8817,857.51,402.03,0.8152,825.60,406.82,0.8734,875.60,425.96,0.8301,838.37,431.81,0.6128,856.98,424.90,0.5946,837.84,454.15,0.4746,867.62,463.19,0.7193,842.09,463.19,0.7539,887.30,506.80,0.7579,812.84,492.98,0.8133,926.66,523.29,0.7835,801.14,531.80,0.8367
232,bottom,0,715.31,657.83,909.81,875.84,814.46,678.19,0.9458,815.09,675.66,0.6337,814.46,675.66,0.6411,804.96,681.99,0.7851,823.32,680.09,0.7783,793.56,708.59,0.8988,839.78,708.59,0.8795,796.73,737.71,0.6460,837.25,740.24,0.8701,828.39,737.71,0.4439,860.68,759.87,0.8497,797.36,778.87,0.8672,827.12,778.23,0.8143,765.70,809.26,0.8940,879.67,796.59,0.9399,730.25,850.41,0.9312,882.20,856.74,0.9633
233,top,1,782.37,370.86,944.76,551.69,836.07,386.21,0.9317,839.77,381.99,0.8664,831.85,381.99,0.9053,846.65,385.69,0.9279,827.09,386.21,0.8762,859.33,405.77,0.7888,826.03,409.47,0.8695,874.66,427.97,0.7825,837.66,433.79,0.5927,855.63,429.56,0.6420,838.19,455.99,0.4401,866.73,466.56,0.7003,840.83,464.98,0.7440,886.29,509.91,0.7429,812.29,491.93,0.7942,925.41,526.82,0.7647,801.19,531.58,0.8288
233,bottom,0,718.97,654.07,912.46,879.66,831.46,673.64,0.8876,830.20,670.50,0.5905,833.35,671.13,0.6550,820.75,678.68,0.6915,837.13,677.42,0.6810,813.83,702.62,0.8806,850.36,707.03,0.8904,837.13,725.29,0.6492,844.06,739.15,0.8487,873.03,722.77,0.8083,873.66,756.79,0.8140,810.68,770.64,0.8427,837.76,772.53,0.8210,776.67,809.69,0.8733,891.30,798.98,0.9616,731.95,850.00,0.9162,883.11,859.45,0.9359
234,top,0,782.45,371.51,941.05,551.28,839.55,387.57,0.8953,844.20,383.44,0.8331,836.46,383.44,0.8558,850.39,387.57,0.8855,831.29,387.57,0.8744,864.33,407.70,0.7557,828.71,410.29,0.8340,878.27,429.39,0.7625,835.94,436.10,0.5877,857.11,435.07,0.5646,835.42,458.30,0.4389,868.98,467.07,0.6833,842.65,466.04,0.7078,886.53,511.47,0.7210,812.71,493.40,0.7723,922.16,525.93,0.7539,800.83,531.61,0.8128
234,bottom,1,725.23,650.88,936.16,881.86,855.41,669.56,0.8403,851.98,666.81,0.6140,853.35,666.81,0.7541,838.25,675.74,0.6078,847.17,673.68,0.7305,834.13,700.45,0.7763,858.16,707.32,0.8353,866.40,716.25,0.7218,854.04,742.34,0.8419,897.30,708.01,0.8367,887.00,753.32,0.8521,823.83,769.80,0.8439,848.55,772.55,0.8009,793.62,806.88,0.8019,900.04,803.44,0.8912,744.18,841.89,0.8952,884.94,863.18,0.9088
235,top,1,782.74,372.39,940.38,551.64,848.73,386.58,0.8505,852.84,382.99,0.8214,845.14,382.99,0.8060,858.48,387.10,0.8635,839.50,387.10,0.7935,872.34,406.59,0.7528,833.34,409.67,0.8220,886.19,429.17,0.7574,833.34,438.41,0.7519,867.72,437.90,0.6477,823.07,468.17,0.6650,873.88,467.66,0.6735,845.65,466.12,0.6717,890.30,511.28,0.7476,815.38,495.88,0.7551,919.55,529.24,0.7736,801.01,531.80,0.8378
235,bottom,0,743.62,648.65,929.46,881.87,870.42,669.68,0.8346,868.00,667.26,0.5167,868.60,666.65,0.7434,854.09,675.12,0.5058,864.37,674.52,0.7183,854.69,696.90,0.7410,869.21,702.95,0.8647,892.80,705.37,0.6533,864.37,742.88,0.8705,917.00,695.09,0.7523,900.67,750.74,0.8688,836.54,762.84,0.7867,857.72,766.47,0.7705,809.32,803.37,0.7673,906.72,807.00,0.9331,762.13,839.07,0.8759,886.15,864.47,0.8842
236,top,1,782.56,367.59,941.41,550.63,859.91,382.58,0.8926,863.02,378.96,0.8439,855.26,378.96,0.8227,868.71,383.09,0.8174,849.06,383.09,0.8431,882.67,403.26,0.7345,840.78,406.36,0.7648,898.18,425.50,0.7878,834.58,433.25,0.7599,881.12,436.36,0.6390,819.58,461.18,0.7152,880.60,462.21,0.6647,852.16,463.25,0.6674,897.66,505.65,0.7548,822.68,497.89,0.7327,918.87,533.06,0.7958,801.48,532.54,0.8135
236,bottom,0,767.49,644.56,962.88,882.52,887.45,666.86,0.6752,884.27,663.68,0.5309,883.63,663.68,0.6249,874.73,670.04,0.4828,876.64,671.32,0.6445,873.46,693.58,0.6106,880.45,702.48,0.7513,912.25,688.49,0.4381,876.00,742.55,0.8352,928.79,684.67,0.4526,913.52,748.91,0.8257,851.19,759.72,0.7625,869.64,762.90,0.7353,827.66,800.43,0.7463,910.34,809.97,0.8520,783.14,837.95,0.8401,886.81,863.39,0.7990
237,top,0,782.35,363.78,941.85,551.15,870.93,378.55,0.8943,874.56,374.92,0.8635,866.77,374.92,0.8429,879.75,378.55,0.8342,859.50,379.07,0.8294,893.77,399.32,0.7798,849.64,402.43,0.7647,911.42,423.20,0.7769,838.74,427.87,0.7392,895.33,430.99,0.6596,820.05,454.35,0.7349,889.10,459.02,0.6984,860.02,460.58,0.6762,905.71,500.56,0.7548,832.51,497.44,0.6966,920.25,532.23,0.8132,803.95,531.71,0.7817
237,bottom,1,792.23,642.17,965.54,882.71,905.90,664.96,0.8162,903.55,660.26,0.6061,901.78,662.02,0.7412,888.28,664.96,0.4364,893.56,669.66,0.6778,894.15,683.16,0.6458,892.98,699.61,0.8294,925.27,678.46,0.6583,887.10,738.95,0.8751,952.88,672.00,0.7046,923.51,746.58,0.8272,864.20,754.22,0.7543,880.06,758.33,0.7677,847.76,797.09,0.7408,911.77,811.77,0.8537,805.48,837.02,0.8605,885.93,864.62,0.8050
238,top,0,789.03,360.41,942.69,551.72,880.87,376.54,0.8439,884.37,372.54,0.7990,876.86,372.54,0.7833,890.37,377.04,0.7738,870.36,377.04,0.8120,903.37,395.54,0.7590,857.86,399.05,0.7422,921.88,418.55,0.7693,842.85,423.56,0.6991,906.38,429.56,0.6605,824.34,449.07,0.7258,897.37,454.57,0.7053,869.86,455.07,0.6734,912.88,498.08,0.7305,842.85,493.58,0.6371,924.88,531.10,0.7925,812.84,530.60,0.7426
238,bottom,1,819.41,637.76,992.90,883.48,919.96,656.23,0.7515,916.36,652.04,0.6163,913.96,654.44,0.6618,900.76,659.23,0.4271,907.36,664.63,0.6620,915.16,674.83,0.6475,904.96,695.23,0.7902,948.75,668.23,0.6824,895.96,734.82,0.8430,975.15,657.43,0.8079,930.75,743.82,0.7349,877.36,748.02,0.7113,888.76,752.22,0.7301,873.16,791.82,0.7072,912.16,811.61,0.7866,835.37,836.21,0.8313,886.36,863.21,0.8178
239,top,0,807.49,356.05,941.73,549.91,889.75,373.46,0.8927,893.54,370.15,0.8407,885.97,369.68,0.8212,899.22,374.88,0.8011,879.34,373.46,0.8348,912.00,393.82,0.7926,865.14,396.65,0.7466,930.46,415.59,0.8000,848.58,420.79,0.7215,920.99,428.84,0.6861,829.64,446.82,0.7563,906.32,453.45,0.7130,877.45,452.98,0.6960,920.04,495.10,0.7347,851.89,490.84,0.6818,926.67,530.60,0.8161,826.80,530.13,0.7624
239,bottom,3,852.20,627.72,1014.35,884.67,933.28,648.30,0.8105,930.14,645.79,0.6855,927.00,647.67,0.7715,920.73,654.57,0.5098,918.85,658.34,0.7554,932.02,667.74,0.6900,916.97,689.07,0.8136,965.90,658.96,0.7351,905.05,728.59,0.8572,994.13,646.42,0.8654,938.92,742.40,0.7198,893.13,742.40,0.7068,897.52,745.53,0.7613,893.13,786.93,0.7360,913.83,808.89,0.8411,866.78,835.24,0.8491,887.48,859.70,0.8826
240,top,0,821.53,356.31,943.37,551.74,897.72,371.96,0.8573,901.06,368.62,0.8158,893.90,368.15,0.7859,906.78,373.39,0.7799,886.74,372.44,0.8334,919.66,392.48,0.7889,872.43,394.86,0.7398,936.36,413.95,0.7769,854.30,419.67,0.7278,933.98,429.69,0.7661,836.65,447.35,0.7621,913.94,449.25,0.6970,884.84,448.30,0.6814,926.34,491.24,0.7054,861.46,487.42,0.6925,928.25,529.41,0.8159,842.85,528.93,0.7705
240,bottom,1,875.52,617.91,1035.94,883.38,945.36,645.65,0.7749,942.77,643.06,0.6516,939.53,644.36,0.7240,937.58,650.19,0.5175,931.10,656.02,0.7448,946.66,664.45,0.6936,928.51,684.54,0.7908,982.95,652.78,0.7446,913.60,724.07,0.8526,1015.36,636.58,0.8462,944.07,741.57,0.7231,916.84,740.93,0.7030,908.42,740.93,0.7464,919.44,792.13,0.6716,916.20,802.50,0.7836,900.64,840.74,0.7717,888.98,856.94,0.8693
241,top,0,837.83,356.12,950.43,552.80,905.17,371.39,0.8488,909.01,368.03,0.8354,901.33,367.55,0.7892,913.81,372.83,0.7682,894.13,371.39,0.8330,926.30,391.56,0.7767,880.20,393.48,0.7295,941.18,413.16,0.7822,862.44,419.41,0.7380,944.55,432.37,0.7614,846.11,447.26,0.7345,921.98,447.26,0.6807,892.21,446.30,0.6702,934.94,490.47,0.6870,872.52,485.67,0.7267,934.94,527.92,0.7796,857.64,532.24,0.7966
241,bottom,1,877.32,615.63,1055.25,883.73,957.12,643.64,0.7564,954.51,641.03,0.6327,951.23,642.34,0.6913,951.23,646.92,0.5159,942.72,653.46,0.7056,961.05,660.01,0.6993,938.14,682.26,0.7942,998.36,648.23,0.7165,922.43,719.57,0.8286,1033.71,631.21,0.7959,948.62,741.83,0.7441,935.52,742.48,0.7046,918.51,743.79,0.7452,942.72,786.34,0.7410,921.78,802.05,0.8122,936.83,838.70,0.8081,891.67,853.76,0.8674
242,top,0,848.24,355.94,958.59,555.79,912.69,371.94,0.8511,916.59,368.53,0.8534,909.27,368.04,0.8153,921.47,373.40,0.8004,901.95,371.94,0.8676,932.69,392.43,0.7871,886.83,393.90,0.7452,946.84,414.88,0.7597,869.26,422.20,0.7390,953.18,435.37,0.6923,855.60,452.45,0.6920,928.79,445.62,0.6766,899.02,445.62,0.6691,944.89,487.58,0.7239,882.43,488.55,0.7124,944.40,531.98,0.7461,867.80,533.93,0.7674
242,bottom,1,882.20,614.08,1069.88,884.12,968.79,643.62,0.7749,966.15,640.98,0.6412,962.86,641.64,0.7158,962.86,647.57,0.4958,955.60,652.85,0.7208,974.72,661.42,0.7027,947.69,682.51,0.7790,1010.32,648.23,0.7061,931.21,716.79,0.8048,1043.95,633.07,0.7841,949.67,740.53,0.7425,952.31,743.82,0.7192,930.55,744.48,0.7646,967.47,787.34,0.7385,928.57,801.84,0.8212,974.06,839.42,0.7505,895.61,851.94,0.8341
243,top,1,859.94,356.94,969.51,555.28,921.02,372.82,0.8391,924.89,369.44,0.8506,917.63,368.95,0.7919,929.25,373.79,0.8099,910.37,372.82,0.8400,939.91,393.16,0.7890,894.87,395.58,0.7749,952.50,417.37,0.7869,878.41,424.15,0.7739,962.66,442.07,0.7788,867.27,456.11,0.6921,935.06,448.36,0.7146,906.49,448.85,0.7130,954.43,487.59,0.7321,892.94,491.46,0.7484,956.85,528.26,0.7904,877.44,535.04,0.7974
243,bottom,0,886.79,620.01,1082.65,883.34,980.86,648.17,0.7799,978.93,644.96,0.6329,975.72,646.24,0.7140,973.79,651.39,0.4675,968.00,655.89,0.7210,986.00,665.53,0.6847,957.07,684.82,0.7772,1020.08,652.03,0.6312,938.43,716.32,0.8313,1052.22,637.24,0.7070,954.50,743.32,0.7731,966.72,745.25,0.7177,943.57,746.53,0.7492,986.65,790.89,0.7285,937.14,803.11,0.8021,1008.51,841.68,0.7410,900.50,850.68,0.8089
244,top,0,871.03,360.10,989.57,553.79,930.77,375.14,0.9139,934.55,371.83,0.8488,926.51,371.83,0.8572,938.81,377.03,0.8368,918.95,376.08,0.9050,947.32,395.47,0.8007,903.81,399.25,0.8151,958.20,420.06,0.8031,888.21,428.57,0.7788,971.44,445.12,0.8115,880.64,459.31,0.7008,941.17,451.74,0.7467,913.75,453.64,0.7410,964.34,488.63,0.7471,901.45,497.14,0.7736,972.38,528.35,0.8151,883.01,537.81,0.8687
244,bottom,1,892.87,630.20,1086.76,882.06,994.87,650.10,0.8165,992.97,647.58,0.6391,989.19,648.21,0.7022,989.19,653.89,0.3906,979.72,658.94,0.6984,997.39,670.93,0.7075,967.10,688.60,0.7768,1027.69,660.83,0.6769,947.53,717.63,0.8190,1057.35,648.21,0.7351,958.89,746.67,0.7504,981.61,750.45,0.6969,957.63,751.72,0.7490,1006.86,795.90,0.6757,948.16,806.63,0.8044,1034.63,847.65,0.6947,906.51,850.18,0.7669
245,top,1,872.20,361.26,1008.30,554.36,940.72,377.67,0.8887,944.49,374.37,0.8141,936.95,374.37,0.8204,948.74,380.02,0.7953,929.41,378.61,0.8719,955.34,398.88,0.7833,912.91,403.59,0.8098,964.77,421.04,0.7844,899.24,432.35,0.7741,979.38,446.02,0.7987,894.99,463.47,0.7369,947.32,454.98,0.7173,920.45,457.34,0.7210,974.19,489.40,0.7226,906.31,500.24,0.7513,988.34,530.41,0.8238,883.21,537.48,0.8596
245,bottom,0,901.77,635.87,1087.98,882.50,1007.00,656.74,0.7890,1005.18,654.32,0.6852,1002.15,654.92,0.6589,1004.57,659.77,0.4574,992.45,664.02,0.6449,1008.21,677.96,0.6881,978.51,693.11,0.7598,1034.88,670.08,0.5996,955.47,719.78,0.8004,1062.76,660.38,0.6365,959.72,748.27,0.7564,997.90,755.55,0.6387,974.87,756.76,0.6762,1030.03,803.43,0.6591,963.35,811.92,0.6366,1052.46,858.59,0.6446,914.86,850.11,0.5570
246,top,1,872.34,363.84,1017.66,552.59,951.15,379.22,0.8648,954.46,375.91,0.8177,946.89,375.43,0.7922,958.72,381.11,0.8337,939.80,380.64,0.8412,964.87,400.50,0.7850,924.66,406.65,0.7889,972.44,422.26,0.7753,913.31,436.93,0.6985,988.52,446.39,0.8009,910.94,469.09,0.6083,954.93,457.74,0.6968,927.50,459.63,0.6814,985.21,490.38,0.7397,910.47,501.73,0.7796,999.40,531.54,0.8499,883.50,536.74,0.8214
246,bottom,0,909.99,642.05,1093.25,885.45,1017.73,665.32,0.8021,1015.94,661.74,0.7009,1012.95,662.34,0.6451,1015.34,666.51,0.5810,1001.62,671.29,0.6664,1019.52,686.80,0.7360,987.90,698.73,0.8074,1043.38,682.62,0.5408,964.04,724.38,0.8426,1064.85,679.04,0.4764,964.04,754.80,0.7761,1017.13,764.34,0.7411,989.69,766.73,0.7475,1049.94,808.49,0.8364,977.16,824.00,0.7893,1064.26,866.35,0.8720,926.46,849.65,0.7807
247,top,1,872.63,366.71,1026.89,553.49,963.82,380.76,0.8495,966.83,377.75,0.8135,959.80,376.74,0.7838,970.85,382.27,0.7479,951.77,381.26,0.8904,974.87,401.35,0.8440,937.71,407.88,0.7980,980.89,422.44,0.7790,927.67,440.52,0.7017,998.47,445.03,0.8096,924.65,473.66,0.6678,964.83,461.61,0.7132,938.71,464.62,0.6776,995.46,490.23,0.7627,919.13,504.79,0.7474,1002.99,530.90,0.8599,886.49,535.42,0.7671
247,bottom,0,921.34,644.65,1094.17,885.14,1027.13,670.95,0.8006,1026.54,666.25,0.7105,1023.02,667.43,0.6524,1025.96,671.54,0.5922,1011.86,673.89,0.6269,1027.72,692.09,0.7433,1000.71,702.07,0.7920,1047.09,696.20,0.5273,973.70,729.08,0.8228,1069.99,691.50,0.5901,969.00,760.20,0.7541,1030.65,767.24,0.8024,1003.64,770.77,0.7745,1061.19,806.58,0.8838,996.01,828.89,0.8268,1063.53,867.06,0.8659,941.41,850.03,0.7772
248,top,1,872.96,366.63,1031.92,554.91,977.28,383.15,0.8650,980.90,379.53,0.8381,972.62,379.01,0.7993,985.04,384.18,0.7310,964.34,382.11,0.8642,985.56,403.33,0.8501,950.89,409.54,0.7699,991.76,425.06,0.7765,941.57,445.24,0.6902,1010.39,446.79,0.8348,940.02,479.91,0.7021,974.69,464.91,0.7270,951.40,468.53,0.6560,1005.22,493.88,0.7829,931.74,510.44,0.6708,1004.70,530.62,0.8606,891.38,534.24,0.7711
248,bottom,0,940.40,644.60,1094.30,885.94,1037.97,668.05,0.8497,1036.20,663.33,0.7518,1033.84,664.51,0.7035,1033.84,668.05,0.5505,1023.83,670.99,0.6739,1030.90,692.80,0.7655,1010.28,701.63,0.8162,1040.33,711.06,0.5928,984.35,731.10,0.8416,1065.66,712.24,0.7381,976.10,765.86,0.7781,1037.38,767.63,0.8000,1012.63,771.75,0.7888,1066.25,806.52,0.9149,1014.40,830.67,0.8526,1064.48,867.80,0.9189,956.66,850.12,0.8081
249,top,1,879.42,369.51,1036.12,553.48,990.93,384.98,0.9073,994.50,380.90,0.7984,986.34,380.90,0.8477,998.07,386.00,0.7177,977.15,384.47,0.8426,995.52,406.92,0.8710,964.40,412.02,0.8073,1001.64,429.87,0.7150,954.71,448.74,0.7118,1023.06,453.33,0.6806,954.20,481.39,0.7137,984.30,468.13,0.7823,962.36,472.21,0.6884,1012.35,496.69,0.7546,944.51,518.12,0.7471,1006.23,531.38,0.8416,900.64,529.34,0.7765
249,bottom,0,961.74,639.76,1094.40,886.34,1043.72,664.92,0.8403,1043.12,660.11,0.7510,1040.71,661.31,0.6866,1042.52,665.52,0.5281,1029.88,667.93,0.6356,1037.10,691.41,0.7926,1017.24,699.84,0.8247,1037.70,719.71,0.6133,993.76,729.34,0.8509,1056.37,727.53,0.6893,986.53,769.67,0.7871,1041.92,764.25,0.7837,1019.64,770.27,0.7617,1067.20,803.99,0.8692,1031.08,824.46,0.8499,1064.79,865.99,0.9316,976.30,846.13,0.8180
250,top,1,902.16,373.05,1046.22,550.20,1005.14,388.00,0.8998,1007.95,384.25,0.7464,1000.45,384.25,0.8135,1010.77,388.94,0.5723,990.60,388.47,0.8392,1006.08,410.98,0.8775,977.47,415.20,0.7852,1014.52,435.37,0.7976,967.15,450.37,0.7177,1035.62,457.88,0.7930,968.09,483.67,0.6852,992.01,470.07,0.7680,972.78,473.35,0.6680,1019.21,502.43,0.8206,966.22,522.59,0.7624,1007.95,532.44,0.8176,919.32,524.93,0.7883
250,bottom,0,975.50,634.13,1095.15,885.47,1047.60,657.94,0.8034,1047.60,653.03,0.7053,1045.14,653.65,0.6425,1045.76,659.17,0.4959,1037.78,662.24,0.6062,1039.01,689.24,0.7229,1023.67,697.83,0.7763,1034.10,721.76,0.5306,1002.19,729.12,0.7900,1048.21,740.17,0.5878,996.67,770.24,0.7589,1042.69,759.80,0.6691,1022.44,765.33,0.6494,1062.94,802.14,0.7791,1043.30,813.80,0.7661,1064.78,863.51,0.8376,993.60,847.55,0.7472
251,top,1,921.76,378.39,1048.86,548.47,1016.45,393.26,0.8366,1019.78,389.94,0.7655,1012.72,389.52,0.7878,1022.27,394.50,0.5697,1002.34,392.84,0.7821,1016.45,416.92,0.8090,990.30,419.42,0.7212,1027.25,443.91,0.6794,979.50,452.63,0.6639,1049.26,468.00,0.7607,983.24,484.61,0.6741,999.02,471.32,0.6671,979.09,475.06,0.5912,1024.34,504.95,0.7763,983.65,525.30,0.6928,1008.98,531.94,0.6903,939.22,525.30,0.6809
251,bottom,0,995.08,629.21,1096.35,883.13,1051.91,652.64,0.8212,1052.53,647.68,0.6924,1050.05,648.30,0.6704,1040.14,653.88,0.5791,1045.72,656.98,0.5990,1032.08,684.88,0.6355,1033.94,692.32,0.7294,1025.26,720.83,0.4988,1013.48,726.41,0.7563,1043.24,753.69,0.4254,1009.14,767.33,0.7529,1035.18,758.03,0.4724,1030.22,759.89,0.5880,1055.01,803.28,0.5882,1056.25,805.76,0.6174,1011.62,854.74,0.5358,1066.79,857.84,0.5808
252,top,2,970.48,381.93,1063.77,546.70,1028.39,397.54,0.8308,1030.40,393.92,0.7680,1023.56,393.92,0.7263,1033.62,397.94,0.5154,1013.51,397.13,0.6933,1026.78,420.47,0.7433,1001.84,422.88,0.7519,1038.05,449.43,0.6864,989.37,456.67,0.7041,1060.17,473.57,0.7126,997.42,486.04,0.6928,1004.66,472.76,0.6427,987.36,475.98,0.6472,1028.79,507.36,0.6729,1003.45,523.05,0.5710,1009.48,532.70,0.6124,964.03,525.86,0.6161
252,bottom,0,1002.40,626.65,1096.79,877.94,1056.96,649.84,0.8596,1056.96,644.93,0.7342,1055.73,645.54,0.7095,1041.62,650.45,0.6511,1052.66,654.13,0.6615,1031.19,678.67,0.6844,1040.39,689.10,0.7324,1020.76,717.94,0.5526,1020.76,724.69,0.7447,1025.67,752.91,0.4124,1019.53,765.79,0.7474,1033.64,754.13,0.5333,1031.19,756.59,0.6204,1057.57,797.69,0.7318,1054.50,803.83,0.7045,1064.32,853.52,0.7157,1029.96,859.04,0.6948
253,top,1,966.75,385.42,1074.72,547.68,1037.38,401.58,0.8176,1039.75,398.02,0.7796,1032.23,397.62,0.7693,1043.72,402.37,0.5932,1023.51,401.19,0.7414,1036.58,424.95,0.7243,1010.83,425.75,0.7329,1046.88,454.27,0.6457,1000.53,458.23,0.6824,1069.07,478.44,0.5943,1010.83,486.36,0.6086,1010.83,474.87,0.5922,993.40,477.64,0.6539,1033.42,507.75,0.6113,1020.34,515.28,0.5012,1009.65,533.10,0.5025,981.52,531.52,0.6211
253,bottom,0,1001.35,626.22,1093.39,882.62,1059.89,649.26,0.8241,1060.52,643.00,0.7002,1059.26,643.63,0.6765,1043.61,649.26,0.6898,1059.26,651.76,0.7129,1032.35,674.92,0.7336,1049.87,686.19,0.7357,1024.21,715.61,0.5570,1028.59,723.75,0.7608,1034.85,750.67,0.4122,1029.22,763.19,0.7255,1020.45,747.54,0.5412,1026.09,750.04,0.6260,1057.39,793.86,0.6551,1057.39,800.74,0.7543,1059.89,846.44,0.6981,1053.00,864.59,0.7892
254,top,1,986.03,387.73,1087.66,571.29,1046.70,404.22,0.7865,1049.39,400.64,0.7917,1042.67,401.08,0.7156,1051.63,405.12,0.5828,1032.36,404.22,0.7375,1045.81,427.97,0.7719,1019.37,428.42,0.7759,1054.32,456.65,0.6570,1011.30,462.03,0.7417,1076.73,480.85,0.6217,1025.64,488.92,0.6109,1017.57,476.82,0.6378,999.20,479.06,0.6989,1037.29,509.98,0.6253,1030.57,513.57,0.5631,1013.54,532.39,0.6090,999.65,544.49,0.7324
254,bottom,0,1004.02,627.00,1093.30,887.08,1061.36,648.46,0.8028,1061.99,643.38,0.6849,1061.36,644.65,0.6452,1045.48,648.46,0.6661,1061.36,651.63,0.6753,1032.78,675.13,0.7255,1055.01,687.19,0.7392,1024.53,713.86,0.5045,1035.96,724.66,0.7248,1034.69,748.15,0.3530,1037.86,762.12,0.6647,1018.18,748.79,0.5715,1028.97,751.96,0.6099,1058.18,793.87,0.5774,1059.45,802.76,0.7073,1055.64,843.40,0.5886,1053.10,869.43,0.7079
255,top,1,992.96,391.50,1093.35,577.36,1055.41,405.93,0.8123,1058.13,402.30,0.8188,1050.87,402.75,0.7452,1060.85,407.74,0.5715,1041.34,406.38,0.7572,1054.95,430.43,0.7030,1028.63,429.98,0.7127,1061.76,459.47,0.6647,1021.83,464.46,0.7474,1083.54,482.61,0.6046,1039.98,490.33,0.5442,1023.19,480.80,0.5216,1007.31,481.71,0.6586,1043.15,511.66,0.4643,1039.07,508.93,0.5479,1010.48,530.71,0.6190,1020.46,550.68,0.6277
255,bottom,0,1005.85,627.22,1089.89,887.65,1063.76,649.98,0.7941,1063.13,644.26,0.6674,1063.76,644.89,0.6713,1045.33,649.98,0.6919,1063.13,652.52,0.6933,1033.25,676.68,0.7528,1059.31,689.40,0.7635,1023.07,714.83,0.5085,1044.05,726.28,0.7448,1031.34,745.99,0.2829,1045.96,765.06,0.6428,1018.62,754.25,0.6173,1035.79,758.07,0.6466,1049.14,791.13,0.6378,1065.67,807.66,0.7705,1043.42,838.82,0.7826,1054.86,869.34,0.7368
256,top,1,998.27,393.32,1097.05,575.70,1064.13,408.37,0.8087,1066.80,404.80,0.7925,1060.12,404.80,0.7823,1069.92,409.26,0.5652,1050.33,408.37,0.7560,1062.80,431.08,0.7242,1038.31,431.97,0.7420,1067.25,459.13,0.6884,1033.85,464.47,0.7293,1088.18,482.73,0.6145,1052.11,488.07,0.4986,1033.41,480.50,0.5401,1016.49,482.28,0.6715,1047.66,512.56,0.5028,1046.77,511.23,0.6123,1013.37,527.26,0.6741,1044.09,558.43,0.6173
256,bottom,0,1001.01,627.54,1088.63,887.37,1064.48,649.62,0.7843,1063.85,645.18,0.6241,1065.12,645.18,0.6925,1047.99,650.25,0.7024,1063.85,652.79,0.7116,1032.77,675.63,0.7771,1063.85,690.85,0.7872,1014.37,712.42,0.7380,1047.99,727.01,0.7482,1004.85,741.60,0.7049,1052.43,768.87,0.7008,1017.54,751.75,0.6682,1036.57,756.82,0.6641,1046.72,784.73,0.7073,1068.92,806.93,0.7948,1034.67,834.85,0.8569,1054.97,867.83,0.7857
257,top,1,1002.01,398.34,1103.16,578.58,1073.70,411.90,0.7967,1075.47,408.82,0.7862,1069.30,407.94,0.7635,1078.55,413.66,0.5652,1059.18,412.34,0.7697,1070.18,436.54,0.7493,1047.74,436.54,0.7667,1074.15,462.06,0.7173,1045.98,469.10,0.7430,1093.07,484.06,0.6613,1068.42,488.46,0.5016,1039.38,483.62,0.5372,1026.18,485.38,0.6682,1047.30,514.86,0.4608,1056.54,514.42,0.6745,1018.26,527.62,0.6707,1065.34,562.83,0.6655
257,bottom,0,988.25,626.18,1089.21,886.57,1064.80,648.31,0.8307,1064.16,644.49,0.6178,1065.43,644.49,0.7793,1047.63,649.58,0.7207,1064.80,650.85,0.7718,1033.01,673.73,0.7900,1065.43,688.36,0.8212,1011.40,708.70,0.7769,1051.45,724.59,0.7861,997.41,737.94,0.7857,1060.35,765.91,0.7443,1018.39,750.02,0.7007,1037.46,754.47,0.6934,1042.55,786.26,0.7510,1068.61,805.96,0.8444,1029.20,832.66,0.8696,1055.26,866.36,0.8007
258,top,1,1010.76,403.10,1113.04,581.22,1082.78,418.23,0.8000,1084.08,415.19,0.7552,1078.43,414.32,0.7596,1087.13,419.97,0.4987,1067.99,418.23,0.7609,1076.69,439.98,0.7867,1057.56,442.15,0.7965,1080.17,464.33,0.7747,1059.30,473.02,0.7257,1097.13,485.63,0.7377,1084.08,492.16,0.5922,1047.55,488.68,0.6331,1036.68,490.42,0.7331,1051.47,518.25,0.4808,1062.77,522.60,0.6960,1022.77,530.42,0.7399,1084.95,568.26,0.6835
258,bottom,0,980.10,622.38,1089.79,886.28,1066.51,645.44,0.8220,1065.22,641.58,0.6049,1066.51,641.58,0.7907,1047.83,647.37,0.6872,1065.22,648.66,0.7891,1032.37,671.21,0.7850,1066.51,684.74,0.8386,1007.88,704.07,0.7654,1052.34,721.47,0.8313,989.84,733.07,0.8212,1066.51,758.84,0.7595,1018.84,749.18,0.6971,1040.10,753.69,0.6825,1036.88,787.83,0.7709,1064.58,805.87,0.8367,1024.63,833.58,0.8699,1054.27,865.79,0.8215
259,top,1,1013.51,406.68,1122.38,593.88,1091.25,424.42,0.8291,1093.08,421.22,0.8329,1086.68,420.30,0.8024,1095.82,425.33,0.5454,1076.17,423.96,0.8033,1084.85,445.44,0.7820,1067.03,448.18,0.7810,1086.23,468.75,0.7183,1072.06,479.72,0.7150,1102.22,491.14,0.6294,1097.65,497.08,0.6350,1056.52,495.71,0.6269,1046.46,498.00,0.7193,1058.80,524.05,0.4716,1072.97,534.10,0.6948,1027.73,535.47,0.7415,1099.02,575.24,0.6988
259,bottom,0,974.29,620.14,1090.35,885.49,1067.30,642.03,0.8169,1066.01,638.80,0.5851,1066.65,638.80,0.7846,1049.81,643.98,0.6765,1065.36,644.63,0.7804,1032.32,667.30,0.7838,1066.65,681.55,0.8423,1006.40,697.10,0.7815,1054.99,717.18,0.8520,985.67,725.61,0.8297,1071.84,752.82,0.8232,1017.42,744.39,0.7136,1037.50,749.58,0.7132,1033.61,787.15,0.7883,1060.82,802.70,0.8350,1023.90,834.44,0.8751,1053.70,863.60,0.8329
260,top,1,1015.27,414.86,1135.01,602.48,1098.96,430.80,0.8654,1100.79,427.60,0.8119,1094.84,427.14,0.7983,1103.54,432.64,0.5662,1084.30,430.80,0.8007,1090.72,452.79,0.7324,1076.52,455.54,0.7961,1093.01,475.69,0.6346,1085.22,485.31,0.7219,1111.33,502.26,0.4782,1110.87,504.09,0.6935,1064.15,501.34,0.6043,1055.90,503.63,0.7345,1067.36,531.57,0.5095,1082.47,539.36,0.7221,1032.54,541.65,0.7236,1110.87,583.79,0.7160
260,bottom,0,969.79,617.33,1092.15,884.17,1069.40,638.69,0.8301,1069.40,634.78,0.6056,1067.45,634.78,0.8090,1053.12,640.65,0.6851,1066.14,641.30,0.7927,1032.27,664.10,0.7685,1066.14,678.43,0.8485,1004.26,692.77,0.7880,1057.68,714.26,0.8430,981.45,720.78,0.8600,1075.92,748.79,0.8278,1015.33,740.97,0.7126,1033.57,746.19,0.7245,1032.92,783.97,0.7696,1056.37,800.26,0.8337,1023.80,832.83,0.8674,1053.77,860.84,0.8467
261,top,1,1019.87,422.84,1146.47,605.80,1105.95,440.17,0.8760,1106.84,436.60,0.7853,1101.93,436.60,0.8006,1109.08,440.17,0.5278,1090.76,439.72,0.8124,1098.36,459.82,0.6956,1085.40,462.06,0.7709,1100.59,484.39,0.5279,1096.12,488.41,0.6926,1121.14,507.62,0.4522,1118.90,507.17,0.7149,1072.00,508.07,0.5618,1062.17,510.75,0.6997,1076.47,538.89,0.5201,1091.66,538.89,0.7332,1038.95,547.82,0.7070,1113.99,588.03,0.7483
261,bottom,0,967.11,614.89,1098.04,881.53,1070.98,636.89,0.8323,1070.98,632.99,0.6108,1069.68,632.99,0.8115,1054.06,638.85,0.6844,1067.73,639.50,0.8083,1032.57,660.98,0.7564,1067.07,674.65,0.8412,1003.93,688.32,0.7843,1061.22,713.06,0.8534,979.84,716.96,0.8595,1081.40,746.26,0.8208,1012.39,735.84,0.6987,1029.32,741.70,0.7208,1032.57,781.41,0.7510,1052.75,797.03,0.8150,1023.46,830.88,0.8587,1052.10,856.92,0.8415
262,top,1,1026.24,428.39,1155.68,606.03,1113.95,447.39,0.8491,1114.82,443.48,0.7751,1109.18,443.48,0.7794,1116.98,446.09,0.4640,1097.47,446.95,0.7693,1103.97,466.04,0.5886,1093.13,469.51,0.6703,1102.67,489.89,0.3505,1106.58,492.49,0.5756,1113.95,509.41,0.2604,1132.60,511.14,0.5694,1078.39,513.74,0.5054,1066.24,516.78,0.6569,1079.69,548.44,0.5364,1099.20,535.43,0.6771,1044.99,551.48,0.6396,1115.25,587.04,0.6826
262,bottom,0,963.35,614.41,1100.83,876.30,1073.01,636.66,0.8588,1073.01,633.47,0.6315,1071.09,632.83,0.8266,1055.11,637.94,0.7066,1068.53,639.22,0.8259,1032.09,659.04,0.7405,1067.25,674.39,0.8310,1002.04,686.53,0.7893,1065.34,712.75,0.8477,978.38,713.39,0.8635,1084.52,744.72,0.8305,1009.71,733.21,0.6915,1026.33,738.96,0.7209,1032.73,776.04,0.7392,1051.27,793.31,0.8121,1023.78,827.19,0.8543,1047.43,854.05,0.8244
263,top,1,1036.48,435.20,1151.41,605.15,1119.26,455.03,0.8704,1120.09,450.88,0.7560,1115.11,451.30,0.8070,1121.75,452.96,0.4585,1103.91,455.45,0.7721,1103.08,471.21,0.4997,1099.34,474.53,0.6336,1104.32,494.03,0.2895,1113.03,496.11,0.6138,1105.57,508.97,0.2592,1134.61,512.70,0.7163,1081.50,517.68,0.4708,1069.88,519.76,0.6474,1085.65,555.44,0.6089,1105.98,535.53,0.7039,1049.14,552.54,0.6578,1115.52,586.97,0.7133
263,bottom,0,960.91,614.75,1103.97,873.11,1073.44,637.34,0.8589,1073.44,634.18,0.6242,1072.18,634.18,0.8131,1056.41,638.60,0.7374,1069.65,640.49,0.8351,1032.44,658.78,0.7347,1068.39,675.18,0.8317,1001.53,686.53,0.7968,1068.39,714.92,0.8475,976.30,713.03,0.8750,1087.32,745.20,0.8363,1007.21,730.69,0.6907,1022.98,737.63,0.7192,1032.44,769.16,0.6702,1049.47,791.24,0.8034,1022.98,820.89,0.8490,1042.53,852.43,0.8267
264,top,1,1040.76,442.29,1145.99,605.03,1126.35,459.69,0.8397,1127.55,455.72,0.7560,1122.38,456.11,0.7991,1128.34,458.50,0.4459,1110.46,459.69,0.7594,1107.28,473.99,0.5056,1103.71,476.77,0.5638,1112.05,493.86,0.2793,1114.83,498.23,0.4617,1131.92,514.92,0.1838,1133.51,517.30,0.4846,1084.63,519.29,0.4106,1071.13,520.48,0.5807,1090.99,562.20,0.6443,1108.08,534.39,0.6411,1056.03,555.44,0.5997,1116.02,586.83,0.6644
264,bottom,0,958.75,618.13,1107.10,877.13,1074.03,640.13,0.8680,1074.03,636.97,0.6346,1072.77,636.97,0.8213,1056.33,642.03,0.7446,1069.60,643.29,0.8522,1032.30,661.00,0.7283,1070.24,678.70,0.8390,1000.68,688.82,0.8010,1070.87,718.54,0.8576,974.12,714.75,0.8734,1089.84,748.26,0.8117,1003.84,729.92,0.6906,1020.28,737.51,0.7008,1030.40,765.34,0.6345,1047.47,791.26,0.7779,1020.91,817.19,0.8132,1038.62,852.60,0.8186
265,top,1,1046.34,441.12,1143.65,605.17,1130.64,461.46,0.8577,1132.24,457.46,0.7343,1126.63,457.46,0.8152,1134.24,458.66,0.4430,1114.62,460.26,0.7958,1105.41,471.88,0.5596,1107.01,479.49,0.6623,1101.40,493.90,0.3045,1111.81,509.92,0.6443,1106.61,517.13,0.2229,1129.84,524.34,0.6380,1084.98,515.53,0.4120,1072.96,517.13,0.6055,1094.99,563.59,0.6360,1110.21,535.16,0.6402,1060.55,557.58,0.6069,1115.82,587.22,0.6698
265,bottom,0,957.84,622.21,1108.24,879.21,1073.82,644.68,0.8717,1073.82,641.54,0.6235,1073.20,641.54,0.8227,1055.63,645.93,0.7706,1070.06,647.81,0.8698,1032.41,664.75,0.7533,1070.06,682.95,0.8599,998.53,692.99,0.8139,1072.57,723.73,0.8600,972.18,718.71,0.8928,1091.39,753.85,0.8155,1001.67,731.89,0.7106,1019.24,740.67,0.7164,1027.39,765.77,0.6224,1045.59,794.00,0.7887,1019.24,815.96,0.7964,1035.55,854.86,0.8291
266,top,1,1051.92,438.74,1142.66,605.53,1131.90,460.24,0.8475,1133.53,456.17,0.7777,1127.83,456.58,0.8350,1135.16,457.80,0.5008,1116.02,459.02,0.7914,1111.54,470.42,0.5432,1105.84,479.38,0.6696,1109.92,494.04,0.3884,1102.59,511.96,0.6996,1114.39,523.36,0.3171,1122.13,529.06,0.6668,1089.15,513.59,0.4582,1073.27,515.62,0.6412,1096.48,562.04,0.6620,1109.92,535.98,0.6252,1063.90,557.56,0.6714,1115.62,586.48,0.7031
266,bottom,0,954.87,628.82,1110.59,880.75,1073.33,650.84,0.8813,1073.33,647.77,0.6445,1072.71,647.77,0.8409,1054.87,652.07,0.7622,1069.02,653.30,0.8751,1031.50,669.91,0.7450,1068.40,688.36,0.8612,996.44,696.97,0.8205,1074.56,730.80,0.8338,969.99,722.19,0.9058,1093.01,759.09,0.8145,1000.75,736.95,0.7320,1017.35,744.95,0.7114,1025.35,768.93,0.6410,1048.11,798.46,0.7865,1014.89,815.68,0.8077,1034.58,856.89,0.8273
267,top,1,1054.64,433.78,1140.01,605.53,1130.87,455.92,0.8794,1132.97,451.73,0.7689,1127.52,451.73,0.8498,1134.65,453.82,0.4944,1115.78,454.66,0.7740,1117.04,467.24,0.5566,1103.20,476.89,0.7307,1106.55,491.56,0.4375,1093.97,509.17,0.7254,1104.46,514.20,0.3974,1109.91,530.56,0.6367,1089.36,509.59,0.4815,1073.01,511.69,0.6977,1099.01,556.97,0.5835,1110.33,536.43,0.6420,1067.14,555.30,0.6888,1114.94,586.74,0.7271
267,bottom,0,949.59,637.22,1113.24,878.51,1072.07,658.31,0.8649,1072.07,654.77,0.6577,1070.89,655.36,0.8131,1052.04,659.48,0.7434,1066.76,661.84,0.8656,1027.88,677.75,0.7102,1065.59,696.60,0.8260,993.13,701.90,0.7954,1075.01,736.07,0.7956,965.44,724.29,0.8582,1095.04,764.93,0.8139,999.61,744.32,0.7195,1016.10,750.80,0.6716,1027.29,776.72,0.6546,1058.52,795.57,0.7936,1013.16,820.31,0.8128,1039.08,852.12,0.7857
268,top,1,1059.08,428.29,1139.39,606.45,1129.25,449.52,0.9183,1131.43,445.60,0.7695,1125.34,445.60,0.8474,1133.60,447.34,0.4631,1114.46,448.21,0.7651,1116.20,460.83,0.5656,1101.85,471.70,0.7544,1106.20,487.79,0.4716,1087.93,503.45,0.7752,1103.59,509.11,0.4206,1096.19,528.68,0.6159,1090.54,505.19,0.5495,1072.71,506.93,0.7406,1105.33,550.43,0.5719,1109.24,537.81,0.6258,1071.84,552.17,0.6870,1115.33,586.53,0.7519
268,bottom,0,944.38,643.52,1114.85,876.36,1068.84,665.01,0.8240,1068.27,661.03,0.5955,1068.27,661.60,0.7756,1050.65,664.44,0.7482,1064.86,668.42,0.8330,1023.93,682.06,0.7088,1063.72,703.66,0.7919,990.39,705.94,0.7822,1074.52,740.61,0.7618,961.40,725.83,0.8363,1095.55,770.74,0.8010,998.35,750.84,0.7029,1014.84,756.53,0.6258,1030.18,777.56,0.6034,1065.99,791.20,0.7848,1014.27,820.76,0.7929,1046.10,845.77,0.7593
269,top,1,1060.39,425.77,1140.06,605.84,1124.84,442.82,0.8840,1127.04,438.87,0.7377,1120.89,438.87,0.7750,1129.24,441.94,0.4819,1111.21,442.38,0.6810,1116.93,456.89,0.5890,1097.15,466.56,0.7838,1109.46,480.19,0.5254,1083.96,500.86,0.7088,1112.09,491.18,0.4609,1089.67,533.39,0.6437,1092.75,501.74,0.5859,1072.53,503.49,0.7396,1108.58,542.62,0.6062,1108.14,539.55,0.6419,1074.28,550.10,0.6755,1115.17,587.47,0.7637
269,bottom,0,939.61,645.89,1105.64,865.59,1066.94,668.72,0.7863,1066.40,664.94,0.4830,1067.48,666.02,0.6755,1050.73,667.10,0.7971,1064.78,672.50,0.7653,1022.63,684.39,0.7364,1063.16,706.01,0.7844,987.49,709.80,0.7873,1075.05,747.09,0.7600,957.23,731.42,0.8501,1093.43,779.52,0.8303,996.68,754.12,0.6899,1016.14,757.90,0.6162,1025.87,777.90,0.6264,1066.94,786.54,0.7707,1013.44,819.51,0.7966,1055.59,839.51,0.8370
270,top,1,1060.98,420.70,1139.90,605.10,1119.80,435.92,0.8788,1122.05,431.86,0.7592,1115.74,431.41,0.7328,1125.65,437.27,0.4994,1106.74,435.92,0.6659,1117.55,454.82,0.6669,1092.78,460.23,0.8202,1114.84,474.63,0.6355,1078.38,492.19,0.6780,1118.90,488.14,0.5953,1079.73,528.20,0.5895,1096.39,496.69,0.6204,1074.78,498.04,0.6816,1113.04,539.46,0.6161,1107.64,534.51,0.6918,1079.28,549.81,0.7151,1115.29,587.18,0.8012
270,bottom,0,938.17,647.89,1099.40,858.80,1062.34,669.90,0.8050,1063.39,666.22,0.4435,1066.02,667.80,0.6168,1048.70,668.32,0.7846,1065.49,674.62,0.7605,1020.36,686.17,0.7616,1064.97,708.21,0.8302,985.19,715.03,0.7614,1073.89,750.20,0.7945,955.80,737.60,0.8537,1089.11,786.41,0.8087,994.12,753.87,0.7242,1020.36,757.54,0.6333,1007.76,779.59,0.6214,1062.34,782.21,0.7908,1012.48,820.52,0.7824,1065.49,837.84,0.8427
271,top,0,1059.28,413.80,1138.18,605.26,1114.62,429.13,0.8896,1116.96,425.39,0.7899,1110.42,424.92,0.7870,1120.23,431.47,0.5894,1102.00,429.13,0.7548,1116.02,447.83,0.7618,1088.45,455.31,0.8068,1114.16,467.93,0.7825,1071.15,487.09,0.7494,1124.44,487.56,0.7851,1066.01,517.47,0.6349,1097.80,495.04,0.7159,1078.16,497.84,0.7038,1115.09,538.97,0.8112,1106.21,535.70,0.7271,1081.44,552.06,0.7363,1115.56,587.59,0.7997
271,bottom,1,935.88,650.37,1092.74,864.63,1056.69,669.62,0.8540,1057.73,667.53,0.5309,1060.35,668.57,0.5725,1045.70,669.62,0.7818,1062.44,676.42,0.7523,1017.45,688.45,0.7944,1064.53,710.42,0.8543,985.02,719.31,0.7533,1071.33,753.32,0.7842,956.25,744.42,0.8497,1080.75,788.36,0.7876,994.96,754.36,0.6829,1022.16,758.55,0.6642,999.14,781.56,0.6227,1056.16,788.36,0.7779,1003.33,821.84,0.7638,1076.56,841.72,0.8782
272,top,1,1053.27,406.95,1139.55,605.90,1107.58,420.94,0.8199,1110.50,417.54,0.8253,1103.21,417.54,0.7795,1114.38,422.88,0.7346,1095.44,421.91,0.8116,1112.44,441.34,0.7146,1083.78,447.66,0.7389,1111.47,463.20,0.7205,1064.35,478.25,0.7299,1126.52,486.51,0.7020,1058.53,511.28,0.6875,1095.92,492.34,0.6529,1076.01,495.25,0.6362,1115.84,536.54,0.7954,1103.21,532.65,0.6849,1084.75,555.97,0.6797,1115.35,585.59,0.7136
272,bottom,0,937.40,652.41,1091.93,866.04,1050.13,673.17,0.9053,1051.70,671.08,0.5460,1049.61,671.61,0.6114,1041.27,673.69,0.7571,1057.95,679.95,0.7100,1013.10,692.47,0.8094,1061.61,712.81,0.8755,982.85,725.85,0.7877,1066.82,754.01,0.7739,954.17,753.49,0.8413,1073.08,791.04,0.7855,996.93,758.18,0.7053,1024.05,762.88,0.6769,994.33,782.18,0.6722,1053.78,796.78,0.7524,987.02,825.99,0.8062,1079.34,843.72,0.8818
273,top,1,1046.53,401.32,1141.32,606.23,1102.43,415.23,0.8297,1105.43,411.23,0.8908,1097.93,411.23,0.8127,1108.93,416.23,0.8036,1089.92,414.73,0.8334,1107.93,435.74,0.7509,1078.42,440.24,0.7301,1109.43,460.25,0.6961,1057.90,466.76,0.7508,1125.94,484.77,0.6758,1050.40,501.28,0.6556,1094.92,490.27,0.6324,1074.91,492.77,0.6138,1112.93,534.79,0.7873,1097.93,532.79,0.6805,1083.92,556.81,0.6628,1113.43,585.32,0.6983
273,bottom,0,935.14,654.59,1090.80,866.14,1042.92,675.66,0.9293,1044.99,673.60,0.5985,1042.92,673.60,0.6665,1033.11,677.21,0.7061,1049.64,681.34,0.7713,1006.25,697.87,0.8666,1055.84,714.40,0.9062,979.40,732.47,0.8323,1061.52,755.20,0.8077,951.51,760.36,0.8645,1066.17,788.77,0.7692,998.51,762.43,0.7034,1026.91,767.08,0.6871,986.63,786.19,0.7590,1052.22,801.17,0.8186,970.10,831.64,0.8531,1078.56,845.07,0.8890
274,top,1,1036.67,394.59,1140.15,602.08,1097.02,409.18,0.8508,1100.06,406.14,0.8873,1092.46,405.63,0.8114,1104.11,410.19,0.8488,1084.86,409.68,0.8657,1105.63,430.45,0.7855,1070.17,433.49,0.7273,1108.67,458.32,0.7462,1051.43,459.33,0.7673,1127.42,484.66,0.7098,1041.30,490.74,0.7409,1092.97,486.68,0.6357,1073.21,488.71,0.6192,1109.68,530.76,0.7918,1091.45,530.76,0.7274,1081.32,558.62,0.6450,1111.20,583.44,0.6971
274,bottom,0,933.19,656.08,1091.65,864.15,1032.54,677.07,0.8924,1033.06,674.49,0.5761,1033.57,675.00,0.6032,1020.67,679.13,0.6470,1040.28,682.74,0.7770,996.43,702.34,0.8377,1049.05,713.69,0.8952,975.28,737.42,0.8493,1054.20,754.44,0.7819,944.85,761.66,0.8879,1057.82,785.39,0.7340,997.46,768.37,0.7048,1028.41,772.50,0.7230,976.83,787.97,0.8128,1054.20,802.93,0.8464,959.81,835.94,0.8805,1079.48,846.78,0.8928
275,top,1,1026.73,389.42,1139.28,599.47,1090.70,405.22,0.8525,1094.29,402.14,0.8745,1086.59,401.63,0.8209,1098.90,405.73,0.8514,1079.42,405.22,0.8487,1103.01,427.27,0.7827,1064.03,428.29,0.7154,1108.65,457.52,0.7593,1045.06,455.99,0.7484,1127.11,483.68,0.7186,1033.26,486.76,0.7259,1090.18,483.68,0.6388,1069.16,486.24,0.6325,1105.06,530.35,0.7849,1086.59,530.35,0.7283,1079.42,560.09,0.6614,1106.08,579.58,0.7226
275,bottom,0,915.60,656.35,1091.44,866.28,1020.69,676.03,0.8670,1020.12,672.02,0.6004,1023.55,673.74,0.5901,1008.67,678.31,0.6989,1027.56,682.32,0.7770,987.49,704.07,0.8612,1038.44,710.94,0.9021,965.74,738.42,0.8445,1042.44,748.72,0.7892,932.54,760.17,0.8801,1046.45,778.48,0.7924,992.64,773.33,0.7489,1025.27,775.05,0.7882,966.31,789.93,0.8657,1051.03,803.10,0.8772,954.29,841.45,0.9134,1079.07,845.45,0.9042
276,top,1,1021.81,385.80,1134.94,585.99,1085.71,401.34,0.8452,1089.62,397.92,0.8556,1081.80,397.92,0.7866,1094.50,401.83,0.8254,1074.46,401.83,0.8145,1100.86,423.82,0.7955,1058.34,423.82,0.7180,1107.70,453.15,0.7665,1040.25,450.70,0.7643,1124.81,480.52,0.7518,1027.54,481.01,0.7301,1087.17,480.03,0.6386,1064.20,482.96,0.6169,1100.86,526.95,0.7879,1082.29,526.95,0.7483,1078.86,561.16,0.6618,1096.46,571.92,0.6900
276,bottom,0,898.38,654.50,1091.38,876.54,1006.82,674.42,0.7880,1005.56,671.28,0.5874,1010.58,672.54,0.5345,994.88,676.93,0.7458,1014.35,680.70,0.7799,973.52,704.58,0.8321,1025.03,708.98,0.8644,950.27,739.13,0.8282,1029.43,746.04,0.7908,916.97,756.72,0.8851,1035.09,781.23,0.6960,987.97,776.20,0.7264,1020.01,776.20,0.7530,955.93,792.53,0.8431,1045.77,805.10,0.8476,953.41,847.82,0.8840,1078.44,845.31,0.8656
277,top,1,1015.06,381.79,1128.44,593.96,1081.08,397.23,0.8463,1084.70,394.12,0.8755,1076.93,393.60,0.8043,1089.36,397.75,0.8171,1070.20,397.75,0.8398,1097.13,420.54,0.8061,1053.62,419.50,0.7327,1105.42,450.58,0.7837,1036.01,445.40,0.7466,1119.92,476.48,0.7899,1022.03,473.89,0.7431,1083.15,478.55,0.6615,1060.36,481.14,0.6449,1096.10,524.13,0.7815,1076.41,522.06,0.7446,1077.97,560.91,0.6523,1089.88,571.27,0.7353
277,bottom,0,875.49,652.59,1088.98,882.51,990.58,673.73,0.8490,991.97,671.65,0.6429,993.36,673.04,0.6045,979.46,676.51,0.7715,998.92,679.29,0.8331,957.92,704.31,0.8383,1010.73,705.70,0.8794,933.59,736.28,0.8530,1014.90,740.45,0.8215,898.84,754.34,0.9175,1025.33,769.63,0.7249,979.46,774.50,0.7395,1010.73,772.41,0.7692,948.19,800.91,0.8549,1038.53,806.47,0.8447,955.83,851.64,0.8658,1074.67,841.21,0.8895
278,top,1,1008.84,378.21,1122.22,585.34,1074.63,392.27,0.8499,1078.68,389.23,0.8685,1071.09,388.73,0.7933,1084.75,393.28,0.8445,1065.02,392.77,0.8116,1093.34,415.53,0.8261,1049.35,413.00,0.7580,1101.94,444.86,0.7574,1032.16,438.79,0.7614,1114.08,472.16,0.7298,1018.50,468.12,0.7617,1077.67,474.69,0.6543,1054.91,476.71,0.6200,1088.29,519.19,0.7419,1068.56,518.69,0.7492,1078.68,560.15,0.6914,1078.68,568.24,0.7081
278,bottom,0,857.22,655.92,1078.53,885.55,975.08,673.48,0.8379,975.08,672.76,0.6551,977.96,673.48,0.6000,964.27,677.08,0.7907,983.00,678.52,0.8233,942.66,705.18,0.8045,994.53,705.18,0.8309,917.44,733.99,0.7943,1000.29,737.60,0.7842,881.42,751.28,0.8875,1019.02,764.97,0.7233,968.59,772.90,0.7437,998.13,769.29,0.7555,943.38,811.08,0.8317,1031.27,808.20,0.8388,958.51,863.67,0.8697,1065.13,844.22,0.8732
279,top,1,1008.43,369.31,1116.73,585.21,1068.91,386.07,0.8428,1073.13,382.90,0.8432,1065.75,382.38,0.8330,1079.98,387.12,0.8734,1059.95,386.59,0.8369,1088.94,410.31,0.8190,1044.66,407.68,0.7624,1097.37,437.72,0.7848,1028.32,433.51,0.7797,1107.39,464.08,0.8014,1016.20,463.03,0.8049,1072.07,470.93,0.6910,1049.41,471.99,0.6562,1081.03,514.68,0.7525,1061.00,513.63,0.7552,1078.40,560.01,0.7560,1068.91,565.81,0.7854
279,bottom,0,847.64,656.88,1068.35,887.56,959.43,676.66,0.8618,959.43,675.22,0.6419,960.15,675.94,0.6278,949.37,679.54,0.8124,968.77,680.97,0.8488,929.26,707.56,0.8284,980.27,706.84,0.8421,904.83,734.86,0.8335,990.32,737.01,0.7492,869.62,750.66,0.9062,1003.98,753.54,0.6444,958.71,775.81,0.7909,988.17,770.78,0.7993,940.75,816.76,0.8503,1019.06,808.86,0.8792,959.43,867.06,0.8993,1051.39,850.53,0.9089
280,top,1,1006.60,366.52,1105.54,580.16,1063.37,382.06,0.8503,1067.55,378.93,0.8620,1060.25,378.41,0.8423,1074.33,383.11,0.8675,1054.51,382.06,0.8450,1084.76,406.06,0.8188,1038.34,403.45,0.7701,1093.11,433.18,0.7833,1023.73,431.09,0.7698,1098.84,457.17,0.7918,1013.82,461.34,0.7694,1065.46,465.00,0.6782,1041.99,464.47,0.6580,1073.81,510.90,0.7513,1050.33,506.72,0.7712,1076.94,559.40,0.8105,1055.55,558.88,0.7792
280,bottom,0,840.08,656.48,1049.22,888.66,946.01,676.58,0.8601,946.69,675.21,0.6447,946.01,675.21,0.5905,936.48,680.66,0.7350,953.50,681.34,0.7434,916.74,709.25,0.8268,966.44,706.53,0.8426,899.04,737.17,0.8392,982.78,738.53,0.8371,865.68,751.46,0.9020,975.97,742.61,0.5215,946.69,775.97,0.7602,975.97,769.85,0.7851,938.52,818.86,0.8035,1002.52,810.69,0.8839,958.95,865.84,0.9154,1030.43,859.03,0.8596
281,top,1,1002.91,363.97,1097.74,579.22,1057.68,379.63,0.8011,1061.89,375.95,0.8277,1054.00,375.95,0.8149,1068.72,380.16,0.8444,1048.75,379.11,0.7992,1079.75,403.28,0.7896,1031.93,400.13,0.7575,1087.64,429.03,0.7489,1019.85,427.98,0.7558,1091.31,454.26,0.7275,1011.96,458.99,0.7222,1060.31,460.56,0.6475,1035.61,458.46,0.6375,1068.72,507.33,0.7267,1040.87,502.60,0.7308,1072.40,556.20,0.8041,1040.87,556.20,0.7440
281,bottom,0,841.53,656.15,1017.25,888.65,932.82,674.59,0.7462,929.96,672.30,0.5384,930.53,672.30,0.5024,924.24,677.45,0.7266,940.83,678.59,0.6440,907.08,705.48,0.8071,953.99,703.19,0.8090,899.07,739.22,0.8109,970.57,735.22,0.8592,863.61,751.81,0.8622,953.99,732.93,0.5452,933.97,775.83,0.6935,961.99,770.11,0.7329,935.11,820.45,0.8043,984.87,811.87,0.8320,958.56,867.92,0.8271,1006.04,864.49,0.8282
282,top,0,998.76,364.78,1090.43,576.18,1051.30,378.61,0.8015,1055.43,375.51,0.8391,1047.69,375.51,0.8090,1062.14,380.16,0.8534,1042.01,379.64,0.7952,1074.01,402.35,0.7999,1026.01,399.77,0.7732,1082.78,428.67,0.7610,1015.17,427.64,0.7590,1083.82,453.44,0.7484,1007.95,457.57,0.7360,1055.95,460.67,0.6505,1030.66,458.60,0.6446,1064.72,506.09,0.7262,1031.69,502.99,0.7138,1066.79,553.57,0.8134,1024.46,554.60,0.7602
282,bottom,1,842.36,653.16,988.48,890.51,920.63,672.17,0.6680,916.00,669.85,0.5254,920.06,669.27,0.4799,913.68,675.07,0.6986,929.91,675.07,0.5733,899.19,705.20,0.7969,940.34,698.83,0.7585,898.04,740.55,0.7780,953.08,730.70,0.7727,863.27,751.56,0.8050,929.91,726.64,0.4444,920.06,772.42,0.6738,946.71,766.62,0.7054,928.75,823.41,0.8066,965.25,813.56,0.7779,954.82,867.45,0.8515,978.00,868.03,0.7962
283,top,0,994.51,363.41,1083.71,572.35,1044.72,379.12,0.8458,1049.31,376.06,0.8632,1041.15,376.06,0.8422,1055.94,381.16,0.8732,1035.54,380.65,0.8134,1067.67,403.61,0.7991,1020.75,401.06,0.7839,1077.37,429.11,0.7747,1010.03,428.60,0.7715,1077.37,454.62,0.7623,1001.36,458.19,0.7821,1051.35,460.74,0.6678,1025.34,459.21,0.6617,1060.53,508.18,0.7268,1020.75,505.12,0.7271,1060.53,550.01,0.8450,1007.99,548.99,0.7949
283,bottom,1,841.70,651.11,965.11,887.81,902.25,670.64,0.6881,902.25,667.75,0.6623,903.40,667.75,0.5157,907.45,674.68,0.7013,919.58,674.11,0.5649,893.00,706.47,0.7352,927.10,697.22,0.7584,897.05,742.87,0.7608,927.10,724.96,0.4805,861.22,751.54,0.7590,891.85,705.89,0.4610,908.03,775.24,0.7073,934.03,769.46,0.7292,916.12,823.78,0.7214,941.54,817.42,0.7450,949.06,864.81,0.7910,951.95,863.07,0.6347
284,top,0,979.62,367.78,1077.42,571.25,1037.46,382.08,0.8177,1041.93,378.61,0.8412,1033.98,378.61,0.8108,1048.88,383.08,0.8130,1028.52,382.58,0.7863,1061.30,405.43,0.7597,1015.11,403.44,0.7342,1071.24,431.26,0.7574,1004.18,431.76,0.7292,1071.24,455.60,0.7702,993.74,460.57,0.7273,1046.90,463.55,0.6491,1020.57,463.06,0.6449,1057.33,509.25,0.7020,1010.63,509.25,0.7039,1058.32,550.48,0.8382,991.26,542.04,0.7492
284,bottom,1,838.03,652.41,950.95,900.25,888.44,672.26,0.7320,892.07,669.23,0.6859,889.05,669.23,0.5766,899.94,677.10,0.6928,905.99,675.89,0.4866,887.23,708.56,0.6976,910.22,698.88,0.6463,893.28,746.07,0.7353,892.07,707.95,0.4692,856.98,752.12,0.6849,870.89,698.27,0.5530,900.54,775.12,0.6260,919.90,772.09,0.6160,903.57,827.76,0.5111,917.48,825.34,0.5682,930.80,870.11,0.5694,928.98,871.93,0.5704
285,top,0,963.35,367.99,1072.04,569.64,1030.49,384.14,0.8539,1034.43,380.69,0.8527,1026.56,380.69,0.8224,1041.82,385.12,0.7907,1021.14,385.12,0.7965,1055.11,407.77,0.7568,1007.85,406.78,0.7442,1064.95,435.34,0.7532,998.00,433.86,0.7319,1063.97,461.43,0.7611,987.66,462.41,0.7189,1041.82,466.35,0.6164,1014.74,466.35,0.6057,1054.62,511.15,0.7068,998.49,510.17,0.6671,1057.08,552.01,0.8107,976.83,539.21,0.7043
285,bottom,1,826.21,656.05,939.79,919.56,875.93,675.22,0.6820,880.43,672.65,0.6429,877.21,672.01,0.5890,888.15,682.30,0.6395,892.01,680.37,0.4882,878.50,713.18,0.7119,895.23,704.82,0.6433,886.22,751.78,0.7336,877.21,711.25,0.5016,850.84,753.71,0.7031,856.63,692.59,0.5857,890.08,780.09,0.6266,906.16,777.51,0.5793,884.93,830.27,0.4887,899.09,827.69,0.5011,910.67,875.30,0.5736,910.02,877.23,0.5480
286,top,0,943.61,368.83,1072.67,569.01,1021.82,385.34,0.8749,1026.22,381.92,0.8529,1018.40,381.92,0.8229,1034.04,386.81,0.8238,1013.02,387.30,0.7926,1047.24,409.29,0.7880,1000.81,408.32,0.7508,1056.52,436.66,0.7508,990.54,436.17,0.7150,1056.52,464.03,0.7367,979.79,463.54,0.6914,1036.48,469.41,0.6535,1007.65,469.41,0.6190,1050.17,510.95,0.7108,985.17,511.44,0.6148,1057.01,551.51,0.8002,961.22,539.30,0.6861
286,bottom,1,823.38,661.85,913.67,926.93,863.34,682.43,0.7658,867.87,679.20,0.6993,863.99,678.55,0.6479,877.58,687.61,0.6776,871.76,686.32,0.4650,871.11,719.32,0.7309,879.52,710.91,0.6420,876.93,759.45,0.7215,862.05,710.91,0.6151,843.28,756.21,0.7097,842.63,688.91,0.7145,874.35,785.98,0.6680,894.41,784.68,0.6365,858.81,836.46,0.6152,886.64,837.10,0.6377,894.41,878.52,0.6026,894.41,891.47,0.6655
287,top,0,931.14,371.77,1072.26,568.31,1013.22,386.07,0.8491,1017.05,382.71,0.8420,1009.86,383.19,0.8175,1024.25,387.51,0.8034,1004.10,387.51,0.7852,1038.65,410.06,0.7911,992.58,409.10,0.7483,1047.76,436.93,0.7525,982.03,435.49,0.7271,1049.20,464.76,0.7558,970.51,463.32,0.6892,1029.05,469.08,0.6501,1000.26,469.08,0.6091,1044.89,508.91,0.7177,975.31,509.87,0.6597,1056.88,551.61,0.7890,955.64,537.70,0.7093
287,bottom,1,815.08,663.49,899.39,928.61,850.11,692.48,0.7787,854.64,689.25,0.7053,850.76,688.60,0.6565,864.35,698.31,0.6884,859.82,697.02,0.4620,861.12,730.67,0.7673,867.59,720.96,0.6733,865.65,768.22,0.8102,848.82,708.67,0.5383,835.87,758.51,0.7704,831.99,679.54,0.5604,861.76,792.81,0.7235,881.83,792.81,0.7022,833.93,833.59,0.7140,876.65,844.59,0.7656,866.30,884.08,0.7588,887.66,904.79,0.8108
288,top,0,929.08,368.18,1072.05,567.78,1003.98,385.62,0.9008,1007.88,382.21,0.8405,1000.08,382.70,0.8622,1015.19,386.60,0.8397,994.72,387.57,0.7378,1028.83,409.50,0.7981,983.03,408.04,0.7667,1038.58,436.30,0.7890,972.30,435.33,0.7796,1041.99,464.57,0.7714,960.12,462.13,0.7574,1020.55,468.95,0.6647,990.33,467.98,0.6517,1038.09,507.94,0.7554,966.46,507.94,0.7430,1056.12,551.31,0.8401,949.89,538.15,0.7904
288,bottom,1,799.89,650.85,899.45,930.75,838.74,700.60,0.8746,842.84,697.86,0.7742,840.10,697.18,0.7375,851.04,706.75,0.7647,851.04,704.70,0.5053,848.99,739.55,0.8354,853.77,725.88,0.7243,854.45,774.40,0.7799,841.47,700.60,0.6433,825.75,760.73,0.7888,825.75,677.36,0.7122,848.99,800.37,0.8149,867.44,799.68,0.7795,810.72,837.95,0.8808,869.49,852.30,0.8214,833.95,893.99,0.7702,887.94,908.34,0.9184
289,top,0,927.44,370.85,1071.48,566.92,994.67,385.59,0.8518,998.98,382.72,0.8023,991.32,382.24,0.8165,1006.16,387.03,0.7751,986.06,387.03,0.7700,1019.56,410.49,0.7591,973.13,408.09,0.7809,1029.14,435.86,0.7432,962.12,436.33,0.7793,1033.93,463.14,0.7510,949.20,463.62,0.7334,1010.47,468.41,0.6363,980.31,466.97,0.6492,1030.57,509.10,0.7428,958.29,505.74,0.7372,1055.47,551.22,0.8589,948.72,539.25,0.8054
289,bottom,1,773.83,642.04,902.11,931.24,823.14,708.98,0.6806,826.67,707.56,0.6081,824.56,707.56,0.5910,833.73,713.92,0.6680,838.68,711.09,0.4882,835.85,743.57,0.7036,840.80,732.98,0.6086,842.91,778.17,0.6023,840.09,698.38,0.6135,816.08,759.11,0.6789,820.32,672.97,0.7259,833.03,803.59,0.7126,854.21,802.88,0.7301,789.96,844.54,0.8177,864.80,855.13,0.7459,801.26,901.73,0.8112,889.51,910.20,0.8875
290,top,1,926.95,370.90,1067.23,566.77,987.05,385.63,0.8191,990.87,382.28,0.7848,983.22,382.28,0.8113,998.05,386.59,0.7867,977.48,386.59,0.7372,1010.48,409.54,0.7354,964.09,406.67,0.7864,1020.04,434.41,0.7105,951.66,435.36,0.7708,1026.26,462.62,0.7429,939.71,463.10,0.7469,1001.39,466.44,0.6245,971.27,465.01,0.6592,1021.00,507.57,0.6608,950.70,503.27,0.7113,1049.69,548.69,0.8160,948.79,539.13,0.7835
290,bottom,0,741.98,645.61,901.89,934.72,811.35,713.93,0.5686,813.46,712.52,0.5307,811.35,711.82,0.5424,820.52,716.05,0.5315,823.35,716.76,0.4502,813.46,733.70,0.4662,830.40,732.99,0.5135,838.87,704.05,0.3944,841.70,704.05,0.4638,817.70,676.52,0.5926,818.41,678.64,0.5185,816.29,804.99,0.6323,838.87,804.99,0.6353,773.23,850.16,0.7525,860.05,855.10,0.6835,770.41,909.45,0.7716,888.28,908.04,0.7682
291,top,0,925.20,365.79,1058.68,565.73,978.76,381.80,0.8654,983.15,378.38,0.8043,975.34,378.38,0.8524,989.99,383.26,0.8390,970.46,383.26,0.7441,1002.68,406.20,0.7455,956.79,403.28,0.7947,1012.93,432.08,0.7336,944.10,433.05,0.7951,1018.79,460.88,0.7627,931.41,461.85,0.7586,992.92,463.80,0.6667,965.09,462.83,0.6912,1010.98,503.83,0.6693,947.52,501.88,0.7192,1040.75,546.30,0.8255,948.98,538.98,0.7916
291,bottom,1,709.94,660.22,899.55,942.97,801.29,718.76,0.5871,806.13,717.38,0.5323,801.29,716.00,0.5416,811.65,723.59,0.5296,804.74,722.21,0.4270,817.17,741.54,0.5035,795.77,738.09,0.4927,831.67,716.69,0.4718,828.91,718.07,0.3766,817.17,689.77,0.5880,817.17,691.15,0.4639,817.17,811.95,0.5061,795.77,811.26,0.4637,759.18,856.13,0.5059,758.49,856.13,0.5331,742.62,908.59,0.4030,741.93,909.29,0.4390
292,top,0,918.11,362.06,1046.91,564.78,973.11,377.80,0.8178,977.07,374.34,0.7947,969.15,374.34,0.8348,984.49,378.79,0.8162,964.20,378.79,0.7633,996.86,401.56,0.7283,951.33,398.59,0.7900,1007.75,427.79,0.7489,939.45,426.80,0.7821,1012.21,458.47,0.7599,926.59,454.51,0.7480,987.96,457.98,0.6635,960.74,457.98,0.6721,1002.31,500.04,0.6912,946.88,499.05,0.7178,1029.53,542.61,0.8051,948.36,537.16,0.8361
292,bottom,1,685.49,684.11,893.61,950.57,788.19,733.34,0.6527,789.55,729.27,0.6174,786.16,728.59,0.5101,791.58,735.37,0.6356,807.84,736.05,0.4811,780.06,761.11,0.5920,809.19,752.98,0.5656,752.29,782.79,0.3782,820.71,734.69,0.4189,753.64,780.08,0.4138,807.16,706.91,0.5295,781.42,820.73,0.6905,809.19,818.02,0.7016,745.51,870.18,0.8036,842.39,858.67,0.7588,719.77,926.41,0.8394,881.68,903.38,0.8315
293,top,0,913.61,358.51,1033.87,563.36,967.24,373.42,0.8001,971.24,370.41,0.7770,963.74,369.91,0.8120,978.74,374.92,0.8043,958.74,374.42,0.7887,990.74,396.92,0.7435,946.73,393.92,0.7881,1003.75,422.93,0.7589,935.23,422.93,0.7795,1006.75,453.94,0.7586,922.23,451.44,0.7674,983.24,452.44,0.6697,956.74,452.44,0.6621,995.25,495.45,0.6906,945.23,494.45,0.7069,1017.75,539.46,0.7911,946.73,535.96,0.8085
293,bottom,1,670.16,698.37,890.67,967.49,781.13,745.36,0.7645,780.42,741.77,0.6317,778.26,741.77,0.5584,778.26,744.64,0.7111,793.34,746.79,0.5774,762.47,769.04,0.7152,802.67,764.74,0.7490,742.37,769.76,0.4407,802.67,748.23,0.5688,723.71,766.17,0.6513,794.05,719.51,0.5610,766.06,832.93,0.8097,794.77,830.06,0.8065,730.17,885.33,0.8664,831.38,865.23,0.8038,702.89,939.89,0.8708,870.14,900.41,0.8785
294,top,1,914.22,353.30,1020.44,562.18,962.74,371.05,0.8401,966.82,367.99,0.8074,959.17,367.48,0.8290,973.96,372.58,0.8282,954.07,371.56,0.8253,986.20,394.50,0.7538,942.34,390.93,0.7809,1000.48,421.02,0.7703,931.63,420.00,0.7689,1002.52,452.64,0.7427,918.89,449.07,0.7565,979.57,450.09,0.6885,953.56,449.58,0.6896,987.73,492.93,0.7152,940.30,490.89,0.7195,1008.13,535.26,0.7965,942.85,532.20,0.8107
294,bottom,0,666.07,707.83,870.82,975.39,769.78,754.96,0.7908,767.78,752.30,0.6034,767.78,752.30,0.5095,764.44,754.96,0.7257,781.77,758.29,0.6007,746.45,777.62,0.7696,791.10,778.29,0.8260,715.12,767.63,0.6530,785.10,768.96,0.5431,693.13,752.96,0.7009,777.77,735.63,0.5071,751.78,846.27,0.7990,780.44,844.94,0.7927,713.12,896.26,0.8529,807.77,870.27,0.7554,695.79,953.58,0.9015,852.42,897.59,0.8298
295,top,1,910.05,352.57,1012.16,563.51,957.50,369.97,0.8497,961.62,366.89,0.8229,953.89,366.37,0.8380,968.31,371.00,0.8324,948.74,369.97,0.8294,981.70,393.15,0.7695,937.93,390.06,0.7988,996.64,418.38,0.7739,928.66,418.38,0.7612,997.15,449.80,0.7556,916.30,446.19,0.7666,975.52,447.22,0.6944,950.29,446.19,0.6890,981.70,489.45,0.7219,935.35,488.42,0.7174,1001.79,534.26,0.8043,936.38,528.59,0.7986
295,bottom,0,642.74,711.03,852.07,976.11,753.54,760.44,0.7572,752.86,758.39,0.6606,752.86,757.03,0.4311,752.86,763.16,0.6888,771.26,765.21,0.6156,735.14,784.97,0.7378,777.39,782.24,0.8142,690.17,774.07,0.7248,771.26,764.53,0.5807,661.55,743.40,0.8091,766.49,737.95,0.6327,744.00,854.47,0.7862,771.94,851.75,0.7886,698.35,898.08,0.8545,778.75,879.68,0.6699,691.53,954.64,0.9144,828.50,900.81,0.7422
296,top,1,905.44,354.36,1007.62,563.56,952.44,370.61,0.8224,956.53,367.54,0.7951,949.38,367.03,0.8113,963.68,371.63,0.8350,944.27,371.12,0.8246,977.47,393.59,0.7628,934.06,391.04,0.7956,992.79,417.59,0.7556,924.86,418.61,0.7637,993.30,447.73,0.7041,913.12,446.70,0.7862,971.34,447.22,0.6947,946.31,446.70,0.6890,975.94,489.09,0.6862,929.46,487.05,0.7209,996.88,535.06,0.8010,928.95,526.38,0.7905
296,bottom,0,650.42,734.86,836.92,974.55,743.67,764.24,0.7098,743.06,760.60,0.5686,743.06,761.21,0.4599,743.06,767.28,0.6504,758.85,768.49,0.5395,728.49,790.96,0.6888,769.78,784.28,0.7531,682.96,789.74,0.5821,770.99,773.35,0.5588,659.28,771.53,0.7570,757.63,747.24,0.5835,736.38,859.56,0.6954,766.13,858.35,0.6903,692.67,899.02,0.7905,760.67,885.66,0.5791,690.85,955.48,0.8357,807.42,908.73,0.6689
297,top,1,897.99,356.28,1002.66,564.11,947.79,373.43,0.8577,951.84,370.39,0.8150,944.23,369.88,0.8161,958.44,374.45,0.8490,939.16,373.43,0.8246,973.16,395.76,0.7707,929.52,393.73,0.8045,989.90,420.11,0.7895,921.91,421.63,0.7687,988.38,450.56,0.7428,909.73,450.05,0.7737,968.59,447.51,0.7164,942.71,447.00,0.6951,971.63,489.12,0.7282,923.94,485.57,0.7245,991.93,537.32,0.8178,918.36,526.16,0.7991
297,bottom,0,660.57,737.09,813.83,974.38,736.62,760.73,0.7084,736.04,759.57,0.5833,736.04,758.99,0.4800,737.20,766.52,0.6391,751.69,765.94,0.5248,725.04,792.01,0.6672,763.27,781.58,0.7187,694.33,805.91,0.5425,775.44,780.42,0.6810,671.74,805.34,0.6968,759.22,764.78,0.5065,735.47,857.47,0.6797,765.01,854.58,0.6990,690.86,898.61,0.7648,750.53,882.96,0.5805,690.86,954.80,0.8153,796.29,918.30,0.7490
298,top,1,884.65,361.90,997.37,565.27,941.51,378.19,0.8638,945.98,374.71,0.8201,938.03,374.71,0.8206,952.93,379.18,0.8931,933.57,378.69,0.7896,968.32,400.53,0.7909,926.12,398.55,0.8021,987.19,423.87,0.8374,919.17,426.35,0.7655,984.21,455.15,0.7643,905.76,455.15,0.7512,965.84,450.68,0.6960,939.52,449.19,0.6798,969.31,493.87,0.7537,918.67,487.42,0.6947,987.19,544.51,0.8470,903.78,525.15,0.7729
298,bottom,0,665.51,733.12,808.37,974.79,737.53,757.19,0.7526,735.76,756.01,0.5302,735.76,754.83,0.5075,731.04,762.50,0.6840,747.56,761.91,0.5973,718.65,791.41,0.7148,761.13,776.66,0.7306,698.59,822.09,0.6648,778.24,779.61,0.7634,685.61,833.89,0.6947,761.72,766.04,0.5521,733.99,852.18,0.7088,764.67,849.23,0.7233,692.10,896.44,0.8033,751.69,876.38,0.6494,690.33,951.90,0.8791,790.04,919.45,0.7956
299,top,1,871.42,368.76,992.49,570.24,934.91,385.39,0.8750,938.84,381.94,0.8322,931.95,381.45,0.8516,946.22,385.88,0.8836,928.02,385.88,0.7382,963.43,407.52,0.8057,921.62,406.05,0.8265,982.62,429.66,0.8369,915.72,433.10,0.7629,980.16,461.63,0.7924,901.46,460.65,0.7622,963.93,454.74,0.7081,937.36,452.78,0.6943,965.89,498.52,0.7594,912.77,488.19,0.6965,983.11,549.19,0.8695,894.08,526.07,0.7651
299,bottom,0,665.76,728.61,810.59,974.79,735.17,748.92,0.7970,733.37,748.32,0.5236,733.37,746.52,0.5334,727.36,754.33,0.7348,745.39,751.33,0.7064,714.74,789.79,0.7985,759.21,766.96,0.7489,709.33,827.66,0.6454,779.65,775.97,0.7825,703.92,854.11,0.5711,758.61,764.55,0.5298,737.58,846.89,0.7000,767.03,842.69,0.7392,696.71,894.98,0.8071,755.61,869.73,0.6586,690.69,952.68,0.8797,790.47,916.01,0.7618
300,top,1,859.39,377.30,993.46,568.72,927.36,392.63,0.8688,932.04,388.89,0.8154,924.56,388.89,0.8261,939.51,393.10,0.8750,920.82,392.63,0.7005,955.87,413.66,0.7872,917.08,413.66,0.8089,974.56,434.22,0.7968,911.94,439.83,0.7375,974.56,466.47,0.7407,896.05,466.00,0.7460,959.61,460.39,0.7063,935.31,458.52,0.6557,961.48,502.45,0.7538,904.93,489.83,0.6659,982.04,550.12,0.8317,882.97,525.82,0.7713
300,bottom,0,666.02,716.97,813.24,975.49,732.05,738.94,0.8439,730.16,737.67,0.5177,730.16,735.78,0.5713,724.48,744.62,0.7446,743.42,740.20,0.6931,714.38,781.85,0.8121,757.30,755.35,0.7936,721.33,817.83,0.6138,781.91,770.49,0.8129,723.85,843.71,0.3214,759.82,763.55,0.5121,739.63,839.92,0.7093,768.03,832.98,0.7318,704.28,891.67,0.8167,764.24,863.27,0.7140,692.92,950.37,0.8709,795.17,913.76,0.7649
301,top,1,847.03,382.36,992.99,569.39,919.06,398.42,0.8481,923.34,395.10,0.7844,915.73,394.62,0.7918,931.89,398.90,0.8533,912.41,399.37,0.6772,948.52,419.81,0.7729,910.98,417.90,0.7935,968.47,443.09,0.7537,907.66,444.51,0.7232,971.32,477.30,0.5990,889.13,470.64,0.7310,955.17,464.47,0.7330,931.41,462.09,0.6690,954.22,506.28,0.7805,897.21,491.55,0.6500,980.83,549.99,0.7644,874.87,527.66,0.7683
301,bottom,0,667.90,709.07,818.39,973.64,730.23,730.90,0.7848,727.00,728.96,0.5260,729.58,727.67,0.5608,724.42,736.07,0.7335,742.50,732.19,0.6968,716.67,776.11,0.8084,759.30,747.69,0.7858,726.35,813.58,0.6361,785.78,765.78,0.8463,728.94,838.12,0.3507,761.88,756.74,0.5834,744.44,831.66,0.7218,772.22,825.21,0.7475,709.56,886.57,0.8155,774.15,860.09,0.7723,696.00,947.93,0.8683,801.28,912.41,0.7656
302,top,1,846.25,381.44,993.57,568.58,909.84,398.76,0.7818,914.15,395.40,0.7188,906.96,395.40,0.7720,922.31,399.72,0.7734,903.60,398.76,0.7029,938.13,420.34,0.7204,903.12,417.94,0.7760,959.23,445.28,0.7690,902.64,443.84,0.7301,957.31,476.93,0.6361,882.98,468.77,0.7386,948.20,465.90,0.7229,924.70,463.50,0.6902,950.60,508.58,0.7894,890.18,491.31,0.7092,981.29,550.30,0.7710,873.87,531.60,0.7930
302,bottom,0,672.97,702.89,821.14,970.91,731.35,724.35,0.7509,728.08,721.74,0.5351,732.00,721.08,0.5491,724.81,729.59,0.7404,744.44,725.66,0.7170,716.95,768.85,0.8379,761.45,742.02,0.7907,727.42,809.42,0.6652,789.59,764.27,0.8398,733.31,829.05,0.4284,765.38,766.23,0.5672,748.36,825.78,0.6984,777.15,819.23,0.7263,713.68,881.40,0.7974,783.04,859.15,0.7895,700.60,943.56,0.8511,806.60,910.84,0.7737
303,top,1,845.18,378.55,992.95,569.17,900.31,395.93,0.7834,905.12,392.08,0.7382,897.90,392.08,0.7566,913.29,395.45,0.8591,894.53,395.45,0.7112,929.17,417.10,0.7327,894.05,413.25,0.8410,948.41,442.11,0.7512,895.98,439.71,0.7866,950.81,474.82,0.6802,877.22,464.24,0.7720,937.34,465.20,0.6930,915.70,462.31,0.6981,946.48,507.53,0.7669,881.55,487.81,0.7409,979.67,548.90,0.8015,872.89,534.95,0.8242
303,bottom,0,685.34,697.72,826.11,968.17,734.60,720.04,0.7700,730.64,717.40,0.5820,734.60,717.40,0.5458,726.67,724.00,0.7834,747.80,722.02,0.7697,719.41,764.94,0.8465,765.63,739.19,0.8140,728.66,805.21,0.6844,792.70,764.94,0.8703,733.94,830.30,0.5190,771.57,776.82,0.5792,753.75,823.70,0.7049,781.48,815.78,0.7329,714.13,877.18,0.8235,790.06,857.37,0.7865,711.49,941.89,0.8585,812.51,909.53,0.7859
304,top,1,844.38,370.90,983.30,567.51,889.84,387.61,0.8359,894.64,383.77,0.7720,887.44,383.29,0.7928,904.72,388.57,0.8256,884.08,387.61,0.6335,918.64,411.61,0.7158,884.08,406.33,0.8566,937.84,437.05,0.7496,887.92,432.25,0.7762,935.44,465.85,0.6981,868.24,458.17,0.7579,926.80,461.53,0.6690,905.68,458.17,0.6917,938.80,503.29,0.7071,872.08,487.45,0.7647,972.40,545.05,0.7632,872.08,534.97,0.8244
304,bottom,0,702.30,695.69,833.37,961.68,738.62,718.29,0.8562,736.67,714.40,0.6315,738.62,715.05,0.5517,730.82,720.89,0.8398,752.25,720.24,0.7488,721.73,763.10,0.8570,771.08,741.67,0.8061,728.23,804.66,0.7200,796.41,769.59,0.8381,735.37,832.58,0.6232,780.18,789.07,0.6635,754.85,826.09,0.6967,785.37,818.95,0.7331,715.24,875.44,0.8258,796.41,859.21,0.7752,725.63,937.78,0.8661,819.14,909.21,0.7997
305,top,1,844.31,363.45,973.24,563.01,881.49,381.38,0.8090,886.36,377.48,0.7376,879.06,376.51,0.7607,895.62,382.36,0.7962,876.13,381.38,0.6247,909.26,405.74,0.7255,876.13,399.90,0.8380,926.31,430.59,0.7836,878.57,425.23,0.7670,918.03,457.39,0.6942,861.52,452.03,0.7570,917.55,454.46,0.6502,894.16,453.98,0.6778,928.26,499.77,0.6657,866.39,487.11,0.7857,959.45,539.72,0.7768,870.77,534.37,0.8276
305,bottom,0,708.26,695.75,840.86,965.54,744.26,719.33,0.8487,742.28,716.04,0.6025,743.60,716.04,0.5407,735.04,721.96,0.8280,756.77,720.65,0.7480,723.84,762.14,0.8772,775.87,745.02,0.7813,727.13,805.61,0.7220,800.24,775.32,0.8270,735.04,829.98,0.6520,790.37,799.69,0.7358,756.77,826.03,0.6949,787.07,820.10,0.7186,719.23,878.73,0.8094,801.56,860.94,0.7502,737.01,940.64,0.8417,825.27,908.36,0.7701
306,top,1,841.74,361.82,951.73,558.94,875.08,374.72,0.7540,879.41,371.35,0.6792,872.67,371.35,0.6871,887.59,376.16,0.7528,868.82,375.68,0.6429,900.58,400.22,0.7615,867.86,393.01,0.8772,917.43,427.17,0.7959,870.75,418.51,0.7544,899.62,450.27,0.6716,852.94,442.09,0.7302,907.32,450.27,0.6643,885.18,449.31,0.7162,913.09,495.03,0.6634,863.05,486.85,0.8105,943.89,537.38,0.7789,870.26,532.57,0.8034
306,bottom,0,709.97,697.08,845.68,968.60,750.65,720.81,0.8500,748.66,717.49,0.5928,751.98,717.49,0.5629,740.71,724.12,0.8097,763.91,722.80,0.8043,727.45,761.91,0.8838,781.81,748.65,0.7937,727.45,806.98,0.7548,805.67,781.13,0.8237,736.07,830.85,0.6965,799.04,812.29,0.7558,758.61,830.19,0.6998,789.76,825.55,0.7121,725.46,884.54,0.8145,807.00,863.99,0.7520,738.06,945.53,0.8535,828.21,910.39,0.7900
307,top,1,828.06,351.24,934.27,555.97,867.67,368.64,0.8044,872.17,365.14,0.7079,865.17,364.64,0.7921,881.66,369.14,0.7870,862.17,369.14,0.6566,891.66,393.13,0.7979,861.17,387.63,0.8144,907.65,421.62,0.8156,862.17,414.12,0.7333,887.16,439.61,0.5966,842.68,438.61,0.7466,901.65,442.61,0.7047,879.66,442.61,0.7076,896.66,487.59,0.7587,859.67,483.60,0.8114,922.15,534.58,0.7799,868.67,530.08,0.7923
307,bottom,0,709.66,697.33,850.70,969.31,758.93,720.44,0.8835,755.61,717.78,0.5956,760.26,717.78,0.6001,748.97,724.42,0.8236,770.88,723.76,0.8532,733.70,760.28,0.9007,789.48,750.32,0.8494,729.72,804.77,0.7819,810.73,782.19,0.8383,738.35,831.33,0.7502,806.08,812.07,0.7850,760.26,830.67,0.7132,792.80,826.02,0.7214,729.72,885.11,0.8355,811.39,861.87,0.7841,738.35,946.87,0.9028,831.31,911.01,0.7990
308,top,1,824.15,348.23,909.84,549.58,861.09,362.39,0.8024,866.50,359.44,0.7692,859.13,358.46,0.8106,874.86,365.34,0.8323,856.18,363.87,0.6736,884.20,388.94,0.8090,854.70,383.04,0.8165,898.94,418.43,0.8488,856.67,408.60,0.7350,870.92,428.26,0.5875,837.50,429.24,0.7384,894.03,438.58,0.7707,872.40,438.09,0.7434,881.25,481.35,0.7726,854.21,477.42,0.7803,902.39,529.53,0.7491,864.04,525.10,0.8129
308,bottom,0,710.51,692.03,851.41,968.63,768.80,716.88,0.8554,767.45,713.50,0.5272,770.83,713.50,0.6198,759.35,720.26,0.7587,780.96,719.58,0.8439,743.14,755.37,0.8902,799.19,748.62,0.8483,735.71,798.59,0.7655,815.40,779.68,0.8282,741.12,828.30,0.7253,812.02,810.74,0.7616,765.43,828.98,0.7215,797.84,823.58,0.7312,736.39,883.68,0.8364,819.45,860.04,0.8247,738.41,945.13,0.8958,832.28,910.01,0.7971
309,top,1,812.16,342.86,902.56,545.66,855.88,357.62,0.8488,860.83,355.14,0.8077,853.90,353.66,0.8211,869.74,361.08,0.8027,850.93,359.60,0.5972,876.67,384.85,0.8000,849.44,379.40,0.8314,890.04,414.56,0.8336,850.93,404.65,0.7236,858.85,420.00,0.6348,829.14,425.45,0.6635,887.57,436.84,0.7742,867.76,435.35,0.7338,865.78,477.44,0.7538,846.97,473.47,0.7783,881.62,524.47,0.7271,860.83,520.01,0.7915
309,bottom,0,711.81,687.41,853.19,966.83,780.45,709.78,0.8403,780.45,705.69,0.5774,780.45,705.69,0.5866,770.22,713.19,0.7935,790.69,712.51,0.8322,753.17,747.98,0.8733,809.79,743.21,0.8515,744.98,789.60,0.7671,821.38,775.95,0.8335,746.34,823.71,0.7631,817.97,805.97,0.7574,772.27,820.30,0.7150,803.65,815.52,0.7261,745.66,878.28,0.8382,826.16,857.13,0.8360,739.52,940.36,0.8566,834.35,911.71,0.8362
310,top,1,810.22,340.91,895.55,541.53,850.44,355.51,0.7989,855.82,353.06,0.7619,848.48,352.08,0.7697,864.15,359.43,0.7755,845.05,358.45,0.6207,869.54,381.96,0.8334,844.56,378.04,0.8403,881.78,412.81,0.8176,847.01,404.98,0.6929,851.90,412.32,0.6612,823.50,422.61,0.6097,879.82,435.83,0.7851,860.72,433.87,0.7517,853.37,475.01,0.7659,837.21,470.12,0.7758,863.66,519.58,0.6791,858.27,513.22,0.7040
310,bottom,0,713.99,678.73,853.93,960.18,791.52,702.64,0.8421,792.21,698.52,0.6310,792.89,699.20,0.5558,779.84,705.39,0.8186,801.14,705.39,0.7861,764.03,740.43,0.8854,819.00,737.00,0.9017,756.47,781.66,0.8215,828.62,771.35,0.8073,751.66,817.39,0.7867,824.50,800.21,0.7323,779.84,814.64,0.7292,811.45,811.89,0.7545,756.47,872.36,0.8197,831.37,856.56,0.8352,741.36,930.08,0.8233,836.87,911.53,0.8791
311,top,1,807.70,340.26,886.42,542.28,845.58,355.45,0.8230,851.01,352.98,0.7899,843.61,352.00,0.7715,858.40,358.90,0.8341,839.66,357.91,0.6449,863.83,381.59,0.8586,839.66,378.63,0.8402,874.19,412.66,0.8107,841.63,406.74,0.6762,841.63,405.26,0.6893,816.97,422.03,0.6796,871.23,436.83,0.7673,852.48,434.36,0.7439,842.62,475.30,0.7829,828.32,469.38,0.8233,844.59,525.11,0.7901,854.46,506.37,0.7900
311,bottom,0,727.35,670.54,854.75,953.87,801.43,696.00,0.7701,799.35,691.16,0.5842,804.89,692.54,0.5200,788.98,698.07,0.8320,811.11,698.77,0.7841,772.38,733.35,0.8780,828.40,731.97,0.9084,764.77,775.55,0.8234,836.01,767.94,0.8124,759.23,812.90,0.7990,832.55,799.75,0.7304,786.90,807.36,0.7315,818.03,805.98,0.7406,764.77,864.78,0.8046,833.94,854.40,0.8417,750.93,919.42,0.8301,837.40,910.43,0.8878
312,top,1,790.36,342.68,879.07,544.80,839.15,357.39,0.7590,844.09,354.92,0.6962,837.67,354.43,0.7312,851.49,359.36,0.7771,834.71,360.35,0.6203,857.41,382.06,0.8389,838.17,379.10,0.7729,864.81,411.67,0.8019,838.66,409.20,0.6297,834.71,401.80,0.6992,812.01,421.04,0.6273,862.35,438.31,0.7600,846.56,435.35,0.6802,832.25,476.31,0.7306,821.39,468.91,0.7710,835.21,526.64,0.7677,847.54,501.47,0.7732
312,bottom,0,751.25,665.43,854.38,939.03,809.49,689.34,0.7878,808.16,685.33,0.5643,812.83,686.00,0.5340,797.47,692.01,0.8090,819.51,692.68,0.7947,780.10,725.41,0.8862,836.21,724.74,0.9224,772.09,768.83,0.8331,844.23,764.15,0.8174,766.07,806.90,0.8050,839.55,794.21,0.7107,792.79,800.22,0.7532,824.19,799.56,0.7727,770.75,859.67,0.8429,835.54,854.33,0.8729,764.74,910.44,0.8669,837.55,912.45,0.9205
313,top,1,789.47,343.62,870.81,543.74,834.54,358.67,0.7252,838.93,356.22,0.6540,833.07,355.74,0.6649,845.28,361.11,0.7106,829.65,362.58,0.6110,851.15,383.10,0.8397,835.02,382.61,0.7657,857.01,412.41,0.8053,835.02,411.43,0.6515,828.67,399.22,0.7502,809.13,420.71,0.6485,853.59,441.72,0.7460,839.42,437.81,0.6496,824.28,476.90,0.7423,816.46,469.57,0.7466,834.05,527.22,0.7625,839.42,499.37,0.7202
313,bottom,0,767.20,658.01,858.24,936.28,816.11,683.69,0.7625,813.40,678.93,0.5738,818.83,678.93,0.5348,805.24,685.05,0.7830,826.98,685.73,0.8036,787.58,719.02,0.8823,843.29,719.70,0.9167,780.11,763.18,0.8264,852.12,761.14,0.8324,773.31,801.90,0.7828,843.97,791.71,0.7326,799.81,795.11,0.7626,830.38,795.11,0.7823,782.82,851.50,0.8330,837.17,854.89,0.8625,781.47,901.09,0.8156,837.85,913.32,0.8785
314,top,1,783.46,342.90,862.56,543.46,829.38,358.47,0.7717,834.27,356.02,0.7091,827.42,355.53,0.7164,841.13,361.41,0.7323,824.48,361.90,0.6589,845.04,382.95,0.8524,831.33,382.46,0.7559,850.43,411.84,0.8083,830.84,411.84,0.6521,823.99,397.64,0.7476,804.40,417.72,0.6172,845.04,444.16,0.7571,834.27,440.73,0.6483,818.60,479.41,0.7494,812.73,469.62,0.7183,833.29,527.89,0.7796,831.82,500.47,0.6558
314,bottom,0,774.84,654.35,864.57,932.13,823.10,678.63,0.7550,821.06,674.56,0.5458,825.81,673.88,0.5215,812.25,680.67,0.7922,833.95,681.34,0.8039,794.61,714.57,0.8586,850.22,714.57,0.8860,786.47,756.62,0.8084,859.04,755.94,0.8262,781.05,794.60,0.7755,849.54,783.75,0.7491,806.14,791.21,0.7443,835.98,791.21,0.7695,793.93,843.43,0.8021,839.37,852.24,0.8514,795.97,894.29,0.8237,839.37,910.57,0.8715
315,top,3,781.90,347.40,856.30,543.77,823.42,355.94,0.8244,828.69,353.06,0.7306,822.46,353.06,0.7234,836.84,357.85,0.7565,820.06,357.85,0.6014,840.20,380.39,0.8489,828.21,379.43,0.7540,845.47,409.63,0.7968,827.25,408.67,0.6484,819.10,392.37,0.7881,798.97,411.07,0.6303,837.80,442.23,0.7716,830.13,439.35,0.6578,816.23,480.58,0.7354,810.95,468.12,0.6780,833.01,526.60,0.7723,826.29,495.92,0.5722
315,bottom,0,779.59,652.01,870.65,930.15,829.87,676.32,0.6591,825.80,671.57,0.5074,834.62,671.57,0.4988,818.33,677.00,0.7872,840.73,677.68,0.7933,800.67,711.63,0.8461,857.03,710.95,0.8801,792.52,753.73,0.8126,865.18,753.73,0.8220,787.09,791.76,0.7858,853.64,776.82,0.7075,811.54,788.36,0.7367,840.73,788.36,0.7516,805.42,839.29,0.7863,842.09,849.48,0.8291,810.18,894.29,0.8373,839.38,909.23,0.8438
316,top,4,772.19,344.09,851.75,543.96,820.75,351.31,0.7414,825.14,347.90,0.6701,819.29,347.41,0.6426,833.44,352.78,0.7138,815.87,351.80,0.5795,836.37,376.20,0.8344,824.66,375.22,0.6838,842.22,403.52,0.7968,821.24,400.11,0.5027,817.82,388.88,0.7075,792.94,397.18,0.4604,832.95,437.68,0.7535,825.63,435.73,0.6288,820.75,477.21,0.7534,807.58,465.50,0.6105,831.49,524.05,0.7763,821.24,494.77,0.6091
316,bottom,0,783.43,651.73,877.38,930.02,837.88,676.73,0.6994,835.84,671.30,0.5027,841.28,671.30,0.5084,825.65,676.73,0.8047,846.71,677.41,0.7969,807.31,710.70,0.8483,863.02,711.38,0.8697,798.47,752.15,0.8248,871.85,752.15,0.8297,791.68,790.19,0.8071,858.26,771.17,0.6843,817.50,787.48,0.7566,846.03,787.48,0.7567,818.18,836.39,0.7434,844.67,848.62,0.8396,824.29,886.67,0.7680,838.56,909.77,0.8440
317,top,3,770.25,326.23,849.42,545.17,816.79,343.22,0.6960,821.60,341.09,0.6314,816.25,340.02,0.6598,829.08,346.97,0.6802,814.11,344.83,0.6587,831.75,368.88,0.8358,818.39,367.81,0.7671,839.77,394.54,0.7731,815.18,390.80,0.6133,819.46,374.76,0.6734,790.60,381.71,0.6556,830.15,429.82,0.7703,819.99,428.21,0.6907,822.13,472.58,0.8215,804.49,460.82,0.7287,829.62,517.48,0.8002,819.99,490.75,0.7715
317,bottom,0,788.24,651.78,883.45,930.64,844.01,676.83,0.7256,841.97,671.38,0.5453,847.42,671.38,0.5122,831.76,677.51,0.8361,852.18,678.87,0.7981,814.74,710.19,0.8693,869.20,712.23,0.8807,805.21,751.04,0.8434,878.06,751.04,0.8511,796.36,789.84,0.8363,863.08,766.02,0.6688,824.27,787.12,0.7660,850.14,787.12,0.7630,829.72,837.50,0.7576,847.42,848.39,0.8472,841.97,891.97,0.6655,837.21,911.71,0.8107
318,top,1,771.33,315.04,848.07,534.94,816.14,331.58,0.6628,821.51,329.43,0.6151,814.53,328.36,0.6671,827.96,334.80,0.6958,811.85,333.19,0.6602,830.64,356.27,0.7706,814.53,356.27,0.7570,839.23,380.43,0.7478,805.41,369.16,0.5352,823.12,361.11,0.6412,785.54,355.20,0.6722,829.03,419.09,0.7332,816.68,416.40,0.6867,819.37,461.50,0.7783,804.87,456.13,0.7311,833.32,509.28,0.8094,819.90,489.42,0.7786
318,bottom,0,792.87,651.32,889.66,930.64,849.45,677.10,0.7700,848.76,672.32,0.5727,851.49,672.32,0.5465,837.17,677.10,0.8307,857.63,678.46,0.8119,820.81,710.51,0.8897,874.00,710.51,0.8960,811.26,751.43,0.8600,883.54,748.70,0.8695,801.03,788.94,0.8411,866.50,763.70,0.6183,830.35,786.21,0.7732,855.58,785.53,0.7660,841.95,839.40,0.7737,850.81,846.22,0.8162,854.22,881.68,0.6785,838.54,911.68,0.8268
319,top,2,784.62,302.10,850.67,527.36,815.44,317.94,0.7156,820.94,315.19,0.6483,814.34,314.64,0.7087,828.09,321.79,0.7073,812.14,319.59,0.6760,831.94,343.79,0.7133,812.14,343.24,0.7539,841.84,361.38,0.7805,807.19,352.03,0.5286,825.89,334.44,0.7220,791.79,337.74,0.7008,825.89,405.93,0.6976,814.89,404.83,0.6497,816.54,449.93,0.6616,812.14,448.83,0.6480,836.89,496.12,0.6991,823.14,487.87,0.7683
319,bottom,0,797.76,650.64,894.57,929.63,854.34,675.71,0.8006,855.02,670.94,0.6132,855.70,670.94,0.5774,842.76,676.39,0.8112,861.83,677.07,0.8072,826.42,710.44,0.9046,878.18,709.08,0.9202,816.88,750.63,0.8816,888.40,745.86,0.8907,805.98,788.77,0.8492,870.01,758.80,0.6111,837.31,784.69,0.7848,861.83,784.00,0.7924,852.98,839.18,0.7682,855.70,845.31,0.7958,866.60,872.55,0.6364,840.04,908.65,0.8287
320,top,2,789.54,287.87,850.99,508.66,815.95,306.09,0.7500,820.26,302.32,0.6565,813.79,302.32,0.7393,827.81,306.63,0.7315,811.64,306.09,0.6806,833.20,325.50,0.6972,811.10,326.57,0.7277,842.36,343.82,0.7403,802.47,329.27,0.4903,832.12,318.49,0.6654,797.62,318.49,0.5945,822.42,390.72,0.6717,809.48,389.10,0.6263,814.33,440.31,0.7038,813.26,439.77,0.7161,837.51,482.36,0.7092,819.18,484.51,0.7172
320,bottom,0,801.98,650.01,900.09,928.43,857.83,674.34,0.8504,858.51,669.58,0.6346,857.83,669.58,0.6071,846.96,675.02,0.8153,865.99,675.70,0.7987,830.64,709.69,0.9034,882.98,707.65,0.9274,821.81,749.79,0.8723,893.86,742.99,0.8789,810.93,788.54,0.8501,875.50,753.87,0.5866,844.92,783.10,0.7828,868.71,782.42,0.7909,861.91,836.80,0.7644,863.95,844.27,0.7784,875.50,870.10,0.6165,844.24,902.05,0.8083
321,top,2,794.78,277.16,852.98,488.19,819.25,297.15,0.6312,823.37,294.57,0.6211,816.15,293.54,0.6678,828.52,299.72,0.6678,812.55,297.66,0.6713,832.13,319.30,0.6757,807.91,314.66,0.6973,847.58,324.45,0.7046,802.76,298.18,0.6282,837.79,299.21,0.7677,814.61,276.02,0.5622,820.79,381.13,0.6332,805.85,380.61,0.6369,813.06,428.01,0.6789,809.97,428.53,0.6623,838.82,462.02,0.5355,819.25,465.11,0.6291
321,bottom,0,805.58,648.01,905.56,915.76,861.45,671.41,0.8626,862.11,666.84,0.5998,860.80,666.84,0.5976,850.34,672.72,0.7998,869.95,673.37,0.7919,835.31,708.02,0.8831,886.95,704.10,0.9172,826.81,747.89,0.8488,899.37,740.05,0.8781,815.69,787.77,0.8342,880.41,746.59,0.5449,850.99,781.23,0.7722,875.18,780.58,0.7929,869.95,832.87,0.7806,877.14,840.72,0.8053,881.72,872.75,0.7328,854.26,893.01,0.7643
322,top,,,,,,,,,,,,,,,,,,,,,,,,,,,,,,,,,,,,,,,,,,,,,,,,,,,,,,,,
322,bottom,,,,,,,,,,,,,,,,,,,,,,,,,,,,,,,,,,,,,,,,,,,,,,,,,,,,,,,,
323,top,,,,,,,,,,,,,,,,,,,,,,,,,,,,,,,,,,,,,,,,,,,,,,,,,,,,,,,,
323,bottom,,,,,,,,,,,,,,,,,,,,,,,,,,,,,,,,,,,,,,,,,,,,,,,,,,,,,,,,
324,top,,,,,,,,,,,,,,,,,,,,,,,,,,,,,,,,,,,,,,,,,,,,,,,,,,,,,,,,
324,bottom,,,,,,,,,,,,,,,,,,,,,,,,,,,,,,,,,,,,,,,,,,,,,,,,,,,,,,,,
325,top,,,,,,,,,,,,,,,,,,,,,,,,,,,,,,,,,,,,,,,,,,,,,,,,,,,,,,,,
325,bottom,,,,,,,,,,,,,,,,,,,,,,,,,,,,,,,,,,,,,,,,,,,,,,,,,,,,,,,,
326,top,,,,,,,,,,,,,,,,,,,,,,,,,,,,,,,,,,,,,,,,,,,,,,,,,,,,,,,,
326,bottom,,,,,,,,,,,,,,,,,,,,,,,,,,,,,,,,,,,,,,,,,,,,,,,,,,,,,,,,
327,top,,,,,,,,,,,,,,,,,,,,,,,,,,,,,,,,,,,,,,,,,,,,,,,,,,,,,,,,
327,bottom,,,,,,,,,,,,,,,,,,,,,,,,,,,,,,,,,,,,,,,,,,,,,,,,,,,,,,,,
328,top,,,,,,,,,,,,,,,,,,,,,,,,,,,,,,,,,,,,,,,,,,,,,,,,,,,,,,,,
328,bottom,,,,,,,,,,,,,,,,,,,,,,,,,,,,,,,,,,,,,,,,,,,,,,,,,,,,,,,,
329,top,,,,,,,,,,,,,,,,,,,,,,,,,,,,,,,,,,,,,,,,,,,,,,,,,,,,,,,,
329,bottom,,,,,,,,,,,,,,,,,,,,,,,,,,,,,,,,,,,,,,,,,,,,,,,,,,,,,,,,
330,top,,,,,,,,,,,,,,,,,,,,,,,,,,,,,,,,,,,,,,,,,,,,,,,,,,,,,,,,
330,bottom,,,,,,,,,,,,,,,,,,,,,,,,,,,,,,,,,,,,,,,,,,,,,,,,,,,,,,,,
331,top,,,,,,,,,,,,,,,,,,,,,,,,,,,,,,,,,,,,,,,,,,,,,,,,,,,,,,,,
331,bottom,,,,,,,,,,,,,,,,,,,,,,,,,,,,,,,,,,,,,,,,,,,,,,,,,,,,,,,,
332,top,,,,,,,,,,,,,,,,,,,,,,,,,,,,,,,,,,,,,,,,,,,,,,,,,,,,,,,,
332,bottom,,,,,,,,,,,,,,,,,,,,,,,,,,,,,,,,,,,,,,,,,,,,,,,,,,,,,,,,
333,top,1,771.90,294.55,837.03,483.74,810.93,309.24,0.7127,815.55,306.93,0.6987,809.55,306.01,0.7026,821.55,312.94,0.7885,805.39,309.24,0.7337,825.71,336.49,0.7313,789.68,330.03,0.7760,822.48,367.44,0.6627,783.22,362.36,0.7630,795.69,359.59,0.4962,810.01,376.21,0.6023,810.93,394.23,0.6662,791.07,390.99,0.6693,793.84,433.95,0.6724,787.84,431.64,0.6306,825.25,461.20,0.6989,792.92,456.58,0.5941
333,bottom,0,823.70,672.35,1025.01,868.09,911.91,696.17,0.9733,910.59,693.55,0.5165,910.59,693.55,0.5929,904.04,698.14,0.6321,921.74,696.82,0.6116,887.66,727.62,0.9335,939.43,723.69,0.9306,868.00,765.63,0.9176,957.12,761.05,0.8975,841.79,793.81,0.9247,980.06,789.22,0.8995,904.70,790.54,0.8409,932.22,790.54,0.7950,868.00,795.12,0.9181,974.82,807.57,0.9051,841.79,845.58,0.9446,1010.20,848.86,0.9637
334,top,1,774.31,306.39,836.57,481.08,809.28,320.80,0.7644,813.12,318.67,0.7562,805.87,318.24,0.7620,818.24,323.79,0.8587,800.32,322.08,0.7810,825.49,345.97,0.7912,786.25,343.41,0.8056,825.49,376.67,0.7482,783.69,375.82,0.7624,800.75,369.85,0.6312,812.69,389.47,0.5906,811.84,401.84,0.6603,791.37,399.70,0.6540,794.35,440.65,0.6319,785.40,436.38,0.5847,825.06,462.83,0.6701,795.20,459.84,0.5047
334,bottom,0,812.82,671.99,1024.92,868.47,905.06,694.97,0.9011,903.68,692.21,0.5648,905.75,692.21,0.6154,898.16,697.04,0.7068,914.73,695.66,0.7105,882.97,728.11,0.8943,933.37,722.59,0.8851,860.87,761.95,0.8680,953.39,756.42,0.8724,832.56,788.18,0.8917,976.87,780.59,0.8668,901.61,791.63,0.8370,930.61,791.63,0.8139,860.18,793.02,0.8807,971.34,807.52,0.8862,838.09,848.25,0.9210,1010.01,846.87,0.9360
335,top,1,770.65,314.15,837.04,483.27,805.09,328.11,0.8632,809.21,325.63,0.8335,801.78,324.81,0.8726,814.99,331.41,0.8572,796.41,329.35,0.8232,824.49,352.47,0.7639,784.03,351.64,0.7971,829.45,383.02,0.7542,784.03,383.44,0.7709,799.72,383.02,0.5666,809.63,398.71,0.5305,814.17,404.91,0.6420,792.70,402.02,0.6257,796.83,442.07,0.6810,776.60,434.22,0.6982,826.97,464.36,0.7017,795.59,458.99,0.6137
335,bottom,0,805.47,667.76,1024.60,869.72,893.64,690.27,0.7848,891.50,686.71,0.6394,897.92,687.42,0.6062,889.36,692.41,0.8074,905.05,691.70,0.7968,872.24,723.80,0.8814,923.60,718.81,0.8495,850.12,754.47,0.8684,943.57,748.05,0.8688,822.31,780.15,0.8424,969.25,770.16,0.8442,893.64,788.71,0.8393,922.88,788.71,0.8094,846.56,792.28,0.8759,966.39,810.11,0.8506,835.15,847.91,0.8851,1008.48,847.91,0.8872
336,top,1,770.90,317.46,840.69,483.32,804.58,331.96,0.8774,808.63,329.12,0.8564,801.34,328.72,0.8503,813.90,334.38,0.8248,795.67,333.57,0.8641,824.83,354.23,0.7504,784.33,354.63,0.7952,834.95,379.74,0.7896,783.52,382.98,0.7492,813.49,389.86,0.5434,800.53,398.37,0.5274,817.54,404.44,0.6322,796.08,401.60,0.6057,803.77,440.48,0.6575,777.45,431.98,0.7236,828.88,463.56,0.7513,795.27,458.30,0.7062
336,bottom,0,798.22,661.78,1021.56,869.96,885.90,682.99,0.7815,883.72,678.63,0.6511,891.71,680.08,0.6182,880.08,685.17,0.7924,896.80,685.17,0.8198,860.45,714.98,0.8901,912.07,713.53,0.8411,838.64,746.24,0.8787,932.43,741.88,0.8430,813.20,773.14,0.8473,957.14,758.60,0.7982,882.26,782.59,0.8317,911.34,781.86,0.8087,833.55,789.86,0.8904,954.24,810.94,0.8188,830.65,848.75,0.8562,1003.67,848.02,0.8627
337,top,1,773.19,317.68,846.32,485.08,806.89,331.49,0.8966,810.57,329.04,0.8933,803.21,328.63,0.8856,815.88,333.53,0.8241,797.08,332.31,0.8705,826.10,353.15,0.7445,786.05,353.15,0.7919,840.00,376.86,0.8058,785.64,380.94,0.7815,820.79,389.94,0.6209,803.21,398.11,0.6461,821.60,402.61,0.6332,798.31,400.56,0.6335,812.61,436.12,0.7121,781.14,432.03,0.7220,831.00,463.91,0.7873,795.86,459.42,0.7278
337,bottom,0,794.95,655.29,1009.91,869.50,879.34,675.63,0.8434,877.24,672.13,0.6223,882.14,673.53,0.6302,870.94,677.72,0.7788,888.44,678.42,0.8184,850.65,708.51,0.8924,903.13,709.21,0.8341,829.66,740.00,0.8802,924.12,740.00,0.8286,806.57,768.69,0.8624,945.82,752.60,0.7448,869.54,776.39,0.8141,897.53,775.69,0.7989,823.36,793.18,0.8843,940.22,808.58,0.8235,828.26,849.16,0.8879,987.10,847.76,0.8908
338,top,1,776.43,313.98,853.37,484.58,810.32,327.64,0.8706,814.07,325.14,0.8801,806.57,324.72,0.8840,819.48,329.72,0.8365,800.74,328.47,0.8513,830.73,349.30,0.7380,789.08,349.30,0.7752,844.47,373.04,0.7822,788.66,376.37,0.7522,825.31,387.20,0.5934,805.74,395.95,0.6463,825.73,399.70,0.5977,801.57,398.86,0.6129,820.73,435.10,0.7205,787.83,429.27,0.6819,833.23,463.42,0.8013,796.16,459.67,0.7742
338,bottom,0,792.58,650.18,987.59,870.73,871.04,670.31,1.0103,869.77,668.41,0.6455,871.68,667.78,0.6889,862.79,674.12,0.7693,879.93,674.12,0.8290,841.84,703.96,0.9424,896.43,706.50,0.8845,821.53,737.60,0.8823,917.38,738.87,0.7904,800.58,766.17,0.9195,931.98,746.49,0.6620,855.17,770.61,0.7896,883.74,770.61,0.7860,818.99,791.56,0.9223,930.08,803.62,0.8486,824.70,845.52,0.9218,964.36,849.96,0.8623
339,top,1,776.98,308.03,854.57,484.16,814.06,323.86,0.9176,818.36,320.85,0.8807,810.62,320.85,0.8698,823.95,325.58,0.8778,805.03,324.29,0.8849,834.70,345.36,0.7419,792.99,345.36,0.7724,849.75,367.29,0.7495,791.70,372.44,0.7682,832.55,381.47,0.6828,806.32,392.65,0.6511,828.25,395.66,0.5846,803.74,395.66,0.6109,829.54,434.36,0.6786,794.28,429.63,0.6468,835.99,467.47,0.7920,794.71,458.01,0.7850
339,bottom,0,787.58,649.25,946.70,866.66,861.83,669.85,1.0169,863.42,668.25,0.5202,859.70,668.25,0.6584,853.34,674.09,0.6859,870.85,674.09,0.6602,835.29,702.22,0.9187,886.24,703.82,0.8529,813.53,737.79,0.8675,911.19,736.19,0.8210,793.89,766.45,0.9044,913.31,735.66,0.5940,840.07,769.10,0.7106,870.32,769.63,0.7143,813.53,788.21,0.8921,917.03,798.30,0.8819,813.00,834.92,0.8851,934.02,846.60,0.8238
340,top,1,776.37,306.22,857.23,483.70,818.53,322.17,0.8903,822.87,319.13,0.8472,815.07,318.70,0.8723,828.93,323.03,0.9092,809.87,322.17,0.8785,840.20,342.96,0.7431,797.30,343.40,0.7550,852.33,366.80,0.7489,795.14,370.26,0.7456,837.60,377.63,0.6499,806.84,393.23,0.6717,832.83,394.53,0.5985,807.70,394.53,0.6079,836.73,434.39,0.6776,798.60,430.06,0.6647,838.90,469.92,0.7634,792.97,455.62,0.7350
340,bottom,0,780.43,650.34,918.09,877.06,851.47,671.26,0.8736,853.13,669.05,0.5385,848.71,668.49,0.5446,841.51,676.24,0.7726,860.33,675.69,0.7299,826.57,704.47,0.7822,875.27,703.37,0.7807,805.53,739.34,0.7811,902.40,731.04,0.8383,786.71,765.36,0.8277,888.01,712.22,0.7089,829.89,769.79,0.6388,859.78,770.89,0.6595,804.98,777.54,0.6949,904.61,799.68,0.8041,798.89,825.14,0.7163,901.84,847.83,0.7867
341,top,1,783.91,306.08,863.81,485.85,823.86,321.35,0.9086,828.25,318.28,0.8540,820.35,317.84,0.8736,833.96,322.67,0.8985,815.08,321.35,0.8818,844.49,342.86,0.7377,802.35,343.30,0.7656,858.09,366.12,0.7618,797.53,370.07,0.7593,843.61,375.77,0.6756,806.30,394.65,0.7443,837.47,397.28,0.6089,811.57,397.28,0.6242,839.66,436.78,0.7085,802.79,434.58,0.6638,840.98,471.45,0.7454,797.97,453.90,0.7406
341,bottom,0,760.67,653.66,905.96,881.71,838.33,674.15,0.8301,838.88,670.81,0.5559,838.33,670.25,0.5107,828.86,678.05,0.7813,847.23,677.49,0.7162,816.06,708.11,0.7425,863.94,703.66,0.7708,796.57,740.40,0.7328,894.00,721.47,0.7745,779.31,764.90,0.7697,880.64,705.88,0.6914,821.62,767.68,0.6292,848.91,771.02,0.6379,793.79,771.02,0.7222,891.78,810.55,0.7712,780.42,820.58,0.7578,882.87,856.77,0.7737
342,top,1,793.09,303.47,867.71,487.09,828.61,321.76,0.9250,832.64,318.62,0.8866,825.02,318.18,0.8712,838.92,322.66,0.8814,819.64,322.21,0.8866,850.13,342.38,0.7782,807.99,343.73,0.7906,863.13,367.94,0.7780,800.81,371.07,0.7757,848.78,375.56,0.6816,806.19,397.52,0.7311,840.71,400.21,0.6357,815.61,401.11,0.6528,842.50,439.21,0.6662,807.99,440.56,0.6346,840.26,472.39,0.7636,800.81,451.77,0.7172
342,bottom,0,735.68,655.74,904.52,884.45,824.01,676.29,0.7446,823.45,672.38,0.5171,824.01,672.38,0.4846,815.07,680.20,0.7450,832.94,679.64,0.6978,803.35,711.47,0.7627,850.81,701.97,0.7828,786.04,742.73,0.7606,887.10,713.14,0.8243,768.73,764.51,0.7669,879.85,695.83,0.8060,811.16,771.21,0.6641,839.64,775.12,0.6735,781.01,771.21,0.7613,880.40,815.88,0.7955,758.12,816.44,0.7944,878.73,864.46,0.8400
343,top,1,797.77,304.93,872.27,488.45,832.78,321.87,0.8975,836.81,318.73,0.8691,829.19,318.28,0.8431,843.08,322.32,0.8837,824.26,321.87,0.8635,854.73,342.03,0.7784,812.62,343.38,0.7970,866.38,368.02,0.8006,804.10,370.71,0.7933,853.84,373.84,0.7038,805.00,398.04,0.7401,843.53,402.07,0.6656,820.23,402.07,0.6686,843.53,440.15,0.7285,815.30,439.71,0.7448,840.39,472.41,0.7842,810.38,452.70,0.6830
343,bottom,0,718.49,656.71,905.67,882.50,808.42,678.21,0.8540,805.38,675.16,0.5274,807.21,675.16,0.5814,801.11,683.08,0.7995,818.17,680.64,0.7733,790.75,712.94,0.8322,835.84,700.14,0.8297,773.08,743.41,0.8259,874.84,705.63,0.8065,754.80,764.73,0.8212,876.67,689.78,0.8879,800.50,772.65,0.7491,828.53,775.09,0.7573,765.77,778.75,0.7882,869.97,814.70,0.8324,734.70,815.91,0.8686,879.11,864.05,0.8918
344,top,1,800.27,305.34,877.80,488.48,835.90,321.35,0.8973,839.93,317.77,0.8593,832.77,317.33,0.8533,846.63,321.35,0.8828,827.85,320.90,0.8784,857.81,341.02,0.7926,816.23,341.92,0.8064,871.67,364.27,0.8008,806.39,368.74,0.8229,858.70,372.32,0.7100,805.05,395.57,0.7435,846.19,402.28,0.6818,824.28,401.38,0.6733,845.29,439.83,0.7620,819.36,440.28,0.7157,840.37,471.13,0.8098,816.68,455.03,0.6888
344,bottom,0,699.54,656.93,907.43,883.04,789.95,678.63,0.8932,787.24,676.60,0.5736,791.98,675.25,0.6481,783.86,682.69,0.8320,800.10,678.63,0.8338,774.38,713.14,0.8764,819.05,698.26,0.8729,760.17,740.21,0.8276,854.91,699.61,0.7329,744.61,758.48,0.8116,869.13,689.46,0.7591,788.60,774.05,0.8019,817.02,774.05,0.8314,751.38,786.23,0.8041,856.94,814.65,0.8845,719.57,813.97,0.9146,879.28,862.70,0.9075
345,top,1,799.22,302.42,876.84,485.62,838.47,319.77,0.8936,842.95,316.64,0.8532,835.34,316.19,0.8493,849.21,319.77,0.8876,830.42,319.32,0.8145,859.94,338.56,0.7687,818.35,340.35,0.7919,874.26,361.37,0.7769,808.06,366.74,0.8032,861.73,370.76,0.7409,805.82,394.02,0.7389,849.66,399.83,0.6603,827.29,399.39,0.6512,849.21,438.30,0.7495,822.82,437.40,0.7423,842.05,467.82,0.8160,821.03,465.58,0.7538
345,bottom,0,676.37,658.66,905.04,878.78,770.61,679.40,0.8826,769.12,677.17,0.6572,774.33,675.68,0.6819,766.14,682.38,0.8576,781.77,679.40,0.8796,757.95,714.38,0.8681,801.87,700.24,0.8509,744.56,741.92,0.7671,838.34,698.01,0.6642,731.16,754.58,0.6769,857.70,689.82,0.6538,776.56,775.42,0.8390,805.59,774.68,0.8571,737.11,788.07,0.8125,840.58,812.64,0.8962,706.59,817.85,0.8609,874.07,853.58,0.8875
346,top,1,801.88,303.42,879.85,484.84,841.75,320.16,0.8612,845.74,316.62,0.8074,838.21,316.62,0.7998,852.38,319.72,0.8782,833.34,319.28,0.7943,863.45,336.99,0.7390,821.38,339.65,0.7661,878.07,360.47,0.7704,810.30,366.23,0.7837,866.11,372.87,0.7016,808.09,394.57,0.7253,853.71,398.56,0.6608,831.12,398.12,0.6564,854.60,439.31,0.7325,828.02,438.86,0.7572,845.74,464.11,0.7395,824.03,470.75,0.7351
346,bottom,0,669.08,662.17,900.83,875.37,753.27,682.77,0.9040,751.01,679.00,0.7435,756.29,678.25,0.6805,751.01,685.79,0.8881,766.10,682.77,0.7940,743.47,716.72,0.8686,784.96,701.63,0.8560,726.87,741.62,0.7109,823.43,697.86,0.7380,718.57,747.65,0.5519,853.61,679.75,0.7511,763.83,774.81,0.8289,792.50,773.30,0.8392,721.59,779.34,0.8366,830.98,814.04,0.8475,698.96,816.30,0.8771,867.19,852.51,0.8967
347,top,1,805.06,305.07,887.17,498.27,846.12,321.96,0.8561,850.36,318.66,0.8074,842.81,318.66,0.8123,856.49,321.96,0.8797,837.63,321.49,0.8432,868.28,339.88,0.7308,824.42,342.24,0.7681,883.38,362.05,0.7899,814.04,368.66,0.7647,871.11,377.62,0.7203,811.21,398.84,0.7133,857.91,397.90,0.6369,834.80,398.37,0.6361,862.15,440.35,0.6962,832.44,440.35,0.7218,851.78,461.58,0.7727,824.89,476.67,0.7525
347,bottom,0,669.07,667.74,870.04,860.60,735.54,688.94,0.8893,734.23,685.01,0.7533,736.19,683.70,0.6298,734.88,690.90,0.8582,747.97,686.97,0.7527,730.96,720.34,0.8491,768.90,704.64,0.8274,714.60,736.69,0.6258,806.85,700.71,0.7477,704.79,741.27,0.4903,835.63,686.32,0.7282,753.86,773.33,0.8026,780.68,772.02,0.8082,713.29,773.33,0.8290,819.93,815.20,0.8243,695.63,815.20,0.8506,855.26,851.18,0.8650
348,top,1,807.94,308.06,892.45,509.98,849.70,326.20,0.8493,854.14,323.25,0.8146,846.25,323.25,0.8242,861.04,326.20,0.8986,841.32,325.71,0.8359,872.38,344.44,0.7179,828.50,346.42,0.7558,888.15,369.09,0.7886,817.66,374.02,0.7628,875.33,385.85,0.7075,815.19,403.11,0.7159,862.52,400.64,0.6525,837.87,401.13,0.6472,869.42,440.57,0.6984,834.91,441.06,0.7209,861.04,465.22,0.7966,826.04,483.46,0.7598
348,bottom,0,668.76,671.61,861.84,862.94,720.68,693.74,0.9026,720.05,690.59,0.7242,721.30,688.71,0.5752,721.30,696.25,0.8472,734.50,692.48,0.7684,720.68,723.28,0.8436,755.87,705.68,0.8115,710.62,736.48,0.5315,791.07,700.65,0.6719,696.16,734.59,0.3585,825.01,688.71,0.7423,743.93,771.04,0.7847,770.96,768.53,0.7870,708.11,764.76,0.8680,810.55,811.90,0.7933,696.16,813.16,0.8608,846.38,850.87,0.8773
349,top,1,810.13,318.21,897.43,510.93,854.72,332.23,0.8487,858.48,328.94,0.8117,850.96,329.41,0.8140,864.13,332.23,0.8585,845.78,333.17,0.8348,876.83,348.70,0.7368,832.61,352.47,0.7597,890.95,375.99,0.7764,822.25,380.22,0.7502,882.01,394.81,0.7117,818.02,408.93,0.7097,865.54,403.75,0.6525,841.07,403.75,0.6545,875.89,443.74,0.6829,837.31,445.15,0.7114,871.66,474.80,0.8055,827.43,490.32,0.7901
349,bottom,0,668.54,674.70,872.96,867.57,708.87,695.27,0.9898,707.53,692.61,0.7597,709.53,691.95,0.6210,710.20,697.94,0.9139,722.84,693.94,0.8209,710.20,725.88,0.8993,745.46,704.59,0.9056,699.55,740.52,0.6984,778.07,699.93,0.7136,692.23,737.20,0.4481,812.01,691.95,0.8148,738.14,767.14,0.8232,766.76,765.14,0.8131,704.87,763.15,0.8949,803.36,809.06,0.7774,696.22,813.06,0.8774,838.63,849.65,0.8850
350,top,1,814.67,324.02,900.24,518.17,858.87,339.57,0.8359,862.67,336.25,0.8143,854.61,336.73,0.8206,869.30,340.04,0.8534,849.39,340.04,0.8282,880.68,356.63,0.7476,836.12,360.42,0.7418,893.95,384.60,0.7815,825.70,388.39,0.7577,887.79,407.35,0.7368,820.96,416.35,0.6833,868.83,407.82,0.6541,843.23,408.30,0.6527,881.63,447.16,0.6918,839.92,447.64,0.7017,883.52,483.66,0.7518,831.86,494.09,0.7306
350,bottom,0,668.51,672.96,858.36,866.37,706.58,694.89,0.9878,702.87,692.42,0.7357,704.73,691.18,0.5839,703.49,698.60,0.8503,717.09,693.03,0.7676,703.49,726.41,0.9072,739.33,703.54,0.8796,696.07,748.04,0.6969,769.00,698.60,0.6706,688.04,744.33,0.6727,801.13,696.74,0.7842,734.39,761.63,0.8023,762.20,758.54,0.8093,701.02,762.25,0.8468,796.81,804.89,0.7763,695.46,812.92,0.8874,830.18,848.77,0.8505
351,top,1,816.19,330.41,910.62,524.37,861.51,348.78,0.8746,865.77,345.47,0.8545,857.72,345.47,0.8359,872.88,348.78,0.8889,853.46,348.78,0.8768,884.24,367.25,0.7588,841.15,370.09,0.7814,897.50,395.66,0.8069,829.31,398.03,0.7916,892.76,420.76,0.7535,823.63,425.49,0.7127,872.40,414.60,0.6580,845.41,415.08,0.6606,888.03,453.43,0.6935,841.62,453.91,0.7369,890.40,488.95,0.8169,835.47,502.68,0.8044
351,bottom,0,668.40,668.38,853.81,868.69,705.58,690.08,1.0019,702.56,689.47,0.7794,703.77,687.06,0.6274,700.15,694.90,0.9035,714.63,688.87,0.8355,698.34,725.08,0.8793,736.96,698.53,0.8587,691.09,753.45,0.6725,769.56,699.13,0.6663,686.87,754.66,0.6634,798.53,702.75,0.7682,733.34,757.07,0.7845,761.11,751.64,0.7929,700.15,761.90,0.8329,793.09,798.11,0.7931,695.92,813.20,0.8759,821.46,845.19,0.8427
352,top,1,819.03,338.59,912.33,527.70,865.22,360.20,0.8560,869.38,356.51,0.8235,861.53,356.51,0.8299,876.76,359.28,0.8650,856.91,359.28,0.8477,887.38,376.36,0.7508,844.44,380.98,0.7622,900.31,405.45,0.7925,831.05,409.14,0.7632,896.61,432.22,0.7045,824.59,438.23,0.6834,872.61,425.30,0.6197,848.14,424.84,0.6474,892.92,457.62,0.6536,844.91,459.46,0.6980,891.54,489.01,0.7819,841.21,505.17,0.7426
352,bottom,0,669.59,661.57,850.11,867.25,705.79,682.73,0.9855,703.43,681.56,0.7446,703.43,680.38,0.6088,699.91,688.02,0.9070,714.01,682.73,0.8410,698.73,717.40,0.8341,735.75,692.72,0.8463,691.68,734.44,0.6380,761.02,697.42,0.6409,685.81,757.36,0.6929,790.99,705.65,0.7201,732.82,749.13,0.7212,759.85,743.26,0.7552,701.08,761.47,0.8174,792.75,794.97,0.7616,696.38,812.01,0.8392,817.43,841.98,0.8237
353,top,1,820.01,354.42,908.86,530.78,866.16,368.55,0.8528,870.46,365.10,0.8298,863.15,365.53,0.8404,877.35,368.98,0.8531,858.41,368.98,0.8015,888.12,386.63,0.7458,845.49,389.64,0.7409,902.33,415.48,0.8084,831.72,417.20,0.7645,898.02,441.74,0.6910,825.26,445.18,0.6913,876.06,431.84,0.6232,851.09,430.98,0.6241,894.14,469.29,0.6105,847.65,461.11,0.6836,892.42,488.67,0.7343,847.21,506.32,0.6545
353,bottom,0,669.90,653.39,845.33,861.44,706.79,674.04,0.9730,704.51,671.76,0.6881,704.51,671.19,0.5818,700.51,679.75,0.9046,715.36,674.61,0.8424,698.23,711.16,0.8304,737.63,686.04,0.8376,688.52,746.00,0.6069,761.61,695.17,0.6525,685.66,767.12,0.5457,789.60,709.45,0.7627,733.63,743.71,0.7172,760.47,737.43,0.7229,703.37,762.56,0.7865,793.02,788.25,0.7971,697.09,812.81,0.8287,818.15,835.08,0.8437
354,top,1,815.57,360.89,908.39,533.19,865.76,375.11,0.8866,869.55,371.75,0.8476,862.40,372.17,0.8909,875.86,375.53,0.8587,857.77,375.53,0.8292,887.22,392.78,0.7600,844.31,396.98,0.7408,898.99,420.54,0.7872,831.69,424.33,0.7671,898.15,446.20,0.7024,824.54,452.93,0.7188,875.02,437.79,0.6049,850.62,437.79,0.6197,893.95,473.12,0.6245,850.62,465.55,0.6902,892.69,488.26,0.6912,855.67,510.56,0.6543
354,bottom,0,669.82,643.55,844.57,862.57,709.41,664.32,1.0217,707.71,661.48,0.6924,707.14,662.04,0.6278,702.59,670.58,0.8608,718.51,666.03,0.8259,698.60,703.57,0.8684,741.84,679.11,0.8534,690.64,742.82,0.7003,764.59,693.90,0.6847,686.66,774.67,0.6818,787.91,711.53,0.7496,735.58,738.27,0.6956,763.45,732.01,0.6858,706.00,764.43,0.7715,795.31,783.21,0.8205,696.90,813.92,0.8381,821.47,828.71,0.8572
355,top,1,816.06,360.94,908.82,540.91,862.44,378.86,0.9276,866.39,375.35,0.8575,858.92,375.79,0.8803,873.42,379.30,0.8865,854.53,379.74,0.8466,884.85,397.76,0.7730,842.23,402.15,0.7621,895.39,425.00,0.7969,829.93,429.83,0.8026,895.83,451.36,0.7224,822.46,459.71,0.7800,873.42,443.45,0.6455,848.38,444.33,0.6621,891.44,475.53,0.6581,853.21,475.09,0.6819,897.15,491.34,0.6432,867.27,522.10,0.7230
355,bottom,0,671.44,636.48,845.77,854.77,713.21,655.39,1.0129,712.64,653.12,0.7038,711.50,653.69,0.6319,705.83,661.63,0.8190,723.42,657.09,0.8217,700.15,695.68,0.8801,746.69,671.28,0.8636,695.61,737.11,0.7544,767.12,693.41,0.6919,692.78,771.73,0.7431,787.55,715.54,0.6894,738.18,734.27,0.7119,767.12,728.60,0.6860,709.23,767.19,0.8368,797.76,777.40,0.8335,696.75,814.29,0.8872,825.57,825.64,0.8953
356,top,1,814.85,367.13,909.41,544.09,858.67,383.03,0.9233,862.56,379.57,0.8816,855.65,380.00,0.8812,869.04,383.03,0.8690,850.89,383.89,0.8877,881.14,400.74,0.7631,838.80,405.92,0.7754,890.64,427.96,0.7854,827.13,434.01,0.7942,892.37,453.02,0.7358,820.65,464.68,0.7535,871.20,448.70,0.6660,847.44,450.42,0.6541,890.21,478.94,0.6703,856.08,477.21,0.7136,895.83,491.03,0.5601,869.04,523.44,0.7769
356,bottom,0,673.95,628.00,850.82,851.46,718.05,648.19,1.0058,716.33,645.88,0.6861,715.75,646.46,0.6267,709.99,653.94,0.8014,728.99,649.91,0.8328,703.66,689.06,0.8766,752.02,665.46,0.8708,701.36,728.79,0.7490,769.30,691.37,0.6823,700.21,766.79,0.8047,785.99,715.55,0.6652,741.66,729.94,0.7303,771.02,725.34,0.7003,712.87,767.37,0.8471,800.39,774.28,0.8384,697.33,815.73,0.8984,829.75,822.64,0.9020
357,top,1,813.83,369.70,896.35,544.81,853.81,383.72,0.9119,857.66,380.73,0.8494,850.39,380.73,0.8661,864.50,384.58,0.8721,846.12,384.58,0.8538,876.47,402.53,0.7854,834.14,407.66,0.7838,885.87,429.90,0.7928,823.03,436.74,0.7851,888.44,455.97,0.7330,817.04,466.66,0.7725,867.49,450.42,0.6739,844.83,452.55,0.6762,881.60,486.33,0.6370,858.51,479.92,0.7050,864.93,496.16,0.3265,870.48,524.38,0.7771
357,bottom,0,675.83,622.69,854.09,847.86,723.76,643.01,0.9855,722.60,640.11,0.6682,722.60,640.69,0.6248,715.64,648.24,0.7863,734.21,644.75,0.8260,708.68,683.05,0.8766,758.00,662.74,0.8719,706.93,723.09,0.7726,773.67,690.02,0.7193,706.35,760.23,0.8104,787.59,720.77,0.6627,742.91,727.73,0.7377,773.09,723.67,0.7246,715.06,766.61,0.8467,803.26,772.41,0.8651,698.81,815.93,0.9025,832.85,822.32,0.9121
358,top,1,810.10,367.48,891.29,545.84,848.52,382.63,0.9353,852.87,379.59,0.8611,845.47,379.59,0.8907,859.40,383.50,0.8851,840.68,383.94,0.8789,871.60,402.23,0.8059,828.92,407.45,0.8102,880.31,430.10,0.8032,818.47,436.63,0.7879,883.79,456.22,0.7482,813.68,465.80,0.7725,863.32,451.43,0.6895,841.55,455.35,0.6853,877.69,491.49,0.6533,859.40,484.96,0.6701,871.16,498.90,0.5394,870.73,524.59,0.7798
358,bottom,0,684.01,619.23,856.35,846.49,729.23,639.73,0.9927,728.11,636.93,0.6893,726.98,637.49,0.6753,720.81,644.22,0.8107,739.33,640.86,0.8250,712.40,679.56,0.8998,762.89,661.61,0.8677,712.40,718.27,0.7802,779.72,693.03,0.7490,711.84,754.18,0.7771,791.50,724.44,0.7196,744.37,728.37,0.7569,774.67,726.13,0.7474,714.64,764.27,0.8711,806.64,773.25,0.8577,701.74,817.57,0.9263,835.25,824.86,0.9273
359,top,1,806.23,362.59,885.25,548.34,842.57,380.64,0.9497,846.65,377.47,0.8974,838.94,377.47,0.9186,853.90,381.55,0.9004,834.40,381.55,0.8761,865.69,400.60,0.7674,823.07,405.58,0.7772,874.76,428.71,0.7931,813.09,435.51,0.7867,879.30,455.01,0.7123,809.46,465.44,0.7686,857.53,450.02,0.6844,836.67,454.56,0.6648,873.86,481.77,0.7511,857.53,484.94,0.6642,853.45,495.83,0.6762,871.13,523.94,0.7817
359,bottom,0,691.07,618.39,860.25,853.65,734.88,638.38,0.9583,735.46,636.08,0.6837,732.58,636.08,0.6782,725.69,642.98,0.8152,745.22,640.10,0.8324,715.93,678.59,0.8765,769.34,663.65,0.8407,716.50,716.49,0.7619,784.85,696.39,0.7487,714.78,753.83,0.8050,796.34,730.85,0.7129,745.79,729.70,0.7300,777.38,728.55,0.7216,715.35,764.74,0.8517,808.97,776.23,0.8378,705.59,819.88,0.8960,837.12,829.07,0.8844
360,top,1,798.87,358.00,882.94,547.99,835.80,379.24,0.9057,839.97,375.53,0.8628,832.55,376.00,0.8946,847.86,379.71,0.8588,828.38,380.17,0.8599,859.46,399.19,0.7613,817.25,404.29,0.7613,869.66,426.56,0.7716,807.04,434.91,0.7557,875.23,452.53,0.7210,804.26,465.06,0.7556,852.50,451.60,0.6988,831.16,456.24,0.6641,867.34,485.93,0.7646,852.50,489.18,0.6325,840.44,503.56,0.6259,869.20,523.96,0.7637
360,bottom,0,689.27,617.65,860.40,853.99,741.37,638.89,0.9465,740.79,636.00,0.6858,740.21,636.58,0.6604,732.14,642.92,0.8443,751.75,641.19,0.8102,721.17,678.70,0.8874,774.83,665.43,0.8472,718.87,716.78,0.7657,788.68,697.74,0.7712,715.40,754.28,0.8014,798.49,732.36,0.7072,745.98,734.09,0.7236,778.30,732.94,0.6898,718.29,767.55,0.8668,811.76,779.09,0.8453,705.02,821.79,0.8544,836.00,832.75,0.8799
361,top,1,791.78,363.72,879.83,544.97,829.61,377.80,0.8600,833.15,374.70,0.8279,826.07,374.70,0.8450,840.67,378.24,0.7803,821.64,379.57,0.8159,853.50,398.59,0.7580,810.58,404.35,0.7669,864.57,426.47,0.7623,800.40,434.44,0.7599,872.53,452.14,0.7574,797.31,464.53,0.7542,846.87,453.46,0.6883,825.18,457.00,0.6533,859.26,491.96,0.7299,844.21,493.73,0.6430,824.30,514.53,0.6028,864.12,526.92,0.6974
361,bottom,0,691.04,619.15,860.05,856.21,749.50,640.45,0.9169,748.34,636.98,0.6564,749.50,636.98,0.6053,739.66,643.92,0.8500,761.08,642.76,0.7561,726.93,678.65,0.8754,780.75,669.39,0.8530,722.30,717.42,0.7815,794.06,701.80,0.7759,717.09,754.46,0.7994,801.01,735.36,0.7059,749.50,737.10,0.6969,782.49,737.10,0.6717,721.14,770.67,0.8378,815.48,781.66,0.8581,706.09,823.33,0.8578,834.00,834.91,0.8776
362,top,1,782.17,362.22,879.00,548.64,822.39,379.43,0.8525,826.03,375.79,0.8007,818.75,376.70,0.8599,833.77,379.88,0.7958,815.11,381.25,0.8137,847.42,400.36,0.7641,803.73,404.91,0.7817,860.62,426.76,0.7787,793.72,434.95,0.7585,870.63,451.33,0.7620,789.62,465.44,0.7536,840.14,455.43,0.7023,818.75,458.16,0.6705,852.43,496.85,0.7417,835.59,498.21,0.6481,820.12,520.51,0.4406,849.24,523.70,0.3787
362,bottom,0,692.12,619.70,860.77,856.98,757.33,640.44,0.8722,754.43,637.54,0.6262,758.49,637.54,0.6062,748.64,644.49,0.8068,768.92,643.91,0.8088,734.16,678.67,0.8603,788.03,669.98,0.8536,727.21,716.33,0.7595,799.04,701.26,0.7707,719.68,753.98,0.8093,805.41,733.13,0.7198,755.01,738.92,0.6633,787.45,739.50,0.6656,723.73,770.78,0.8212,821.05,783.52,0.8279,706.35,822.92,0.8533,834.38,836.82,0.8741
363,top,1,773.75,365.92,879.99,553.70,815.87,381.88,0.8864,819.54,378.21,0.8272,812.20,378.67,0.9076,827.79,381.42,0.8386,808.53,383.71,0.8127,841.54,402.96,0.7443,797.99,408.01,0.7592,857.59,429.10,0.7895,787.45,438.26,0.7710,869.96,453.85,0.7860,781.49,467.14,0.7345,834.21,460.73,0.7074,812.66,462.10,0.6531,844.29,504.28,0.7383,829.62,501.53,0.6593,809.91,527.66,0.5592,839.71,536.37,0.5819
363,bottom,0,693.67,616.83,862.20,857.94,766.75,639.08,0.9162,764.40,635.55,0.5381,766.16,635.55,0.6615,758.51,643.20,0.7671,777.93,642.02,0.7909,743.79,675.57,0.8478,797.36,669.10,0.8314,734.37,714.43,0.7655,807.37,702.65,0.8041,723.78,750.92,0.8277,812.66,736.79,0.7181,761.45,738.56,0.6691,793.24,738.56,0.6805,729.08,770.35,0.8270,827.38,783.30,0.8448,707.30,822.15,0.8680,837.39,838.63,0.9240
364,top,1,765.44,367.51,878.18,558.96,808.72,385.64,0.9160,812.46,381.90,0.8615,805.45,382.37,0.9125,820.87,385.17,0.8572,801.71,387.51,0.7667,835.83,406.21,0.7420,792.36,412.28,0.7639,852.66,430.98,0.7938,780.21,442.20,0.7876,868.55,455.29,0.7801,772.73,470.24,0.7330,828.35,465.10,0.7089,805.92,465.10,0.6497,834.90,510.44,0.7448,818.07,502.49,0.6849,805.92,531.01,0.5985,826.48,545.03,0.6021
364,bottom,0,693.35,614.31,862.30,859.87,776.62,635.78,0.8478,777.22,632.18,0.5492,774.82,632.18,0.5705,767.63,639.37,0.7774,787.41,638.77,0.7701,753.24,672.35,0.8307,807.20,666.95,0.8702,742.45,711.31,0.8137,816.79,702.32,0.8070,731.06,747.88,0.8163,821.59,737.09,0.7085,769.43,738.29,0.7067,800.00,737.69,0.7230,735.86,772.46,0.8383,834.18,783.26,0.8938,708.88,822.22,0.8383,838.97,840.21,0.9269
365,top,1,755.80,374.77,874.37,576.91,801.27,388.49,0.8594,805.22,385.03,0.8381,797.81,385.52,0.9034,814.10,388.49,0.8593,795.35,390.46,0.7805,829.89,409.21,0.7257,785.48,416.12,0.7568,848.65,433.40,0.7203,773.63,445.73,0.7767,866.91,458.07,0.7097,764.25,475.84,0.7250,821.50,469.42,0.6660,799.29,469.42,0.6029,824.96,515.32,0.7242,808.18,505.45,0.7111,803.24,532.59,0.6664,808.18,552.33,0.6959
365,bottom,0,690.45,611.02,864.06,860.19,787.60,632.80,0.8767,786.38,629.76,0.6300,788.21,629.15,0.5190,777.87,636.45,0.8019,797.33,635.84,0.7344,763.27,669.30,0.8457,816.19,664.43,0.8827,752.32,707.62,0.7864,825.32,700.32,0.8019,740.76,742.91,0.7842,831.40,734.39,0.7321,776.04,735.61,0.7253,805.85,735.00,0.7396,746.23,775.15,0.7870,838.70,781.84,0.8965,713.38,820.17,0.8321,839.92,839.63,0.8945
366,top,1,752.28,378.46,872.40,578.85,794.73,394.51,0.8454,798.15,390.60,0.8522,791.30,392.06,0.8816,806.47,394.02,0.8275,787.88,396.47,0.7979,824.57,413.59,0.7277,779.56,423.37,0.7642,844.14,437.56,0.7217,767.33,451.26,0.7585,864.69,461.04,0.7112,757.06,478.17,0.6916,815.28,474.74,0.6723,793.26,474.25,0.6620,820.66,517.79,0.7461,795.71,509.97,0.6895,801.58,533.45,0.6666,791.79,557.42,0.7403
366,bottom,0,701.37,608.20,864.21,860.46,796.34,629.63,0.7794,793.87,626.55,0.5904,800.03,626.55,0.5223,787.10,633.33,0.8183,807.42,632.71,0.7443,772.32,665.35,0.8526,824.67,661.66,0.8768,762.47,702.92,0.7874,833.29,696.76,0.8052,749.53,738.64,0.7888,841.91,730.02,0.7440,782.17,733.10,0.7485,811.73,733.10,0.7571,756.31,774.98,0.7750,841.30,781.75,0.8974,722.43,819.32,0.8160,840.06,839.64,0.8781
367,top,1,745.35,382.72,874.94,588.04,787.09,400.67,0.8968,790.60,397.16,0.8873,784.08,397.66,0.9176,799.62,399.67,0.8805,780.57,402.17,0.8082,818.16,419.72,0.7384,773.05,429.74,0.7889,838.22,442.27,0.7249,761.02,457.31,0.7781,860.77,465.33,0.7308,749.49,482.37,0.7242,810.14,479.87,0.6412,786.59,480.87,0.6450,817.16,521.47,0.7697,784.08,521.47,0.6961,799.62,534.50,0.6935,775.56,567.09,0.7324
367,bottom,0,714.57,606.37,862.95,860.55,805.51,626.73,0.8085,803.03,623.63,0.6020,809.24,623.63,0.5771,794.97,629.83,0.8601,815.44,629.83,0.7870,780.07,661.48,0.8711,832.20,659.62,0.8956,770.14,699.33,0.8133,840.27,694.37,0.8058,757.73,734.71,0.7834,849.57,724.16,0.7957,788.14,728.50,0.7462,816.06,729.74,0.7544,766.42,770.70,0.7525,840.89,781.87,0.8778,734.15,813.52,0.8464,840.27,838.96,0.9276
368,top,1,730.30,388.24,863.64,601.05,780.34,408.92,0.8995,783.98,404.76,0.8698,777.22,405.80,0.8878,793.85,407.36,0.8573,774.63,409.44,0.7819,809.96,426.58,0.7480,766.83,436.98,0.7993,830.74,446.33,0.7476,755.92,462.43,0.7903,852.04,466.59,0.7266,745.53,484.77,0.7610,804.24,485.81,0.6918,780.34,486.33,0.6784,812.55,526.86,0.7517,774.63,528.94,0.7533,799.04,537.25,0.6596,761.12,572.06,0.7120
368,bottom,0,729.68,603.61,864.19,860.32,813.23,622.92,0.8169,810.72,619.78,0.6079,815.74,620.41,0.5641,801.95,626.05,0.8500,822.63,626.05,0.7941,786.28,657.39,0.8701,838.30,656.13,0.8808,776.25,694.99,0.8064,847.07,690.60,0.7831,764.97,730.09,0.7812,856.48,716.93,0.7940,793.18,725.08,0.7302,820.75,726.33,0.7221,775.00,766.44,0.7387,840.81,781.48,0.8514,749.30,805.92,0.7887,840.18,837.89,0.9458
369,top,4,725.34,400.90,816.89,606.25,773.12,418.35,0.8813,776.63,414.34,0.8302,769.61,415.34,0.8401,786.16,416.84,0.8798,766.61,419.35,0.7483,802.20,436.90,0.7385,760.09,447.42,0.7450,824.26,456.45,0.6407,749.56,473.49,0.6801,848.33,475.50,0.6733,738.03,495.05,0.6448,798.69,496.06,0.6886,773.62,496.06,0.6655,807.22,541.68,0.6708,764.10,539.17,0.7154,795.18,540.68,0.5454,748.56,585.30,0.6975
369,bottom,0,749.98,599.08,868.38,859.01,818.70,619.90,0.8066,818.07,616.72,0.5758,820.60,617.36,0.5261,808.55,622.43,0.7944,828.22,623.07,0.7705,792.05,652.89,0.8528,844.08,652.89,0.8842,781.26,690.33,0.8196,852.97,685.89,0.7816,771.11,725.24,0.8001,861.22,710.01,0.7814,797.12,720.16,0.7392,824.41,722.70,0.7165,785.07,760.77,0.7689,841.55,779.18,0.8409,764.13,803.29,0.7750,840.91,836.92,0.8888
370,top,1,718.26,410.83,830.24,610.41,767.43,428.27,0.8170,770.84,423.89,0.7748,764.02,425.35,0.8003,780.10,425.84,0.8250,760.61,429.25,0.7881,797.15,446.30,0.7196,755.25,457.51,0.7634,818.59,463.36,0.7202,745.50,484.80,0.7263,840.52,481.87,0.6969,732.35,505.75,0.7159,793.25,503.80,0.6268,766.94,501.85,0.6506,802.02,553.99,0.7183,757.20,540.83,0.6932,787.41,543.27,0.4828,745.99,591.51,0.7342
370,bottom,0,764.21,595.18,873.84,857.48,824.78,617.46,0.7985,823.50,613.62,0.5609,826.07,614.26,0.5264,813.90,619.38,0.8088,833.75,620.66,0.7886,796.61,649.48,0.8375,849.12,650.76,0.8621,785.72,685.98,0.8426,858.73,681.50,0.7237,775.47,721.21,0.8020,866.41,705.20,0.7275,800.45,716.72,0.7408,826.71,719.28,0.7180,794.69,757.07,0.7640,844.64,776.28,0.8368,779.96,803.18,0.7607,843.36,834.56,0.8796
371,top,2,715.65,418.37,822.76,610.36,760.77,435.15,0.8169,764.52,430.94,0.7706,757.49,431.87,0.8154,774.36,432.34,0.7955,755.14,436.09,0.7312,792.17,452.03,0.7119,750.46,463.74,0.7474,811.86,469.84,0.6767,742.49,492.34,0.7184,833.89,488.59,0.6481,729.36,514.83,0.7042,787.95,510.15,0.5914,761.24,507.33,0.6273,797.80,563.58,0.6742,753.27,538.74,0.6512,795.92,564.05,0.5173,746.71,591.70,0.7385
371,bottom,0,769.53,594.86,880.66,856.06,829.56,616.41,0.8094,828.92,612.59,0.5669,831.47,613.22,0.5433,819.99,618.33,0.8107,838.49,619.60,0.7811,800.86,647.66,0.8374,853.79,648.94,0.8565,788.74,685.28,0.8437,865.27,682.10,0.7403,778.54,720.36,0.8027,872.92,705.69,0.7086,802.77,714.62,0.7259,828.92,717.17,0.7192,804.69,754.79,0.7721,849.33,773.29,0.8376,793.21,802.62,0.7545,847.41,831.32,0.8667
372,top,1,713.10,421.18,845.55,610.45,756.68,439.57,0.8977,760.38,434.95,0.8201,753.45,436.34,0.8370,770.54,435.87,0.8539,751.60,440.03,0.6959,789.03,453.89,0.7733,747.90,466.83,0.8317,808.44,473.76,0.7827,740.97,495.94,0.7935,830.15,495.48,0.7753,729.42,519.97,0.7691,785.79,510.27,0.6098,759.45,508.42,0.6810,792.72,567.10,0.7788,751.60,541.23,0.7262,784.41,560.63,0.5217,747.44,592.98,0.8469
372,bottom,0,772.82,597.14,886.74,853.58,834.79,617.67,0.7999,833.53,613.92,0.5573,836.04,614.54,0.5433,824.77,619.55,0.8171,843.55,620.80,0.7765,805.36,648.98,0.8266,857.95,650.23,0.8445,792.21,685.92,0.8418,870.47,683.41,0.7589,780.94,721.60,0.8173,879.86,709.08,0.7456,805.99,716.59,0.7226,831.66,719.10,0.7132,813.50,753.53,0.7829,855.45,771.69,0.8261,806.61,800.49,0.7940,851.06,829.29,0.8577
373,top,4,725.49,423.70,813.75,609.78,754.18,442.23,0.8848,757.36,437.24,0.8066,750.54,438.60,0.8161,767.81,438.15,0.7962,748.27,441.78,0.6463,786.43,454.50,0.7593,745.54,469.49,0.8134,805.97,474.94,0.7637,739.64,499.93,0.7548,827.77,498.57,0.7171,727.37,523.10,0.7643,785.07,510.38,0.6056,759.17,509.02,0.6699,790.52,570.35,0.7394,751.90,541.27,0.6715,784.16,565.35,0.4651,747.36,593.06,0.7835
373,bottom,0,772.65,599.95,893.15,855.24,840.38,621.01,0.7668,839.76,617.27,0.5523,842.87,617.90,0.5430,829.16,623.51,0.8028,848.48,624.75,0.7716,810.46,651.55,0.8092,861.57,654.05,0.8314,796.13,688.95,0.8428,874.66,687.08,0.7649,782.41,723.86,0.8162,885.88,713.26,0.7935,808.59,718.25,0.7118,834.15,720.74,0.7023,821.68,755.64,0.7599,860.95,772.47,0.8184,817.32,799.27,0.7640,856.58,830.44,0.8380
374,top,3,721.07,421.21,806.00,610.63,751.05,442.86,0.8155,754.29,437.77,0.7130,747.81,439.16,0.7512,765.38,437.77,0.7912,746.42,442.39,0.5987,784.81,453.96,0.7394,744.57,470.14,0.7678,805.15,475.23,0.7454,738.56,500.20,0.7035,827.35,497.89,0.7096,727.46,523.32,0.7072,784.81,508.52,0.6005,757.99,507.60,0.6402,791.28,567.72,0.7122,751.51,542.28,0.6578,780.64,562.17,0.5260,747.35,592.23,0.7593
374,bottom,0,772.78,604.25,901.59,858.30,845.25,625.21,0.7419,844.63,621.49,0.5834,846.49,622.73,0.5639,834.70,628.31,0.7689,852.69,629.55,0.7245,814.86,656.22,0.8090,865.10,659.32,0.8308,799.97,693.44,0.8629,879.98,694.68,0.8099,784.46,728.79,0.8436,893.01,719.49,0.8219,811.75,723.83,0.7275,835.94,726.93,0.7083,829.74,758.56,0.7670,865.72,775.31,0.8109,820.44,800.74,0.8087,863.86,834.24,0.8189
375,top,2,719.31,420.00,802.86,610.76,748.51,442.73,0.7899,751.77,437.61,0.7099,746.18,439.00,0.7547,763.41,437.14,0.7946,745.25,441.80,0.5791,782.97,452.51,0.7173,744.32,469.28,0.7484,804.86,472.07,0.7396,739.19,498.62,0.6967,828.61,493.49,0.7227,728.48,521.44,0.6914,785.77,507.00,0.6113,758.75,506.07,0.6230,793.22,564.75,0.7348,752.70,541.46,0.6523,778.78,560.09,0.6382,747.11,591.76,0.7706
375,bottom,0,773.76,610.84,909.95,862.65,851.08,632.23,0.7590,850.46,627.93,0.5795,852.31,629.16,0.5855,840.63,635.31,0.7667,857.22,635.92,0.7259,821.57,662.36,0.8111,868.91,666.05,0.8253,803.74,699.86,0.8538,884.28,701.71,0.8172,787.75,734.29,0.8605,900.26,726.30,0.8318,815.42,730.60,0.7463,837.55,734.29,0.7176,836.94,757.65,0.6855,871.36,780.40,0.8366,820.95,801.30,0.8154,871.98,839.42,0.8279
376,top,4,720.67,417.99,806.18,610.07,747.48,440.88,0.7839,750.76,435.72,0.7206,744.67,437.13,0.7365,762.96,436.19,0.8023,744.20,440.41,0.5618,782.65,449.79,0.6921,744.20,467.14,0.7467,806.57,468.54,0.7450,739.04,496.68,0.6886,830.95,487.30,0.7233,729.66,519.66,0.6799,786.40,501.84,0.6235,758.74,501.84,0.6194,796.72,559.52,0.7019,753.11,540.29,0.6547,780.78,557.64,0.6557,747.01,591.88,0.7562
376,bottom,0,779.98,618.22,920.06,862.96,857.79,639.61,0.7477,857.19,635.43,0.5876,858.38,636.03,0.5897,846.43,642.00,0.7498,863.16,643.20,0.7027,827.31,668.29,0.8227,873.92,674.27,0.8216,807.60,705.34,0.8769,889.46,709.52,0.8263,790.27,739.99,0.8735,907.98,733.42,0.8386,818.95,734.62,0.7625,840.46,738.80,0.7126,842.25,757.92,0.6341,878.70,783.61,0.8447,822.53,800.94,0.8203,876.91,842.17,0.8340
377,top,1,719.36,413.23,810.43,610.08,749.52,435.72,0.8106,752.88,430.44,0.7485,746.63,431.88,0.7780,764.42,430.92,0.8216,745.19,435.24,0.6013,784.60,445.82,0.7042,745.19,462.64,0.7542,809.11,463.60,0.7236,740.87,493.39,0.6811,832.66,480.42,0.7282,731.74,516.46,0.6587,787.96,499.16,0.6418,760.57,499.64,0.6271,801.90,552.98,0.7226,753.36,542.41,0.6860,784.12,556.35,0.7257,747.60,591.43,0.7528
377,bottom,0,782.23,623.61,928.36,859.66,866.24,645.39,0.7378,866.24,641.36,0.5704,867.97,642.51,0.5604,853.57,647.70,0.7020,869.70,648.85,0.6368,833.97,672.48,0.8125,877.77,679.97,0.8188,812.07,708.79,0.8794,893.91,715.70,0.7982,793.06,742.79,0.8566,912.92,741.06,0.8175,821.87,739.33,0.7814,844.92,742.21,0.7138,846.07,758.92,0.5901,889.30,782.55,0.8601,824.18,798.69,0.8077,880.65,839.03,0.8373
378,top,3,721.58,409.01,816.29,610.49,752.70,429.08,0.8240,755.66,424.16,0.7917,749.26,425.64,0.8114,766.48,424.16,0.8399,747.29,429.57,0.6497,786.15,439.41,0.6989,746.80,457.61,0.7575,811.24,458.10,0.6875,743.85,487.62,0.6917,837.31,476.30,0.7044,735.98,512.21,0.6904,791.07,494.50,0.6513,763.03,495.98,0.6357,806.81,548.12,0.7574,756.64,540.25,0.6908,788.12,552.55,0.7453,747.78,591.41,0.7582
378,bottom,0,784.22,630.41,937.07,859.54,872.96,652.68,0.7253,871.84,649.32,0.5454,874.63,650.44,0.5367,860.65,655.47,0.7093,876.87,657.15,0.6486,840.51,678.41,0.7883,883.58,688.48,0.8057,815.90,712.53,0.8265,899.81,724.28,0.7759,795.76,744.42,0.8308,919.95,752.81,0.7762,823.73,742.74,0.7492,848.34,746.10,0.6589,848.34,758.40,0.5119,898.69,777.42,0.8417,825.97,797.56,0.7632,890.30,832.25,0.8083
379,top,2,727.51,397.59,821.65,610.07,756.42,421.35,0.8392,760.06,416.68,0.7956,752.79,418.24,0.8276,770.95,418.24,0.8580,751.24,421.87,0.7164,790.66,433.28,0.7183,749.68,451.96,0.7696,814.01,452.99,0.7147,746.57,483.60,0.6844,841.50,471.67,0.7219,739.82,510.06,0.7017,793.78,493.46,0.6723,767.32,495.53,0.6575,811.93,540.66,0.7673,759.02,539.63,0.7218,793.26,547.41,0.7500,748.12,590.47,0.7738
379,bottom,0,785.94,636.71,941.07,861.61,878.88,658.57,0.7255,877.78,655.27,0.5115,881.62,656.92,0.5473,865.70,661.31,0.7005,882.72,663.51,0.6588,844.83,684.37,0.7633,888.21,693.16,0.7929,818.48,717.87,0.8162,903.04,731.04,0.7725,797.07,749.71,0.8234,923.35,759.05,0.7886,827.26,745.32,0.7185,853.07,748.61,0.6375,846.48,761.79,0.5280,902.49,783.75,0.8258,830.56,800.23,0.7601,899.19,838.11,0.8719
380,top,3,733.20,393.38,858.92,611.62,760.36,415.65,0.9383,764.09,411.39,0.9276,757.16,411.92,0.9209,774.75,412.46,0.9425,755.03,416.19,0.8304,794.46,428.44,0.7580,752.37,446.56,0.8218,818.44,448.16,0.7001,750.24,480.12,0.7512,845.08,465.74,0.7276,743.84,507.30,0.7418,798.19,489.72,0.6911,770.48,493.45,0.6897,816.31,533.94,0.7911,761.96,538.20,0.7359,798.72,548.33,0.7662,749.17,588.82,0.8453
380,bottom,0,788.59,642.53,940.67,866.82,881.60,664.32,0.7063,878.87,661.03,0.4952,884.89,662.13,0.5563,869.01,665.96,0.7443,887.08,668.15,0.6979,849.30,688.96,0.7660,892.01,697.18,0.8169,823.01,722.91,0.8066,905.15,734.96,0.7862,800.56,752.48,0.8334,923.77,759.60,0.7876,831.23,750.84,0.7076,856.96,754.67,0.6460,846.56,767.27,0.5065,901.32,796.29,0.8137,838.89,804.51,0.6878,896.94,846.12,0.8308
381,top,1,735.68,388.52,862.66,608.57,764.79,412.05,0.9509,769.09,407.76,0.9371,761.57,408.29,0.9255,779.30,409.37,0.9792,758.88,412.59,0.8503,798.64,425.48,0.7666,755.66,443.21,0.8249,821.20,445.36,0.7282,752.97,476.52,0.7470,849.14,460.94,0.7320,746.53,506.61,0.7318,800.79,488.88,0.7141,772.85,492.10,0.7091,820.13,531.32,0.7918,763.72,535.62,0.7591,806.69,547.44,0.7841,751.36,586.65,0.8574
381,bottom,0,795.86,645.42,931.26,866.34,880.82,666.88,0.7741,879.20,664.19,0.5242,883.52,665.26,0.5552,870.57,670.66,0.7576,888.91,671.74,0.7289,851.69,692.77,0.7528,894.84,701.94,0.8011,824.73,724.06,0.7636,909.95,738.62,0.7599,802.07,753.18,0.8011,923.97,751.56,0.6980,833.89,753.72,0.6872,859.78,757.50,0.6202,849.00,770.98,0.5075,901.86,801.19,0.7769,844.14,808.74,0.6736,897.00,845.95,0.8143
382,top,1,739.33,389.79,865.99,607.46,769.71,410.94,0.9490,773.96,406.69,0.9440,766.52,407.22,0.9215,784.06,408.28,0.9755,763.86,411.47,0.8486,803.19,425.82,0.7534,759.08,441.76,0.8233,824.45,443.89,0.7104,755.36,474.71,0.7427,854.74,457.70,0.7232,748.98,505.53,0.7233,803.72,488.53,0.6937,775.02,491.71,0.7009,821.79,528.92,0.7190,765.46,533.70,0.7483,815.94,550.70,0.7670,754.83,585.78,0.8550
382,bottom,0,790.68,645.73,930.43,866.49,879.42,666.64,0.8520,877.81,664.49,0.5545,879.96,664.49,0.5784,869.72,670.42,0.7611,888.05,671.49,0.7421,850.32,692.51,0.7536,895.59,700.60,0.8225,823.91,721.62,0.7328,911.76,734.55,0.7943,800.73,748.03,0.8090,919.85,734.01,0.6623,833.61,753.42,0.6690,861.10,757.73,0.6043,847.62,768.51,0.4925,902.60,801.93,0.7592,843.85,808.93,0.6753,897.21,846.66,0.8279
383,top,1,739.37,389.69,872.65,609.23,774.92,411.02,0.9758,778.67,406.73,0.9651,771.71,407.81,0.9345,788.86,408.88,0.9848,769.03,411.56,0.8552,807.08,426.03,0.7662,763.13,442.64,0.8223,827.45,443.72,0.7099,758.31,474.80,0.7380,857.46,456.04,0.7086,750.80,505.36,0.7211,806.55,490.35,0.6951,777.60,492.49,0.7032,823.16,529.47,0.7245,767.95,535.37,0.7625,825.84,556.27,0.7582,754.55,585.75,0.8574
383,bottom,0,785.95,642.38,924.65,866.41,875.54,662.51,0.8822,872.80,660.87,0.5559,876.08,660.32,0.5999,865.69,666.34,0.7867,884.29,667.98,0.8126,847.64,687.67,0.7544,893.59,694.23,0.8170,820.30,713.92,0.7048,911.63,726.50,0.8030,797.33,735.80,0.7882,911.09,709.55,0.5682,835.06,748.93,0.6529,862.96,753.30,0.6177,843.27,765.88,0.5406,898.51,798.70,0.7484,843.27,807.99,0.6955,896.87,845.73,0.8512
384,top,1,740.00,389.65,875.70,608.80,779.49,413.08,0.9732,783.24,408.80,0.9579,775.75,409.34,0.9579,792.87,410.41,0.9717,772.54,413.08,0.8452,810.53,427.53,0.7581,766.65,443.58,0.8084,831.39,445.18,0.6965,760.23,476.75,0.7423,861.89,458.02,0.7087,752.74,507.78,0.7213,809.99,491.73,0.6812,782.17,493.87,0.6929,824.97,531.33,0.7350,772.00,536.14,0.7799,826.58,555.40,0.7803,754.88,586.44,0.8534
384,bottom,0,771.96,635.02,922.22,865.93,871.34,654.64,0.8142,867.95,651.82,0.5415,873.03,651.82,0.6341,859.50,656.90,0.7778,878.10,658.59,0.8523,840.89,679.45,0.7450,888.81,686.21,0.7960,812.71,703.12,0.7171,909.67,714.40,0.8220,789.59,720.03,0.7410,909.67,694.10,0.7627,834.13,743.71,0.6824,862.88,747.09,0.6660,838.64,765.70,0.6086,889.94,794.45,0.7512,841.46,806.28,0.6990,895.58,843.49,0.8472
385,top,1,742.53,392.43,854.50,607.72,783.27,413.87,0.8781,786.95,409.67,0.8408,780.12,410.19,0.8804,796.41,411.77,0.8882,777.49,413.87,0.7581,813.23,429.12,0.7286,770.13,444.89,0.7824,835.83,448.04,0.7211,761.72,478.00,0.6953,864.22,462.76,0.6855,753.31,508.49,0.7002,812.71,492.19,0.6720,785.37,493.24,0.6673,824.27,530.56,0.6918,775.39,536.87,0.7646,825.32,556.32,0.7781,756.99,585.75,0.8244
385,bottom,0,772.19,623.90,920.43,858.87,863.52,644.44,0.8312,861.80,641.57,0.6041,865.81,640.99,0.6189,853.19,647.30,0.8102,870.98,648.45,0.7907,833.69,669.68,0.7479,882.45,676.56,0.8022,805.58,690.33,0.7157,905.40,702.37,0.8088,786.08,703.52,0.7275,903.10,680.58,0.7995,831.97,735.07,0.6794,861.22,736.79,0.6807,835.98,762.61,0.6094,883.60,785.55,0.7609,841.72,806.21,0.7051,895.64,833.74,0.8386
386,top,2,745.47,389.89,863.49,607.84,785.33,414.79,0.9164,789.05,410.00,0.8792,781.60,410.54,0.8933,798.10,412.66,0.8988,778.41,414.79,0.8262,815.66,429.16,0.7765,772.02,445.12,0.8046,836.41,452.04,0.7648,764.04,477.05,0.7403,860.89,469.60,0.7270,753.93,507.91,0.7272,815.13,491.42,0.6820,787.46,491.42,0.6879,824.17,533.45,0.6869,777.88,536.65,0.7767,824.70,557.40,0.7977,760.32,585.60,0.8433
386,bottom,0,768.34,612.74,927.65,852.81,856.78,631.97,0.8193,857.96,628.45,0.5999,858.54,628.45,0.5113,846.82,634.31,0.7949,864.99,636.07,0.7263,826.89,658.93,0.7084,874.37,664.79,0.7357,798.76,678.85,0.6750,900.15,689.40,0.7546,781.18,690.57,0.6733,893.71,669.48,0.6602,828.06,724.57,0.6439,856.20,724.57,0.6397,835.68,756.22,0.6096,879.64,774.97,0.7171,840.96,803.10,0.6757,890.78,820.10,0.8058
387,top,1,746.72,389.03,872.81,605.39,785.99,413.75,0.9497,790.22,409.53,0.8997,783.35,410.06,0.9307,799.73,412.17,0.9541,779.66,414.28,0.8614,817.16,429.07,0.8085,772.79,444.39,0.8248,836.70,453.37,0.7977,764.87,476.61,0.7665,859.94,475.03,0.8148,755.36,506.72,0.7371,815.05,490.87,0.6962,787.58,490.87,0.7123,825.08,533.66,0.7139,778.60,535.77,0.7849,825.61,556.90,0.8084,765.39,585.42,0.8650
387,bottom,0,765.49,600.50,910.66,841.10,849.82,619.76,0.8587,849.82,617.41,0.6521,851.59,617.41,0.5508,840.43,622.11,0.7850,858.05,623.88,0.7139,821.04,646.78,0.7494,868.62,651.48,0.8018,794.61,667.34,0.7239,894.47,676.74,0.7879,778.16,679.09,0.7151,879.78,659.12,0.5528,823.98,713.16,0.6893,851.59,711.99,0.6837,834.55,754.87,0.6889,875.08,763.68,0.7856,841.01,802.45,0.7519,884.48,806.56,0.8121
388,top,1,747.05,388.66,863.95,605.47,786.45,412.90,0.9598,790.68,408.14,0.9008,783.27,408.67,0.9174,799.15,410.79,0.8983,780.09,412.90,0.8536,816.62,428.78,0.8175,773.21,442.02,0.8250,834.61,453.66,0.8151,764.74,473.77,0.7546,853.67,475.89,0.8265,755.75,504.48,0.7294,813.44,489.13,0.7010,786.45,488.60,0.7081,825.09,531.47,0.7124,779.04,533.59,0.7982,826.15,555.82,0.8166,774.80,584.93,0.8323
388,bottom,0,765.36,585.37,896.42,831.67,843.52,608.10,0.8932,842.92,606.30,0.6629,845.32,606.30,0.5397,833.90,610.51,0.8014,851.94,611.71,0.7075,815.86,635.16,0.7812,863.36,639.97,0.8252,788.20,658.61,0.7191,889.22,667.03,0.7854,777.37,669.44,0.6692,879.00,655.61,0.5275,819.47,702.51,0.6995,846.53,700.71,0.7021,832.69,752.42,0.7265,869.98,754.83,0.7774,839.31,799.32,0.8115,875.99,798.72,0.8248
389,top,1,745.66,387.95,856.18,607.78,785.89,411.99,0.9541,790.19,407.70,0.8477,783.21,408.24,0.9542,799.31,410.38,0.9159,779.99,411.99,0.8457,815.41,428.09,0.8317,773.01,439.37,0.8460,832.05,452.78,0.8280,763.35,470.49,0.7491,847.61,474.79,0.8430,754.76,501.62,0.7202,812.73,487.67,0.7213,784.82,487.67,0.7385,825.07,532.75,0.7576,779.45,535.43,0.8008,826.68,555.29,0.7970,782.67,585.88,0.8395
389,bottom,0,760.47,573.03,891.29,824.75,838.17,596.26,0.8341,836.33,593.81,0.6175,839.40,593.81,0.5167,828.34,598.11,0.7500,844.93,599.34,0.6727,809.90,624.53,0.7574,858.45,628.84,0.7972,783.48,652.19,0.7516,881.80,655.88,0.7907,774.87,670.62,0.6049,881.80,666.94,0.6780,814.82,690.90,0.6908,842.47,688.45,0.6912,827.72,748.67,0.7710,861.52,746.83,0.7579,837.56,794.76,0.8107,868.28,789.85,0.7890
390,top,0,745.03,387.12,852.04,606.62,786.21,411.67,0.9643,789.43,407.92,0.8474,782.46,407.92,0.9376,798.54,410.60,0.9234,779.25,412.20,0.8898,814.08,428.28,0.8597,771.75,438.46,0.8761,830.69,454.00,0.8401,762.10,469.54,0.7922,844.62,478.65,0.8363,754.06,499.55,0.7570,811.94,486.69,0.7348,784.07,487.76,0.7631,825.87,535.99,0.7812,781.39,536.52,0.8307,826.40,552.60,0.6845,782.46,586.90,0.8586
390,bottom,1,762.87,562.90,885.72,822.48,831.90,584.95,0.7774,831.26,582.42,0.5775,833.16,582.42,0.5032,822.39,586.85,0.7549,839.50,588.12,0.7080,804.01,614.74,0.7566,853.44,617.91,0.7891,783.73,647.69,0.7337,874.36,647.69,0.7821,778.03,667.34,0.5685,878.79,670.51,0.7385,810.98,679.38,0.6587,836.97,677.48,0.6719,823.66,742.12,0.7636,851.54,734.52,0.7412,835.07,790.29,0.7946,860.42,784.58,0.7798
391,top,0,744.11,387.24,850.32,606.36,785.98,411.74,0.9956,789.19,408.00,0.8472,782.24,408.00,0.9326,798.29,410.67,0.9124,779.03,411.74,0.8895,813.27,428.33,0.8709,771.00,437.96,0.8835,829.85,454.01,0.8421,760.84,468.45,0.7970,842.15,479.15,0.8457,752.82,499.48,0.7577,812.20,486.64,0.7462,783.84,488.24,0.7771,826.11,537.46,0.8005,781.17,537.46,0.8361,826.11,565.28,0.5475,782.77,587.21,0.8577
391,bottom,1,774.61,552.50,879.46,819.19,825.73,575.81,0.7721,825.08,573.20,0.5271,827.03,572.55,0.5272,816.62,577.76,0.7649,834.85,578.41,0.7607,797.73,605.76,0.8049,847.22,608.36,0.7714,783.41,642.22,0.7564,866.10,640.92,0.7748,784.71,662.40,0.5479,872.61,666.31,0.7204,806.20,670.22,0.6823,832.89,668.91,0.6994,818.57,735.98,0.7619,843.31,726.21,0.7414,832.89,785.46,0.8026,852.43,777.65,0.7594
392,top,0,742.35,387.26,850.69,606.12,785.84,411.20,0.9663,789.04,407.46,0.8448,782.10,407.46,0.9198,798.12,409.60,0.9191,778.89,410.67,0.8794,813.62,427.23,0.8554,770.34,436.31,0.8699,829.12,453.41,0.8358,759.65,467.30,0.8067,840.87,478.52,0.8592,751.64,497.76,0.7520,812.02,487.07,0.7365,783.70,488.14,0.7629,826.44,538.37,0.8089,781.56,537.30,0.8243,826.44,569.90,0.5706,782.63,586.46,0.8467
392,bottom,1,777.38,550.86,871.71,816.23,820.66,570.17,0.8110,820.66,566.93,0.5561,820.01,566.28,0.5849,812.24,571.46,0.7691,830.38,572.11,0.7604,792.80,599.97,0.8220,842.69,602.56,0.8053,783.08,638.19,0.7610,858.23,636.90,0.7689,788.26,664.11,0.5901,866.01,666.70,0.7141,802.52,664.75,0.6850,829.08,664.11,0.6951,813.53,729.54,0.7403,836.86,719.82,0.7448,827.78,776.84,0.7662,840.74,768.41,0.6800
393,top,1,742.79,384.49,849.47,589.14,785.64,409.87,0.9751,789.64,405.88,0.8407,782.14,405.88,0.9047,798.63,407.88,0.8539,778.65,408.88,0.7978,814.12,425.36,0.8376,771.15,433.86,0.8485,828.61,453.34,0.8442,760.16,464.33,0.7900,840.10,478.32,0.8238,751.67,495.31,0.7409,812.12,486.82,0.7122,784.64,487.32,0.7257,826.61,537.78,0.8080,782.14,535.28,0.7920,827.61,564.76,0.7009,782.14,584.74,0.8494
393,bottom,0,773.55,547.77,863.29,807.80,813.97,566.69,0.7751,813.97,564.15,0.5228,813.34,563.51,0.5460,805.72,567.96,0.7526,824.77,568.59,0.7444,787.31,595.89,0.8061,837.46,599.70,0.7983,782.23,634.62,0.7395,851.43,634.62,0.7834,786.68,661.28,0.5013,859.05,665.72,0.7221,798.74,662.55,0.6686,824.77,661.91,0.6745,808.90,725.40,0.7261,829.21,718.41,0.7496,822.86,771.10,0.7454,830.48,764.12,0.6903
394,top,1,742.05,383.39,848.85,586.05,786.05,407.54,0.9516,790.01,404.07,0.8189,782.59,404.07,0.8833,799.41,406.05,0.8486,779.12,407.54,0.7942,814.74,423.86,0.8284,771.70,432.28,0.8424,829.59,452.07,0.8297,760.32,462.95,0.7794,840.47,478.78,0.8175,751.91,491.65,0.7518,811.78,486.20,0.7308,785.06,486.70,0.7389,825.63,537.16,0.7756,782.59,535.68,0.7802,827.61,561.41,0.7989,782.09,584.66,0.8291
394,bottom,0,772.73,545.34,856.04,806.71,808.00,565.63,0.8011,808.00,563.08,0.5313,807.36,562.44,0.5931,799.71,566.91,0.7513,818.85,566.91,0.7839,782.48,595.62,0.8052,831.61,598.81,0.8247,780.56,630.72,0.6951,845.01,632.63,0.7865,785.67,653.69,0.4129,851.39,662.62,0.7221,795.24,663.26,0.6982,820.76,662.62,0.6973,804.81,721.97,0.7356,822.04,716.22,0.7150,818.85,769.82,0.7857,820.76,762.17,0.6317
395,top,0,743.43,384.70,849.46,589.37,787.45,406.59,0.9289,791.45,403.09,0.8176,783.95,403.09,0.8799,800.94,405.09,0.8581,780.96,406.09,0.8007,815.43,423.08,0.8279,772.96,430.57,0.8460,830.92,450.06,0.8063,761.47,461.55,0.7930,840.42,476.54,0.8023,752.47,490.04,0.7427,812.44,485.54,0.7048,785.95,486.04,0.7225,824.93,535.51,0.7521,783.45,536.01,0.7757,829.42,565.99,0.8392,782.95,585.47,0.8089
395,bottom,1,767.87,547.28,848.23,805.80,802.37,566.72,0.7528,802.37,563.57,0.5056,801.11,562.93,0.5690,793.53,567.98,0.7189,812.47,567.98,0.7724,777.12,596.38,0.7884,825.72,598.91,0.7907,776.49,630.47,0.6785,838.97,632.99,0.7829,784.07,652.56,0.3937,842.76,661.39,0.7355,792.27,663.92,0.6783,816.25,663.92,0.6943,798.58,721.98,0.7243,814.36,715.04,0.7260,814.36,765.53,0.7686,810.57,761.74,0.6830
396,top,0,746.40,381.57,850.55,591.97,788.71,405.61,0.9342,792.31,401.50,0.8258,785.63,402.02,0.8971,802.07,404.07,0.8674,782.55,405.10,0.8066,817.48,422.57,0.8452,773.82,429.24,0.8649,832.89,449.28,0.8261,762.51,460.06,0.8041,842.13,475.47,0.8373,754.30,489.34,0.7614,813.88,485.23,0.6946,787.17,485.75,0.7191,824.15,533.52,0.7946,784.09,536.60,0.7917,831.86,572.56,0.9041,782.55,582.32,0.7766
396,bottom,1,762.56,547.00,840.82,803.84,796.67,566.94,0.7950,795.42,563.80,0.5348,794.79,563.17,0.6142,787.90,568.82,0.7441,806.08,568.19,0.7821,771.59,598.29,0.8018,821.13,599.54,0.8015,771.59,632.15,0.7167,833.67,634.66,0.8278,780.37,654.72,0.4161,833.67,664.13,0.7630,788.52,666.01,0.7052,811.72,664.76,0.7301,790.40,721.82,0.7584,808.59,709.28,0.7253,810.47,761.32,0.7915,808.59,756.93,0.6870
397,top,0,745.87,382.31,852.53,593.90,790.42,405.45,0.9255,794.03,401.32,0.8318,786.80,401.32,0.8901,803.85,403.90,0.8795,784.22,404.93,0.8143,818.83,423.01,0.8410,775.44,428.69,0.8624,834.84,449.36,0.8162,764.59,459.69,0.8125,843.63,475.70,0.8297,755.81,488.10,0.7648,815.21,485.52,0.6843,788.35,486.04,0.7152,825.03,534.08,0.7931,784.73,537.69,0.7669,832.78,574.89,0.8876,784.22,583.15,0.7141
397,bottom,1,757.98,545.09,832.72,794.63,789.86,565.68,0.8324,788.65,562.63,0.5438,788.65,561.42,0.6223,781.33,567.51,0.7831,799.00,567.51,0.7891,766.10,597.97,0.8226,812.40,596.75,0.7987,765.50,631.48,0.7434,827.03,631.48,0.8308,774.02,653.41,0.4694,825.20,660.11,0.7669,784.38,664.98,0.7178,808.75,663.16,0.7462,782.55,721.03,0.7837,804.49,707.63,0.7565,804.49,755.15,0.8028,808.14,755.76,0.7061
398,top,0,751.20,380.56,853.70,594.66,792.00,405.02,0.9734,796.18,400.84,0.8428,788.86,401.36,0.9373,805.59,403.45,0.8827,785.72,404.50,0.8168,820.75,422.79,0.8646,777.88,427.50,0.8858,837.47,450.50,0.8453,766.91,459.90,0.8406,845.84,476.63,0.8561,758.02,488.13,0.8022,816.56,485.52,0.7084,789.38,486.04,0.7405,825.97,534.65,0.8189,784.68,537.79,0.8023,833.81,575.95,0.9298,778.93,581.17,0.6604
398,bottom,1,751.02,540.44,826.40,788.42,782.66,559.09,0.8899,781.44,556.67,0.5567,780.84,555.45,0.6581,773.57,562.11,0.7920,791.13,560.90,0.7944,759.65,592.99,0.8374,805.06,589.96,0.7769,759.65,631.13,0.7428,820.19,627.50,0.8252,765.70,649.90,0.5119,814.74,653.53,0.7002,779.02,659.59,0.7155,804.45,656.56,0.7227,774.18,715.29,0.7790,803.24,706.81,0.7802,798.40,751.01,0.8043,808.08,755.24,0.7715
399,top,1,752.76,382.62,854.99,594.26,794.06,405.25,0.9478,798.19,401.12,0.8402,790.96,401.12,0.9329,807.49,403.19,0.9060,787.86,404.22,0.8515,823.51,423.34,0.8519,779.07,427.99,0.8724,838.49,450.72,0.8330,768.74,460.02,0.8466,847.28,477.59,0.8542,760.47,487.92,0.8118,817.83,486.89,0.7164,790.96,486.89,0.7497,827.64,535.46,0.7896,785.27,537.53,0.7768,833.84,575.24,0.9240,780.11,582.48,0.6494
399,bottom,0,744.05,533.21,820.18,782.12,774.82,553.14,0.8802,774.82,550.71,0.5638,773.61,549.49,0.6422,766.31,555.57,0.7749,784.54,554.35,0.7747,753.55,587.17,0.8703,799.74,582.31,0.8131,749.91,627.89,0.8184,813.71,619.38,0.8566,759.02,646.12,0.6842,803.99,638.22,0.6391,773.61,654.02,0.7309,799.74,650.98,0.7302,768.74,708.71,0.7840,801.56,704.46,0.7943,791.84,748.21,0.8063,808.25,753.68,0.8447
400,top,1,754.25,381.88,856.13,593.60,795.89,404.52,0.9468,800.02,400.90,0.8475,792.79,400.90,0.9263,809.33,402.97,0.9221,789.68,404.00,0.8463,824.83,423.13,0.8393,780.90,427.26,0.8685,840.34,451.04,0.8246,771.08,459.31,0.8465,848.61,477.92,0.8398,762.81,486.71,0.8211,819.15,486.71,0.7216,792.27,486.19,0.7587,827.93,534.26,0.8079,786.07,536.84,0.7814,833.62,575.09,0.9078,781.41,582.85,0.7355
400,bottom,0,736.79,527.58,815.24,778.41,764.99,545.22,0.8557,763.77,543.38,0.5581,763.15,542.77,0.6336,757.64,548.28,0.7439,773.56,547.06,0.6980,746.62,581.35,0.8478,792.55,574.61,0.7801,742.95,622.99,0.7840,807.24,610.13,0.8097,749.68,641.97,0.6882,793.16,623.60,0.5096,767.44,648.10,0.6983,795.00,644.42,0.6854,763.15,701.37,0.7462,799.28,698.92,0.7767,783.36,748.52,0.7904,807.24,750.97,0.8383
401,top,1,757.37,381.14,857.63,594.57,797.60,403.96,0.9429,801.25,400.31,0.8411,793.95,400.31,0.9381,810.63,402.40,0.9182,790.83,403.44,0.8712,826.78,423.24,0.8478,782.49,426.89,0.8728,841.37,451.38,0.8289,773.63,458.67,0.8437,849.71,478.47,0.8384,765.29,487.85,0.8211,820.53,487.33,0.7340,793.95,486.81,0.7661,828.86,533.71,0.8126,787.70,536.84,0.8092,833.55,575.40,0.9100,784.05,584.25,0.7400
401,bottom,0,729.73,522.67,813.96,767.77,754.49,541.70,0.7880,750.90,539.31,0.5741,752.70,539.31,0.5888,748.51,544.09,0.7577,763.47,542.90,0.6747,740.13,576.41,0.8423,785.01,566.83,0.7850,736.54,612.31,0.7314,799.97,600.34,0.8101,738.33,635.05,0.7096,781.42,606.33,0.5334,760.48,642.23,0.7099,789.20,638.04,0.7100,759.28,694.89,0.7863,796.38,694.29,0.7836,771.84,744.56,0.8076,805.95,743.96,0.8666
402,top,1,760.04,381.13,857.01,594.83,798.61,403.46,0.9389,802.26,399.29,0.8216,795.48,399.81,0.9226,812.18,401.90,0.9142,792.35,402.42,0.8403,827.83,422.24,0.8452,784.00,425.37,0.8813,842.44,449.90,0.8261,775.66,457.20,0.8434,849.22,477.55,0.8153,768.87,486.94,0.8100,822.09,486.42,0.7441,795.48,485.90,0.7753,829.92,534.42,0.8192,788.70,535.98,0.8310,833.57,574.59,0.9152,782.44,582.42,0.7837
402,bottom,0,722.00,521.54,813.27,762.56,744.10,541.43,0.7347,741.16,539.07,0.6212,742.33,539.07,0.5485,741.75,542.60,0.7842,756.46,541.43,0.6304,734.10,571.44,0.8268,777.05,562.61,0.7530,729.39,607.33,0.7302,794.71,592.62,0.7968,727.62,630.28,0.7084,775.88,602.62,0.5760,754.69,636.16,0.6892,782.35,631.46,0.6694,755.28,690.89,0.7942,792.94,687.36,0.7887,759.40,739.14,0.8189,805.30,736.79,0.8830
403,top,1,762.98,381.61,856.31,594.61,799.25,403.35,0.9446,803.41,399.19,0.8287,796.13,399.19,0.9279,812.77,401.79,0.9172,793.01,402.83,0.8416,828.89,422.07,0.8465,785.21,425.71,0.8850,843.45,450.15,0.8264,777.41,457.43,0.8535,848.65,477.71,0.8046,771.17,487.07,0.8033,822.65,486.55,0.7535,796.65,486.03,0.7810,829.93,534.39,0.8242,789.37,536.47,0.8447,833.57,574.43,0.9129,783.65,583.79,0.8224
403,bottom,0,713.99,521.32,814.26,764.83,737.37,540.23,0.7552,735.59,539.04,0.6081,735.59,538.44,0.5509,734.40,542.01,0.7717,748.67,540.82,0.6398,727.86,569.36,0.8154,770.66,559.84,0.7484,721.91,605.62,0.7337,789.69,589.57,0.7690,718.94,630.00,0.7253,776.61,600.27,0.5254,749.26,635.35,0.6496,776.02,629.40,0.6391,749.86,689.45,0.7670,789.69,684.69,0.7752,748.67,734.04,0.7939,805.15,734.63,0.8481
404,top,1,766.57,381.12,854.75,594.94,799.70,403.46,0.9564,803.35,399.29,0.8256,796.57,399.29,0.9312,813.27,401.90,0.8908,793.43,402.42,0.8290,829.45,422.25,0.8489,786.13,425.39,0.8912,844.07,450.44,0.8294,779.34,456.71,0.8649,847.72,478.11,0.7805,774.12,485.94,0.8042,823.71,485.94,0.7598,797.09,485.42,0.7840,830.50,534.49,0.8316,789.78,536.05,0.8505,833.63,574.68,0.9135,783.52,584.08,0.8252
404,bottom,0,705.76,522.96,809.96,752.77,731.49,541.36,0.7711,728.68,540.80,0.5847,728.68,540.24,0.5278,726.44,543.60,0.7571,742.71,541.36,0.6221,721.39,570.53,0.7995,764.59,559.87,0.7328,714.66,606.44,0.7054,785.35,589.61,0.6965,711.29,631.13,0.7209,766.84,599.15,0.3891,742.15,637.30,0.6500,770.20,632.25,0.6404,742.15,688.36,0.7853,785.35,683.31,0.7650,741.59,732.12,0.7837,803.31,729.32,0.8186
405,top,1,769.91,381.59,853.61,595.45,800.27,403.41,0.9418,803.93,399.23,0.8367,797.14,399.23,0.9308,813.33,401.32,0.9000,794.01,402.89,0.8498,830.03,422.21,0.8404,786.70,425.34,0.8818,844.65,450.93,0.8201,780.95,456.67,0.8545,846.74,479.12,0.7925,776.26,486.43,0.7921,824.29,486.95,0.7556,797.66,485.91,0.7717,830.56,534.99,0.8160,789.83,536.03,0.8504,833.69,574.67,0.9081,785.13,584.59,0.8857
405,bottom,0,698.58,523.88,816.89,756.23,724.83,543.62,0.8250,722.56,543.62,0.6057,720.86,543.05,0.5693,719.16,546.46,0.7516,735.61,544.19,0.6702,715.76,574.25,0.7780,760.00,562.91,0.7111,707.25,607.72,0.7080,779.86,590.14,0.6705,703.28,632.68,0.7172,761.71,600.35,0.4022,736.18,636.65,0.6483,763.41,632.68,0.6353,733.34,686.57,0.7605,780.99,682.03,0.7380,740.15,733.09,0.7555,801.41,724.58,0.8068
406,top,1,771.89,381.25,851.92,595.50,799.88,403.64,0.9342,803.54,399.45,0.8361,796.74,399.98,0.9284,812.95,401.55,0.8955,793.60,403.12,0.8451,830.74,422.47,0.8316,786.80,425.08,0.8770,843.81,452.81,0.8263,782.62,456.47,0.8538,844.34,480.53,0.8010,778.43,486.28,0.7848,823.94,486.81,0.7394,797.26,486.28,0.7565,830.74,534.93,0.8198,789.42,535.45,0.8479,833.88,574.68,0.9040,785.23,584.10,0.8946
406,bottom,0,690.55,526.26,817.80,753.09,717.63,547.75,0.8291,714.86,546.64,0.6477,714.30,546.64,0.5985,713.75,549.41,0.7493,729.26,546.64,0.6731,709.32,577.65,0.7963,753.62,564.92,0.7285,699.90,611.99,0.7087,775.22,591.50,0.7039,696.03,636.91,0.7018,756.94,601.47,0.4879,728.70,638.02,0.6825,756.94,635.80,0.6624,724.82,684.53,0.7667,774.67,682.87,0.7133,738.67,731.05,0.7503,796.82,719.42,0.7975
407,top,1,772.92,380.36,849.83,600.58,799.01,403.91,0.9470,802.77,399.61,0.8460,795.78,400.15,0.9402,812.45,401.76,0.9416,793.09,403.37,0.8417,830.19,422.73,0.8231,786.64,425.42,0.8775,843.63,453.91,0.8301,783.42,456.60,0.8525,841.48,481.33,0.8106,780.19,485.63,0.7647,823.20,487.25,0.7408,796.86,486.17,0.7528,830.19,535.10,0.8026,788.79,535.10,0.8429,833.96,575.96,0.8687,784.49,585.64,0.9029
407,bottom,0,684.93,527.59,808.87,748.11,710.29,547.94,0.8190,707.06,546.86,0.6560,706.52,546.32,0.6090,707.06,549.55,0.7668,722.67,546.32,0.6644,703.83,579.16,0.7940,747.44,562.47,0.7294,694.68,615.23,0.7039,768.97,592.08,0.7542,690.37,641.08,0.7172,757.13,606.62,0.5946,721.59,636.77,0.6617,750.13,633.54,0.6336,720.52,685.22,0.7606,764.13,679.84,0.6809,739.36,731.53,0.7403,789.97,714.84,0.7695
408,top,1,772.92,380.38,847.64,599.64,797.97,403.82,0.9573,801.71,400.08,0.8416,794.76,400.08,0.9447,811.35,402.22,0.9137,792.08,403.29,0.8422,829.02,423.10,0.8243,786.19,425.24,0.8780,842.40,454.68,0.8212,784.05,455.75,0.8416,838.12,482.52,0.7711,781.37,485.19,0.7396,823.13,486.80,0.7352,795.83,485.73,0.7529,829.55,534.44,0.8081,787.80,535.51,0.8508,834.37,576.20,0.8708,784.05,585.30,0.9165
408,bottom,0,678.71,526.01,797.28,747.27,702.88,546.96,0.7928,700.18,546.42,0.6366,700.18,545.34,0.5674,700.72,548.59,0.7781,715.85,544.80,0.6683,698.56,578.84,0.8076,742.32,561.01,0.7242,691.54,617.19,0.7009,764.47,592.34,0.7766,685.06,641.50,0.7230,756.36,614.49,0.7341,715.85,636.64,0.6573,743.40,633.94,0.6509,718.55,685.26,0.7652,750.96,676.61,0.6771,739.62,731.71,0.7489,780.67,710.10,0.7634
409,top,1,771.48,379.91,846.86,599.76,796.29,404.50,0.9468,800.05,400.20,0.8562,793.07,400.74,0.9515,810.24,402.35,0.9368,790.38,403.42,0.8145,828.49,423.82,0.8337,785.02,425.43,0.8693,840.84,455.49,0.8287,783.94,456.02,0.8205,833.32,482.86,0.7784,781.26,484.47,0.7134,822.05,487.15,0.7129,794.68,486.62,0.7340,829.57,534.92,0.8032,785.02,535.46,0.8452,833.86,575.71,0.8592,783.94,584.84,0.9034
409,bottom,0,673.41,523.68,784.00,747.43,694.84,544.88,0.7570,693.20,542.69,0.6451,692.65,542.15,0.5574,695.93,544.88,0.7620,710.13,541.60,0.6251,693.74,573.28,0.8220,735.80,556.90,0.7502,689.92,612.61,0.7230,759.29,588.58,0.7781,680.09,637.19,0.7262,757.65,616.44,0.7590,710.13,636.10,0.6764,736.90,633.37,0.6671,716.69,683.62,0.7681,737.99,671.06,0.7029,738.54,731.15,0.7693,768.58,709.84,0.7692
410,top,1,769.06,379.20,846.93,599.36,794.56,404.89,0.9170,798.32,400.60,0.8462,791.33,401.13,0.9200,808.53,402.21,0.9483,788.64,403.82,0.7674,826.80,424.24,0.8221,783.81,425.86,0.8571,838.09,455.96,0.8140,783.27,455.42,0.7921,830.03,483.37,0.7652,781.12,481.75,0.6778,820.35,487.67,0.6986,792.94,486.59,0.7239,828.42,534.43,0.7971,783.81,536.04,0.8512,833.79,575.28,0.8541,783.81,584.41,0.8982
410,bottom,0,669.32,519.84,773.04,747.16,688.99,540.27,0.7395,687.88,538.05,0.6396,687.33,537.49,0.5567,691.21,540.27,0.7516,703.42,538.05,0.6033,687.33,568.57,0.8441,730.06,553.03,0.7563,687.88,607.42,0.7738,753.92,584.11,0.7763,675.67,628.50,0.7149,757.81,613.52,0.7778,704.53,633.50,0.6922,730.61,630.17,0.6929,713.41,680.67,0.7596,727.28,668.46,0.7259,736.16,727.29,0.7742,752.26,711.19,0.7773
411,top,1,768.03,379.45,846.90,598.81,792.47,405.58,0.9019,796.22,400.76,0.8370,789.26,401.84,0.8979,806.39,402.37,0.9198,786.58,404.51,0.7336,825.14,424.33,0.8114,781.76,425.93,0.8486,835.85,457.00,0.8182,782.30,454.85,0.7697,825.67,483.77,0.7535,780.69,480.56,0.6514,819.25,487.52,0.6784,791.40,486.45,0.7072,827.82,534.11,0.7984,782.30,535.72,0.8472,834.24,574.82,0.8483,783.37,584.46,0.8898
411,bottom,0,663.63,515.27,769.98,744.04,683.30,535.83,0.7804,681.62,533.59,0.6844,681.62,533.59,0.6054,684.97,536.38,0.7841,697.26,534.15,0.6498,680.50,564.87,0.8433,724.07,550.35,0.7570,682.74,602.85,0.7776,749.20,578.27,0.7881,671.01,621.28,0.7465,755.90,608.99,0.8075,700.61,630.77,0.7114,724.63,627.42,0.7008,711.22,679.36,0.7664,718.48,665.96,0.7001,734.12,724.04,0.7567,734.12,708.96,0.6636
412,top,1,766.27,380.49,846.85,599.64,789.98,405.53,0.9118,793.72,401.25,0.8300,786.77,402.32,0.8836,803.89,402.85,0.8810,784.09,404.99,0.7343,822.08,424.25,0.8007,779.81,425.86,0.8421,832.78,456.89,0.8324,780.88,455.82,0.7804,821.54,482.57,0.7064,779.81,482.04,0.6483,817.26,487.39,0.6818,789.98,486.85,0.7102,826.89,535.54,0.8039,780.35,535.54,0.8501,833.85,575.67,0.8487,783.02,585.30,0.8752
412,bottom,0,658.29,512.48,765.26,742.73,676.93,532.04,0.8435,675.80,530.35,0.7380,675.24,529.79,0.6468,679.17,532.60,0.8165,691.54,530.91,0.6808,674.11,560.71,0.8394,716.84,547.22,0.7488,676.36,598.93,0.7791,743.82,574.76,0.8104,665.12,614.11,0.7904,752.81,605.68,0.8008,697.16,627.04,0.7123,718.52,622.54,0.7342,710.09,679.32,0.7487,708.41,669.20,0.5935,734.26,725.42,0.7353,715.15,711.92,0.5408
413,top,1,760.66,380.73,846.41,601.87,786.80,406.54,0.9043,790.58,402.22,0.8297,783.56,402.76,0.8835,801.38,403.84,0.8831,780.86,406.00,0.7167,819.19,424.89,0.8020,777.08,425.97,0.8429,830.53,456.75,0.8435,778.70,455.67,0.7674,818.11,481.58,0.6818,777.62,481.04,0.6336,813.79,487.52,0.6893,787.34,486.98,0.7193,825.13,535.57,0.7951,777.62,536.11,0.8496,833.77,575.52,0.8407,782.48,585.24,0.8594
413,bottom,0,653.13,508.17,757.72,741.50,670.68,529.70,0.8648,670.68,527.99,0.7530,671.25,527.43,0.6547,674.09,530.84,0.8038,685.49,529.70,0.7243,668.97,558.76,0.8272,710.55,547.36,0.7393,668.97,595.78,0.8056,737.90,573.00,0.8031,658.71,607.75,0.7521,748.15,602.05,0.8045,691.75,622.56,0.6993,711.69,619.14,0.7234,707.70,676.10,0.7718,696.88,666.42,0.6828,734.48,723.95,0.7911,691.75,711.99,0.7864
414,top,1,757.92,381.34,846.52,602.24,783.34,407.11,0.9033,787.12,402.80,0.8319,780.11,403.34,0.8688,797.37,403.88,0.8491,777.41,406.58,0.7394,815.70,424.91,0.8000,774.71,426.53,0.8379,827.03,456.73,0.8297,776.33,456.73,0.7682,814.08,481.54,0.6790,775.25,482.62,0.6248,811.39,487.47,0.6741,784.42,486.93,0.7034,823.25,535.47,0.7907,775.79,536.55,0.8574,833.50,575.92,0.8351,782.80,585.09,0.8353
414,bottom,0,643.75,507.12,752.52,742.74,664.77,529.44,0.8755,665.35,527.14,0.7606,665.35,526.56,0.6744,668.22,530.02,0.8000,679.73,529.44,0.7042,662.47,557.63,0.8409,703.31,547.27,0.7498,662.47,593.87,0.8221,730.92,572.01,0.8161,650.39,605.95,0.7431,742.43,598.47,0.7947,685.48,621.48,0.7141,705.04,618.03,0.7342,703.31,674.98,0.7623,689.51,665.77,0.6847,732.65,722.15,0.7833,677.43,710.64,0.8003
415,top,1,757.78,382.32,846.21,601.86,779.48,406.87,0.8778,783.23,402.58,0.8132,776.26,403.11,0.8729,793.95,403.65,0.8543,773.58,406.33,0.7737,812.18,425.63,0.7996,770.90,426.70,0.8359,823.97,456.71,0.8164,773.58,456.71,0.7367,809.50,482.98,0.6686,773.05,481.91,0.6037,807.89,488.87,0.6671,781.62,488.87,0.6858,820.75,536.58,0.7562,773.58,537.65,0.8215,833.08,575.17,0.8249,782.70,584.82,0.8275
415,bottom,0,628.21,507.37,747.61,741.85,659.29,529.01,0.8412,659.29,526.72,0.7453,659.86,527.29,0.6790,663.30,530.73,0.7854,674.17,530.15,0.6485,656.43,561.07,0.8295,697.64,549.62,0.7765,653.56,595.99,0.7849,724.55,573.09,0.8305,640.40,604.00,0.6809,735.43,600.57,0.8455,678.18,622.32,0.7246,697.64,619.46,0.7501,695.93,676.13,0.7780,678.75,665.25,0.7200,728.56,719.64,0.7716,669.59,712.19,0.8137
416,top,1,757.38,379.34,845.77,602.48,775.42,407.56,0.8897,779.78,402.66,0.8154,772.70,403.20,0.8862,790.13,403.75,0.8805,769.97,405.93,0.7941,808.11,425.54,0.8037,767.80,426.63,0.8397,820.64,457.14,0.8272,771.06,456.59,0.7303,808.65,482.20,0.7077,769.97,481.11,0.5930,803.75,489.82,0.6714,778.15,489.28,0.6866,817.37,536.67,0.7545,772.15,537.76,0.8112,832.62,573.72,0.8124,782.50,584.62,0.8319
416,bottom,0,627.21,507.45,737.85,740.79,653.47,530.12,0.8408,652.91,527.28,0.7422,654.04,527.28,0.6771,656.32,531.26,0.7993,668.29,530.69,0.6643,650.63,561.46,0.8384,691.07,551.20,0.7930,647.78,598.48,0.8314,717.28,575.13,0.8251,635.25,604.18,0.7109,727.53,601.33,0.8486,670.56,622.98,0.7384,690.50,619.56,0.7691,683.67,678.24,0.7743,668.29,663.43,0.7288,722.40,718.11,0.7829,666.58,713.56,0.8326
417,top,1,756.62,382.19,845.06,602.37,771.81,407.35,0.9398,775.57,402.51,0.8397,768.59,403.58,0.8938,786.33,403.58,0.9054,765.90,406.27,0.7620,804.06,425.62,0.8043,764.82,426.16,0.8488,817.50,457.34,0.8128,766.97,456.26,0.7262,804.06,484.22,0.7266,764.82,480.99,0.5917,800.30,489.59,0.6422,774.50,489.05,0.6686,812.67,537.43,0.7480,770.74,537.97,0.8038,831.48,573.99,0.8169,782.56,585.27,0.8214
417,bottom,0,621.16,508.08,730.71,740.25,645.89,530.07,0.8586,645.89,527.24,0.7820,646.46,527.80,0.7121,650.43,531.77,0.7860,661.20,531.21,0.6825,645.89,561.81,0.8438,683.30,552.18,0.8080,643.63,599.79,0.8355,709.38,578.82,0.8377,629.45,607.73,0.7346,717.31,608.86,0.8182,665.16,623.03,0.7497,682.17,620.20,0.7641,668.00,680.85,0.7575,661.20,665.54,0.7053,713.34,713.16,0.7598,666.30,713.72,0.8176
418,top,1,753.49,382.37,840.45,602.16,767.99,406.95,0.9353,771.75,402.12,0.8432,764.77,403.19,0.9032,783.02,403.19,0.8915,762.09,405.34,0.7394,800.72,425.73,0.8076,761.02,425.73,0.8641,813.60,457.93,0.8145,762.63,457.39,0.7454,801.80,486.36,0.7923,759.94,486.90,0.6384,795.90,490.12,0.6552,771.21,489.58,0.6770,807.70,537.88,0.7540,769.07,537.88,0.8005,829.16,573.29,0.8189,782.48,585.63,0.8219
418,bottom,0,612.59,508.86,716.34,730.61,639.56,531.49,0.8336,639.56,528.24,0.8145,639.02,528.78,0.7351,643.89,532.03,0.8098,655.80,530.94,0.6584,641.18,562.89,0.8126,676.38,552.06,0.7942,641.18,599.70,0.8084,698.03,581.29,0.8563,623.86,616.48,0.8161,702.90,610.53,0.7965,658.51,622.44,0.7427,674.75,619.73,0.7256,653.10,676.04,0.7107,655.80,668.46,0.6163,700.74,707.44,0.7239,665.55,713.94,0.7815
419,top,1,747.79,382.39,836.19,602.02,764.64,406.95,0.8866,768.40,402.12,0.7971,761.43,403.19,0.8796,779.66,402.66,0.8436,758.74,405.34,0.7215,796.81,425.18,0.8060,758.21,425.18,0.8560,810.76,457.35,0.8071,758.74,457.89,0.7627,800.57,486.30,0.7852,754.99,488.45,0.6808,791.45,488.99,0.6520,768.40,488.99,0.6671,801.10,538.32,0.7656,768.40,537.78,0.8087,824.70,571.03,0.8006,782.34,585.50,0.8114
419,bottom,0,613.22,507.67,704.51,730.21,632.24,531.46,0.8256,631.70,528.20,0.8013,631.70,528.20,0.6970,637.68,530.38,0.7666,648.54,529.29,0.6351,638.76,561.35,0.7841,668.10,548.85,0.8193,638.76,598.29,0.8004,685.49,581.45,0.8185,621.38,623.28,0.7795,683.32,609.16,0.7379,652.35,624.37,0.6910,668.65,620.57,0.6777,642.57,675.99,0.7116,655.61,665.66,0.6501,688.21,704.24,0.6958,664.84,714.56,0.7810
420,top,0,741.81,381.82,828.64,602.89,760.94,407.08,0.8385,764.72,402.22,0.7796,758.24,403.30,0.8525,775.51,402.76,0.7917,755.54,405.46,0.7044,793.32,424.35,0.8070,755.00,425.43,0.8405,806.81,457.27,0.8240,755.00,458.35,0.7947,798.72,488.04,0.7816,749.06,488.04,0.7222,787.38,488.58,0.6587,765.79,488.58,0.6705,793.86,537.69,0.7487,767.41,538.77,0.7999,818.15,567.92,0.7902,781.99,584.65,0.8119
420,bottom,1,608.75,507.05,689.27,728.74,625.74,530.21,0.7590,625.20,526.42,0.7565,625.20,526.42,0.6343,631.69,528.05,0.7309,641.43,528.05,0.5774,633.86,558.90,0.7770,660.92,546.45,0.8061,633.86,595.70,0.7413,673.91,579.47,0.7940,622.49,625.47,0.7106,658.75,599.49,0.5916,642.52,621.68,0.6211,660.92,618.43,0.6623,630.61,670.39,0.7046,652.80,660.65,0.7304,669.04,703.41,0.6961,666.87,709.36,0.6743
421,top,0,737.27,381.03,823.42,602.21,757.13,406.30,0.8016,760.37,401.44,0.7499,754.43,402.52,0.8301,771.71,401.98,0.7742,752.27,405.22,0.6532,790.07,424.66,0.7910,752.27,424.66,0.8285,804.65,456.52,0.8307,751.19,455.98,0.7984,799.79,487.30,0.7780,743.63,485.14,0.7110,784.13,489.46,0.6642,763.07,489.46,0.6851,786.83,538.06,0.7389,766.85,539.14,0.7953,811.67,567.76,0.7963,781.97,584.49,0.8024
421,bottom,1,605.21,505.19,675.08,729.46,618.24,529.18,0.8345,618.24,525.89,0.8016,617.15,525.34,0.6746,625.91,526.44,0.7829,635.77,524.80,0.5349,628.65,557.10,0.8332,652.19,543.96,0.8121,628.65,593.79,0.7461,659.86,578.45,0.7319,621.53,629.37,0.7568,642.88,591.05,0.3872,636.31,621.16,0.6533,653.83,617.88,0.7007,618.24,665.51,0.7662,651.10,660.04,0.7916,656.57,707.13,0.7233,664.78,709.32,0.8001
422,top,0,731.84,380.64,813.80,603.18,753.26,406.61,0.7934,757.07,401.72,0.7319,751.09,402.81,0.8080,769.02,402.26,0.8019,749.46,404.98,0.5628,786.95,424.54,0.7847,748.92,424.54,0.8159,801.07,456.59,0.8317,746.74,455.51,0.8015,798.90,488.11,0.7515,737.51,485.39,0.6968,780.43,490.28,0.6903,760.87,490.28,0.7204,779.34,537.55,0.7424,765.22,538.09,0.7862,804.33,571.78,0.7868,782.06,584.27,0.8233
422,bottom,1,597.88,502.15,674.54,730.25,612.26,527.10,0.8746,612.82,523.76,0.8044,610.59,523.76,0.6891,620.62,524.31,0.7946,628.41,523.20,0.5194,623.96,554.94,0.8213,644.01,541.58,0.8215,623.96,592.25,0.7289,646.23,578.89,0.6290,622.84,630.68,0.7674,630.08,604.51,0.4022,630.08,618.43,0.6414,647.35,616.20,0.6775,608.92,663.53,0.7940,648.46,658.52,0.7690,638.44,708.09,0.7156,663.50,709.20,0.8521
423,top,1,725.19,380.07,807.71,605.97,749.35,406.44,0.8051,753.21,401.47,0.7588,747.15,402.58,0.8323,764.80,402.58,0.8404,746.60,404.78,0.5534,783.00,425.19,0.7841,746.04,425.19,0.8207,798.44,456.07,0.8445,742.74,455.52,0.8061,798.44,488.61,0.7698,731.71,484.20,0.7407,776.93,490.82,0.7069,758.73,491.37,0.7295,773.07,537.14,0.7463,765.35,538.25,0.7611,794.03,576.30,0.8206,780.79,582.37,0.8211
423,bottom,0,590.87,499.28,674.50,728.39,605.84,525.46,0.8856,606.96,521.54,0.7958,604.72,521.54,0.7333,615.35,522.66,0.7671,617.59,522.10,0.4741,618.15,553.98,0.8131,636.04,540.00,0.7902,622.06,591.46,0.7491,629.89,575.80,0.5900,623.74,628.94,0.7752,604.16,580.27,0.5472,625.42,615.51,0.6477,641.64,613.27,0.6807,599.69,658.58,0.8226,646.11,658.02,0.7551,618.15,706.68,0.7701,662.89,708.92,0.8617
424,top,0,720.62,380.88,806.04,608.68,744.98,406.35,0.8289,748.87,401.90,0.7846,743.31,402.46,0.8262,761.11,403.57,0.8450,743.31,404.68,0.5446,780.01,425.82,0.7892,742.75,425.26,0.8280,796.14,456.41,0.8523,739.42,455.85,0.8059,797.26,490.33,0.7788,725.51,485.88,0.7553,774.45,490.89,0.7104,756.66,492.00,0.7299,765.56,537.05,0.7560,763.89,538.16,0.7128,785.02,583.76,0.7448,780.01,582.65,0.6953
424,bottom,1,571.72,498.75,674.99,728.77,598.65,523.91,0.8714,600.89,520.54,0.7695,598.09,519.98,0.7233,611.00,522.79,0.7326,612.12,521.66,0.4389,613.25,554.23,0.7862,628.41,540.76,0.7628,619.43,590.74,0.7411,623.92,574.45,0.5611,622.79,627.80,0.7254,595.84,571.08,0.4282,619.99,615.44,0.6585,634.59,613.20,0.6866,595.28,657.56,0.7990,641.89,656.44,0.7179,598.65,709.22,0.8250,662.10,706.42,0.8885
425,top,1,712.07,381.70,806.01,609.77,741.78,407.20,0.8606,745.12,402.75,0.7854,739.55,403.30,0.8300,757.37,403.86,0.8319,739.00,404.97,0.5699,775.75,426.69,0.8040,739.55,426.13,0.8491,793.01,457.31,0.8614,735.66,455.64,0.8229,796.91,491.28,0.7728,721.18,486.27,0.7882,770.73,491.84,0.7309,754.59,492.39,0.7465,760.16,537.50,0.7391,762.38,538.05,0.6732,779.64,585.38,0.6958,777.97,585.38,0.6487
425,bottom,0,552.51,499.18,674.78,730.37,591.63,523.91,0.8682,595.02,519.95,0.7385,591.63,519.39,0.7681,604.61,522.78,0.7469,603.48,521.08,0.4349,607.43,554.95,0.7725,620.42,541.40,0.7276,615.90,590.51,0.7405,614.77,575.27,0.5028,620.98,627.76,0.7426,584.29,566.80,0.3569,610.82,617.03,0.6637,627.19,615.34,0.6417,591.07,659.93,0.7735,639.04,657.11,0.6999,583.16,709.03,0.8213,661.05,706.21,0.8328
426,top,1,706.76,380.87,804.86,611.43,737.80,408.34,0.8631,741.74,403.84,0.7792,736.11,404.40,0.8280,753.56,404.96,0.8418,736.11,406.65,0.5621,772.13,428.04,0.8396,737.23,427.48,0.8901,790.71,457.31,0.8750,732.17,457.31,0.8572,796.34,491.65,0.7921,716.97,486.02,0.8278,768.19,493.34,0.7645,753.56,493.34,0.7460,756.37,540.06,0.8242,765.38,539.50,0.7789,760.88,590.72,0.7959,781.70,585.09,0.8235
426,bottom,0,547.97,499.71,672.58,730.63,584.34,524.97,0.9020,587.16,521.02,0.7933,584.34,520.46,0.7739,597.31,524.41,0.7391,599.56,522.72,0.4227,601.82,557.10,0.7562,611.97,543.57,0.6980,611.40,591.49,0.7307,600.69,570.64,0.5335,618.17,628.70,0.7331,576.45,563.31,0.5552,603.51,616.86,0.6564,618.73,615.17,0.6432,585.47,662.53,0.7866,632.26,656.33,0.6823,576.45,710.45,0.8182,659.32,704.81,0.8370
427,top,0,705.56,383.03,804.84,611.62,733.99,409.15,0.8204,737.34,405.24,0.7568,732.32,405.24,0.7786,749.06,406.36,0.8203,731.76,408.03,0.5247,768.59,429.80,0.8465,733.99,428.68,0.8855,788.13,458.26,0.8540,728.97,457.70,0.8590,795.94,491.74,0.7879,713.90,486.72,0.8186,765.25,494.53,0.7757,751.85,494.53,0.7447,753.53,540.30,0.8163,764.69,539.74,0.8071,748.50,594.99,0.8127,782.55,584.94,0.8459
427,bottom,1,546.96,499.90,670.07,729.87,577.07,525.61,0.9516,579.32,521.12,0.8759,577.07,521.12,0.7699,589.43,524.49,0.8023,589.43,523.37,0.4655,596.16,559.86,0.7874,603.46,546.95,0.7138,606.83,592.43,0.7484,591.67,570.53,0.6383,614.13,626.67,0.7483,567.53,563.79,0.7080,595.04,618.81,0.6377,607.39,617.13,0.6538,577.07,662.05,0.8107,622.55,656.99,0.6726,574.83,709.77,0.8454,655.68,702.47,0.8438
428,top,0,700.39,383.09,804.32,613.29,729.88,410.52,0.8439,733.25,406.58,0.7538,728.19,406.58,0.7609,744.49,407.71,0.8078,727.63,409.96,0.5237,764.16,430.75,0.8790,730.44,429.63,0.9237,783.83,459.98,0.8942,725.94,458.85,0.9028,793.94,492.01,0.8190,711.33,486.39,0.8362,761.35,495.94,0.8077,749.55,495.94,0.7722,750.67,542.59,0.8425,762.47,539.78,0.8412,738.87,595.98,0.8213,782.14,584.74,0.8757
428,bottom,1,545.82,499.88,661.92,730.51,571.21,525.67,0.9594,573.46,521.73,0.8892,570.65,521.16,0.7568,583.60,524.54,0.8014,580.22,522.85,0.4614,589.79,560.58,0.8169,595.42,548.75,0.7254,599.36,594.36,0.7863,585.85,576.34,0.7127,607.81,627.58,0.7514,562.20,571.28,0.8197,585.85,620.83,0.7037,597.11,619.70,0.7196,568.39,664.75,0.8456,614.00,660.24,0.7040,574.02,710.92,0.8742,648.35,699.66,0.8255
429,top,1,697.52,384.15,801.65,612.97,725.56,411.97,0.8248,728.91,408.06,0.7510,724.45,408.06,0.7580,740.65,409.17,0.8204,723.89,410.85,0.5127,760.76,433.20,0.8678,727.24,430.40,0.9161,780.31,461.13,0.8808,723.33,460.01,0.8951,790.93,492.97,0.8011,708.80,487.94,0.8292,757.41,496.88,0.7935,746.23,496.88,0.7647,746.23,543.25,0.8332,759.64,538.78,0.8327,733.94,596.32,0.8197,781.99,584.59,0.8815
429,bottom,0,539.06,501.04,653.96,729.46,564.72,526.58,0.9524,566.96,522.12,0.8676,564.17,521.57,0.7646,577.55,525.47,0.7954,573.09,523.24,0.4768,583.69,560.60,0.8087,588.15,549.45,0.7136,592.05,595.74,0.7667,582.01,582.35,0.6473,600.97,628.64,0.7327,558.59,583.47,0.7351,580.34,623.06,0.6927,590.38,621.95,0.6854,564.17,665.44,0.8332,601.53,661.54,0.6826,573.65,710.62,0.8558,638.90,695.00,0.8047
430,top,0,699.23,385.35,799.44,612.86,722.12,413.57,0.8508,724.90,409.12,0.7617,720.45,409.68,0.8188,736.56,410.24,0.8370,720.45,411.90,0.5456,756.00,434.12,0.8535,723.79,431.34,0.9186,777.11,462.45,0.8674,721.56,460.78,0.8963,788.22,495.22,0.8024,707.68,489.11,0.8190,753.78,496.33,0.7866,742.67,496.88,0.7505,742.67,544.09,0.8273,755.45,539.65,0.8234,732.67,596.86,0.8280,780.44,583.53,0.8688
430,bottom,1,541.44,499.30,640.89,729.35,559.15,525.59,0.9720,561.40,521.66,0.9020,558.59,521.10,0.7905,573.19,524.47,0.8064,565.33,522.78,0.5021,577.69,559.29,0.8193,581.06,549.18,0.7073,584.43,595.23,0.7830,576.56,582.31,0.6336,591.73,627.81,0.7586,556.91,590.74,0.7521,571.51,622.75,0.7014,582.18,621.07,0.6886,561.96,666.00,0.8227,587.24,659.82,0.6649,574.32,710.93,0.8331,626.55,689.02,0.7494
431,top,0,696.38,385.73,796.26,611.99,717.60,414.35,0.8665,720.91,409.93,0.7669,715.94,410.48,0.8307,732.51,411.03,0.8399,715.94,412.69,0.5446,751.84,434.23,0.8537,719.81,431.47,0.9134,771.73,464.06,0.8563,718.15,461.30,0.8855,783.88,496.65,0.7978,706.55,490.02,0.7807,749.08,496.10,0.7741,738.03,496.65,0.7451,738.59,545.26,0.8279,750.74,540.84,0.8066,730.85,597.18,0.8399,778.91,582.27,0.8479
431,bottom,1,541.83,497.66,625.87,730.21,553.19,523.67,0.9093,555.46,519.69,0.8395,552.62,519.69,0.7472,565.68,523.10,0.8001,557.73,522.53,0.4854,571.36,557.73,0.7836,571.93,547.51,0.6512,577.04,592.93,0.7306,566.25,581.58,0.5835,581.58,625.86,0.7343,551.49,596.34,0.6194,566.25,618.48,0.6430,575.90,617.34,0.5812,561.71,665.03,0.7635,578.17,660.49,0.6479,573.63,711.02,0.7444,613.37,688.88,0.6350
432,top,0,697.14,385.59,789.50,613.22,713.31,414.38,0.8907,716.64,409.94,0.7808,712.20,410.49,0.8394,728.31,411.60,0.8425,712.20,412.71,0.5446,748.87,436.06,0.8137,716.09,432.17,0.8901,767.21,466.07,0.8297,715.53,462.17,0.8619,778.33,498.85,0.7790,705.53,490.52,0.7568,745.54,497.74,0.7480,732.76,497.74,0.7413,737.20,545.53,0.7958,743.87,542.76,0.7464,730.54,597.77,0.7929,776.11,579.99,0.7777
432,bottom,1,540.80,494.34,611.87,730.61,546.92,521.91,0.9112,549.80,518.45,0.8340,546.92,517.87,0.7780,560.76,521.33,0.8013,554.99,521.33,0.4970,564.22,555.37,0.7855,571.72,543.83,0.6847,568.26,594.02,0.7072,571.14,584.79,0.5368,569.99,627.47,0.7202,561.34,613.05,0.4563,564.22,618.82,0.6360,569.41,615.94,0.5699,559.61,662.08,0.6714,566.53,658.62,0.6433,574.03,711.12,0.7757,597.68,686.89,0.7250
433,top,0,698.90,386.45,784.08,612.59,709.47,413.94,0.9183,712.78,410.08,0.8238,707.81,410.08,0.8624,724.38,411.73,0.8545,708.37,412.84,0.5301,743.15,437.68,0.8033,713.33,432.16,0.8820,761.37,466.39,0.8193,713.89,461.42,0.8345,771.86,500.07,0.7736,705.60,488.48,0.7238,740.94,496.21,0.7378,727.69,496.76,0.7340,734.31,544.79,0.7953,731.00,542.58,0.7322,729.90,597.24,0.7888,769.10,576.26,0.7899
433,bottom,1,532.29,492.81,593.51,730.29,542.03,521.68,0.8939,544.93,517.63,0.8019,542.03,517.63,0.7920,554.21,520.52,0.7928,557.11,521.10,0.5551,558.84,552.99,0.7718,568.70,543.14,0.7128,560.00,590.10,0.6893,569.86,583.72,0.5188,557.11,621.99,0.6741,553.05,611.55,0.4817,558.26,620.25,0.6350,560.58,617.93,0.5074,559.42,663.73,0.7033,541.45,656.20,0.5945,573.92,712.44,0.7604,577.40,692.72,0.6697
434,top,0,697.54,387.27,775.39,612.43,705.68,414.65,0.9015,708.98,410.80,0.7879,704.03,410.80,0.8375,720.52,411.90,0.8320,705.13,413.55,0.5441,739.21,437.74,0.8074,711.18,432.79,0.8573,754.05,469.07,0.7748,711.73,462.47,0.8085,763.95,503.70,0.7305,705.68,490.51,0.7242,737.01,498.75,0.7304,722.17,498.75,0.7461,732.62,547.12,0.8119,719.42,545.47,0.8031,730.42,597.69,0.8222,760.10,573.51,0.8299
434,bottom,3,525.16,490.32,588.06,730.35,535.51,521.84,0.8572,538.44,517.74,0.7962,534.92,517.74,0.7501,548.99,520.67,0.7665,553.68,521.26,0.5349,552.50,552.32,0.7622,562.47,542.35,0.7218,552.50,586.31,0.6917,568.91,581.03,0.6071,544.89,618.54,0.6920,578.29,609.16,0.6104,556.61,617.95,0.6054,558.36,616.19,0.5054,558.95,660.73,0.6172,532.58,656.63,0.5599,573.02,709.96,0.6254,570.09,702.34,0.5708
435,top,0,694.13,387.48,764.17,613.66,701.54,414.98,0.8581,704.85,410.56,0.7655,699.88,411.11,0.8206,715.90,412.22,0.8401,701.54,413.88,0.5476,734.67,439.28,0.8234,707.06,433.75,0.8312,748.47,471.86,0.7738,709.27,462.47,0.7992,754.55,506.09,0.7276,704.30,490.63,0.7230,731.91,499.47,0.7004,715.90,498.91,0.7260,730.25,549.16,0.8350,711.48,545.85,0.8279,730.25,597.76,0.8410,751.24,572.36,0.8288
435,bottom,4,512.12,494.02,590.64,728.17,530.23,520.77,0.8256,533.08,516.77,0.7603,530.23,516.77,0.7176,543.37,520.77,0.7038,544.52,521.34,0.4812,546.23,552.78,0.7648,556.52,543.64,0.7090,545.09,587.66,0.7538,567.38,577.94,0.7381,533.08,616.24,0.6845,578.82,605.95,0.7119,550.81,616.81,0.5892,557.09,615.67,0.5135,523.94,657.97,0.5622,558.81,659.11,0.5947,541.09,706.56,0.5862,573.10,707.70,0.5984
436,top,1,689.60,387.07,757.44,613.56,697.53,415.16,0.8256,700.30,410.73,0.7388,695.87,411.29,0.7762,711.36,412.39,0.8015,696.98,413.50,0.4991,729.60,439.49,0.8125,705.27,433.96,0.7513,740.66,474.88,0.7601,711.36,465.48,0.6182,743.43,508.61,0.7362,705.83,492.57,0.5910,726.29,500.87,0.6722,710.25,499.76,0.6949,727.39,549.53,0.8035,701.96,545.11,0.8076,730.71,597.08,0.8423,741.22,573.31,0.7802
436,bottom,0,489.44,496.78,585.26,727.59,524.39,520.90,0.8676,527.77,517.52,0.7885,524.39,517.52,0.7722,539.61,521.46,0.7370,540.17,521.46,0.5287,540.73,553.58,0.7918,546.93,545.69,0.6921,536.22,591.34,0.7175,564.40,576.68,0.6881,513.68,617.26,0.6921,576.80,600.92,0.6568,550.31,618.95,0.6717,534.53,616.13,0.6263,557.07,665.72,0.7166,518.19,655.58,0.7148,572.85,710.80,0.8049,520.45,705.17,0.7899
437,top,3,685.01,387.23,746.65,614.95,693.03,414.91,0.8026,695.81,410.47,0.7570,691.37,410.47,0.7410,706.93,411.58,0.7956,693.59,412.69,0.4138,725.28,438.82,0.8144,702.49,434.37,0.7530,731.95,475.52,0.7204,710.83,467.18,0.5597,732.51,509.43,0.6113,706.38,497.75,0.5061,723.61,497.20,0.6560,706.93,497.20,0.6901,723.61,548.90,0.8049,693.59,543.90,0.8110,729.73,597.27,0.8394,733.62,572.81,0.7918
437,bottom,0,477.12,497.51,587.31,729.35,518.06,521.16,0.8424,521.46,517.77,0.7513,517.50,517.20,0.7603,532.22,522.30,0.7346,534.48,521.16,0.5255,533.91,554.56,0.7655,542.40,544.37,0.6591,527.69,591.92,0.6870,559.38,574.37,0.7105,500.52,612.86,0.6963,574.67,598.71,0.7625,544.67,618.52,0.6284,528.25,616.82,0.5829,554.29,666.07,0.6603,512.97,659.28,0.6623,572.97,711.35,0.7512,502.22,707.95,0.7242
438,top,,,,,,,,,,,,,,,,,,,,,,,,,,,,,,,,,,,,,,,,,,,,,,,,,,,,,,,,
438,bottom,,,,,,,,,,,,,,,,,,,,,,,,,,,,,,,,,,,,,,,,,,,,,,,,,,,,,,,,
439,top,,,,,,,,,,,,,,,,,,,,,,,,,,,,,,,,,,,,,,,,,,,,,,,,,,,,,,,,
439,bottom,,,,,,,,,,,,,,,,,,,,,,,,,,,,,,,,,,,,,,,,,,,,,,,,,,,,,,,,
440,top,,,,,,,,,,,,,,,,,,,,,,,,,,,,,,,,,,,,,,,,,,,,,,,,,,,,,,,,
440,bottom,,,,,,,,,,,,,,,,,,,,,,,,,,,,,,,,,,,,,,,,,,,,,,,,,,,,,,,,
441,top,,,,,,,,,,,,,,,,,,,,,,,,,,,,,,,,,,,,,,,,,,,,,,,,,,,,,,,,
441,bottom,,,,,,,,,,,,,,,,,,,,,,,,,,,,,,,,,,,,,,,,,,,,,,,,,,,,,,,,
442,top,,,,,,,,,,,,,,,,,,,,,,,,,,,,,,,,,,,,,,,,,,,,,,,,,,,,,,,,
442,bottom,,,,,,,,,,,,,,,,,,,,,,,,,,,,,,,,,,,,,,,,,,,,,,,,,,,,,,,,
443,top,,,,,,,,,,,,,,,,,,,,,,,,,,,,,,,,,,,,,,,,,,,,,,,,,,,,,,,,
443,bottom,,,,,,,,,,,,,,,,,,,,,,,,,,,,,,,,,,,,,,,,,,,,,,,,,,,,,,,,
444,top,,,,,,,,,,,,,,,,,,,,,,,,,,,,,,,,,,,,,,,,,,,,,,,,,,,,,,,,
444,bottom,,,,,,,,,,,,,,,,,,,,,,,,,,,,,,,,,,,,,,,,,,,,,,,,,,,,,,,,
445,top,,,,,,,,,,,,,,,,,,,,,,,,,,,,,,,,,,,,,,,,,,,,,,,,,,,,,,,,
445,bottom,,,,,,,,,,,,,,,,,,,,,,,,,,,,,,,,,,,,,,,,,,,,,,,,,,,,,,,,
446,top,,,,,,,,,,,,,,,,,,,,,,,,,,,,,,,,,,,,,,,,,,,,,,,,,,,,,,,,
446,bottom,,,,,,,,,,,,,,,,,,,,,,,,,,,,,,,,,,,,,,,,,,,,,,,,,,,,,,,,
447,top,,,,,,,,,,,,,,,,,,,,,,,,,,,,,,,,,,,,,,,,,,,,,,,,,,,,,,,,
447,bottom,,,,,,,,,,,,,,,,,,,,,,,,,,,,,,,,,,,,,,,,,,,,,,,,,,,,,,,,
448,top,,,,,,,,,,,,,,,,,,,,,,,,,,,,,,,,,,,,,,,,,,,,,,,,,,,,,,,,
448,bottom,,,,,,,,,,,,,,,,,,,,,,,,,,,,,,,,,,,,,,,,,,,,,,,,,,,,,,,,
449,top,,,,,,,,,,,,,,,,,,,,,,,,,,,,,,,,,,,,,,,,,,,,,,,,,,,,,,,,
449,bottom,,,,,,,,,,,,,,,,,,,,,,,,,,,,,,,,,,,,,,,,,,,,,,,,,,,,,,,,
450,top,,,,,,,,,,,,,,,,,,,,,,,,,,,,,,,,,,,,,,,,,,,,,,,,,,,,,,,,
450,bottom,,,,,,,,,,,,,,,,,,,,,,,,,,,,,,,,,,,,,,,,,,,,,,,,,,,,,,,,
451,top,,,,,,,,,,,,,,,,,,,,,,,,,,,,,,,,,,,,,,,,,,,,,,,,,,,,,,,,
451,bottom,,,,,,,,,,,,,,,,,,,,,,,,,,,,,,,,,,,,,,,,,,,,,,,,,,,,,,,,
452,top,,,,,,,,,,,,,,,,,,,,,,,,,,,,,,,,,,,,,,,,,,,,,,,,,,,,,,,,
452,bottom,,,,,,,,,,,,,,,,,,,,,,,,,,,,,,,,,,,,,,,,,,,,,,,,,,,,,,,,
453,top,,,,,,,,,,,,,,,,,,,,,,,,,,,,,,,,,,,,,,,,,,,,,,,,,,,,,,,,
453,bottom,,,,,,,,,,,,,,,,,,,,,,,,,,,,,,,,,,,,,,,,,,,,,,,,,,,,,,,,
454,top,,,,,,,,,,,,,,,,,,,,,,,,,,,,,,,,,,,,,,,,,,,,,,,,,,,,,,,,
454,bottom,,,,,,,,,,,,,,,,,,,,,,,,,,,,,,,,,,,,,,,,,,,,,,,,,,,,,,,,
