frame,player,det_idx,bbox_x1,bbox_y1,bbox_x2,bbox_y2,nose_x,nose_y,nose_s,L_eye_x,L_eye_y,L_eye_s,R_eye_x,R_eye_y,R_eye_s,L_ear_x,L_ear_y,L_ear_s,R_ear_x,R_ear_y,R_ear_s,L_shoulder_x,L_shoulder_y,L_shoulder_s,R_shoulder_x,R_shoulder_y,R_shoulder_s,L_elbow_x,L_elbow_y,L_elbow_s,R_elbow_x,R_elbow_y,R_elbow_s,L_wrist_x,L_wrist_y,L_wrist_s,R_wrist_x,R_wrist_y,R_wrist_s,L_hip_x,L_hip_y,L_hip_s,R_hip_x,R_hip_y,R_hip_s,L_knee_x,L_knee_y,L_knee_s,R_knee_x,R_knee_y,R_knee_s,L_ankle_x,L_ankle_y,L_ankle_s,R_ankle_x,R_ankle_y,R_ankle_s
0,top,1,928.79,354.61,1019.01,577.00,984.21,371.33,0.7952,989.10,367.53,0.8374,980.96,367.53,0.7992,995.07,371.87,0.8261,975.53,369.70,0.8409,1004.85,395.22,0.8323,960.87,389.79,0.7387,1011.36,426.17,0.7729,935.35,409.88,0.8530,1002.13,450.60,0.7673,948.92,432.68,0.7833,993.44,460.92,0.6867,969.55,460.37,0.6731,1003.22,503.81,0.7148,970.10,506.52,0.7464,1002.67,533.67,0.8178,972.27,553.76,0.8424
0,bottom,0,781.14,581.75,882.64,851.30,834.52,602.02,0.7172,834.52,597.41,0.6293,835.18,598.07,0.5523,829.92,604.65,0.7598,846.37,604.65,0.7565,817.41,635.58,0.7608,860.85,633.61,0.7818,787.80,660.59,0.8229,876.64,655.33,0.8615,791.09,644.14,0.8430,859.53,638.87,0.6173,823.34,713.89,0.7269,847.69,713.24,0.7072,814.12,767.20,0.8055,841.11,756.01,0.7795,832.55,820.50,0.8282,845.71,808.66,0.7707
1,top,1,928.74,354.54,1019.47,577.09,983.89,371.28,0.7725,988.78,367.47,0.8200,980.62,366.93,0.7851,994.75,371.28,0.8149,975.19,369.65,0.8347,1005.08,395.18,0.8262,960.52,389.75,0.7309,1011.60,425.07,0.7732,935.53,409.85,0.8476,1002.90,448.97,0.7670,946.39,433.22,0.7918,993.67,460.38,0.6837,969.21,459.84,0.6734,1003.45,504.40,0.7080,970.30,506.57,0.7425,1002.90,533.74,0.8187,971.93,553.84,0.8415
1,bottom,0,781.32,581.62,882.27,851.37,835.09,601.90,0.7162,835.09,597.95,0.6256,835.75,597.95,0.5539,829.16,604.53,0.7605,846.28,605.19,0.7635,816.65,636.15,0.7671,860.77,634.17,0.7863,788.33,661.17,0.8224,876.58,655.25,0.8635,791.62,644.05,0.8303,859.45,638.78,0.6232,823.23,713.86,0.7250,847.60,713.20,0.7057,814.01,767.21,0.8051,841.01,756.01,0.7790,832.45,820.55,0.8280,845.62,808.70,0.7710
2,top,1,928.87,354.83,1019.48,576.39,983.37,370.95,0.7878,988.24,367.16,0.8280,980.67,366.62,0.7950,994.19,371.49,0.8348,974.72,369.87,0.8505,1004.47,394.75,0.8252,960.65,389.88,0.7365,1012.58,423.96,0.7724,936.31,410.44,0.8332,1002.30,447.76,0.7142,942.26,435.32,0.7602,993.65,460.74,0.6796,969.31,460.74,0.6651,1003.38,504.55,0.7031,969.85,507.26,0.7472,1002.84,534.30,0.8122,972.01,554.32,0.8326
2,bottom,0,781.46,581.64,881.87,851.38,834.95,601.92,0.7195,834.95,597.97,0.6277,835.61,597.97,0.5586,829.03,604.55,0.7577,845.49,605.21,0.7626,816.52,636.16,0.7704,859.98,634.19,0.7869,788.20,661.85,0.8218,876.44,655.26,0.8662,791.49,644.73,0.8256,858.66,638.80,0.6274,823.10,713.87,0.7283,847.47,713.21,0.7107,813.88,767.21,0.8057,840.88,756.02,0.7778,832.32,821.21,0.8288,845.49,808.70,0.7702
3,top,0,928.42,354.70,1019.37,575.95,983.62,370.80,0.7956,987.94,367.02,0.8329,980.38,366.48,0.7883,993.88,370.80,0.8366,974.43,369.18,0.8448,1004.14,394.02,0.8126,960.39,390.24,0.7381,1012.79,421.57,0.7834,937.16,412.39,0.8179,1001.98,442.64,0.6949,938.24,437.78,0.7307,993.88,461.00,0.6645,969.57,461.00,0.6424,1003.06,504.21,0.7035,970.11,506.92,0.7476,1002.52,534.46,0.8022,972.27,554.45,0.8175
3,bottom,1,781.92,581.59,881.08,851.39,834.79,601.88,0.7252,834.79,597.92,0.6311,835.45,598.58,0.5640,828.87,604.51,0.7577,845.33,605.17,0.7662,816.35,636.13,0.7742,859.82,634.15,0.7886,788.69,662.48,0.8263,875.63,655.23,0.8664,791.32,645.35,0.8170,859.17,638.10,0.6332,822.94,713.85,0.7273,847.31,713.20,0.7110,813.72,767.21,0.8086,841.38,756.01,0.7818,832.82,821.22,0.8300,845.33,809.37,0.7715
4,top,0,925.68,353.62,1018.46,575.74,982.92,370.33,0.8416,987.80,366.53,0.8669,979.66,366.53,0.8342,993.76,370.87,0.8353,974.24,369.24,0.8574,1003.52,393.64,0.8077,959.60,390.93,0.7516,1011.66,416.96,0.7311,937.37,413.71,0.8078,1007.86,429.98,0.6684,936.28,439.74,0.7277,993.76,460.34,0.6852,969.36,459.80,0.6724,1002.98,504.81,0.6950,969.90,505.89,0.7290,1002.44,534.09,0.8189,972.07,554.16,0.8190
4,bottom,1,782.11,581.49,880.53,851.29,834.62,602.44,0.7380,834.62,597.83,0.6285,835.27,598.48,0.5619,828.69,604.41,0.7663,845.16,605.07,0.7707,815.51,636.03,0.7832,859.65,634.05,0.7869,788.51,663.04,0.8268,875.46,655.79,0.8635,791.14,645.91,0.7879,858.99,638.01,0.6384,822.10,713.76,0.7209,847.13,713.10,0.7061,814.20,767.11,0.8111,841.20,755.91,0.7827,832.64,821.12,0.8310,845.16,809.27,0.7738
5,top,0,924.41,352.67,1019.66,575.72,982.93,369.98,0.8266,987.29,366.17,0.8596,979.12,366.17,0.8210,993.28,370.53,0.8457,973.67,368.89,0.8554,1003.08,392.31,0.7986,959.51,391.22,0.7550,1011.79,410.83,0.7327,937.18,414.09,0.8083,1010.70,420.63,0.7114,933.92,439.69,0.7311,993.28,461.47,0.6911,968.77,461.47,0.6760,1003.08,505.04,0.7012,970.40,506.67,0.7391,1002.53,533.90,0.8177,972.04,554.05,0.8252
5,bottom,1,782.11,581.39,880.30,851.27,833.84,602.34,0.7414,833.84,597.73,0.6229,834.50,598.39,0.5646,827.91,604.98,0.7665,844.38,605.64,0.7774,814.73,635.95,0.7805,858.88,633.97,0.7880,788.38,663.62,0.8340,874.69,656.37,0.8641,792.33,645.17,0.7321,857.56,638.58,0.6450,821.98,714.35,0.7383,847.02,713.69,0.7221,814.08,767.06,0.8174,841.09,756.52,0.7802,832.52,821.75,0.8315,845.04,809.89,0.7797
6,top,0,925.11,352.85,1020.60,575.88,982.66,370.71,0.8073,987.56,366.90,0.8420,979.39,366.36,0.8016,993.00,370.71,0.8424,973.40,369.08,0.8641,1002.80,391.95,0.7964,959.24,391.40,0.7568,1012.60,406.65,0.7417,936.37,413.18,0.8231,1012.60,416.45,0.7293,933.65,439.32,0.7363,993.00,461.65,0.7068,969.04,462.19,0.6924,1002.80,503.57,0.7219,970.13,507.93,0.7587,1003.35,534.06,0.8293,972.31,554.21,0.8477
6,bottom,1,783.07,582.18,880.48,851.70,835.72,603.76,0.7530,835.72,599.15,0.6078,836.38,599.81,0.5739,827.17,605.73,0.7803,844.94,606.39,0.7944,813.35,636.66,0.7816,858.75,636.00,0.7906,789.00,666.27,0.8408,874.55,659.03,0.8636,798.87,647.85,0.6022,857.44,640.61,0.6633,821.90,714.97,0.7474,847.57,714.31,0.7379,814.01,767.61,0.8194,840.99,755.11,0.7639,833.75,822.88,0.8194,845.59,807.75,0.7589
7,top,1,922.95,353.31,1022.43,576.06,982.48,370.60,0.8048,987.37,366.79,0.8417,979.22,366.79,0.7965,993.35,370.60,0.8458,973.78,369.51,0.8549,1002.60,391.81,0.7848,959.09,391.81,0.7499,1013.48,405.95,0.7308,936.80,414.65,0.8211,1014.02,415.19,0.7249,934.62,444.02,0.7269,993.35,460.87,0.6962,969.43,461.96,0.6816,1002.60,503.29,0.7279,969.97,507.64,0.7549,1003.69,534.29,0.8217,972.15,554.41,0.8348
7,bottom,0,782.73,584.00,881.48,852.97,836.70,606.85,0.7538,836.70,602.25,0.6061,838.02,602.91,0.5895,826.85,608.82,0.7850,845.90,609.48,0.8039,812.41,638.37,0.8220,859.03,639.03,0.8053,788.76,670.55,0.8546,874.13,663.98,0.8626,799.93,652.82,0.5817,859.03,644.28,0.6624,822.26,716.52,0.7537,848.52,715.20,0.7535,815.69,770.36,0.8083,842.61,752.63,0.7302,836.05,825.53,0.8122,845.90,803.20,0.7434
8,top,0,928.47,354.17,1023.50,576.67,983.04,370.90,0.8070,987.93,367.10,0.8251,979.78,366.56,0.8202,993.36,370.90,0.8552,974.35,369.82,0.8433,1002.60,392.09,0.7841,959.68,392.09,0.7629,1015.09,405.67,0.7456,937.96,416.53,0.8188,1015.63,413.82,0.7467,936.33,446.41,0.7573,992.82,461.08,0.7036,968.92,462.16,0.6963,1002.05,501.82,0.7341,970.55,507.25,0.7665,1003.68,534.41,0.8304,972.18,553.96,0.8373
8,bottom,1,783.03,587.60,886.66,854.54,837.45,610.93,0.7860,838.76,606.37,0.5965,838.76,607.02,0.6192,827.03,612.89,0.7968,845.93,613.54,0.8093,810.73,642.21,0.8414,858.31,642.86,0.8195,789.88,675.45,0.8632,873.30,672.19,0.8674,797.05,661.11,0.6250,858.31,655.25,0.6389,822.46,719.76,0.7756,847.88,717.81,0.7644,818.55,774.51,0.8054,843.97,753.65,0.6702,839.41,829.25,0.7950,845.27,800.58,0.7174
9,top,0,930.99,355.27,1024.42,576.26,983.10,371.35,0.8259,987.95,367.57,0.8167,979.86,367.04,0.8347,993.89,371.35,0.8774,974.47,370.27,0.8314,1003.06,392.39,0.7795,959.36,393.47,0.7830,1016.55,407.50,0.7423,939.40,419.37,0.8171,1017.63,415.05,0.7587,938.32,449.58,0.7621,992.27,460.37,0.7032,967.99,461.45,0.6997,1001.44,499.21,0.7293,969.07,505.15,0.7411,1003.60,535.36,0.8249,971.77,553.71,0.8408
9,bottom,1,784.17,591.94,888.86,854.62,838.44,615.54,0.7368,838.44,610.41,0.5722,840.36,610.41,0.5816,827.54,616.18,0.8108,847.42,618.10,0.8077,809.58,646.32,0.8633,858.96,648.88,0.8455,790.98,680.95,0.8851,872.43,680.31,0.8807,801.89,669.41,0.6156,867.30,672.61,0.5730,823.05,723.28,0.7694,846.78,722.64,0.7692,823.69,778.43,0.8164,843.57,754.06,0.6658,842.93,832.30,0.8429,846.78,797.03,0.7656
10,top,0,933.32,356.08,1026.94,577.15,983.37,372.17,0.8364,987.69,368.39,0.7926,979.59,367.85,0.8420,994.16,372.17,0.8744,974.73,371.63,0.8070,1004.42,393.75,0.7843,960.16,394.29,0.7923,1018.99,411.03,0.7220,941.27,421.82,0.7944,1018.99,418.58,0.7062,940.19,451.50,0.7337,992.00,461.22,0.7059,967.18,462.30,0.6998,1001.18,500.62,0.7166,966.64,506.55,0.7363,1002.80,535.70,0.8330,969.88,552.97,0.8374
10,bottom,1,786.27,595.02,879.35,855.42,841.08,617.78,0.7438,839.80,612.69,0.6068,843.62,612.69,0.5522,829.00,617.78,0.7926,849.34,620.32,0.7631,809.29,648.30,0.8451,860.15,652.11,0.8444,792.76,685.17,0.8580,872.23,685.80,0.8766,799.75,680.72,0.5926,862.69,673.09,0.5916,822.64,726.49,0.7491,846.16,725.86,0.7567,826.45,779.89,0.7946,842.35,758.91,0.6195,844.25,833.93,0.8178,851.88,800.24,0.7062
11,top,0,934.56,357.75,1027.40,575.30,983.11,373.58,0.8594,987.35,369.86,0.8229,979.39,369.33,0.8339,993.73,374.11,0.8850,974.08,373.05,0.8120,1003.82,394.83,0.7708,959.74,396.42,0.7886,1018.16,412.35,0.7051,942.74,425.10,0.7917,1020.82,420.85,0.7562,942.21,456.97,0.7425,991.07,460.69,0.6831,965.58,460.69,0.6754,1000.63,500.52,0.7024,963.45,504.77,0.7050,1003.29,536.64,0.8247,966.11,552.04,0.7998
11,bottom,1,785.85,594.72,877.68,854.32,843.81,618.05,0.7632,841.91,613.61,0.5953,845.71,612.98,0.5283,831.13,618.05,0.7670,850.78,621.22,0.7503,809.58,647.84,0.8438,860.29,653.54,0.8408,792.47,683.96,0.8215,871.69,687.76,0.8857,793.74,694.10,0.6956,862.19,672.55,0.6244,821.62,723.89,0.7516,845.07,723.26,0.7592,821.62,779.03,0.8137,841.91,756.85,0.7325,841.91,829.73,0.8223,855.21,801.21,0.7446
12,top,0,936.41,360.29,1028.64,573.39,983.05,375.79,0.8459,987.73,372.15,0.8189,979.41,371.63,0.8151,993.45,376.31,0.8688,973.68,375.79,0.8299,1003.86,397.12,0.7661,959.11,398.16,0.7888,1019.47,417.41,0.7185,944.03,427.30,0.8055,1021.55,425.22,0.7221,944.03,460.07,0.7275,990.33,459.55,0.6827,964.32,459.55,0.6707,1000.22,499.09,0.7079,961.20,502.74,0.7124,1002.82,536.55,0.8228,960.16,550.60,0.7660
12,bottom,1,782.98,594.07,877.79,852.99,845.56,616.70,0.7373,843.66,612.27,0.5652,848.72,612.91,0.5199,832.91,617.33,0.7681,852.51,620.49,0.7577,809.52,645.15,0.8336,861.99,652.73,0.8522,791.82,679.91,0.7965,870.84,688.13,0.8679,790.56,693.82,0.6911,864.52,671.06,0.6127,819.01,721.00,0.7442,844.92,719.74,0.7333,812.05,777.26,0.7898,843.66,758.30,0.7701,837.34,820.25,0.7838,857.57,805.71,0.7391
13,top,0,937.06,362.61,1028.04,568.18,982.05,378.07,0.8315,986.57,374.55,0.8122,978.53,374.05,0.8015,992.59,378.57,0.8490,973.01,378.07,0.8110,1004.13,399.65,0.7600,957.96,401.15,0.7811,1019.69,422.23,0.7443,944.41,429.76,0.8013,1021.20,435.78,0.6973,944.91,462.39,0.7104,989.58,459.88,0.6825,963.48,459.37,0.6699,1000.12,499.02,0.6992,958.96,501.03,0.7111,1002.12,538.67,0.8154,952.94,548.71,0.7808
13,bottom,1,780.08,593.32,878.06,846.45,846.37,614.83,0.7836,845.14,611.74,0.5762,849.46,612.98,0.5618,834.01,616.07,0.7734,853.17,619.77,0.7700,810.53,642.02,0.8164,862.44,651.29,0.8559,790.76,674.77,0.7639,870.48,687.13,0.8493,786.43,687.75,0.6893,863.06,671.68,0.6013,817.33,714.94,0.7042,844.52,714.32,0.7060,801.88,774.89,0.7968,848.23,757.58,0.7551,829.07,808.26,0.7216,858.12,806.40,0.7561
14,top,0,934.24,363.98,1026.64,573.45,980.95,380.24,0.8699,985.55,376.66,0.8493,977.37,376.15,0.8369,991.18,380.75,0.8836,971.74,380.24,0.8427,1002.43,401.72,0.7630,956.40,403.76,0.7868,1018.28,425.75,0.7300,943.61,431.89,0.7707,1020.84,445.19,0.7079,944.13,465.65,0.6793,988.11,461.04,0.6841,961.51,460.53,0.6709,999.87,499.40,0.6863,956.91,502.98,0.7236,1001.92,538.78,0.8098,943.61,549.52,0.7712
14,bottom,1,774.92,593.34,879.07,833.31,845.15,614.32,0.8329,843.98,611.39,0.5533,848.08,611.97,0.5880,833.44,615.49,0.7769,852.77,619.00,0.7796,810.59,639.51,0.7930,861.56,650.05,0.8669,786.57,667.04,0.7417,870.35,685.20,0.8391,781.88,678.76,0.7188,863.32,668.21,0.6094,814.69,712.74,0.6708,843.98,712.15,0.6769,794.19,765.47,0.8116,852.77,756.68,0.7998,818.21,798.27,0.7283,858.04,807.06,0.8249
15,top,1,925.77,365.73,1026.49,575.06,978.68,381.98,0.8719,983.28,378.41,0.8489,975.62,378.41,0.8361,989.42,382.50,0.8686,970.00,382.50,0.8196,1000.66,403.45,0.7784,954.67,406.52,0.7887,1014.97,428.49,0.7568,941.38,435.65,0.7751,1019.57,453.02,0.8018,943.42,467.33,0.6907,986.35,462.22,0.6962,959.26,462.22,0.6806,998.62,500.04,0.7008,953.64,505.15,0.7469,1001.68,539.39,0.8218,934.73,551.66,0.8137
15,bottom,0,769.34,591.19,881.78,827.04,843.41,612.95,0.8531,842.83,610.07,0.5562,845.71,610.65,0.5905,832.47,615.26,0.7679,850.32,618.14,0.7834,809.44,637.71,0.7636,859.53,648.08,0.8596,782.37,660.17,0.7158,869.90,681.47,0.8437,776.61,668.23,0.7269,864.14,666.50,0.6539,812.89,709.11,0.6640,842.83,709.69,0.6718,789.28,752.88,0.8289,854.35,755.18,0.8005,807.71,792.61,0.7704,857.23,805.85,0.8455
16,top,1,919.07,367.13,1023.33,573.76,976.75,384.18,0.8451,981.29,380.65,0.8600,973.72,380.14,0.8421,987.85,384.68,0.8518,968.17,383.67,0.8475,997.94,404.86,0.7995,952.53,408.39,0.7881,1011.05,429.58,0.7683,939.42,436.14,0.7662,1017.11,455.81,0.7890,938.91,465.90,0.6697,982.80,464.39,0.6996,956.57,464.39,0.6847,996.42,500.21,0.7216,949.51,506.26,0.7479,1001.47,539.56,0.8373,928.82,552.17,0.8238
16,bottom,0,764.59,590.09,885.38,825.23,841.06,611.22,0.8575,840.48,609.50,0.5805,843.35,609.50,0.5805,830.15,614.09,0.7735,848.52,616.96,0.7724,806.61,635.90,0.7517,857.13,647.38,0.8402,773.89,655.99,0.7285,869.76,678.96,0.8546,774.46,655.42,0.5376,864.59,662.88,0.6668,809.48,709.38,0.6832,839.33,711.68,0.7023,787.67,743.83,0.7929,854.83,754.16,0.7897,798.00,795.49,0.8229,857.13,806.40,0.8484
17,top,1,918.27,368.55,1019.94,573.75,974.11,385.48,0.8594,978.62,381.97,0.8689,971.11,381.47,0.8480,985.13,385.98,0.8599,965.60,385.48,0.8367,993.65,405.02,0.8091,950.57,409.53,0.7965,1006.17,431.07,0.7540,936.04,437.58,0.7929,1014.19,460.63,0.8014,935.04,468.14,0.6854,979.12,464.63,0.6897,952.07,464.63,0.6573,993.65,501.71,0.7079,944.55,508.22,0.7544,1001.16,540.28,0.8232,928.52,553.31,0.8207
17,bottom,0,759.17,589.80,880.99,825.65,837.93,609.83,0.8788,837.93,607.53,0.6125,840.81,607.53,0.6098,828.14,612.14,0.7777,844.84,614.44,0.7873,804.53,632.87,0.7669,853.47,646.11,0.8534,769.41,646.69,0.6985,870.17,676.05,0.8789,768.25,646.11,0.5967,867.87,658.78,0.7500,805.68,708.30,0.6953,836.20,710.03,0.6933,787.26,741.12,0.7822,852.90,754.36,0.8206,788.41,793.52,0.8481,856.35,806.19,0.8883
18,top,1,918.64,368.14,1017.67,572.82,972.15,385.53,0.9126,976.65,382.03,0.8779,969.15,381.53,0.8708,982.65,386.53,0.9040,964.16,386.03,0.8469,990.64,405.02,0.8593,948.17,410.02,0.8360,1001.13,430.51,0.7829,933.67,438.50,0.8070,1009.63,459.49,0.8170,931.68,471.48,0.6806,973.65,463.49,0.7284,948.17,463.49,0.7024,988.14,499.97,0.7211,940.17,508.46,0.7263,1000.63,540.44,0.8260,928.18,553.93,0.8610
18,bottom,0,754.59,587.67,880.08,825.91,835.37,608.49,0.8740,834.78,606.17,0.6025,837.69,606.75,0.6038,824.90,610.82,0.7725,841.76,613.73,0.7810,801.05,630.60,0.7299,849.91,645.14,0.8318,764.41,637.58,0.6856,869.10,672.47,0.8363,762.08,639.90,0.6184,870.26,658.52,0.7533,801.63,706.21,0.6923,831.29,708.54,0.6867,787.09,741.69,0.7720,850.49,753.32,0.8004,781.27,784.73,0.7964,855.72,805.09,0.8768
19,top,1,918.54,369.51,1017.67,573.13,969.60,385.32,0.9176,974.07,381.84,0.8514,966.62,381.84,0.8687,980.04,386.31,0.9100,961.64,386.31,0.8515,987.99,404.21,0.8536,946.23,409.68,0.8222,996.94,429.56,0.7611,931.32,438.01,0.7956,1004.89,459.89,0.7769,928.83,469.33,0.6868,969.10,461.87,0.7065,944.74,462.37,0.7011,983.02,499.66,0.7051,939.77,506.62,0.7257,997.44,538.43,0.8038,927.84,552.35,0.8482
19,bottom,0,749.98,586.95,880.90,827.02,832.44,607.94,0.8329,831.85,605.01,0.5881,835.37,605.59,0.5762,821.89,609.69,0.7969,838.88,613.21,0.7753,798.44,628.45,0.7395,845.92,644.27,0.8324,761.52,629.62,0.6762,868.19,670.65,0.8496,758.00,633.72,0.6966,871.71,656.58,0.7750,796.68,705.23,0.6956,826.58,707.57,0.7015,786.13,743.91,0.7929,848.26,752.70,0.8069,780.86,786.70,0.8118,853.54,804.87,0.8940
20,top,1,915.16,371.57,1015.88,574.89,967.51,387.36,0.8695,971.48,383.38,0.8162,964.03,383.38,0.8198,977.93,387.36,0.8730,959.07,387.36,0.8377,985.38,404.23,0.8337,943.68,410.19,0.8096,992.82,428.56,0.7610,927.80,437.49,0.7852,999.77,458.83,0.7825,924.82,470.75,0.7004,964.53,460.32,0.7059,941.20,461.32,0.7007,977.93,496.56,0.6933,940.21,504.50,0.7387,988.85,535.28,0.7740,927.30,552.15,0.8072
20,bottom,0,745.92,587.12,882.67,827.16,829.53,607.51,0.8157,828.95,603.99,0.5857,833.05,604.58,0.5582,819.57,609.27,0.7791,835.39,612.20,0.7351,795.54,626.85,0.7271,843.01,643.85,0.8089,757.45,623.33,0.6693,866.45,669.63,0.8330,753.93,628.61,0.7432,872.90,655.57,0.8071,792.61,703.04,0.6606,821.91,705.97,0.6780,784.99,741.13,0.7791,845.94,752.26,0.7961,780.89,786.25,0.8148,851.80,805.01,0.8863
21,top,1,912.08,374.23,1003.08,574.89,965.42,388.83,0.8253,969.83,385.40,0.8543,962.48,385.40,0.8154,975.21,389.32,0.8548,957.09,388.83,0.8492,982.56,405.00,0.8547,941.41,410.88,0.7929,988.44,428.02,0.7620,924.76,440.27,0.7781,994.81,459.37,0.7902,920.84,472.60,0.6809,960.52,458.89,0.7062,937.00,459.86,0.6884,974.73,495.14,0.6585,937.98,504.94,0.7378,979.13,531.88,0.7748,925.74,551.47,0.7937
21,bottom,0,741.98,585.93,885.70,827.92,826.25,606.49,0.8314,826.84,602.95,0.5906,828.02,603.54,0.5233,816.79,608.26,0.7498,832.15,611.81,0.6913,793.75,625.40,0.7320,839.24,643.12,0.7793,772.49,619.49,0.5903,865.24,669.70,0.7907,751.81,617.72,0.7355,873.51,655.53,0.8201,789.03,698.65,0.6575,817.98,701.61,0.6507,783.12,738.24,0.7597,843.38,751.23,0.7852,780.76,784.32,0.8030,849.29,802.63,0.8655
22,top,1,912.48,375.63,997.21,574.45,963.58,392.04,0.8554,967.46,388.15,0.8851,960.18,388.15,0.8375,973.29,392.04,0.8725,954.84,391.55,0.8699,980.57,408.06,0.8644,938.83,413.39,0.7981,985.42,430.38,0.7593,921.84,443.00,0.7879,991.25,461.45,0.7861,917.95,473.10,0.7071,957.27,458.54,0.7148,933.49,460.48,0.7001,971.83,494.46,0.6576,935.43,503.20,0.7773,968.92,529.89,0.7759,922.32,550.28,0.7908
22,bottom,0,734.78,583.95,889.86,827.23,823.01,606.40,0.8052,823.61,601.65,0.5871,825.39,603.43,0.5074,814.10,607.59,0.7668,829.55,611.15,0.6990,789.75,624.81,0.7452,836.08,642.63,0.7738,759.46,616.49,0.6065,862.81,668.76,0.7952,748.17,612.34,0.6421,874.69,655.10,0.8383,786.78,697.87,0.6565,815.29,699.65,0.6473,782.62,737.07,0.7573,841.42,749.54,0.7767,780.84,783.99,0.7969,847.36,801.22,0.8484
23,top,1,904.50,377.83,994.10,572.83,960.25,395.83,0.8555,964.53,392.02,0.8829,957.39,392.02,0.8292,970.72,395.83,0.8506,952.63,395.35,0.8738,977.39,412.02,0.8980,935.97,417.25,0.8070,981.67,432.96,0.7741,919.31,446.29,0.7941,987.86,463.91,0.8118,915.02,474.38,0.6931,953.58,461.53,0.7533,931.21,462.95,0.7338,969.29,494.85,0.7145,931.68,504.37,0.7550,960.25,527.70,0.8109,916.93,551.50,0.8191
23,bottom,0,728.74,583.15,892.92,826.05,819.72,606.16,0.7662,820.32,600.82,0.5750,822.09,602.60,0.4847,810.83,606.75,0.7691,826.84,610.90,0.6833,786.51,624.54,0.7424,833.95,641.15,0.7713,758.05,613.87,0.6722,860.64,667.24,0.7909,746.78,604.97,0.5803,876.65,655.38,0.8144,785.92,697.49,0.6601,814.39,699.27,0.6528,781.18,736.63,0.7527,839.89,749.08,0.7704,780.58,782.88,0.7892,846.41,800.67,0.8461
24,top,1,903.91,385.24,992.76,578.27,957.76,400.70,0.7978,962.00,396.93,0.8375,954.46,396.93,0.7829,968.60,401.64,0.8378,949.75,400.70,0.8074,975.67,417.67,0.8406,933.25,422.85,0.7741,979.44,441.23,0.7289,917.70,450.65,0.7555,985.56,471.39,0.7446,912.52,479.40,0.6517,950.22,463.38,0.6680,927.13,465.26,0.6738,966.71,498.25,0.7180,929.48,506.26,0.7399,957.76,530.77,0.7786,912.99,554.33,0.7647
24,bottom,0,724.10,580.67,894.73,825.01,818.36,604.41,0.7495,818.96,599.64,0.5663,820.15,601.43,0.4847,808.82,605.60,0.7634,824.33,609.18,0.6691,783.76,622.90,0.7441,832.68,639.61,0.7639,752.74,608.58,0.8195,857.73,664.66,0.7681,733.65,592.48,0.7972,877.42,656.31,0.7740,784.96,695.68,0.6481,812.99,696.87,0.6490,780.18,736.84,0.7492,838.65,747.58,0.7617,780.18,782.77,0.7808,845.80,799.48,0.8462
25,top,1,900.21,391.42,990.95,580.57,954.36,406.57,0.8284,958.97,402.87,0.8324,951.59,402.87,0.7865,964.98,407.49,0.8095,946.51,406.57,0.7786,971.90,423.19,0.8302,930.34,428.73,0.7708,976.52,449.51,0.7051,914.64,457.82,0.7274,983.91,480.91,0.7397,908.64,486.92,0.6429,948.35,468.91,0.6576,925.26,470.75,0.6581,966.36,503.08,0.7352,927.11,510.47,0.7306,956.20,532.63,0.7628,908.18,558.49,0.7800
25,bottom,0,720.58,580.96,895.75,824.10,815.88,603.40,0.7304,816.48,597.46,0.5670,817.66,599.84,0.4771,806.39,603.99,0.7691,822.41,607.55,0.6781,782.05,622.39,0.7536,830.72,638.42,0.7735,751.18,609.34,0.8258,858.03,663.95,0.7846,732.19,593.31,0.7977,878.80,656.82,0.8011,784.42,694.81,0.6446,812.92,696.59,0.6535,779.67,736.96,0.7535,837.85,747.05,0.7600,780.27,782.66,0.7742,846.16,798.69,0.8335
26,top,1,893.95,398.19,990.36,582.20,950.69,412.93,0.8250,955.19,409.34,0.8342,948.00,409.34,0.8071,961.03,414.28,0.8195,942.61,412.93,0.7746,968.66,430.00,0.8171,925.99,434.49,0.7634,973.16,455.16,0.6757,909.37,462.79,0.7357,981.69,485.25,0.7259,903.97,491.54,0.6624,945.30,473.13,0.6375,922.39,475.37,0.6494,969.11,505.92,0.7227,925.54,514.45,0.6925,958.33,531.08,0.7518,905.32,560.28,0.7649
26,bottom,0,722.46,580.65,893.07,824.29,814.91,601.35,0.7316,816.69,596.00,0.5787,816.69,597.79,0.5018,805.98,601.95,0.7435,821.45,604.92,0.7054,782.79,622.17,0.7534,830.37,636.45,0.7827,750.67,612.06,0.7166,855.95,663.22,0.7806,734.61,604.92,0.6748,877.96,659.65,0.7643,784.57,692.96,0.6496,813.12,694.74,0.6502,779.81,736.97,0.7532,836.91,746.49,0.7639,780.41,782.77,0.7705,845.84,797.64,0.8255
27,top,1,888.18,401.12,989.45,582.95,946.36,416.12,0.8497,950.80,412.57,0.8527,943.70,412.13,0.8334,957.90,417.46,0.8400,939.26,415.68,0.7780,964.56,434.33,0.8026,921.95,436.99,0.7538,970.33,460.52,0.7065,905.52,462.29,0.7433,978.77,491.59,0.7014,897.97,493.81,0.6752,941.92,475.17,0.6334,919.73,477.39,0.6515,970.33,506.69,0.6816,926.83,514.23,0.7017,961.90,528.00,0.6984,904.63,562.18,0.7843
27,bottom,0,721.19,578.78,892.47,825.39,814.06,599.13,0.7453,815.86,594.31,0.5638,815.86,596.12,0.4944,805.03,600.33,0.7387,821.28,603.34,0.7124,783.35,620.80,0.7174,830.31,635.25,0.7718,754.45,617.79,0.5483,853.19,664.15,0.7433,736.99,615.99,0.5600,874.87,665.36,0.7060,785.16,692.45,0.6429,812.85,694.26,0.6468,780.34,737.00,0.7464,836.94,745.43,0.7658,780.34,782.76,0.7541,845.37,797.21,0.8112
28,top,1,885.67,400.10,982.22,582.52,941.96,415.15,0.8182,946.86,412.04,0.8364,939.73,411.59,0.8210,953.99,416.04,0.8249,935.73,415.15,0.7724,963.34,433.41,0.7933,918.36,434.75,0.7497,968.68,459.69,0.7159,902.32,459.69,0.7333,975.36,489.97,0.6588,896.09,488.19,0.6780,941.07,474.39,0.6232,917.47,475.72,0.6327,968.68,504.67,0.6888,923.26,512.24,0.6925,962.45,526.05,0.7206,904.11,562.12,0.7610
28,bottom,0,720.66,578.41,888.42,824.37,813.54,598.10,0.7848,814.74,594.50,0.5857,814.74,595.70,0.4998,804.54,599.91,0.7588,821.35,602.31,0.7021,782.92,619.72,0.7125,830.36,633.53,0.7888,753.49,624.53,0.6032,848.37,664.16,0.7371,733.08,628.73,0.6564,870.59,673.17,0.7192,785.92,691.18,0.6429,814.14,692.38,0.6374,780.52,736.22,0.7323,836.96,744.62,0.7572,779.92,783.06,0.7398,844.17,795.07,0.8037
29,top,1,891.84,394.28,975.82,581.19,939.31,410.16,0.8531,943.41,407.42,0.8275,936.57,406.96,0.8306,950.72,411.98,0.8565,932.01,411.53,0.7978,962.12,429.78,0.7878,916.03,429.32,0.7527,969.43,457.62,0.6974,902.34,455.34,0.7278,970.34,483.63,0.6024,895.50,484.08,0.7174,943.87,471.76,0.6511,918.32,472.22,0.6511,967.60,505.99,0.7240,916.95,510.10,0.6940,962.58,534.74,0.7346,902.34,561.66,0.7657
29,bottom,0,723.18,577.91,887.17,824.53,813.60,597.66,0.7725,815.41,593.44,0.5574,815.41,594.65,0.4920,804.57,598.86,0.7242,822.03,601.27,0.6915,783.49,621.14,0.6994,831.06,633.78,0.7949,753.99,633.18,0.6565,845.51,666.30,0.7408,735.33,645.83,0.6995,864.78,677.74,0.7115,787.11,691.59,0.6459,816.01,692.79,0.6331,781.09,736.14,0.7186,837.68,745.17,0.7560,779.88,782.50,0.7326,843.10,794.55,0.7999
30,top,1,887.59,390.01,974.95,576.71,935.37,405.88,0.7661,939.47,402.69,0.7398,932.18,402.69,0.7538,946.77,407.24,0.7901,928.53,407.24,0.7310,959.99,426.39,0.7241,913.95,425.02,0.7119,968.19,451.91,0.6455,903.92,449.63,0.6947,966.82,474.70,0.4717,895.26,476.98,0.7088,945.86,469.23,0.6051,917.60,468.78,0.6095,957.25,505.24,0.6223,910.76,509.34,0.6586,962.26,544.90,0.6862,900.73,556.29,0.7370
30,bottom,0,729.70,578.58,865.22,826.36,814.40,597.82,0.7626,813.80,594.79,0.5599,818.03,595.40,0.5828,804.12,599.63,0.7323,822.27,602.05,0.7579,782.95,624.43,0.7141,831.94,634.72,0.8253,754.51,647.42,0.6945,842.23,668.59,0.7758,738.79,664.96,0.6613,859.77,683.72,0.7724,788.39,694.00,0.6512,818.03,695.21,0.6562,782.34,736.34,0.7102,839.81,746.02,0.7783,779.92,782.92,0.7385,842.23,794.42,0.8230
31,top,1,880.46,387.33,972.86,570.31,931.13,402.43,0.8024,935.60,399.30,0.7722,928.45,399.30,0.7814,942.74,403.77,0.8049,924.43,403.32,0.7277,956.59,425.66,0.7304,912.81,420.75,0.7333,967.76,453.81,0.7253,905.67,444.87,0.7132,958.83,476.59,0.6068,893.16,473.46,0.6805,945.87,468.10,0.6332,918.17,466.76,0.6305,948.11,506.97,0.7126,907.01,505.18,0.6654,960.17,543.60,0.7356,896.28,552.53,0.7902
31,bottom,0,739.02,580.04,858.52,823.28,815.99,599.52,0.7703,814.80,596.55,0.5463,819.56,597.14,0.5885,804.12,601.89,0.7278,822.52,604.27,0.7589,783.92,627.43,0.7514,832.62,638.12,0.8387,760.76,658.90,0.7396,839.75,673.16,0.7649,746.51,683.25,0.7703,851.62,686.22,0.6912,790.46,698.69,0.6820,819.56,699.29,0.6734,784.52,736.11,0.7284,841.53,747.39,0.7833,780.36,783.02,0.7645,842.72,794.30,0.8593
32,top,1,877.67,383.39,971.15,565.98,926.64,398.90,0.7978,931.10,395.78,0.7338,923.52,395.33,0.7336,937.78,400.68,0.8167,919.51,400.68,0.7130,951.16,422.97,0.7797,911.48,417.62,0.7661,963.64,452.39,0.7468,906.13,441.25,0.7341,951.60,471.12,0.6981,891.87,467.55,0.7145,944.02,466.66,0.6575,916.83,464.87,0.6532,942.69,507.22,0.7331,903.46,501.87,0.6826,959.18,545.56,0.7856,895.88,547.79,0.8147
32,bottom,0,750.38,581.97,856.40,826.08,816.50,602.71,0.7892,816.50,599.14,0.5650,820.08,599.73,0.5345,805.18,605.10,0.7648,824.25,607.48,0.7572,786.11,630.72,0.7867,833.78,640.85,0.8497,768.82,666.48,0.7795,840.34,676.02,0.7581,756.90,695.09,0.7436,849.28,689.72,0.6811,792.07,702.24,0.7051,819.48,703.43,0.6706,786.70,736.81,0.7030,844.51,749.92,0.7942,781.34,782.70,0.7596,843.32,797.00,0.8794
33,top,1,877.20,379.38,971.15,563.35,921.48,395.01,0.7781,925.52,391.87,0.6908,918.79,391.42,0.7478,933.16,397.26,0.8202,915.64,396.36,0.7215,946.18,420.16,0.7856,909.80,414.32,0.7891,958.76,448.91,0.7644,907.56,437.23,0.7574,943.04,469.57,0.7262,890.49,459.69,0.7960,943.49,465.98,0.6612,916.54,463.28,0.6800,939.90,505.05,0.7417,898.57,498.76,0.7168,959.66,546.37,0.8127,899.02,537.84,0.8133
33,bottom,0,761.80,582.48,857.33,827.85,818.55,604.52,0.7857,819.75,600.93,0.5594,820.95,601.53,0.5244,807.17,606.92,0.7559,825.74,609.32,0.7591,788.60,633.28,0.8088,836.52,642.86,0.8552,776.62,671.02,0.8047,842.51,678.81,0.7647,768.83,703.97,0.7414,846.11,685.99,0.5449,794.59,704.56,0.7261,820.95,705.76,0.6872,790.39,738.71,0.7106,847.30,751.29,0.8117,781.41,783.04,0.7737,844.31,798.62,0.8834
34,top,1,876.31,374.75,969.72,561.00,916.19,390.12,0.7592,920.74,386.94,0.6886,913.92,386.49,0.7759,928.93,391.94,0.8286,911.19,391.03,0.7357,942.11,415.13,0.7833,908.01,409.68,0.7823,957.12,442.41,0.8092,907.55,432.86,0.7138,938.02,461.97,0.6520,885.27,456.05,0.7312,941.20,463.33,0.6694,916.19,461.06,0.6964,938.47,503.34,0.7227,893.91,498.80,0.7364,958.94,544.72,0.7902,900.73,525.62,0.7866
34,bottom,0,772.25,583.13,860.02,828.57,820.93,605.18,0.7936,821.53,600.99,0.5597,822.73,601.59,0.5343,809.54,607.58,0.7812,828.72,608.78,0.7569,791.57,635.14,0.8253,841.30,642.93,0.8456,783.78,675.89,0.7742,847.89,678.89,0.7876,778.99,710.64,0.7071,844.90,690.27,0.4696,798.16,705.25,0.7261,824.53,707.05,0.6795,792.17,739.41,0.7295,849.09,753.19,0.8069,780.78,784.35,0.7941,844.90,802.32,0.8591
35,top,1,869.62,367.89,970.13,561.77,911.83,383.41,0.7632,916.56,380.10,0.7066,909.93,379.63,0.8018,925.08,385.78,0.8230,907.09,384.83,0.7552,937.39,409.45,0.7922,904.25,404.24,0.8094,954.90,436.43,0.8396,905.67,427.91,0.7197,934.55,452.52,0.6691,882.48,446.84,0.7352,938.33,461.51,0.6997,915.14,459.15,0.7216,937.86,501.27,0.7231,890.53,498.43,0.7647,959.16,544.35,0.8125,902.36,517.37,0.7518
35,bottom,0,772.21,582.82,861.78,830.36,825.46,605.06,0.7016,824.25,600.83,0.4954,828.48,600.83,0.5031,812.77,606.88,0.7500,832.11,608.69,0.7693,795.85,635.89,0.8041,845.40,641.32,0.8312,789.80,675.17,0.7581,855.68,676.38,0.7768,787.99,710.22,0.6671,847.82,690.88,0.5230,802.50,705.39,0.6776,829.09,706.59,0.6719,791.62,742.25,0.7078,850.24,753.73,0.7757,781.34,783.95,0.7567,842.38,805.10,0.8213
36,top,1,860.20,360.80,972.59,562.38,906.55,378.42,0.7279,911.48,374.97,0.6731,904.59,373.99,0.7689,919.35,379.40,0.8140,901.63,378.91,0.7666,932.15,403.02,0.7999,899.66,397.61,0.8161,950.85,429.60,0.8289,901.14,421.23,0.6833,925.26,444.86,0.5997,877.03,436.49,0.7141,935.59,455.19,0.7120,911.97,453.71,0.7205,941.00,499.98,0.7252,891.30,495.05,0.7540,959.71,543.78,0.8073,904.59,513.26,0.7666
36,bottom,0,772.10,583.51,867.30,830.82,828.15,605.73,0.6861,825.14,601.51,0.4961,831.78,601.51,0.4892,816.08,608.15,0.7564,835.40,608.75,0.7757,799.78,637.73,0.8071,851.10,640.15,0.8359,793.14,677.58,0.7613,862.57,675.77,0.8088,790.12,713.20,0.6815,852.91,692.68,0.6626,807.63,707.77,0.6881,834.80,708.98,0.6938,793.14,747.62,0.7198,852.31,756.68,0.8020,781.06,785.05,0.7075,840.83,808.00,0.8209
37,top,1,847.72,356.47,972.24,563.18,898.88,368.99,0.7332,904.43,366.47,0.7152,897.87,365.46,0.7783,913.51,372.52,0.8206,895.85,371.01,0.6542,925.63,397.25,0.7971,893.83,390.69,0.8026,943.79,423.49,0.8190,896.86,414.41,0.6307,919.06,431.57,0.5219,868.09,422.99,0.6375,932.19,450.24,0.7155,908.97,450.24,0.7239,943.29,495.16,0.7366,890.30,490.11,0.7619,959.94,542.09,0.8254,908.97,512.31,0.7541
37,bottom,0,771.20,584.44,875.70,831.58,830.09,606.64,0.6849,827.67,603.02,0.5089,833.71,603.02,0.4643,818.62,610.26,0.7709,838.54,610.26,0.7699,802.94,641.64,0.8307,854.83,640.43,0.8440,796.90,682.06,0.7765,870.51,676.03,0.8281,790.27,716.45,0.7326,858.45,696.54,0.7572,813.19,708.61,0.6978,840.95,709.82,0.7144,795.09,749.64,0.7971,854.22,759.29,0.8203,782.42,790.07,0.7907,841.55,809.98,0.8236
38,top,1,833.91,351.92,971.64,559.96,893.12,366.04,0.7238,897.69,363.50,0.7030,891.60,362.48,0.7327,907.35,368.07,0.7966,890.08,366.55,0.5467,918.01,392.96,0.7864,890.08,386.86,0.7526,934.26,419.88,0.8056,891.60,407.69,0.5371,905.31,422.42,0.5745,864.17,409.72,0.5447,927.66,447.30,0.7172,905.82,448.32,0.7080,941.88,489.97,0.7226,889.06,487.94,0.7402,959.15,535.17,0.7828,911.92,514.86,0.7691
38,bottom,0,773.78,587.86,882.69,832.01,831.81,608.61,0.7127,830.02,605.63,0.5091,833.00,605.63,0.4758,821.68,613.38,0.7749,841.94,612.78,0.7852,806.18,644.37,0.8355,859.23,641.99,0.8431,797.83,684.90,0.7971,876.52,675.37,0.8318,791.28,718.28,0.7751,866.98,699.81,0.7629,818.10,710.53,0.7006,846.12,711.73,0.7246,798.43,749.87,0.8260,853.87,761.20,0.8538,786.51,796.37,0.8531,841.35,811.27,0.8329
39,top,1,840.19,345.47,971.81,551.42,889.41,360.46,0.7386,894.44,357.94,0.6878,888.91,357.44,0.7190,902.99,363.47,0.7878,885.89,362.47,0.5824,912.04,388.11,0.8016,887.40,381.07,0.7461,923.10,418.28,0.7665,887.40,400.68,0.5464,894.94,410.23,0.6317,860.25,396.16,0.6590,922.60,442.92,0.7028,901.98,443.92,0.7028,934.16,487.67,0.7357,887.90,485.66,0.7581,959.30,529.40,0.8152,913.54,515.82,0.7466
39,bottom,0,779.60,589.56,887.41,831.41,834.68,611.29,0.7344,831.73,607.74,0.5260,836.45,607.74,0.4985,824.64,615.42,0.7847,844.13,614.83,0.8169,808.70,646.12,0.8532,862.43,641.99,0.8550,799.84,686.87,0.8113,881.33,675.65,0.8313,790.40,718.16,0.8103,873.65,704.58,0.7245,822.28,711.67,0.7135,851.22,712.26,0.7456,803.39,750.05,0.8228,852.99,762.45,0.8504,796.30,799.65,0.8633,841.18,812.05,0.8695
40,top,1,847.33,335.30,969.74,541.86,884.83,353.86,0.7757,890.38,351.34,0.6937,884.83,349.82,0.6939,898.45,357.89,0.7933,881.81,355.37,0.6037,906.52,381.59,0.7924,885.34,375.54,0.7725,913.08,409.83,0.6576,884.83,388.65,0.5179,888.87,396.22,0.5861,859.62,381.59,0.6955,917.61,440.60,0.7311,897.44,441.10,0.7367,927.20,486.49,0.7205,887.86,481.95,0.7970,955.94,521.28,0.8105,912.57,515.23,0.7622
40,bottom,0,782.71,588.91,890.27,831.84,836.49,611.92,0.7415,833.53,608.36,0.5373,838.86,607.77,0.5003,827.00,615.48,0.7963,846.57,614.89,0.8508,812.17,646.91,0.8554,864.96,642.17,0.8640,802.09,687.24,0.8084,883.94,673.60,0.8367,792.01,716.30,0.8090,877.41,702.66,0.7349,827.00,711.56,0.7181,854.88,712.15,0.7532,809.21,753.67,0.8269,853.10,762.57,0.8504,808.62,804.08,0.8659,841.83,811.79,0.8680
41,top,2,873.33,331.03,956.64,535.02,882.11,345.87,0.8761,886.10,343.38,0.7780,881.62,342.39,0.7188,895.56,349.36,0.8464,881.12,346.87,0.5119,901.04,373.26,0.7860,886.60,369.78,0.7334,905.52,402.15,0.7350,891.58,393.68,0.4933,882.61,379.74,0.6916,870.16,375.75,0.4356,911.50,437.01,0.7182,892.57,437.51,0.7280,920.46,482.82,0.7398,887.59,479.34,0.8196,947.85,509.72,0.8113,911.99,514.20,0.7496
41,bottom,0,787.99,587.42,891.85,838.48,838.08,611.20,0.7295,835.63,607.52,0.5332,839.31,606.91,0.5030,830.11,614.88,0.7615,848.50,614.27,0.8216,814.18,646.75,0.8409,867.50,640.62,0.8366,804.37,685.98,0.8084,886.50,673.72,0.8497,793.95,715.40,0.7962,877.31,706.21,0.7158,831.95,714.18,0.7103,860.76,714.79,0.7453,817.24,758.31,0.8256,853.40,763.21,0.8325,823.37,806.73,0.8277,841.76,813.47,0.8310
42,top,1,871.12,322.08,947.41,534.78,880.71,339.11,0.8185,885.38,336.00,0.6644,879.15,335.48,0.6791,894.21,341.19,0.7664,877.07,338.59,0.5698,897.84,363.52,0.7993,883.30,361.96,0.7287,898.36,389.48,0.7375,886.94,387.92,0.4886,879.67,363.00,0.7408,870.84,361.96,0.3132,904.07,428.43,0.7273,886.42,428.43,0.7047,909.79,472.57,0.7204,885.38,473.61,0.8248,937.31,498.01,0.7638,909.79,511.52,0.7822
42,bottom,0,791.21,587.23,892.07,844.97,841.01,611.02,0.7522,839.12,606.62,0.5432,842.90,606.62,0.5326,832.20,613.54,0.7569,850.45,612.91,0.8041,816.47,645.63,0.8337,869.95,639.34,0.8289,806.40,684.01,0.8116,886.94,672.06,0.8341,796.96,712.96,0.7695,878.13,702.26,0.7069,836.60,714.85,0.7253,864.29,714.22,0.7457,825.28,765.81,0.8063,855.48,765.18,0.7910,835.98,810.49,0.7937,843.53,813.64,0.7794
43,top,1,865.91,316.56,934.09,534.08,879.29,332.39,0.6717,884.07,329.20,0.5486,877.70,328.67,0.6209,892.04,333.45,0.6955,876.64,331.86,0.5181,895.22,355.22,0.7834,880.89,354.69,0.6845,895.75,379.12,0.7301,885.13,384.43,0.4465,878.23,353.10,0.7298,875.57,412.04,0.2859,897.88,419.48,0.6861,881.95,418.95,0.6391,900.53,463.56,0.6638,878.23,464.62,0.7393,923.90,487.45,0.7060,904.25,508.16,0.7095
43,bottom,0,791.95,587.74,893.11,844.28,843.16,611.42,0.7961,841.91,607.03,0.5507,843.16,607.03,0.5582,834.39,613.92,0.7378,852.55,613.30,0.7564,818.73,647.12,0.8329,871.97,640.86,0.8313,808.71,685.95,0.8119,887.63,674.05,0.8371,798.69,714.14,0.7674,879.49,700.36,0.6627,841.28,716.01,0.7428,868.21,715.39,0.7697,836.90,773.64,0.8297,860.07,768.00,0.8146,847.54,816.85,0.8050,848.17,813.09,0.7161
44,top,1,862.17,308.00,922.12,530.66,876.38,328.01,0.6901,881.28,325.29,0.5839,875.30,324.74,0.6590,889.97,330.72,0.7257,874.21,329.09,0.5464,894.32,353.01,0.7610,878.01,351.38,0.7358,891.60,367.14,0.5776,878.01,380.19,0.4722,879.10,341.05,0.6890,873.67,406.28,0.2647,892.15,413.89,0.7543,875.84,413.35,0.7266,895.95,457.38,0.7053,871.49,460.10,0.7747,912.80,482.93,0.7307,894.32,502.50,0.7436
44,bottom,0,793.64,591.76,894.48,863.72,846.05,614.20,0.7680,844.06,609.55,0.5990,846.05,610.22,0.5578,836.75,616.19,0.7752,855.35,615.53,0.7898,821.48,650.05,0.8499,875.27,644.74,0.8367,810.86,689.23,0.8439,889.87,678.61,0.8030,800.24,717.12,0.7793,883.23,705.83,0.6659,844.72,723.09,0.7341,871.28,721.10,0.7497,845.39,781.52,0.7849,865.31,768.91,0.7701,858.00,831.99,0.7526,856.67,810.07,0.6449
45,top,1,853.64,304.09,914.34,525.21,873.73,321.80,0.7198,878.05,318.02,0.6144,872.65,318.56,0.6843,887.23,322.88,0.7183,871.03,322.88,0.6539,891.55,342.85,0.7539,873.73,343.93,0.7639,895.33,364.45,0.7487,874.81,369.31,0.4749,879.67,338.53,0.7585,868.87,343.39,0.3308,886.69,407.09,0.7202,868.87,406.56,0.7228,889.39,452.98,0.7442,862.94,454.06,0.7881,903.42,484.29,0.7449,887.23,495.09,0.7569
45,bottom,0,794.25,595.39,897.89,866.30,848.06,619.73,0.7746,846.07,615.10,0.5873,848.72,615.10,0.5477,839.46,622.38,0.7675,857.98,621.71,0.7753,824.25,655.44,0.8621,877.16,650.82,0.8610,811.68,693.81,0.8427,891.71,683.88,0.8208,801.10,720.26,0.7804,887.08,712.99,0.6739,848.72,726.87,0.7504,875.84,724.23,0.7513,851.37,786.40,0.8384,873.19,767.88,0.7822,863.27,841.29,0.8540,867.24,809.55,0.6940
46,top,1,846.44,302.86,910.13,515.68,871.53,323.02,0.7300,875.69,319.38,0.5977,869.97,319.38,0.6927,885.56,323.02,0.7292,867.89,322.50,0.7205,890.76,342.24,0.7251,870.49,341.72,0.7652,895.95,363.54,0.7543,868.93,368.74,0.4626,880.88,339.12,0.7242,863.22,393.16,0.3343,881.40,405.63,0.7249,863.74,404.59,0.7307,882.44,451.35,0.7503,854.90,450.31,0.8108,899.07,484.61,0.7796,878.29,488.24,0.7863
46,bottom,0,797.32,601.61,900.65,866.57,851.57,624.12,0.7629,849.63,619.59,0.5757,850.92,619.59,0.5582,841.87,626.71,0.7512,861.27,626.06,0.7583,826.99,660.35,0.8408,879.39,655.82,0.8470,813.41,697.86,0.8176,894.26,688.16,0.8168,803.06,723.74,0.7684,891.03,719.86,0.6619,852.22,730.21,0.7432,878.74,726.97,0.7414,854.16,790.37,0.8395,880.68,766.43,0.7342,866.45,846.00,0.8453,875.51,811.07,0.7401
47,top,1,838.49,301.71,909.73,508.92,867.03,315.77,0.7703,871.58,312.74,0.6757,866.52,312.23,0.7438,881.70,318.30,0.7174,866.01,317.80,0.6189,886.76,340.56,0.7149,869.56,339.04,0.7483,896.87,364.34,0.7156,867.53,365.35,0.4621,883.21,341.07,0.6795,858.43,365.35,0.4410,875.12,403.80,0.6936,858.43,401.77,0.6900,877.65,448.82,0.7392,846.28,446.29,0.8118,899.40,483.22,0.8022,867.53,475.64,0.6942
47,bottom,0,798.82,604.26,904.19,867.35,855.36,626.61,0.7862,854.07,622.76,0.5861,856.00,622.76,0.5742,845.72,629.18,0.7601,864.35,628.54,0.7696,830.95,662.58,0.8353,882.97,658.09,0.8475,816.18,699.84,0.8043,897.11,690.20,0.8139,804.61,725.53,0.7682,895.18,719.75,0.6691,854.71,731.95,0.7469,882.33,728.10,0.7453,854.71,791.04,0.8488,886.83,765.99,0.7564,866.27,846.28,0.8503,885.54,812.88,0.7754
48,top,1,832.53,302.15,910.58,508.71,864.49,315.66,0.7710,869.54,313.14,0.7124,864.49,312.13,0.7289,879.12,318.18,0.7429,863.99,316.17,0.5740,884.16,339.36,0.7025,867.02,338.36,0.7104,896.77,364.58,0.6764,865.50,362.56,0.4248,885.67,345.42,0.5721,855.42,364.58,0.3583,870.55,403.92,0.6757,853.40,401.90,0.6683,874.58,448.80,0.7169,840.29,443.25,0.7810,899.80,482.08,0.7929,857.94,469.98,0.7146
48,bottom,0,801.30,603.97,908.88,866.92,859.58,625.67,0.7646,858.30,621.81,0.5794,861.51,621.81,0.5483,849.31,628.23,0.7609,868.57,627.59,0.7879,834.55,660.97,0.8482,885.90,657.12,0.8461,819.78,697.57,0.8227,901.95,691.15,0.8259,806.94,725.17,0.7949,898.74,721.32,0.6666,856.37,730.31,0.7403,883.98,726.45,0.7433,855.73,790.01,0.8466,893.61,765.61,0.7631,865.36,845.22,0.8493,896.82,814.40,0.8213
49,top,1,827.37,302.47,912.03,508.06,862.67,314.92,0.7316,868.19,312.91,0.6816,862.17,311.40,0.6949,877.23,318.93,0.7238,860.66,316.42,0.5478,880.24,339.51,0.6862,861.17,337.50,0.6711,891.78,368.62,0.5089,858.66,360.09,0.4072,892.28,361.60,0.5071,850.12,361.09,0.3141,866.18,401.75,0.6585,849.62,399.24,0.6470,870.20,449.93,0.6722,835.57,435.88,0.7469,898.81,481.05,0.7575,848.62,466.50,0.7636
49,bottom,0,803.65,602.50,919.29,866.34,863.41,622.99,0.7391,863.41,619.12,0.5518,865.98,619.12,0.5592,853.74,625.56,0.7557,873.07,625.56,0.7883,838.28,659.06,0.8254,891.10,655.19,0.8214,824.76,694.48,0.8234,907.21,686.76,0.8049,811.23,724.11,0.8062,905.27,706.72,0.7082,858.25,729.91,0.7295,887.24,726.05,0.7412,856.96,786.59,0.8155,902.70,764.69,0.7775,865.34,843.92,0.8468,907.21,813.65,0.7896
50,top,1,810.34,303.62,913.81,508.36,860.08,319.51,0.6390,864.58,317.01,0.5448,859.08,315.01,0.5827,873.07,321.51,0.6390,856.08,317.51,0.5205,879.07,342.51,0.6592,854.08,337.51,0.6322,887.07,375.00,0.5447,831.58,334.01,0.5011,891.57,367.00,0.5238,851.58,322.01,0.4453,864.08,402.99,0.6179,846.08,399.99,0.5891,866.07,454.48,0.6309,834.08,430.48,0.6159,899.07,481.47,0.7190,839.58,463.47,0.7183
50,bottom,0,806.91,599.77,931.65,866.55,867.33,620.49,0.7617,866.02,615.93,0.5671,867.98,616.58,0.5592,859.51,623.09,0.7626,877.75,623.09,0.7755,842.58,655.66,0.8287,895.33,653.05,0.8124,828.90,691.48,0.8324,913.57,686.27,0.8000,816.52,721.44,0.7980,910.31,703.20,0.7100,861.46,727.95,0.7133,890.77,724.04,0.7213,858.21,785.26,0.7973,910.31,763.12,0.7877,864.72,843.23,0.8359,918.78,814.57,0.8088
51,top,1,804.97,305.47,913.74,507.82,858.37,323.15,0.6900,862.81,319.70,0.5943,856.88,318.71,0.6695,870.22,326.12,0.7649,852.93,323.65,0.6172,876.64,351.31,0.7511,845.52,338.96,0.6974,884.06,381.94,0.6911,821.31,326.61,0.8037,891.96,370.58,0.6767,839.10,312.28,0.6356,859.85,405.16,0.6306,841.57,402.69,0.6168,857.38,456.54,0.6476,831.19,433.82,0.5652,897.89,481.74,0.7145,829.22,465.44,0.6488
51,bottom,0,812.70,596.13,944.93,864.06,872.27,618.24,0.8442,871.62,614.97,0.5582,871.62,615.63,0.5874,863.77,622.17,0.7726,882.09,622.17,0.7612,846.11,653.57,0.8632,899.75,651.60,0.8157,834.34,690.20,0.8375,918.72,684.31,0.7813,820.60,719.63,0.8384,915.45,701.97,0.7038,864.43,726.17,0.7477,894.51,722.25,0.7194,856.58,783.74,0.8492,918.72,763.46,0.8188,863.77,841.30,0.8699,930.49,814.48,0.8341
52,top,1,800.25,290.93,908.45,507.36,854.35,330.98,0.7361,858.04,327.81,0.6804,852.23,327.28,0.7382,865.44,332.56,0.7808,849.06,330.45,0.6220,873.37,357.40,0.7429,840.61,342.60,0.7130,879.71,389.63,0.6793,817.89,330.45,0.7263,889.75,371.67,0.6654,810.49,310.37,0.6924,858.04,411.83,0.6642,839.02,408.66,0.6559,851.18,460.44,0.6942,828.45,437.72,0.5789,893.45,479.99,0.7242,826.34,468.37,0.6623
52,bottom,0,815.71,598.26,957.62,863.00,876.32,618.81,0.8944,876.32,615.58,0.5672,875.68,616.22,0.6394,867.92,622.04,0.7337,886.02,622.04,0.7751,849.82,653.06,0.8698,904.12,651.77,0.8011,838.19,689.91,0.8347,923.51,680.86,0.7683,823.32,720.28,0.8390,922.86,701.54,0.7227,868.57,723.52,0.7144,898.30,719.64,0.7059,853.70,779.10,0.8412,924.15,762.30,0.8059,859.52,835.33,0.8265,942.25,813.36,0.8014
53,top,2,778.87,289.84,903.23,506.15,848.44,335.68,0.7489,853.72,333.04,0.7098,848.44,331.46,0.7070,861.64,338.32,0.7940,846.33,334.10,0.5527,869.57,364.73,0.7945,836.82,346.24,0.7092,874.32,394.30,0.5865,813.06,334.63,0.6981,877.49,391.66,0.6871,791.94,311.92,0.7389,855.84,416.48,0.6898,837.35,413.84,0.6887,843.69,462.95,0.7182,823.09,442.35,0.6700,886.46,478.79,0.7155,829.43,466.65,0.6935
53,bottom,0,816.58,601.56,971.48,859.52,880.80,621.58,0.9198,880.80,619.07,0.5764,880.80,619.07,0.6924,871.35,624.73,0.7126,889.62,624.73,0.7844,853.72,656.22,0.8808,907.25,653.70,0.8162,841.75,691.49,0.8390,927.41,684.56,0.7721,826.01,722.98,0.8613,926.78,708.50,0.6877,873.24,723.61,0.7137,902.84,721.09,0.7090,852.46,775.25,0.8487,931.18,765.18,0.8144,854.35,835.08,0.8950,954.49,816.82,0.8422
54,top,4,766.85,315.29,899.66,506.43,845.85,336.66,0.7824,850.52,334.33,0.7587,845.85,332.46,0.7453,858.92,340.86,0.7727,843.05,335.26,0.5721,866.39,364.66,0.7837,834.19,349.26,0.6895,871.99,392.20,0.5719,809.45,344.60,0.6106,869.65,395.00,0.5250,779.59,332.93,0.5482,853.79,416.93,0.6761,834.65,413.19,0.6687,838.39,463.59,0.6793,813.19,440.73,0.6677,880.39,479.93,0.6725,827.19,466.39,0.6454
54,bottom,0,818.05,605.29,983.68,858.89,884.77,626.21,0.9267,883.53,623.74,0.5942,886.01,624.36,0.6913,875.48,629.31,0.7365,893.44,629.31,0.7973,858.14,659.65,0.8833,909.53,657.17,0.8424,845.14,694.94,0.8342,929.35,690.60,0.8090,827.81,727.75,0.8251,933.68,720.94,0.7093,877.96,725.90,0.7198,907.06,724.04,0.7106,851.95,776.67,0.8543,938.02,769.24,0.8081,845.76,836.10,0.8875,965.26,817.53,0.8312
55,top,3,804.29,319.37,895.67,502.67,843.72,334.95,0.7643,848.64,332.71,0.6869,843.72,331.37,0.7276,858.04,338.53,0.7777,841.93,335.39,0.4966,865.64,362.69,0.7629,834.32,349.27,0.6876,875.04,389.09,0.7370,809.71,355.08,0.5947,867.43,401.18,0.6211,779.28,355.53,0.3952,853.56,415.50,0.6347,836.11,411.92,0.6488,838.35,460.69,0.7162,813.73,439.66,0.7159,877.28,481.72,0.6556,827.61,466.51,0.6689
55,bottom,0,820.04,610.93,996.05,861.75,889.67,632.24,0.8686,887.22,629.18,0.6019,890.90,629.79,0.6401,881.10,635.30,0.7262,898.86,635.91,0.7597,863.34,665.92,0.8928,915.39,664.08,0.8611,847.42,701.44,0.8394,931.93,699.60,0.7841,830.27,733.89,0.8119,940.50,735.73,0.7198,881.71,731.44,0.7341,911.72,730.22,0.7248,852.93,779.82,0.8661,944.17,774.92,0.8218,839.46,838.61,0.9151,977.24,823.30,0.8498
56,top,1,769.56,315.50,897.58,503.54,844.59,331.93,0.7266,849.64,329.64,0.7090,843.67,327.80,0.7011,858.36,335.60,0.8204,840.92,332.85,0.6032,868.46,359.02,0.7730,833.57,349.38,0.6863,878.56,384.73,0.7999,811.07,364.99,0.6100,868.46,400.80,0.8045,789.04,381.51,0.6023,855.15,411.81,0.6814,839.08,407.68,0.6429,841.37,454.51,0.6934,817.96,436.61,0.6361,878.10,481.14,0.6739,828.52,464.61,0.6743
56,bottom,0,822.37,619.30,1004.89,865.92,895.57,640.25,0.9446,893.76,637.85,0.6185,896.77,639.05,0.6491,886.53,643.87,0.7420,904.60,644.47,0.7769,867.27,672.77,0.9261,920.25,671.56,0.9057,851.61,707.69,0.8369,933.50,707.69,0.7935,832.95,740.81,0.8351,944.34,741.41,0.7485,885.93,739.00,0.7706,916.04,738.40,0.7532,854.02,787.17,0.8912,950.96,782.35,0.8570,835.96,843.77,0.9372,987.09,829.92,0.8833
57,top,1,786.89,308.47,898.15,504.05,845.86,326.52,0.7822,850.63,323.65,0.7066,843.95,322.70,0.7336,857.80,328.90,0.8002,840.13,327.47,0.6859,868.78,350.87,0.7666,832.01,348.48,0.7271,882.15,378.09,0.8105,817.21,373.31,0.6688,872.12,400.05,0.7751,801.93,397.66,0.6186,858.27,406.26,0.6392,841.56,403.39,0.6442,848.25,448.76,0.6894,824.85,434.91,0.6783,880.72,479.32,0.6754,829.62,464.51,0.7308
57,bottom,0,823.32,628.62,1013.97,867.32,900.65,649.92,0.8938,898.17,646.81,0.5765,903.13,646.81,0.6251,892.58,654.26,0.7273,910.58,654.26,0.7824,874.58,684.05,0.9002,925.47,682.81,0.9022,855.34,719.43,0.8407,936.64,718.18,0.7796,836.73,751.70,0.8677,949.68,752.94,0.7649,889.48,748.59,0.7832,919.27,747.97,0.7562,856.59,795.14,0.8838,957.13,790.80,0.8467,836.73,849.13,0.9299,993.74,839.20,0.8926
58,top,1,805.37,306.43,898.87,504.03,847.30,322.74,0.8434,851.64,319.84,0.7877,844.40,318.88,0.7925,859.36,324.67,0.8222,840.06,323.70,0.7695,869.97,346.38,0.7468,832.83,346.38,0.7642,883.96,372.43,0.7916,825.59,375.32,0.7376,876.24,397.99,0.7460,818.84,403.78,0.6144,862.25,403.30,0.6580,843.92,401.37,0.6533,856.95,445.27,0.6880,830.41,432.73,0.6187,884.93,479.52,0.7258,829.93,465.05,0.7897
58,bottom,0,822.13,637.13,1017.70,868.49,907.82,657.95,0.9106,905.28,655.41,0.5421,909.10,654.77,0.6298,900.18,663.05,0.7355,917.37,661.77,0.8036,881.72,692.97,0.8821,932.65,692.97,0.8956,860.71,727.98,0.8616,939.02,727.35,0.8139,845.43,760.45,0.8640,954.93,763.00,0.7987,893.82,759.18,0.7800,925.01,758.54,0.7356,856.89,799.28,0.9208,963.21,797.37,0.8958,837.16,848.94,0.9199,994.40,846.39,0.9032
59,top,1,806.01,306.26,901.87,504.25,846.69,322.12,0.8249,851.52,319.22,0.7926,843.79,318.73,0.8158,859.26,323.57,0.8070,839.92,323.08,0.8073,871.34,344.83,0.7144,834.12,346.28,0.7676,886.81,369.49,0.7405,834.12,376.25,0.7062,881.01,396.56,0.7224,832.67,404.77,0.6329,867.96,400.91,0.6291,846.69,399.94,0.6229,865.06,441.03,0.6783,831.22,432.81,0.6574,889.23,477.76,0.7440,831.71,464.71,0.7634
59,bottom,0,822.83,642.44,1018.22,868.17,918.62,663.72,0.8795,918.62,661.81,0.5356,920.53,661.17,0.5837,909.71,668.17,0.7918,928.16,668.17,0.7763,892.54,696.79,0.8599,940.24,698.06,0.8820,869.64,734.32,0.8123,942.15,729.86,0.8504,860.10,767.39,0.8844,958.05,764.85,0.8049,899.54,764.21,0.7720,930.07,762.94,0.7197,861.38,802.37,0.9083,972.68,792.19,0.9178,837.84,848.80,0.9049,998.76,847.53,0.9386
60,top,1,816.87,306.55,909.13,505.16,848.45,324.87,0.8689,853.30,321.96,0.7918,845.54,321.48,0.8550,860.09,326.33,0.8621,840.69,325.84,0.7810,872.70,345.72,0.7097,834.87,347.18,0.8134,888.70,369.48,0.7381,838.75,376.27,0.7305,885.79,397.61,0.7438,841.66,403.43,0.6971,873.67,401.00,0.6427,851.85,400.03,0.6564,872.21,440.76,0.7039,831.48,430.58,0.6754,895.97,479.07,0.7701,838.27,464.52,0.7834
60,bottom,0,822.43,644.39,1021.31,868.32,932.23,665.08,0.9674,933.52,662.49,0.6034,934.82,663.78,0.5808,921.87,668.96,0.7199,940.65,669.61,0.7633,905.04,698.09,0.8846,950.36,699.39,0.9062,885.62,736.94,0.7967,949.71,732.40,0.8709,881.73,769.31,0.7147,965.89,766.07,0.8192,906.98,764.77,0.7802,936.76,763.48,0.7547,868.14,804.26,0.8733,984.02,787.43,0.9188,839.01,849.58,0.9155,1002.15,848.29,0.9345
61,top,1,823.15,315.29,918.58,504.96,850.96,329.55,0.8181,854.66,326.31,0.7772,847.25,326.31,0.7859,860.68,330.01,0.8517,841.69,330.94,0.7890,874.11,348.54,0.7240,836.14,350.39,0.8132,890.78,371.23,0.7302,841.69,379.56,0.7156,889.85,398.55,0.7521,846.79,407.35,0.6796,876.89,401.33,0.6429,854.20,400.40,0.6688,879.20,441.61,0.7165,831.97,430.03,0.7479,904.21,480.51,0.7916,843.55,466.62,0.7701
61,bottom,0,823.02,643.06,1032.04,867.46,947.94,663.41,0.9600,947.26,660.00,0.6295,949.30,660.68,0.6751,937.06,665.45,0.7992,955.43,666.13,0.7599,921.41,694.02,0.9060,962.23,698.79,0.9159,907.80,731.45,0.8026,958.83,733.49,0.8840,930.25,760.02,0.3720,979.92,764.11,0.8937,915.28,765.47,0.8551,943.18,764.79,0.8062,881.94,806.29,0.8595,995.57,787.24,0.9389,842.48,845.75,0.9182,1005.78,849.16,0.9463
62,top,1,827.44,320.93,925.56,506.69,853.82,335.35,0.8646,857.45,331.72,0.8330,849.74,332.17,0.8417,862.90,335.35,0.9090,844.30,336.25,0.8157,877.86,354.40,0.7208,837.95,355.76,0.8149,893.74,374.35,0.7486,843.85,385.24,0.7311,895.10,402.47,0.7405,850.20,411.99,0.6655,880.58,402.47,0.6243,856.55,402.02,0.6356,886.03,442.38,0.6940,834.78,434.22,0.7423,911.42,484.10,0.7984,847.48,470.50,0.7108
62,bottom,0,827.12,642.38,1033.21,865.84,965.05,662.20,0.9623,966.39,658.18,0.6481,967.06,658.85,0.7777,950.29,664.21,0.6719,967.73,664.88,0.8572,934.86,691.05,0.9049,972.43,698.43,0.9251,928.15,723.92,0.6889,971.08,735.33,0.8813,957.00,745.39,0.5114,998.59,763.50,0.8503,923.45,762.83,0.8273,950.29,763.50,0.8119,901.31,809.12,0.8303,1002.62,786.98,0.9507,849.66,837.97,0.8893,1007.31,850.05,0.9480
63,top,1,829.69,325.99,934.93,507.89,857.88,340.11,0.8819,861.43,337.00,0.8562,854.33,337.00,0.8400,866.76,340.11,0.8948,848.11,340.56,0.8423,880.97,357.88,0.7221,840.56,361.43,0.8147,896.96,378.30,0.7689,845.89,390.74,0.7438,900.51,407.61,0.7350,853.44,417.38,0.6727,885.41,407.17,0.6139,860.99,407.17,0.6315,893.41,444.03,0.6517,839.23,437.37,0.6609,916.95,485.77,0.8051,847.67,471.12,0.7266
63,bottom,0,847.89,639.72,1037.01,865.24,976.93,660.76,0.9902,978.78,656.45,0.6359,978.78,657.06,0.7595,964.62,663.22,0.6675,980.01,665.07,0.8409,947.99,687.84,0.8939,981.85,699.54,0.9239,939.99,718.62,0.6484,984.93,735.25,0.8685,968.31,731.55,0.4710,1016.94,758.02,0.9020,930.76,758.02,0.8521,956.61,760.49,0.8122,919.68,806.04,0.8394,1006.48,788.19,0.9600,867.96,823.90,0.9109,1006.48,848.52,0.9438
64,top,1,832.54,328.24,941.05,509.49,864.67,342.76,0.8805,868.21,339.66,0.8614,861.13,339.66,0.8675,873.52,342.76,0.8796,854.93,343.20,0.8489,886.79,360.46,0.7085,845.64,364.00,0.8037,900.96,382.58,0.7333,848.74,394.09,0.7363,905.82,410.46,0.7292,855.82,421.08,0.6497,889.89,409.58,0.6143,863.34,410.46,0.6428,902.28,445.42,0.6600,844.76,439.22,0.5977,920.87,486.57,0.7893,847.41,473.30,0.7543
64,bottom,0,872.21,639.67,1057.22,865.68,987.00,659.93,0.9199,987.60,656.92,0.6048,989.41,657.52,0.7263,973.75,663.54,0.7202,990.62,664.75,0.7512,959.30,684.62,0.8457,993.03,697.27,0.8727,951.47,715.34,0.5494,997.84,733.40,0.8121,976.16,735.81,0.4579,1032.17,751.47,0.8187,936.41,754.48,0.8069,961.11,758.10,0.7534,937.02,797.24,0.7621,1009.89,789.41,0.9006,890.64,814.11,0.7986,1006.27,848.43,0.9554
65,top,1,834.01,327.56,941.56,508.88,873.62,342.97,0.8963,877.16,340.31,0.8372,870.52,339.87,0.8862,882.48,343.85,0.8408,864.77,343.41,0.8456,895.31,360.67,0.7358,852.37,364.66,0.7992,906.82,384.58,0.7438,853.26,394.76,0.7244,911.69,411.14,0.7742,859.46,421.76,0.6724,894.87,411.58,0.6408,866.10,413.35,0.6472,910.81,447.44,0.7377,851.05,446.11,0.5983,922.32,489.49,0.8229,850.60,473.11,0.7512
65,bottom,0,896.90,638.88,1069.19,865.85,995.38,658.15,0.8987,996.50,655.90,0.6483,997.06,656.46,0.5720,985.29,662.07,0.7055,1000.99,663.19,0.6665,970.14,681.14,0.7902,999.87,691.80,0.8072,962.85,711.99,0.4723,1006.60,729.37,0.7772,988.09,726.01,0.4206,1045.29,743.39,0.7624,940.98,749.56,0.7741,963.41,754.61,0.7073,956.12,782.09,0.6604,1011.65,790.50,0.8087,914.62,809.57,0.7895,1006.60,847.70,0.8607
66,top,1,831.67,324.53,943.16,510.33,884.24,340.77,0.8891,888.32,338.05,0.8157,880.61,337.59,0.8479,893.77,342.58,0.8320,874.26,340.77,0.9037,903.74,358.46,0.7824,860.20,363.45,0.8142,912.82,383.86,0.7626,858.38,393.84,0.7169,917.81,409.72,0.7893,862.01,421.51,0.6925,901.02,412.44,0.6948,871.54,415.62,0.6726,917.35,449.19,0.7402,857.02,450.55,0.6511,924.61,490.92,0.8359,849.31,474.59,0.6812
66,bottom,0,923.55,638.27,1081.29,866.16,1006.32,657.07,0.7834,1008.54,653.74,0.5696,1006.87,653.74,0.5770,992.96,659.86,0.7259,1008.54,661.53,0.7004,980.17,679.89,0.7319,1007.99,692.13,0.7652,975.16,709.37,0.4861,1019.11,724.95,0.7601,987.96,731.63,0.3465,1056.39,734.97,0.7389,946.23,744.98,0.7826,965.70,752.22,0.7273,970.71,767.24,0.5898,1014.11,790.61,0.7514,940.11,803.96,0.7597,1006.32,846.24,0.8143
67,top,1,835.21,325.48,943.57,511.18,893.47,338.99,0.8870,897.10,336.27,0.8237,889.84,336.27,0.8404,902.09,340.35,0.8708,883.04,339.90,0.8766,911.15,357.13,0.8193,868.08,362.12,0.8051,918.41,382.97,0.7787,863.55,393.85,0.7377,923.39,410.17,0.8117,865.82,421.05,0.7112,905.26,412.89,0.7116,878.06,416.07,0.6852,922.03,450.07,0.7532,862.64,454.60,0.6931,925.21,493.14,0.8659,849.95,470.02,0.7220
67,bottom,0,939.97,634.80,1087.53,866.32,1015.45,655.60,0.7620,1017.14,651.65,0.5521,1015.45,651.65,0.5952,1000.18,657.30,0.6816,1016.01,658.43,0.6841,988.88,677.65,0.6771,1013.75,687.26,0.7217,1010.36,705.91,0.4077,1026.19,720.61,0.7369,1037.49,712.13,0.3764,1064.06,729.08,0.7208,952.70,741.52,0.7605,973.05,748.87,0.7381,975.88,762.43,0.5178,1015.45,790.70,0.7786,964.57,803.70,0.6308,1006.40,846.09,0.8290
68,top,1,853.59,323.87,943.61,512.81,902.29,338.08,0.9239,905.52,335.31,0.8594,899.06,335.31,0.8750,910.13,339.46,0.8792,891.68,338.54,0.8920,918.44,356.53,0.8283,876.00,360.68,0.8251,924.43,382.36,0.7982,868.15,391.12,0.7796,929.51,409.58,0.8258,869.08,420.65,0.7077,910.13,412.80,0.7398,884.30,416.03,0.7144,924.43,450.63,0.7732,872.77,455.24,0.7216,925.82,493.99,0.8892,859.39,466.31,0.7493
68,bottom,0,946.63,633.09,1092.71,866.85,1024.23,654.09,0.7772,1026.51,650.10,0.5787,1024.23,650.67,0.6474,1007.11,655.23,0.6267,1021.95,656.95,0.6936,997.98,674.07,0.6877,1018.52,686.05,0.7070,1016.81,696.90,0.4854,1030.51,715.73,0.7036,1042.49,699.75,0.5085,1067.60,724.29,0.7316,960.88,739.70,0.7451,976.86,747.12,0.7429,998.55,769.38,0.4564,1016.81,791.63,0.7855,990.56,802.48,0.5746,1005.97,846.99,0.7882
69,top,1,859.50,323.36,946.68,511.59,909.52,337.97,0.9045,912.74,335.22,0.8878,905.85,334.76,0.8280,916.88,338.89,0.8502,898.95,338.43,0.8778,924.23,355.90,0.8732,882.87,360.03,0.8452,929.74,383.01,0.8179,872.76,391.28,0.7684,935.26,409.66,0.8281,873.22,420.23,0.7196,912.74,412.42,0.7602,888.38,415.64,0.7307,926.53,451.02,0.7770,877.81,457.91,0.7250,926.53,494.22,0.8897,867.25,468.94,0.7435
69,bottom,0,953.47,630.26,1096.25,866.24,1032.93,653.77,0.7762,1034.08,650.89,0.6249,1031.78,650.89,0.6688,1013.34,653.77,0.5804,1027.17,655.49,0.6699,1004.70,671.63,0.6656,1023.71,682.00,0.7279,1019.10,694.10,0.3826,1032.93,711.96,0.7021,1046.75,689.49,0.3890,1070.38,720.60,0.6985,967.25,736.73,0.7092,983.38,743.07,0.7152,1004.70,762.66,0.3392,1016.80,792.61,0.6788,1012.76,786.85,0.3664,1005.85,846.19,0.7443
70,top,1,862.26,323.65,951.74,510.51,916.13,339.07,0.9184,919.32,336.34,0.9184,912.48,335.88,0.8313,923.42,339.98,0.8496,905.18,339.07,0.8974,929.81,357.32,0.8710,888.30,360.97,0.8241,934.83,383.32,0.8196,877.35,391.54,0.7609,941.22,411.15,0.8086,875.98,420.28,0.7043,916.58,412.98,0.7392,891.95,415.26,0.7240,929.36,450.39,0.7568,885.10,459.05,0.7321,928.44,492.36,0.8593,873.24,471.83,0.7557
70,bottom,0,962.26,628.46,1097.75,864.48,1038.65,652.55,0.7853,1039.80,649.09,0.6402,1038.07,649.09,0.6641,1019.06,653.12,0.5044,1031.73,654.27,0.6929,1012.14,669.26,0.6653,1027.12,680.78,0.7077,1032.31,678.48,0.6142,1034.04,709.59,0.6925,1062.85,678.48,0.6836,1071.49,717.66,0.6809,976.99,736.67,0.6750,989.09,743.01,0.7242,1009.84,768.37,0.3568,1017.33,793.14,0.7088,1027.70,786.80,0.5185,1004.65,844.43,0.7323
71,top,0,864.67,325.52,956.54,510.96,921.02,340.37,0.9166,924.64,337.65,0.9321,917.85,337.20,0.8368,928.26,342.18,0.8145,910.60,340.82,0.8877,934.60,358.93,0.8748,893.40,362.10,0.8258,940.03,386.10,0.8251,881.63,392.43,0.7758,947.27,414.16,0.8016,878.46,421.41,0.7141,920.11,413.26,0.7269,895.66,415.52,0.7207,935.96,448.12,0.7627,890.68,458.53,0.7714,931.43,489.32,0.8743,879.82,490.67,0.8120
71,bottom,1,968.92,628.36,1095.49,863.56,1044.26,652.94,0.8154,1044.26,650.07,0.6487,1043.12,650.07,0.6776,1023.59,654.09,0.5036,1035.65,655.81,0.6802,1019.00,669.02,0.6881,1028.76,681.65,0.7104,1044.26,670.74,0.6047,1035.08,708.06,0.6986,1075.85,670.16,0.6543,1070.10,714.95,0.6941,987.42,736.77,0.6258,993.16,743.09,0.7201,1017.28,751.70,0.5151,1019.00,793.62,0.7273,1035.08,787.30,0.6512,1002.92,841.86,0.7692
72,top,0,872.38,328.08,962.08,518.00,926.04,343.29,0.9087,929.29,340.50,0.9264,922.33,340.04,0.8370,933.46,344.21,0.8485,914.91,343.75,0.9053,939.49,361.83,0.8353,898.68,365.08,0.7966,945.98,389.19,0.7989,885.70,395.22,0.7687,953.40,417.01,0.7856,881.53,424.89,0.7004,923.72,413.77,0.6866,899.61,415.16,0.6922,940.88,449.47,0.7261,896.37,457.35,0.7283,934.39,488.88,0.7993,882.92,496.76,0.8179
72,bottom,1,974.80,630.00,1096.14,860.42,1047.28,652.39,0.8588,1046.72,649.58,0.6432,1046.16,649.58,0.7118,1027.59,654.64,0.5102,1038.84,655.20,0.7034,1025.34,668.70,0.6930,1031.53,679.39,0.7410,1055.16,667.02,0.6698,1034.34,706.40,0.7486,1086.10,662.52,0.8194,1066.97,713.15,0.7098,993.84,734.52,0.6046,997.22,741.27,0.6946,1025.91,744.65,0.6881,1022.53,792.47,0.7302,1039.41,787.40,0.7096,1001.15,839.16,0.7904
73,top,0,876.52,330.70,969.75,526.14,929.82,347.30,0.8772,933.16,343.96,0.8904,926.00,343.96,0.8437,936.98,347.78,0.8724,918.37,347.30,0.8810,943.18,365.43,0.8093,902.62,369.25,0.7931,951.77,392.63,0.7853,889.26,399.31,0.7831,960.83,418.88,0.7694,884.49,428.90,0.7170,927.43,417.44,0.6906,903.10,418.40,0.7044,945.56,451.80,0.7575,901.67,459.91,0.7649,938.88,492.84,0.7917,886.87,501.90,0.7958
73,bottom,1,979.34,629.73,1095.49,857.75,1050.78,651.33,0.8279,1050.22,648.55,0.6243,1049.66,648.55,0.6857,1031.29,654.67,0.4943,1042.98,654.12,0.6989,1029.62,668.59,0.6855,1036.30,677.50,0.7592,1059.68,665.25,0.6396,1034.08,705.89,0.7989,1089.19,658.01,0.8087,1063.58,711.45,0.6888,996.22,732.05,0.5732,1002.90,738.73,0.6811,1031.29,739.84,0.6126,1026.28,791.61,0.7242,1040.20,787.16,0.6825,1000.12,837.26,0.8087
74,top,0,878.53,335.30,983.13,527.26,932.70,351.14,0.8819,935.98,347.39,0.8381,928.96,347.86,0.8577,940.20,351.61,0.8226,921.46,351.61,0.8919,946.76,369.42,0.7719,905.99,374.58,0.7717,958.95,396.13,0.7434,891.93,404.10,0.7805,972.54,421.91,0.7472,886.31,434.56,0.6900,930.83,424.25,0.6715,908.80,424.25,0.6796,948.17,459.40,0.7519,905.99,463.15,0.7533,937.86,497.36,0.7650,889.59,507.67,0.7936
74,bottom,3,982.11,625.44,1105.84,857.25,1054.16,646.83,0.8022,1054.16,644.56,0.6116,1053.03,644.56,0.6618,1036.62,650.22,0.5131,1047.94,651.36,0.7097,1033.22,666.64,0.6798,1040.58,675.69,0.7495,1062.09,663.81,0.6284,1033.22,704.56,0.7828,1090.38,656.45,0.7777,1060.39,713.05,0.6718,1001.53,728.89,0.5744,1005.49,736.25,0.6776,1036.05,737.38,0.7118,1027.00,791.72,0.7098,1041.15,787.19,0.7555,1000.96,834.16,0.8128
75,top,0,880.24,339.31,1001.43,532.59,934.70,355.26,0.9029,938.00,351.96,0.8725,930.45,351.96,0.8624,941.78,355.26,0.8216,923.37,355.74,0.9232,950.27,373.20,0.7865,910.16,379.80,0.7835,967.26,398.68,0.7437,894.12,408.59,0.7650,986.13,420.38,0.7482,888.45,439.26,0.6709,934.70,429.35,0.6935,913.94,429.82,0.6862,950.74,462.38,0.7187,912.05,468.51,0.7594,937.53,497.77,0.7027,891.76,510.98,0.7962
75,bottom,3,984.22,621.33,1079.47,856.04,1056.49,643.57,0.7802,1056.49,641.28,0.5450,1057.63,640.13,0.6669,1038.15,646.43,0.5392,1054.19,647.01,0.7442,1032.99,663.62,0.7176,1042.73,672.79,0.7833,1061.07,663.62,0.6374,1031.85,702.59,0.8078,1089.15,658.47,0.7627,1057.63,717.49,0.7447,1002.62,727.23,0.5376,1008.35,733.53,0.6471,1038.72,735.82,0.7010,1028.41,789.68,0.7073,1040.44,786.25,0.7176,1000.33,833.23,0.7823
76,top,0,879.96,341.02,1021.60,539.12,937.24,359.30,0.9095,940.14,355.43,0.8747,932.89,355.92,0.9084,944.50,359.79,0.8422,925.63,360.27,0.9316,953.69,376.23,0.7828,913.06,386.39,0.8389,974.48,397.51,0.7514,897.10,415.40,0.7646,999.63,414.44,0.7715,891.30,446.36,0.7225,937.73,434.27,0.7333,918.86,436.20,0.7071,952.72,467.15,0.7337,915.48,475.38,0.7402,938.21,497.62,0.7122,891.78,517.94,0.8104
76,bottom,1,985.77,617.76,1103.97,856.18,1058.26,637.43,0.7652,1058.84,633.94,0.6207,1058.84,634.52,0.6027,1041.38,639.76,0.5197,1054.18,642.09,0.6285,1033.81,660.72,0.7483,1045.45,670.61,0.7562,1054.18,664.79,0.5176,1031.48,699.72,0.7808,1083.87,663.63,0.5789,1054.18,721.25,0.6945,1003.54,724.16,0.5986,1011.11,729.99,0.6809,1040.21,730.57,0.6233,1030.32,786.45,0.7005,1040.80,785.28,0.7123,1001.80,831.27,0.8105
77,top,0,879.32,342.59,1031.55,544.25,939.58,362.15,0.9359,942.06,358.18,0.9154,935.12,358.68,0.9278,946.52,361.65,0.8407,927.69,362.64,0.9413,955.44,378.00,0.8098,915.30,389.40,0.8823,978.73,393.86,0.7504,900.92,420.13,0.8092,1006.48,404.77,0.7674,897.46,451.84,0.7138,941.07,440.45,0.7639,922.23,441.93,0.7364,949.49,475.13,0.7261,917.77,482.07,0.7355,936.11,498.43,0.7131,893.49,523.70,0.8237
77,bottom,1,987.51,609.75,1089.36,855.68,1057.05,630.64,0.7635,1057.05,627.64,0.6288,1057.65,627.64,0.6137,1043.84,633.65,0.5910,1057.65,636.05,0.6296,1033.63,655.26,0.7646,1046.84,665.47,0.7808,1051.65,667.27,0.5393,1031.23,695.49,0.7776,1078.67,671.47,0.6521,1049.24,724.91,0.7201,1007.21,721.91,0.5874,1014.42,726.71,0.6644,1039.04,736.92,0.5515,1033.03,782.55,0.7069,1039.64,786.15,0.6778,1004.21,828.78,0.7766
78,top,4,877.25,343.55,1032.41,545.91,941.19,364.93,0.9309,944.22,361.39,0.8884,937.15,361.39,0.8778,948.26,365.43,0.8583,929.07,364.42,0.9632,956.34,379.07,0.8009,916.95,393.21,0.8527,979.58,390.69,0.6803,906.34,424.53,0.7807,1009.88,395.23,0.7236,905.33,458.87,0.7283,944.22,445.24,0.7288,923.01,445.74,0.7379,944.73,480.59,0.6083,917.96,489.68,0.7700,933.61,498.27,0.6511,894.72,525.04,0.8331
78,bottom,0,989.03,604.53,1091.38,855.93,1058.62,624.66,0.8137,1058.62,620.37,0.7035,1058.62,620.98,0.6551,1045.11,627.73,0.6290,1057.39,628.96,0.6561,1033.45,650.44,0.7902,1048.80,660.26,0.8082,1041.43,681.13,0.6062,1031.61,690.95,0.7836,1067.82,683.59,0.6268,1043.89,725.94,0.6948,1008.29,719.18,0.6064,1016.88,722.87,0.6593,1035.91,742.51,0.5040,1036.52,775.65,0.6920,1038.98,786.09,0.6675,1007.67,826.59,0.7852
79,top,3,878.10,348.76,1026.67,544.28,944.16,368.66,0.8884,947.06,365.28,0.8579,939.81,365.28,0.8128,950.93,369.14,0.8320,932.07,368.18,0.9392,957.22,382.20,0.7897,919.50,397.19,0.8190,977.53,387.04,0.5938,913.21,429.11,0.7113,1007.03,386.07,0.7181,915.15,461.03,0.7224,949.00,449.42,0.6764,927.24,449.91,0.7276,948.03,489.08,0.5891,919.50,491.50,0.7573,937.87,495.37,0.4914,892.42,523.42,0.8036
79,bottom,0,992.76,598.64,1084.67,854.96,1059.99,619.17,0.7920,1058.74,614.79,0.6752,1059.99,614.79,0.6743,1045.60,622.30,0.6655,1058.74,622.92,0.6752,1033.08,646.08,0.7644,1051.85,656.72,0.7902,1039.34,681.75,0.5022,1034.33,687.38,0.7818,1059.36,691.13,0.5294,1042.47,729.93,0.6776,1008.68,716.16,0.5987,1018.69,719.92,0.6338,1039.34,741.19,0.5019,1039.34,773.11,0.6932,1039.34,786.25,0.6808,1011.18,823.17,0.7629
80,top,3,876.97,353.51,1013.91,545.77,949.66,372.19,0.8883,952.48,368.43,0.8140,944.97,368.43,0.8122,956.24,372.19,0.7874,936.99,372.19,0.8739,959.52,386.27,0.7302,924.79,402.70,0.8086,971.26,385.33,0.5459,922.91,439.31,0.6446,992.85,382.52,0.7091,929.48,470.29,0.6526,952.48,452.92,0.6790,929.48,454.33,0.6481,960.46,493.29,0.6322,919.62,497.52,0.6683,935.11,494.70,0.5618,890.05,525.21,0.7866
80,bottom,0,995.63,595.99,1087.93,854.40,1060.08,617.31,0.7997,1059.45,612.26,0.7039,1060.08,612.90,0.6681,1044.94,619.20,0.6807,1059.45,620.47,0.6920,1032.95,643.81,0.7778,1053.77,654.53,0.7783,1025.38,679.14,0.5090,1036.10,686.71,0.7710,1046.83,696.17,0.4690,1040.52,726.46,0.6511,1010.24,713.21,0.6126,1020.33,716.36,0.6356,1041.15,742.23,0.5217,1041.15,771.88,0.6932,1040.52,786.39,0.6607,1015.92,824.87,0.7450
81,top,0,878.11,357.94,1005.23,546.56,956.41,375.80,0.8407,959.17,372.12,0.8181,952.26,372.12,0.7380,962.85,375.80,0.6249,943.51,375.34,0.8556,962.85,388.70,0.7282,932.92,405.28,0.8006,968.84,384.55,0.5090,932.46,439.81,0.6932,980.35,381.33,0.6217,942.13,469.75,0.6634,957.33,456.39,0.6954,933.38,455.93,0.6788,968.38,498.76,0.7609,921.41,500.14,0.6522,937.06,500.14,0.6762,889.17,525.47,0.7776
81,bottom,1,998.50,596.16,1089.90,854.44,1059.33,616.85,0.7706,1059.33,612.43,0.6796,1059.33,612.43,0.6356,1044.20,618.74,0.6865,1059.33,620.00,0.6796,1031.59,643.33,0.7634,1055.55,654.05,0.7793,1022.13,678.01,0.4979,1037.26,686.21,0.7517,1047.35,688.73,0.3599,1041.68,725.93,0.6855,1010.78,714.58,0.6182,1022.13,717.73,0.6365,1042.94,748.00,0.5335,1043.57,773.22,0.6710,1041.05,790.88,0.5946,1021.50,826.82,0.7264
82,top,1,879.20,359.24,987.41,547.83,967.37,376.64,0.8365,969.68,372.96,0.7329,962.77,373.42,0.7907,971.98,376.18,0.6364,953.10,377.10,0.8996,969.22,392.76,0.7419,943.43,407.03,0.8169,964.15,425.45,0.4272,944.35,442.02,0.7140,970.60,383.55,0.3419,954.94,470.11,0.7326,964.15,457.22,0.6734,939.75,457.68,0.6405,977.96,498.66,0.7647,928.24,500.96,0.6140,937.45,506.94,0.6568,889.56,523.06,0.7837
82,bottom,0,1000.12,596.59,1091.56,855.78,1060.39,619.24,0.7732,1060.39,613.55,0.6785,1060.39,614.81,0.6713,1043.94,619.88,0.6661,1058.49,621.78,0.6882,1029.39,645.19,0.7351,1056.60,655.95,0.7784,1018.63,680.62,0.5316,1038.88,689.48,0.7476,1044.57,712.26,0.3664,1043.31,729.98,0.6644,1012.30,717.33,0.6238,1026.22,720.49,0.6252,1036.98,751.50,0.5513,1045.84,776.17,0.7207,1030.02,797.06,0.6772,1028.12,833.76,0.7477
83,top,0,878.63,359.52,996.04,548.25,976.96,377.40,0.8230,979.26,373.72,0.7294,972.35,374.18,0.7302,982.95,376.48,0.6808,963.59,377.40,0.8706,976.96,398.14,0.7133,955.30,406.89,0.8078,970.05,429.47,0.5370,955.76,441.45,0.6965,970.97,453.89,0.4444,966.82,470.93,0.7174,972.35,458.95,0.6558,947.47,458.95,0.6239,986.17,498.58,0.7568,933.65,502.73,0.6483,943.78,518.39,0.6023,890.80,520.70,0.7199
83,bottom,1,1001.42,600.79,1091.00,856.52,1058.69,621.90,0.7412,1059.32,616.28,0.6471,1059.32,617.53,0.6341,1043.71,622.52,0.6764,1059.32,625.02,0.6807,1027.48,648.74,0.7231,1058.07,659.98,0.7748,1017.49,684.33,0.5613,1041.84,693.69,0.7545,1043.09,714.30,0.3633,1046.83,733.65,0.6788,1012.49,721.79,0.6279,1028.73,725.53,0.6247,1035.59,752.38,0.5711,1049.33,779.23,0.7270,1029.98,797.96,0.6718,1027.48,834.17,0.7545
84,top,1,885.15,362.71,999.82,550.63,987.44,379.59,0.8570,990.65,375.92,0.7174,983.77,375.92,0.7997,993.86,380.05,0.6065,974.60,378.22,0.8523,982.39,403.45,0.7203,967.71,407.58,0.8123,977.81,434.19,0.5004,967.26,441.99,0.7135,975.97,460.80,0.4498,978.27,470.89,0.7472,975.97,461.71,0.4973,957.16,463.09,0.5554,988.82,503.92,0.5731,943.40,506.67,0.4858,948.90,526.40,0.4786,896.60,520.44,0.5504
84,bottom,0,992.93,603.09,1089.42,857.05,1058.54,624.67,0.7763,1058.54,619.71,0.6408,1060.40,620.33,0.6646,1043.66,625.29,0.7011,1060.40,627.77,0.7165,1025.68,651.95,0.7643,1061.64,662.49,0.8159,1010.80,689.77,0.7314,1046.76,696.59,0.7768,999.64,722.63,0.7328,1050.48,738.13,0.7149,1010.80,725.11,0.6819,1031.26,728.21,0.6638,1035.60,748.05,0.5935,1051.10,782.77,0.7382,1029.40,797.65,0.6728,1027.54,834.86,0.7727
85,top,1,899.74,365.78,1007.23,557.19,999.75,383.44,0.8581,1002.09,380.17,0.7102,995.54,380.17,0.8204,1003.96,384.38,0.5520,985.73,382.98,0.8706,989.94,405.87,0.7301,978.72,410.08,0.8254,981.06,436.72,0.4924,978.72,444.20,0.7213,982.46,466.63,0.4682,988.07,475.51,0.6924,977.32,466.16,0.5284,965.17,467.09,0.6707,987.60,511.49,0.6963,965.64,515.23,0.6867,946.94,534.39,0.5704,917.50,517.10,0.5906
85,bottom,0,984.98,604.06,1087.04,856.66,1059.45,625.52,0.8263,1057.60,621.20,0.6675,1060.68,621.20,0.7785,1044.65,626.75,0.7206,1059.45,628.60,0.7984,1024.30,653.27,0.8058,1064.38,663.14,0.8734,1006.41,692.12,0.8453,1050.81,698.91,0.8254,991.61,722.96,0.8464,1054.51,742.69,0.7560,1013.20,727.28,0.7284,1032.31,730.36,0.7263,1034.16,751.33,0.5895,1053.28,785.25,0.8178,1029.23,797.58,0.7215,1027.38,836.43,0.7934
86,top,0,923.47,372.24,1021.12,562.20,1009.86,388.84,0.8722,1012.18,385.60,0.6080,1006.15,385.60,0.7357,1013.11,389.31,0.4264,996.88,388.84,0.7366,999.20,409.25,0.7630,989.46,414.35,0.8662,992.70,441.25,0.4654,990.38,448.67,0.7308,993.17,471.86,0.4278,1002.44,477.89,0.7313,971.83,471.40,0.6109,978.79,473.25,0.7331,976.01,515.45,0.6372,984.82,520.56,0.8224,940.76,535.86,0.6592,940.30,527.98,0.8137
86,bottom,1,973.82,604.20,1083.53,857.47,1060.21,626.34,0.8706,1060.83,622.01,0.6471,1060.83,622.63,0.8297,1044.75,626.96,0.6720,1058.97,628.19,0.8629,1024.35,652.93,0.7958,1065.78,662.20,0.9018,1003.32,690.65,0.8328,1055.88,698.07,0.8300,984.16,721.56,0.8627,1059.59,743.20,0.7742,1011.98,727.13,0.7486,1033.00,730.22,0.7479,1031.15,754.95,0.6185,1052.79,785.87,0.8326,1029.29,797.62,0.7213,1027.44,837.81,0.7836
87,top,1,928.34,379.10,1034.46,561.62,1021.95,394.16,0.8884,1024.18,391.05,0.5782,1017.94,391.05,0.7564,1006.35,395.50,0.4242,1007.69,395.06,0.7192,1005.46,412.43,0.7825,1001.01,421.35,0.8672,989.87,445.41,0.4840,1004.57,454.32,0.7693,1000.56,474.82,0.3719,1020.17,480.61,0.7242,982.29,477.49,0.6653,987.19,479.27,0.7526,984.52,519.82,0.6143,1005.46,520.27,0.8052,942.64,539.43,0.7267,955.56,532.30,0.6037
87,bottom,0,967.54,604.47,1085.56,857.38,1061.13,625.96,0.8561,1062.36,622.25,0.6343,1061.74,622.25,0.7735,1046.31,626.57,0.6992,1061.74,627.81,0.8627,1024.70,651.89,0.7791,1067.30,661.77,0.8987,1000.61,688.32,0.8048,1058.66,698.20,0.8363,979.00,718.57,0.8742,1066.07,737.72,0.7589,1011.73,726.60,0.7493,1032.11,730.31,0.7489,1029.64,756.24,0.6326,1053.10,785.26,0.8409,1028.40,798.84,0.7298,1027.17,837.74,0.7858
88,top,1,931.16,382.79,1050.87,577.52,1033.80,401.24,0.8506,1035.70,397.91,0.5329,1030.00,398.39,0.7559,1016.21,401.72,0.4328,1019.06,402.19,0.7852,1012.41,415.98,0.8010,1013.36,426.91,0.8658,996.72,447.35,0.6095,1019.54,461.14,0.7870,1003.37,478.26,0.4144,1038.55,487.76,0.7462,990.06,474.45,0.7128,995.29,477.78,0.7666,991.96,522.95,0.7494,1023.82,514.86,0.8030,944.90,536.73,0.8354,987.21,551.95,0.7134
88,bottom,0,964.10,603.91,1084.33,857.39,1063.82,625.45,0.8549,1065.06,621.74,0.6571,1063.82,622.36,0.7942,1048.97,626.07,0.7159,1061.97,627.31,0.8489,1026.07,650.82,0.7814,1068.15,660.72,0.9045,998.84,685.48,0.8025,1060.73,698.47,0.8627,975.95,715.18,0.8908,1071.25,733.13,0.7999,1010.60,725.08,0.7659,1032.26,729.41,0.7520,1028.55,754.17,0.6724,1052.06,784.49,0.8431,1027.31,799.96,0.7629,1027.93,837.09,0.7997
89,top,1,936.54,387.23,1073.61,582.67,1045.63,406.70,0.8276,1047.54,402.88,0.6914,1041.34,403.36,0.8014,1030.84,406.70,0.4378,1030.36,408.13,0.8498,1024.64,423.40,0.6976,1025.11,431.99,0.7983,1010.32,452.98,0.4861,1032.27,463.48,0.6843,1017.96,480.66,0.3617,1051.83,489.72,0.6406,1002.21,476.84,0.5967,1006.03,478.75,0.6513,996.49,524.08,0.6671,1039.43,516.44,0.6733,950.68,536.00,0.6545,1021.77,561.77,0.5741
89,bottom,0,960.73,603.65,1089.51,857.58,1065.42,625.23,0.8450,1066.66,621.51,0.6425,1064.80,621.51,0.7672,1050.54,625.85,0.7262,1062.94,627.09,0.8330,1027.60,649.41,0.7720,1069.14,659.95,0.8917,997.23,682.26,0.7998,1062.94,697.76,0.8467,973.67,710.78,0.8979,1076.58,731.24,0.8250,1009.62,723.80,0.7654,1030.70,728.14,0.7485,1028.84,752.32,0.6682,1049.30,782.07,0.8231,1024.50,801.29,0.7965,1027.60,836.63,0.8112
90,top,1,944.57,394.93,1092.16,579.47,1056.80,415.13,0.8961,1058.72,410.81,0.5675,1053.92,410.81,0.7976,1043.83,414.17,0.4271,1042.87,414.17,0.8035,1035.66,428.11,0.7719,1038.06,438.19,0.8477,1023.65,457.41,0.5308,1044.79,467.02,0.6895,1039.02,482.39,0.4349,1066.41,492.96,0.6610,1013.08,480.95,0.7048,1019.81,483.35,0.7478,1004.43,526.59,0.7538,1050.07,518.43,0.8119,959.27,534.76,0.7792,1056.80,565.99,0.8584
90,bottom,0,959.31,602.59,1095.73,857.17,1066.05,624.84,0.8216,1067.92,621.11,0.6135,1065.43,621.11,0.7391,1051.76,625.46,0.7214,1064.81,627.32,0.8201,1027.52,648.46,0.7362,1069.78,659.64,0.8477,996.44,679.53,0.7818,1063.57,696.32,0.8450,972.82,706.88,0.8916,1080.35,728.64,0.8198,1008.87,721.80,0.7225,1029.38,727.39,0.7145,1030.62,754.12,0.6375,1047.41,781.47,0.7853,1022.54,805.09,0.7874,1026.90,836.79,0.7887
91,top,1,957.02,403.50,1102.23,574.52,1069.33,421.89,0.9216,1070.75,417.63,0.6620,1065.55,417.16,0.8538,1053.73,420.00,0.4763,1054.21,420.94,0.8688,1049.48,437.01,0.7400,1049.95,445.52,0.8345,1037.19,466.32,0.4949,1060.35,475.78,0.6416,1051.84,487.12,0.5659,1083.51,500.83,0.6039,1025.85,491.37,0.7194,1031.99,494.21,0.7663,1014.97,531.08,0.7323,1059.88,533.92,0.8029,970.54,537.70,0.7971,1082.57,572.68,0.7732
91,bottom,0,958.49,602.52,1100.04,857.47,1069.10,624.18,0.8253,1070.34,621.07,0.6203,1067.85,621.07,0.7713,1052.91,625.42,0.7311,1065.99,626.67,0.8260,1029.26,647.21,0.7251,1069.72,659.66,0.8333,996.90,677.71,0.7827,1064.74,697.00,0.8598,972.00,702.61,0.8911,1084.04,727.50,0.8484,1008.72,720.03,0.7220,1025.53,725.01,0.7240,1031.13,756.76,0.6729,1047.93,779.17,0.7959,1023.04,807.18,0.7801,1027.39,836.43,0.8185
92,top,1,968.35,411.80,1112.25,604.39,1078.85,430.04,0.9130,1079.79,426.75,0.7217,1075.56,426.75,0.8554,1066.63,430.04,0.5034,1064.75,430.98,0.8355,1059.11,446.03,0.7402,1063.34,456.37,0.8097,1044.53,475.65,0.4896,1076.50,486.46,0.6443,1060.05,497.75,0.5584,1098.13,509.03,0.7033,1039.83,501.51,0.6796,1044.06,503.86,0.7326,1029.01,538.66,0.6333,1072.27,541.95,0.7765,984.34,543.36,0.7211,1095.31,585.21,0.7746
92,bottom,0,959.22,602.82,1102.39,856.68,1071.09,623.77,0.8162,1072.33,620.67,0.6060,1069.23,620.67,0.7374,1054.97,625.63,0.7243,1067.37,626.87,0.7928,1030.80,646.08,0.7165,1070.47,659.72,0.8292,996.72,675.21,0.7782,1066.75,695.66,0.8500,971.92,700.62,0.8781,1085.34,726.03,0.8382,1006.63,716.74,0.7110,1023.99,722.94,0.7201,1029.56,758.88,0.6885,1048.16,776.86,0.7845,1022.75,808.46,0.7817,1028.94,835.12,0.8184
93,top,1,976.51,418.48,1134.07,609.32,1088.12,437.48,0.9196,1088.12,433.89,0.7317,1084.53,433.89,0.8511,1084.53,437.99,0.4570,1073.75,439.02,0.8156,1071.70,455.43,0.6833,1073.24,463.64,0.7700,1054.78,482.62,0.4580,1088.63,492.87,0.6667,1069.14,503.64,0.3855,1113.76,515.95,0.7242,1051.70,510.82,0.6102,1054.78,513.39,0.7249,1044.01,550.32,0.7074,1084.53,545.70,0.7656,997.33,551.34,0.7334,1109.14,593.40,0.7839
93,bottom,0,958.88,601.78,1104.99,856.90,1072.42,624.70,0.8310,1073.67,620.97,0.6249,1071.80,620.97,0.7635,1056.23,625.33,0.7384,1069.31,627.20,0.8283,1031.93,645.26,0.7257,1071.17,659.58,0.8403,997.68,674.53,0.7888,1069.31,698.82,0.8590,972.76,698.82,0.8810,1087.37,727.48,0.8347,1005.15,715.02,0.7331,1023.84,721.25,0.7199,1025.71,759.24,0.7272,1046.88,776.06,0.7867,1021.35,807.82,0.7978,1029.44,834.61,0.8381
94,top,1,991.57,427.83,1138.22,610.55,1099.75,446.63,0.8563,1099.75,443.29,0.6828,1095.93,443.29,0.8031,1098.31,447.58,0.4661,1085.42,449.02,0.7617,1083.04,465.73,0.6036,1083.51,473.36,0.6722,1068.71,488.16,0.3763,1100.70,498.19,0.5784,1078.26,494.37,0.2866,1125.05,521.58,0.6600,1062.99,519.19,0.4736,1061.08,522.06,0.6129,1058.21,564.07,0.7171,1094.97,540.68,0.6930,1011.90,560.25,0.6817,1111.20,593.19,0.7461
94,bottom,0,957.86,603.83,1106.33,857.41,1072.34,625.99,0.8188,1073.58,622.28,0.6126,1072.34,622.90,0.7647,1056.24,626.61,0.7511,1069.86,629.09,0.8201,1032.10,647.04,0.7307,1072.34,661.90,0.8367,997.43,676.76,0.7899,1071.72,700.90,0.8355,972.05,700.28,0.8619,1088.44,730.00,0.8157,1004.86,715.14,0.7333,1023.43,721.95,0.7071,1022.19,758.48,0.7293,1045.72,776.43,0.7838,1018.48,806.15,0.7849,1026.53,834.63,0.8095
95,top,1,1006.23,436.07,1149.28,608.57,1109.89,456.66,0.7949,1110.35,452.00,0.6561,1105.70,453.40,0.7545,1110.35,456.19,0.4047,1094.52,458.06,0.6787,1091.26,474.35,0.5036,1090.33,480.41,0.5511,1077.29,491.58,0.2935,1108.49,502.76,0.5121,1090.80,494.84,0.2067,1130.84,523.25,0.5812,1070.31,526.04,0.4400,1063.79,526.51,0.5691,1074.96,574.47,0.6748,1102.44,538.15,0.6659,1030.26,565.16,0.6035,1112.22,592.63,0.7452
95,bottom,0,957.23,606.24,1108.47,858.32,1070.39,630.74,0.8439,1071.62,626.43,0.6038,1071.01,627.05,0.7263,1055.62,630.74,0.7838,1070.39,633.20,0.8391,1031.00,650.43,0.7606,1072.85,665.82,0.8710,997.77,679.97,0.8177,1075.31,707.05,0.8385,971.92,703.36,0.8877,1091.31,734.75,0.8288,1003.31,717.51,0.7649,1024.23,725.51,0.7491,1020.54,756.90,0.7238,1043.93,780.29,0.7992,1013.16,803.67,0.8111,1022.39,835.67,0.8549
96,top,1,1036.49,442.72,1146.54,609.68,1119.64,462.61,0.8219,1119.64,458.53,0.6535,1115.56,458.94,0.7565,1119.23,460.98,0.3366,1104.97,463.83,0.6783,1096.41,477.28,0.5082,1098.85,483.40,0.5497,1080.51,496.85,0.2811,1110.67,509.08,0.4968,1091.11,527.01,0.1722,1130.65,528.64,0.5100,1073.99,526.20,0.4461,1068.28,527.42,0.5990,1088.66,573.07,0.5660,1108.63,538.02,0.6530,1047.08,567.37,0.6024,1112.71,592.64,0.6747
96,bottom,0,955.97,612.95,1111.76,867.56,1070.54,635.20,0.8210,1071.78,631.47,0.6033,1071.16,631.47,0.7577,1053.75,636.45,0.7459,1069.29,637.69,0.8213,1029.51,655.72,0.7381,1073.64,671.88,0.8581,998.43,685.55,0.8155,1079.24,712.28,0.8344,971.70,709.80,0.8684,1095.40,740.25,0.8350,1004.02,722.23,0.7535,1022.67,731.55,0.7245,1021.43,758.90,0.6484,1040.70,788.74,0.7929,1006.51,806.14,0.7941,1015.83,841.58,0.8366
97,top,3,1039.72,441.55,1141.78,610.15,1124.92,464.52,0.7904,1125.74,460.40,0.6147,1121.21,460.81,0.7409,1125.33,462.05,0.3835,1109.27,464.52,0.7265,1101.45,475.63,0.5998,1103.92,485.51,0.6273,1088.69,494.98,0.3189,1109.27,513.91,0.6182,1105.16,529.14,0.2070,1124.92,534.91,0.6173,1080.46,524.20,0.4016,1070.17,526.26,0.5841,1096.51,571.95,0.6176,1109.68,540.26,0.6094,1056.58,565.78,0.5775,1112.57,592.53,0.6596
97,bottom,0,955.37,619.56,1118.91,874.43,1070.12,641.22,0.8228,1069.50,638.11,0.6270,1070.12,638.11,0.8039,1052.70,643.71,0.7359,1067.01,644.95,0.8130,1028.43,664.24,0.7631,1073.23,679.80,0.8657,997.94,693.48,0.8124,1083.81,717.75,0.8229,971.18,719.00,0.8984,1101.23,747.62,0.8383,1004.78,730.82,0.7738,1022.83,740.15,0.7414,1021.58,763.80,0.5915,1036.52,796.78,0.8018,995.45,806.73,0.8501,1011.63,850.29,0.8545
98,top,3,1054.52,440.56,1137.47,609.34,1128.96,461.49,0.8087,1129.38,457.78,0.6138,1125.25,458.19,0.7586,1127.31,459.84,0.3494,1113.72,462.31,0.7238,1103.83,473.85,0.6179,1106.71,484.98,0.6377,1091.05,492.40,0.3203,1106.71,520.01,0.5552,1114.54,527.42,0.2889,1116.19,545.97,0.5721,1084.87,520.83,0.4453,1072.10,524.95,0.6543,1100.94,558.74,0.4192,1112.07,545.55,0.6034,1067.98,562.04,0.5699,1112.07,591.71,0.6791
98,bottom,0,957.63,629.37,1117.08,875.87,1068.65,649.71,0.8109,1066.85,646.70,0.5849,1068.65,646.70,0.7879,1051.20,652.12,0.7087,1066.24,653.32,0.7987,1029.53,673.78,0.7667,1071.66,687.62,0.8588,996.43,703.27,0.8084,1089.11,725.54,0.8127,970.56,729.15,0.8987,1109.57,748.41,0.8277,1004.86,738.18,0.7859,1022.91,748.41,0.7319,1019.30,769.47,0.6106,1037.36,805.58,0.8071,988.61,809.19,0.8164,1009.07,853.73,0.8151
99,top,1,1059.48,435.30,1136.59,609.33,1130.33,456.03,0.8513,1131.18,452.21,0.6607,1126.50,452.21,0.7628,1130.75,455.61,0.3539,1114.61,456.88,0.7276,1105.26,469.63,0.6522,1105.69,479.40,0.6753,1104.84,494.27,0.3503,1100.16,516.37,0.5835,1109.08,518.91,0.3378,1105.26,545.68,0.5335,1087.84,516.79,0.4881,1074.24,521.89,0.6676,1122.26,550.35,0.6748,1112.48,548.66,0.5705,1078.07,560.55,0.5980,1112.06,591.99,0.6698
99,bottom,0,960.11,636.25,1132.69,872.68,1070.07,657.49,0.7847,1067.18,654.61,0.5929,1071.22,654.61,0.7125,1051.60,659.80,0.7207,1067.76,661.53,0.7488,1030.82,680.58,0.7912,1072.38,693.86,0.8357,998.49,710.60,0.8451,1090.85,731.38,0.8261,973.09,735.99,0.8709,1114.51,743.50,0.8403,1004.26,744.65,0.8035,1023.89,753.89,0.7636,1015.81,778.13,0.7278,1049.86,808.15,0.8070,980.60,816.23,0.8475,1014.08,849.13,0.8095
100,top,1,1060.38,428.91,1137.98,610.79,1130.71,449.24,0.8809,1132.04,445.69,0.7485,1126.27,445.69,0.8036,1132.93,448.80,0.4509,1114.28,449.69,0.7773,1106.28,464.34,0.6381,1105.40,474.55,0.7121,1103.62,491.87,0.3665,1095.18,510.97,0.6354,1108.50,519.85,0.2747,1095.18,545.16,0.5169,1092.52,509.63,0.4750,1074.31,515.85,0.6495,1127.15,542.49,0.7727,1112.50,541.16,0.6399,1088.52,560.25,0.6000,1112.06,592.67,0.6936
100,bottom,0,962.20,642.31,1131.52,872.21,1068.19,662.96,0.7463,1064.82,659.60,0.5589,1071.00,660.16,0.6347,1053.60,664.65,0.7108,1070.44,667.45,0.7377,1032.83,685.42,0.7684,1073.80,697.76,0.8284,1001.40,714.60,0.8076,1089.52,736.49,0.8422,975.02,739.86,0.8488,1113.65,741.54,0.8098,1007.01,749.96,0.7750,1028.34,757.26,0.7170,1013.75,779.15,0.6857,1063.14,807.21,0.7763,980.63,815.63,0.8155,1023.85,842.01,0.7745
101,top,1,1061.24,423.18,1138.56,610.42,1127.79,440.00,0.8311,1129.62,436.34,0.6693,1124.13,435.88,0.7481,1130.99,440.46,0.4799,1113.62,439.08,0.7011,1113.62,459.66,0.5998,1100.82,465.60,0.7094,1113.16,486.63,0.5234,1087.10,502.17,0.5714,1117.27,517.26,0.3836,1085.73,534.17,0.5409,1098.07,500.80,0.5450,1074.76,504.00,0.6523,1127.33,536.46,0.8028,1111.33,538.28,0.7064,1093.50,560.23,0.6142,1111.33,593.14,0.7781
101,bottom,0,966.61,644.88,1126.87,856.21,1073.34,665.51,0.8339,1073.87,662.90,0.5336,1074.39,663.95,0.6343,1057.69,668.12,0.5849,1074.91,669.68,0.7449,1037.87,686.38,0.8204,1078.56,700.46,0.8632,1005.00,714.55,0.8160,1089.52,738.55,0.8598,979.44,739.59,0.8628,1110.38,740.63,0.7965,1012.83,750.55,0.7801,1035.26,758.37,0.7176,1014.91,779.76,0.7423,1077.00,801.67,0.8199,980.48,816.80,0.8158,1035.78,832.97,0.7293
102,top,1,1062.33,416.42,1137.66,611.15,1124.24,431.07,0.8096,1128.05,427.74,0.7579,1120.44,426.31,0.7244,1131.38,432.02,0.5847,1111.88,429.64,0.7265,1119.97,453.41,0.6334,1097.15,457.69,0.7472,1115.21,476.71,0.5776,1078.60,488.59,0.6222,1119.01,495.72,0.5236,1075.28,521.40,0.5830,1100.95,495.72,0.5781,1077.18,498.58,0.5840,1126.62,533.28,0.8206,1105.70,537.56,0.7233,1102.85,571.31,0.7066,1110.46,592.71,0.7494
102,bottom,0,965.93,645.03,1122.48,856.87,1077.83,665.09,0.9022,1079.90,663.03,0.5701,1078.86,663.03,0.6236,1066.97,666.65,0.6700,1083.00,669.23,0.7451,1043.69,686.30,0.8198,1086.62,700.78,0.8806,1012.66,712.16,0.8003,1092.83,738.54,0.8650,988.35,734.91,0.8662,1110.41,742.67,0.7883,1019.38,749.91,0.7548,1042.14,757.67,0.6915,1016.80,780.94,0.7163,1089.21,794.91,0.7929,979.56,817.15,0.8307,1050.42,834.73,0.7455
103,top,1,1062.45,404.42,1136.54,607.61,1123.80,420.69,0.8895,1126.78,417.22,0.8371,1119.34,416.72,0.7990,1129.26,422.68,0.6335,1110.41,421.19,0.8008,1123.31,441.03,0.7999,1094.54,448.47,0.7701,1115.87,464.34,0.7436,1074.20,479.72,0.7089,1126.28,484.68,0.7508,1067.25,508.99,0.6757,1104.46,491.13,0.7400,1081.14,494.11,0.7070,1124.30,532.30,0.8828,1099.00,537.76,0.7657,1105.95,566.04,0.7418,1107.93,591.83,0.7985
103,bottom,0,970.95,642.23,1122.86,863.53,1087.42,663.20,0.8799,1088.50,660.49,0.5422,1087.96,659.95,0.6147,1075.54,664.28,0.6676,1091.20,666.98,0.7093,1052.30,684.81,0.8184,1095.53,699.39,0.9083,1022.05,709.12,0.8049,1097.69,737.21,0.8800,999.36,730.19,0.8550,1112.82,743.70,0.7748,1029.07,750.18,0.7587,1051.22,756.66,0.7257,1022.59,783.14,0.7171,1097.69,791.24,0.8349,984.77,815.55,0.8528,1075.54,842.57,0.8206
104,top,1,1057.19,396.90,1136.59,598.12,1120.47,412.03,0.8592,1123.42,408.60,0.8519,1116.05,408.10,0.7770,1126.86,413.51,0.6995,1107.70,412.03,0.8527,1122.93,432.18,0.8582,1090.51,438.07,0.8031,1116.54,457.23,0.7330,1071.35,465.09,0.7364,1129.80,479.83,0.7475,1061.52,496.04,0.6563,1103.28,486.70,0.7168,1080.68,488.67,0.6831,1120.96,528.95,0.8357,1094.93,532.39,0.7254,1104.26,567.27,0.7592,1103.28,583.48,0.7829
104,bottom,0,979.70,639.11,1126.29,865.04,1097.12,660.51,0.8157,1097.67,657.75,0.5513,1097.67,657.75,0.6340,1082.78,661.61,0.6730,1098.78,664.92,0.6987,1062.37,682.57,0.8184,1104.29,696.92,0.9020,1033.14,706.84,0.7621,1103.74,735.53,0.8862,1014.93,727.25,0.8201,1117.53,742.15,0.8029,1039.76,751.52,0.7623,1060.17,759.25,0.7480,1037.00,782.41,0.6583,1102.09,798.41,0.8330,994.53,813.30,0.8423,1072.30,844.74,0.7674
105,top,1,1054.39,389.68,1137.75,598.80,1117.51,404.89,0.8488,1120.58,401.32,0.8371,1113.43,400.81,0.8139,1123.64,406.42,0.7330,1104.75,404.89,0.8687,1122.62,425.31,0.8623,1086.37,429.40,0.7944,1118.53,449.31,0.7082,1067.48,456.46,0.7607,1130.28,469.73,0.6986,1057.78,485.56,0.7509,1103.22,481.99,0.7111,1078.71,483.01,0.6675,1116.49,524.87,0.7940,1094.03,525.38,0.7337,1105.26,569.80,0.8069,1096.58,577.97,0.7906
105,bottom,0,995.81,639.27,1133.12,864.54,1107.36,659.51,0.8427,1106.81,656.21,0.6463,1106.81,655.66,0.7286,1091.96,661.16,0.6230,1102.41,662.26,0.7530,1071.06,681.51,0.7757,1111.21,695.26,0.8922,1043.02,707.91,0.7721,1109.01,734.31,0.8773,1034.77,724.96,0.7756,1124.41,740.91,0.8089,1048.51,748.06,0.7440,1068.31,756.31,0.7211,1058.41,782.15,0.6755,1105.16,803.60,0.8538,1012.77,812.40,0.7706,1071.61,845.40,0.7209
106,top,0,1050.29,384.12,1136.89,595.32,1113.70,398.45,0.8513,1117.31,394.84,0.8306,1110.09,393.81,0.8131,1120.40,400.00,0.7473,1101.84,398.45,0.8410,1121.43,419.08,0.8716,1082.25,421.66,0.7816,1119.89,444.34,0.7585,1063.68,448.47,0.7664,1131.75,466.00,0.7612,1053.89,480.44,0.7510,1101.84,474.77,0.6887,1077.61,474.77,0.6548,1110.61,521.69,0.7682,1091.01,519.62,0.7180,1105.45,569.64,0.7880,1091.01,572.73,0.8079
106,bottom,1,1019.41,639.05,1140.92,865.11,1115.48,661.56,0.8350,1115.48,658.25,0.6463,1113.83,657.70,0.7631,1098.93,662.67,0.5844,1109.41,663.22,0.7815,1080.71,681.98,0.7473,1118.80,694.68,0.8498,1055.88,709.58,0.7905,1114.93,733.86,0.8849,1059.19,727.24,0.5839,1130.94,741.04,0.7858,1055.88,748.77,0.7675,1074.09,756.49,0.7182,1075.75,780.78,0.6610,1111.07,803.41,0.8485,1038.77,816.65,0.7741,1077.40,842.59,0.7545
107,top,1,1046.21,377.65,1137.35,589.13,1110.88,392.52,0.8446,1113.98,389.43,0.8308,1106.75,388.39,0.8169,1117.60,394.59,0.7968,1099.01,393.04,0.8600,1119.66,413.69,0.8705,1079.39,414.72,0.7722,1119.66,437.96,0.7865,1061.32,440.54,0.7635,1131.02,460.67,0.7817,1050.48,472.03,0.7305,1099.53,469.45,0.6902,1075.26,467.90,0.6862,1106.75,516.95,0.7525,1084.55,512.82,0.7736,1105.72,567.54,0.8049,1081.97,565.48,0.7861
107,bottom,0,1050.89,640.92,1148.90,865.37,1123.46,661.64,0.7616,1121.26,658.35,0.5691,1122.91,657.80,0.7165,1104.28,664.38,0.5513,1117.98,664.92,0.7119,1089.48,683.56,0.7357,1125.65,696.16,0.7841,1075.78,714.79,0.4719,1120.17,735.07,0.8077,1102.63,725.75,0.3266,1138.25,742.74,0.7417,1063.18,748.22,0.7755,1082.91,753.70,0.6919,1091.13,783.29,0.6235,1118.52,804.66,0.7810,1068.11,822.19,0.7496,1081.81,843.56,0.7383
108,top,0,1043.53,371.99,1136.75,585.50,1107.87,387.53,0.8188,1111.51,383.88,0.8148,1103.70,383.88,0.7872,1115.16,389.09,0.7674,1095.88,388.05,0.8571,1118.29,410.46,0.8439,1076.59,409.42,0.7521,1120.38,434.96,0.7567,1058.87,435.48,0.7471,1130.28,457.90,0.7625,1047.92,466.76,0.7297,1097.96,465.20,0.6699,1072.94,463.63,0.6702,1103.17,513.15,0.7349,1079.72,507.42,0.7394,1105.78,563.71,0.7990,1072.94,555.90,0.7422
108,bottom,1,1061.98,643.84,1155.51,873.07,1132.25,664.43,0.7308,1130.57,661.64,0.5816,1130.57,661.64,0.6725,1112.66,668.35,0.5495,1124.97,668.91,0.6769,1099.79,686.82,0.6729,1131.69,699.69,0.7357,1094.75,722.08,0.3736,1123.85,738.31,0.7353,1125.53,738.31,0.3091,1144.00,745.58,0.6794,1072.37,750.62,0.6818,1090.83,755.66,0.6339,1109.30,795.95,0.5039,1127.21,807.14,0.6940,1102.59,838.48,0.4885,1087.48,849.68,0.5723
109,top,0,1040.62,369.94,1135.86,578.90,1104.56,384.63,0.8333,1107.62,381.57,0.8264,1100.48,381.06,0.7966,1111.20,386.16,0.7408,1092.32,385.14,0.8452,1116.30,408.61,0.8274,1072.42,406.57,0.7404,1119.87,433.10,0.7613,1055.59,432.58,0.7484,1129.05,456.56,0.7924,1045.90,463.70,0.7406,1096.40,463.70,0.6769,1071.40,462.17,0.6728,1101.50,510.13,0.7233,1073.44,507.58,0.7353,1102.52,559.10,0.8032,1063.24,545.33,0.7166
109,bottom,1,1073.50,646.83,1167.00,884.72,1136.52,667.04,0.6873,1135.35,663.56,0.5808,1135.35,664.14,0.5923,1122.58,671.11,0.5125,1130.13,671.69,0.6507,1110.38,692.60,0.6800,1133.61,704.21,0.7042,1119.67,728.02,0.4792,1118.51,740.80,0.7072,1144.07,733.25,0.5854,1144.65,753.00,0.6707,1085.99,758.81,0.6142,1096.44,762.87,0.6720,1124.90,800.04,0.5013,1134.19,811.08,0.6612,1118.51,840.12,0.5961,1098.76,857.54,0.6202
110,top,0,1037.19,368.89,1134.09,575.44,1101.28,383.41,0.8263,1104.81,380.38,0.8273,1097.24,379.38,0.7880,1108.34,384.92,0.7195,1088.67,383.41,0.8391,1114.39,408.12,0.8037,1069.51,405.09,0.7278,1118.93,432.83,0.7491,1052.36,431.82,0.7407,1126.99,456.03,0.7895,1043.28,462.58,0.7478,1094.72,462.58,0.6748,1069.51,461.57,0.6633,1099.26,507.97,0.7085,1067.49,509.99,0.7410,1097.75,552.85,0.8095,1054.38,533.69,0.7307
110,bottom,1,1086.47,650.39,1188.09,896.99,1143.90,667.73,0.7648,1143.30,664.71,0.6012,1140.29,665.32,0.6590,1132.46,671.94,0.4163,1133.67,673.14,0.6176,1128.25,699.03,0.6478,1130.66,706.26,0.7417,1138.48,726.13,0.5740,1110.19,740.58,0.7513,1170.39,735.76,0.6493,1142.10,756.23,0.6628,1102.96,765.26,0.5573,1107.78,768.27,0.7179,1128.25,802.59,0.6067,1141.49,818.24,0.7102,1110.19,842.93,0.7153,1120.42,875.44,0.7180
111,top,0,1034.32,366.68,1131.53,571.58,1098.43,383.09,0.8748,1101.43,380.09,0.8779,1094.43,379.59,0.8271,1104.93,385.09,0.7322,1085.43,383.59,0.8597,1111.94,408.10,0.8120,1066.42,405.60,0.7312,1116.94,434.62,0.7744,1050.91,431.61,0.7539,1124.44,456.63,0.7872,1041.40,462.13,0.7505,1093.43,464.13,0.6978,1068.42,463.13,0.6762,1096.93,509.15,0.7410,1063.41,509.15,0.7464,1097.43,552.17,0.8268,1045.41,528.16,0.7587
111,bottom,1,1093.56,652.46,1205.95,906.56,1146.65,669.09,0.7367,1145.41,666.61,0.6257,1141.69,667.23,0.6644,1144.17,674.67,0.4771,1134.24,676.53,0.6434,1147.27,701.35,0.7215,1126.80,708.79,0.7534,1154.72,728.02,0.6325,1105.09,739.81,0.7744,1186.97,740.43,0.6636,1139.83,755.94,0.6171,1137.35,768.97,0.6278,1115.01,772.69,0.7380,1145.41,809.29,0.6067,1144.17,819.84,0.7449,1115.01,835.97,0.6721,1137.35,881.25,0.7519
112,top,0,1028.67,367.80,1129.87,571.63,1094.20,384.12,0.8922,1097.19,381.13,0.9017,1090.22,380.64,0.8501,1101.17,386.11,0.7714,1081.76,384.62,0.8684,1109.13,409.50,0.8229,1063.35,407.01,0.7427,1114.11,435.37,0.7668,1048.42,432.39,0.7314,1122.07,460.26,0.7911,1039.46,461.25,0.6982,1092.21,466.23,0.6932,1066.83,465.23,0.6612,1094.70,510.02,0.7358,1054.89,511.01,0.7022,1096.69,553.81,0.8025,1039.46,524.45,0.7188
112,bottom,1,1095.25,655.16,1216.14,909.61,1149.48,671.81,0.7440,1148.86,668.70,0.6573,1144.51,669.95,0.6864,1148.86,678.64,0.4987,1135.82,679.89,0.7315,1158.18,698.52,0.7769,1126.50,710.95,0.7442,1166.88,729.58,0.7211,1102.89,740.14,0.7839,1198.56,746.98,0.7234,1135.20,755.05,0.6283,1148.86,772.45,0.7305,1125.26,774.93,0.7563,1160.67,820.28,0.6883,1151.35,824.01,0.7119,1127.12,835.19,0.6335,1139.55,884.27,0.7903
113,top,1,1024.92,368.69,1124.65,571.33,1091.11,384.91,0.8935,1094.08,382.44,0.8999,1086.66,381.45,0.8682,1097.54,386.89,0.7591,1077.76,385.41,0.8581,1105.96,410.15,0.8174,1059.94,408.17,0.7415,1110.41,435.87,0.7515,1045.60,433.89,0.7315,1118.82,460.12,0.7691,1037.19,462.59,0.6943,1089.63,468.53,0.6748,1063.90,468.03,0.6532,1094.58,510.08,0.7196,1049.55,511.57,0.7004,1096.56,553.62,0.8028,1034.22,521.46,0.7128
113,bottom,0,1098.22,655.99,1229.54,910.05,1154.58,672.61,0.8288,1153.96,669.51,0.7237,1150.23,670.75,0.7411,1152.72,681.92,0.5382,1142.17,683.16,0.7923,1166.36,701.14,0.7951,1129.15,712.93,0.7715,1180.01,733.40,0.7502,1106.82,742.08,0.8003,1209.78,752.63,0.7483,1134.11,758.21,0.6322,1158.92,771.86,0.7344,1134.73,775.58,0.7468,1176.91,819.62,0.7387,1158.30,828.30,0.7386,1137.21,832.02,0.6594,1139.69,885.99,0.8038
114,top,1,1021.87,369.98,1120.89,571.69,1086.65,386.14,0.8847,1090.10,383.67,0.8714,1082.71,383.18,0.8353,1094.04,388.60,0.7359,1074.34,387.12,0.8401,1101.42,410.26,0.8309,1056.12,409.77,0.7394,1105.85,435.87,0.7614,1041.84,436.36,0.7753,1115.21,462.46,0.7994,1033.96,465.91,0.7417,1086.65,469.36,0.6935,1060.55,469.36,0.6615,1094.04,508.26,0.7384,1045.28,510.72,0.6866,1096.50,553.07,0.8314,1031.99,521.56,0.7390
114,bottom,0,1105.37,658.14,1233.12,909.82,1158.80,675.23,0.7937,1158.19,671.54,0.6890,1153.27,673.38,0.7182,1158.80,683.21,0.5721,1145.90,685.06,0.7812,1174.16,701.03,0.7879,1134.84,715.78,0.7579,1189.52,736.06,0.7600,1112.10,744.04,0.7960,1215.94,754.49,0.7542,1132.99,761.25,0.7024,1171.70,774.77,0.7310,1145.90,777.84,0.7137,1193.21,822.08,0.7422,1160.03,831.91,0.7405,1153.27,836.83,0.6553,1139.75,885.37,0.7989
115,top,1,1021.61,372.57,1117.38,572.41,1083.16,387.11,0.8826,1086.08,384.67,0.8658,1078.77,383.69,0.8067,1089.99,389.55,0.7366,1069.98,388.57,0.8576,1097.31,410.52,0.8205,1052.91,410.52,0.7205,1101.70,436.38,0.7657,1038.27,437.36,0.7557,1112.43,464.19,0.8026,1031.44,466.63,0.7460,1083.16,468.58,0.6775,1056.81,469.56,0.6310,1092.91,505.18,0.7262,1042.17,507.13,0.6775,1096.33,552.01,0.8429,1029.98,523.72,0.7294
115,bottom,0,1113.72,660.61,1230.54,909.51,1165.44,678.11,0.8002,1163.62,675.07,0.6922,1159.98,676.89,0.7480,1164.23,684.18,0.5619,1152.08,687.83,0.7711,1183.07,703.63,0.8122,1141.14,717.00,0.7574,1196.44,738.27,0.7622,1120.48,745.56,0.8123,1216.49,750.42,0.7417,1138.71,766.22,0.7710,1181.85,772.91,0.7332,1153.29,778.37,0.7255,1210.41,820.30,0.8066,1162.41,835.50,0.7904,1175.78,852.51,0.7176,1139.31,885.33,0.8044
116,top,1,1021.44,372.96,1113.75,567.44,1078.99,387.11,0.8809,1082.31,384.74,0.8795,1074.72,384.26,0.8189,1085.64,389.96,0.7604,1066.17,388.53,0.8729,1092.76,409.43,0.8296,1049.08,410.85,0.7512,1097.03,434.59,0.7784,1035.31,436.96,0.7483,1108.43,461.65,0.8039,1029.14,466.88,0.7053,1079.94,466.88,0.6983,1053.35,467.35,0.6540,1091.33,502.49,0.7474,1039.58,505.33,0.6823,1096.08,549.49,0.8663,1030.56,526.70,0.7114
116,bottom,0,1123.15,663.44,1234.56,908.94,1172.26,680.11,0.7977,1171.06,677.71,0.7116,1166.87,678.91,0.7282,1173.46,684.90,0.5811,1159.08,690.29,0.7769,1193.84,705.28,0.7843,1148.89,719.06,0.7817,1210.02,735.25,0.6536,1129.11,746.63,0.8136,1216.02,743.04,0.6976,1141.70,769.41,0.7817,1193.24,773.01,0.7516,1163.27,779.60,0.7499,1226.21,820.36,0.8219,1165.07,838.34,0.7940,1200.43,867.71,0.7499,1139.30,885.09,0.8294
117,top,1,1020.69,370.81,1113.16,568.54,1076.09,385.20,0.8497,1079.47,382.30,0.8759,1072.23,381.82,0.8342,1082.85,387.13,0.7903,1064.03,386.16,0.8646,1089.13,406.92,0.8146,1046.16,408.85,0.7501,1094.44,432.02,0.7590,1032.65,434.44,0.7553,1105.54,459.06,0.7801,1027.34,463.89,0.7333,1076.58,463.40,0.7012,1050.51,463.89,0.6628,1090.09,499.13,0.7429,1038.92,501.54,0.6869,1096.37,548.37,0.8418,1031.20,525.19,0.7057
117,bottom,0,1123.91,666.61,1257.96,908.26,1180.32,683.60,0.7825,1179.14,680.65,0.6859,1175.01,681.83,0.7154,1182.68,687.73,0.5742,1167.34,693.63,0.7624,1203.92,707.20,0.8215,1155.54,723.13,0.8251,1225.16,741.42,0.7346,1139.02,750.27,0.8210,1215.13,738.47,0.6298,1145.51,775.63,0.7660,1202.74,776.81,0.7491,1171.47,783.30,0.7620,1236.95,823.42,0.8090,1168.52,841.71,0.7918,1229.87,883.01,0.8391,1140.79,883.60,0.8325
118,top,1,1019.27,365.62,1118.55,562.56,1074.68,380.91,0.8769,1078.04,378.02,0.8731,1070.35,378.02,0.8433,1081.41,382.83,0.8180,1062.18,382.35,0.8591,1087.66,402.06,0.8075,1044.39,404.95,0.7711,1092.95,426.58,0.7772,1029.48,431.39,0.8183,1103.53,453.99,0.7805,1026.12,461.20,0.7574,1075.16,458.32,0.7244,1048.23,459.28,0.6994,1089.58,495.34,0.7470,1038.62,498.71,0.7023,1095.83,543.90,0.8745,1030.44,525.15,0.7022
118,bottom,0,1129.13,668.85,1287.95,910.90,1186.67,689.41,0.7520,1185.49,685.87,0.7059,1181.36,687.64,0.7056,1190.81,690.00,0.6278,1173.67,697.69,0.7498,1213.86,709.51,0.7410,1163.63,726.64,0.8090,1242.22,736.10,0.7745,1148.85,756.19,0.7753,1221.54,743.19,0.6006,1148.85,786.92,0.6928,1212.09,783.97,0.7179,1179.58,789.28,0.7254,1242.81,833.01,0.7596,1171.90,847.20,0.7693,1257.00,890.93,0.8043,1144.72,882.06,0.8099
119,top,1,1019.06,362.34,1115.00,552.42,1073.99,376.64,0.8987,1077.24,373.85,0.8917,1070.28,373.85,0.8333,1080.95,378.49,0.8130,1061.93,378.03,0.8772,1086.99,397.52,0.8503,1044.29,399.84,0.7973,1092.55,422.11,0.8161,1028.51,425.83,0.8355,1101.84,448.57,0.8309,1024.34,457.38,0.7419,1073.06,453.67,0.7573,1046.61,454.60,0.7339,1088.84,490.33,0.7883,1037.33,494.51,0.7389,1094.41,539.06,0.8999,1029.44,528.85,0.7522
119,bottom,0,1127.25,676.45,1295.45,924.59,1197.42,697.54,0.7191,1196.21,693.90,0.6620,1190.76,695.72,0.6882,1199.24,698.14,0.6008,1182.88,706.02,0.7582,1222.26,713.29,0.7012,1172.58,735.10,0.7875,1258.00,722.98,0.8043,1158.04,762.96,0.7865,1244.67,741.15,0.6983,1152.59,796.28,0.7344,1221.05,794.46,0.7322,1188.94,798.70,0.7310,1248.31,847.17,0.7611,1177.43,855.04,0.7956,1274.36,903.51,0.8317,1151.38,882.31,0.7827
120,top,1,1016.87,358.26,1109.54,550.25,1073.52,373.63,0.9080,1076.80,370.35,0.9099,1069.30,369.88,0.8282,1080.55,375.04,0.7827,1061.33,374.57,0.9008,1086.17,394.26,0.8671,1043.52,395.66,0.7948,1091.80,419.10,0.8244,1027.11,421.91,0.8314,1101.17,446.75,0.8383,1022.89,452.85,0.7677,1071.17,450.04,0.7637,1043.99,450.97,0.7359,1088.05,487.07,0.7925,1034.14,492.22,0.7259,1091.80,532.53,0.8929,1028.05,525.50,0.7873
120,bottom,0,1139.04,686.19,1310.12,939.43,1206.65,706.47,0.7255,1206.03,703.37,0.6792,1200.47,705.23,0.7100,1210.36,707.70,0.6254,1191.19,715.74,0.7550,1228.29,721.92,0.6991,1181.30,743.56,0.7943,1266.62,715.12,0.7291,1166.46,775.09,0.7553,1267.24,731.20,0.7464,1155.33,807.86,0.7186,1230.14,805.39,0.7065,1198.61,809.72,0.7256,1257.35,857.94,0.7607,1185.63,865.36,0.7890,1278.37,918.53,0.7946,1159.66,882.06,0.7845
121,top,1,1014.45,356.92,1108.38,545.74,1072.94,371.12,0.8911,1076.17,368.35,0.8804,1068.79,367.89,0.8260,1079.86,373.42,0.7531,1060.96,372.50,0.9045,1085.85,392.78,0.8698,1042.52,393.71,0.8048,1091.84,418.14,0.8288,1025.92,420.90,0.8335,1100.60,444.87,0.8481,1021.77,451.79,0.7452,1069.72,448.56,0.7716,1041.60,449.48,0.7480,1087.23,485.90,0.7817,1030.99,490.51,0.7504,1090.00,524.62,0.8784,1023.62,524.16,0.8323
121,bottom,0,1144.50,696.67,1314.43,946.48,1216.66,716.07,0.7274,1214.22,713.63,0.6529,1210.56,714.85,0.7141,1217.27,719.73,0.5874,1202.63,726.44,0.7622,1238.61,733.15,0.7125,1191.04,755.10,0.7945,1269.72,721.56,0.6503,1173.36,784.99,0.7817,1293.50,706.92,0.6852,1156.89,818.53,0.7609,1238.61,814.87,0.6946,1207.51,820.97,0.6986,1270.94,862.44,0.7449,1192.87,880.13,0.7700,1288.62,925.87,0.8331,1167.87,880.74,0.7756
122,top,1,1008.89,356.37,1108.01,545.48,1072.30,371.05,0.8621,1075.53,368.28,0.8379,1068.15,367.82,0.8169,1079.69,373.36,0.7283,1059.83,372.44,0.8754,1085.69,393.21,0.8666,1041.37,394.14,0.7936,1092.15,417.68,0.8150,1024.75,420.45,0.8231,1100.93,444.92,0.8241,1020.59,450.92,0.7238,1069.07,448.15,0.7605,1039.52,448.61,0.7395,1087.54,486.01,0.7476,1027.52,490.63,0.7462,1088.92,520.18,0.8708,1016.90,525.26,0.8280
122,bottom,0,1142.00,689.01,1328.23,947.44,1225.02,724.85,0.7848,1223.13,721.70,0.6568,1218.71,723.59,0.7314,1224.39,728.64,0.5605,1208.62,734.94,0.7370,1245.21,741.25,0.7236,1198.52,763.34,0.7730,1279.28,728.00,0.8092,1177.70,793.62,0.8148,1310.19,706.55,0.8488,1156.25,827.06,0.7900,1245.21,820.75,0.7062,1216.82,827.69,0.7113,1278.02,862.39,0.7836,1202.94,890.15,0.8011,1290.00,926.74,0.8773,1177.07,883.21,0.8139
123,top,1,998.64,357.48,1109.51,546.19,1071.58,373.51,0.8643,1074.81,370.75,0.8481,1067.44,370.29,0.8568,1078.49,375.81,0.7778,1059.60,374.89,0.8959,1084.94,395.16,0.8621,1040.25,395.63,0.7923,1090.93,418.66,0.8239,1024.59,422.35,0.8055,1101.07,445.84,0.8118,1019.52,452.29,0.6951,1067.90,448.15,0.7491,1037.95,448.15,0.7283,1086.79,485.00,0.7421,1024.13,488.69,0.7529,1089.55,518.64,0.8665,1006.16,526.47,0.8479
123,bottom,0,1141.26,698.60,1342.75,948.33,1227.57,728.36,0.7667,1225.61,725.08,0.6827,1221.67,727.05,0.7468,1224.29,731.64,0.5995,1211.83,737.54,0.7380,1247.25,743.45,0.7178,1200.68,767.71,0.7659,1285.29,730.33,0.8038,1177.72,797.23,0.8032,1320.06,712.62,0.8411,1154.77,831.34,0.7984,1249.87,825.43,0.7063,1221.01,832.65,0.7096,1279.39,866.10,0.7670,1219.05,896.27,0.8054,1288.57,927.76,0.8685,1186.25,889.06,0.8091
124,top,1,983.84,362.19,1111.01,551.51,1070.53,376.43,0.8629,1073.77,373.65,0.8365,1066.38,373.19,0.8373,1077.47,378.74,0.7915,1058.52,377.81,0.9279,1083.94,398.61,0.8502,1039.57,399.54,0.7937,1090.41,422.65,0.7909,1024.31,427.27,0.7913,1101.04,448.99,0.8235,1019.23,456.39,0.7155,1066.38,451.77,0.7290,1037.72,451.77,0.7005,1087.17,488.28,0.7168,1020.15,491.52,0.7637,1089.95,518.79,0.8424,996.12,528.95,0.8543
124,bottom,0,1141.34,706.17,1341.15,948.65,1227.59,732.45,0.6877,1225.64,728.55,0.6595,1221.08,731.15,0.6808,1226.29,731.80,0.6236,1211.98,739.61,0.7060,1246.45,744.16,0.7152,1202.87,764.98,0.7523,1282.87,736.36,0.7742,1177.51,795.54,0.7886,1319.29,723.35,0.8202,1154.74,830.67,0.7882,1249.70,821.56,0.6920,1221.08,829.37,0.6908,1278.32,864.49,0.7552,1230.84,894.41,0.7691,1289.38,927.58,0.8281,1193.77,889.85,0.7875
125,top,1,973.91,366.30,1113.19,555.65,1069.90,381.47,0.9082,1073.14,378.69,0.8576,1065.74,377.77,0.8646,1076.84,383.78,0.8315,1057.88,381.93,0.9577,1083.31,403.65,0.8532,1038.93,405.50,0.7635,1088.85,425.84,0.7689,1023.68,433.24,0.7816,1101.34,453.12,0.8088,1019.51,464.67,0.7012,1065.74,455.89,0.7179,1036.62,455.43,0.6807,1086.54,489.63,0.7309,1017.20,495.64,0.7367,1091.63,523.38,0.8649,987.16,534.01,0.8509
125,bottom,0,1144.57,703.76,1326.26,948.38,1227.65,728.72,0.7412,1225.86,725.14,0.6554,1221.68,725.74,0.6904,1224.67,729.92,0.5927,1212.12,734.10,0.7486,1243.18,742.46,0.7187,1200.18,763.96,0.7733,1277.22,743.65,0.7509,1175.69,794.42,0.8030,1308.28,735.89,0.7968,1156.58,830.85,0.7870,1245.57,817.71,0.7023,1218.10,825.47,0.6856,1276.62,864.29,0.7541,1240.79,884.59,0.7185,1290.36,927.59,0.8334,1197.19,887.58,0.7363
126,top,1,971.30,372.79,1112.65,556.85,1068.67,387.98,0.9554,1071.89,384.76,0.9054,1064.52,384.30,0.9159,1075.57,390.28,0.8542,1056.70,388.44,0.9569,1081.55,410.06,0.8554,1038.30,411.90,0.7588,1086.15,433.53,0.7703,1024.49,437.21,0.7563,1100.41,458.84,0.7733,1020.81,468.96,0.6454,1064.98,461.14,0.7169,1036.46,460.22,0.6711,1085.23,494.27,0.7235,1014.37,498.41,0.7259,1089.83,526.47,0.8619,983.54,535.68,0.8277
126,bottom,0,1152.39,698.35,1317.58,948.23,1227.67,723.24,0.7265,1225.23,720.19,0.6286,1220.95,720.19,0.6545,1224.62,723.24,0.5699,1211.19,728.12,0.7323,1236.82,739.10,0.7648,1201.43,758.62,0.7935,1262.44,750.69,0.6675,1178.25,791.56,0.7860,1289.89,748.25,0.7052,1163.00,831.83,0.7782,1239.26,812.31,0.7328,1213.63,819.63,0.7289,1270.37,863.55,0.7414,1246.58,872.70,0.7361,1292.33,924.56,0.7981,1199.60,892.23,0.6881
127,top,1,967.77,380.32,1111.43,557.57,1068.59,394.13,0.9318,1071.87,390.85,0.8941,1063.92,390.38,0.9095,1075.14,396.46,0.8369,1055.97,395.06,0.9214,1079.82,415.17,0.8614,1037.73,419.38,0.7588,1083.56,438.08,0.7584,1024.63,446.50,0.6914,1099.46,463.80,0.7697,1027.91,480.17,0.6659,1062.05,465.67,0.7048,1033.52,465.21,0.6591,1086.83,495.60,0.7332,1012.94,504.49,0.7214,1087.77,526.47,0.8671,981.14,538.16,0.8155
127,bottom,0,1162.85,692.38,1318.15,942.75,1225.83,715.48,0.7092,1224.61,712.43,0.6495,1220.94,713.04,0.6777,1225.83,716.71,0.5514,1212.38,720.37,0.6578,1229.50,738.10,0.7335,1204.44,751.55,0.7907,1242.94,757.66,0.5799,1184.26,789.45,0.7786,1264.95,761.33,0.5500,1173.26,831.62,0.7324,1233.78,813.29,0.6853,1209.33,818.18,0.7213,1261.89,862.19,0.6837,1249.67,862.19,0.6913,1288.79,918.42,0.7295,1205.66,906.20,0.6611
128,top,1,967.76,381.42,1112.51,557.24,1069.82,396.29,0.9097,1073.12,392.99,0.8834,1065.11,392.52,0.8882,1075.95,398.17,0.8121,1057.10,396.76,0.9042,1079.25,417.02,0.8440,1038.72,422.21,0.7542,1081.60,439.64,0.7138,1026.94,452.84,0.7337,1098.57,465.56,0.7421,1039.19,481.58,0.7394,1061.81,466.03,0.6792,1033.07,466.50,0.6208,1085.37,493.83,0.7040,1013.75,505.61,0.7023,1088.20,527.76,0.8607,981.23,538.13,0.8101
128,bottom,0,1177.40,689.95,1313.50,940.42,1225.88,711.23,0.8382,1225.27,706.95,0.7333,1222.21,708.18,0.7624,1223.43,713.07,0.5640,1213.65,716.12,0.6591,1220.99,738.75,0.7836,1205.70,752.20,0.7797,1222.82,767.49,0.5509,1191.03,791.34,0.7854,1238.72,769.94,0.4565,1186.74,832.92,0.7750,1226.49,812.13,0.7163,1206.31,818.24,0.7428,1256.45,854.32,0.7241,1245.45,861.66,0.7000,1279.69,913.63,0.8001,1211.82,918.53,0.7377
129,top,1,969.09,379.07,1113.00,557.31,1072.43,393.70,0.9135,1075.71,390.43,0.8992,1067.75,389.96,0.8955,1078.05,396.05,0.8000,1059.31,394.64,0.9011,1080.40,414.32,0.8611,1042.45,421.34,0.7888,1081.80,438.68,0.7627,1033.55,454.60,0.7801,1099.13,463.03,0.7976,1051.82,475.68,0.6928,1063.06,463.97,0.7424,1034.96,464.91,0.6704,1088.83,494.89,0.7758,1016.22,506.13,0.7226,1088.83,527.21,0.8679,982.02,537.52,0.8028
129,bottom,0,1176.22,689.29,1291.71,942.41,1227.17,710.18,0.8696,1225.93,705.86,0.6895,1222.84,706.47,0.7419,1220.37,713.89,0.5291,1216.66,715.74,0.6397,1206.16,742.32,0.7350,1208.63,756.53,0.7882,1195.65,781.86,0.5283,1195.65,797.31,0.7330,1220.99,789.28,0.3295,1203.69,836.86,0.7470,1216.05,812.76,0.6517,1200.60,818.32,0.6735,1253.12,843.04,0.7646,1242.00,862.82,0.7599,1261.77,905.46,0.7506,1212.34,922.14,0.7602
130,top,1,970.75,374.66,1112.01,558.01,1074.49,390.46,0.8875,1077.71,386.79,0.8995,1070.35,386.79,0.8912,1080.92,391.84,0.7917,1061.61,391.38,0.8698,1081.84,409.78,0.8653,1046.44,418.97,0.8121,1081.38,431.39,0.7476,1040.92,453.00,0.8106,1099.32,455.30,0.7753,1066.67,469.55,0.6837,1064.83,460.36,0.7232,1037.70,461.74,0.6704,1089.20,491.63,0.7055,1022.99,504.96,0.6970,1088.74,527.03,0.8416,983.44,536.69,0.8041
130,bottom,0,1168.82,690.38,1260.19,942.70,1222.51,712.43,0.8430,1223.13,706.89,0.6522,1220.05,707.50,0.6559,1208.34,714.89,0.5688,1217.58,715.51,0.6564,1196.02,739.54,0.7370,1214.50,758.02,0.7475,1186.78,772.80,0.5598,1203.41,798.67,0.7768,1208.96,748.16,0.3172,1214.50,830.71,0.6703,1197.87,813.46,0.5227,1191.09,818.39,0.6408,1245.92,836.25,0.7800,1238.53,863.36,0.7192,1232.98,894.77,0.7242,1212.04,923.11,0.7337
131,top,1,974.05,370.48,1112.10,559.80,1076.82,387.03,0.8913,1080.51,383.33,0.9001,1072.66,383.33,0.8915,1082.82,387.95,0.8054,1063.41,387.49,0.8633,1082.36,405.05,0.8391,1050.47,415.22,0.8019,1082.82,428.16,0.7303,1048.62,448.96,0.8041,1102.24,450.81,0.7270,1074.97,459.59,0.7184,1066.65,458.67,0.7240,1040.30,459.59,0.6934,1088.83,491.49,0.7025,1029.21,503.97,0.6767,1088.83,526.61,0.8112,988.54,534.93,0.7837
131,bottom,0,1163.25,690.45,1248.89,943.68,1216.58,715.06,0.8300,1217.82,708.88,0.6453,1215.96,709.50,0.6094,1199.89,715.06,0.6544,1215.96,716.30,0.6509,1186.90,739.79,0.7946,1215.96,756.48,0.8009,1172.69,770.70,0.5928,1207.92,796.05,0.8128,1154.76,751.54,0.3810,1231.42,829.43,0.7465,1176.39,820.78,0.6620,1191.23,822.01,0.6679,1222.14,844.27,0.5187,1235.13,867.14,0.7793,1207.31,889.40,0.7091,1212.25,925.26,0.7276
132,top,0,982.41,366.11,1110.70,557.36,1078.77,383.30,0.8926,1082.04,379.56,0.8638,1074.10,380.03,0.8805,1084.84,384.70,0.7424,1065.23,384.23,0.8908,1082.51,401.97,0.8244,1054.49,410.38,0.7986,1082.04,421.12,0.7167,1054.96,443.53,0.7467,1100.72,441.19,0.6437,1082.04,449.13,0.6597,1067.10,455.67,0.7445,1041.88,456.13,0.7403,1086.24,489.29,0.7049,1036.75,500.49,0.7184,1088.58,526.64,0.7920,997.06,534.11,0.7728
132,bottom,1,1146.67,687.42,1258.68,944.94,1207.71,711.81,0.7963,1209.59,706.78,0.6060,1208.34,706.78,0.6077,1193.88,712.44,0.6895,1208.96,713.70,0.6793,1176.27,737.59,0.7820,1213.37,749.54,0.8067,1151.75,764.62,0.7514,1205.19,789.15,0.8244,1144.83,755.19,0.3880,1239.14,814.29,0.7642,1166.84,818.70,0.7587,1188.85,820.58,0.7004,1204.56,843.22,0.6246,1230.34,867.11,0.8010,1179.41,885.34,0.7192,1211.48,925.58,0.7580
133,top,1,996.82,363.99,1113.70,559.99,1080.14,381.13,0.9079,1083.01,377.78,0.8857,1075.84,377.30,0.8423,1085.89,382.08,0.7003,1067.22,381.13,0.8809,1082.06,400.27,0.8120,1057.17,405.53,0.7842,1082.06,417.49,0.6204,1061.96,435.68,0.6957,1100.24,430.41,0.6169,1094.50,440.94,0.6562,1066.74,453.86,0.7185,1042.82,453.86,0.7011,1084.45,489.27,0.7226,1044.25,496.45,0.6871,1088.76,526.12,0.8153,1008.84,534.25,0.7622
133,bottom,0,1125.46,681.80,1255.93,943.61,1200.92,705.32,0.7972,1202.20,700.21,0.6271,1202.20,700.85,0.6292,1186.86,707.24,0.7134,1202.20,708.52,0.7458,1167.04,732.17,0.8046,1207.95,743.67,0.8218,1134.44,750.07,0.8604,1197.72,779.47,0.8393,1135.72,769.24,0.7520,1233.52,794.81,0.7984,1161.29,812.70,0.8190,1181.10,814.62,0.7860,1186.22,840.19,0.7271,1223.29,863.20,0.8539,1158.73,886.85,0.7556,1211.78,925.20,0.8531
134,top,1,1012.65,362.65,1118.99,562.45,1080.94,379.62,0.8629,1083.87,376.21,0.8348,1077.04,376.21,0.7691,1086.31,380.60,0.5863,1067.28,379.62,0.8427,1080.94,399.13,0.7393,1058.99,404.01,0.7712,1084.84,414.25,0.5426,1069.23,428.40,0.6387,1102.89,418.64,0.5390,1096.55,435.23,0.5944,1065.82,451.82,0.7096,1042.40,452.30,0.7358,1081.43,487.42,0.7100,1048.75,493.28,0.7418,1088.26,524.98,0.8050,1024.36,541.57,0.7975
134,bottom,0,1112.69,674.49,1246.17,942.96,1192.54,697.30,0.7704,1193.19,692.05,0.6185,1194.50,692.71,0.5923,1179.43,697.95,0.7277,1195.82,700.58,0.7334,1155.83,724.17,0.7771,1201.71,736.62,0.8148,1123.72,744.49,0.8731,1189.92,769.40,0.8106,1119.78,768.09,0.8128,1225.31,781.85,0.7775,1152.56,802.17,0.7963,1177.46,804.79,0.7435,1165.67,834.94,0.7353,1211.55,855.92,0.8340,1147.31,884.10,0.7880,1212.86,918.84,0.9052
135,top,1,1028.10,363.21,1146.37,564.71,1082.32,380.33,0.8128,1084.78,376.39,0.7814,1077.89,376.39,0.7771,1087.24,380.33,0.5952,1068.54,379.34,0.8404,1080.35,399.51,0.6442,1058.70,403.94,0.7625,1085.27,403.94,0.3666,1067.07,424.60,0.5872,1103.47,404.43,0.3708,1088.71,432.97,0.4311,1066.58,451.17,0.7091,1042.96,452.64,0.7589,1082.32,488.06,0.6944,1055.75,492.98,0.7840,1087.24,522.01,0.7853,1043.95,543.65,0.8078
135,bottom,0,1100.88,666.85,1239.78,937.26,1184.86,689.83,0.7672,1184.86,684.55,0.6327,1187.50,685.87,0.5897,1171.65,690.49,0.7572,1188.82,693.79,0.7648,1145.91,716.24,0.7927,1195.42,728.78,0.8454,1116.86,739.34,0.8435,1186.84,761.79,0.8118,1107.61,764.43,0.8306,1219.18,778.29,0.7895,1142.60,790.17,0.7540,1171.65,793.48,0.7316,1147.23,827.80,0.7448,1200.04,847.61,0.8106,1140.62,877.98,0.7783,1209.28,904.38,0.8807
136,top,1,1031.54,363.74,1115.08,557.83,1080.42,380.23,0.8082,1083.26,376.91,0.7956,1076.63,376.91,0.7277,1086.11,380.70,0.6652,1067.15,380.23,0.8115,1079.47,396.81,0.6751,1057.20,405.34,0.7765,1081.84,396.81,0.4392,1065.26,434.25,0.6460,1102.69,394.92,0.5246,1085.63,446.10,0.4474,1067.15,451.31,0.7144,1044.88,454.15,0.7731,1084.68,485.43,0.7145,1064.78,493.48,0.7756,1083.74,522.86,0.7992,1058.15,546.08,0.7605
136,bottom,0,1088.76,662.48,1233.66,922.55,1175.17,685.84,0.8017,1175.17,681.40,0.6342,1178.98,682.04,0.6023,1162.48,687.11,0.7821,1180.89,689.65,0.7569,1138.35,711.24,0.7893,1189.14,724.58,0.8806,1111.05,737.91,0.8202,1187.87,759.50,0.8768,1097.71,765.85,0.8407,1214.54,779.82,0.8294,1132.00,784.26,0.7496,1163.11,788.70,0.7425,1132.00,820.45,0.7038,1195.49,838.23,0.8376,1133.27,868.07,0.7771,1199.94,894.10,0.9194
137,top,1,1033.30,362.49,1126.99,567.20,1078.65,381.88,0.8029,1081.65,377.38,0.7953,1074.15,377.88,0.7663,1084.65,380.88,0.5739,1065.15,380.88,0.8680,1077.65,396.88,0.7052,1056.66,409.37,0.8068,1085.14,397.38,0.5447,1056.66,441.85,0.7429,1105.64,394.38,0.6633,1069.65,463.34,0.7131,1069.15,451.35,0.6908,1047.66,454.85,0.7390,1089.14,488.83,0.7623,1072.65,496.33,0.7324,1079.15,521.82,0.7624,1075.15,549.80,0.7932
137,bottom,0,1078.13,660.03,1224.26,911.90,1166.57,684.51,0.8079,1165.34,680.20,0.6119,1170.87,680.82,0.6008,1153.66,685.74,0.7875,1173.33,688.20,0.7537,1129.68,709.72,0.8038,1180.10,722.63,0.8677,1104.46,739.85,0.8371,1186.86,760.76,0.8348,1089.09,771.82,0.8544,1208.38,785.97,0.8073,1121.07,781.66,0.7424,1150.58,785.97,0.7183,1116.15,813.64,0.7184,1189.94,829.01,0.8765,1116.76,862.22,0.7552,1192.40,885.58,0.9468
138,top,1,1034.82,366.16,1123.02,570.64,1074.93,385.03,0.7952,1077.92,381.03,0.7678,1070.93,381.03,0.7750,1080.92,384.53,0.5696,1061.95,383.53,0.8432,1074.93,399.50,0.7296,1054.46,412.98,0.8006,1084.41,401.00,0.5725,1049.96,449.43,0.7100,1108.37,398.01,0.7032,1062.44,477.88,0.5777,1070.93,456.92,0.6917,1050.96,462.91,0.6691,1094.40,491.36,0.7171,1080.42,499.85,0.7516,1073.43,520.32,0.7098,1081.91,552.77,0.7953
138,bottom,0,1068.92,661.09,1211.49,901.35,1156.04,684.43,0.8227,1156.04,680.33,0.5854,1160.74,681.50,0.5798,1142.55,686.19,0.7540,1163.08,688.54,0.7368,1120.26,711.42,0.8216,1171.88,722.56,0.8980,1096.80,747.20,0.8700,1179.51,763.04,0.8092,1079.79,780.05,0.8553,1196.52,792.95,0.8417,1112.64,780.63,0.7484,1141.38,784.15,0.7227,1101.49,813.48,0.7334,1181.85,819.35,0.8742,1092.69,868.03,0.8146,1188.30,880.94,0.9238
139,top,1,1036.67,369.87,1125.57,571.19,1069.82,386.48,0.8114,1072.76,382.55,0.8076,1065.39,383.04,0.7912,1076.70,386.48,0.7286,1057.53,385.99,0.8562,1073.26,400.74,0.7599,1050.65,415.97,0.8262,1081.61,406.63,0.5688,1044.75,450.87,0.7088,1109.63,404.67,0.7076,1048.68,483.80,0.7047,1069.82,460.21,0.6913,1054.58,465.12,0.6887,1097.34,492.65,0.7261,1085.54,500.51,0.7248,1069.32,517.72,0.7222,1083.58,553.60,0.7793
139,bottom,0,1047.71,664.66,1197.89,895.03,1143.61,687.05,0.8627,1142.49,683.67,0.5692,1145.86,683.67,0.6175,1131.24,689.30,0.6946,1150.92,690.98,0.7832,1111.55,715.17,0.8672,1163.30,724.73,0.9304,1089.05,752.85,0.8393,1167.80,762.41,0.7816,1068.81,786.03,0.8849,1176.79,793.35,0.8023,1105.37,779.28,0.7322,1136.86,783.22,0.7226,1085.68,812.47,0.8077,1171.17,817.53,0.8793,1060.93,863.65,0.8282,1186.92,874.90,0.8929
140,top,1,1033.96,368.74,1125.46,571.20,1066.36,386.44,0.8587,1069.33,382.48,0.8574,1061.92,382.98,0.8868,1073.78,386.93,0.7744,1054.01,386.44,0.8685,1073.28,402.25,0.7754,1046.59,414.61,0.8155,1084.65,410.66,0.6176,1039.18,448.22,0.7432,1111.84,411.65,0.7067,1038.19,481.84,0.7208,1068.84,462.06,0.6857,1053.02,467.50,0.6871,1096.52,496.17,0.7586,1083.66,500.62,0.7190,1064.88,518.41,0.7126,1083.66,553.01,0.7757
140,bottom,0,1017.57,666.16,1198.66,894.39,1128.15,688.32,0.9301,1125.80,684.78,0.6132,1129.92,685.37,0.6129,1118.13,691.85,0.7098,1136.41,693.62,0.7511,1098.68,719.56,0.8625,1151.73,724.86,0.9110,1077.46,755.52,0.8196,1154.68,760.82,0.7605,1053.29,786.76,0.8305,1151.73,789.71,0.6242,1099.27,780.86,0.7314,1131.10,783.81,0.7475,1066.85,811.52,0.8547,1163.52,823.31,0.8959,1037.96,855.73,0.8530,1182.39,874.00,0.9043
141,top,1,1024.99,368.02,1124.13,570.52,1062.20,383.74,0.8868,1065.66,380.28,0.8733,1058.24,380.77,0.8641,1070.11,384.73,0.8118,1050.83,384.73,0.8921,1072.58,400.55,0.8102,1041.43,411.42,0.8011,1084.45,414.39,0.6924,1031.55,445.04,0.7487,1111.14,420.82,0.7327,1029.57,478.66,0.7460,1066.65,461.85,0.6947,1049.34,466.80,0.6828,1091.86,497.45,0.7876,1077.03,499.43,0.7308,1062.69,521.68,0.7336,1082.47,552.82,0.7968
141,bottom,0,1003.90,666.35,1198.19,893.02,1109.90,687.35,0.9264,1108.64,684.19,0.6372,1111.80,685.45,0.5397,1099.78,690.51,0.7460,1118.75,692.41,0.7527,1082.71,720.87,0.8561,1135.83,722.13,0.8916,1065.00,753.76,0.8448,1137.73,756.29,0.7116,1035.90,781.58,0.8335,1110.53,761.35,0.2844,1091.56,787.91,0.7515,1125.08,789.17,0.7825,1052.35,809.41,0.8465,1157.33,820.80,0.8747,1021.99,847.36,0.8719,1181.37,872.66,0.9151
142,top,1,1015.02,365.93,1121.49,572.14,1058.69,381.94,0.8301,1061.71,378.42,0.8254,1054.66,378.92,0.8449,1066.75,381.94,0.7972,1048.12,382.45,0.9035,1072.28,398.05,0.7770,1035.03,407.62,0.7735,1083.36,417.18,0.7127,1024.96,439.84,0.7365,1110.04,427.75,0.7534,1019.93,472.06,0.6656,1062.72,458.97,0.7003,1043.59,462.49,0.6845,1083.36,498.74,0.7729,1064.73,499.74,0.7045,1061.21,526.42,0.6888,1079.33,552.10,0.7282
142,bottom,0,986.13,663.39,1199.44,893.39,1086.54,686.04,0.7973,1085.15,683.96,0.6297,1086.54,683.26,0.5558,1079.60,688.12,0.7723,1097.65,688.12,0.7247,1063.63,720.07,0.8520,1114.31,717.98,0.8625,1044.88,752.01,0.8364,1115.01,753.40,0.6606,1014.33,770.06,0.8356,1085.85,749.23,0.3602,1078.90,788.11,0.7721,1112.93,788.11,0.7985,1039.32,804.78,0.8560,1149.73,822.83,0.8820,1012.94,847.83,0.8841,1181.67,872.13,0.9161
143,top,0,1005.41,364.56,1118.27,569.85,1053.82,380.00,0.7999,1057.33,376.99,0.8065,1049.81,376.99,0.8261,1062.84,380.50,0.7937,1044.30,381.00,0.8704,1070.86,398.04,0.7694,1029.26,404.05,0.7535,1083.39,419.09,0.7173,1018.74,434.13,0.7773,1104.94,433.63,0.6759,1010.72,463.70,0.7075,1058.83,457.68,0.6854,1038.78,460.19,0.6517,1077.38,498.78,0.7277,1053.82,499.78,0.6868,1055.32,527.35,0.6954,1072.37,547.90,0.6378
143,bottom,1,964.05,659.95,1198.24,893.37,1059.80,682.13,0.7733,1060.56,679.08,0.6629,1064.37,679.08,0.6058,1059.80,682.89,0.7777,1075.05,682.89,0.8001,1043.03,717.96,0.8374,1091.82,712.62,0.8828,1018.63,749.22,0.8413,1098.68,746.17,0.8070,978.23,754.55,0.8794,1073.52,743.88,0.5025,1064.37,782.00,0.7995,1092.58,782.00,0.8293,1021.68,798.77,0.8794,1134.51,824.69,0.8570,1005.67,850.60,0.8880,1177.20,868.90,0.8673
144,top,0,994.79,365.50,1109.92,556.85,1050.02,379.89,0.8209,1053.29,376.62,0.8088,1046.28,376.62,0.7763,1059.36,379.89,0.7760,1040.67,379.89,0.8207,1067.77,398.11,0.7570,1024.79,401.38,0.7523,1081.78,420.06,0.7511,1013.11,428.94,0.7741,1102.81,438.28,0.7483,1002.83,460.24,0.7180,1054.69,456.97,0.7011,1032.73,459.31,0.6719,1072.44,497.61,0.7410,1049.55,498.55,0.7073,1056.56,526.11,0.6735,1057.96,539.19,0.6361
144,bottom,1,931.55,657.56,1185.72,887.39,1038.78,679.81,0.7878,1037.95,675.67,0.6958,1041.26,676.50,0.6346,1036.29,681.46,0.8084,1051.19,679.81,0.7812,1021.40,715.38,0.8255,1069.39,706.28,0.8493,990.79,741.86,0.8398,1083.46,736.07,0.8508,951.07,735.24,0.9119,1066.08,725.31,0.5890,1046.22,779.09,0.8198,1076.01,776.61,0.8463,1003.20,792.33,0.8357,1115.72,821.29,0.8993,999.89,848.60,0.8963,1161.23,863.49,0.9078
145,top,0,985.60,361.57,1106.64,561.73,1045.15,377.11,0.8104,1048.57,373.69,0.7851,1041.72,373.69,0.7892,1054.92,377.60,0.7647,1036.35,378.09,0.8072,1064.20,398.61,0.7792,1019.25,400.57,0.7741,1078.37,420.60,0.7775,1005.56,426.47,0.8141,1097.92,441.62,0.8008,993.35,455.79,0.7615,1050.03,454.81,0.7212,1027.06,455.79,0.7065,1067.62,490.48,0.7547,1035.37,494.39,0.7519,1055.90,530.07,0.7896,1040.26,545.21,0.7300
145,bottom,1,909.09,654.57,1147.61,872.12,1019.81,676.39,0.8551,1018.26,673.28,0.6426,1018.26,672.50,0.6202,1013.60,678.72,0.7924,1029.91,676.39,0.7580,1000.40,711.33,0.8159,1050.09,700.46,0.8161,966.24,732.29,0.8318,1073.39,723.75,0.8759,928.97,722.97,0.9007,1064.07,700.46,0.6477,1031.46,771.89,0.7898,1058.63,768.78,0.7936,993.41,790.52,0.8637,1096.68,816.92,0.8343,1001.18,847.98,0.8676,1133.95,860.40,0.8774
146,top,0,978.66,361.89,1102.56,560.48,1039.15,375.85,0.8055,1043.03,372.46,0.7901,1035.76,372.46,0.7911,1049.33,376.34,0.7913,1030.91,376.82,0.8212,1059.52,396.70,0.7875,1014.42,397.67,0.7788,1074.55,420.46,0.7919,998.42,424.34,0.8134,1092.00,444.70,0.8133,985.33,454.40,0.7870,1044.00,451.49,0.7156,1020.24,451.49,0.7065,1063.39,488.82,0.7572,1025.09,490.76,0.7514,1054.67,530.52,0.7813,1022.67,542.16,0.7534
146,bottom,1,889.46,649.40,1109.48,870.67,999.47,670.51,0.7559,998.03,668.36,0.5985,1000.18,668.36,0.5729,995.17,673.37,0.7499,1011.64,671.94,0.7455,981.56,703.45,0.7852,1028.11,691.99,0.7860,945.75,722.79,0.7703,1061.06,712.05,0.8701,909.94,712.05,0.8538,1063.21,688.41,0.7676,1015.22,767.19,0.7360,1043.15,763.61,0.7540,982.99,787.96,0.8172,1077.53,815.90,0.8289,999.47,846.69,0.7880,1107.61,859.58,0.9178
147,top,1,975.01,356.51,1093.82,561.72,1033.41,372.45,0.8427,1037.42,368.94,0.8133,1029.91,368.94,0.8181,1043.93,372.95,0.8148,1024.90,372.95,0.8203,1053.95,393.99,0.7730,1008.86,394.49,0.7697,1069.48,420.04,0.7759,992.33,421.54,0.8143,1085.02,445.09,0.8087,978.80,451.10,0.7744,1037.92,449.10,0.7123,1012.37,449.10,0.7086,1056.96,486.67,0.7470,1013.87,487.68,0.7540,1053.95,530.76,0.8133,1003.85,538.78,0.7840
147,bottom,0,868.09,644.23,1104.70,873.67,983.31,664.21,0.8022,981.77,661.90,0.6098,984.08,661.90,0.6080,978.69,667.30,0.8078,994.10,665.75,0.7725,964.83,695.02,0.8011,1013.35,686.55,0.8005,928.63,710.43,0.7656,1048.78,703.49,0.8559,891.66,705.04,0.7868,1054.94,685.78,0.7856,998.72,760.49,0.7475,1025.68,756.64,0.7657,972.53,788.22,0.8158,1056.48,806.70,0.8176,996.41,843.67,0.8017,1081.90,856.77,0.8523
148,top,0,964.84,356.29,1087.17,560.61,1027.00,371.15,0.8405,1030.99,367.66,0.8180,1023.51,367.66,0.8073,1037.98,371.65,0.8322,1018.52,371.65,0.8001,1047.95,391.61,0.7845,1002.56,392.11,0.7642,1061.92,418.05,0.7831,986.10,420.04,0.8006,1076.39,443.98,0.7717,973.13,448.47,0.7716,1030.49,446.98,0.7010,1004.06,445.98,0.6983,1049.45,484.39,0.7353,1000.56,486.88,0.7498,1052.94,529.28,0.8261,984.10,535.27,0.7876
148,bottom,1,856.22,640.15,1090.57,877.21,966.53,660.27,0.7908,963.48,658.75,0.6031,967.29,658.75,0.5964,964.24,664.09,0.7994,979.50,662.56,0.7760,950.51,693.07,0.8024,999.34,681.63,0.8240,911.61,703.75,0.7396,1034.43,698.41,0.8536,871.17,699.18,0.8168,1047.40,684.68,0.6659,984.08,755.63,0.7570,1010.78,751.81,0.7779,955.85,782.33,0.7957,1039.77,802.16,0.8419,982.55,834.97,0.7849,1061.89,850.22,0.8585
149,top,0,956.57,355.42,1075.30,553.36,1020.77,371.27,0.8703,1025.12,367.88,0.8352,1017.39,367.40,0.8403,1032.37,371.75,0.8390,1012.56,371.27,0.8086,1041.55,391.56,0.8161,996.61,391.56,0.7803,1054.60,417.18,0.7972,980.18,419.11,0.8142,1067.16,442.79,0.7544,967.13,448.10,0.7880,1024.15,445.69,0.7268,996.61,445.21,0.7256,1043.00,484.83,0.7736,987.91,486.28,0.7573,1049.28,528.81,0.8482,966.65,534.61,0.8531
149,bottom,1,823.87,637.63,1091.93,876.14,945.68,659.16,0.7786,943.94,655.66,0.6782,950.05,656.54,0.5855,948.30,662.65,0.8434,962.26,659.16,0.7729,935.21,687.95,0.8148,984.08,677.48,0.8271,896.82,694.93,0.7116,1019.85,693.19,0.8652,857.55,693.19,0.7249,1032.94,680.97,0.6038,970.12,754.27,0.7876,996.29,749.03,0.8136,938.70,778.70,0.8172,1024.22,798.77,0.8689,963.14,829.31,0.8029,1048.65,849.38,0.8913
150,top,0,935.28,358.93,1066.72,550.28,1013.62,373.31,0.8848,1017.82,370.51,0.8473,1010.35,370.04,0.8270,1024.36,375.18,0.8192,1005.21,374.25,0.8316,1035.11,393.87,0.8338,989.79,393.87,0.7757,1046.79,418.16,0.7703,973.44,421.43,0.7766,1057.53,444.33,0.6886,961.29,449.00,0.7441,1016.89,446.66,0.7290,988.39,446.20,0.7141,1037.44,485.44,0.7692,972.50,488.24,0.7478,1041.18,526.55,0.8266,948.21,530.29,0.8132
150,bottom,1,814.19,639.11,1063.08,872.87,937.02,658.77,0.7492,934.59,655.52,0.6129,939.45,656.33,0.5854,931.35,661.20,0.7999,945.93,658.77,0.7911,916.76,687.12,0.7783,965.37,677.40,0.7919,877.06,689.55,0.6939,1002.64,691.17,0.7929,835.74,682.26,0.7854,1015.61,680.64,0.5644,955.65,751.13,0.7591,981.58,746.27,0.8092,921.62,773.81,0.8023,1013.18,798.12,0.8571,936.21,828.91,0.7998,1039.91,846.73,0.8573
151,top,1,915.74,362.44,1055.41,553.06,1006.98,377.24,0.8631,1010.70,373.98,0.8193,1003.26,373.52,0.8487,1017.22,378.64,0.8383,997.67,377.70,0.8560,1027.92,397.72,0.8137,981.85,398.65,0.7544,1040.48,423.31,0.7821,967.42,425.17,0.7457,1048.40,448.44,0.7464,954.39,453.09,0.7439,1010.70,449.84,0.7259,981.85,449.84,0.6803,1030.71,486.14,0.7241,961.37,490.32,0.6978,1030.25,524.30,0.7874,932.52,526.16,0.7626
151,bottom,0,811.06,640.87,1053.66,867.92,914.19,662.00,0.6825,914.19,658.84,0.5728,915.77,658.05,0.5887,915.77,663.58,0.6967,926.83,661.21,0.6504,901.56,688.85,0.7085,948.94,678.59,0.7147,866.81,691.22,0.6340,986.85,691.22,0.6889,831.27,678.59,0.7384,999.48,680.95,0.5854,941.83,749.66,0.6917,966.32,744.92,0.7399,903.93,775.72,0.7135,1004.22,796.25,0.6833,901.56,833.37,0.7286,1032.65,842.85,0.7630
152,top,1,895.63,365.79,1048.76,548.56,998.12,381.90,0.8839,1002.60,378.41,0.8612,994.63,378.41,0.8752,1009.08,382.40,0.8683,989.64,381.90,0.8729,1020.05,402.84,0.8261,974.69,404.34,0.7467,1031.52,426.27,0.8191,960.73,430.26,0.7763,1039.49,452.19,0.7552,948.27,459.17,0.7433,1004.10,456.18,0.7473,975.19,455.68,0.6969,1024.54,490.57,0.7242,950.76,493.07,0.6748,1020.05,522.98,0.8300,916.36,525.97,0.7617
152,bottom,0,811.62,643.59,1049.25,863.03,898.72,663.58,0.7751,897.17,660.49,0.6482,901.81,659.72,0.5521,898.72,665.91,0.7776,911.87,662.04,0.7301,887.89,693.75,0.7984,933.53,677.51,0.7980,853.85,695.30,0.7217,971.43,693.75,0.7319,824.46,677.51,0.8293,980.71,682.92,0.6418,925.79,750.99,0.7594,951.32,745.58,0.7777,887.11,783.48,0.8276,991.54,794.31,0.8180,867.00,836.86,0.8113,1027.90,839.18,0.8424
153,top,1,882.23,371.48,1039.82,546.34,990.27,386.07,0.8838,994.37,381.96,0.8566,986.16,381.96,0.8609,1000.53,385.55,0.8307,981.03,385.55,0.8475,1012.32,407.10,0.8002,966.15,409.66,0.7414,1024.12,430.70,0.7890,953.84,435.31,0.7577,1031.31,454.29,0.7220,941.02,463.53,0.7159,997.45,461.99,0.7342,969.23,461.99,0.6513,1017.97,498.41,0.7473,940.51,497.39,0.5935,1016.43,525.60,0.8529,904.60,524.06,0.7421
153,bottom,0,810.92,646.57,1045.05,862.20,883.78,668.26,0.9155,883.02,664.45,0.7140,883.78,665.22,0.6246,883.78,669.03,0.8310,895.97,666.74,0.7566,874.63,699.51,0.8750,920.36,685.79,0.8519,846.43,704.08,0.7563,956.95,700.27,0.7947,821.28,685.79,0.8507,954.66,692.65,0.4101,911.22,755.15,0.8044,936.37,752.10,0.8108,870.06,790.21,0.8598,980.57,795.54,0.8604,838.81,835.94,0.8885,1024.01,836.70,0.8958
154,top,1,871.27,373.38,1038.06,545.95,980.72,390.71,0.8891,985.07,386.37,0.8926,977.47,386.37,0.8667,991.58,389.63,0.8577,972.04,389.63,0.8464,1002.98,411.34,0.8142,956.84,412.97,0.7323,1015.47,434.69,0.7827,944.35,439.03,0.7494,1025.24,458.04,0.7014,934.03,466.18,0.7153,988.32,466.18,0.6950,959.01,465.09,0.6147,1014.93,500.38,0.7667,930.23,498.75,0.6341,1016.01,526.44,0.8478,894.40,525.36,0.7704
154,bottom,0,807.11,654.08,1036.86,859.67,870.38,673.86,0.9200,868.88,670.87,0.6999,869.63,670.87,0.5903,868.88,676.10,0.8311,880.85,673.86,0.8034,861.41,706.77,0.8659,904.78,691.81,0.8306,835.98,714.99,0.7710,941.43,709.76,0.6980,816.53,700.78,0.8413,936.94,707.51,0.3242,895.81,762.86,0.8091,921.24,760.61,0.8026,856.92,789.78,0.8548,967.60,799.50,0.8417,825.51,833.90,0.8917,1016.21,835.40,0.8691
155,top,1,873.10,377.48,1037.28,542.77,971.23,391.72,0.8682,974.97,388.51,0.8707,968.02,387.98,0.8410,981.38,392.79,0.8598,962.14,392.25,0.8071,993.14,414.70,0.8081,946.64,416.30,0.7505,1004.90,436.08,0.7822,934.88,443.56,0.7326,1019.86,457.45,0.7634,924.73,472.42,0.7108,978.71,469.21,0.6833,949.31,468.68,0.6315,1005.97,503.42,0.7221,919.38,498.61,0.6633,1015.59,526.40,0.8301,894.27,524.26,0.8193
155,bottom,0,806.54,658.62,1024.87,858.29,858.85,680.28,0.9073,856.72,676.72,0.7006,856.72,677.44,0.5742,856.01,682.41,0.8044,868.80,680.99,0.8005,851.74,711.55,0.8965,892.25,698.76,0.8659,828.29,728.61,0.8123,922.81,715.81,0.6438,811.23,717.95,0.8544,932.76,723.63,0.5494,881.59,768.41,0.8000,909.31,766.27,0.7662,848.19,782.62,0.8597,949.11,802.52,0.7966,824.74,833.79,0.8872,998.86,835.21,0.8812
156,top,1,872.08,377.81,1034.71,543.35,962.93,393.87,0.9145,966.63,390.17,0.9090,959.22,390.17,0.8812,972.45,394.40,0.8579,953.40,393.87,0.8313,983.57,417.70,0.7929,937.51,419.28,0.7680,996.81,436.75,0.7792,925.87,445.22,0.7526,1016.39,455.81,0.8106,918.46,471.69,0.7260,967.69,472.22,0.6708,938.57,471.16,0.6281,994.69,505.58,0.6971,908.93,500.28,0.7019,1010.04,526.75,0.8323,891.46,526.75,0.8431
156,bottom,0,802.14,660.88,1004.30,858.09,850.58,683.15,0.9882,849.26,680.52,0.6292,847.94,679.86,0.5864,843.34,685.78,0.6954,859.79,682.49,0.7177,840.05,717.37,0.9081,882.82,701.57,0.8465,824.91,742.37,0.8196,916.38,723.95,0.7567,809.12,743.03,0.7191,925.59,744.35,0.6280,872.29,769.35,0.7965,900.59,767.38,0.7634,842.02,781.86,0.8786,934.81,806.21,0.7715,822.28,835.82,0.8829,978.90,839.77,0.8880
157,top,1,872.52,377.25,1024.64,543.69,956.51,391.64,0.9258,960.47,388.17,0.8861,953.04,388.17,0.8842,966.90,393.13,0.8554,947.10,393.13,0.8193,976.81,415.41,0.7814,931.75,417.88,0.7609,991.66,433.23,0.7616,920.36,445.61,0.7434,1012.95,449.58,0.7908,912.44,472.85,0.7270,962.45,473.84,0.6860,932.74,472.35,0.6305,987.70,510.48,0.6775,906.00,502.06,0.7204,996.12,527.32,0.7357,890.15,525.83,0.8374
157,bottom,0,802.13,662.76,985.40,858.37,843.06,685.39,0.8867,840.07,683.01,0.6396,840.67,681.81,0.5449,838.88,687.18,0.7483,853.79,684.80,0.7226,834.11,721.19,0.8565,878.25,703.29,0.7955,820.98,752.81,0.7340,910.47,727.75,0.8035,811.44,764.74,0.7250,921.21,757.58,0.7750,868.71,770.11,0.7271,897.94,767.72,0.7082,838.88,782.04,0.8547,921.21,806.50,0.7519,820.98,834.54,0.8660,959.39,839.31,0.8593
158,top,1,871.63,374.83,1024.28,543.13,951.93,389.41,0.9273,955.91,385.44,0.8893,948.46,385.44,0.8791,962.87,389.91,0.8510,942.99,389.91,0.7810,973.30,412.27,0.7646,929.57,414.75,0.7565,989.20,426.68,0.7291,917.65,443.58,0.7348,1011.56,440.59,0.7767,910.69,468.92,0.7069,958.89,472.40,0.6782,930.57,472.89,0.6310,982.25,510.16,0.7189,906.22,506.68,0.6824,978.27,527.55,0.7136,888.83,526.06,0.8114
158,bottom,0,801.19,662.43,974.99,858.43,841.13,685.18,0.9332,838.31,683.49,0.6328,837.74,681.79,0.5540,834.35,689.14,0.7762,851.32,685.18,0.7423,830.95,723.09,0.8298,876.78,702.72,0.7623,818.50,761.56,0.7430,906.76,728.75,0.7856,807.75,785.32,0.8423,918.08,762.69,0.7446,868.86,767.22,0.6587,898.28,765.52,0.6893,837.17,782.49,0.8409,910.16,802.86,0.7462,820.77,834.54,0.8606,950.32,838.50,0.8512
159,top,1,873.27,371.26,1031.08,544.30,949.61,387.41,0.8881,954.23,383.81,0.8648,946.01,383.81,0.8530,960.91,387.92,0.7988,940.87,387.92,0.8386,970.15,407.95,0.7551,928.03,412.06,0.7489,988.65,421.82,0.7574,916.73,439.29,0.7348,1011.76,434.67,0.7710,908.00,460.86,0.7239,957.83,470.11,0.7107,931.11,471.65,0.6761,979.40,510.18,0.7658,914.16,508.12,0.7204,956.80,523.54,0.6786,891.05,522.51,0.8145
159,bottom,0,802.93,661.43,969.53,858.86,840.67,682.05,0.8735,837.42,679.88,0.5642,837.96,678.80,0.4990,834.17,687.47,0.7553,850.44,683.14,0.7004,829.83,721.10,0.7728,875.92,701.03,0.7222,819.52,764.48,0.7264,905.75,724.35,0.7800,807.59,797.02,0.8575,915.51,763.94,0.7282,869.42,765.02,0.6223,897.62,763.40,0.6549,836.88,781.29,0.8270,906.29,798.65,0.7265,820.61,834.98,0.8727,945.88,837.69,0.8305
160,top,1,876.30,368.64,1034.83,548.10,948.34,386.12,0.9340,952.47,381.99,0.8833,945.24,381.99,0.8966,959.17,386.12,0.8274,940.08,386.64,0.8771,968.98,406.76,0.7611,927.69,410.89,0.7760,990.14,422.24,0.7573,916.34,435.14,0.7025,1014.39,435.14,0.7490,909.63,452.17,0.6383,956.08,469.72,0.7435,931.31,470.75,0.7121,974.14,510.49,0.7680,920.99,516.17,0.7418,943.18,521.84,0.6997,893.63,518.75,0.8510
160,bottom,0,803.32,656.49,966.81,858.63,844.09,678.26,0.9526,843.03,676.13,0.5669,842.49,675.60,0.5183,837.17,683.58,0.7118,853.67,679.86,0.7261,830.79,717.11,0.8078,877.62,697.95,0.7568,823.33,760.22,0.7461,905.83,720.30,0.7920,812.69,798.54,0.8048,912.21,757.03,0.6859,869.64,761.82,0.6489,898.91,759.69,0.6810,837.17,782.04,0.8506,907.95,795.34,0.7801,820.14,836.32,0.9364,945.21,836.86,0.8634
161,top,1,884.59,370.61,1037.46,550.17,947.59,387.74,0.9628,951.57,383.76,0.9171,944.11,383.76,0.9347,958.04,387.74,0.8822,939.13,387.74,0.8799,967.99,407.64,0.7766,928.18,411.62,0.8067,990.88,425.06,0.7594,915.74,433.52,0.7238,1018.75,438.00,0.7690,907.28,448.45,0.7114,953.56,469.84,0.7514,930.67,471.34,0.7445,965.01,513.63,0.7595,925.20,520.10,0.7614,932.66,528.56,0.7333,898.33,519.11,0.8026
161,bottom,0,805.61,651.82,966.23,858.40,849.32,673.02,0.9953,849.84,670.93,0.6386,848.80,670.93,0.6104,841.48,678.77,0.6873,858.21,675.11,0.7295,832.59,711.71,0.8421,881.21,694.46,0.7636,827.88,754.59,0.7724,907.36,716.42,0.8054,819.52,794.85,0.8052,912.06,747.27,0.7013,870.23,758.77,0.6619,898.99,756.15,0.7002,837.82,781.78,0.8510,913.63,792.23,0.8022,821.09,836.68,0.9584,946.57,836.15,0.8939
162,top,1,887.81,373.91,1040.24,550.67,946.16,389.84,0.9539,950.13,386.37,0.8745,942.69,386.37,0.9154,957.08,390.34,0.8563,937.73,390.84,0.8785,967.99,410.68,0.7679,928.79,412.67,0.8157,991.81,427.55,0.7600,915.89,434.50,0.7317,1019.10,440.46,0.7656,907.46,445.42,0.7190,951.12,471.72,0.7440,929.29,472.21,0.7160,956.58,515.38,0.7251,931.27,518.85,0.6689,927.80,530.76,0.6686,903.49,522.82,0.7834
162,bottom,0,806.67,646.10,968.10,858.34,855.85,667.09,0.9852,855.33,664.98,0.6738,854.28,665.51,0.6298,847.97,672.87,0.7756,865.31,669.71,0.7535,836.94,706.50,0.8449,888.44,689.68,0.7847,833.78,746.96,0.7729,910.51,712.81,0.7639,829.05,783.75,0.8227,916.29,745.91,0.6586,871.09,754.85,0.6839,901.57,752.74,0.7058,839.04,783.75,0.8535,922.07,790.58,0.8371,820.65,837.88,0.9440,948.87,836.83,0.9096
163,top,1,891.41,375.86,1040.48,562.07,944.60,392.29,0.9540,948.48,388.90,0.9190,941.20,388.90,0.9138,955.76,392.78,0.9195,936.35,393.26,0.8707,967.40,412.19,0.7539,927.13,415.10,0.8230,991.67,428.20,0.7428,915.97,435.00,0.6838,1018.36,440.33,0.7300,908.20,440.82,0.6294,948.48,475.27,0.7338,927.13,474.30,0.7077,952.36,515.55,0.7063,931.98,516.03,0.7282,925.67,533.99,0.6776,905.78,531.08,0.7612
163,bottom,0,806.48,638.74,975.17,857.90,863.92,658.81,0.9685,864.47,656.62,0.6836,862.27,657.72,0.6213,855.13,664.30,0.8565,874.35,662.66,0.7319,841.95,699.45,0.8560,895.77,685.17,0.7630,842.50,734.04,0.7776,915.54,708.78,0.7107,838.66,770.29,0.8493,922.13,745.58,0.5988,871.61,751.62,0.6888,904.00,749.42,0.6921,838.66,784.01,0.8707,929.81,788.41,0.8367,821.09,836.73,0.9073,949.03,838.38,0.8598
164,top,3,893.37,376.63,1037.08,571.78,942.83,393.21,0.9296,946.64,389.88,0.8831,939.02,390.35,0.9229,953.31,393.69,0.8975,933.78,394.64,0.8475,965.22,412.75,0.7409,925.68,416.08,0.8178,989.52,428.47,0.7251,916.63,433.71,0.6675,1018.11,439.90,0.7279,909.96,437.52,0.5956,946.64,474.21,0.7217,925.68,472.30,0.7219,948.55,511.84,0.6744,931.87,509.94,0.7429,927.11,532.81,0.7136,906.62,541.38,0.7618
164,bottom,0,806.36,631.25,974.89,860.08,872.75,651.25,0.9531,871.63,649.02,0.6156,872.75,649.02,0.6467,863.81,656.28,0.7749,883.36,654.60,0.7742,849.85,692.03,0.8565,902.92,678.63,0.8080,850.40,725.55,0.7846,923.59,708.23,0.6915,844.82,760.19,0.8435,930.29,740.08,0.6971,874.43,748.46,0.6936,905.15,746.78,0.6976,840.91,784.21,0.8661,936.44,784.77,0.8469,821.35,836.72,0.9016,947.61,841.19,0.8768
165,top,3,896.01,378.04,1037.23,579.32,939.59,393.67,0.9724,943.52,390.23,0.9175,936.15,391.21,0.9391,951.39,394.16,0.9182,931.73,395.64,0.8522,963.67,412.84,0.7597,924.36,416.77,0.8166,987.26,428.56,0.7182,916.50,433.47,0.6496,1016.74,439.86,0.7256,911.58,433.47,0.5631,946.47,476.72,0.7190,925.34,474.75,0.7246,944.51,510.62,0.6824,930.75,507.18,0.7774,929.76,530.77,0.7404,908.63,548.95,0.8281
165,bottom,0,807.53,623.20,974.19,862.60,881.51,643.54,0.9233,879.17,640.61,0.4988,880.34,640.61,0.6449,872.74,647.63,0.7544,892.61,645.87,0.7858,860.47,681.53,0.8615,912.49,672.18,0.8171,858.71,715.43,0.8247,931.77,703.74,0.7152,852.28,750.50,0.7795,939.96,735.88,0.7151,879.17,745.24,0.7139,910.73,744.07,0.7203,847.02,784.40,0.8655,945.22,786.74,0.8858,822.47,836.42,0.8646,946.39,845.18,0.8712
166,top,3,848.44,379.92,1034.10,576.77,937.65,396.15,0.8840,941.27,392.53,0.8613,934.02,393.13,0.8930,948.52,395.55,0.8784,929.79,397.36,0.9157,961.22,414.28,0.7743,923.14,418.52,0.7537,984.18,429.39,0.7307,917.70,433.02,0.6410,1013.19,440.27,0.6985,918.91,430.60,0.5563,944.90,478.95,0.7404,924.95,477.14,0.7327,943.08,509.78,0.7062,927.98,510.99,0.7682,931.60,529.12,0.7197,911.66,556.92,0.7753
166,bottom,0,808.92,617.41,974.46,866.11,891.69,636.72,0.8866,892.90,634.29,0.5593,889.87,633.69,0.5790,882.58,640.97,0.7831,901.40,639.15,0.7692,869.22,671.94,0.8412,922.05,666.47,0.8436,867.40,707.76,0.8123,942.08,699.87,0.7494,860.12,741.76,0.7659,951.19,727.80,0.7362,885.62,741.76,0.6977,917.80,740.55,0.7252,856.47,784.26,0.7958,949.37,789.12,0.8825,827.33,835.27,0.8310,945.73,848.02,0.8562
167,top,1,905.78,384.05,1031.37,583.95,934.90,398.59,0.9947,938.81,394.69,0.9359,931.49,396.15,0.9629,946.13,399.08,0.9250,927.09,401.03,0.9163,959.30,416.65,0.7679,921.73,420.06,0.8179,980.29,432.75,0.7049,920.75,429.83,0.7063,1010.55,441.05,0.6896,922.21,431.29,0.6569,945.15,482.05,0.7282,924.65,480.10,0.7410,940.27,515.23,0.6451,926.61,513.28,0.7453,931.97,531.83,0.8081,915.38,563.06,0.7826
167,bottom,0,817.80,612.23,972.82,866.57,901.52,632.60,0.8083,902.14,629.49,0.5821,901.52,629.49,0.5150,892.21,636.32,0.7578,910.84,635.08,0.7151,879.17,669.23,0.8116,930.71,661.78,0.8313,876.68,702.77,0.7798,949.95,694.07,0.7295,866.75,736.30,0.7759,962.37,723.88,0.7673,892.83,738.78,0.7012,922.63,738.16,0.7105,868.61,781.00,0.7516,951.20,789.70,0.8558,840.05,828.82,0.8030,946.85,847.45,0.8489
168,top,1,907.66,387.79,1024.30,594.58,932.66,403.85,0.9925,936.19,399.81,0.9270,929.13,400.82,0.9301,943.77,403.85,0.9246,924.58,405.36,0.8932,955.38,421.01,0.7670,920.54,425.05,0.7976,977.09,437.67,0.6967,920.54,432.62,0.6817,1006.87,444.74,0.6885,926.60,435.65,0.6643,944.78,487.15,0.7265,924.08,486.64,0.7170,940.23,519.46,0.6720,925.09,523.50,0.7384,931.65,538.14,0.7857,918.52,570.45,0.7642
168,bottom,0,841.31,609.04,980.73,867.13,912.28,630.97,0.8206,912.91,627.81,0.5507,912.28,628.44,0.5491,903.46,634.12,0.8110,922.36,633.49,0.7674,887.07,665.62,0.8036,940.00,661.84,0.8111,883.29,699.02,0.8199,959.54,693.35,0.7666,873.84,732.41,0.7636,973.40,723.59,0.8107,897.79,736.19,0.6965,925.51,736.19,0.6866,882.66,776.52,0.7532,953.24,787.86,0.8270,858.72,820.63,0.7923,947.57,846.46,0.8582
169,top,1,907.99,394.29,1025.83,606.07,931.24,410.21,0.9468,934.34,406.08,0.9144,927.10,407.11,0.8927,942.10,409.70,0.9047,922.45,411.77,0.9052,951.92,428.31,0.7730,919.35,430.90,0.7727,973.12,443.82,0.6090,921.41,438.65,0.6775,1004.66,448.99,0.6316,927.10,437.10,0.6167,943.65,495.53,0.7188,923.48,495.01,0.7234,939.51,527.07,0.6374,924.52,531.72,0.7387,931.76,543.10,0.7415,920.38,579.81,0.7280
169,bottom,0,861.46,607.80,990.03,866.84,922.59,630.44,0.8215,921.95,627.28,0.5444,920.69,627.28,0.5665,915.00,633.60,0.8201,932.70,633.60,0.7358,895.39,663.96,0.8339,949.78,663.32,0.7994,888.43,698.74,0.8353,968.12,698.11,0.7906,878.95,731.63,0.7855,982.67,724.67,0.8209,899.82,732.89,0.7188,927.01,734.79,0.6923,896.02,771.47,0.7598,956.10,787.91,0.8315,879.58,820.80,0.7376,947.88,845.46,0.8357
170,top,4,902.78,402.60,1018.61,613.01,928.84,417.90,0.9244,932.44,413.79,0.8535,924.73,414.82,0.8626,940.14,417.39,0.8926,920.11,419.96,0.8585,950.42,437.94,0.7313,918.57,436.91,0.7703,968.91,451.30,0.6023,921.65,445.64,0.6745,1000.25,453.35,0.6031,933.98,440.51,0.5557,941.17,500.61,0.7052,922.16,500.61,0.6850,941.17,531.95,0.5683,924.22,542.74,0.6715,932.44,549.93,0.6464,920.62,593.08,0.6933
170,bottom,0,869.08,611.59,1000.05,867.39,934.57,632.70,0.7660,933.32,628.95,0.5327,933.95,629.58,0.5444,924.58,635.20,0.7600,943.31,636.45,0.7214,904.59,663.30,0.8110,957.05,667.05,0.7765,893.35,699.52,0.8271,976.41,702.64,0.7679,882.11,733.25,0.8080,991.40,727.62,0.8014,901.47,732.62,0.7071,928.95,735.74,0.6827,907.72,763.85,0.6778,961.42,787.58,0.8168,901.47,815.05,0.6895,949.56,843.16,0.7855
171,top,1,904.76,410.10,1011.00,614.99,927.86,424.50,0.8779,930.87,420.00,0.8292,922.86,422.00,0.8053,937.87,424.00,0.7728,918.36,428.50,0.8434,946.37,443.51,0.7352,921.86,447.51,0.7421,964.38,458.52,0.5712,929.37,452.52,0.5584,995.40,459.52,0.6352,935.37,441.01,0.5146,938.87,505.04,0.7473,919.86,505.04,0.7136,941.87,542.56,0.6537,928.36,542.56,0.7737,925.36,554.57,0.6815,921.86,596.09,0.7995
171,bottom,0,872.58,617.84,1007.49,870.70,947.44,639.94,0.7489,948.06,635.62,0.5342,950.53,636.86,0.5306,934.48,640.56,0.7456,953.00,643.03,0.7319,915.34,667.11,0.7923,964.73,673.90,0.7819,896.82,702.91,0.8138,982.63,706.00,0.7787,884.47,737.48,0.8372,998.68,728.84,0.8091,905.46,735.63,0.7219,932.01,740.57,0.6911,918.43,764.03,0.6721,963.49,791.80,0.8020,922.75,812.18,0.7355,954.23,847.36,0.8049
172,top,1,902.70,414.75,1007.17,616.80,926.82,428.47,0.8797,929.78,423.54,0.8396,921.88,426.50,0.8252,937.18,426.99,0.7386,917.44,433.40,0.8458,944.57,446.23,0.7250,922.87,456.09,0.7470,958.39,462.01,0.4836,947.53,462.50,0.4148,989.96,463.49,0.5028,943.59,463.98,0.2128,937.67,509.86,0.7553,919.42,510.85,0.7363,942.60,547.35,0.6844,929.78,543.40,0.7622,920.90,558.70,0.6860,922.87,597.17,0.8060
172,bottom,0,877.43,627.04,1012.12,873.92,957.43,648.02,0.7947,957.43,644.40,0.5627,959.84,644.40,0.5123,945.98,649.22,0.7081,962.86,651.03,0.7029,924.28,673.33,0.7574,971.90,680.57,0.7807,901.38,708.89,0.8083,990.58,709.50,0.7067,885.71,742.65,0.8346,1004.45,724.56,0.7380,908.61,740.24,0.7340,933.93,745.06,0.7042,930.91,764.34,0.4963,965.87,796.29,0.7668,942.97,808.34,0.6051,955.02,851.74,0.7660
173,top,3,903.27,415.10,1003.27,617.67,926.57,429.35,0.8986,929.53,424.40,0.8651,921.62,426.87,0.8600,936.95,427.37,0.7632,917.66,434.29,0.8546,945.36,445.67,0.7877,922.61,459.02,0.8135,956.24,461.99,0.6202,935.47,472.37,0.5523,986.90,465.94,0.6800,941.90,473.36,0.4192,937.94,508.97,0.7619,919.15,510.45,0.7497,943.38,547.05,0.7349,930.03,544.58,0.7616,921.13,557.44,0.7162,922.61,597.49,0.8220
173,bottom,0,879.80,632.41,1015.52,874.57,965.40,654.16,0.8001,963.62,650.62,0.5501,967.76,651.21,0.5509,954.76,655.94,0.6936,970.13,657.71,0.6969,932.88,677.22,0.8008,978.40,685.50,0.7906,906.27,710.92,0.7873,1005.60,715.06,0.6997,888.54,744.03,0.8150,1000.28,704.42,0.5032,915.73,744.03,0.7184,939.38,748.17,0.6831,941.75,765.32,0.3239,969.54,799.61,0.7822,952.39,817.94,0.2826,955.35,852.82,0.7821
174,top,1,903.77,411.91,999.22,618.19,928.83,426.41,0.8866,931.35,421.38,0.8391,923.79,423.39,0.8565,938.90,424.90,0.7488,918.76,429.44,0.8477,946.45,443.03,0.8085,922.28,456.63,0.8130,956.02,460.16,0.6501,929.84,478.29,0.6304,985.23,463.68,0.7107,943.94,484.83,0.4483,939.40,506.49,0.7483,919.26,507.50,0.7508,942.93,542.75,0.7284,929.84,544.26,0.7396,922.28,556.35,0.7528,922.78,596.64,0.8099
174,bottom,0,884.81,634.25,1020.63,874.77,972.68,655.86,0.7614,970.92,652.34,0.5359,975.03,652.34,0.5882,959.18,657.62,0.7075,975.62,658.80,0.7010,938.04,679.35,0.7595,981.49,684.63,0.7206,909.26,711.06,0.7888,1011.44,706.36,0.7041,893.41,742.77,0.8411,1004.98,692.27,0.5620,919.83,746.29,0.7059,941.56,750.40,0.6676,954.48,770.95,0.3545,972.68,800.31,0.7249,958.59,808.53,0.3730,956.24,853.16,0.7734
175,top,1,904.51,404.79,998.71,617.99,930.27,420.82,0.8825,932.87,416.14,0.8399,925.58,417.70,0.8558,939.64,419.78,0.7731,920.38,422.90,0.8508,947.44,438.00,0.7931,921.94,452.57,0.7984,955.25,453.09,0.6240,927.67,481.72,0.6386,983.36,456.74,0.6495,943.28,489.01,0.4643,940.16,498.90,0.7261,920.90,500.46,0.7302,943.28,536.37,0.7290,929.23,544.18,0.7342,924.02,555.11,0.7137,922.46,595.71,0.7966
175,bottom,0,891.82,631.47,1027.45,874.90,978.06,651.56,0.7688,976.87,649.18,0.6056,981.03,648.59,0.5987,963.79,654.53,0.7212,979.25,655.72,0.7482,943.59,675.92,0.7776,987.57,683.06,0.8036,915.06,704.45,0.8026,1016.69,699.10,0.8392,900.20,733.57,0.8627,1018.47,682.46,0.8417,923.97,746.05,0.7455,947.15,750.21,0.7094,962.60,765.07,0.5549,967.36,800.13,0.7806,978.65,807.27,0.6521,954.88,854.22,0.7979
176,top,5,906.37,399.34,995.22,618.88,931.50,414.24,0.8961,934.72,409.41,0.8936,927.21,411.02,0.9011,941.68,413.17,0.7991,922.39,415.85,0.8772,949.72,431.39,0.7628,921.32,444.25,0.8102,957.76,441.57,0.5407,921.32,476.41,0.6586,982.42,444.79,0.4900,933.64,500.00,0.5930,941.68,495.17,0.6994,922.39,496.24,0.7312,941.15,532.69,0.6255,928.82,542.34,0.7176,923.46,555.74,0.7023,922.92,594.33,0.7822
176,bottom,2,898.55,624.47,1033.67,871.29,981.78,644.84,0.7462,979.97,641.83,0.6304,983.58,641.83,0.5822,965.51,647.25,0.7200,981.17,649.06,0.7238,947.43,669.54,0.7530,989.01,675.57,0.7168,919.71,697.26,0.7805,1020.34,688.23,0.8001,906.45,721.97,0.8455,1022.75,670.75,0.8291,928.75,738.84,0.7568,951.04,744.27,0.7078,971.53,758.13,0.6500,961.89,796.69,0.7578,984.19,806.33,0.7160,954.66,849.72,0.7716
177,top,2,906.99,392.93,998.83,617.46,934.27,408.16,0.9039,937.56,403.78,0.8967,929.34,404.88,0.8945,943.59,407.07,0.8122,924.41,409.81,0.8927,950.72,424.06,0.8076,920.57,437.77,0.8380,958.39,435.57,0.5310,920.57,473.40,0.7264,986.35,435.03,0.4950,926.60,506.29,0.6987,943.04,489.84,0.6932,923.86,491.49,0.7191,939.75,529.31,0.6337,927.15,540.28,0.7213,923.86,556.17,0.7490,921.66,594.55,0.8106
177,bottom,3,902.70,616.17,1036.54,867.99,983.76,636.95,0.7054,981.92,633.26,0.6019,985.61,633.26,0.5696,967.16,637.56,0.7070,983.76,640.64,0.7149,949.33,661.54,0.7379,988.07,668.92,0.6738,922.90,689.21,0.7241,1022.49,679.37,0.7696,910.60,711.95,0.7826,1025.57,659.70,0.7943,932.73,729.17,0.7091,952.41,735.32,0.6657,978.23,747.61,0.7528,962.86,785.73,0.7073,986.22,803.56,0.7625,954.87,838.60,0.7629
178,top,3,910.20,386.85,1005.65,613.41,935.80,404.44,0.9178,939.12,400.01,0.9179,931.38,401.12,0.9112,945.20,402.78,0.8695,925.84,405.54,0.9035,951.84,418.82,0.8197,920.87,434.31,0.8234,963.46,427.12,0.5398,918.10,468.05,0.7305,990.56,424.90,0.6053,919.21,502.34,0.6678,942.99,489.07,0.7002,926.95,490.17,0.6959,937.46,526.68,0.6660,926.95,537.19,0.7240,925.84,558.21,0.7661,922.53,593.06,0.8023
178,bottom,0,906.17,607.08,1034.65,857.25,984.46,628.33,0.7108,983.85,624.06,0.5766,985.68,624.67,0.5635,968.58,628.95,0.6925,984.46,632.00,0.6996,950.25,652.77,0.7103,987.51,660.71,0.6581,925.82,677.81,0.7230,1021.71,670.48,0.7170,914.22,702.85,0.7998,1026.60,653.99,0.8120,936.21,722.39,0.6302,952.70,727.89,0.6348,984.46,744.99,0.7889,968.58,777.97,0.7108,987.51,803.63,0.8039,950.86,828.67,0.7458
179,top,3,909.36,385.85,1012.92,610.08,938.15,402.71,0.9053,941.98,397.78,0.9004,933.77,399.42,0.8719,947.45,401.07,0.8593,927.74,403.80,0.8820,953.47,416.94,0.7968,921.18,433.91,0.8139,966.61,424.06,0.5927,916.80,468.95,0.7525,993.99,422.42,0.6834,917.34,502.89,0.7445,944.17,486.47,0.7243,928.29,487.56,0.7075,938.15,528.07,0.6960,927.74,534.64,0.7496,927.20,557.64,0.7312,923.36,588.84,0.8240
179,bottom,0,909.40,595.55,1034.04,846.68,980.92,616.89,0.7668,982.15,613.83,0.5945,980.92,613.21,0.5401,969.27,618.73,0.7082,983.99,620.57,0.6564,949.65,642.64,0.7270,988.89,650.61,0.6839,926.97,670.84,0.7386,1020.16,664.71,0.7317,917.16,694.75,0.7842,1026.29,650.61,0.8013,936.16,714.37,0.6572,955.78,718.66,0.6625,986.44,741.96,0.7470,975.40,768.94,0.7199,987.05,802.66,0.7851,944.75,816.15,0.7116
180,top,3,909.43,386.58,963.57,611.03,940.88,402.91,0.8756,944.17,397.98,0.8294,936.50,399.07,0.8360,949.65,401.26,0.8390,930.47,404.55,0.8448,954.58,418.25,0.8007,922.25,432.50,0.8517,950.75,450.58,0.4951,917.32,467.02,0.7747,951.84,481.27,0.4986,916.22,501.00,0.7244,944.72,485.11,0.7049,928.28,487.85,0.7034,940.33,528.40,0.6758,931.57,534.97,0.7542,931.02,561.28,0.8030,923.89,589.22,0.8325
180,bottom,0,915.35,586.47,1033.73,831.74,979.33,606.71,0.8258,981.73,603.11,0.6081,978.73,603.71,0.5458,969.15,608.50,0.7273,983.52,610.90,0.6677,948.19,632.45,0.7429,989.51,640.84,0.7279,927.24,663.59,0.7599,1018.25,659.40,0.7312,921.25,687.54,0.7383,1026.04,649.22,0.7726,935.02,703.11,0.6757,955.98,708.50,0.6722,984.72,740.84,0.7399,978.13,758.80,0.6898,986.52,798.92,0.7734,940.41,803.71,0.6772
181,top,5,910.60,388.83,1017.25,611.86,942.69,405.60,0.9886,946.50,401.24,0.9502,938.88,401.79,0.9354,951.95,403.96,0.9068,932.34,405.60,0.9199,956.30,419.21,0.8583,923.63,432.82,0.8735,968.83,430.64,0.6217,917.64,466.04,0.7983,998.23,435.55,0.6802,915.46,500.89,0.7328,944.87,488.36,0.7953,930.17,490.00,0.7790,940.51,530.29,0.7650,933.43,536.28,0.8092,932.34,562.42,0.8041,925.81,589.10,0.8622
181,bottom,0,917.79,577.30,1034.49,820.49,978.51,596.78,0.8459,979.70,593.81,0.6529,977.32,594.40,0.5705,968.42,598.56,0.7530,982.67,600.93,0.6763,947.64,623.50,0.7525,989.20,632.40,0.7426,927.45,659.12,0.7943,1015.32,656.15,0.6999,925.08,684.05,0.6794,1026.01,652.59,0.7200,935.17,695.93,0.7056,956.54,700.08,0.6855,980.89,739.27,0.7046,977.92,750.55,0.7034,984.45,792.70,0.7504,938.14,793.89,0.6782
182,top,4,911.33,390.03,1018.35,611.26,944.85,407.20,0.9836,948.09,402.88,0.9649,940.53,403.42,0.9522,952.95,405.58,0.9367,934.05,407.20,0.9371,957.82,421.25,0.8602,924.33,434.75,0.8603,969.70,438.53,0.7018,917.85,468.78,0.7884,999.41,447.17,0.7251,915.69,502.27,0.7017,945.39,489.84,0.7714,930.27,491.46,0.7595,940.53,532.51,0.7761,933.51,536.83,0.8584,931.89,564.92,0.8241,925.41,589.23,0.8738
182,bottom,0,918.93,569.52,1037.15,812.99,975.66,590.80,0.8561,978.04,587.23,0.6254,974.47,588.42,0.5675,967.34,592.58,0.7408,981.01,594.36,0.6721,944.75,617.55,0.7532,987.55,626.46,0.7250,929.30,654.40,0.7536,1011.92,653.21,0.6733,927.51,681.15,0.5937,1027.38,653.81,0.6588,934.65,687.69,0.7333,956.05,691.85,0.6825,978.63,732.27,0.6663,976.26,742.97,0.6758,979.82,783.39,0.7287,938.81,784.58,0.6578
183,top,4,909.85,392.67,1012.47,606.86,945.48,408.25,0.9442,948.61,404.59,0.8941,941.29,404.59,0.8965,954.36,407.20,0.9020,935.02,408.25,0.8903,959.07,423.41,0.8911,925.08,435.96,0.8609,968.48,444.33,0.7214,917.76,468.39,0.7935,997.77,458.97,0.7814,915.15,501.33,0.6888,945.48,492.44,0.7751,930.31,492.44,0.7655,939.72,533.75,0.7794,933.45,536.89,0.8519,930.83,565.65,0.7941,926.13,588.66,0.8463
183,bottom,0,918.60,564.87,1037.47,801.55,973.99,585.56,0.8187,976.30,582.67,0.5859,973.42,583.25,0.5606,965.90,588.45,0.6989,979.19,589.60,0.6663,946.26,610.98,0.7066,984.39,619.65,0.7066,933.55,643.34,0.5454,1008.08,649.70,0.6384,963.59,668.76,0.3221,1030.04,658.36,0.6771,933.55,680.90,0.6892,953.19,684.94,0.6466,978.04,723.08,0.6489,974.57,736.37,0.6329,972.84,775.08,0.7224,938.75,779.13,0.6470
184,top,3,907.31,392.33,1006.93,604.69,946.23,408.30,0.9428,949.34,404.15,0.8934,942.08,404.15,0.9232,955.04,406.75,0.8998,935.86,407.78,0.9412,960.23,423.85,0.8693,925.49,435.26,0.8554,968.52,448.74,0.7605,916.68,468.44,0.7783,992.37,468.44,0.8136,914.09,502.14,0.7044,945.19,492.29,0.7615,929.64,492.81,0.7597,938.97,534.28,0.7746,933.27,537.39,0.8391,931.20,566.43,0.7635,927.57,589.24,0.8367
184,bottom,0,920.42,562.58,1040.85,797.15,972.04,583.66,0.8130,972.62,580.80,0.6011,972.04,581.94,0.5772,963.45,586.52,0.6755,977.20,587.67,0.7193,945.70,607.71,0.7354,983.50,616.87,0.7298,938.83,636.35,0.5102,1005.83,647.80,0.6292,968.04,648.94,0.3851,1027.02,661.54,0.6855,935.97,679.87,0.6808,953.72,683.88,0.6764,975.48,718.81,0.6813,969.75,736.56,0.6856,969.75,770.35,0.8015,933.10,777.22,0.7629
185,top,1,904.69,393.10,993.93,583.36,946.06,407.41,0.9019,949.77,403.69,0.8167,942.34,403.69,0.8247,955.35,406.94,0.8132,936.30,408.34,0.8950,960.46,424.13,0.8310,924.23,434.35,0.8062,966.96,451.07,0.7633,915.86,467.33,0.7100,985.54,474.29,0.7680,913.54,501.70,0.7335,946.06,491.48,0.6989,928.87,492.41,0.7230,939.09,535.61,0.7273,933.52,537.47,0.8056,930.26,568.12,0.6992,929.34,586.24,0.7826
185,bottom,0,917.68,560.81,1036.44,796.66,970.15,581.42,0.8304,969.57,578.54,0.5838,970.15,579.12,0.5871,960.94,584.30,0.6793,975.33,584.87,0.7413,945.39,606.76,0.7424,983.39,615.97,0.7636,937.33,635.55,0.5361,1004.70,647.64,0.6518,964.39,642.46,0.3729,1026.00,666.06,0.7122,936.18,677.58,0.7182,956.33,682.19,0.6647,969.57,718.46,0.5809,968.42,735.16,0.7276,967.27,762.80,0.7474,931.57,777.19,0.8035
186,top,1,907.04,393.68,987.57,580.92,945.93,408.21,0.8889,949.59,404.56,0.8096,941.82,404.56,0.8182,955.07,407.76,0.8548,936.33,409.13,0.8490,961.47,425.59,0.8264,923.99,434.73,0.7824,965.13,452.56,0.7792,914.84,466.73,0.6951,980.22,475.41,0.7246,912.56,500.56,0.6838,945.47,491.87,0.6738,928.10,492.79,0.7038,939.99,535.30,0.6968,933.13,538.50,0.7871,930.39,564.10,0.6700,930.84,585.13,0.7571
186,bottom,0,917.02,557.24,1033.35,796.59,967.00,576.41,0.8417,968.17,574.07,0.5841,967.59,574.07,0.5953,959.41,579.33,0.6693,974.02,579.92,0.7596,944.80,603.87,0.7492,982.20,609.72,0.7963,937.79,634.84,0.5983,998.56,642.44,0.6880,958.82,662.89,0.3636,1020.18,668.74,0.7485,937.79,674.58,0.7141,958.82,678.09,0.6643,969.34,716.07,0.5487,968.17,733.01,0.7120,963.50,754.63,0.7154,931.36,777.42,0.7933
187,top,0,905.23,393.84,983.09,579.96,945.98,409.65,0.9060,949.62,405.56,0.8410,941.89,406.02,0.8543,954.62,408.74,0.9004,935.53,410.11,0.8262,961.89,426.92,0.8232,923.26,436.46,0.7790,964.61,454.64,0.7595,913.72,468.27,0.7175,976.88,478.26,0.6895,910.99,501.89,0.7287,945.53,492.81,0.6821,927.81,493.26,0.7007,939.17,535.97,0.6885,933.26,538.24,0.8002,929.62,563.69,0.6475,930.99,585.05,0.7738
187,bottom,1,917.53,552.25,1018.59,796.06,965.68,571.18,0.8426,968.06,568.21,0.5839,965.68,568.21,0.5910,957.95,574.16,0.7008,973.42,573.56,0.7459,943.66,600.35,0.7357,981.75,604.51,0.8198,938.30,629.51,0.5762,993.66,637.85,0.7398,958.54,630.70,0.3318,1012.11,667.61,0.7160,939.49,670.59,0.6697,959.14,674.16,0.6442,969.25,713.44,0.5134,968.06,731.30,0.6790,963.90,746.78,0.5184,931.76,776.54,0.6986
188,top,1,904.51,394.43,979.82,583.20,945.39,410.93,0.9030,949.08,407.25,0.8593,941.24,407.71,0.8469,954.15,410.01,0.8915,935.25,411.85,0.8353,961.98,428.91,0.8442,922.81,436.74,0.7840,964.75,457.02,0.7831,912.21,468.54,0.7203,974.42,480.52,0.7189,908.98,502.18,0.7022,946.31,493.43,0.6936,926.96,493.89,0.7101,939.86,538.13,0.7003,932.49,540.44,0.7606,928.34,560.71,0.6505,931.10,586.98,0.7987
188,bottom,0,920.72,548.12,1010.21,794.55,963.66,566.65,0.8702,966.67,563.64,0.6109,961.85,563.64,0.6221,956.44,569.06,0.7128,972.08,569.06,0.7507,942.60,596.13,0.7406,980.50,599.74,0.7996,938.39,626.21,0.6206,987.72,634.03,0.7642,958.84,626.21,0.3560,1002.76,662.31,0.7121,942.00,664.12,0.6819,963.06,667.12,0.6470,960.05,713.45,0.5230,970.28,726.08,0.6643,955.84,748.34,0.4444,934.78,771.81,0.6841
189,top,1,903.17,395.94,975.86,584.70,944.58,412.44,0.8774,947.81,408.75,0.8643,940.44,408.75,0.8165,952.88,411.51,0.8546,933.98,412.44,0.8288,961.63,430.41,0.8413,921.54,436.86,0.7934,964.86,457.60,0.7617,910.48,468.66,0.7203,971.77,480.18,0.6762,907.25,501.38,0.6810,946.43,492.62,0.7123,926.15,493.09,0.7070,940.90,541.48,0.6949,931.22,541.48,0.7738,932.60,569.59,0.5541,929.84,587.56,0.7882
189,bottom,0,921.48,546.58,1000.76,795.17,961.73,564.06,0.8463,965.37,560.42,0.6050,960.52,561.03,0.6120,953.23,565.27,0.7281,970.23,565.88,0.7817,941.70,591.37,0.7157,979.94,593.80,0.7940,938.06,622.32,0.6140,983.58,630.82,0.7608,956.27,625.97,0.3547,995.11,660.56,0.6804,943.52,659.95,0.6848,965.37,662.38,0.6699,954.45,708.51,0.6323,973.26,721.86,0.7062,955.66,747.96,0.5217,939.88,764.34,0.6940
190,top,1,902.76,395.88,975.95,585.48,943.52,412.45,0.8616,947.22,408.75,0.8409,939.35,408.75,0.8188,951.85,411.53,0.8660,932.87,411.99,0.8251,961.11,430.51,0.8236,920.38,436.52,0.7753,964.81,457.82,0.7503,909.73,467.54,0.7108,971.29,481.89,0.6451,906.49,499.48,0.6364,947.22,494.85,0.6804,925.93,495.31,0.6815,943.52,542.99,0.6806,929.63,542.06,0.7779,936.58,571.69,0.5589,928.71,586.50,0.7773
190,bottom,0,923.06,543.55,994.12,793.13,961.03,561.71,0.8409,963.46,558.66,0.5610,959.20,559.88,0.5979,951.28,562.92,0.7708,969.56,564.14,0.7516,939.70,590.95,0.7396,978.70,592.78,0.7941,938.48,623.25,0.6344,980.53,629.34,0.7583,954.32,650.06,0.3625,986.62,664.07,0.6832,945.18,659.20,0.6846,966.51,660.42,0.6643,954.93,704.29,0.6383,977.48,716.48,0.7215,957.98,746.34,0.5767,947.62,757.30,0.7236
191,top,1,902.37,396.88,974.84,582.89,942.24,412.23,0.8525,945.87,408.60,0.8236,938.15,408.60,0.8163,950.87,411.32,0.8416,932.25,411.32,0.8019,959.95,429.94,0.8094,919.53,434.48,0.7617,965.40,458.55,0.7433,908.63,466.73,0.7103,971.30,483.07,0.6523,906.36,499.42,0.6423,947.69,495.79,0.6948,925.44,496.24,0.6837,949.05,543.02,0.6740,930.43,542.11,0.7717,941.33,578.90,0.4345,929.52,585.71,0.7348
191,bottom,0,923.93,540.42,990.62,786.54,961.48,559.53,0.8440,963.89,555.92,0.5520,960.28,557.73,0.5697,950.67,560.73,0.7638,969.90,561.33,0.7469,941.05,588.37,0.7167,979.51,590.17,0.7879,937.45,619.62,0.5956,978.31,626.23,0.7457,953.07,648.46,0.3631,980.11,663.48,0.7216,943.46,657.47,0.6749,963.89,659.28,0.6382,957.28,702.54,0.6279,980.11,710.95,0.7577,960.88,745.80,0.6034,954.27,749.41,0.7382
192,top,1,901.70,394.68,975.17,589.80,941.77,412.21,0.8460,945.11,407.92,0.8158,937.48,408.40,0.8158,950.35,410.30,0.8518,931.29,410.78,0.8004,959.87,429.36,0.8065,918.43,434.12,0.7713,965.59,458.89,0.7584,907.47,466.52,0.7030,971.31,486.05,0.6890,905.09,500.34,0.6475,947.96,497.00,0.6984,925.57,497.48,0.6901,951.77,543.69,0.6320,929.39,543.69,0.7537,944.15,579.42,0.3967,929.86,587.99,0.7495
192,bottom,0,923.41,534.59,990.42,776.12,962.22,555.11,0.8612,963.99,551.57,0.5572,961.04,552.75,0.5355,951.02,556.29,0.7586,971.06,557.47,0.7420,940.99,584.00,0.7195,980.50,585.77,0.7892,932.15,608.77,0.5712,977.55,621.15,0.7071,949.25,604.05,0.2913,976.37,661.25,0.6768,943.94,652.40,0.6937,965.76,654.76,0.6514,955.73,692.50,0.6632,979.91,706.06,0.7504,961.04,740.85,0.6828,962.22,740.85,0.7579
193,top,1,900.81,392.99,976.34,600.19,941.10,412.11,0.9065,944.64,408.06,0.8426,937.05,408.06,0.8523,949.70,410.59,0.8999,930.48,411.10,0.8617,959.31,428.80,0.8399,917.83,433.36,0.8136,965.89,458.65,0.7868,906.70,466.24,0.7512,971.96,485.97,0.7415,904.17,500.13,0.6773,948.18,496.09,0.7431,924.91,496.59,0.7276,955.27,544.14,0.6711,928.45,544.14,0.7785,946.16,581.58,0.3995,930.48,587.65,0.7832
193,bottom,0,924.20,530.70,990.72,768.49,963.26,548.58,0.8827,965.59,545.68,0.5724,962.10,546.26,0.5458,952.82,549.74,0.7426,971.97,550.90,0.7336,942.37,576.44,0.7436,980.68,578.77,0.8067,932.50,605.47,0.6294,977.20,612.44,0.7393,951.65,600.25,0.3377,976.62,650.17,0.6318,944.69,644.37,0.7006,967.33,646.11,0.6679,954.56,688.49,0.7184,979.52,698.36,0.7625,959.78,733.77,0.7606,969.07,734.93,0.7779
194,top,1,900.28,393.05,975.74,597.25,940.50,411.90,0.8568,943.99,407.91,0.8177,936.51,407.91,0.8335,949.47,409.90,0.8696,930.03,409.90,0.8304,959.44,428.35,0.8033,917.07,432.84,0.7793,966.42,458.26,0.7547,906.10,465.24,0.7292,972.91,485.18,0.7175,904.11,499.14,0.6405,948.48,497.15,0.6996,924.05,497.64,0.6946,954.46,544.01,0.6433,926.04,544.51,0.7226,943.49,580.40,0.4228,929.03,585.88,0.7394
194,bottom,0,922.89,525.95,991.25,763.56,965.19,542.08,0.8595,967.52,539.76,0.5685,965.19,539.76,0.5126,954.17,543.82,0.6821,973.90,544.98,0.6991,943.15,569.34,0.7288,981.44,572.24,0.7898,932.13,603.57,0.6300,977.38,606.47,0.7542,951.85,602.41,0.3465,977.96,644.75,0.6235,944.89,637.79,0.6539,968.68,638.95,0.6291,954.75,685.36,0.7415,979.70,688.84,0.7675,960.55,732.35,0.7857,973.90,732.35,0.7716
195,top,1,898.86,393.67,976.63,597.55,940.23,412.49,0.8740,943.72,408.01,0.8222,936.25,408.51,0.8413,948.70,410.00,0.8739,929.78,410.50,0.8353,959.15,428.42,0.7944,916.34,432.40,0.7737,966.62,458.28,0.7527,905.89,465.25,0.7366,973.09,486.65,0.7219,903.90,498.60,0.6643,948.20,496.61,0.7031,924.31,497.11,0.6979,953.67,543.40,0.6482,926.80,544.39,0.7524,943.72,578.74,0.4804,929.78,588.69,0.8009
195,bottom,0,927.27,518.08,991.21,757.23,967.99,536.07,0.8622,970.33,533.73,0.5899,969.16,534.31,0.5292,956.90,537.23,0.7127,976.17,538.98,0.7251,945.22,562.34,0.7258,982.01,565.84,0.8029,936.47,596.20,0.6044,977.34,600.87,0.7824,953.98,624.81,0.3106,981.42,638.83,0.7021,945.22,632.99,0.6505,968.58,634.16,0.6165,953.98,682.03,0.7413,979.67,683.78,0.7512,959.82,731.08,0.8174,977.34,732.83,0.8016
196,top,1,899.48,391.85,977.22,601.90,940.40,413.29,0.8802,943.99,408.67,0.8351,936.30,409.18,0.8493,949.12,410.21,0.8734,929.63,410.72,0.8575,959.37,429.18,0.7979,916.30,432.77,0.7851,967.07,458.93,0.7528,906.04,465.59,0.7381,973.73,487.65,0.7321,904.50,499.44,0.6567,948.60,498.41,0.7092,924.50,498.93,0.7113,954.25,545.59,0.6334,927.58,546.62,0.7513,951.68,585.59,0.4263,929.63,588.67,0.7932
196,bottom,0,922.90,513.13,992.52,752.04,968.79,530.52,0.8433,969.96,528.77,0.5753,970.54,529.35,0.5096,958.30,531.68,0.7165,976.96,533.43,0.7088,944.88,555.01,0.7221,982.79,559.68,0.8185,936.71,589.43,0.5907,979.29,594.09,0.7752,955.96,595.84,0.3082,983.96,630.84,0.6787,945.46,626.17,0.6713,969.96,626.17,0.6377,953.63,680.41,0.7701,979.29,679.25,0.7770,960.04,729.99,0.8452,981.04,730.58,0.8452
197,top,1,900.15,390.35,980.60,601.51,939.86,413.96,0.9035,943.47,409.84,0.8540,936.25,409.84,0.8463,949.14,411.39,0.8860,930.06,411.39,0.8775,959.96,429.95,0.7937,916.66,433.55,0.7742,968.21,459.33,0.7492,906.35,466.03,0.7281,975.43,487.68,0.7207,905.32,499.54,0.6452,949.14,499.02,0.7204,925.42,499.54,0.7125,952.75,545.42,0.6451,929.03,545.94,0.7772,950.68,584.08,0.4214,930.58,588.21,0.7961
197,bottom,0,922.35,509.27,996.61,748.30,969.40,526.08,0.7978,971.15,523.16,0.5513,971.15,524.33,0.5026,958.90,526.66,0.6794,977.57,528.41,0.6837,941.97,550.59,0.6854,983.41,554.67,0.7951,934.97,585.02,0.5782,982.24,591.44,0.7666,956.56,589.69,0.3097,989.24,625.87,0.7088,946.64,621.78,0.6533,971.73,622.37,0.6476,953.64,678.97,0.7507,979.90,674.30,0.7519,960.65,729.74,0.8311,983.99,722.74,0.8147
198,top,1,900.98,391.06,981.04,603.51,939.97,415.85,0.8832,943.60,411.70,0.8494,935.82,411.70,0.8338,949.31,412.74,0.8659,930.12,412.74,0.8683,960.20,431.41,0.7998,916.63,435.04,0.7785,969.02,459.94,0.7462,906.78,467.20,0.7223,976.28,488.46,0.7056,906.26,500.39,0.6366,949.83,499.87,0.7235,925.97,500.39,0.7199,954.50,546.04,0.6349,928.56,546.56,0.7708,955.01,587.01,0.4463,930.12,589.09,0.8025
198,bottom,0,921.87,505.52,1002.39,747.57,969.81,523.13,0.8003,972.17,520.18,0.5470,970.99,521.36,0.4961,959.77,523.73,0.6906,978.08,526.09,0.6931,942.04,547.95,0.6872,984.58,551.50,0.7588,933.76,584.00,0.6140,986.36,588.14,0.7519,955.63,596.41,0.3212,995.81,620.64,0.6860,947.36,618.27,0.6461,972.77,618.27,0.6436,953.86,676.77,0.7381,981.04,671.46,0.7203,960.95,727.59,0.8334,984.58,715.77,0.7671
199,top,1,901.39,397.62,981.54,604.96,940.45,417.26,0.8713,944.50,413.21,0.8251,936.40,413.21,0.8186,950.07,414.23,0.8373,930.33,414.73,0.8450,960.70,432.95,0.7931,917.17,436.50,0.7741,969.30,460.29,0.7252,907.04,468.89,0.7028,976.90,487.62,0.6581,906.54,502.30,0.6356,950.57,501.29,0.7035,926.78,501.80,0.7055,956.14,546.85,0.6012,929.32,547.35,0.7626,957.66,588.86,0.3917,930.33,589.87,0.7640
199,bottom,0,922.67,501.60,1007.76,748.64,970.04,520.78,0.7911,972.45,517.77,0.5132,971.25,519.57,0.4839,959.79,521.99,0.7053,978.48,524.40,0.7107,941.09,548.52,0.7192,985.12,550.94,0.7560,932.04,584.11,0.6841,991.15,587.12,0.7431,953.76,597.98,0.3313,1002.61,617.88,0.6767,948.93,618.49,0.6625,974.26,618.49,0.6562,954.36,676.99,0.7165,980.90,669.75,0.6939,962.20,728.25,0.8075,983.31,710.76,0.7311
200,top,1,902.57,399.08,983.58,590.82,941.20,419.11,0.8782,944.95,415.37,0.8121,936.99,415.37,0.8014,950.56,415.84,0.8280,930.43,416.30,0.8187,961.80,435.03,0.7964,917.79,438.31,0.7786,970.22,461.71,0.7336,908.90,472.01,0.6862,978.18,488.86,0.6931,908.43,505.25,0.6514,951.03,502.91,0.7115,927.16,503.84,0.7097,954.78,547.85,0.5666,929.03,548.78,0.7459,957.12,586.23,0.3406,929.50,588.58,0.7304
200,bottom,0,922.52,501.71,1014.62,748.30,970.38,521.46,0.7554,972.18,518.45,0.4862,972.18,519.65,0.4809,960.14,522.06,0.6940,978.81,523.87,0.7139,940.28,548.55,0.7133,986.63,551.56,0.7402,930.04,584.07,0.7075,995.06,586.48,0.7375,939.67,603.33,0.3581,1008.31,616.58,0.6626,949.91,619.59,0.6562,975.19,619.59,0.6501,954.12,675.58,0.7239,980.61,667.75,0.6971,961.95,726.15,0.7788,982.42,708.09,0.7020
201,top,3,902.87,393.61,983.00,565.22,942.10,422.01,0.8213,945.87,417.40,0.7538,937.91,417.40,0.7733,951.32,418.24,0.7714,932.04,418.24,0.7818,961.79,436.68,0.7211,919.47,440.03,0.7204,970.59,463.49,0.6437,909.84,475.64,0.6456,978.13,490.73,0.5601,909.00,509.16,0.6648,951.73,504.55,0.6857,927.85,505.39,0.6835,956.34,553.99,0.5872,930.37,554.83,0.7081,957.18,586.25,0.3217,928.69,586.25,0.4390
201,bottom,0,921.70,501.36,1020.40,748.31,971.05,521.14,0.7753,972.25,518.13,0.4934,971.65,519.33,0.4807,961.40,522.35,0.7146,979.49,524.15,0.7313,940.30,550.08,0.7476,987.93,553.09,0.7554,927.04,584.44,0.7618,999.38,586.85,0.7441,932.46,606.15,0.5793,1013.25,615.79,0.6899,950.55,621.22,0.6794,975.87,621.22,0.6745,952.96,674.27,0.7386,980.09,667.04,0.7266,961.40,722.50,0.7759,981.30,709.24,0.7544
202,top,3,904.66,402.87,983.71,573.71,942.93,424.06,0.8826,947.10,419.89,0.7439,939.18,419.89,0.7750,952.53,420.72,0.6923,932.92,420.72,0.6982,963.37,438.65,0.8187,920.83,441.16,0.8053,971.30,464.93,0.7208,911.23,477.03,0.7089,978.39,490.79,0.6220,909.98,509.14,0.7131,952.94,506.64,0.7659,928.75,507.47,0.7818,956.70,555.86,0.5850,930.84,557.53,0.7383,957.53,594.65,0.3491,929.59,594.65,0.4854
202,bottom,0,920.50,501.42,1026.61,745.84,971.77,521.59,0.7649,971.77,519.20,0.4787,972.96,520.39,0.4718,961.62,523.38,0.6895,979.52,524.57,0.7528,941.33,549.63,0.7522,988.48,552.62,0.7820,925.82,584.84,0.7907,1002.80,586.03,0.7508,928.20,606.32,0.6862,1017.12,614.68,0.7127,951.48,620.65,0.6907,976.54,620.05,0.6878,950.88,672.56,0.7555,980.72,664.21,0.7358,958.64,718.51,0.7812,980.72,707.77,0.7779
203,top,3,904.59,406.60,984.10,613.52,945.86,425.19,0.9212,949.40,421.15,0.8363,941.82,421.65,0.8249,954.96,423.17,0.8705,934.75,423.17,0.8895,964.55,441.86,0.8399,922.12,443.88,0.8340,972.64,468.13,0.7120,912.02,479.75,0.7404,978.70,494.40,0.5937,911.00,512.59,0.6967,952.43,508.54,0.7373,929.19,509.05,0.7633,954.96,555.53,0.5681,930.20,557.04,0.7390,947.88,596.95,0.3804,929.19,597.96,0.6556
203,bottom,0,918.22,501.17,1031.45,742.51,971.30,520.49,0.7900,971.30,518.73,0.4925,971.89,519.32,0.5021,961.87,522.26,0.6991,980.14,523.44,0.7721,941.84,548.19,0.7789,988.97,550.54,0.7980,925.34,583.54,0.7907,1004.88,585.31,0.7574,924.16,607.11,0.6998,1019.61,613.00,0.7361,951.85,618.89,0.6922,977.78,618.89,0.6874,947.14,669.57,0.7681,980.72,663.09,0.7300,955.39,709.63,0.7769,980.14,707.28,0.7800
204,top,3,906.07,410.70,984.44,619.11,946.78,427.39,0.8984,950.34,423.32,0.8110,942.71,423.32,0.7919,956.45,424.34,0.8475,936.10,424.34,0.8437,966.12,443.17,0.8532,923.38,445.20,0.8434,974.26,470.64,0.7014,913.20,482.34,0.7426,980.36,500.15,0.6228,912.69,516.43,0.6717,952.89,511.35,0.7328,930.50,512.36,0.7655,953.40,561.21,0.5239,929.48,563.24,0.7099,941.18,598.86,0.3781,925.92,603.95,0.5773
204,bottom,0,913.62,498.55,1031.81,731.55,970.44,517.78,0.8171,971.01,517.21,0.4842,971.01,517.21,0.5022,961.34,520.05,0.7146,980.11,521.19,0.7925,940.86,546.79,0.7799,989.21,547.36,0.7700,926.07,581.49,0.7565,1005.14,582.62,0.7602,920.38,607.09,0.6884,1018.79,608.79,0.7429,951.67,615.62,0.6850,977.27,615.62,0.6921,943.13,665.11,0.7916,980.68,661.69,0.7446,953.37,702.65,0.7719,980.68,709.48,0.7987
205,top,3,906.79,411.19,984.11,619.16,947.99,429.37,0.8616,951.54,424.80,0.7989,943.93,425.30,0.7927,957.64,425.30,0.8462,937.33,425.81,0.8478,968.30,444.60,0.8104,924.63,446.12,0.7984,975.92,474.05,0.6736,914.48,483.19,0.7203,981.50,504.00,0.6407,913.46,516.70,0.6573,954.08,512.13,0.6423,931.23,513.14,0.6885,955.61,560.36,0.4646,929.71,562.40,0.6445,939.87,598.95,0.3478,924.63,602.51,0.5375
205,bottom,0,912.40,494.69,1024.80,726.77,969.17,514.40,0.7990,969.17,513.84,0.4644,972.00,513.84,0.4706,958.97,517.24,0.7460,978.23,518.37,0.8141,939.70,543.30,0.7800,988.43,543.87,0.7701,925.54,579.56,0.7505,1003.73,579.56,0.7543,919.87,603.93,0.6908,1014.49,603.93,0.7255,950.47,609.59,0.6959,976.53,610.73,0.7068,940.84,660.02,0.7847,980.50,661.15,0.7595,951.04,697.98,0.7964,980.50,707.05,0.8140
206,top,3,907.04,403.47,985.44,619.93,948.88,429.79,0.8837,953.11,426.09,0.8173,944.65,426.09,0.8175,958.92,426.09,0.8530,937.78,426.09,0.8767,968.96,445.65,0.7893,925.63,446.17,0.7790,977.42,475.24,0.6447,916.12,482.64,0.6984,981.65,505.89,0.5578,915.06,516.99,0.6153,957.34,510.65,0.6140,932.50,511.70,0.6622,959.98,558.74,0.4605,931.44,559.79,0.6368,955.75,599.96,0.3205,926.16,601.54,0.5357
206,bottom,0,911.57,494.86,1014.25,728.19,968.04,512.98,0.7335,968.61,512.41,0.4240,971.45,511.84,0.4413,956.07,515.25,0.7024,976.58,516.39,0.7438,938.98,540.89,0.7485,986.84,540.89,0.7460,925.88,576.78,0.7330,1001.65,575.07,0.7350,918.48,600.70,0.6559,1006.20,597.85,0.6847,950.95,608.68,0.6777,976.01,609.25,0.6721,938.42,654.25,0.7506,980.00,658.24,0.7281,947.53,694.69,0.7859,981.71,703.81,0.7998
207,top,,,,,,,,,,,,,,,,,,,,,,,,,,,,,,,,,,,,,,,,,,,,,,,,,,,,,,,,
207,bottom,,,,,,,,,,,,,,,,,,,,,,,,,,,,,,,,,,,,,,,,,,,,,,,,,,,,,,,,
208,top,4,912.09,403.77,989.17,546.37,950.28,433.99,0.7621,954.11,429.46,0.7149,946.45,429.46,0.6994,960.03,429.11,0.6977,940.19,429.81,0.7060,971.52,447.22,0.7070,927.30,448.26,0.6846,979.87,480.64,0.5635,918.95,484.82,0.6235,984.75,513.02,0.5508,916.51,519.98,0.6369,963.51,514.41,0.5496,936.36,515.80,0.6097,964.21,563.85,0.3898,934.27,563.85,0.4703,968.04,563.85,0.1739,938.10,563.85,0.1954
208,bottom,0,912.22,489.25,1000.38,722.85,963.71,507.96,0.8049,965.99,506.82,0.5049,964.85,506.82,0.4891,952.88,510.24,0.6961,971.70,511.95,0.7381,937.48,536.47,0.7718,981.96,535.90,0.7784,924.93,572.97,0.7382,994.51,571.26,0.7662,917.52,599.20,0.6845,982.53,588.37,0.5159,948.31,602.06,0.7017,974.55,602.06,0.7141,936.34,647.68,0.7734,979.68,654.52,0.7802,937.48,697.87,0.8222,980.82,705.28,0.8579
209,top,5,913.90,418.83,990.02,540.68,950.18,436.32,0.7226,954.04,431.56,0.6669,946.01,431.86,0.6380,959.40,430.08,0.6256,940.06,431.56,0.6229,972.19,447.63,0.6771,927.57,449.71,0.6109,981.11,479.75,0.5537,919.84,485.11,0.5498,985.58,511.58,0.5605,918.05,519.02,0.5825,964.16,512.77,0.4626,937.68,513.96,0.4842,977.25,555.61,0.3109,935.60,555.61,0.4409,983.79,555.61,0.2126,941.25,555.61,0.1493
209,bottom,1,911.43,488.60,997.10,724.01,961.16,508.03,0.8510,963.46,506.88,0.5449,961.16,507.45,0.5282,950.82,509.75,0.7232,969.78,511.47,0.7610,935.87,536.19,0.7686,980.13,534.46,0.8076,923.80,572.97,0.7680,991.05,570.67,0.7685,916.91,600.56,0.6943,973.23,567.22,0.4093,946.22,601.13,0.7220,972.66,601.13,0.7162,935.87,650.56,0.7559,978.98,654.00,0.7775,933.00,698.83,0.8386,981.28,704.58,0.8479
210,top,4,914.05,427.03,989.71,538.38,950.52,437.85,0.6896,954.06,433.78,0.6335,946.17,434.05,0.6246,959.49,432.69,0.5912,940.74,434.05,0.6055,973.08,448.46,0.7282,927.14,451.99,0.6456,981.51,480.53,0.5567,920.08,487.87,0.5596,985.05,512.34,0.5950,918.72,522.12,0.5942,963.30,501.74,0.3566,938.29,503.91,0.3676,972.00,552.03,0.3364,935.84,552.03,0.3914,974.99,552.03,0.2145,936.11,552.03,0.1742
210,bottom,2,911.02,488.90,992.71,725.43,958.22,509.00,0.7668,961.68,507.84,0.4675,958.80,508.42,0.4609,946.67,510.15,0.6449,967.46,512.46,0.6940,933.96,536.71,0.7410,977.85,535.56,0.7804,922.99,573.67,0.7484,987.67,570.21,0.7417,916.64,601.97,0.6608,970.92,558.08,0.4181,945.51,602.55,0.6973,970.92,601.39,0.6795,935.70,650.48,0.7398,978.43,653.36,0.7627,928.19,693.79,0.7611,980.16,704.18,0.8142
211,top,4,914.30,425.32,991.50,538.22,950.69,440.98,0.7005,954.28,436.02,0.6380,946.28,436.29,0.6227,960.34,433.81,0.6071,940.77,435.47,0.5872,973.29,448.97,0.7021,928.09,453.66,0.5909,982.39,478.47,0.5584,920.92,490.32,0.5225,985.70,510.16,0.5756,919.27,525.60,0.5525,963.92,508.23,0.3678,939.39,509.89,0.3743,971.36,552.06,0.3745,938.84,552.06,0.3784,969.44,552.06,0.2108,940.77,552.06,0.1448
211,bottom,2,910.66,494.03,990.66,726.11,956.89,510.35,0.7665,960.29,509.22,0.4994,957.46,509.78,0.4453,946.69,512.05,0.6704,966.53,513.18,0.6910,931.96,537.55,0.7090,976.16,536.98,0.7713,922.33,575.51,0.7431,984.09,572.11,0.7160,916.10,603.27,0.6612,968.23,563.61,0.3614,943.86,603.27,0.6654,969.36,601.57,0.6485,933.66,650.87,0.7101,977.29,653.70,0.7413,926.86,692.80,0.6935,980.12,704.69,0.7982
212,top,5,914.40,420.65,991.63,542.13,950.94,443.13,0.7115,954.79,438.69,0.6608,946.79,438.98,0.6643,960.43,436.61,0.6324,940.85,437.80,0.6579,972.88,450.25,0.6799,927.81,456.18,0.6265,982.67,478.72,0.5812,921.58,491.77,0.5508,986.23,508.97,0.5902,920.39,526.77,0.5140,964.28,516.09,0.4760,940.56,517.28,0.4810,971.10,557.02,0.4149,939.96,557.02,0.3942,967.84,557.02,0.2185,939.37,557.02,0.1592
212,bottom,2,909.54,499.78,991.03,725.70,953.60,513.46,0.6872,958.01,510.70,0.3596,955.25,512.91,0.3569,942.01,515.11,0.6282,964.63,516.21,0.6276,928.78,541.04,0.7206,972.35,538.83,0.7490,921.05,578.54,0.7241,981.18,574.13,0.7298,915.54,606.12,0.6435,965.18,564.75,0.4056,940.91,602.81,0.6454,965.18,600.61,0.6350,932.64,650.80,0.6934,976.21,653.56,0.7324,926.57,691.62,0.7200,979.52,703.75,0.8069
213,top,6,914.46,419.06,991.64,544.88,950.60,447.26,0.6939,954.59,442.65,0.6483,946.60,442.96,0.6507,959.81,439.58,0.6334,940.76,440.50,0.6407,972.10,452.48,0.6757,928.17,459.85,0.6409,982.85,478.59,0.5898,921.41,495.79,0.5837,986.23,508.08,0.6081,920.80,531.43,0.5553,964.73,518.22,0.5039,940.15,518.83,0.5041,968.41,560.30,0.4484,939.84,560.30,0.4017,968.41,560.30,0.2198,926.33,560.30,0.1657
213,bottom,2,908.44,500.41,991.83,725.98,951.24,519.02,0.6617,951.79,520.13,0.3686,953.99,520.13,0.3769,941.32,521.23,0.6672,962.25,522.33,0.6344,926.46,544.91,0.7266,971.06,542.15,0.7665,919.85,581.25,0.7029,978.77,576.85,0.7509,915.44,609.34,0.6420,963.35,568.04,0.4687,937.47,603.83,0.6330,961.15,601.63,0.6248,930.86,650.09,0.6969,973.27,654.50,0.7284,927.01,692.50,0.7537,978.77,704.61,0.8088
214,top,4,915.39,420.98,992.37,585.60,950.26,450.24,0.7360,954.28,445.42,0.6756,945.84,445.82,0.7022,960.31,442.60,0.6938,939.41,443.81,0.7075,972.37,455.06,0.7307,927.76,462.70,0.6951,983.62,480.78,0.6321,921.32,500.48,0.5708,986.83,508.51,0.6571,920.52,537.05,0.5451,965.13,522.98,0.5796,938.61,524.19,0.5576,970.36,573.62,0.5551,932.98,573.22,0.4958,966.74,605.78,0.4175,922.53,605.78,0.4058
214,bottom,2,908.99,505.93,991.21,725.52,951.17,522.44,0.6793,952.25,522.98,0.3783,953.85,522.98,0.3632,941.52,524.58,0.6657,960.82,524.58,0.6150,926.51,545.49,0.7261,967.79,543.88,0.7381,917.93,580.88,0.6371,976.91,578.20,0.6975,914.18,610.90,0.5835,959.22,580.88,0.4299,932.95,604.47,0.6164,956.54,603.39,0.6133,929.19,648.97,0.7012,969.94,653.25,0.7311,927.05,691.86,0.7641,977.98,704.19,0.8075
215,top,4,916.28,424.07,992.38,585.60,949.99,454.76,0.6893,954.33,449.23,0.6405,945.65,450.02,0.6511,959.45,445.29,0.6720,938.95,447.26,0.6747,971.68,457.12,0.7079,927.51,467.37,0.6926,983.51,481.18,0.6285,921.60,503.66,0.5929,986.66,507.99,0.6428,921.60,539.54,0.5885,964.58,522.98,0.5408,939.74,523.77,0.5230,968.92,572.67,0.5162,936.98,570.30,0.4814,965.37,605.40,0.4193,936.58,605.40,0.3992
215,bottom,2,910.29,506.53,989.49,724.36,947.77,528.23,0.6092,946.70,529.83,0.3057,946.17,527.17,0.2336,939.26,530.36,0.5794,962.12,529.83,0.5375,926.49,546.84,0.7075,967.44,545.25,0.7196,917.98,578.75,0.5413,975.95,578.22,0.6797,914.79,611.72,0.4118,959.46,582.47,0.4227,927.03,599.49,0.6012,950.96,599.49,0.5897,928.62,646.82,0.7168,966.38,652.14,0.7258,927.56,690.96,0.7611,976.48,703.72,0.7937
216,top,3,917.32,427.43,992.51,591.16,949.72,457.73,0.7279,954.12,452.53,0.6786,944.92,453.33,0.7017,959.71,448.94,0.7139,938.53,450.13,0.7186,970.51,458.93,0.6855,928.13,469.72,0.6776,982.90,483.71,0.5967,922.14,507.30,0.5807,986.90,510.50,0.6144,921.74,540.88,0.5644,963.71,525.29,0.5401,938.93,525.69,0.5110,967.31,572.06,0.4865,935.73,569.26,0.4453,961.31,611.23,0.4065,934.93,611.23,0.3688
216,bottom,2,908.65,518.96,992.58,725.01,948.61,529.43,0.5779,947.10,526.41,0.2950,963.19,523.89,0.2311,940.56,531.44,0.5439,962.69,529.93,0.5962,927.98,547.03,0.6823,966.72,545.52,0.7154,919.93,570.17,0.5671,973.76,578.73,0.6560,942.57,584.26,0.2934,963.70,585.77,0.4173,923.45,600.36,0.5775,947.60,600.86,0.5737,926.97,645.13,0.6843,963.70,650.66,0.6776,927.48,690.40,0.7043,972.25,703.48,0.7329
217,top,2,918.01,429.58,992.18,595.77,950.23,459.93,0.7455,954.69,455.06,0.6951,945.76,455.46,0.7219,959.96,451.00,0.7184,938.87,452.62,0.7523,970.11,460.33,0.7140,927.91,471.69,0.6974,981.47,483.05,0.6530,923.04,509.02,0.5915,986.74,509.83,0.6772,922.64,542.29,0.5929,964.02,527.28,0.6221,940.08,527.69,0.5991,969.30,575.16,0.5633,936.84,572.32,0.4670,959.15,616.14,0.3994,936.43,616.14,0.3582
217,bottom,3,906.23,521.31,991.74,720.81,948.98,531.93,0.5102,946.06,527.55,0.2284,963.59,525.60,0.2343,938.27,533.88,0.4799,962.13,533.39,0.5622,927.07,548.00,0.6319,965.06,546.05,0.6697,920.73,569.43,0.4543,973.34,579.17,0.6132,940.70,585.51,0.2684,964.57,585.02,0.3890,921.71,599.63,0.5455,945.57,600.12,0.5347,925.12,645.41,0.6514,958.72,648.34,0.6418,927.07,689.74,0.6861,966.52,700.94,0.6981
218,top,3,918.36,431.27,993.11,603.98,950.68,461.13,0.7614,954.89,456.07,0.7123,945.62,456.49,0.7443,960.80,452.69,0.7460,938.87,453.96,0.7879,969.23,461.55,0.7137,928.75,473.35,0.6963,979.77,483.47,0.6426,924.11,511.30,0.5861,986.52,509.62,0.6782,923.69,543.35,0.6107,964.17,530.28,0.5983,939.71,531.96,0.5784,968.38,578.35,0.5581,937.18,577.08,0.4553,956.16,625.15,0.4344,934.23,625.15,0.3347
218,bottom,2,904.59,525.93,984.34,716.48,947.72,533.28,0.4444,931.90,530.96,0.1871,963.07,529.10,0.2397,934.23,536.07,0.4568,961.21,535.61,0.4889,927.25,547.70,0.5806,964.00,547.70,0.6135,919.34,571.89,0.3915,970.05,576.08,0.4684,937.02,586.78,0.2286,971.44,580.73,0.4343,919.81,598.41,0.5634,944.93,600.27,0.5445,923.99,644.46,0.6177,955.16,646.79,0.6049,927.25,690.52,0.6699,960.28,699.82,0.6944
219,top,3,918.50,431.82,992.41,627.83,952.10,460.92,0.7742,956.41,455.65,0.7309,947.32,456.61,0.7245,961.67,453.26,0.7652,940.14,454.22,0.8433,969.33,461.40,0.7622,929.13,476.23,0.7428,978.90,483.89,0.6780,925.30,511.64,0.6053,985.12,511.64,0.7217,924.83,542.75,0.6137,963.59,530.78,0.6577,941.10,532.22,0.6108,968.85,575.29,0.6167,935.83,574.81,0.4496,954.49,607.35,0.6267,921.48,617.40,0.4222
219,bottom,2,902.82,529.22,979.01,716.94,947.79,533.71,0.4692,951.46,530.96,0.2174,962.00,530.96,0.2597,935.88,537.37,0.4485,960.17,536.46,0.5342,926.71,549.75,0.5360,962.92,546.54,0.6107,918.00,574.96,0.3618,969.79,579.54,0.5113,940.46,590.54,0.1954,967.96,585.04,0.3966,917.09,596.95,0.5759,940.92,597.41,0.5333,923.04,642.33,0.6231,951.00,645.53,0.6185,926.25,689.07,0.6584,952.83,697.78,0.6627
220,top,2,919.42,431.57,990.19,634.95,952.82,461.76,0.7608,957.29,456.30,0.7508,947.85,456.80,0.7358,962.75,453.32,0.7600,940.41,454.32,0.8541,969.20,461.76,0.7681,929.98,476.16,0.7367,978.14,485.10,0.6634,925.51,513.40,0.6159,983.60,512.41,0.7271,926.50,544.68,0.6105,963.25,531.77,0.6260,941.90,534.26,0.5987,968.71,574.48,0.5978,939.91,574.48,0.4293,953.32,606.75,0.6538,948.35,618.17,0.3523
220,bottom,3,902.19,534.84,976.52,716.44,949.55,536.08,0.4444,950.44,533.42,0.2178,963.74,533.42,0.2697,939.35,539.63,0.4407,961.52,540.51,0.5776,926.05,551.15,0.5181,963.30,548.49,0.6203,911.87,584.41,0.3785,968.62,580.86,0.5027,908.76,619.87,0.3210,970.83,585.29,0.3980,915.41,594.60,0.5496,938.91,595.05,0.5099,922.51,642.04,0.6016,946.89,644.26,0.6150,926.50,688.59,0.6402,945.56,696.13,0.6383
221,top,1,919.64,431.68,988.28,633.26,953.96,461.11,0.7706,957.89,455.69,0.7470,949.04,456.19,0.7301,963.31,453.23,0.7659,941.65,454.22,0.8308,968.72,461.60,0.7777,930.83,476.37,0.7419,977.09,485.22,0.6599,926.40,513.28,0.6193,982.01,511.31,0.7086,927.87,544.77,0.6113,963.31,530.01,0.6276,942.64,532.47,0.6029,968.23,572.33,0.6083,941.65,573.32,0.4402,953.46,607.28,0.6489,947.07,616.63,0.3805
221,bottom,3,898.56,535.76,975.09,708.74,949.07,538.21,0.4872,948.65,536.52,0.2188,960.48,534.84,0.2582,941.47,541.17,0.4606,960.90,542.44,0.5903,925.00,553.84,0.5292,962.16,550.46,0.6285,908.53,586.36,0.4718,968.50,580.02,0.5512,905.57,622.25,0.4567,968.92,591.00,0.4033,914.02,593.54,0.5816,936.40,593.11,0.5469,922.04,641.68,0.6260,942.74,642.10,0.6346,925.00,687.71,0.6466,938.09,690.25,0.6803
222,top,0,921.33,430.58,985.59,633.89,954.45,460.76,0.7612,958.92,455.30,0.7423,949.98,455.79,0.7182,964.38,453.31,0.7660,942.54,453.81,0.8226,969.34,461.75,0.7770,931.62,476.14,0.7590,975.79,484.09,0.6526,927.15,512.88,0.6327,980.26,509.90,0.6915,929.14,545.14,0.6182,963.88,529.25,0.6369,943.53,532.23,0.6165,968.35,572.93,0.6288,945.02,573.43,0.4411,953.46,606.69,0.6043,946.51,614.13,0.4064
222,bottom,3,896.46,536.24,975.43,714.82,950.33,541.38,0.4821,946.41,540.95,0.2377,961.67,538.77,0.2861,941.61,544.44,0.4922,961.23,546.18,0.5936,925.48,555.34,0.5237,962.10,551.85,0.6359,907.17,587.16,0.4997,968.21,578.44,0.5485,904.12,620.73,0.5154,962.54,597.19,0.3081,911.97,591.96,0.5930,933.77,591.09,0.5523,920.25,640.35,0.6257,937.25,640.35,0.6303,924.17,685.26,0.6158,930.71,687.44,0.6527
223,top,0,922.89,429.93,982.97,633.96,956.42,460.21,0.7964,960.90,455.23,0.7605,951.94,455.73,0.7396,965.89,453.24,0.7825,943.97,453.74,0.8413,969.37,461.21,0.7861,932.51,475.65,0.7729,974.85,484.12,0.6802,928.03,512.02,0.6557,978.34,509.53,0.6924,931.02,543.40,0.6507,963.89,527.46,0.6651,943.97,529.95,0.6450,967.88,574.29,0.6605,947.45,573.79,0.4815,959.91,608.16,0.5763,946.96,615.13,0.4957
223,bottom,3,895.84,536.08,975.48,715.81,951.46,543.01,0.4969,945.75,542.13,0.2569,961.55,541.69,0.3027,941.81,545.64,0.5053,960.67,547.84,0.5942,926.45,556.17,0.5310,961.99,553.54,0.6598,906.26,588.21,0.5458,967.26,580.31,0.5816,901.87,621.12,0.5959,962.43,601.81,0.4057,910.21,592.59,0.6042,931.71,590.84,0.5572,919.43,636.91,0.6043,934.78,639.55,0.6270,922.06,677.29,0.5251,922.94,686.06,0.6458
224,top,0,923.59,429.76,981.20,632.29,959.32,458.83,0.7445,963.27,453.89,0.7398,955.36,454.38,0.6821,967.23,452.40,0.7447,945.97,452.90,0.8038,969.21,459.82,0.7782,933.60,474.66,0.7710,973.16,484.05,0.6894,928.66,511.74,0.6623,976.13,508.28,0.6761,932.61,543.39,0.6642,964.26,526.57,0.6786,944.48,528.55,0.6458,966.73,572.56,0.6841,947.94,573.55,0.4984,963.27,609.64,0.6426,944.48,617.06,0.5276
224,bottom,3,891.21,539.68,974.27,710.29,953.15,547.92,0.5246,950.65,547.51,0.2458,959.40,546.67,0.3653,944.40,547.92,0.4868,959.40,550.42,0.5958,927.74,557.92,0.5092,961.06,555.01,0.6372,905.25,591.24,0.5662,966.06,579.58,0.5485,898.58,624.15,0.6468,963.98,606.24,0.3840,909.41,592.91,0.6052,930.65,591.24,0.5532,918.58,636.65,0.5871,932.32,638.31,0.6361,921.91,681.21,0.5202,917.33,685.80,0.6607
225,top,0,923.84,428.13,981.00,634.22,960.98,458.22,0.7253,964.50,453.69,0.7206,956.95,453.69,0.6588,968.52,451.68,0.7251,947.89,452.18,0.7815,969.53,459.23,0.7871,935.32,474.32,0.7728,971.54,484.38,0.6995,929.78,511.05,0.6609,974.56,507.53,0.6806,933.81,543.75,0.6719,963.49,525.14,0.6890,944.37,527.65,0.6561,966.01,571.93,0.6872,946.89,573.44,0.5017,961.98,610.17,0.6665,942.86,618.72,0.5301
225,bottom,3,890.38,545.12,972.74,711.07,954.66,550.31,0.4560,953.04,548.28,0.2231,962.35,547.07,0.3393,944.53,549.09,0.3921,959.52,551.52,0.5318,928.32,559.63,0.4656,961.14,557.20,0.5826,903.61,592.85,0.5590,963.16,581.10,0.4543,896.72,624.45,0.6490,958.30,609.46,0.3263,907.66,592.04,0.5636,929.13,590.82,0.5268,921.43,638.63,0.4708,928.32,639.44,0.6035,924.27,682.39,0.5094,909.68,682.79,0.6161
226,top,0,924.24,426.77,979.25,633.67,963.36,455.46,0.7071,966.39,450.92,0.7274,959.82,450.92,0.6542,969.42,450.92,0.6868,949.72,450.92,0.7677,969.42,460.01,0.7778,936.59,473.65,0.7756,969.93,484.76,0.6855,930.53,510.52,0.6451,972.96,506.99,0.6329,935.58,544.36,0.6392,963.36,523.65,0.6763,944.67,525.68,0.6451,964.88,570.13,0.6821,946.69,573.16,0.5226,960.83,610.03,0.7022,942.15,618.11,0.5482
226,bottom,3,883.81,548.41,972.56,714.82,959.06,550.36,0.4381,950.93,548.73,0.2138,963.53,547.51,0.3593,945.65,548.73,0.3721,961.90,551.17,0.5325,930.62,560.11,0.4468,961.90,557.26,0.5797,903.40,590.98,0.5334,962.72,572.70,0.4874,896.90,622.27,0.5957,961.90,603.17,0.4023,907.05,590.98,0.5283,927.37,590.17,0.5088,922.09,640.15,0.4948,926.15,638.93,0.5838,924.12,686.06,0.5730,904.62,682.40,0.6333
227,top,0,923.16,424.32,979.34,635.28,965.16,453.06,0.7737,967.73,448.94,0.7652,961.55,448.94,0.6923,970.31,449.45,0.6265,951.25,448.42,0.7798,968.76,461.81,0.7944,937.86,473.15,0.7811,968.25,488.60,0.6783,932.19,509.71,0.6745,970.82,508.68,0.6206,937.34,544.22,0.6397,963.61,523.62,0.6773,945.07,526.19,0.6300,963.10,571.00,0.6660,947.13,574.09,0.5108,955.88,610.14,0.6664,941.98,620.96,0.5746
227,bottom,3,884.15,548.71,973.12,712.21,958.18,557.01,0.5022,952.19,550.62,0.2330,962.17,557.41,0.3412,948.99,551.02,0.3901,960.57,555.41,0.5282,931.83,560.60,0.4599,961.37,559.01,0.5929,903.49,594.13,0.4526,958.97,586.55,0.4265,895.50,626.87,0.5385,959.37,612.10,0.3039,905.08,591.34,0.5503,925.44,590.94,0.5180,921.85,640.84,0.5012,922.65,637.25,0.6073,925.84,687.14,0.6065,901.49,683.15,0.6605
228,top,0,923.24,423.05,978.47,631.45,968.66,450.43,0.7935,970.19,446.36,0.7267,965.61,446.36,0.6934,971.71,447.88,0.5375,953.91,447.37,0.7755,968.15,461.62,0.7645,938.64,474.34,0.7705,965.61,487.57,0.6559,934.57,510.97,0.6819,969.68,505.38,0.6269,940.17,545.57,0.6642,961.54,520.64,0.6491,943.22,523.18,0.6094,963.06,567.45,0.6612,948.82,571.52,0.5264,949.84,604.59,0.6217,942.20,618.33,0.5865
228,bottom,3,883.50,548.48,970.91,713.66,960.67,557.68,0.5074,952.20,550.02,0.1866,963.90,560.50,0.3733,949.38,550.42,0.4038,962.69,556.07,0.5589,932.44,558.89,0.4666,960.67,559.29,0.6281,903.81,589.94,0.4141,948.98,587.92,0.4352,897.36,625.83,0.5099,944.14,616.96,0.3821,904.22,591.15,0.5410,922.36,591.15,0.5349,920.75,640.35,0.5052,920.75,637.93,0.5969,925.19,687.53,0.6238,899.78,683.49,0.6572
229,top,0,923.29,422.68,980.45,632.32,970.81,448.17,0.7989,971.83,444.59,0.7098,968.25,444.59,0.7007,972.34,446.12,0.5044,956.99,446.12,0.7700,967.23,462.50,0.7374,940.61,474.27,0.7709,964.67,490.65,0.6314,936.52,511.63,0.7034,968.25,508.56,0.5723,944.19,544.90,0.6838,960.57,522.89,0.6495,941.64,525.45,0.6064,964.15,566.91,0.6445,952.38,572.03,0.5288,947.27,603.76,0.6003,941.64,619.63,0.5988
229,bottom,3,882.21,548.66,974.32,717.10,963.63,565.43,0.4899,962.40,566.67,0.1963,966.92,566.26,0.4178,952.12,552.27,0.4155,965.28,558.85,0.5972,935.67,557.62,0.4944,961.99,560.50,0.6556,913.05,583.94,0.3325,952.12,586.00,0.4981,901.94,625.07,0.3931,945.54,613.14,0.3440,902.77,591.34,0.5626,920.86,592.58,0.5465,919.63,639.87,0.5262,918.80,639.05,0.6152,925.80,689.22,0.6504,898.65,686.34,0.6990
230,top,0,926.09,420.75,980.71,633.10,973.10,445.53,0.7979,973.62,441.38,0.7037,970.51,441.38,0.7007,974.14,442.94,0.5307,959.10,443.46,0.7354,966.88,462.12,0.7200,943.03,473.01,0.7615,963.77,494.26,0.5952,938.88,510.85,0.6900,966.88,517.59,0.4947,946.66,544.03,0.6722,960.66,522.78,0.6290,942.51,525.89,0.5858,965.84,566.32,0.6676,950.29,573.06,0.5858,950.29,605.21,0.6603,940.44,622.32,0.6685
230,bottom,3,882.06,548.00,974.54,719.01,964.62,565.46,0.5378,964.21,564.62,0.2569,967.96,564.62,0.4588,953.77,550.01,0.3884,965.04,556.69,0.5912,937.07,556.69,0.4713,961.28,559.61,0.6067,919.12,579.65,0.3319,948.76,580.07,0.4156,920.79,607.62,0.1972,943.33,603.87,0.3261,902.83,592.59,0.5336,918.28,593.85,0.5427,918.70,639.77,0.5507,917.03,639.77,0.6157,925.80,689.04,0.6481,898.66,688.20,0.6966
231,top,2,926.23,421.13,982.75,639.90,975.32,443.99,0.7830,975.86,439.72,0.6740,973.19,440.25,0.7132,974.26,441.85,0.4616,961.97,442.92,0.7546,964.64,463.22,0.6889,945.95,471.23,0.7687,961.97,497.93,0.5754,941.14,509.68,0.7014,964.64,525.71,0.4868,949.15,542.80,0.6818,959.84,525.17,0.5754,942.21,527.31,0.5864,965.71,566.30,0.5923,949.69,571.64,0.5692,951.82,609.03,0.6987,940.61,626.65,0.6725
231,bottom,3,886.60,545.31,977.82,719.77,967.99,569.50,0.5975,968.42,567.80,0.3446,970.12,564.39,0.5133,953.08,550.33,0.3484,967.57,556.72,0.6007,939.45,555.44,0.4780,960.75,557.57,0.5738,919.86,578.87,0.3126,948.40,564.39,0.4855,924.97,605.70,0.2570,941.16,588.24,0.3998,901.97,593.35,0.5556,915.60,594.20,0.5802,919.01,639.35,0.5800,915.60,639.78,0.6409,926.25,689.61,0.6422,898.99,690.89,0.7229
232,top,3,925.80,418.80,983.24,644.91,976.05,442.98,0.8136,976.60,438.56,0.6847,973.84,439.11,0.7165,974.94,440.77,0.4714,963.90,441.87,0.7505,964.45,462.85,0.6959,949.00,470.03,0.7834,961.14,498.18,0.5565,944.03,508.67,0.7300,962.80,527.44,0.4903,952.86,541.24,0.6894,958.38,525.23,0.5719,943.48,527.99,0.6274,967.21,563.87,0.6093,948.45,573.81,0.6066,951.21,609.69,0.7323,940.72,629.56,0.6940
232,bottom,2,887.51,543.93,981.38,720.92,971.60,567.18,0.6594,972.04,565.02,0.4055,972.47,561.99,0.5561,962.96,546.87,0.3956,970.31,555.08,0.6330,949.13,552.49,0.5217,961.23,556.38,0.6455,924.07,577.12,0.3130,943.95,562.43,0.5420,921.05,603.04,0.2612,933.15,590.94,0.5124,903.76,594.83,0.5524,912.84,596.13,0.6114,919.32,640.64,0.5918,914.57,641.50,0.6581,926.23,689.90,0.6863,900.31,693.79,0.7459
233,top,3,926.37,419.06,982.09,645.05,976.85,442.12,0.8279,976.85,438.81,0.7023,974.65,438.81,0.7247,971.89,441.02,0.4620,965.82,441.57,0.7700,962.51,460.88,0.6693,950.92,468.06,0.7945,959.75,496.75,0.5191,947.06,506.68,0.7592,963.06,525.99,0.5109,956.99,538.13,0.7032,956.99,525.44,0.5564,944.30,528.20,0.6579,961.96,566.27,0.5494,947.61,575.09,0.5693,950.92,610.96,0.7666,937.68,630.82,0.6569
233,bottom,0,888.31,538.37,982.48,721.89,973.03,565.17,0.8016,974.82,561.58,0.5875,973.92,559.79,0.6943,961.38,546.80,0.4424,969.00,553.07,0.7147,951.52,552.17,0.6126,961.38,554.41,0.7297,927.33,580.40,0.3306,941.67,558.89,0.7436,926.88,603.70,0.2691,930.47,590.70,0.7004,905.38,595.63,0.5765,910.30,596.08,0.6486,920.16,639.54,0.6192,914.34,642.67,0.6973,925.99,690.17,0.7227,902.69,698.23,0.7822
234,top,3,928.29,415.49,983.16,639.12,977.56,439.40,0.8370,977.56,435.58,0.7098,975.92,436.13,0.7437,961.18,438.86,0.4917,967.19,438.86,0.7629,961.18,458.51,0.6428,952.99,466.15,0.7694,961.18,494.00,0.4878,950.81,503.28,0.7306,963.91,522.93,0.5010,960.09,534.40,0.7078,956.27,522.93,0.5187,945.35,525.66,0.6373,959.55,567.16,0.5525,948.08,572.62,0.5136,951.90,611.38,0.7140,936.07,623.39,0.5951
234,bottom,0,886.85,533.62,985.05,727.13,974.69,560.92,0.8218,977.05,557.62,0.6364,974.69,555.25,0.7583,960.52,543.44,0.4246,968.55,549.11,0.7483,952.49,553.36,0.6057,958.63,552.42,0.7262,935.01,592.58,0.3872,935.95,558.56,0.7592,939.73,634.62,0.3388,926.98,592.58,0.6540,907.61,596.83,0.5473,906.19,597.30,0.6683,920.83,641.24,0.6121,913.75,645.02,0.6951,926.50,690.84,0.7243,904.30,701.24,0.7765
235,top,3,928.32,415.63,983.45,637.18,976.98,437.70,0.8411,977.52,433.91,0.6969,975.90,434.45,0.7365,962.38,436.62,0.5252,968.33,437.16,0.7854,954.26,454.47,0.6501,955.89,465.28,0.7850,956.97,491.79,0.4054,953.72,502.61,0.7425,965.08,520.46,0.4657,962.38,531.82,0.7215,955.34,523.70,0.5386,946.69,526.95,0.6556,959.67,568.60,0.6121,949.94,574.01,0.5164,951.56,612.41,0.7505,934.79,624.31,0.5303
235,bottom,0,886.72,528.14,986.31,730.57,976.55,556.21,0.8228,979.02,551.77,0.6953,976.06,549.79,0.7883,970.62,546.82,0.4180,968.15,544.35,0.8059,953.82,556.21,0.5961,954.80,550.78,0.7010,941.46,596.74,0.4135,932.07,559.67,0.7449,948.87,630.84,0.3416,924.66,594.27,0.6218,909.34,598.72,0.5260,905.38,599.21,0.6573,919.72,643.69,0.6112,914.28,646.66,0.7116,925.15,691.63,0.6973,906.87,704.48,0.7817
236,top,3,931.10,411.42,984.20,636.17,976.31,435.45,0.8901,976.85,432.16,0.7300,975.21,432.71,0.7596,964.23,434.90,0.6033,969.17,435.45,0.7864,953.81,452.46,0.7187,958.20,462.89,0.8042,944.48,489.77,0.4801,956.55,500.20,0.7508,966.43,517.76,0.5153,964.78,529.28,0.7236,954.91,523.24,0.5823,948.87,526.54,0.6957,959.84,568.79,0.6639,953.26,573.73,0.5541,952.71,612.68,0.7352,941.19,623.11,0.5336
236,bottom,0,886.02,521.78,986.26,733.93,977.06,551.20,0.8507,979.13,546.53,0.7383,976.54,544.98,0.8354,965.66,542.91,0.4443,966.70,541.35,0.8429,954.27,556.38,0.6105,952.71,549.64,0.7005,943.91,597.29,0.4857,928.37,560.52,0.7124,951.68,626.30,0.4447,922.67,596.78,0.6799,908.69,599.88,0.5408,905.06,600.40,0.6663,919.57,644.95,0.6189,914.90,649.61,0.7219,923.71,691.56,0.6915,908.69,707.62,0.7901
237,top,3,932.67,407.18,984.90,640.94,975.33,432.18,0.8806,976.48,429.90,0.7005,974.76,429.90,0.7352,964.49,432.18,0.6349,969.06,433.32,0.7728,951.93,449.87,0.7551,961.07,461.28,0.8025,941.66,485.83,0.5605,958.78,498.95,0.7318,967.34,514.93,0.5092,968.49,529.20,0.7138,951.36,521.21,0.5508,951.36,524.63,0.6826,963.35,569.15,0.6542,958.21,573.71,0.5981,953.65,615.95,0.6424,943.37,626.79,0.6076
237,bottom,0,884.71,518.21,987.75,735.54,977.08,546.22,0.8643,978.14,541.45,0.7422,976.02,540.39,0.8264,967.53,538.80,0.4810,965.94,538.80,0.8286,953.21,555.24,0.6320,950.02,549.41,0.7024,945.78,592.39,0.5218,923.49,562.67,0.7591,958.51,618.91,0.3975,921.37,598.75,0.7006,909.17,602.47,0.5538,904.92,602.47,0.6839,920.31,647.04,0.6108,916.60,652.34,0.7497,923.49,691.61,0.6924,910.23,709.65,0.8119
238,top,3,932.11,406.75,986.84,639.99,974.85,431.12,0.9010,976.56,428.84,0.6931,974.28,428.84,0.7159,964.03,431.69,0.6379,969.72,431.69,0.7681,950.93,445.93,0.8309,962.89,459.59,0.8224,937.26,474.97,0.6553,960.61,497.18,0.7272,964.60,508.56,0.4658,972.00,529.63,0.7349,949.22,517.11,0.6204,953.21,520.52,0.7117,965.17,568.36,0.6305,964.03,571.20,0.6513,953.21,615.62,0.5694,945.24,623.02,0.6485
238,bottom,0,884.63,516.01,989.72,735.04,976.74,541.57,0.8347,977.28,537.29,0.7496,975.14,536.76,0.7789,971.93,536.23,0.4571,962.84,535.69,0.7666,952.68,558.68,0.6188,946.80,549.06,0.7033,949.47,596.12,0.5865,920.06,566.17,0.7923,971.39,620.71,0.5138,920.06,601.46,0.7198,911.50,604.67,0.5859,904.02,604.67,0.7035,921.66,650.66,0.6232,918.46,654.94,0.7559,922.20,692.37,0.6370,910.97,712.69,0.8017
