frame,player,det_idx,bbox_x1,bbox_y1,bbox_x2,bbox_y2,nose_x,nose_y,nose_s,L_eye_x,L_eye_y,L_eye_s,R_eye_x,R_eye_y,R_eye_s,L_ear_x,L_ear_y,L_ear_s,R_ear_x,R_ear_y,R_ear_s,L_shoulder_x,L_shoulder_y,L_shoulder_s,R_shoulder_x,R_shoulder_y,R_shoulder_s,L_elbow_x,L_elbow_y,L_elbow_s,R_elbow_x,R_elbow_y,R_elbow_s,L_wrist_x,L_wrist_y,L_wrist_s,R_wrist_x,R_wrist_y,R_wrist_s,L_hip_x,L_hip_y,L_hip_s,R_hip_x,R_hip_y,R_hip_s,L_knee_x,L_knee_y,L_knee_s,R_knee_x,R_knee_y,R_knee_s,L_ankle_x,L_ankle_y,L_ankle_s,R_ankle_x,R_ankle_y,R_ankle_s
0,top,1,938.54,365.63,1008.18,579.86,973.36,383.83,0.8649,977.55,379.65,0.8708,970.23,379.65,0.8792,985.39,381.74,0.8454,966.04,381.74,0.8114,997.95,406.85,0.8098,956.10,403.71,0.8294,1000.04,439.80,0.8045,951.40,435.09,0.7881,1001.08,470.65,0.7416,945.12,463.86,0.7539,983.30,466.47,0.6259,964.47,465.95,0.6400,981.21,511.45,0.7524,968.13,510.40,0.6797,977.02,558.00,0.8204,986.44,541.79,0.7559
0,bottom,0,755.99,576.04,839.05,841.52,804.00,599.89,0.7630,805.30,594.71,0.5571,806.60,595.36,0.5734,789.75,599.25,0.7845,809.84,601.84,0.7701,774.19,625.17,0.8380,816.97,637.49,0.8222,762.52,662.76,0.8163,821.50,680.26,0.8004,762.52,695.82,0.8434,830.58,715.26,0.7982,783.91,711.38,0.6894,804.65,712.67,0.6806,793.63,758.69,0.7188,802.71,764.52,0.7571,795.58,806.01,0.7207,784.56,824.15,0.7732
1,top,1,935.77,365.51,1009.23,579.78,973.02,383.71,0.8714,977.73,379.53,0.8606,969.88,379.53,0.8877,985.05,381.62,0.8496,965.70,381.10,0.7957,997.61,407.25,0.8002,955.76,403.59,0.8208,1000.22,440.21,0.7765,951.05,433.93,0.7795,1002.32,470.03,0.7248,944.77,462.70,0.7459,983.48,465.32,0.6127,964.13,464.79,0.6252,980.87,510.31,0.7554,968.31,509.26,0.6716,977.21,558.43,0.8076,986.62,542.22,0.7357
1,bottom,0,756.85,575.69,839.49,842.08,805.32,599.63,0.7633,805.97,594.42,0.5706,807.28,595.07,0.6131,789.07,598.97,0.7793,809.88,601.58,0.7740,774.76,624.99,0.8461,816.38,638.00,0.8270,763.70,663.36,0.8187,821.58,680.92,0.8091,763.70,695.88,0.8387,831.34,716.04,0.8042,783.86,710.84,0.6901,804.02,712.14,0.6759,794.27,758.31,0.7058,802.72,764.81,0.7559,794.92,805.79,0.7206,784.51,824.00,0.7772
2,top,1,935.67,365.68,1012.05,579.84,972.81,384.40,0.8500,976.99,380.22,0.8762,969.67,380.22,0.8632,984.31,382.31,0.8250,965.49,381.79,0.8160,997.38,407.41,0.8044,956.08,403.22,0.8273,1001.04,439.82,0.7785,950.85,434.07,0.7901,1005.75,469.10,0.7326,943.53,461.78,0.7589,983.79,465.44,0.6294,964.45,464.92,0.6409,981.18,510.40,0.7559,968.63,509.88,0.6855,976.99,557.98,0.8145,985.88,541.77,0.7173
2,bottom,0,756.72,575.15,840.29,841.81,805.01,599.76,0.7680,805.66,594.55,0.5651,806.97,595.20,0.6108,789.39,599.11,0.7824,809.57,601.06,0.7744,774.41,625.15,0.8444,816.08,637.52,0.8294,763.35,663.56,0.8177,821.94,680.49,0.8066,764.65,695.46,0.8397,831.70,716.29,0.8049,784.18,711.09,0.6907,804.36,712.39,0.6748,794.60,758.61,0.7065,803.06,764.47,0.7560,794.60,805.48,0.7145,784.83,823.71,0.7717
3,top,1,934.01,365.56,1014.62,579.81,972.22,385.86,0.8050,976.41,381.67,0.8438,969.08,381.67,0.8131,983.73,382.72,0.8196,965.42,382.20,0.7952,997.33,407.30,0.8074,956.01,403.12,0.8378,1002.04,440.26,0.7799,950.78,433.46,0.7982,1008.31,470.59,0.7233,942.93,461.18,0.7780,983.21,465.89,0.6334,964.90,465.36,0.6470,980.59,510.35,0.7529,968.56,509.30,0.6884,976.93,557.95,0.8222,986.87,542.78,0.7484
3,bottom,0,757.71,575.56,840.83,842.07,805.12,599.51,0.7716,805.78,594.30,0.5573,807.08,594.95,0.6186,789.51,598.86,0.7846,809.68,600.81,0.7810,774.54,624.88,0.8480,816.19,637.89,0.8424,763.48,663.27,0.8193,822.04,680.84,0.8075,765.44,695.15,0.8350,832.45,716.62,0.8039,784.30,710.77,0.6892,805.12,712.07,0.6675,794.06,758.26,0.6955,802.52,764.12,0.7439,794.06,805.76,0.7160,784.95,823.33,0.7677
4,top,1,932.28,364.88,1015.69,579.81,971.89,386.29,0.7953,976.08,382.09,0.8265,968.74,382.09,0.7987,983.43,382.62,0.8107,965.06,382.62,0.7857,997.07,407.80,0.8051,955.62,403.08,0.8376,1002.32,440.86,0.7705,950.37,432.99,0.7871,1009.14,470.77,0.7161,942.50,460.28,0.7707,982.90,466.05,0.6276,964.54,465.53,0.6407,980.81,510.65,0.7556,968.21,509.60,0.6970,977.13,557.88,0.8213,986.58,542.14,0.7494
4,bottom,0,758.05,575.51,840.08,842.06,805.58,599.46,0.7702,805.58,594.25,0.5626,807.53,594.90,0.6271,789.31,598.81,0.7840,810.13,600.76,0.7866,774.34,624.84,0.8491,815.99,637.85,0.8417,763.93,663.88,0.8223,821.85,680.80,0.8078,765.88,694.47,0.8344,832.91,715.94,0.7910,784.10,710.74,0.6951,804.93,712.04,0.6710,793.86,758.24,0.7031,802.32,764.10,0.7475,793.86,805.75,0.7158,785.40,823.32,0.7710
5,top,1,931.30,363.75,1015.83,580.22,971.98,385.84,0.7747,976.21,382.14,0.7968,968.28,382.14,0.7748,983.61,382.67,0.7992,964.58,382.67,0.7797,996.82,408.03,0.8017,955.07,403.28,0.8383,1002.63,440.80,0.7648,950.31,433.40,0.7846,1010.03,469.87,0.7115,941.33,460.36,0.7661,983.08,466.17,0.6218,964.05,465.64,0.6337,980.43,511.09,0.7519,968.28,510.03,0.6868,976.74,558.66,0.8216,986.78,542.27,0.7475
5,bottom,0,758.25,575.50,841.69,842.12,805.18,599.45,0.7798,805.83,594.24,0.5647,806.48,594.24,0.6303,789.56,598.80,0.7710,809.74,600.75,0.7765,774.59,624.84,0.8471,815.60,637.86,0.8467,764.17,663.89,0.8265,821.45,680.82,0.8005,766.78,695.14,0.8285,833.17,716.62,0.7785,784.35,710.76,0.6884,805.18,712.06,0.6602,794.12,758.28,0.6977,802.58,764.14,0.7488,794.12,806.45,0.7179,785.65,823.37,0.7642
6,top,1,930.56,363.64,1016.55,580.32,971.97,388.93,0.7889,976.20,385.22,0.8105,968.26,385.22,0.7906,983.08,384.17,0.8171,964.56,384.17,0.7773,996.30,407.97,0.8035,955.04,403.21,0.8414,1002.65,440.77,0.7745,949.75,432.84,0.7887,1010.58,470.40,0.7213,940.23,459.82,0.7754,983.08,466.69,0.6342,964.03,466.16,0.6459,980.43,511.13,0.7591,968.26,509.54,0.6931,976.73,558.21,0.8283,986.78,542.34,0.7570
6,bottom,0,758.22,574.80,840.66,842.10,804.66,599.47,0.7745,805.31,593.60,0.5595,806.62,594.25,0.6298,789.65,598.82,0.7795,809.88,600.78,0.7768,774.64,624.92,0.8487,815.76,637.97,0.8453,764.20,664.08,0.8304,821.63,681.05,0.8064,767.46,694.10,0.8255,832.72,716.28,0.8009,784.43,711.06,0.6936,804.66,712.37,0.6706,794.22,758.05,0.6884,802.05,764.58,0.7486,794.22,805.69,0.7141,785.08,823.31,0.7642
7,top,1,929.44,362.70,1016.95,580.47,971.07,389.71,0.8088,975.85,385.99,0.8264,967.88,385.46,0.8111,983.30,384.93,0.8260,964.16,384.93,0.7821,996.06,408.32,0.7986,955.12,403.00,0.8446,1002.44,440.75,0.7754,949.27,432.78,0.7897,1010.94,469.46,0.7228,939.17,459.36,0.7733,983.30,466.27,0.6429,964.16,466.27,0.6548,980.11,510.93,0.7682,967.88,509.87,0.6900,976.39,558.78,0.8326,986.49,542.83,0.7624
7,bottom,0,758.46,575.45,840.96,842.08,804.92,599.41,0.7787,805.57,593.55,0.5669,806.87,594.20,0.6374,789.29,598.11,0.7660,809.47,600.71,0.7793,774.97,624.79,0.8432,815.33,637.81,0.8427,763.91,664.50,0.8221,821.19,680.77,0.8059,767.81,694.44,0.8065,832.91,715.27,0.7958,784.09,710.72,0.6833,804.92,712.67,0.6605,793.85,757.59,0.6948,802.31,764.09,0.7449,793.20,805.75,0.7119,785.39,823.33,0.7628
8,top,1,927.69,363.66,1017.40,580.15,970.43,389.98,0.8024,974.66,385.75,0.8183,966.73,385.75,0.8033,982.59,384.70,0.8234,963.56,384.70,0.7687,996.33,408.48,0.7996,954.58,403.19,0.8425,1002.67,440.72,0.7793,948.23,432.79,0.7905,1011.13,469.26,0.7202,937.66,459.75,0.7698,983.12,466.09,0.6368,964.09,466.09,0.6500,979.95,510.49,0.7650,968.32,509.96,0.6934,976.77,558.59,0.8322,986.29,542.73,0.7575
8,bottom,0,758.49,575.42,840.31,842.07,805.26,598.72,0.7754,805.91,593.52,0.5610,806.56,594.17,0.6342,789.63,598.07,0.7703,809.16,600.68,0.7796,774.66,624.76,0.8440,815.02,637.78,0.8452,764.24,663.82,0.8202,820.88,680.75,0.8069,768.15,693.77,0.8006,833.25,715.25,0.8054,784.42,710.70,0.6867,805.26,712.00,0.6671,794.19,757.57,0.6958,802.65,764.08,0.7476,793.54,805.74,0.7146,785.73,823.32,0.7669
9,top,1,926.41,364.62,1017.59,581.04,969.89,390.93,0.7582,973.58,387.23,0.7612,966.19,387.23,0.7592,981.51,385.65,0.7943,963.02,386.18,0.7426,995.78,408.37,0.7895,954.56,403.61,0.8320,1002.64,441.13,0.7727,947.17,433.20,0.7861,1011.10,469.13,0.7222,936.60,460.15,0.7662,983.09,464.90,0.6320,964.07,465.43,0.6438,979.40,509.82,0.7732,967.77,509.29,0.6853,976.23,558.95,0.8239,986.79,543.10,0.7608
9,bottom,0,758.42,575.23,838.47,842.12,804.31,599.21,0.7784,805.61,594.00,0.5691,806.26,594.00,0.6235,789.32,598.56,0.7766,809.52,600.51,0.7769,774.33,624.62,0.8466,815.39,637.66,0.8389,763.91,663.72,0.8209,821.25,680.66,0.8106,768.47,693.04,0.7970,832.98,713.89,0.8028,784.11,710.63,0.6898,804.96,711.94,0.6719,794.53,758.20,0.7040,802.35,764.06,0.7587,794.53,805.77,0.7183,784.76,823.36,0.7771
10,top,1,925.39,366.27,1016.55,579.55,969.93,391.68,0.7687,974.09,387.52,0.7728,966.28,387.52,0.7672,981.38,386.48,0.8041,962.64,387.00,0.7421,995.44,408.87,0.7932,953.79,403.66,0.8328,1002.21,441.67,0.7847,946.50,432.82,0.7849,1011.06,470.31,0.7353,935.04,460.93,0.7592,982.95,464.06,0.6362,964.20,464.06,0.6435,978.78,508.32,0.7778,967.85,509.36,0.6793,976.18,558.30,0.8247,986.59,543.72,0.7746
10,bottom,0,758.40,575.17,838.46,842.07,804.94,599.15,0.7730,805.59,593.93,0.5651,806.25,593.93,0.6207,789.30,598.50,0.7777,809.50,600.45,0.7758,774.32,624.56,0.8461,815.37,637.59,0.8370,763.24,664.31,0.8227,821.23,680.60,0.8082,768.45,692.98,0.8001,832.31,713.83,0.8021,784.09,711.22,0.6915,804.94,711.88,0.6758,794.52,758.14,0.7044,802.34,764.66,0.7602,794.52,805.71,0.7136,785.39,823.30,0.7766
11,top,1,925.00,364.98,1015.06,580.24,970.55,392.20,0.7713,974.23,388.00,0.7674,966.35,388.52,0.7687,981.59,386.95,0.8115,962.67,387.47,0.7532,995.26,409.02,0.7984,953.74,403.76,0.8288,1002.09,442.13,0.7836,945.33,432.67,0.7849,1010.50,470.51,0.7329,934.29,460.00,0.7602,983.17,463.68,0.6418,964.25,463.68,0.6468,978.44,507.82,0.7750,967.40,507.82,0.6853,975.81,557.75,0.8205,986.32,543.03,0.7758
11,bottom,0,758.41,575.18,838.88,842.07,805.16,599.16,0.7802,805.81,593.29,0.5744,806.46,593.94,0.6347,789.52,597.85,0.7717,809.07,600.46,0.7776,774.54,624.57,0.8441,814.93,637.60,0.8411,763.46,663.66,0.8242,821.45,680.60,0.8073,767.37,693.64,0.8036,832.53,714.49,0.8041,783.66,710.58,0.6931,804.51,711.88,0.6718,794.08,758.79,0.7006,801.90,764.66,0.7591,794.73,806.36,0.7132,784.96,823.30,0.7772
12,top,1,922.37,366.28,1015.38,579.97,969.40,392.78,0.7967,973.57,389.13,0.7946,965.75,389.13,0.7976,980.88,388.09,0.8373,962.09,388.61,0.7503,994.44,409.48,0.8032,953.23,404.26,0.8307,1001.22,442.35,0.7820,944.36,432.96,0.7952,1009.57,470.52,0.7454,932.88,461.13,0.7744,982.96,464.78,0.6505,964.18,464.78,0.6526,978.27,508.08,0.7862,967.31,508.08,0.6938,975.66,557.12,0.8266,986.09,543.04,0.7735
12,bottom,0,758.36,575.07,838.43,842.12,804.92,599.06,0.7795,806.22,593.20,0.5712,806.87,593.85,0.6326,789.27,597.76,0.7805,809.48,600.37,0.7811,774.27,624.49,0.8488,815.35,637.53,0.8410,763.19,663.61,0.8287,821.22,680.56,0.8075,767.10,693.60,0.8176,832.30,715.12,0.7991,784.05,711.20,0.6920,804.92,711.86,0.6745,794.48,758.80,0.7052,801.66,764.67,0.7641,794.48,805.74,0.7169,784.70,823.34,0.7804
13,top,1,920.17,368.61,1015.32,579.68,967.74,393.25,0.8078,971.87,389.12,0.8000,964.14,389.12,0.8015,980.11,387.58,0.8449,961.04,388.09,0.7364,994.02,410.25,0.8030,952.80,404.58,0.8306,1000.72,443.23,0.7683,943.01,433.44,0.7862,1009.48,471.57,0.7288,931.67,460.23,0.7649,982.69,463.84,0.6301,963.62,464.87,0.6331,978.57,508.67,0.7704,967.74,508.67,0.6857,975.47,557.63,0.8194,986.29,543.71,0.7659
13,bottom,0,757.93,573.76,838.10,842.59,804.58,598.57,0.7830,805.89,593.32,0.5728,805.89,593.97,0.6275,788.83,597.91,0.7853,809.17,600.54,0.7799,774.39,624.82,0.8512,815.74,637.95,0.8405,763.23,664.20,0.8346,821.64,680.61,0.8069,766.51,694.39,0.8310,832.14,715.39,0.7993,783.58,710.80,0.6907,804.58,712.11,0.6712,794.08,758.71,0.7034,801.95,765.27,0.7686,794.73,805.31,0.7322,784.89,824.34,0.7832
14,top,1,922.38,369.72,1015.23,581.69,967.25,393.94,0.7866,971.91,389.80,0.7883,963.63,389.80,0.7832,979.67,388.77,0.8275,960.53,388.77,0.7412,993.65,411.54,0.7975,952.76,404.81,0.8279,999.86,445.17,0.7549,942.93,432.24,0.7782,1008.65,474.67,0.7040,932.06,458.63,0.7729,983.30,464.84,0.6115,964.15,465.36,0.6152,978.64,510.38,0.7610,967.25,508.83,0.6797,975.53,559.54,0.8114,986.40,542.46,0.7713
14,bottom,0,757.71,574.76,837.91,842.20,804.99,598.79,0.7782,806.30,592.91,0.5727,806.95,593.57,0.6196,789.32,597.48,0.7761,809.56,600.10,0.7790,774.31,624.25,0.8450,815.44,637.97,0.8338,763.21,663.43,0.8348,821.97,680.41,0.8046,765.82,694.12,0.8361,831.76,715.66,0.7852,783.45,711.09,0.6896,804.34,712.40,0.6715,794.55,758.76,0.6984,801.73,765.29,0.7636,794.55,805.77,0.7315,784.75,824.05,0.7801
15,top,1,921.62,371.53,1014.44,584.59,966.99,395.87,0.7819,971.15,391.71,0.7851,963.35,391.71,0.7907,979.47,390.15,0.8310,959.71,390.67,0.7474,993.00,413.04,0.8091,952.42,405.76,0.8335,999.24,446.33,0.7658,941.50,433.84,0.7919,1008.08,476.50,0.7059,931.10,458.81,0.7910,983.11,467.66,0.6123,964.39,468.18,0.6125,978.43,512.39,0.7429,969.59,511.87,0.6545,975.31,560.24,0.8042,986.75,543.08,0.7838
15,bottom,0,757.11,574.10,837.76,842.16,805.29,598.19,0.7852,806.60,592.95,0.5870,807.25,593.60,0.6292,788.93,597.53,0.7793,809.22,600.15,0.7763,774.53,624.36,0.8455,815.76,637.45,0.8286,762.75,663.63,0.8337,821.65,679.99,0.8055,765.37,694.39,0.8397,832.12,715.33,0.7826,783.69,710.75,0.6850,803.98,712.06,0.6700,794.16,758.53,0.7009,801.36,765.07,0.7635,794.16,805.65,0.7269,784.35,823.32,0.7756
16,top,1,921.53,370.45,1011.33,587.90,965.90,397.41,0.7929,970.67,393.17,0.7966,962.71,393.17,0.8207,978.64,391.57,0.8692,958.99,392.11,0.7669,991.91,414.40,0.8174,952.09,406.97,0.8361,997.75,447.32,0.7640,940.94,434.05,0.7962,1005.71,477.05,0.7091,930.33,459.00,0.7943,982.88,469.61,0.6362,964.30,470.68,0.6329,979.17,513.68,0.7596,970.67,513.15,0.6898,975.45,560.93,0.8163,987.13,543.41,0.7931
16,bottom,0,757.17,574.51,838.18,842.22,804.86,598.56,0.7798,806.17,592.68,0.5774,806.82,593.33,0.6272,789.18,597.91,0.7801,809.44,599.87,0.7807,774.14,624.71,0.8419,815.32,637.13,0.8286,763.03,663.27,0.8327,821.86,680.26,0.8050,764.34,694.64,0.8416,832.97,714.25,0.7877,783.29,710.98,0.6874,804.21,712.29,0.6734,794.41,758.04,0.6995,801.59,764.58,0.7601,794.41,805.10,0.7362,784.60,823.40,0.7790
17,top,1,920.85,373.47,1009.52,590.51,964.13,398.27,0.8314,968.90,394.03,0.8218,960.95,394.03,0.8478,977.90,392.97,0.8856,958.30,392.97,0.7558,990.62,415.76,0.8248,951.41,408.87,0.8418,996.45,448.61,0.7711,939.75,435.36,0.8052,1004.93,478.81,0.7047,929.16,459.21,0.8067,982.67,471.92,0.6282,964.13,472.98,0.6181,979.49,516.43,0.7584,970.49,515.37,0.6992,974.73,562.00,0.8035,987.44,541.34,0.7654
17,bottom,0,756.31,573.67,838.18,842.02,805.10,598.44,0.7792,806.42,592.54,0.5801,807.07,593.20,0.6199,788.73,597.13,0.7783,809.69,599.75,0.7754,774.31,623.99,0.8451,815.59,637.09,0.8241,762.52,663.30,0.8345,822.14,679.68,0.8063,763.18,695.40,0.8436,833.28,714.40,0.7898,783.48,710.47,0.6793,803.79,711.78,0.6711,793.97,758.29,0.7016,801.83,764.85,0.7642,794.62,805.46,0.7262,784.80,823.81,0.7753
18,top,1,919.45,380.06,1008.57,590.56,964.01,400.51,0.8315,968.12,396.40,0.8132,960.41,396.40,0.8319,977.37,394.86,0.8999,957.33,395.37,0.7342,990.22,419.01,0.8277,950.65,409.76,0.8349,995.36,451.90,0.7612,938.83,435.46,0.7981,1003.07,481.20,0.7111,929.07,459.10,0.7638,983.03,471.95,0.6296,964.01,472.97,0.6136,979.94,516.66,0.7392,970.18,515.11,0.6835,974.80,562.39,0.7886,987.14,541.84,0.7318
18,bottom,0,755.77,573.39,837.80,842.05,805.31,598.19,0.7573,805.97,592.28,0.5672,807.28,592.94,0.6018,788.91,597.53,0.7746,809.24,599.50,0.7663,773.83,623.77,0.8411,815.80,636.88,0.8159,762.68,663.12,0.8346,822.36,679.52,0.8064,762.68,695.26,0.8512,832.86,713.62,0.7877,783.01,711.00,0.6807,804.00,712.31,0.6772,794.16,758.88,0.7080,801.37,764.79,0.7637,794.16,805.45,0.7250,784.32,823.82,0.7747
19,top,1,918.24,384.99,1005.70,589.22,962.97,402.84,0.8288,966.96,399.35,0.7933,959.48,398.85,0.8158,975.93,398.85,0.8936,956.49,398.85,0.7045,988.90,420.29,0.8307,949.51,411.32,0.8357,993.88,453.20,0.7364,938.04,436.75,0.7893,1001.86,484.12,0.7128,928.07,460.68,0.7616,982.42,472.15,0.6476,964.47,473.15,0.6247,979.42,516.03,0.7161,970.45,515.53,0.6772,974.94,562.40,0.7545,986.41,541.95,0.7124
19,bottom,0,755.29,573.09,838.64,842.23,805.51,597.93,0.7645,805.51,592.67,0.5731,807.48,592.67,0.6134,788.42,597.27,0.7830,809.45,599.90,0.7715,773.97,624.21,0.8434,815.36,636.69,0.8178,762.14,663.63,0.8384,821.93,679.40,0.8071,762.14,695.83,0.8492,833.10,714.23,0.7910,783.17,710.94,0.6881,804.19,712.26,0.6803,793.68,758.91,0.7141,801.56,764.83,0.7656,794.34,806.22,0.7247,784.48,823.31,0.7776
20,top,1,917.53,385.29,1004.19,588.82,962.35,404.57,0.8282,966.33,400.59,0.7892,958.87,400.59,0.8118,974.78,400.59,0.8801,955.40,400.10,0.6924,988.19,422.46,0.8267,948.94,413.02,0.8266,993.16,454.76,0.7204,936.51,437.36,0.7796,1000.12,486.06,0.6960,927.07,461.21,0.7603,982.73,473.64,0.6395,964.84,474.63,0.6282,979.25,515.38,0.7036,971.79,515.38,0.6854,974.28,562.09,0.7445,986.20,543.20,0.7382
20,bottom,0,754.65,572.91,839.41,842.30,805.58,597.77,0.7656,805.58,592.51,0.5746,807.56,593.17,0.6242,788.48,597.12,0.7861,809.53,599.75,0.7788,774.01,624.08,0.8421,815.45,635.92,0.8204,762.18,663.54,0.8371,822.03,679.33,0.8080,762.18,695.77,0.8503,833.21,714.84,0.7887,783.22,710.90,0.6877,803.61,711.56,0.6798,793.75,758.91,0.7110,801.64,764.83,0.7634,794.40,805.61,0.7261,784.54,823.36,0.7764
21,top,1,919.48,387.30,1003.93,588.71,960.72,405.88,0.8194,965.14,401.95,0.7767,957.77,401.46,0.7796,973.99,402.44,0.8545,954.32,401.46,0.6830,987.27,423.59,0.8154,948.42,414.24,0.8232,992.19,457.02,0.7059,935.64,439.32,0.7732,998.58,488.99,0.6803,926.30,462.92,0.7486,982.84,476.20,0.6332,965.63,477.18,0.6269,979.40,518.49,0.6851,973.50,516.52,0.6605,974.98,564.22,0.7285,987.27,544.06,0.7652
21,bottom,0,754.24,572.89,840.37,842.36,805.85,597.76,0.7689,805.85,592.50,0.5772,807.17,593.15,0.6349,788.75,597.10,0.7806,809.14,599.73,0.7767,774.28,624.08,0.8414,815.72,635.92,0.8243,762.43,662.89,0.8343,822.30,679.34,0.8111,761.78,696.44,0.8545,833.49,714.86,0.7971,782.83,710.26,0.6855,803.88,711.58,0.6712,794.01,758.29,0.7068,801.25,764.86,0.7568,794.67,806.31,0.7265,784.80,823.42,0.7770
22,top,1,918.83,389.78,1002.34,589.06,960.58,408.17,0.8202,964.48,404.28,0.7752,957.18,403.79,0.7821,973.72,404.28,0.8844,953.77,403.79,0.6738,986.37,425.68,0.8161,947.93,414.98,0.8306,990.75,458.28,0.7066,934.80,439.31,0.7764,997.07,490.88,0.6747,926.04,463.63,0.7401,982.48,475.80,0.6392,964.96,476.77,0.6291,979.56,518.61,0.6701,973.72,517.15,0.6465,974.69,564.34,0.7191,986.37,541.96,0.7185
22,bottom,0,754.24,572.86,839.97,842.40,805.66,597.74,0.7726,805.66,592.47,0.5793,807.64,593.13,0.6357,788.55,597.08,0.7870,809.61,599.71,0.7848,774.07,624.06,0.8432,816.19,635.90,0.8240,762.23,663.54,0.8351,822.11,679.33,0.8093,761.57,696.44,0.8503,833.30,714.87,0.7953,783.29,710.92,0.6889,803.69,711.58,0.6770,793.82,758.30,0.7119,801.71,764.88,0.7596,794.47,805.68,0.7240,784.60,823.45,0.7774
23,top,1,918.70,391.68,1002.10,588.60,960.40,409.85,0.7824,964.73,406.01,0.7496,957.04,405.53,0.7535,973.38,406.01,0.8595,953.19,405.53,0.6783,985.88,427.64,0.8050,947.42,416.10,0.8201,990.21,459.37,0.6758,934.44,440.14,0.7591,995.98,492.06,0.6381,925.31,465.62,0.7477,983.48,476.68,0.6019,965.69,477.16,0.5989,981.56,518.02,0.6441,974.83,516.10,0.6388,974.83,563.22,0.6901,986.84,541.10,0.6927
23,bottom,0,754.20,572.76,839.78,842.41,805.55,597.64,0.7752,805.55,592.38,0.5827,807.52,593.04,0.6291,788.43,596.99,0.7834,809.50,599.62,0.7810,773.95,623.98,0.8423,816.08,635.17,0.8222,762.10,662.82,0.8351,822.01,678.62,0.8061,761.44,695.74,0.8524,833.20,714.83,0.7964,782.51,710.22,0.6879,803.57,711.54,0.6729,793.70,758.28,0.7160,801.60,764.86,0.7627,794.36,805.68,0.7256,784.48,823.45,0.7797
24,top,1,917.83,392.39,1001.74,588.18,959.78,411.41,0.7821,964.56,408.07,0.7499,956.92,407.11,0.7571,973.17,407.59,0.8758,953.09,406.63,0.6747,985.60,428.62,0.8002,946.88,417.63,0.8161,988.94,460.17,0.6368,933.49,441.05,0.7557,993.72,491.72,0.5847,924.41,466.38,0.7398,984.16,476.42,0.5997,966.95,476.90,0.6043,981.77,517.53,0.6375,975.56,515.14,0.6240,975.08,563.42,0.6656,986.55,540.48,0.6791
24,bottom,0,754.42,572.60,838.39,842.36,805.62,598.16,0.7665,805.62,592.23,0.5793,807.60,592.89,0.6226,788.50,596.84,0.7805,809.58,599.47,0.7774,774.01,623.84,0.8403,816.16,635.04,0.8178,762.16,663.36,0.8340,822.09,678.51,0.8041,761.50,695.63,0.8452,832.63,714.73,0.7921,783.23,710.12,0.6846,803.65,711.44,0.6700,793.77,758.85,0.7152,801.01,764.78,0.7540,795.09,806.27,0.7318,784.55,823.40,0.7787
25,top,1,917.93,393.85,1001.17,588.88,960.02,412.80,0.7649,964.31,409.47,0.7312,956.69,408.52,0.7292,972.88,408.04,0.8478,952.88,408.04,0.6531,984.78,429.47,0.8024,947.17,417.56,0.8146,988.59,461.37,0.6475,933.36,440.89,0.7598,993.35,492.32,0.5878,924.31,466.13,0.7291,984.31,477.08,0.6019,967.64,477.56,0.6104,981.45,518.03,0.6411,975.74,515.17,0.6213,974.31,563.74,0.6911,987.16,540.88,0.6805
25,bottom,0,754.62,572.62,837.47,842.23,805.26,597.50,0.7550,805.92,592.23,0.5689,807.23,592.89,0.6080,788.15,596.84,0.7671,809.21,599.48,0.7686,773.66,623.83,0.8395,816.45,635.02,0.8150,761.82,663.32,0.8327,821.72,678.46,0.8010,761.82,695.58,0.8484,832.25,714.67,0.7918,782.88,710.06,0.6794,803.94,711.38,0.6683,794.07,758.77,0.7101,801.31,764.69,0.7532,795.39,806.16,0.7300,784.20,823.28,0.7772
26,top,1,917.83,395.33,1001.01,588.99,959.89,412.25,0.8047,964.15,408.47,0.7615,956.58,408.00,0.7732,972.18,408.00,0.8470,952.80,408.47,0.6678,984.95,430.22,0.8025,947.13,417.93,0.8029,988.26,461.43,0.6636,932.94,441.10,0.7579,992.99,491.21,0.6187,923.96,466.15,0.7148,985.42,476.56,0.6049,967.93,477.03,0.6086,981.17,517.69,0.6228,975.97,513.91,0.5888,974.07,562.60,0.6661,986.84,539.44,0.6491
26,bottom,0,754.78,572.53,837.06,842.08,805.13,597.41,0.7557,805.13,591.49,0.5719,807.11,592.14,0.6075,788.02,596.75,0.7692,809.08,599.38,0.7673,773.55,623.73,0.8394,816.32,634.92,0.8160,762.36,663.22,0.8322,821.58,678.35,0.8044,762.36,695.46,0.8496,831.46,714.54,0.7947,782.76,709.94,0.6773,803.82,711.25,0.6662,793.95,758.63,0.7135,801.18,764.56,0.7574,794.60,806.01,0.7264,784.08,823.12,0.7768
27,top,1,918.18,395.77,1001.44,590.42,960.29,412.78,0.7833,964.56,409.45,0.7511,956.96,408.50,0.7538,972.64,408.50,0.8409,953.16,408.50,0.6644,985.00,430.36,0.7993,947.46,418.01,0.8034,988.32,461.73,0.6372,932.72,440.82,0.7614,992.60,491.67,0.5930,923.69,466.00,0.7120,985.47,475.51,0.6053,967.89,475.98,0.6173,981.67,517.33,0.6315,975.02,514.00,0.6076,974.54,562.95,0.6965,987.85,539.19,0.6813
27,bottom,0,755.01,572.41,837.04,842.08,805.24,597.29,0.7536,805.24,591.37,0.5698,807.22,592.03,0.6096,788.12,596.64,0.7728,809.19,599.27,0.7739,773.64,623.63,0.8399,816.43,634.82,0.8169,761.79,663.13,0.8335,821.70,678.27,0.8058,762.45,695.39,0.8458,831.58,714.48,0.7942,782.86,709.88,0.6825,803.92,710.53,0.6696,793.39,758.59,0.7130,801.29,764.52,0.7552,795.37,806.00,0.7265,784.17,823.12,0.7790
28,top,1,917.04,394.19,1001.37,590.07,960.64,412.26,0.8039,964.94,408.92,0.7722,957.29,407.96,0.7723,973.07,407.96,0.8462,952.98,407.96,0.6673,985.03,429.96,0.7975,947.25,418.00,0.8025,988.37,461.04,0.6476,933.38,440.00,0.7491,992.68,490.69,0.6044,923.81,465.35,0.7072,985.98,476.35,0.5989,968.77,475.87,0.6155,981.20,517.95,0.6271,974.98,514.13,0.6006,974.03,562.91,0.6984,988.37,538.04,0.6976
28,bottom,0,755.34,572.48,837.09,841.95,804.77,597.34,0.7515,804.77,591.42,0.5648,806.74,592.08,0.6039,788.32,596.69,0.7740,809.37,598.66,0.7719,773.84,623.66,0.8376,816.61,634.84,0.8156,762.00,662.48,0.8312,821.87,678.27,0.8047,763.32,694.71,0.8397,831.08,713.79,0.7926,783.05,709.85,0.6855,804.11,711.16,0.6709,793.58,758.53,0.7142,801.48,764.45,0.7531,794.90,805.90,0.7242,784.37,823.00,0.7763
29,top,1,917.30,392.96,1001.49,590.01,960.36,410.66,0.8250,964.69,407.30,0.7820,956.99,406.33,0.7834,972.87,407.30,0.8791,953.14,406.82,0.6737,985.38,428.95,0.8153,947.37,417.88,0.8174,988.74,460.22,0.6578,932.94,440.01,0.7589,992.59,490.04,0.6157,923.80,464.55,0.7171,985.38,475.13,0.6223,968.06,475.13,0.6343,981.53,517.95,0.6593,974.79,514.10,0.6238,974.31,563.65,0.7106,988.26,538.63,0.7089
29,bottom,0,755.45,571.85,837.19,842.06,804.90,597.45,0.7515,805.56,591.51,0.5646,806.88,592.17,0.6076,788.40,596.79,0.7691,809.51,598.77,0.7705,773.89,623.83,0.8354,816.77,634.39,0.8118,762.02,662.75,0.8361,821.39,677.27,0.8057,763.34,694.42,0.8386,831.28,713.55,0.7914,783.13,710.25,0.6877,804.24,710.91,0.6729,793.68,758.41,0.7159,801.60,764.35,0.7545,794.34,806.57,0.7220,784.45,823.06,0.7776
30,top,1,917.16,390.90,1000.99,590.31,960.53,409.79,0.8080,964.43,405.89,0.7619,957.13,404.92,0.7683,973.19,405.89,0.8786,953.72,405.41,0.6665,985.36,428.29,0.8077,947.88,417.09,0.8183,988.77,459.93,0.6532,933.76,438.51,0.7606,992.66,490.60,0.6121,924.02,462.85,0.7298,985.85,475.02,0.6146,968.32,475.02,0.6280,981.95,517.86,0.6448,975.14,513.00,0.6129,974.17,564.11,0.6909,988.28,538.31,0.7019
30,bottom,0,755.77,571.70,837.59,842.05,805.26,597.31,0.7569,805.92,591.37,0.5677,807.24,592.03,0.6228,788.10,596.65,0.7773,809.22,598.63,0.7797,773.58,623.71,0.8385,816.48,633.61,0.8133,762.36,662.65,0.8355,821.76,677.17,0.8073,763.68,693.68,0.8386,831.66,712.16,0.7896,783.48,710.18,0.6920,804.60,710.84,0.6771,793.38,758.36,0.7183,801.30,764.30,0.7594,794.70,806.54,0.7201,784.14,823.04,0.7781
31,top,1,918.47,390.38,1000.96,589.42,961.17,407.77,0.8693,965.06,404.37,0.8131,957.77,403.40,0.8361,973.81,404.86,0.8998,954.37,404.37,0.7081,985.96,426.24,0.8322,948.05,416.52,0.8330,989.36,457.34,0.6814,933.47,438.39,0.7757,993.24,488.44,0.6312,924.73,462.20,0.7193,984.98,475.81,0.6198,967.00,476.29,0.6261,981.58,519.05,0.6493,974.29,514.19,0.5952,974.29,564.24,0.6680,987.41,538.00,0.6956
31,bottom,0,755.76,571.70,837.57,842.14,805.25,597.31,0.7585,805.91,591.37,0.5731,807.23,592.03,0.6244,788.08,596.65,0.7763,809.21,598.63,0.7796,773.56,623.72,0.8384,816.47,633.63,0.8166,762.33,662.68,0.8371,821.76,677.21,0.8108,764.31,694.37,0.8396,831.66,711.54,0.7935,783.46,710.22,0.6922,804.59,710.88,0.6785,793.36,758.42,0.7148,801.29,764.36,0.7576,794.69,805.96,0.7210,784.12,823.12,0.7769
32,top,1,918.32,388.37,1000.71,588.67,961.96,405.88,0.8512,965.87,402.45,0.8025,958.53,401.96,0.8294,973.69,402.94,0.8901,954.62,403.43,0.7195,986.90,425.44,0.8238,948.26,415.66,0.8192,989.83,457.22,0.6815,933.10,437.66,0.7535,993.74,487.54,0.6324,924.79,461.13,0.6982,984.94,475.32,0.6112,967.34,475.80,0.6201,981.52,518.84,0.6522,974.18,514.93,0.6147,974.67,564.32,0.6858,987.38,537.42,0.6974
32,bottom,0,755.99,571.62,837.84,842.15,805.50,597.25,0.7584,806.16,591.30,0.5703,807.48,591.96,0.6294,788.33,596.59,0.7788,808.81,598.57,0.7803,773.14,623.67,0.8372,816.73,633.57,0.8139,761.91,662.63,0.8351,822.01,676.50,0.8071,764.55,693.67,0.8361,831.92,711.51,0.7906,783.71,710.19,0.6935,804.84,710.85,0.6821,793.61,758.40,0.7169,801.54,764.35,0.7606,794.94,805.96,0.7138,784.37,823.13,0.7745
33,top,1,919.71,385.91,1000.40,588.25,962.03,404.09,0.8506,966.47,400.13,0.8076,958.57,400.13,0.8248,974.38,401.12,0.8976,955.11,401.62,0.7308,987.22,423.85,0.8305,948.69,414.46,0.8160,990.68,455.46,0.6768,932.88,437.68,0.7454,994.14,486.09,0.6183,924.48,463.37,0.6675,985.25,477.69,0.6093,967.46,477.69,0.6145,981.29,520.18,0.6774,974.87,517.21,0.6399,974.38,564.64,0.7167,988.21,538.46,0.7331
33,bottom,0,755.90,571.49,837.78,842.17,805.43,597.13,0.7636,806.09,591.18,0.5782,807.42,591.84,0.6306,788.25,596.47,0.7717,808.74,598.45,0.7787,773.71,623.57,0.8384,816.67,634.14,0.8135,761.82,663.22,0.8399,822.61,677.09,0.8099,765.12,693.61,0.8400,832.53,711.46,0.7934,782.96,710.14,0.6933,804.11,710.80,0.6786,793.54,758.38,0.7153,801.47,764.33,0.7604,794.86,805.96,0.7151,784.29,823.14,0.7765
34,top,1,919.12,385.28,1001.34,588.14,962.71,402.02,0.8715,967.17,398.05,0.8200,959.24,398.05,0.8597,975.09,399.54,0.9069,955.77,400.03,0.7596,987.97,421.83,0.8381,949.34,413.41,0.8141,991.43,455.01,0.6896,933.49,436.19,0.7457,995.40,485.72,0.6418,925.56,459.47,0.6775,984.50,475.32,0.6159,966.17,475.81,0.6198,981.03,519.40,0.6945,974.59,516.92,0.6650,975.09,563.97,0.7324,988.46,539.21,0.7418
34,bottom,0,755.86,571.31,837.94,842.15,805.49,596.96,0.7613,806.16,591.01,0.5738,807.48,591.67,0.6282,788.30,596.30,0.7727,808.80,598.28,0.7764,773.76,623.41,0.8368,816.74,633.99,0.8100,761.85,663.09,0.8399,822.69,676.97,0.8075,765.16,693.50,0.8368,832.60,711.35,0.7896,783.67,710.03,0.6918,804.17,711.35,0.6785,793.59,758.30,0.7145,801.53,764.25,0.7590,794.25,805.91,0.7120,784.34,823.10,0.7742
35,top,1,919.61,382.69,1001.53,585.32,963.54,399.90,0.8778,967.50,395.95,0.8120,960.08,395.95,0.8482,975.41,397.43,0.9125,956.62,397.92,0.7659,988.28,420.19,0.8330,949.19,412.77,0.8093,992.23,452.34,0.7058,933.36,434.53,0.7457,996.69,482.52,0.6651,925.94,456.30,0.7122,984.81,477.08,0.6106,966.02,477.57,0.6072,980.86,519.62,0.7112,974.43,517.65,0.6470,974.43,564.64,0.7436,989.27,540.40,0.7676
35,bottom,0,755.81,571.20,838.88,842.21,805.95,596.21,0.7599,805.95,590.92,0.5672,807.27,591.58,0.6357,788.74,596.21,0.7802,809.25,598.20,0.7786,773.53,623.34,0.8358,816.53,633.93,0.8150,762.28,663.04,0.8387,822.49,676.93,0.8074,764.92,693.47,0.8314,833.07,711.34,0.7870,783.45,710.67,0.6917,803.96,711.34,0.6780,793.37,758.31,0.7103,801.31,764.27,0.7547,794.04,805.95,0.7128,784.77,823.15,0.7729
36,top,1,919.86,380.92,1003.03,578.32,964.34,398.65,0.8140,968.19,394.80,0.7582,960.96,395.28,0.7781,975.90,396.73,0.8762,957.59,396.73,0.7183,989.40,418.90,0.8102,950.36,411.67,0.7762,993.25,449.74,0.6627,933.97,433.35,0.7245,997.59,479.14,0.6377,926.74,455.04,0.6943,985.54,475.77,0.5984,967.23,476.25,0.6026,980.72,517.21,0.7046,973.97,515.77,0.6632,974.94,562.52,0.7572,990.36,542.76,0.7994
36,bottom,0,755.77,571.21,838.94,842.23,805.96,596.22,0.7613,805.96,590.93,0.5708,807.28,591.59,0.6359,788.75,596.22,0.7783,809.27,598.21,0.7786,773.54,623.35,0.8359,816.54,633.94,0.8148,762.29,663.05,0.8385,822.50,676.28,0.8059,764.94,693.49,0.8325,833.09,711.35,0.7863,783.46,710.03,0.6898,803.97,711.35,0.6749,793.39,758.33,0.7100,801.33,764.28,0.7542,794.05,805.97,0.7128,784.78,823.17,0.7720
37,top,1,920.04,379.75,1003.34,586.96,964.22,396.85,0.8349,968.27,393.31,0.7883,961.19,393.31,0.8214,976.87,394.32,0.8872,957.64,394.83,0.7355,990.02,416.07,0.8297,950.56,410.51,0.7951,994.57,448.96,0.7236,933.87,433.27,0.7626,999.13,478.80,0.6728,927.80,454.52,0.7258,985.47,475.77,0.6221,966.24,476.27,0.6153,979.90,518.26,0.7215,974.34,516.75,0.6453,973.83,563.29,0.7601,989.52,542.04,0.7651
37,bottom,0,755.83,571.36,839.05,842.19,806.03,596.35,0.7638,806.03,590.40,0.5733,807.36,591.06,0.6379,788.84,595.69,0.7755,809.34,597.68,0.7779,773.63,623.46,0.8365,816.61,634.04,0.8175,762.39,662.47,0.8367,822.57,677.02,0.8044,765.04,693.55,0.8335,833.14,711.41,0.7902,783.55,710.08,0.6882,804.05,710.74,0.6724,793.47,758.35,0.7090,801.41,763.64,0.7526,794.13,805.96,0.7144,784.88,822.49,0.7723
38,top,1,923.98,377.62,1004.77,572.90,964.85,395.64,0.8935,969.14,391.83,0.8154,961.99,391.83,0.8363,977.73,393.26,0.8830,958.18,393.26,0.7292,991.07,414.71,0.8259,951.50,408.99,0.7856,994.89,444.75,0.7304,935.29,430.92,0.7541,999.66,473.35,0.6933,929.57,451.90,0.6893,984.88,474.30,0.6443,965.81,474.78,0.6374,979.63,516.74,0.7448,973.91,516.26,0.6945,974.39,562.50,0.8114,989.64,543.43,0.7868
38,bottom,0,756.00,571.33,839.05,842.19,806.12,596.32,0.7678,806.12,590.37,0.5745,807.44,591.03,0.6403,788.93,595.66,0.7788,809.43,597.65,0.7804,773.72,623.44,0.8382,816.70,634.02,0.8196,761.81,662.45,0.8378,822.65,677.00,0.8060,764.46,693.53,0.8369,833.23,711.39,0.7895,783.64,710.06,0.6908,804.14,710.72,0.6743,793.55,758.34,0.7069,801.49,763.63,0.7520,794.22,805.95,0.7167,784.96,822.48,0.7738
39,top,1,925.18,377.07,1004.86,564.13,965.48,395.25,0.8382,969.59,391.14,0.7629,961.82,391.14,0.7651,978.26,392.51,0.8730,958.63,392.51,0.7325,991.51,412.60,0.8291,952.23,407.58,0.7888,996.07,443.20,0.7372,935.79,429.50,0.7553,1000.18,471.52,0.7075,930.77,448.22,0.7241,984.20,473.34,0.6240,964.56,473.34,0.6184,979.18,516.27,0.7243,972.33,516.73,0.7083,973.70,562.85,0.8331,989.22,542.30,0.7750
39,bottom,0,755.44,571.40,838.71,842.21,805.67,596.39,0.7540,805.67,590.44,0.5622,807.65,591.10,0.6246,789.14,595.73,0.7777,809.63,597.72,0.7772,773.27,623.50,0.8364,816.25,634.08,0.8141,762.03,663.17,0.8400,822.86,677.05,0.8051,764.01,693.58,0.8366,833.44,711.43,0.7821,783.19,710.77,0.6940,803.68,711.43,0.6803,793.77,758.38,0.7078,801.04,763.66,0.7528,794.43,805.98,0.7181,784.51,822.51,0.7712
40,top,1,925.86,376.88,1006.87,561.61,966.37,394.37,0.7957,969.98,390.32,0.7535,962.76,390.77,0.7597,979.00,391.22,0.8251,959.60,391.67,0.6932,992.98,411.51,0.8171,952.84,407.00,0.7699,997.49,441.28,0.7258,936.60,428.20,0.7582,1001.10,467.89,0.6863,931.64,448.05,0.7204,984.41,471.95,0.6168,965.01,471.95,0.6060,979.00,514.80,0.7212,971.78,514.80,0.6870,974.04,562.16,0.8222,988.92,541.41,0.7629
40,bottom,0,755.22,571.46,838.48,842.20,805.44,596.45,0.7576,805.44,590.50,0.5709,806.77,591.16,0.6193,788.92,595.79,0.7752,809.41,597.77,0.7699,773.72,623.55,0.8396,816.68,634.12,0.8153,761.82,663.21,0.8418,822.63,677.09,0.8076,763.80,693.61,0.8419,833.20,710.80,0.7895,782.97,710.14,0.6970,803.46,710.80,0.6831,793.55,758.39,0.7114,801.48,763.68,0.7567,794.87,805.98,0.7194,784.29,823.16,0.7736
41,top,1,926.08,376.33,1007.33,576.51,965.73,394.80,0.7866,970.13,390.41,0.7643,962.79,390.41,0.7702,979.90,390.89,0.8084,959.86,390.89,0.6568,993.58,410.93,0.7940,953.51,406.53,0.7696,997.98,439.77,0.7309,937.87,427.55,0.7789,1000.91,467.14,0.7133,932.49,445.63,0.7422,984.30,471.53,0.6222,964.75,471.53,0.6190,978.92,514.05,0.7178,971.10,513.56,0.6437,974.03,561.46,0.7763,987.72,543.38,0.7186
41,bottom,0,754.98,571.33,837.94,842.20,805.05,596.33,0.7623,805.72,590.38,0.5812,806.38,591.04,0.6104,789.18,595.67,0.7621,809.02,597.65,0.7608,773.97,623.44,0.8384,816.30,634.02,0.8160,761.41,663.12,0.8418,822.91,677.01,0.8080,763.39,694.20,0.8447,832.83,711.40,0.7881,781.91,709.41,0.6863,803.07,710.74,0.6704,793.15,757.69,0.7056,801.09,763.64,0.7533,794.47,805.96,0.7236,784.55,823.16,0.7762
42,top,1,926.78,375.33,1008.59,585.13,966.15,394.69,0.7762,970.25,390.60,0.7831,963.08,390.08,0.7937,979.98,389.57,0.8024,960.51,390.60,0.6691,994.32,410.06,0.7923,954.88,405.96,0.7789,998.93,438.74,0.7426,938.49,426.96,0.7957,1000.98,465.89,0.7183,933.37,446.43,0.7464,984.08,471.52,0.6361,965.12,472.04,0.6329,978.95,514.04,0.7124,969.22,513.01,0.6409,973.83,560.65,0.7672,987.66,542.21,0.7232
42,bottom,0,754.51,571.31,837.45,842.26,805.24,595.66,0.7572,805.90,590.36,0.5823,807.23,591.02,0.6128,788.70,594.99,0.7620,809.21,597.64,0.7595,773.49,623.44,0.8336,816.49,634.02,0.8127,760.92,663.13,0.8417,822.44,677.02,0.8046,762.91,694.88,0.8417,832.36,711.42,0.7797,782.09,710.09,0.6831,803.26,710.75,0.6710,793.33,758.38,0.6971,800.61,763.67,0.7479,795.32,805.35,0.7237,784.73,823.21,0.7769
43,top,1,928.11,374.34,1008.37,575.33,966.77,394.36,0.7239,971.18,389.94,0.7174,964.31,389.94,0.7317,980.51,388.96,0.7661,961.86,389.45,0.6230,994.74,409.57,0.7860,954.99,405.65,0.7593,999.15,438.03,0.7340,939.29,426.75,0.7721,1001.12,464.04,0.6948,933.89,444.90,0.7098,983.94,470.91,0.6223,964.80,470.42,0.6211,979.53,515.07,0.7053,968.24,513.60,0.6523,974.62,559.73,0.7876,987.38,542.55,0.6998
43,bottom,0,754.25,571.22,837.76,842.22,805.93,596.23,0.7549,805.93,590.27,0.5822,807.25,590.93,0.6173,788.73,594.90,0.7616,809.24,597.55,0.7609,773.51,623.35,0.8320,816.52,633.94,0.8128,761.60,663.05,0.8401,822.47,676.94,0.8022,762.92,694.81,0.8389,831.73,711.35,0.7783,782.11,710.03,0.6850,802.62,710.69,0.6740,793.36,758.32,0.7010,800.64,764.28,0.7497,795.34,805.96,0.7229,784.76,823.16,0.7769
44,top,1,929.30,372.69,1008.90,581.40,967.57,393.99,0.7460,971.65,389.91,0.7474,964.51,389.91,0.7678,981.33,388.89,0.7788,962.48,389.40,0.6490,995.60,409.27,0.7891,955.85,405.71,0.7671,999.67,437.81,0.7287,940.06,426.09,0.7925,1000.69,463.29,0.6930,934.96,445.45,0.7458,983.88,471.44,0.6194,965.53,470.93,0.6222,979.29,515.26,0.6846,967.06,512.71,0.6545,974.19,561.63,0.7801,987.44,541.76,0.7162
44,bottom,0,754.22,571.25,837.42,842.34,805.75,596.27,0.7643,805.75,590.31,0.5972,807.07,590.97,0.6217,789.20,594.94,0.7621,809.06,597.59,0.7666,773.98,623.40,0.8379,816.34,633.33,0.8228,761.40,663.11,0.8431,822.29,677.01,0.8073,762.73,695.54,0.8545,831.56,712.09,0.7879,781.92,708.78,0.6841,803.10,709.44,0.6691,793.83,757.75,0.6972,800.45,763.71,0.7516,795.16,806.07,0.7267,784.57,823.28,0.7802
45,top,1,929.34,372.90,1008.60,583.75,967.94,393.90,0.7419,972.06,389.78,0.7499,965.37,389.78,0.7678,981.33,388.75,0.7754,962.79,389.78,0.6618,995.74,408.83,0.7932,956.10,405.74,0.7780,999.86,437.14,0.7445,940.66,426.33,0.7962,1000.89,461.85,0.7110,935.00,445.38,0.7594,983.39,471.63,0.6307,964.85,471.12,0.6344,979.27,514.87,0.6960,966.40,511.78,0.6679,974.12,561.20,0.7756,986.99,541.12,0.7017
45,bottom,0,754.05,571.21,837.02,842.33,806.13,595.57,0.7517,806.13,590.27,0.5884,807.45,590.94,0.6160,788.92,594.91,0.7613,809.43,596.89,0.7607,773.69,623.37,0.8321,816.05,633.30,0.8169,761.12,663.08,0.8321,822.01,677.65,0.7985,761.78,695.52,0.8467,831.28,712.07,0.7825,782.30,709.42,0.6799,802.82,710.08,0.6697,793.55,757.74,0.6964,800.17,763.69,0.7498,795.53,806.06,0.7239,784.28,823.27,0.7749
46,top,1,929.63,372.88,1008.55,584.31,968.57,393.94,0.7284,972.70,389.81,0.7330,965.48,389.81,0.7535,981.99,388.26,0.7739,963.41,389.29,0.6655,995.41,408.91,0.7860,955.67,405.81,0.7789,1000.06,436.78,0.7417,940.70,426.46,0.7937,1001.09,461.04,0.7092,935.54,445.04,0.7664,982.51,472.92,0.6243,964.44,472.40,0.6294,978.90,516.28,0.6930,966.51,513.70,0.6628,973.74,562.22,0.7708,986.64,541.57,0.6907
46,bottom,0,753.67,571.09,837.35,842.51,806.11,596.13,0.7536,806.11,590.17,0.5902,807.44,590.83,0.6109,788.88,594.81,0.7556,809.42,597.46,0.7525,773.64,623.97,0.8325,816.71,633.24,0.8157,761.05,663.06,0.8382,822.01,677.64,0.7980,761.71,696.19,0.8483,831.29,712.76,0.7789,781.59,708.78,0.6722,802.80,710.11,0.6622,794.18,757.82,0.6893,800.15,763.78,0.7447,795.51,806.19,0.7258,784.24,823.42,0.7769
47,top,1,929.72,373.02,1008.66,583.41,968.68,393.97,0.7103,972.78,389.86,0.7193,965.59,389.86,0.7382,982.03,388.32,0.7607,963.54,388.84,0.6630,995.90,408.87,0.7814,955.83,405.79,0.7763,1000.01,437.12,0.7393,940.94,426.34,0.7900,1001.04,461.26,0.7054,935.80,444.83,0.7588,983.06,472.05,0.6221,964.57,472.05,0.6257,978.44,515.71,0.6960,966.62,513.66,0.6558,974.33,561.43,0.7682,987.17,541.91,0.6845
47,bottom,0,753.35,571.03,837.77,842.46,806.16,596.08,0.7561,806.16,590.12,0.5947,808.15,590.78,0.6165,789.60,594.76,0.7563,809.48,596.75,0.7555,773.69,623.91,0.8320,816.77,633.19,0.8152,761.10,663.01,0.8418,822.73,676.93,0.8012,761.10,695.48,0.8481,832.01,712.71,0.7798,781.65,708.73,0.6704,802.19,710.06,0.6632,794.24,757.77,0.6873,800.20,763.73,0.7390,795.56,806.14,0.7254,784.30,823.37,0.7734
48,top,1,929.90,372.92,1008.48,586.86,968.15,393.18,0.7088,972.85,389.00,0.7237,965.54,389.00,0.7538,982.25,387.96,0.7694,963.45,388.48,0.6811,995.83,408.33,0.7912,955.61,405.72,0.7904,1000.01,437.06,0.7455,940.99,426.09,0.7951,1001.05,461.61,0.7095,935.76,445.42,0.7631,982.77,473.10,0.6250,964.49,473.10,0.6286,978.59,516.97,0.7078,966.58,514.88,0.6692,973.89,561.89,0.7789,986.43,541.52,0.6885
48,bottom,0,753.09,571.08,838.82,842.44,806.55,596.13,0.7665,806.55,590.16,0.6001,807.88,590.83,0.6236,789.33,594.80,0.7628,809.87,597.45,0.7649,774.09,623.95,0.8291,817.15,633.23,0.8157,760.84,662.37,0.8332,822.45,676.95,0.8059,760.84,695.50,0.8477,832.39,712.72,0.7808,781.38,708.75,0.6672,802.58,710.07,0.6579,794.63,757.77,0.6948,800.59,763.74,0.7372,795.29,805.47,0.7226,784.69,822.70,0.7702
49,top,1,930.21,373.04,1008.21,585.68,968.17,392.67,0.7120,972.32,388.51,0.7212,965.58,388.51,0.7500,982.19,388.00,0.7645,963.50,388.51,0.6699,996.20,408.24,0.7894,955.71,405.65,0.7864,1000.36,437.31,0.7469,941.18,426.41,0.7943,1001.39,462.23,0.7163,935.99,445.10,0.7637,982.71,473.13,0.6270,964.02,473.13,0.6301,978.55,516.74,0.7105,966.61,515.18,0.6635,973.88,561.90,0.7797,986.86,541.66,0.6902
49,bottom,0,752.72,571.28,840.02,842.33,806.30,596.30,0.7708,806.30,590.34,0.5984,808.29,591.00,0.6293,789.76,595.63,0.7693,810.27,597.62,0.7809,773.87,624.09,0.8328,817.55,633.35,0.8212,759.98,662.47,0.8368,823.51,676.37,0.8067,760.64,695.56,0.8465,832.77,711.44,0.7734,781.82,709.45,0.6719,802.33,710.12,0.6739,797.70,756.44,0.6858,801.01,763.06,0.7320,795.05,805.41,0.7291,785.12,823.28,0.7631
50,top,1,930.49,373.03,1008.34,586.90,968.89,392.25,0.7236,973.07,388.59,0.7336,966.28,388.59,0.7603,982.47,388.07,0.7661,963.67,388.59,0.6771,996.04,408.43,0.7870,955.84,405.82,0.7858,1000.22,436.63,0.7363,941.22,426.19,0.7920,1000.74,460.65,0.7043,936.00,445.51,0.7673,982.99,473.18,0.6212,964.19,473.18,0.6266,978.29,517.04,0.6959,966.28,514.95,0.6660,973.59,561.94,0.7711,985.60,541.58,0.6807
50,bottom,0,751.53,571.38,841.99,842.22,806.02,596.38,0.7868,806.02,590.43,0.6077,808.00,591.09,0.6281,790.15,595.72,0.7692,810.65,597.70,0.7830,774.28,624.15,0.8388,817.92,633.41,0.8238,759.07,662.50,0.8464,824.53,676.39,0.8053,760.40,695.56,0.8523,833.79,711.43,0.7719,781.55,708.79,0.6827,801.39,710.11,0.6815,800.07,754.41,0.6732,800.73,763.01,0.7341,796.10,803.34,0.7474,784.86,823.18,0.7785
51,top,1,930.81,372.35,1008.29,587.26,969.55,391.66,0.7400,973.75,387.46,0.7534,966.40,387.46,0.7789,983.19,387.46,0.7758,963.78,388.51,0.6921,995.78,408.45,0.7925,955.38,406.35,0.7887,999.98,436.78,0.7421,941.22,426.29,0.7936,1001.03,460.92,0.7086,936.49,445.18,0.7747,982.67,473.51,0.6290,964.30,472.99,0.6335,977.95,516.53,0.6959,965.88,514.44,0.6712,973.75,561.66,0.7724,985.82,541.72,0.6903
51,bottom,0,751.07,571.60,844.59,842.29,805.76,595.92,0.7754,805.76,590.63,0.5893,807.74,590.63,0.6161,790.56,595.92,0.7627,810.38,597.24,0.7749,774.70,624.34,0.8303,818.31,632.93,0.8190,758.18,662.01,0.8402,825.58,675.22,0.7917,760.16,694.39,0.8544,834.84,710.91,0.7641,781.97,708.93,0.6709,801.79,710.25,0.6745,801.13,753.86,0.6641,801.79,762.45,0.7218,796.51,802.11,0.7376,785.27,823.25,0.7681
52,top,1,930.84,372.59,1008.27,586.98,970.08,391.33,0.7808,974.27,387.14,0.7894,966.94,387.67,0.8183,983.17,387.67,0.7934,963.80,388.71,0.7089,995.73,408.08,0.7958,955.43,405.99,0.7913,999.92,435.82,0.7346,941.82,426.40,0.7913,1000.96,459.37,0.7101,936.58,445.24,0.7725,983.17,472.98,0.6334,964.85,472.46,0.6383,978.46,516.42,0.6970,965.89,513.81,0.6724,973.75,561.96,0.7744,985.78,541.55,0.6761
52,bottom,0,750.59,571.53,847.88,842.21,806.50,595.19,0.7746,805.84,589.90,0.5726,807.83,590.56,0.6187,791.31,595.85,0.7669,811.13,597.17,0.7701,775.44,624.26,0.8286,819.06,632.85,0.8214,756.94,661.27,0.8411,826.33,674.49,0.7913,759.58,693.65,0.8541,836.24,710.17,0.7631,781.39,708.19,0.6707,801.22,709.51,0.6775,802.54,752.47,0.6544,802.54,761.72,0.7171,797.25,800.71,0.7356,785.36,823.18,0.7678
53,top,1,931.09,372.46,1008.26,587.57,970.20,390.74,0.7797,974.40,386.54,0.7947,967.05,387.06,0.8192,983.33,387.06,0.7917,963.90,388.64,0.7117,995.94,408.07,0.7908,955.50,405.97,0.7887,1000.14,435.38,0.7327,941.85,426.45,0.7866,1000.66,459.01,0.7138,937.12,445.88,0.7698,983.33,472.14,0.6292,964.95,471.61,0.6345,978.61,516.25,0.6940,965.48,513.63,0.6670,973.88,561.42,0.7681,985.43,541.46,0.6793
53,bottom,0,748.84,571.41,849.23,842.78,806.32,595.13,0.7743,806.32,589.83,0.5814,807.64,590.49,0.6154,791.74,595.79,0.7644,811.62,597.12,0.7694,775.84,624.28,0.8278,818.91,631.57,0.8197,755.97,660.72,0.8409,827.52,673.31,0.8009,759.28,692.52,0.8543,838.12,708.42,0.7638,781.81,707.76,0.6728,801.68,709.08,0.6856,803.67,752.15,0.6544,802.34,762.08,0.7215,798.37,799.19,0.7599,785.12,823.04,0.7780
54,top,1,931.32,372.24,1008.25,588.13,970.31,390.58,0.7758,974.52,386.37,0.7971,967.15,386.89,0.8160,983.48,387.42,0.7882,963.98,388.47,0.7165,996.13,407.98,0.7892,955.55,406.39,0.7867,999.82,435.38,0.7301,941.85,426.95,0.7854,1000.88,458.05,0.7205,937.10,445.92,0.7713,982.96,471.75,0.6235,964.51,471.75,0.6304,978.74,516.02,0.6874,965.04,513.39,0.6723,974.00,561.88,0.7597,985.59,541.32,0.6806
54,bottom,0,748.16,571.22,852.41,842.79,806.25,594.95,0.7741,806.25,589.65,0.5779,807.57,589.65,0.6106,792.33,595.62,0.7603,811.55,596.94,0.7662,776.41,624.13,0.8188,819.51,630.76,0.8262,755.20,659.93,0.8460,828.13,671.86,0.8082,759.84,691.75,0.8534,839.40,706.34,0.7736,782.38,707.00,0.6797,802.93,708.33,0.6923,802.93,752.09,0.6623,801.61,761.37,0.7379,800.28,798.50,0.7699,785.70,821.70,0.7882
55,top,1,931.38,371.67,1008.05,588.48,970.24,390.62,0.7812,974.48,386.92,0.8022,967.07,386.92,0.8226,983.48,387.45,0.7856,963.89,388.51,0.7122,996.18,408.09,0.7913,955.42,405.97,0.7908,999.89,435.09,0.7305,942.19,427.15,0.7899,1000.41,457.32,0.7240,937.43,445.67,0.7807,982.95,472.14,0.6282,964.42,471.61,0.6354,978.71,515.54,0.6929,965.48,513.42,0.6770,973.95,561.59,0.7606,985.06,540.95,0.6823
55,bottom,0,748.13,571.06,854.90,842.71,806.82,594.80,0.7728,806.16,590.16,0.5807,807.48,590.16,0.6158,792.23,595.46,0.7622,811.46,596.79,0.7569,776.97,623.98,0.8102,820.08,629.95,0.8264,754.43,659.79,0.8494,829.37,671.07,0.8002,760.39,690.96,0.8476,841.31,700.91,0.7814,782.94,706.88,0.6825,803.50,707.54,0.6935,804.17,751.32,0.6548,802.18,761.93,0.7427,801.51,797.74,0.7707,785.60,822.28,0.7832
56,top,1,931.37,371.12,1007.97,588.40,970.73,390.64,0.8156,974.45,386.39,0.8278,967.55,386.92,0.8552,983.47,387.45,0.8080,963.84,388.52,0.7355,996.20,408.14,0.7971,955.35,406.02,0.7941,999.91,434.67,0.7273,942.09,427.24,0.7893,1000.44,456.95,0.7128,937.31,445.81,0.7747,982.94,472.33,0.6280,964.37,472.33,0.6347,978.69,515.83,0.6907,965.43,514.24,0.6779,973.92,561.45,0.7675,985.59,540.77,0.6856
56,bottom,0,748.14,571.09,856.25,842.66,806.84,594.16,0.7662,806.18,589.52,0.5755,807.50,589.52,0.6041,792.92,595.49,0.7539,811.48,596.15,0.7545,777.67,624.66,0.8074,820.10,629.30,0.8252,754.46,659.14,0.8501,830.71,669.08,0.7850,762.42,690.30,0.8438,842.64,696.27,0.8103,783.63,706.21,0.6899,803.52,707.54,0.6987,804.19,751.96,0.6557,802.86,761.90,0.7471,802.20,797.71,0.7647,786.29,822.24,0.7856
57,top,1,931.52,370.59,1007.86,588.68,970.22,390.72,0.8310,974.48,386.46,0.8407,967.56,386.46,0.8718,983.53,386.99,0.8208,964.36,388.06,0.7379,996.31,408.29,0.7982,955.84,406.16,0.7972,999.50,434.38,0.7265,942.00,427.46,0.7917,1000.57,456.74,0.7018,937.74,446.09,0.7744,983.00,472.72,0.6355,964.36,472.18,0.6427,978.74,515.84,0.7026,965.43,514.25,0.6813,973.95,561.10,0.7718,985.66,540.87,0.6900
57,bottom,0,748.63,571.00,856.89,842.80,806.74,593.43,0.7659,806.74,589.45,0.5773,807.40,588.78,0.6090,792.80,595.42,0.7370,811.38,595.42,0.7493,777.54,624.62,0.7978,820.01,628.60,0.8264,754.32,657.80,0.8464,832.62,668.41,0.7731,764.27,688.98,0.8418,845.23,694.29,0.7952,784.84,705.57,0.6911,803.42,706.90,0.7051,804.75,751.36,0.6488,803.42,761.31,0.7463,801.43,797.81,0.7577,786.17,821.70,0.7860
58,top,1,931.56,370.65,1007.82,588.81,970.23,390.25,0.8325,974.49,386.52,0.8431,967.03,386.52,0.8707,983.54,387.06,0.8155,963.83,388.12,0.7415,996.32,407.83,0.7976,955.85,406.23,0.7966,999.52,434.46,0.7263,942.00,427.00,0.7906,1000.05,456.83,0.7045,937.74,445.64,0.7734,983.01,472.81,0.6376,964.37,472.27,0.6438,978.75,515.95,0.7028,965.43,514.35,0.6860,973.95,561.75,0.7702,985.14,540.45,0.6873
58,bottom,0,748.22,570.70,859.98,842.65,806.76,592.48,0.7513,806.76,589.16,0.5578,806.76,588.49,0.5776,793.48,595.13,0.7354,811.40,595.13,0.7409,778.21,624.35,0.7990,820.70,627.00,0.8270,754.31,657.54,0.8341,834.64,666.18,0.7486,766.92,686.76,0.8410,847.26,688.75,0.7774,784.85,705.35,0.7075,803.44,706.01,0.7054,805.43,751.16,0.6516,804.10,761.12,0.7465,801.45,798.30,0.7501,785.51,822.20,0.7906
59,top,1,931.68,370.64,1007.72,589.01,970.23,390.26,0.8363,974.49,386.52,0.8480,967.03,386.52,0.8766,983.56,387.06,0.8179,963.83,388.12,0.7394,995.82,407.85,0.7972,955.30,406.25,0.7971,999.55,434.50,0.7303,942.51,427.57,0.7920,1000.09,456.36,0.7153,937.71,446.23,0.7719,983.03,472.89,0.6379,964.37,472.36,0.6435,978.76,516.07,0.7066,965.43,514.47,0.6830,973.96,561.39,0.7684,985.16,540.06,0.6807
59,bottom,0,748.18,570.77,857.60,842.32,805.54,591.85,0.7526,806.20,588.54,0.5621,805.54,587.87,0.5695,794.27,593.84,0.7108,811.51,594.50,0.7098,779.02,623.67,0.7867,822.12,625.66,0.8058,753.83,656.82,0.8334,836.70,663.45,0.7356,768.41,684.00,0.7878,849.30,684.67,0.7731,783.66,703.89,0.6887,802.89,704.55,0.6916,805.54,750.30,0.6474,804.88,760.24,0.7234,801.56,798.03,0.7406,785.65,821.90,0.7714
60,top,1,931.77,370.64,1007.69,589.01,969.73,390.26,0.8396,973.99,385.99,0.8515,967.06,385.99,0.8790,983.06,387.06,0.8177,963.86,387.59,0.7420,995.85,407.85,0.7967,955.33,406.25,0.7981,999.59,434.51,0.7303,942.54,427.58,0.7907,1000.12,456.37,0.7115,937.74,445.70,0.7711,983.06,472.89,0.6389,964.40,472.36,0.6443,978.79,515.55,0.7077,965.46,513.95,0.6821,973.99,561.40,0.7680,985.19,540.60,0.6782
60,bottom,0,748.60,570.78,861.06,842.63,805.50,591.89,0.7437,806.16,587.91,0.5446,805.50,587.91,0.5557,794.88,594.54,0.7094,811.47,593.88,0.6994,778.95,623.74,0.7806,823.42,624.41,0.8063,754.39,655.60,0.8280,838.68,660.25,0.7324,770.99,678.83,0.7409,852.62,680.82,0.7796,784.92,703.39,0.6923,803.51,703.39,0.6922,806.82,750.51,0.6421,804.83,761.13,0.7335,801.52,798.29,0.7352,785.59,822.18,0.7717
61,top,1,931.82,370.54,1007.61,588.93,969.71,390.16,0.8492,973.98,386.43,0.8588,967.05,386.43,0.8842,983.04,386.96,0.8220,963.85,388.03,0.7436,995.84,408.29,0.7975,955.32,406.16,0.7977,999.04,434.41,0.7275,942.52,427.48,0.7891,1000.10,456.28,0.7072,937.72,446.14,0.7696,983.04,473.34,0.6416,964.38,472.80,0.6478,978.78,515.99,0.7097,965.45,514.39,0.6887,973.98,561.31,0.7692,985.17,540.52,0.6794
61,bottom,0,748.64,571.37,863.59,842.43,806.11,591.75,0.7205,805.45,588.44,0.5358,805.45,587.78,0.5567,795.53,594.40,0.7020,812.07,593.74,0.6952,779.64,623.52,0.7581,824.64,623.52,0.7848,754.50,655.28,0.8106,841.19,658.59,0.7224,773.69,675.80,0.6887,853.76,674.47,0.7449,784.94,702.27,0.6723,803.47,702.93,0.6782,807.44,750.57,0.6416,804.79,759.84,0.7204,801.48,798.22,0.7314,785.60,821.38,0.7517
62,top,1,932.02,370.60,1007.53,588.99,969.77,390.23,0.8546,974.04,386.49,0.8636,966.57,385.96,0.8882,983.10,387.03,0.8276,963.91,388.09,0.7476,995.90,407.82,0.7977,955.38,406.75,0.7980,999.10,434.48,0.7287,943.11,427.55,0.7886,1000.16,456.34,0.7050,937.78,446.21,0.7702,982.57,473.40,0.6379,964.44,472.87,0.6438,978.83,516.06,0.7029,965.51,514.99,0.6779,974.04,561.38,0.7679,984.70,540.05,0.6790
62,bottom,0,748.25,571.52,862.89,841.94,805.57,592.52,0.7328,804.91,588.56,0.5423,804.91,588.56,0.5447,795.67,594.50,0.7139,812.17,593.84,0.6987,780.48,622.89,0.7674,826.03,622.89,0.7800,754.07,653.26,0.8222,843.86,657.88,0.7269,774.54,671.08,0.6960,854.42,669.76,0.7234,785.10,700.79,0.6819,802.93,700.79,0.6776,807.55,749.65,0.6386,804.25,759.55,0.7220,801.61,797.18,0.7419,785.76,821.61,0.7510
63,top,1,932.26,370.69,1007.40,589.03,969.83,390.31,0.8616,974.10,386.04,0.8697,966.64,386.04,0.8955,983.16,387.11,0.8352,963.44,388.18,0.7538,995.95,407.90,0.7965,955.44,406.83,0.7954,999.15,434.55,0.7230,943.18,427.62,0.7878,1000.22,456.94,0.6935,937.85,446.28,0.7732,982.63,472.93,0.6341,964.50,472.93,0.6398,978.36,516.11,0.7013,965.57,515.04,0.6750,974.10,561.41,0.7668,984.76,540.09,0.6783
63,bottom,0,747.60,572.26,866.64,841.51,806.46,592.51,0.7357,806.46,588.56,0.5414,805.80,588.56,0.5570,796.60,594.48,0.7145,813.03,593.82,0.7002,781.48,622.75,0.7610,826.84,622.09,0.7872,753.87,652.33,0.8260,849.19,658.24,0.7034,776.88,668.10,0.6904,856.42,662.84,0.6943,784.77,698.34,0.6856,802.52,698.34,0.6761,807.12,749.61,0.6435,803.83,758.82,0.7184,801.20,797.60,0.7549,786.08,821.27,0.7533
64,top,1,932.37,370.87,1007.20,588.94,969.78,390.47,0.8401,974.04,386.21,0.8544,966.59,386.21,0.8763,983.09,386.74,0.8216,963.40,388.34,0.7515,995.87,408.03,0.7919,955.41,406.97,0.7929,999.06,435.18,0.7124,943.16,427.73,0.7851,1000.13,457.01,0.6732,938.37,446.36,0.7753,983.09,472.98,0.6330,964.46,472.45,0.6383,978.83,516.11,0.7022,965.52,515.04,0.6789,974.04,561.36,0.7669,984.69,540.60,0.6807
64,bottom,0,747.47,573.09,864.95,841.83,806.21,592.64,0.7606,806.87,589.36,0.5408,805.56,588.70,0.5424,797.03,595.26,0.7226,814.74,593.95,0.7183,782.59,622.16,0.7573,827.86,620.85,0.7869,753.72,651.69,0.8115,850.83,656.28,0.7564,779.31,664.15,0.6577,857.39,655.63,0.7545,783.91,697.62,0.6774,802.28,698.27,0.6788,806.87,748.79,0.6440,804.24,757.98,0.7110,801.62,798.00,0.7577,786.53,821.62,0.7477
65,top,1,932.48,370.98,1007.17,588.82,969.82,390.02,0.8419,974.08,386.30,0.8553,966.63,386.30,0.8767,983.12,386.83,0.8204,963.44,388.42,0.7536,995.88,407.57,0.7922,954.93,407.04,0.7890,999.07,435.22,0.7106,943.23,427.78,0.7825,999.61,457.03,0.6631,937.91,446.92,0.7775,983.12,472.45,0.6303,964.51,472.45,0.6358,978.86,515.53,0.6967,965.57,515.00,0.6771,974.08,561.80,0.7678,984.71,540.53,0.6794
65,bottom,0,747.19,574.17,864.87,841.80,807.34,592.98,0.7351,807.34,590.37,0.5147,807.34,589.72,0.5171,797.54,595.60,0.7223,815.83,594.94,0.7347,783.81,621.73,0.7409,828.25,620.43,0.7808,753.76,649.18,0.8060,851.11,653.75,0.7847,781.85,661.59,0.6230,858.95,649.83,0.7738,783.81,696.87,0.6685,802.11,697.53,0.6729,806.03,748.49,0.6380,804.07,757.64,0.7136,800.80,798.15,0.7579,786.43,821.02,0.7594
66,top,1,932.56,371.05,1007.12,588.88,969.84,390.09,0.8437,974.09,386.36,0.8567,966.65,386.36,0.8767,982.60,386.90,0.8181,963.46,388.49,0.7533,995.90,407.64,0.7918,954.95,407.10,0.7892,998.56,434.76,0.7099,943.25,427.85,0.7822,999.62,456.56,0.6598,937.93,446.46,0.7810,983.13,473.05,0.6328,964.52,472.52,0.6388,978.88,515.60,0.6972,965.58,514.53,0.6817,974.09,561.86,0.7691,984.73,540.06,0.6843
66,bottom,0,747.27,575.01,865.34,840.66,807.60,593.69,0.7394,808.25,591.10,0.5140,806.95,590.45,0.5064,798.52,596.28,0.7253,816.03,594.99,0.7321,784.25,621.58,0.7357,828.36,618.98,0.7740,753.77,647.52,0.8032,851.70,652.06,0.7941,782.31,661.14,0.6140,859.49,644.93,0.7601,783.61,694.86,0.6690,802.41,696.16,0.6654,806.31,748.69,0.6354,804.36,756.48,0.7052,801.12,797.99,0.7614,786.20,818.74,0.7535
67,top,1,932.67,371.11,1006.95,588.91,969.81,390.15,0.8372,973.53,386.42,0.8527,966.62,386.42,0.8698,982.57,386.96,0.8117,963.43,388.55,0.7472,995.87,407.69,0.7944,954.92,406.63,0.7921,998.53,434.81,0.7137,943.23,427.37,0.7837,999.59,456.08,0.6661,937.91,446.51,0.7828,983.11,473.10,0.6361,964.49,472.56,0.6424,978.85,516.17,0.6982,965.56,515.10,0.6795,974.07,561.90,0.7698,985.23,540.09,0.6850
67,bottom,0,747.33,575.65,865.22,839.12,807.56,593.53,0.7375,808.21,590.96,0.5075,807.56,590.31,0.5065,798.56,596.75,0.7281,816.57,594.82,0.7371,784.41,621.83,0.7257,828.79,619.26,0.7632,752.89,646.92,0.8025,853.88,651.42,0.8074,782.48,659.78,0.6024,859.02,640.49,0.7596,783.12,694.52,0.6618,802.42,695.81,0.6583,806.28,747.91,0.6265,805.63,755.63,0.7046,801.13,798.08,0.7598,785.05,816.09,0.7454
68,top,1,932.79,371.35,1006.84,588.89,969.28,390.36,0.8362,973.53,386.11,0.8525,966.10,386.64,0.8660,982.56,387.17,0.8060,963.44,388.24,0.7383,995.84,407.89,0.7956,954.94,406.83,0.7950,998.49,434.97,0.7167,943.79,427.54,0.7863,999.56,455.69,0.6741,938.48,446.66,0.7841,982.56,472.68,0.6387,964.50,472.15,0.6462,978.84,515.70,0.6975,965.57,514.64,0.6752,974.06,561.91,0.7703,985.22,540.13,0.6852
68,bottom,0,746.30,575.38,865.12,830.69,808.20,593.33,0.7342,808.20,590.84,0.5018,807.58,590.21,0.4908,798.85,596.45,0.7149,816.93,594.58,0.7370,785.14,621.38,0.7167,828.77,618.89,0.7547,752.73,645.69,0.7981,854.33,649.43,0.8086,781.40,658.15,0.6088,858.69,635.71,0.7278,783.27,693.68,0.6524,802.59,694.93,0.6454,806.33,746.04,0.6159,806.33,754.15,0.7058,801.97,797.16,0.7169,785.14,813.36,0.7359
69,top,1,932.79,371.44,1006.57,588.89,969.15,390.44,0.8278,973.40,386.20,0.8460,965.96,386.73,0.8588,982.42,387.26,0.7974,963.31,388.85,0.7362,995.69,407.96,0.7971,954.82,406.90,0.7954,998.35,435.04,0.7212,943.67,427.61,0.7868,998.88,455.74,0.6896,938.36,446.72,0.7848,982.95,472.73,0.6387,964.37,472.20,0.6452,979.24,515.73,0.6969,965.96,515.20,0.6841,973.93,561.92,0.7711,985.61,540.16,0.6923
69,bottom,0,745.27,575.33,865.75,827.77,807.98,593.70,0.7300,807.98,590.61,0.5114,807.98,590.00,0.4956,798.73,596.16,0.7111,816.60,594.93,0.7240,785.17,621.43,0.7098,829.55,619.58,0.7453,752.51,645.47,0.7809,854.82,649.16,0.7953,780.86,657.18,0.6056,859.13,634.99,0.7084,783.94,694.16,0.6495,803.04,694.77,0.6496,805.51,746.54,0.6301,807.36,753.94,0.7066,801.81,797.70,0.7118,785.17,811.26,0.7227
70,top,1,932.94,372.13,1006.32,588.91,969.10,390.55,0.8132,973.33,386.31,0.8361,965.92,386.84,0.8500,982.33,386.84,0.7978,963.28,388.96,0.7350,995.56,407.48,0.7985,954.81,406.96,0.7956,998.21,434.48,0.7231,943.69,427.60,0.7869,998.74,455.12,0.6964,938.40,447.18,0.7727,982.86,472.05,0.6375,964.33,472.05,0.6439,979.68,515.45,0.6963,965.92,515.98,0.6846,973.86,562.03,0.7697,985.50,539.80,0.6895
70,bottom,0,745.58,575.05,866.23,834.70,807.80,593.30,0.7337,807.80,590.77,0.5106,807.80,590.13,0.4988,798.93,596.47,0.7225,816.68,594.57,0.7349,784.98,621.20,0.7158,828.72,619.29,0.7578,752.02,645.28,0.7988,855.35,649.72,0.8005,781.18,658.60,0.6111,859.15,635.14,0.7260,783.08,693.46,0.6587,802.73,694.73,0.6608,805.90,745.44,0.6268,807.80,753.68,0.7106,802.10,797.42,0.7162,786.25,811.37,0.7374
71,top,1,932.94,372.54,1006.26,588.84,969.07,390.39,0.8422,972.77,386.69,0.8610,965.90,386.69,0.8779,982.27,387.22,0.8021,963.26,388.80,0.7403,995.48,407.29,0.7980,954.81,406.76,0.7964,998.12,434.22,0.7348,943.73,427.88,0.7907,998.64,455.34,0.7157,938.44,446.89,0.7714,982.80,471.71,0.6342,964.32,471.71,0.6401,979.63,515.54,0.6967,965.90,516.07,0.6822,973.83,562.01,0.7694,985.97,539.83,0.6940
71,bottom,0,744.65,575.02,866.81,825.88,808.18,593.88,0.7353,808.18,590.21,0.5064,808.18,590.21,0.4919,798.38,596.33,0.7061,816.75,595.11,0.7280,784.91,621.44,0.7040,829.00,618.99,0.7451,752.44,645.94,0.7806,854.73,649.00,0.7810,780.62,658.80,0.6072,859.63,635.53,0.7007,783.07,694.94,0.6477,802.67,694.94,0.6489,804.50,745.77,0.6347,807.57,753.73,0.7136,802.05,797.83,0.6922,787.97,811.31,0.7305
72,top,1,932.98,372.92,1006.23,588.84,968.55,390.73,0.8276,972.76,386.52,0.8513,965.91,387.04,0.8631,981.73,387.04,0.7937,962.75,389.15,0.7350,995.96,407.60,0.7914,954.84,407.08,0.7918,998.60,434.49,0.7297,943.24,427.63,0.7873,998.60,456.10,0.7074,938.50,447.14,0.7710,982.78,471.92,0.6257,964.33,471.39,0.6325,979.62,515.67,0.6924,965.91,516.20,0.6762,973.82,562.06,0.7673,985.94,539.92,0.6906
72,bottom,0,744.89,574.98,866.93,830.58,807.78,593.57,0.7390,807.78,591.08,0.5083,807.78,590.45,0.4937,798.42,596.07,0.7234,817.14,594.82,0.7358,785.32,621.66,0.7155,828.38,619.16,0.7521,751.62,645.37,0.7915,855.21,649.74,0.7966,780.33,659.72,0.6028,860.20,637.26,0.7272,782.82,694.04,0.6587,802.79,694.67,0.6627,805.29,745.84,0.6336,807.16,752.70,0.7116,802.79,798.25,0.6849,790.31,811.36,0.7397
73,top,1,933.05,372.98,1005.95,588.79,968.45,390.79,0.8152,972.66,386.57,0.8408,965.81,386.57,0.8527,982.15,387.10,0.7914,962.65,389.21,0.7290,995.85,407.65,0.7938,954.75,407.12,0.7907,997.95,434.52,0.7287,943.69,427.67,0.7867,998.48,456.12,0.6974,938.42,447.17,0.7707,982.68,471.93,0.6279,964.23,471.93,0.6328,979.51,515.66,0.6965,965.81,516.19,0.6748,974.25,562.03,0.7720,985.84,539.90,0.6882
73,bottom,0,744.32,574.95,867.51,836.82,807.83,594.00,0.7507,807.83,591.44,0.5029,808.47,590.16,0.4977,797.60,595.92,0.7431,817.42,594.64,0.7518,784.81,621.49,0.7236,828.29,618.93,0.7596,751.57,645.79,0.8119,855.14,650.26,0.8077,779.70,661.13,0.6240,859.62,637.47,0.7349,782.90,695.01,0.6684,802.72,695.65,0.6738,805.27,744.88,0.6326,806.55,753.83,0.7123,802.72,797.31,0.6893,791.21,813.29,0.7598
74,top,1,933.01,372.99,1005.87,588.79,968.39,390.80,0.8082,972.60,386.59,0.8341,965.75,387.11,0.8499,982.09,387.11,0.7945,963.12,389.22,0.7303,995.78,407.66,0.7951,954.69,407.13,0.7903,997.89,434.53,0.7284,943.63,427.68,0.7861,998.42,455.60,0.7062,938.36,447.17,0.7732,982.61,471.93,0.6284,964.17,471.41,0.6332,979.45,516.19,0.6945,965.75,516.19,0.6732,974.18,562.02,0.7720,985.77,539.90,0.6868
74,bottom,0,743.63,575.06,867.52,843.43,807.54,593.93,0.7852,808.19,591.31,0.5186,808.19,590.65,0.5142,798.36,596.55,0.7626,817.36,595.24,0.7633,784.60,622.10,0.7365,827.19,618.83,0.7730,751.19,646.35,0.8154,854.71,651.59,0.8157,780.02,662.07,0.6209,859.95,639.79,0.7622,782.64,695.48,0.6771,802.29,696.14,0.6844,804.92,745.93,0.6406,806.88,754.45,0.7064,803.61,798.35,0.7141,791.81,813.42,0.7656
75,top,1,933.06,372.86,1005.77,588.72,968.36,391.20,0.8018,972.58,386.98,0.8278,965.73,386.98,0.8458,982.06,386.98,0.7935,963.09,389.09,0.7260,995.76,407.53,0.7976,954.66,407.01,0.7903,997.87,434.41,0.7297,943.59,427.56,0.7860,997.87,455.49,0.7101,938.32,447.06,0.7780,983.12,471.83,0.6321,964.67,471.83,0.6357,979.43,516.10,0.6967,965.73,516.62,0.6734,974.16,561.95,0.7714,985.75,539.81,0.6849
75,bottom,0,743.47,575.60,867.20,841.28,807.28,594.28,0.7719,807.93,591.68,0.5165,808.58,590.39,0.5080,798.20,596.87,0.7551,817.01,595.58,0.7439,784.58,622.17,0.7300,826.74,618.28,0.7696,751.50,646.82,0.8084,853.98,651.36,0.8007,779.39,663.03,0.6271,859.82,640.33,0.7431,782.63,695.47,0.6746,802.09,696.12,0.6792,805.34,746.06,0.6378,807.28,754.49,0.7015,803.39,797.95,0.6894,792.36,814.17,0.7573
76,top,1,933.03,372.84,1005.35,588.66,968.14,391.17,0.7906,972.35,387.49,0.8195,965.50,387.49,0.8373,981.84,387.49,0.7934,962.87,389.07,0.7180,995.54,407.51,0.7988,954.96,406.98,0.7903,997.64,434.38,0.7319,943.37,427.53,0.7863,998.17,455.46,0.7112,938.63,447.03,0.7808,982.89,471.79,0.6315,964.45,471.79,0.6336,979.20,516.05,0.6956,966.03,516.05,0.6702,973.93,562.42,0.7721,985.52,539.23,0.6825
76,bottom,0,743.66,576.01,867.21,840.38,807.37,594.60,0.7642,808.02,592.02,0.5079,808.66,590.73,0.4966,798.34,597.18,0.7506,817.05,595.89,0.7381,784.78,622.36,0.7261,826.09,617.84,0.7680,751.22,647.53,0.8109,853.84,652.69,0.7940,778.97,663.66,0.6248,859.65,641.72,0.7481,782.85,696.58,0.6749,802.21,696.58,0.6807,805.44,745.63,0.6360,807.37,754.67,0.6996,803.50,797.91,0.6946,792.53,814.04,0.7644
77,top,1,933.04,372.71,1005.23,588.60,968.61,391.58,0.7826,972.30,387.36,0.8114,965.44,387.36,0.8319,981.78,387.36,0.7925,962.81,388.94,0.7180,995.49,407.39,0.8021,954.90,406.86,0.7923,997.60,434.27,0.7309,943.31,427.94,0.7847,997.60,455.35,0.7072,938.56,447.45,0.7869,982.84,472.22,0.6353,964.39,472.22,0.6368,979.67,516.49,0.6956,965.97,515.97,0.6704,973.88,562.35,0.7765,986.00,539.69,0.6834
77,bottom,0,743.66,576.66,866.44,827.19,808.11,594.88,0.7583,808.11,591.21,0.5010,809.33,591.21,0.4870,797.71,597.33,0.7327,817.28,595.50,0.7427,783.64,623.02,0.7090,825.85,619.35,0.7588,751.22,648.10,0.7942,853.37,653.60,0.7866,778.75,665.84,0.6378,859.49,643.82,0.7394,783.03,697.03,0.6606,802.60,696.42,0.6640,804.44,745.97,0.6519,807.50,753.92,0.6921,803.22,799.18,0.6709,792.21,813.86,0.7538
78,top,1,933.03,372.77,1005.12,588.60,968.02,391.63,0.7904,972.24,387.42,0.8184,965.39,387.42,0.8369,981.72,387.42,0.7904,962.75,389.00,0.7170,995.42,407.44,0.8007,954.32,406.91,0.7934,997.53,434.31,0.7313,943.26,427.99,0.7848,997.53,455.39,0.7095,938.51,447.49,0.7932,982.78,472.25,0.6306,964.33,472.25,0.6321,979.61,516.51,0.6938,965.91,516.51,0.6728,973.82,562.88,0.7746,985.94,539.17,0.6849
78,bottom,0,743.77,576.77,865.16,836.74,808.27,595.05,0.7644,808.91,591.87,0.5250,809.54,591.24,0.5013,797.49,596.95,0.7414,817.16,596.32,0.7411,784.16,622.97,0.7195,826.05,619.17,0.7596,750.52,648.36,0.7896,853.34,653.44,0.7902,777.81,664.86,0.6187,859.05,643.28,0.7367,782.89,697.23,0.6645,802.56,696.60,0.6767,804.47,746.74,0.6394,807.64,754.36,0.6977,803.20,798.15,0.6815,791.77,815.29,0.7473
79,top,1,933.07,372.75,1004.98,588.57,967.97,391.61,0.7980,972.19,387.39,0.8262,965.34,387.39,0.8411,981.67,387.39,0.7885,962.18,388.97,0.7159,995.37,407.42,0.7999,954.27,406.89,0.7945,997.48,434.29,0.7326,943.73,427.97,0.7849,997.48,455.37,0.7073,938.46,447.46,0.7941,982.73,472.23,0.6321,964.28,472.23,0.6337,979.56,516.49,0.6948,965.86,516.49,0.6740,973.77,562.86,0.7744,985.89,539.67,0.6860
79,bottom,0,743.39,576.82,865.35,836.77,808.18,595.10,0.7643,808.18,592.56,0.5209,809.45,591.93,0.5024,797.39,597.64,0.7488,817.06,596.37,0.7564,784.06,623.66,0.7254,825.95,621.12,0.7574,750.42,648.41,0.7987,853.24,654.12,0.7988,777.71,665.55,0.6239,858.95,643.33,0.7213,782.79,697.91,0.6676,802.47,697.28,0.6793,805.00,746.78,0.6449,806.91,755.03,0.6999,803.10,798.19,0.6868,791.04,815.96,0.7532
80,top,1,933.08,372.77,1004.86,588.49,967.92,391.62,0.7939,972.13,387.41,0.8224,965.28,387.41,0.8366,981.61,387.41,0.7825,962.65,388.99,0.7109,995.30,407.42,0.7976,954.22,407.42,0.7936,997.41,434.81,0.7320,943.69,427.96,0.7841,997.41,455.35,0.7071,938.95,447.45,0.7937,983.19,472.20,0.6316,964.23,472.20,0.6334,980.03,516.97,0.6935,965.81,516.97,0.6750,974.24,562.79,0.7751,986.35,539.61,0.6879
80,bottom,0,743.18,577.18,865.33,825.61,807.29,595.25,0.7712,808.50,591.61,0.5152,807.29,591.61,0.4875,797.58,597.68,0.7229,816.99,596.46,0.7277,783.63,623.76,0.7137,826.70,621.94,0.7553,750.88,649.84,0.7897,852.17,655.90,0.7969,778.17,667.43,0.6327,858.23,645.59,0.7657,783.02,697.15,0.6570,801.83,696.54,0.6540,804.25,746.88,0.6504,807.29,755.37,0.6952,802.43,799.65,0.6731,791.52,814.81,0.7513
81,top,1,933.10,372.35,1004.67,588.43,968.36,391.76,0.7855,972.58,387.54,0.8161,965.19,387.54,0.8321,982.07,387.54,0.7837,962.55,389.13,0.7171,995.26,407.59,0.8015,954.11,407.06,0.7978,996.84,435.02,0.7306,943.56,428.16,0.7823,996.84,455.60,0.7022,938.81,447.68,0.7869,983.13,472.48,0.6406,964.66,472.48,0.6426,979.96,517.32,0.6969,966.25,516.79,0.6788,974.16,562.68,0.7799,986.29,540.00,0.6958
81,bottom,0,743.33,577.57,865.25,827.34,807.34,595.74,0.7604,807.95,592.08,0.5158,807.95,592.08,0.4921,796.97,598.18,0.7262,816.49,596.96,0.7462,782.95,624.40,0.7185,826.85,621.96,0.7626,750.63,650.01,0.7997,852.46,656.11,0.7977,778.07,668.31,0.6402,857.95,647.57,0.7795,782.95,697.58,0.6612,802.46,696.97,0.6614,804.29,747.58,0.6564,807.34,756.12,0.6966,803.07,799.41,0.6792,790.87,815.27,0.7536
82,top,1,932.71,372.25,1004.64,588.51,968.15,391.68,0.7858,972.37,387.46,0.8158,964.98,387.46,0.8314,981.88,387.46,0.7874,962.34,389.04,0.7167,995.07,407.52,0.8010,953.89,406.99,0.7963,996.66,434.98,0.7290,943.86,428.11,0.7786,996.66,455.57,0.6944,938.58,447.65,0.7851,982.93,472.46,0.6422,964.45,472.46,0.6435,980.29,517.34,0.6984,966.04,516.81,0.6865,973.96,562.22,0.7802,986.63,539.52,0.7044
82,bottom,0,744.15,577.49,865.19,841.59,807.25,596.06,0.7673,807.89,592.84,0.5227,807.89,592.19,0.5021,797.58,598.00,0.7498,816.27,597.35,0.7576,784.04,624.43,0.7297,826.59,622.50,0.7694,750.51,650.22,0.8113,853.03,656.03,0.8107,778.23,666.99,0.6226,858.83,647.00,0.7712,782.75,698.58,0.6799,802.09,699.22,0.6854,805.31,747.58,0.6468,806.60,756.61,0.7058,803.38,798.52,0.7018,790.48,816.57,0.7660
83,top,1,932.72,372.36,1004.49,588.43,968.08,391.77,0.7839,972.30,387.55,0.8141,964.91,387.55,0.8301,981.79,387.55,0.7861,962.27,389.14,0.7168,994.98,407.60,0.7956,953.83,407.07,0.7926,996.56,435.03,0.7237,943.81,428.17,0.7779,996.56,455.60,0.6861,938.53,447.69,0.7814,983.37,472.48,0.6430,964.91,472.48,0.6438,980.21,517.32,0.6998,965.97,516.79,0.6905,974.41,562.16,0.7801,986.54,539.48,0.7072
83,bottom,0,744.43,577.57,864.95,840.52,807.26,596.70,0.7708,808.54,593.49,0.5282,808.54,592.85,0.5074,797.63,598.62,0.7370,816.24,597.98,0.7552,783.50,624.95,0.7268,827.16,622.38,0.7709,750.76,650.62,0.8080,852.84,656.40,0.8105,777.73,667.32,0.6183,858.61,648.06,0.7723,782.86,698.77,0.6780,802.12,698.77,0.6840,805.33,746.92,0.6439,806.61,756.55,0.7014,803.40,798.28,0.6981,789.92,816.90,0.7624
84,top,1,932.80,372.53,1004.37,588.39,967.53,391.40,0.7894,971.74,387.71,0.8194,964.89,387.71,0.8353,981.23,387.18,0.7819,962.26,388.76,0.7114,994.93,407.74,0.7943,953.83,407.21,0.7911,995.99,434.61,0.7260,943.81,427.76,0.7797,995.99,455.69,0.6827,938.54,447.26,0.7821,983.34,472.56,0.6417,964.89,472.56,0.6423,980.18,517.35,0.7004,965.95,516.82,0.6909,974.38,562.15,0.7789,986.50,539.48,0.7094
84,bottom,0,744.53,577.70,864.81,839.42,807.23,596.74,0.7634,807.87,593.55,0.5281,808.51,592.91,0.5103,797.64,598.66,0.7364,816.17,598.02,0.7539,783.59,625.50,0.7224,827.04,623.58,0.7699,750.36,650.42,0.8129,853.23,656.17,0.8058,777.84,668.31,0.6346,858.98,647.86,0.7683,782.95,698.98,0.6783,802.12,698.98,0.6829,805.31,746.90,0.6443,806.59,756.48,0.7040,803.39,798.01,0.7020,789.98,817.18,0.7621
85,top,1,932.42,372.28,1004.25,588.31,967.28,391.69,0.7888,971.50,387.47,0.8166,964.64,387.47,0.8395,980.99,387.47,0.7871,962.01,389.05,0.7154,994.71,407.51,0.7934,954.10,406.98,0.7894,995.76,434.94,0.7227,943.55,428.08,0.7740,995.76,455.51,0.6745,938.27,447.60,0.7776,983.10,472.38,0.6434,964.64,472.38,0.6418,979.94,517.21,0.7023,965.70,516.69,0.6908,974.14,562.04,0.7804,986.27,539.37,0.7020
85,bottom,0,744.68,577.91,864.69,828.91,807.75,596.78,0.7687,808.98,593.11,0.5201,808.36,592.49,0.4963,797.33,598.62,0.7141,816.33,598.01,0.7444,782.63,625.58,0.7185,827.36,623.74,0.7575,750.76,651.32,0.8072,853.10,656.84,0.8014,778.34,669.09,0.6495,858.00,647.64,0.7714,783.24,699.12,0.6677,802.85,698.50,0.6661,804.69,748.14,0.6594,807.14,757.33,0.7032,802.85,799.62,0.6718,789.98,816.16,0.7512
86,top,1,932.26,372.06,1004.24,588.21,967.19,391.48,0.7889,971.41,387.25,0.8184,964.55,387.25,0.8411,980.91,387.25,0.7855,961.92,388.84,0.7213,994.63,407.31,0.7981,953.47,407.31,0.7915,995.69,435.28,0.7249,943.45,427.89,0.7787,995.16,455.86,0.6671,938.17,447.41,0.7836,983.55,471.69,0.6437,964.55,471.69,0.6418,979.86,516.54,0.7029,965.61,516.02,0.6979,974.05,561.93,0.7804,986.19,539.24,0.7055
86,bottom,0,744.72,577.96,864.57,825.97,807.68,596.61,0.7652,808.89,592.98,0.5184,808.28,592.37,0.4944,797.38,599.03,0.7005,816.76,597.82,0.7348,782.85,625.67,0.7183,827.66,623.86,0.7545,750.76,651.71,0.8029,853.09,657.16,0.8014,778.01,669.27,0.6475,857.93,648.08,0.7752,783.46,698.94,0.6668,802.83,698.33,0.6593,804.65,747.98,0.6564,807.07,757.06,0.7002,802.23,799.45,0.6755,790.12,815.79,0.7509
87,top,1,932.11,371.46,1004.17,588.37,967.08,391.48,0.7871,970.79,387.24,0.8142,963.90,387.24,0.8406,980.32,387.24,0.7775,961.25,388.83,0.7142,994.09,407.90,0.7973,953.31,407.37,0.7911,995.15,435.96,0.7196,942.72,428.55,0.7762,995.15,456.09,0.6486,937.95,447.61,0.7796,983.50,471.97,0.6426,964.43,471.97,0.6408,979.79,516.46,0.7084,965.49,515.93,0.6870,974.49,562.00,0.7839,986.14,539.23,0.7014
87,bottom,0,744.66,577.95,864.53,826.31,807.62,596.63,0.7606,808.84,592.99,0.5202,808.23,592.38,0.4941,797.92,599.05,0.7029,816.72,597.84,0.7341,782.76,625.73,0.7171,827.63,623.91,0.7558,750.63,651.81,0.8044,853.10,657.26,0.8010,777.91,669.39,0.6485,857.95,648.17,0.7652,783.37,699.10,0.6670,802.77,697.89,0.6594,804.59,748.22,0.6564,807.02,757.31,0.7016,802.77,799.76,0.6711,790.04,816.13,0.7510
88,top,1,931.70,371.06,1003.98,588.69,966.25,391.14,0.7987,970.50,386.89,0.8293,963.59,386.89,0.8498,980.06,387.42,0.7811,960.93,389.02,0.7147,993.88,407.61,0.8082,952.96,407.61,0.7987,994.94,435.24,0.7303,942.87,428.34,0.7794,994.41,455.43,0.6659,938.09,447.46,0.7842,983.25,471.90,0.6446,964.65,471.90,0.6439,980.06,516.54,0.7129,965.19,516.01,0.6898,974.22,562.23,0.7823,985.91,539.38,0.7045
88,bottom,0,744.66,577.84,864.43,831.13,807.64,596.89,0.7600,808.88,593.18,0.5298,808.26,592.56,0.5047,797.75,598.74,0.7159,816.30,597.51,0.7476,782.91,625.95,0.7189,827.43,623.48,0.7658,750.75,651.92,0.8187,852.78,657.49,0.8097,777.96,669.86,0.6593,858.35,648.83,0.7719,782.91,698.92,0.6742,802.69,698.30,0.6694,804.55,749.01,0.6648,807.02,757.66,0.7091,802.69,799.71,0.6657,789.71,816.41,0.7509
89,top,1,931.42,370.71,1003.96,588.68,966.09,390.82,0.8174,970.35,386.56,0.8462,963.43,387.10,0.8600,979.40,387.10,0.7861,960.77,388.69,0.7267,993.23,407.32,0.8072,952.79,407.85,0.7980,994.30,434.99,0.7331,942.68,428.60,0.7767,994.30,454.68,0.6856,937.89,447.76,0.7760,983.12,471.71,0.6464,964.50,471.71,0.6477,979.93,516.94,0.7110,965.56,515.35,0.6777,974.61,561.64,0.7845,986.32,539.29,0.7077
89,bottom,0,744.70,577.89,864.41,829.52,807.63,596.81,0.7519,808.86,593.12,0.5229,808.24,592.51,0.4969,797.80,598.65,0.7071,816.23,598.04,0.7408,783.05,625.68,0.7145,827.29,623.84,0.7611,750.49,651.48,0.8077,853.09,658.24,0.8051,778.14,669.91,0.6530,858.00,649.03,0.7699,783.05,699.40,0.6666,802.71,698.79,0.6643,804.56,748.55,0.6612,807.01,757.76,0.7017,802.71,799.54,0.6631,789.81,816.12,0.7478
90,top,1,931.18,371.94,1003.59,588.72,965.27,390.36,0.7791,969.50,386.65,0.8266,962.62,386.65,0.8387,979.03,387.18,0.7836,959.97,388.24,0.7262,992.79,407.82,0.8131,952.57,407.82,0.8054,993.32,434.81,0.7304,942.51,428.46,0.7767,993.32,455.45,0.6811,937.22,449.10,0.7758,983.26,471.33,0.6459,964.74,471.33,0.6431,979.56,516.32,0.7133,965.80,514.73,0.6853,974.26,561.30,0.7861,986.44,539.60,0.7194
90,bottom,0,744.86,577.80,863.98,832.35,807.53,596.94,0.7626,808.77,593.21,0.5345,808.15,592.59,0.5103,798.20,598.80,0.7192,816.23,598.18,0.7480,783.29,625.53,0.7211,827.41,623.66,0.7671,750.97,651.63,0.8185,852.89,657.84,0.8088,777.70,670.27,0.6615,857.87,649.14,0.7590,783.29,698.86,0.6755,803.18,698.24,0.6719,805.04,748.58,0.6608,807.53,757.90,0.7089,803.18,799.54,0.6656,789.50,816.94,0.7551
91,top,1,930.25,369.13,1002.92,590.36,965.51,390.62,0.8294,969.83,386.30,0.8610,962.26,386.30,0.8802,978.47,386.84,0.8058,959.56,388.46,0.7653,991.97,407.37,0.8198,951.46,408.45,0.8059,993.05,433.83,0.7415,941.74,429.51,0.7722,992.51,454.36,0.6965,936.88,449.50,0.7531,983.33,471.10,0.6550,964.43,471.10,0.6534,979.55,515.93,0.7297,966.05,514.85,0.7005,974.15,561.30,0.7927,986.03,539.16,0.7249
91,bottom,0,744.99,577.88,864.25,833.53,807.74,597.10,0.7661,808.99,593.36,0.5360,808.36,592.73,0.5145,798.38,598.97,0.7141,815.85,597.73,0.7449,783.40,625.81,0.7225,827.71,623.94,0.7677,750.94,652.03,0.8160,852.68,658.27,0.8063,778.40,670.13,0.6606,857.67,650.16,0.7704,782.77,698.84,0.6780,802.75,698.84,0.6749,805.24,748.77,0.6564,807.12,758.13,0.7045,802.75,798.70,0.6671,789.64,816.81,0.7540
92,top,1,928.94,369.18,1002.28,590.54,965.07,390.15,0.8557,968.86,385.83,0.8674,961.83,385.83,0.8960,977.50,386.91,0.8194,958.59,388.53,0.7729,991.01,407.98,0.8204,951.02,409.07,0.8026,992.09,434.47,0.7405,941.29,430.14,0.7762,992.09,455.00,0.6917,936.43,450.68,0.7590,982.91,471.22,0.6518,963.99,471.22,0.6503,979.12,516.61,0.7263,965.61,514.99,0.6780,973.72,561.47,0.7902,986.15,538.77,0.7241
92,bottom,0,745.15,577.90,864.04,832.47,807.70,597.04,0.7697,808.95,593.31,0.5380,808.33,592.69,0.5119,797.76,598.91,0.7174,816.40,598.29,0.7508,782.84,625.63,0.7223,827.59,623.77,0.7683,751.15,651.74,0.8198,853.07,658.57,0.8111,777.87,670.38,0.6629,857.42,650.49,0.7694,783.47,699.59,0.6786,802.73,698.97,0.6745,805.22,749.31,0.6616,807.70,758.01,0.7094,802.73,799.03,0.6633,789.68,817.06,0.7525
93,top,1,927.74,370.66,1001.80,589.00,964.23,390.27,0.8688,967.97,386.01,0.8735,961.04,386.01,0.9000,977.03,387.61,0.8268,958.37,388.67,0.7669,990.35,408.40,0.8190,949.84,409.46,0.8008,991.42,434.52,0.7284,940.25,431.85,0.7782,990.89,454.24,0.6761,935.45,451.57,0.7430,983.42,471.30,0.6573,964.23,471.83,0.6481,978.63,516.61,0.7322,965.83,515.54,0.6596,973.30,561.92,0.7869,986.62,538.99,0.7074
93,bottom,0,745.35,577.91,863.92,829.77,807.71,596.85,0.7552,808.94,593.16,0.5275,808.94,593.16,0.5012,797.87,599.31,0.7173,816.31,598.08,0.7474,783.11,625.75,0.7213,828.00,624.52,0.7639,751.14,652.19,0.8146,853.21,658.34,0.8095,778.19,670.02,0.6601,857.51,650.35,0.7723,783.11,699.54,0.6728,803.40,698.92,0.6712,805.25,749.34,0.6647,807.71,757.95,0.7041,802.17,799.76,0.6589,789.87,816.37,0.7460
94,top,1,927.13,370.11,1000.76,590.60,963.41,389.92,0.8856,967.72,386.15,0.8719,960.18,385.62,0.9067,976.33,387.77,0.8498,957.49,388.85,0.7719,989.79,409.30,0.8314,948.87,409.84,0.8169,990.32,436.22,0.7162,939.19,432.45,0.7756,990.32,455.59,0.6265,934.88,452.90,0.7405,982.79,472.28,0.6575,963.95,472.82,0.6492,978.48,516.96,0.7345,967.72,515.88,0.6500,973.64,562.18,0.7931,987.63,540.11,0.7293
94,bottom,0,745.41,577.90,863.12,830.32,807.96,596.88,0.7587,809.20,593.18,0.5357,808.58,593.18,0.5033,798.10,599.34,0.7186,816.59,598.11,0.7498,782.70,625.84,0.7247,827.68,624.61,0.7697,751.27,652.34,0.8212,852.95,659.12,0.8134,778.38,670.21,0.6649,857.27,649.88,0.7770,783.31,699.79,0.6771,803.03,699.18,0.6766,804.88,749.09,0.6681,807.35,758.34,0.7124,803.03,800.24,0.6653,790.09,816.27,0.7581
95,top,1,927.97,370.72,1000.02,590.93,962.92,390.50,0.8671,967.22,386.20,0.8588,960.23,386.20,0.8854,976.36,387.81,0.8375,957.00,389.43,0.7741,988.72,409.32,0.8269,948.40,410.93,0.8096,989.80,436.74,0.7122,938.72,433.51,0.7646,989.26,456.09,0.6210,933.88,453.94,0.7373,982.81,473.30,0.6618,963.99,473.83,0.6521,977.97,516.85,0.7311,967.76,516.31,0.6494,973.67,562.01,0.7907,987.11,539.96,0.7419
95,bottom,0,745.42,577.79,863.09,835.04,808.02,597.13,0.7622,809.28,593.37,0.5431,809.28,593.37,0.5175,798.60,599.02,0.7198,816.81,598.39,0.7441,782.90,626.65,0.7225,828.12,624.14,0.7693,750.87,652.40,0.8186,853.24,658.68,0.8105,777.25,671.24,0.6668,857.64,651.15,0.7586,782.90,700.13,0.6802,803.00,700.13,0.6807,805.51,749.12,0.6549,807.39,758.54,0.7049,803.00,798.74,0.6644,789.81,816.95,0.7570
96,top,0,926.68,372.49,999.47,590.75,962.54,390.50,0.8880,966.81,386.77,0.8690,959.35,386.77,0.9049,975.33,388.90,0.8458,956.15,390.50,0.7772,988.12,410.22,0.8336,947.62,412.35,0.8092,988.65,436.86,0.7214,937.50,434.20,0.7700,988.12,456.04,0.6399,932.70,454.45,0.7347,982.26,473.63,0.6693,963.61,474.16,0.6585,978.00,517.32,0.7321,967.34,517.32,0.6682,973.20,561.55,0.7939,986.52,539.17,0.7374
96,bottom,1,745.62,577.86,863.02,839.53,808.15,597.54,0.7627,808.79,593.70,0.5420,808.79,593.70,0.5076,798.57,599.45,0.7319,816.46,598.81,0.7447,783.24,626.28,0.7216,827.96,625.01,0.7705,751.29,651.84,0.8235,853.51,658.87,0.8047,777.49,670.37,0.6635,857.34,651.20,0.7260,783.24,701.03,0.6842,803.04,701.03,0.6871,805.60,748.31,0.6505,807.51,757.89,0.6937,803.04,798.14,0.6904,789.63,817.30,0.7455
97,top,0,925.60,372.78,998.85,590.31,962.23,390.73,0.9243,966.47,386.49,0.8755,959.04,387.02,0.9275,974.97,389.14,0.8769,955.85,390.73,0.7868,987.19,409.85,0.8285,947.36,412.51,0.8059,988.25,436.41,0.7286,937.27,434.28,0.7619,987.72,455.52,0.6628,931.42,454.99,0.7410,981.88,474.11,0.6616,962.76,474.64,0.6524,976.57,517.13,0.7325,965.41,518.19,0.6403,972.85,562.80,0.7948,986.12,538.90,0.7330
97,bottom,1,745.59,578.05,863.27,842.42,808.30,597.28,0.7679,808.95,594.05,0.5404,808.95,594.05,0.5059,798.62,599.86,0.7388,816.69,599.22,0.7506,783.13,626.32,0.7255,828.31,624.39,0.7803,751.50,651.50,0.8296,853.48,659.24,0.8148,777.97,670.21,0.6588,858.00,652.79,0.7534,783.78,701.20,0.6891,803.79,701.20,0.6943,805.72,748.96,0.6551,807.01,758.64,0.7020,803.79,799.30,0.7026,789.59,817.38,0.7602
98,top,0,923.36,373.05,998.94,590.67,961.68,390.47,0.9282,965.93,386.22,0.8677,958.49,386.75,0.9270,974.43,388.88,0.8885,955.31,390.47,0.8003,986.65,409.60,0.8263,946.80,413.32,0.7977,988.78,435.64,0.7182,936.18,434.57,0.7584,986.12,454.76,0.6795,929.80,454.23,0.7357,981.34,473.89,0.6586,961.68,474.95,0.6523,976.56,517.46,0.7166,964.87,517.99,0.6684,972.84,562.62,0.7935,985.59,538.18,0.7503
98,bottom,1,746.01,578.58,863.20,841.90,808.46,597.73,0.7821,809.11,594.52,0.5414,809.11,594.52,0.5096,798.82,600.31,0.7358,816.82,599.66,0.7484,783.39,627.31,0.7273,828.39,624.74,0.7803,751.25,652.38,0.8318,852.82,659.45,0.8113,778.25,670.38,0.6605,857.97,653.02,0.7547,783.39,701.24,0.6924,803.32,701.24,0.6953,805.89,748.81,0.6530,807.82,759.10,0.7027,803.32,798.96,0.7007,789.82,818.24,0.7569
99,top,1,921.13,372.94,1001.53,590.72,961.86,389.85,0.9360,966.11,386.13,0.8782,958.67,386.66,0.9216,974.09,389.32,0.8851,954.95,390.38,0.8116,985.79,407.93,0.8022,946.44,412.71,0.7842,993.23,430.26,0.7713,934.75,433.98,0.7714,985.26,451.53,0.7252,927.83,454.18,0.7362,979.94,473.33,0.6401,961.33,473.86,0.6427,975.68,517.99,0.7185,962.92,515.86,0.6926,972.49,563.18,0.7742,984.19,537.66,0.7123
99,bottom,0,746.10,578.83,863.46,847.33,808.71,598.37,0.7774,809.37,595.09,0.5456,809.37,594.44,0.5157,798.88,600.33,0.7461,817.23,600.33,0.7587,783.80,627.87,0.7281,828.38,625.90,0.7835,751.69,652.12,0.8219,853.29,660.64,0.8183,777.91,670.47,0.6420,858.53,654.09,0.7593,783.15,701.94,0.6904,802.81,701.94,0.6904,805.44,749.13,0.6489,807.40,759.62,0.7038,803.47,798.95,0.7161,789.70,817.96,0.7610
100,top,0,918.52,373.14,1006.12,589.68,961.26,389.95,0.9271,965.49,386.25,0.9048,958.09,386.25,0.9211,973.95,388.36,0.8556,954.39,389.95,0.8044,986.11,407.39,0.7694,945.93,412.68,0.7722,998.27,426.42,0.7959,933.24,432.77,0.7730,985.05,446.51,0.7363,925.84,451.27,0.7335,978.71,474.00,0.6320,960.73,474.53,0.6414,975.01,518.41,0.7189,962.85,516.83,0.6714,972.89,562.82,0.7733,983.47,536.92,0.7020
100,bottom,1,746.39,579.40,863.73,851.10,809.04,599.17,0.7681,809.70,595.85,0.5391,809.70,595.19,0.5182,799.09,601.16,0.7415,817.66,600.49,0.7662,783.83,628.35,0.7289,828.94,626.36,0.7856,751.99,652.90,0.8239,853.48,661.52,0.8113,777.86,671.47,0.6423,858.12,655.55,0.7404,782.50,701.32,0.6960,803.07,701.98,0.6902,806.38,747.75,0.6386,807.71,759.69,0.6982,803.73,798.83,0.7519,789.14,818.06,0.7493
101,top,0,917.03,373.33,1010.03,589.72,960.89,389.60,0.8908,965.11,385.90,0.8938,957.72,385.90,0.8828,973.04,388.02,0.8246,954.02,390.13,0.7829,986.25,406.51,0.7454,945.57,412.32,0.7654,1002.09,422.36,0.7945,931.30,432.39,0.7698,985.19,442.96,0.7276,923.91,450.88,0.6975,978.85,473.07,0.6005,960.36,473.60,0.6193,975.15,519.04,0.7154,962.47,517.45,0.6719,973.04,562.88,0.7623,983.60,536.47,0.6855
101,bottom,1,746.13,580.67,864.49,848.42,809.23,599.50,0.7835,809.88,596.23,0.5510,809.88,596.23,0.5137,799.42,602.11,0.7285,817.73,601.46,0.7542,784.39,628.91,0.7213,829.49,627.61,0.7822,752.36,653.75,0.8230,853.03,662.25,0.8066,778.51,672.71,0.6422,857.60,658.33,0.7193,781.77,702.13,0.6925,802.69,702.78,0.6834,805.96,749.19,0.6357,807.27,760.30,0.6935,804.00,799.52,0.7388,788.31,819.13,0.7484
102,top,1,916.51,372.65,1010.85,589.55,961.04,388.43,0.8624,965.27,384.72,0.8840,957.33,384.72,0.8672,972.69,387.37,0.8258,953.62,388.96,0.7988,985.39,405.38,0.7459,944.62,411.73,0.7655,1002.87,420.20,0.7909,929.26,431.32,0.7463,986.98,439.79,0.7230,922.38,451.97,0.6704,978.51,471.57,0.5951,959.98,472.10,0.6171,974.27,518.17,0.7143,962.09,517.11,0.6762,972.69,563.18,0.7685,983.28,536.17,0.6924
102,bottom,0,746.23,582.76,865.43,847.55,809.06,601.38,0.7874,810.35,598.15,0.5477,809.71,598.15,0.4953,800.01,603.97,0.7252,818.11,603.32,0.7421,785.14,630.47,0.7257,831.04,629.82,0.7897,752.82,655.04,0.8254,853.67,665.38,0.8126,778.68,674.43,0.6529,857.54,661.50,0.7208,780.62,703.52,0.6930,802.60,704.17,0.6795,803.89,750.71,0.6369,805.83,763.64,0.7101,803.89,799.20,0.7133,786.43,821.18,0.7638
103,top,0,915.51,372.61,1008.79,589.48,960.03,387.33,0.8745,964.80,383.63,0.8713,956.86,384.16,0.8771,972.21,386.80,0.8264,953.15,388.39,0.7864,985.45,405.33,0.7593,944.15,411.16,0.7494,1000.80,423.34,0.7985,928.80,428.63,0.6399,988.62,443.98,0.7169,922.44,437.63,0.6093,978.04,470.99,0.5884,959.50,471.52,0.5999,974.33,517.58,0.7081,961.62,514.93,0.6562,972.74,562.58,0.7611,983.33,536.11,0.7001
103,bottom,1,746.62,584.74,863.60,849.56,810.28,605.30,0.7597,810.93,601.42,0.5562,810.93,601.42,0.4835,801.23,606.60,0.7130,818.68,606.60,0.7150,785.71,633.10,0.7295,832.91,633.75,0.7952,753.38,657.67,0.8125,854.89,669.96,0.8134,777.31,677.71,0.6639,856.83,666.08,0.6937,779.89,704.87,0.7029,802.52,706.81,0.6761,799.93,751.42,0.6083,803.81,766.94,0.7106,799.29,797.97,0.7073,783.12,823.19,0.7528
104,top,1,915.79,371.07,1004.79,590.63,960.29,386.51,0.9322,964.58,383.29,0.8885,957.07,383.29,0.9281,972.08,386.51,0.8797,952.78,387.58,0.8301,983.87,406.34,0.7906,944.21,410.63,0.7646,997.27,426.71,0.7885,929.73,428.32,0.6640,991.38,446.54,0.7108,919.55,432.61,0.6360,977.98,471.74,0.6332,960.29,472.27,0.6378,974.76,517.30,0.7198,961.90,514.08,0.6914,972.62,563.40,0.7845,983.87,536.60,0.7014
104,bottom,0,747.24,589.67,862.15,855.27,809.88,608.34,0.7516,810.53,604.45,0.5764,810.53,605.10,0.4982,801.45,610.29,0.7154,818.31,609.64,0.7075,785.89,636.87,0.7274,834.52,637.52,0.8082,754.12,660.86,0.8091,855.92,674.48,0.8123,775.51,681.61,0.6735,857.22,670.59,0.6617,780.70,708.20,0.6938,804.69,710.15,0.6607,797.56,755.54,0.5960,800.15,770.45,0.6728,796.91,800.28,0.6847,779.40,825.57,0.7438
105,top,1,915.36,370.00,1003.03,590.67,959.73,386.06,0.9370,964.04,382.82,0.8941,956.50,382.82,0.9394,971.59,386.59,0.8881,952.19,386.59,0.8334,982.90,407.61,0.8098,944.11,409.76,0.7783,993.14,429.69,0.7417,929.56,425.92,0.6947,994.75,448.55,0.6742,918.25,428.08,0.6683,978.59,471.72,0.6351,960.27,471.72,0.6409,974.28,516.43,0.7108,962.43,513.20,0.7052,972.66,562.76,0.7888,985.06,537.44,0.7316
105,bottom,0,746.58,591.75,864.85,855.24,809.57,610.28,0.7052,809.57,606.42,0.5431,812.15,607.06,0.4957,800.57,612.21,0.7034,818.58,611.57,0.7370,786.42,638.58,0.7330,835.95,640.51,0.8151,753.61,663.03,0.8075,855.25,678.47,0.7732,770.33,682.33,0.6899,857.82,677.83,0.6627,782.56,709.35,0.6922,807.64,711.92,0.6661,791.56,760.16,0.6196,797.35,774.96,0.7044,791.56,806.48,0.6457,778.05,825.78,0.7509
106,top,1,909.82,369.11,1005.29,591.33,959.18,385.82,0.9241,964.06,382.56,0.8635,955.93,382.56,0.9369,971.12,385.82,0.8885,951.59,386.36,0.8239,980.88,408.60,0.8011,943.45,409.15,0.7707,991.19,432.48,0.7095,930.43,425.42,0.7061,995.53,451.47,0.6617,920.12,425.42,0.6950,977.09,471.54,0.6236,959.18,471.54,0.6286,973.83,517.11,0.7076,962.44,514.94,0.6971,972.75,562.69,0.7784,986.31,538.27,0.7453
106,bottom,0,745.93,590.44,862.40,854.19,808.67,609.63,0.7042,808.03,605.77,0.5520,811.24,606.41,0.5089,799.65,611.56,0.7076,818.33,610.92,0.7094,787.42,638.61,0.7236,836.36,639.90,0.8291,753.29,662.43,0.7532,852.46,677.24,0.7305,762.31,678.53,0.6467,855.03,686.26,0.6292,785.49,710.08,0.6767,811.89,713.95,0.6642,786.78,758.38,0.6547,800.94,776.41,0.7087,781.62,797.66,0.5972,783.56,822.77,0.6801
107,top,1,923.26,369.37,1004.13,590.24,958.84,385.98,0.8722,963.16,382.74,0.8941,955.61,382.74,0.8657,970.17,385.98,0.8363,951.83,386.52,0.8565,980.41,409.16,0.8026,943.21,408.62,0.7849,990.66,434.51,0.7342,931.88,425.88,0.7026,996.59,456.08,0.6542,922.18,424.80,0.6769,977.72,471.18,0.6392,959.92,471.71,0.6514,973.94,514.85,0.7217,963.70,513.23,0.6554,973.40,562.84,0.7871,987.42,538.58,0.7215
107,bottom,0,746.08,588.80,859.40,851.61,807.87,607.92,0.6650,806.59,604.07,0.5128,809.80,604.71,0.4431,797.60,609.85,0.6965,818.14,609.20,0.7105,787.98,638.08,0.7189,836.74,639.36,0.8008,757.18,659.89,0.5942,851.50,674.01,0.7058,753.97,665.03,0.5966,854.07,685.56,0.6499,792.47,709.30,0.6968,816.85,711.87,0.6608,784.13,761.91,0.7327,809.80,771.54,0.7137,775.15,802.98,0.6951,793.75,811.96,0.7234
108,top,1,924.90,369.69,1002.00,591.00,958.59,386.33,0.8740,962.91,382.55,0.8997,955.35,382.55,0.8627,969.93,385.79,0.8333,951.02,386.33,0.8645,979.66,410.10,0.8048,942.92,407.94,0.7925,990.47,437.12,0.7540,932.11,426.85,0.6924,995.33,460.35,0.7082,924.01,425.23,0.6058,976.42,471.16,0.6481,960.21,471.70,0.6565,973.72,516.01,0.7219,966.15,514.39,0.6356,973.18,563.01,0.8055,989.39,540.32,0.7232
108,bottom,0,744.94,586.78,860.57,833.25,807.57,607.11,0.7232,806.97,603.50,0.4764,807.57,603.50,0.3898,797.94,609.52,0.6559,817.20,608.32,0.6662,787.11,639.01,0.7202,837.66,638.41,0.8222,752.81,660.67,0.6950,853.91,674.51,0.7294,753.41,657.66,0.5450,852.70,676.32,0.5766,796.14,708.81,0.7034,823.22,710.01,0.6985,786.51,761.16,0.7496,816.60,770.79,0.7544,776.88,806.29,0.7166,802.15,795.46,0.6940
109,top,1,920.13,369.86,1001.30,590.62,958.02,385.92,0.8872,962.87,382.69,0.8904,954.79,382.69,0.8616,969.34,386.46,0.8350,950.48,386.46,0.8558,979.04,410.71,0.8198,942.39,407.48,0.8039,989.28,439.28,0.7783,931.61,425.27,0.6458,994.13,466.23,0.7491,926.22,427.96,0.6049,975.81,472.15,0.6475,959.64,472.69,0.6453,973.65,516.35,0.7292,967.18,514.19,0.6280,973.65,562.70,0.7937,990.90,540.60,0.7538
109,bottom,0,747.76,587.47,863.15,829.79,809.01,607.47,0.7607,809.01,604.51,0.5088,809.01,603.92,0.4063,799.54,610.43,0.6750,818.47,609.84,0.6789,788.30,637.64,0.7236,837.99,637.64,0.8096,753.39,654.80,0.7702,856.93,671.36,0.8033,759.90,643.56,0.7489,852.19,663.08,0.6073,800.72,708.63,0.6821,827.34,709.22,0.6847,789.48,760.69,0.7611,823.20,764.84,0.7347,778.24,802.11,0.7287,811.37,782.58,0.7174
110,top,1,924.07,369.80,1000.78,587.69,957.10,386.18,0.8532,961.36,382.99,0.8787,953.91,382.46,0.8361,968.28,386.71,0.8334,949.12,386.71,0.8534,977.85,410.65,0.8050,941.15,407.46,0.7975,988.49,439.91,0.7701,930.51,428.21,0.6703,992.21,468.64,0.7513,926.78,434.06,0.5905,975.19,470.76,0.6393,959.23,471.83,0.6428,973.60,514.92,0.7281,968.28,513.85,0.6254,974.13,561.73,0.7819,991.68,543.11,0.7411
110,bottom,0,752.08,586.05,867.31,826.62,812.63,607.66,0.7537,812.04,604.73,0.4858,811.45,603.55,0.4263,803.82,610.01,0.6817,822.03,610.01,0.6688,793.25,635.85,0.7164,841.99,636.44,0.7966,757.42,648.19,0.7885,861.38,665.22,0.7902,760.94,634.09,0.7935,856.09,661.70,0.5248,804.99,706.33,0.6675,832.60,705.75,0.6846,790.90,760.96,0.7341,833.77,749.80,0.7067,779.15,799.72,0.7309,822.03,772.11,0.7363
111,top,1,922.46,371.37,1001.16,585.45,955.54,387.99,0.8535,959.72,384.33,0.8672,952.40,384.33,0.8373,966.51,387.46,0.8468,947.70,387.46,0.8566,976.97,412.03,0.8041,939.33,407.85,0.8062,986.90,441.30,0.7765,930.45,427.19,0.6834,991.60,470.57,0.7507,925.75,438.16,0.6704,974.35,470.05,0.6467,958.15,471.09,0.6503,971.22,513.95,0.7219,967.56,513.95,0.6275,972.26,560.47,0.7726,991.08,543.74,0.7251
111,bottom,0,757.12,584.93,872.44,825.81,818.31,605.40,0.7733,817.72,602.46,0.4819,816.54,602.46,0.4296,809.49,608.34,0.7078,827.72,608.34,0.6769,798.90,633.04,0.7121,847.12,634.21,0.7796,763.03,640.68,0.8023,867.12,658.32,0.8382,766.56,622.45,0.7941,852.42,640.09,0.5957,810.66,703.61,0.6569,838.89,701.84,0.6615,793.02,760.06,0.7021,845.36,730.66,0.6483,781.26,799.47,0.7420,834.77,768.88,0.7490
112,top,1,915.61,372.35,1001.05,579.67,954.78,389.46,0.8977,958.83,385.41,0.8908,951.24,385.41,0.8298,965.41,388.96,0.8324,946.18,388.96,0.8737,976.55,413.76,0.8172,937.58,408.70,0.8324,986.17,442.61,0.7718,928.46,432.99,0.7264,990.72,473.48,0.7037,922.39,453.74,0.7384,973.01,469.94,0.6760,957.82,470.45,0.6817,966.93,510.43,0.7244,965.41,510.94,0.6433,967.94,559.02,0.7859,991.23,543.84,0.7585
112,bottom,0,760.08,581.44,879.23,825.09,825.01,602.14,0.7770,823.82,599.17,0.4866,825.01,599.17,0.4385,816.68,605.12,0.7342,835.12,604.52,0.6976,805.97,630.10,0.7143,855.34,630.69,0.7860,768.50,636.05,0.8207,872.59,651.51,0.8498,769.69,616.42,0.8583,861.89,630.69,0.6543,816.68,702.07,0.6457,845.23,700.29,0.6585,797.65,755.01,0.6873,854.75,719.92,0.5946,783.96,795.46,0.7491,847.02,763.94,0.7329
113,top,1,915.77,375.29,1000.87,574.19,952.49,391.70,0.8840,956.38,387.82,0.8627,948.61,387.82,0.8424,963.18,391.22,0.8502,944.24,390.73,0.8606,975.32,415.50,0.8023,935.98,411.13,0.8439,987.94,444.63,0.7875,929.18,436.86,0.7694,990.85,472.31,0.7025,920.44,459.20,0.7938,972.40,468.91,0.6836,955.89,469.40,0.6901,961.72,508.25,0.7386,963.66,511.16,0.6105,964.63,556.32,0.8040,990.85,542.72,0.7643
113,bottom,0,761.91,578.91,884.62,823.52,832.22,597.90,0.8080,830.43,594.92,0.5687,832.82,594.92,0.4822,823.86,601.48,0.7396,842.37,600.29,0.6902,813.11,627.76,0.7352,861.48,626.57,0.8025,774.30,636.12,0.8424,879.40,646.87,0.8712,771.31,614.62,0.8568,867.46,625.37,0.6581,823.26,702.41,0.6555,851.93,699.42,0.6673,801.17,752.57,0.6936,865.07,713.16,0.5702,788.03,790.20,0.7205,866.26,751.98,0.6902
114,top,1,911.50,376.48,1001.77,575.15,950.33,393.36,0.9172,954.21,389.48,0.8823,946.94,389.96,0.8782,960.52,393.36,0.8694,942.09,393.36,0.8604,973.61,416.64,0.7892,934.81,413.25,0.8666,989.13,443.80,0.7873,928.99,438.95,0.7933,997.38,472.91,0.7362,918.80,464.66,0.7908,972.16,467.57,0.7109,954.70,468.06,0.7235,959.55,508.31,0.7762,949.85,510.25,0.7371,961.97,555.85,0.8336,983.80,536.93,0.7530
114,bottom,0,759.94,576.19,891.91,815.07,839.92,596.49,0.8347,837.00,593.57,0.5596,842.25,592.99,0.4987,831.76,599.99,0.7415,850.42,598.82,0.7094,820.09,627.40,0.7620,865.58,624.48,0.8262,781.60,639.06,0.8503,885.99,643.14,0.8501,770.52,615.15,0.8751,876.08,620.40,0.8152,830.59,700.88,0.6583,859.17,697.38,0.6613,808.43,747.53,0.7301,875.49,715.46,0.6118,795.60,784.86,0.7479,879.58,745.78,0.6778
115,top,1,912.74,378.94,1006.07,575.78,948.35,395.18,0.9510,952.19,391.81,0.8881,944.99,391.81,0.9200,958.92,394.70,0.9276,940.66,395.18,0.8551,972.38,416.80,0.7597,933.93,413.92,0.8796,992.56,441.31,0.8099,929.13,438.43,0.8009,1002.17,471.59,0.7802,920.00,462.94,0.7911,970.94,467.26,0.6826,953.16,466.78,0.7286,957.48,508.59,0.7467,943.06,507.15,0.7681,960.84,556.17,0.8327,977.66,532.14,0.7456
115,bottom,0,759.07,575.97,907.25,813.82,846.51,596.18,0.8215,843.61,593.28,0.5731,848.84,592.12,0.4802,838.97,599.08,0.7460,857.55,597.92,0.7008,828.51,627.54,0.7793,873.23,624.05,0.8299,789.61,644.96,0.8362,891.23,639.73,0.8615,771.02,621.73,0.8834,879.61,617.67,0.7776,837.80,698.96,0.6509,866.26,695.48,0.6571,816.32,746.58,0.7225,884.84,723.35,0.6356,808.19,780.26,0.7167,888.32,746.00,0.6818
116,top,1,914.72,379.54,1010.79,575.16,945.56,396.16,0.9395,949.86,392.34,0.9050,942.69,392.34,0.9136,957.02,395.68,0.9104,938.39,396.63,0.8376,971.35,417.17,0.7696,932.19,414.31,0.9055,994.27,438.66,0.8195,928.84,438.19,0.8123,1004.78,468.75,0.8210,921.20,463.50,0.8057,971.35,467.32,0.7034,952.72,466.84,0.7248,957.50,507.92,0.7822,937.92,501.71,0.8671,960.84,557.11,0.8470,970.87,527.98,0.7448
116,bottom,0,757.47,577.35,903.76,809.48,851.59,597.64,0.8373,849.32,594.81,0.5533,851.59,594.24,0.5834,845.92,601.04,0.7101,862.92,599.34,0.7497,836.85,629.38,0.7794,879.36,624.28,0.8416,800.58,651.48,0.7570,896.36,637.88,0.9013,774.52,635.61,0.8320,887.86,618.61,0.8188,845.92,698.51,0.6510,871.99,696.25,0.6620,824.39,748.38,0.7090,885.59,712.12,0.6619,823.82,774.45,0.7439,888.99,741.02,0.7559
117,top,0,917.24,380.27,1013.64,574.36,945.06,397.24,0.9140,949.33,393.45,0.9329,941.75,393.92,0.9063,955.49,396.29,0.9185,937.01,397.24,0.8228,971.12,416.66,0.7256,930.37,415.24,0.8633,993.40,434.20,0.7703,927.53,438.46,0.7605,1007.14,463.10,0.8010,922.32,463.57,0.7496,972.07,464.05,0.6489,951.70,464.05,0.6586,959.75,504.32,0.7594,936.53,498.16,0.8232,962.60,555.50,0.8361,964.02,521.86,0.7035
117,bottom,1,758.26,578.87,909.02,800.12,859.57,598.75,0.8695,859.57,596.59,0.5138,859.03,594.43,0.6150,851.47,602.53,0.7465,868.75,599.83,0.8045,844.45,629.54,0.7824,885.50,625.76,0.8222,812.04,656.55,0.7163,902.24,639.26,0.8829,778.55,645.21,0.7678,898.46,619.82,0.8655,853.63,699.76,0.6930,879.02,695.44,0.6982,833.64,751.08,0.6745,886.04,707.32,0.5520,835.80,773.22,0.7067,888.20,738.65,0.7400
118,top,0,917.00,381.04,1014.70,574.99,943.12,398.47,0.8580,947.38,395.15,0.8784,939.80,395.62,0.8778,953.54,397.52,0.9370,935.07,398.94,0.8320,970.11,415.98,0.7038,928.91,416.46,0.8337,992.84,433.03,0.7476,926.07,440.61,0.7489,1007.51,460.97,0.8287,922.29,469.02,0.7256,973.42,463.33,0.6492,951.64,462.86,0.6466,962.53,502.64,0.7468,934.60,493.64,0.7681,964.43,554.25,0.8131,954.48,524.89,0.7647
118,bottom,1,760.19,576.32,923.93,795.26,863.44,597.05,0.8329,860.23,594.38,0.5407,864.51,592.78,0.6522,855.96,600.80,0.7146,873.60,599.19,0.8065,847.94,628.59,0.7720,889.63,625.38,0.8096,819.08,659.06,0.7487,909.41,642.49,0.8274,778.99,652.11,0.7547,913.15,625.38,0.8164,859.17,699.15,0.7067,883.22,694.34,0.7005,842.06,748.33,0.6144,884.29,708.77,0.4007,845.27,768.10,0.6852,887.50,737.10,0.6561
119,top,0,916.81,383.22,1015.06,573.17,942.28,400.28,0.8970,945.99,396.11,0.9072,938.57,397.04,0.8756,952.48,399.35,0.9326,933.47,400.75,0.8494,969.64,417.44,0.7158,927.91,418.83,0.8123,991.44,435.06,0.7484,926.05,443.41,0.7248,1007.21,461.50,0.8109,922.34,470.77,0.7000,974.28,461.50,0.6475,951.56,461.50,0.6445,964.08,500.45,0.7585,934.40,495.81,0.7331,965.93,551.93,0.7967,947.38,525.03,0.7356
119,bottom,3,762.19,573.15,940.19,793.11,866.83,595.05,0.8633,863.93,592.15,0.6096,867.99,592.15,0.6503,859.30,597.95,0.7881,875.52,597.95,0.7565,848.87,625.76,0.8118,892.91,623.44,0.8753,823.37,658.21,0.7774,913.19,647.78,0.8820,783.97,658.21,0.8283,928.83,640.83,0.8745,862.20,692.98,0.7281,886.53,688.92,0.7259,847.13,743.39,0.6831,884.22,712.68,0.4409,855.24,760.77,0.7574,887.11,737.01,0.5852
120,top,1,909.38,387.79,1011.31,569.58,941.26,403.68,0.8818,944.81,399.68,0.8798,937.27,400.57,0.8825,951.03,402.79,0.9091,931.94,404.56,0.8440,968.33,420.54,0.7303,926.62,422.76,0.8174,989.19,439.63,0.7611,925.73,447.17,0.7300,1005.17,464.48,0.7830,923.07,475.13,0.6825,974.55,464.92,0.6805,951.91,464.48,0.6766,964.34,499.99,0.7649,934.60,491.11,0.5939,971.89,548.36,0.7572,931.94,525.73,0.7077
120,bottom,0,765.19,568.78,950.51,791.28,868.11,590.14,0.8742,865.69,587.73,0.6297,869.31,587.73,0.6048,860.26,593.16,0.7718,877.16,593.16,0.7571,850.61,621.51,0.8159,893.44,619.10,0.8512,825.27,654.09,0.7903,914.56,650.47,0.8660,786.06,656.50,0.8389,938.69,653.49,0.8618,863.88,689.68,0.7252,888.62,686.06,0.7452,849.41,739.75,0.7064,883.79,710.19,0.4682,859.66,759.06,0.7741,886.81,736.13,0.5910
121,top,1,906.04,392.23,1008.31,571.05,940.15,409.61,0.8642,944.08,405.68,0.8669,936.22,406.11,0.8655,950.19,409.17,0.9060,931.42,410.48,0.8407,968.09,426.63,0.7328,926.62,427.50,0.8208,987.74,447.15,0.7543,926.18,452.39,0.7284,1003.45,470.29,0.7808,923.56,477.71,0.6771,975.08,467.23,0.6844,951.50,466.80,0.6776,963.29,500.41,0.7701,931.86,496.48,0.6794,978.13,546.25,0.7466,927.05,526.17,0.7574
121,bottom,0,764.97,562.57,959.43,790.78,867.26,584.25,0.8347,864.73,581.72,0.6239,866.63,581.09,0.5628,859.67,587.42,0.7678,877.39,587.42,0.7911,850.81,615.90,0.8271,895.75,613.37,0.8424,824.22,648.19,0.8172,914.11,649.46,0.8530,785.60,651.35,0.8379,941.33,662.12,0.8341,866.00,683.01,0.7391,890.05,680.47,0.7431,848.27,731.75,0.7803,884.99,702.00,0.5670,860.93,759.60,0.8197,887.52,737.45,0.6901
122,top,1,905.22,399.85,1001.69,569.38,941.04,415.49,0.8407,944.76,411.77,0.7991,937.31,412.18,0.8372,950.56,415.08,0.8482,931.93,415.90,0.7930,967.11,433.70,0.7172,926.14,432.88,0.7987,985.33,453.98,0.7051,926.14,457.71,0.6743,1003.12,476.34,0.7396,923.65,483.37,0.5953,973.32,471.78,0.6664,949.32,471.37,0.6443,964.63,501.58,0.7310,927.79,500.76,0.6707,982.84,545.46,0.7542,927.38,528.90,0.7423
122,bottom,0,763.22,556.64,961.43,793.01,866.84,578.69,0.8203,865.55,576.76,0.6065,867.49,576.11,0.5469,859.10,581.92,0.7410,877.17,581.92,0.8074,849.42,609.66,0.8307,896.52,607.08,0.8428,822.32,639.99,0.8232,912.65,644.50,0.8775,783.61,643.86,0.8187,938.46,665.80,0.8681,867.49,676.12,0.7393,893.30,674.18,0.7380,846.84,726.45,0.7781,888.78,699.35,0.6948,862.33,761.93,0.7905,888.78,739.35,0.7589
123,top,1,905.62,405.68,1003.59,569.49,943.81,421.20,0.8213,947.01,418.00,0.7823,940.21,418.00,0.8072,952.20,422.00,0.8343,935.01,422.00,0.7766,966.60,438.40,0.7209,928.61,437.60,0.7953,987.00,459.19,0.6911,927.81,463.19,0.6735,1005.79,481.99,0.6783,925.81,488.39,0.6037,973.00,474.79,0.6554,948.60,474.39,0.6236,969.80,505.59,0.7082,925.01,505.19,0.6556,985.40,547.58,0.7453,926.21,529.18,0.7539
123,bottom,0,757.73,550.90,960.69,795.57,867.80,572.81,0.8317,867.14,570.83,0.6219,868.46,570.17,0.5888,861.20,576.78,0.7197,876.39,576.12,0.7985,849.30,604.52,0.8400,897.53,601.22,0.8667,820.90,632.93,0.8032,910.75,638.88,0.8867,779.93,636.24,0.7963,935.85,665.31,0.8494,868.46,669.93,0.7574,895.55,667.95,0.7629,847.98,724.11,0.8266,892.91,702.30,0.7728,864.50,767.71,0.8189,891.59,739.96,0.7590
124,top,1,906.11,409.29,1005.84,567.75,948.62,425.08,0.7851,952.11,421.98,0.7561,944.76,421.98,0.7676,957.14,425.85,0.7799,939.34,425.85,0.7465,971.45,441.33,0.7082,932.76,440.16,0.7379,990.40,461.05,0.6244,930.83,463.76,0.5895,1006.65,479.62,0.5854,930.06,485.04,0.5158,974.93,480.01,0.6030,947.85,479.62,0.5938,978.03,512.12,0.6631,922.32,509.41,0.7163,986.92,549.26,0.7406,925.03,530.69,0.7341
124,bottom,0,753.82,547.21,959.08,797.62,869.14,568.18,0.8357,868.48,566.17,0.6693,870.48,565.51,0.6049,862.46,572.19,0.7144,877.16,571.52,0.7793,849.10,600.92,0.8261,898.54,596.91,0.8622,817.69,628.31,0.7956,911.24,634.33,0.8835,778.27,628.98,0.7550,933.96,665.06,0.8566,869.81,666.40,0.7377,897.21,663.73,0.7272,850.44,721.86,0.8150,895.87,701.81,0.7829,865.13,769.97,0.8394,896.54,740.57,0.7410
125,top,1,906.47,408.54,1010.97,565.51,955.65,424.18,0.8175,959.49,420.73,0.7563,951.82,420.73,0.7812,964.85,425.33,0.7921,946.07,424.18,0.7789,977.88,440.66,0.7218,938.41,438.74,0.7464,998.19,461.73,0.6600,934.96,462.12,0.5985,1015.82,481.66,0.6339,937.26,480.13,0.5681,978.65,478.21,0.6304,949.52,477.83,0.5797,987.08,513.09,0.6560,925.76,511.55,0.6614,990.15,547.58,0.7728,925.00,529.95,0.7310
125,bottom,0,756.19,543.68,949.32,797.58,868.47,565.64,0.8019,866.58,563.12,0.6541,870.36,562.50,0.5880,862.18,568.78,0.7255,878.53,567.53,0.7565,850.87,597.70,0.8147,898.65,593.30,0.8601,818.80,625.36,0.7534,911.85,630.39,0.8480,779.83,623.48,0.7032,931.97,664.34,0.8029,874.76,665.60,0.7271,899.90,663.08,0.7108,852.12,718.41,0.8143,898.65,700.18,0.7459,864.07,770.59,0.8404,901.79,742.30,0.7742
126,top,0,906.12,403.93,1034.78,566.15,964.17,421.38,0.7913,967.52,417.61,0.7709,960.40,417.61,0.7626,972.97,420.54,0.7975,954.54,420.96,0.7939,986.37,437.29,0.7038,945.32,435.20,0.7696,1005.21,458.65,0.6923,938.62,456.56,0.6094,1022.38,480.85,0.6565,944.91,467.03,0.5308,985.11,477.50,0.5985,957.47,476.66,0.5627,996.84,515.19,0.7001,936.95,506.82,0.6585,990.97,548.70,0.7266,925.64,529.43,0.7701
126,bottom,1,763.25,542.01,953.34,798.30,868.93,562.54,0.7669,868.30,560.03,0.6301,870.80,559.41,0.5416,862.67,565.67,0.7082,879.56,565.04,0.7525,852.03,595.70,0.8237,900.21,590.07,0.8578,822.00,625.11,0.7707,915.23,628.86,0.8291,787.59,620.73,0.7509,932.12,663.27,0.8237,875.81,667.03,0.7084,902.09,663.90,0.7075,852.66,718.96,0.8101,901.46,698.94,0.7444,862.67,774.64,0.8559,908.35,745.24,0.7833
127,top,1,911.92,399.98,1038.52,566.68,971.92,416.56,0.7593,975.63,412.85,0.7057,968.21,412.44,0.7295,981.40,416.15,0.7686,962.44,415.74,0.7619,995.41,433.87,0.7079,952.14,431.81,0.7578,1012.72,457.36,0.6972,944.31,454.89,0.6521,1027.97,481.27,0.6486,952.55,465.19,0.5863,991.70,475.09,0.5852,964.50,474.26,0.5554,1004.07,519.18,0.6977,946.78,506.82,0.5879,993.35,547.21,0.7346,934.42,527.84,0.6858
127,bottom,0,775.53,540.62,960.17,798.10,870.36,561.87,0.8133,870.99,558.10,0.5962,870.99,558.10,0.5567,864.08,564.38,0.6783,879.16,563.12,0.7812,852.76,595.81,0.8043,901.79,590.15,0.8300,826.99,626.61,0.7773,917.51,627.87,0.8403,793.05,621.58,0.7275,934.48,662.44,0.8437,877.91,665.59,0.6687,906.19,661.81,0.7129,852.76,717.76,0.8191,904.31,699.53,0.7892,860.94,776.22,0.8604,918.14,749.19,0.8172
128,top,1,931.66,397.68,1039.04,566.87,979.98,414.94,0.7312,983.70,410.81,0.7214,976.26,410.81,0.7058,989.07,414.12,0.7639,970.07,413.70,0.7514,1002.29,431.47,0.6866,959.33,430.64,0.7464,1016.33,456.25,0.6884,951.07,454.60,0.6421,1029.96,481.03,0.6190,956.44,464.51,0.5079,999.40,477.73,0.5496,972.96,475.25,0.5130,1006.83,521.93,0.6522,953.96,506.23,0.6100,997.74,545.06,0.7102,951.89,529.78,0.7015
128,bottom,0,787.52,541.02,959.79,800.85,872.39,562.46,0.8560,873.66,559.29,0.5737,871.12,558.66,0.5443,866.04,566.27,0.6673,881.90,565.00,0.7760,855.26,597.35,0.7966,903.47,591.64,0.8132,833.06,630.34,0.7854,920.60,628.43,0.8378,807.05,625.90,0.7267,937.72,662.69,0.8343,880.00,667.76,0.6716,909.81,663.32,0.7257,854.63,719.78,0.8067,906.64,702.65,0.7955,859.07,778.14,0.8379,928.21,750.86,0.8222
129,top,1,950.92,398.76,1040.03,569.31,989.64,415.33,0.7170,992.97,412.00,0.7327,985.06,411.58,0.7002,997.14,414.49,0.7501,977.98,414.08,0.7743,1010.05,433.23,0.6811,966.74,432.40,0.7465,1022.12,458.63,0.6696,957.58,460.71,0.6813,1034.20,486.11,0.6097,967.99,471.96,0.5478,1007.55,479.45,0.5656,983.40,476.12,0.5600,1009.63,524.42,0.6357,960.50,511.51,0.7112,1004.63,542.74,0.6749,976.74,531.50,0.6624
129,bottom,0,801.13,544.25,960.31,805.58,874.98,565.81,0.8757,875.62,562.62,0.5626,872.43,561.98,0.5937,869.24,569.00,0.6466,884.55,567.73,0.7554,857.75,600.90,0.8102,905.60,595.80,0.8228,838.61,635.36,0.7997,923.47,632.17,0.8457,816.28,632.17,0.7451,939.42,664.71,0.8456,882.00,669.17,0.6706,911.35,664.71,0.7364,855.84,723.40,0.8218,909.43,706.81,0.7943,857.75,782.74,0.8269,936.23,755.94,0.8051
130,top,1,959.54,402.56,1045.09,566.38,998.32,419.28,0.7087,1001.92,415.68,0.6894,994.32,415.68,0.6648,1005.52,418.88,0.7443,986.72,417.68,0.7306,1015.91,436.48,0.7182,975.52,435.68,0.7585,1026.71,461.67,0.6550,965.12,461.27,0.7185,1038.71,488.47,0.5382,976.32,470.87,0.5433,1015.11,481.67,0.5557,991.52,479.27,0.5898,1013.91,522.07,0.6377,969.52,517.67,0.6956,1011.91,546.06,0.6286,995.52,531.26,0.6618
130,bottom,0,811.39,549.76,960.60,808.26,877.79,571.09,0.9004,878.42,567.30,0.5768,875.90,567.30,0.6298,871.48,574.24,0.6577,887.26,572.98,0.7594,860.12,605.80,0.8428,908.08,600.75,0.8357,844.34,642.40,0.8156,927.65,637.35,0.8508,824.15,641.77,0.7092,941.53,667.65,0.8342,882.84,674.59,0.6699,911.87,670.17,0.7293,856.96,728.86,0.8382,912.50,713.72,0.7897,854.44,787.56,0.8654,943.43,762.31,0.8372
131,top,1,967.59,408.92,1052.93,572.84,1005.86,427.65,0.6641,1009.46,423.64,0.6473,1001.85,422.84,0.6284,1013.46,426.05,0.7301,995.05,424.04,0.7087,1024.27,444.05,0.7421,984.64,439.65,0.7423,1035.07,473.27,0.6062,972.64,462.86,0.6009,1047.08,505.29,0.5975,979.04,465.27,0.4751,1024.27,488.08,0.6146,1002.65,487.68,0.6145,1021.86,519.29,0.6496,980.24,524.90,0.7189,1021.46,550.11,0.6598,1009.06,540.90,0.6633
131,bottom,0,819.50,555.94,960.78,809.56,880.85,576.87,0.9278,881.47,573.15,0.5797,879.00,572.53,0.6470,873.42,579.96,0.6524,890.14,578.73,0.7446,862.28,610.92,0.8611,910.57,605.97,0.8461,849.89,649.31,0.8134,931.01,642.50,0.8533,830.70,651.17,0.7467,944.01,670.98,0.8301,885.19,680.27,0.6845,914.91,675.94,0.7423,857.94,732.28,0.8506,916.15,719.28,0.7915,856.09,792.34,0.8840,945.87,768.20,0.8530
132,top,1,972.83,416.03,1061.42,576.23,1016.74,432.77,0.6849,1019.86,429.25,0.6705,1013.22,428.86,0.6715,1023.38,431.60,0.7171,1006.96,430.03,0.7293,1032.38,452.72,0.7418,996.79,446.85,0.6961,1041.38,480.48,0.6423,979.58,461.32,0.6152,1054.28,507.86,0.5833,985.45,454.67,0.4914,1030.82,493.78,0.6435,1010.09,495.35,0.6633,1032.38,517.64,0.6429,989.36,531.33,0.7658,1034.73,555.97,0.7029,1016.74,545.02,0.6197
132,bottom,0,824.70,559.96,961.63,809.82,884.02,580.58,0.9151,885.24,576.92,0.5662,881.58,576.31,0.6325,876.70,583.63,0.6406,893.17,582.41,0.7413,866.94,614.13,0.8501,913.30,608.64,0.8349,856.56,655.00,0.8113,934.04,644.63,0.8402,834.60,661.10,0.7423,946.85,670.86,0.8115,889.51,682.45,0.6659,919.40,678.18,0.7492,859.01,732.47,0.8517,918.18,722.10,0.7968,856.56,792.25,0.8823,945.02,772.12,0.8718
133,top,1,988.59,423.48,1070.13,576.79,1028.23,440.25,0.6918,1031.60,436.88,0.6519,1025.24,436.13,0.6397,1034.60,439.87,0.6518,1016.63,436.50,0.7294,1041.33,460.46,0.7181,1005.40,447.73,0.7060,1053.31,488.16,0.6519,998.67,446.61,0.4921,1066.04,514.35,0.6856,988.19,451.10,0.4085,1039.09,496.76,0.6215,1016.26,499.01,0.6568,1045.45,521.84,0.6065,996.42,532.69,0.7189,1049.19,560.39,0.6772,1017.75,546.92,0.6469
133,bottom,0,825.98,561.08,962.29,807.35,886.32,582.61,0.9126,887.52,579.60,0.5608,883.91,578.40,0.6318,879.71,585.61,0.6288,895.94,584.41,0.7464,871.29,616.27,0.8214,916.38,610.26,0.8152,863.47,654.75,0.7839,938.63,645.13,0.8164,841.83,666.78,0.7854,950.05,672.19,0.7814,894.74,684.82,0.6542,924.20,681.21,0.7378,860.47,729.91,0.8436,919.99,722.09,0.7720,856.86,790.03,0.8638,946.44,771.99,0.8501
134,top,1,989.22,427.24,1081.36,585.40,1040.31,445.70,0.7160,1044.17,442.22,0.6902,1037.22,441.07,0.6113,1046.49,444.93,0.6837,1027.96,440.29,0.7452,1050.74,465.78,0.7375,1016.37,453.42,0.6939,1060.39,493.96,0.6604,997.07,448.40,0.4546,1074.29,517.90,0.6686,995.14,446.47,0.4064,1045.72,504.39,0.6337,1023.32,504.78,0.6602,1060.78,531.42,0.5934,1001.31,532.58,0.7144,1067.34,570.42,0.7143,1019.07,546.86,0.6817
134,bottom,0,825.09,561.44,962.59,807.08,889.64,582.31,0.8950,890.84,579.31,0.5644,886.04,578.71,0.5972,883.04,585.30,0.6250,898.64,584.70,0.7414,875.25,615.89,0.8154,918.43,610.49,0.8044,866.85,655.47,0.7741,941.82,645.27,0.8157,844.66,669.86,0.7459,953.21,672.26,0.8098,901.04,683.06,0.6538,928.62,680.06,0.7457,862.65,729.23,0.8150,920.83,722.04,0.7755,857.86,790.40,0.8484,946.61,773.01,0.8438
135,top,1,989.40,427.46,1100.02,584.27,1054.67,450.74,0.7189,1058.11,447.29,0.6825,1051.61,445.38,0.6156,1059.65,449.20,0.6245,1042.03,443.84,0.7194,1063.09,472.18,0.7179,1029.02,456.10,0.6603,1072.28,501.65,0.6828,1010.64,450.35,0.5805,1086.06,525.01,0.7570,993.80,442.31,0.5713,1054.29,511.61,0.6474,1029.78,510.84,0.6573,1074.19,538.02,0.6747,1011.79,533.43,0.6404,1083.38,570.18,0.7529,1016.00,545.68,0.6767
135,bottom,0,825.80,560.44,963.53,808.75,891.64,580.33,0.8547,893.46,576.69,0.5817,888.61,576.69,0.5704,886.18,582.75,0.6174,900.13,582.75,0.7283,877.70,613.06,0.8098,920.74,608.21,0.7844,869.81,651.26,0.7591,943.77,644.59,0.7976,851.02,669.44,0.7399,955.29,672.47,0.8056,902.55,682.17,0.6404,930.44,680.35,0.7257,866.18,728.85,0.7986,921.95,721.58,0.7803,859.51,790.69,0.8381,946.80,771.89,0.8475
136,top,1,991.62,433.61,1118.54,599.97,1068.71,458.53,0.7517,1071.61,454.40,0.7169,1065.41,452.75,0.6697,1073.67,456.06,0.6189,1055.49,451.51,0.7510,1073.67,478.78,0.7297,1038.14,461.01,0.6736,1081.52,508.11,0.6934,1015.42,450.68,0.6194,1095.57,532.49,0.7644,992.69,442.42,0.7108,1062.10,519.27,0.6614,1036.08,518.03,0.6619,1084.00,549.02,0.6995,1016.66,543.64,0.5254,1098.88,584.96,0.7479,1009.63,548.19,0.5545
136,bottom,0,826.11,558.08,965.04,808.75,893.74,578.16,0.8142,894.96,574.49,0.5605,891.29,574.49,0.5442,887.01,580.61,0.6161,902.31,580.61,0.7164,878.44,609.37,0.7989,922.50,606.92,0.7662,870.48,647.92,0.7448,945.14,643.64,0.7709,855.80,666.89,0.7147,957.38,672.40,0.7943,903.53,680.36,0.6315,930.46,679.13,0.6995,868.04,728.09,0.7899,924.95,721.36,0.7787,863.14,789.29,0.8338,946.98,770.93,0.8417
137,top,1,982.00,440.82,1133.80,612.25,1082.11,467.73,0.7796,1085.08,463.29,0.7899,1078.16,462.30,0.7482,1086.07,465.76,0.6942,1067.78,461.80,0.7921,1084.58,488.49,0.7681,1049.01,469.71,0.6881,1092.98,516.16,0.7200,1023.81,455.88,0.6696,1106.82,538.89,0.7759,996.14,444.51,0.6767,1071.24,528.51,0.6965,1046.54,525.55,0.6747,1092.49,557.67,0.7404,1023.31,544.82,0.5634,1108.30,596.21,0.8059,1012.94,551.24,0.6745
137,bottom,0,826.05,555.96,964.97,808.50,894.28,576.19,0.7979,895.51,572.49,0.5481,893.05,572.49,0.5363,888.11,578.65,0.6399,902.91,578.65,0.7229,878.25,607.63,0.8042,922.02,605.16,0.7747,870.85,645.24,0.7553,944.84,642.16,0.7831,857.90,666.82,0.7422,957.78,671.75,0.8091,903.53,679.15,0.6374,930.65,677.30,0.7050,868.38,727.86,0.8012,928.81,721.69,0.7859,868.38,788.90,0.8280,946.69,771.02,0.8530
138,top,1,997.25,456.89,1142.38,617.46,1092.96,479.07,0.7438,1097.21,475.76,0.7765,1089.66,474.34,0.7214,1099.58,478.12,0.6690,1081.15,473.87,0.7222,1096.74,497.96,0.7415,1062.26,481.90,0.6618,1103.83,522.53,0.7276,1038.16,466.78,0.5516,1116.58,540.01,0.7281,1012.18,453.08,0.5171,1081.15,536.23,0.6869,1055.17,532.45,0.6671,1105.72,560.79,0.7355,1032.02,548.51,0.5600,1118.47,602.84,0.8169,1015.49,554.18,0.6828
138,bottom,0,836.22,556.31,964.41,809.38,894.75,576.58,0.8298,895.99,573.49,0.5383,892.90,572.87,0.5609,887.96,579.67,0.6471,904.64,579.05,0.7359,878.69,607.47,0.8096,922.56,605.00,0.7902,870.66,645.78,0.7901,945.42,642.69,0.8135,857.68,668.64,0.7741,957.77,672.96,0.8083,902.79,678.52,0.6492,930.59,677.29,0.7029,869.42,727.95,0.8208,930.59,723.01,0.7944,872.51,787.88,0.8363,946.03,771.20,0.8371
139,top,1,1000.02,469.07,1144.79,620.12,1106.81,494.64,0.7217,1109.16,490.87,0.6818,1104.92,490.40,0.7101,1107.75,492.76,0.5893,1094.08,488.52,0.7278,1103.98,508.31,0.7389,1074.76,493.23,0.6574,1111.05,529.52,0.7420,1052.14,478.15,0.6386,1126.60,541.30,0.7214,1024.34,463.07,0.7357,1088.43,539.41,0.7175,1063.45,536.58,0.6847,1115.29,558.26,0.7656,1041.30,553.55,0.5787,1121.89,604.92,0.8111,1019.15,556.85,0.7139
139,bottom,0,826.17,558.32,962.10,811.81,895.38,579.24,0.7793,896.61,575.53,0.5496,895.38,575.53,0.5348,887.33,581.72,0.6416,904.04,581.10,0.7280,877.43,611.42,0.7988,923.22,607.71,0.7640,870.00,650.41,0.7585,944.88,646.70,0.7851,859.48,672.69,0.7182,957.26,677.02,0.7948,905.28,681.35,0.6233,932.51,679.50,0.6909,869.38,730.24,0.7802,930.03,723.44,0.7739,874.95,789.03,0.7806,946.12,772.33,0.8199
140,top,1,999.96,487.33,1144.05,619.99,1115.63,509.10,0.8529,1118.91,506.28,0.8068,1113.75,504.41,0.8033,1120.32,509.10,0.6029,1104.37,502.06,0.7634,1115.16,524.11,0.7524,1085.61,506.28,0.6962,1117.51,543.34,0.6404,1070.60,493.15,0.4546,1129.70,550.37,0.5435,1051.37,481.89,0.4099,1091.71,543.34,0.6921,1068.25,539.12,0.6565,1118.91,558.82,0.7273,1044.80,556.94,0.6247,1122.20,602.91,0.7729,1020.88,559.29,0.7011
140,bottom,0,848.37,563.82,964.73,816.03,895.47,585.25,0.8363,895.47,582.17,0.5246,894.23,581.55,0.6120,887.46,588.94,0.6091,904.09,587.71,0.7017,877.61,617.27,0.8339,924.41,612.96,0.7781,870.84,657.29,0.7848,946.57,651.75,0.8184,860.37,681.30,0.7833,957.66,681.30,0.7786,905.32,686.23,0.6320,935.49,683.77,0.6994,870.22,735.49,0.8105,928.72,725.02,0.7519,876.38,792.76,0.8374,947.19,776.13,0.8349
141,top,1,1004.59,496.79,1146.11,620.13,1122.80,523.91,0.8182,1126.49,520.68,0.7659,1121.42,518.38,0.8004,1126.49,522.06,0.6475,1112.21,512.85,0.7420,1123.26,534.96,0.7782,1093.78,512.39,0.7234,1126.03,551.09,0.6738,1076.74,500.41,0.6128,1135.70,563.99,0.6403,1056.93,491.66,0.5100,1096.54,545.56,0.6662,1073.51,538.65,0.6666,1124.19,560.76,0.7021,1049.55,557.08,0.6473,1122.80,601.76,0.7804,1025.60,561.68,0.6996
141,bottom,0,849.32,571.97,967.01,821.30,895.38,592.55,0.8390,895.38,590.11,0.5234,894.77,589.50,0.5988,886.86,596.20,0.6073,904.51,594.98,0.7236,877.12,626.63,0.8425,923.99,619.33,0.7895,871.64,664.98,0.7989,946.51,658.90,0.8257,860.68,691.77,0.7970,956.86,691.16,0.7645,908.77,694.20,0.6517,937.38,690.55,0.7174,871.03,742.29,0.8141,926.42,728.29,0.7491,875.90,798.29,0.8456,948.34,779.42,0.8433
142,top,1,1010.95,501.71,1149.12,622.38,1126.81,532.36,0.8420,1130.86,528.32,0.8119,1124.56,526.52,0.8020,1132.21,527.87,0.6562,1114.67,520.67,0.7349,1128.61,540.91,0.7871,1096.23,517.97,0.6993,1135.81,562.05,0.6934,1074.64,505.83,0.6890,1143.45,580.94,0.6626,1048.10,501.33,0.7794,1099.38,546.31,0.6393,1075.54,539.11,0.6749,1125.46,561.60,0.6649,1053.05,556.20,0.6748,1123.21,601.63,0.7914,1031.91,561.60,0.7148
142,bottom,0,847.40,583.00,964.96,824.34,893.80,602.92,0.8420,893.80,599.97,0.5238,893.22,599.38,0.6076,886.15,606.45,0.5978,903.23,605.27,0.7235,877.31,636.50,0.8617,923.85,628.84,0.8138,872.59,675.39,0.7827,946.83,666.55,0.8391,862.58,702.49,0.7819,956.26,701.31,0.7932,911.48,701.90,0.6793,938.58,699.55,0.7344,872.00,750.22,0.8359,926.21,736.67,0.7622,874.36,806.19,0.8661,949.19,786.16,0.8702
143,top,1,1013.79,504.76,1153.30,621.24,1128.96,533.48,0.8297,1132.59,529.40,0.8335,1126.23,528.03,0.8177,1134.41,528.94,0.6612,1116.69,522.58,0.7629,1131.68,542.11,0.8096,1097.62,520.77,0.6858,1142.13,569.81,0.7434,1073.10,509.41,0.6929,1148.48,595.24,0.8306,1047.67,512.14,0.7880,1103.07,545.29,0.6138,1077.19,537.57,0.6617,1124.41,559.82,0.6560,1053.57,554.37,0.6677,1123.05,601.60,0.8116,1037.22,563.45,0.7283
143,bottom,0,846.17,592.39,966.31,832.12,891.02,612.75,0.8244,890.43,610.41,0.5397,891.02,609.83,0.5800,882.82,617.44,0.6141,900.38,615.68,0.7168,875.80,647.29,0.8499,922.62,637.92,0.7846,871.70,689.43,0.7708,946.62,674.79,0.8327,864.10,716.35,0.7722,955.40,710.50,0.7887,913.85,710.50,0.6666,941.35,707.57,0.7161,872.87,756.74,0.8170,923.21,742.69,0.7298,871.12,812.34,0.8708,949.55,787.76,0.8416
144,top,1,1008.67,502.02,1153.04,620.36,1129.73,530.17,0.8166,1133.49,525.94,0.8237,1127.38,524.53,0.8029,1134.90,525.47,0.6823,1117.51,518.42,0.7486,1131.61,539.57,0.8128,1098.71,517.95,0.6694,1143.83,564.48,0.7859,1070.99,509.96,0.7093,1150.41,594.55,0.7960,1046.55,517.95,0.8204,1100.12,542.39,0.5998,1076.63,533.93,0.6320,1124.09,558.84,0.6594,1054.54,552.26,0.6135,1122.68,601.60,0.8100,1041.85,562.60,0.6913
144,bottom,0,846.74,602.95,967.00,841.34,887.08,622.04,0.8424,886.50,618.55,0.5742,887.08,618.55,0.5604,880.10,625.54,0.6727,896.98,624.37,0.7071,872.53,656.38,0.8734,919.67,645.32,0.7858,869.62,696.54,0.7514,945.28,681.41,0.8261,864.97,726.22,0.7630,955.18,716.91,0.8098,913.27,716.33,0.7012,941.21,712.25,0.7287,873.70,764.05,0.8142,922.00,746.59,0.6980,868.46,819.34,0.8923,949.94,789.08,0.8224
145,top,1,1004.72,493.19,1151.96,620.89,1129.62,522.05,0.8627,1132.98,518.22,0.8556,1127.23,516.78,0.8395,1134.89,518.70,0.6852,1117.64,511.99,0.7598,1131.54,531.64,0.8375,1098.95,512.94,0.7053,1141.60,554.64,0.8085,1071.63,506.71,0.7091,1147.35,578.61,0.7808,1048.14,516.30,0.8588,1100.86,538.35,0.6515,1076.90,530.68,0.6544,1123.87,556.56,0.7146,1055.33,548.41,0.6564,1122.91,602.09,0.8195,1042.39,560.87,0.7199
145,bottom,0,845.06,609.42,966.71,844.69,882.33,629.41,0.8750,882.33,627.11,0.5758,882.33,626.54,0.5171,875.44,632.86,0.6966,892.67,631.71,0.6988,869.12,663.87,0.8751,916.22,651.24,0.7883,866.25,705.81,0.7530,942.07,685.70,0.8080,866.25,735.67,0.7521,954.71,721.89,0.8087,912.20,721.89,0.7040,940.35,716.14,0.7359,873.72,768.41,0.8409,927.14,750.03,0.7004,868.55,824.71,0.8915,951.84,790.82,0.8004
146,top,1,995.45,488.19,1145.13,620.87,1127.78,510.19,0.8693,1131.68,507.27,0.8321,1125.34,505.32,0.7849,1132.65,508.73,0.6662,1116.57,502.39,0.8075,1130.70,522.37,0.8020,1096.60,505.32,0.7072,1136.06,536.99,0.6639,1074.18,500.44,0.6201,1137.04,560.86,0.6122,1052.75,506.29,0.6853,1100.98,533.58,0.7170,1077.11,526.27,0.6705,1121.45,555.99,0.7191,1053.23,544.30,0.6366,1122.42,601.30,0.7882,1043.00,554.53,0.6423
146,bottom,0,844.32,613.21,967.09,845.37,880.20,634.07,0.8980,881.34,631.80,0.5784,879.64,631.24,0.5275,871.70,639.17,0.7453,890.41,636.34,0.7255,865.47,669.21,0.8640,913.08,656.18,0.7902,862.63,711.72,0.7422,940.28,691.88,0.8084,866.03,742.33,0.7618,954.45,727.03,0.8235,906.84,727.03,0.6682,935.75,720.79,0.7184,871.70,770.10,0.8420,939.72,754.23,0.6832,869.43,827.35,0.8984,951.05,790.51,0.7799
147,top,3,1026.33,477.37,1144.06,620.51,1124.28,500.65,0.7786,1128.12,497.21,0.7292,1121.22,495.29,0.6865,1130.03,497.21,0.5826,1113.17,493.37,0.7244,1127.73,512.15,0.7328,1094.01,496.44,0.5618,1125.82,536.30,0.5788,1062.58,497.59,0.3382,1131.95,569.64,0.4451,1054.54,517.90,0.3346,1100.52,529.40,0.6428,1076.38,519.82,0.5962,1118.54,556.61,0.6674,1051.85,540.51,0.6727,1121.98,602.21,0.7826,1040.36,551.62,0.6661
147,bottom,0,844.39,616.76,967.13,845.81,881.15,637.34,0.8793,881.71,634.54,0.5742,881.15,633.98,0.5055,871.65,641.81,0.7270,891.22,639.02,0.7059,864.38,672.57,0.8806,914.15,660.27,0.8025,859.90,716.19,0.7714,939.87,698.29,0.8127,865.50,744.71,0.7777,954.97,731.29,0.8270,903.52,732.40,0.6772,934.28,726.81,0.7385,870.53,771.55,0.8610,943.79,758.69,0.6831,869.41,828.59,0.9003,958.32,795.03,0.7322
148,top,1,1019.47,465.45,1143.97,620.92,1121.44,484.82,0.8039,1124.27,481.99,0.7197,1117.79,480.37,0.7180,1127.11,484.82,0.5924,1109.28,480.37,0.7518,1123.46,500.63,0.7299,1089.01,489.69,0.4927,1114.55,523.33,0.4856,1066.32,496.58,0.3754,1114.14,520.08,0.2298,1059.83,500.63,0.1854,1097.52,522.11,0.6435,1072.40,515.22,0.5567,1112.93,552.91,0.6672,1048.48,537.92,0.6159,1121.84,603.17,0.7668,1037.14,551.29,0.6854
148,bottom,0,844.65,618.62,981.62,846.50,884.76,639.10,0.8794,885.87,636.32,0.5645,885.31,636.32,0.4904,875.86,644.66,0.6778,894.77,641.32,0.7001,865.84,674.15,0.8934,917.03,664.13,0.8196,859.17,718.10,0.7853,940.39,703.08,0.7680,864.73,746.47,0.8246,955.97,733.68,0.7973,899.22,735.35,0.6707,930.93,729.23,0.6911,870.85,770.95,0.8439,944.84,763.16,0.7433,869.18,828.81,0.9224,965.98,801.55,0.7881
149,top,1,1011.38,451.77,1139.94,619.75,1116.25,473.82,0.9153,1119.60,470.05,0.8050,1112.49,469.64,0.8372,1123.37,472.98,0.5639,1104.12,470.05,0.8389,1118.35,489.72,0.7603,1084.45,479.26,0.5805,1101.19,503.95,0.5109,1059.34,489.72,0.5803,1082.77,506.04,0.3281,1054.73,509.81,0.3537,1091.14,516.93,0.7319,1065.20,512.32,0.6282,1107.88,552.50,0.7217,1043.02,537.85,0.6770,1118.35,601.04,0.8396,1033.81,553.33,0.7081
149,bottom,0,844.99,616.89,987.53,845.16,893.41,640.19,0.7859,893.97,636.84,0.5099,896.75,636.28,0.4775,882.26,645.20,0.6350,902.88,642.97,0.6856,869.45,673.07,0.9006,921.83,665.82,0.8475,859.42,715.98,0.8099,940.78,705.95,0.7905,864.43,745.51,0.8379,958.61,734.37,0.8136,896.75,738.83,0.7037,928.52,733.81,0.7082,872.23,771.71,0.8218,944.68,764.46,0.7957,869.45,829.11,0.9179,970.87,812.39,0.8367
150,top,1,1013.95,442.66,1128.09,619.62,1110.77,464.17,0.9189,1114.23,460.28,0.8676,1106.88,459.85,0.8714,1118.98,463.31,0.6396,1099.10,461.58,0.8604,1118.98,482.75,0.7911,1079.23,473.25,0.6554,1099.54,497.01,0.4971,1055.47,488.37,0.5799,1078.80,503.06,0.3268,1048.99,508.67,0.4092,1088.30,512.99,0.7374,1061.95,508.67,0.6463,1104.29,549.29,0.6764,1040.78,539.35,0.6512,1114.66,598.11,0.7903,1030.84,558.79,0.6863
150,bottom,0,845.04,616.35,990.87,844.78,903.46,638.54,0.7236,902.34,634.64,0.4645,907.92,634.64,0.5532,891.19,644.12,0.5923,909.04,641.89,0.7215,875.02,672.00,0.8854,926.32,667.54,0.8739,862.19,713.27,0.8063,942.50,707.14,0.8120,866.65,742.27,0.8224,962.57,736.14,0.8263,894.54,740.04,0.7275,928.55,736.14,0.6991,873.34,773.50,0.8216,947.52,768.48,0.8228,869.44,829.27,0.9217,970.94,820.91,0.8662
151,top,1,1016.64,436.48,1123.14,614.67,1104.69,456.40,0.9178,1108.61,452.05,0.8812,1101.21,452.05,0.8872,1112.96,455.10,0.6295,1092.51,454.23,0.8422,1114.70,476.42,0.8140,1075.98,469.02,0.7040,1097.73,494.69,0.4818,1053.36,487.29,0.6120,1075.54,499.91,0.3115,1045.53,506.00,0.4324,1086.42,509.91,0.7401,1060.75,507.74,0.6598,1102.52,546.46,0.7421,1039.44,544.28,0.7183,1103.82,595.61,0.8137,1028.56,563.86,0.7280
151,bottom,0,844.96,613.32,987.69,851.94,908.75,636.51,0.7420,912.83,632.43,0.4352,911.08,631.85,0.5147,897.10,641.17,0.5670,916.91,638.84,0.7081,881.37,668.55,0.8613,933.80,667.97,0.8277,866.81,708.75,0.8028,946.04,708.17,0.7970,872.05,737.88,0.7907,967.01,736.13,0.8394,895.35,738.46,0.7231,929.72,736.71,0.7119,874.96,774.58,0.8319,950.11,774.58,0.7989,868.55,829.92,0.9057,967.01,825.26,0.8602
152,top,1,1015.97,429.45,1118.08,612.16,1098.70,449.88,0.9382,1102.71,445.87,0.8641,1094.24,445.87,0.8752,1107.62,448.99,0.7514,1085.76,448.99,0.8542,1110.74,471.74,0.8126,1069.70,465.50,0.7242,1096.91,492.71,0.4930,1049.18,486.01,0.6584,1072.82,502.07,0.2194,1035.36,508.76,0.6069,1085.76,510.10,0.7363,1059.00,508.76,0.6594,1097.36,544.00,0.7295,1039.37,548.02,0.7316,1095.13,593.07,0.7837,1027.33,563.63,0.7642
152,bottom,0,844.91,609.36,989.24,858.12,918.29,633.53,0.6940,924.36,628.67,0.5072,921.33,628.67,0.4869,906.14,637.78,0.6038,925.58,635.96,0.6820,890.35,664.51,0.7970,942.58,666.33,0.8210,873.35,705.20,0.7762,949.26,708.84,0.8220,880.63,734.35,0.7654,971.13,736.17,0.8069,898.85,737.99,0.6986,934.08,737.39,0.6957,878.21,775.65,0.8378,951.69,781.11,0.7919,867.88,830.92,0.8579,957.77,828.49,0.8095
153,top,1,1012.89,426.61,1113.67,611.26,1093.03,445.90,0.9154,1097.09,441.39,0.8330,1088.52,441.39,0.8615,1101.60,444.55,0.7470,1079.96,445.00,0.8655,1106.56,469.34,0.8150,1064.18,463.03,0.7284,1096.19,493.69,0.5115,1045.70,486.02,0.6691,1089.88,503.61,0.2046,1029.92,509.92,0.6484,1083.56,510.37,0.7001,1056.07,509.47,0.6479,1091.68,545.53,0.7271,1039.39,551.84,0.7328,1093.93,593.32,0.7899,1026.31,563.56,0.7086
153,bottom,0,845.17,607.86,993.79,867.31,928.35,631.80,0.6781,932.15,626.73,0.4925,932.15,627.37,0.4862,916.31,634.97,0.6066,932.78,634.97,0.6461,899.84,662.20,0.8108,950.52,666.01,0.8709,880.84,701.48,0.8118,954.32,709.08,0.8340,890.34,727.45,0.7738,976.49,736.95,0.8068,906.18,733.78,0.7049,938.48,734.42,0.7156,886.54,780.03,0.8174,951.15,786.36,0.8144,866.90,830.07,0.8243,945.45,833.87,0.8032
154,top,1,1010.08,422.86,1108.11,611.56,1085.36,442.12,0.9268,1089.50,437.51,0.8130,1081.21,437.97,0.8364,1094.11,440.27,0.7341,1073.38,441.19,0.8433,1101.94,466.53,0.8451,1057.71,459.62,0.7721,1097.33,493.71,0.7089,1040.21,485.42,0.7432,1093.65,520.90,0.5717,1025.46,513.06,0.7075,1080.75,508.46,0.6880,1053.57,508.46,0.6343,1087.20,544.85,0.7201,1036.98,552.68,0.7234,1093.19,593.69,0.8054,1024.54,563.28,0.7376
154,bottom,0,855.20,607.99,998.68,873.10,939.23,631.81,0.7053,942.47,627.93,0.4979,941.18,628.57,0.4953,927.58,634.40,0.6045,944.41,634.40,0.6213,911.40,660.93,0.7801,959.95,666.76,0.8270,890.04,697.83,0.7777,961.24,709.48,0.8133,902.99,716.60,0.6059,981.95,737.31,0.8126,912.70,732.13,0.7057,942.47,735.37,0.6756,895.22,782.61,0.7855,952.18,789.73,0.7993,871.27,827.27,0.7856,932.76,846.69,0.7928
155,top,1,1011.73,419.64,1104.73,611.24,1079.28,436.86,0.8719,1082.55,433.12,0.8524,1075.07,432.65,0.8377,1087.70,435.92,0.7673,1067.58,436.39,0.8756,1095.18,459.78,0.8084,1051.21,455.57,0.7754,1095.65,489.25,0.7380,1034.84,483.63,0.7467,1098.93,520.12,0.7131,1023.15,513.57,0.6905,1076.00,506.56,0.6545,1049.81,505.62,0.6436,1082.09,543.04,0.6948,1032.03,550.06,0.7108,1092.38,592.63,0.7892,1023.15,564.09,0.7080
155,bottom,0,869.45,608.54,1004.33,872.38,953.63,633.54,0.6667,954.92,629.03,0.4989,955.57,629.67,0.5364,937.53,635.47,0.6107,952.99,636.11,0.6273,921.43,660.59,0.7725,967.16,668.96,0.8074,900.81,695.37,0.7789,965.87,710.19,0.8109,914.99,712.12,0.6104,987.77,739.18,0.8262,918.85,733.38,0.7265,947.84,736.60,0.6753,904.04,784.91,0.8164,952.99,793.93,0.7922,881.49,834.51,0.8087,929.80,850.61,0.7974
156,top,1,1012.20,414.35,1108.57,611.02,1073.35,430.10,0.8416,1076.71,426.26,0.8131,1068.55,426.26,0.7890,1081.03,429.14,0.7594,1060.87,429.62,0.8277,1089.19,452.67,0.7904,1046.46,448.35,0.7472,1093.52,482.92,0.7088,1032.54,476.68,0.7371,1101.20,513.17,0.6746,1026.77,505.96,0.6351,1072.39,500.20,0.6493,1046.46,498.76,0.6220,1079.59,542.46,0.6975,1029.17,545.82,0.6807,1092.56,591.91,0.7454,1023.41,562.62,0.7287
156,bottom,0,886.15,609.08,1011.49,872.61,965.55,634.68,0.6680,966.19,629.54,0.5012,965.55,630.18,0.5839,946.89,635.97,0.6146,961.69,637.26,0.6480,931.45,661.70,0.7771,972.63,670.71,0.7806,912.79,695.80,0.7714,967.48,710.60,0.7969,928.87,711.25,0.5559,990.64,739.56,0.8015,926.94,735.05,0.7097,953.32,739.56,0.6597,915.36,786.52,0.8290,959.11,794.24,0.7984,896.06,843.14,0.8269,932.73,850.22,0.7785
157,top,1,1012.34,407.14,1110.05,607.40,1065.60,423.67,0.8248,1069.02,420.24,0.7853,1061.20,420.24,0.7661,1074.40,423.67,0.8038,1053.86,424.15,0.8071,1084.66,447.62,0.7799,1041.64,444.20,0.7476,1092.00,476.96,0.6763,1028.93,471.58,0.6684,1103.73,505.80,0.6847,1027.95,496.02,0.5283,1067.55,497.98,0.6422,1040.17,496.51,0.6356,1077.82,541.00,0.7189,1026.00,539.05,0.6537,1091.02,586.47,0.7328,1022.57,563.49,0.7250
157,bottom,0,899.50,609.07,1014.09,878.84,975.24,635.28,0.6594,975.89,630.67,0.5116,974.58,631.99,0.5895,956.14,636.60,0.5999,969.97,637.91,0.6532,941.65,662.28,0.8012,978.53,671.50,0.7788,924.52,695.87,0.7816,969.31,711.02,0.7853,945.60,709.70,0.5968,994.34,740.66,0.7859,933.08,736.05,0.7097,958.77,740.66,0.6851,928.47,790.06,0.8137,968.65,795.33,0.7776,908.71,849.33,0.8528,940.99,849.33,0.7725
158,top,1,1012.18,401.90,1114.04,605.29,1060.63,417.69,0.8591,1064.10,413.71,0.8258,1056.16,414.21,0.8007,1069.07,417.19,0.7686,1049.21,417.69,0.8228,1079.50,440.03,0.7729,1035.80,436.06,0.7807,1089.92,467.34,0.7193,1026.86,462.87,0.7145,1102.83,494.65,0.6940,1028.85,486.21,0.6752,1064.60,493.16,0.6190,1037.79,491.67,0.6281,1075.03,537.36,0.7266,1023.39,536.86,0.6480,1087.94,582.54,0.7330,1023.39,563.67,0.7640
158,bottom,0,907.52,613.87,1015.95,883.29,988.05,638.07,0.7503,986.73,634.13,0.5569,985.42,634.78,0.6856,965.02,640.05,0.5831,976.86,642.02,0.6736,953.18,663.73,0.8218,984.10,676.22,0.7946,936.08,697.27,0.7156,970.94,716.35,0.7735,960.42,710.43,0.4905,998.57,743.97,0.7830,938.06,742.66,0.7412,961.74,745.95,0.6963,943.98,793.96,0.7896,980.15,800.54,0.7890,918.98,853.16,0.8680,950.55,851.85,0.7998
159,top,1,1012.09,395.42,1108.12,600.12,1055.61,412.31,0.8058,1059.10,408.31,0.7459,1051.61,408.81,0.7587,1064.60,412.31,0.7577,1044.61,412.31,0.7918,1076.10,434.80,0.7564,1031.12,431.80,0.7885,1088.09,461.78,0.7190,1022.12,458.79,0.7510,1101.08,484.77,0.6784,1031.12,474.28,0.6441,1061.60,487.77,0.6296,1034.62,486.27,0.6268,1072.10,532.25,0.7328,1022.62,533.75,0.6544,1082.59,579.73,0.7350,1023.12,563.73,0.8080
159,bottom,0,912.80,620.43,1021.67,887.97,995.33,644.46,0.8155,994.67,640.54,0.5829,992.71,640.54,0.7375,973.12,647.08,0.5859,982.92,648.38,0.6743,962.67,672.55,0.8206,988.14,683.00,0.7938,946.99,705.21,0.5876,973.12,723.50,0.7494,982.26,721.54,0.5528,1002.51,749.63,0.7787,944.38,750.93,0.7543,965.28,753.54,0.7251,955.48,799.92,0.7845,992.06,805.15,0.8079,926.09,860.01,0.8684,962.01,858.71,0.8330
160,top,1,1011.08,390.97,1105.86,596.39,1052.45,407.42,0.8323,1055.46,403.41,0.7902,1047.94,403.91,0.8011,1060.48,406.92,0.7602,1040.92,407.42,0.7985,1072.51,429.99,0.7579,1027.38,426.98,0.7969,1085.55,456.57,0.7348,1019.35,455.06,0.7459,1099.60,480.14,0.7221,1030.39,466.10,0.6240,1058.97,483.15,0.6167,1031.39,482.14,0.6173,1070.01,527.78,0.7192,1021.86,529.29,0.6874,1077.53,575.43,0.7413,1022.86,563.39,0.8173
160,bottom,0,916.43,629.16,1025.74,900.19,1004.17,651.53,0.8815,1003.50,648.22,0.6219,1000.86,648.22,0.7773,981.67,655.50,0.5567,990.27,656.16,0.7188,971.74,681.31,0.8049,992.26,690.57,0.7674,968.44,718.36,0.6049,975.71,731.59,0.7577,996.23,730.27,0.7395,1007.47,757.40,0.7637,951.89,759.38,0.7723,971.74,761.37,0.7678,965.13,809.01,0.8163,1003.50,814.31,0.8559,930.72,868.56,0.8721,975.71,873.20,0.7864
161,top,0,1010.24,386.29,1105.53,592.81,1049.31,403.83,0.8154,1052.84,399.80,0.7782,1045.28,399.80,0.7960,1057.88,403.33,0.7532,1037.72,403.33,0.7840,1069.98,426.02,0.7476,1024.10,422.99,0.7859,1083.09,452.24,0.7568,1017.55,449.72,0.7472,1097.72,475.93,0.7274,1026.62,458.79,0.6415,1056.37,479.97,0.5990,1029.14,477.95,0.6052,1067.97,524.84,0.7276,1021.08,526.86,0.6753,1070.99,570.73,0.7717,1023.09,562.66,0.8255
161,bottom,1,918.10,638.25,1032.98,912.79,1012.41,659.56,0.8927,1011.74,656.88,0.6411,1008.39,656.88,0.8039,990.29,664.92,0.5480,997.66,665.59,0.7383,978.89,691.73,0.8252,997.66,700.45,0.7829,976.21,730.61,0.6301,979.56,742.01,0.7661,1006.37,740.67,0.7067,1013.75,766.14,0.7714,960.80,770.16,0.7679,979.56,772.17,0.7666,970.85,820.43,0.8101,1016.43,824.45,0.8632,931.97,876.06,0.8675,994.31,886.79,0.7859
162,top,1,1009.08,383.30,1104.93,586.47,1047.58,400.07,0.7890,1050.56,395.60,0.7830,1043.12,396.10,0.7921,1055.02,399.07,0.7525,1035.18,400.07,0.8006,1066.93,422.39,0.7553,1021.79,419.41,0.7950,1079.33,448.68,0.7599,1013.85,446.20,0.7662,1094.70,473.97,0.7285,1024.27,456.12,0.6525,1054.03,476.45,0.5883,1027.24,474.97,0.5903,1065.44,521.10,0.7554,1020.30,522.59,0.6798,1064.45,563.76,0.7930,1022.78,561.77,0.8255
162,bottom,0,917.27,649.27,1053.01,920.96,1021.62,670.37,0.9074,1020.96,667.05,0.6934,1017.64,667.05,0.8560,998.41,675.01,0.5412,1007.69,675.67,0.7714,987.80,700.88,0.8217,1003.05,711.49,0.8031,986.47,737.36,0.6265,985.14,751.29,0.8180,1017.64,738.69,0.7042,1019.63,772.51,0.8014,971.21,779.15,0.7836,987.80,781.14,0.7929,975.19,828.23,0.8015,1024.28,833.54,0.8892,932.08,877.31,0.8881,1016.32,900.53,0.8428
163,top,1,1005.54,380.00,1098.31,580.07,1045.57,396.02,0.8151,1048.50,391.63,0.8234,1040.69,392.12,0.8092,1052.90,395.54,0.7617,1033.36,396.02,0.8335,1065.11,419.47,0.7564,1019.68,417.52,0.7775,1077.32,447.31,0.7777,1010.89,445.85,0.7632,1090.51,471.25,0.7450,1021.64,456.59,0.6421,1051.92,477.60,0.5959,1025.55,476.62,0.5823,1063.65,520.58,0.7468,1020.17,521.56,0.7049,1055.34,556.72,0.7910,1023.10,561.61,0.8122
163,bottom,0,916.60,657.83,1073.03,933.13,1032.46,680.55,0.8775,1031.11,676.51,0.6749,1027.75,677.19,0.8594,1012.29,683.91,0.4980,1018.34,686.60,0.7623,1001.54,710.79,0.7894,1010.95,721.55,0.8130,1002.88,740.37,0.6215,994.15,761.87,0.8083,1033.80,739.02,0.7887,1031.11,778.01,0.7931,982.05,788.09,0.7772,996.84,790.10,0.7959,980.70,831.78,0.7556,1030.44,843.20,0.8682,933.65,878.83,0.8728,1035.82,911.76,0.8839
164,top,1,1003.30,377.34,1091.97,579.56,1043.69,393.54,0.8314,1046.65,389.59,0.8397,1039.24,389.59,0.8017,1051.58,393.04,0.7626,1031.84,393.54,0.8485,1063.43,417.23,0.7617,1017.03,415.26,0.7738,1074.79,446.36,0.7521,1007.65,442.91,0.7729,1085.65,473.02,0.7064,1019.00,460.68,0.6979,1050.10,475.49,0.5890,1024.43,475.49,0.5661,1059.98,520.42,0.7415,1019.49,519.43,0.7000,1048.62,549.54,0.7844,1022.46,560.90,0.7925
164,bottom,0,918.62,666.58,1083.40,943.37,1043.58,688.07,0.9016,1042.91,684.69,0.7086,1039.53,685.37,0.8712,1025.34,690.77,0.4850,1029.39,694.15,0.7966,1013.85,717.80,0.7603,1021.28,729.97,0.8303,1021.96,742.81,0.6669,1005.06,768.49,0.8262,1053.04,736.72,0.8333,1042.23,782.00,0.8177,994.25,794.16,0.7929,1009.12,796.87,0.7966,982.76,836.74,0.7499,1039.53,853.63,0.8786,933.43,879.31,0.8913,1048.31,922.56,0.9080
165,top,1,1001.00,374.20,1090.27,578.88,1042.14,391.59,0.8626,1045.14,387.59,0.8645,1037.64,388.09,0.8286,1049.63,391.09,0.7716,1030.15,391.59,0.8650,1061.63,415.57,0.7777,1016.15,413.08,0.7781,1070.62,444.56,0.7530,1005.16,438.06,0.7555,1081.12,471.54,0.7112,1013.65,460.05,0.6408,1047.64,474.54,0.5918,1022.65,474.04,0.5705,1055.63,520.01,0.7795,1019.65,519.01,0.6985,1042.64,544.50,0.7700,1022.15,560.49,0.7973
165,bottom,0,921.07,672.65,1088.50,950.45,1054.30,696.25,0.8977,1054.30,692.86,0.6470,1050.90,693.54,0.8354,1039.37,697.61,0.4405,1042.09,701.68,0.8586,1028.52,723.38,0.7948,1031.91,735.59,0.8715,1040.73,741.69,0.7229,1017.67,773.57,0.8032,1069.89,727.45,0.8540,1052.94,781.71,0.8284,1007.50,796.63,0.8168,1024.45,800.02,0.8396,991.90,842.07,0.7714,1054.30,860.38,0.9187,939.00,880.73,0.8599,1052.94,930.24,0.9411
166,top,1,999.05,372.88,1087.80,579.07,1041.92,389.90,0.8687,1044.94,385.87,0.8503,1037.39,386.37,0.8235,1049.47,389.90,0.7691,1029.33,390.40,0.8656,1060.04,414.56,0.7834,1014.73,411.54,0.7644,1067.59,444.26,0.7394,1002.65,434.20,0.7432,1076.65,472.45,0.7235,1010.20,458.86,0.6675,1045.94,472.96,0.5959,1022.29,471.95,0.5841,1050.98,518.26,0.7603,1020.27,516.75,0.7007,1037.89,539.91,0.7607,1022.29,559.54,0.8046
166,bottom,0,931.89,675.44,1094.32,950.96,1064.90,700.20,0.8642,1064.23,696.83,0.6070,1060.19,697.51,0.8114,1045.39,701.54,0.4469,1050.78,705.58,0.8104,1042.70,729.12,0.7570,1040.69,739.88,0.8547,1054.81,740.56,0.6988,1027.91,776.88,0.8153,1080.37,721.05,0.8668,1061.54,778.90,0.8270,1020.51,803.79,0.7846,1037.32,805.80,0.8132,1004.36,850.20,0.7739,1070.96,862.98,0.8633,947.86,886.52,0.8350,1054.81,930.25,0.8978
167,top,0,997.70,370.89,1082.83,579.02,1040.27,388.57,0.8842,1043.83,384.51,0.8531,1036.20,385.01,0.8488,1048.40,388.57,0.8348,1028.58,389.08,0.8826,1059.58,413.47,0.8165,1013.85,409.91,0.7705,1065.68,442.43,0.7672,1001.14,429.73,0.7377,1073.30,471.90,0.7397,1008.26,455.64,0.6906,1043.83,473.43,0.6102,1021.47,472.92,0.5990,1045.35,516.11,0.7664,1019.44,514.59,0.7065,1033.66,537.45,0.7961,1021.98,558.79,0.8115
167,bottom,1,943.69,676.92,1100.58,952.23,1073.89,703.67,0.8467,1073.22,699.64,0.5772,1069.86,700.31,0.7650,1059.78,705.02,0.4854,1061.12,708.38,0.7714,1055.07,733.25,0.7447,1049.70,742.66,0.8417,1064.48,745.35,0.5644,1036.93,778.28,0.8252,1085.32,714.43,0.5959,1070.53,776.27,0.8138,1034.24,807.18,0.7954,1049.02,809.20,0.8088,1021.47,857.60,0.7799,1084.65,867.68,0.8128,965.01,895.24,0.8197,1056.42,930.86,0.8499
168,top,1,996.26,369.19,1079.03,581.36,1039.72,387.22,0.8846,1043.34,383.07,0.8414,1035.57,383.59,0.8743,1048.00,387.22,0.8690,1028.32,387.74,0.8795,1058.88,412.60,0.8238,1013.30,406.38,0.7780,1065.10,441.61,0.7551,1001.38,422.96,0.7482,1071.31,471.13,0.7334,1007.08,449.90,0.6668,1040.75,470.62,0.6158,1019.00,469.06,0.6062,1040.75,514.13,0.7564,1019.00,513.09,0.7062,1030.91,537.95,0.8149,1021.07,558.16,0.8039
168,bottom,0,967.37,676.02,1109.63,952.72,1084.44,704.94,0.8994,1083.76,700.21,0.6328,1080.38,700.88,0.8068,1070.93,707.64,0.4959,1069.58,709.67,0.7382,1064.85,736.69,0.7370,1060.12,744.12,0.8418,1058.77,769.11,0.5189,1046.61,780.60,0.8239,1085.11,769.79,0.5020,1079.71,772.49,0.7857,1047.96,810.32,0.7561,1061.47,811.67,0.7748,1041.20,863.01,0.7645,1097.95,868.42,0.8056,982.43,900.17,0.7964,1060.79,925.84,0.8086
169,top,1,996.66,367.85,1079.41,579.01,1039.58,385.28,0.9156,1043.19,381.67,0.8565,1035.45,382.18,0.8930,1047.83,385.28,0.8760,1028.24,385.79,0.9044,1058.65,411.57,0.8205,1012.26,404.35,0.7607,1065.35,441.47,0.7393,1000.91,419.30,0.6889,1071.03,472.40,0.7265,1006.07,447.65,0.5879,1039.06,467.24,0.6266,1017.41,466.21,0.6196,1038.55,510.03,0.7571,1017.41,507.97,0.7017,1029.78,539.42,0.8296,1018.96,555.92,0.8001
169,bottom,0,985.10,673.34,1125.89,952.40,1092.96,707.27,0.8919,1091.60,702.50,0.6346,1088.88,702.50,0.7665,1077.98,708.63,0.4992,1077.98,710.68,0.7138,1074.57,737.93,0.7541,1069.12,745.42,0.8632,1067.76,769.27,0.5206,1056.18,782.21,0.8385,1092.28,764.50,0.4922,1088.20,770.63,0.7599,1058.22,809.46,0.7862,1072.53,810.83,0.7648,1058.22,865.33,0.8040,1114.08,866.01,0.8265,1003.04,905.52,0.7932,1071.85,922.56,0.7698
170,top,1,996.38,368.05,1078.73,572.10,1039.05,384.89,0.9067,1042.54,380.90,0.8520,1035.06,381.40,0.8940,1047.02,384.39,0.8510,1028.09,384.89,0.9017,1057.48,410.79,0.8133,1012.65,402.33,0.7550,1064.95,440.19,0.7381,1000.69,415.78,0.6871,1071.43,471.07,0.7345,1004.18,443.18,0.6295,1038.05,466.09,0.6473,1015.63,464.10,0.6450,1038.05,507.44,0.7629,1015.14,506.94,0.7257,1029.58,539.82,0.8358,1015.14,552.27,0.7827
170,bottom,0,1005.26,687.35,1141.79,943.00,1103.48,705.33,0.8700,1100.99,701.58,0.6091,1097.86,702.21,0.7409,1083.51,710.94,0.3929,1086.01,712.82,0.6883,1078.52,739.03,0.6989,1081.64,747.15,0.7870,1072.27,770.24,0.5060,1071.65,782.10,0.7131,1099.11,760.88,0.3942,1096.62,766.49,0.6056,1070.40,812.68,0.7341,1084.76,813.93,0.7266,1070.40,866.36,0.7476,1130.94,864.49,0.8016,1021.72,913.17,0.7876,1089.13,918.79,0.7378
171,top,1,992.42,366.27,1074.39,567.69,1037.34,383.38,0.8796,1041.27,379.44,0.8527,1033.41,379.44,0.9069,1045.70,382.89,0.8540,1026.52,382.89,0.8832,1056.52,408.95,0.8085,1011.28,400.59,0.7239,1063.89,437.47,0.7282,997.51,411.41,0.6642,1070.78,467.96,0.7003,1000.46,439.44,0.6120,1036.85,462.06,0.6497,1013.73,460.09,0.6426,1037.34,505.34,0.7600,1011.77,502.88,0.7355,1029.96,539.76,0.8244,1010.29,549.60,0.7841
171,bottom,0,1016.27,689.77,1156.80,952.79,1112.86,711.47,0.8914,1110.29,708.91,0.6438,1107.72,708.91,0.7505,1093.60,718.54,0.4361,1096.81,719.82,0.7099,1089.10,744.22,0.7117,1094.24,757.07,0.7503,1071.12,739.73,0.5404,1086.53,790.46,0.7001,1106.44,773.12,0.3435,1108.36,789.81,0.3237,1082.68,816.78,0.8148,1101.30,817.43,0.7922,1076.90,869.44,0.7803,1145.61,867.51,0.8315,1030.67,920.17,0.8217,1112.86,926.59,0.8073
172,top,1,987.69,365.15,1074.57,569.39,1035.62,381.01,0.8714,1039.11,377.52,0.8323,1031.63,378.02,0.8781,1044.10,381.01,0.8379,1024.65,381.51,0.8657,1055.57,405.44,0.7986,1010.19,397.46,0.7374,1062.55,431.87,0.7147,993.74,407.93,0.8105,1068.03,460.29,0.6840,994.73,432.37,0.7032,1036.12,456.80,0.6231,1012.19,453.81,0.6145,1036.12,501.68,0.7538,1008.20,497.69,0.7280,1029.64,541.07,0.8029,1004.71,545.06,0.7970
172,bottom,0,1017.80,697.14,1172.09,961.74,1121.43,717.04,0.8794,1118.85,714.46,0.6598,1116.91,714.46,0.7525,1102.70,721.56,0.4379,1105.28,724.15,0.7175,1094.30,743.53,0.7181,1105.28,761.61,0.7365,1077.51,746.76,0.6363,1111.10,796.50,0.7126,1109.80,746.76,0.3751,1120.79,763.55,0.4630,1093.01,821.04,0.7690,1114.97,821.04,0.7865,1084.61,872.72,0.7890,1156.32,870.78,0.8695,1035.52,922.46,0.8338,1142.10,936.03,0.8776
173,top,1,983.99,363.56,1070.73,564.73,1033.74,379.18,0.8314,1037.67,375.74,0.8382,1029.81,375.74,0.8390,1042.09,379.67,0.8226,1022.94,379.18,0.8657,1053.88,402.26,0.8223,1009.19,395.38,0.7366,1059.77,424.85,0.7233,990.03,407.17,0.8292,1065.18,452.36,0.7161,990.52,431.73,0.7527,1035.22,454.32,0.6193,1010.17,451.38,0.6155,1034.73,500.49,0.7429,1004.27,494.60,0.7140,1030.80,540.28,0.8167,998.38,541.26,0.8043
173,bottom,0,1019.28,703.62,1208.99,969.13,1130.34,724.24,0.8119,1128.39,721.65,0.6211,1125.80,722.29,0.6879,1105.71,728.78,0.4877,1116.08,732.02,0.6289,1097.28,747.57,0.6796,1124.50,769.61,0.6393,1086.26,761.19,0.5448,1160.16,800.73,0.6248,1116.08,770.91,0.3536,1149.78,781.93,0.5463,1104.41,825.36,0.7080,1129.04,827.95,0.7095,1093.39,877.86,0.7165,1164.69,881.10,0.8237,1042.18,921.29,0.7992,1173.12,947.87,0.8029
174,top,1,979.97,361.97,1068.52,561.10,1031.54,376.95,0.8183,1035.43,373.54,0.8590,1028.13,374.03,0.8267,1040.29,377.43,0.8289,1021.33,377.43,0.8575,1051.47,398.34,0.8274,1007.72,393.96,0.7256,1056.33,419.73,0.7369,985.84,407.09,0.8458,1062.16,445.98,0.7357,985.35,429.94,0.7639,1034.94,451.33,0.6344,1008.69,448.41,0.6288,1035.91,497.02,0.7515,999.94,491.19,0.7231,1032.51,538.83,0.8154,991.19,534.94,0.7824
174,bottom,0,1029.68,711.62,1230.80,985.77,1138.27,733.57,0.7324,1136.93,730.23,0.5419,1134.26,730.23,0.6120,1119.53,734.91,0.4372,1124.22,737.59,0.5824,1104.81,755.66,0.6934,1130.24,769.05,0.5801,1095.43,775.74,0.6434,1150.99,783.10,0.4530,1119.53,778.42,0.3930,1183.12,785.11,0.6719,1115.51,828.62,0.7121,1138.27,830.63,0.6955,1104.81,883.50,0.7002,1172.41,892.20,0.7782,1047.91,920.98,0.7596,1194.49,959.80,0.7852
175,top,1,972.96,362.01,1066.54,558.63,1030.31,376.80,0.8632,1034.15,373.92,0.8996,1026.47,373.92,0.8466,1038.47,377.28,0.8292,1019.75,377.28,0.8673,1049.03,395.52,0.8417,1007.27,394.56,0.7131,1053.35,416.64,0.7515,983.27,408.48,0.8367,1059.11,442.56,0.7811,981.83,432.00,0.7458,1034.15,447.84,0.6400,1007.27,445.44,0.6372,1038.95,493.92,0.7361,994.79,489.12,0.7240,1036.55,536.16,0.7655,982.79,529.92,0.7775
175,bottom,0,1037.89,720.39,1247.66,990.33,1145.50,741.32,0.8292,1144.82,738.59,0.5954,1141.41,738.59,0.7272,1129.11,746.79,0.4734,1132.53,747.47,0.7045,1115.46,767.96,0.7342,1146.18,780.25,0.6042,1114.09,787.76,0.4407,1190.57,787.76,0.4579,1146.18,781.61,0.3214,1224.71,780.25,0.6599,1125.70,842.39,0.7529,1147.55,845.12,0.7578,1118.19,892.23,0.7368,1186.47,903.84,0.8211,1056.05,921.60,0.7419,1199.45,972.81,0.8449
176,top,1,963.30,362.90,1064.32,555.55,1029.33,378.32,0.9186,1032.62,374.56,0.8877,1025.10,375.03,0.8774,1037.80,378.79,0.8236,1018.98,378.32,0.8774,1046.26,395.73,0.8546,1005.81,396.67,0.7413,1050.50,416.89,0.7784,980.88,412.66,0.8370,1057.08,443.70,0.7873,979.94,436.18,0.7207,1033.09,447.00,0.6491,1004.87,445.11,0.6591,1041.56,490.74,0.7494,990.29,488.39,0.7544,1042.50,534.01,0.7831,973.36,527.43,0.7730
176,bottom,0,1046.47,727.67,1266.92,992.26,1154.54,748.74,0.8864,1152.39,745.87,0.6784,1149.51,745.87,0.8098,1137.32,754.48,0.5560,1141.62,754.48,0.7213,1124.40,775.29,0.7852,1158.84,786.05,0.6536,1118.66,803.28,0.6766,1206.21,798.25,0.6645,1145.93,803.28,0.4273,1247.83,785.34,0.8522,1131.57,856.38,0.7476,1153.82,857.82,0.7337,1131.57,902.31,0.7341,1200.47,905.90,0.8341,1067.71,924.55,0.6854,1201.18,974.07,0.8450
177,top,1,953.39,364.97,1063.68,554.00,1027.45,381.49,0.9052,1031.14,377.80,0.8930,1023.76,377.80,0.9041,1035.76,381.96,0.8370,1017.30,381.96,0.9463,1043.60,398.11,0.8507,1003.92,401.34,0.7547,1048.22,419.34,0.7760,979.46,418.41,0.8253,1055.14,445.64,0.7958,978.54,440.56,0.7344,1030.68,447.95,0.6859,1001.61,446.56,0.6781,1044.07,489.48,0.7531,985.46,488.56,0.7615,1047.76,532.86,0.8217,965.15,528.24,0.7692
177,bottom,0,1056.77,728.21,1250.96,991.47,1161.58,748.65,0.8035,1159.65,745.43,0.5966,1157.72,745.43,0.6908,1143.58,753.14,0.5666,1150.65,755.07,0.6638,1129.44,774.35,0.7772,1166.07,787.85,0.6384,1121.08,807.13,0.7566,1204.64,810.99,0.5930,1146.79,808.42,0.4844,1235.49,809.70,0.7591,1134.58,859.84,0.7112,1159.00,861.12,0.6936,1138.44,907.40,0.6737,1209.14,904.83,0.7954,1076.74,933.75,0.7265,1200.78,972.31,0.8402
178,top,1,949.96,369.29,1071.60,549.58,1026.19,386.37,0.9203,1029.27,383.28,0.8954,1022.23,383.28,0.8995,1034.11,387.25,0.8782,1016.06,387.25,0.9453,1042.47,403.53,0.8661,1002.86,405.73,0.7764,1045.99,424.22,0.7901,979.09,424.22,0.8518,1053.48,448.87,0.8153,976.89,450.19,0.7475,1028.83,451.07,0.7274,999.78,450.19,0.7185,1047.32,489.80,0.7807,981.73,490.24,0.7861,1054.36,529.86,0.8268,959.28,528.10,0.8221
178,bottom,0,1065.34,723.34,1236.64,991.59,1163.43,745.48,0.8036,1162.78,742.20,0.6200,1160.81,742.20,0.6739,1143.79,749.41,0.5676,1155.57,750.06,0.6422,1130.69,769.71,0.8027,1168.67,785.43,0.6537,1120.21,805.73,0.7755,1196.83,818.17,0.6293,1145.75,801.15,0.5117,1222.38,835.86,0.7282,1135.93,855.50,0.7125,1161.47,857.47,0.6768,1140.51,903.97,0.6924,1208.62,904.62,0.8099,1084.19,937.37,0.7740,1201.42,971.42,0.8518
179,top,1,948.14,376.68,1078.06,547.90,1025.37,392.09,0.9428,1028.33,388.70,0.9054,1021.14,389.12,0.9085,1032.98,392.93,0.8680,1014.79,393.35,0.9665,1041.86,411.12,0.8659,1000.84,411.96,0.7739,1044.40,432.68,0.7949,979.27,431.42,0.8252,1054.55,456.37,0.7825,973.77,456.79,0.7033,1026.64,456.37,0.7304,997.88,455.10,0.7253,1049.47,491.47,0.7668,980.12,492.31,0.7549,1060.47,526.57,0.8323,958.13,529.11,0.8741
179,bottom,0,1065.57,716.42,1233.63,991.53,1159.67,739.79,0.7366,1161.69,735.76,0.5746,1160.34,735.76,0.5667,1143.55,741.80,0.6395,1161.69,742.48,0.6895,1130.79,763.30,0.7961,1174.45,780.76,0.6997,1116.01,798.89,0.7670,1190.57,824.42,0.7062,1140.86,788.15,0.4871,1206.01,847.93,0.6767,1133.48,848.60,0.7088,1160.34,850.61,0.6647,1137.51,894.27,0.7025,1203.33,901.66,0.8234,1085.12,933.90,0.7784,1201.31,969.49,0.8830
180,top,1,946.01,382.03,1081.88,546.61,1025.88,397.09,0.9679,1028.98,394.00,0.9096,1021.90,394.00,0.9427,1033.40,397.54,0.8606,1015.71,397.98,0.9729,1041.81,416.55,0.8440,1001.56,417.44,0.7490,1045.34,435.57,0.7700,981.66,437.78,0.7823,1056.84,457.69,0.7670,972.37,460.34,0.6564,1025.88,459.90,0.7386,997.14,459.01,0.7450,1051.54,492.63,0.7905,980.33,495.72,0.7749,1063.92,524.03,0.8500,957.33,531.55,0.8865
180,bottom,0,1062.73,706.19,1232.62,988.78,1158.02,730.20,0.7913,1160.09,725.37,0.5992,1158.71,726.06,0.5577,1144.22,732.27,0.6998,1162.85,733.65,0.6762,1129.05,755.03,0.8160,1173.89,773.66,0.7649,1110.42,787.46,0.7888,1180.10,815.06,0.7142,1133.88,778.49,0.4621,1189.07,843.35,0.6835,1131.12,840.59,0.7341,1158.02,843.35,0.6877,1129.74,884.74,0.7094,1194.59,897.85,0.8411,1082.13,928.21,0.8168,1200.80,966.15,0.8916
181,top,1,945.88,384.60,1081.55,545.79,1029.61,399.39,0.9130,1032.71,395.42,0.8625,1025.64,395.86,0.8805,1037.12,398.95,0.8516,1019.01,400.72,0.9310,1044.63,417.06,0.8583,1006.65,420.59,0.7168,1049.93,434.72,0.7834,984.57,440.02,0.7455,1062.74,456.81,0.8100,971.76,465.20,0.6280,1026.96,461.22,0.7481,999.14,461.22,0.7376,1054.79,491.70,0.7842,982.36,497.00,0.7675,1060.09,525.26,0.8646,956.74,531.89,0.8716
181,bottom,0,1057.95,699.00,1230.51,987.33,1157.60,721.39,0.8117,1159.01,717.16,0.5947,1158.31,717.87,0.5461,1146.34,722.79,0.6983,1163.94,725.61,0.6528,1128.04,746.02,0.8282,1173.79,767.84,0.8049,1104.81,777.00,0.8215,1173.09,810.78,0.7280,1127.33,771.36,0.4833,1178.72,838.24,0.6934,1125.22,831.90,0.7271,1152.67,836.12,0.6866,1121.70,875.54,0.7307,1187.87,892.44,0.8278,1078.06,920.60,0.7996,1198.43,960.72,0.8678
182,top,1,946.08,383.05,1078.96,545.46,1035.45,398.08,0.8958,1038.47,394.19,0.8534,1030.69,395.05,0.8612,1042.37,398.08,0.8331,1024.20,399.38,0.9159,1050.15,412.78,0.8465,1012.09,419.71,0.7063,1056.64,425.76,0.7518,990.03,437.87,0.7140,1067.02,444.79,0.7240,974.46,462.96,0.6523,1032.42,459.07,0.7848,1005.60,460.36,0.7331,1060.10,488.48,0.7906,986.14,496.70,0.7061,1055.78,527.41,0.8545,956.29,531.30,0.8391
182,bottom,0,1054.34,692.49,1223.17,980.26,1157.02,715.54,0.8141,1157.72,711.32,0.5721,1159.13,712.73,0.5597,1145.78,717.64,0.7448,1165.45,719.75,0.6985,1126.81,740.13,0.8085,1173.18,761.20,0.8149,1100.11,770.34,0.8178,1169.67,804.06,0.7123,1124.70,771.74,0.5057,1175.99,833.57,0.6874,1119.08,824.43,0.7217,1145.78,829.35,0.6684,1114.87,867.99,0.7203,1183.02,885.56,0.8165,1073.41,914.36,0.7936,1191.45,955.11,0.8756
183,top,1,947.60,376.77,1081.46,547.50,1042.42,392.85,0.8154,1045.47,388.49,0.7419,1037.63,389.80,0.7741,1049.39,392.41,0.7782,1031.09,394.16,0.8683,1057.23,405.92,0.8320,1019.32,414.64,0.7300,1063.77,417.69,0.7377,998.41,431.19,0.7120,1073.36,435.99,0.7464,984.46,454.29,0.6589,1040.68,454.72,0.7555,1014.10,456.90,0.6679,1065.95,485.66,0.8165,994.05,495.68,0.6648,1057.23,527.06,0.8066,960.50,528.80,0.8167
183,bottom,0,1050.31,691.00,1209.98,974.06,1157.10,712.97,0.8113,1158.48,708.83,0.5584,1159.17,708.83,0.5948,1143.28,715.05,0.6991,1164.70,716.43,0.7415,1124.62,737.16,0.7859,1172.30,758.58,0.8129,1096.98,767.57,0.8010,1170.23,803.51,0.7226,1121.86,782.08,0.5660,1173.69,833.22,0.6645,1112.87,820.09,0.7062,1139.13,825.62,0.6541,1108.03,863.63,0.7123,1181.98,878.83,0.8138,1067.26,910.62,0.8055,1176.45,948.63,0.8458
184,top,1,959.81,368.17,1088.03,543.17,1050.41,389.02,0.7885,1053.40,384.32,0.6638,1045.71,385.60,0.7156,1056.82,386.45,0.7058,1038.87,388.59,0.8521,1064.51,398.84,0.8291,1027.34,409.10,0.7383,1070.49,412.94,0.7360,1006.83,425.33,0.7386,1080.32,429.18,0.7774,995.30,449.26,0.6487,1049.13,449.26,0.7416,1023.49,450.54,0.6534,1070.06,485.57,0.8216,1005.55,490.70,0.6522,1057.67,526.59,0.8002,971.80,523.17,0.7924
184,bottom,0,1042.90,689.78,1191.88,969.33,1156.98,711.49,0.8048,1159.71,706.71,0.5492,1158.34,707.39,0.6242,1143.33,712.85,0.7084,1161.75,714.22,0.7461,1121.49,736.74,0.7760,1171.31,757.90,0.8416,1093.50,768.13,0.7954,1171.99,802.94,0.7181,1109.20,789.29,0.6619,1171.99,833.65,0.6938,1107.84,818.64,0.6850,1134.45,824.78,0.6519,1102.38,861.64,0.7074,1179.50,876.65,0.7723,1060.74,910.09,0.8270,1160.39,941.49,0.8262
185,top,1,979.13,364.61,1093.44,541.43,1057.44,381.79,0.7734,1060.03,377.48,0.6786,1052.69,378.34,0.7267,1063.91,380.50,0.6876,1046.21,382.23,0.8081,1068.66,396.04,0.7301,1034.56,403.38,0.7288,1076.00,412.01,0.5087,1014.70,421.94,0.7393,1083.34,422.80,0.4903,1010.38,443.09,0.5271,1055.28,444.39,0.6958,1031.54,444.39,0.6368,1074.27,481.94,0.8028,1018.59,484.96,0.6580,1058.73,525.11,0.7891,989.23,519.50,0.7555
185,bottom,0,1036.33,690.15,1185.44,968.73,1152.38,712.46,0.8421,1154.42,708.38,0.5663,1153.06,709.06,0.5960,1140.13,713.14,0.7442,1159.86,715.18,0.7384,1119.05,738.30,0.7738,1169.38,758.71,0.8732,1091.16,772.31,0.8292,1170.74,806.32,0.7216,1103.41,798.83,0.7049,1170.74,834.20,0.7164,1104.77,818.56,0.6861,1131.29,825.36,0.6595,1093.20,860.73,0.6824,1173.46,879.77,0.7829,1054.44,909.70,0.8277,1149.65,943.02,0.8115
186,top,1,998.43,358.72,1096.54,539.55,1062.94,376.29,0.7220,1065.15,371.88,0.6696,1058.08,372.76,0.6530,1070.44,374.09,0.6726,1052.78,377.62,0.7371,1077.07,387.33,0.7273,1042.19,399.25,0.6922,1076.18,405.43,0.4415,1021.88,420.44,0.7020,1085.45,418.24,0.3982,1022.76,450.46,0.4037,1061.61,436.78,0.6926,1037.33,436.78,0.6458,1077.07,476.95,0.7709,1034.24,477.84,0.6749,1062.94,520.66,0.7605,1008.64,516.69,0.7431
186,bottom,0,1032.58,692.08,1181.03,969.34,1146.06,713.60,0.8638,1147.42,709.54,0.5788,1146.74,710.22,0.6092,1133.88,714.96,0.7697,1155.54,717.67,0.7841,1114.25,741.36,0.7902,1166.37,758.96,0.8803,1086.50,775.88,0.8451,1169.08,805.66,0.7366,1094.62,806.34,0.7454,1167.05,831.38,0.7257,1102.07,822.59,0.6922,1129.82,828.68,0.6739,1082.44,861.85,0.6968,1165.70,883.51,0.8082,1049.27,906.52,0.7894,1146.74,947.13,0.8363
187,top,1,1020.78,354.15,1103.36,540.90,1068.91,371.38,0.7393,1071.65,366.82,0.7102,1065.26,368.19,0.6825,1076.21,369.56,0.7336,1058.42,373.21,0.7477,1082.13,382.78,0.7128,1050.22,394.64,0.7428,1084.87,400.56,0.5175,1030.16,420.62,0.8039,1093.08,416.07,0.5778,1033.80,448.44,0.6336,1067.09,433.39,0.7002,1044.75,433.39,0.6809,1081.22,473.51,0.7611,1046.57,475.34,0.6987,1068.00,516.37,0.7723,1028.33,515.00,0.7602
187,bottom,0,1028.83,690.52,1176.28,969.70,1138.00,712.20,0.8392,1138.00,708.11,0.5832,1139.36,708.11,0.6221,1125.73,714.24,0.7669,1147.54,715.61,0.8131,1107.33,741.51,0.8070,1160.49,755.14,0.8894,1080.74,776.95,0.8333,1164.58,800.80,0.7464,1084.15,806.94,0.7798,1161.17,826.70,0.7082,1097.78,822.62,0.6990,1128.45,828.07,0.7051,1073.93,862.15,0.7274,1160.49,883.96,0.8239,1045.98,904.40,0.7707,1146.18,948.03,0.8522
188,top,1,1033.17,349.85,1107.84,537.78,1074.64,368.11,0.7144,1077.39,363.98,0.6609,1070.51,365.36,0.6705,1081.98,367.65,0.6930,1065.00,370.86,0.7201,1089.32,382.33,0.7402,1057.20,391.97,0.7478,1090.69,401.60,0.5642,1038.85,419.96,0.7869,1098.95,417.20,0.6218,1047.56,445.65,0.6210,1074.18,432.34,0.6964,1053.99,432.80,0.6913,1087.48,469.97,0.7613,1058.12,475.02,0.7302,1072.80,510.80,0.7970,1048.02,516.31,0.7729
188,bottom,0,1027.50,685.93,1172.95,967.99,1127.77,707.14,0.8556,1126.39,703.01,0.5772,1129.84,703.01,0.5965,1115.37,709.90,0.7693,1138.79,710.58,0.7868,1098.85,737.44,0.7983,1153.25,749.15,0.8656,1074.75,774.63,0.8030,1156.69,793.91,0.7116,1075.44,804.92,0.7825,1152.56,818.70,0.6570,1094.03,819.39,0.6768,1125.70,824.89,0.7001,1069.24,859.33,0.7626,1153.25,881.36,0.8050,1045.14,904.09,0.7468,1145.67,946.78,0.8618
189,top,1,1041.16,350.18,1118.20,538.01,1082.43,364.77,0.7030,1084.26,361.10,0.6537,1077.84,362.47,0.6503,1088.39,365.22,0.6532,1071.42,368.43,0.7013,1093.89,381.73,0.7029,1063.63,390.45,0.7470,1096.19,405.12,0.5887,1047.58,419.33,0.7776,1108.57,422.09,0.5818,1058.12,448.22,0.6493,1080.14,430.80,0.6639,1060.42,431.72,0.6401,1095.73,467.48,0.7275,1073.26,473.90,0.6889,1078.30,507.38,0.7414,1064.09,517.47,0.7077
189,bottom,0,1026.86,679.29,1175.29,965.67,1117.15,699.43,0.7580,1114.36,695.23,0.5903,1119.95,695.93,0.5209,1106.67,702.22,0.7790,1127.64,702.92,0.7384,1089.19,730.89,0.8196,1143.02,740.68,0.8585,1068.21,767.25,0.7963,1147.22,786.12,0.6931,1065.41,798.71,0.7825,1143.02,811.99,0.6338,1088.49,812.69,0.6967,1119.95,817.59,0.6905,1064.72,855.34,0.7760,1142.32,874.92,0.8007,1043.04,904.98,0.7697,1147.22,939.94,0.8657
190,top,1,1049.63,350.09,1120.23,540.13,1089.11,361.60,0.7356,1090.50,358.35,0.6996,1084.47,359.74,0.6852,1094.68,362.06,0.6509,1077.05,367.16,0.7311,1099.78,381.08,0.7089,1070.55,389.90,0.7663,1099.32,404.28,0.5847,1056.17,420.05,0.7739,1110.92,421.91,0.5911,1069.16,446.04,0.6662,1086.79,429.80,0.6497,1065.45,431.65,0.6077,1103.96,465.99,0.7503,1082.15,471.55,0.6961,1087.72,501.25,0.7425,1077.51,520.27,0.7624
190,bottom,0,1025.45,670.56,1172.61,958.43,1106.06,692.91,0.8191,1105.36,688.69,0.6060,1106.76,688.69,0.5532,1095.52,695.02,0.7762,1116.60,696.42,0.7744,1078.65,724.54,0.8206,1132.77,732.27,0.8717,1058.97,761.08,0.8081,1137.69,775.84,0.7362,1056.16,793.41,0.8092,1134.17,803.95,0.6906,1082.16,804.66,0.7046,1112.39,808.87,0.7005,1060.38,853.15,0.7915,1132.06,869.32,0.7787,1042.10,907.27,0.8339,1146.12,931.16,0.8442
191,top,1,1056.20,350.88,1132.77,540.66,1095.87,365.15,0.6900,1097.26,362.37,0.6217,1091.24,363.29,0.6144,1100.51,367.46,0.5615,1084.29,369.32,0.6773,1104.21,384.61,0.7160,1076.88,391.56,0.7976,1104.68,406.85,0.6257,1064.37,421.21,0.7982,1118.58,424.92,0.6391,1080.12,442.99,0.6933,1093.09,432.33,0.6531,1072.24,436.04,0.6561,1111.63,466.15,0.7448,1093.09,478.66,0.6860,1096.34,497.20,0.7139,1081.51,522.68,0.7758
191,bottom,0,1027.32,663.73,1164.16,953.66,1097.15,686.24,0.7594,1095.03,681.99,0.5591,1097.86,681.99,0.5272,1087.24,688.36,0.7935,1109.19,689.07,0.7808,1070.96,718.80,0.8170,1125.47,725.17,0.8550,1051.14,755.61,0.8057,1131.13,768.35,0.7570,1046.90,787.46,0.8004,1126.88,798.08,0.6879,1078.04,798.78,0.7148,1107.06,801.62,0.7135,1058.22,849.04,0.7970,1125.47,862.49,0.7727,1042.65,905.67,0.8560,1137.50,919.12,0.8383
192,top,1,1063.70,350.85,1138.99,540.98,1099.48,366.07,0.6606,1101.81,362.82,0.6211,1094.84,363.75,0.5779,1106.45,368.39,0.5716,1089.27,370.71,0.6267,1109.70,387.43,0.6986,1085.09,393.00,0.7701,1107.84,409.24,0.5833,1072.56,422.70,0.8083,1121.76,423.63,0.6520,1094.84,440.81,0.6446,1097.63,437.09,0.5896,1078.13,440.34,0.6426,1115.73,464.48,0.6776,1099.02,479.33,0.6697,1105.52,495.12,0.6613,1083.24,522.50,0.7548
192,bottom,0,1025.82,655.72,1142.57,947.32,1090.60,680.49,0.7936,1088.46,676.22,0.6026,1091.31,676.22,0.5268,1079.92,682.63,0.7947,1101.28,683.34,0.7795,1064.26,713.24,0.8306,1118.36,718.22,0.8922,1044.33,748.84,0.7976,1122.64,760.94,0.7769,1039.34,780.87,0.8103,1119.79,791.55,0.7226,1072.09,792.97,0.7362,1101.28,795.11,0.7135,1055.72,845.66,0.8043,1118.36,855.62,0.8075,1042.90,905.46,0.8645,1126.91,911.15,0.8455
193,top,1,1069.92,351.88,1142.38,540.24,1108.45,367.42,0.6531,1110.75,363.74,0.6097,1104.31,364.20,0.5535,1114.43,368.34,0.5648,1096.95,369.72,0.6144,1115.35,388.58,0.7387,1093.27,392.72,0.7691,1113.51,411.57,0.5729,1081.32,421.23,0.7637,1128.22,421.69,0.6297,1106.15,434.56,0.6367,1105.69,438.70,0.5871,1085.46,441.46,0.6208,1119.94,465.83,0.6486,1102.93,481.47,0.6853,1118.11,492.50,0.6367,1083.62,522.85,0.7377
193,bottom,0,1022.91,648.94,1128.01,936.68,1086.00,673.38,0.8016,1084.59,669.87,0.5883,1087.40,669.87,0.5316,1074.76,675.49,0.7712,1095.13,676.90,0.7501,1058.60,706.40,0.8295,1113.39,711.32,0.8770,1038.23,742.93,0.8009,1120.42,758.39,0.7602,1033.31,775.25,0.7925,1115.50,787.19,0.6837,1067.73,787.89,0.7301,1098.64,790.00,0.7295,1052.98,844.09,0.8195,1111.99,849.71,0.8149,1042.44,905.21,0.8686,1114.80,902.40,0.8656
194,top,1,1073.45,350.10,1151.48,540.38,1117.58,362.55,0.6487,1118.51,359.30,0.6081,1113.40,360.70,0.5763,1120.83,365.81,0.5224,1105.50,367.20,0.6231,1120.36,386.71,0.6888,1102.25,389.50,0.7578,1118.51,409.94,0.4683,1092.03,419.23,0.7143,1136.16,417.83,0.4064,1125.47,424.34,0.5500,1108.75,438.74,0.5710,1092.03,440.13,0.6324,1123.15,462.43,0.6569,1105.50,481.48,0.6977,1124.55,492.16,0.7268,1084.59,521.89,0.7572
194,bottom,0,1019.77,642.94,1123.59,929.25,1081.47,667.27,0.7707,1080.07,663.07,0.5522,1083.56,663.77,0.5056,1069.58,669.36,0.7496,1090.55,670.76,0.7430,1053.51,700.82,0.8204,1108.03,705.01,0.8658,1033.23,737.87,0.8016,1117.12,751.85,0.7538,1029.74,768.62,0.7705,1112.92,779.81,0.6786,1063.99,783.30,0.7297,1094.05,785.40,0.7309,1050.71,842.72,0.8285,1105.23,842.72,0.8154,1042.32,903.53,0.8620,1103.83,896.54,0.8536
195,top,1,1074.54,342.45,1164.53,540.23,1122.92,358.29,0.7107,1124.36,354.91,0.6492,1119.05,355.88,0.5820,1127.74,360.71,0.5634,1111.81,362.64,0.6311,1126.30,381.47,0.7200,1110.84,383.88,0.7762,1123.88,403.20,0.4650,1102.64,415.27,0.7316,1146.09,408.03,0.4092,1136.92,411.89,0.5712,1116.16,436.03,0.6562,1099.74,437.96,0.6930,1130.16,457.28,0.6972,1104.08,481.42,0.7548,1126.78,489.63,0.8011,1085.25,521.49,0.8529
195,bottom,0,1017.97,638.64,1119.95,926.13,1076.68,662.36,0.7580,1075.28,658.15,0.5484,1078.08,658.85,0.4851,1065.45,664.47,0.7555,1087.21,665.17,0.7533,1049.31,696.75,0.8161,1104.76,700.26,0.8642,1028.95,734.65,0.8089,1114.58,745.18,0.7689,1026.85,763.43,0.7564,1111.07,773.26,0.7066,1060.54,778.87,0.7265,1090.72,780.28,0.7200,1049.31,839.94,0.8334,1097.74,835.73,0.8099,1042.29,901.70,0.8758,1094.23,891.18,0.8416
196,top,3,1079.76,336.73,1150.95,538.78,1128.18,350.44,0.7186,1129.66,346.99,0.6830,1123.74,348.96,0.6130,1132.62,352.91,0.6264,1116.84,355.37,0.7011,1130.65,374.61,0.6529,1116.84,377.08,0.7755,1124.73,397.30,0.4086,1115.85,408.16,0.7449,1123.74,424.93,0.3031,1141.01,395.82,0.6740,1122.26,429.86,0.5978,1105.98,431.83,0.6680,1138.54,453.05,0.6991,1101.54,474.26,0.7027,1127.69,489.06,0.7877,1088.22,516.19,0.7964
196,bottom,0,1015.69,635.34,1119.20,922.87,1073.06,658.36,0.7117,1071.66,653.45,0.5192,1073.77,654.15,0.4727,1062.53,659.77,0.7386,1084.30,661.17,0.7304,1046.39,692.76,0.7902,1101.85,696.27,0.8445,1025.33,729.26,0.7964,1112.38,740.50,0.7723,1024.63,755.94,0.7397,1110.97,767.87,0.7468,1056.92,774.89,0.7043,1086.40,777.00,0.6976,1047.79,837.37,0.8110,1092.02,830.35,0.7791,1041.47,897.04,0.8538,1086.40,888.61,0.8371
197,top,3,1077.74,329.66,1181.32,535.14,1132.54,342.10,0.7224,1135.04,338.59,0.6635,1128.52,340.10,0.6308,1139.06,343.61,0.6196,1122.00,347.12,0.6754,1138.56,366.18,0.5925,1123.51,366.68,0.7479,1143.07,382.74,0.4422,1127.02,393.27,0.7053,1162.13,372.20,0.5152,1147.59,377.22,0.5333,1130.53,421.36,0.6044,1112.47,421.36,0.6402,1144.58,452.47,0.7199,1107.45,463.50,0.6844,1128.52,488.08,0.7942,1088.39,506.64,0.8001
197,bottom,0,1013.86,633.20,1118.40,920.22,1070.33,656.19,0.6971,1068.23,651.28,0.5084,1071.03,651.98,0.4599,1059.82,656.89,0.7426,1082.25,658.29,0.7315,1043.01,689.12,0.7883,1099.06,694.03,0.8349,1022.68,726.96,0.7862,1110.27,737.47,0.7679,1022.68,752.18,0.7162,1110.27,764.80,0.7380,1053.52,772.51,0.7105,1083.65,773.91,0.6986,1045.81,835.57,0.7914,1085.75,825.76,0.7661,1042.30,896.53,0.8408,1080.14,881.12,0.8285
198,top,3,1076.92,313.86,1176.49,525.03,1133.93,330.25,0.6752,1136.50,327.16,0.6194,1130.32,327.67,0.5829,1140.63,331.80,0.6161,1124.65,334.38,0.6539,1140.11,353.97,0.6174,1128.77,352.42,0.7370,1146.82,371.50,0.4712,1133.41,375.10,0.6483,1162.80,352.94,0.5436,1143.21,352.94,0.4315,1136.50,410.16,0.5949,1121.55,410.16,0.6252,1145.27,449.86,0.7038,1113.82,452.95,0.6626,1128.77,488.01,0.7543,1087.53,496.26,0.7653
198,bottom,0,1011.50,631.32,1117.35,922.37,1067.98,653.91,0.6833,1066.55,648.94,0.5045,1070.11,650.36,0.4735,1057.32,655.33,0.7304,1079.34,656.76,0.7518,1040.26,688.02,0.7893,1096.40,692.99,0.8350,1020.37,726.39,0.7911,1109.19,737.05,0.7712,1021.79,748.42,0.7354,1109.90,763.34,0.7437,1050.92,771.87,0.7088,1081.48,773.29,0.6974,1044.53,835.11,0.7756,1080.77,820.90,0.7414,1043.11,896.93,0.8365,1075.79,872.77,0.7955
199,top,1,1079.01,298.80,1170.81,507.78,1137.67,317.58,0.6515,1140.22,314.52,0.5832,1133.58,315.03,0.5025,1142.26,319.62,0.5072,1129.50,321.66,0.6104,1142.77,343.09,0.5689,1132.05,342.07,0.7006,1156.03,367.58,0.3883,1133.58,359.42,0.5249,1161.14,337.48,0.4954,1142.77,330.33,0.4380,1141.75,403.80,0.5693,1127.97,404.82,0.5940,1139.20,447.17,0.6905,1118.28,445.64,0.6532,1128.99,485.44,0.7014,1090.22,483.40,0.7746
199,bottom,0,1011.25,632.11,1115.72,922.83,1065.61,653.26,0.6932,1064.20,648.29,0.5201,1067.03,649.71,0.5022,1054.97,654.68,0.7534,1076.97,656.10,0.7548,1037.93,686.62,0.7960,1094.01,692.30,0.8260,1018.06,725.66,0.7916,1107.49,735.59,0.7775,1020.19,747.66,0.7355,1108.91,763.99,0.7584,1048.58,771.79,0.7081,1077.68,773.21,0.7045,1043.61,834.25,0.7670,1075.55,819.35,0.7110,1042.90,897.42,0.8120,1072.00,861.93,0.7317
200,top,1,1082.75,288.33,1160.21,488.30,1142.96,314.60,0.5740,1143.94,311.67,0.4742,1141.01,312.65,0.4372,1143.45,317.53,0.4971,1136.13,319.48,0.5682,1147.85,336.08,0.5852,1135.64,337.55,0.7087,1151.75,358.05,0.3885,1138.57,316.06,0.5417,1148.34,305.81,0.2800,1141.99,295.56,0.5923,1145.41,392.71,0.5879,1134.18,392.71,0.6441,1137.59,437.14,0.7751,1124.90,432.74,0.6743,1133.20,477.17,0.7591,1094.15,461.06,0.7601
200,bottom,0,1009.98,632.28,1115.86,921.12,1064.33,653.29,0.7095,1062.92,648.35,0.5167,1065.74,649.06,0.5051,1053.76,654.70,0.7596,1075.62,656.11,0.7571,1036.13,685.73,0.7956,1091.13,692.08,0.8184,1016.38,725.22,0.7951,1105.94,735.09,0.7752,1019.91,747.08,0.7248,1108.76,763.30,0.7511,1046.00,771.06,0.7097,1073.50,772.47,0.7095,1041.77,833.82,0.7444,1070.68,819.01,0.6919,1042.47,894.47,0.7733,1067.15,854.98,0.7113
201,top,,,,,,,,,,,,,,,,,,,,,,,,,,,,,,,,,,,,,,,,,,,,,,,,,,,,,,,,
201,bottom,,,,,,,,,,,,,,,,,,,,,,,,,,,,,,,,,,,,,,,,,,,,,,,,,,,,,,,,
202,top,,,,,,,,,,,,,,,,,,,,,,,,,,,,,,,,,,,,,,,,,,,,,,,,,,,,,,,,
202,bottom,,,,,,,,,,,,,,,,,,,,,,,,,,,,,,,,,,,,,,,,,,,,,,,,,,,,,,,,
203,top,,,,,,,,,,,,,,,,,,,,,,,,,,,,,,,,,,,,,,,,,,,,,,,,,,,,,,,,
203,bottom,,,,,,,,,,,,,,,,,,,,,,,,,,,,,,,,,,,,,,,,,,,,,,,,,,,,,,,,
204,top,,,,,,,,,,,,,,,,,,,,,,,,,,,,,,,,,,,,,,,,,,,,,,,,,,,,,,,,
204,bottom,,,,,,,,,,,,,,,,,,,,,,,,,,,,,,,,,,,,,,,,,,,,,,,,,,,,,,,,
205,top,,,,,,,,,,,,,,,,,,,,,,,,,,,,,,,,,,,,,,,,,,,,,,,,,,,,,,,,
205,bottom,,,,,,,,,,,,,,,,,,,,,,,,,,,,,,,,,,,,,,,,,,,,,,,,,,,,,,,,
206,top,,,,,,,,,,,,,,,,,,,,,,,,,,,,,,,,,,,,,,,,,,,,,,,,,,,,,,,,
206,bottom,,,,,,,,,,,,,,,,,,,,,,,,,,,,,,,,,,,,,,,,,,,,,,,,,,,,,,,,
207,top,,,,,,,,,,,,,,,,,,,,,,,,,,,,,,,,,,,,,,,,,,,,,,,,,,,,,,,,
207,bottom,,,,,,,,,,,,,,,,,,,,,,,,,,,,,,,,,,,,,,,,,,,,,,,,,,,,,,,,
208,top,,,,,,,,,,,,,,,,,,,,,,,,,,,,,,,,,,,,,,,,,,,,,,,,,,,,,,,,
208,bottom,,,,,,,,,,,,,,,,,,,,,,,,,,,,,,,,,,,,,,,,,,,,,,,,,,,,,,,,
209,top,,,,,,,,,,,,,,,,,,,,,,,,,,,,,,,,,,,,,,,,,,,,,,,,,,,,,,,,
209,bottom,,,,,,,,,,,,,,,,,,,,,,,,,,,,,,,,,,,,,,,,,,,,,,,,,,,,,,,,
210,top,,,,,,,,,,,,,,,,,,,,,,,,,,,,,,,,,,,,,,,,,,,,,,,,,,,,,,,,
210,bottom,,,,,,,,,,,,,,,,,,,,,,,,,,,,,,,,,,,,,,,,,,,,,,,,,,,,,,,,
211,top,,,,,,,,,,,,,,,,,,,,,,,,,,,,,,,,,,,,,,,,,,,,,,,,,,,,,,,,
211,bottom,,,,,,,,,,,,,,,,,,,,,,,,,,,,,,,,,,,,,,,,,,,,,,,,,,,,,,,,
212,top,,,,,,,,,,,,,,,,,,,,,,,,,,,,,,,,,,,,,,,,,,,,,,,,,,,,,,,,
212,bottom,,,,,,,,,,,,,,,,,,,,,,,,,,,,,,,,,,,,,,,,,,,,,,,,,,,,,,,,
213,top,,,,,,,,,,,,,,,,,,,,,,,,,,,,,,,,,,,,,,,,,,,,,,,,,,,,,,,,
213,bottom,,,,,,,,,,,,,,,,,,,,,,,,,,,,,,,,,,,,,,,,,,,,,,,,,,,,,,,,
214,top,,,,,,,,,,,,,,,,,,,,,,,,,,,,,,,,,,,,,,,,,,,,,,,,,,,,,,,,
214,bottom,,,,,,,,,,,,,,,,,,,,,,,,,,,,,,,,,,,,,,,,,,,,,,,,,,,,,,,,
215,top,,,,,,,,,,,,,,,,,,,,,,,,,,,,,,,,,,,,,,,,,,,,,,,,,,,,,,,,
215,bottom,,,,,,,,,,,,,,,,,,,,,,,,,,,,,,,,,,,,,,,,,,,,,,,,,,,,,,,,
216,top,,,,,,,,,,,,,,,,,,,,,,,,,,,,,,,,,,,,,,,,,,,,,,,,,,,,,,,,
216,bottom,,,,,,,,,,,,,,,,,,,,,,,,,,,,,,,,,,,,,,,,,,,,,,,,,,,,,,,,
217,top,,,,,,,,,,,,,,,,,,,,,,,,,,,,,,,,,,,,,,,,,,,,,,,,,,,,,,,,
217,bottom,,,,,,,,,,,,,,,,,,,,,,,,,,,,,,,,,,,,,,,,,,,,,,,,,,,,,,,,
218,top,,,,,,,,,,,,,,,,,,,,,,,,,,,,,,,,,,,,,,,,,,,,,,,,,,,,,,,,
218,bottom,,,,,,,,,,,,,,,,,,,,,,,,,,,,,,,,,,,,,,,,,,,,,,,,,,,,,,,,
219,top,,,,,,,,,,,,,,,,,,,,,,,,,,,,,,,,,,,,,,,,,,,,,,,,,,,,,,,,
219,bottom,,,,,,,,,,,,,,,,,,,,,,,,,,,,,,,,,,,,,,,,,,,,,,,,,,,,,,,,
220,top,,,,,,,,,,,,,,,,,,,,,,,,,,,,,,,,,,,,,,,,,,,,,,,,,,,,,,,,
220,bottom,,,,,,,,,,,,,,,,,,,,,,,,,,,,,,,,,,,,,,,,,,,,,,,,,,,,,,,,
221,top,,,,,,,,,,,,,,,,,,,,,,,,,,,,,,,,,,,,,,,,,,,,,,,,,,,,,,,,
221,bottom,,,,,,,,,,,,,,,,,,,,,,,,,,,,,,,,,,,,,,,,,,,,,,,,,,,,,,,,
222,top,,,,,,,,,,,,,,,,,,,,,,,,,,,,,,,,,,,,,,,,,,,,,,,,,,,,,,,,
222,bottom,,,,,,,,,,,,,,,,,,,,,,,,,,,,,,,,,,,,,,,,,,,,,,,,,,,,,,,,
223,top,,,,,,,,,,,,,,,,,,,,,,,,,,,,,,,,,,,,,,,,,,,,,,,,,,,,,,,,
223,bottom,,,,,,,,,,,,,,,,,,,,,,,,,,,,,,,,,,,,,,,,,,,,,,,,,,,,,,,,
224,top,,,,,,,,,,,,,,,,,,,,,,,,,,,,,,,,,,,,,,,,,,,,,,,,,,,,,,,,
224,bottom,,,,,,,,,,,,,,,,,,,,,,,,,,,,,,,,,,,,,,,,,,,,,,,,,,,,,,,,
225,top,,,,,,,,,,,,,,,,,,,,,,,,,,,,,,,,,,,,,,,,,,,,,,,,,,,,,,,,
225,bottom,,,,,,,,,,,,,,,,,,,,,,,,,,,,,,,,,,,,,,,,,,,,,,,,,,,,,,,,
226,top,,,,,,,,,,,,,,,,,,,,,,,,,,,,,,,,,,,,,,,,,,,,,,,,,,,,,,,,
226,bottom,,,,,,,,,,,,,,,,,,,,,,,,,,,,,,,,,,,,,,,,,,,,,,,,,,,,,,,,
227,top,0,1052.49,335.86,1161.72,486.89,1072.82,353.12,0.7668,1076.13,348.69,0.6986,1069.50,349.80,0.7410,1084.25,350.17,0.7723,1065.81,353.49,0.6711,1099.73,364.55,0.6354,1063.60,370.08,0.7565,1128.49,370.82,0.7037,1059.17,396.63,0.7118,1149.51,392.20,0.7589,1068.02,390.73,0.4978,1113.74,408.80,0.5661,1095.31,410.64,0.5693,1094.57,444.93,0.6261,1098.99,446.41,0.4441,1118.54,459.68,0.6220,1116.32,467.79,0.4752
227,bottom,3,653.20,764.90,933.69,875.14,693.01,799.02,0.8449,693.92,792.63,0.8150,689.36,796.28,0.7558,708.53,789.89,0.8349,703.06,790.80,0.6286,734.10,796.28,0.7948,712.19,794.45,0.7614,750.53,832.80,0.7383,698.49,812.71,0.7740,723.14,862.02,0.7953,675.66,835.54,0.7771,795.27,812.71,0.6198,786.14,817.28,0.5613,843.66,844.67,0.6440,759.66,850.15,0.2381,899.36,821.84,0.6316,868.32,797.19,0.3658
228,top,1,1041.12,334.22,1149.48,480.51,1066.37,349.87,0.7595,1069.23,345.94,0.6923,1062.44,347.01,0.7232,1076.73,347.01,0.7273,1057.80,350.22,0.7010,1089.94,362.37,0.6111,1056.01,368.79,0.7678,1119.94,370.22,0.6936,1048.15,394.51,0.6073,1138.87,393.08,0.7367,1051.73,399.51,0.6316,1101.73,409.51,0.5683,1083.51,412.72,0.5217,1083.87,440.94,0.5969,1096.73,446.29,0.4569,1108.51,462.72,0.4681,1115.65,459.51,0.4843
228,bottom,0,650.85,760.74,918.71,873.95,681.89,792.93,0.8566,683.63,788.57,0.8357,678.40,791.19,0.7965,697.58,785.08,0.8582,693.22,784.21,0.6367,724.61,795.55,0.8377,702.82,792.93,0.8047,743.80,833.04,0.8361,692.35,811.24,0.8015,716.77,861.81,0.8742,671.43,834.78,0.8430,779.55,819.09,0.6101,772.57,814.73,0.5887,830.99,845.25,0.6446,815.30,821.70,0.4246,892.03,828.68,0.6821,847.56,793.80,0.5892
229,top,0,1022.94,331.25,1136.38,481.98,1058.62,347.53,0.7989,1061.94,343.84,0.6963,1054.92,344.95,0.7172,1069.32,344.58,0.7904,1051.97,347.53,0.7272,1083.73,360.46,0.6339,1047.91,364.89,0.8043,1111.79,373.75,0.7400,1037.94,388.15,0.7477,1126.93,398.86,0.7512,1032.40,406.62,0.6853,1088.89,410.68,0.6266,1073.76,414.00,0.6111,1074.86,442.07,0.6800,1089.26,441.70,0.5643,1075.60,479.36,0.6788,1108.84,454.99,0.6835
229,bottom,1,646.32,757.20,913.28,872.19,672.04,789.50,0.8618,673.78,785.15,0.8556,669.43,786.02,0.7648,689.42,782.54,0.8841,681.60,780.81,0.6643,715.49,795.58,0.8337,695.50,790.37,0.7992,732.87,834.69,0.8423,687.68,807.75,0.7737,705.93,860.76,0.8799,668.56,832.95,0.8552,771.11,819.04,0.6366,763.29,810.35,0.6024,824.12,839.03,0.6661,799.79,807.75,0.4901,883.21,829.47,0.7053,831.94,785.15,0.6845
230,top,0,1003.93,331.63,1121.33,502.00,1052.23,348.19,0.7932,1055.14,344.03,0.7467,1048.49,345.28,0.7816,1062.63,344.86,0.8150,1044.33,347.77,0.7318,1080.10,363.16,0.6889,1038.51,365.24,0.8052,1101.73,383.54,0.7733,1026.03,390.20,0.7591,1111.71,409.33,0.7288,1015.63,412.24,0.7253,1076.77,413.90,0.6949,1061.38,415.57,0.6521,1064.71,446.76,0.7202,1077.60,444.27,0.6309,1059.30,485.86,0.7076,1098.82,451.34,0.7483
230,bottom,1,650.75,755.86,895.61,872.18,664.78,789.31,0.8327,667.17,784.53,0.8216,662.39,786.12,0.7665,682.32,780.54,0.8492,674.35,779.75,0.6512,708.62,794.09,0.8071,689.49,786.92,0.7536,729.34,832.35,0.8315,685.50,807.64,0.7268,705.43,859.45,0.8580,666.38,833.15,0.8205,763.62,817.21,0.6097,754.85,805.25,0.5845,816.22,835.54,0.7047,788.32,806.05,0.5010,876.00,824.38,0.7651,821.80,780.54,0.7141
231,top,0,989.36,329.97,1103.90,507.38,1044.90,348.94,0.8055,1048.36,345.04,0.7635,1041.43,345.47,0.7408,1055.29,345.91,0.8122,1036.67,348.50,0.7433,1070.02,365.83,0.7651,1029.74,366.26,0.7835,1086.91,389.65,0.7340,1015.44,390.52,0.7837,1094.71,414.77,0.6214,1002.88,413.48,0.7760,1063.95,416.51,0.7582,1048.36,417.37,0.7277,1054.86,452.46,0.7599,1058.32,449.86,0.6143,1052.26,491.01,0.7793,1083.45,449.86,0.6971
231,bottom,1,646.40,753.52,885.79,873.64,660.90,788.65,0.8171,662.46,782.41,0.8349,657.78,784.75,0.7778,676.48,777.74,0.8394,664.01,778.52,0.6534,702.20,789.43,0.7957,683.50,782.41,0.7518,723.24,827.61,0.8247,681.94,806.57,0.7128,702.98,859.56,0.8303,665.57,833.84,0.8135,755.19,812.02,0.5907,746.62,803.45,0.5705,808.18,833.84,0.6984,775.45,805.79,0.4441,866.62,819.04,0.7465,806.62,783.97,0.6775
232,top,0,976.13,334.74,1082.75,506.42,1036.57,350.58,0.8212,1039.92,348.07,0.7672,1032.79,348.07,0.7281,1045.79,349.33,0.8457,1028.60,351.00,0.7487,1060.04,369.44,0.8081,1020.64,366.93,0.8051,1071.77,395.01,0.7165,1007.23,389.56,0.7855,1075.97,418.06,0.6079,992.98,411.36,0.7815,1052.91,418.48,0.7430,1035.31,418.48,0.7340,1046.21,457.88,0.7424,1034.05,456.20,0.6843,1048.72,491.41,0.7471,1065.49,453.69,0.7066
232,bottom,1,640.47,747.97,881.85,873.25,657.44,782.33,0.8411,658.23,776.83,0.8497,652.73,779.18,0.7850,671.58,770.54,0.8665,659.80,772.11,0.6311,699.87,784.68,0.7733,678.66,776.04,0.7395,719.51,824.75,0.7863,679.44,803.54,0.7130,703.01,858.54,0.8084,663.73,834.18,0.8338,750.94,805.90,0.6109,742.30,798.04,0.5738,801.23,832.61,0.6939,767.44,799.61,0.4062,859.37,816.90,0.7222,794.16,779.97,0.6537
233,top,0,967.33,336.21,1064.15,506.30,1025.29,351.90,0.7771,1029.03,348.58,0.7543,1022.39,348.58,0.7373,1036.51,351.07,0.8102,1018.23,352.32,0.7031,1048.96,373.50,0.7540,1010.34,367.68,0.7684,1054.36,400.07,0.6130,999.55,388.03,0.7012,1052.70,420.84,0.4627,984.60,405.89,0.7083,1041.90,422.91,0.7018,1021.97,421.67,0.6899,1041.07,461.53,0.7121,1014.91,462.36,0.6846,1048.13,491.43,0.7778,1043.15,462.36,0.5983
233,bottom,1,637.09,743.34,875.73,874.17,652.32,777.68,0.8402,653.87,773.02,0.8501,648.44,773.80,0.7803,667.86,767.58,0.8721,656.98,764.48,0.6068,695.82,780.79,0.7816,674.85,769.14,0.7731,714.47,819.63,0.8141,676.40,800.21,0.7437,702.81,856.92,0.8257,663.97,833.61,0.8699,748.65,797.88,0.6553,740.10,791.66,0.5833,792.15,832.06,0.7285,762.63,800.21,0.3760,849.63,816.52,0.7035,785.93,778.46,0.6187
234,top,1,963.54,339.46,1054.30,507.64,1014.67,351.29,0.7621,1017.95,348.41,0.6960,1011.38,348.41,0.7084,1024.11,350.47,0.7782,1006.87,351.70,0.7229,1035.20,372.23,0.7084,1001.94,368.12,0.7053,1039.71,398.92,0.5960,992.08,387.42,0.6329,1038.89,419.45,0.5335,978.54,400.56,0.6744,1031.50,423.96,0.6647,1010.15,421.91,0.6616,1033.96,465.84,0.6867,998.24,460.91,0.6930,1046.69,492.12,0.7109,1023.70,474.46,0.5992
234,bottom,0,633.73,738.70,868.98,873.73,648.74,773.28,0.8589,649.51,768.69,0.8453,644.91,769.45,0.7642,662.52,763.33,0.8975,657.93,759.50,0.6186,692.39,777.11,0.7881,672.48,764.86,0.8035,710.77,816.93,0.8214,673.24,797.79,0.7448,700.05,855.22,0.8396,663.29,832.25,0.8540,748.29,787.07,0.6887,739.87,784.77,0.5848,782.75,832.25,0.7374,755.18,820.00,0.2248,840.95,815.40,0.6865,775.09,778.64,0.4066
235,top,0,957.09,325.55,1054.69,512.13,999.97,349.15,0.8149,1004.07,345.50,0.7126,997.24,345.96,0.7146,1012.73,348.24,0.7820,993.14,349.60,0.6283,1022.29,371.92,0.8155,993.14,366.91,0.7812,1024.11,403.35,0.6915,986.76,384.68,0.7022,1022.29,426.13,0.5878,970.82,398.34,0.7626,1019.56,423.85,0.6865,995.87,420.21,0.7513,1026.39,465.76,0.7345,979.93,458.02,0.7854,1045.07,486.26,0.8228,997.24,489.90,0.7872
235,bottom,1,632.33,734.88,861.18,869.05,646.19,769.94,0.8468,647.68,765.47,0.8357,643.21,766.21,0.7405,661.83,761.00,0.8824,656.62,757.27,0.6029,690.14,775.15,0.7864,670.77,761.74,0.8089,708.76,815.38,0.8451,671.52,797.50,0.7418,697.59,851.13,0.8652,662.58,834.00,0.8731,748.99,777.39,0.6724,735.58,776.64,0.5769,778.04,829.53,0.7574,715.47,819.85,0.2931,831.68,814.63,0.6989,766.12,775.90,0.3972
236,top,0,946.55,323.51,1053.95,517.81,988.86,347.61,0.8460,993.13,344.29,0.6885,986.02,344.29,0.7544,1003.09,347.13,0.7280,982.70,347.13,0.6007,1007.36,370.38,0.7880,984.12,366.58,0.7536,1009.26,403.11,0.7033,979.85,386.03,0.6829,1008.79,427.77,0.6337,963.72,399.31,0.7525,1007.36,428.25,0.6111,983.65,424.93,0.6563,1016.38,468.09,0.6336,964.67,460.50,0.7510,1042.47,483.27,0.7270,969.42,502.25,0.7078
236,bottom,1,632.99,734.76,852.02,868.18,646.25,766.54,0.8234,647.68,762.26,0.7944,644.11,762.97,0.7429,661.22,760.12,0.8709,656.23,755.84,0.5783,689.03,772.24,0.7172,671.92,758.69,0.7913,708.28,814.31,0.7848,671.92,796.48,0.7255,698.30,850.67,0.8320,663.36,833.56,0.8611,751.06,767.25,0.7063,736.80,769.39,0.5570,773.16,825.00,0.7258,710.42,820.01,0.3444,823.79,810.74,0.6751,819.51,810.03,0.2441
237,top,1,924.16,328.10,1044.41,526.03,976.07,349.26,0.8335,980.42,345.88,0.7202,973.66,345.40,0.7640,990.09,349.26,0.6986,970.76,348.78,0.6129,992.50,371.49,0.7934,975.11,370.53,0.7237,993.47,402.42,0.7188,970.27,391.79,0.6495,991.54,430.45,0.6591,952.39,404.35,0.6234,994.92,430.45,0.5495,971.72,428.03,0.6060,999.75,470.08,0.5869,957.23,464.28,0.6206,1030.68,477.32,0.6618,951.43,505.35,0.6570
237,bottom,0,635.05,731.38,843.84,869.37,649.73,765.72,0.8171,651.77,760.96,0.7856,647.69,762.32,0.7312,664.00,759.60,0.8468,657.89,756.20,0.5963,691.19,772.51,0.7521,671.48,756.20,0.8059,706.82,813.29,0.7925,671.48,794.26,0.7260,697.99,849.99,0.8486,664.00,832.32,0.8614,753.04,759.60,0.6930,736.73,758.24,0.5471,767.99,819.41,0.7510,767.99,816.01,0.2950,815.57,806.50,0.6975,810.81,805.82,0.3060
238,top,1,912.19,336.58,1027.18,534.15,962.93,353.37,0.8242,966.31,349.99,0.7007,960.52,349.51,0.7459,974.99,353.37,0.6619,958.59,353.85,0.5603,979.33,377.00,0.7891,965.82,377.00,0.6780,976.92,408.35,0.7445,958.59,398.71,0.6887,970.65,435.85,0.6837,939.29,412.69,0.6793,979.33,436.33,0.5201,960.52,434.40,0.5346,982.22,477.33,0.4895,947.49,474.43,0.5409,1015.02,477.81,0.4798,939.78,514.47,0.6524
238,bottom,0,640.41,727.71,824.48,869.64,653.35,760.92,0.8248,655.75,756.73,0.7598,651.56,756.73,0.7319,665.34,754.33,0.7798,664.14,752.53,0.6396,693.50,767.51,0.7345,674.92,750.74,0.8124,703.68,809.46,0.7869,671.93,792.68,0.7182,697.69,850.20,0.8333,663.54,830.43,0.8462,757.61,752.53,0.6966,736.64,748.34,0.5218,760.01,811.25,0.7441,708.48,787.89,0.4429,806.74,802.27,0.6510,725.85,795.08,0.2930
239,top,1,909.08,342.46,1008.73,537.67,949.85,360.47,0.7977,953.19,356.66,0.6586,946.99,356.18,0.7127,961.29,360.47,0.6403,945.08,360.95,0.5395,965.58,383.82,0.7555,952.71,383.82,0.6372,959.38,416.23,0.6414,945.08,406.70,0.6193,947.47,444.35,0.5731,923.64,419.57,0.6998,967.48,440.54,0.6008,949.37,438.16,0.5914,962.24,482.96,0.6153,936.98,479.14,0.6620,996.08,481.53,0.6142,933.17,521.08,0.7103
239,bottom,0,644.75,721.20,808.53,869.31,658.93,755.27,0.8639,659.47,750.47,0.8033,655.74,750.47,0.7785,670.66,748.34,0.6669,668.53,746.74,0.5005,697.85,763.27,0.7411,679.19,746.74,0.7927,700.52,806.99,0.7809,671.73,792.59,0.7432,696.25,848.04,0.8193,661.60,829.91,0.8327,760.76,749.41,0.7582,739.44,747.81,0.5650,749.57,803.25,0.6944,701.59,799.52,0.3249,793.28,801.12,0.6998,714.91,799.52,0.2286
240,top,2,893.96,349.13,979.01,538.92,936.49,366.65,0.7502,939.73,362.94,0.6435,933.71,362.94,0.6775,948.53,367.11,0.6097,932.78,368.96,0.4726,952.24,389.35,0.7483,941.58,390.28,0.5394,943.44,418.08,0.6104,931.85,414.37,0.5138,928.15,439.39,0.4915,906.37,423.17,0.6281,952.24,445.42,0.5422,942.97,444.03,0.4302,927.68,487.58,0.4510,925.83,485.73,0.4335,973.55,489.43,0.5209,929.54,524.65,0.5337
240,bottom,0,649.42,716.91,795.11,868.32,665.83,749.93,0.8452,666.30,745.19,0.7052,661.56,746.14,0.7020,677.21,741.87,0.6321,674.37,741.87,0.3950,702.82,757.52,0.6874,685.75,739.02,0.7348,699.98,802.57,0.7457,673.42,789.29,0.7004,693.81,844.78,0.7980,661.09,826.29,0.8084,761.63,750.88,0.7149,736.97,752.30,0.4965,738.39,791.66,0.5598,727.48,785.02,0.3094,779.65,805.42,0.6714,714.20,801.62,0.1907
241,top,1,873.23,354.58,967.16,539.74,924.26,369.86,0.7624,928.79,366.69,0.6804,922.91,366.24,0.7374,938.28,371.67,0.6746,920.20,372.12,0.5433,940.54,392.91,0.7759,926.98,393.82,0.6593,927.88,420.49,0.5838,916.13,416.42,0.5797,898.95,434.95,0.5593,889.00,423.20,0.5836,947.32,447.61,0.6843,940.09,445.80,0.5612,917.94,484.23,0.5794,917.03,483.78,0.5672,950.94,520.85,0.4644,928.33,521.75,0.4782
241,bottom,0,651.02,710.07,784.43,864.94,669.96,738.87,0.8608,669.52,734.09,0.6670,666.05,734.53,0.6649,676.47,733.66,0.5856,678.64,730.62,0.3906,706.00,747.56,0.6446,690.80,734.09,0.7086,701.66,797.50,0.7240,677.34,782.73,0.7273,691.23,840.49,0.7542,663.88,822.25,0.7997,763.76,752.77,0.7320,743.35,747.12,0.5054,729.88,784.90,0.5893,705.13,784.47,0.3758,764.19,810.52,0.5924,719.90,806.62,0.2412
242,top,1,860.91,357.27,955.76,544.50,914.27,374.55,0.7556,918.85,371.35,0.6596,912.45,371.80,0.7279,927.53,376.38,0.6691,910.16,377.29,0.5438,929.36,396.49,0.7552,916.10,397.86,0.6142,910.62,422.09,0.6089,903.30,417.51,0.5530,879.08,428.94,0.6331,877.71,421.63,0.5942,938.04,450.88,0.6984,935.30,449.97,0.5700,907.42,483.34,0.6291,908.33,485.16,0.5728,927.99,523.56,0.6395,927.99,523.56,0.6067
242,bottom,0,659.55,700.47,785.17,858.39,674.92,726.27,0.7822,675.33,720.95,0.6234,671.65,721.36,0.6377,682.69,725.04,0.5671,683.51,722.18,0.4132,707.64,740.99,0.6206,695.78,727.08,0.6792,703.96,790.88,0.6514,684.74,773.70,0.6585,691.28,834.63,0.7306,671.24,815.41,0.7374,766.12,754.07,0.6856,748.12,746.30,0.4980,724.00,785.97,0.5462,708.86,781.06,0.4234,755.48,820.32,0.6451,720.72,818.69,0.2336
243,top,2,835.88,360.63,945.52,549.50,904.07,378.52,0.7705,907.76,375.75,0.7234,902.23,375.75,0.6970,917.44,380.36,0.7336,900.38,380.36,0.4676,918.37,401.11,0.7284,906.84,402.03,0.5483,896.23,420.48,0.5204,891.62,420.02,0.3315,863.96,422.32,0.5188,861.65,421.40,0.2556,927.13,456.44,0.6676,926.21,455.06,0.5494,897.62,486.88,0.6409,902.23,489.65,0.5797,895.77,530.68,0.6094,928.05,522.85,0.6209
243,bottom,0,666.89,686.82,789.36,844.91,681.48,712.45,0.7654,679.49,708.06,0.5596,677.50,708.06,0.5500,685.87,713.24,0.5983,697.43,708.86,0.4249,709.39,736.37,0.6363,707.80,718.83,0.6107,707.00,783.81,0.5904,694.64,766.67,0.5858,695.44,827.66,0.7018,681.48,805.34,0.6876,767.60,756.30,0.6166,761.22,747.93,0.4192,722.15,789.39,0.4914,713.78,783.41,0.3484,755.24,822.88,0.6493,751.25,821.68,0.3491
244,top,3,827.85,365.80,940.26,545.71,893.72,383.28,0.7416,897.23,380.65,0.6683,892.40,380.65,0.6233,905.58,384.60,0.6780,891.96,385.04,0.4160,906.46,406.56,0.6896,904.26,405.24,0.4981,880.54,421.49,0.4899,880.98,422.81,0.3034,850.24,421.49,0.6124,853.31,422.37,0.2582,914.36,461.02,0.6786,915.68,460.15,0.5461,887.57,493.97,0.6815,895.48,493.97,0.5784,872.64,536.13,0.5995,925.78,520.76,0.6331
244,bottom,0,675.77,675.30,795.24,843.74,689.86,698.66,0.7606,687.81,695.37,0.5874,686.16,694.54,0.4691,691.92,701.53,0.6623,707.13,696.19,0.5043,710.01,730.32,0.6088,721.11,709.76,0.5100,708.78,774.73,0.5534,707.96,758.69,0.2554,700.96,812.98,0.5736,692.74,792.83,0.3916,771.70,755.82,0.5489,777.86,746.36,0.4706,722.76,787.07,0.5326,723.99,779.67,0.3228,755.66,821.61,0.5887,753.60,819.97,0.2796
245,top,3,771.47,372.71,939.52,558.72,884.49,387.49,0.8550,888.32,383.66,0.8033,882.85,384.21,0.7953,897.62,388.58,0.7850,880.66,388.58,0.5887,896.52,409.92,0.7443,892.69,409.92,0.6029,871.36,424.14,0.5346,888.32,431.25,0.3828,842.37,423.05,0.5401,847.84,426.33,0.1767,906.37,464.62,0.7115,899.26,462.98,0.6395,878.47,502.36,0.7046,891.05,496.89,0.7219,854.40,542.30,0.6401,923.87,519.87,0.7164
245,bottom,0,686.29,663.65,802.08,845.40,698.48,687.08,0.7489,696.71,683.53,0.6200,695.37,682.65,0.4794,698.92,691.08,0.7143,715.79,685.31,0.6099,712.68,720.81,0.6408,732.20,700.84,0.5450,715.34,764.73,0.5344,730.87,738.11,0.3039,706.47,798.01,0.5826,713.12,781.15,0.3710,772.58,754.08,0.5425,787.22,746.10,0.5436,725.99,782.93,0.5488,731.76,773.61,0.2934,755.28,821.09,0.5571,745.96,813.54,0.2497
246,top,3,802.21,378.94,936.43,570.66,874.00,396.16,0.8042,878.22,393.35,0.7363,873.54,393.35,0.7096,888.05,397.57,0.7159,872.13,396.63,0.4495,886.17,417.69,0.7017,889.45,416.76,0.4940,861.37,429.86,0.5303,860.90,434.55,0.2511,829.54,427.06,0.6120,829.54,427.06,0.2252,891.32,474.80,0.6814,893.66,472.46,0.5535,864.64,514.59,0.6331,884.30,505.23,0.5770,837.96,552.03,0.6501,921.75,522.08,0.7441
246,bottom,0,698.17,653.42,809.44,845.28,708.83,677.69,0.7710,707.90,673.94,0.6664,706.49,673.00,0.5321,709.77,680.50,0.7007,726.17,675.34,0.6442,718.67,710.01,0.6750,746.31,691.74,0.5662,721.01,754.04,0.5255,746.31,730.62,0.3547,715.86,787.76,0.5716,732.26,762.00,0.3731,776.75,745.14,0.5274,794.55,739.52,0.6092,730.85,777.93,0.5587,741.16,771.84,0.3368,756.61,820.55,0.5910,753.80,815.87,0.4116
247,top,3,791.53,387.18,933.57,576.95,866.25,406.55,0.8145,870.89,403.30,0.7388,865.79,402.84,0.7010,881.08,407.94,0.7246,863.94,405.62,0.4427,875.52,428.78,0.6746,875.98,426.93,0.4827,847.26,437.12,0.5361,847.26,434.34,0.2467,815.29,432.49,0.6444,817.14,433.42,0.2058,879.69,483.45,0.6646,880.15,481.60,0.5173,851.43,522.37,0.6768,875.52,513.57,0.5187,825.02,562.21,0.6771,917.22,524.22,0.7213
247,bottom,0,709.16,646.08,816.39,844.07,719.27,670.15,0.7420,718.30,665.80,0.6399,716.85,665.80,0.5040,720.72,673.05,0.7047,736.67,668.22,0.6803,725.55,703.99,0.6837,757.46,685.14,0.6046,727.00,747.49,0.5764,764.22,715.59,0.3440,719.75,779.40,0.6428,755.04,745.56,0.3392,781.63,743.63,0.5342,802.90,738.31,0.6553,735.22,770.70,0.6540,763.26,769.73,0.5854,756.01,818.55,0.6698,762.29,814.20,0.6501
248,top,1,797.93,398.44,921.87,581.88,859.01,414.47,0.7721,863.93,411.78,0.6967,858.11,410.89,0.6885,873.34,416.26,0.6955,855.43,413.58,0.4944,870.65,435.97,0.6243,858.11,433.73,0.4834,841.99,444.03,0.2884,861.25,444.48,0.2157,806.61,442.24,0.4293,856.32,443.13,0.2524,872.00,488.82,0.6393,863.04,486.58,0.4990,840.65,522.40,0.7023,863.49,525.09,0.5869,816.01,568.53,0.7111,908.27,527.33,0.7246
248,bottom,0,716.11,641.74,821.91,844.42,731.90,664.90,0.7515,730.41,661.44,0.6744,729.42,660.45,0.5373,731.90,668.36,0.7416,749.71,663.41,0.6974,733.38,699.04,0.7246,770.99,682.22,0.6140,732.39,741.10,0.5786,778.41,709.93,0.3194,723.98,774.25,0.6823,767.03,739.12,0.3000,786.33,743.57,0.5492,810.57,738.13,0.6731,743.28,765.35,0.6812,779.89,764.36,0.5651,756.64,820.76,0.7341,784.84,809.88,0.7198
249,top,1,796.84,405.72,909.49,582.33,849.72,422.45,0.7364,854.03,419.43,0.6371,848.85,419.00,0.6819,862.65,424.61,0.6290,847.13,423.31,0.4663,862.22,444.87,0.5553,850.58,444.01,0.4485,835.92,453.07,0.2446,833.33,453.07,0.2558,819.10,453.93,0.2889,819.97,454.36,0.2264,865.67,494.03,0.5595,857.48,492.30,0.4493,830.32,521.62,0.6194,852.74,534.99,0.5945,816.09,567.75,0.6270,895.42,532.83,0.5711
249,bottom,0,719.60,638.30,828.13,846.37,748.47,660.55,0.7604,746.94,657.50,0.5953,746.43,656.48,0.4685,744.40,663.59,0.7397,762.18,660.55,0.6704,742.37,694.58,0.7567,785.55,680.87,0.6921,737.80,736.24,0.6371,801.30,710.33,0.3899,728.15,769.77,0.7435,776.91,733.19,0.2634,788.09,742.84,0.5749,815.01,738.78,0.7093,749.99,768.24,0.7323,797.74,766.21,0.6671,749.48,825.64,0.8054,809.43,813.45,0.7812
250,top,1,796.27,411.24,898.69,583.21,841.18,426.69,0.7338,845.80,424.18,0.6591,840.34,422.92,0.7311,854.62,429.63,0.6267,838.24,427.11,0.4759,854.62,448.11,0.5651,847.90,447.69,0.4162,836.14,464.06,0.2952,840.34,466.16,0.2547,832.78,467.42,0.3062,836.14,470.36,0.2935,864.69,497.23,0.5629,855.46,495.97,0.3951,826.91,517.38,0.7046,840.34,540.05,0.6481,814.31,566.08,0.7182,882.75,536.69,0.6717
250,bottom,0,721.78,635.29,852.98,855.99,763.67,656.74,0.9232,762.05,653.51,0.6721,762.05,653.51,0.5760,756.66,659.97,0.8237,774.98,658.36,0.7116,749.66,693.38,0.8728,798.69,680.98,0.8057,743.19,735.40,0.7291,811.62,713.85,0.5008,734.57,763.42,0.8168,784.14,732.71,0.2670,786.84,745.10,0.6557,815.93,740.79,0.7369,756.66,776.89,0.7728,815.93,767.19,0.6509,738.88,831.85,0.8566,838.02,816.22,0.7598
251,top,1,795.86,411.38,890.40,583.19,836.00,428.91,0.8234,840.61,425.98,0.7416,834.74,425.14,0.8213,849.84,430.59,0.6719,831.80,428.07,0.5097,846.90,453.24,0.6117,851.94,448.63,0.5273,844.39,483.44,0.4795,857.39,474.64,0.3656,841.45,490.99,0.4334,841.87,487.22,0.3347,862.42,499.80,0.5612,862.00,497.29,0.3912,824.67,517.42,0.6842,836.83,538.39,0.6249,813.76,566.92,0.7094,875.01,536.72,0.6246
251,bottom,0,718.18,635.07,877.96,860.23,777.18,657.50,0.8995,773.88,654.20,0.6844,777.18,653.65,0.6076,771.13,660.80,0.8388,788.72,659.15,0.7572,760.14,692.68,0.8808,811.26,683.89,0.8065,750.25,730.61,0.7755,822.81,717.42,0.5964,740.35,759.74,0.8056,797.52,739.95,0.2551,789.27,749.30,0.6944,817.86,747.10,0.7382,757.39,789.43,0.8418,834.35,778.98,0.8229,733.76,841.65,0.8853,861.28,821.86,0.8627
252,top,1,796.26,412.59,883.42,582.79,833.61,428.71,0.8264,838.18,425.39,0.7400,831.53,424.97,0.8151,846.90,429.54,0.6534,828.20,427.88,0.5746,847.32,454.47,0.7087,847.32,448.24,0.5677,856.04,485.22,0.5958,848.98,475.67,0.4004,857.29,512.23,0.4311,845.24,493.12,0.3295,863.94,500.18,0.6187,855.63,495.61,0.4080,825.30,518.88,0.6783,834.02,531.35,0.5114,813.66,566.67,0.6873,867.68,535.50,0.6252
252,bottom,0,719.73,637.72,908.00,860.41,793.03,658.36,0.9963,791.19,655.91,0.6906,793.64,655.29,0.7082,785.67,662.65,0.8297,802.83,661.42,0.8245,772.80,692.06,0.9007,823.06,688.39,0.8858,758.71,730.06,0.8328,837.77,728.22,0.7813,745.84,756.41,0.8586,839.60,755.19,0.6160,791.80,752.12,0.8048,820.61,750.29,0.7907,762.38,792.57,0.8888,853.09,790.12,0.8737,736.03,843.44,0.9474,884.96,834.25,0.9334
253,top,1,796.72,410.53,882.98,582.73,834.39,426.84,0.8025,838.59,423.06,0.7212,832.29,423.06,0.8015,847.00,427.26,0.6852,828.50,425.58,0.5596,851.63,453.75,0.7056,843.22,444.50,0.5141,865.50,483.60,0.5677,847.84,453.33,0.3420,874.75,499.99,0.4089,841.12,494.53,0.2272,865.50,495.37,0.6072,850.78,489.90,0.4539,826.82,518.91,0.6655,834.39,526.06,0.5029,815.05,565.15,0.6826,862.14,536.15,0.6445
253,bottom,0,719.81,640.30,920.99,862.63,809.26,659.77,0.9806,809.92,657.15,0.6433,807.96,656.50,0.7558,802.72,663.05,0.8039,817.12,662.39,0.8467,786.34,692.52,0.8800,836.77,694.48,0.8625,768.01,730.50,0.8170,851.83,731.81,0.8014,751.63,761.28,0.8544,865.59,752.12,0.7158,797.48,758.66,0.7980,826.29,757.35,0.7908,768.66,794.68,0.8960,865.59,796.65,0.8784,737.23,842.49,0.9025,895.71,843.80,0.8997
254,top,1,796.20,405.29,883.42,583.51,837.64,422.18,0.8695,842.42,418.26,0.7818,835.90,417.83,0.7923,850.69,422.61,0.7352,831.98,421.31,0.5479,858.96,450.02,0.7287,838.94,441.32,0.5481,874.19,482.66,0.6514,841.55,446.98,0.2980,845.90,493.53,0.3066,811.53,450.02,0.3117,870.71,491.79,0.7060,851.13,486.57,0.5773,832.42,520.08,0.6290,823.71,517.03,0.6857,815.45,564.89,0.7074,854.61,541.40,0.6933
254,bottom,0,720.58,642.75,918.15,861.42,829.01,662.05,0.9103,830.30,658.19,0.6538,828.37,658.83,0.5801,820.65,664.62,0.7741,834.16,665.26,0.7504,803.29,692.27,0.8723,852.17,696.78,0.8808,779.49,727.65,0.8424,872.10,737.29,0.8725,760.84,763.66,0.8663,892.04,743.73,0.8462,805.22,760.45,0.8097,832.23,760.45,0.7909,776.92,800.32,0.8450,874.03,781.03,0.9017,738.33,843.41,0.9136,892.04,839.55,0.9348
255,top,1,794.25,399.62,900.49,582.10,843.81,416.91,0.8591,848.71,413.34,0.7710,841.13,412.90,0.8033,855.83,417.35,0.7853,837.12,416.02,0.7106,866.08,443.19,0.7254,838.46,433.84,0.6445,885.68,466.80,0.7267,829.10,441.85,0.4853,899.94,495.31,0.6392,807.28,449.43,0.6053,872.76,487.29,0.6525,851.83,480.17,0.6411,842.02,518.48,0.6537,827.77,514.02,0.7410,817.52,565.26,0.7278,842.92,548.33,0.6757
255,bottom,0,720.79,642.03,935.74,858.72,853.45,662.21,0.9119,852.75,658.71,0.6624,854.15,659.41,0.7039,841.56,663.61,0.7709,856.25,664.31,0.8028,821.97,689.50,0.8757,866.75,696.50,0.8675,796.08,722.39,0.8367,887.04,732.18,0.8826,775.09,758.07,0.8407,918.52,728.68,0.9143,814.97,758.77,0.8225,840.86,758.07,0.8048,786.28,801.45,0.7914,885.64,770.67,0.9230,740.80,842.74,0.8725,884.24,831.54,0.8903
256,top,1,792.18,393.62,913.23,577.36,851.36,411.92,0.8697,855.84,407.89,0.7746,848.22,407.89,0.7923,862.57,411.92,0.8042,843.28,410.58,0.7039,873.34,433.01,0.6772,841.49,426.28,0.6943,893.97,456.33,0.6859,829.38,437.94,0.6282,907.88,483.25,0.6769,805.60,448.26,0.6745,876.93,482.80,0.6428,856.29,476.97,0.6428,850.46,520.03,0.6611,832.52,508.37,0.7141,826.69,559.95,0.6253,843.28,546.94,0.6706
256,bottom,0,721.06,639.99,963.23,858.75,879.98,658.71,0.8720,876.83,654.77,0.6431,879.20,654.77,0.7835,861.85,658.71,0.7069,876.04,661.08,0.8093,842.93,682.36,0.8253,884.71,692.61,0.8268,820.07,711.53,0.7767,906.00,727.30,0.8098,798.79,739.12,0.7778,939.11,709.17,0.8555,828.74,754.89,0.8356,853.18,757.25,0.8060,792.48,799.04,0.7882,902.06,776.17,0.8912,743.60,840.03,0.8362,877.62,833.72,0.8450
257,top,1,794.96,390.55,922.87,574.99,858.47,407.12,0.8770,862.52,403.52,0.7859,854.86,403.07,0.8218,869.27,406.67,0.8122,849.91,405.77,0.7436,881.88,426.48,0.6804,844.51,422.43,0.7221,902.59,447.20,0.7035,828.75,435.94,0.6907,916.10,474.67,0.6579,805.78,446.30,0.6971,880.98,478.72,0.6154,858.47,473.76,0.6332,859.37,516.09,0.6455,837.30,505.29,0.6929,839.10,557.07,0.6386,841.80,548.06,0.6840
257,bottom,0,730.77,634.01,967.32,856.40,899.87,654.34,0.8678,899.10,649.72,0.6240,899.87,649.72,0.7661,886.01,654.34,0.7061,896.02,655.88,0.8001,864.45,675.13,0.8412,903.72,689.76,0.8319,839.04,703.62,0.7241,924.51,718.26,0.8074,814.39,729.81,0.8131,953.00,695.15,0.7877,844.43,748.29,0.7995,869.07,753.68,0.7979,802.84,792.18,0.7315,912.96,783.71,0.8482,753.56,831.45,0.8293,875.23,834.53,0.7680
258,top,1,798.50,388.12,931.57,572.75,866.84,405.61,0.8193,870.89,401.55,0.7551,863.23,401.10,0.7909,876.75,404.26,0.8017,857.37,403.81,0.7553,889.83,421.39,0.7099,849.26,420.03,0.7193,910.56,436.26,0.7502,831.23,433.11,0.6632,923.18,463.76,0.7231,810.04,444.83,0.6393,887.12,472.77,0.6115,863.68,469.62,0.6289,868.64,511.99,0.6816,842.04,503.42,0.7238,852.86,552.56,0.6431,840.69,546.70,0.7243
258,bottom,0,753.62,629.85,986.27,855.96,921.44,650.51,0.8692,919.17,645.97,0.5941,919.93,646.72,0.7380,904.03,649.75,0.7059,915.39,652.78,0.7756,884.33,668.69,0.8143,922.96,683.83,0.8285,857.83,693.68,0.7129,947.95,714.88,0.8393,829.05,717.91,0.7604,969.91,686.10,0.8717,863.13,739.12,0.7713,886.61,746.69,0.7721,821.47,783.04,0.7490,919.17,783.80,0.8662,773.00,821.67,0.8351,876.76,832.27,0.7559
259,top,1,817.05,386.86,934.97,569.71,875.56,403.29,0.8084,879.14,399.27,0.7717,871.55,399.27,0.7560,884.49,402.39,0.7552,864.85,401.95,0.7497,898.33,418.02,0.7116,854.58,417.57,0.7183,917.97,431.86,0.7612,838.51,429.63,0.6510,928.24,456.41,0.7609,824.23,441.68,0.6327,894.31,465.78,0.6173,868.42,464.00,0.6367,879.58,507.75,0.6782,848.78,503.28,0.7246,867.08,551.49,0.6540,841.19,547.48,0.7650
259,bottom,0,777.18,622.35,1001.14,854.31,936.54,645.74,0.8683,935.81,642.09,0.5924,936.54,642.09,0.6969,924.15,646.47,0.7529,936.54,648.66,0.7802,903.01,663.97,0.8091,946.75,682.19,0.8190,869.47,686.57,0.7136,974.45,709.89,0.8672,838.12,709.17,0.7805,989.76,683.65,0.8856,881.14,733.22,0.7455,904.47,741.97,0.7433,841.77,776.24,0.7578,923.42,783.53,0.8164,797.30,816.33,0.8140,879.68,830.92,0.7668
260,top,1,826.47,382.37,940.55,568.22,883.51,399.97,0.8497,887.14,396.34,0.8146,879.43,395.89,0.8013,892.58,400.42,0.8004,873.53,399.52,0.7880,907.10,415.40,0.7402,861.73,415.40,0.7264,924.35,430.37,0.7852,843.58,429.01,0.7412,934.78,456.69,0.7901,833.60,444.44,0.7112,901.21,461.68,0.6243,874.89,460.77,0.6572,892.58,505.24,0.6970,856.28,502.06,0.7266,886.23,547.44,0.7226,843.13,547.44,0.7998
260,bottom,0,803.68,616.33,1020.39,853.77,955.77,641.23,0.8893,954.36,637.70,0.5985,956.48,637.70,0.7582,940.25,641.23,0.7417,952.95,642.64,0.8004,918.38,658.86,0.7789,963.53,675.79,0.8219,882.41,680.03,0.6927,997.39,699.78,0.7741,853.48,694.84,0.6672,1010.79,689.90,0.7564,898.63,727.29,0.7535,921.20,737.17,0.7456,864.77,771.73,0.7358,930.37,783.02,0.7469,825.97,814.77,0.8050,885.93,828.17,0.7877
261,top,1,830.92,381.53,943.72,567.32,891.86,397.32,0.8140,895.49,394.14,0.7850,887.77,394.14,0.7774,900.93,397.77,0.7892,881.42,397.32,0.7620,915.44,413.19,0.7306,868.72,413.19,0.7293,928.14,429.97,0.7562,852.40,430.43,0.7300,938.12,455.37,0.7662,843.32,450.84,0.6506,908.64,459.46,0.6519,881.42,458.55,0.6414,907.28,500.28,0.6656,864.64,500.28,0.7099,906.37,543.82,0.6996,847.86,545.18,0.7623
261,bottom,0,832.04,613.94,1092.62,851.75,975.05,636.14,0.7939,972.51,631.05,0.6709,972.51,631.90,0.7104,957.24,636.14,0.7300,968.27,638.69,0.7578,937.73,652.26,0.7849,980.14,671.77,0.7238,901.25,669.22,0.7159,1022.56,687.04,0.6935,877.50,678.55,0.5926,1059.88,681.95,0.7163,914.83,720.97,0.8335,935.18,731.15,0.7976,887.68,769.32,0.7679,944.52,781.19,0.7856,852.90,810.88,0.7609,902.10,821.91,0.8376
262,top,1,845.00,380.99,948.71,563.19,900.41,396.91,0.8102,904.41,393.80,0.7817,896.85,393.35,0.7597,910.20,397.36,0.8015,890.18,396.91,0.7895,923.54,413.82,0.7530,877.73,412.04,0.7243,932.88,435.17,0.7444,861.27,434.28,0.7445,942.67,459.19,0.7409,854.59,458.30,0.7041,915.53,456.96,0.6388,886.62,456.07,0.6287,921.76,499.22,0.6818,871.05,497.44,0.7134,927.10,539.70,0.7372,857.26,541.48,0.7723
262,bottom,0,854.41,613.52,1107.55,832.34,993.34,638.88,0.7894,990.05,633.94,0.6285,991.69,635.58,0.6504,976.04,635.58,0.6940,987.57,640.53,0.7187,955.44,649.59,0.8112,999.93,671.02,0.7472,916.71,661.95,0.7292,1037.84,683.38,0.6957,889.51,662.78,0.4664,1077.39,683.38,0.7273,928.24,717.99,0.8339,948.84,729.52,0.8497,908.47,767.43,0.7989,966.15,778.97,0.8272,872.21,807.81,0.8084,922.48,819.34,0.8532
263,top,1,860.49,381.25,957.70,559.78,909.97,396.42,0.8680,913.89,392.94,0.8225,906.05,392.94,0.8191,918.69,396.86,0.8305,899.51,396.42,0.8207,930.02,416.04,0.7324,885.56,413.42,0.7497,937.43,438.26,0.6841,872.05,437.83,0.7091,947.02,463.11,0.7157,868.56,462.67,0.6184,921.30,458.75,0.6491,892.54,457.88,0.6508,936.12,500.59,0.7222,877.72,497.54,0.7120,947.89,538.51,0.7149,868.13,539.38,0.7593
263,bottom,0,867.33,618.78,1108.41,827.86,1012.20,640.92,0.7975,1008.27,636.21,0.5711,1011.41,637.78,0.6431,998.07,638.56,0.6930,1006.71,644.06,0.7551,975.31,651.12,0.8004,1016.91,673.88,0.7627,940.78,656.61,0.7502,1053.01,689.57,0.6644,933.72,648.77,0.6393,1088.32,692.71,0.7771,942.35,715.47,0.8561,961.97,728.03,0.8396,926.66,764.13,0.7673,991.79,777.47,0.7610,885.85,804.94,0.8579,950.20,818.28,0.8473
264,top,1,865.29,381.86,989.09,556.45,919.95,397.97,0.8876,923.36,394.99,0.8604,915.68,394.56,0.8561,928.04,399.25,0.8067,908.86,398.83,0.8649,937.00,418.86,0.7177,893.95,417.15,0.8015,942.11,443.58,0.6759,885.85,443.15,0.7127,951.06,466.60,0.6321,885.85,470.01,0.5945,926.34,461.06,0.6478,899.49,460.63,0.6658,951.49,500.27,0.7125,887.13,497.71,0.7191,971.52,531.81,0.7256,873.49,536.50,0.7815
264,bottom,0,877.99,622.30,1105.46,845.98,1032.45,645.28,0.8007,1031.71,641.58,0.6156,1030.97,643.06,0.7386,1016.16,645.28,0.6660,1025.05,648.24,0.7417,994.69,654.17,0.7455,1030.97,677.86,0.7302,966.55,654.91,0.7702,1059.85,699.34,0.6215,970.25,637.88,0.6485,1087.25,711.92,0.7735,959.15,722.29,0.7989,977.66,731.92,0.7603,940.63,765.24,0.6979,1018.38,773.38,0.7245,896.21,800.04,0.7508,993.95,826.70,0.7250
265,top,1,865.73,383.66,1007.02,557.78,929.48,400.81,0.8687,933.16,397.13,0.8526,925.80,397.13,0.8315,937.76,401.73,0.7890,918.90,400.81,0.8373,945.12,421.50,0.7346,903.26,420.58,0.7911,947.88,444.96,0.6612,896.82,446.34,0.7137,957.07,466.12,0.5700,904.64,466.58,0.5843,935.00,462.90,0.6323,907.86,463.36,0.6671,962.13,500.15,0.6694,892.22,502.91,0.7176,988.35,526.83,0.7293,875.21,538.33,0.8092
265,bottom,0,885.95,626.36,1107.63,854.50,1051.63,652.39,0.7761,1050.91,648.06,0.5916,1050.19,649.50,0.7377,1036.48,650.95,0.6576,1045.14,655.28,0.7405,1013.39,658.16,0.7040,1049.47,684.14,0.7266,983.80,656.72,0.7452,1069.67,717.34,0.5748,1007.61,637.96,0.6077,1090.60,734.66,0.6625,975.86,725.28,0.6679,994.62,734.66,0.6832,954.21,765.69,0.6652,1041.53,773.62,0.7369,907.31,795.99,0.6852,1038.64,832.80,0.7193
266,top,0,864.71,385.38,1023.48,557.67,942.54,402.27,0.8440,946.16,399.17,0.8031,938.92,398.65,0.7987,949.78,401.75,0.7073,931.17,401.24,0.8694,954.95,422.43,0.7675,915.15,422.94,0.8073,957.01,445.17,0.6735,908.95,451.37,0.7197,969.93,461.71,0.5397,922.90,471.53,0.6162,945.13,466.87,0.6915,916.18,466.87,0.6951,978.20,500.47,0.7040,897.06,507.19,0.7799,1003.01,526.31,0.7688,876.90,537.68,0.8138
266,bottom,1,893.96,635.59,1123.63,860.48,1067.86,659.82,0.6318,1067.86,654.59,0.5202,1066.36,654.59,0.5869,1058.14,659.82,0.5730,1061.87,662.81,0.6376,1028.98,664.31,0.5173,1065.61,695.70,0.5448,999.82,662.06,0.5804,1081.31,736.82,0.5085,1028.98,650.10,0.4080,1102.99,763.74,0.5685,993.84,733.08,0.5648,1012.53,739.07,0.5920,963.94,768.22,0.5768,1058.88,781.68,0.6381,913.10,793.64,0.5791,1083.56,837.00,0.6300
267,top,1,864.35,383.65,1030.69,558.08,957.27,400.47,0.8663,960.52,397.22,0.8405,953.48,396.68,0.8380,964.31,400.47,0.7534,945.36,399.93,0.8629,967.56,421.05,0.7702,930.20,422.13,0.8107,970.26,443.79,0.5575,923.16,450.83,0.7583,989.76,457.87,0.3991,938.86,468.16,0.6198,955.10,465.99,0.7081,926.40,466.53,0.6988,987.05,495.77,0.7577,904.21,507.14,0.7894,1009.25,527.72,0.8387,877.13,538.00,0.8203
267,bottom,0,902.50,643.92,1140.72,867.84,1084.42,665.92,0.8361,1084.42,661.27,0.5616,1085.20,662.82,0.6737,1071.24,665.15,0.7471,1081.32,669.80,0.8516,1046.42,672.13,0.8029,1082.87,708.57,0.8359,1018.51,672.90,0.6366,1096.83,752.00,0.7402,1043.32,671.35,0.3726,1116.22,784.57,0.8394,1009.98,738.82,0.7757,1034.79,749.67,0.7940,978.18,769.06,0.7775,1078.99,800.85,0.8312,921.57,793.87,0.7945,1120.09,850.48,0.8447
268,top,0,865.74,381.94,1039.69,555.20,973.10,397.79,0.8540,975.93,393.83,0.8301,968.57,394.39,0.7950,979.89,397.22,0.7349,961.21,397.22,0.8470,982.72,418.74,0.7921,946.48,419.87,0.7775,984.42,436.30,0.5464,935.16,446.49,0.7770,1000.84,444.22,0.5242,950.45,461.21,0.6378,966.30,465.74,0.6878,939.69,466.31,0.6767,998.58,490.09,0.7682,914.77,504.81,0.7082,1014.43,525.20,0.8311,880.80,535.96,0.7825
268,bottom,1,917.45,652.18,1177.89,876.58,1099.39,674.51,0.8067,1099.39,668.58,0.6095,1101.08,670.27,0.6988,1084.98,673.67,0.7747,1096.84,677.90,0.8538,1061.24,684.69,0.8227,1097.69,719.45,0.8544,1026.48,696.56,0.6710,1110.41,761.84,0.7312,1030.72,695.71,0.3732,1127.37,800.84,0.8194,1030.72,752.51,0.7836,1055.30,763.53,0.8062,994.26,775.40,0.6940,1099.39,810.16,0.8338,939.15,793.21,0.7863,1140.93,856.79,0.8263
269,top,0,875.44,379.89,1049.11,551.91,987.72,395.80,0.8792,990.54,391.84,0.8350,983.19,392.41,0.8166,994.50,394.10,0.7505,975.28,394.67,0.8335,997.89,414.45,0.8061,962.28,416.15,0.7731,1006.37,431.98,0.5466,949.27,441.59,0.7586,1038.03,437.07,0.5129,962.84,454.03,0.5565,980.93,462.51,0.7083,954.36,463.07,0.6878,1013.16,489.08,0.7779,928.36,500.95,0.7038,1018.81,526.96,0.8322,890.48,531.48,0.7524
269,bottom,1,937.04,661.03,1184.34,877.95,1110.60,681.74,0.8841,1110.60,676.91,0.6853,1112.21,677.72,0.7360,1096.11,680.94,0.7726,1108.19,685.77,0.8768,1071.96,696.24,0.8684,1111.41,726.02,0.8854,1039.76,715.56,0.8572,1120.26,768.69,0.7779,1061.49,716.36,0.5368,1133.14,807.33,0.8218,1047.00,764.66,0.8341,1070.35,771.91,0.8180,1019.63,786.40,0.6549,1121.87,801.69,0.8969,956.84,799.28,0.7456,1148.44,858.85,0.9060
270,top,3,889.91,375.40,1050.91,547.48,999.76,390.69,0.9090,1003.43,386.50,0.8238,995.57,386.50,0.8514,1007.10,389.12,0.7446,987.18,389.64,0.8537,1009.72,410.08,0.8112,973.56,412.18,0.7586,1023.87,425.28,0.5882,958.36,435.76,0.7520,1052.17,421.09,0.5331,977.23,438.91,0.5286,992.42,459.35,0.7405,968.84,459.87,0.6933,1024.92,488.17,0.8156,942.11,499.18,0.6888,1019.15,526.43,0.8181,905.42,527.48,0.7655
270,bottom,0,961.16,663.75,1182.91,877.37,1118.23,684.66,0.8908,1120.40,681.05,0.6519,1118.95,681.78,0.7892,1105.96,684.66,0.7367,1118.95,688.99,0.8630,1082.14,699.10,0.8354,1123.29,730.14,0.8649,1051.10,724.36,0.9259,1129.78,771.29,0.7709,1076.36,725.81,0.5975,1141.33,813.87,0.8557,1056.88,765.51,0.8094,1079.97,775.62,0.7727,1041.72,795.83,0.7143,1129.06,798.72,0.9009,983.25,810.26,0.7538,1147.83,859.35,0.8901
271,top,1,908.21,368.25,1086.54,543.97,1012.46,385.87,0.8898,1014.79,381.81,0.8851,1007.82,382.39,0.7980,1017.11,384.13,0.7105,998.53,385.29,0.8538,1021.17,406.77,0.7921,984.60,406.19,0.7522,1042.65,420.70,0.7341,964.86,428.83,0.7863,1069.35,410.83,0.7848,979.38,429.41,0.5477,1003.76,455.53,0.7588,980.54,456.11,0.7519,1034.52,485.72,0.8310,960.80,494.42,0.7836,1022.33,524.03,0.8382,924.23,524.61,0.7617
271,bottom,0,984.94,665.04,1183.23,877.26,1120.23,685.95,0.9070,1123.46,682.72,0.6165,1121.52,684.01,0.6921,1108.61,685.95,0.6980,1124.75,689.82,0.8094,1087.31,700.79,0.7750,1129.91,727.90,0.8349,1055.68,725.32,0.8203,1135.07,771.15,0.7416,1074.40,735.65,0.5452,1146.69,812.46,0.8398,1060.85,766.63,0.7364,1088.60,776.31,0.6445,1053.75,800.84,0.6956,1134.43,797.61,0.8280,1004.69,827.30,0.7610,1149.27,858.93,0.8849
272,top,1,929.78,366.30,1097.62,543.74,1022.99,382.35,0.8900,1025.72,377.98,0.8572,1018.62,377.98,0.8167,1028.45,381.81,0.6963,1009.33,381.81,0.8347,1032.28,404.21,0.7693,993.49,402.57,0.7587,1056.32,418.41,0.7938,972.18,422.24,0.7146,1082.00,403.66,0.8566,983.11,425.52,0.4790,1013.70,450.65,0.7683,990.75,451.20,0.7717,1045.39,483.43,0.8365,973.27,494.91,0.7677,1030.64,516.76,0.8300,942.67,521.68,0.7850
272,bottom,0,997.36,659.47,1183.24,876.77,1119.95,679.78,0.8547,1121.16,676.15,0.5973,1121.16,676.75,0.6282,1107.84,680.99,0.6923,1126.00,685.22,0.7916,1087.88,697.93,0.7391,1130.84,723.95,0.8111,1056.41,722.13,0.7866,1135.68,766.91,0.7068,1069.72,738.47,0.5111,1150.20,804.42,0.8347,1062.46,765.09,0.7193,1092.11,772.35,0.6033,1062.46,798.37,0.7293,1139.91,797.77,0.8032,1018.90,834.68,0.8515,1150.20,858.28,0.8349
273,top,1,943.62,362.97,1112.77,542.24,1033.15,381.03,0.8770,1036.46,377.17,0.8203,1029.30,376.07,0.7914,1039.76,379.92,0.6560,1019.94,378.82,0.8259,1043.06,402.50,0.7621,1002.32,399.75,0.7836,1069.49,415.16,0.8131,979.74,418.47,0.7209,1095.37,399.20,0.8721,984.15,423.42,0.4984,1022.69,448.20,0.7859,1000.67,448.20,0.7960,1054.63,482.34,0.8211,984.15,493.35,0.7741,1045.82,513.17,0.8302,956.07,525.29,0.8337
273,bottom,0,999.14,651.25,1185.35,875.16,1117.10,672.29,0.7653,1115.88,668.04,0.5407,1118.92,668.65,0.5886,1103.76,673.50,0.6744,1123.16,676.53,0.7059,1084.37,691.68,0.7236,1129.22,715.93,0.7914,1054.06,717.75,0.7916,1134.67,760.17,0.7260,1064.97,741.38,0.5877,1153.46,793.51,0.8448,1063.15,763.81,0.7167,1092.85,770.48,0.6062,1062.55,795.33,0.7666,1143.16,795.94,0.8056,1023.15,839.58,0.8625,1150.43,857.76,0.8162
274,top,1,948.95,362.81,1128.54,544.55,1042.84,381.19,0.8604,1045.76,377.10,0.8138,1039.33,375.93,0.7715,1049.27,379.43,0.6576,1029.39,378.26,0.8337,1053.95,401.65,0.7496,1011.27,399.31,0.7835,1082.59,412.17,0.7969,986.72,415.68,0.6642,1108.31,398.14,0.8577,985.55,420.94,0.6102,1032.90,448.42,0.7845,1008.93,448.42,0.7905,1063.88,482.91,0.8101,993.73,491.09,0.8140,1072.65,517.98,0.7939,965.09,526.17,0.8627
274,bottom,0,995.34,643.35,1183.28,874.10,1113.78,664.51,0.7491,1113.17,659.62,0.5392,1115.62,659.62,0.6052,1099.71,665.73,0.6540,1118.07,668.18,0.6891,1080.75,684.09,0.7336,1126.63,706.72,0.7911,1051.99,713.45,0.7904,1132.14,751.38,0.7351,1061.17,736.09,0.6044,1154.16,783.19,0.8210,1063.62,758.11,0.6978,1092.98,764.23,0.6173,1053.83,791.15,0.7968,1142.54,791.76,0.8054,1018.96,838.26,0.8511,1151.10,854.16,0.8362
275,top,1,951.14,363.31,1140.72,543.04,1051.48,382.83,0.8422,1054.57,378.51,0.7841,1047.78,377.89,0.7435,1057.65,380.36,0.7115,1037.91,379.12,0.7728,1064.44,401.96,0.7677,1020.01,400.10,0.7935,1093.45,411.83,0.8072,997.79,414.92,0.6675,1120.60,401.34,0.8333,988.54,420.47,0.6726,1043.46,450.09,0.8107,1018.78,448.86,0.8217,1071.85,484.65,0.8018,1001.50,490.82,0.8375,1096.53,518.59,0.8263,968.79,526.61,0.8882
275,bottom,0,992.78,636.14,1183.43,872.58,1108.58,657.55,0.7866,1107.96,653.20,0.5772,1109.82,653.20,0.6082,1096.17,659.41,0.6945,1114.79,661.89,0.6675,1075.69,678.65,0.7641,1123.48,699.75,0.8192,1047.76,710.30,0.8240,1130.92,743.81,0.7497,1057.69,732.02,0.6507,1151.40,772.36,0.8194,1061.42,753.12,0.7075,1091.83,758.71,0.6464,1044.04,788.49,0.8105,1138.99,788.49,0.8113,1011.77,835.66,0.8621,1151.40,849.31,0.8355
276,top,1,952.98,365.46,1147.43,543.97,1060.97,384.46,0.8189,1062.87,380.02,0.8084,1056.54,380.02,0.7193,1066.03,382.56,0.7040,1047.67,381.29,0.7744,1072.99,404.08,0.8138,1030.58,402.18,0.7852,1102.11,412.94,0.8138,1009.06,414.84,0.7007,1129.96,407.24,0.7638,993.87,421.17,0.7101,1053.37,452.18,0.8356,1028.69,450.92,0.8390,1080.59,488.26,0.8328,1008.43,492.69,0.8457,1105.27,518.64,0.8966,971.72,526.24,0.8851
276,bottom,0,989.44,632.09,1179.86,867.30,1103.25,652.38,0.8267,1103.87,648.66,0.5830,1105.73,649.28,0.6273,1091.47,654.24,0.7129,1109.45,656.72,0.6816,1069.78,675.31,0.8042,1119.36,692.67,0.8483,1043.74,708.16,0.8376,1130.52,737.30,0.7429,1053.04,729.24,0.6782,1149.12,766.43,0.8457,1060.48,750.31,0.7083,1088.99,755.27,0.6904,1036.92,788.13,0.8291,1134.24,788.75,0.8523,1004.69,836.47,0.8904,1148.50,847.63,0.8683
277,top,1,960.96,367.70,1157.19,544.39,1067.38,385.78,0.8808,1069.93,381.31,0.8629,1063.54,381.31,0.7853,1073.76,383.87,0.7222,1055.24,383.23,0.7730,1082.07,407.50,0.8156,1038.63,404.94,0.8042,1108.90,417.08,0.8504,1016.28,417.72,0.7908,1135.72,415.80,0.7854,997.75,422.83,0.7877,1062.91,454.13,0.8359,1038.63,452.85,0.8382,1087.82,487.98,0.8455,1018.83,495.01,0.8198,1106.98,519.92,0.9271,979.87,523.11,0.8356
277,bottom,0,982.35,631.78,1170.19,866.48,1097.67,651.30,0.8064,1097.06,647.63,0.5683,1100.11,647.63,0.6206,1085.44,653.74,0.6968,1103.17,654.97,0.7043,1066.48,675.14,0.8316,1116.01,689.82,0.8704,1040.19,709.39,0.8290,1128.85,734.46,0.7683,1045.08,732.01,0.7000,1144.75,760.75,0.8467,1057.31,750.97,0.6999,1087.27,755.25,0.6939,1031.02,789.49,0.8435,1129.46,788.26,0.8637,998.61,837.79,0.8923,1144.75,848.19,0.8845
278,top,1,970.15,366.16,1157.40,543.54,1075.36,385.97,0.8848,1077.79,381.70,0.8851,1071.09,381.70,0.7993,1080.84,384.75,0.7259,1061.95,384.14,0.8105,1088.77,409.13,0.8334,1044.27,406.09,0.7961,1112.54,421.32,0.8230,1022.94,417.67,0.7788,1139.36,423.15,0.7389,1002.82,424.37,0.7746,1069.26,454.24,0.8298,1045.49,453.63,0.8207,1093.64,487.76,0.8363,1028.42,498.13,0.7944,1107.05,520.07,0.9197,988.80,522.51,0.8050
278,bottom,0,973.38,631.68,1169.69,866.88,1090.70,651.51,0.8793,1090.07,648.32,0.6222,1093.26,648.95,0.6267,1079.84,654.71,0.7843,1097.73,656.62,0.7336,1061.31,677.07,0.8553,1112.43,690.49,0.8786,1037.03,712.22,0.8537,1126.49,732.67,0.7999,1036.39,739.70,0.7708,1141.83,759.51,0.8715,1054.92,751.84,0.7249,1085.59,755.67,0.7284,1026.80,790.82,0.8568,1125.85,789.54,0.8908,995.49,840.03,0.8962,1142.47,850.89,0.9181
279,top,1,979.27,364.65,1141.48,542.96,1079.39,383.57,0.8895,1081.50,379.35,0.8534,1074.63,379.35,0.7924,1085.19,382.52,0.7208,1065.66,383.57,0.8160,1093.64,408.39,0.7853,1049.29,403.64,0.7433,1112.12,424.76,0.7063,1027.11,416.84,0.6998,1133.25,431.63,0.5726,1006.52,426.34,0.6860,1074.11,455.39,0.7391,1048.23,453.80,0.7397,1096.81,489.18,0.7753,1035.56,496.05,0.7469,1107.37,519.81,0.8674,997.54,522.97,0.7624
279,bottom,0,971.16,632.99,1169.45,866.86,1086.44,653.75,0.8894,1085.80,649.87,0.6129,1089.02,651.17,0.5840,1074.82,656.33,0.7728,1094.19,658.91,0.7307,1056.10,682.79,0.8523,1107.74,693.12,0.8747,1032.87,717.00,0.8168,1121.94,735.72,0.7976,1027.06,747.34,0.7539,1138.08,758.96,0.8486,1053.52,757.02,0.7448,1081.92,759.61,0.7373,1021.25,795.11,0.8758,1124.52,791.88,0.8742,993.49,842.23,0.8900,1143.24,850.62,0.9111
280,top,1,985.95,360.61,1134.35,542.91,1081.40,380.26,0.8878,1084.30,375.92,0.8756,1077.06,376.40,0.8027,1088.17,380.26,0.7538,1067.88,380.26,0.8226,1095.41,406.35,0.7942,1051.94,400.07,0.7013,1110.87,426.16,0.7570,1029.72,414.56,0.7133,1128.26,440.65,0.7030,1008.46,427.61,0.7346,1076.09,452.73,0.7102,1049.52,450.79,0.6933,1097.35,488.96,0.7658,1037.93,493.79,0.7285,1107.49,519.39,0.8561,1003.15,522.29,0.7610
280,bottom,0,970.37,636.38,1168.55,870.09,1082.36,657.76,0.9126,1082.36,653.89,0.5919,1084.29,655.18,0.5564,1070.75,660.98,0.7613,1090.10,662.92,0.7323,1052.68,688.08,0.8681,1104.29,696.46,0.8786,1030.10,725.49,0.8258,1117.84,738.40,0.8275,1020.43,756.46,0.7769,1134.61,759.69,0.8509,1050.75,759.69,0.7580,1079.78,762.27,0.7424,1014.62,802.91,0.8635,1124.94,790.65,0.8758,986.88,851.94,0.9008,1141.71,850.65,0.9120
281,top,1,990.82,358.74,1126.77,541.73,1082.03,376.97,0.9203,1085.60,373.40,0.8622,1078.01,372.95,0.8421,1089.62,377.87,0.7550,1069.07,376.53,0.8553,1096.77,405.56,0.7842,1052.54,396.18,0.6863,1107.94,425.22,0.7137,1030.65,411.82,0.7103,1120.89,441.30,0.6842,1011.89,428.79,0.7238,1076.67,448.90,0.6699,1049.86,446.66,0.6436,1097.22,487.32,0.7343,1038.69,490.00,0.7030,1107.49,519.48,0.8400,1006.08,522.16,0.7641
281,bottom,0,965.42,640.04,1168.05,870.37,1079.93,660.88,0.9035,1079.93,657.58,0.5900,1081.91,658.24,0.5485,1068.72,664.18,0.7660,1087.85,665.50,0.7315,1050.91,690.56,0.8754,1102.36,698.48,0.8820,1029.80,729.48,0.8322,1116.87,740.69,0.8245,1016.61,760.48,0.7756,1132.04,761.14,0.8467,1049.59,762.46,0.7603,1079.27,765.10,0.7531,1010.01,804.02,0.8689,1126.10,790.82,0.8707,982.97,853.49,0.9103,1141.27,850.85,0.9197
282,top,1,991.02,356.83,1131.35,541.67,1082.66,373.42,0.8987,1085.85,369.76,0.8793,1078.09,369.76,0.8331,1089.51,373.87,0.7549,1069.41,372.96,0.8835,1096.82,402.19,0.7922,1052.96,392.14,0.7037,1105.50,427.32,0.7141,1031.95,408.59,0.7516,1118.29,454.27,0.6552,1015.96,429.60,0.7746,1076.26,445.14,0.6646,1049.31,442.85,0.6452,1094.53,483.96,0.7526,1036.52,484.88,0.7437,1107.32,519.14,0.8169,1006.82,521.42,0.8048
282,bottom,0,964.84,640.35,1170.52,870.43,1080.40,660.99,0.8949,1079.73,657.64,0.6143,1081.07,658.31,0.5495,1069.02,663.67,0.8206,1088.44,665.01,0.7494,1052.28,690.45,0.8665,1103.17,697.81,0.8796,1031.53,728.61,0.8335,1117.23,738.65,0.8130,1015.46,757.40,0.8030,1129.28,759.41,0.8546,1052.28,762.76,0.7510,1081.07,764.77,0.7453,1010.77,800.92,0.8782,1127.94,792.89,0.8750,982.65,852.48,0.8979,1144.01,851.81,0.9131
283,top,1,991.46,353.31,1122.37,540.83,1081.64,371.53,0.9465,1084.84,367.87,0.8858,1077.06,367.41,0.8863,1088.96,371.99,0.8053,1068.82,371.08,0.9264,1096.74,400.38,0.8068,1051.88,388.93,0.7152,1102.24,426.93,0.6773,1034.03,405.41,0.6814,1110.48,457.14,0.6288,1021.21,425.10,0.6830,1075.69,441.12,0.6787,1047.30,438.83,0.6528,1093.54,480.95,0.7600,1033.57,480.95,0.7549,1106.82,517.11,0.8335,1007.47,520.32,0.8229
283,bottom,0,966.04,636.20,1170.30,869.76,1082.80,656.56,0.9040,1081.47,653.24,0.6128,1084.79,653.90,0.5538,1072.16,659.22,0.8163,1090.78,660.55,0.7552,1055.54,687.81,0.8701,1107.40,693.13,0.8900,1034.92,723.05,0.8106,1119.37,733.69,0.8025,1017.63,748.99,0.7909,1128.68,757.63,0.8174,1057.53,759.63,0.7622,1086.79,761.62,0.7633,1016.30,802.85,0.8561,1134.00,791.54,0.9167,984.39,852.05,0.8939,1145.30,851.39,0.9118
284,top,0,992.88,352.26,1119.16,540.68,1080.40,371.03,0.9815,1084.08,367.81,0.9249,1076.26,367.35,0.9358,1088.22,371.95,0.8495,1067.98,370.57,0.9597,1095.58,399.09,0.8283,1050.96,387.59,0.7406,1097.88,427.15,0.7224,1033.94,406.91,0.7228,1102.02,459.35,0.6956,1024.28,434.05,0.5984,1074.88,439.57,0.6978,1046.36,437.73,0.6705,1093.28,478.67,0.7758,1030.26,480.05,0.7830,1104.32,515.93,0.8159,1007.72,519.61,0.8398
284,bottom,1,965.06,628.48,1169.93,868.44,1086.17,649.09,0.9155,1083.50,645.75,0.6140,1088.17,645.75,0.5920,1076.17,652.42,0.8226,1094.17,653.09,0.7459,1060.16,679.77,0.8618,1110.18,685.77,0.8779,1040.82,714.45,0.7942,1122.18,725.12,0.8072,1020.14,739.79,0.8227,1128.85,749.79,0.7450,1064.83,753.79,0.7617,1093.51,754.46,0.7861,1028.81,801.15,0.8264,1138.19,789.81,0.9221,990.13,848.50,0.8492,1144.86,850.50,0.9212
285,top,0,993.00,354.96,1114.28,540.62,1078.57,371.64,0.9713,1082.65,368.47,0.9157,1074.94,368.01,0.9440,1086.73,373.00,0.8524,1066.78,371.19,0.9565,1093.53,398.84,0.8167,1049.56,387.96,0.7391,1093.98,428.75,0.7293,1034.15,408.81,0.7254,1095.34,459.57,0.6951,1029.62,435.55,0.6315,1074.04,439.63,0.7023,1045.48,437.82,0.6611,1094.89,477.70,0.7775,1029.16,479.97,0.7858,1099.42,515.78,0.8038,1006.95,519.41,0.8223
285,bottom,1,1005.94,619.84,1170.02,865.17,1089.78,641.28,0.8410,1092.17,637.69,0.5661,1087.38,637.69,0.5349,1079.60,644.27,0.7341,1098.16,644.27,0.7410,1063.42,671.83,0.8073,1114.93,677.22,0.8184,1045.46,706.57,0.7723,1125.72,716.15,0.7393,1024.49,728.73,0.7981,1131.11,740.11,0.6506,1071.81,747.30,0.6718,1102.36,747.30,0.6759,1038.87,793.41,0.7756,1141.89,788.02,0.8342,1008.32,840.73,0.7155,1145.48,845.52,0.8410
286,top,1,992.70,357.54,1114.23,540.05,1076.19,374.38,0.9657,1079.75,371.70,0.9461,1072.62,371.26,0.9727,1084.21,376.16,0.8549,1065.49,374.38,0.9638,1091.78,400.67,0.8361,1048.56,389.97,0.7571,1090.00,429.63,0.6966,1035.20,410.02,0.7304,1091.78,462.60,0.6615,1033.86,435.42,0.6224,1073.52,441.66,0.6933,1045.00,439.43,0.6730,1092.68,479.54,0.7720,1028.07,480.43,0.7828,1098.47,517.41,0.7980,1006.23,520.08,0.8454
286,bottom,0,1005.54,612.82,1171.05,863.28,1093.19,634.10,0.9144,1095.63,631.04,0.6414,1091.35,631.04,0.5585,1082.18,637.15,0.7833,1101.75,637.77,0.7520,1066.28,666.51,0.8020,1118.87,670.79,0.8457,1048.55,699.53,0.7710,1129.26,709.31,0.7210,1027.14,723.37,0.8016,1132.32,731.32,0.6215,1077.90,739.27,0.6784,1109.70,739.27,0.7128,1043.66,786.97,0.7861,1140.27,784.52,0.8084,1032.65,835.28,0.7524,1148.22,834.05,0.8246
287,top,1,992.49,361.15,1113.01,538.95,1073.59,377.12,0.9731,1076.63,374.52,0.9483,1069.68,373.65,0.9662,1080.53,378.86,0.8477,1062.73,377.12,0.9775,1089.21,402.30,0.8318,1046.24,392.32,0.7620,1087.48,430.08,0.6514,1035.39,412.72,0.7011,1087.91,462.64,0.6300,1035.82,436.59,0.6160,1072.28,443.11,0.6836,1044.94,441.37,0.6647,1090.52,480.44,0.7600,1027.57,481.31,0.7789,1098.33,517.77,0.8028,1007.17,520.81,0.8582
287,bottom,0,1015.14,608.70,1171.56,861.45,1096.44,630.18,0.8179,1098.90,626.47,0.5569,1095.82,626.47,0.4959,1085.33,633.26,0.7104,1105.69,633.88,0.7054,1069.90,662.88,0.7723,1122.35,666.58,0.8177,1051.39,695.58,0.7621,1133.46,706.69,0.6943,1030.41,719.65,0.7984,1135.31,723.35,0.5821,1084.09,733.84,0.6548,1114.95,733.84,0.6992,1050.77,778.89,0.7823,1138.40,781.36,0.7787,1064.97,825.78,0.7152,1151.35,820.85,0.7672
288,top,1,991.71,363.16,1113.10,539.03,1068.72,378.96,0.9181,1072.16,375.96,0.9119,1065.29,375.53,0.9059,1076.02,379.82,0.8363,1057.99,378.53,0.9205,1085.47,403.87,0.8087,1041.67,394.42,0.7582,1084.61,433.49,0.6268,1033.94,415.89,0.6493,1085.90,464.84,0.6819,1032.66,439.93,0.5636,1070.44,442.51,0.6644,1042.96,440.79,0.6543,1088.90,480.72,0.7450,1025.79,482.01,0.7580,1099.21,517.65,0.7689,1009.04,522.37,0.8469
288,bottom,0,1018.09,606.29,1171.02,855.27,1100.03,628.05,0.8392,1101.85,624.40,0.5627,1101.25,623.80,0.4936,1089.09,630.48,0.7415,1109.15,631.09,0.7302,1073.89,661.48,0.7672,1125.56,663.31,0.8259,1053.22,694.31,0.7625,1136.50,705.25,0.7046,1032.56,718.02,0.8091,1137.72,715.59,0.5180,1091.52,733.82,0.6753,1119.48,732.00,0.7153,1059.30,780.63,0.7678,1139.54,775.16,0.7581,1087.87,823.18,0.6515,1151.09,813.45,0.7731
289,top,1,991.06,363.44,1119.37,539.41,1063.38,378.82,0.9391,1066.82,375.81,0.9554,1059.51,375.38,0.8960,1071.11,379.25,0.8839,1052.64,377.96,0.8985,1080.56,403.73,0.8008,1036.74,394.71,0.7566,1082.28,432.09,0.6391,1029.01,415.76,0.6770,1085.29,463.02,0.6725,1028.15,439.82,0.6419,1068.10,444.12,0.6751,1039.75,442.40,0.6700,1087.01,481.50,0.7532,1022.13,481.50,0.7600,1098.61,517.15,0.8074,1007.96,521.45,0.8498
289,bottom,0,1021.32,605.45,1172.12,856.93,1104.70,627.43,0.8310,1105.32,624.36,0.5715,1105.32,623.74,0.4816,1093.04,629.88,0.7321,1113.91,630.50,0.7315,1077.69,660.58,0.7703,1129.26,661.81,0.8169,1057.43,691.89,0.7311,1141.54,702.33,0.7575,1035.33,715.84,0.7812,1139.70,707.24,0.4696,1097.34,733.64,0.6787,1126.19,729.35,0.6916,1070.94,785.83,0.7762,1142.77,766.18,0.7245,1099.79,829.42,0.7562,1151.37,808.55,0.7876
290,top,1,990.38,362.32,1115.40,539.54,1057.65,378.24,0.9149,1061.11,375.21,0.9291,1054.18,374.78,0.8940,1065.43,378.67,0.8824,1046.40,377.38,0.8512,1074.95,402.47,0.7807,1031.25,393.38,0.7654,1079.28,430.16,0.6382,1023.90,413.72,0.6863,1084.04,463.48,0.6412,1023.47,439.25,0.6355,1065.87,445.74,0.6683,1036.01,443.14,0.6713,1084.47,484.25,0.7574,1016.54,480.78,0.7521,1097.88,516.70,0.8072,1006.16,521.89,0.8598
290,bottom,0,1025.94,605.84,1174.07,856.17,1111.00,626.50,0.8204,1111.00,623.44,0.5768,1111.61,622.83,0.4961,1098.78,628.94,0.6969,1118.95,630.17,0.7138,1082.89,658.28,0.7801,1133.01,660.72,0.8108,1061.50,689.45,0.7424,1145.84,699.84,0.8205,1039.50,712.67,0.7964,1140.34,694.95,0.4676,1103.67,734.06,0.6675,1131.78,729.17,0.6909,1079.22,787.23,0.7485,1145.84,757.90,0.7145,1103.06,831.24,0.7564,1156.23,803.73,0.7598
291,top,1,990.47,360.56,1114.20,539.58,1051.46,377.95,0.9088,1054.96,374.89,0.8892,1047.53,374.02,0.8586,1059.33,377.95,0.8367,1040.53,376.64,0.8569,1069.82,400.68,0.7766,1025.24,392.38,0.7978,1076.37,428.65,0.6799,1017.81,412.92,0.6902,1084.24,458.37,0.6741,1018.24,438.27,0.6057,1061.08,445.70,0.6761,1030.92,443.08,0.6933,1081.62,485.47,0.7570,1011.69,480.66,0.7782,1096.91,516.07,0.8041,1005.13,522.19,0.8466
291,bottom,0,1029.05,603.06,1181.31,855.60,1117.51,624.51,0.7918,1117.51,620.82,0.5843,1119.98,620.82,0.5119,1105.80,626.98,0.6905,1124.30,627.60,0.7279,1089.15,656.58,0.7918,1138.48,658.42,0.8284,1066.96,685.55,0.7477,1150.19,692.33,0.8422,1043.53,708.98,0.7988,1137.24,686.17,0.4276,1109.50,730.56,0.6995,1136.63,725.63,0.7139,1084.84,785.43,0.7622,1153.89,747.82,0.7406,1106.42,832.29,0.7877,1165.60,798.38,0.7809
292,top,1,989.49,361.63,1112.05,539.91,1045.98,376.78,0.8863,1049.46,373.73,0.8905,1042.50,373.29,0.8576,1053.81,376.78,0.8071,1034.66,375.47,0.8624,1064.26,398.54,0.7417,1019.43,392.01,0.8021,1072.96,424.65,0.7064,1012.03,415.51,0.6980,1082.54,451.20,0.7012,1012.46,440.32,0.6780,1055.99,445.55,0.6867,1026.83,442.93,0.7053,1073.84,483.85,0.7263,1008.55,481.24,0.7825,1094.29,515.62,0.7701,1005.06,522.59,0.8480
292,bottom,0,1031.91,600.09,1189.60,853.52,1124.99,621.00,0.8191,1124.99,617.29,0.5884,1126.22,617.29,0.5446,1113.85,622.86,0.6938,1131.79,623.48,0.7212,1095.29,652.56,0.8136,1144.79,654.41,0.8376,1073.01,682.87,0.7670,1155.92,684.73,0.8230,1047.64,705.77,0.8164,1136.74,679.78,0.4117,1115.71,726.19,0.7183,1142.93,721.85,0.7363,1090.34,782.49,0.7694,1159.02,739.80,0.7039,1106.42,831.37,0.8026,1174.49,787.44,0.7760
293,top,1,989.95,361.08,1100.84,539.92,1041.03,376.71,0.8740,1044.52,373.65,0.8552,1037.54,373.22,0.8379,1048.89,376.71,0.8153,1030.55,375.40,0.8594,1059.80,397.23,0.7489,1015.27,391.12,0.8018,1070.28,421.24,0.7209,1006.54,413.82,0.7271,1080.76,446.57,0.7364,1004.79,439.15,0.7180,1052.38,443.95,0.6758,1023.13,442.20,0.6921,1066.79,483.68,0.7428,1009.16,481.94,0.7617,1088.62,517.30,0.7740,1004.79,522.54,0.8575
293,bottom,0,1036.05,595.79,1190.63,854.76,1132.94,617.79,0.8146,1131.68,614.00,0.5631,1136.10,613.37,0.6335,1121.56,619.69,0.7393,1139.27,620.32,0.7692,1103.23,648.77,0.8351,1152.54,651.94,0.8561,1078.57,680.39,0.7617,1161.39,679.75,0.7210,1050.12,703.78,0.7969,1139.27,677.86,0.3356,1122.20,723.38,0.7344,1148.75,719.59,0.7599,1096.90,777.75,0.7772,1164.56,738.55,0.7281,1107.02,828.97,0.8007,1181.63,778.39,0.7650
294,top,1,990.23,360.76,1088.01,540.66,1037.80,376.04,0.8352,1041.32,372.97,0.8256,1034.29,372.53,0.8067,1044.83,376.04,0.7848,1026.38,374.72,0.8186,1056.25,396.24,0.7375,1011.45,390.53,0.7877,1066.79,419.08,0.7227,1002.22,411.62,0.7444,1077.77,444.12,0.7559,999.59,436.65,0.7341,1049.22,440.61,0.6626,1021.11,439.73,0.6668,1059.32,481.02,0.7409,1009.25,481.89,0.7589,1076.89,513.08,0.7552,1004.86,521.86,0.8493
294,bottom,0,1040.12,594.50,1196.77,853.05,1140.54,615.21,0.8065,1138.64,612.05,0.5485,1143.69,611.42,0.6357,1129.17,617.10,0.7418,1148.11,617.73,0.7777,1110.87,645.51,0.8184,1159.47,649.29,0.8504,1085.62,678.33,0.7417,1167.05,675.80,0.6508,1055.95,699.16,0.7619,1134.86,674.54,0.2862,1127.91,720.62,0.7251,1155.05,716.83,0.7473,1103.29,772.38,0.7870,1168.94,739.56,0.6706,1107.71,824.77,0.8246,1184.09,767.33,0.7005
295,top,1,989.31,361.35,1082.26,542.13,1034.46,375.83,0.8332,1037.55,372.74,0.8298,1030.49,372.74,0.8253,1041.52,375.83,0.7853,1022.99,374.51,0.8233,1053.44,395.69,0.7344,1008.42,390.84,0.7715,1064.03,417.32,0.7283,998.71,411.14,0.7530,1074.62,441.15,0.7607,995.18,436.74,0.7472,1046.82,439.38,0.6446,1019.01,439.38,0.6425,1054.32,480.87,0.7274,1007.98,481.75,0.7365,1068.00,517.50,0.7420,1004.45,521.47,0.8136
295,bottom,0,1041.66,593.48,1201.69,850.73,1149.94,614.70,0.7998,1149.94,610.94,0.5294,1151.82,610.94,0.6643,1137.37,616.59,0.7294,1156.84,616.59,0.7958,1119.16,644.22,0.8167,1166.27,647.99,0.8512,1093.41,676.88,0.7198,1172.55,671.23,0.6661,1060.12,696.35,0.7640,1143.03,669.35,0.3417,1133.61,719.59,0.7396,1160.61,717.08,0.7515,1111.00,769.21,0.7843,1175.06,743.46,0.7153,1110.37,820.08,0.8265,1187.62,767.32,0.6995
296,top,1,984.55,362.25,1079.85,545.01,1030.42,377.78,0.8167,1033.99,374.65,0.8182,1026.85,374.21,0.8098,1038.00,377.78,0.7967,1019.26,376.44,0.8361,1050.49,396.07,0.7293,1005.87,391.61,0.7775,1061.20,417.04,0.7332,995.17,413.92,0.7498,1071.47,440.25,0.7435,990.26,438.46,0.7180,1045.14,439.35,0.6404,1017.92,439.80,0.6503,1049.60,481.30,0.6908,1004.98,481.74,0.7448,1058.53,523.24,0.7554,1002.75,519.67,0.8005
296,bottom,0,1046.43,595.66,1204.21,844.13,1158.08,616.77,0.7674,1158.69,612.52,0.5462,1160.51,612.52,0.6457,1145.95,617.38,0.7366,1165.36,619.20,0.8217,1128.36,644.68,0.8293,1173.25,650.74,0.8368,1102.27,676.22,0.7016,1178.10,664.69,0.6379,1066.48,693.81,0.7913,1147.77,662.27,0.3364,1141.70,719.90,0.7440,1167.79,718.68,0.7475,1116.83,769.64,0.7986,1178.71,744.16,0.6707,1115.01,818.77,0.8211,1189.62,767.21,0.7211
297,top,1,982.36,365.16,1077.43,550.91,1026.72,380.94,0.7991,1029.90,378.22,0.7960,1023.09,377.77,0.7891,1034.43,381.85,0.7938,1016.29,380.04,0.8340,1048.03,399.54,0.7283,1003.14,394.55,0.7857,1058.01,418.58,0.7158,991.80,418.58,0.7442,1067.54,440.80,0.7489,985.45,443.98,0.6882,1043.50,439.90,0.6403,1017.20,440.35,0.6547,1045.77,481.62,0.6870,1001.78,481.16,0.7488,1050.76,528.33,0.7446,1003.59,516.99,0.7960
297,bottom,0,1050.87,600.04,1202.13,842.88,1164.44,618.89,0.7675,1164.44,614.74,0.5780,1165.63,614.74,0.5992,1153.18,619.48,0.7648,1172.74,622.45,0.7853,1135.99,646.16,0.8039,1179.27,652.09,0.8193,1111.09,675.80,0.7031,1182.23,660.98,0.5382,1073.14,691.81,0.7551,1150.21,660.39,0.3111,1147.84,720.86,0.7357,1172.15,718.49,0.7490,1122.35,771.85,0.7647,1185.19,738.06,0.6586,1122.35,817.50,0.7834,1192.90,768.89,0.7547
298,top,1,978.16,368.78,1070.67,555.93,1023.50,386.96,0.8009,1026.70,383.76,0.7987,1019.39,382.85,0.7866,1030.81,386.96,0.7968,1012.54,385.13,0.8190,1044.98,405.24,0.7283,1000.20,399.75,0.7776,1055.94,423.97,0.7053,988.78,425.34,0.7302,1065.08,444.53,0.7227,981.93,452.76,0.7260,1041.78,444.08,0.6366,1016.19,444.08,0.6434,1041.32,485.65,0.7082,998.83,482.46,0.7509,1043.61,531.80,0.7604,1002.03,516.27,0.7707
298,bottom,0,1056.99,602.98,1201.96,838.49,1170.30,620.12,0.7843,1170.87,616.67,0.5772,1172.02,616.67,0.5519,1159.95,620.69,0.8056,1178.35,625.29,0.7470,1140.40,645.42,0.8245,1183.52,652.32,0.8310,1116.83,675.31,0.7064,1183.52,660.94,0.5523,1079.45,691.99,0.7480,1176.05,658.07,0.2883,1150.75,720.74,0.7236,1175.47,716.71,0.7403,1127.75,772.48,0.7792,1185.82,729.93,0.6380,1129.48,815.60,0.8000,1192.72,767.31,0.7686
299,top,1,976.13,378.90,1069.82,552.76,1019.58,394.52,0.8046,1022.97,391.55,0.7944,1015.76,391.12,0.7742,1026.79,394.09,0.7654,1008.97,392.82,0.7994,1042.08,413.20,0.7234,997.93,407.25,0.7832,1054.38,434.42,0.6995,986.05,432.72,0.7404,1064.15,453.09,0.6636,979.68,459.46,0.7151,1040.38,449.27,0.6334,1015.33,448.85,0.6337,1037.83,490.02,0.6903,996.23,484.93,0.7441,1035.71,534.59,0.7393,999.63,517.61,0.7603
299,bottom,0,1066.80,601.26,1202.23,834.47,1174.37,619.37,0.8010,1175.51,615.95,0.5705,1174.37,615.95,0.5713,1163.55,619.37,0.7710,1181.20,623.35,0.6882,1143.62,643.28,0.8080,1185.76,651.25,0.8090,1121.42,672.32,0.7004,1190.88,661.50,0.6494,1086.12,691.68,0.7562,1180.63,658.08,0.3881,1153.30,715.59,0.7164,1177.22,713.88,0.7224,1130.53,769.11,0.7452,1186.90,727.55,0.6061,1135.65,811.81,0.7884,1192.02,766.83,0.7449
300,top,1,973.28,387.31,1071.51,561.09,1016.88,403.77,0.7780,1019.85,400.38,0.7962,1013.06,399.95,0.7443,1023.24,402.92,0.7525,1006.27,401.65,0.7840,1038.09,421.59,0.6855,995.66,414.80,0.7814,1054.21,444.08,0.6935,982.93,438.56,0.7234,1064.39,463.59,0.6912,976.14,463.17,0.6959,1038.94,456.38,0.6425,1014.33,455.11,0.6449,1033.85,494.57,0.6987,994.39,488.63,0.6952,1027.91,538.27,0.7517,998.63,518.75,0.7766
300,bottom,0,1073.84,595.72,1204.40,832.81,1175.59,614.70,0.8529,1177.32,611.81,0.5659,1175.01,611.81,0.6594,1164.01,615.28,0.7565,1181.95,618.76,0.7533,1144.91,639.01,0.8193,1187.16,647.70,0.8457,1124.07,668.53,0.7128,1192.95,668.53,0.6332,1091.08,691.11,0.7604,1177.90,665.06,0.3802,1154.17,710.21,0.7223,1177.90,708.47,0.7155,1131.02,765.78,0.7495,1186.01,725.84,0.6428,1138.54,807.45,0.7735,1192.37,766.36,0.7474
301,top,1,970.57,396.82,1074.91,564.01,1015.39,411.84,0.7649,1018.25,408.98,0.7843,1011.72,408.17,0.7403,1021.51,411.43,0.7651,1004.78,409.80,0.7763,1034.57,428.17,0.6867,993.76,422.45,0.7816,1053.35,449.80,0.7063,979.88,443.68,0.7238,1068.86,474.70,0.7036,972.94,462.46,0.6868,1037.84,463.68,0.6318,1013.76,461.23,0.6190,1029.27,499.19,0.7014,993.35,493.07,0.6545,1021.92,541.64,0.7294,998.65,520.42,0.7813
301,bottom,0,1077.95,589.32,1208.54,829.99,1173.80,608.59,0.8766,1177.91,605.65,0.5549,1173.80,605.65,0.6409,1162.64,609.18,0.7034,1182.03,611.53,0.7758,1143.83,632.68,0.8227,1187.90,643.26,0.8433,1124.44,664.41,0.7180,1194.95,678.51,0.7788,1096.24,689.09,0.7807,1194.37,677.92,0.5306,1152.65,703.78,0.6871,1176.74,702.60,0.6965,1128.56,760.77,0.7545,1186.14,725.52,0.6280,1139.72,803.08,0.7593,1192.60,766.65,0.7187
302,top,1,968.83,400.83,1080.31,565.75,1016.11,417.25,0.7627,1018.93,413.63,0.7813,1012.09,413.23,0.7582,1022.56,416.05,0.7586,1005.64,415.24,0.7835,1035.04,432.96,0.6749,995.58,426.11,0.7634,1055.57,455.91,0.7051,979.07,445.04,0.6774,1073.29,482.08,0.7090,973.43,456.71,0.7029,1037.05,469.60,0.6375,1013.30,467.99,0.6408,1025.78,502.62,0.7200,993.16,499.40,0.7035,1016.52,544.09,0.7294,998.40,521.14,0.7713
302,bottom,0,1083.21,582.20,1208.81,831.93,1171.01,600.98,0.8585,1171.01,598.54,0.5517,1170.40,598.54,0.6360,1159.43,602.80,0.6894,1177.11,604.02,0.7354,1141.74,625.97,0.8156,1186.25,636.95,0.7941,1124.67,659.51,0.7065,1193.57,673.53,0.7752,1099.68,688.77,0.7583,1197.84,692.43,0.7087,1150.28,696.70,0.6493,1176.50,696.09,0.6781,1125.89,753.40,0.7365,1183.81,725.96,0.6873,1138.70,800.96,0.7664,1193.57,767.42,0.7439
303,top,1,968.96,401.02,1087.87,568.22,1018.62,417.27,0.7773,1021.88,413.59,0.7882,1014.94,413.59,0.8061,1025.56,416.86,0.7911,1008.41,415.63,0.7862,1036.17,434.41,0.6651,999.02,426.66,0.7492,1056.58,456.46,0.6832,982.69,440.94,0.6551,1075.36,480.54,0.6843,975.76,450.74,0.7174,1037.39,472.78,0.5977,1014.13,470.74,0.6266,1024.74,502.99,0.6927,999.84,498.50,0.6083,1013.72,547.49,0.7053,998.61,520.54,0.7045
303,bottom,0,1088.34,574.46,1208.19,832.98,1167.20,593.90,0.8565,1167.20,591.37,0.5844,1167.83,591.37,0.6055,1156.47,595.79,0.7341,1173.51,597.05,0.7195,1138.80,620.41,0.8123,1184.24,630.50,0.7908,1124.28,655.75,0.7125,1192.45,669.64,0.7663,1102.82,685.42,0.7681,1196.87,698.04,0.6911,1147.00,689.83,0.6308,1174.14,689.83,0.6553,1123.02,749.16,0.7550,1181.09,726.44,0.7047,1135.01,799.02,0.7826,1193.71,766.20,0.7156
304,top,1,974.45,400.48,1089.87,567.79,1023.17,416.33,0.8302,1026.03,412.65,0.8264,1019.50,412.65,0.8351,1030.12,415.92,0.8059,1012.55,414.69,0.8039,1039.92,434.71,0.6772,1003.16,426.54,0.7510,1060.75,457.17,0.6954,990.09,436.75,0.6183,1080.36,481.68,0.7091,980.69,446.14,0.7382,1039.10,476.37,0.6206,1017.45,474.74,0.6611,1022.35,507.01,0.7083,1005.61,503.33,0.5874,1011.73,550.71,0.7594,999.89,519.26,0.6864
304,bottom,0,1089.74,569.28,1206.16,832.69,1164.03,589.09,0.8469,1164.03,585.88,0.6043,1165.31,585.88,0.5723,1153.09,590.38,0.7446,1171.10,592.31,0.7159,1136.37,615.46,0.8234,1180.75,627.03,0.7985,1124.15,652.11,0.7301,1189.11,669.48,0.7543,1104.86,682.98,0.7747,1194.89,702.28,0.7007,1144.09,686.84,0.6224,1170.46,686.84,0.6450,1119.01,744.08,0.7622,1178.82,727.36,0.7046,1130.59,796.17,0.7834,1192.97,765.30,0.7145
305,top,1,981.55,398.40,1095.32,568.85,1028.45,414.13,0.8203,1031.78,410.38,0.8168,1024.70,410.38,0.8467,1035.52,413.71,0.7970,1017.63,412.88,0.8031,1045.51,433.27,0.6809,1008.89,424.95,0.7482,1067.15,456.16,0.7146,992.66,438.68,0.5985,1086.71,482.79,0.7260,989.33,442.84,0.6465,1041.77,478.21,0.6120,1020.96,475.30,0.6570,1020.13,507.35,0.7260,1008.89,505.68,0.5961,1010.97,550.63,0.7295,1008.06,523.99,0.6554
305,bottom,0,1090.35,566.80,1201.88,831.75,1160.35,587.37,0.7935,1160.99,584.13,0.5910,1162.29,584.78,0.5251,1149.35,589.31,0.7289,1167.46,590.60,0.6787,1132.53,614.54,0.8047,1178.46,624.24,0.7908,1123.48,651.41,0.7096,1186.87,668.22,0.7373,1105.36,683.75,0.7684,1193.33,704.45,0.7079,1142.23,686.34,0.5961,1169.40,685.69,0.6362,1115.07,742.61,0.7533,1178.46,724.50,0.7116,1126.71,795.01,0.7668,1192.04,765.90,0.7275
306,top,1,990.23,393.51,1093.33,567.13,1035.00,410.38,0.7952,1037.96,406.99,0.7944,1031.18,406.57,0.7618,1041.78,409.96,0.7870,1023.98,408.69,0.7829,1051.53,430.30,0.6845,1014.23,423.10,0.7373,1073.57,454.46,0.7191,999.39,438.78,0.6418,1091.79,482.44,0.7264,996.00,444.71,0.6582,1046.86,479.47,0.6025,1025.25,475.23,0.6501,1018.47,510.41,0.7428,1009.56,504.90,0.7197,1009.99,551.10,0.7469,1024.40,526.52,0.6359
306,bottom,0,1092.26,567.36,1201.00,829.18,1156.22,587.69,0.8126,1158.14,584.49,0.5979,1156.86,584.49,0.5248,1145.35,588.97,0.7278,1163.89,590.89,0.6994,1128.73,615.18,0.7977,1174.76,624.12,0.7927,1120.42,654.17,0.7291,1183.70,669.51,0.7416,1104.44,686.13,0.7762,1190.74,707.22,0.7131,1139.60,686.77,0.5975,1168.36,686.13,0.6251,1112.11,743.02,0.7624,1177.31,721.92,0.6899,1119.14,795.43,0.8055,1190.74,770.50,0.7565
307,top,1,998.34,389.74,1097.44,566.84,1041.83,406.08,0.7969,1044.86,403.06,0.8028,1037.94,402.62,0.7742,1048.75,406.08,0.7803,1031.03,405.22,0.7958,1059.13,426.84,0.6824,1020.65,421.22,0.7470,1079.45,452.78,0.7094,1007.24,440.24,0.6302,1095.88,481.32,0.6978,1005.08,443.27,0.5639,1051.35,479.59,0.5917,1031.03,475.26,0.6314,1022.81,511.58,0.7236,1014.16,508.56,0.6958,1011.57,550.50,0.7618,1037.08,530.18,0.6303
307,bottom,0,1089.00,569.84,1200.40,830.18,1151.69,589.42,0.8279,1154.23,586.24,0.6013,1151.69,586.24,0.5486,1140.89,591.32,0.7248,1158.68,592.59,0.7094,1125.63,618.65,0.8053,1171.39,625.01,0.8007,1118.00,657.42,0.7378,1181.56,670.77,0.7520,1102.12,690.48,0.7828,1189.19,708.27,0.7058,1138.34,689.84,0.6044,1166.95,687.93,0.6352,1110.38,743.86,0.7791,1174.57,724.16,0.6953,1111.65,797.89,0.8146,1190.46,771.83,0.7531
308,top,1,999.18,385.59,1101.79,568.88,1049.59,402.05,0.7836,1053.17,398.47,0.7623,1046.01,398.03,0.7430,1057.20,402.05,0.7371,1038.40,400.71,0.7787,1068.38,423.98,0.6843,1026.32,419.95,0.7241,1084.05,450.83,0.7275,1014.69,441.43,0.6512,1097.92,480.81,0.7184,1014.69,447.70,0.5551,1057.20,480.36,0.5900,1037.06,475.89,0.6217,1029.45,514.82,0.6969,1021.85,513.48,0.7029,1013.79,549.28,0.6937,1051.83,535.85,0.6228
308,bottom,0,1075.88,572.78,1199.81,827.48,1147.18,592.55,0.8551,1148.42,589.44,0.6303,1145.93,589.44,0.5352,1136.60,595.04,0.7155,1153.39,596.28,0.6811,1121.68,622.40,0.8085,1167.70,627.37,0.7929,1115.46,661.57,0.7275,1178.89,671.52,0.7648,1099.92,695.15,0.7677,1185.73,710.08,0.7327,1137.85,693.29,0.6050,1165.21,690.80,0.6558,1109.24,748.01,0.7709,1172.05,728.73,0.7284,1103.65,800.86,0.8321,1190.08,775.99,0.7754
309,top,1,1002.02,384.71,1108.82,570.65,1056.78,400.96,0.7420,1060.41,397.33,0.6914,1053.15,396.88,0.7049,1064.50,400.06,0.7298,1045.89,398.69,0.7492,1076.30,423.21,0.6832,1033.18,419.12,0.7153,1089.47,451.81,0.7124,1023.19,444.09,0.6539,1101.27,481.31,0.6909,1025.46,454.53,0.5339,1064.50,479.04,0.5767,1043.16,474.96,0.5957,1036.81,517.17,0.6654,1030.00,517.63,0.6828,1020.92,550.31,0.5800,1064.50,543.50,0.6124
309,bottom,0,1065.00,577.28,1201.46,834.38,1140.76,595.99,0.8633,1142.02,592.85,0.6253,1140.13,592.85,0.5619,1130.72,598.50,0.7327,1147.67,599.75,0.7225,1117.54,626.12,0.8141,1162.73,629.88,0.7993,1111.89,665.03,0.7231,1175.28,673.19,0.7754,1096.82,698.93,0.7712,1182.19,712.11,0.7187,1135.74,698.30,0.6001,1162.73,695.79,0.6546,1104.36,752.91,0.7585,1170.89,732.20,0.7161,1098.08,807.52,0.8384,1189.72,778.02,0.7723
310,top,1,1016.27,384.38,1113.27,573.83,1066.16,401.86,0.8088,1069.86,397.70,0.7377,1062.46,397.70,0.7387,1073.56,401.40,0.7749,1054.59,399.55,0.8053,1083.73,424.06,0.7342,1040.72,419.44,0.7608,1094.83,453.20,0.7340,1029.62,444.88,0.6863,1104.55,482.34,0.6898,1031.00,454.59,0.5933,1070.78,480.49,0.6300,1050.89,477.25,0.6525,1045.34,518.88,0.7265,1040.26,522.12,0.6950,1033.78,551.72,0.5844,1074.02,550.33,0.6023
310,bottom,0,1064.56,578.89,1200.65,835.47,1133.23,598.18,0.8549,1135.74,595.05,0.5703,1131.98,594.42,0.5754,1123.83,600.68,0.6998,1141.37,601.31,0.7671,1111.93,628.87,0.8098,1156.41,631.38,0.7936,1106.92,668.34,0.7628,1170.82,674.60,0.7844,1091.26,702.79,0.7781,1177.08,710.93,0.7051,1131.35,700.91,0.6089,1157.66,697.78,0.6511,1096.27,754.78,0.7911,1167.06,732.86,0.7154,1100.03,811.79,0.8365,1189.61,777.96,0.7812
311,top,1,1028.43,386.26,1118.40,581.76,1074.37,404.78,0.8205,1078.19,400.96,0.7513,1070.55,400.49,0.7444,1082.00,404.30,0.7950,1062.91,402.87,0.8010,1091.07,427.69,0.7355,1048.59,421.96,0.7536,1101.57,459.19,0.7344,1034.28,447.26,0.7111,1110.64,487.83,0.6811,1038.09,457.76,0.6139,1076.28,484.49,0.6357,1055.75,482.58,0.6718,1051.46,523.15,0.7156,1051.94,529.35,0.6461,1048.59,557.99,0.5595,1082.00,559.90,0.5681
311,bottom,0,1063.73,580.21,1201.87,833.00,1125.39,598.60,0.8511,1126.63,595.52,0.5519,1124.78,594.90,0.5945,1116.14,600.45,0.6531,1134.65,600.45,0.7627,1103.79,629.46,0.8541,1147.61,630.69,0.8329,1099.47,668.96,0.7949,1164.89,673.90,0.8064,1084.04,705.37,0.7925,1171.68,710.31,0.7152,1124.16,704.14,0.6544,1149.46,701.67,0.6693,1087.75,756.60,0.8273,1161.81,735.61,0.6952,1101.33,813.37,0.8413,1189.58,779.43,0.7999
312,top,1,1030.22,393.71,1125.21,586.21,1083.35,410.06,0.7812,1086.17,406.77,0.7360,1079.59,405.83,0.6672,1089.46,410.53,0.7542,1070.66,407.71,0.7317,1096.51,432.15,0.7864,1056.56,425.10,0.7796,1107.32,461.76,0.7801,1040.58,443.90,0.6790,1116.72,489.96,0.7113,1036.82,450.01,0.6430,1083.35,483.85,0.6551,1062.20,482.44,0.7074,1065.02,528.97,0.6992,1057.03,535.08,0.6792,1063.14,567.03,0.6273,1091.34,567.03,0.6171
312,bottom,0,1064.93,578.94,1198.26,834.25,1116.01,596.89,0.7926,1115.39,594.39,0.5274,1116.63,593.77,0.5494,1107.28,599.38,0.6581,1124.74,600.00,0.7237,1095.44,629.30,0.8638,1139.07,631.17,0.8198,1089.83,669.82,0.7795,1156.53,672.31,0.7937,1076.74,705.35,0.8033,1164.63,705.97,0.7454,1116.01,705.35,0.6659,1140.32,702.85,0.6722,1080.48,757.08,0.8052,1154.03,739.63,0.6635,1099.18,813.80,0.8299,1187.07,779.52,0.7981
313,top,1,1031.19,399.73,1135.31,589.55,1090.67,416.78,0.7715,1093.91,413.54,0.7346,1086.96,412.61,0.6780,1097.15,416.78,0.7518,1077.69,414.00,0.7372,1103.64,438.56,0.7740,1063.32,431.15,0.7360,1113.38,465.91,0.7234,1049.42,441.81,0.6074,1124.03,492.32,0.6825,1039.22,447.37,0.6390,1091.13,486.76,0.6179,1068.89,486.30,0.6860,1078.62,527.54,0.7088,1062.86,539.13,0.7329,1081.86,570.64,0.6370,1090.20,567.40,0.6085
313,bottom,0,1060.56,578.59,1193.29,834.45,1106.31,595.95,0.8001,1105.68,593.45,0.5578,1106.31,593.45,0.5543,1098.81,598.45,0.6807,1115.05,599.08,0.6830,1086.32,629.06,0.8476,1130.04,630.31,0.8139,1080.07,670.29,0.7744,1147.54,670.29,0.7746,1067.58,702.77,0.7601,1156.28,700.90,0.7350,1107.56,706.52,0.6943,1130.67,703.40,0.6908,1077.57,759.62,0.8001,1143.79,740.88,0.6411,1098.81,816.46,0.7876,1178.14,779.61,0.7957
314,top,1,1028.79,401.75,1142.32,580.08,1099.48,420.82,0.7416,1102.53,416.91,0.7037,1095.57,416.03,0.6751,1106.01,420.82,0.6395,1085.55,417.78,0.7257,1111.24,444.33,0.7506,1070.75,436.06,0.6683,1119.95,472.63,0.6857,1052.03,444.33,0.6408,1131.27,495.71,0.6862,1038.97,447.38,0.6612,1098.61,490.05,0.6257,1075.54,491.35,0.6462,1094.26,537.50,0.6064,1066.40,542.72,0.7229,1098.61,575.81,0.6513,1087.29,566.67,0.6357
314,bottom,0,1052.03,576.19,1180.61,835.32,1095.44,594.41,0.7465,1095.44,591.25,0.5777,1096.08,591.25,0.5783,1091.02,596.94,0.6304,1104.30,597.57,0.6625,1078.36,627.94,0.8640,1121.38,629.20,0.8272,1071.40,667.80,0.8025,1139.10,668.43,0.7805,1058.12,698.16,0.8108,1149.22,698.79,0.7557,1099.24,705.12,0.6989,1122.02,701.96,0.7035,1073.93,760.79,0.8262,1131.51,740.55,0.6877,1098.61,815.83,0.7688,1167.57,782.94,0.8253
315,top,1,1028.07,407.67,1150.66,608.34,1107.01,426.68,0.7185,1110.43,422.76,0.6933,1103.58,422.27,0.6838,1112.88,427.17,0.6929,1093.29,423.25,0.7276,1118.27,448.24,0.7710,1078.59,441.38,0.6738,1126.60,476.16,0.7079,1055.57,446.28,0.5424,1137.38,498.70,0.6783,1042.34,447.75,0.5560,1107.50,495.76,0.6753,1082.02,495.76,0.6743,1109.94,540.34,0.6838,1067.32,545.73,0.7434,1114.84,582.96,0.7050,1092.31,567.77,0.5993
315,bottom,0,1040.38,570.67,1168.05,834.72,1086.81,592.46,0.7230,1087.45,589.88,0.5227,1086.81,589.24,0.5111,1082.94,595.69,0.5866,1095.19,595.04,0.6254,1069.40,626.63,0.8453,1113.24,625.34,0.8211,1064.25,665.31,0.7884,1130.64,665.95,0.7749,1048.13,695.61,0.8290,1140.96,696.25,0.7450,1091.32,703.99,0.6913,1114.53,699.47,0.7098,1071.34,760.07,0.8113,1117.75,736.86,0.7088,1098.41,815.51,0.7659,1153.85,781.99,0.8054
316,top,1,1027.39,410.16,1157.76,612.23,1115.76,430.78,0.8053,1119.22,426.83,0.7698,1112.80,426.34,0.7364,1122.18,431.27,0.7263,1102.94,427.33,0.7989,1125.63,453.48,0.7771,1087.15,445.09,0.6958,1133.52,480.12,0.7318,1060.51,449.04,0.5575,1144.38,501.33,0.7010,1041.76,447.56,0.5899,1115.27,502.81,0.6968,1088.14,501.82,0.7020,1124.15,549.68,0.7305,1068.89,548.20,0.7530,1131.06,593.09,0.7014,1091.59,565.96,0.6354
316,bottom,0,1030.46,569.57,1147.03,835.59,1080.95,590.22,0.8121,1082.25,587.62,0.5239,1079.00,586.98,0.5518,1073.81,593.47,0.6298,1088.75,592.17,0.7082,1061.47,623.99,0.8404,1104.98,622.05,0.8309,1055.62,664.26,0.8137,1123.17,663.61,0.8228,1039.39,693.49,0.8159,1132.91,694.79,0.7439,1084.20,699.33,0.6897,1108.23,694.79,0.7319,1063.42,757.78,0.8042,1106.28,735.05,0.7520,1093.29,811.69,0.8227,1137.46,783.76,0.8036
317,top,1,1028.09,417.40,1164.52,622.78,1123.88,436.85,0.8670,1126.89,432.84,0.7978,1120.37,431.84,0.7713,1129.90,436.85,0.7618,1109.34,433.34,0.8334,1134.41,460.92,0.7834,1093.80,453.90,0.6988,1140.93,484.49,0.7456,1063.71,456.41,0.6272,1152.46,504.04,0.7055,1041.65,449.39,0.7267,1121.88,513.07,0.7127,1094.80,511.06,0.7078,1134.92,556.19,0.7161,1071.74,551.18,0.7541,1146.95,593.80,0.7398,1091.79,566.22,0.6900
317,bottom,0,1019.67,571.85,1135.16,835.73,1072.90,589.76,0.8266,1075.48,587.83,0.5484,1071.62,586.54,0.5646,1065.17,592.98,0.6453,1081.28,591.05,0.7184,1054.87,623.26,0.8145,1098.03,621.33,0.8191,1047.78,662.56,0.8023,1115.42,662.56,0.8140,1029.74,693.48,0.8033,1124.44,694.77,0.7378,1078.70,697.99,0.6806,1102.54,693.48,0.7200,1051.64,755.33,0.7736,1096.10,733.43,0.7380,1081.92,806.87,0.7863,1118.64,783.68,0.7825
318,top,1,1034.23,424.40,1175.08,626.94,1132.34,445.07,0.8746,1135.31,440.62,0.8069,1128.39,440.13,0.7658,1136.80,444.58,0.7689,1117.02,442.11,0.8440,1141.74,467.82,0.8134,1101.19,461.89,0.7046,1147.67,487.60,0.7275,1071.52,464.36,0.6841,1156.57,500.95,0.7420,1047.29,454.96,0.7504,1129.87,523.20,0.7125,1102.68,520.73,0.7103,1145.70,563.25,0.7320,1074.99,555.84,0.7452,1159.54,607.26,0.8083,1093.78,566.71,0.6603
318,bottom,0,1011.59,571.19,1125.21,814.23,1064.84,591.84,0.8073,1066.62,589.47,0.5192,1063.06,588.87,0.5329,1056.53,595.40,0.6089,1074.33,594.21,0.7214,1046.45,624.47,0.8406,1089.17,620.91,0.8392,1039.33,664.23,0.8255,1108.16,664.23,0.8075,1020.93,695.68,0.8306,1116.46,696.87,0.7756,1070.77,698.05,0.7209,1097.48,695.09,0.7599,1039.33,752.05,0.8039,1085.02,733.06,0.7986,1068.40,801.89,0.7607,1101.63,787.06,0.8468
319,top,3,1041.62,433.06,1184.79,632.75,1140.02,452.47,0.9060,1142.94,448.57,0.8307,1136.12,447.59,0.8295,1145.38,453.44,0.7435,1124.90,450.52,0.8453,1147.82,475.38,0.7351,1109.30,471.97,0.6762,1155.62,491.96,0.4661,1081.03,472.94,0.6476,1160.98,494.88,0.5150,1056.16,462.71,0.7205,1137.09,532.91,0.7155,1109.30,530.47,0.6766,1157.08,563.62,0.7182,1082.00,562.65,0.6699,1166.34,612.86,0.8032,1087.85,572.89,0.5148
319,bottom,0,1002.81,576.74,1117.56,819.46,1056.63,596.18,0.8187,1057.22,593.81,0.5530,1054.85,592.62,0.5362,1048.93,599.73,0.6344,1066.11,598.55,0.7467,1038.26,628.77,0.8264,1082.11,625.81,0.8142,1029.96,669.06,0.8092,1101.07,667.29,0.7995,1012.78,701.06,0.8021,1108.77,700.47,0.7597,1063.74,701.06,0.6963,1091.00,698.69,0.7484,1027.59,751.43,0.8158,1075.00,736.02,0.7927,1052.48,801.20,0.7362,1083.29,791.13,0.8282
320,top,1,1056.92,440.31,1183.36,632.50,1144.54,459.45,0.9410,1148.76,455.70,0.9044,1140.32,454.76,0.8964,1152.05,461.80,0.8197,1131.40,457.58,0.8784,1156.27,484.32,0.7406,1114.51,478.69,0.6749,1155.33,495.58,0.4819,1087.77,479.16,0.6041,1156.27,488.08,0.3084,1064.31,471.65,0.6477,1141.73,539.22,0.6995,1114.04,537.81,0.6681,1161.90,562.21,0.7188,1085.89,576.76,0.5927,1166.12,613.82,0.8260,1084.01,579.10,0.5760
320,bottom,0,994.83,583.55,1109.00,819.18,1048.46,601.84,0.8400,1049.04,599.54,0.5742,1046.74,598.39,0.5660,1040.99,605.87,0.6399,1057.67,604.72,0.7309,1029.48,635.78,0.8297,1074.35,631.18,0.8300,1020.28,675.47,0.8016,1092.76,672.60,0.7846,1004.17,708.26,0.8006,1100.81,706.54,0.7319,1057.09,705.39,0.6998,1084.13,703.66,0.7544,1019.13,753.14,0.8263,1064.57,737.60,0.7957,1031.21,808.94,0.7810,1067.45,792.83,0.8575
321,top,1,1061.08,444.11,1183.92,632.51,1148.26,462.42,0.9776,1152.40,459.20,0.9006,1144.58,458.28,0.9268,1156.54,464.26,0.8131,1135.84,461.04,0.8875,1159.76,485.88,0.7492,1120.20,480.82,0.6901,1159.30,501.98,0.6866,1099.04,482.66,0.3913,1160.22,484.96,0.5424,1075.13,481.74,0.3613,1144.12,541.07,0.7125,1117.90,540.15,0.6706,1163.44,563.15,0.7117,1095.82,582.47,0.6526,1167.12,614.21,0.8238,1086.62,583.39,0.5767
321,bottom,0,983.20,591.57,1100.54,831.96,1040.11,610.82,0.7731,1040.70,607.30,0.5348,1038.35,606.71,0.5276,1032.48,614.34,0.6093,1048.91,613.17,0.7192,1020.74,644.86,0.7878,1065.93,638.99,0.7833,1010.18,685.35,0.7610,1084.71,678.31,0.7725,994.92,717.05,0.7686,1094.10,714.11,0.7100,1051.85,712.35,0.6604,1078.26,711.18,0.7111,1010.77,759.30,0.7737,1054.78,744.04,0.7488,1007.25,815.05,0.7591,1053.02,796.86,0.8119
322,top,1,1075.35,444.48,1183.94,632.68,1149.40,462.30,0.8952,1153.08,459.09,0.9258,1145.26,458.17,0.8738,1157.67,464.14,0.8051,1136.99,461.39,0.8604,1161.35,486.66,0.7438,1122.29,481.14,0.6657,1162.26,504.58,0.6712,1096.56,488.04,0.3791,1160.43,485.74,0.5442,1067.61,486.66,0.1344,1145.26,541.80,0.6687,1118.61,540.88,0.6533,1163.64,562.93,0.6996,1097.02,584.53,0.6867,1166.86,614.39,0.8088,1089.67,583.15,0.6544
322,bottom,0,957.64,601.89,1093.28,839.00,1030.09,620.88,0.7607,1031.25,617.40,0.5431,1028.93,617.40,0.5180,1023.72,623.77,0.6197,1038.20,623.19,0.6574,1012.72,655.03,0.7828,1059.04,648.66,0.8040,1002.30,693.82,0.7525,1077.56,686.87,0.7621,986.67,727.97,0.7241,1085.67,722.76,0.6887,1043.98,719.87,0.6479,1071.19,718.71,0.7135,1000.57,765.60,0.7010,1045.72,746.50,0.6771,984.94,817.70,0.7241,1050.93,798.02,0.7825
323,top,3,1073.76,441.46,1184.20,632.82,1147.67,459.12,0.8947,1151.88,455.85,0.9319,1143.47,454.45,0.8786,1156.08,460.99,0.8591,1135.99,458.65,0.8660,1161.69,485.75,0.7439,1120.57,479.67,0.6700,1163.09,507.24,0.6780,1097.21,489.02,0.6260,1158.88,488.55,0.5341,1069.65,493.22,0.6607,1144.40,538.54,0.6653,1117.77,537.61,0.6484,1162.62,563.30,0.7085,1097.21,580.12,0.6467,1166.83,614.70,0.7934,1092.54,581.53,0.5668
323,bottom,0,935.42,609.08,1086.39,838.92,1021.57,628.61,0.7444,1021.57,625.24,0.5380,1022.13,624.68,0.4791,1015.40,631.97,0.6630,1029.98,631.41,0.6724,1004.73,661.71,0.8098,1051.31,654.98,0.8392,995.19,702.12,0.7297,1069.83,694.26,0.7576,980.60,735.78,0.7740,1078.24,731.86,0.7357,1038.40,728.49,0.7396,1064.78,726.25,0.7823,992.95,769.45,0.6971,1039.52,750.94,0.7077,964.89,820.52,0.7549,1051.87,799.19,0.7951
324,top,1,1059.15,435.42,1184.58,632.72,1144.50,452.67,0.9109,1148.36,448.81,0.8944,1140.17,448.33,0.8856,1153.17,454.59,0.8054,1132.94,453.15,0.8843,1159.44,480.61,0.7668,1118.97,476.27,0.6705,1164.25,505.17,0.6949,1097.30,489.28,0.6430,1159.44,491.68,0.5693,1073.21,499.39,0.6668,1143.54,532.63,0.6723,1114.64,530.22,0.6366,1160.40,562.98,0.6975,1095.37,566.83,0.5980,1167.14,614.03,0.7980,1095.85,579.83,0.5744
324,bottom,0,928.29,614.24,1081.94,847.05,1011.94,633.45,0.7255,1012.50,630.04,0.5396,1011.94,630.04,0.4470,1005.68,636.29,0.6583,1021.03,635.16,0.6796,995.45,666.42,0.8332,1042.06,660.17,0.8372,987.50,706.77,0.7315,1061.38,697.68,0.7698,976.70,741.44,0.7731,1071.62,735.19,0.7480,1032.40,732.92,0.7232,1057.41,730.08,0.7919,981.81,773.84,0.7147,1036.38,753.95,0.7364,952.26,826.70,0.7620,1051.15,799.42,0.8119
325,top,1,1069.69,426.95,1184.54,632.93,1140.69,444.95,0.8576,1144.72,440.93,0.8639,1136.17,440.43,0.8285,1149.24,446.97,0.8109,1128.63,445.96,0.8769,1156.79,475.13,0.7572,1114.04,470.10,0.6945,1162.82,496.25,0.6301,1095.44,488.20,0.6575,1163.32,511.34,0.5959,1076.33,503.29,0.6897,1140.69,525.92,0.6537,1111.53,522.40,0.6322,1155.78,563.64,0.7004,1090.91,561.62,0.6865,1166.34,611.91,0.7968,1096.44,575.71,0.7202
325,bottom,0,926.77,616.58,1075.13,849.52,1004.93,636.37,0.7545,1006.07,632.96,0.5229,1006.07,632.39,0.4927,996.97,639.79,0.6678,1014.03,637.51,0.7403,985.59,669.93,0.8700,1034.50,663.10,0.8819,979.91,712.01,0.7581,1054.97,702.91,0.8124,974.22,744.43,0.7762,1065.78,739.88,0.8036,1019.15,734.76,0.6932,1045.31,731.35,0.7628,974.22,775.14,0.8043,1038.48,757.51,0.7483,952.61,831.44,0.8220,1050.43,799.02,0.8364
326,top,1,1072.01,421.86,1180.46,632.75,1134.99,437.72,0.8601,1139.10,434.12,0.8757,1130.87,434.12,0.8688,1143.74,439.78,0.8650,1123.66,438.75,0.8789,1152.49,468.61,0.7840,1110.27,461.92,0.7535,1159.18,494.87,0.7374,1095.86,485.09,0.7495,1161.76,519.07,0.7174,1080.41,506.20,0.7779,1136.53,520.61,0.6711,1108.73,516.49,0.6625,1148.89,561.29,0.7285,1085.56,557.17,0.7308,1163.82,609.68,0.7650,1094.83,572.61,0.7777
326,bottom,0,925.92,617.73,1070.75,850.57,1002.31,636.94,0.7713,1004.59,633.53,0.5206,1004.02,632.96,0.4999,990.94,640.92,0.6288,1009.13,638.64,0.7627,977.30,671.62,0.8708,1029.03,665.36,0.8810,972.75,714.25,0.7363,1050.06,707.43,0.8408,973.32,746.65,0.7307,1060.86,740.40,0.8511,1005.16,737.56,0.6998,1033.01,734.15,0.7631,966.50,776.21,0.8496,1040.97,765.41,0.7187,950.01,833.63,0.8526,1050.63,800.66,0.8324
327,top,1,1070.89,417.20,1169.35,629.54,1129.97,433.17,0.8900,1134.12,429.54,0.9177,1125.83,429.54,0.8935,1139.30,435.24,0.8761,1118.57,434.72,0.8765,1149.67,465.31,0.7879,1105.61,457.53,0.7657,1155.89,495.38,0.7214,1094.20,485.53,0.7426,1158.48,525.96,0.7122,1082.80,510.93,0.6696,1133.60,516.63,0.6648,1106.13,512.48,0.6456,1145.01,557.58,0.7203,1081.76,553.95,0.7100,1159.00,606.31,0.7668,1090.57,571.06,0.8120
327,bottom,0,923.85,616.84,1066.94,851.72,999.98,637.36,0.7835,1002.28,633.92,0.5234,1000.56,633.35,0.4663,987.37,641.38,0.6244,1006.29,639.66,0.7530,972.46,672.34,0.8652,1025.79,667.18,0.8765,965.58,716.50,0.8094,1042.99,709.62,0.8293,974.18,742.30,0.7585,1055.61,739.44,0.8527,994.82,739.44,0.7205,1024.64,736.00,0.7730,960.99,773.84,0.8553,1037.83,772.70,0.7092,948.95,832.91,0.8658,1049.87,803.66,0.7532
328,top,1,1064.79,416.70,1164.11,626.98,1124.20,430.97,0.8815,1128.31,427.38,0.9220,1120.10,427.38,0.8910,1133.96,433.02,0.8724,1113.42,433.02,0.8768,1145.25,463.83,0.7694,1101.62,455.10,0.7617,1151.93,495.66,0.6916,1092.89,485.90,0.6981,1156.55,529.03,0.6967,1084.67,515.17,0.5774,1130.37,512.09,0.6395,1103.67,509.00,0.6183,1140.63,552.64,0.7012,1079.03,552.13,0.7190,1152.95,603.98,0.7473,1086.21,571.12,0.7957
328,bottom,0,922.63,613.42,1070.71,852.09,1000.17,636.61,0.7377,1003.08,633.12,0.5343,1001.91,633.12,0.4617,987.35,640.69,0.6311,1006.58,640.11,0.7541,972.20,669.83,0.8415,1024.64,667.50,0.8549,959.96,713.53,0.8347,1036.29,709.45,0.8175,975.11,735.67,0.7018,1052.61,738.00,0.8028,986.18,738.58,0.6881,1017.65,736.25,0.7209,958.79,775.29,0.8539,1035.13,774.13,0.7649,947.72,832.98,0.8837,1047.95,813.17,0.8490
329,top,1,1060.51,416.48,1161.59,619.13,1118.97,431.72,0.8495,1122.92,428.26,0.8618,1115.01,428.26,0.8379,1128.37,433.20,0.8388,1108.08,432.71,0.8336,1139.75,462.39,0.7627,1097.20,454.97,0.7493,1148.16,495.54,0.6566,1089.78,485.15,0.6878,1154.59,529.68,0.6402,1083.84,512.86,0.6027,1126.88,512.36,0.6409,1100.66,510.38,0.6176,1134.80,549.96,0.6903,1075.43,552.44,0.7259,1145.19,599.44,0.7331,1081.86,572.72,0.7685
329,bottom,0,923.15,611.10,1069.64,851.84,1000.51,633.90,0.7863,1004.04,630.37,0.5648,1002.27,630.37,0.4762,988.75,638.02,0.6576,1008.15,636.84,0.7310,974.06,665.64,0.8215,1024.61,665.64,0.8548,957.60,706.78,0.8356,1032.25,705.61,0.8230,974.06,728.53,0.6911,1049.88,735.58,0.8030,983.46,735.00,0.6949,1015.20,733.82,0.7087,959.95,777.31,0.8425,1032.84,773.20,0.8046,947.61,833.15,0.8767,1043.42,819.04,0.8659
330,top,1,1059.04,417.86,1158.06,620.47,1113.49,433.59,0.8928,1117.45,430.12,0.8586,1109.54,430.12,0.8724,1123.39,434.58,0.8787,1103.60,435.07,0.8219,1135.75,463.27,0.7694,1092.72,456.84,0.7603,1144.66,494.93,0.6921,1085.30,487.01,0.7220,1151.58,528.07,0.6731,1080.35,513.23,0.6569,1124.38,514.22,0.6594,1098.65,512.24,0.6275,1127.34,550.82,0.7177,1072.93,552.31,0.7398,1141.19,599.80,0.7681,1077.38,577.04,0.7669
330,bottom,0,924.77,607.86,1063.45,848.97,1006.47,630.11,0.7131,1008.24,625.99,0.5133,1009.42,626.58,0.4912,991.76,633.05,0.6116,1010.01,632.46,0.6653,976.45,660.13,0.8026,1025.31,661.89,0.8519,958.20,700.74,0.8433,1028.84,702.51,0.8205,975.28,722.52,0.7030,1047.68,731.94,0.7826,982.93,731.94,0.7050,1013.54,730.18,0.7002,965.86,780.80,0.8298,1032.37,774.32,0.8328,947.61,833.19,0.8872,1036.49,826.13,0.9234
331,top,1,1058.47,418.38,1154.56,620.64,1108.00,435.07,0.9432,1111.95,431.12,0.8531,1103.55,431.61,0.8581,1117.38,436.05,0.9006,1097.63,436.05,0.8579,1130.22,463.21,0.7929,1087.75,458.77,0.7862,1141.57,493.33,0.7442,1079.36,487.41,0.7277,1148.49,524.44,0.7271,1076.39,514.57,0.6652,1122.81,515.06,0.6852,1098.12,513.58,0.6630,1121.82,553.08,0.7559,1070.96,553.58,0.7731,1141.08,600.00,0.7867,1077.87,576.79,0.7555
331,bottom,0,931.08,605.54,1062.53,852.14,1008.24,627.70,0.7504,1010.65,624.09,0.5371,1010.65,624.09,0.5178,995.00,630.11,0.6114,1013.66,630.11,0.6606,979.35,658.40,0.8231,1027.51,660.21,0.8846,959.48,696.93,0.8493,1027.51,701.75,0.8448,976.34,718.61,0.7223,1046.77,732.45,0.8151,984.16,731.25,0.7303,1014.87,729.44,0.7072,969.71,784.23,0.8280,1031.72,775.80,0.8562,949.24,833.59,0.8843,1031.12,832.39,0.9339
332,top,1,1058.90,418.25,1152.29,620.52,1102.63,434.94,0.9433,1106.58,430.50,0.8447,1098.68,430.99,0.8552,1112.01,434.94,0.8713,1092.26,435.44,0.9055,1124.85,461.61,0.7796,1081.89,458.15,0.7796,1136.70,489.76,0.7427,1072.51,485.81,0.7158,1144.11,518.40,0.7093,1073.49,513.95,0.6318,1117.44,511.49,0.6630,1093.25,510.50,0.6689,1119.42,552.97,0.7348,1068.06,552.47,0.7704,1141.15,599.88,0.7933,1078.43,578.15,0.7989
332,bottom,0,943.92,604.88,1060.52,859.42,1014.65,627.75,0.7030,1015.90,623.40,0.5427,1016.52,624.02,0.5415,998.50,630.85,0.6228,1015.90,630.23,0.6690,982.34,658.82,0.8265,1029.57,661.30,0.8702,961.83,695.48,0.8438,1026.46,702.32,0.8355,979.23,716.61,0.6849,1046.35,733.39,0.8014,985.45,731.52,0.7264,1015.27,730.90,0.6953,973.02,786.83,0.8306,1031.43,780.62,0.8260,954.37,840.90,0.9074,1024.60,841.52,0.8571
333,top,1,1057.03,415.91,1149.64,619.89,1096.86,431.75,0.8581,1100.35,427.77,0.7998,1092.88,427.77,0.8426,1106.33,431.25,0.8562,1086.90,432.25,0.8680,1119.77,456.15,0.7590,1076.94,454.66,0.7736,1132.22,483.54,0.7165,1065.99,481.55,0.6782,1139.69,510.43,0.6872,1070.97,503.96,0.6178,1113.30,508.94,0.6487,1087.90,507.94,0.6697,1120.77,552.27,0.7249,1065.49,549.28,0.7500,1140.19,598.08,0.7657,1079.43,579.66,0.7639
333,bottom,0,949.44,607.13,1063.69,868.72,1018.70,630.63,0.6790,1020.62,626.16,0.5266,1019.34,626.80,0.5553,1002.10,632.55,0.6275,1018.70,632.55,0.6657,985.49,660.65,0.8205,1029.56,665.76,0.8284,964.41,697.05,0.8249,1025.09,706.63,0.8157,982.30,715.57,0.6376,1046.16,736.65,0.8091,984.21,735.37,0.7502,1011.68,736.01,0.6829,979.10,787.74,0.8325,1034.03,784.54,0.8350,959.31,845.22,0.8856,1021.89,847.77,0.8158
334,top,1,1053.61,410.51,1145.50,616.93,1092.00,426.54,0.8227,1095.52,423.01,0.7774,1087.96,423.01,0.7972,1101.07,427.04,0.7987,1081.41,427.04,0.8192,1114.17,449.72,0.7651,1069.32,449.72,0.7791,1127.78,476.94,0.7138,1059.74,474.92,0.7157,1135.34,503.64,0.6682,1067.81,489.53,0.6207,1109.63,501.63,0.6549,1082.92,501.63,0.6760,1120.22,547.99,0.7357,1063.77,543.46,0.7369,1136.34,594.36,0.7225,1078.89,580.24,0.7779
334,bottom,0,952.32,614.16,1064.45,879.86,1027.85,635.43,0.7145,1027.20,630.89,0.5763,1025.25,631.54,0.6463,1005.79,638.68,0.5937,1019.41,639.32,0.6836,988.28,665.27,0.7989,1030.44,673.70,0.7928,967.52,700.30,0.8097,1022.66,714.57,0.8014,985.68,717.17,0.6107,1046.66,743.11,0.7741,983.09,739.87,0.7188,1009.04,741.82,0.6793,985.03,791.77,0.7816,1035.63,793.06,0.8040,962.33,848.20,0.8541,1020.06,854.04,0.7820
335,top,1,1050.09,405.47,1138.83,613.87,1087.34,421.65,0.8007,1090.90,418.08,0.7751,1083.27,418.08,0.7818,1096.50,421.14,0.7791,1076.65,421.14,0.8208,1109.22,442.51,0.7218,1064.44,443.02,0.7665,1122.44,466.93,0.6996,1053.25,467.44,0.7461,1128.04,493.39,0.6976,1061.90,483.21,0.5927,1104.64,495.42,0.6294,1077.16,495.93,0.6511,1116.34,542.74,0.7237,1064.44,539.69,0.7067,1128.55,589.04,0.7247,1078.18,579.37,0.7485
335,bottom,0,946.05,622.15,1064.50,889.99,1030.78,644.25,0.7249,1030.78,640.33,0.5675,1029.47,640.33,0.6912,1007.89,646.21,0.5972,1022.93,647.52,0.6794,990.89,672.37,0.8007,1030.12,682.18,0.8131,971.27,705.72,0.7912,1020.97,725.33,0.8127,992.19,721.41,0.5781,1047.78,751.49,0.7749,982.39,748.88,0.7505,1008.54,751.49,0.7050,988.27,801.19,0.7572,1038.62,805.11,0.8102,960.81,858.08,0.8587,1021.62,863.97,0.7835
336,top,1,1046.07,397.96,1130.65,606.20,1083.78,414.63,0.8019,1087.34,411.08,0.7846,1079.72,411.08,0.7873,1092.94,414.13,0.7658,1072.60,413.62,0.8292,1105.14,434.97,0.7286,1060.91,434.46,0.7587,1117.85,456.83,0.7074,1048.71,460.39,0.7459,1121.41,484.79,0.7087,1062.94,478.18,0.6321,1099.55,487.84,0.6087,1073.11,488.86,0.6226,1109.20,535.63,0.7195,1067.52,535.12,0.7054,1120.90,583.93,0.7245,1077.68,577.32,0.7513
336,bottom,0,947.48,631.48,1067.99,897.06,1035.61,652.75,0.7883,1035.61,648.86,0.6254,1033.67,648.86,0.7535,1010.98,655.34,0.5889,1024.59,656.64,0.6984,995.42,679.33,0.8123,1029.13,692.30,0.8067,975.96,712.40,0.7827,1020.05,735.74,0.8143,1000.60,722.77,0.5331,1048.58,759.73,0.7821,983.74,759.08,0.7411,1008.38,761.68,0.7088,988.93,810.31,0.7579,1040.80,815.49,0.8080,959.11,864.77,0.8842,1025.24,874.50,0.7922
337,top,1,1041.34,391.66,1121.65,602.27,1080.98,408.01,0.7932,1084.58,403.90,0.7628,1076.87,404.42,0.7634,1089.72,406.99,0.7583,1069.67,406.99,0.7983,1103.60,427.55,0.7585,1055.79,427.04,0.7732,1112.35,451.21,0.6973,1046.02,453.78,0.7526,1115.43,478.46,0.7087,1058.87,470.23,0.6853,1095.89,480.51,0.6093,1068.64,481.03,0.6097,1103.60,530.90,0.7212,1068.64,531.42,0.7132,1111.32,577.69,0.7288,1076.87,577.69,0.7610
337,bottom,0,947.90,638.83,1070.77,907.19,1040.79,658.36,0.8264,1040.79,655.08,0.6472,1038.17,654.42,0.8138,1016.55,662.29,0.5925,1028.99,662.94,0.7207,1001.48,684.56,0.8196,1030.96,700.94,0.8074,981.82,716.67,0.7572,1021.79,744.18,0.8071,1008.03,731.74,0.4554,1051.27,769.08,0.7848,987.72,766.46,0.7372,1009.34,769.08,0.7135,994.92,812.32,0.7509,1041.44,824.77,0.8118,960.20,864.74,0.8608,1030.30,886.36,0.8196
338,top,1,1039.20,385.06,1117.01,595.53,1078.11,401.40,0.7939,1081.70,397.29,0.7646,1074.00,397.81,0.7769,1086.84,400.38,0.7675,1066.80,400.89,0.7916,1100.72,421.44,0.7655,1052.41,420.93,0.7727,1107.91,448.68,0.6866,1044.19,447.65,0.7193,1110.99,475.40,0.6900,1054.98,466.66,0.6556,1091.98,476.42,0.5801,1065.26,476.42,0.5810,1097.12,526.27,0.7060,1066.80,527.29,0.7029,1101.23,572.51,0.7475,1071.94,574.57,0.7807
338,bottom,0,948.05,644.91,1075.63,919.86,1045.40,663.57,0.8416,1044.73,661.56,0.6869,1042.05,660.89,0.8229,1021.91,668.27,0.5805,1031.98,669.62,0.6995,1009.16,689.08,0.8060,1035.33,707.88,0.7977,989.69,719.29,0.7308,1022.58,750.16,0.7899,1020.57,735.40,0.4815,1053.46,775.00,0.7790,993.72,770.97,0.7364,1012.51,774.33,0.7192,995.06,813.93,0.7399,1040.70,832.73,0.8164,960.16,864.95,0.8525,1034.66,897.84,0.8433
339,top,1,1037.28,381.54,1110.96,591.54,1075.14,397.84,0.7412,1078.22,393.74,0.7241,1070.53,393.74,0.7532,1083.35,396.82,0.7447,1063.86,396.82,0.7770,1097.19,416.30,0.7706,1049.00,416.30,0.7654,1102.32,445.52,0.6903,1041.31,441.93,0.7048,1106.42,474.23,0.6588,1050.53,462.44,0.6634,1088.99,472.18,0.5657,1062.33,472.69,0.5666,1092.06,520.89,0.6851,1063.86,520.89,0.6986,1092.06,563.95,0.7556,1066.43,568.06,0.7664
339,bottom,0,947.89,648.70,1088.52,925.69,1052.02,668.18,0.8308,1051.34,665.48,0.6745,1048.63,665.48,0.7799,1029.70,672.91,0.5410,1038.49,674.94,0.6829,1016.85,694.55,0.7836,1041.20,713.49,0.7815,998.59,722.96,0.7020,1026.99,754.74,0.7523,1035.79,743.24,0.5231,1057.43,779.76,0.7452,1001.30,773.67,0.7265,1016.17,777.73,0.7218,993.18,816.95,0.7282,1041.87,839.27,0.7920,960.05,866.32,0.7959,1035.11,906.22,0.8118
340,top,1,1032.27,378.19,1108.31,585.27,1071.80,394.27,0.8007,1075.34,389.72,0.7786,1067.76,390.22,0.8081,1080.40,392.75,0.7796,1060.68,393.76,0.8062,1093.54,413.48,0.7804,1046.53,413.48,0.7483,1098.09,443.31,0.6921,1037.93,437.75,0.6960,1102.64,472.63,0.6552,1045.51,460.50,0.6657,1084.44,470.10,0.5743,1059.16,471.11,0.5736,1087.48,519.14,0.6759,1060.18,519.14,0.7114,1083.43,555.04,0.7879,1060.68,563.12,0.7913
340,bottom,0,948.67,652.30,1088.62,927.12,1057.56,672.29,0.8946,1056.89,670.28,0.7183,1053.54,670.28,0.8351,1040.79,678.33,0.5515,1044.14,679.00,0.7294,1025.36,701.14,0.8113,1046.83,716.58,0.8282,1008.58,729.99,0.6125,1031.39,758.17,0.7761,1049.51,745.43,0.6110,1063.60,781.66,0.7937,1007.24,776.29,0.7602,1021.33,780.32,0.7449,994.49,821.91,0.7453,1050.18,842.04,0.8377,961.62,867.54,0.8166,1038.10,909.14,0.8288
341,top,1,1029.19,376.71,1104.28,581.23,1068.73,394.08,0.8219,1072.23,390.09,0.8174,1064.24,390.59,0.8173,1076.72,392.09,0.8041,1057.25,393.58,0.8082,1089.70,412.56,0.7694,1043.27,413.56,0.7276,1093.70,442.52,0.6910,1034.28,438.52,0.6750,1098.19,471.98,0.6566,1041.27,462.99,0.6156,1080.22,469.48,0.5905,1056.25,469.98,0.5906,1082.71,519.41,0.6676,1055.75,517.42,0.7211,1074.22,547.38,0.7599,1053.25,560.86,0.7811
341,bottom,0,951.09,655.01,1097.03,927.66,1063.33,676.18,0.8798,1062.00,672.85,0.6892,1058.67,673.52,0.8314,1045.36,680.84,0.5236,1049.35,682.17,0.7517,1032.05,705.47,0.8161,1049.35,717.45,0.8073,1039.37,740.08,0.5990,1034.71,760.05,0.7805,1065.99,741.41,0.7103,1070.65,780.02,0.7994,1014.07,780.69,0.7729,1028.72,784.02,0.7566,999.43,825.95,0.7324,1058.01,844.59,0.8480,966.15,871.88,0.8096,1038.04,909.82,0.8148
342,top,1,1025.89,378.25,1097.77,579.47,1064.78,393.87,0.8071,1068.22,389.94,0.8144,1060.85,390.43,0.8136,1073.62,392.40,0.8217,1054.46,393.38,0.8012,1086.39,413.03,0.7681,1040.71,414.01,0.7214,1089.83,443.49,0.6982,1029.90,438.58,0.6877,1093.76,472.47,0.6554,1035.79,463.63,0.6255,1075.58,471.98,0.5821,1052.99,472.96,0.5847,1080.01,521.11,0.7004,1052.99,518.65,0.7326,1066.74,539.77,0.7220,1048.57,561.39,0.7844
342,bottom,0,957.27,655.89,1101.90,927.60,1068.06,677.64,0.9408,1066.73,674.33,0.7328,1064.08,674.99,0.8927,1050.81,680.96,0.5316,1053.47,682.95,0.7919,1038.87,706.83,0.8228,1052.14,718.11,0.8386,1047.50,734.70,0.6214,1039.54,760.57,0.8555,1078.01,732.04,0.7691,1078.01,774.50,0.8560,1021.62,783.78,0.8007,1036.22,787.10,0.7996,1013.00,828.89,0.7747,1061.43,847.47,0.8793,971.87,879.31,0.8548,1038.21,910.49,0.8505
343,top,1,1022.11,379.00,1095.28,581.04,1061.16,395.67,0.8287,1065.11,391.73,0.8259,1057.22,392.22,0.8433,1070.53,394.69,0.8462,1051.30,394.69,0.8071,1083.36,414.91,0.7705,1037.49,415.90,0.7154,1086.81,445.99,0.7023,1027.13,440.07,0.6495,1090.76,474.59,0.6556,1031.57,465.72,0.5532,1071.03,473.61,0.5927,1049.32,474.10,0.5941,1075.96,518.99,0.6926,1051.79,518.49,0.7251,1059.68,533.79,0.7195,1049.82,561.90,0.7678
343,bottom,0,966.37,654.33,1105.95,929.17,1072.39,677.01,0.9513,1071.05,674.32,0.7077,1068.37,674.32,0.8852,1055.62,681.70,0.5074,1058.30,683.04,0.7843,1045.55,707.20,0.8246,1054.95,718.61,0.8609,1060.32,725.32,0.6191,1042.87,758.87,0.8589,1089.17,715.25,0.8255,1083.13,766.25,0.8953,1028.78,785.04,0.8396,1043.54,787.72,0.8373,1024.75,835.36,0.8478,1065.01,848.78,0.9069,979.79,887.03,0.8810,1038.84,911.19,0.8755
344,top,1,1019.88,378.90,1092.69,580.76,1059.74,395.56,0.8585,1063.19,391.62,0.8449,1055.79,392.11,0.8926,1068.61,394.57,0.8474,1049.39,395.07,0.8387,1080.93,416.26,0.7820,1036.08,415.27,0.7144,1083.39,446.32,0.7283,1024.25,435.48,0.6941,1088.32,475.89,0.6896,1029.18,463.57,0.6479,1066.64,473.92,0.6035,1045.94,473.92,0.6001,1070.09,517.29,0.6812,1051.36,516.79,0.7338,1053.82,527.63,0.6038,1048.89,562.62,0.7639
344,bottom,0,976.78,654.57,1109.43,929.68,1076.69,676.60,0.9409,1075.35,673.24,0.6974,1072.66,673.92,0.8653,1057.88,681.30,0.4921,1061.91,682.65,0.7821,1052.51,708.17,0.7930,1057.88,718.25,0.8731,1068.63,717.57,0.6394,1045.12,757.20,0.8560,1095.49,701.45,0.8488,1086.76,757.87,0.8582,1035.72,786.08,0.8436,1049.82,787.43,0.8343,1036.39,839.81,0.8469,1066.61,849.89,0.8712,992.73,892.87,0.8704,1039.75,911.01,0.8728
345,top,1,1017.67,378.47,1091.84,580.70,1058.22,394.17,0.8387,1061.67,390.22,0.8313,1054.27,390.72,0.8855,1067.10,394.17,0.8456,1048.34,394.17,0.8550,1079.44,416.39,0.8134,1034.52,413.92,0.7460,1081.42,446.01,0.7424,1020.69,431.20,0.7504,1085.86,475.64,0.7338,1025.14,458.85,0.6709,1062.17,474.15,0.6426,1042.91,473.17,0.6297,1062.66,516.61,0.7078,1048.34,513.65,0.7512,1046.86,525.99,0.4646,1048.34,561.54,0.7741
345,bottom,0,995.17,657.19,1110.74,932.17,1081.15,678.54,0.7894,1079.81,675.18,0.5920,1077.12,675.18,0.6959,1063.02,681.89,0.4497,1065.71,683.24,0.7211,1061.01,708.75,0.7019,1061.01,719.49,0.8518,1075.78,708.75,0.5465,1047.58,757.76,0.8112,1098.60,688.61,0.7681,1085.85,751.71,0.7833,1041.54,785.95,0.7486,1054.97,787.30,0.7806,1045.57,844.36,0.7957,1075.11,849.06,0.8086,1009.31,899.41,0.8480,1042.88,906.80,0.8404
346,top,1,1015.29,378.92,1090.18,577.78,1057.59,393.87,0.8545,1061.47,390.47,0.8322,1053.70,390.47,0.8955,1066.33,393.87,0.8563,1047.39,394.36,0.8770,1077.49,416.20,0.8392,1031.86,411.83,0.7636,1080.41,444.85,0.7684,1019.72,426.88,0.7857,1083.80,473.98,0.7548,1023.60,453.10,0.7176,1058.07,471.55,0.6540,1038.65,469.12,0.6420,1055.16,515.73,0.7343,1043.51,510.39,0.7432,1043.51,532.72,0.5973,1046.91,557.49,0.7947
346,bottom,0,1012.12,658.28,1111.85,937.94,1082.47,683.40,0.7213,1080.42,679.31,0.5855,1077.69,680.67,0.6138,1068.81,684.77,0.4939,1068.81,688.18,0.6859,1069.49,711.40,0.6990,1065.40,721.64,0.8167,1079.74,705.93,0.5731,1053.11,757.14,0.8118,1096.81,685.45,0.6936,1086.56,747.58,0.7516,1049.01,788.55,0.7095,1062.67,789.91,0.7526,1055.16,847.95,0.7960,1087.93,850.00,0.7701,1026.48,905.30,0.7731,1051.06,904.62,0.7757
347,top,1,1012.59,378.55,1091.53,576.95,1056.42,393.95,0.8581,1060.30,390.56,0.8180,1052.55,390.56,0.8809,1065.14,393.47,0.8818,1046.25,393.95,0.8607,1075.80,416.23,0.8350,1030.75,409.94,0.7607,1079.67,444.81,0.7830,1018.16,425.92,0.7659,1083.55,472.42,0.7605,1021.55,452.08,0.7027,1054.00,470.00,0.6734,1034.62,468.06,0.6687,1051.09,513.11,0.7573,1038.50,508.75,0.7520,1038.50,534.91,0.6689,1043.83,555.74,0.7941
347,bottom,0,1024.28,660.60,1113.75,951.13,1087.46,690.96,0.6898,1086.04,686.70,0.5643,1083.91,688.12,0.5976,1073.27,692.38,0.4893,1074.69,693.79,0.6468,1074.69,718.62,0.6516,1068.30,725.71,0.7642,1087.46,716.49,0.4659,1056.95,760.47,0.7758,1096.68,682.45,0.4147,1087.46,747.70,0.6950,1056.25,792.39,0.5908,1066.18,793.81,0.6508,1059.79,852.68,0.7135,1102.35,849.84,0.6995,1039.22,912.26,0.6739,1060.50,904.46,0.6835
348,top,1,1009.50,378.18,1090.88,577.49,1054.57,393.65,0.8381,1058.46,390.25,0.8183,1050.68,390.25,0.8574,1063.33,393.17,0.8779,1044.35,393.65,0.8621,1073.06,416.04,0.8212,1028.78,409.22,0.7449,1078.41,443.77,0.7634,1015.15,423.34,0.7709,1082.79,471.99,0.7447,1019.53,449.61,0.6719,1051.65,468.59,0.6690,1030.73,466.64,0.6599,1050.19,508.98,0.7462,1034.62,506.06,0.7160,1038.51,534.28,0.7543,1039.00,550.82,0.7506
348,bottom,0,1027.41,666.33,1127.54,951.91,1096.30,696.17,0.7937,1094.21,692.69,0.6442,1092.81,693.38,0.7073,1081.66,699.66,0.5106,1082.35,701.75,0.6854,1073.29,728.94,0.6618,1072.59,732.43,0.7511,1073.29,757.53,0.4483,1062.83,766.59,0.7335,1093.51,742.88,0.3095,1089.33,748.46,0.6544,1063.53,800.75,0.6463,1076.08,801.45,0.6662,1063.53,860.71,0.7433,1116.52,850.95,0.7776,1041.92,921.37,0.7980,1078.87,903.94,0.7345
349,top,1,1006.33,376.44,1091.15,572.37,1052.57,391.66,0.8455,1056.40,387.83,0.8339,1048.74,388.31,0.8538,1061.18,391.66,0.8747,1042.05,391.66,0.8757,1070.74,414.14,0.8215,1026.26,407.44,0.7571,1076.96,440.92,0.7633,1011.91,421.79,0.7965,1082.70,468.67,0.7118,1015.74,447.14,0.6950,1048.74,466.75,0.6633,1028.17,464.84,0.6620,1049.22,508.37,0.7307,1033.44,504.06,0.7472,1037.74,532.76,0.7993,1032.48,546.63,0.7582
349,bottom,0,1026.86,677.63,1140.27,953.26,1103.08,699.71,0.7620,1100.39,695.67,0.6143,1098.37,697.01,0.6545,1079.53,703.74,0.5053,1088.27,705.09,0.6273,1074.82,732.01,0.6509,1080.87,736.04,0.6883,1064.05,764.31,0.4803,1071.45,771.71,0.6703,1094.33,733.35,0.2996,1093.66,748.16,0.6363,1069.43,806.70,0.6314,1083.56,806.70,0.6233,1066.74,863.90,0.6885,1128.65,853.80,0.7300,1041.17,925.81,0.7341,1101.06,915.04,0.6648
350,top,1,1002.39,373.88,1088.05,566.93,1049.46,389.34,0.8314,1053.23,385.57,0.8285,1045.69,385.57,0.8348,1057.95,388.86,0.8478,1038.62,388.86,0.8604,1067.84,411.02,0.8263,1023.07,404.89,0.7421,1073.50,435.06,0.7470,1007.04,418.56,0.8228,1080.57,461.92,0.7295,1009.87,445.90,0.7303,1046.63,463.34,0.6604,1024.48,460.98,0.6481,1047.58,504.81,0.7654,1026.37,498.69,0.7208,1036.74,533.56,0.8126,1024.48,544.88,0.7794
350,bottom,0,1026.11,682.40,1157.16,954.43,1110.23,705.51,0.8091,1108.24,702.19,0.6132,1106.25,702.19,0.7073,1085.66,708.17,0.5137,1095.62,708.84,0.6564,1076.36,730.09,0.7002,1093.63,742.04,0.7233,1056.44,732.08,0.7307,1084.99,779.23,0.6981,1080.34,713.48,0.4991,1103.59,747.36,0.4235,1074.37,810.45,0.7328,1094.96,810.45,0.7327,1068.39,868.89,0.7419,1138.12,858.93,0.8214,1040.50,928.66,0.8499,1126.17,924.01,0.8166
351,top,1,997.99,368.58,1085.16,566.52,1045.44,385.40,0.8351,1049.31,382.02,0.8120,1041.58,382.02,0.8514,1054.14,385.40,0.8411,1034.81,385.40,0.8492,1064.29,406.66,0.8000,1019.83,401.35,0.7283,1071.54,431.79,0.6999,1002.43,414.88,0.8186,1078.79,458.37,0.6809,1005.33,443.39,0.7179,1043.99,456.92,0.6450,1020.31,454.02,0.6410,1044.96,500.41,0.7474,1020.80,493.65,0.7059,1035.29,535.21,0.8024,1015.00,540.52,0.7826
351,bottom,0,1025.69,685.91,1180.47,955.59,1115.59,710.14,0.7895,1113.61,706.85,0.6344,1112.30,707.51,0.7015,1090.57,710.80,0.5394,1103.08,712.12,0.6940,1078.72,731.87,0.6678,1107.69,742.40,0.6156,1060.29,741.75,0.6687,1108.35,783.88,0.4738,1074.11,719.36,0.5233,1086.62,727.26,0.3452,1081.35,812.19,0.7368,1105.71,812.85,0.7144,1073.45,871.45,0.7878,1144.56,865.52,0.8398,1040.53,928.73,0.8342,1147.85,932.68,0.8673
352,top,1,992.03,367.00,1080.02,559.59,1041.67,381.49,0.8078,1045.43,378.19,0.8179,1037.91,378.19,0.8066,1050.13,381.96,0.8063,1031.32,381.49,0.8255,1060.00,400.76,0.7992,1017.69,397.00,0.7139,1067.06,421.45,0.7325,997.94,411.11,0.8305,1073.64,448.25,0.7188,1000.76,437.91,0.7415,1041.67,452.48,0.6358,1017.69,449.66,0.6315,1043.08,494.80,0.7334,1015.81,488.22,0.7212,1036.97,533.83,0.7856,1005.93,533.83,0.7705
352,bottom,0,1026.42,690.41,1193.80,960.55,1118.02,715.34,0.5679,1118.68,711.38,0.4976,1115.38,710.72,0.4729,1114.72,717.98,0.4027,1107.47,717.98,0.5164,1082.41,742.38,0.4957,1124.61,748.31,0.4816,1063.28,754.91,0.5113,1147.70,782.61,0.4514,1069.22,735.12,0.3785,1128.57,762.16,0.3303,1090.98,816.24,0.5677,1116.70,816.24,0.5176,1077.79,874.94,0.6240,1148.36,873.62,0.6705,1044.15,930.34,0.6295,1161.55,939.57,0.6721
353,top,1,986.62,363.03,1076.44,554.38,1038.07,377.89,0.7995,1041.81,374.62,0.8289,1034.33,374.62,0.8054,1046.48,378.36,0.8159,1027.79,377.89,0.8394,1056.29,396.11,0.8085,1014.71,394.24,0.7246,1062.36,415.26,0.7222,993.22,408.72,0.8461,1068.44,440.96,0.7368,996.02,434.88,0.7129,1039.47,449.37,0.6404,1014.24,446.56,0.6335,1041.34,492.81,0.7450,1008.64,487.21,0.7162,1038.54,532.99,0.8223,996.02,528.32,0.7660
353,bottom,0,1028.58,696.12,1204.18,967.43,1118.37,717.85,0.7186,1120.35,715.20,0.5009,1119.03,715.86,0.5806,1103.79,720.50,0.5620,1117.70,721.82,0.6932,1085.91,742.36,0.7717,1124.99,753.62,0.6300,1070.01,770.84,0.7242,1167.38,770.18,0.4436,1073.33,752.29,0.5405,1172.02,768.85,0.6658,1097.83,821.84,0.7474,1124.33,821.84,0.7609,1086.57,881.45,0.7737,1154.13,884.76,0.8398,1044.84,931.79,0.8324,1172.68,951.00,0.8351
354,top,1,978.38,360.59,1074.99,553.26,1034.21,376.02,0.7955,1037.97,372.72,0.8337,1030.45,373.20,0.8044,1042.68,376.49,0.8205,1023.86,376.49,0.8369,1052.09,392.95,0.8305,1011.16,392.48,0.7223,1057.73,412.24,0.7360,989.05,408.47,0.8364,1063.84,437.64,0.7514,991.41,433.87,0.7094,1036.56,445.16,0.6403,1010.69,442.81,0.6284,1041.27,489.85,0.7277,1002.69,483.26,0.7036,1040.80,530.30,0.7806,986.70,522.31,0.7561
354,bottom,0,1031.53,704.01,1213.73,989.27,1121.93,724.77,0.6575,1124.02,722.68,0.4633,1122.63,721.98,0.5312,1109.40,729.64,0.5887,1122.63,729.64,0.6561,1091.99,753.32,0.7861,1139.34,759.59,0.5876,1079.45,786.75,0.7626,1168.59,763.07,0.4435,1087.11,763.77,0.4897,1197.84,758.89,0.6261,1105.92,829.93,0.7442,1132.38,831.32,0.7420,1097.56,886.34,0.7557,1161.63,893.30,0.8076,1049.50,933.70,0.8138,1176.25,964.34,0.8529
355,top,1,965.98,358.92,1072.62,550.43,1030.52,375.66,0.8776,1033.79,372.39,0.8974,1026.31,372.39,0.8486,1038.47,375.66,0.8537,1020.24,375.66,0.8669,1047.35,391.09,0.8408,1006.68,393.43,0.7294,1052.96,411.66,0.7670,985.17,410.26,0.8365,1060.44,437.38,0.7898,985.64,434.57,0.7393,1034.26,442.52,0.6513,1006.21,441.58,0.6483,1041.74,486.47,0.7432,995.92,483.66,0.7507,1044.08,529.48,0.8009,975.82,521.53,0.7546
355,bottom,0,1038.65,711.87,1254.41,992.65,1129.67,733.56,0.7764,1128.97,730.75,0.6106,1129.67,730.75,0.6838,1114.22,737.78,0.7140,1127.57,738.48,0.7312,1099.47,763.06,0.8748,1148.64,767.98,0.6504,1089.64,798.88,0.8273,1194.99,767.98,0.7039,1105.09,787.64,0.4984,1230.81,745.50,0.8656,1111.41,845.24,0.7741,1137.40,845.94,0.7570,1106.49,893.70,0.8107,1172.52,904.24,0.7920,1058.03,934.44,0.8081,1176.03,973.77,0.8575
356,top,1,956.87,361.69,1067.39,548.58,1027.19,377.11,0.8881,1030.38,373.46,0.8676,1023.08,373.92,0.8488,1034.94,377.11,0.7942,1016.69,377.57,0.8537,1044.07,392.17,0.8388,1003.00,394.91,0.7429,1049.54,413.61,0.7839,982.01,413.16,0.8160,1057.76,438.71,0.7754,980.19,438.71,0.7178,1031.75,440.08,0.6590,1002.55,438.71,0.6539,1042.24,484.34,0.7656,988.40,482.97,0.7460,1048.17,527.23,0.7784,966.50,521.75,0.7485
356,bottom,0,1046.99,715.88,1246.59,992.27,1134.64,736.66,0.7974,1133.97,733.96,0.5993,1133.29,733.29,0.7020,1118.45,740.71,0.6770,1131.94,741.38,0.7012,1104.27,765.68,0.8659,1148.81,771.75,0.6368,1097.53,804.81,0.7955,1196.05,775.12,0.5717,1119.12,796.04,0.4661,1227.09,762.98,0.8056,1114.40,850.02,0.7499,1140.71,850.70,0.7270,1116.42,897.26,0.7497,1181.88,904.01,0.8129,1065.81,938.42,0.8174,1177.15,973.51,0.8606
357,top,1,947.13,364.85,1065.99,546.73,1022.99,380.31,0.9047,1026.54,376.75,0.8695,1018.99,376.75,0.8782,1031.43,380.31,0.8257,1012.78,380.75,0.8825,1040.31,395.85,0.8355,999.46,398.07,0.7542,1046.52,416.27,0.7647,979.48,418.49,0.7942,1054.52,441.14,0.7654,975.48,445.58,0.6866,1028.32,442.91,0.6919,998.12,442.91,0.6783,1042.97,483.76,0.7651,980.36,485.54,0.7481,1051.41,525.50,0.7767,959.05,520.62,0.7456
357,bottom,0,1052.48,711.42,1222.43,992.58,1135.40,734.63,0.7541,1136.09,731.19,0.5158,1134.03,731.19,0.6187,1120.98,737.37,0.5832,1134.71,737.37,0.6367,1105.20,763.46,0.8211,1149.13,767.57,0.6499,1101.08,804.64,0.7442,1172.47,779.93,0.4934,1130.59,794.34,0.4302,1202.67,786.11,0.6601,1117.55,852.00,0.6989,1143.64,854.75,0.6572,1118.92,898.68,0.7031,1182.08,904.17,0.8250,1072.25,941.24,0.8043,1177.27,974.19,0.8643
358,top,1,942.49,368.53,1070.58,548.04,1019.68,384.22,0.9258,1023.19,380.72,0.8811,1015.74,381.15,0.8651,1028.01,384.22,0.8391,1009.60,385.54,0.8925,1037.65,401.31,0.8584,996.45,402.63,0.7789,1043.34,421.91,0.7749,977.61,423.23,0.7900,1052.55,446.45,0.7790,971.91,451.71,0.6904,1024.06,445.58,0.7007,994.26,445.58,0.6806,1043.78,485.46,0.7610,974.98,488.52,0.7675,1053.42,523.15,0.8008,953.07,524.90,0.8370
358,bottom,0,1060.01,705.73,1209.29,992.74,1133.25,727.31,0.7175,1133.95,723.81,0.4971,1133.25,724.51,0.5682,1120.64,730.81,0.6312,1136.76,730.11,0.6548,1105.22,756.74,0.8079,1153.57,762.34,0.6645,1097.52,796.68,0.7958,1183.00,789.67,0.6374,1123.44,791.77,0.5008,1196.32,809.99,0.6817,1115.73,845.03,0.7150,1142.36,847.13,0.6683,1119.94,891.28,0.7196,1173.89,901.79,0.7947,1076.49,938.22,0.8214,1175.29,972.56,0.8562
359,top,1,942.04,375.40,1072.81,547.57,1017.22,389.55,0.9181,1020.62,385.71,0.9012,1013.39,386.57,0.8845,1025.30,389.55,0.8881,1007.00,390.82,0.9542,1035.09,408.28,0.8505,992.95,408.28,0.7708,1041.05,427.86,0.7667,975.50,429.56,0.7870,1052.12,452.12,0.7838,966.56,456.80,0.7395,1020.20,451.27,0.7309,991.25,452.12,0.6883,1043.61,485.75,0.7607,974.22,490.43,0.7813,1054.25,521.51,0.8310,952.09,526.61,0.8616
359,bottom,0,1059.75,697.37,1208.51,989.94,1130.56,718.66,0.7466,1131.28,715.09,0.5263,1130.56,715.80,0.5654,1119.85,722.95,0.6711,1138.42,722.23,0.6881,1104.13,749.37,0.8275,1157.70,757.95,0.7575,1091.99,786.52,0.8225,1173.42,800.09,0.7714,1116.28,774.37,0.5216,1177.70,825.80,0.7663,1110.56,833.66,0.7307,1137.70,836.52,0.7023,1115.56,882.23,0.7513,1164.13,897.23,0.8023,1078.42,931.51,0.8247,1172.70,967.94,0.8385
360,top,1,941.24,380.26,1072.10,546.55,1016.89,393.97,0.8997,1019.87,390.14,0.8906,1012.63,390.57,0.8768,1024.13,394.40,0.8690,1006.24,395.25,0.9470,1033.93,413.14,0.8330,992.19,413.57,0.7633,1039.89,430.61,0.7655,975.15,433.59,0.7994,1053.10,454.04,0.7710,963.22,460.00,0.7543,1019.02,455.31,0.7217,990.06,456.17,0.7024,1044.58,488.54,0.7490,975.15,492.37,0.7730,1053.10,519.21,0.8635,952.14,528.15,0.8667
360,bottom,0,1058.77,689.86,1206.42,987.45,1130.41,713.69,0.8100,1131.86,709.33,0.5457,1130.41,710.05,0.5639,1120.24,716.59,0.7264,1140.58,717.32,0.7307,1104.26,742.75,0.8292,1156.57,755.10,0.7996,1086.09,779.08,0.8200,1163.11,799.42,0.7578,1110.79,774.72,0.5259,1160.93,832.12,0.7500,1104.98,828.48,0.7317,1132.59,832.12,0.6964,1109.34,876.44,0.7574,1156.57,895.33,0.7782,1075.92,926.57,0.8299,1171.10,962.90,0.8275
361,top,1,941.21,381.61,1068.40,547.12,1017.64,395.22,0.8819,1020.54,391.49,0.8613,1013.09,392.32,0.8460,1025.09,395.63,0.8183,1006.88,396.88,0.9092,1035.86,414.27,0.8241,994.45,415.51,0.7216,1043.73,432.48,0.7621,976.65,434.55,0.7701,1058.22,454.43,0.7452,962.57,460.22,0.7780,1019.71,456.91,0.6911,991.56,457.74,0.6833,1046.62,489.21,0.7191,976.24,492.93,0.7422,1047.87,518.61,0.8273,952.22,528.13,0.8312
361,bottom,0,1054.45,687.84,1196.61,986.68,1131.36,710.31,0.8035,1132.82,705.93,0.5673,1132.09,706.66,0.5284,1119.69,711.77,0.7346,1140.85,713.96,0.6952,1103.64,738.03,0.8145,1156.90,754.09,0.8411,1082.48,773.78,0.8481,1155.44,802.24,0.7743,1108.02,775.24,0.5437,1148.87,831.42,0.6795,1099.26,822.67,0.7333,1126.99,826.32,0.6903,1103.64,869.36,0.7648,1154.71,891.25,0.8087,1071.54,922.62,0.8270,1162.01,961.29,0.8377
362,top,1,940.93,378.68,1072.35,546.66,1021.18,395.50,0.7435,1024.18,391.23,0.7321,1016.90,391.65,0.7410,1029.31,394.22,0.7862,1011.34,395.50,0.8827,1039.58,410.91,0.8039,998.94,413.90,0.6907,1049.42,428.02,0.7781,980.54,430.58,0.7270,1062.68,448.98,0.7851,964.71,456.68,0.7603,1022.04,456.68,0.6984,995.51,457.11,0.6687,1049.85,487.48,0.7589,979.69,492.62,0.7103,1042.14,522.99,0.7884,951.45,528.55,0.8108
362,bottom,0,1051.63,687.90,1183.69,985.12,1133.62,710.25,0.7405,1132.17,705.90,0.5564,1135.80,706.62,0.5403,1119.83,711.70,0.7133,1140.88,713.15,0.6867,1102.42,737.83,0.8204,1154.67,753.06,0.8575,1078.47,773.38,0.8507,1151.04,800.96,0.7752,1100.97,784.99,0.5927,1142.33,830.71,0.6385,1095.16,823.45,0.7254,1123.46,829.26,0.6761,1096.61,866.26,0.7628,1153.21,889.48,0.8142,1065.41,922.14,0.8221,1148.13,959.15,0.8079
363,top,1,940.62,370.19,1076.58,546.25,1028.07,387.85,0.7836,1030.73,383.87,0.7662,1023.20,384.31,0.7779,1035.60,387.85,0.7741,1017.01,389.18,0.8712,1044.89,404.67,0.7949,1005.06,408.65,0.6891,1056.40,420.16,0.7401,986.91,425.03,0.7019,1069.23,440.07,0.7458,972.75,448.48,0.6916,1028.07,452.47,0.7007,1001.96,453.35,0.6473,1051.53,484.78,0.7371,983.37,490.97,0.6796,1043.12,522.40,0.7955,952.39,526.82,0.7983
363,bottom,0,1044.50,690.11,1163.69,984.38,1132.83,711.52,0.7673,1131.39,707.21,0.5259,1134.99,707.93,0.6230,1117.74,714.40,0.7310,1139.30,714.40,0.7547,1100.50,739.54,0.8091,1152.95,753.91,0.8603,1076.08,776.90,0.8338,1148.64,802.04,0.7715,1091.16,799.89,0.6866,1137.86,830.78,0.6787,1092.60,824.32,0.7256,1119.90,828.63,0.6832,1088.29,866.70,0.7619,1151.51,889.69,0.8223,1058.83,921.30,0.8187,1134.99,956.51,0.7990
364,top,1,946.30,362.93,1083.16,544.09,1034.33,383.56,0.7677,1037.45,379.11,0.7146,1029.43,379.55,0.7395,1042.80,381.78,0.7604,1024.09,383.12,0.8363,1052.60,398.71,0.7911,1012.50,401.83,0.7124,1065.52,413.41,0.6600,994.68,418.32,0.6838,1075.32,426.78,0.7231,984.43,439.26,0.5895,1037.01,445.49,0.6758,1008.94,445.94,0.6143,1055.72,483.81,0.7671,988.44,487.37,0.6892,1044.14,521.23,0.7970,959.04,523.46,0.7539
364,bottom,0,1037.57,693.36,1159.54,986.04,1130.00,716.79,0.7677,1128.57,712.51,0.5256,1132.14,713.22,0.6001,1115.70,718.94,0.7363,1138.57,719.65,0.7906,1098.56,744.66,0.8041,1150.72,758.24,0.8622,1073.55,782.53,0.8292,1147.14,806.11,0.7598,1079.26,811.83,0.7490,1137.14,834.69,0.6711,1089.98,828.26,0.7065,1117.85,833.27,0.6681,1081.41,868.28,0.7307,1147.14,894.00,0.8161,1051.40,919.73,0.7946,1126.42,958.31,0.8047
365,top,1,959.16,355.16,1087.87,541.66,1040.36,375.11,0.7184,1043.09,370.55,0.6870,1035.81,371.46,0.7028,1049.01,372.83,0.7371,1030.34,376.02,0.7898,1059.03,390.13,0.7895,1019.87,394.68,0.7201,1069.50,405.16,0.6463,1002.57,411.99,0.7415,1080.43,419.73,0.7230,993.46,434.75,0.6840,1043.55,441.13,0.6749,1017.59,440.22,0.6336,1056.75,480.28,0.7725,997.56,480.74,0.7046,1044.46,520.35,0.7898,972.97,515.80,0.7657
365,bottom,0,1030.92,699.75,1156.96,987.07,1124.10,722.06,0.7986,1122.00,718.55,0.5287,1125.51,719.25,0.5664,1110.78,724.16,0.7644,1135.33,724.86,0.8161,1095.34,750.82,0.8102,1147.95,763.44,0.8786,1070.79,788.70,0.8139,1145.85,811.84,0.7681,1069.39,822.37,0.7969,1135.33,844.11,0.6892,1087.63,832.19,0.6943,1116.39,838.50,0.6720,1074.30,869.36,0.7160,1143.04,898.82,0.8104,1044.84,918.46,0.7555,1123.40,963.36,0.8072
366,top,1,974.43,349.48,1105.80,539.03,1047.98,366.51,0.7443,1051.22,362.80,0.7177,1043.82,363.73,0.7016,1055.38,365.58,0.7513,1037.34,368.36,0.7592,1065.10,382.24,0.7922,1027.15,387.33,0.7406,1077.14,399.83,0.7071,1008.64,407.23,0.7751,1088.70,414.64,0.7168,1004.48,430.83,0.6522,1050.76,432.68,0.6738,1024.84,430.83,0.6438,1057.70,476.18,0.7670,1008.64,476.18,0.7090,1046.13,517.84,0.7696,989.21,513.21,0.7798
366,bottom,0,1027.09,702.46,1154.82,987.30,1117.38,724.57,0.8287,1114.60,721.10,0.5381,1119.47,721.10,0.5744,1104.86,727.35,0.8050,1129.90,727.35,0.8009,1089.56,754.48,0.8148,1143.81,764.91,0.8855,1065.92,792.03,0.8106,1143.81,813.59,0.7637,1062.44,826.80,0.7884,1134.07,845.57,0.7034,1084.00,835.84,0.6932,1113.90,842.10,0.6809,1068.01,870.61,0.7130,1139.63,900.51,0.8101,1042.97,913.73,0.7397,1122.94,964.49,0.8210
367,top,1,994.51,340.60,1103.16,537.01,1051.23,360.16,0.7252,1054.59,356.33,0.6651,1046.92,357.29,0.6735,1059.86,358.72,0.7401,1041.64,361.60,0.7844,1069.45,374.55,0.7649,1033.01,381.26,0.7592,1080.48,393.25,0.7047,1014.31,403.80,0.8003,1093.43,407.64,0.6968,1016.23,431.61,0.6274,1055.55,427.30,0.6838,1030.13,425.38,0.6666,1062.26,472.37,0.7746,1021.98,469.97,0.7138,1049.31,516.01,0.8015,1004.72,510.25,0.7814
367,bottom,0,1026.96,699.82,1153.16,986.90,1109.68,721.41,0.8236,1107.58,717.90,0.5779,1112.49,717.90,0.5631,1099.17,724.91,0.7991,1121.60,725.61,0.7752,1082.35,752.95,0.8098,1137.02,762.06,0.8582,1059.92,790.79,0.8004,1139.12,810.42,0.7110,1055.02,825.14,0.7835,1131.41,844.06,0.6606,1079.55,833.55,0.6997,1111.09,839.15,0.6814,1063.43,868.59,0.7451,1133.51,898.03,0.8024,1042.40,913.45,0.7233,1123.70,963.21,0.8203
368,top,1,1010.45,336.56,1116.94,530.78,1059.91,353.54,0.7768,1062.28,349.27,0.7059,1055.16,350.69,0.6922,1065.60,351.64,0.6835,1048.05,354.96,0.8089,1073.66,367.29,0.7781,1039.99,376.30,0.7750,1084.56,387.68,0.6462,1021.50,401.43,0.8258,1103.05,407.12,0.6353,1028.14,426.09,0.6474,1061.80,423.24,0.6690,1039.99,421.82,0.6768,1066.54,467.34,0.7588,1034.30,464.97,0.6878,1055.16,510.01,0.8109,1020.55,507.64,0.7942
368,bottom,0,1022.77,694.23,1151.98,985.02,1100.15,716.81,0.7658,1097.31,712.55,0.5988,1102.28,712.55,0.5136,1089.50,718.94,0.7805,1111.51,719.65,0.7605,1073.18,748.75,0.8219,1128.55,755.14,0.8697,1053.30,785.67,0.7939,1132.81,803.42,0.7385,1048.33,821.17,0.7982,1125.00,838.20,0.7098,1076.02,827.56,0.6897,1106.54,832.52,0.6705,1057.56,865.89,0.7514,1124.29,893.58,0.7974,1040.52,912.04,0.7534,1125.00,958.89,0.8370
369,top,1,1022.29,334.47,1130.72,527.99,1065.17,350.44,0.7347,1067.53,346.66,0.6669,1060.44,347.61,0.6984,1071.31,349.50,0.6694,1054.30,351.86,0.7782,1079.34,366.98,0.7609,1045.79,373.59,0.7939,1091.62,388.71,0.6519,1028.79,399.58,0.8239,1112.41,409.50,0.6135,1037.76,423.20,0.6834,1066.58,420.84,0.6955,1046.27,419.42,0.6961,1074.14,463.36,0.7738,1045.79,460.52,0.7279,1059.97,503.52,0.7904,1034.46,504.46,0.7952
369,bottom,0,1022.43,687.00,1145.91,982.17,1091.38,710.63,0.8163,1089.93,706.31,0.6203,1092.10,707.03,0.5567,1079.84,712.80,0.7937,1100.74,713.52,0.7783,1063.99,743.06,0.8131,1118.76,748.11,0.8736,1045.98,779.82,0.7952,1125.97,794.95,0.7666,1040.93,816.57,0.7906,1120.20,830.98,0.7199,1071.20,818.01,0.6855,1102.18,822.33,0.6618,1053.90,861.25,0.7668,1115.88,885.03,0.7624,1039.49,914.57,0.7954,1125.24,950.61,0.8428
370,top,3,1029.14,330.69,1141.58,526.36,1069.59,348.75,0.7319,1071.98,344.92,0.6867,1064.82,346.36,0.6901,1076.28,348.27,0.6879,1058.61,351.61,0.7603,1083.93,365.94,0.7398,1052.40,373.11,0.7765,1095.39,387.92,0.5876,1035.20,399.39,0.8347,1117.37,409.42,0.4910,1048.10,419.45,0.7569,1071.03,419.93,0.7019,1051.44,419.93,0.6913,1082.49,460.53,0.7851,1056.22,460.06,0.7324,1066.73,499.23,0.7929,1046.66,503.53,0.7865
370,bottom,0,1022.55,678.89,1133.91,959.65,1081.65,704.11,0.8376,1080.97,700.00,0.5978,1081.65,699.32,0.5506,1070.69,706.17,0.8040,1092.62,706.86,0.8147,1055.61,737.70,0.8476,1110.44,741.13,0.9023,1037.78,776.77,0.8361,1120.04,788.43,0.7859,1032.99,811.73,0.7931,1115.24,823.38,0.7441,1064.52,817.21,0.7533,1096.73,820.64,0.7254,1049.44,859.71,0.8233,1110.44,881.65,0.7935,1038.47,916.61,0.8517,1120.04,939.91,0.8861
371,top,3,1036.17,329.94,1141.70,526.01,1074.57,348.03,0.7328,1076.97,344.68,0.6850,1069.79,345.64,0.6932,1081.75,348.99,0.6742,1064.52,351.38,0.7460,1089.89,364.31,0.7804,1058.30,372.44,0.7915,1095.16,384.89,0.6392,1042.02,400.21,0.8503,1110.00,400.21,0.5195,1057.82,419.36,0.7768,1076.97,420.79,0.7175,1057.82,421.27,0.7131,1090.85,459.57,0.7688,1066.43,460.05,0.7672,1075.05,492.12,0.8165,1056.38,503.61,0.7947
371,bottom,0,1020.73,675.59,1131.17,970.18,1075.95,697.02,0.7413,1074.51,692.71,0.5764,1077.39,692.71,0.5507,1064.44,699.90,0.7891,1086.74,699.90,0.7978,1048.62,731.55,0.8322,1104.72,734.42,0.8688,1032.80,771.10,0.8061,1113.35,781.89,0.8032,1027.04,805.62,0.7749,1109.75,816.41,0.7454,1059.41,809.94,0.7169,1091.05,812.82,0.6995,1047.90,855.97,0.7809,1105.44,873.95,0.7805,1038.55,915.66,0.8026,1111.91,928.61,0.8429
372,top,4,1043.06,334.62,1135.08,527.71,1081.05,350.08,0.6792,1082.94,346.31,0.6341,1075.87,347.72,0.6597,1087.18,349.14,0.6532,1070.21,352.44,0.7383,1094.25,367.99,0.7478,1064.56,374.12,0.7692,1096.14,387.79,0.6005,1048.53,400.99,0.8105,1112.17,401.46,0.6276,1067.86,420.32,0.7121,1082.94,422.21,0.6545,1063.61,424.09,0.6470,1098.50,459.92,0.7315,1075.87,463.69,0.7432,1086.71,487.26,0.7313,1065.03,507.53,0.8028
372,bottom,0,1014.86,667.06,1116.40,960.78,1069.93,689.86,0.7514,1069.93,685.56,0.5521,1071.37,685.56,0.5347,1058.46,692.01,0.7581,1080.69,692.01,0.7521,1043.40,724.28,0.8175,1098.62,727.15,0.8692,1027.62,765.87,0.8087,1109.37,774.48,0.7684,1022.61,800.29,0.7902,1107.22,808.18,0.7140,1055.59,805.31,0.7133,1087.14,807.47,0.7157,1045.55,855.51,0.7716,1098.62,866.27,0.7783,1038.38,914.31,0.7976,1102.92,919.33,0.8396
373,top,2,1048.12,337.21,1132.61,528.25,1087.57,351.58,0.6464,1089.43,348.31,0.6402,1082.90,349.25,0.6187,1093.16,352.98,0.5809,1075.91,354.38,0.6820,1097.36,372.10,0.6947,1070.31,376.30,0.7352,1097.83,392.62,0.5348,1055.39,403.82,0.7966,1113.69,404.28,0.5524,1079.17,420.61,0.6348,1088.97,425.27,0.6408,1068.45,428.07,0.6260,1104.36,458.85,0.6931,1081.97,465.85,0.7425,1100.16,483.57,0.6734,1067.05,506.89,0.7520
373,bottom,0,1010.82,659.85,1111.81,947.17,1062.72,683.56,0.6730,1059.21,678.65,0.5418,1066.23,678.65,0.4804,1052.90,684.97,0.7470,1076.05,684.97,0.7425,1038.87,717.93,0.8079,1093.58,720.04,0.8491,1024.14,758.62,0.7991,1105.51,766.34,0.7739,1019.23,792.29,0.7833,1104.11,797.90,0.7240,1052.20,802.11,0.7102,1083.76,803.51,0.7235,1043.08,856.12,0.8028,1091.48,859.63,0.7966,1038.17,915.05,0.8324,1093.58,911.54,0.8152
374,top,2,1055.05,338.79,1137.84,528.15,1094.59,354.88,0.6621,1095.98,351.64,0.6421,1089.97,352.57,0.6246,1099.22,355.80,0.5477,1083.04,357.19,0.6985,1102.45,375.68,0.7209,1076.56,379.38,0.7397,1101.53,396.49,0.5497,1062.23,405.73,0.8039,1118.63,406.19,0.5973,1084.42,418.21,0.5921,1093.67,427.46,0.6287,1073.79,430.70,0.6479,1108.46,457.51,0.6233,1087.66,467.68,0.7329,1108.93,479.24,0.6509,1067.78,507.44,0.7274
374,bottom,0,1009.81,653.41,1109.10,939.52,1058.06,677.02,0.6818,1054.56,672.13,0.5343,1060.15,672.13,0.4741,1048.98,679.12,0.7381,1071.33,679.12,0.7332,1033.61,712.64,0.8032,1090.19,713.34,0.8324,1020.34,752.46,0.7814,1102.76,758.05,0.7682,1016.15,783.19,0.7520,1102.06,790.18,0.7214,1049.68,795.76,0.7138,1080.41,796.46,0.7251,1041.99,853.04,0.8346,1086.00,853.04,0.8125,1038.50,911.71,0.8519,1084.60,904.73,0.8334
375,top,3,1057.14,338.80,1147.99,528.67,1101.17,355.85,0.7093,1102.56,352.15,0.6868,1096.54,353.07,0.6545,1104.88,356.78,0.5620,1088.66,358.64,0.7170,1107.66,376.71,0.7375,1084.02,379.96,0.7482,1108.13,398.04,0.5322,1071.97,406.85,0.8016,1128.06,405.92,0.5480,1097.46,415.65,0.5945,1100.71,429.10,0.6044,1081.24,430.95,0.6149,1113.69,457.37,0.6253,1090.97,469.43,0.6878,1115.08,477.31,0.6560,1068.72,507.90,0.7285
375,bottom,0,1007.17,649.22,1107.81,935.99,1055.39,672.88,0.6998,1051.89,667.28,0.5161,1056.09,667.28,0.4956,1045.59,673.58,0.7382,1067.99,673.58,0.7314,1030.89,707.89,0.7961,1086.20,707.89,0.8263,1017.58,747.10,0.7450,1100.20,752.70,0.7612,1014.78,773.00,0.7082,1100.20,786.30,0.7135,1047.69,790.51,0.7191,1077.10,791.21,0.7346,1040.69,851.42,0.8357,1079.90,846.52,0.7896,1037.89,911.63,0.8571,1077.10,899.73,0.8443
376,top,3,1056.23,338.31,1132.07,526.92,1106.12,353.87,0.6810,1107.50,350.65,0.6631,1101.98,351.57,0.6093,1110.27,355.25,0.5634,1094.15,357.09,0.7067,1111.65,374.59,0.7049,1090.47,379.20,0.7810,1109.81,396.23,0.4885,1081.72,408.21,0.7858,1130.99,399.46,0.4166,1108.42,407.75,0.6868,1104.28,428.47,0.6174,1086.78,430.77,0.6328,1122.70,455.17,0.6645,1095.07,471.75,0.6985,1114.87,480.04,0.6941,1069.28,507.21,0.6974
376,bottom,0,1005.63,644.84,1105.60,931.09,1052.12,669.16,0.7036,1049.33,663.57,0.4867,1052.12,663.57,0.4918,1041.64,670.55,0.7361,1064.70,669.86,0.7417,1026.96,703.40,0.8178,1082.87,704.10,0.8159,1013.68,743.94,0.7644,1097.55,746.73,0.7603,1012.99,767.70,0.6887,1098.95,776.78,0.7136,1043.74,787.27,0.7258,1073.79,787.27,0.7374,1038.84,850.16,0.8323,1075.19,841.78,0.7456,1038.15,912.36,0.8605,1071.69,896.29,0.8235
377,top,3,1058.26,333.14,1162.83,525.80,1111.48,349.98,0.6956,1112.90,346.21,0.6401,1107.25,347.62,0.6029,1116.19,350.45,0.5867,1099.72,352.33,0.7016,1117.13,369.73,0.7132,1095.96,373.49,0.8095,1119.48,389.49,0.4844,1090.79,405.01,0.7633,1143.94,384.78,0.5604,1114.78,392.31,0.5232,1110.07,425.23,0.6986,1092.20,427.59,0.6922,1128.89,452.04,0.7236,1095.96,470.86,0.7384,1116.66,478.86,0.7271,1072.44,505.20,0.7770
377,bottom,0,1003.31,644.06,1104.68,931.54,1049.78,667.08,0.7199,1046.98,662.17,0.4880,1050.49,662.87,0.4851,1039.26,668.49,0.7416,1061.72,668.49,0.7389,1023.82,701.48,0.8234,1079.26,701.48,0.8066,1010.48,743.59,0.7743,1096.11,742.89,0.7825,1011.88,763.24,0.6786,1098.21,770.96,0.7128,1040.66,784.29,0.7186,1070.84,784.29,0.7281,1037.85,848.87,0.8007,1070.14,834.83,0.7419,1037.85,910.63,0.8220,1065.93,890.28,0.8180
378,top,1,1061.78,324.55,1166.69,522.08,1115.20,338.92,0.6844,1117.61,335.54,0.6322,1110.86,336.02,0.6096,1120.51,340.36,0.5637,1103.15,341.81,0.6792,1119.54,361.10,0.7171,1101.70,363.51,0.7683,1130.15,375.09,0.5653,1097.36,393.90,0.7187,1151.37,364.00,0.7138,1113.76,379.91,0.5405,1113.76,416.56,0.6892,1097.36,418.97,0.6640,1130.63,448.88,0.6984,1096.88,463.34,0.6925,1117.61,477.81,0.6934,1073.73,500.96,0.7388
378,bottom,0,1000.23,643.47,1103.70,931.87,1047.04,667.27,0.7305,1044.92,662.34,0.4985,1047.74,662.34,0.4956,1036.48,668.68,0.7466,1059.01,667.98,0.7566,1020.28,701.77,0.8338,1076.61,701.07,0.8128,1006.90,742.61,0.7951,1093.51,741.91,0.7941,1011.13,760.92,0.6953,1097.03,768.66,0.7205,1037.88,784.15,0.7208,1067.46,784.15,0.7278,1036.48,848.22,0.7822,1066.05,830.62,0.7393,1038.59,909.48,0.8183,1063.23,884.13,0.7810
379,top,2,1064.78,313.47,1164.67,516.32,1115.71,327.73,0.6507,1117.20,325.26,0.6101,1111.75,325.75,0.5907,1119.68,329.22,0.5625,1104.82,331.20,0.6570,1122.15,349.52,0.6951,1104.32,351.01,0.7650,1131.56,359.92,0.5675,1100.86,375.77,0.7114,1148.89,347.05,0.7025,1116.70,359.43,0.4778,1117.69,406.48,0.6528,1101.35,407.47,0.6560,1127.10,444.61,0.7004,1096.40,452.53,0.6871,1116.70,476.30,0.7543,1074.11,495.12,0.7476
379,bottom,0,998.17,643.09,1102.15,931.40,1043.83,666.18,0.7522,1042.42,661.95,0.5022,1043.83,661.95,0.5304,1033.97,668.29,0.7520,1055.79,667.59,0.7544,1017.78,700.67,0.8385,1073.39,700.67,0.8077,1003.70,741.49,0.7981,1092.39,741.49,0.7967,1008.63,756.98,0.6856,1095.91,767.54,0.7303,1035.38,784.43,0.7181,1064.24,784.43,0.7324,1035.38,848.48,0.7817,1062.13,830.18,0.7311,1038.90,909.72,0.8084,1060.02,873.12,0.7637
380,top,1,1067.59,301.14,1135.33,494.86,1112.81,314.76,0.7056,1114.71,311.45,0.6436,1109.03,311.92,0.5992,1118.49,315.23,0.6590,1103.83,318.07,0.6649,1122.75,339.83,0.6957,1102.88,340.30,0.7199,1129.84,353.07,0.6481,1101.46,356.38,0.6942,1144.03,333.20,0.6934,1111.40,328.00,0.6601,1119.91,398.00,0.6157,1103.35,399.42,0.6427,1120.85,439.15,0.7397,1099.10,442.93,0.7520,1116.60,475.57,0.7857,1074.50,483.13,0.8101
380,bottom,0,994.75,642.87,1101.38,930.80,1041.74,665.93,0.7917,1041.04,661.71,0.5203,1041.74,661.01,0.5662,1031.90,668.04,0.7656,1054.39,667.33,0.7669,1015.73,699.67,0.8460,1071.26,701.08,0.8199,1000.97,740.44,0.8048,1090.24,741.15,0.8063,1006.59,754.50,0.6749,1094.46,767.16,0.7416,1032.60,784.03,0.7335,1060.72,783.32,0.7503,1033.30,847.29,0.7820,1058.61,829.02,0.7178,1038.22,909.15,0.7982,1057.91,864.87,0.7061
381,top,1,1066.23,288.29,1149.24,489.66,1120.02,310.80,0.6040,1121.01,307.36,0.5269,1116.58,307.85,0.5044,1121.99,308.84,0.5024,1110.68,313.26,0.5706,1125.92,330.47,0.5950,1106.26,329.98,0.5729,1135.76,330.96,0.5465,1097.90,333.42,0.5292,1144.11,314.25,0.6581,1104.29,310.31,0.5781,1121.50,389.96,0.5818,1105.77,389.96,0.5946,1119.04,431.74,0.7233,1100.36,432.73,0.7309,1119.53,468.61,0.7644,1075.78,470.09,0.8021
381,bottom,0,992.79,642.53,1100.56,929.16,1041.08,664.79,0.7683,1039.68,659.89,0.5204,1041.08,659.89,0.5482,1031.28,666.19,0.7634,1052.98,666.19,0.7600,1013.79,698.38,0.8306,1069.77,700.48,0.8146,999.09,738.26,0.7911,1088.67,741.06,0.8034,1003.29,753.66,0.6861,1092.86,766.26,0.7631,1029.88,783.05,0.7239,1057.87,783.05,0.7392,1029.88,845.33,0.7667,1055.78,827.14,0.7185,1036.88,904.81,0.8001,1055.08,862.83,0.7160
382,top,,,,,,,,,,,,,,,,,,,,,,,,,,,,,,,,,,,,,,,,,,,,,,,,,,,,,,,,
382,bottom,,,,,,,,,,,,,,,,,,,,,,,,,,,,,,,,,,,,,,,,,,,,,,,,,,,,,,,,
383,top,,,,,,,,,,,,,,,,,,,,,,,,,,,,,,,,,,,,,,,,,,,,,,,,,,,,,,,,
383,bottom,,,,,,,,,,,,,,,,,,,,,,,,,,,,,,,,,,,,,,,,,,,,,,,,,,,,,,,,
384,top,,,,,,,,,,,,,,,,,,,,,,,,,,,,,,,,,,,,,,,,,,,,,,,,,,,,,,,,
384,bottom,,,,,,,,,,,,,,,,,,,,,,,,,,,,,,,,,,,,,,,,,,,,,,,,,,,,,,,,
385,top,,,,,,,,,,,,,,,,,,,,,,,,,,,,,,,,,,,,,,,,,,,,,,,,,,,,,,,,
385,bottom,,,,,,,,,,,,,,,,,,,,,,,,,,,,,,,,,,,,,,,,,,,,,,,,,,,,,,,,
386,top,,,,,,,,,,,,,,,,,,,,,,,,,,,,,,,,,,,,,,,,,,,,,,,,,,,,,,,,
386,bottom,,,,,,,,,,,,,,,,,,,,,,,,,,,,,,,,,,,,,,,,,,,,,,,,,,,,,,,,
387,top,,,,,,,,,,,,,,,,,,,,,,,,,,,,,,,,,,,,,,,,,,,,,,,,,,,,,,,,
387,bottom,,,,,,,,,,,,,,,,,,,,,,,,,,,,,,,,,,,,,,,,,,,,,,,,,,,,,,,,
388,top,,,,,,,,,,,,,,,,,,,,,,,,,,,,,,,,,,,,,,,,,,,,,,,,,,,,,,,,
388,bottom,,,,,,,,,,,,,,,,,,,,,,,,,,,,,,,,,,,,,,,,,,,,,,,,,,,,,,,,
389,top,,,,,,,,,,,,,,,,,,,,,,,,,,,,,,,,,,,,,,,,,,,,,,,,,,,,,,,,
389,bottom,,,,,,,,,,,,,,,,,,,,,,,,,,,,,,,,,,,,,,,,,,,,,,,,,,,,,,,,
390,top,,,,,,,,,,,,,,,,,,,,,,,,,,,,,,,,,,,,,,,,,,,,,,,,,,,,,,,,
390,bottom,,,,,,,,,,,,,,,,,,,,,,,,,,,,,,,,,,,,,,,,,,,,,,,,,,,,,,,,
391,top,,,,,,,,,,,,,,,,,,,,,,,,,,,,,,,,,,,,,,,,,,,,,,,,,,,,,,,,
391,bottom,,,,,,,,,,,,,,,,,,,,,,,,,,,,,,,,,,,,,,,,,,,,,,,,,,,,,,,,
392,top,,,,,,,,,,,,,,,,,,,,,,,,,,,,,,,,,,,,,,,,,,,,,,,,,,,,,,,,
392,bottom,,,,,,,,,,,,,,,,,,,,,,,,,,,,,,,,,,,,,,,,,,,,,,,,,,,,,,,,
393,top,1,1084.01,295.73,1172.26,486.92,1122.06,313.38,0.6525,1124.40,309.18,0.6388,1117.40,310.11,0.6178,1129.53,310.58,0.6828,1111.80,314.31,0.7168,1142.14,327.85,0.5851,1106.66,335.78,0.6958,1164.07,335.78,0.4858,1104.33,365.66,0.6624,1152.41,343.72,0.4418,1121.60,352.12,0.4086,1137.00,388.06,0.6378,1119.26,390.39,0.6349,1144.47,426.80,0.6426,1124.40,433.34,0.6821,1140.74,455.74,0.7366,1096.86,466.48,0.7725
393,bottom,0,894.04,634.95,1094.06,871.78,1008.37,656.35,0.9546,1007.72,652.45,0.5899,1011.63,654.40,0.5551,997.31,660.26,0.6951,1016.19,661.56,0.7555,978.42,686.95,0.9264,1031.81,694.77,0.9124,961.49,726.67,0.8464,1047.44,737.74,0.8633,946.52,764.43,0.8714,1060.46,766.39,0.9082,982.33,757.27,0.7788,1013.58,759.23,0.7969,942.61,800.90,0.9106,1047.44,793.73,0.9279,910.06,851.68,0.9300,1074.79,849.08,0.9686
394,top,1,1084.23,306.33,1168.40,489.54,1123.18,325.03,0.6607,1126.76,321.45,0.6630,1119.16,321.90,0.6614,1133.02,323.69,0.7497,1115.13,325.93,0.7674,1146.44,340.69,0.7007,1108.42,347.84,0.7193,1162.10,359.47,0.7033,1102.61,374.23,0.7370,1145.99,371.10,0.5844,1122.74,367.52,0.5113,1137.94,397.49,0.6587,1118.71,399.28,0.6587,1147.34,434.17,0.6830,1126.76,439.09,0.7217,1140.18,458.77,0.7306,1097.69,470.40,0.7746
394,bottom,0,893.83,643.46,1094.10,871.64,1003.74,663.68,0.9770,1004.39,660.42,0.6031,1005.70,661.72,0.5557,993.31,666.94,0.7096,1011.57,668.24,0.7783,975.06,693.67,0.9218,1026.56,700.84,0.9131,956.81,732.78,0.8426,1043.51,741.26,0.8478,939.86,771.24,0.9081,1059.15,769.29,0.9035,979.62,763.42,0.7992,1009.61,764.72,0.7957,937.90,803.84,0.9364,1044.81,794.71,0.9208,907.91,854.03,0.9331,1074.80,850.12,0.9641
395,top,1,1085.12,316.22,1163.73,487.88,1127.78,331.64,0.7475,1131.13,328.29,0.7498,1123.59,328.71,0.7385,1135.74,332.06,0.7838,1117.30,332.90,0.8002,1147.90,352.18,0.7561,1108.08,354.27,0.7188,1156.28,378.58,0.7290,1099.28,378.16,0.7461,1139.51,390.31,0.5846,1121.91,379.84,0.5227,1137.84,403.31,0.6329,1117.72,405.82,0.6389,1151.25,437.25,0.7194,1128.62,441.44,0.7081,1140.77,459.88,0.7215,1098.44,470.36,0.7473
395,bottom,0,895.18,645.22,1093.54,871.23,1003.40,665.89,0.9715,1004.69,663.31,0.5808,1004.69,664.60,0.5144,992.42,669.12,0.6793,1011.15,670.41,0.7512,974.34,694.95,0.9182,1025.35,700.76,0.9285,954.97,735.63,0.8777,1042.78,742.08,0.8553,935.60,772.43,0.9538,1058.93,768.56,0.8885,978.86,766.62,0.8013,1009.85,767.26,0.8052,937.54,802.78,0.9446,1045.37,791.16,0.9336,908.48,854.43,0.9351,1071.19,849.27,0.9697
396,top,1,1086.28,322.12,1160.56,488.72,1130.74,337.09,0.7981,1133.58,333.43,0.8151,1126.26,333.83,0.7678,1137.65,337.49,0.7603,1118.94,338.31,0.8120,1148.23,359.87,0.7690,1107.96,357.83,0.6929,1148.63,389.15,0.7532,1095.76,378.17,0.7719,1131.14,402.17,0.5622,1109.59,392.81,0.6645,1136.02,404.61,0.6018,1113.65,405.83,0.6042,1152.29,438.37,0.7217,1126.67,439.59,0.6863,1140.50,461.14,0.7079,1097.79,470.09,0.7336
396,bottom,0,894.07,642.13,1091.95,871.36,1007.18,662.70,0.9291,1005.89,658.84,0.5892,1009.12,659.48,0.5160,996.23,665.28,0.6996,1014.91,666.57,0.7260,978.84,691.69,0.9288,1030.37,696.84,0.9262,957.58,730.98,0.8588,1046.47,740.00,0.8691,936.97,766.41,0.9150,1061.93,761.90,0.8813,983.35,765.12,0.7888,1015.56,765.12,0.8150,942.77,803.77,0.9052,1050.34,788.31,0.9298,909.27,854.01,0.9311,1067.73,847.57,0.9700
397,top,1,1082.24,325.31,1160.07,487.40,1130.65,339.87,0.8452,1133.03,336.70,0.8574,1126.30,336.70,0.7787,1136.98,340.27,0.7551,1118.38,340.66,0.8399,1146.48,362.43,0.7805,1105.72,359.66,0.6784,1142.13,391.71,0.7544,1091.47,375.09,0.7530,1121.95,405.96,0.5494,1098.99,396.06,0.7562,1133.03,405.17,0.6068,1110.07,406.35,0.5884,1150.44,439.60,0.7148,1119.18,437.62,0.6926,1140.55,460.96,0.7476,1094.24,469.28,0.7815
397,bottom,0,894.14,635.27,1093.65,868.92,1012.73,655.98,0.8994,1010.78,652.09,0.5935,1015.33,652.74,0.5594,1002.99,659.23,0.7739,1020.52,659.88,0.7373,986.10,687.80,0.9272,1037.41,691.05,0.9170,964.02,724.82,0.8597,1053.00,731.97,0.8775,941.29,757.94,0.8934,1067.93,753.40,0.8471,994.55,760.54,0.8048,1023.77,760.54,0.8429,953.63,802.10,0.8601,1058.84,783.92,0.9526,913.37,850.81,0.9428,1069.23,846.27,0.9814
398,top,1,1079.04,325.45,1159.66,486.85,1126.83,339.95,0.8731,1129.59,336.80,0.8765,1122.50,336.80,0.8065,1134.32,340.34,0.7977,1115.01,340.74,0.8506,1143.38,362.02,0.7962,1102.80,358.47,0.6680,1137.87,389.99,0.7368,1087.03,367.93,0.6638,1115.80,403.39,0.5218,1092.55,393.54,0.6809,1129.99,404.97,0.6217,1105.95,404.97,0.6063,1145.35,436.89,0.6406,1110.28,433.73,0.6958,1140.23,460.13,0.7667,1089.01,468.41,0.8205
398,bottom,0,896.93,627.05,1094.05,866.61,1018.59,649.30,0.9332,1017.31,645.45,0.6259,1019.87,645.45,0.6455,1008.96,653.15,0.7489,1027.57,652.51,0.8013,994.85,682.02,0.8944,1046.82,682.02,0.9422,973.03,717.31,0.8488,1059.65,720.52,0.8593,949.93,750.03,0.8519,1075.69,744.90,0.8202,1004.47,753.88,0.7866,1035.91,753.24,0.8323,964.69,800.08,0.8123,1066.71,785.32,0.8994,922.34,847.56,0.8811,1072.49,843.71,0.9513
399,top,1,1074.69,324.55,1158.25,485.97,1121.20,337.87,0.8724,1124.35,334.72,0.8832,1117.26,334.72,0.8319,1128.69,338.27,0.8686,1110.17,338.27,0.8499,1138.15,359.55,0.7831,1097.95,356.79,0.6685,1133.81,387.53,0.7258,1081.40,367.43,0.7457,1112.14,400.93,0.4648,1086.91,393.04,0.7441,1125.54,403.68,0.6464,1101.10,402.90,0.6303,1139.33,436.00,0.6365,1097.95,435.21,0.7245,1138.54,459.25,0.7988,1083.37,470.68,0.8262
399,bottom,0,920.05,622.67,1096.54,863.78,1027.13,644.34,0.9281,1026.54,640.80,0.6170,1028.31,640.80,0.5702,1017.71,647.87,0.7373,1035.96,646.69,0.7571,1003.59,676.71,0.8836,1054.80,675.53,0.9485,980.63,713.21,0.8050,1070.10,714.38,0.8465,957.67,746.76,0.8469,1084.82,739.11,0.8135,1015.36,747.94,0.7485,1047.15,747.94,0.7926,975.33,793.26,0.8070,1073.63,783.26,0.9127,946.49,845.65,0.8252,1074.81,837.41,0.9282
400,top,1,1062.71,323.05,1157.07,494.73,1114.92,336.38,0.8383,1118.69,333.87,0.8302,1110.73,333.45,0.8114,1122.88,337.22,0.8377,1103.60,336.80,0.8266,1132.52,358.60,0.7896,1089.77,354.82,0.6923,1128.75,388.35,0.7144,1076.36,367.82,0.6880,1105.70,404.28,0.4838,1079.71,393.38,0.7042,1120.37,402.60,0.6272,1094.80,401.77,0.6168,1135.04,436.97,0.6448,1088.10,436.13,0.6892,1139.23,456.25,0.7481,1077.62,473.02,0.7824
400,bottom,0,952.01,617.68,1105.37,864.27,1035.31,639.23,0.9662,1037.12,635.62,0.6684,1034.11,635.62,0.5127,1026.28,642.24,0.7108,1043.74,642.24,0.7282,1012.43,673.55,0.8934,1063.60,671.14,0.9501,988.95,710.87,0.8476,1080.46,710.27,0.8586,967.88,742.78,0.8796,1094.31,734.35,0.8310,1025.68,744.59,0.7651,1058.19,744.59,0.7891,986.55,784.92,0.8815,1078.05,780.71,0.8438,978.12,843.32,0.8146,1079.26,831.28,0.8886
401,top,1,1057.64,320.98,1156.32,497.94,1108.71,336.87,0.8703,1112.16,333.85,0.8448,1104.39,333.85,0.8285,1116.92,337.74,0.8544,1096.61,337.74,0.8486,1125.99,358.91,0.8033,1082.35,355.88,0.7355,1122.96,389.58,0.7486,1070.26,373.17,0.6397,1103.09,409.89,0.6193,1072.42,398.22,0.7201,1115.62,402.54,0.6319,1087.54,401.68,0.6115,1131.17,436.68,0.6476,1078.90,441.43,0.6642,1139.81,456.12,0.7336,1070.69,478.58,0.8099
401,bottom,0,966.00,614.71,1119.43,861.23,1043.92,637.46,0.9248,1046.32,634.45,0.6159,1041.51,633.85,0.5520,1034.89,641.67,0.6901,1052.95,641.07,0.7437,1019.84,671.76,0.8611,1071.00,669.96,0.9118,997.57,708.48,0.8304,1090.26,708.48,0.8576,978.31,739.78,0.8565,1105.91,731.95,0.8449,1036.09,743.39,0.7560,1066.79,742.18,0.7923,997.57,779.50,0.8732,1084.84,774.68,0.7925,1005.40,837.88,0.8388,1087.85,828.25,0.8139
402,top,1,1056.21,324.84,1149.08,496.65,1100.55,338.59,0.8499,1104.32,335.66,0.8454,1096.77,335.24,0.8067,1108.94,339.01,0.8322,1089.22,339.01,0.8323,1119.43,360.83,0.7801,1075.80,357.47,0.7486,1117.75,391.87,0.7039,1064.48,379.28,0.6795,1103.49,414.94,0.6529,1065.31,401.93,0.7011,1111.04,403.61,0.6379,1082.93,403.61,0.6103,1127.82,437.59,0.6439,1072.45,440.53,0.6316,1134.11,454.37,0.7177,1069.09,480.37,0.7795
402,bottom,0,976.71,614.77,1130.91,862.65,1053.81,637.65,0.8370,1055.62,633.41,0.5210,1053.20,633.41,0.5230,1043.52,640.67,0.6567,1062.88,640.67,0.7423,1027.78,669.72,0.8601,1078.62,669.72,0.8666,1006.00,706.63,0.8236,1101.01,707.84,0.8559,989.05,737.50,0.8386,1116.74,730.24,0.8602,1044.73,743.55,0.7281,1076.80,740.52,0.7660,1007.81,783.49,0.8521,1096.17,771.39,0.7145,1025.36,838.56,0.8416,1102.22,821.62,0.7360
403,top,1,1052.73,326.37,1139.19,495.74,1094.31,339.52,0.8918,1097.62,337.04,0.8841,1090.59,337.04,0.8363,1102.17,340.76,0.8702,1083.15,340.76,0.8669,1112.50,363.09,0.7821,1070.33,358.95,0.7679,1114.16,392.86,0.6812,1059.58,381.28,0.7162,1105.89,416.84,0.6600,1059.16,404.02,0.7676,1107.13,408.16,0.6445,1078.60,407.75,0.6446,1119.53,440.00,0.6238,1067.43,442.89,0.6318,1127.80,454.06,0.6959,1067.85,480.52,0.7977
403,bottom,0,989.67,614.69,1142.35,865.41,1064.17,637.22,0.8519,1066.62,633.54,0.5295,1063.56,633.54,0.5497,1054.38,640.28,0.6809,1073.35,640.28,0.7581,1037.24,668.43,0.8630,1088.66,670.88,0.8426,1015.20,703.94,0.8296,1111.92,707.61,0.8257,999.90,733.93,0.8238,1130.28,728.42,0.8453,1053.77,743.72,0.7122,1086.82,739.44,0.7228,1019.49,789.02,0.8433,1107.02,760.86,0.7301,1029.89,843.50,0.8719,1119.26,808.00,0.7466
404,top,1,1047.35,327.30,1125.91,494.34,1089.08,341.90,0.8577,1092.34,339.05,0.8171,1085.00,339.05,0.7724,1096.42,342.72,0.8384,1077.25,342.31,0.8301,1106.61,364.33,0.7681,1064.20,360.66,0.7563,1112.32,393.29,0.6840,1053.59,383.09,0.7511,1106.61,421.43,0.6998,1054.00,403.89,0.7715,1100.90,410.01,0.5934,1073.17,408.38,0.6041,1111.10,446.30,0.6098,1065.01,446.30,0.6246,1119.66,452.01,0.7272,1067.46,480.97,0.7569
404,bottom,0,999.50,614.72,1162.56,864.56,1077.37,636.56,0.7982,1079.81,631.68,0.4950,1076.76,632.29,0.5479,1067.61,639.00,0.6893,1086.52,639.61,0.7389,1048.09,666.45,0.8412,1099.94,670.72,0.7971,1024.91,699.99,0.8099,1123.12,706.09,0.7756,1010.27,729.27,0.7960,1143.85,724.39,0.7535,1062.12,743.30,0.6928,1094.45,739.64,0.6650,1029.79,789.66,0.8063,1120.68,754.28,0.7305,1031.62,842.72,0.8475,1139.58,804.30,0.7923
405,top,1,1043.66,328.39,1119.21,497.16,1083.50,342.31,0.8384,1086.79,339.43,0.8102,1079.38,339.43,0.7693,1090.91,343.14,0.8233,1072.37,342.73,0.8226,1102.04,364.98,0.7531,1059.19,361.27,0.7680,1111.10,393.41,0.7053,1048.47,384.76,0.7740,1109.46,423.90,0.6686,1051.77,402.06,0.7465,1095.86,413.19,0.6094,1071.14,411.13,0.6372,1102.86,450.27,0.6080,1063.72,448.21,0.6628,1110.69,457.69,0.7197,1067.84,482.00,0.7426
405,bottom,0,1003.89,613.17,1186.38,864.23,1092.68,633.89,0.7375,1093.91,629.60,0.4857,1092.07,630.21,0.5404,1082.87,636.95,0.6833,1100.65,637.56,0.7236,1062.03,663.31,0.8326,1112.91,671.28,0.7847,1038.13,694.57,0.8057,1136.81,706.83,0.7648,1020.97,723.99,0.8094,1158.88,722.76,0.7547,1071.84,739.31,0.7019,1103.10,736.25,0.6545,1039.35,788.35,0.7834,1135.59,753.41,0.7453,1032.61,842.29,0.8537,1160.72,804.29,0.8197
406,top,1,1040.09,326.84,1116.89,496.94,1080.15,342.12,0.8172,1083.47,338.80,0.8076,1076.41,338.80,0.7789,1087.21,342.12,0.7889,1068.52,341.70,0.8111,1098.84,363.30,0.7330,1055.65,360.81,0.7603,1110.47,389.46,0.7403,1044.02,383.23,0.7780,1110.88,418.53,0.6947,1051.91,397.35,0.7038,1093.02,413.13,0.5912,1068.94,411.06,0.6195,1097.59,452.59,0.6766,1062.71,449.26,0.6593,1103.82,458.82,0.6819,1068.11,482.49,0.7472
406,bottom,0,1003.80,611.15,1200.24,861.40,1110.33,633.32,0.7364,1110.97,628.84,0.5445,1111.61,629.48,0.4903,1096.90,635.88,0.7132,1114.81,637.16,0.7212,1076.44,659.54,0.8316,1126.96,670.41,0.8360,1050.86,691.51,0.8109,1150.62,706.22,0.8041,1031.68,719.65,0.8416,1173.64,722.84,0.8270,1082.20,739.47,0.7445,1112.25,736.27,0.7127,1049.58,789.99,0.7896,1148.06,755.46,0.8026,1033.60,837.31,0.8654,1178.75,795.74,0.8582
407,top,1,1036.63,324.70,1116.33,495.30,1078.15,339.61,0.8093,1081.06,336.28,0.8022,1073.98,336.28,0.7700,1084.81,339.61,0.7778,1066.07,339.61,0.8034,1096.47,360.02,0.7124,1052.74,358.36,0.7589,1109.38,384.60,0.7221,1041.49,380.43,0.7661,1112.30,412.09,0.6950,1050.66,392.93,0.6714,1090.22,411.67,0.5913,1066.07,410.42,0.6093,1092.31,451.24,0.6904,1062.73,449.57,0.6622,1097.30,465.40,0.6885,1067.73,480.39,0.7615
407,bottom,0,1003.29,611.70,1207.69,858.41,1126.78,633.25,0.7767,1123.46,628.60,0.5557,1130.11,629.93,0.5475,1113.48,635.25,0.7322,1131.44,637.25,0.7426,1092.18,657.21,0.8396,1141.42,671.18,0.8415,1065.57,685.82,0.7816,1163.38,706.45,0.8110,1042.28,715.76,0.8467,1188.00,722.41,0.8428,1092.18,741.71,0.7616,1122.79,740.38,0.7349,1060.24,790.28,0.8018,1157.39,758.34,0.7860,1036.96,832.87,0.8220,1189.99,792.94,0.8282
408,top,1,1033.68,322.83,1116.47,494.59,1076.33,338.26,0.8047,1079.69,334.90,0.7990,1072.14,334.90,0.7731,1083.46,338.26,0.7759,1064.59,337.84,0.8106,1095.62,357.55,0.7043,1051.17,355.87,0.7520,1106.95,380.61,0.7169,1039.43,376.42,0.7679,1111.98,407.03,0.6901,1048.24,391.10,0.6924,1086.82,409.97,0.6012,1063.33,409.13,0.6081,1088.92,449.39,0.7193,1059.56,446.87,0.6758,1093.53,471.61,0.6756,1065.85,478.32,0.7572
408,bottom,0,1006.76,614.44,1221.83,855.93,1141.60,634.37,0.8658,1139.50,630.16,0.6136,1144.40,630.86,0.6407,1128.30,635.77,0.7695,1147.20,637.87,0.8288,1107.30,658.87,0.8343,1156.30,673.57,0.8616,1078.59,686.17,0.7772,1178.01,709.28,0.8267,1053.39,714.18,0.8418,1205.31,723.98,0.8205,1103.80,742.18,0.7775,1133.90,741.48,0.7544,1070.89,789.09,0.8216,1168.91,761.79,0.8108,1043.59,831.10,0.8427,1196.21,798.89,0.8515
409,top,1,1033.02,322.33,1117.02,504.13,1075.02,337.78,0.7266,1078.57,334.67,0.7156,1071.02,334.67,0.7077,1082.12,338.22,0.7477,1063.03,337.33,0.7803,1093.66,355.98,0.7212,1050.16,354.20,0.7582,1104.76,379.50,0.7163,1038.18,374.62,0.7805,1110.53,406.13,0.6968,1044.39,391.48,0.7422,1084.34,409.24,0.6229,1060.82,408.35,0.6262,1086.56,449.62,0.7224,1054.60,447.41,0.6835,1090.55,479.81,0.7253,1063.92,475.37,0.7813
409,bottom,0,1014.27,618.84,1241.71,852.96,1160.57,641.13,0.8572,1159.09,635.21,0.6384,1162.79,637.43,0.7089,1145.02,639.65,0.7400,1162.05,642.61,0.8362,1122.07,662.60,0.8547,1170.19,678.15,0.8684,1090.23,689.26,0.8095,1192.40,712.21,0.8288,1063.58,714.43,0.8815,1219.80,727.01,0.8436,1115.41,742.56,0.8145,1145.02,742.56,0.7645,1080.61,789.94,0.8381,1180.56,753.67,0.8124,1051.74,831.40,0.8740,1205.73,796.61,0.8495
410,top,1,1030.73,324.56,1114.28,512.47,1072.05,339.60,0.7113,1075.72,336.85,0.6905,1068.38,336.39,0.6947,1079.39,339.60,0.7442,1060.58,338.23,0.7790,1092.23,357.04,0.7313,1047.73,354.29,0.7533,1102.33,379.52,0.7083,1036.26,377.68,0.7523,1108.29,404.75,0.6924,1042.23,396.49,0.7275,1081.68,408.88,0.6292,1057.83,407.96,0.6336,1083.98,450.17,0.7189,1049.57,446.50,0.6801,1088.56,488.25,0.7479,1059.20,474.03,0.7775
410,bottom,0,1024.33,624.02,1257.24,851.62,1174.15,645.32,0.8636,1172.63,640.77,0.6373,1175.66,642.29,0.7324,1159.74,644.56,0.7544,1175.66,647.60,0.8513,1136.99,665.03,0.8522,1182.49,681.71,0.8586,1102.88,689.30,0.8053,1205.23,714.32,0.8126,1073.31,714.32,0.8837,1233.28,728.72,0.8208,1125.62,740.09,0.8084,1153.67,740.85,0.7493,1090.75,790.14,0.8520,1190.83,748.43,0.7738,1061.18,829.56,0.8517,1207.51,796.20,0.8689
411,top,1,1027.77,326.18,1113.78,518.59,1069.84,342.06,0.7549,1073.60,339.71,0.7268,1066.08,339.24,0.7317,1077.35,343.00,0.7556,1058.56,341.59,0.7873,1089.57,359.91,0.7327,1044.94,358.03,0.7528,1098.96,382.93,0.7012,1034.14,382.93,0.7424,1106.48,407.35,0.6943,1038.84,403.13,0.6871,1079.23,410.17,0.6509,1055.28,409.70,0.6573,1081.58,453.39,0.7145,1044.47,448.22,0.7049,1086.75,495.19,0.7440,1052.46,477.81,0.7962
411,bottom,0,1033.01,626.89,1272.05,848.01,1184.43,648.74,0.8879,1182.10,644.85,0.6467,1186.77,644.85,0.7563,1171.98,647.97,0.7846,1186.77,651.08,0.8856,1146.30,666.64,0.8691,1192.99,685.32,0.8739,1112.85,690.76,0.8286,1217.11,715.66,0.8318,1081.72,714.11,0.9229,1245.13,730.45,0.8456,1133.08,739.79,0.8160,1162.65,742.12,0.7622,1098.84,790.36,0.8652,1196.88,744.45,0.7859,1068.49,828.49,0.8770,1207.00,795.81,0.8677
412,top,1,1025.26,328.36,1111.19,521.78,1067.75,346.69,0.7740,1071.06,343.85,0.7382,1063.97,343.38,0.7461,1074.84,346.21,0.7627,1055.95,345.74,0.8005,1086.64,365.10,0.7504,1043.20,363.21,0.7591,1095.14,388.24,0.7119,1032.34,389.66,0.7433,1103.64,410.91,0.6991,1036.11,414.21,0.7253,1078.14,413.27,0.6523,1053.11,412.32,0.6498,1080.03,456.71,0.7366,1039.42,451.04,0.7257,1083.34,499.68,0.7609,1044.14,485.52,0.7676
412,bottom,0,1037.14,630.74,1270.49,844.89,1191.80,650.46,0.9242,1193.32,647.42,0.6740,1194.08,647.42,0.7217,1180.40,650.46,0.8109,1194.84,653.50,0.8588,1155.34,667.93,0.8653,1200.15,686.92,0.8925,1120.40,691.48,0.8123,1222.94,715.79,0.8390,1088.49,713.51,0.8911,1249.53,729.46,0.8003,1137.87,737.82,0.7969,1168.25,740.09,0.7322,1104.45,790.23,0.8629,1200.15,740.85,0.7844,1074.06,826.69,0.8869,1207.75,795.55,0.8646
413,top,1,1017.16,336.76,1108.74,528.36,1064.82,353.51,0.7772,1068.57,351.17,0.7538,1061.08,350.70,0.7428,1072.31,353.97,0.7920,1054.07,352.57,0.7803,1084.47,372.22,0.7428,1040.97,369.88,0.7576,1091.96,395.14,0.6947,1030.21,396.07,0.7311,1101.31,416.66,0.6828,1031.15,421.80,0.7183,1076.05,418.53,0.6448,1050.79,417.12,0.6516,1078.86,462.50,0.6853,1034.89,454.54,0.7271,1081.20,506.00,0.7514,1033.95,493.37,0.7892
413,bottom,0,1042.30,630.42,1271.88,844.03,1198.19,652.03,0.9387,1200.44,648.30,0.6853,1200.44,649.04,0.7424,1186.98,651.29,0.8038,1201.93,655.02,0.8430,1159.33,666.98,0.8565,1204.92,686.41,0.8826,1125.70,690.89,0.8021,1225.10,714.81,0.8229,1093.57,712.57,0.8772,1249.01,726.77,0.8117,1140.65,734.24,0.7876,1170.54,737.98,0.7172,1107.02,788.79,0.8479,1203.43,740.22,0.7804,1078.62,824.67,0.8774,1207.91,795.52,0.8590
414,top,1,1010.93,345.03,1106.95,533.31,1062.62,362.41,0.7129,1065.84,359.65,0.7067,1059.40,359.19,0.6841,1069.97,362.86,0.7674,1052.05,361.03,0.7336,1081.01,380.33,0.7328,1038.72,377.57,0.7477,1089.74,402.40,0.6834,1027.22,404.23,0.7076,1099.39,423.54,0.6396,1026.77,430.43,0.6917,1074.57,424.92,0.6316,1049.75,424.00,0.6263,1075.03,466.75,0.6837,1029.98,459.85,0.7376,1079.17,509.96,0.7335,1028.14,499.38,0.8102
414,bottom,0,1047.66,628.64,1260.14,842.48,1200.93,650.49,0.9371,1203.70,647.03,0.5938,1202.32,647.72,0.7144,1189.87,649.80,0.7981,1205.77,653.95,0.8598,1162.20,664.32,0.8340,1206.47,684.38,0.8689,1129.00,687.84,0.7594,1225.83,714.81,0.8195,1096.49,710.66,0.8389,1245.20,723.80,0.7824,1142.14,730.72,0.7632,1172.57,733.49,0.6950,1108.94,786.74,0.8181,1203.70,739.02,0.7695,1081.97,822.71,0.8717,1207.85,795.73,0.8618
415,top,1,1009.36,354.22,1105.24,540.51,1060.94,370.50,0.7255,1064.58,368.23,0.7139,1057.76,367.32,0.6866,1068.22,371.41,0.7548,1050.03,369.14,0.7423,1079.13,390.06,0.7188,1037.29,385.96,0.7412,1088.68,411.89,0.6679,1024.56,411.89,0.6904,1099.15,430.99,0.6278,1020.92,435.54,0.6754,1071.86,434.63,0.6499,1048.66,433.27,0.6545,1070.95,475.11,0.7312,1026.38,464.65,0.7293,1077.77,518.31,0.7299,1027.28,499.67,0.7935
415,bottom,0,1051.14,625.09,1250.44,841.19,1202.69,646.85,0.8878,1204.64,642.96,0.5402,1205.94,644.26,0.6392,1190.37,645.56,0.7887,1205.94,649.45,0.8468,1161.82,659.83,0.8053,1206.58,681.24,0.8498,1130.68,683.18,0.7371,1223.45,713.68,0.8043,1098.89,705.24,0.7933,1240.97,721.46,0.7095,1143.00,726.65,0.7344,1172.20,729.90,0.6882,1109.92,781.15,0.7829,1202.69,737.68,0.7809,1085.26,820.08,0.8413,1207.23,795.42,0.8610
416,top,1,1009.35,361.62,1106.22,541.02,1062.16,376.86,0.7694,1064.79,374.23,0.7797,1058.22,373.36,0.7528,1068.30,377.30,0.7619,1050.34,375.55,0.7783,1079.25,397.01,0.7007,1036.32,393.07,0.7274,1088.88,418.03,0.7013,1021.87,417.16,0.7193,1099.83,438.18,0.7174,1017.05,439.49,0.7148,1071.36,441.25,0.6269,1047.27,440.37,0.6337,1066.98,473.66,0.7361,1023.18,471.47,0.7177,1075.74,518.33,0.7257,1027.56,499.94,0.7791
416,bottom,0,1054.21,618.42,1241.00,839.20,1198.07,637.60,0.9284,1199.90,634.56,0.5734,1200.51,634.56,0.6418,1188.95,638.82,0.8084,1204.15,642.47,0.8182,1160.37,654.02,0.8024,1205.37,676.52,0.8447,1129.36,677.73,0.7323,1215.71,710.57,0.8049,1097.14,699.62,0.7640,1229.69,718.47,0.6192,1142.74,722.12,0.7089,1171.93,725.16,0.6851,1109.30,775.02,0.7734,1199.90,739.75,0.7419,1086.80,818.80,0.8190,1206.59,795.69,0.8444
417,top,1,1006.50,364.19,1107.08,541.22,1063.71,379.66,0.7682,1066.73,376.63,0.7966,1060.25,376.20,0.7870,1069.76,380.09,0.7766,1052.04,378.80,0.8166,1080.56,400.41,0.7326,1037.77,396.52,0.7372,1092.66,422.45,0.7455,1022.21,418.99,0.7311,1104.33,444.92,0.7264,1014.00,436.71,0.7017,1071.05,443.63,0.6352,1045.98,442.76,0.6220,1069.76,476.04,0.6904,1023.94,475.18,0.7053,1073.21,518.40,0.7431,1027.40,500.25,0.7825
417,bottom,0,1053.08,609.62,1230.39,837.50,1193.10,630.64,0.9071,1193.68,627.18,0.5948,1195.41,627.18,0.6490,1183.87,631.22,0.7631,1199.45,635.26,0.8185,1156.74,647.38,0.7845,1201.76,669.89,0.8515,1126.73,671.04,0.7400,1208.69,707.98,0.7683,1094.98,694.13,0.7795,1218.50,716.64,0.6714,1140.00,713.75,0.6722,1170.02,717.79,0.6977,1106.53,769.16,0.7668,1195.99,741.46,0.7620,1084.59,815.33,0.8203,1206.95,796.29,0.8600
418,top,1,1003.72,366.49,1115.38,542.56,1066.86,381.45,0.7990,1070.30,378.01,0.8389,1063.42,377.58,0.8211,1074.17,381.88,0.7947,1055.68,380.59,0.8340,1084.91,402.51,0.7562,1040.64,399.94,0.7024,1097.81,425.73,0.7560,1023.44,419.71,0.7049,1110.27,450.66,0.7232,1011.41,434.75,0.7168,1073.31,445.93,0.6447,1047.08,444.64,0.6091,1072.88,482.47,0.7067,1029.46,480.75,0.6783,1069.01,520.72,0.7988,1028.17,498.80,0.7817
418,bottom,0,1049.04,601.47,1229.27,840.69,1187.27,622.51,0.9082,1187.85,619.58,0.5858,1189.03,618.99,0.6153,1177.88,622.51,0.7570,1194.31,627.20,0.7953,1151.48,640.70,0.7835,1196.65,663.58,0.8426,1121.55,665.93,0.7246,1201.35,702.89,0.7235,1090.46,689.98,0.7654,1206.63,717.56,0.6167,1136.22,709.93,0.6700,1164.97,712.86,0.6765,1102.19,763.32,0.7621,1190.79,743.37,0.7834,1081.07,811.43,0.7915,1206.04,796.18,0.8549
419,top,1,996.69,365.47,1124.68,541.84,1070.58,382.18,0.8349,1074.03,378.30,0.8812,1066.71,378.73,0.8290,1078.33,382.18,0.7997,1058.96,381.75,0.8493,1090.39,404.14,0.7672,1045.18,400.69,0.6893,1102.88,427.82,0.7381,1026.67,417.92,0.7199,1115.79,454.51,0.7065,1009.44,430.83,0.7167,1075.75,449.35,0.6464,1049.92,446.76,0.6343,1076.61,491.11,0.7046,1033.99,481.64,0.6688,1068.86,521.68,0.8063,1027.53,497.57,0.7050
419,bottom,0,1049.33,595.65,1228.44,842.50,1179.26,614.81,0.9197,1182.28,611.80,0.5897,1179.26,611.20,0.6132,1169.02,614.81,0.7236,1186.49,619.03,0.7734,1144.31,634.70,0.8075,1190.11,657.00,0.8329,1117.19,661.22,0.7456,1194.33,696.78,0.7309,1088.26,687.13,0.7765,1197.94,717.27,0.6845,1131.65,705.21,0.6414,1159.37,708.23,0.6555,1097.30,758.25,0.7532,1184.69,744.39,0.7606,1076.81,810.08,0.8009,1202.77,794.41,0.8399
420,top,1,993.96,365.50,1127.56,541.89,1075.11,381.94,0.8830,1078.15,378.46,0.8851,1070.76,378.46,0.8540,1082.07,382.81,0.7978,1063.37,382.37,0.8857,1094.68,405.86,0.7910,1049.45,401.51,0.6879,1108.16,431.95,0.7319,1027.71,417.16,0.7267,1121.64,459.35,0.7372,1007.70,429.34,0.7429,1077.72,451.95,0.6666,1053.36,449.78,0.6458,1078.15,495.44,0.7191,1037.71,485.44,0.6410,1069.46,521.54,0.8159,1031.62,496.75,0.6967
420,bottom,0,1046.69,589.99,1220.87,843.62,1171.55,609.68,0.9226,1174.03,606.58,0.6008,1171.55,606.58,0.6234,1160.41,610.92,0.7306,1178.98,613.39,0.7958,1136.88,631.35,0.8255,1183.94,653.02,0.8175,1113.35,659.83,0.7608,1187.65,693.27,0.7463,1084.86,686.46,0.7875,1188.27,718.66,0.6932,1126.35,703.18,0.6437,1155.45,706.28,0.6492,1092.91,756.43,0.7582,1180.22,742.81,0.7628,1071.24,809.69,0.7973,1195.70,794.83,0.8307
421,top,1,994.55,364.48,1130.76,541.02,1077.73,381.81,0.8619,1080.84,378.26,0.8684,1073.74,378.26,0.8497,1084.83,382.25,0.7892,1066.20,382.25,0.8532,1097.24,406.19,0.7948,1052.46,401.76,0.6903,1110.99,433.24,0.7661,1029.40,415.06,0.7364,1123.85,461.62,0.7682,1008.12,427.92,0.7456,1081.28,453.19,0.6485,1055.56,450.98,0.6277,1079.51,501.08,0.7065,1041.37,488.67,0.6249,1069.31,522.81,0.7904,1039.60,502.41,0.6588
421,bottom,0,1041.22,589.51,1205.37,836.05,1162.42,608.65,0.9158,1164.22,605.04,0.5774,1163.02,605.64,0.6282,1151.58,609.26,0.7530,1170.24,612.26,0.8053,1129.31,632.13,0.8334,1177.46,648.98,0.8628,1107.64,661.62,0.7663,1180.47,691.72,0.7722,1081.16,690.51,0.8277,1182.28,720.61,0.7651,1122.09,705.56,0.6948,1153.39,708.57,0.7221,1088.98,757.93,0.7861,1175.06,740.47,0.7985,1066.11,810.29,0.8353,1184.08,796.45,0.8547
422,top,1,1002.05,360.97,1130.96,542.98,1078.95,380.88,0.8553,1082.50,376.88,0.8750,1074.95,376.88,0.8274,1086.50,380.88,0.7900,1067.39,380.88,0.8417,1098.94,404.87,0.7866,1053.17,400.43,0.6959,1111.83,432.42,0.7411,1031.85,412.87,0.7331,1123.83,461.75,0.7401,1014.07,425.31,0.7158,1084.28,453.75,0.6077,1058.51,451.09,0.6043,1081.17,501.30,0.6839,1045.18,495.08,0.6638,1070.06,522.63,0.7261,1049.62,508.85,0.7063
422,bottom,0,1033.81,588.87,1194.27,837.47,1154.10,608.78,0.9011,1155.31,605.14,0.5815,1154.10,605.14,0.6021,1142.56,609.99,0.7655,1161.38,611.81,0.7750,1121.93,634.27,0.8244,1171.70,649.44,0.8671,1101.90,665.83,0.7458,1175.34,692.54,0.7629,1076.41,694.96,0.8213,1175.34,722.27,0.7385,1120.11,707.71,0.6954,1150.45,709.53,0.7153,1086.12,761.12,0.7794,1171.09,742.30,0.8131,1060.63,812.10,0.8316,1174.12,799.96,0.8935
423,top,1,1010.08,361.19,1129.93,545.91,1080.83,379.14,0.8449,1083.99,375.53,0.8641,1076.77,375.53,0.8018,1088.05,379.14,0.7559,1068.65,379.59,0.8197,1100.67,404.40,0.7909,1054.67,398.98,0.7234,1111.95,433.26,0.7277,1035.73,411.61,0.7568,1123.22,462.12,0.7307,1020.85,424.69,0.7441,1087.59,455.35,0.6007,1062.79,452.20,0.6218,1083.99,502.71,0.6885,1052.87,495.49,0.6378,1073.16,521.65,0.6936,1059.63,521.20,0.7431
423,bottom,0,1026.34,590.34,1194.69,839.52,1144.58,610.29,0.8845,1147.02,606.64,0.5846,1145.80,606.64,0.6203,1133.02,611.51,0.7374,1152.49,612.72,0.7947,1113.56,637.67,0.8254,1164.05,648.01,0.8664,1096.52,669.91,0.7492,1169.53,691.81,0.7826,1071.58,701.54,0.8268,1170.13,723.44,0.7757,1117.21,710.67,0.6671,1148.23,711.28,0.6901,1082.53,764.81,0.7849,1166.48,745.35,0.8075,1056.37,815.91,0.8399,1175.00,800.71,0.8997
424,top,1,1018.11,361.02,1130.97,559.17,1082.76,379.31,0.8188,1086.15,375.44,0.8592,1078.41,375.92,0.7961,1090.02,379.31,0.7937,1070.67,379.31,0.8375,1101.63,403.49,0.7847,1057.12,399.14,0.7592,1112.27,433.00,0.7414,1039.71,413.17,0.7335,1122.92,462.51,0.7349,1026.65,426.23,0.7463,1091.47,456.71,0.6002,1067.77,453.81,0.6265,1087.60,505.08,0.6598,1060.03,495.89,0.6635,1078.89,519.11,0.6820,1070.19,537.01,0.7191
424,bottom,0,1023.79,592.09,1194.60,844.44,1133.22,611.68,0.8989,1133.84,608.60,0.5830,1134.45,608.60,0.6312,1121.52,614.14,0.7529,1141.85,614.14,0.7779,1105.50,640.02,0.8256,1155.40,648.64,0.8497,1087.63,675.75,0.7364,1162.79,693.62,0.7871,1066.68,707.17,0.8054,1164.64,724.42,0.7416,1112.89,713.95,0.6514,1144.31,713.95,0.6857,1078.39,767.55,0.7877,1162.18,747.22,0.7864,1057.44,820.53,0.8616,1173.88,800.20,0.8928
425,top,1,1023.65,363.35,1130.30,565.00,1084.36,381.47,0.8188,1087.81,378.02,0.8257,1080.42,378.02,0.7891,1091.75,381.96,0.8053,1072.55,380.98,0.8319,1103.07,405.59,0.7999,1058.27,402.15,0.7821,1113.41,435.13,0.7499,1043.50,418.39,0.7523,1123.25,465.16,0.7353,1032.67,430.70,0.7483,1094.70,462.21,0.6041,1072.55,460.24,0.6160,1090.76,507.01,0.6600,1069.10,501.59,0.7036,1082.88,523.25,0.5785,1080.42,544.42,0.7200
425,bottom,0,1024.68,593.76,1193.82,847.11,1123.48,612.20,0.8546,1123.48,608.49,0.6122,1124.10,608.49,0.5390,1112.35,614.05,0.7533,1130.90,615.29,0.7232,1096.26,641.27,0.8308,1145.75,647.45,0.8260,1080.18,678.38,0.7498,1155.64,692.60,0.7490,1061.01,711.16,0.8120,1159.97,726.00,0.7218,1107.40,714.25,0.6241,1138.94,713.63,0.6721,1072.14,767.44,0.8262,1156.88,749.51,0.7623,1060.39,826.20,0.8933,1173.58,800.22,0.8686
426,top,1,1026.35,367.45,1134.72,571.17,1086.50,385.25,0.8098,1090.48,381.77,0.8056,1083.02,381.77,0.8163,1093.96,386.25,0.8015,1074.57,385.25,0.8170,1104.91,409.62,0.7704,1060.64,405.64,0.7706,1114.86,439.47,0.7263,1048.21,423.55,0.7263,1125.30,468.81,0.7340,1037.76,435.49,0.7044,1098.44,466.82,0.5433,1076.06,465.33,0.5339,1094.96,511.59,0.6113,1079.04,506.12,0.6636,1088.00,538.94,0.5715,1090.48,548.39,0.6683
426,bottom,0,1024.40,592.46,1194.84,848.33,1110.87,611.07,0.7555,1112.12,606.70,0.5371,1109.62,607.33,0.5415,1100.25,612.95,0.6970,1118.37,614.20,0.7199,1084.64,641.68,0.7837,1133.99,646.06,0.7780,1070.89,679.79,0.7733,1148.35,689.16,0.7515,1054.65,713.52,0.8214,1154.60,722.89,0.6839,1099.00,716.65,0.6189,1128.99,716.02,0.6365,1064.02,767.25,0.8288,1148.98,752.25,0.7505,1059.02,827.22,0.8637,1173.34,799.73,0.8401
427,top,1,1029.88,375.85,1134.94,578.23,1089.82,391.57,0.7909,1093.28,388.11,0.8219,1085.87,388.11,0.8119,1096.25,392.06,0.7432,1077.47,391.07,0.8083,1107.61,414.79,0.7774,1062.65,411.82,0.7687,1117.00,443.94,0.7400,1050.79,429.61,0.7100,1128.36,471.11,0.7351,1040.42,439.00,0.6253,1101.68,470.62,0.5461,1078.95,471.11,0.5446,1102.67,519.53,0.6192,1087.35,515.58,0.6838,1099.70,542.26,0.5420,1101.68,558.07,0.7328
427,bottom,0,1023.76,590.61,1188.41,848.37,1098.53,611.25,0.8012,1100.42,607.47,0.5157,1097.27,607.47,0.5481,1089.09,613.77,0.6616,1107.97,613.77,0.7117,1073.99,641.46,0.8241,1123.08,645.23,0.7746,1061.40,679.84,0.7852,1139.44,686.77,0.7758,1046.93,712.57,0.8122,1148.25,719.49,0.7250,1090.35,716.34,0.6337,1119.93,716.34,0.6463,1056.37,767.95,0.8410,1140.70,755.36,0.7248,1057.00,828.36,0.8854,1170.90,800.67,0.8281
428,top,1,1030.46,381.85,1139.38,584.05,1093.31,399.03,0.7939,1096.77,395.08,0.8624,1089.36,394.59,0.7944,1100.22,399.53,0.7222,1080.48,397.55,0.8090,1110.10,422.23,0.7921,1065.18,418.78,0.7796,1118.98,449.38,0.7434,1053.82,434.57,0.7201,1130.83,474.07,0.7204,1042.96,440.99,0.6582,1104.17,476.53,0.6017,1081.47,479.00,0.6124,1108.62,526.39,0.6818,1091.34,521.95,0.6597,1109.60,533.30,0.6379,1107.14,562.92,0.7984
428,bottom,0,1025.03,590.53,1179.20,848.94,1086.97,610.59,0.7859,1086.34,606.80,0.4869,1087.60,606.80,0.5531,1077.51,612.48,0.6814,1095.81,612.48,0.7152,1064.26,640.87,0.8327,1112.21,644.03,0.7900,1053.54,680.62,0.7643,1129.87,685.03,0.7652,1039.03,712.79,0.7952,1139.97,717.84,0.7343,1082.56,717.84,0.6364,1111.58,717.21,0.6549,1049.75,768.31,0.8349,1129.87,759.48,0.6996,1056.06,828.88,0.8833,1164.57,797.96,0.8034
429,top,1,1033.88,387.02,1144.13,584.48,1096.72,403.79,0.8032,1100.58,400.42,0.8625,1092.86,399.94,0.7975,1103.47,404.76,0.7465,1084.18,403.31,0.8031,1112.14,428.86,0.7828,1068.28,424.04,0.7385,1121.30,453.93,0.7314,1054.30,438.50,0.6835,1134.80,474.18,0.7528,1043.21,441.40,0.6306,1105.88,478.03,0.6174,1081.77,480.93,0.6233,1108.29,523.83,0.7292,1091.42,526.72,0.6646,1116.00,544.08,0.6647,1106.84,563.36,0.7844
429,bottom,0,1022.33,587.83,1169.15,849.13,1077.24,609.39,0.7547,1076.60,606.20,0.5145,1077.88,605.57,0.5581,1068.31,611.31,0.6737,1086.17,611.31,0.7007,1055.55,640.01,0.8131,1102.76,641.29,0.7762,1044.71,678.93,0.7419,1121.26,682.12,0.7305,1030.67,711.46,0.7766,1132.10,715.29,0.7264,1075.33,717.84,0.6354,1103.40,716.57,0.6492,1045.35,768.24,0.8262,1117.43,759.31,0.6726,1055.55,828.20,0.8486,1155.07,800.13,0.7886
430,top,1,1033.31,389.48,1150.72,583.83,1100.56,407.42,0.8006,1104.35,403.62,0.8596,1096.76,403.14,0.7848,1107.20,408.84,0.7609,1088.22,406.47,0.8074,1114.32,433.04,0.7706,1072.09,426.39,0.7218,1122.38,455.34,0.6906,1055.96,437.78,0.6401,1133.77,472.42,0.6947,1045.04,441.10,0.6296,1105.78,480.49,0.6269,1082.05,482.86,0.6382,1106.25,521.29,0.7140,1089.17,528.41,0.6673,1120.96,555.93,0.7162,1105.78,563.05,0.7482
430,bottom,0,1014.80,586.27,1155.16,848.52,1068.33,606.63,0.8119,1067.05,603.43,0.5359,1068.33,602.79,0.5894,1058.73,608.55,0.6831,1077.94,608.55,0.7459,1047.85,638.01,0.8358,1094.58,638.65,0.8040,1037.60,677.06,0.7813,1113.15,679.62,0.7816,1021.60,709.07,0.8166,1124.68,713.55,0.7512,1070.26,715.47,0.6455,1097.79,714.19,0.6815,1042.72,768.61,0.8334,1102.91,755.81,0.7046,1055.53,828.16,0.8185,1140.68,799.35,0.8198
431,top,4,1033.27,393.87,1145.09,591.08,1104.10,410.14,0.8496,1107.95,406.77,0.8323,1100.25,405.81,0.8020,1110.84,411.10,0.7164,1091.10,408.70,0.8037,1116.62,435.66,0.7814,1074.73,426.99,0.7124,1121.92,454.44,0.6799,1057.40,439.03,0.6501,1131.07,470.33,0.5830,1044.88,440.47,0.6513,1106.03,481.88,0.6422,1083.40,484.77,0.6611,1107.47,521.36,0.6864,1088.21,533.40,0.6443,1120.95,565.66,0.7414,1105.07,561.81,0.7368
431,bottom,0,1005.89,582.61,1142.60,847.93,1060.64,603.20,0.8226,1059.35,599.97,0.5654,1059.35,599.32,0.5860,1052.87,605.15,0.6748,1069.71,605.15,0.7205,1041.21,635.59,0.8517,1087.85,634.95,0.8322,1030.85,674.46,0.8072,1105.99,675.76,0.8158,1014.00,705.55,0.8360,1117.00,710.73,0.7555,1064.53,711.38,0.6797,1092.38,709.44,0.7196,1042.51,768.39,0.8321,1091.74,752.84,0.7377,1055.46,827.33,0.7897,1126.72,796.24,0.8242
432,top,3,1069.49,396.70,1143.10,598.88,1108.27,412.89,0.7978,1111.73,409.44,0.7279,1104.32,408.45,0.7500,1114.69,413.88,0.6922,1095.44,410.42,0.7544,1119.13,439.05,0.7333,1077.67,428.19,0.7429,1120.61,460.28,0.6365,1058.91,437.08,0.6274,1129.00,469.66,0.4328,1043.61,438.56,0.6630,1106.30,483.97,0.6143,1084.09,486.44,0.6511,1111.73,525.43,0.6745,1084.58,533.33,0.6800,1120.12,569.86,0.7039,1104.32,561.47,0.6708
432,bottom,0,999.82,577.84,1126.07,845.63,1055.10,598.63,0.8677,1055.75,595.36,0.5898,1053.79,594.71,0.5735,1047.25,601.25,0.6702,1064.25,600.59,0.7460,1035.48,631.97,0.8372,1081.25,630.67,0.8360,1025.02,671.20,0.8294,1098.90,671.20,0.8391,1008.02,701.93,0.8232,1109.36,706.51,0.7634,1058.37,706.51,0.6798,1085.82,703.89,0.7353,1038.75,766.00,0.8149,1081.25,746.39,0.7636,1053.79,824.84,0.8369,1111.98,791.50,0.8221
433,top,4,1032.44,397.98,1139.81,602.20,1112.05,416.33,0.9042,1115.04,412.84,0.8981,1108.06,411.84,0.8824,1117.54,416.83,0.7279,1098.09,413.34,0.8034,1120.03,441.76,0.7696,1080.14,430.29,0.7115,1118.03,463.70,0.6137,1061.19,439.26,0.6028,1124.52,469.68,0.4101,1043.74,438.77,0.6177,1108.06,490.12,0.6584,1084.63,491.62,0.6510,1114.05,533.00,0.6899,1081.14,539.48,0.7216,1118.53,576.87,0.7270,1102.08,559.92,0.6984
433,bottom,0,995.00,575.23,1112.20,845.12,1048.99,595.53,0.8989,1050.31,592.23,0.6082,1047.67,591.57,0.6030,1041.74,598.16,0.6839,1057.55,597.50,0.7716,1029.88,629.13,0.8220,1076.00,627.16,0.8314,1018.68,668.01,0.8163,1092.48,668.01,0.8417,1001.55,698.98,0.8095,1101.70,703.59,0.7599,1054.26,702.93,0.6844,1080.62,699.63,0.7335,1031.20,762.23,0.8016,1072.71,742.46,0.7686,1049.65,820.21,0.8356,1097.75,790.56,0.8026
434,top,3,1034.77,399.19,1133.79,606.72,1114.18,420.88,0.9191,1118.23,417.33,0.8614,1110.63,415.81,0.8987,1120.26,421.89,0.7483,1100.50,417.33,0.8629,1121.27,445.20,0.7683,1082.26,436.08,0.6858,1115.70,467.49,0.6051,1061.99,442.66,0.6187,1116.20,469.52,0.3615,1043.24,440.64,0.6354,1109.62,497.89,0.6679,1085.30,497.89,0.6626,1114.18,541.97,0.7016,1077.19,545.01,0.7630,1119.24,583.52,0.7592,1100.50,559.70,0.7116
434,bottom,0,989.29,573.12,1102.97,841.33,1043.51,595.26,0.8326,1043.51,591.33,0.5874,1042.20,590.67,0.5715,1035.65,597.87,0.6952,1052.68,596.57,0.7864,1024.52,628.00,0.8330,1071.01,626.03,0.8343,1013.39,667.28,0.8326,1087.38,667.28,0.8482,995.71,698.71,0.8099,1095.89,702.64,0.7727,1049.40,703.30,0.6963,1076.25,700.68,0.7395,1021.90,758.95,0.8061,1064.46,739.97,0.7789,1042.20,815.27,0.8324,1086.07,791.69,0.8324
435,top,4,1032.77,407.22,1133.04,613.74,1116.18,426.78,0.8973,1120.22,423.25,0.8494,1113.16,421.74,0.8935,1122.23,428.29,0.7777,1103.58,423.25,0.8704,1122.23,448.97,0.7705,1084.92,442.41,0.7291,1115.68,466.11,0.6453,1064.75,448.46,0.6476,1116.18,469.64,0.4818,1043.07,442.91,0.6821,1111.64,505.44,0.6971,1086.94,505.44,0.6950,1117.70,545.27,0.7392,1073.32,549.81,0.7834,1119.71,592.67,0.8087,1097.53,558.38,0.6928
435,bottom,0,982.35,574.32,1097.79,837.06,1037.51,596.00,0.8192,1037.51,592.79,0.5916,1036.22,592.15,0.5550,1029.81,599.21,0.6778,1046.49,598.56,0.7691,1018.26,629.35,0.8264,1064.45,626.79,0.8188,1008.00,668.48,0.8366,1081.77,667.84,0.8424,990.04,700.56,0.8109,1090.11,703.12,0.7787,1043.92,705.05,0.6898,1071.51,703.12,0.7486,1013.13,757.01,0.8204,1056.11,739.05,0.7626,1032.38,813.46,0.8150,1074.71,791.01,0.8424
436,top,3,1042.10,416.32,1134.08,618.35,1117.19,433.48,0.9294,1121.63,430.03,0.8954,1113.73,428.55,0.8964,1124.09,434.96,0.7990,1104.36,429.53,0.8965,1122.61,458.14,0.7430,1087.59,449.76,0.7050,1117.68,467.02,0.5969,1068.36,454.69,0.5796,1113.24,471.95,0.4602,1046.16,449.76,0.5752,1112.25,509.44,0.6744,1087.10,509.44,0.6655,1119.65,546.43,0.7050,1071.32,554.82,0.7317,1121.13,596.25,0.7857,1097.46,559.26,0.6654
436,bottom,0,977.17,578.59,1091.78,835.46,1030.71,599.78,0.7827,1031.34,596.02,0.5756,1029.46,595.39,0.5387,1022.56,602.92,0.6549,1040.75,601.67,0.7343,1011.90,634.28,0.8040,1058.93,630.51,0.7960,1001.24,674.41,0.8080,1076.49,670.65,0.8088,983.68,705.14,0.7979,1083.39,705.14,0.7429,1039.49,708.28,0.6656,1065.83,705.77,0.7346,1005.00,755.94,0.8097,1048.27,740.26,0.7564,1019.42,813.63,0.7690,1062.07,790.43,0.8236
437,top,3,1043.41,421.09,1132.66,618.19,1117.39,437.36,0.9458,1121.72,433.99,0.8894,1114.50,432.54,0.8921,1124.61,440.24,0.7942,1104.88,434.47,0.8816,1123.17,464.78,0.7543,1087.56,455.16,0.7016,1115.47,477.78,0.5338,1069.75,459.97,0.5977,1114.50,469.60,0.3627,1047.14,454.20,0.5638,1112.58,513.38,0.6791,1086.59,512.90,0.6571,1119.32,547.07,0.7122,1068.79,557.65,0.7459,1120.76,597.11,0.7951,1095.74,560.54,0.6465
437,bottom,0,970.01,585.98,1084.95,832.67,1022.66,605.73,0.7418,1023.27,602.12,0.5399,1020.86,601.52,0.5331,1016.04,609.35,0.6183,1032.90,608.14,0.6957,1006.40,640.66,0.7959,1052.17,635.85,0.7871,996.16,682.22,0.7717,1069.64,675.60,0.7863,978.70,711.13,0.7824,1076.27,709.93,0.7454,1035.91,712.33,0.6483,1061.81,709.93,0.7286,996.77,756.30,0.8008,1041.94,743.65,0.7538,1003.99,815.93,0.7801,1050.97,793.04,0.8130
438,top,4,1061.28,422.76,1133.42,617.35,1115.40,439.30,0.8476,1119.20,435.97,0.8724,1112.07,435.02,0.8573,1123.48,441.20,0.8096,1103.52,437.87,0.8086,1123.00,468.28,0.7491,1087.37,456.88,0.6734,1113.02,490.61,0.4655,1072.17,462.58,0.4562,1094.50,490.13,0.3252,1051.74,460.20,0.3607,1112.55,514.36,0.6689,1086.42,513.88,0.6610,1117.30,546.66,0.7023,1066.94,557.59,0.7478,1120.15,597.97,0.7641,1094.02,561.39,0.6167
438,bottom,0,957.48,593.54,1078.55,837.43,1013.25,615.45,0.7728,1013.25,611.88,0.5516,1010.87,611.88,0.5668,1007.29,619.03,0.6087,1023.37,617.84,0.6970,1000.15,649.99,0.7703,1044.21,642.85,0.7786,991.81,690.48,0.7762,1062.67,680.95,0.7966,973.35,719.06,0.7681,1069.81,715.49,0.7485,1034.68,716.68,0.6638,1059.10,714.89,0.7408,988.24,758.96,0.7725,1033.49,745.86,0.6791,985.86,817.90,0.7884,1049.57,791.70,0.8145
439,top,3,1058.81,421.90,1132.53,618.40,1112.46,438.12,0.8748,1116.77,434.76,0.9019,1109.10,433.80,0.8794,1120.61,440.04,0.8057,1100.46,436.68,0.8297,1122.53,469.30,0.7573,1084.63,455.87,0.6756,1112.46,488.97,0.5112,1066.40,463.06,0.4403,1095.19,488.01,0.3228,1043.38,463.54,0.3803,1110.54,513.43,0.6663,1085.11,512.00,0.6619,1116.77,547.02,0.6899,1065.44,555.65,0.7624,1120.13,597.87,0.7562,1092.79,561.41,0.6376
439,bottom,0,932.87,605.83,1070.31,836.34,1001.59,625.97,0.7134,1002.15,622.60,0.5657,1000.46,622.03,0.5134,999.34,628.79,0.6392,1013.41,627.66,0.6782,993.15,660.30,0.7513,1035.92,650.74,0.7659,986.96,703.08,0.7356,1055.62,687.32,0.7273,966.70,730.09,0.6941,1064.62,723.34,0.6974,1031.98,724.46,0.6876,1053.93,721.65,0.7442,981.89,761.61,0.7065,1026.35,750.35,0.6130,967.26,819.01,0.7573,1048.86,793.12,0.7472
440,top,3,1055.27,419.51,1132.41,617.41,1109.30,434.39,0.8716,1113.17,431.01,0.8968,1105.44,430.04,0.8689,1117.03,436.80,0.8039,1096.74,433.42,0.8520,1119.45,465.31,0.7469,1081.76,453.23,0.6828,1112.68,490.92,0.5451,1067.75,462.41,0.5507,1097.70,497.68,0.3262,1046.01,466.28,0.4697,1107.85,509.28,0.6377,1082.73,507.35,0.6497,1114.62,546.97,0.6730,1063.40,551.80,0.7534,1119.93,596.73,0.7417,1090.46,559.53,0.6670
440,bottom,0,919.13,614.96,1068.74,836.93,992.85,633.82,0.7077,994.48,630.03,0.5513,990.69,629.49,0.5263,989.60,637.62,0.5992,1004.23,635.45,0.6616,985.27,669.05,0.7637,1027.54,657.12,0.7845,980.93,713.48,0.7481,1049.21,693.43,0.7218,963.05,737.33,0.7143,1060.05,728.12,0.7248,1027.54,730.83,0.6900,1049.21,725.95,0.7657,976.60,766.59,0.6964,1023.20,754.13,0.6541,950.58,820.24,0.7609,1048.67,793.69,0.7516
441,top,1,1027.47,414.08,1132.61,616.35,1104.24,429.29,0.9286,1107.70,426.33,0.9456,1099.80,425.34,0.9061,1111.65,431.76,0.8477,1091.89,429.29,0.9297,1116.09,460.40,0.7645,1078.56,449.54,0.7160,1113.13,488.05,0.5992,1063.75,462.38,0.6247,1106.22,504.85,0.4594,1040.04,472.75,0.6545,1105.23,505.34,0.6646,1079.55,502.87,0.6723,1111.65,546.82,0.7296,1060.78,546.82,0.7541,1119.55,595.71,0.7715,1086.46,558.67,0.7190
441,bottom,0,915.84,620.04,1065.10,839.78,984.57,640.32,0.6712,985.11,636.56,0.4541,983.50,635.49,0.5235,980.28,644.61,0.5896,996.37,641.39,0.6667,975.99,674.65,0.7785,1019.44,661.24,0.7969,974.92,718.10,0.7554,1043.05,696.65,0.7623,958.28,743.86,0.7040,1054.85,732.05,0.7596,1021.59,733.66,0.7082,1044.12,728.83,0.7827,970.62,769.61,0.7119,1021.05,755.12,0.6390,942.19,824.33,0.7897,1048.41,793.21,0.7525
442,top,1,1025.77,409.32,1126.92,615.36,1097.97,425.32,0.8780,1102.00,421.79,0.8916,1093.95,420.79,0.8557,1106.53,427.83,0.8235,1086.41,424.81,0.8617,1112.56,457.01,0.7635,1073.83,445.44,0.7317,1113.57,486.68,0.6755,1062.76,461.53,0.6414,1108.03,508.31,0.5731,1040.63,476.62,0.6823,1102.50,501.77,0.6542,1077.35,498.25,0.6610,1109.54,545.54,0.7247,1057.23,541.01,0.7594,1118.10,593.83,0.7759,1078.86,559.62,0.7126
442,bottom,0,915.54,624.33,1063.35,840.82,976.76,643.78,0.7257,975.70,641.67,0.3833,977.29,640.61,0.5299,970.42,649.07,0.5859,988.39,644.84,0.6445,966.19,678.67,0.8075,1011.64,664.93,0.7973,966.72,721.48,0.7292,1038.07,700.34,0.7887,955.09,747.90,0.7572,1049.17,734.16,0.7813,1011.64,734.69,0.6957,1037.54,728.88,0.7803,964.07,771.69,0.7633,1027.50,758.47,0.7040,937.12,824.54,0.7955,1049.17,793.36,0.8016
443,top,1,1023.72,408.95,1123.65,613.62,1092.17,423.84,0.8978,1096.17,420.34,0.8845,1088.18,419.34,0.8736,1101.67,426.34,0.8389,1080.68,423.84,0.8487,1109.16,455.32,0.7657,1069.19,443.83,0.7561,1112.66,486.30,0.6746,1059.70,463.82,0.6789,1111.66,514.28,0.5981,1038.21,480.80,0.6923,1101.17,498.79,0.6691,1075.19,495.80,0.6515,1107.16,541.77,0.7287,1053.70,537.77,0.7624,1116.16,591.73,0.7732,1070.69,561.25,0.7280
443,bottom,0,913.59,625.31,1058.51,841.16,972.88,645.76,0.8054,972.88,644.18,0.4149,973.41,643.12,0.5664,964.45,651.03,0.5587,982.89,646.81,0.6385,958.12,680.54,0.8647,1005.02,667.36,0.8213,956.54,722.17,0.7383,1031.90,705.31,0.8115,953.38,748.52,0.7812,1043.49,735.87,0.8364,999.23,737.45,0.6973,1026.10,732.18,0.7699,956.02,770.12,0.8249,1034.01,762.74,0.7032,934.94,824.93,0.8636,1047.71,795.42,0.8453
444,top,1,1023.57,409.45,1121.81,611.22,1085.50,424.13,0.8933,1089.93,420.68,0.8785,1082.05,420.19,0.8625,1095.35,426.60,0.8672,1075.15,424.13,0.8415,1104.21,453.69,0.7763,1064.81,444.82,0.7698,1109.14,485.21,0.6612,1056.93,466.00,0.7066,1113.57,516.74,0.5853,1037.71,486.20,0.6802,1100.27,497.53,0.6706,1074.17,495.56,0.6535,1103.72,539.40,0.7278,1050.03,534.47,0.7587,1113.08,589.15,0.7893,1061.85,564.03,0.7738
444,bottom,0,912.97,626.03,1063.44,841.61,970.84,645.92,0.8528,971.37,644.34,0.4753,972.95,643.29,0.5258,961.89,651.71,0.5957,980.31,648.55,0.6416,952.42,681.71,0.9473,1001.37,669.61,0.8935,946.63,724.34,0.7634,1026.10,708.03,0.8645,949.79,749.61,0.7501,1040.31,736.98,0.8714,989.26,742.24,0.7960,1018.21,736.45,0.8027,951.89,769.08,0.9063,1030.31,764.34,0.8070,934.00,825.92,0.9216,1051.89,800.13,0.8588
445,top,1,1022.48,410.55,1122.36,609.43,1081.16,426.47,0.8797,1085.05,422.59,0.8874,1077.28,422.59,0.8301,1089.90,427.93,0.8420,1070.48,426.47,0.8440,1099.62,455.12,0.7914,1061.26,447.35,0.7762,1108.36,486.68,0.6924,1053.97,467.75,0.7263,1115.15,519.70,0.6724,1035.52,491.05,0.6673,1097.67,498.82,0.6889,1072.91,497.37,0.6698,1097.67,538.15,0.7419,1046.69,535.24,0.7550,1111.75,587.68,0.7884,1053.97,568.26,0.7774
445,bottom,0,912.76,625.12,1071.50,840.65,971.61,646.06,0.8855,972.66,643.43,0.4934,974.77,643.43,0.4606,961.61,651.33,0.5151,981.61,649.22,0.5923,950.56,680.79,0.9736,1000.02,670.79,0.9404,938.99,724.47,0.9101,1021.60,710.78,0.8454,947.93,747.09,0.8861,1040.01,737.09,0.8920,979.50,742.36,0.7684,1010.55,737.62,0.7978,948.98,769.72,0.8817,1028.96,766.03,0.8870,933.72,825.49,0.9320,1054.22,809.71,0.9176
446,top,1,1026.40,413.03,1124.03,610.53,1075.69,428.84,0.8781,1079.07,424.99,0.7945,1071.35,424.99,0.7878,1084.37,429.81,0.8404,1065.09,428.84,0.8152,1095.46,456.81,0.7701,1056.89,449.58,0.7511,1107.04,487.19,0.7187,1047.24,473.69,0.6937,1116.68,518.05,0.7091,1030.37,498.76,0.7066,1094.50,502.14,0.6734,1069.91,500.21,0.6550,1092.57,540.71,0.7335,1042.90,537.34,0.7564,1111.86,588.45,0.7607,1050.14,568.68,0.7686
446,bottom,0,910.78,624.44,1070.16,841.46,973.52,646.05,0.8720,974.05,643.40,0.4611,976.17,642.87,0.4924,966.10,650.82,0.4784,983.06,648.70,0.6086,950.74,677.84,0.9708,1001.07,672.55,0.9378,934.84,720.76,0.9093,1019.61,714.93,0.8609,945.97,743.01,0.8649,1039.22,734.54,0.8563,972.99,742.48,0.7786,1005.84,739.30,0.7787,948.09,770.03,0.8361,1025.44,767.39,0.8580,933.25,825.14,0.9400,1051.40,817.19,0.9083
447,top,1,1023.70,414.41,1123.90,610.26,1069.50,430.09,0.8828,1073.33,426.27,0.8031,1065.67,426.27,0.8034,1078.59,431.05,0.8177,1058.98,430.09,0.8298,1090.06,457.35,0.7604,1051.33,450.17,0.7648,1105.36,484.60,0.7410,1044.16,471.21,0.6946,1116.36,511.86,0.7069,1032.68,496.08,0.6494,1091.02,500.86,0.6823,1067.11,499.42,0.6632,1089.58,541.98,0.7135,1040.33,536.24,0.7641,1111.10,588.36,0.7634,1050.85,569.71,0.7503
447,bottom,0,910.66,621.54,1063.47,846.70,976.62,645.06,0.8443,978.82,641.77,0.3941,978.82,641.77,0.5395,967.82,650.01,0.4573,985.42,647.81,0.6166,952.98,674.75,0.9643,1003.56,673.65,0.8954,933.19,715.43,0.9546,1017.85,716.53,0.8815,945.29,737.41,0.9015,1042.04,733.02,0.8720,968.37,741.81,0.7829,1001.91,740.16,0.7706,947.49,772.60,0.8746,1022.80,770.40,0.8663,932.64,825.92,0.9407,1044.23,822.62,0.9308
448,top,1,1025.73,412.48,1121.18,609.39,1064.32,428.25,0.8794,1068.17,424.89,0.8224,1059.99,424.40,0.8665,1072.97,429.21,0.8379,1053.75,428.73,0.8278,1085.95,454.21,0.7416,1044.61,448.44,0.7870,1101.34,481.13,0.6916,1037.88,471.03,0.7006,1113.84,505.17,0.5992,1030.67,496.99,0.6934,1087.40,497.95,0.6807,1063.36,497.47,0.6762,1088.36,539.30,0.7226,1037.40,534.01,0.7771,1110.47,586.89,0.7687,1051.34,570.54,0.7613
448,bottom,0,910.30,619.61,1060.20,849.80,978.51,642.54,0.8480,984.69,639.17,0.4657,979.07,639.17,0.5784,971.76,647.04,0.5211,989.18,645.91,0.7034,955.46,672.32,0.8992,1006.04,674.01,0.8362,935.23,709.98,0.9092,1018.41,716.16,0.8433,945.35,731.33,0.8526,1044.26,729.65,0.8455,966.70,739.20,0.7486,999.86,737.51,0.7265,948.16,775.73,0.8490,1021.22,776.29,0.8557,932.42,826.87,0.8940,1034.70,827.99,0.8913
449,top,1,1026.02,409.33,1119.17,606.61,1059.59,424.65,0.8764,1063.44,420.79,0.8157,1055.26,421.28,0.8617,1068.26,425.13,0.8364,1048.51,425.13,0.8112,1081.75,449.21,0.7072,1039.36,444.39,0.7748,1098.12,474.74,0.6324,1033.10,466.55,0.6762,1109.68,495.45,0.5797,1032.14,494.00,0.6483,1083.67,495.45,0.6648,1058.63,494.97,0.6911,1088.97,537.35,0.7144,1035.51,531.57,0.7684,1108.72,586.00,0.7616,1050.44,569.62,0.7595
449,bottom,0,910.04,617.38,1068.94,857.58,984.80,639.55,0.7827,990.66,636.03,0.4552,985.97,636.03,0.5295,977.17,644.24,0.6010,994.77,642.48,0.6906,960.17,669.46,0.8736,1010.60,672.98,0.8407,939.06,706.40,0.8918,1018.81,714.61,0.8474,949.61,725.75,0.8146,1048.13,726.93,0.8272,968.38,739.83,0.7376,1001.22,740.41,0.7120,949.61,777.95,0.8258,1019.40,780.88,0.8291,932.02,826.62,0.8331,1023.50,828.38,0.8380
450,top,1,1023.57,404.50,1115.03,604.64,1057.08,420.04,0.8142,1060.50,416.13,0.7960,1052.68,416.62,0.8245,1064.90,420.53,0.8098,1044.87,420.53,0.8106,1077.60,441.54,0.6887,1035.09,440.07,0.7620,1092.75,461.57,0.6717,1027.28,463.53,0.7163,1103.99,485.51,0.6923,1030.70,487.96,0.6330,1079.56,489.91,0.6356,1053.17,490.40,0.6364,1088.84,532.91,0.6950,1035.09,529.00,0.7374,1103.50,579.33,0.7287,1049.26,569.07,0.7431
450,bottom,0,914.08,616.04,1074.20,869.66,992.28,636.97,0.7130,997.24,633.25,0.4558,995.38,633.25,0.4831,982.99,641.30,0.6181,1000.95,640.06,0.6762,966.90,669.17,0.8034,1015.81,673.50,0.8008,945.22,703.22,0.8121,1023.86,713.75,0.7936,956.37,717.46,0.5966,1054.20,724.27,0.7796,971.85,739.13,0.6810,1001.57,740.37,0.6553,950.80,783.10,0.7650,1017.05,789.29,0.7700,930.36,824.58,0.7813,1009.62,832.63,0.7693
451,top,1,1019.00,398.88,1109.71,599.90,1053.56,414.49,0.8040,1056.99,411.05,0.8003,1049.14,411.05,0.8305,1061.41,414.49,0.7949,1042.27,415.47,0.8455,1075.64,436.08,0.7001,1031.96,434.61,0.7626,1090.85,456.20,0.6787,1023.62,459.15,0.7278,1100.67,480.74,0.6828,1030.00,482.21,0.6302,1076.13,483.20,0.6165,1048.65,484.67,0.6217,1084.97,528.34,0.7052,1036.87,526.38,0.7221,1098.22,576.93,0.7436,1048.65,569.08,0.7330
451,bottom,0,921.66,617.86,1081.70,877.24,1000.41,639.26,0.6843,1004.85,636.10,0.4758,1003.58,635.46,0.5321,989.01,642.43,0.6052,1006.75,641.79,0.6906,973.18,670.92,0.8258,1018.78,675.36,0.8259,952.29,704.49,0.8581,1028.28,715.25,0.7972,966.85,710.82,0.5726,1061.84,721.58,0.8147,973.18,740.58,0.7239,1002.95,743.11,0.6871,951.65,785.54,0.7829,1013.71,796.94,0.7754,930.12,827.34,0.8016,992.18,843.17,0.8053
452,top,0,1018.73,392.76,1103.10,592.83,1050.66,409.27,0.8432,1054.08,405.36,0.8073,1046.75,405.85,0.8528,1059.45,408.78,0.7778,1040.40,409.27,0.8386,1073.62,429.79,0.7495,1028.68,428.81,0.8037,1087.78,452.26,0.7028,1022.82,453.23,0.7306,1095.60,476.68,0.6977,1026.73,475.70,0.6865,1072.15,475.21,0.6186,1043.33,477.17,0.6270,1080.94,526.50,0.7251,1039.43,525.52,0.7297,1092.18,572.41,0.7592,1048.71,568.51,0.7658
452,bottom,1,919.50,622.42,1087.30,877.46,1013.36,642.85,0.6234,1015.23,639.11,0.5547,1013.98,639.11,0.6140,997.17,647.21,0.5720,1011.49,647.21,0.6869,980.36,673.36,0.8112,1023.95,679.58,0.8036,962.31,707.60,0.8448,1027.68,718.81,0.7932,984.72,710.09,0.5618,1066.29,720.05,0.8295,974.76,746.21,0.7360,1004.02,750.56,0.6828,956.08,787.92,0.8052,1009.63,801.00,0.7737,930.55,835.87,0.8571,979.74,852.05,0.8163
453,top,0,1016.55,387.20,1099.22,588.04,1048.57,403.78,0.8354,1052.00,400.34,0.8321,1044.65,400.34,0.8612,1057.40,403.29,0.7983,1038.27,404.27,0.8423,1072.11,423.88,0.7553,1025.53,423.88,0.8065,1083.87,447.42,0.7011,1021.11,448.89,0.7220,1091.23,472.91,0.7027,1026.02,471.93,0.6749,1069.16,472.42,0.5984,1041.71,473.89,0.5929,1076.52,521.45,0.7225,1039.74,521.45,0.7270,1085.83,566.56,0.7684,1046.12,565.58,0.7861
453,bottom,1,920.97,627.62,1088.15,877.35,1021.03,648.23,0.6645,1021.03,643.96,0.5569,1021.03,644.57,0.6408,1002.12,651.27,0.6106,1016.76,651.88,0.6918,988.71,675.66,0.8099,1025.29,684.20,0.8049,974.69,709.20,0.7688,1027.12,721.39,0.7904,997.25,710.42,0.5443,1066.14,718.95,0.8347,979.57,748.83,0.7246,1003.95,753.70,0.6750,961.88,792.73,0.8064,1008.22,803.70,0.7705,933.84,844.55,0.8615,976.52,855.52,0.8392
454,top,1,1014.24,384.13,1095.47,580.57,1047.18,399.86,0.8168,1050.06,396.03,0.8320,1042.87,396.51,0.8425,1055.34,398.90,0.7923,1036.15,400.34,0.8439,1071.16,420.01,0.7588,1023.68,420.96,0.7912,1080.27,444.46,0.6878,1019.37,444.94,0.7112,1086.99,469.40,0.6809,1022.72,467.96,0.6673,1066.85,468.44,0.5687,1039.03,469.88,0.5694,1073.56,518.32,0.7011,1039.51,517.84,0.7088,1078.36,558.12,0.7193,1040.95,561.96,0.7645
454,bottom,0,931.95,630.80,1083.16,878.33,1026.90,650.63,0.6679,1026.29,646.40,0.5261,1026.29,647.00,0.6264,1006.35,653.65,0.6080,1020.85,654.25,0.6709,996.68,676.61,0.7733,1027.50,686.89,0.7738,1001.51,705.01,0.5114,1023.87,724.96,0.7564,1029.31,703.81,0.4305,1062.55,717.70,0.7314,984.59,751.55,0.6851,1008.77,757.59,0.6469,968.88,800.50,0.7644,1009.37,807.14,0.7480,944.10,853.07,0.8218,976.13,857.30,0.7859
455,top,0,1012.05,381.41,1092.34,579.74,1044.93,397.29,0.8296,1048.32,393.90,0.8497,1040.57,393.90,0.8540,1053.65,396.81,0.8141,1033.79,397.78,0.8497,1068.66,417.14,0.7687,1021.69,418.60,0.7948,1076.89,443.78,0.6951,1017.33,444.26,0.6930,1083.67,469.92,0.6804,1020.24,468.95,0.6555,1064.78,466.05,0.5748,1037.67,467.99,0.5753,1070.59,515.92,0.6687,1037.18,516.41,0.6710,1070.59,550.78,0.7311,1036.70,557.56,0.7478
455,bottom,1,952.67,630.82,1077.06,877.57,1031.73,649.98,0.7134,1031.13,645.76,0.5576,1029.32,646.36,0.6553,1012.46,653.59,0.5533,1022.70,654.80,0.6965,1005.23,678.89,0.7822,1027.52,689.14,0.7750,1020.29,690.94,0.5694,1019.68,725.28,0.7233,1041.97,673.47,0.6298,1056.43,716.85,0.7845,990.77,756.00,0.6975,1014.87,760.82,0.6785,979.93,804.80,0.7904,1013.06,809.62,0.7432,957.64,857.21,0.8057,978.72,859.01,0.8118
456,top,0,1009.00,380.62,1088.52,578.58,1043.44,397.44,0.8296,1046.83,393.09,0.8286,1039.09,393.57,0.8156,1051.66,395.51,0.8019,1032.33,396.96,0.8429,1066.64,416.29,0.7812,1019.76,418.70,0.8004,1073.89,443.84,0.7221,1014.93,444.80,0.6857,1080.66,469.93,0.7006,1017.35,468.97,0.6515,1062.29,467.03,0.5891,1036.68,468.48,0.5921,1068.58,517.30,0.6956,1035.71,516.33,0.6907,1062.78,543.40,0.7756,1032.81,558.38,0.7845
456,bottom,1,965.06,631.20,1068.47,882.28,1035.77,650.69,0.7060,1035.16,647.01,0.5487,1033.93,647.63,0.6371,1017.99,654.37,0.5149,1025.35,655.59,0.6584,1011.86,680.73,0.7418,1029.03,689.92,0.7693,1030.25,686.24,0.5972,1014.93,725.48,0.7309,1048.03,669.08,0.7441,1049.87,716.89,0.7605,994.09,757.97,0.7120,1017.99,762.26,0.6836,991.02,810.07,0.7665,1019.22,811.30,0.7138,970.18,864.02,0.7140,983.66,857.89,0.7807
457,top,0,1007.10,380.57,1083.75,578.04,1042.05,396.87,0.8194,1044.95,392.53,0.8089,1037.71,393.01,0.7820,1050.25,395.42,0.7859,1030.96,396.39,0.8273,1064.71,416.63,0.7631,1017.95,418.56,0.7732,1071.46,445.08,0.7139,1012.65,444.11,0.6752,1078.69,473.04,0.6663,1015.54,468.22,0.6459,1059.41,470.15,0.5804,1034.34,471.11,0.5849,1065.67,518.84,0.6894,1035.30,516.91,0.7035,1055.07,537.16,0.7436,1032.41,557.89,0.7710
457,bottom,1,971.79,634.50,1063.10,905.72,1040.62,652.91,0.6100,1039.30,649.60,0.5155,1036.65,650.92,0.5583,1024.07,656.88,0.5432,1028.04,658.87,0.6192,1018.11,683.37,0.6513,1029.37,691.98,0.7370,1035.99,686.02,0.5287,1012.81,727.73,0.7421,1053.87,664.83,0.6080,1047.25,717.80,0.7323,1000.89,758.19,0.6426,1018.77,760.18,0.6495,1003.54,817.13,0.6499,1028.71,813.15,0.6193,984.34,868.11,0.6695,992.29,856.19,0.6373
458,top,0,1005.88,380.19,1082.43,578.36,1041.25,396.06,0.8347,1044.16,391.71,0.8391,1036.90,392.67,0.8062,1048.99,395.58,0.8038,1030.12,396.06,0.8433,1063.51,416.86,0.7714,1017.06,418.32,0.7798,1069.80,445.89,0.7374,1010.77,442.51,0.6841,1076.57,473.47,0.6905,1013.67,467.18,0.6415,1055.28,471.05,0.5997,1032.54,472.02,0.5995,1062.54,516.53,0.7250,1034.96,517.01,0.7342,1048.51,532.50,0.7512,1032.54,559.10,0.7820
458,bottom,3,979.07,638.00,1066.83,915.98,1047.38,663.65,0.6476,1046.03,658.90,0.5400,1041.95,660.26,0.5801,1032.45,664.33,0.4836,1032.45,667.72,0.6336,1028.38,690.12,0.6014,1030.42,697.59,0.7260,1045.35,686.05,0.5113,1013.45,732.88,0.7296,1059.60,661.62,0.5388,1046.03,722.70,0.6970,1008.02,763.42,0.6568,1024.31,765.45,0.6682,1012.09,824.50,0.6953,1039.24,819.75,0.6630,991.73,878.79,0.6504,1002.59,861.15,0.6364
459,top,1,1005.53,378.58,1081.95,578.27,1039.84,395.54,0.8491,1043.25,391.15,0.8539,1035.94,391.64,0.8325,1048.61,394.57,0.8276,1029.60,395.05,0.8679,1062.75,416.02,0.7996,1016.43,416.02,0.8018,1069.09,445.27,0.7603,1010.10,436.98,0.6834,1076.40,473.55,0.7096,1013.02,461.36,0.6478,1051.54,469.65,0.6119,1029.11,469.16,0.6153,1056.41,515.48,0.7340,1033.98,514.50,0.7253,1043.74,530.59,0.7789,1032.52,558.87,0.7858
459,bottom,0,980.88,644.00,1088.33,920.76,1052.18,670.21,0.7256,1050.82,666.16,0.6388,1048.12,666.83,0.6546,1037.99,670.89,0.4711,1037.99,673.59,0.6806,1034.61,697.24,0.6242,1032.58,704.00,0.7293,1050.82,686.43,0.4934,1015.01,739.13,0.7415,1062.31,667.51,0.5093,1044.74,728.32,0.6534,1014.34,772.24,0.6594,1030.55,772.92,0.6919,1017.72,831.02,0.7270,1054.20,824.27,0.7048,994.07,891.16,0.7764,1015.69,867.51,0.7376
460,top,1,1004.66,374.89,1083.15,578.05,1040.44,393.14,0.8772,1043.41,389.17,0.8781,1036.47,389.67,0.8425,1048.37,392.15,0.8553,1030.02,392.64,0.8957,1062.26,414.96,0.8279,1015.64,412.98,0.8207,1069.20,443.73,0.7899,1010.18,434.31,0.6766,1076.64,471.51,0.7470,1013.16,458.61,0.6417,1048.87,471.01,0.6346,1028.04,470.02,0.6433,1049.36,513.67,0.7326,1031.51,511.69,0.7320,1038.45,529.54,0.7375,1031.01,558.31,0.8094
460,bottom,0,979.96,653.49,1087.10,923.55,1058.59,678.42,0.8048,1056.61,675.12,0.6154,1053.97,675.78,0.6967,1042.10,680.40,0.4737,1043.42,683.03,0.6817,1038.15,708.09,0.6544,1035.51,713.36,0.7838,1035.51,736.44,0.3926,1014.41,748.31,0.7527,1056.61,685.67,0.3272,1041.44,741.05,0.5699,1021.66,779.95,0.7014,1036.83,780.61,0.7102,1022.32,836.00,0.7554,1068.48,828.74,0.7886,995.29,897.97,0.8193,1027.60,880.17,0.7491
461,top,1,1004.66,372.86,1084.15,577.10,1040.92,391.71,0.8919,1044.41,387.72,0.8837,1036.93,388.22,0.8447,1049.39,390.71,0.8401,1030.44,391.21,0.9225,1062.36,413.15,0.8076,1015.98,409.16,0.8003,1070.33,442.07,0.7640,1009.00,428.61,0.6505,1077.81,470.99,0.7168,1014.49,452.04,0.5955,1046.40,467.00,0.6337,1024.96,465.50,0.6443,1044.41,511.38,0.7286,1028.45,507.89,0.7377,1034.93,529.83,0.7973,1029.45,555.26,0.7833
461,bottom,0,980.29,662.62,1093.73,922.14,1066.79,688.47,0.8693,1065.52,684.67,0.6495,1062.98,684.67,0.7462,1045.24,690.37,0.4621,1052.21,691.01,0.6768,1041.44,716.35,0.6531,1042.08,719.52,0.7586,1028.14,748.03,0.4258,1018.63,753.73,0.6636,1058.55,765.77,0.3997,1045.24,748.03,0.4780,1028.77,786.04,0.7078,1043.34,786.68,0.7110,1027.50,841.17,0.7664,1083.26,833.56,0.8384,994.56,900.09,0.8277,1045.24,885.52,0.7354
462,top,1,1002.82,371.93,1086.03,575.80,1041.44,391.24,0.9059,1044.92,387.26,0.8916,1037.46,387.76,0.8526,1049.90,390.25,0.8413,1030.99,390.25,0.9321,1061.85,412.65,0.7990,1016.05,407.17,0.8031,1072.30,440.52,0.7756,1007.59,424.59,0.6832,1078.77,468.89,0.7458,1012.07,447.98,0.6068,1043.93,465.41,0.6364,1022.52,463.41,0.6374,1041.44,507.22,0.7271,1025.01,505.22,0.7311,1031.98,530.61,0.8292,1027.00,552.01,0.7708
462,bottom,0,978.16,668.34,1105.54,928.49,1074.88,689.81,0.8371,1073.61,687.27,0.6379,1070.43,686.63,0.7520,1060.90,694.26,0.3920,1058.36,694.89,0.6659,1048.84,720.93,0.6421,1046.93,725.38,0.7315,1031.05,753.96,0.4357,1026.61,759.67,0.6331,1063.44,767.93,0.3518,1053.92,745.70,0.5390,1036.77,792.70,0.6775,1053.28,793.34,0.6725,1030.42,843.51,0.7173,1095.83,837.16,0.7682,994.21,900.04,0.8074,1065.35,893.68,0.7335
463,top,1,999.95,372.24,1086.68,573.12,1040.87,389.80,0.8760,1044.79,385.87,0.8489,1036.94,386.37,0.8291,1049.69,389.31,0.8257,1030.57,389.31,0.8947,1061.46,411.38,0.7813,1015.36,405.49,0.7747,1072.74,438.35,0.7531,1005.06,421.68,0.6650,1080.10,466.79,0.7407,1008.01,447.18,0.5691,1041.85,463.36,0.6295,1019.78,460.91,0.6310,1039.88,503.09,0.7276,1020.76,502.60,0.7058,1030.08,532.02,0.8228,1022.23,548.70,0.7733
463,bottom,0,978.73,673.53,1116.89,936.81,1083.16,695.25,0.8271,1081.88,692.04,0.6303,1078.66,692.04,0.7277,1065.16,701.04,0.4044,1065.81,700.40,0.6700,1055.52,726.11,0.6346,1058.09,730.61,0.6960,1044.59,758.25,0.4285,1040.74,761.46,0.5608,1070.31,773.67,0.3708,1061.31,760.18,0.4215,1044.59,795.53,0.6603,1063.23,796.17,0.6350,1032.38,846.31,0.6916,1107.59,842.45,0.7523,995.74,899.02,0.7936,1085.73,901.59,0.7471
464,top,1,997.03,370.71,1086.20,568.75,1040.17,388.98,0.8767,1044.04,385.11,0.8364,1036.30,385.11,0.8383,1049.35,388.02,0.8411,1030.01,388.02,0.8792,1060.96,409.77,0.7939,1015.02,403.49,0.7741,1071.60,435.88,0.7514,1002.45,416.54,0.7822,1080.78,464.89,0.7432,1002.45,444.10,0.7315,1039.68,460.54,0.6192,1017.44,457.64,0.6226,1039.20,500.19,0.7395,1018.89,498.26,0.7306,1029.05,533.55,0.8441,1015.99,543.71,0.8183
464,bottom,0,978.23,676.87,1137.76,945.10,1089.43,698.35,0.8217,1087.46,695.07,0.6328,1084.84,695.73,0.7134,1067.16,704.90,0.4312,1073.06,704.90,0.6766,1059.30,727.82,0.6572,1070.44,733.06,0.6508,1047.52,727.82,0.4288,1061.92,765.14,0.4202,1080.91,713.41,0.3180,1067.82,723.89,0.3122,1052.10,797.23,0.6812,1074.36,797.89,0.6423,1035.73,847.66,0.6701,1114.97,848.97,0.7622,996.44,899.39,0.8014,1106.45,911.83,0.8088
465,top,1,991.71,368.45,1084.68,566.40,1038.68,385.76,0.8304,1042.54,381.89,0.8070,1034.81,382.37,0.8233,1047.38,385.27,0.8159,1028.53,385.27,0.8573,1059.46,406.54,0.7919,1013.06,401.22,0.7466,1068.16,430.22,0.7295,998.08,414.27,0.8245,1077.34,457.76,0.7295,997.60,441.81,0.7850,1038.19,457.76,0.6314,1015.96,453.90,0.6313,1037.71,498.36,0.7539,1015.96,494.97,0.7168,1029.49,535.09,0.8236,1008.71,542.33,0.8019
465,bottom,0,979.74,687.26,1154.22,948.81,1094.44,706.93,0.7620,1092.52,703.73,0.5624,1091.24,705.01,0.6715,1072.73,710.12,0.4622,1080.39,712.03,0.6561,1061.23,727.36,0.6635,1079.75,739.49,0.6202,1045.27,733.74,0.6036,1078.47,773.33,0.4657,1043.99,719.70,0.4352,1086.77,738.85,0.3058,1060.59,802.07,0.6974,1086.14,802.71,0.6660,1038.88,851.24,0.6899,1120.62,856.35,0.7977,997.38,900.41,0.8163,1121.89,922.12,0.8006
466,top,1,987.08,365.87,1081.12,563.24,1036.99,383.60,0.8444,1040.37,380.23,0.8166,1033.14,380.23,0.8284,1045.67,383.12,0.8347,1026.88,383.60,0.8574,1057.23,403.36,0.7924,1012.42,399.02,0.7330,1065.42,426.01,0.7474,994.59,412.51,0.8407,1073.62,452.99,0.7608,992.66,438.53,0.7857,1037.48,453.95,0.6432,1014.35,450.58,0.6452,1037.96,496.36,0.7629,1011.46,491.54,0.7204,1029.77,534.43,0.8159,1000.85,534.91,0.7732
466,bottom,0,982.73,691.50,1163.63,963.91,1101.11,715.31,0.6325,1097.78,711.99,0.4642,1097.78,713.98,0.5706,1079.83,719.30,0.4863,1088.47,721.30,0.5764,1065.20,737.26,0.6255,1098.45,754.55,0.6348,1048.57,749.23,0.6368,1126.38,785.14,0.5009,1051.23,729.94,0.5252,1115.07,773.84,0.4386,1069.85,805.76,0.6752,1095.12,807.76,0.6597,1046.57,857.63,0.6680,1123.72,868.28,0.7726,1001.35,902.86,0.7458,1135.03,933.45,0.7469
467,top,1,984.18,364.66,1078.00,558.12,1034.87,381.10,0.8466,1038.65,377.32,0.8481,1031.56,377.79,0.8376,1043.84,380.62,0.8281,1024.95,381.10,0.8464,1054.71,399.52,0.7967,1011.73,396.68,0.7273,1061.32,421.71,0.7508,990.95,411.80,0.8590,1068.88,448.64,0.7600,989.53,438.24,0.7889,1036.76,450.05,0.6398,1011.73,447.69,0.6371,1039.12,493.50,0.7569,1007.48,487.84,0.7236,1032.04,532.23,0.7973,992.83,529.87,0.8006
467,bottom,0,988.86,701.20,1171.37,976.78,1106.36,723.26,0.6286,1103.67,719.90,0.4424,1104.34,720.57,0.5429,1085.50,726.63,0.4859,1096.27,728.65,0.5674,1069.35,746.14,0.6704,1109.72,759.59,0.6156,1056.57,764.30,0.6474,1137.98,772.38,0.4244,1063.30,744.12,0.4755,1155.47,773.72,0.6097,1077.43,819.47,0.6600,1103.67,821.49,0.6689,1057.24,865.90,0.6549,1129.91,883.39,0.7429,1008.13,904.92,0.7138,1143.36,950.67,0.7528
468,top,1,976.14,364.01,1076.15,554.50,1033.12,380.20,0.8301,1036.84,376.94,0.8913,1029.40,377.41,0.8501,1041.49,380.66,0.8477,1022.89,380.66,0.8554,1051.72,397.41,0.8155,1009.40,396.94,0.7254,1058.23,419.73,0.7350,988.01,413.22,0.8491,1065.67,445.77,0.7561,986.15,438.33,0.7619,1036.37,446.70,0.6407,1009.40,444.84,0.6281,1041.03,490.88,0.7290,1002.43,486.23,0.7332,1035.44,530.88,0.7958,985.22,525.76,0.7850
468,bottom,0,992.76,710.86,1192.32,984.17,1115.23,731.41,0.6988,1113.22,728.74,0.5071,1112.56,728.74,0.6075,1092.54,736.75,0.5086,1104.55,738.75,0.6089,1079.19,758.10,0.7021,1119.23,768.11,0.5434,1065.85,784.12,0.6793,1151.93,770.11,0.4525,1075.19,764.77,0.4227,1177.28,768.11,0.5723,1085.20,832.83,0.6791,1109.89,836.17,0.6951,1071.85,874.87,0.6552,1139.92,895.56,0.7862,1017.14,908.90,0.6942,1141.92,964.28,0.8284
469,top,1,965.97,365.74,1071.53,553.95,1031.15,381.27,0.8714,1034.83,377.59,0.8820,1027.02,378.05,0.8227,1039.43,380.81,0.8061,1020.59,381.73,0.8548,1049.99,396.89,0.8160,1007.72,398.27,0.6940,1055.05,419.41,0.7523,985.66,416.65,0.8174,1063.32,446.98,0.7529,983.37,441.47,0.7416,1035.75,444.22,0.6370,1007.26,442.84,0.6420,1043.10,487.42,0.7183,997.15,486.04,0.7221,1040.35,530.61,0.7556,977.39,524.64,0.7625
469,bottom,0,1004.55,717.21,1239.76,984.31,1119.86,738.21,0.8689,1117.56,735.14,0.6532,1116.03,735.14,0.8182,1100.72,743.57,0.5862,1108.37,744.33,0.7405,1086.93,762.71,0.7961,1126.75,777.26,0.6327,1076.22,794.87,0.7401,1175.75,780.32,0.6822,1101.48,787.98,0.4550,1214.80,761.94,0.8149,1088.47,843.87,0.8049,1110.67,846.93,0.7648,1083.11,884.45,0.7490,1152.02,899.77,0.8014,1027.98,915.08,0.7302,1142.83,964.85,0.7926
470,top,1,959.04,365.79,1068.91,554.27,1029.62,382.73,0.9135,1033.30,379.04,0.8842,1025.48,379.50,0.8850,1037.90,383.19,0.8187,1019.03,383.19,0.8929,1047.56,399.29,0.8299,1005.69,401.13,0.7360,1053.09,422.30,0.7584,984.06,421.38,0.8207,1060.45,448.53,0.7583,980.84,448.07,0.7368,1033.76,444.38,0.6671,1003.85,443.00,0.6654,1045.26,487.18,0.7433,991.43,486.26,0.7442,1045.72,529.97,0.7927,970.26,523.99,0.7729
470,bottom,0,1012.68,716.66,1224.48,984.09,1124.79,740.06,0.8830,1123.41,737.30,0.6777,1120.65,737.30,0.7900,1105.48,744.20,0.5940,1111.00,744.89,0.7069,1091.00,762.12,0.8046,1127.55,776.60,0.6316,1079.97,798.67,0.7354,1173.74,788.32,0.5375,1105.48,791.08,0.4721,1206.83,782.12,0.8036,1090.32,847.62,0.7545,1112.38,850.37,0.7326,1090.32,890.36,0.6872,1156.50,900.02,0.8048,1037.23,922.08,0.7553,1143.40,963.44,0.7944
471,top,1,951.96,369.38,1069.34,554.24,1027.80,386.44,0.8929,1031.41,382.83,0.8793,1023.74,383.28,0.8940,1035.92,386.89,0.8374,1016.97,387.34,0.9022,1045.85,404.04,0.8306,1004.33,404.49,0.7434,1050.82,426.16,0.7489,983.57,425.71,0.7941,1059.84,453.24,0.7740,978.60,453.24,0.7361,1030.96,447.82,0.6744,1001.62,446.92,0.6618,1047.21,486.18,0.7397,986.28,487.99,0.7437,1051.27,527.25,0.7959,963.71,526.80,0.7870
471,bottom,0,1018.02,712.83,1205.68,983.86,1125.75,734.53,0.7735,1125.08,731.22,0.6237,1123.10,731.89,0.6581,1105.89,737.84,0.6020,1117.81,739.83,0.6613,1092.00,757.03,0.7938,1127.73,772.25,0.6197,1079.43,792.76,0.7555,1159.49,794.09,0.5138,1106.56,782.84,0.4659,1188.61,804.01,0.6957,1092.00,842.39,0.7203,1113.17,846.36,0.6904,1092.00,886.06,0.6871,1153.54,897.97,0.7957,1039.06,923.12,0.7842,1142.95,963.48,0.8287
472,top,1,950.82,376.58,1074.57,554.89,1026.62,391.30,0.8953,1029.67,387.81,0.8650,1022.27,388.25,0.8625,1034.46,391.73,0.8489,1015.74,392.60,0.9107,1044.47,410.02,0.8318,1002.25,410.45,0.7308,1050.57,432.65,0.7432,983.53,430.48,0.7834,1060.58,457.90,0.7544,977.43,457.90,0.7233,1028.80,452.24,0.6676,1000.07,451.81,0.6724,1049.70,487.94,0.7252,985.70,490.55,0.7377,1056.23,525.38,0.8073,961.76,529.73,0.8201
472,bottom,0,1022.25,703.87,1182.90,983.50,1123.74,726.94,0.7128,1124.42,723.53,0.5495,1123.74,723.53,0.6193,1104.63,728.99,0.6100,1121.69,730.36,0.6679,1090.97,748.79,0.8114,1133.30,767.22,0.6760,1076.64,783.61,0.7592,1155.83,801.36,0.6568,1102.58,775.42,0.4824,1171.53,825.25,0.7276,1089.61,832.76,0.7170,1113.50,837.54,0.6805,1090.29,876.45,0.7032,1147.64,894.20,0.8124,1042.50,921.51,0.7768,1142.86,961.11,0.8373
473,top,1,950.79,382.44,1080.11,553.99,1026.39,396.65,0.8634,1029.76,392.87,0.8375,1022.18,393.71,0.8364,1034.39,397.07,0.7967,1015.87,397.92,0.8910,1044.07,415.60,0.7827,1002.40,416.02,0.6948,1050.39,436.64,0.7310,983.46,435.38,0.7241,1062.59,461.48,0.7277,975.04,458.95,0.6123,1026.39,456.85,0.6397,999.03,456.85,0.6597,1052.07,489.26,0.7177,985.56,495.16,0.7054,1059.23,524.62,0.8184,961.99,532.20,0.8028
473,bottom,0,1024.97,695.56,1173.46,980.46,1121.47,718.37,0.7302,1122.17,714.89,0.5456,1122.17,715.59,0.5930,1105.47,720.46,0.6767,1124.25,722.54,0.6751,1090.17,741.32,0.8216,1133.99,762.19,0.7587,1072.09,772.62,0.7875,1145.12,803.23,0.7138,1092.95,766.36,0.4824,1154.16,834.53,0.7339,1086.00,823.40,0.7373,1110.34,827.57,0.6975,1084.61,867.92,0.7330,1140.25,888.09,0.8026,1044.26,917.30,0.7928,1142.34,958.34,0.8778
474,top,1,950.89,384.99,1079.20,551.71,1029.67,399.85,0.8764,1032.59,396.51,0.8494,1025.49,396.51,0.8620,1036.77,400.68,0.8129,1017.97,401.10,0.9281,1045.54,419.06,0.8159,1003.77,420.32,0.7135,1053.06,438.28,0.7606,984.14,439.53,0.7565,1067.26,461.25,0.7685,972.03,466.26,0.6403,1027.58,460.41,0.6744,1000.01,461.25,0.6829,1054.73,490.07,0.7266,986.23,498.00,0.7328,1059.32,524.74,0.8300,961.17,533.92,0.8311
474,bottom,0,1027.03,688.77,1172.64,976.73,1119.52,711.13,0.8191,1120.93,707.61,0.5675,1121.63,709.02,0.5809,1106.86,713.24,0.7328,1127.25,716.05,0.7141,1090.69,732.92,0.8383,1134.28,756.12,0.8316,1066.09,763.15,0.8465,1134.99,799.01,0.7685,1087.18,754.71,0.5283,1137.09,832.75,0.7124,1082.26,817.28,0.7419,1106.86,822.21,0.6907,1078.74,862.28,0.7734,1134.28,882.67,0.8147,1044.29,914.30,0.7890,1141.31,954.38,0.8631
475,top,1,950.15,383.67,1081.17,552.27,1034.00,398.88,0.8489,1036.56,395.47,0.8486,1029.31,395.89,0.8429,1040.82,399.73,0.7940,1022.06,400.16,0.9035,1049.35,417.64,0.8085,1007.98,420.20,0.6880,1058.31,436.41,0.7536,988.37,438.97,0.7338,1072.81,457.73,0.7900,973.01,466.26,0.7087,1031.44,461.15,0.6860,1004.15,461.57,0.6658,1058.31,490.57,0.7587,990.50,497.40,0.7099,1056.18,526.82,0.8238,961.07,533.22,0.8171
475,bottom,0,1026.67,685.42,1168.42,976.10,1121.67,706.57,0.8085,1123.09,703.02,0.5678,1123.80,703.73,0.6110,1108.19,708.70,0.7313,1128.77,711.54,0.7421,1089.74,728.57,0.8344,1134.45,753.41,0.8529,1062.06,756.96,0.8580,1128.06,797.41,0.7769,1087.61,753.41,0.5472,1125.22,830.76,0.7057,1076.97,813.02,0.7378,1100.38,818.70,0.6895,1074.84,856.31,0.7854,1131.61,878.31,0.8146,1042.19,910.96,0.8061,1135.87,949.99,0.8539
476,top,1,948.42,379.53,1087.28,552.44,1039.55,395.02,0.8867,1041.81,390.95,0.8671,1034.57,391.86,0.8685,1046.33,394.57,0.8260,1027.79,396.38,0.9311,1055.82,412.65,0.8276,1015.14,415.36,0.6905,1064.86,429.82,0.7643,996.15,432.99,0.7180,1079.32,453.78,0.7677,981.69,455.59,0.7126,1036.83,459.66,0.7082,1010.62,459.66,0.6750,1063.05,489.94,0.7891,994.35,496.72,0.7035,1056.72,527.01,0.8235,962.25,533.33,0.8146
476,bottom,0,1021.93,683.24,1155.54,969.24,1122.25,704.75,0.8057,1125.74,701.95,0.5212,1122.95,701.95,0.6239,1107.59,706.84,0.6978,1128.54,708.93,0.8022,1088.04,726.39,0.8208,1134.12,752.23,0.8355,1059.41,756.41,0.8292,1125.05,796.91,0.7630,1085.94,762.00,0.5710,1122.25,831.13,0.6882,1073.38,810.88,0.7354,1095.02,817.16,0.6938,1069.89,854.17,0.7536,1130.63,877.21,0.8270,1038.46,909.33,0.8424,1126.44,947.03,0.8412
477,top,1,953.13,373.42,1089.32,549.09,1046.49,389.44,0.8243,1049.15,385.00,0.7534,1041.62,385.89,0.7765,1053.59,388.99,0.7724,1034.08,390.32,0.8989,1062.01,405.84,0.8070,1022.11,409.83,0.6958,1070.88,421.80,0.7663,1003.93,427.12,0.7273,1081.96,440.86,0.7588,990.19,451.95,0.6969,1044.72,454.61,0.7042,1018.12,454.16,0.6371,1066.44,488.30,0.7519,999.06,492.29,0.6786,1057.58,527.76,0.7923,966.25,530.86,0.7851
477,bottom,0,1018.81,683.12,1143.42,970.72,1121.14,704.74,0.8736,1125.35,701.23,0.5561,1121.14,701.23,0.6218,1107.80,706.85,0.7704,1127.46,708.25,0.7982,1086.73,727.91,0.8397,1132.37,751.79,0.8748,1056.54,758.11,0.8392,1124.65,797.43,0.7552,1077.60,774.26,0.6028,1123.24,831.83,0.6725,1071.28,811.47,0.7344,1093.75,818.49,0.6972,1064.26,854.30,0.7567,1130.26,876.77,0.8325,1034.77,907.66,0.8404,1114.82,944.18,0.8325
478,top,1,964.06,366.10,1090.67,547.31,1053.02,381.49,0.7930,1056.12,377.95,0.7356,1048.16,378.39,0.7689,1060.10,382.38,0.7622,1041.08,382.82,0.8675,1068.51,399.63,0.7974,1029.13,403.61,0.7040,1076.03,415.11,0.6595,1011.44,421.75,0.6970,1084.43,430.60,0.6823,1004.80,440.77,0.5791,1052.14,449.18,0.6670,1026.04,448.30,0.6097,1067.18,486.78,0.7242,1006.13,487.67,0.6875,1058.33,526.60,0.7998,979.14,522.62,0.7646
478,bottom,0,1016.10,686.77,1141.56,972.07,1118.53,706.83,0.8749,1123.41,703.35,0.5703,1119.23,704.04,0.6241,1105.30,708.92,0.7612,1125.50,710.31,0.7936,1084.40,731.90,0.8044,1131.07,754.19,0.8623,1054.45,763.94,0.8308,1125.50,798.77,0.7409,1069.78,785.54,0.6307,1126.20,836.38,0.7184,1068.38,814.10,0.7021,1092.76,820.36,0.6787,1060.03,857.28,0.7236,1126.20,880.27,0.8190,1028.68,908.13,0.8064,1106.00,946.44,0.7978
479,top,1,981.14,358.36,1093.50,544.31,1059.11,375.07,0.7519,1061.84,371.44,0.6999,1054.57,371.89,0.7257,1066.38,375.07,0.7268,1047.76,376.43,0.8079,1072.73,391.87,0.7672,1035.51,397.77,0.7335,1076.36,407.76,0.5634,1017.80,418.65,0.7026,1084.08,422.74,0.5807,1016.89,445.44,0.4538,1057.30,443.17,0.6829,1031.42,442.71,0.6360,1067.74,483.12,0.7483,1016.44,484.93,0.7026,1058.66,525.33,0.8011,993.74,519.89,0.7424
479,bottom,0,1011.01,689.34,1141.05,972.40,1114.04,710.63,0.8932,1118.19,706.48,0.5715,1114.04,707.17,0.6322,1100.91,712.70,0.7647,1121.64,714.08,0.8068,1080.18,735.50,0.8063,1129.24,756.24,0.8733,1051.15,770.06,0.8316,1125.10,800.46,0.7588,1060.14,794.24,0.7090,1127.17,838.47,0.7800,1066.36,819.12,0.7024,1091.93,825.34,0.6818,1053.92,859.89,0.7449,1122.33,884.08,0.8221,1025.58,908.27,0.7861,1104.36,949.73,0.8090
480,top,1,999.68,352.23,1097.39,543.52,1065.35,366.61,0.7684,1067.68,363.34,0.7127,1061.14,363.81,0.6893,1071.89,367.55,0.6943,1055.07,368.95,0.7612,1077.49,384.36,0.7831,1042.93,390.43,0.7592,1077.96,401.64,0.5968,1025.18,413.78,0.7591,1086.36,417.99,0.6356,1028.45,440.40,0.5443,1063.01,435.27,0.6895,1037.79,433.87,0.6428,1070.02,478.70,0.7514,1029.85,480.10,0.7275,1061.14,523.07,0.7902,1008.84,517.00,0.7843
480,bottom,0,1006.16,690.53,1143.92,973.23,1107.48,711.78,0.8888,1109.55,708.33,0.5546,1107.48,708.33,0.6239,1095.05,714.55,0.7792,1117.14,715.93,0.8211,1075.73,738.70,0.8220,1126.11,756.65,0.8897,1047.43,773.90,0.8428,1124.04,800.82,0.7724,1050.19,798.75,0.7633,1127.49,838.78,0.8043,1063.31,820.14,0.7222,1090.22,827.05,0.6964,1050.88,860.17,0.7642,1119.90,885.71,0.8243,1023.28,910.56,0.8090,1103.34,951.97,0.8229
481,top,1,1018.12,345.19,1102.64,539.49,1068.92,361.70,0.7444,1072.24,357.91,0.6978,1065.12,358.85,0.6906,1076.51,361.70,0.7255,1059.90,363.60,0.7416,1081.73,378.78,0.7744,1049.47,384.94,0.8084,1083.15,399.18,0.6123,1031.92,411.51,0.8141,1091.69,415.78,0.6864,1038.08,438.07,0.6369,1067.49,430.48,0.7150,1044.72,428.59,0.6940,1073.66,474.12,0.7619,1042.35,474.60,0.7600,1066.07,518.71,0.8145,1025.28,513.02,0.8018
481,bottom,0,1004.25,689.07,1141.44,973.39,1099.91,709.06,0.8745,1099.91,705.59,0.5735,1101.30,706.29,0.6223,1088.11,712.53,0.8014,1110.33,713.23,0.7838,1069.37,737.52,0.8202,1120.74,753.49,0.8871,1042.30,774.31,0.8134,1121.43,798.61,0.7810,1043.69,797.22,0.7558,1126.98,835.39,0.8057,1059.65,821.51,0.7420,1088.81,827.76,0.7097,1047.16,860.38,0.7780,1115.88,885.37,0.8238,1022.17,911.75,0.8078,1103.38,952.01,0.8271
482,top,2,1032.05,342.50,1111.75,536.35,1077.11,356.60,0.7409,1079.47,353.29,0.6972,1073.32,354.24,0.6656,1082.79,357.55,0.6375,1065.75,358.97,0.7124,1084.68,377.90,0.6764,1055.34,381.69,0.7624,1083.73,399.67,0.5170,1039.25,409.61,0.7897,1097.46,415.76,0.5256,1050.61,431.85,0.6684,1073.32,428.07,0.6678,1051.55,427.59,0.6560,1079.47,470.66,0.7342,1053.92,470.66,0.7250,1069.06,512.78,0.7871,1039.25,511.36,0.7809
482,bottom,0,1003.03,681.73,1139.68,972.24,1091.92,704.99,0.8075,1089.79,700.74,0.5802,1094.76,701.44,0.5857,1080.57,707.12,0.8039,1101.14,708.54,0.7560,1061.42,732.65,0.8302,1113.91,746.84,0.8954,1036.60,769.53,0.7955,1116.74,792.23,0.7978,1036.60,794.36,0.7479,1125.26,830.53,0.8061,1055.75,817.05,0.7428,1085.54,823.44,0.7144,1042.98,857.48,0.7911,1107.52,880.89,0.8165,1020.29,910.67,0.7962,1103.98,948.97,0.8498
483,top,1,1039.83,339.54,1113.74,533.14,1081.04,355.04,0.7307,1083.40,351.73,0.7046,1076.79,352.21,0.6792,1087.18,355.52,0.6733,1070.17,356.93,0.7263,1090.49,374.89,0.7170,1062.13,379.62,0.7743,1089.08,398.53,0.5732,1047.01,407.51,0.8152,1102.31,415.54,0.5990,1058.83,425.47,0.6810,1077.73,427.36,0.6959,1056.46,427.83,0.6542,1087.66,464.70,0.7436,1065.44,467.06,0.7203,1073.48,505.82,0.7992,1050.79,509.13,0.8095
483,bottom,0,1002.49,675.54,1136.26,970.94,1081.64,696.31,0.7699,1080.19,691.98,0.5936,1083.08,692.70,0.5399,1070.82,698.47,0.7454,1091.01,699.91,0.7207,1052.07,727.32,0.8235,1105.44,739.58,0.8749,1028.27,765.54,0.7971,1110.48,784.29,0.7932,1030.43,789.34,0.7243,1122.74,823.96,0.7799,1051.35,811.70,0.7311,1081.64,816.75,0.7009,1036.92,855.69,0.7865,1099.67,873.72,0.7909,1018.89,911.22,0.7927,1104.72,941.51,0.8379
484,top,1,1047.35,338.90,1120.60,530.95,1088.66,353.34,0.7242,1090.54,350.06,0.6796,1084.44,350.53,0.6637,1092.88,354.28,0.5779,1076.00,355.69,0.7220,1094.29,374.44,0.7023,1068.03,377.72,0.7727,1092.41,399.76,0.5589,1055.37,407.73,0.8164,1106.48,413.83,0.5429,1072.72,426.02,0.6606,1081.63,425.08,0.6388,1061.00,426.02,0.6462,1096.17,461.18,0.7087,1075.07,467.75,0.6887,1078.82,497.28,0.7710,1061.00,510.41,0.7673
484,bottom,0,1001.37,668.66,1135.15,966.58,1073.35,690.34,0.7985,1074.08,685.98,0.5970,1075.53,685.98,0.5835,1061.71,692.52,0.7473,1082.81,693.98,0.7764,1043.53,723.07,0.8270,1097.35,732.52,0.8596,1020.26,762.35,0.8073,1105.35,776.16,0.8177,1024.62,784.89,0.7030,1119.90,816.90,0.7723,1045.71,806.71,0.7409,1077.71,811.08,0.7123,1032.62,855.44,0.7932,1092.99,869.26,0.7822,1018.07,912.90,0.8369,1103.17,931.09,0.8286
485,top,1,1052.97,337.87,1126.58,531.04,1094.02,351.92,0.7300,1095.44,349.09,0.6878,1089.78,350.03,0.6742,1097.32,354.28,0.5658,1080.82,355.69,0.7395,1097.32,374.09,0.7493,1073.27,377.86,0.7765,1096.85,400.97,0.6044,1062.90,408.51,0.8042,1113.36,413.70,0.6136,1085.53,424.55,0.6459,1091.19,426.91,0.6210,1068.08,429.74,0.6240,1101.57,460.86,0.7192,1081.29,472.18,0.7368,1086.01,493.88,0.7962,1064.78,512.74,0.8045
485,bottom,0,1001.31,662.03,1129.01,959.08,1064.43,685.09,0.7477,1063.71,680.74,0.5568,1065.88,680.01,0.5279,1053.55,687.26,0.7634,1075.31,687.99,0.7693,1035.42,718.45,0.8376,1090.54,724.98,0.8430,1014.39,758.34,0.8085,1100.69,769.94,0.8197,1018.74,780.82,0.7040,1115.20,809.10,0.7773,1041.95,802.58,0.7343,1073.86,804.75,0.7171,1029.62,854.07,0.8033,1089.81,863.50,0.7837,1018.02,912.81,0.8536,1094.89,920.06,0.8173
486,top,1,1054.77,338.16,1134.71,532.75,1100.44,354.22,0.7020,1101.39,350.42,0.6684,1096.17,351.37,0.6440,1102.82,356.12,0.5011,1086.66,357.07,0.7081,1100.44,376.08,0.7003,1080.01,378.45,0.7467,1100.92,399.83,0.5221,1070.51,408.38,0.7703,1118.49,407.91,0.5363,1099.02,420.26,0.6160,1093.79,429.76,0.6092,1076.21,432.61,0.6133,1104.72,461.59,0.6946,1087.61,474.89,0.7135,1097.12,489.62,0.7159,1066.24,512.42,0.7405
486,bottom,0,1000.66,655.67,1123.18,946.83,1057.65,680.41,0.7555,1056.23,676.14,0.5373,1059.08,675.43,0.5272,1047.70,682.54,0.7541,1069.03,683.25,0.7611,1029.22,713.11,0.8517,1084.67,718.08,0.8419,1009.32,753.63,0.8190,1096.75,761.45,0.8120,1014.29,776.37,0.6950,1110.97,802.67,0.7959,1037.75,797.70,0.7396,1070.45,799.83,0.7203,1027.09,852.43,0.8370,1084.67,856.70,0.8080,1017.14,912.86,0.8803,1085.38,910.01,0.8242
487,top,1,1053.71,336.43,1139.46,532.93,1105.70,353.61,0.7955,1106.66,350.25,0.7247,1101.86,351.21,0.6487,1108.10,356.01,0.5183,1092.27,357.45,0.7035,1103.30,376.64,0.7451,1086.51,379.03,0.8043,1105.22,395.82,0.5360,1078.83,408.78,0.7969,1124.41,400.62,0.6356,1111.93,413.57,0.6224,1094.66,431.80,0.6383,1080.27,434.20,0.6778,1106.18,461.55,0.6357,1090.35,478.34,0.7320,1105.22,487.93,0.7249,1065.40,513.84,0.7961
487,bottom,0,998.98,651.57,1119.03,939.62,1051.27,674.63,0.7358,1049.86,670.42,0.5216,1051.97,670.42,0.5289,1042.13,676.74,0.7240,1063.23,676.74,0.7334,1024.55,708.39,0.8329,1079.40,711.91,0.8299,1005.56,749.18,0.8213,1091.36,754.10,0.8045,1010.48,771.68,0.7125,1106.12,795.59,0.7860,1035.10,791.37,0.7264,1066.04,793.48,0.7056,1025.25,849.74,0.8313,1080.10,849.74,0.7996,1016.81,911.63,0.8837,1075.18,901.78,0.8016
488,top,3,1052.85,333.83,1145.76,532.53,1111.92,350.71,0.7979,1111.92,347.31,0.7148,1107.55,348.28,0.6664,1113.86,353.62,0.4970,1098.82,355.08,0.7002,1106.10,374.97,0.6609,1093.97,377.88,0.7856,1106.58,395.83,0.4223,1089.12,407.95,0.7741,1129.38,392.91,0.4598,1120.65,403.10,0.6576,1099.79,431.72,0.6312,1086.21,433.66,0.6709,1108.04,463.26,0.5795,1090.57,477.33,0.7300,1110.46,487.51,0.6966,1067.29,512.25,0.7875
488,bottom,0,996.78,646.93,1115.28,934.17,1047.61,670.63,0.7090,1045.51,666.43,0.5147,1049.02,666.43,0.5113,1037.80,672.04,0.7116,1058.83,672.74,0.7329,1020.26,704.29,0.8366,1075.66,707.10,0.8364,1002.73,745.67,0.8312,1087.59,749.17,0.8007,1009.04,767.41,0.7201,1103.01,789.85,0.7834,1032.19,787.74,0.7266,1063.04,788.45,0.7079,1023.77,849.46,0.8426,1074.26,843.14,0.7910,1017.46,912.57,0.8707,1065.85,898.54,0.8163
489,top,2,1052.97,332.82,1153.33,531.64,1117.71,348.74,0.7645,1118.20,345.34,0.6238,1113.83,346.80,0.6204,1119.17,351.17,0.4934,1104.61,352.14,0.6898,1112.86,371.07,0.6190,1102.67,373.98,0.7843,1113.34,391.94,0.3959,1099.75,403.59,0.7458,1135.19,380.78,0.3855,1129.85,391.94,0.6631,1107.03,428.35,0.6203,1092.96,430.29,0.6639,1114.32,453.59,0.5575,1090.04,474.46,0.7206,1112.86,485.14,0.7787,1067.23,511.35,0.8200
489,bottom,0,993.38,643.78,1112.74,932.19,1044.61,667.58,0.6873,1042.50,662.65,0.5136,1046.02,662.65,0.5377,1033.34,669.69,0.7151,1054.47,669.69,0.7540,1016.44,702.08,0.8343,1072.07,704.20,0.8397,999.55,743.63,0.8333,1084.04,745.74,0.8070,1008.00,764.05,0.7494,1099.53,785.88,0.7918,1030.53,783.76,0.7333,1060.10,785.17,0.7138,1022.78,847.84,0.8321,1068.55,835.87,0.7804,1017.15,911.21,0.8681,1057.28,893.61,0.8331
490,top,1,1056.91,327.13,1155.79,528.57,1124.05,343.26,0.7612,1124.05,340.31,0.6957,1119.63,341.29,0.6509,1125.53,345.23,0.4999,1109.79,347.19,0.7266,1120.61,366.37,0.6427,1109.79,369.33,0.8016,1123.56,384.57,0.3960,1110.28,396.87,0.7403,1141.76,367.85,0.4607,1135.86,378.67,0.7017,1116.68,422.44,0.6478,1100.45,424.41,0.6732,1123.07,449.49,0.6098,1092.58,469.65,0.7190,1116.18,483.91,0.7879,1068.48,506.54,0.8041
490,bottom,0,990.33,643.27,1111.06,930.53,1040.88,666.27,0.6677,1037.37,662.06,0.4971,1043.68,662.06,0.5250,1030.36,667.67,0.7049,1051.40,667.67,0.7489,1012.82,700.63,0.8375,1068.93,702.04,0.8445,997.39,742.71,0.8293,1080.85,744.12,0.8031,1007.91,763.05,0.7602,1098.39,783.39,0.7849,1027.55,781.99,0.7254,1057.71,781.99,0.7070,1021.94,845.81,0.8078,1061.92,830.38,0.7580,1017.03,909.63,0.8498,1051.40,887.89,0.8368
491,top,1,1059.63,324.18,1152.98,516.03,1127.38,337.67,0.7813,1127.85,334.86,0.6657,1122.70,336.26,0.6615,1129.72,340.48,0.5200,1115.20,342.82,0.6675,1125.04,361.09,0.6330,1116.61,362.49,0.8169,1125.98,383.10,0.3693,1118.01,388.25,0.7479,1139.09,404.65,0.3218,1139.09,362.49,0.6792,1124.10,417.76,0.6556,1108.18,420.10,0.6843,1132.53,446.80,0.7116,1098.34,463.66,0.7493,1118.01,481.46,0.7270,1067.90,500.20,0.8097
491,bottom,0,987.81,643.11,1109.55,930.25,1038.86,666.10,0.6553,1034.66,661.89,0.4745,1042.37,661.89,0.5359,1026.94,668.20,0.6942,1048.68,667.50,0.7452,1009.42,699.75,0.8389,1065.50,701.15,0.8512,995.40,742.51,0.8337,1078.82,743.21,0.8037,1008.02,762.14,0.7278,1097.05,781.77,0.7909,1024.84,780.37,0.7225,1054.98,781.77,0.7138,1020.63,844.16,0.7877,1055.69,828.04,0.7744,1017.83,909.36,0.8316,1046.57,882.02,0.8172
492,top,3,1061.78,316.72,1150.98,505.88,1130.39,332.79,0.8347,1132.70,329.10,0.6511,1126.70,330.02,0.6733,1134.55,334.18,0.5294,1120.23,336.95,0.6949,1130.39,355.88,0.7090,1121.16,355.42,0.8816,1133.16,377.59,0.4652,1120.69,380.82,0.7651,1142.40,350.80,0.3187,1137.32,360.50,0.5789,1130.85,414.53,0.7142,1114.69,416.84,0.7069,1141.47,445.01,0.7313,1104.07,460.25,0.6953,1120.23,478.26,0.7507,1069.43,492.11,0.8219
492,bottom,0,987.82,642.84,1109.52,929.10,1036.79,666.46,0.6570,1031.90,662.27,0.4854,1040.98,662.27,0.5503,1024.91,667.86,0.6849,1045.87,667.86,0.7640,1007.44,699.31,0.8438,1062.65,701.41,0.8613,994.16,741.24,0.8233,1077.32,743.34,0.7958,1007.44,760.11,0.7114,1096.19,781.08,0.7908,1022.81,779.68,0.7206,1052.86,780.38,0.7128,1019.32,843.28,0.7836,1050.07,825.11,0.7768,1018.62,907.58,0.8110,1043.78,871.23,0.7655
493,top,1,1059.60,312.66,1159.51,507.34,1132.37,328.72,0.7672,1135.69,325.87,0.6280,1127.61,325.87,0.5978,1138.55,329.20,0.6471,1123.34,332.05,0.6781,1135.69,350.11,0.7520,1124.29,350.11,0.8330,1136.17,374.83,0.4991,1120.48,372.92,0.7661,1144.25,393.84,0.3223,1137.60,348.21,0.6087,1136.64,411.42,0.6955,1121.44,413.32,0.7036,1149.48,440.89,0.7470,1111.93,454.68,0.7198,1123.81,471.79,0.7551,1073.91,484.14,0.8319
493,bottom,0,986.11,642.44,1109.45,928.99,1035.18,666.09,0.6693,1030.99,661.89,0.4912,1039.38,661.89,0.5452,1023.99,668.19,0.6842,1044.28,668.19,0.7562,1006.50,698.27,0.8444,1061.07,701.77,0.8617,993.21,739.54,0.8270,1076.46,743.04,0.7978,1008.60,757.03,0.6419,1096.75,780.12,0.8005,1020.49,780.12,0.7268,1049.87,780.82,0.7175,1016.99,842.38,0.7637,1045.68,822.79,0.7634,1018.39,906.74,0.7902,1040.78,862.67,0.7547
494,top,3,1067.07,308.75,1166.33,493.35,1139.23,325.34,0.7602,1141.49,322.18,0.6742,1134.28,322.18,0.6315,1144.19,326.69,0.6660,1127.07,327.59,0.7301,1140.59,347.87,0.7383,1127.52,346.07,0.7853,1139.68,369.50,0.4875,1120.76,368.15,0.7393,1147.35,379.87,0.3530,1135.18,349.22,0.4889,1143.74,406.01,0.6998,1125.26,407.36,0.6622,1158.61,438.01,0.7108,1117.60,451.08,0.6921,1130.67,465.95,0.7265,1080.19,478.12,0.8347
494,bottom,0,985.25,641.02,1109.44,928.76,1034.70,664.76,0.6775,1031.19,660.55,0.4831,1039.62,660.55,0.5356,1023.46,666.17,0.6859,1043.84,666.87,0.7567,1005.90,696.38,0.8512,1059.99,700.59,0.8698,992.56,737.12,0.8439,1075.45,741.33,0.8029,1007.31,754.68,0.6357,1095.82,778.57,0.8079,1017.84,777.86,0.7370,1046.65,779.27,0.7194,1014.33,837.57,0.7540,1042.43,820.72,0.7412,1017.14,902.91,0.8037,1035.41,862.86,0.7840
495,top,1,1072.80,307.26,1172.19,494.96,1141.74,326.42,0.6277,1143.11,323.21,0.5583,1136.70,323.21,0.5598,1146.32,325.04,0.6044,1129.82,328.25,0.6604,1149.53,344.75,0.6451,1128.91,347.04,0.6457,1150.90,364.45,0.4700,1120.66,366.74,0.6857,1149.98,385.07,0.3216,1137.15,340.62,0.5684,1148.61,407.07,0.6939,1129.82,408.90,0.6620,1162.82,436.85,0.7132,1120.20,450.14,0.6779,1142.65,464.81,0.7808,1084.92,477.18,0.8162
495,bottom,0,985.32,638.67,1108.84,927.29,1035.10,661.08,0.6773,1031.58,657.56,0.5000,1040.04,657.56,0.5552,1024.53,663.19,0.6947,1044.26,663.90,0.7563,1006.21,692.79,0.8587,1059.06,698.43,0.8660,992.12,733.66,0.8589,1074.56,739.29,0.8021,1006.21,749.86,0.6350,1095.00,775.23,0.8008,1015.37,773.11,0.7381,1044.26,773.82,0.7225,1009.03,833.01,0.7662,1039.33,816.80,0.7491,1013.26,892.20,0.7981,1031.58,863.31,0.8114
496,top,1,1079.79,306.36,1180.73,492.76,1143.91,327.20,0.6380,1145.73,323.11,0.6376,1139.36,324.02,0.6072,1149.83,325.38,0.6307,1133.44,329.02,0.7026,1155.74,344.04,0.6890,1129.80,347.68,0.6652,1172.13,335.85,0.7455,1122.07,369.07,0.7307,1151.65,322.20,0.6493,1133.90,348.14,0.6532,1153.92,405.02,0.6457,1133.44,405.93,0.6271,1166.21,437.33,0.7005,1123.89,448.25,0.6923,1156.65,466.00,0.7954,1090.21,475.56,0.7943
496,bottom,0,983.51,635.19,1106.49,919.69,1035.27,657.28,0.7071,1033.19,653.81,0.5094,1038.75,653.81,0.5459,1024.86,659.36,0.6879,1044.30,660.06,0.7338,1006.10,688.54,0.8421,1059.58,694.79,0.8641,990.82,728.82,0.8391,1074.17,737.16,0.8085,1001.93,748.27,0.6599,1092.92,772.58,0.7907,1013.74,767.72,0.7259,1042.91,769.11,0.7131,1002.63,827.45,0.7702,1037.36,812.86,0.7455,1008.19,878.15,0.7853,1031.11,864.96,0.8047
497,top,1,1081.55,309.57,1197.91,499.39,1144.83,328.48,0.6375,1148.07,324.77,0.5894,1141.12,326.16,0.6042,1155.02,327.09,0.6367,1138.34,331.26,0.6462,1164.76,342.38,0.6580,1134.63,347.94,0.6781,1183.76,327.55,0.7281,1123.97,374.82,0.6810,1163.83,315.50,0.5656,1136.02,356.75,0.4766,1159.20,405.41,0.6029,1138.80,406.80,0.6211,1171.24,435.99,0.6012,1128.61,449.43,0.6653,1173.10,465.19,0.8035,1095.24,476.31,0.7380
497,bottom,0,981.33,630.73,1101.74,903.94,1034.20,652.61,0.7664,1033.53,648.61,0.5031,1036.20,648.61,0.5577,1024.19,654.61,0.6903,1043.53,655.94,0.7458,1006.18,684.63,0.8253,1058.21,691.30,0.8406,988.84,723.98,0.8323,1073.55,732.65,0.7964,996.84,745.32,0.6805,1090.89,768.00,0.7977,1012.85,762.66,0.7224,1041.53,764.67,0.7294,998.18,821.36,0.7819,1036.86,808.02,0.7860,1003.51,866.72,0.7877,1030.86,863.38,0.8362
498,top,1,1084.02,310.51,1205.32,493.25,1151.81,330.50,0.6355,1154.04,326.93,0.6056,1147.34,328.27,0.6194,1158.94,330.05,0.6240,1142.88,334.07,0.6948,1170.54,343.88,0.6877,1137.08,351.91,0.6967,1190.62,327.38,0.7239,1126.82,380.02,0.6921,1187.50,309.08,0.5968,1136.64,359.50,0.5063,1164.74,409.91,0.6192,1143.78,410.36,0.6121,1178.57,441.14,0.6339,1134.85,450.51,0.6411,1182.59,467.02,0.7517,1100.50,476.83,0.7323
498,bottom,0,978.02,625.34,1098.36,889.16,1033.04,647.11,0.8110,1033.68,643.25,0.4948,1034.97,643.25,0.5656,1022.73,649.69,0.7097,1043.34,650.33,0.7860,1004.70,678.67,0.8385,1056.87,685.11,0.8310,986.02,717.96,0.8317,1071.04,727.62,0.7919,991.82,742.44,0.7161,1087.78,763.05,0.8088,1011.78,756.60,0.7233,1040.12,758.54,0.7315,993.10,812.64,0.7736,1037.55,804.27,0.7861,997.61,853.86,0.8219,1032.39,861.59,0.8403
499,top,1,1090.70,296.07,1221.17,490.70,1157.36,336.84,0.6427,1159.73,333.04,0.6309,1152.61,333.51,0.6008,1164.01,334.94,0.6723,1147.38,337.79,0.7439,1173.99,349.19,0.6447,1139.30,358.69,0.6986,1198.70,333.99,0.7096,1127.90,385.78,0.6286,1208.68,310.23,0.6635,1137.88,370.10,0.4240,1167.81,412.86,0.6933,1147.86,413.34,0.7015,1184.92,440.90,0.6919,1144.05,454.68,0.7815,1187.77,466.56,0.8328,1107.94,477.01,0.7275
499,bottom,0,974.48,619.71,1094.59,882.22,1031.97,641.37,0.8416,1031.97,638.16,0.5305,1032.62,638.16,0.5635,1021.08,644.57,0.7608,1041.59,645.21,0.8117,1003.13,674.06,0.8628,1054.41,680.46,0.8439,983.91,713.15,0.8391,1069.15,722.76,0.8150,987.11,739.43,0.7559,1083.89,756.73,0.8308,1010.18,750.32,0.7530,1039.67,751.60,0.7440,988.39,802.88,0.7988,1041.59,797.11,0.7715,988.39,850.30,0.8465,1037.10,852.22,0.8271
500,top,1,1119.64,321.06,1217.40,482.92,1164.17,338.37,0.7368,1164.96,334.81,0.6966,1158.64,336.00,0.6535,1168.52,339.16,0.6022,1150.74,341.93,0.7419,1176.42,354.57,0.6142,1142.83,363.27,0.7070,1200.13,344.30,0.6275,1127.82,388.56,0.6759,1211.20,333.23,0.5871,1135.33,377.10,0.5299,1171.68,413.85,0.6386,1151.13,415.03,0.6487,1189.86,441.11,0.6417,1151.92,457.71,0.7057,1188.28,466.41,0.7142,1116.36,476.28,0.6786
500,bottom,0,966.96,616.42,1090.59,879.10,1030.06,638.09,0.8346,1032.62,633.61,0.5468,1030.70,634.25,0.5495,1019.15,640.66,0.7395,1039.68,641.94,0.7839,1000.56,669.52,0.8528,1053.78,677.86,0.8461,980.68,708.64,0.8330,1066.61,720.18,0.8063,981.96,736.86,0.7943,1080.72,752.89,0.8545,1006.33,746.48,0.7363,1037.75,748.40,0.7239,983.88,794.57,0.8012,1047.37,790.73,0.7687,978.11,847.80,0.8597,1044.81,845.24,0.7889
501,top,1,1119.23,323.86,1207.41,484.75,1165.68,338.71,0.8045,1167.25,334.78,0.7622,1160.57,335.57,0.7067,1171.18,339.49,0.6899,1152.71,341.85,0.7887,1177.85,356.78,0.6479,1144.07,363.06,0.7055,1200.24,353.24,0.5174,1126.40,386.24,0.5812,1209.67,350.88,0.4726,1132.29,381.52,0.4045,1171.18,413.73,0.6690,1150.36,415.30,0.6430,1191.99,443.58,0.7006,1155.07,457.72,0.7419,1188.85,466.76,0.7700,1119.72,478.15,0.7332
501,bottom,0,949.39,615.45,1087.97,868.01,1028.54,636.91,0.8652,1030.39,633.21,0.6023,1029.16,633.82,0.5289,1016.83,639.37,0.7373,1037.79,641.22,0.7430,997.71,667.12,0.8290,1051.36,676.37,0.8696,977.36,707.20,0.8181,1063.69,719.53,0.7955,976.75,735.56,0.7937,1078.49,751.59,0.8531,1002.64,743.58,0.7228,1035.94,744.81,0.7176,977.36,791.67,0.8422,1053.21,786.12,0.7986,963.80,847.78,0.8814,1053.82,842.85,0.8695
502,top,1,1111.65,321.09,1243.02,487.56,1164.94,338.47,0.7337,1167.07,334.62,0.7359,1160.23,334.62,0.7119,1170.92,338.04,0.7162,1152.96,339.32,0.8530,1180.76,356.00,0.6371,1143.13,360.71,0.7692,1206.84,361.13,0.6920,1127.30,378.67,0.6192,1229.08,375.25,0.7179,1125.59,384.65,0.6425,1170.92,414.16,0.6949,1149.54,415.87,0.7154,1190.17,443.24,0.6877,1154.25,453.93,0.7656,1188.03,466.33,0.7725,1120.46,477.45,0.7572
502,bottom,0,932.33,617.20,1086.92,862.73,1027.01,638.66,0.8858,1027.01,635.06,0.6107,1029.41,635.06,0.5790,1015.62,641.05,0.7665,1036.01,642.25,0.7823,997.04,667.43,0.8547,1049.79,677.62,0.8785,976.06,705.80,0.8032,1061.78,720.78,0.8060,972.46,737.57,0.7751,1076.17,751.95,0.8522,1000.04,744.16,0.7043,1033.01,745.36,0.7314,971.86,789.72,0.8356,1057.59,786.12,0.8167,951.48,844.87,0.8647,1064.18,841.87,0.8980
503,top,1,1104.14,318.41,1227.72,495.19,1163.77,333.00,0.7746,1166.79,329.54,0.7524,1159.45,329.54,0.7282,1170.24,333.43,0.6792,1151.68,334.29,0.8184,1178.88,355.01,0.6557,1140.46,356.30,0.7403,1200.89,373.14,0.6519,1122.34,375.73,0.7103,1216.43,394.72,0.6631,1121.47,388.24,0.7051,1166.79,408.53,0.6586,1146.07,409.82,0.6631,1184.92,439.60,0.6480,1147.37,447.80,0.7332,1187.08,465.50,0.7785,1117.16,476.72,0.7400
503,bottom,0,919.51,621.11,1100.71,865.79,1026.24,642.50,0.8856,1026.83,638.92,0.6361,1029.22,638.92,0.5847,1014.29,644.29,0.7173,1035.20,646.08,0.7790,995.17,670.57,0.8580,1047.74,680.73,0.9076,974.27,710.00,0.8102,1059.69,723.74,0.8280,968.29,742.85,0.7729,1075.82,754.20,0.8873,996.97,745.24,0.7325,1031.02,746.44,0.7280,966.50,791.24,0.8652,1059.69,785.27,0.8628,939.62,844.40,0.9080,1075.82,843.21,0.9137
504,top,1,1097.23,313.08,1211.40,496.56,1161.03,330.90,0.7437,1164.62,327.77,0.7481,1157.00,327.32,0.7085,1169.10,331.35,0.7782,1150.73,331.35,0.8167,1176.71,353.75,0.7273,1138.19,350.61,0.7066,1190.15,378.84,0.7053,1118.93,371.67,0.7702,1199.56,404.82,0.6292,1118.03,390.48,0.7251,1161.48,404.82,0.6705,1140.43,404.37,0.6572,1178.95,437.96,0.6720,1140.88,442.00,0.7268,1185.22,465.74,0.7863,1113.10,473.80,0.7847
504,bottom,0,914.97,626.77,1112.86,863.95,1027.45,648.09,0.8798,1028.73,644.22,0.6056,1029.38,644.87,0.5377,1015.85,650.67,0.7140,1034.53,652.60,0.7136,995.24,675.79,0.8765,1046.13,686.09,0.8875,973.98,714.44,0.8401,1058.37,729.25,0.8137,965.61,748.58,0.8040,1077.05,758.24,0.9036,995.24,748.58,0.7785,1026.80,750.51,0.7556,963.03,793.03,0.8877,1061.59,785.30,0.9068,930.18,844.56,0.8883,1086.71,841.98,0.9317
505,top,1,1095.55,312.24,1202.98,496.08,1161.83,327.41,0.8283,1164.97,324.72,0.7936,1157.34,324.27,0.7767,1169.01,329.66,0.7436,1150.16,329.21,0.8704,1175.30,353.89,0.7851,1137.59,347.61,0.7006,1177.99,383.07,0.6731,1116.95,369.15,0.7703,1181.13,410.89,0.6294,1115.60,393.84,0.7282,1158.24,402.36,0.6438,1135.80,401.47,0.6459,1176.19,434.68,0.6804,1131.31,440.51,0.7673,1180.68,464.75,0.8333,1107.07,473.28,0.8155
505,bottom,0,912.37,634.69,1118.18,865.37,1029.34,654.89,0.8576,1030.01,650.87,0.5627,1030.68,652.21,0.5485,1017.28,656.90,0.7016,1035.37,658.91,0.7073,997.86,681.02,0.9011,1046.76,693.08,0.9030,975.08,719.21,0.8511,1059.49,734.62,0.8291,964.36,753.38,0.8049,1081.60,763.43,0.9104,993.84,756.06,0.8230,1023.31,758.07,0.8027,959.67,796.93,0.9187,1064.85,785.54,0.9146,924.83,846.51,0.9093,1091.65,841.82,0.9438
506,top,1,1089.82,313.26,1194.14,494.10,1161.84,329.95,0.8337,1165.38,326.86,0.8294,1157.43,325.98,0.8114,1169.35,331.28,0.7721,1149.92,330.39,0.8775,1172.88,355.56,0.8011,1135.80,347.61,0.7045,1168.47,384.26,0.6331,1115.04,369.69,0.7766,1164.93,408.98,0.6119,1113.72,397.06,0.7468,1154.34,401.92,0.5989,1130.50,401.48,0.6155,1175.09,431.50,0.7150,1125.64,438.56,0.7143,1172.00,464.61,0.8227,1101.36,473.44,0.8281
506,bottom,0,912.65,638.07,1119.07,865.05,1032.66,658.16,0.9032,1032.66,654.13,0.5722,1034.00,655.47,0.5892,1021.91,659.50,0.7161,1039.38,661.52,0.7254,1001.75,682.35,0.9135,1050.13,695.79,0.9135,978.90,721.32,0.8638,1064.24,738.79,0.8386,966.14,754.92,0.7784,1085.74,763.65,0.8904,995.70,759.62,0.8187,1024.59,761.64,0.8040,960.76,796.58,0.9209,1068.94,785.16,0.9015,924.48,846.97,0.9461,1093.81,843.61,0.9538
507,top,1,1083.54,319.96,1182.84,500.28,1160.04,334.40,0.8403,1164.01,331.32,0.8311,1156.08,330.88,0.8535,1167.53,336.16,0.7842,1148.60,334.40,0.8962,1170.17,359.49,0.8108,1133.19,350.69,0.7089,1159.16,389.43,0.6335,1113.38,372.70,0.7876,1149.04,415.84,0.6184,1112.06,401.76,0.7241,1147.28,401.76,0.6016,1123.51,400.88,0.6291,1172.81,430.37,0.7843,1119.98,436.54,0.7236,1163.13,466.03,0.8253,1094.89,474.84,0.8376
507,bottom,0,914.18,633.94,1121.62,864.99,1039.51,654.93,0.9119,1039.51,650.87,0.6109,1040.86,651.55,0.6395,1028.71,656.95,0.7572,1044.91,658.30,0.7592,1009.12,680.59,0.9231,1058.42,692.06,0.9140,986.84,715.02,0.8495,1070.57,735.28,0.8554,972.66,746.76,0.8125,1090.83,760.27,0.8982,1005.75,756.89,0.8297,1034.11,758.92,0.8207,965.91,797.41,0.9097,1076.65,781.87,0.9264,926.74,846.02,0.9347,1096.23,841.97,0.9657
508,top,1,1076.46,325.80,1177.50,496.07,1157.74,341.10,0.8136,1161.48,338.19,0.8131,1154.42,336.94,0.8186,1165.64,342.35,0.7506,1146.10,340.27,0.8363,1167.30,365.21,0.8417,1128.23,356.07,0.7272,1152.75,393.48,0.6741,1112.02,378.51,0.7631,1138.20,418.42,0.6563,1110.35,406.36,0.6999,1144.44,403.87,0.6646,1119.91,403.87,0.6616,1168.55,434.21,0.8067,1113.26,440.87,0.7149,1153.17,469.96,0.8308,1089.15,477.03,0.8327
508,bottom,0,915.64,628.02,1121.34,863.32,1047.28,648.58,0.8940,1046.61,644.56,0.5922,1049.29,644.56,0.6689,1033.89,650.59,0.7092,1051.30,651.26,0.7821,1015.81,676.70,0.9051,1066.03,686.75,0.9335,993.71,712.19,0.8503,1079.42,728.93,0.8957,980.99,740.31,0.8291,1098.84,755.04,0.9047,1017.82,752.37,0.8056,1047.28,752.37,0.8503,976.97,797.23,0.8622,1086.12,777.14,0.9546,934.12,844.10,0.9278,1098.17,840.75,0.9747
509,top,1,1071.65,332.19,1173.58,497.83,1153.75,347.07,0.8394,1157.80,343.83,0.8723,1150.52,343.02,0.8593,1161.84,347.88,0.8032,1143.24,345.45,0.8402,1163.86,370.12,0.8065,1125.44,360.41,0.6948,1148.90,398.43,0.6996,1109.67,382.25,0.7421,1131.11,421.48,0.6116,1107.25,410.15,0.7180,1140.81,406.92,0.6277,1116.55,405.71,0.6172,1162.24,440.48,0.7877,1106.84,442.91,0.7046,1148.90,473.24,0.7967,1083.39,478.90,0.7959
509,bottom,0,924.12,621.69,1123.98,859.28,1055.28,643.55,0.8894,1054.63,639.64,0.6116,1057.88,639.64,0.6576,1044.22,646.15,0.6985,1060.49,646.15,0.8217,1024.70,671.52,0.8896,1074.80,680.63,0.9281,1001.93,707.30,0.8144,1088.46,724.22,0.8917,989.57,732.68,0.7906,1107.33,749.59,0.9000,1030.56,746.99,0.7720,1059.18,746.34,0.8272,989.57,791.88,0.8393,1095.62,773.01,0.9303,951.19,841.98,0.8680,1100.82,835.47,0.9515
510,top,1,1078.65,336.36,1169.05,485.80,1148.29,351.97,0.8640,1151.94,348.69,0.8242,1144.64,348.32,0.8389,1156.32,352.34,0.8134,1136.98,350.15,0.8432,1159.97,374.59,0.8187,1120.56,365.11,0.6817,1145.74,401.96,0.7256,1103.78,385.54,0.7278,1127.86,421.66,0.6019,1100.50,411.81,0.7111,1136.98,410.35,0.6483,1111.08,409.26,0.6311,1157.78,445.74,0.7720,1099.77,444.65,0.7458,1147.93,473.47,0.7882,1079.70,477.85,0.7740
510,bottom,0,957.47,617.69,1131.91,858.76,1063.52,640.53,0.8962,1064.11,637.00,0.6188,1065.29,637.00,0.5989,1052.93,643.47,0.6582,1069.41,644.06,0.7413,1034.69,668.78,0.9148,1085.30,678.78,0.9234,1009.38,702.91,0.8286,1100.60,721.75,0.8544,995.84,727.63,0.8380,1118.85,746.46,0.8689,1040.57,744.70,0.7481,1070.59,743.52,0.7889,999.96,786.48,0.8470,1104.13,765.30,0.8964,978.19,842.98,0.8588,1110.61,825.33,0.8858
511,top,1,1057.26,339.66,1167.96,507.02,1139.99,354.29,0.8841,1143.66,350.61,0.9011,1136.31,350.20,0.8898,1148.16,354.29,0.8598,1128.54,353.06,0.8743,1154.29,377.58,0.8229,1112.61,367.77,0.6906,1141.62,405.36,0.7261,1095.86,385.75,0.7258,1122.82,426.61,0.6114,1090.95,412.72,0.6932,1132.22,411.90,0.6378,1105.25,409.86,0.6229,1153.88,445.81,0.7571,1092.18,446.63,0.6877,1148.16,474.41,0.7960,1072.57,487.08,0.7753
511,bottom,0,986.92,616.82,1144.31,864.11,1072.86,637.83,0.9074,1075.28,634.20,0.6389,1072.86,634.20,0.4967,1061.99,640.24,0.7152,1080.71,642.05,0.7193,1042.07,667.41,0.8357,1094.59,677.07,0.8709,1018.52,698.80,0.8169,1111.50,717.52,0.7899,1003.43,724.16,0.8546,1130.82,743.48,0.8320,1048.71,739.86,0.7078,1080.10,738.65,0.6986,1011.28,780.91,0.8659,1112.71,763.40,0.7934,1004.64,840.08,0.8727,1124.18,817.14,0.7812
512,top,1,1052.39,337.69,1168.11,508.78,1130.30,353.06,0.8448,1133.64,350.14,0.8651,1126.13,349.30,0.8326,1138.66,353.90,0.8232,1119.02,352.64,0.8581,1145.76,376.87,0.8142,1103.57,368.10,0.6723,1137.82,404.86,0.6737,1086.45,386.06,0.7047,1123.20,427.83,0.6587,1080.18,412.79,0.6579,1127.80,413.63,0.6127,1100.65,411.96,0.6076,1145.76,445.79,0.6575,1083.10,448.29,0.6629,1148.26,474.61,0.7553,1068.07,489.23,0.7918
512,bottom,0,993.41,616.77,1166.37,863.39,1084.10,638.33,0.7587,1085.31,633.51,0.5493,1084.10,634.11,0.4807,1073.27,640.14,0.7015,1091.33,641.94,0.6994,1052.80,665.42,0.8063,1105.18,676.26,0.8118,1029.32,694.32,0.7697,1122.04,715.40,0.7648,1011.25,720.82,0.8200,1144.31,741.29,0.7804,1056.41,740.68,0.6807,1088.32,739.48,0.6518,1022.69,781.02,0.8476,1122.64,762.36,0.7639,1022.09,841.83,0.8325,1139.50,814.14,0.8041
513,top,1,1049.01,332.78,1168.33,509.94,1120.78,351.29,0.8129,1123.81,348.27,0.7934,1116.46,347.40,0.7645,1127.27,353.03,0.7798,1109.10,351.29,0.8376,1136.35,375.08,0.7884,1093.53,366.87,0.6901,1131.16,403.20,0.6688,1075.80,385.03,0.7372,1121.65,429.15,0.6740,1069.31,411.85,0.7674,1121.21,415.31,0.6212,1092.24,411.85,0.6444,1135.92,449.47,0.6927,1075.37,449.91,0.7105,1148.46,472.40,0.7798,1065.42,490.56,0.8294
513,bottom,0,992.90,617.73,1188.96,864.56,1096.04,639.67,0.6967,1096.04,635.20,0.5257,1097.95,635.84,0.4975,1084.55,641.58,0.7196,1102.42,642.86,0.7215,1063.49,664.56,0.7969,1115.18,677.32,0.7995,1037.96,694.56,0.7821,1133.69,714.98,0.7869,1016.90,720.72,0.8266,1158.58,740.51,0.7852,1065.40,741.79,0.6973,1095.40,740.51,0.6626,1033.49,787.10,0.8053,1132.42,765.40,0.7723,1024.55,843.90,0.8711,1159.86,813.91,0.8403
514,top,1,1048.66,333.30,1161.31,509.68,1111.88,350.01,0.8109,1115.32,346.99,0.8173,1108.00,346.56,0.7643,1119.20,350.44,0.8018,1099.82,349.58,0.7941,1127.38,373.26,0.7731,1084.32,365.51,0.6956,1126.09,401.25,0.6372,1066.23,383.60,0.7456,1123.07,428.38,0.6469,1058.48,406.85,0.7527,1112.74,416.75,0.6256,1084.75,414.60,0.6512,1131.25,449.91,0.6505,1070.97,452.06,0.6935,1142.45,470.58,0.7522,1064.94,491.25,0.8249
514,bottom,0,992.24,619.48,1199.97,866.57,1109.63,640.92,0.7594,1108.95,636.18,0.5943,1110.98,637.54,0.5476,1096.10,642.27,0.7323,1113.69,644.30,0.7206,1073.79,665.94,0.8142,1125.86,679.46,0.8263,1046.74,695.69,0.8021,1146.14,716.65,0.8055,1023.07,722.06,0.8692,1172.52,741.00,0.8213,1073.79,743.70,0.7351,1104.22,743.03,0.7008,1041.33,792.39,0.8113,1142.09,771.43,0.7817,1023.75,843.11,0.8737,1176.57,812.68,0.8524
515,top,1,1040.48,332.28,1145.26,508.57,1103.63,349.84,0.8363,1107.07,346.83,0.8186,1099.76,345.97,0.7760,1110.95,350.70,0.7938,1092.44,349.41,0.8545,1119.98,372.65,0.7921,1077.38,366.20,0.6834,1121.71,400.20,0.6718,1058.87,382.12,0.7510,1122.57,428.60,0.6528,1049.83,404.50,0.7577,1107.07,416.55,0.6544,1078.24,415.26,0.6541,1124.72,451.84,0.6611,1067.05,453.57,0.7094,1128.59,470.78,0.7303,1064.03,492.30,0.8496
515,bottom,0,992.26,623.04,1206.83,866.67,1121.20,644.97,0.8279,1119.80,640.78,0.5988,1123.29,641.48,0.6229,1107.23,645.67,0.7738,1124.69,647.77,0.7775,1085.57,670.12,0.8370,1135.86,681.99,0.8388,1056.94,698.06,0.8043,1160.31,715.52,0.8181,1029.00,723.90,0.8527,1190.34,741.36,0.8459,1084.88,747.65,0.7671,1114.21,747.65,0.7429,1050.65,794.44,0.8246,1150.53,776.98,0.8057,1024.11,842.64,0.8636,1185.45,813.30,0.8333
516,top,1,1033.31,331.79,1127.85,508.88,1097.44,349.43,0.8599,1100.90,346.40,0.8439,1093.55,345.97,0.8257,1104.79,350.29,0.8120,1086.20,349.43,0.8511,1113.87,371.48,0.7884,1070.63,365.43,0.6889,1118.19,397.85,0.7186,1051.61,380.99,0.7691,1120.35,423.79,0.6759,1042.96,401.74,0.7988,1100.03,416.01,0.6686,1071.50,415.58,0.6478,1115.60,453.63,0.6961,1063.28,454.92,0.7277,1115.17,475.24,0.7351,1061.99,491.67,0.8146
516,bottom,0,991.80,627.98,1228.41,865.36,1130.13,650.39,0.8816,1127.82,646.54,0.6610,1131.67,648.08,0.6167,1119.35,650.39,0.8363,1136.29,652.70,0.8267,1098.55,675.04,0.8772,1147.07,685.05,0.8644,1069.28,702.77,0.7971,1174.03,714.32,0.7957,1036.16,725.87,0.9016,1203.30,734.35,0.8522,1097.01,750.52,0.8159,1124.74,750.52,0.7887,1060.81,798.28,0.8595,1160.17,777.48,0.8146,1026.92,842.18,0.8543,1193.29,815.22,0.8652
517,top,1,1027.47,330.76,1127.92,510.94,1092.21,350.03,0.8679,1095.73,346.95,0.8201,1088.25,346.51,0.8180,1099.69,350.91,0.8261,1081.65,350.03,0.8702,1108.93,371.14,0.8028,1066.26,365.87,0.7034,1113.77,396.66,0.7386,1046.02,381.26,0.7956,1119.48,422.17,0.6995,1038.11,402.82,0.8268,1093.09,416.01,0.6996,1065.38,415.13,0.6865,1108.49,454.28,0.7686,1056.58,456.04,0.7578,1102.77,483.76,0.8000,1057.46,492.11,0.8247
517,bottom,0,996.40,637.30,1233.34,861.62,1138.78,657.68,0.8952,1137.23,653.82,0.6424,1141.09,654.60,0.6522,1127.98,657.68,0.8078,1144.18,659.99,0.8133,1107.93,681.59,0.8464,1155.74,690.85,0.8317,1079.39,707.04,0.7731,1185.05,713.98,0.7722,1042.37,728.64,0.8587,1215.13,724.78,0.7918,1106.38,754.86,0.8004,1134.92,754.09,0.7760,1069.36,803.45,0.8002,1165.00,770.29,0.7892,1031.57,841.25,0.8354,1195.85,814.25,0.8572
518,top,1,1025.09,335.29,1126.05,514.18,1087.36,351.36,0.8592,1090.85,348.30,0.8478,1083.43,347.87,0.8249,1095.22,351.80,0.7840,1076.44,351.36,0.8673,1103.95,371.01,0.7934,1062.03,367.08,0.6719,1110.51,396.35,0.7272,1040.19,383.24,0.7849,1117.49,421.24,0.7148,1033.20,407.27,0.7882,1087.36,416.00,0.6784,1059.84,414.25,0.6550,1100.02,453.56,0.7750,1049.36,455.75,0.7020,1094.78,492.00,0.7797,1049.80,489.81,0.7507
518,bottom,0,1001.33,642.89,1235.97,862.37,1146.91,662.50,0.8985,1144.62,659.44,0.6414,1149.97,660.21,0.6660,1133.93,663.26,0.8229,1152.26,664.79,0.8285,1114.07,685.41,0.8611,1161.42,694.58,0.8183,1086.57,712.15,0.7899,1190.45,715.97,0.7795,1049.91,732.01,0.8427,1217.94,720.55,0.8151,1112.54,757.21,0.7811,1140.80,757.21,0.7504,1076.64,808.38,0.7706,1169.06,764.85,0.7579,1039.98,842.75,0.8357,1195.79,813.73,0.8370
519,top,0,1023.63,337.73,1126.41,519.73,1083.02,354.53,0.8273,1086.57,351.42,0.8453,1079.46,351.42,0.7990,1090.57,354.97,0.7917,1071.91,354.53,0.8488,1099.46,373.64,0.7877,1057.69,370.53,0.6888,1106.12,396.74,0.7180,1035.47,388.74,0.7977,1114.12,421.62,0.7162,1029.70,414.07,0.7639,1081.24,417.62,0.6632,1053.69,415.85,0.6545,1091.90,456.73,0.7470,1042.58,455.39,0.6970,1091.90,500.27,0.7626,1036.36,486.94,0.6542
519,bottom,1,1006.71,643.21,1213.98,863.06,1149.48,662.72,0.9592,1150.15,660.02,0.6199,1150.83,660.70,0.6978,1138.01,664.75,0.8085,1156.23,666.10,0.8617,1116.42,685.66,0.8459,1165.67,695.78,0.8631,1090.10,714.00,0.7750,1191.99,718.72,0.7104,1055.69,735.59,0.8138,1202.78,722.10,0.5512,1115.07,756.51,0.7305,1143.41,756.51,0.7425,1079.98,811.16,0.7515,1171.07,763.93,0.7824,1045.57,846.25,0.7681,1195.36,813.86,0.8311
520,top,0,1006.84,344.10,1120.47,527.04,1078.40,360.53,0.7550,1081.97,357.85,0.7510,1074.82,357.41,0.7080,1085.09,360.98,0.7320,1066.78,360.09,0.8132,1093.58,377.95,0.7793,1052.04,376.16,0.6683,1101.17,401.62,0.7326,1031.50,396.71,0.7550,1111.89,427.97,0.7031,1025.69,421.72,0.7077,1076.16,420.83,0.6656,1048.47,417.70,0.6300,1084.65,461.02,0.7380,1032.84,457.45,0.7082,1088.67,506.58,0.7616,1018.99,491.40,0.7275
520,bottom,1,1020.83,640.19,1212.94,861.64,1146.28,658.98,0.9509,1146.28,656.48,0.6441,1147.53,656.48,0.6594,1135.02,661.48,0.7612,1153.78,663.36,0.8308,1115.01,682.75,0.8316,1163.16,694.00,0.8680,1090.00,712.14,0.7525,1185.05,723.40,0.7637,1059.98,735.90,0.8140,1189.43,737.78,0.5511,1114.39,755.29,0.7201,1141.90,755.29,0.7309,1079.37,807.82,0.7678,1171.92,763.42,0.7549,1048.72,844.72,0.8082,1195.68,813.45,0.8349
521,top,1,986.88,351.05,1115.37,535.84,1071.43,366.75,0.8183,1075.03,363.59,0.8082,1067.82,363.59,0.8051,1080.00,367.20,0.7800,1061.05,366.30,0.8552,1088.12,383.89,0.7923,1045.71,382.99,0.7118,1095.34,406.45,0.7458,1027.21,406.00,0.7228,1106.61,430.36,0.7202,1021.35,433.97,0.6727,1069.17,427.20,0.6647,1042.55,423.14,0.6286,1077.74,468.26,0.7198,1022.25,461.04,0.7120,1084.96,511.57,0.7527,1004.21,496.68,0.7325
521,bottom,0,1007.38,632.93,1212.42,862.95,1140.60,652.50,0.9423,1141.27,649.16,0.6472,1141.27,649.83,0.6632,1129.26,655.17,0.7510,1147.95,657.17,0.8500,1109.90,677.19,0.8296,1157.29,688.54,0.8419,1087.88,707.90,0.7519,1174.64,724.58,0.8045,1059.84,734.59,0.8440,1181.32,753.28,0.7160,1110.57,751.28,0.7295,1139.27,750.61,0.7320,1072.53,800.67,0.7663,1169.97,766.63,0.7556,1045.16,843.39,0.8044,1194.67,813.35,0.8241
522,top,1,971.51,359.09,1110.55,539.95,1064.11,374.84,0.8488,1067.73,371.67,0.8207,1060.04,371.67,0.8191,1072.71,375.75,0.8229,1053.70,375.75,0.8546,1081.76,392.49,0.8193,1040.13,392.04,0.7420,1090.36,413.76,0.7733,1022.02,415.57,0.7340,1101.68,436.85,0.7362,1016.59,441.82,0.6718,1064.11,434.13,0.6867,1035.60,430.51,0.6390,1071.35,475.32,0.7313,1013.42,465.81,0.7285,1079.95,517.41,0.7389,987.17,502.47,0.7587
522,bottom,0,1007.35,626.06,1213.02,862.67,1132.95,646.62,0.9429,1131.61,643.27,0.6680,1134.29,643.94,0.6500,1121.57,648.63,0.8281,1140.32,651.31,0.8053,1103.49,670.05,0.8399,1149.69,683.44,0.8303,1086.09,700.18,0.7398,1166.43,724.28,0.7946,1057.30,730.31,0.8484,1171.78,756.42,0.7679,1103.49,744.37,0.7107,1132.28,744.37,0.7114,1061.98,792.57,0.8133,1163.75,769.81,0.7718,1041.90,840.11,0.8469,1193.88,813.33,0.8511
523,top,1,954.82,366.00,1104.61,542.48,1056.05,386.47,0.8212,1059.95,382.57,0.7973,1052.15,382.57,0.8090,1064.33,384.03,0.8224,1045.81,384.03,0.8646,1075.55,401.10,0.8093,1032.64,400.61,0.7285,1084.81,421.09,0.7678,1017.53,423.04,0.7454,1096.03,445.47,0.7307,1012.65,446.93,0.6435,1058.00,444.00,0.7026,1030.69,440.10,0.6848,1064.82,480.08,0.7441,1001.92,473.26,0.7074,1078.47,520.06,0.7656,971.21,507.39,0.7595
523,bottom,0,1007.99,619.59,1212.23,861.00,1126.06,640.57,0.8740,1125.40,636.58,0.6309,1128.06,637.91,0.5448,1114.76,642.56,0.7825,1132.05,645.89,0.7326,1094.15,664.50,0.8290,1141.35,679.13,0.8216,1078.19,696.42,0.7643,1157.31,721.68,0.7527,1054.26,727.66,0.8724,1161.96,755.59,0.7778,1094.15,736.97,0.7067,1123.40,738.97,0.6922,1050.93,782.85,0.8528,1155.32,772.21,0.7720,1037.64,836.70,0.8491,1189.89,813.43,0.8504
524,top,1,940.94,369.17,1096.11,541.87,1045.80,390.87,0.8361,1049.34,386.83,0.8111,1041.76,387.33,0.8371,1054.39,387.33,0.8548,1036.21,387.84,0.8499,1067.52,407.03,0.8056,1023.58,405.52,0.7425,1079.14,427.74,0.7748,1011.46,428.75,0.7094,1090.25,452.49,0.7320,1007.92,452.49,0.6070,1051.36,449.46,0.7476,1024.59,447.44,0.7086,1060.45,481.28,0.7663,993.27,480.78,0.6712,1077.12,520.18,0.8107,960.44,511.59,0.7758
524,bottom,0,1004.50,617.25,1202.00,861.99,1117.40,637.40,0.8171,1117.40,633.54,0.5669,1119.33,634.18,0.4898,1105.18,639.33,0.7267,1123.18,641.90,0.6940,1084.61,661.18,0.8075,1133.47,675.33,0.8194,1070.47,693.97,0.7794,1148.90,718.40,0.7685,1047.96,727.40,0.8590,1153.40,753.12,0.7774,1084.61,735.76,0.7083,1115.47,737.69,0.6900,1040.25,778.19,0.8576,1146.33,769.19,0.7724,1029.96,834.13,0.8335,1180.40,812.91,0.8352
525,top,1,937.46,367.93,1090.20,543.40,1033.22,387.05,0.8148,1036.70,382.58,0.7755,1029.24,383.07,0.8130,1043.66,385.06,0.8361,1024.27,386.06,0.8022,1057.09,407.93,0.7904,1011.84,405.94,0.7225,1069.02,430.31,0.7595,1002.39,429.31,0.7041,1081.45,456.16,0.7041,997.42,454.17,0.6544,1042.17,452.18,0.7204,1014.33,450.69,0.6798,1056.59,483.51,0.7733,986.48,484.50,0.6790,1076.97,521.79,0.8371,954.66,519.31,0.7846
525,bottom,0,991.57,617.28,1184.28,858.94,1106.74,637.74,0.8322,1106.12,633.97,0.5765,1109.25,634.60,0.5668,1094.83,639.62,0.7448,1113.02,642.13,0.7488,1075.38,662.83,0.8486,1124.31,674.12,0.8461,1060.32,697.96,0.7890,1139.99,716.78,0.7941,1040.87,729.96,0.8106,1145.64,751.91,0.7998,1077.26,734.97,0.6953,1107.37,735.60,0.7000,1032.72,777.63,0.8388,1139.37,765.09,0.8020,1016.41,834.09,0.8361,1162.58,816.53,0.8449
526,top,1,935.17,365.66,1087.68,543.46,1019.86,381.08,0.7989,1023.34,377.11,0.7810,1016.39,377.61,0.7917,1030.29,381.58,0.8001,1010.93,382.08,0.7844,1043.69,404.91,0.7408,998.52,401.94,0.7345,1055.11,425.76,0.6739,991.57,425.76,0.6837,1056.60,441.15,0.5408,989.08,447.11,0.6434,1030.29,452.08,0.6927,1003.48,451.58,0.6526,1050.64,486.83,0.7227,978.16,484.84,0.7319,1075.47,520.09,0.7973,955.33,521.58,0.8074
526,bottom,0,973.66,619.25,1158.44,851.64,1094.93,639.80,0.9487,1093.72,636.80,0.6055,1096.13,636.80,0.6306,1085.30,642.21,0.7576,1103.35,644.01,0.8294,1066.05,665.67,0.8721,1115.38,675.29,0.9101,1051.62,700.56,0.8142,1131.62,718.60,0.8128,1032.97,734.24,0.8238,1137.03,751.68,0.8032,1070.86,736.65,0.7495,1100.34,736.65,0.7596,1028.76,781.76,0.8376,1130.41,759.50,0.8445,998.68,834.09,0.8539,1142.44,819.05,0.8881
527,top,0,934.73,360.92,1086.65,543.60,1004.26,375.61,0.7997,1008.71,372.15,0.7729,1001.29,372.15,0.7705,1015.63,377.59,0.8093,996.35,376.60,0.7962,1028.49,401.82,0.7534,984.97,395.89,0.7680,1036.40,429.02,0.6693,979.53,420.61,0.6483,1035.91,458.69,0.5075,979.04,441.88,0.5748,1017.61,451.77,0.6588,991.90,450.28,0.6851,1042.34,489.84,0.7070,965.19,480.45,0.7738,1072.50,521.00,0.7869,952.83,521.00,0.7972
527,bottom,1,981.47,621.69,1147.37,847.51,1083.17,641.98,0.9740,1082.62,639.22,0.6142,1084.27,639.22,0.6000,1072.69,645.28,0.7025,1090.89,645.83,0.6905,1056.70,669.54,0.9225,1105.77,675.61,0.9488,1042.37,705.93,0.8186,1123.42,719.71,0.8369,1021.97,740.11,0.8478,1128.38,753.35,0.8764,1063.87,737.36,0.7422,1094.75,735.70,0.7951,1023.07,786.43,0.8932,1121.76,763.82,0.9007,987.23,836.05,0.8370,1130.03,825.57,0.9630
528,top,0,932.22,353.84,1083.51,541.63,990.14,368.45,0.7554,994.57,365.00,0.7007,987.68,364.51,0.7114,1001.46,371.40,0.7693,981.77,370.42,0.7366,1012.30,397.01,0.7748,973.89,390.61,0.7728,1017.22,426.56,0.7092,966.99,417.20,0.6255,1013.78,443.30,0.3253,965.51,429.51,0.5487,1006.88,446.75,0.6441,981.27,444.78,0.6824,1031.01,489.10,0.6592,952.71,478.76,0.7919,1066.96,519.63,0.7486,950.25,522.59,0.7852
528,bottom,1,947.89,624.77,1148.09,860.74,1070.14,644.35,0.9428,1068.19,641.75,0.6718,1070.80,641.75,0.6633,1059.72,648.26,0.8285,1077.96,648.92,0.8031,1044.73,673.03,0.8434,1094.91,676.94,0.8887,1030.39,710.17,0.8025,1113.81,721.25,0.8180,1010.84,742.76,0.8243,1116.41,754.49,0.7990,1055.16,740.80,0.7276,1086.44,739.50,0.7497,1012.14,788.38,0.8464,1113.16,772.08,0.8615,979.56,843.12,0.8585,1129.45,828.78,0.8903
529,top,1,930.70,346.67,1071.14,542.57,975.10,364.75,0.8316,980.36,360.92,0.7594,973.18,360.44,0.7696,987.53,366.18,0.8190,968.88,364.27,0.7149,995.18,392.01,0.8001,963.62,383.88,0.8209,992.79,421.66,0.6686,960.75,408.27,0.6426,969.36,430.75,0.6443,944.97,418.31,0.5971,992.79,446.53,0.7176,968.88,445.10,0.7429,1014.79,486.23,0.6537,944.01,477.62,0.8416,1052.58,514.45,0.7586,949.27,521.14,0.8453
529,bottom,0,940.98,625.36,1146.52,862.01,1055.80,644.66,0.9444,1055.13,641.99,0.6970,1056.46,641.99,0.5823,1047.10,647.34,0.8421,1063.82,648.68,0.7821,1033.05,674.77,0.8567,1082.56,677.45,0.8638,1018.33,711.57,0.7941,1101.29,720.94,0.8094,997.59,745.02,0.8098,1104.64,753.05,0.7561,1045.76,744.35,0.7278,1076.54,743.02,0.7574,1002.27,789.18,0.8581,1105.98,775.13,0.8741,975.51,846.05,0.8764,1128.72,828.66,0.8947
530,top,3,910.46,340.60,1050.91,540.02,962.67,357.54,0.7849,967.54,354.62,0.7038,961.21,353.65,0.7351,975.82,360.47,0.8002,956.83,358.03,0.6439,976.30,383.83,0.7627,956.34,378.97,0.7154,967.54,413.53,0.6226,955.37,404.77,0.5140,934.92,410.61,0.6636,932.49,405.26,0.4094,980.68,442.75,0.6808,959.26,442.26,0.7009,996.75,483.64,0.6589,938.33,478.29,0.7833,1032.29,507.99,0.7460,949.04,520.64,0.8198
530,bottom,0,939.99,623.40,1146.15,864.26,1039.04,642.49,0.9307,1039.04,639.81,0.6312,1037.03,639.14,0.6588,1031.66,646.52,0.7918,1047.77,646.52,0.8160,1017.57,674.71,0.8418,1066.56,675.38,0.8477,1004.14,710.95,0.8175,1086.69,717.66,0.8070,984.68,743.83,0.8882,1092.73,750.54,0.7395,1033.00,744.50,0.7396,1063.20,743.16,0.7587,989.38,786.78,0.8949,1095.42,779.40,0.8466,972.60,847.18,0.8973,1127.63,829.73,0.8981
531,top,1,892.25,335.27,1031.54,540.29,951.38,351.69,0.7215,956.39,348.68,0.6382,949.38,347.68,0.7067,963.39,354.19,0.7065,946.38,351.69,0.6004,960.39,376.21,0.6946,945.88,375.71,0.6000,938.87,398.74,0.5328,939.37,397.74,0.4206,909.34,385.22,0.5978,910.84,386.72,0.3248,968.40,439.28,0.6755,949.38,439.28,0.6738,979.41,479.32,0.6325,934.86,476.82,0.7699,1013.45,507.35,0.7419,947.38,519.37,0.7506
531,bottom,0,939.76,620.08,1141.69,864.02,1022.32,640.16,0.9059,1021.00,637.53,0.6148,1023.63,636.87,0.6396,1015.75,644.10,0.7432,1032.18,643.45,0.8315,1001.94,671.71,0.8865,1050.58,671.05,0.8615,988.14,709.18,0.8354,1069.65,711.15,0.7999,971.05,740.07,0.8366,1077.53,743.36,0.7324,1021.00,741.39,0.7522,1050.58,740.73,0.7543,978.93,785.43,0.9220,1082.79,784.77,0.8035,970.39,846.56,0.9253,1124.20,830.13,0.8851
532,top,1,882.79,328.58,1007.48,539.06,940.51,343.38,0.6671,944.62,341.32,0.6175,938.46,340.29,0.6410,951.82,346.46,0.6462,936.40,343.89,0.4787,943.59,366.50,0.6401,936.40,365.99,0.5032,911.73,380.37,0.6492,917.39,381.40,0.4605,892.21,364.44,0.7206,898.89,370.10,0.4226,952.84,428.68,0.6046,938.46,428.68,0.5968,961.07,473.39,0.5464,932.29,473.39,0.6516,993.44,507.82,0.5777,945.14,518.09,0.6850
532,bottom,0,940.91,613.13,1128.71,863.87,1008.49,635.66,0.9298,1007.87,631.99,0.6397,1009.10,632.60,0.5738,1000.53,638.11,0.7855,1018.28,638.72,0.7385,987.06,668.10,0.8868,1036.03,666.27,0.8317,972.98,705.45,0.8023,1054.40,707.28,0.7835,957.06,735.44,0.7750,1063.58,740.34,0.6727,1011.55,739.11,0.7354,1040.32,739.11,0.7248,971.76,785.03,0.8881,1067.25,785.64,0.7446,969.31,848.08,0.8847,1109.49,828.49,0.8327
533,top,3,870.10,322.55,968.18,535.65,926.42,338.05,0.7103,931.63,335.97,0.6772,926.94,334.41,0.6560,940.47,342.21,0.7046,925.38,339.61,0.5097,929.03,357.30,0.6236,928.51,360.42,0.4551,891.57,360.42,0.6346,926.42,382.79,0.3325,875.44,347.42,0.7371,907.69,380.71,0.5134,939.95,420.77,0.6519,929.55,420.25,0.6244,943.59,469.16,0.6161,928.51,469.68,0.6847,968.05,510.26,0.6699,941.51,512.86,0.8029
533,bottom,0,933.78,608.75,1108.90,863.08,995.26,630.36,0.9033,994.64,626.63,0.6148,995.88,627.25,0.5382,987.81,632.22,0.7469,1005.82,632.84,0.7132,974.15,663.27,0.8648,1023.20,661.40,0.8287,961.11,701.14,0.7768,1040.59,703.00,0.7916,943.72,729.08,0.7729,1051.14,737.16,0.7099,1001.47,736.53,0.7159,1030.03,735.91,0.7256,967.32,784.97,0.8671,1048.66,783.10,0.7424,969.18,846.44,0.8618,1088.40,825.95,0.8036
534,top,4,894.58,319.60,954.91,532.75,914.33,335.11,0.6140,919.02,332.51,0.6095,914.85,331.99,0.5699,926.82,338.23,0.6121,919.54,337.71,0.4059,916.94,354.36,0.5824,934.11,357.49,0.5537,878.43,349.68,0.3687,940.35,382.46,0.4500,855.53,331.99,0.5544,906.53,379.86,0.3071,926.30,415.77,0.6051,929.43,415.25,0.4811,926.30,464.69,0.6201,927.34,464.69,0.5706,940.35,507.88,0.6123,938.27,506.84,0.5834
534,bottom,0,919.66,604.66,1088.24,863.37,983.11,626.01,0.8495,982.48,622.22,0.6151,983.74,621.59,0.5922,976.16,628.54,0.7345,993.22,627.90,0.7305,963.53,660.12,0.8549,1012.80,655.69,0.8194,949.63,698.01,0.7531,1029.85,695.49,0.7751,931.32,722.65,0.8154,1039.96,732.12,0.7037,992.58,732.75,0.6735,1019.74,730.23,0.7078,963.53,783.28,0.8447,1031.11,776.97,0.7527,969.85,845.81,0.8406,1065.85,820.55,0.8033
535,top,7,886.11,317.91,944.81,529.09,904.12,334.82,0.5258,908.24,332.25,0.5186,904.12,332.76,0.4861,914.94,338.43,0.5652,914.94,337.92,0.4241,903.09,353.38,0.4996,925.77,356.48,0.5636,865.45,341.01,0.3344,935.57,378.65,0.5776,839.67,324.00,0.5470,927.83,372.98,0.3867,915.97,414.22,0.5631,922.68,413.71,0.4901,911.33,463.20,0.6009,921.13,462.68,0.5959,917.52,509.60,0.4420,933.50,506.51,0.5932
535,bottom,0,907.29,600.09,1065.13,863.98,972.04,621.22,0.7994,971.40,617.35,0.5460,971.40,616.71,0.5819,964.31,623.79,0.6669,982.35,622.51,0.7277,954.00,655.36,0.8140,1002.32,650.85,0.8014,939.18,694.66,0.7378,1019.72,692.73,0.7812,919.85,719.15,0.8148,1030.02,728.81,0.7091,984.28,728.81,0.6539,1011.98,726.23,0.7094,957.22,781.64,0.8195,1014.56,770.69,0.7813,966.24,842.85,0.7834,1044.20,817.72,0.7977
536,top,8,864.27,317.37,943.45,528.31,891.50,334.78,0.4959,896.13,332.20,0.4772,892.53,332.20,0.4070,902.83,338.38,0.5413,905.40,337.87,0.4240,891.50,352.80,0.4613,915.70,356.92,0.5796,929.09,340.44,0.2457,929.09,377.52,0.6476,834.33,325.51,0.1818,918.79,377.01,0.3811,903.34,409.97,0.5658,914.67,410.48,0.5293,891.50,463.53,0.6672,917.76,461.98,0.6852,889.44,511.94,0.6555,931.15,506.27,0.7215
536,bottom,0,897.35,596.27,1041.06,860.83,961.45,618.10,0.8554,961.45,614.22,0.5888,959.52,613.58,0.5564,954.99,621.33,0.7075,972.43,619.39,0.7457,944.66,652.98,0.7970,993.75,648.46,0.8108,929.80,690.44,0.7585,1010.54,689.79,0.8243,909.13,718.21,0.8051,1020.23,727.26,0.7563,975.02,724.67,0.6663,1002.15,723.38,0.7293,946.60,777.64,0.7974,1001.50,767.30,0.8053,959.52,837.06,0.8417,1025.40,818.98,0.8248
537,top,3,836.93,322.28,943.05,528.80,882.43,337.31,0.5173,885.45,333.27,0.4374,880.41,334.28,0.4152,887.47,338.31,0.4684,891.50,338.31,0.4416,875.87,353.44,0.4133,903.10,357.98,0.5317,851.67,347.89,0.2668,922.76,375.62,0.6450,833.02,334.78,0.2767,913.69,382.68,0.4210,891.00,409.91,0.5369,904.61,409.91,0.5205,873.86,462.35,0.6367,910.16,461.34,0.6882,863.27,509.74,0.6313,929.32,505.71,0.7249
537,bottom,0,888.38,598.72,1020.58,849.49,951.42,618.80,0.8029,951.42,615.13,0.5480,950.81,614.52,0.5279,945.30,621.86,0.6710,962.44,620.03,0.7542,935.50,653.09,0.8200,983.26,648.19,0.8458,918.97,691.66,0.7719,1000.40,689.21,0.8393,899.99,720.43,0.8175,1010.20,726.56,0.7952,966.73,724.11,0.6828,993.67,723.49,0.7693,933.67,774.31,0.8060,988.77,765.13,0.8535,948.36,833.09,0.8494,1007.75,820.84,0.8760
538,top,3,795.14,324.19,938.22,530.48,867.18,339.20,0.5345,870.21,335.67,0.4694,867.18,335.67,0.4340,875.24,341.21,0.4889,873.73,340.71,0.3883,858.62,356.32,0.4000,892.87,359.85,0.4678,821.86,345.75,0.3584,914.02,374.96,0.4978,800.20,330.13,0.5533,919.56,384.53,0.5943,878.26,413.24,0.5761,891.86,413.24,0.5085,856.10,465.61,0.6297,903.95,465.61,0.6740,835.96,509.93,0.6484,927.12,507.92,0.7415
538,bottom,0,879.57,601.36,1011.20,853.70,940.46,620.95,0.7785,940.46,617.25,0.5442,939.22,616.64,0.5382,934.91,624.64,0.6704,951.55,622.80,0.7129,924.44,656.06,0.7987,972.49,649.90,0.8100,909.04,694.26,0.7636,990.36,689.95,0.8340,891.17,724.45,0.8154,1000.83,728.14,0.7832,958.32,725.06,0.6668,985.43,724.45,0.7430,922.59,773.12,0.8000,977.42,764.49,0.8246,932.45,833.49,0.8108,991.59,821.17,0.8799
539,top,1,769.94,324.00,934.68,529.53,853.92,345.25,0.5584,856.60,341.50,0.4751,853.92,342.03,0.4260,860.89,347.93,0.5068,865.72,348.47,0.4227,844.27,363.48,0.5084,880.73,366.70,0.5482,809.41,358.12,0.4605,899.50,374.75,0.5046,783.13,342.03,0.5885,919.88,386.54,0.6526,864.11,417.11,0.6419,879.13,416.04,0.5990,838.90,468.06,0.6164,894.14,467.52,0.6286,812.63,508.82,0.6743,922.03,507.21,0.7327
539,bottom,0,870.70,604.13,1002.25,858.49,930.89,625.74,0.7987,930.89,622.01,0.5302,930.27,621.39,0.5620,924.68,628.84,0.6750,942.07,627.60,0.7104,915.36,659.89,0.7917,963.80,654.30,0.8092,899.22,698.40,0.7714,981.81,693.43,0.8189,881.83,730.69,0.8051,991.75,731.93,0.7671,949.52,728.20,0.6743,977.46,727.58,0.7517,912.26,779.12,0.8140,966.29,764.84,0.7953,915.36,839.98,0.8093,973.74,820.73,0.8312
540,top,1,762.58,333.85,934.44,531.40,845.15,351.51,0.6275,846.27,348.71,0.4865,843.48,348.71,0.4817,846.83,354.87,0.5710,855.78,354.31,0.5321,834.52,373.33,0.6280,871.45,371.65,0.6937,799.84,371.09,0.6182,895.50,382.28,0.6748,775.23,357.10,0.7632,917.32,391.79,0.7023,851.31,423.12,0.7047,866.97,422.00,0.6755,822.22,471.23,0.6888,882.64,472.35,0.6892,796.48,510.39,0.7276,914.52,507.59,0.7556
540,bottom,0,859.31,607.61,992.88,872.77,922.86,631.43,0.7739,921.56,627.55,0.5331,922.86,626.90,0.5392,916.38,634.67,0.7003,934.51,633.37,0.7320,906.67,665.74,0.7977,955.23,661.21,0.8184,889.84,703.29,0.7726,973.35,701.35,0.8048,872.36,733.71,0.7972,981.77,737.60,0.7684,938.39,733.71,0.6900,965.58,733.07,0.7441,902.14,788.74,0.7966,954.58,767.38,0.7289,904.73,848.95,0.8311,952.64,813.99,0.7782
541,top,1,753.65,346.32,933.31,531.14,832.37,362.70,0.6282,834.13,360.36,0.4503,831.20,360.36,0.5331,835.30,363.29,0.5815,843.48,362.70,0.5420,824.18,383.76,0.6236,861.03,379.66,0.7083,793.19,389.02,0.6222,887.93,390.78,0.7012,767.46,373.82,0.7723,912.49,400.72,0.6969,838.80,429.96,0.7272,855.18,429.37,0.7204,807.22,473.82,0.7527,872.14,480.84,0.6612,785.59,514.17,0.7471,904.31,508.32,0.7332
541,bottom,0,847.45,616.13,981.89,875.65,917.84,636.91,0.8066,918.47,633.11,0.5654,917.20,632.48,0.5434,910.23,639.45,0.6819,927.97,638.82,0.7254,899.46,672.40,0.8022,948.88,669.23,0.8234,879.82,705.98,0.7400,964.09,709.14,0.7966,859.55,733.85,0.8096,973.59,745.89,0.7747,927.34,740.19,0.6857,954.59,740.19,0.7434,894.39,798.48,0.7931,943.81,770.60,0.6239,904.53,855.50,0.7922,937.48,813.69,0.7063
542,top,1,745.39,350.94,927.99,532.79,817.67,369.94,0.7329,821.24,366.97,0.6008,817.67,366.38,0.6323,828.96,369.35,0.6320,833.72,368.16,0.5207,817.08,394.31,0.6690,850.36,387.77,0.7291,790.33,407.39,0.6309,877.70,400.85,0.6575,762.99,396.10,0.7071,903.26,410.36,0.7281,827.78,438.89,0.7369,843.82,438.89,0.7409,792.11,470.99,0.7585,856.31,487.04,0.6600,780.22,513.78,0.7732,889.59,511.41,0.7074
542,bottom,0,833.48,622.48,973.16,875.90,911.99,643.39,0.7681,911.37,639.68,0.5885,911.37,639.06,0.5036,905.18,645.86,0.6612,921.27,645.86,0.7091,892.19,676.18,0.7938,939.83,676.18,0.8142,869.91,705.88,0.7045,957.15,715.16,0.8039,847.02,727.53,0.7409,964.58,747.33,0.7662,917.55,747.33,0.6769,945.40,746.10,0.7472,885.38,801.16,0.7762,931.78,771.46,0.6251,903.32,855.61,0.7503,926.22,814.77,0.7158
543,top,0,744.18,358.96,912.21,533.02,809.60,375.43,0.7749,812.88,372.15,0.6790,809.05,371.60,0.6940,821.63,374.34,0.6323,824.37,373.24,0.4995,812.33,399.50,0.6862,840.78,391.29,0.7454,791.55,420.83,0.6894,865.39,408.80,0.7351,759.82,417.55,0.6848,890.00,419.74,0.7907,822.18,441.61,0.6634,838.59,442.71,0.6802,785.53,470.06,0.7420,837.49,493.03,0.6802,779.51,516.00,0.7696,875.24,512.72,0.6264
543,bottom,1,823.75,623.87,964.54,875.76,905.83,644.65,0.7652,903.98,640.35,0.6179,906.44,640.35,0.5262,899.06,646.50,0.6884,915.05,647.11,0.7241,885.54,675.40,0.8024,932.89,676.02,0.8285,860.32,706.15,0.7129,949.49,714.76,0.7931,834.49,715.99,0.7318,955.64,744.90,0.7508,913.21,749.82,0.7009,939.04,747.97,0.7726,881.85,803.93,0.7936,921.20,772.57,0.6801,903.98,857.44,0.7764,922.43,816.23,0.7368
544,top,1,750.71,362.24,883.32,530.19,805.79,379.31,0.7217,808.82,375.42,0.5744,802.77,375.85,0.6699,816.15,378.87,0.5225,803.20,379.31,0.3809,810.97,403.05,0.6248,834.72,393.98,0.6319,795.00,429.81,0.5378,854.14,413.84,0.5962,768.67,439.74,0.6272,869.68,426.36,0.5431,817.45,445.35,0.4861,836.44,445.78,0.4956,783.35,470.39,0.5545,823.06,494.56,0.5283,779.03,514.85,0.6424,852.41,508.81,0.5093
544,bottom,0,818.09,618.47,956.94,875.75,899.45,639.07,0.8035,898.19,635.30,0.6285,900.08,634.67,0.5487,892.54,640.96,0.6912,908.87,641.58,0.7290,879.98,671.11,0.7936,925.83,670.48,0.8509,851.71,700.63,0.7075,942.16,710.05,0.8051,829.73,700.63,0.7061,945.93,737.69,0.7453,906.99,746.48,0.7285,932.11,743.34,0.7702,883.75,803.01,0.7693,915.15,767.21,0.6696,904.47,855.77,0.7925,922.69,813.69,0.7601
545,top,1,755.49,362.42,862.33,528.51,803.23,379.78,0.7389,806.88,376.13,0.6698,799.99,376.13,0.6880,815.80,379.37,0.5679,797.96,378.97,0.4227,810.53,404.11,0.6426,830.40,394.78,0.6405,802.02,434.52,0.5067,848.24,418.70,0.6628,791.88,457.22,0.5155,854.73,444.25,0.5528,817.83,450.33,0.4822,835.27,450.74,0.4486,782.96,473.85,0.5213,810.13,491.28,0.4459,778.90,514.40,0.6423,843.37,506.69,0.5529
545,bottom,0,814.25,608.87,944.94,873.53,892.52,630.71,0.8299,891.87,626.84,0.6583,893.81,626.19,0.5844,886.70,632.65,0.7168,902.85,632.65,0.7206,875.07,664.96,0.8039,919.65,661.73,0.8590,847.93,694.03,0.7358,933.87,701.14,0.8081,826.61,689.51,0.7699,937.10,726.99,0.7372,902.85,739.91,0.7595,926.76,736.03,0.8004,887.35,796.77,0.8021,909.96,761.23,0.6881,905.44,849.75,0.8470,922.88,811.63,0.8225
546,top,1,755.15,362.65,853.51,530.93,801.45,379.00,0.8615,805.15,375.31,0.7682,798.58,374.89,0.7610,814.60,378.59,0.6969,796.11,377.77,0.5227,811.31,405.71,0.7426,826.51,394.61,0.7222,812.13,440.22,0.6604,841.30,417.21,0.6468,807.20,467.74,0.6564,836.78,441.04,0.2676,819.94,456.65,0.4496,835.96,455.83,0.3697,785.02,477.60,0.5859,804.74,485.00,0.4144,779.27,515.81,0.7107,838.84,505.95,0.6597
546,bottom,0,810.62,600.33,935.36,868.96,886.11,621.84,0.8278,885.45,617.25,0.6736,886.11,617.25,0.6055,881.52,623.81,0.7116,896.60,623.15,0.7033,871.02,657.91,0.8020,914.96,652.67,0.8515,845.45,688.08,0.7679,926.11,691.36,0.7477,824.46,680.87,0.8202,925.46,713.66,0.5311,899.88,730.71,0.7848,922.18,727.43,0.8256,884.14,789.74,0.8023,901.85,759.57,0.6691,906.44,840.89,0.8353,921.52,808.75,0.8370
547,top,1,755.62,360.91,851.59,529.18,802.38,375.62,0.9358,805.25,371.92,0.7319,799.09,372.33,0.7512,813.47,375.21,0.6983,797.45,375.62,0.5021,817.17,400.27,0.8211,820.04,393.69,0.5758,824.97,433.13,0.7325,813.88,426.97,0.4741,824.56,463.53,0.7523,813.88,449.97,0.3410,815.93,449.97,0.5813,830.31,446.69,0.4398,790.05,479.14,0.7242,807.72,483.25,0.5221,779.78,514.88,0.8241,835.65,506.25,0.7815
547,bottom,0,802.85,593.58,933.81,859.80,879.38,616.20,0.8489,878.08,612.30,0.6567,879.38,611.65,0.5912,875.48,618.15,0.7218,890.43,618.15,0.7041,867.68,653.24,0.8205,907.98,645.44,0.8843,841.68,686.39,0.8269,920.33,682.49,0.7839,818.28,677.29,0.8642,915.13,691.59,0.5219,897.58,724.09,0.8497,916.43,720.19,0.8660,873.53,781.94,0.8170,894.98,758.54,0.7346,911.23,827.43,0.8520,919.68,804.03,0.8355
548,top,1,757.80,358.34,851.35,529.00,804.16,372.84,0.9066,807.91,369.09,0.7580,800.82,369.51,0.7802,815.82,371.59,0.7474,798.32,373.26,0.5726,822.07,396.17,0.8278,811.24,394.09,0.6463,836.24,425.34,0.7562,817.49,424.51,0.5303,842.91,456.17,0.7343,810.41,445.34,0.3691,825.41,449.50,0.6420,825.41,447.42,0.5069,798.74,480.75,0.6475,807.91,479.92,0.5905,779.57,515.34,0.7148,832.91,508.67,0.7076
548,bottom,0,797.00,590.35,934.07,845.57,873.64,612.65,0.8634,872.39,608.91,0.6066,873.01,608.29,0.5672,869.27,615.15,0.6777,884.23,614.52,0.7098,863.04,650.66,0.8041,901.68,640.07,0.8686,839.37,684.31,0.8080,910.40,674.96,0.7400,811.33,678.08,0.8415,886.72,682.44,0.4690,894.20,720.45,0.8245,909.78,716.71,0.8471,865.54,775.28,0.7814,886.72,754.10,0.6018,914.14,812.67,0.8405,913.51,795.22,0.7694
549,top,1,757.96,354.79,858.87,529.74,806.28,370.51,0.8946,809.69,366.23,0.7651,802.86,367.09,0.8052,818.66,369.22,0.7185,799.02,371.36,0.6151,825.92,391.44,0.8381,813.11,391.86,0.7545,844.72,415.78,0.7783,817.81,419.20,0.7463,854.54,443.55,0.6672,809.69,440.56,0.7139,833.61,446.54,0.6754,825.07,443.12,0.5630,807.56,480.28,0.6445,809.69,479.42,0.5928,782.36,514.02,0.5569,833.19,509.75,0.5864
549,bottom,0,789.60,588.96,934.28,836.45,866.77,610.59,0.8339,865.57,606.36,0.6126,864.96,606.36,0.5512,863.15,613.00,0.6681,878.25,612.40,0.7183,858.92,648.65,0.7803,892.76,635.97,0.8306,835.96,683.10,0.7919,900.61,669.80,0.5715,805.75,681.28,0.8117,872.82,678.87,0.4206,890.94,716.93,0.8067,903.63,713.31,0.8159,862.54,773.13,0.7556,874.03,750.16,0.4776,912.70,806.96,0.8141,907.26,785.81,0.6971
550,top,1,762.44,355.21,877.77,532.38,808.86,369.83,0.9199,812.76,365.93,0.7663,805.40,366.80,0.8601,820.11,368.96,0.7121,801.94,370.69,0.6754,830.49,390.16,0.8178,812.76,390.59,0.7712,855.15,412.22,0.7791,816.65,414.38,0.7213,869.85,441.20,0.6578,804.54,437.74,0.7542,839.57,445.09,0.7204,830.92,442.50,0.6148,811.89,479.26,0.6745,814.05,478.83,0.5989,787.23,516.46,0.5799,835.68,511.71,0.6072
550,bottom,0,783.70,587.88,937.29,835.52,857.47,608.92,0.8293,857.47,604.68,0.6678,856.26,604.68,0.6185,856.87,612.54,0.6692,871.38,611.94,0.6954,854.45,648.21,0.7864,885.89,633.70,0.8182,833.89,683.88,0.7873,890.72,668.17,0.5171,800.04,685.70,0.8138,864.73,682.68,0.4047,887.70,715.32,0.7653,894.96,709.28,0.7282,866.54,774.57,0.7501,853.84,726.81,0.6574,917.33,808.43,0.8276,887.70,768.53,0.6224
551,top,1,772.40,353.53,889.50,536.69,810.82,369.98,0.8538,814.40,365.96,0.7882,807.25,366.85,0.8543,822.90,368.64,0.7405,803.67,370.88,0.7175,833.63,388.76,0.7597,813.06,390.11,0.7355,861.80,407.54,0.7135,815.30,413.36,0.6973,879.24,433.03,0.7273,800.54,435.27,0.7615,844.36,444.21,0.6763,834.08,442.87,0.5682,815.74,477.30,0.6783,817.53,478.20,0.6082,796.96,519.34,0.6246,836.31,512.18,0.6173
551,bottom,0,775.69,585.82,938.46,835.84,850.97,607.06,0.8664,851.58,603.40,0.6728,850.36,603.40,0.6058,849.75,611.33,0.6811,865.01,610.11,0.7195,849.14,646.12,0.8071,877.83,631.47,0.8260,830.83,682.75,0.7867,885.15,664.44,0.4817,796.04,690.07,0.8193,857.69,682.75,0.4199,883.32,709.61,0.7581,890.04,704.11,0.7359,868.06,773.09,0.7674,847.31,718.15,0.7144,918.73,809.10,0.8275,874.17,757.83,0.5570
552,top,1,783.25,350.89,897.08,535.87,812.61,370.22,0.9159,815.78,366.15,0.8278,809.00,367.05,0.8603,823.91,367.96,0.7994,805.39,370.67,0.7220,837.00,387.83,0.7467,813.07,389.18,0.8164,865.46,403.19,0.7466,814.87,410.86,0.7528,887.13,423.96,0.7905,799.52,432.99,0.7705,850.55,440.67,0.6745,839.26,440.22,0.5658,821.65,474.09,0.7009,823.91,474.54,0.6577,810.36,518.80,0.7601,835.65,511.58,0.8177
552,bottom,0,769.67,583.42,934.85,835.40,843.03,604.22,0.8600,844.26,600.52,0.6715,842.42,599.91,0.6252,843.03,608.52,0.6811,857.80,607.29,0.6904,843.03,642.97,0.8183,868.87,627.59,0.8234,827.66,681.11,0.8025,870.72,658.35,0.4759,791.36,694.03,0.8052,846.73,679.27,0.3917,876.25,706.95,0.7436,884.25,701.41,0.7344,867.64,768.47,0.7573,843.03,712.49,0.6980,916.85,807.84,0.8404,865.80,764.77,0.7153
553,top,1,786.58,351.40,905.99,539.03,813.76,370.54,0.8891,817.42,365.96,0.8420,810.09,366.88,0.8686,826.13,367.80,0.7650,806.89,370.54,0.7134,838.95,386.58,0.7138,815.59,388.87,0.8100,868.73,400.32,0.7043,814.68,409.94,0.7771,892.55,420.02,0.7681,800.02,432.84,0.7909,855.90,438.34,0.6563,847.20,437.88,0.5180,828.42,473.16,0.6395,831.17,472.70,0.5710,824.30,519.88,0.7594,835.29,509.35,0.7794
553,bottom,0,767.43,579.27,929.38,835.11,835.29,600.38,0.7891,837.16,596.63,0.6477,835.29,596.63,0.6144,838.41,604.75,0.6415,849.66,602.88,0.6081,836.54,640.35,0.7810,860.27,624.74,0.7744,826.55,677.83,0.7738,862.15,656.59,0.4563,790.32,695.94,0.7404,843.41,678.45,0.3417,870.27,702.81,0.6932,878.39,697.19,0.6586,867.15,764.03,0.7306,838.41,709.06,0.7197,913.37,804.63,0.8087,845.28,760.90,0.6831
554,top,1,789.34,353.66,910.10,541.56,816.23,370.09,0.8582,819.90,366.42,0.8186,813.02,367.33,0.8630,827.70,368.71,0.7545,809.81,370.54,0.7217,840.54,386.60,0.7089,817.15,389.81,0.7991,871.28,399.45,0.6903,814.85,411.83,0.7675,896.05,417.34,0.7474,801.55,434.77,0.7694,861.64,436.14,0.6508,851.09,435.69,0.5468,836.41,471.93,0.6356,837.33,473.76,0.5492,839.17,521.01,0.6975,837.79,515.51,0.6202
554,bottom,0,766.16,577.30,921.83,835.23,825.73,599.21,0.7486,826.36,596.07,0.6296,825.10,595.44,0.6119,829.51,602.99,0.6362,843.37,600.47,0.6199,828.88,635.74,0.7726,850.92,620.63,0.7555,825.10,675.41,0.7858,850.29,655.26,0.4463,791.10,698.08,0.7177,830.77,679.19,0.3133,862.26,700.60,0.6634,870.44,693.67,0.5984,865.41,761.05,0.7173,835.81,706.90,0.6760,906.97,800.73,0.7731,825.10,750.98,0.6747
555,top,1,797.07,354.02,913.81,544.91,819.56,373.50,0.8507,822.82,369.31,0.8367,815.36,370.24,0.8810,830.74,370.24,0.7945,811.63,373.04,0.7410,844.26,389.35,0.7149,818.62,391.68,0.8142,873.62,401.46,0.6908,815.83,414.98,0.7855,898.78,417.78,0.7388,802.31,439.68,0.7661,866.63,435.95,0.6607,857.30,435.95,0.5647,843.32,474.17,0.6334,846.59,474.17,0.5517,853.58,519.84,0.6788,847.05,513.78,0.5544
555,bottom,0,769.32,575.99,913.36,834.41,818.00,598.58,0.7458,818.63,595.42,0.6491,818.00,596.05,0.6026,823.67,602.36,0.6271,835.03,599.21,0.6070,822.41,633.91,0.8019,841.97,620.03,0.7465,822.41,675.55,0.8106,829.98,624.44,0.4720,791.50,699.52,0.7468,812.32,608.04,0.6075,854.59,698.26,0.6751,862.79,691.95,0.5878,862.16,755.67,0.7037,833.77,712.77,0.6409,899.38,798.58,0.7752,811.69,746.21,0.6738
556,top,1,801.23,359.61,916.52,545.26,822.61,376.74,0.8608,825.78,373.11,0.8318,819.44,374.02,0.8848,834.40,374.47,0.7888,815.81,376.74,0.7199,847.54,393.51,0.7011,820.80,394.87,0.7896,877.00,406.65,0.6624,816.26,418.44,0.7471,901.48,421.61,0.7211,804.03,442.01,0.7721,870.20,438.38,0.6426,859.78,438.38,0.5752,852.53,478.72,0.6520,852.53,477.82,0.5906,865.67,524.05,0.6912,864.76,513.62,0.6143
556,bottom,0,774.60,578.55,908.88,829.10,809.32,601.67,0.7984,811.15,598.00,0.7224,809.32,598.61,0.5849,819.10,604.73,0.6867,825.83,602.28,0.4909,817.27,636.53,0.8055,830.73,621.24,0.7536,819.72,676.30,0.8098,813.60,613.90,0.5353,792.80,700.15,0.7687,797.69,602.89,0.6068,847.24,697.09,0.6889,852.75,691.59,0.5876,855.81,753.98,0.7164,826.44,717.28,0.6502,894.34,796.19,0.7826,806.87,749.70,0.7017
557,top,0,794.94,367.21,920.23,552.55,826.36,383.41,0.8818,830.44,379.34,0.8530,822.74,379.79,0.8562,838.13,381.15,0.8163,819.12,382.51,0.7403,851.70,399.70,0.6968,822.74,400.15,0.8078,880.66,414.18,0.6540,817.32,423.23,0.7581,906.45,428.66,0.7172,804.65,446.31,0.7781,874.33,441.33,0.6299,862.56,442.69,0.5746,859.39,483.41,0.6255,857.13,482.96,0.5762,879.76,528.66,0.6751,884.28,506.48,0.7033
557,bottom,1,775.12,581.52,903.37,825.85,801.67,605.26,0.7973,804.05,601.68,0.7065,801.67,601.68,0.5728,811.81,608.25,0.6703,818.96,605.86,0.4884,813.00,638.07,0.8021,822.54,624.35,0.7110,818.96,674.46,0.7893,801.67,613.61,0.5265,796.30,697.13,0.7659,785.56,602.28,0.5953,840.44,696.53,0.6639,847.60,692.35,0.5496,849.39,754.39,0.7329,818.96,712.63,0.6096,889.35,796.14,0.7874,799.28,747.23,0.6636
558,top,1,795.49,376.14,921.94,558.32,830.25,391.62,0.8483,834.25,387.62,0.7908,826.69,388.51,0.8069,842.26,388.95,0.7712,823.58,391.17,0.6690,857.38,408.96,0.6572,825.36,408.08,0.7680,884.95,423.20,0.6506,817.35,428.09,0.7220,909.86,438.32,0.7195,804.01,450.33,0.7569,878.28,448.55,0.6198,865.83,449.88,0.5450,865.83,490.80,0.6862,866.72,486.35,0.5250,891.18,529.50,0.6786,895.63,510.82,0.6733
558,bottom,0,747.32,583.60,904.00,822.36,793.60,606.80,0.7931,795.93,603.30,0.7139,793.02,603.88,0.5682,802.34,610.29,0.6775,809.34,608.55,0.4539,807.01,637.69,0.7718,812.84,624.87,0.6715,817.50,670.33,0.7800,784.27,612.04,0.6577,798.85,692.49,0.7261,761.54,597.47,0.7661,836.74,695.98,0.6381,840.82,691.32,0.4996,841.40,757.19,0.7041,807.59,702.39,0.6024,882.79,792.16,0.7741,797.68,747.28,0.7107
559,top,1,793.61,384.23,922.75,557.19,834.11,399.77,0.8506,838.33,395.55,0.8066,830.73,396.39,0.8305,845.51,397.24,0.7919,826.93,398.93,0.6992,861.98,416.66,0.6519,826.51,414.55,0.7885,889.85,431.86,0.7054,815.53,431.86,0.6820,912.65,450.87,0.7591,801.17,447.07,0.7530,882.25,454.24,0.6649,867.04,456.78,0.5974,872.53,492.67,0.6756,875.91,492.67,0.5291,900.40,527.30,0.6994,900.40,518.01,0.6505
559,bottom,0,735.11,585.32,899.32,816.52,787.30,604.96,0.7906,789.56,602.14,0.6849,787.86,602.14,0.5466,794.64,609.48,0.6591,803.67,606.65,0.4562,801.41,636.57,0.7699,804.80,624.15,0.6587,816.09,664.79,0.7812,775.44,614.56,0.6803,803.67,689.06,0.6434,751.74,602.14,0.7525,833.02,694.14,0.6486,837.53,689.06,0.5157,835.84,757.93,0.7042,801.41,698.10,0.6244,878.17,790.10,0.7771,796.89,746.64,0.6977
560,top,1,795.15,389.23,923.14,561.29,837.30,405.11,0.8696,841.08,401.33,0.8018,833.94,401.75,0.8480,849.06,403.85,0.8181,830.16,404.69,0.7090,865.45,421.91,0.6759,827.64,418.97,0.7948,891.49,436.62,0.7133,813.78,432.84,0.6640,911.65,457.20,0.7350,799.50,443.76,0.7118,885.61,460.56,0.6939,868.39,463.92,0.6529,877.63,495.43,0.6481,876.37,497.11,0.4699,906.61,530.29,0.6524,900.73,517.69,0.5899
560,bottom,0,729.18,582.81,895.05,814.43,781.02,601.93,0.8496,782.71,598.53,0.7558,781.58,599.10,0.5878,788.37,605.89,0.7355,800.24,603.62,0.4736,797.98,632.46,0.7848,803.63,624.55,0.7167,815.51,659.60,0.8119,777.06,625.11,0.6176,804.77,690.71,0.6549,749.35,614.93,0.7535,832.47,691.84,0.7233,833.60,687.31,0.5759,831.34,755.73,0.7441,799.68,698.06,0.6661,876.02,785.14,0.7962,795.72,747.25,0.6794
561,top,0,787.80,391.02,926.94,560.57,840.16,406.95,0.8627,844.23,402.88,0.8454,836.54,403.78,0.8083,851.48,405.59,0.8684,832.91,406.95,0.7614,869.15,424.16,0.7208,829.29,421.90,0.7767,891.34,440.92,0.7333,812.98,432.77,0.6188,906.74,464.02,0.6583,800.30,439.11,0.6393,885.45,463.57,0.7193,868.24,467.64,0.6915,887.71,503.42,0.6872,875.94,496.63,0.4864,914.89,536.03,0.7039,894.51,514.29,0.6155
561,bottom,3,734.18,577.41,891.72,812.29,778.55,597.36,0.9094,779.12,593.92,0.8094,778.55,594.49,0.6328,782.56,600.80,0.8763,796.90,598.51,0.5458,796.32,625.46,0.8091,801.48,620.87,0.7603,814.67,653.56,0.7581,780.27,634.06,0.7033,812.38,681.09,0.6260,749.87,628.90,0.8191,831.30,686.82,0.7703,829.01,682.81,0.6270,827.29,751.62,0.7793,798.04,696.00,0.7727,874.89,780.87,0.8127,795.75,747.61,0.7596
562,top,3,800.34,393.50,927.16,561.47,843.52,409.37,0.8597,847.23,405.24,0.8096,839.80,406.07,0.8466,854.66,407.72,0.8236,835.67,409.37,0.7569,872.42,427.12,0.6913,830.31,423.82,0.7353,894.71,449.00,0.6863,810.49,432.07,0.5913,903.79,478.31,0.5951,797.70,434.14,0.4570,885.63,467.58,0.6339,867.87,472.94,0.6051,895.53,508.45,0.6149,877.78,497.71,0.4170,918.24,538.58,0.7114,892.64,511.75,0.6052
562,bottom,0,742.20,569.77,888.30,807.54,777.52,590.55,0.9418,778.10,586.49,0.7946,777.52,587.07,0.6497,781.58,592.87,0.8563,793.77,591.13,0.5545,795.51,619.00,0.8390,798.41,614.93,0.7767,813.51,646.28,0.7772,783.32,638.73,0.7769,815.83,674.72,0.7031,756.04,644.54,0.8412,830.34,681.69,0.7858,826.28,678.21,0.6669,824.54,744.97,0.8027,797.25,695.62,0.7642,872.72,776.31,0.8162,796.09,747.29,0.7889
563,top,3,765.08,394.97,926.95,561.60,844.96,410.84,0.8655,848.65,406.62,0.8384,841.27,407.67,0.8594,855.50,409.78,0.8927,837.59,411.36,0.7724,873.94,429.80,0.7787,832.84,425.06,0.7245,892.91,458.26,0.7440,809.13,429.80,0.7246,895.02,489.87,0.6624,784.89,425.06,0.7725,884.48,470.38,0.6904,864.99,476.70,0.6557,895.02,508.84,0.6697,873.94,503.05,0.5242,917.68,536.77,0.6183,893.97,508.84,0.6277
563,bottom,0,753.26,561.60,887.15,805.28,777.37,582.90,0.9404,777.97,579.33,0.7883,776.78,579.33,0.7035,780.94,585.28,0.8708,792.25,584.09,0.6202,794.03,612.05,0.8530,799.98,607.29,0.7786,813.07,641.20,0.7703,792.25,642.39,0.7233,817.23,670.35,0.7136,769.64,657.86,0.7734,827.94,676.90,0.7710,823.78,673.92,0.6456,822.59,737.58,0.7813,798.19,695.34,0.7248,871.37,773.28,0.8073,795.22,747.69,0.7817
564,top,2,767.26,395.24,927.69,562.35,843.82,411.43,0.8955,847.47,407.25,0.8671,840.16,407.77,0.8770,855.31,409.86,0.8968,836.51,411.43,0.7648,872.54,431.27,0.8070,831.81,425.53,0.7208,884.55,461.56,0.7331,809.87,424.48,0.6615,884.55,489.76,0.6823,785.85,419.78,0.7066,881.94,472.01,0.6959,859.49,476.71,0.6875,896.04,514.31,0.7791,860.53,511.18,0.6169,917.46,539.38,0.7638,885.60,505.95,0.5120
564,bottom,0,771.50,555.87,885.03,803.77,778.03,576.33,0.9537,778.03,572.09,0.8051,777.43,572.70,0.6841,781.66,578.14,0.8448,793.16,577.54,0.6801,794.37,605.38,0.9041,800.42,599.93,0.8295,812.53,636.24,0.7674,797.40,641.69,0.6912,816.16,665.90,0.7512,783.48,665.90,0.7529,826.45,671.95,0.7729,823.42,670.14,0.6356,821.61,731.26,0.8173,799.21,697.37,0.7456,870.03,771.21,0.7948,796.19,747.60,0.7823
565,top,2,763.50,393.57,928.23,559.08,839.96,410.37,0.8794,843.18,406.08,0.8251,836.75,406.61,0.8614,850.69,408.76,0.8439,832.46,409.83,0.7286,866.24,430.21,0.8194,829.78,423.24,0.7300,876.43,461.31,0.7772,808.33,419.48,0.6623,870.53,489.19,0.7392,783.66,415.19,0.7309,879.11,469.89,0.7228,854.44,473.64,0.7198,893.59,516.00,0.7494,849.08,513.32,0.6963,917.72,539.60,0.8119,879.64,510.64,0.6359
565,bottom,0,772.59,549.43,888.18,803.58,778.27,571.02,0.9133,778.89,567.30,0.7935,778.27,567.92,0.6430,781.99,573.50,0.8072,793.78,572.26,0.6635,795.02,602.67,0.8749,800.60,595.84,0.8028,811.77,633.69,0.7056,806.81,636.79,0.5555,814.88,665.96,0.6793,795.64,669.06,0.5140,825.42,666.58,0.7247,821.70,664.72,0.5930,821.08,726.77,0.7691,799.36,696.98,0.6624,868.24,767.72,0.7574,797.50,745.38,0.7395
566,top,3,759.45,390.81,925.45,559.12,834.35,407.42,0.8686,837.59,403.10,0.8185,831.10,403.10,0.8850,845.69,405.80,0.8355,827.32,406.34,0.7271,858.12,429.04,0.8029,827.86,419.85,0.6830,867.85,460.38,0.7553,804.63,417.15,0.6096,862.44,491.72,0.7351,777.61,416.61,0.6484,873.79,471.18,0.7163,848.94,472.80,0.7138,890.54,516.57,0.7197,834.35,514.41,0.6882,916.48,536.03,0.8221,871.63,519.82,0.7114
566,bottom,0,773.07,548.10,885.29,802.89,778.79,569.74,0.8984,778.79,565.39,0.7671,778.17,566.01,0.6292,781.90,572.23,0.8237,793.72,571.61,0.6823,794.34,601.47,0.8644,803.05,593.38,0.7929,811.76,631.95,0.7535,815.49,630.08,0.5321,813.63,664.92,0.7475,809.27,660.56,0.3736,826.07,664.29,0.7280,823.58,663.05,0.6097,819.85,725.26,0.7756,798.70,695.40,0.7986,866.50,767.55,0.7737,799.94,747.65,0.8009
567,top,1,756.26,386.92,923.38,563.43,827.30,405.00,0.8471,831.11,400.65,0.8131,824.58,401.19,0.8653,839.27,403.37,0.8196,820.78,403.91,0.6742,850.70,427.85,0.7851,824.58,420.23,0.6570,859.40,459.94,0.7230,803.37,420.77,0.5989,855.59,493.67,0.7095,776.71,423.49,0.5911,867.56,470.28,0.6966,843.62,472.46,0.6802,886.06,514.89,0.6945,824.04,509.99,0.7545,913.80,533.93,0.8194,859.94,537.74,0.7708
567,bottom,0,774.47,549.12,882.90,805.74,779.81,570.93,0.9119,779.81,567.17,0.7593,779.19,567.79,0.6530,781.69,573.43,0.8495,794.22,572.80,0.7260,793.60,602.88,0.8755,804.25,594.73,0.7975,810.51,634.20,0.7664,816.78,629.19,0.5493,811.14,669.29,0.7424,806.75,660.52,0.3930,826.17,664.90,0.7248,823.67,663.65,0.6176,819.28,726.93,0.7827,795.47,694.35,0.8150,865.02,770.78,0.7770,805.50,748.86,0.7971
568,top,0,757.00,387.31,916.58,574.13,820.69,405.40,0.8567,824.32,400.20,0.7540,818.09,401.24,0.8132,832.64,403.32,0.7658,814.45,404.36,0.6071,841.99,427.22,0.7692,819.65,423.06,0.6971,849.26,461.50,0.7133,799.91,429.29,0.6255,849.26,494.23,0.6898,774.45,435.01,0.6489,861.21,470.85,0.6307,837.83,472.41,0.6431,876.27,516.57,0.6774,819.65,511.89,0.7497,905.88,529.03,0.7704,845.62,550.85,0.7350
568,bottom,1,776.39,553.78,883.24,806.60,781.05,574.03,0.9321,781.67,570.32,0.7647,779.82,570.94,0.6606,782.90,577.11,0.8193,794.63,575.88,0.7465,793.40,607.36,0.8777,805.74,598.10,0.8037,809.45,640.69,0.7749,818.09,632.66,0.5615,807.59,678.34,0.7611,808.83,665.38,0.4102,826.11,669.08,0.7264,823.64,667.23,0.6256,816.85,728.34,0.7827,795.25,698.71,0.8169,860.68,772.78,0.7651,806.98,752.41,0.7886
569,top,1,788.49,388.93,906.84,581.16,813.87,408.08,0.8943,816.69,404.33,0.8170,810.59,404.33,0.7501,825.61,405.73,0.7665,808.24,407.14,0.5192,835.46,432.02,0.8020,816.69,429.67,0.7061,842.03,465.81,0.7367,804.02,439.52,0.5411,842.50,496.78,0.6649,781.96,442.81,0.5182,856.58,474.72,0.5984,831.24,474.72,0.6189,860.80,524.94,0.6736,818.10,517.43,0.8096,895.53,526.81,0.7781,837.81,562.01,0.7667
569,bottom,0,777.14,557.54,871.71,808.11,783.44,578.21,0.9179,783.44,574.54,0.7252,780.38,575.15,0.6487,783.44,580.66,0.7956,793.84,579.44,0.6931,793.84,612.47,0.8304,808.52,602.68,0.7582,808.52,647.95,0.7476,820.14,634.50,0.5333,804.24,684.66,0.7219,814.03,665.70,0.4068,826.26,672.42,0.6792,825.65,670.59,0.5663,816.47,733.60,0.7667,793.23,701.79,0.7797,855.63,777.04,0.7228,807.30,753.18,0.7154
570,top,1,779.70,393.49,892.67,586.55,807.43,411.77,0.9550,810.26,407.53,0.8715,804.13,408.00,0.7568,819.22,408.95,0.8078,802.25,411.77,0.4144,828.64,437.23,0.8540,812.15,434.40,0.7240,834.77,471.63,0.7638,802.25,448.54,0.7106,833.36,502.74,0.6587,786.22,457.97,0.5738,849.85,479.18,0.6517,827.70,477.76,0.6228,841.84,536.21,0.6789,815.92,527.25,0.7906,881.43,529.14,0.7695,835.24,571.56,0.7997
570,bottom,0,778.02,560.01,864.24,810.66,785.63,581.30,0.9072,786.25,577.02,0.7077,782.57,577.63,0.6428,785.02,583.75,0.7574,795.43,582.53,0.7049,794.81,616.19,0.8293,810.11,605.17,0.7605,807.66,654.13,0.7791,821.74,638.22,0.5325,798.48,687.78,0.7460,814.40,669.43,0.3632,826.02,674.93,0.6779,830.92,672.49,0.5836,816.23,737.96,0.7698,793.59,704.31,0.6964,850.50,782.03,0.7203,807.66,753.26,0.6840
571,top,0,748.14,399.10,878.70,589.69,800.39,417.62,0.9288,804.11,413.43,0.8050,798.06,412.96,0.7796,813.42,415.76,0.6303,795.74,417.15,0.5029,822.72,441.81,0.8367,802.71,441.35,0.7803,826.91,476.71,0.6779,791.08,460.42,0.7325,824.12,505.56,0.5772,765.96,471.59,0.7168,845.52,485.09,0.7554,825.05,484.15,0.6774,825.51,542.32,0.7102,812.02,535.80,0.7578,865.53,534.87,0.6663,837.15,576.75,0.8090
571,bottom,1,779.61,562.57,859.03,812.09,788.25,582.55,0.8931,788.25,578.89,0.6968,785.81,579.50,0.6037,787.03,584.98,0.7391,798.00,583.77,0.6856,795.56,619.10,0.7968,813.23,605.70,0.7579,804.70,657.48,0.7510,826.63,642.25,0.4904,794.34,693.42,0.7375,814.45,676.97,0.3611,827.85,678.80,0.6551,833.94,676.36,0.5752,814.45,739.11,0.7192,800.43,714.74,0.5139,845.51,786.62,0.6994,809.57,755.56,0.5546
572,top,1,739.25,405.01,859.86,589.97,794.59,423.89,0.9099,798.65,419.82,0.7708,792.78,419.82,0.7628,809.04,422.98,0.6534,789.17,423.44,0.5081,816.71,448.72,0.8505,796.85,446.01,0.7745,820.78,483.94,0.7045,785.10,466.33,0.7578,814.00,511.49,0.6535,759.82,475.82,0.7297,839.29,491.62,0.8207,822.13,489.36,0.6715,810.84,542.65,0.7123,809.49,541.74,0.6876,847.42,548.06,0.8155,836.58,576.96,0.8092
572,bottom,0,775.99,562.28,857.96,812.13,791.36,582.90,0.8837,790.75,579.24,0.6857,789.53,579.85,0.5887,788.92,585.34,0.7345,801.73,584.12,0.6734,796.24,619.50,0.8036,817.58,606.08,0.7739,802.95,659.76,0.7560,838.32,644.51,0.5705,789.53,698.19,0.7504,845.64,681.72,0.3730,828.56,681.11,0.6884,839.54,678.06,0.6464,813.32,739.66,0.6938,807.22,717.09,0.5761,843.81,787.24,0.7208,809.05,756.13,0.5940
573,top,1,739.74,410.61,850.96,590.91,790.07,428.57,0.8685,794.03,425.05,0.7154,787.43,424.61,0.7655,803.71,428.13,0.6334,783.90,428.57,0.5636,810.76,453.66,0.8280,790.07,450.58,0.7246,810.76,487.56,0.7115,779.50,469.07,0.6770,801.51,515.73,0.6705,753.97,477.87,0.6678,834.97,497.68,0.7795,816.48,494.16,0.5781,797.55,539.94,0.6466,798.87,541.26,0.5171,832.77,568.11,0.7254,834.97,574.72,0.6128
573,bottom,0,773.23,562.69,860.81,812.94,795.02,582.73,0.8549,794.41,579.07,0.6517,794.41,579.68,0.6020,791.97,585.79,0.6939,804.80,583.34,0.6660,796.86,618.78,0.8056,823.74,605.34,0.8132,800.52,657.88,0.7972,846.96,640.77,0.8043,787.08,692.71,0.7656,853.07,672.54,0.7482,831.07,679.88,0.7337,845.73,674.99,0.7298,817.02,739.75,0.7024,812.13,717.76,0.5957,845.12,790.46,0.7081,809.69,755.02,0.5886
574,top,1,731.13,415.37,851.78,589.38,784.66,432.71,0.8160,788.06,428.88,0.6848,781.69,429.31,0.7480,797.83,431.86,0.6297,777.86,432.28,0.5775,804.63,458.62,0.7704,785.51,453.95,0.6833,801.65,492.61,0.6431,774.46,471.79,0.6011,787.63,520.22,0.6155,749.40,481.14,0.5813,827.14,501.10,0.7001,812.28,498.55,0.5082,791.46,540.19,0.6131,803.78,545.71,0.5364,806.33,579.27,0.5226,834.79,574.60,0.7034
574,bottom,0,775.44,561.34,864.44,814.83,800.76,581.64,0.8438,800.76,577.93,0.6106,799.52,578.55,0.6227,795.81,584.12,0.6538,808.80,582.26,0.6700,796.43,617.54,0.7768,830.46,604.54,0.7808,798.28,657.76,0.7791,853.36,640.43,0.7993,785.90,686.23,0.7517,858.93,670.76,0.7835,831.70,680.04,0.6856,849.03,674.47,0.7080,819.32,741.92,0.6651,818.09,723.36,0.5409,847.79,793.29,0.6778,818.09,754.92,0.5462
575,top,3,735.30,418.07,848.36,612.48,779.97,438.39,0.9112,783.76,434.59,0.7521,777.59,434.59,0.7779,793.26,437.91,0.6775,773.80,437.44,0.5009,798.95,463.54,0.8243,780.92,459.27,0.7742,792.78,496.77,0.7277,771.42,474.46,0.6719,773.80,520.50,0.7576,751.01,482.05,0.6501,817.94,507.68,0.8027,807.02,504.84,0.6164,790.41,550.40,0.7214,800.85,549.93,0.6145,790.41,597.39,0.6509,832.65,572.71,0.6823
575,bottom,0,774.28,558.13,867.59,814.36,805.30,578.65,0.8039,804.67,576.14,0.5502,804.04,575.52,0.6165,799.04,582.40,0.6347,813.43,578.65,0.6924,797.16,616.81,0.7782,834.70,603.04,0.7817,797.16,658.09,0.7658,857.84,639.33,0.7948,786.53,678.74,0.7216,864.10,668.73,0.7629,830.32,679.99,0.6892,851.59,673.73,0.7198,821.56,741.92,0.6913,826.57,731.29,0.5432,847.84,794.47,0.6892,832.82,765.07,0.5442
576,top,1,747.52,425.77,826.84,624.36,774.09,445.55,0.9208,777.97,441.67,0.7789,772.15,441.67,0.7974,788.15,444.58,0.7537,768.75,444.58,0.5115,792.51,469.31,0.8243,775.54,466.40,0.7358,785.24,498.88,0.7469,769.24,479.49,0.5593,762.45,521.67,0.7518,756.15,482.88,0.5769,808.51,518.28,0.7681,798.81,515.85,0.6340,786.21,562.88,0.7520,798.81,562.88,0.5405,768.27,607.48,0.7269,831.30,576.45,0.6220
576,bottom,0,779.27,559.29,877.11,814.87,810.09,576.64,0.7784,808.84,573.52,0.5760,809.47,573.52,0.5838,802.60,579.14,0.6697,818.83,577.26,0.6943,797.61,610.96,0.8208,840.04,599.73,0.7631,796.99,653.39,0.7508,861.26,634.04,0.7551,787.63,672.11,0.7344,868.74,664.00,0.7583,831.31,677.10,0.6582,853.77,670.86,0.6875,822.57,738.25,0.7203,838.17,723.90,0.6289,847.53,793.78,0.7254,840.67,768.20,0.6330
577,top,1,738.55,431.75,817.44,635.68,770.53,453.56,0.8568,774.51,449.07,0.7833,768.54,449.57,0.8045,784.47,452.56,0.7782,764.55,452.56,0.5870,785.96,476.96,0.7828,771.03,473.97,0.6730,775.01,506.33,0.7176,760.57,489.40,0.4191,750.12,521.27,0.6875,734.68,495.88,0.4702,797.91,530.23,0.6859,791.94,527.24,0.5638,778.99,574.04,0.7383,803.89,572.55,0.4867,757.58,615.86,0.6600,829.78,581.51,0.5432
577,bottom,0,779.90,552.21,882.01,814.75,813.65,573.24,0.7911,811.73,570.67,0.5611,813.01,570.03,0.5903,806.60,575.80,0.6881,823.27,573.88,0.7189,798.91,607.85,0.8304,843.78,596.31,0.7547,796.99,648.87,0.7504,865.57,632.85,0.7740,788.66,669.38,0.7191,875.19,664.90,0.7624,830.32,675.15,0.6765,855.32,669.38,0.6870,822.63,734.76,0.7433,845.70,719.38,0.6842,845.70,789.88,0.7638,846.34,770.65,0.6906
578,top,1,721.97,443.62,810.32,645.27,765.16,462.72,0.8393,769.59,458.79,0.7515,763.19,458.79,0.7684,778.94,462.23,0.7685,760.23,462.23,0.5415,781.40,485.86,0.7810,765.16,483.89,0.6844,768.60,509.00,0.6232,758.26,499.15,0.4705,741.03,521.31,0.6626,733.65,505.06,0.5318,790.76,541.99,0.7086,782.88,539.03,0.5892,770.57,585.80,0.7179,796.17,578.42,0.4165,749.90,627.65,0.6246,823.25,586.78,0.4934
578,bottom,0,781.15,548.45,888.30,812.38,817.33,569.58,0.7677,814.75,567.01,0.5619,817.33,566.36,0.5589,812.17,572.16,0.6854,827.63,570.23,0.7119,801.22,605.02,0.8589,850.19,594.71,0.7889,797.35,645.62,0.7538,870.16,634.02,0.8073,789.62,670.10,0.7212,877.89,663.02,0.7641,828.28,670.75,0.6740,855.99,664.30,0.6972,819.90,730.67,0.7647,854.05,717.79,0.7411,841.17,785.44,0.8046,856.63,771.91,0.7851
579,top,1,720.27,454.41,806.77,651.50,759.19,474.52,0.8010,763.52,470.68,0.6970,757.26,470.19,0.7465,774.11,475.01,0.7106,754.38,474.52,0.5096,773.62,498.58,0.6965,760.15,497.14,0.5746,760.63,512.06,0.5309,757.26,517.35,0.3187,736.57,518.79,0.6531,739.46,517.83,0.3008,785.65,553.44,0.6677,773.14,551.51,0.5409,763.04,590.01,0.6593,786.62,588.08,0.3473,743.79,632.83,0.6462,812.12,607.81,0.4080
579,bottom,0,784.42,548.66,890.48,810.19,822.76,568.97,0.8077,820.85,566.41,0.5318,823.40,565.77,0.5689,814.46,572.16,0.7092,832.34,570.24,0.7551,804.25,604.72,0.8489,854.05,596.42,0.7904,796.58,644.31,0.7418,873.84,634.73,0.7987,790.84,670.49,0.7320,882.78,665.38,0.7487,827.87,671.12,0.6643,856.60,667.29,0.6890,820.85,727.95,0.7894,861.71,721.56,0.7766,836.17,779.67,0.8166,866.82,777.75,0.8256
580,top,1,726.23,464.62,801.08,651.71,754.06,482.34,0.7229,758.17,479.60,0.6280,752.69,479.15,0.7171,768.68,483.71,0.6346,749.49,482.80,0.4727,768.22,501.98,0.6779,754.98,503.81,0.5369,763.65,511.12,0.4807,754.52,518.43,0.2861,740.36,515.69,0.5838,758.17,520.25,0.2729,785.12,558.17,0.6752,771.88,556.80,0.5242,756.80,584.20,0.6265,770.05,591.05,0.4194,742.19,632.16,0.6658,808.87,591.97,0.4781
580,bottom,0,787.53,550.66,893.62,801.68,828.32,571.38,0.8432,826.48,568.93,0.5213,828.32,568.93,0.5752,819.13,573.83,0.7006,838.12,572.60,0.7411,807.48,605.08,0.8502,858.96,600.18,0.7915,797.68,645.53,0.7491,876.73,638.79,0.7997,794.00,672.49,0.7419,886.54,668.20,0.7774,827.09,672.49,0.6912,857.12,669.43,0.7018,822.80,727.04,0.7970,869.99,725.20,0.8052,828.32,779.74,0.8383,876.12,780.35,0.8954
581,top,1,727.95,469.15,802.07,652.69,746.64,490.57,0.7179,751.12,487.88,0.6256,746.64,487.43,0.6364,761.43,491.47,0.6107,744.85,490.57,0.3472,765.01,509.84,0.6047,752.02,508.05,0.5165,762.77,514.77,0.4658,761.87,530.90,0.3010,747.98,514.77,0.4840,764.56,538.96,0.2714,785.18,560.47,0.6457,769.94,558.68,0.5130,753.81,584.67,0.6227,765.01,601.25,0.6042,741.71,633.07,0.6848,802.65,598.11,0.6153
581,bottom,0,789.50,555.52,904.18,810.47,832.52,576.56,0.9011,830.65,574.07,0.5674,832.52,574.69,0.6122,824.43,579.67,0.7513,842.48,578.42,0.7770,810.74,609.55,0.8823,862.40,606.43,0.8391,799.53,649.38,0.7485,879.83,645.03,0.7995,796.42,678.02,0.7406,891.03,676.77,0.7803,826.92,677.39,0.7269,857.42,674.90,0.7068,824.43,729.68,0.7933,877.34,730.92,0.8122,819.45,783.83,0.8635,886.67,785.70,0.9101
582,top,1,727.68,473.50,804.08,652.59,741.39,493.53,0.8031,745.77,490.03,0.6951,740.08,490.46,0.6997,756.70,493.09,0.6425,738.77,492.65,0.3846,763.26,512.33,0.6333,747.95,511.45,0.5854,764.13,517.14,0.4639,758.01,536.37,0.3665,751.89,516.70,0.4197,762.82,552.55,0.2620,785.99,561.30,0.6605,769.38,559.98,0.5361,753.20,581.85,0.6265,761.51,602.83,0.5593,741.83,633.44,0.6719,796.49,597.59,0.5994
582,bottom,0,791.90,562.34,922.25,812.84,838.12,584.24,0.8858,835.67,581.79,0.6042,838.73,581.79,0.5826,829.56,586.68,0.7814,847.90,586.68,0.7942,815.49,616.04,0.8684,866.86,615.43,0.8546,801.42,655.18,0.7701,882.76,653.96,0.8105,797.75,684.53,0.7307,894.99,684.53,0.7857,828.33,683.92,0.7477,857.69,683.31,0.7059,827.11,730.40,0.8298,886.43,737.13,0.8136,810.60,785.44,0.8826,898.05,793.39,0.8908
583,top,1,728.46,473.83,806.25,652.50,740.74,493.37,0.8072,744.67,489.44,0.6863,739.44,489.88,0.6772,754.70,492.93,0.6759,739.00,492.93,0.4506,762.12,515.18,0.6876,748.16,512.56,0.6029,769.53,535.68,0.5317,758.19,535.24,0.3782,752.96,539.61,0.4302,757.76,555.74,0.3029,786.55,560.98,0.6614,770.84,558.80,0.5169,752.96,584.10,0.6503,753.83,594.13,0.5144,742.49,632.95,0.6691,790.04,597.18,0.6121
583,bottom,0,792.67,571.89,936.34,820.29,843.89,593.00,0.8662,842.07,590.57,0.5939,845.10,591.18,0.5735,836.00,595.42,0.7447,854.20,596.03,0.7482,819.63,623.32,0.8297,871.18,625.14,0.8289,803.26,661.53,0.7796,884.52,665.77,0.7763,799.62,691.85,0.7543,899.68,694.88,0.7735,829.33,692.45,0.7170,859.05,692.45,0.6851,828.73,736.12,0.8309,893.01,744.61,0.7740,804.47,787.06,0.8202,907.57,799.80,0.8703
584,top,1,727.88,470.74,803.09,652.41,742.42,491.94,0.8226,746.41,487.95,0.7225,740.65,488.39,0.7476,755.73,491.06,0.6966,739.32,491.50,0.5476,766.82,515.01,0.7048,745.97,510.13,0.7339,782.34,543.39,0.6670,748.63,531.86,0.5155,765.04,562.47,0.3860,742.87,540.29,0.5784,786.78,558.47,0.7312,768.15,555.81,0.6508,754.84,587.30,0.7019,741.98,593.51,0.8062,742.87,632.10,0.7501,783.67,595.73,0.7098
584,bottom,0,793.58,584.09,945.52,831.11,851.46,603.87,0.8077,849.65,601.46,0.5487,852.66,601.46,0.5540,843.62,606.28,0.7165,861.71,606.88,0.7331,828.54,633.42,0.8128,876.79,637.64,0.8285,809.24,668.40,0.7627,886.43,676.84,0.7722,802.61,700.96,0.7462,904.53,704.58,0.7796,830.35,703.38,0.7027,858.69,703.98,0.6654,830.95,741.37,0.7689,899.70,751.62,0.7642,806.23,790.22,0.8105,917.19,808.31,0.8338
585,top,1,720.17,464.81,805.05,652.88,744.70,483.55,0.8034,748.84,480.33,0.7269,742.41,480.33,0.7453,758.02,484.47,0.7246,739.65,484.92,0.5885,767.66,507.42,0.7540,749.29,504.67,0.7394,786.94,530.84,0.7536,750.21,523.49,0.6765,796.59,555.63,0.6608,735.06,539.10,0.7361,786.94,554.25,0.7316,768.58,551.50,0.7026,757.10,584.10,0.6921,741.03,584.10,0.8139,743.78,630.93,0.7240,779.14,600.63,0.6807
585,bottom,0,794.33,592.59,949.27,839.14,862.17,611.73,0.8233,863.37,608.72,0.5217,861.57,608.72,0.5848,856.15,614.14,0.6605,869.99,614.74,0.6791,838.69,640.02,0.7974,883.84,647.24,0.8152,817.62,675.53,0.7765,889.86,686.97,0.7924,807.99,709.24,0.7611,909.72,709.84,0.7631,833.28,711.05,0.7045,859.16,713.46,0.6536,836.89,743.55,0.7396,904.91,754.99,0.7574,806.79,789.90,0.7803,918.75,814.58,0.8271
586,top,1,710.13,457.74,818.16,653.33,749.82,475.31,0.8525,754.60,471.97,0.7853,747.44,471.49,0.8203,762.72,476.75,0.7790,743.62,477.22,0.6435,773.70,501.58,0.7584,751.26,499.19,0.7165,796.14,526.89,0.7944,748.87,517.34,0.7017,809.99,557.45,0.7364,727.86,535.96,0.7474,790.41,550.76,0.7306,770.83,546.46,0.6922,762.24,580.37,0.6982,741.71,575.59,0.7983,745.05,630.51,0.6818,768.92,609.02,0.6534
586,bottom,0,795.22,595.76,950.46,842.66,874.65,616.14,0.8116,876.46,612.52,0.5510,872.84,612.52,0.5392,866.81,619.15,0.7206,881.28,620.35,0.6325,851.14,642.05,0.7784,892.73,652.30,0.7864,830.04,677.02,0.7771,893.33,692.69,0.8139,816.78,711.98,0.7684,918.05,714.99,0.7747,840.29,714.39,0.7190,861.99,718.61,0.6787,842.10,746.33,0.7118,910.81,756.58,0.7936,807.14,789.73,0.7826,916.24,819.87,0.8603
587,top,1,704.55,448.94,824.90,653.45,755.74,466.31,0.8218,760.23,462.82,0.7704,752.24,463.32,0.8114,768.72,468.31,0.7742,748.25,469.31,0.6591,782.20,495.27,0.7018,754.24,492.28,0.6813,803.17,519.74,0.7397,746.25,511.25,0.6899,815.65,549.20,0.7440,723.28,530.22,0.7198,793.68,545.20,0.7185,773.21,540.21,0.6867,767.72,582.15,0.6945,744.75,570.17,0.7633,749.25,628.58,0.6125,769.22,611.11,0.6736
587,bottom,0,795.08,596.70,946.93,844.27,887.32,617.73,0.7790,887.93,614.11,0.5551,887.93,614.11,0.5329,878.26,620.76,0.6487,893.37,621.97,0.6028,863.15,643.72,0.8030,901.83,654.60,0.8337,840.78,679.38,0.7476,901.23,696.31,0.8044,827.49,713.23,0.7252,926.01,716.25,0.7995,850.46,712.02,0.7266,871.00,718.67,0.7302,845.62,750.10,0.6987,918.15,759.16,0.8172,808.75,788.78,0.8034,916.34,823.84,0.8733
588,top,1,706.85,440.63,827.88,648.52,762.79,458.80,0.8574,766.85,454.74,0.7929,759.24,455.25,0.8009,775.48,459.31,0.8051,754.67,460.33,0.7244,788.68,483.17,0.7306,756.70,483.17,0.7338,809.49,507.53,0.7341,746.04,503.97,0.7092,820.15,537.98,0.6909,721.68,522.75,0.6918,796.29,540.01,0.7178,775.99,536.46,0.7031,775.99,580.11,0.7299,750.61,567.92,0.7560,755.69,626.29,0.6511,771.93,612.08,0.7024
588,bottom,0,805.11,597.58,953.02,844.21,900.14,618.54,0.7886,900.14,615.53,0.5201,900.14,615.53,0.5757,889.90,621.55,0.6177,904.96,622.75,0.6464,875.45,645.03,0.8000,912.78,656.47,0.8471,855.58,678.75,0.7440,909.77,698.02,0.8235,841.13,711.87,0.7423,936.26,717.89,0.7959,860.40,712.47,0.7365,882.07,719.69,0.7232,850.16,750.40,0.7098,926.03,763.04,0.8315,817.05,785.92,0.8252,918.80,823.86,0.8550
589,top,1,711.13,432.51,831.23,643.06,770.15,452.97,0.9091,774.26,448.34,0.8537,766.04,448.86,0.8331,781.46,452.45,0.8650,761.41,454.00,0.7831,796.37,476.61,0.7391,759.36,476.10,0.7455,814.36,498.72,0.7465,747.53,495.12,0.7007,824.12,528.53,0.6768,725.94,511.05,0.6994,800.48,536.76,0.6929,779.40,532.64,0.7032,782.49,574.79,0.7242,756.27,567.60,0.7745,762.44,621.57,0.6729,774.26,612.32,0.7353
589,bottom,0,819.31,598.85,962.59,845.70,910.23,619.82,0.8262,910.84,617.41,0.5260,910.23,616.81,0.5821,900.59,622.84,0.6291,916.86,623.44,0.6420,886.13,645.74,0.8322,924.09,657.79,0.8681,867.44,677.08,0.7751,919.88,698.77,0.8294,857.80,709.62,0.6676,946.39,718.66,0.8128,869.25,712.63,0.7813,890.35,720.47,0.7472,859.01,750.60,0.7411,933.74,765.66,0.8328,831.29,790.37,0.8228,920.48,825.93,0.8033
590,top,1,726.43,428.38,834.76,634.79,777.57,447.93,0.9029,781.60,443.90,0.7740,773.54,443.40,0.8224,788.66,447.93,0.8101,767.99,447.93,0.7970,804.78,470.61,0.7650,763.96,470.11,0.7570,821.92,493.29,0.7367,751.37,486.74,0.6680,828.47,521.00,0.6790,738.77,496.82,0.6441,806.80,527.05,0.6780,783.62,523.52,0.6908,787.65,569.89,0.7754,762.96,566.86,0.7816,774.55,617.26,0.7220,771.02,612.72,0.7467
590,bottom,0,837.78,598.54,971.21,844.90,920.13,618.27,0.8661,921.94,615.86,0.5616,919.53,615.26,0.5675,911.71,621.87,0.6145,927.95,622.48,0.5853,896.68,644.13,0.8599,935.17,656.16,0.8605,877.43,678.41,0.8030,927.35,697.06,0.8520,880.44,697.66,0.4658,955.62,718.71,0.8052,878.03,712.10,0.8272,899.08,718.71,0.7842,875.62,751.19,0.7761,939.38,768.64,0.8290,849.76,797.51,0.8332,920.73,825.78,0.7960
591,top,1,742.79,425.20,838.83,636.92,784.09,442.15,0.8497,788.74,438.02,0.8129,780.47,437.50,0.8207,795.98,441.64,0.8249,775.30,440.60,0.8099,810.97,463.86,0.7442,768.07,462.31,0.7650,829.06,486.61,0.7563,756.69,478.34,0.6356,833.71,517.10,0.7013,748.94,485.06,0.6510,810.97,519.17,0.6695,785.64,518.66,0.6862,794.43,562.59,0.7140,771.17,563.11,0.7516,785.64,613.77,0.7607,771.17,612.73,0.7997
591,bottom,0,855.79,596.93,979.71,845.62,929.89,616.84,0.8427,932.93,615.02,0.5936,929.28,615.02,0.5788,920.78,620.48,0.6178,935.96,621.09,0.5751,907.43,642.34,0.8319,945.07,655.70,0.8207,888.00,678.16,0.7824,935.96,696.38,0.8322,901.96,691.52,0.4761,963.28,718.84,0.7914,888.60,713.38,0.8109,908.64,719.45,0.7524,894.07,754.06,0.7586,942.64,771.06,0.8118,871.00,803.24,0.8101,921.39,825.70,0.7770
592,top,1,749.09,418.79,843.61,630.66,792.21,436.79,0.8466,796.35,432.14,0.8061,788.59,432.14,0.7972,802.04,434.72,0.7878,782.90,434.21,0.8352,820.14,456.96,0.7033,774.62,454.38,0.7436,833.07,483.86,0.7195,762.21,471.45,0.6386,838.25,513.86,0.6923,756.00,482.83,0.6627,817.04,509.73,0.6553,791.69,511.28,0.6544,802.56,552.14,0.7182,780.31,559.38,0.7355,801.52,601.80,0.6606,772.04,611.11,0.7995
592,bottom,0,875.62,597.22,989.10,843.13,939.56,616.91,0.7773,943.76,613.91,0.5628,939.56,615.11,0.5219,929.36,619.91,0.6460,944.36,621.71,0.6127,916.15,641.52,0.7992,952.17,655.33,0.7772,899.94,676.94,0.7585,943.16,696.16,0.8079,920.35,685.35,0.4987,970.18,717.77,0.7703,899.94,714.77,0.7727,918.55,718.97,0.6943,914.35,757.39,0.7225,947.37,771.80,0.7643,891.53,807.82,0.7982,923.95,824.03,0.7857
593,top,1,757.84,414.93,849.83,627.81,801.24,431.98,0.8185,805.39,427.82,0.7886,797.08,427.82,0.7845,811.11,430.42,0.7561,790.84,429.90,0.8177,826.70,452.77,0.7015,780.45,450.69,0.7352,838.14,483.43,0.7025,767.97,469.92,0.6777,843.33,514.10,0.6566,762.26,484.47,0.6110,823.58,506.30,0.6332,796.56,507.34,0.6216,811.11,548.92,0.7227,786.68,554.12,0.7156,815.79,598.29,0.6624,778.89,605.57,0.7403
593,bottom,0,895.11,599.34,998.11,844.20,949.00,620.14,0.7757,951.99,616.55,0.5538,949.00,617.15,0.5240,938.84,622.53,0.6578,954.38,623.73,0.6159,925.69,643.45,0.7703,960.36,656.61,0.7759,911.94,678.72,0.6406,951.99,698.45,0.7770,937.04,688.89,0.4557,978.89,718.78,0.7380,909.55,715.79,0.7703,928.08,719.37,0.6998,931.07,761.82,0.7177,956.17,772.58,0.7703,911.94,813.23,0.7743,928.68,820.40,0.7803
594,top,1,765.25,412.36,851.59,622.65,810.99,429.20,0.8190,815.09,425.10,0.8041,806.88,425.10,0.7826,820.74,428.18,0.8223,800.21,427.66,0.8017,833.58,451.28,0.7484,787.37,448.71,0.7586,843.33,483.11,0.7012,773.00,472.84,0.7219,847.44,513.91,0.6747,769.91,495.94,0.7054,827.93,505.19,0.6375,801.23,504.67,0.6308,822.28,551.39,0.7436,791.48,551.39,0.7054,832.04,587.33,0.6652,790.96,601.70,0.7241
594,bottom,0,907.24,602.49,1006.61,847.24,959.32,623.28,0.7483,962.30,619.70,0.5796,958.72,620.30,0.5437,949.76,625.67,0.6257,961.71,627.47,0.6036,934.82,645.99,0.7462,968.28,660.93,0.7617,923.46,680.65,0.6066,960.51,702.16,0.7621,945.57,693.19,0.4323,987.40,722.47,0.7075,919.28,720.68,0.7271,934.82,724.27,0.6879,947.37,766.69,0.6332,967.68,776.25,0.7259,936.61,816.88,0.6124,933.03,823.46,0.7073
595,top,0,771.17,411.31,865.29,617.76,819.74,428.35,0.8121,823.78,424.82,0.7879,815.21,424.31,0.7728,829.82,428.35,0.7871,808.15,426.83,0.7813,840.91,450.02,0.7360,795.05,447.50,0.7310,849.48,483.79,0.6416,780.93,473.20,0.7044,852.00,515.04,0.5884,776.90,500.93,0.6784,831.34,505.97,0.5980,805.13,504.96,0.6068,833.35,554.86,0.6982,798.07,549.31,0.6972,849.48,582.07,0.6633,801.60,595.68,0.7133
595,bottom,1,915.59,608.23,1013.85,846.23,967.05,629.03,0.7768,970.53,626.71,0.5740,967.05,627.29,0.5588,957.17,631.36,0.6220,970.53,633.68,0.6335,943.81,651.11,0.7474,975.18,667.38,0.7538,937.41,686.56,0.5573,968.79,709.22,0.7499,960.66,705.73,0.4135,994.94,727.23,0.6517,928.12,728.97,0.6893,943.81,731.88,0.6702,960.66,773.13,0.6057,979.25,780.69,0.6996,951.94,823.69,0.6108,944.39,825.43,0.6486
596,top,1,777.27,411.78,877.18,617.36,828.73,428.74,0.8722,832.74,425.23,0.8375,824.21,424.73,0.8174,837.76,428.74,0.8236,817.19,427.74,0.8391,848.81,451.33,0.7515,802.13,448.32,0.7502,856.84,483.45,0.6698,789.58,474.42,0.6993,857.34,512.56,0.6157,784.56,503.02,0.7040,837.26,507.04,0.6120,810.66,506.03,0.6170,845.29,555.72,0.6632,806.65,551.71,0.7322,862.36,572.28,0.5765,803.13,596.88,0.7142
596,bottom,0,925.85,617.54,1024.15,856.98,980.26,637.88,0.7771,980.85,633.79,0.5937,978.51,634.96,0.6472,966.23,639.64,0.5725,975.59,642.56,0.6181,955.71,659.51,0.7251,980.26,675.30,0.7169,958.63,685.82,0.4484,975.59,718.56,0.7426,994.88,684.07,0.4911,1004.82,735.51,0.6570,939.93,739.60,0.6708,953.37,741.94,0.6937,975.00,782.86,0.5580,993.12,788.12,0.6927,965.65,835.47,0.5876,956.30,836.64,0.6463
597,top,0,788.68,411.60,891.43,616.35,837.05,427.99,0.8584,841.55,424.49,0.8433,833.06,423.99,0.8029,847.05,428.49,0.7909,826.06,426.49,0.8244,856.55,451.49,0.7335,810.06,446.99,0.7582,864.05,481.48,0.6816,798.56,471.98,0.6793,865.55,507.97,0.6541,795.06,500.97,0.6585,844.05,506.97,0.5962,817.06,505.97,0.6000,857.05,554.46,0.6460,812.56,551.96,0.6977,877.54,574.46,0.6390,805.06,596.95,0.7431
597,bottom,1,937.66,627.48,1034.66,873.25,989.76,647.16,0.7728,989.16,644.16,0.5988,987.36,644.76,0.6714,974.76,650.16,0.5393,982.56,652.56,0.6273,965.76,671.16,0.6915,986.16,684.96,0.7008,976.56,692.16,0.4717,981.36,728.76,0.7419,1005.36,686.16,0.5893,1013.76,743.16,0.6541,951.96,749.76,0.6838,963.36,751.56,0.7108,986.76,791.76,0.5550,1006.56,797.76,0.6738,971.16,845.16,0.6057,971.16,845.16,0.6382
598,top,0,797.72,408.75,903.23,618.26,845.87,426.04,0.8871,849.96,422.46,0.8834,841.78,421.94,0.8469,855.08,426.55,0.8146,834.62,424.50,0.8655,864.28,449.05,0.7448,819.78,443.94,0.7872,874.00,477.70,0.6812,810.58,469.00,0.6883,875.54,502.76,0.6583,806.49,494.07,0.6507,851.50,506.34,0.6343,823.36,506.34,0.6293,866.33,551.35,0.6582,815.69,549.82,0.7172,887.81,571.81,0.6937,805.97,595.85,0.7834
598,bottom,1,949.43,639.25,1042.98,889.65,999.26,656.86,0.7763,998.04,654.42,0.6049,995.59,655.03,0.7036,982.76,661.75,0.5549,990.09,663.59,0.6271,974.81,684.98,0.7055,994.98,697.82,0.7357,980.92,712.49,0.4618,985.81,738.78,0.7477,1011.49,684.98,0.4910,1020.66,749.78,0.6988,961.97,759.56,0.7672,973.59,760.79,0.7500,993.15,799.30,0.6827,1018.21,807.86,0.7359,969.92,846.37,0.7584,984.59,859.82,0.7544
599,top,0,798.60,405.59,904.76,618.43,854.80,423.16,0.8458,858.95,419.52,0.8027,850.64,419.00,0.7828,864.15,422.64,0.8435,843.89,421.60,0.8099,872.98,444.98,0.7553,829.86,439.27,0.7635,883.38,471.48,0.6972,821.02,462.65,0.6446,887.53,499.02,0.6795,819.46,484.99,0.5089,858.43,501.62,0.6386,831.41,500.58,0.6193,872.98,546.31,0.6920,821.02,545.27,0.7402,890.65,568.65,0.7120,806.99,594.63,0.7593
599,bottom,3,956.57,645.53,1056.99,896.72,1009.23,665.03,0.8247,1008.01,661.96,0.6490,1004.94,662.58,0.7417,991.45,668.71,0.5316,997.58,671.78,0.6529,986.54,693.85,0.7218,1001.26,706.12,0.7416,1000.03,698.76,0.5568,993.29,748.43,0.7639,1024.56,685.27,0.6085,1028.86,756.41,0.7390,973.05,767.44,0.7558,984.70,768.06,0.7545,1000.03,801.79,0.6938,1025.79,812.82,0.7474,973.05,844.10,0.8037,1001.87,872.92,0.7821
600,top,0,802.99,404.74,905.82,613.40,864.09,421.45,0.8419,868.16,417.88,0.8440,860.01,417.37,0.7888,873.26,421.45,0.8222,852.88,419.41,0.8230,882.42,442.84,0.7868,839.12,436.22,0.7604,894.65,468.31,0.6991,830.46,462.71,0.6393,899.24,495.82,0.6523,829.45,486.65,0.5376,866.63,496.84,0.6356,838.62,495.82,0.6150,879.37,543.71,0.7304,827.41,541.67,0.7431,892.61,572.23,0.7183,812.13,590.57,0.7800
600,bottom,2,955.10,651.62,1063.44,901.06,1018.41,671.60,0.8200,1016.58,668.55,0.6816,1014.75,669.16,0.7394,998.92,674.64,0.4538,1006.23,678.30,0.6435,996.48,700.22,0.7030,1009.27,712.40,0.7268,1011.10,702.05,0.5602,1000.14,753.81,0.7943,1033.02,686.82,0.6563,1037.29,761.12,0.7862,981.87,772.69,0.7137,992.22,773.91,0.7429,1002.57,804.35,0.6755,1029.37,819.58,0.7758,973.95,843.94,0.8129,1019.63,884.74,0.7890
601,top,0,810.53,404.29,911.38,603.61,872.14,420.74,0.8534,876.04,417.33,0.8534,868.25,416.85,0.8049,881.39,420.25,0.8067,861.44,418.79,0.8254,890.15,441.67,0.7709,847.81,436.31,0.7452,902.31,464.05,0.6532,838.57,462.59,0.6644,907.67,484.49,0.5570,838.08,486.92,0.5533,875.55,495.19,0.6346,847.81,493.73,0.6292,885.28,542.40,0.7093,835.16,538.02,0.7435,892.58,573.54,0.7513,821.05,586.19,0.7939
601,bottom,1,959.02,656.67,1086.26,911.58,1029.49,678.33,0.8186,1028.24,675.84,0.6675,1025.13,676.46,0.7201,1012.06,680.82,0.4390,1015.80,684.55,0.6547,1008.95,703.85,0.6719,1018.29,718.78,0.7203,1021.40,703.85,0.5886,1008.95,758.61,0.7581,1043.18,689.53,0.6549,1046.91,766.08,0.7409,993.39,777.90,0.6725,1002.73,779.77,0.7306,1005.84,805.29,0.5653,1032.60,830.18,0.7920,977.21,841.38,0.7938,1035.71,893.03,0.7776
602,top,0,823.05,402.81,930.75,597.84,878.80,419.86,0.8400,883.09,416.05,0.8031,875.47,415.57,0.7988,889.28,419.38,0.8001,868.80,418.43,0.7882,898.33,442.24,0.7515,854.04,437.47,0.7572,909.75,466.04,0.7122,844.04,457.95,0.6860,920.23,492.71,0.6709,843.09,477.47,0.6019,882.61,495.09,0.6298,855.47,493.18,0.6270,888.80,538.89,0.7508,842.62,534.13,0.7103,892.61,573.65,0.7270,835.47,580.32,0.7773
602,bottom,1,966.76,664.73,1085.32,930.36,1038.36,684.71,0.7601,1037.07,682.11,0.6340,1033.82,682.11,0.7036,1026.04,688.60,0.4941,1026.04,691.84,0.6550,1022.80,711.94,0.6569,1027.34,726.86,0.7383,1035.12,709.35,0.5445,1018.91,766.42,0.7332,1057.17,690.54,0.6097,1057.17,771.61,0.7292,1003.34,783.28,0.6086,1014.37,786.52,0.7139,1006.59,809.22,0.5649,1039.66,840.35,0.7566,984.54,840.35,0.7794,1045.50,905.20,0.7165
603,top,1,842.18,399.95,936.28,593.64,886.39,416.41,0.8621,890.65,412.63,0.8398,882.61,412.15,0.7866,895.38,416.41,0.7901,875.99,415.46,0.8318,905.31,439.58,0.7607,860.86,435.33,0.7877,916.66,463.22,0.7121,849.03,457.08,0.7915,928.00,490.65,0.6942,849.03,478.36,0.7049,890.17,491.12,0.6088,862.75,488.76,0.6206,891.59,535.10,0.7640,853.29,531.32,0.7282,893.48,573.88,0.7873,854.24,571.04,0.7790
603,bottom,0,966.60,673.63,1096.22,939.99,1050.92,693.66,0.7409,1049.62,691.71,0.5758,1045.71,691.71,0.6585,1035.96,697.56,0.4475,1035.96,700.81,0.6438,1032.06,719.02,0.6582,1037.26,734.63,0.7335,1041.81,716.42,0.4829,1030.11,774.95,0.7403,1061.97,695.61,0.5479,1069.13,778.20,0.7252,1013.85,789.90,0.5816,1022.30,795.11,0.6807,1014.50,815.92,0.5439,1050.92,850.38,0.7393,991.74,845.83,0.7750,1050.92,918.01,0.6964
604,top,1,848.22,395.12,939.35,591.64,892.35,411.81,0.8922,896.19,407.97,0.8241,888.51,407.49,0.8162,901.47,411.81,0.8302,881.79,410.37,0.8474,911.54,433.88,0.8052,866.44,430.53,0.8051,920.66,457.87,0.7388,853.49,453.56,0.8048,931.21,482.34,0.7244,853.01,475.63,0.7258,897.63,484.74,0.6224,871.24,483.30,0.6141,895.23,531.28,0.7657,863.56,533.20,0.7040,893.79,571.11,0.8107,874.12,554.79,0.7895
604,bottom,0,980.38,675.99,1104.26,942.35,1061.18,698.62,0.7530,1059.88,696.67,0.5971,1056.63,696.67,0.6753,1044.92,702.52,0.5033,1048.17,705.78,0.6619,1037.77,725.28,0.6795,1048.82,740.24,0.7403,1048.82,720.73,0.4513,1041.02,779.91,0.7376,1068.33,696.02,0.5461,1080.04,779.26,0.7534,1020.86,797.47,0.6349,1031.92,802.02,0.6914,1022.81,824.78,0.5848,1067.68,853.39,0.7803,998.10,858.59,0.7701,1055.33,920.37,0.7732
605,top,1,852.35,388.84,939.22,592.98,897.78,405.68,0.8803,901.27,402.19,0.8109,893.79,401.70,0.8228,906.25,405.18,0.8831,887.31,404.69,0.8206,918.21,427.11,0.8056,871.86,425.12,0.7935,923.70,450.04,0.7280,857.41,448.54,0.7763,933.17,474.96,0.7124,859.40,472.47,0.7190,902.76,480.44,0.6202,878.84,478.95,0.6130,899.77,526.79,0.7311,876.85,530.78,0.7120,895.79,570.15,0.7848,889.81,547.23,0.6342
605,bottom,0,986.42,677.32,1111.90,941.94,1066.60,701.10,0.7302,1065.31,698.51,0.5638,1063.37,700.45,0.6526,1048.51,704.97,0.5734,1056.91,706.91,0.6583,1042.05,728.23,0.7161,1058.20,738.57,0.7791,1047.22,761.82,0.4653,1053.68,777.98,0.7308,1069.83,768.93,0.4385,1089.86,774.10,0.7262,1031.07,801.23,0.6990,1042.70,803.82,0.7507,1031.07,835.47,0.6808,1078.23,857.44,0.8028,1003.29,874.24,0.7438,1055.62,920.11,0.7684
606,top,1,856.07,384.37,943.02,591.55,902.08,400.96,0.8733,906.12,397.42,0.8270,898.03,396.91,0.8370,911.18,399.95,0.8417,891.96,399.95,0.7887,922.81,419.67,0.8131,877.80,419.67,0.7739,924.84,441.93,0.7163,861.61,442.94,0.7600,933.44,466.21,0.7458,862.62,462.67,0.6779,911.18,475.31,0.6437,888.42,476.33,0.6210,907.13,521.85,0.7112,890.44,526.91,0.6696,899.04,568.89,0.7583,909.66,540.56,0.6442
606,bottom,0,991.98,673.58,1114.07,942.30,1074.02,692.48,0.7218,1071.40,689.20,0.5545,1069.43,691.17,0.6715,1058.28,697.73,0.5258,1061.56,699.70,0.6811,1050.40,724.62,0.7067,1064.18,732.50,0.7914,1054.34,758.08,0.4597,1060.90,773.83,0.7462,1087.80,754.15,0.4617,1097.64,758.08,0.7754,1041.22,799.41,0.7182,1053.68,802.04,0.7477,1041.22,838.78,0.7465,1083.86,859.77,0.8067,1009.73,884.04,0.7835,1056.96,920.13,0.7769
607,top,1,860.18,381.12,946.06,586.24,906.62,397.55,0.8246,910.63,394.04,0.8048,902.62,394.04,0.8088,915.64,396.54,0.8272,896.11,396.54,0.7916,927.15,415.57,0.8029,882.58,416.58,0.7588,929.16,437.61,0.6823,864.06,440.11,0.7605,936.67,461.14,0.7364,867.06,456.64,0.6794,918.14,470.16,0.6043,896.61,472.66,0.5915,915.13,518.23,0.6698,901.61,522.24,0.6381,907.12,561.80,0.7374,922.65,538.26,0.7240
607,bottom,0,1002.24,661.31,1113.49,942.24,1079.81,683.80,0.7869,1076.38,681.75,0.6257,1075.01,682.43,0.7226,1066.78,690.66,0.5550,1065.41,692.04,0.7578,1059.23,716.04,0.7270,1068.84,723.58,0.8410,1045.52,743.47,0.3966,1067.47,763.36,0.8259,1092.84,739.36,0.5616,1099.01,741.42,0.8572,1052.38,792.86,0.7812,1065.41,795.60,0.8202,1048.26,840.18,0.8181,1084.61,856.64,0.8376,1017.40,893.68,0.8799,1057.86,919.05,0.8409
608,top,1,862.41,381.42,945.68,582.88,911.42,397.55,0.8122,914.86,394.11,0.8338,907.48,394.11,0.8185,919.29,397.06,0.8263,900.11,396.57,0.8122,931.09,414.27,0.8182,887.81,415.75,0.7428,933.55,434.93,0.6807,870.10,434.44,0.6947,939.95,459.03,0.6905,870.10,443.78,0.5844,925.19,468.87,0.6175,904.53,471.82,0.6053,922.73,514.61,0.6823,910.93,516.58,0.6174,918.31,556.42,0.7276,932.08,537.23,0.7453
608,bottom,0,1012.78,654.24,1106.42,942.16,1082.09,678.70,0.6763,1075.06,676.59,0.5174,1077.87,678.00,0.6353,1065.22,684.32,0.5455,1071.55,685.73,0.6819,1063.82,706.11,0.6973,1074.36,714.55,0.8085,1072.25,688.54,0.3241,1074.36,756.72,0.7909,1096.15,718.06,0.4227,1098.26,725.80,0.8552,1059.60,784.14,0.7651,1076.47,786.95,0.7765,1057.49,836.16,0.8130,1084.20,850.92,0.8069,1026.56,894.50,0.8284,1061.71,915.59,0.8265
609,top,0,863.81,382.03,959.50,578.72,915.98,397.78,0.8364,919.34,394.42,0.8194,911.66,394.42,0.8372,924.14,397.78,0.8637,904.93,397.78,0.8387,936.15,414.59,0.8121,891.97,417.95,0.7300,939.99,436.20,0.6797,872.76,436.20,0.6068,947.67,460.21,0.6948,876.60,438.60,0.4209,932.79,466.93,0.6379,911.18,471.25,0.6161,931.82,510.15,0.6726,918.86,515.91,0.6483,931.34,553.85,0.6771,937.59,538.48,0.7048
609,bottom,1,1024.07,646.87,1106.83,939.72,1077.61,673.18,0.5476,1074.03,668.89,0.4605,1079.04,670.32,0.4819,1067.60,674.61,0.6158,1082.61,673.89,0.5968,1061.16,694.63,0.6672,1093.33,696.77,0.6718,1037.57,683.19,0.6987,1084.04,715.36,0.4677,1051.87,653.16,0.7770,1080.47,668.89,0.3405,1064.74,770.41,0.6925,1086.19,772.56,0.6684,1065.45,832.62,0.7705,1086.90,843.34,0.7337,1038.28,890.53,0.7667,1069.03,907.69,0.7748
610,top,0,865.29,382.13,964.52,575.52,919.63,398.56,0.7818,923.40,394.78,0.7797,915.85,394.78,0.7811,927.65,398.09,0.7943,909.24,397.62,0.7829,941.34,414.61,0.8097,896.49,416.97,0.7109,947.48,437.75,0.7172,877.13,431.61,0.5220,956.45,461.83,0.6941,874.77,433.03,0.4377,938.98,464.66,0.6408,916.32,468.44,0.6163,939.93,506.21,0.6391,923.87,513.29,0.6627,943.70,544.92,0.6025,938.51,542.56,0.7350
610,bottom,2,1031.00,639.60,1115.86,930.59,1081.25,668.59,0.5788,1079.82,666.45,0.4623,1083.38,667.17,0.4948,1069.17,671.43,0.6105,1084.09,670.01,0.6394,1064.20,688.48,0.6830,1090.48,689.19,0.6716,1038.62,687.06,0.7271,1091.90,695.58,0.4344,1048.57,652.96,0.7819,1095.45,692.74,0.3847,1072.01,765.20,0.6857,1094.03,766.62,0.6736,1073.43,829.14,0.8085,1092.61,838.38,0.7697,1048.57,888.10,0.7808,1072.72,902.31,0.8258
611,top,1,870.03,379.20,972.12,564.03,924.23,396.26,0.8236,927.84,392.65,0.7758,920.17,392.65,0.7685,932.35,396.71,0.7805,913.40,395.81,0.7769,947.24,412.05,0.8018,900.77,414.31,0.7247,954.46,432.81,0.7171,877.75,431.46,0.5903,962.59,457.63,0.7041,884.07,427.85,0.4817,944.54,458.08,0.6503,920.17,461.24,0.6079,945.89,501.40,0.6991,924.23,510.43,0.6792,954.92,542.91,0.7591,938.67,541.11,0.7691
611,bottom,0,1036.53,642.13,1141.99,931.33,1081.49,670.23,0.5501,1079.37,668.11,0.3845,1084.32,669.53,0.5212,1066.67,672.35,0.5808,1089.26,669.53,0.6633,1065.25,692.12,0.6048,1104.09,694.24,0.6467,1043.37,695.65,0.7148,1133.74,714.71,0.7201,1050.43,661.05,0.6824,1105.50,691.41,0.5309,1080.08,766.25,0.6728,1101.97,767.67,0.6633,1080.79,828.38,0.7546,1099.14,834.74,0.7252,1056.78,886.28,0.7493,1079.37,899.69,0.7948
612,top,0,876.57,376.57,979.60,562.80,928.08,393.75,0.8663,932.18,390.12,0.7993,923.99,390.12,0.8065,937.18,393.75,0.7923,917.63,393.75,0.7683,952.18,408.76,0.7921,905.81,410.58,0.7466,961.28,426.49,0.7578,883.98,426.49,0.6215,970.37,451.95,0.7497,888.07,426.04,0.5411,948.09,448.77,0.6572,921.72,451.95,0.6508,954.46,495.60,0.7114,926.27,500.60,0.6990,966.28,537.43,0.7475,937.18,539.70,0.7684
612,bottom,1,1039.41,640.72,1161.13,935.54,1086.60,666.49,0.5925,1081.56,665.05,0.4086,1088.76,663.61,0.6068,1070.04,672.25,0.6578,1090.20,667.93,0.6961,1067.88,694.56,0.7059,1111.07,690.97,0.6522,1052.05,700.32,0.7589,1152.10,685.21,0.8001,1053.49,667.21,0.7361,1117.55,678.73,0.6007,1088.04,765.82,0.6927,1110.35,766.54,0.6804,1087.32,830.60,0.7882,1106.03,837.08,0.7273,1064.28,889.62,0.7906,1088.76,901.14,0.8104
613,top,0,882.08,374.96,989.61,557.88,933.17,391.40,0.8668,936.29,387.83,0.8280,929.15,387.83,0.8238,941.21,391.40,0.7618,922.45,391.40,0.7884,956.39,406.14,0.7536,910.39,406.58,0.7493,968.45,424.00,0.7545,889.85,423.11,0.6622,977.83,447.67,0.7451,893.42,424.89,0.5447,952.82,445.88,0.6552,925.13,449.01,0.6471,962.19,491.43,0.7170,926.02,494.11,0.7083,978.27,530.73,0.7358,933.61,536.54,0.7786
613,bottom,1,1045.74,644.18,1162.13,938.26,1091.01,667.73,0.6548,1086.70,664.86,0.4462,1090.29,664.14,0.6275,1073.06,674.91,0.6426,1091.01,670.61,0.7098,1072.34,699.32,0.7225,1116.86,688.55,0.6732,1060.86,700.76,0.7411,1151.32,663.43,0.6479,1056.55,668.45,0.7598,1147.01,661.99,0.4686,1095.32,768.25,0.7255,1116.86,768.96,0.7229,1095.32,832.86,0.7858,1115.42,840.76,0.7582,1070.19,890.30,0.7962,1098.19,906.09,0.8261
614,top,1,889.05,373.56,1000.39,555.29,937.62,391.22,0.7976,940.73,387.67,0.7935,933.18,387.22,0.7833,945.61,391.22,0.7788,926.97,390.77,0.7700,960.69,404.97,0.7228,914.55,405.42,0.7444,974.00,421.83,0.7630,894.58,423.16,0.7292,984.21,445.35,0.7445,897.25,432.48,0.7632,958.92,443.13,0.6359,927.86,445.79,0.6485,970.90,489.27,0.7092,923.87,491.05,0.7034,989.09,526.54,0.7251,931.41,533.64,0.7445
614,bottom,0,1044.52,612.08,1175.15,948.30,1093.42,672.66,0.6819,1089.31,669.38,0.5108,1094.24,668.56,0.6647,1078.64,678.41,0.6916,1096.70,674.30,0.7446,1076.18,703.85,0.7724,1121.33,690.72,0.7408,1072.90,689.90,0.6493,1152.52,659.53,0.8302,1060.59,666.10,0.7034,1164.01,629.98,0.8290,1101.63,776.09,0.8293,1124.61,776.09,0.8157,1100.81,839.29,0.8456,1127.07,846.68,0.8274,1074.54,896.75,0.8669,1110.66,913.17,0.8883
615,top,1,895.90,373.73,1012.80,551.16,941.79,390.97,0.8263,945.25,387.07,0.7849,937.45,387.50,0.8046,950.45,390.97,0.7914,931.39,390.97,0.7649,965.61,405.26,0.6943,919.69,406.56,0.7352,979.04,422.16,0.7352,900.63,423.02,0.7980,990.30,446.85,0.7328,901.07,439.92,0.7410,963.45,443.81,0.6118,931.39,445.55,0.6528,979.04,485.83,0.6887,922.29,487.13,0.7045,1000.27,521.79,0.7311,926.63,530.02,0.7922
615,bottom,0,1051.55,591.94,1185.85,954.02,1100.13,680.16,0.6951,1094.83,678.39,0.5055,1101.90,677.51,0.6501,1085.11,688.12,0.6984,1102.79,684.58,0.7042,1081.57,711.10,0.8156,1126.65,696.96,0.7563,1078.03,691.65,0.6410,1161.13,662.48,0.8942,1067.43,666.90,0.7082,1174.39,623.59,0.8850,1107.21,784.47,0.8580,1130.19,784.47,0.8572,1108.97,847.24,0.8637,1139.03,854.31,0.8659,1079.80,902.93,0.9080,1125.77,922.38,0.9246
616,top,0,900.48,375.20,1025.38,547.15,946.14,392.74,0.8597,949.50,388.97,0.8399,942.36,389.39,0.8079,954.54,391.90,0.7823,936.06,392.32,0.8372,970.07,406.60,0.7201,924.73,409.12,0.7538,982.66,423.39,0.7423,907.52,425.49,0.8091,994.84,447.32,0.7246,905.00,447.32,0.7292,967.13,446.48,0.6379,937.32,447.32,0.6801,987.70,486.36,0.7026,921.37,485.52,0.7144,1011.63,521.21,0.7549,921.79,524.99,0.7772
616,bottom,1,1064.49,626.86,1186.80,964.13,1103.41,688.45,0.7141,1097.65,686.80,0.4915,1105.88,685.15,0.6289,1090.24,695.86,0.7172,1107.53,690.92,0.7371,1087.77,720.56,0.8090,1130.58,706.56,0.7666,1082.83,716.44,0.6306,1167.64,676.10,0.8614,1077.06,684.33,0.6483,1177.52,645.63,0.8980,1114.94,793.85,0.8776,1136.35,793.02,0.8688,1116.59,855.60,0.8533,1149.52,863.01,0.8533,1085.30,911.60,0.8750,1142.94,933.01,0.9169
617,top,1,903.72,378.85,1033.62,543.23,950.06,395.92,0.9158,953.45,392.53,0.8909,946.68,392.53,0.8622,958.94,395.07,0.8464,941.18,395.49,0.8919,974.17,409.87,0.7517,930.19,413.25,0.7897,986.43,425.94,0.7504,913.70,431.01,0.7892,998.69,448.77,0.7329,908.62,454.27,0.7745,971.63,450.04,0.6681,941.61,450.89,0.7135,995.73,487.68,0.7204,923.00,486.41,0.7387,1020.68,521.51,0.7841,914.97,523.62,0.8197
617,bottom,0,1072.72,672.21,1189.80,967.36,1104.60,698.01,0.6914,1103.88,695.84,0.4685,1106.76,694.40,0.5413,1093.79,703.77,0.6587,1111.81,700.89,0.6837,1094.51,731.15,0.7954,1137.03,715.30,0.6944,1084.42,743.40,0.7307,1175.22,702.33,0.6330,1085.14,707.37,0.6591,1178.10,690.80,0.7133,1121.17,803.93,0.8150,1143.51,802.49,0.8316,1126.22,865.90,0.8348,1160.81,873.83,0.8356,1090.91,924.27,0.8403,1160.81,946.61,0.8671
618,top,1,901.94,384.46,1039.29,543.41,953.62,400.89,0.8863,957.20,397.32,0.8446,950.05,397.32,0.8479,962.56,399.55,0.8279,944.68,400.45,0.8520,978.66,414.75,0.7463,934.84,418.78,0.7867,991.18,431.74,0.7195,920.54,438.00,0.7826,1003.70,453.21,0.7067,912.94,462.15,0.7047,975.98,453.65,0.6756,946.92,454.10,0.7075,1000.12,491.21,0.7432,925.01,488.08,0.7380,1025.16,519.82,0.7993,912.94,522.95,0.7887
618,bottom,0,1080.04,690.76,1214.20,985.81,1107.50,710.07,0.6777,1105.34,708.63,0.4664,1108.94,706.47,0.4953,1099.58,716.55,0.7283,1118.31,711.51,0.6755,1099.58,745.36,0.7829,1142.80,728.80,0.7044,1088.05,770.58,0.8025,1183.86,730.24,0.6687,1093.10,736.00,0.6532,1176.66,733.84,0.4462,1124.79,815.24,0.7412,1149.28,812.35,0.7541,1136.32,879.35,0.7767,1172.33,885.83,0.8048,1098.14,935.53,0.8294,1179.54,959.30,0.8229
619,top,1,903.04,390.78,1038.92,543.06,955.94,405.88,0.8758,959.04,401.90,0.8227,952.40,402.34,0.8430,965.23,404.99,0.8185,947.98,406.32,0.8235,981.60,419.15,0.7532,938.25,424.90,0.8005,994.42,435.51,0.7193,923.65,445.69,0.7823,1009.02,456.30,0.7250,915.25,470.90,0.6598,979.83,458.07,0.6813,949.75,458.07,0.7022,1001.06,493.46,0.7601,927.19,488.15,0.7439,1026.27,521.77,0.8262,915.25,523.10,0.8191
619,bottom,0,1084.23,704.41,1231.57,996.42,1115.13,724.95,0.7046,1113.70,724.23,0.5148,1115.84,722.81,0.4848,1107.28,729.94,0.6608,1126.53,727.08,0.6414,1105.86,759.88,0.7347,1154.33,747.05,0.6816,1093.03,794.10,0.7783,1184.99,770.57,0.6029,1098.02,758.45,0.6290,1182.85,778.41,0.4940,1130.10,832.59,0.6963,1155.76,829.74,0.6959,1144.35,893.19,0.7221,1182.85,901.03,0.7381,1106.57,943.80,0.7711,1197.11,970.18,0.7794
620,top,1,908.63,392.71,1038.95,542.17,955.55,408.05,0.9067,958.52,404.23,0.8429,952.16,405.08,0.8732,964.88,406.78,0.8422,947.49,408.90,0.8599,981.85,421.20,0.7544,939.85,427.99,0.7843,993.73,434.35,0.7144,924.16,447.08,0.7629,1008.57,452.59,0.7291,917.37,474.22,0.6473,980.15,459.38,0.6734,951.73,458.95,0.7098,1001.79,494.58,0.7264,928.40,486.52,0.7264,1026.81,522.16,0.7983,918.65,520.46,0.8085
620,bottom,0,1089.97,720.33,1235.37,1009.22,1123.88,742.05,0.6461,1120.35,739.93,0.5459,1126.70,739.23,0.4975,1116.83,745.58,0.7044,1135.87,744.17,0.6791,1110.48,777.31,0.7527,1164.79,771.67,0.6555,1097.78,818.22,0.7780,1189.47,802.71,0.7115,1105.54,791.42,0.5789,1180.31,825.98,0.5782,1134.46,853.49,0.6907,1161.97,850.67,0.6661,1152.80,907.09,0.7018,1193.00,915.55,0.7661,1110.48,953.64,0.7502,1204.99,988.20,0.7930
621,top,1,913.99,390.87,1040.88,540.50,951.41,405.39,0.8782,954.31,401.26,0.8385,947.28,402.50,0.8168,960.50,404.15,0.8339,943.15,407.45,0.7921,977.44,417.78,0.7178,935.31,426.45,0.7842,988.59,429.34,0.6493,920.44,445.86,0.7546,1001.80,445.04,0.6772,918.37,470.64,0.5876,977.02,458.25,0.6527,948.94,458.25,0.7210,1000.98,492.53,0.6721,927.05,486.75,0.7219,1027.82,521.86,0.7879,927.87,518.55,0.7534
621,bottom,0,1093.85,735.86,1233.94,1010.27,1131.07,756.50,0.6928,1128.39,753.82,0.5790,1133.08,752.48,0.4874,1126.38,759.18,0.7229,1145.80,758.51,0.6470,1116.33,794.01,0.7510,1171.26,787.31,0.7409,1102.93,836.22,0.7746,1188.01,832.20,0.7073,1104.94,810.76,0.6606,1177.96,858.33,0.5705,1134.42,871.05,0.6573,1163.22,869.04,0.6373,1157.19,916.61,0.6763,1204.09,922.64,0.7644,1116.33,958.15,0.7060,1206.77,992.31,0.8000
622,top,1,911.56,381.91,1040.18,541.40,944.05,398.85,0.8468,946.14,394.66,0.8225,939.44,395.92,0.7751,952.42,396.75,0.8168,935.26,400.10,0.7837,968.75,409.73,0.7136,927.30,421.04,0.7842,978.80,421.46,0.6162,916.41,442.81,0.7464,992.62,438.62,0.5916,919.34,467.10,0.6617,970.01,453.70,0.6439,943.21,454.95,0.7191,997.22,489.71,0.6623,926.88,492.22,0.6863,1027.37,521.95,0.7750,939.86,520.69,0.7607
622,bottom,0,1092.74,742.65,1235.33,1010.48,1137.23,762.79,0.7136,1133.96,759.52,0.5822,1140.50,759.52,0.4934,1129.38,766.06,0.7361,1150.96,766.06,0.6732,1116.96,797.44,0.8226,1171.23,797.44,0.7631,1105.19,837.33,0.7868,1183.00,843.87,0.6488,1101.92,826.87,0.5874,1181.04,873.95,0.5143,1132.00,880.49,0.6864,1160.77,879.83,0.6227,1156.19,917.11,0.6732,1207.19,923.64,0.7805,1116.96,958.95,0.7512,1207.19,992.30,0.8302
623,top,1,904.25,372.61,1036.22,540.45,932.86,388.65,0.7947,935.01,384.36,0.7508,928.56,386.07,0.7506,942.31,386.93,0.8013,924.70,391.23,0.7666,958.21,401.11,0.7406,919.11,413.57,0.7945,969.38,418.72,0.5702,910.09,439.77,0.7442,981.40,430.75,0.4851,922.98,463.40,0.6770,959.92,444.93,0.6267,933.29,449.66,0.6846,988.28,484.02,0.6476,926.41,489.61,0.6625,1018.78,518.39,0.7370,941.45,522.26,0.7732
623,bottom,0,1085.61,740.08,1236.17,1009.98,1135.19,761.03,0.7683,1132.55,757.74,0.5730,1137.16,757.74,0.5115,1127.28,764.33,0.7235,1148.37,764.99,0.6779,1112.78,794.64,0.8131,1167.48,797.28,0.7596,1094.99,832.20,0.7567,1174.07,840.11,0.6400,1095.65,825.61,0.5015,1176.04,875.69,0.4503,1126.62,878.33,0.6943,1156.93,877.01,0.6195,1145.07,913.25,0.6800,1201.08,923.79,0.7685,1112.78,958.06,0.7658,1206.35,991.67,0.8375
624,top,1,898.57,365.77,1021.62,539.97,923.52,379.72,0.8370,925.22,375.90,0.7595,918.84,378.02,0.7841,932.45,378.45,0.8053,915.44,383.98,0.7712,946.91,392.91,0.7440,910.76,407.37,0.8059,957.12,408.22,0.6103,903.96,434.59,0.7827,972.85,421.83,0.5929,920.12,448.20,0.6897,952.44,436.71,0.6219,925.22,442.24,0.6793,977.96,479.24,0.6662,926.92,483.92,0.6843,1003.05,512.84,0.7480,940.53,520.50,0.7602
624,bottom,0,1074.19,731.53,1235.79,1010.03,1127.79,752.48,0.7959,1124.40,749.08,0.6194,1129.15,748.40,0.5518,1120.32,755.20,0.7643,1140.03,755.88,0.7213,1104.68,786.47,0.8222,1158.39,788.51,0.7756,1082.92,822.51,0.7795,1163.83,830.67,0.6736,1087.00,812.31,0.5413,1167.91,867.38,0.4746,1116.92,868.06,0.7167,1147.51,868.06,0.6470,1131.19,906.14,0.7257,1187.63,921.09,0.7500,1108.76,955.77,0.7930,1203.95,989.09,0.8241
625,top,1,892.58,356.36,1002.76,539.56,912.33,375.06,0.8110,914.12,370.59,0.7637,908.31,372.82,0.7587,923.07,372.38,0.7850,906.07,379.08,0.7379,938.28,385.35,0.7500,902.94,401.00,0.8191,949.46,401.00,0.6074,899.36,429.63,0.8393,966.90,414.87,0.5947,918.15,438.57,0.6319,943.20,428.73,0.6387,917.25,436.33,0.6580,967.35,475.25,0.7206,925.30,482.40,0.7342,985.24,512.82,0.7679,940.96,521.31,0.7449
625,bottom,0,1061.59,719.24,1233.60,1003.85,1119.11,741.34,0.8467,1117.02,737.87,0.6769,1118.41,737.87,0.5661,1111.46,744.12,0.7850,1131.61,744.81,0.7284,1094.79,776.08,0.8343,1149.68,778.17,0.8105,1071.16,809.44,0.7850,1152.46,821.25,0.7440,1077.42,799.71,0.5286,1160.80,859.46,0.6904,1105.90,856.68,0.7315,1135.78,856.68,0.6616,1117.72,901.15,0.7831,1167.75,917.14,0.7177,1101.04,954.66,0.8238,1196.93,981.06,0.7833
626,top,1,886.49,351.12,1001.14,540.31,901.33,367.66,0.8211,903.17,363.50,0.7748,897.63,365.81,0.7718,911.95,363.96,0.8284,897.17,371.81,0.7306,929.96,376.90,0.7472,895.78,394.45,0.8114,942.89,394.45,0.5933,893.47,423.08,0.7688,961.83,409.23,0.5473,907.33,426.32,0.5936,934.12,425.85,0.6692,909.64,432.78,0.6694,953.06,467.89,0.6971,920.72,477.58,0.7206,962.29,511.30,0.6687,936.43,518.69,0.7428
626,bottom,0,1051.70,708.79,1214.35,993.36,1110.80,730.88,0.8306,1108.71,727.41,0.6234,1112.19,727.41,0.5818,1101.76,732.97,0.7609,1122.61,733.66,0.7499,1087.17,763.54,0.8355,1140.67,768.40,0.8236,1060.08,797.58,0.7692,1144.84,810.78,0.7803,1067.72,791.33,0.5095,1153.18,849.69,0.7489,1095.51,847.60,0.7266,1124.00,847.60,0.6613,1105.24,899.71,0.7974,1156.65,907.35,0.7354,1098.98,955.98,0.8033,1178.88,972.66,0.7817
627,top,3,876.88,340.49,1013.92,540.46,892.67,359.92,0.7884,894.63,355.04,0.7618,888.77,358.46,0.7984,902.44,355.53,0.8240,885.84,364.32,0.7321,920.50,370.18,0.7888,886.81,389.21,0.8062,936.12,387.75,0.6408,886.81,418.51,0.6751,956.63,401.91,0.6598,899.51,418.99,0.6391,924.89,424.85,0.6702,902.92,429.73,0.6835,940.52,464.88,0.7087,913.18,470.74,0.6965,938.56,502.96,0.6226,925.87,514.19,0.7143
627,bottom,0,1042.29,699.29,1185.63,988.15,1102.68,721.72,0.7578,1101.27,717.48,0.5246,1102.68,717.48,0.5453,1094.22,723.83,0.7226,1114.67,723.83,0.7079,1077.29,754.16,0.8052,1132.30,759.80,0.8197,1053.31,787.30,0.7426,1137.23,803.52,0.7772,1051.90,792.24,0.5499,1145.70,841.60,0.7568,1083.64,839.49,0.7099,1113.26,838.78,0.6441,1097.74,894.49,0.7859,1144.99,898.73,0.7772,1097.04,952.32,0.7537,1152.04,962.20,0.7857
628,top,2,870.02,337.84,1010.68,533.19,884.55,356.35,0.7177,886.46,351.58,0.7094,879.78,354.44,0.7107,894.09,352.06,0.7338,876.92,359.69,0.6843,912.21,366.36,0.7570,878.35,384.49,0.7638,928.91,385.44,0.5914,879.78,415.49,0.6824,951.32,396.41,0.5940,893.61,403.56,0.5737,916.98,424.55,0.6537,897.43,427.41,0.6813,929.38,467.95,0.6946,906.97,466.52,0.6529,915.08,493.23,0.6743,908.88,510.40,0.6820
628,bottom,0,1033.33,692.92,1152.62,984.27,1095.10,714.82,0.8070,1094.39,709.85,0.5977,1094.39,709.85,0.5720,1084.44,715.54,0.8359,1105.77,716.96,0.7310,1067.36,746.83,0.8135,1123.56,753.95,0.8527,1048.16,780.98,0.7576,1129.25,799.47,0.8189,1041.76,798.05,0.6781,1137.78,838.59,0.7563,1072.34,833.61,0.7449,1102.93,833.61,0.7040,1088.70,889.10,0.8085,1132.09,891.23,0.8176,1090.84,947.43,0.7905,1126.40,955.25,0.8102
629,top,3,861.42,334.38,1001.38,531.31,877.55,352.55,0.7330,878.99,348.71,0.7174,872.74,351.59,0.7245,885.24,350.63,0.7342,867.94,357.84,0.7134,902.07,362.17,0.8201,869.86,382.84,0.7793,917.46,381.40,0.7050,871.30,414.57,0.6479,943.90,390.05,0.6571,878.03,396.79,0.5226,908.80,426.11,0.6843,891.49,429.48,0.6965,918.42,467.46,0.7124,903.03,469.86,0.7549,894.86,492.94,0.5478,893.42,512.17,0.7319
629,bottom,0,1024.01,687.79,1144.86,980.23,1087.29,709.07,0.7880,1086.58,704.07,0.5677,1087.29,704.78,0.5612,1075.87,710.49,0.8217,1098.00,711.92,0.7462,1059.45,741.19,0.7928,1113.71,749.76,0.8264,1040.89,776.89,0.7457,1120.85,794.74,0.7899,1033.75,801.17,0.7137,1129.42,835.44,0.7396,1062.31,826.16,0.7142,1090.86,827.59,0.6791,1076.58,878.28,0.7788,1118.00,886.13,0.7740,1076.58,936.82,0.7553,1095.15,944.68,0.7121
630,top,3,852.26,335.20,954.91,531.45,867.65,352.35,0.7216,869.09,348.52,0.7157,862.86,350.92,0.6866,875.32,349.48,0.7054,859.03,355.71,0.7239,894.00,362.42,0.7489,861.42,379.66,0.8086,909.33,379.18,0.7053,861.90,411.29,0.7379,935.21,381.10,0.7063,866.21,390.68,0.5479,901.67,424.70,0.6683,884.90,428.05,0.6891,906.94,467.82,0.7465,895.44,468.78,0.7341,879.15,481.24,0.6647,890.17,511.90,0.7989
630,bottom,0,1017.41,684.14,1132.53,969.56,1077.76,706.99,0.7822,1077.06,701.42,0.5661,1077.76,702.12,0.5273,1066.61,708.39,0.8046,1087.51,709.08,0.7437,1049.88,739.05,0.8155,1104.93,747.41,0.8521,1032.46,778.77,0.7817,1112.60,792.71,0.7965,1026.19,805.95,0.7271,1119.57,834.52,0.7632,1053.37,823.37,0.7521,1081.94,824.06,0.7127,1065.21,876.33,0.8141,1104.93,884.69,0.8077,1061.03,934.86,0.7667,1077.06,937.65,0.7499
631,top,1,841.58,333.65,941.00,530.00,860.13,348.90,0.7408,861.09,345.06,0.7057,854.86,347.46,0.7065,868.28,346.02,0.7134,851.02,353.69,0.7716,885.54,360.88,0.7806,852.46,375.74,0.7965,900.40,377.66,0.7248,851.02,406.42,0.7598,925.80,371.91,0.7415,853.90,380.54,0.5654,892.73,424.64,0.6822,875.95,427.99,0.7099,888.41,466.34,0.6270,888.89,466.34,0.7397,862.05,482.16,0.7258,888.89,511.40,0.8225
631,bottom,0,1009.70,683.37,1122.56,972.80,1068.25,706.55,0.7533,1066.84,701.60,0.5752,1067.54,702.31,0.5219,1057.65,707.96,0.8167,1077.44,709.38,0.7417,1039.99,739.76,0.8286,1095.81,746.83,0.8722,1024.44,780.04,0.8141,1103.58,792.05,0.8231,1017.37,811.83,0.7613,1109.94,833.03,0.7835,1044.23,822.43,0.7707,1071.78,824.55,0.7300,1050.59,872.60,0.7727,1091.57,884.61,0.8062,1042.81,929.13,0.7122,1059.06,940.44,0.7752
632,top,2,833.10,333.83,929.58,529.49,852.20,347.58,0.7093,853.63,343.28,0.6689,846.46,345.67,0.6677,860.80,345.19,0.6598,843.12,351.88,0.7191,877.51,360.00,0.6988,845.03,373.38,0.7093,896.14,373.86,0.6823,838.82,400.13,0.7255,914.77,363.82,0.7547,841.69,370.03,0.6032,881.34,425.45,0.6420,868.44,427.83,0.6630,872.26,465.09,0.6625,880.38,466.53,0.7103,847.42,487.54,0.7479,886.11,510.95,0.7875
632,bottom,0,998.43,686.64,1109.69,974.32,1056.87,708.27,0.7932,1056.17,703.36,0.6041,1056.17,704.06,0.5612,1046.34,710.38,0.8008,1067.41,710.38,0.7734,1031.59,742.69,0.8351,1086.37,746.90,0.8813,1016.84,784.13,0.8472,1094.10,793.26,0.8280,1008.41,816.43,0.8000,1099.71,831.18,0.7837,1034.40,824.16,0.7765,1061.79,827.67,0.7460,1033.69,869.81,0.6636,1077.24,890.88,0.8020,1019.65,918.27,0.6227,1045.63,947.07,0.8011
633,top,2,816.82,330.94,916.05,529.35,846.57,343.92,0.6711,847.54,339.56,0.6542,841.73,341.50,0.6474,853.84,342.47,0.6536,836.89,349.25,0.7133,870.79,357.48,0.7097,837.37,371.05,0.7205,888.23,368.14,0.6890,826.23,393.81,0.7436,902.28,354.58,0.7580,828.17,366.69,0.6668,872.73,425.79,0.6345,858.68,427.72,0.6615,861.59,465.02,0.6496,872.25,466.96,0.7143,835.92,485.85,0.7805,882.42,509.59,0.7691
633,bottom,0,981.79,689.92,1099.98,976.30,1045.08,710.05,0.7099,1042.98,705.16,0.6113,1045.78,705.16,0.5462,1035.29,712.15,0.7837,1055.57,712.15,0.7611,1022.01,745.71,0.8342,1075.85,747.81,0.8825,1008.73,786.96,0.8288,1084.94,793.25,0.8135,999.64,817.03,0.8120,1089.83,829.61,0.7728,1026.90,826.12,0.7567,1054.87,829.61,0.7439,1016.42,865.97,0.7241,1066.06,891.14,0.7941,996.84,915.61,0.7432,1038.79,949.17,0.7863
634,top,3,805.77,323.78,896.29,523.09,839.83,341.69,0.6917,840.81,337.79,0.6741,834.48,339.25,0.6924,846.65,340.23,0.6980,830.10,346.55,0.6982,861.25,355.31,0.6649,829.62,367.48,0.7101,880.22,359.20,0.5102,815.50,386.94,0.7739,888.01,349.47,0.5080,813.07,364.07,0.7122,865.14,421.98,0.6486,850.05,423.92,0.6423,852.97,462.85,0.7242,863.68,462.36,0.7181,832.05,488.64,0.7370,870.98,505.67,0.7255
634,bottom,0,965.65,689.88,1088.18,975.33,1032.49,709.95,0.7058,1030.40,705.07,0.5931,1033.89,705.77,0.5215,1024.13,712.74,0.7759,1044.34,712.04,0.7552,1011.58,744.79,0.8500,1065.25,745.49,0.8656,1000.43,785.91,0.7976,1075.00,791.49,0.8136,989.28,815.18,0.8041,1079.18,826.33,0.7738,1017.86,824.94,0.7267,1047.82,828.42,0.7338,999.74,861.18,0.7319,1057.58,891.15,0.8058,977.43,912.05,0.7491,1037.37,951.08,0.7785
635,top,3,795.69,321.35,875.25,518.55,833.54,334.26,0.6221,834.03,332.33,0.6174,828.73,333.29,0.6164,838.36,335.22,0.5807,823.92,341.48,0.6513,852.80,347.25,0.6202,821.51,360.73,0.6732,872.06,356.40,0.4804,805.62,379.03,0.7526,870.61,344.37,0.4330,802.25,352.07,0.7352,860.02,416.58,0.6001,842.69,418.51,0.6121,850.39,457.98,0.6333,852.80,456.06,0.6637,833.54,490.24,0.5808,852.32,497.94,0.4567
635,bottom,0,941.75,684.07,1077.21,974.55,1020.83,705.91,0.7208,1018.70,701.66,0.6111,1022.95,701.66,0.4952,1013.73,708.75,0.7719,1033.59,708.04,0.7336,1000.26,741.37,0.8584,1053.45,741.37,0.8816,989.62,781.80,0.7871,1063.38,786.76,0.8225,978.98,809.45,0.7701,1069.05,820.80,0.7979,1008.06,820.09,0.7319,1039.26,824.35,0.7439,984.66,858.39,0.7554,1051.32,884.63,0.8074,962.67,903.07,0.7850,1038.56,947.75,0.8250
636,top,7,789.66,311.12,870.10,513.90,822.45,326.87,0.6856,824.43,323.40,0.6454,818.49,325.38,0.6835,830.87,325.88,0.6500,814.53,332.31,0.7126,844.73,337.76,0.6966,812.55,351.62,0.7578,865.52,344.69,0.7570,799.19,372.91,0.7969,855.13,324.39,0.7372,792.75,345.68,0.7984,855.13,403.60,0.6609,837.80,405.08,0.6730,847.70,449.14,0.7048,842.26,448.15,0.7471,835.82,488.75,0.7334,837.30,490.73,0.7250
636,bottom,0,932.95,677.90,1067.85,972.76,1009.76,700.79,0.7811,1008.32,696.47,0.6237,1010.48,696.47,0.5311,1001.12,702.95,0.7705,1021.28,702.23,0.7327,988.16,736.06,0.8610,1042.15,736.06,0.8806,978.08,776.38,0.7822,1053.67,780.70,0.8269,967.28,803.73,0.7513,1060.15,814.53,0.7826,998.24,813.09,0.7372,1029.19,815.97,0.7321,973.76,857.01,0.7808,1042.15,877.16,0.7840,956.49,906.68,0.8041,1042.87,938.35,0.8803
637,top,3,786.46,308.44,865.86,507.51,809.64,322.93,0.6591,812.07,319.04,0.6254,805.75,320.98,0.6262,820.81,321.95,0.6652,803.32,329.24,0.6334,837.34,331.67,0.6847,804.29,349.66,0.7221,862.13,321.95,0.7329,793.11,369.10,0.7871,842.20,314.66,0.6136,784.85,343.34,0.8034,851.43,397.77,0.6218,831.99,399.71,0.6462,845.60,445.40,0.7559,830.05,442.97,0.7160,836.85,485.25,0.7743,820.81,478.45,0.6547
637,bottom,0,932.59,673.32,1059.85,966.36,999.08,694.64,0.8195,999.08,690.35,0.6030,998.37,690.35,0.5546,989.78,696.79,0.7459,1009.10,696.79,0.7472,976.91,731.13,0.8341,1029.85,730.41,0.8718,964.74,769.05,0.7690,1042.72,772.62,0.8216,954.73,796.95,0.7536,1050.59,806.96,0.7687,989.07,806.25,0.7191,1020.55,809.11,0.7280,966.89,852.75,0.7828,1031.28,870.64,0.7924,956.16,907.84,0.8309,1042.01,922.86,0.8295
638,top,3,777.53,304.18,860.33,503.02,802.42,321.08,0.6932,804.85,316.71,0.6344,798.54,319.14,0.6434,812.13,318.65,0.6979,795.14,326.42,0.6761,829.61,325.45,0.7030,797.57,346.81,0.7344,844.66,302.63,0.6915,788.83,364.28,0.7838,840.77,296.32,0.5120,778.15,340.98,0.7837,846.60,389.04,0.5982,825.24,392.44,0.6259,846.11,439.52,0.7253,816.99,437.10,0.6587,839.80,481.76,0.7949,803.40,468.65,0.6934
638,bottom,0,932.48,665.18,1050.55,949.14,989.43,689.31,0.8069,988.74,685.15,0.5690,989.43,684.45,0.5628,980.42,691.39,0.7518,1000.53,690.69,0.7509,965.86,725.36,0.8209,1020.63,724.66,0.8531,952.69,764.87,0.7617,1035.19,768.34,0.8077,943.68,789.83,0.6918,1042.81,801.61,0.7483,979.73,801.61,0.7137,1011.62,803.69,0.7174,962.40,848.75,0.7928,1024.10,863.31,0.7969,954.77,906.99,0.8637,1033.11,913.23,0.8217
639,top,3,751.49,305.48,857.91,503.67,795.99,318.93,0.6520,798.41,314.57,0.5832,792.60,316.99,0.6194,806.15,317.48,0.5999,789.70,325.22,0.6128,820.18,322.80,0.7145,793.09,346.51,0.6604,826.96,292.80,0.6161,783.89,357.15,0.7460,825.50,280.70,0.3914,770.34,335.86,0.7575,841.47,385.22,0.5492,818.73,389.09,0.6272,846.79,436.51,0.7173,805.18,432.15,0.6158,842.44,478.60,0.8188,788.25,462.63,0.7023
639,bottom,0,924.10,660.31,1043.70,936.76,982.55,683.12,0.7624,981.20,678.40,0.5406,983.22,678.40,0.5506,972.43,685.15,0.7561,992.67,684.47,0.7522,957.58,717.54,0.8280,1012.92,718.22,0.8534,944.08,756.69,0.7907,1027.09,760.74,0.8049,933.28,782.34,0.7588,1035.19,793.14,0.7919,972.43,795.84,0.7124,1002.80,797.19,0.7137,956.23,843.76,0.7963,1019.00,853.88,0.8302,952.85,903.15,0.8416,1021.70,902.47,0.8585
640,top,3,744.03,305.91,857.91,498.04,788.30,318.95,0.6853,790.65,314.26,0.6096,784.55,316.61,0.6745,799.56,316.61,0.6674,783.14,324.11,0.6283,814.10,322.71,0.7294,786.43,345.69,0.6647,817.85,281.90,0.4847,776.11,352.26,0.7289,816.92,281.90,0.2928,761.10,331.62,0.7575,836.62,387.91,0.5684,812.22,391.66,0.6121,847.40,434.81,0.7104,792.52,429.65,0.5258,845.53,478.44,0.8072,774.70,451.70,0.5849
640,bottom,0,914.35,655.39,1036.69,927.63,976.18,677.86,0.8262,976.85,673.21,0.5550,976.18,673.87,0.5385,965.55,679.85,0.7648,986.82,680.52,0.7456,951.59,711.75,0.8201,1006.09,713.08,0.8620,935.64,750.30,0.7749,1020.72,756.29,0.8023,923.68,776.22,0.7686,1029.36,788.19,0.7974,964.89,788.85,0.7160,996.79,790.85,0.7281,947.61,834.71,0.7594,1014.73,844.02,0.8206,946.28,895.86,0.7890,1014.73,893.86,0.8831
641,top,1,744.69,285.57,862.70,503.21,783.50,320.00,0.6928,786.69,315.75,0.5913,779.25,317.88,0.6398,793.60,318.94,0.6674,776.06,323.72,0.6482,807.95,324.78,0.7506,779.78,346.57,0.6890,813.79,298.22,0.5947,769.16,350.82,0.6942,803.16,278.02,0.4232,754.81,330.10,0.7562,830.26,389.08,0.6582,804.76,393.86,0.6639,846.20,434.24,0.7819,784.03,426.27,0.6433,849.39,476.22,0.8687,763.31,451.25,0.7456
641,bottom,0,905.79,652.01,1032.23,921.21,970.33,674.88,0.8474,970.98,671.60,0.5747,969.67,670.94,0.5369,959.81,678.17,0.7497,980.19,678.17,0.7608,944.70,709.06,0.8368,1001.22,710.37,0.8822,927.61,748.49,0.8065,1015.68,753.09,0.8094,915.78,775.44,0.8295,1023.56,785.30,0.8327,957.84,783.98,0.7152,990.70,785.95,0.7349,936.15,825.39,0.7813,1010.42,833.27,0.8152,934.18,885.19,0.8166,1012.39,889.14,0.9121
642,top,1,735.07,293.68,863.95,500.49,779.31,320.34,0.7028,782.85,316.30,0.6465,775.27,318.32,0.6626,788.91,320.34,0.6878,771.24,324.89,0.6959,803.04,326.91,0.7224,773.26,348.62,0.6922,809.10,302.67,0.6071,761.64,353.67,0.7250,798.00,294.09,0.4112,748.01,331.45,0.7416,823.75,392.55,0.6370,797.49,397.09,0.6418,843.44,432.43,0.7716,774.27,427.89,0.6526,852.02,474.34,0.7848,754.57,454.14,0.7590
642,bottom,0,898.34,652.83,1028.15,909.41,964.50,675.25,0.8674,966.38,671.50,0.5932,962.62,670.87,0.5423,953.85,677.76,0.7496,973.90,678.39,0.7757,937.56,707.83,0.8703,993.94,709.08,0.8940,920.65,747.29,0.8238,1010.23,752.93,0.8266,908.12,775.48,0.8626,1018.37,784.25,0.8625,951.97,781.75,0.7337,983.92,783.63,0.7545,925.04,819.33,0.8280,1005.84,826.85,0.8355,918.77,878.22,0.8446,1013.99,886.36,0.9590
643,top,2,732.48,307.99,868.60,500.71,774.67,323.42,0.7562,778.90,319.19,0.6926,769.96,320.60,0.7087,785.02,323.89,0.7284,765.73,328.13,0.7375,798.66,333.30,0.6848,766.20,351.18,0.6886,809.01,317.31,0.4333,755.38,359.18,0.7346,795.37,329.54,0.2243,745.50,337.54,0.7067,816.54,395.88,0.6232,790.19,400.59,0.6370,839.59,433.05,0.7183,768.08,430.70,0.6539,854.18,476.34,0.7683,750.20,455.63,0.7842
643,bottom,0,873.61,654.18,1033.03,901.03,958.14,676.96,0.8690,959.34,673.35,0.5743,956.33,673.35,0.4967,947.89,679.98,0.7369,966.58,680.58,0.7442,932.23,709.51,0.8768,987.07,710.71,0.9110,915.35,749.28,0.8406,1004.54,753.50,0.8572,900.89,778.21,0.8667,1012.98,784.23,0.8543,945.48,780.62,0.7609,978.03,783.03,0.7850,913.54,817.98,0.8590,1000.93,824.01,0.8548,897.88,877.64,0.9046,1018.40,880.66,0.9598
644,top,1,730.43,315.90,869.32,502.09,770.78,328.08,0.8569,774.42,324.44,0.8011,766.24,325.81,0.8761,779.87,328.08,0.8000,760.78,332.17,0.8738,794.88,341.72,0.6409,758.51,356.26,0.7530,804.42,345.35,0.3590,751.24,368.54,0.6930,792.60,352.17,0.3491,744.87,347.63,0.6403,808.06,400.81,0.6472,782.60,404.90,0.6617,833.06,432.63,0.6988,763.06,436.27,0.6819,853.06,472.18,0.7767,745.78,462.18,0.7976
644,bottom,0,848.11,658.08,1032.30,895.62,952.20,679.72,0.9095,951.60,676.72,0.5851,954.00,676.72,0.4940,942.00,682.72,0.6861,960.59,684.52,0.6850,926.42,712.10,0.9368,980.98,713.90,0.9354,910.83,754.07,0.8438,998.96,757.06,0.8614,892.84,784.64,0.8454,1006.76,785.84,0.8438,939.61,784.64,0.7792,971.98,785.84,0.8168,901.83,821.22,0.8913,995.96,821.82,0.8929,875.45,875.18,0.9110,1020.55,871.58,0.9504
645,top,1,729.56,321.78,867.64,496.33,766.24,336.24,0.9006,768.94,333.09,0.8695,761.74,333.99,0.9006,774.33,337.14,0.8219,756.35,339.38,0.8530,788.26,351.52,0.6624,752.30,361.41,0.7879,804.89,363.66,0.6728,747.81,381.64,0.6419,789.16,383.43,0.5718,745.11,359.61,0.4268,799.95,405.91,0.6544,775.23,410.40,0.6737,826.02,436.02,0.6880,756.80,443.66,0.6600,851.19,471.98,0.8139,747.36,466.59,0.7864
645,bottom,0,832.28,665.33,1035.36,890.00,943.08,685.78,0.8626,941.10,681.81,0.5510,944.40,683.13,0.4865,933.82,688.42,0.7270,951.67,689.08,0.7266,919.28,720.15,0.9172,972.83,718.17,0.8987,906.72,762.46,0.8449,993.98,760.48,0.8892,885.57,794.86,0.8810,995.30,788.25,0.8227,935.15,788.25,0.7800,964.89,788.91,0.8112,890.85,822.62,0.8986,990.68,823.28,0.9037,858.46,870.88,0.9099,1021.75,869.56,0.9385
646,top,2,726.42,331.97,861.28,491.06,760.92,345.66,0.8891,764.43,341.71,0.8763,756.97,342.15,0.8514,770.58,345.66,0.7989,751.70,346.54,0.8104,784.19,364.10,0.7366,747.75,367.18,0.7332,800.87,386.93,0.7878,741.17,393.52,0.7572,781.56,407.13,0.6739,746.43,372.01,0.6242,794.29,411.52,0.6267,770.58,415.91,0.6739,814.92,440.05,0.6524,752.58,447.52,0.6548,844.78,471.22,0.7807,745.56,469.03,0.7622
646,bottom,0,818.88,665.78,1031.71,887.56,930.84,691.46,0.9171,928.76,688.69,0.6051,928.76,689.38,0.5855,921.83,693.54,0.7540,939.84,693.54,0.7867,910.05,724.71,0.8924,960.63,721.25,0.8481,902.43,769.05,0.8695,984.88,763.51,0.9301,881.65,801.61,0.8313,972.40,782.22,0.6854,930.14,792.61,0.7563,959.24,791.22,0.7897,881.65,823.09,0.8686,985.57,821.01,0.8781,846.32,869.51,0.9258,1020.21,868.12,0.9200
647,top,1,728.53,336.77,853.72,496.04,758.52,352.02,0.8856,761.38,348.35,0.8871,754.45,348.76,0.8955,767.49,352.83,0.8460,749.15,353.65,0.8307,780.94,373.62,0.7471,746.30,372.80,0.7775,796.01,400.10,0.7857,740.59,401.33,0.7475,776.45,422.11,0.6834,746.30,380.95,0.6730,793.16,413.55,0.5917,767.08,416.40,0.6403,807.02,447.78,0.6468,747.52,446.97,0.6513,837.17,475.90,0.7714,744.67,469.79,0.7431
647,bottom,0,815.19,672.78,1032.61,887.41,916.82,695.17,0.7939,916.12,691.63,0.6203,916.12,690.92,0.5556,910.45,697.29,0.7650,928.86,695.88,0.7433,898.42,727.72,0.8565,947.96,723.48,0.8281,897.72,770.90,0.8645,969.20,762.40,0.8728,882.14,804.16,0.7946,942.30,770.19,0.6100,921.07,797.79,0.7374,948.67,796.37,0.7869,870.11,817.61,0.8504,978.40,822.56,0.8499,841.10,869.98,0.9132,1018.03,867.15,0.9247
648,top,1,727.84,342.29,849.33,495.91,758.14,357.41,0.8837,761.30,353.85,0.8789,753.79,353.85,0.8964,767.23,357.41,0.8346,748.64,358.20,0.8174,781.86,379.55,0.7350,746.67,375.60,0.7710,793.33,407.24,0.7559,746.67,404.86,0.6012,773.16,429.38,0.6480,749.44,406.84,0.4362,793.33,417.12,0.6304,767.23,417.52,0.6987,800.84,451.13,0.6670,747.85,445.59,0.6249,832.08,481.58,0.7807,743.90,469.32,0.7616
648,bottom,0,816.17,672.56,1029.28,888.27,901.22,693.70,0.8759,899.14,690.93,0.6419,899.83,690.23,0.5315,894.28,696.48,0.7558,913.71,695.09,0.7199,885.96,727.00,0.8930,932.44,722.15,0.8660,890.12,771.40,0.8346,949.78,761.69,0.7935,877.63,810.25,0.8396,922.73,774.17,0.4463,908.85,794.99,0.7656,936.60,794.99,0.7977,856.13,806.78,0.8907,969.20,826.20,0.7791,841.56,869.21,0.9151,1014.99,867.83,0.9084
649,top,1,728.29,344.33,848.25,497.99,759.77,360.25,0.9096,763.28,356.73,0.8857,755.86,356.73,0.8969,769.53,360.25,0.8286,751.18,360.25,0.8295,783.58,382.11,0.7224,747.66,376.65,0.7944,798.42,403.98,0.7351,748.83,400.86,0.7893,776.56,427.80,0.5516,755.86,419.21,0.7431,792.57,416.08,0.6265,766.79,416.08,0.6807,799.20,448.10,0.6700,747.27,445.37,0.6173,830.44,478.17,0.7533,744.15,468.80,0.7585
649,bottom,0,815.11,669.28,1030.27,886.71,879.26,691.85,0.9136,877.86,688.34,0.7751,879.97,687.64,0.6175,877.16,692.55,0.8647,896.07,693.25,0.7392,872.26,726.16,0.9296,915.68,719.16,0.8976,882.77,768.89,0.8249,923.39,754.88,0.6078,874.36,810.91,0.8086,877.16,766.79,0.4105,899.58,794.80,0.7363,926.89,794.10,0.7625,842.85,798.30,0.9257,959.81,828.42,0.7657,837.94,863.44,0.9006,1009.54,866.24,0.9241
650,top,1,728.83,344.92,843.63,498.95,765.17,359.89,0.8890,768.56,356.51,0.8949,761.41,356.88,0.8635,774.57,359.89,0.8590,756.15,360.64,0.8143,788.49,379.82,0.7078,750.88,376.81,0.8038,806.16,399.00,0.7370,755.02,399.75,0.6944,790.74,420.81,0.6349,762.54,416.67,0.7014,794.88,414.79,0.6195,769.31,415.92,0.6594,804.28,446.38,0.6517,747.87,446.38,0.6621,830.23,478.35,0.7808,744.87,469.32,0.7573
650,bottom,0,812.15,665.17,1025.85,883.85,858.48,688.95,0.9053,859.18,685.47,0.7888,857.79,683.39,0.5248,861.96,690.34,0.7766,876.57,688.95,0.7393,857.09,723.73,0.9290,896.05,715.38,0.9152,873.79,762.69,0.8394,896.74,749.47,0.6579,868.92,808.60,0.8286,856.39,760.60,0.7069,887.70,791.21,0.7767,914.83,789.82,0.7988,830.66,791.21,0.9438,951.00,827.38,0.7816,828.57,855.20,0.9086,1002.48,864.25,0.9624
651,top,1,729.77,342.70,839.40,498.22,771.30,358.19,0.8591,775.09,354.39,0.8258,767.88,354.77,0.8513,780.79,357.43,0.8576,762.94,358.19,0.7906,794.84,376.41,0.6857,756.11,375.65,0.7931,814.20,393.12,0.7450,759.15,396.54,0.5610,801.29,415.52,0.6632,766.74,411.72,0.5696,799.01,412.48,0.5900,772.43,414.38,0.6185,810.40,444.00,0.6584,752.69,445.14,0.6358,828.25,479.69,0.7721,746.24,468.68,0.7456
651,bottom,0,787.81,665.44,1019.90,881.46,835.86,688.83,0.9817,837.37,684.30,0.8577,833.59,683.54,0.5589,844.17,688.83,0.8159,857.77,687.32,0.7177,843.42,722.83,0.9564,877.41,713.01,0.9505,862.30,762.11,0.8987,880.43,747.00,0.6376,861.55,806.69,0.8826,837.37,761.36,0.7509,876.66,788.56,0.7872,901.59,786.29,0.8529,820.00,793.09,0.9532,942.38,825.57,0.7997,813.95,855.04,0.8957,993.00,862.59,0.9825
652,top,1,728.73,339.88,839.29,501.34,778.49,354.78,0.8639,781.64,351.62,0.8421,774.94,351.62,0.8539,787.16,353.99,0.8433,769.82,354.78,0.8621,800.96,370.94,0.6752,761.54,371.73,0.7816,822.64,385.92,0.8179,761.15,391.04,0.6561,813.97,408.00,0.7633,770.61,407.21,0.6013,800.17,413.12,0.6317,774.55,414.30,0.6336,819.09,447.02,0.6782,757.20,446.63,0.6603,827.37,482.90,0.7290,744.59,464.76,0.7475
652,bottom,0,766.65,668.25,1008.05,880.83,819.77,688.89,1.0111,820.55,684.96,0.8197,817.41,684.17,0.5899,826.06,689.67,0.8217,838.63,685.74,0.7183,829.98,724.25,0.9629,859.06,710.11,0.9371,848.84,760.40,0.9000,854.34,745.47,0.6713,851.99,804.41,0.8866,815.05,761.18,0.7893,865.35,786.33,0.7780,888.92,782.40,0.8646,812.70,804.41,0.9606,929.00,823.27,0.8374,795.41,860.98,0.9608,981.65,860.98,0.9903
653,top,1,733.34,336.23,838.96,499.60,783.76,352.90,0.9085,787.35,349.31,0.8599,780.17,349.71,0.8832,793.33,352.10,0.8555,774.98,352.90,0.8866,808.09,367.26,0.7171,767.00,370.05,0.7711,827.23,380.82,0.8170,763.81,386.41,0.6437,822.85,405.95,0.7584,772.99,405.95,0.6001,806.49,413.13,0.6487,779.37,414.33,0.6507,824.04,449.43,0.6921,761.82,446.24,0.6678,828.03,484.53,0.7447,747.46,463.39,0.7328
653,bottom,0,766.07,668.26,995.25,880.28,803.82,690.72,1.0481,805.31,685.50,0.8625,803.08,686.24,0.6263,812.77,691.47,0.7971,821.73,689.23,0.6030,818.00,724.29,0.9319,840.38,713.85,0.9654,837.39,758.61,0.8557,822.47,744.43,0.7340,839.63,803.37,0.9066,791.89,762.34,0.8713,856.79,786.95,0.7592,878.42,783.22,0.8461,802.33,801.13,0.9561,916.47,823.51,0.8111,794.87,859.32,0.9412,970.93,860.06,1.0057
654,top,1,741.99,335.35,839.83,487.26,789.43,351.59,0.9209,792.39,348.26,0.8582,785.35,348.63,0.9010,797.96,350.85,0.8572,780.15,352.34,0.8774,812.79,365.32,0.7145,771.25,368.28,0.7635,830.59,379.04,0.7933,766.06,386.46,0.7233,829.85,406.11,0.6797,775.70,407.22,0.7022,812.79,410.93,0.6131,784.60,412.05,0.6218,827.62,447.65,0.7144,765.69,445.80,0.6924,829.48,480.66,0.7387,753.45,465.08,0.7313
654,bottom,0,752.28,670.53,984.95,879.23,792.12,693.08,1.0188,793.64,687.78,0.8506,791.37,688.54,0.6231,801.21,694.60,0.8211,810.30,692.33,0.6046,808.79,725.65,0.9145,827.72,715.81,0.9434,826.21,761.25,0.8354,800.45,741.56,0.8038,828.48,800.63,0.8696,767.89,758.22,0.8256,848.17,787.00,0.7589,866.35,782.46,0.8459,792.88,801.39,0.9428,903.46,825.63,0.7925,793.64,858.95,0.9458,958.75,858.95,0.9799
655,top,1,749.28,335.78,845.57,492.19,793.60,351.74,0.9035,796.66,348.31,0.8543,789.79,349.07,0.8949,802.00,350.98,0.8549,784.06,352.13,0.8889,817.28,365.49,0.6982,774.89,368.93,0.7839,834.84,383.06,0.7428,768.40,389.93,0.7537,837.52,409.41,0.6461,778.33,410.93,0.7019,818.42,410.93,0.6126,788.26,412.46,0.6079,834.08,447.59,0.7111,770.31,447.97,0.6902,835.23,478.14,0.7437,760.76,471.65,0.7192
655,bottom,0,742.48,670.70,976.23,878.51,781.74,693.19,1.0195,783.27,687.86,0.8658,780.98,689.39,0.6100,790.11,693.95,0.7937,800.77,693.19,0.5469,799.24,722.10,0.9172,815.22,715.26,0.9457,815.22,751.78,0.7224,793.92,737.32,0.8866,816.74,787.54,0.7778,759.68,747.21,0.9254,838.81,785.26,0.8033,856.31,780.69,0.8761,787.07,800.48,0.9070,892.07,825.59,0.7718,792.40,858.31,0.9061,948.38,858.31,0.9776
656,top,1,758.41,338.46,853.87,503.17,797.29,354.87,0.8710,800.51,351.25,0.8534,793.27,352.05,0.8612,806.54,353.66,0.8686,788.04,354.87,0.8350,821.82,366.93,0.6800,778.39,370.95,0.7631,837.90,387.84,0.7193,771.56,393.87,0.7231,844.74,416.79,0.6819,780.40,418.80,0.7033,823.03,410.76,0.5974,792.87,413.17,0.5833,839.51,448.16,0.7113,774.37,448.56,0.6717,843.94,479.92,0.6775,767.13,481.13,0.6829
656,bottom,0,748.46,668.63,956.45,878.55,773.24,692.34,1.0096,774.59,687.60,0.8573,771.89,687.60,0.5246,781.36,690.99,0.7644,794.90,688.96,0.5264,790.17,719.43,0.9305,808.45,710.62,0.9104,805.06,750.57,0.6922,795.58,740.41,0.7863,806.41,781.71,0.7013,763.08,747.86,0.8945,830.79,781.71,0.7999,849.74,776.30,0.8526,781.36,800.67,0.8777,880.89,823.69,0.7956,792.20,858.90,0.9413,936.41,856.19,0.9667
657,top,1,760.27,342.47,867.10,510.73,802.18,358.41,0.8747,805.47,355.12,0.8454,798.07,355.53,0.8489,811.22,357.59,0.8607,792.73,359.23,0.8289,826.01,371.97,0.6933,782.88,375.25,0.7743,841.62,395.38,0.7167,775.89,399.08,0.7326,851.07,422.49,0.7100,782.46,424.96,0.6658,828.06,413.46,0.6082,798.90,414.69,0.5924,845.32,450.84,0.6909,781.23,449.61,0.6722,856.41,477.13,0.6930,769.73,491.92,0.7404
657,bottom,0,758.99,664.08,948.49,877.59,767.38,688.79,0.9234,767.99,685.09,0.7184,767.38,683.85,0.4983,774.16,688.79,0.7680,787.73,687.55,0.6672,780.95,713.46,0.8984,803.77,706.68,0.8865,793.29,743.69,0.7791,806.86,742.46,0.6792,795.75,772.07,0.6852,778.48,754.18,0.7453,826.60,775.77,0.7454,846.95,770.22,0.7853,777.86,800.44,0.8813,871.63,818.95,0.7646,792.67,858.43,0.8692,926.53,852.88,0.8942
658,top,3,764.80,349.29,876.28,519.92,806.79,363.79,0.8581,810.12,360.46,0.8291,802.63,360.87,0.8381,816.37,363.37,0.8307,797.21,364.21,0.8213,831.37,377.95,0.7163,788.05,381.29,0.7804,845.53,403.36,0.7188,780.96,407.95,0.7664,855.53,428.77,0.7238,785.96,433.77,0.6841,833.04,418.78,0.6243,803.88,420.86,0.6195,854.28,455.85,0.7163,788.05,455.44,0.6804,871.36,488.76,0.7221,772.22,497.09,0.7782
658,bottom,0,755.40,656.83,940.93,877.67,763.01,682.09,0.8954,763.61,677.86,0.7246,762.41,677.86,0.5095,768.44,683.90,0.7913,781.73,682.09,0.7428,774.48,708.66,0.8966,801.66,700.21,0.8592,785.96,737.65,0.7795,812.53,731.61,0.5845,783.54,769.06,0.7238,798.64,756.98,0.5056,821.59,768.46,0.6982,843.33,762.42,0.7415,776.90,798.65,0.8695,863.87,813.15,0.7294,792.00,856.03,0.8479,917.62,849.99,0.8624
659,top,1,769.69,352.19,900.69,527.51,812.50,370.08,0.9193,815.93,366.66,0.9339,808.65,367.08,0.8962,822.77,369.65,0.9192,803.51,370.94,0.9031,836.90,385.06,0.7507,794.10,390.62,0.8100,849.74,410.74,0.7109,787.25,416.73,0.7566,860.01,435.57,0.6917,789.39,443.27,0.6812,836.47,425.72,0.6395,807.36,427.44,0.6901,862.15,463.39,0.6911,794.95,460.82,0.7009,888.26,499.34,0.7358,779.97,503.20,0.7766
659,bottom,0,752.13,650.33,931.50,877.38,760.07,674.52,0.9121,760.65,670.43,0.7692,758.32,670.43,0.5469,765.32,676.27,0.8336,778.17,673.93,0.7752,769.99,702.55,0.9154,798.60,692.62,0.8731,778.75,731.74,0.7675,810.87,723.57,0.5680,774.66,763.86,0.7186,802.11,747.51,0.4915,818.46,762.69,0.7197,840.06,755.68,0.7461,777.58,797.14,0.8700,857.00,806.48,0.7245,792.18,854.95,0.8646,909.55,846.77,0.8742
660,top,1,773.18,361.02,908.09,525.85,819.55,377.12,0.9270,823.07,373.61,0.9372,815.60,374.05,0.9103,829.22,375.80,0.9267,810.33,378.00,0.8941,843.71,392.93,0.7587,801.11,398.20,0.8295,854.69,420.16,0.7149,793.20,424.55,0.7718,866.55,445.63,0.6542,794.08,452.22,0.6824,840.64,435.09,0.6844,812.09,435.97,0.7044,864.35,469.79,0.7092,800.67,469.35,0.7107,894.65,502.72,0.7795,782.66,507.99,0.8407
660,bottom,0,751.81,642.49,924.20,875.30,760.70,664.54,0.8633,760.14,661.13,0.7188,757.29,661.13,0.5268,761.84,667.38,0.8390,776.62,664.54,0.8036,766.96,695.23,0.9139,797.08,685.00,0.8457,775.48,725.93,0.7924,809.02,714.56,0.5399,768.09,757.19,0.7393,800.49,738.43,0.4382,813.00,756.05,0.7194,835.73,748.66,0.7298,779.46,795.84,0.8607,853.35,799.82,0.7147,792.53,854.38,0.8719,902.23,843.58,0.8523
661,top,3,773.89,366.95,910.52,526.51,824.86,383.13,0.8241,827.97,379.58,0.7884,821.30,380.02,0.8048,834.64,381.36,0.8138,816.85,384.02,0.8546,849.32,399.15,0.7498,807.51,405.37,0.8129,859.55,423.61,0.7272,798.18,432.06,0.7713,872.00,445.40,0.6900,796.40,458.74,0.7321,844.87,440.95,0.6734,817.30,441.84,0.6935,867.55,476.09,0.7126,806.18,472.97,0.7398,898.24,503.21,0.7788,784.39,508.11,0.8266
661,bottom,0,750.08,634.12,912.01,874.05,763.10,655.09,0.9088,761.34,651.58,0.6915,760.17,650.99,0.4819,758.41,658.02,0.8694,776.57,655.68,0.8139,763.69,688.48,0.8994,797.66,676.18,0.8465,772.47,720.70,0.8116,811.13,705.47,0.5673,763.10,755.25,0.7775,798.24,731.24,0.4027,808.20,749.40,0.7057,832.22,741.78,0.7320,780.09,794.50,0.8405,852.13,794.50,0.7213,791.22,853.08,0.8980,894.31,840.77,0.8677
662,top,2,775.00,369.77,913.58,526.66,829.86,385.06,0.8544,832.56,381.45,0.8113,825.80,381.90,0.8407,839.33,383.71,0.8179,821.29,386.41,0.8178,853.31,401.75,0.7501,812.72,408.97,0.7891,863.24,423.85,0.7267,803.24,434.68,0.7455,875.42,445.06,0.7015,800.54,461.29,0.6890,849.25,445.96,0.6874,822.19,447.31,0.7075,870.00,476.63,0.7023,805.95,477.98,0.7394,899.32,503.24,0.7756,785.65,508.21,0.8097
662,bottom,0,748.16,626.17,904.78,873.97,762.35,648.44,0.8983,759.93,644.20,0.7427,761.74,643.60,0.5453,758.11,650.86,0.8873,777.47,648.44,0.8060,762.35,682.31,0.8905,800.46,670.21,0.8359,769.00,717.40,0.7961,811.95,701.07,0.5825,758.72,755.51,0.8084,795.62,725.87,0.4304,804.69,744.62,0.7081,829.50,737.97,0.7438,778.68,791.81,0.8560,850.67,790.00,0.7523,788.96,851.10,0.9097,888.18,838.39,0.8893
663,top,3,775.84,369.21,914.01,527.08,832.33,383.83,0.8517,835.03,379.78,0.8174,828.29,380.68,0.8326,841.33,382.48,0.8411,823.34,385.18,0.8321,855.27,400.47,0.7426,814.34,407.67,0.7830,864.27,420.71,0.7092,805.35,433.30,0.7471,875.51,439.15,0.6856,804.00,460.29,0.7023,850.77,445.00,0.6821,823.79,446.35,0.6998,871.01,476.48,0.7013,807.60,476.48,0.7464,900.70,503.46,0.7645,785.56,507.51,0.8010
663,bottom,0,745.81,620.58,898.37,873.35,762.23,643.29,0.9060,759.14,639.59,0.7132,761.61,638.97,0.5836,757.29,646.38,0.8417,777.04,643.29,0.7867,760.38,679.09,0.8935,802.34,664.89,0.7947,765.93,716.11,0.7736,822.09,703.15,0.6347,754.82,756.84,0.8037,824.56,732.16,0.3341,801.11,741.41,0.6836,828.26,735.24,0.7204,774.57,788.32,0.8630,850.48,788.32,0.7734,783.83,848.18,0.9147,885.04,840.77,0.8985
664,top,1,775.75,365.03,915.06,526.50,831.34,380.00,0.8282,834.06,376.38,0.7880,827.26,376.83,0.8051,839.96,379.10,0.8309,822.27,381.36,0.8312,854.47,396.78,0.7591,813.20,404.04,0.8076,864.00,415.83,0.7123,805.04,430.80,0.7609,876.69,434.88,0.7172,806.85,456.19,0.6964,849.94,441.68,0.7035,822.73,442.59,0.7207,872.61,475.24,0.7412,806.40,474.78,0.7577,900.73,503.81,0.7818,787.81,506.98,0.7862
664,bottom,0,743.40,617.75,894.96,876.02,763.69,639.70,0.8867,761.17,636.54,0.6588,762.43,635.91,0.6201,758.02,642.85,0.8461,776.93,639.07,0.7736,758.02,677.53,0.8937,804.68,662.40,0.7967,761.80,717.25,0.7787,826.12,699.60,0.7756,751.08,759.50,0.7871,839.36,732.39,0.7507,798.37,739.32,0.6740,826.12,734.28,0.7103,773.15,789.13,0.8532,848.18,787.87,0.7646,778.20,850.29,0.9246,880.97,840.21,0.8944
665,top,3,781.75,359.06,883.41,526.65,828.08,372.89,0.8286,830.94,369.21,0.7729,823.99,370.84,0.8224,837.49,373.30,0.8364,819.08,376.16,0.8520,850.58,390.48,0.7178,810.90,398.67,0.7606,860.00,407.26,0.7025,803.12,424.85,0.7225,872.68,424.44,0.7045,809.67,446.95,0.6647,846.08,434.26,0.6704,819.90,435.90,0.6475,871.04,470.27,0.7116,810.90,465.77,0.6597,898.05,501.37,0.7254,790.85,504.23,0.7338
665,bottom,0,739.11,616.07,892.73,875.61,764.59,638.76,0.9020,762.06,635.59,0.6355,762.06,634.95,0.6222,757.62,641.92,0.8365,777.90,637.49,0.7915,756.36,678.04,0.8973,805.78,661.57,0.7947,758.26,721.13,0.7503,827.32,698.32,0.7799,747.49,760.41,0.7999,841.90,731.27,0.7809,795.01,740.77,0.6831,822.89,735.07,0.7087,772.83,794.63,0.8461,846.97,790.20,0.7792,771.56,856.73,0.9444,878.65,842.79,0.8845
666,top,1,788.35,351.10,909.79,528.49,824.82,366.17,0.9019,827.42,362.27,0.8467,820.06,364.44,0.8395,833.48,366.60,0.8135,815.29,370.50,0.8919,847.34,384.36,0.7603,807.50,393.02,0.8516,857.73,402.98,0.7059,801.43,420.30,0.7816,872.02,421.60,0.7105,808.80,440.22,0.6819,843.01,428.96,0.6832,816.59,430.70,0.7188,868.56,466.64,0.7159,812.26,461.88,0.7331,895.84,502.59,0.7648,796.24,504.32,0.7951
666,bottom,0,736.61,616.80,888.40,876.84,764.89,639.53,0.8902,762.99,636.99,0.6246,762.35,635.72,0.6016,758.54,642.70,0.8085,778.22,638.89,0.7782,754.73,680.16,0.9074,806.16,663.02,0.8229,756.00,722.06,0.7620,829.65,700.47,0.7829,744.57,761.42,0.8127,845.52,731.58,0.8276,791.55,743.01,0.6986,820.12,737.30,0.7199,771.87,798.88,0.8487,845.52,793.80,0.8160,772.51,861.09,0.9290,875.36,847.76,0.9136
667,top,1,792.12,347.67,901.98,528.93,821.38,363.07,0.8545,823.59,359.09,0.8335,816.07,361.74,0.8123,829.79,363.07,0.7911,811.20,367.49,0.8873,842.62,378.56,0.7764,803.68,390.51,0.8362,853.69,399.36,0.7142,798.81,417.94,0.7893,869.62,417.94,0.7049,808.99,435.20,0.7164,838.64,425.91,0.6976,813.42,428.12,0.7179,864.31,463.08,0.7387,813.42,461.31,0.7560,885.99,498.48,0.7710,801.47,506.01,0.7916
667,bottom,0,733.71,619.13,888.66,876.05,766.02,641.59,0.8858,764.14,638.45,0.6199,762.89,637.20,0.5935,758.50,644.72,0.7911,778.57,640.96,0.7906,754.73,681.10,0.8803,805.54,664.79,0.8047,754.10,723.75,0.7399,830.63,701.17,0.7577,742.81,761.39,0.7931,848.19,733.16,0.8240,791.11,745.71,0.6812,819.34,740.69,0.7049,771.67,799.65,0.8348,842.55,795.26,0.8072,772.29,861.12,0.9033,870.77,849.83,0.8787
668,top,1,790.27,348.08,895.96,530.95,815.88,360.94,0.8227,818.56,356.92,0.7842,810.97,359.15,0.7787,824.36,358.71,0.7756,806.06,364.51,0.8786,838.65,375.23,0.7676,800.26,387.73,0.8221,849.37,397.10,0.7511,795.34,416.75,0.7969,866.33,415.41,0.7163,808.29,432.37,0.7503,835.08,423.00,0.6759,810.08,426.57,0.6903,860.53,460.50,0.7204,814.99,462.29,0.7658,875.26,498.00,0.7172,805.17,509.61,0.8200
668,bottom,0,733.62,619.12,888.77,876.47,766.59,641.61,0.8582,764.07,639.10,0.5976,763.44,637.21,0.5730,759.05,645.38,0.7675,779.15,640.98,0.7879,754.02,681.19,0.8776,806.17,665.49,0.8056,753.39,724.55,0.7407,831.30,701.30,0.7474,742.71,759.10,0.7680,849.52,733.34,0.8266,791.72,745.91,0.6775,819.99,740.88,0.7027,771.61,799.94,0.8265,840.10,795.54,0.8085,772.24,861.52,0.8892,866.49,850.84,0.8698
669,top,1,787.74,344.08,881.39,530.75,813.15,361.30,0.8511,814.97,356.75,0.8483,808.13,359.48,0.8067,820.44,358.11,0.8130,802.21,364.49,0.8761,834.57,374.52,0.7714,796.28,386.83,0.8148,845.05,395.94,0.7344,792.18,417.82,0.8196,864.64,414.17,0.7345,808.13,429.67,0.7066,832.29,424.65,0.6484,808.59,428.75,0.6687,857.35,460.66,0.7645,816.79,464.76,0.7911,861.91,494.38,0.7436,804.94,511.24,0.8236
669,bottom,0,735.81,618.24,888.32,875.91,768.03,640.76,0.8564,766.14,638.25,0.5902,765.51,636.99,0.5653,759.85,644.54,0.7655,780.61,640.76,0.7917,754.82,679.77,0.8794,807.03,664.04,0.8081,754.19,723.17,0.7515,831.56,701.16,0.7490,744.12,753.37,0.7562,849.18,732.61,0.8236,792.56,745.19,0.6783,820.87,740.16,0.7023,773.69,799.92,0.8242,841.63,793.00,0.8068,773.06,860.94,0.8940,866.79,848.99,0.8699
670,top,1,784.14,343.85,881.14,531.49,806.98,361.62,0.8577,809.28,357.04,0.8667,801.95,359.33,0.8243,815.23,358.42,0.8639,797.36,364.37,0.9109,829.89,374.45,0.7891,792.78,388.65,0.8289,841.34,396.90,0.7301,789.12,418.43,0.8367,863.33,412.93,0.7210,805.15,425.76,0.7061,828.97,426.68,0.6576,807.90,430.34,0.6781,854.63,461.95,0.8168,817.52,465.16,0.7784,848.22,488.06,0.7450,805.61,510.51,0.8093
670,bottom,0,740.98,617.03,888.78,875.08,770.15,638.33,0.8818,768.89,635.81,0.5977,767.63,634.55,0.6033,761.33,642.11,0.7684,782.12,638.33,0.7825,756.29,677.39,0.8835,808.58,662.27,0.8142,755.66,720.23,0.7619,831.89,700.07,0.7712,747.47,745.43,0.7457,849.53,732.20,0.8245,794.09,744.17,0.6778,823.07,737.87,0.6926,776.45,800.24,0.8302,845.75,790.16,0.7992,772.67,860.72,0.9154,870.95,845.60,0.8822
671,top,1,780.83,343.46,888.54,531.73,801.59,360.38,0.8096,803.43,356.70,0.8393,797.00,359.00,0.8084,809.87,358.54,0.8366,792.86,364.05,0.8675,825.03,373.71,0.7988,789.64,388.42,0.8311,836.99,396.23,0.6869,787.34,418.29,0.8255,860.89,410.48,0.6818,803.89,419.67,0.6677,826.41,429.32,0.6853,806.65,433.00,0.6901,850.31,464.26,0.7469,816.76,465.18,0.7947,833.77,480.80,0.6981,805.73,510.22,0.7992
671,bottom,0,744.88,613.37,888.82,875.87,772.63,636.96,0.9012,771.35,633.75,0.5992,770.70,633.11,0.5883,763.66,640.80,0.7730,784.80,636.32,0.7777,757.89,676.05,0.9111,810.44,661.31,0.8348,757.25,719.63,0.7802,833.51,699.12,0.7907,750.20,740.13,0.7456,849.53,731.80,0.8260,796.34,742.70,0.6965,825.18,736.29,0.7028,778.40,799.73,0.8369,850.81,786.92,0.8124,773.27,860.61,0.9433,875.80,842.03,0.8798
672,top,3,778.03,341.86,898.94,531.90,796.73,358.01,0.8510,798.58,354.30,0.8293,792.09,356.62,0.8362,805.54,357.08,0.8099,788.38,363.58,0.8091,821.32,372.85,0.8167,786.52,387.70,0.8268,831.99,393.73,0.6914,785.13,418.32,0.7788,857.50,404.87,0.6499,800.90,411.83,0.6731,823.64,429.46,0.6992,805.08,433.17,0.7011,844.98,466.11,0.7354,815.29,465.18,0.7752,823.17,473.07,0.6573,805.54,510.18,0.8184
672,bottom,0,748.15,613.59,892.79,875.68,775.04,635.86,0.9175,775.04,632.66,0.6182,772.48,632.66,0.6133,766.72,639.70,0.7848,787.20,635.86,0.7510,760.33,675.53,0.9075,813.43,660.82,0.8349,759.05,719.04,0.7415,833.91,698.57,0.7973,755.85,732.48,0.6494,850.55,732.48,0.8261,798.08,742.08,0.7123,827.51,736.32,0.7074,780.16,799.66,0.8399,854.38,785.59,0.8100,773.12,860.45,0.9637,881.90,839.98,0.8660
673,top,1,774.83,340.12,873.04,531.61,793.54,356.86,0.7710,795.88,353.12,0.7698,788.87,355.92,0.7513,802.43,355.45,0.7780,785.13,360.60,0.8108,816.92,370.88,0.7587,782.32,384.44,0.8157,826.74,390.98,0.6775,782.79,415.29,0.7885,852.92,397.53,0.7090,795.41,403.14,0.7211,821.13,428.85,0.6661,801.96,432.59,0.6933,837.49,467.19,0.6838,814.11,465.32,0.7782,811.31,466.72,0.4773,805.23,511.60,0.7876
673,bottom,0,750.65,614.88,900.96,875.51,778.72,636.39,0.9252,778.08,633.21,0.6253,775.54,633.21,0.6399,769.81,640.21,0.7823,790.17,636.39,0.7419,762.81,675.84,0.8977,816.90,661.84,0.8302,762.18,721.02,0.7626,836.62,700.02,0.8009,761.54,726.11,0.6119,852.53,732.47,0.8243,800.36,742.02,0.7120,830.90,736.92,0.7070,780.63,799.92,0.8422,859.53,785.92,0.7868,773.63,860.37,0.9550,888.16,840.01,0.8681
674,top,3,771.35,336.36,833.75,531.49,790.17,352.93,0.6985,792.55,348.65,0.7214,785.40,351.98,0.7298,797.79,351.50,0.7887,781.59,357.22,0.7900,813.03,366.75,0.7198,778.26,380.09,0.7902,822.56,387.71,0.6152,779.21,410.10,0.7897,848.76,388.19,0.5238,789.21,393.90,0.6801,816.84,425.35,0.6347,798.74,429.16,0.6335,828.28,466.79,0.7033,811.60,463.94,0.7524,802.08,465.36,0.5487,804.93,510.62,0.8012
674,bottom,0,751.64,616.74,909.16,875.42,782.40,638.09,0.9145,781.14,634.93,0.6159,779.88,634.93,0.6304,773.56,641.88,0.7687,794.40,638.72,0.7441,766.61,676.61,0.8949,819.66,663.98,0.8277,764.72,720.82,0.7871,839.87,701.24,0.8073,765.98,720.82,0.5814,855.66,734.08,0.8197,801.98,743.56,0.7206,832.93,738.50,0.7087,780.51,799.76,0.8377,863.87,786.50,0.7771,773.56,861.02,0.9209,894.18,839.55,0.8830
675,top,3,768.70,332.08,862.08,530.67,785.81,347.01,0.7751,787.75,343.61,0.7404,780.48,346.04,0.7458,794.54,347.01,0.7626,777.57,351.37,0.8005,808.60,360.58,0.7899,776.60,374.16,0.7970,818.78,382.40,0.6712,776.11,404.22,0.7959,843.02,378.04,0.6290,781.45,381.92,0.6841,813.93,424.10,0.6250,796.48,427.49,0.6615,820.72,463.85,0.6710,808.11,463.37,0.7508,798.42,473.07,0.6825,804.72,509.91,0.8046
675,bottom,0,751.44,619.00,916.31,875.77,787.48,640.19,0.9249,786.86,637.05,0.6283,784.98,637.05,0.6431,779.34,643.95,0.7709,798.77,640.82,0.7511,771.19,678.43,0.8963,825.10,666.52,0.8339,768.05,721.68,0.7844,844.53,704.13,0.8131,769.30,721.06,0.5579,860.20,736.73,0.8244,804.41,746.13,0.7381,835.75,741.74,0.7079,780.59,799.42,0.8439,868.35,789.39,0.7926,773.69,861.48,0.9045,901.58,842.05,0.8766
676,top,3,764.18,329.25,836.61,529.93,785.21,341.89,0.6912,786.68,338.95,0.6930,779.82,341.40,0.6824,791.58,343.85,0.6838,775.41,347.77,0.7794,806.27,357.57,0.7959,774.43,368.84,0.8057,817.54,377.66,0.6861,770.51,398.23,0.7812,840.08,368.35,0.6764,776.88,377.17,0.6631,809.21,416.36,0.6348,791.09,419.79,0.6244,812.15,461.43,0.7043,801.86,461.43,0.7389,792.56,476.62,0.7114,802.84,507.49,0.8002
676,bottom,0,751.46,620.09,927.82,875.75,793.45,643.06,0.9376,792.20,639.94,0.6342,791.58,639.31,0.6283,785.34,646.80,0.7769,804.06,644.31,0.7670,775.97,679.88,0.9122,829.65,669.90,0.8486,772.23,722.95,0.7847,850.25,706.72,0.8266,772.85,727.95,0.5954,865.23,739.18,0.8260,806.56,748.54,0.7662,839.02,744.80,0.7267,780.34,800.35,0.8648,872.72,793.49,0.8085,773.48,862.15,0.9310,906.43,844.05,0.8726
677,top,1,757.67,327.17,851.56,525.47,783.32,340.63,0.7163,784.77,337.24,0.7272,777.02,339.66,0.7207,790.09,341.12,0.6566,772.18,345.96,0.8159,803.65,355.64,0.7839,771.21,366.77,0.7788,816.72,371.62,0.7274,764.92,390.98,0.8143,837.05,357.58,0.7559,770.73,362.90,0.7010,804.62,414.70,0.6463,785.74,417.12,0.6553,808.01,459.73,0.7421,796.39,457.31,0.7557,787.19,475.22,0.6877,800.26,504.75,0.8117
677,bottom,0,751.08,623.47,935.70,875.16,800.38,644.85,0.9224,799.76,641.78,0.6284,798.53,641.17,0.6181,792.39,647.93,0.7816,811.44,645.47,0.7580,781.94,681.72,0.9081,835.40,672.51,0.8443,777.03,727.81,0.7489,856.29,709.37,0.8024,777.03,735.80,0.5628,871.04,740.71,0.8151,810.21,751.77,0.7637,842.78,748.70,0.7269,782.56,800.93,0.8626,876.57,794.78,0.8191,773.96,861.76,0.9124,909.75,847.01,0.8770
678,top,3,751.11,324.41,843.23,526.23,781.40,336.63,0.6935,782.88,333.67,0.7022,775.98,335.64,0.6901,788.30,338.60,0.6614,770.07,342.54,0.7752,801.11,354.36,0.7273,767.11,362.74,0.7435,815.89,365.70,0.6995,758.24,383.44,0.8140,831.17,348.45,0.7460,764.65,358.80,0.7308,800.62,413.99,0.6797,782.38,416.45,0.6765,805.54,456.85,0.7234,793.72,455.38,0.7400,783.86,476.56,0.6483,795.20,503.66,0.8086
678,bottom,0,751.20,624.83,933.84,876.00,808.80,645.56,0.9661,808.19,642.49,0.6511,805.73,642.49,0.6183,799.60,648.01,0.8479,819.22,647.40,0.7579,789.79,681.74,0.9321,842.52,673.77,0.8479,783.66,724.66,0.7641,863.37,711.17,0.8005,781.20,741.22,0.6212,877.48,739.99,0.8134,816.16,753.48,0.7508,848.66,750.42,0.7204,785.50,801.31,0.8544,880.54,796.41,0.8401,773.85,860.79,0.9082,909.36,851.59,0.8796
679,top,1,747.89,320.94,812.86,521.57,777.92,333.08,0.6713,779.39,330.15,0.7074,772.54,332.10,0.6747,784.78,333.57,0.6796,767.15,339.45,0.7171,797.03,350.72,0.7131,766.17,357.58,0.7212,809.27,359.54,0.7264,752.45,373.74,0.8141,821.03,338.47,0.7834,756.37,347.78,0.8201,797.03,410.48,0.6823,779.39,412.44,0.6561,802.91,455.05,0.7640,792.13,452.12,0.7625,781.84,478.08,0.7153,788.70,500.61,0.7680
679,bottom,0,751.32,623.08,935.92,877.07,817.58,644.66,0.9598,816.34,641.56,0.6710,817.58,641.56,0.6136,810.13,647.76,0.8142,828.74,647.14,0.7412,798.35,680.62,0.9136,850.44,673.18,0.8763,791.53,721.55,0.7816,872.15,710.39,0.7990,786.57,744.49,0.7771,885.17,738.29,0.7974,824.40,751.94,0.7347,856.02,748.84,0.7273,792.77,802.17,0.8465,885.79,797.20,0.8630,775.41,861.70,0.9170,912.45,852.39,0.8883
680,top,3,743.51,315.92,810.30,516.57,773.97,329.05,0.6361,775.93,326.11,0.6612,769.07,327.58,0.6257,781.32,329.54,0.6555,763.68,335.41,0.6734,794.05,347.66,0.6881,762.21,353.05,0.7046,805.32,355.01,0.7123,747.03,365.30,0.7911,810.71,330.51,0.7524,749.47,339.33,0.8338,794.54,404.49,0.6861,775.44,406.45,0.6632,800.42,448.58,0.7360,787.69,445.15,0.7519,780.83,479.44,0.6832,779.36,491.69,0.6821
680,bottom,0,752.88,620.14,936.42,878.90,825.70,642.75,0.9031,823.80,639.59,0.6135,825.70,638.96,0.6351,818.75,645.91,0.7834,837.07,644.65,0.7691,808.01,678.13,0.9147,859.18,671.18,0.8487,800.43,719.19,0.7910,881.29,709.09,0.8315,792.21,746.36,0.8189,892.03,736.25,0.8007,831.38,750.15,0.7173,863.60,745.73,0.7355,801.06,803.22,0.8643,892.03,794.37,0.8466,777.05,861.34,0.9004,913.51,851.23,0.9028
681,top,1,740.96,308.81,811.93,512.15,765.52,323.61,0.6023,768.50,320.63,0.6007,761.55,321.62,0.6156,776.44,324.10,0.6302,759.07,329.56,0.6054,789.85,342.47,0.6292,758.57,347.93,0.6848,805.24,343.96,0.7814,743.68,359.84,0.7743,797.29,319.63,0.8302,742.69,333.04,0.7930,792.82,401.54,0.6198,774.46,403.03,0.6156,795.31,442.75,0.6954,780.91,442.25,0.7356,780.91,475.51,0.7517,771.97,482.96,0.7162
681,bottom,0,758.84,617.63,936.67,876.22,834.49,639.60,0.9131,833.23,636.44,0.5811,833.86,635.81,0.6652,826.92,642.76,0.7453,845.86,640.86,0.7755,817.45,675.59,0.8872,867.96,667.38,0.8539,809.87,717.25,0.8071,889.42,705.89,0.8276,797.88,745.03,0.8147,898.89,731.77,0.8304,839.55,747.56,0.7172,871.11,743.14,0.7604,810.50,803.11,0.8433,897.63,792.38,0.8545,782.73,860.56,0.9085,915.30,851.73,0.9428
682,top,1,738.92,301.29,810.37,504.67,758.26,317.57,0.5359,761.73,314.10,0.4967,754.29,315.59,0.5305,770.18,317.57,0.5218,752.30,323.53,0.5047,785.57,332.97,0.5894,754.78,340.91,0.6480,804.44,330.48,0.7801,742.37,355.31,0.7220,789.54,313.10,0.7076,738.89,330.98,0.7292,791.03,395.53,0.6004,771.66,397.02,0.5998,790.53,438.73,0.7218,774.64,440.22,0.7476,781.60,475.97,0.7706,762.23,476.97,0.7405
682,bottom,0,768.08,612.88,936.76,876.66,841.47,635.29,0.9072,840.83,632.07,0.5846,840.19,630.78,0.6620,834.39,638.51,0.7546,852.42,635.93,0.7658,824.09,671.35,0.8684,874.96,663.62,0.8459,818.29,713.21,0.8290,896.21,700.33,0.8079,804.77,740.91,0.8121,904.59,728.03,0.7993,846.63,744.13,0.7148,877.54,740.91,0.7652,818.93,799.51,0.8269,900.72,791.78,0.8493,793.17,858.12,0.8847,914.89,851.03,0.9341
683,top,1,737.32,289.79,805.44,493.20,750.03,312.54,0.6491,751.02,309.06,0.5940,746.05,312.04,0.6189,757.97,312.04,0.5657,744.07,319.99,0.6115,777.34,321.97,0.5854,748.04,339.35,0.6287,797.20,310.05,0.7777,742.08,352.26,0.6356,782.80,297.64,0.6119,736.62,326.94,0.6404,790.25,386.03,0.5728,769.89,389.01,0.6026,790.25,433.71,0.7223,768.40,433.21,0.7172,783.80,472.44,0.7721,753.50,468.96,0.7490
683,bottom,0,778.44,608.76,936.31,875.54,846.95,631.43,0.8828,846.30,628.17,0.5654,845.00,626.87,0.6487,839.79,634.03,0.7278,858.03,632.08,0.7560,830.02,667.25,0.8597,881.47,659.43,0.8334,824.16,708.93,0.8325,901.67,696.56,0.8071,810.48,737.59,0.8042,909.48,723.91,0.7583,852.16,740.20,0.7118,883.43,737.59,0.7578,826.11,796.21,0.8289,901.01,791.00,0.8427,807.22,856.13,0.9052,915.34,850.27,0.9277
684,top,1,728.95,267.07,804.69,488.19,744.69,311.23,0.6845,746.31,307.99,0.6331,739.83,311.23,0.6641,753.33,309.07,0.6149,737.13,318.79,0.6736,771.68,313.39,0.6860,742.53,336.60,0.6809,786.26,292.87,0.8208,743.61,352.26,0.6944,778.16,274.52,0.7471,737.13,331.20,0.6310,787.88,380.87,0.6287,766.28,384.65,0.6453,791.65,429.99,0.7440,760.34,428.91,0.7510,785.18,468.86,0.8125,744.69,463.46,0.7918
684,bottom,0,790.69,606.20,935.01,874.04,851.08,627.64,0.8652,851.08,624.37,0.5718,849.77,623.07,0.6383,843.89,630.26,0.7196,862.85,628.30,0.7547,834.73,663.61,0.8549,885.74,655.11,0.8314,828.85,704.15,0.8135,906.66,693.04,0.8074,815.11,734.23,0.7970,913.86,722.46,0.7408,857.62,736.20,0.7093,887.70,734.23,0.7559,832.12,792.43,0.8413,901.43,788.51,0.8563,819.04,853.90,0.8948,915.82,848.02,0.9209
685,top,2,722.86,284.36,804.87,486.78,741.14,307.98,0.7510,742.62,305.02,0.6795,736.69,306.99,0.6943,749.04,308.48,0.6579,734.22,315.89,0.7211,765.84,314.41,0.7206,738.66,337.14,0.6977,777.21,289.70,0.7726,741.14,351.96,0.6703,775.73,259.06,0.6109,733.72,331.21,0.6697,786.11,379.14,0.6103,763.37,383.59,0.6357,793.52,428.07,0.7425,753.00,427.57,0.7023,787.09,466.61,0.8312,736.69,461.18,0.7621
685,bottom,0,802.59,602.47,934.87,871.83,855.58,624.70,0.8719,854.92,621.41,0.5754,854.26,620.10,0.6403,847.69,627.99,0.7306,866.76,626.02,0.7720,838.48,660.21,0.8650,889.12,652.32,0.8241,831.90,701.64,0.8156,910.82,691.12,0.8211,818.75,731.23,0.7937,918.05,720.71,0.7487,862.15,733.86,0.6999,891.75,731.89,0.7473,835.85,787.79,0.8540,904.24,784.50,0.8546,825.99,850.92,0.9039,918.71,845.00,0.9485
686,top,1,718.41,248.25,807.03,488.06,736.96,309.61,0.7261,739.30,306.09,0.6753,732.86,310.19,0.6800,745.16,307.85,0.6304,730.52,318.39,0.6794,762.13,313.71,0.6991,734.62,338.88,0.6958,772.09,287.36,0.7293,738.13,352.35,0.5897,770.92,259.84,0.7596,734.03,335.37,0.4193,782.63,381.03,0.6764,759.79,385.13,0.7061,794.92,427.29,0.7953,746.91,424.94,0.7019,789.65,467.10,0.8500,729.93,457.73,0.7883
686,bottom,0,808.50,601.81,935.57,869.15,858.98,622.57,0.8842,858.33,619.30,0.5800,857.67,618.65,0.6481,850.49,625.83,0.7212,869.42,624.53,0.7703,841.36,659.12,0.8828,892.92,651.29,0.8340,834.18,700.89,0.8165,913.80,691.10,0.8401,821.12,730.91,0.8164,922.29,721.12,0.7981,866.16,730.26,0.7008,896.18,728.30,0.7480,839.40,784.43,0.8614,909.89,779.21,0.8458,829.61,849.05,0.9264,924.25,837.95,0.9167
687,top,1,714.12,230.08,808.42,487.20,735.53,312.19,0.6080,738.04,309.68,0.5418,730.51,311.56,0.5764,743.69,313.44,0.5348,728.62,321.60,0.6210,758.13,317.21,0.6351,731.76,339.81,0.5697,768.80,289.59,0.6371,731.76,353.62,0.4139,763.78,265.74,0.6218,729.88,343.58,0.3091,779.47,383.12,0.6702,756.24,386.89,0.6540,795.79,427.06,0.7934,740.55,426.44,0.6827,794.54,467.87,0.7876,723.60,459.71,0.7566
687,bottom,0,810.52,602.53,945.88,867.28,862.04,623.73,0.8909,860.75,620.49,0.5733,861.40,619.85,0.6314,853.64,626.96,0.7378,873.03,625.67,0.7861,843.94,659.28,0.9029,895.65,652.17,0.8315,836.19,701.29,0.8098,916.98,691.60,0.8392,823.26,732.32,0.8414,926.03,723.27,0.7712,869.80,730.38,0.7001,899.53,727.15,0.7472,842.00,784.03,0.8736,916.34,777.56,0.8420,831.02,847.37,0.9463,935.08,831.86,0.8799
688,top,1,702.46,268.43,812.34,489.19,730.45,317.91,0.7006,734.23,314.13,0.6424,726.68,316.83,0.6431,739.08,316.29,0.6377,725.06,323.83,0.6821,754.17,321.68,0.7109,725.06,345.39,0.7075,765.49,298.50,0.6937,731.53,361.56,0.6519,761.18,286.11,0.6548,731.53,345.39,0.4908,776.27,386.36,0.6651,752.55,392.28,0.6853,796.75,427.86,0.7711,735.30,428.40,0.6971,798.36,467.74,0.9064,718.60,461.27,0.8161
688,bottom,0,807.29,606.21,956.97,869.44,865.42,627.29,0.8924,864.13,624.08,0.5917,864.78,623.43,0.6312,857.07,630.50,0.7410,875.70,629.22,0.7667,846.78,662.64,0.8913,898.84,656.21,0.8140,839.07,703.12,0.7949,920.04,694.77,0.8263,824.93,734.61,0.8457,929.68,726.26,0.7671,873.13,732.69,0.6904,903.34,728.83,0.7375,843.57,786.03,0.8573,923.90,777.67,0.8207,830.72,848.36,0.9337,946.39,830.37,0.8463
689,top,1,699.22,292.89,819.05,491.61,729.54,321.90,0.8117,730.99,318.02,0.7740,724.69,319.47,0.7441,736.82,320.93,0.7018,720.32,326.75,0.7785,750.89,328.21,0.6893,718.86,351.01,0.7828,763.50,312.20,0.5415,730.99,370.42,0.7132,762.04,302.49,0.5275,731.48,348.10,0.6261,772.72,390.31,0.6233,747.00,397.59,0.6356,795.52,429.12,0.7496,731.48,433.49,0.7245,803.28,471.82,0.8694,715.95,465.99,0.8168
689,bottom,0,805.84,609.95,977.46,871.20,869.33,632.14,0.9222,867.41,628.96,0.6535,868.69,628.96,0.6296,861.67,635.33,0.7902,879.53,634.70,0.7544,850.19,668.50,0.9124,901.22,661.48,0.8537,842.54,708.68,0.8034,922.90,700.39,0.8238,827.23,740.57,0.8419,933.11,732.92,0.7889,876.98,737.38,0.7200,906.32,734.19,0.7347,844.45,789.05,0.8657,931.83,780.75,0.8360,829.14,851.55,0.8772,959.89,831.78,0.8530
690,top,1,696.91,308.30,825.81,492.09,726.36,328.40,0.8138,728.16,324.81,0.7798,721.87,326.61,0.7748,734.44,328.40,0.7639,716.94,333.34,0.7881,750.14,336.03,0.7098,715.14,357.57,0.7982,768.54,318.98,0.6085,729.05,379.55,0.6928,761.81,313.14,0.4405,732.19,358.46,0.5196,769.44,396.15,0.6455,742.96,403.78,0.6617,793.22,431.60,0.7393,727.26,438.33,0.6921,807.13,471.09,0.8423,715.59,469.29,0.8133
690,bottom,0,805.17,617.98,991.26,874.57,872.53,639.78,0.9834,871.90,636.65,0.6978,871.90,636.65,0.6481,865.01,642.29,0.8184,883.18,642.29,0.7448,854.36,677.37,0.9199,905.11,669.85,0.8602,846.85,717.46,0.8312,925.78,706.19,0.8229,828.68,749.41,0.8420,935.17,738.76,0.7965,881.30,745.03,0.7283,910.12,742.52,0.7448,844.97,793.26,0.8835,939.56,786.37,0.8334,829.31,855.28,0.9291,972.76,833.35,0.8876
691,top,1,696.57,318.72,827.98,493.59,722.92,336.00,0.8398,725.06,331.72,0.8097,718.22,333.86,0.7850,731.05,333.43,0.7764,712.66,339.85,0.8077,747.73,343.70,0.6312,711.80,363.38,0.7951,770.83,335.15,0.5973,723.78,386.90,0.7162,756.29,352.68,0.5618,732.33,366.37,0.6443,764.41,400.16,0.6141,739.18,406.58,0.6356,791.36,439.09,0.7486,722.49,444.22,0.6908,813.18,475.02,0.8387,713.94,472.45,0.7896
691,bottom,0,806.09,627.07,999.55,872.50,876.37,648.40,0.9899,875.74,645.88,0.6778,875.74,645.88,0.6300,868.18,652.81,0.7893,887.71,652.18,0.7030,858.74,684.92,0.9455,907.86,678.00,0.8939,852.44,725.23,0.8406,929.27,717.04,0.8387,831.66,762.38,0.8641,939.34,746.64,0.7700,884.56,751.68,0.7764,914.78,749.16,0.7891,843.62,794.50,0.9376,946.90,791.35,0.8751,828.51,856.21,0.9708,984.06,839.21,0.9362
692,top,1,693.53,326.33,830.03,495.85,720.01,342.66,0.8360,722.23,338.22,0.8570,715.12,339.99,0.8010,728.45,339.99,0.8367,710.68,345.77,0.8440,746.23,352.44,0.6585,710.68,370.21,0.8280,770.22,359.10,0.6982,722.23,396.87,0.7850,755.11,377.76,0.6246,731.56,380.88,0.6647,763.56,406.65,0.6492,738.23,412.43,0.6797,786.66,443.97,0.7025,717.34,449.31,0.6691,815.10,475.52,0.8178,715.12,473.75,0.7794
692,bottom,0,806.13,634.67,1000.61,872.68,881.21,655.54,0.8773,878.68,652.38,0.6207,881.21,651.11,0.5813,874.88,659.34,0.7317,893.24,658.08,0.7187,866.65,691.00,0.9080,914.13,682.77,0.8975,859.05,732.15,0.8142,935.02,723.29,0.8430,841.33,769.50,0.8805,943.89,749.88,0.7075,888.18,756.84,0.7533,919.83,753.67,0.7603,845.13,797.99,0.9234,950.85,789.76,0.8853,828.67,856.87,0.9545,983.77,841.67,0.9452
693,top,1,690.86,332.64,826.69,490.93,718.54,347.24,0.8446,721.63,342.82,0.8214,714.12,344.59,0.7996,728.27,345.91,0.8095,709.26,349.89,0.8069,745.51,359.18,0.7115,710.58,375.98,0.8298,768.50,377.74,0.8012,721.19,402.95,0.7611,752.14,398.97,0.6885,732.25,392.34,0.5855,763.64,409.14,0.6665,738.88,414.00,0.6881,780.44,445.83,0.7280,716.77,449.81,0.6775,812.27,475.46,0.7981,715.00,473.69,0.7786
693,bottom,0,807.36,634.49,1001.75,870.65,891.90,655.12,0.9224,890.00,651.96,0.5275,891.27,650.69,0.6255,884.30,658.92,0.6915,903.29,657.66,0.7421,877.98,689.93,0.8624,923.54,681.70,0.8554,872.28,728.53,0.8001,943.79,720.30,0.7923,856.46,766.49,0.8226,953.28,748.78,0.6953,896.33,757.64,0.7165,927.33,754.47,0.7542,854.56,798.13,0.8862,956.44,786.11,0.8574,829.89,856.35,0.9161,981.12,841.16,0.9372
694,top,1,697.04,337.05,827.15,493.91,722.28,351.11,0.8728,724.40,346.87,0.8888,717.20,348.14,0.8353,729.91,349.41,0.8082,711.70,353.23,0.7621,747.27,365.93,0.7731,712.97,379.48,0.8037,765.48,391.77,0.8266,721.01,403.62,0.7526,751.08,414.21,0.7109,737.53,410.82,0.6063,764.64,410.40,0.6441,738.80,414.21,0.6877,779.88,448.09,0.6954,717.63,447.67,0.6666,811.22,476.89,0.8005,714.66,473.93,0.7906
694,bottom,0,807.17,631.10,1001.94,868.84,906.46,651.07,0.9106,906.46,647.90,0.5637,904.55,647.26,0.5534,899.48,654.87,0.7518,916.60,652.97,0.7802,891.87,687.20,0.8529,939.42,678.33,0.8664,888.70,723.34,0.7798,957.18,715.74,0.8034,873.49,761.38,0.8110,964.15,743.00,0.7252,908.99,753.78,0.7246,939.42,751.24,0.7612,869.68,801.33,0.8284,965.42,781.67,0.8872,833.54,854.58,0.8838,978.73,840.00,0.9147
695,top,1,696.48,339.60,826.29,493.20,725.04,355.97,0.8338,727.58,351.33,0.8378,719.97,352.59,0.7771,733.07,353.44,0.7957,714.90,356.40,0.8161,752.09,372.45,0.7386,715.32,380.48,0.8039,765.19,400.76,0.7691,722.51,404.99,0.8034,751.66,421.89,0.6506,737.72,417.24,0.6866,767.72,412.17,0.6219,739.41,415.13,0.6764,779.55,446.40,0.7071,717.01,448.09,0.7243,811.67,476.40,0.7899,714.90,473.44,0.8211
695,bottom,0,813.16,624.71,1002.95,862.30,919.80,645.89,0.9180,918.56,642.80,0.6582,919.80,642.19,0.5673,913.62,649.60,0.8004,930.30,647.75,0.7338,905.59,682.34,0.8917,953.16,672.46,0.9288,901.88,718.79,0.8000,971.07,710.14,0.8065,887.67,755.86,0.8201,979.10,735.47,0.7320,921.03,751.54,0.7618,950.69,749.07,0.7993,883.96,799.11,0.8016,974.78,779.96,0.8461,843.81,849.15,0.8482,981.58,838.65,0.9510
696,top,1,695.91,341.39,827.07,494.47,730.75,359.87,0.8607,733.74,356.02,0.8673,726.48,356.45,0.8267,740.14,358.58,0.8077,721.78,359.87,0.8055,757.65,376.94,0.7422,718.79,382.07,0.8275,769.60,405.12,0.7289,725.63,406.40,0.7977,755.51,423.48,0.6159,739.71,420.07,0.7099,769.60,413.23,0.6438,740.57,415.80,0.7084,782.84,446.11,0.7213,717.94,447.39,0.7382,812.72,477.28,0.8189,714.95,473.43,0.8369
696,bottom,0,833.65,619.69,1001.91,864.26,932.71,641.66,0.8667,931.51,637.48,0.6234,932.71,637.48,0.5642,926.14,644.65,0.7659,943.46,642.86,0.7260,918.97,678.09,0.8440,966.74,667.94,0.9019,913.00,715.11,0.7884,983.46,704.36,0.8011,898.08,752.12,0.7855,992.42,731.23,0.7700,933.30,747.35,0.7236,964.35,744.96,0.7624,895.09,792.13,0.7716,982.27,780.78,0.8350,865.24,846.46,0.7777,982.27,834.52,0.9031
697,top,1,696.18,344.45,824.91,490.63,740.01,361.81,0.8717,742.95,358.04,0.8552,735.40,358.45,0.8840,748.81,360.55,0.8281,730.37,360.97,0.8194,763.90,378.57,0.7245,724.09,381.92,0.8454,778.56,403.71,0.7506,729.54,406.65,0.7900,766.41,422.57,0.6332,745.04,420.05,0.7122,773.12,413.77,0.6420,744.62,416.28,0.6830,788.62,445.62,0.7528,720.74,446.46,0.7701,813.35,477.05,0.8362,714.45,474.11,0.8290
697,bottom,0,865.04,615.69,1009.62,858.80,945.05,637.53,0.8684,945.05,634.56,0.6277,945.05,633.38,0.5358,938.52,641.09,0.7383,955.73,639.31,0.6946,929.61,674.92,0.8484,978.88,664.24,0.8805,920.71,715.88,0.7461,996.68,704.01,0.7819,905.28,752.67,0.7943,1005.58,729.53,0.7754,945.64,741.40,0.6989,975.91,739.62,0.7459,907.06,782.35,0.7977,987.19,778.20,0.7833,897.56,839.92,0.7679,984.22,828.05,0.8759
698,top,1,696.20,346.11,822.64,489.77,750.78,364.02,0.7532,754.49,360.73,0.7691,747.49,360.73,0.7726,760.25,362.79,0.8032,742.14,362.38,0.7975,773.42,379.25,0.7484,731.02,380.49,0.8157,789.06,403.53,0.8042,734.73,404.77,0.7908,777.12,424.11,0.6943,752.43,417.12,0.6623,776.71,415.88,0.6588,747.49,417.94,0.6763,797.29,444.69,0.7655,723.20,447.16,0.7422,812.52,477.62,0.8116,714.97,473.50,0.8498
698,bottom,0,899.61,612.43,1023.74,861.86,956.80,634.84,0.7916,954.37,631.18,0.5166,954.98,629.97,0.5317,949.50,638.49,0.7033,968.37,636.67,0.7647,939.75,672.59,0.8452,989.69,663.46,0.8657,928.18,714.61,0.7952,1008.57,703.04,0.8201,910.52,752.98,0.8303,1018.31,728.62,0.8172,957.41,738.36,0.7045,986.64,737.75,0.7554,920.27,777.95,0.8233,995.17,774.29,0.7584,930.62,831.54,0.7774,989.08,821.79,0.8096
699,top,1,697.05,345.30,822.04,492.09,764.02,362.95,0.7574,767.68,359.69,0.7778,760.36,359.29,0.7664,772.97,361.73,0.7829,753.85,360.91,0.8068,785.18,378.82,0.7565,742.46,378.00,0.7510,802.27,404.04,0.8129,742.46,403.23,0.7011,791.69,424.80,0.7071,762.39,416.25,0.6372,782.74,415.44,0.6517,753.85,417.47,0.6414,804.71,442.29,0.7064,730.25,445.95,0.6997,811.63,478.91,0.7973,714.79,472.81,0.8114
699,bottom,0,906.47,611.33,1033.70,852.07,970.09,634.14,0.8207,968.91,630.61,0.4921,969.50,629.43,0.4965,960.68,637.66,0.7031,980.66,636.49,0.7523,950.69,671.75,0.8648,1000.65,664.11,0.9012,935.41,712.89,0.7897,1020.04,704.66,0.8072,917.78,749.92,0.8744,1029.45,727.59,0.7399,967.73,737.58,0.7534,997.12,735.81,0.7895,935.41,781.07,0.8431,1004.76,771.67,0.7258,955.39,828.68,0.7266,996.53,818.69,0.7981
700,top,1,696.69,345.29,826.43,494.93,778.46,363.10,0.7541,781.83,359.72,0.7654,774.65,359.30,0.7387,787.32,361.83,0.8253,768.32,360.14,0.8108,798.73,379.99,0.7551,755.23,376.19,0.7204,816.46,403.64,0.7956,749.74,399.42,0.7084,804.64,425.60,0.7139,767.48,415.04,0.6242,790.70,415.04,0.6546,761.98,415.89,0.6065,810.97,445.87,0.7305,739.18,444.61,0.6523,812.24,481.77,0.7921,716.37,470.79,0.8042
700,bottom,0,916.89,612.00,1047.10,860.06,982.00,634.89,0.7834,981.39,631.26,0.4627,983.21,630.04,0.4961,972.91,637.92,0.6901,992.29,637.31,0.7519,960.80,670.62,0.8673,1011.07,665.17,0.8997,944.45,711.20,0.8125,1030.45,702.72,0.8480,925.68,746.93,0.8299,1040.74,727.55,0.8302,979.58,739.05,0.7547,1009.25,736.63,0.7950,949.90,786.29,0.8427,1018.33,766.91,0.7097,971.70,831.71,0.7389,1011.07,811.73,0.7312
701,top,1,701.21,345.27,838.50,498.06,790.86,363.12,0.7742,794.43,359.55,0.7877,787.28,359.55,0.7508,799.80,361.34,0.8230,781.47,359.99,0.7898,810.08,379.21,0.7391,767.62,375.64,0.6851,831.08,400.66,0.8017,760.47,396.64,0.6727,821.69,420.32,0.7392,772.09,414.96,0.6244,799.35,413.62,0.6664,770.75,413.17,0.6137,815.44,449.37,0.7214,747.96,443.56,0.6232,813.65,482.89,0.7682,720.70,467.25,0.7678
701,bottom,0,925.92,613.41,1057.01,861.25,995.70,636.28,0.7559,996.30,632.05,0.5139,998.12,631.44,0.4833,986.02,638.70,0.6898,1004.78,638.70,0.7224,972.71,669.56,0.8366,1022.93,667.14,0.8736,954.56,707.68,0.8047,1041.68,705.26,0.8297,937.61,737.33,0.8320,1052.58,728.25,0.7861,990.25,742.77,0.7388,1021.72,739.14,0.7707,962.42,789.36,0.8328,1034.42,762.14,0.6994,981.18,840.19,0.7346,1031.40,806.31,0.7545
702,top,1,714.07,344.09,851.84,502.08,802.69,361.19,0.7748,805.83,357.61,0.7720,798.65,357.61,0.7397,811.66,359.85,0.7929,791.92,358.95,0.7737,821.08,376.89,0.7469,779.37,373.30,0.7126,843.95,396.18,0.8192,769.05,389.90,0.7550,834.98,415.91,0.7374,774.88,410.53,0.7247,809.42,413.22,0.6500,781.16,410.08,0.6094,819.73,452.68,0.7148,756.05,441.92,0.6107,814.35,484.53,0.7806,729.59,467.03,0.7200
702,bottom,0,940.77,614.36,1079.59,861.15,1009.58,635.93,0.7453,1011.99,631.71,0.4679,1010.78,631.11,0.5062,1000.54,638.94,0.6867,1019.22,638.94,0.7396,983.67,668.46,0.8206,1035.48,668.46,0.8544,965.59,702.81,0.8039,1053.56,704.62,0.8167,949.93,728.72,0.7826,1065.01,726.31,0.7636,1001.74,743.18,0.7076,1033.07,737.75,0.7299,971.62,790.77,0.8151,1049.94,749.80,0.6423,985.47,842.59,0.7981,1057.78,803.43,0.7456
703,top,1,729.94,343.34,860.66,499.59,811.47,360.19,0.6847,814.45,356.36,0.6643,807.22,356.36,0.6502,819.13,358.06,0.7444,800.83,357.64,0.7303,830.19,374.23,0.6952,788.92,369.98,0.6760,854.02,388.70,0.7969,776.58,383.60,0.7730,848.49,408.70,0.7561,780.41,404.02,0.7304,817.43,413.81,0.6108,790.20,409.55,0.6057,822.53,454.23,0.6433,766.79,441.46,0.6392,814.88,484.01,0.7677,745.52,466.57,0.7524
703,bottom,0,952.87,614.18,1104.58,861.19,1026.31,634.56,0.7947,1029.33,630.34,0.5027,1025.10,630.34,0.5355,1017.27,637.58,0.6870,1035.36,637.58,0.7435,998.57,665.92,0.8196,1049.83,668.33,0.8136,979.27,698.49,0.7797,1066.72,703.92,0.7658,962.39,720.80,0.7867,1078.78,726.23,0.7428,1013.04,740.10,0.7023,1042.59,735.27,0.6860,981.08,788.34,0.8050,1069.13,751.56,0.7004,985.30,842.02,0.8767,1082.40,802.82,0.7835
704,top,1,750.85,339.26,868.70,500.22,818.81,355.29,0.6573,822.35,351.76,0.6442,815.28,351.36,0.6398,827.07,354.11,0.6943,808.99,353.72,0.7183,837.68,370.23,0.6610,797.99,365.90,0.6330,862.04,382.02,0.8224,782.66,378.09,0.7568,858.11,404.81,0.7256,788.16,400.88,0.7163,826.28,413.06,0.5712,800.34,408.74,0.5868,824.71,453.54,0.6235,778.73,441.35,0.6607,815.28,483.40,0.6856,761.83,471.22,0.7137
704,bottom,0,959.38,612.36,1130.37,861.14,1044.87,633.50,0.7906,1047.30,629.24,0.5185,1044.87,629.85,0.5484,1035.15,636.53,0.7232,1052.16,637.14,0.7511,1015.11,662.65,0.8479,1065.52,669.33,0.8280,995.07,693.63,0.7965,1080.71,704.56,0.7827,975.03,717.92,0.8104,1092.86,725.82,0.7550,1023.61,736.75,0.7422,1053.98,733.71,0.7181,992.03,787.77,0.8086,1084.96,748.90,0.7574,987.17,841.82,0.8648,1108.65,794.45,0.8262
705,top,1,770.40,333.75,873.88,493.43,827.99,352.38,0.6840,831.89,348.87,0.6494,824.09,348.48,0.6179,835.40,350.04,0.7009,816.68,348.87,0.7336,846.70,364.08,0.6589,804.99,361.74,0.6714,867.75,375.38,0.7750,788.22,373.44,0.7925,868.14,400.34,0.7126,794.85,397.22,0.7340,835.40,412.81,0.5427,810.44,409.30,0.5710,830.72,451.80,0.6329,792.51,441.66,0.6484,817.85,479.87,0.6832,780.42,471.68,0.7139
705,bottom,0,959.54,612.71,1144.19,859.47,1065.12,633.68,0.8504,1064.52,630.06,0.5760,1066.93,630.06,0.5086,1053.67,636.09,0.6926,1071.14,637.89,0.7213,1031.98,661.39,0.8208,1081.99,672.23,0.8724,1009.69,690.91,0.7936,1097.05,707.77,0.8099,986.20,717.41,0.8539,1107.89,727.65,0.7797,1036.80,736.09,0.7467,1065.12,733.68,0.7291,1004.88,786.09,0.8081,1098.85,755.37,0.7819,990.42,837.90,0.8882,1129.58,788.50,0.8468
706,top,1,788.72,330.21,886.44,501.63,836.32,349.38,0.7486,839.67,345.19,0.7078,832.56,344.77,0.6789,843.44,346.87,0.6758,824.19,345.61,0.7685,853.48,361.10,0.6469,811.21,359.00,0.7186,873.57,374.49,0.7942,795.31,374.07,0.8053,877.76,402.53,0.7138,800.75,397.51,0.7693,844.28,410.48,0.5509,820.42,407.55,0.5740,839.25,449.40,0.6265,804.93,441.87,0.6448,827.12,478.28,0.6732,799.91,474.10,0.7039
706,bottom,0,960.61,615.91,1157.36,855.50,1082.68,636.43,0.8565,1082.04,633.23,0.5736,1085.89,633.23,0.6055,1071.16,638.99,0.7227,1087.81,640.91,0.7879,1050.02,662.05,0.8539,1098.06,674.86,0.8693,1025.04,692.15,0.7853,1112.15,710.72,0.8102,997.50,719.05,0.8702,1123.04,728.66,0.7636,1050.02,735.06,0.7513,1078.20,734.42,0.7545,1019.28,783.74,0.8169,1110.87,759.40,0.8084,994.30,833.70,0.8536,1140.97,792.07,0.8437
707,top,1,797.87,325.29,898.37,506.24,844.58,348.62,0.7651,848.12,344.64,0.7360,841.05,344.64,0.7011,851.65,346.41,0.7192,832.66,345.08,0.7766,862.70,360.99,0.6707,818.08,360.10,0.7108,880.37,378.22,0.7564,802.17,377.33,0.8158,887.43,404.72,0.7408,807.92,400.30,0.7863,853.42,411.35,0.5783,830.01,408.70,0.6052,847.68,449.34,0.6286,816.31,445.81,0.6680,840.61,475.85,0.6092,818.08,480.26,0.7403
707,bottom,0,966.64,621.14,1173.74,850.98,1100.53,641.00,0.9483,1101.20,638.31,0.6476,1101.88,638.98,0.6772,1089.07,642.35,0.7175,1105.25,645.05,0.8251,1066.82,664.60,0.8461,1114.01,678.76,0.8908,1040.53,693.59,0.8064,1126.82,714.49,0.8465,1009.52,721.23,0.8798,1138.96,732.01,0.7723,1062.78,734.71,0.7731,1091.09,734.04,0.7818,1029.07,784.60,0.8442,1123.45,756.96,0.8252,1000.76,831.11,0.8778,1150.42,789.99,0.8700
708,top,1,806.49,331.73,908.64,508.82,854.11,351.10,0.7333,858.00,347.64,0.7096,850.65,346.78,0.6778,861.46,349.37,0.6907,842.43,347.21,0.7627,871.83,364.07,0.6743,827.30,361.05,0.7278,886.97,385.26,0.7171,811.30,382.23,0.7910,897.77,412.50,0.7306,816.06,407.31,0.7634,862.75,410.34,0.5763,837.25,409.47,0.6070,859.30,448.81,0.6481,828.17,447.08,0.6760,858.43,482.97,0.5586,835.08,486.43,0.7308
708,bottom,0,974.02,628.40,1174.51,850.56,1117.34,648.76,0.9740,1118.65,645.50,0.6134,1118.65,646.15,0.7304,1105.60,650.07,0.7601,1121.91,652.68,0.8189,1083.41,669.65,0.8110,1128.44,685.31,0.8787,1052.08,697.06,0.7680,1140.84,717.94,0.7930,1020.10,723.16,0.8215,1153.24,734.91,0.7371,1075.57,734.91,0.7652,1104.29,734.91,0.7642,1039.68,785.16,0.7904,1132.35,744.05,0.7609,1009.00,830.20,0.8428,1153.89,787.77,0.8791
709,top,1,815.33,332.40,916.74,514.83,864.26,354.58,0.7571,867.37,350.57,0.7393,860.25,350.57,0.7240,870.49,351.91,0.6607,850.89,351.02,0.7994,879.40,368.39,0.6711,835.75,366.16,0.7154,893.65,391.99,0.7013,820.16,389.32,0.7949,905.68,416.49,0.7050,824.62,414.71,0.7587,871.83,412.93,0.6078,845.55,412.93,0.6190,872.27,452.57,0.6903,837.53,450.34,0.7004,879.40,493.54,0.6432,847.78,489.54,0.7077
709,bottom,0,985.51,637.28,1179.57,845.58,1131.82,656.15,0.9678,1133.08,652.99,0.5780,1133.71,654.25,0.6724,1120.44,656.15,0.8171,1137.50,659.94,0.8358,1097.07,673.83,0.8128,1140.03,690.26,0.8724,1064.22,697.84,0.7408,1153.29,721.21,0.7797,1031.37,723.11,0.8050,1167.19,734.48,0.7472,1085.70,731.95,0.7475,1114.76,732.58,0.7266,1049.69,785.02,0.7551,1140.03,738.90,0.7420,1018.74,827.98,0.8373,1153.29,788.18,0.8421
710,top,1,823.55,338.79,921.31,517.19,874.17,359.61,0.7469,877.66,356.13,0.7587,870.69,355.69,0.7453,880.71,358.31,0.7523,862.41,356.13,0.8128,888.98,376.16,0.6816,846.30,371.81,0.7270,900.74,399.68,0.7244,829.75,396.63,0.7935,912.50,423.20,0.7046,833.67,421.02,0.7646,881.58,414.93,0.6166,855.44,414.93,0.6076,887.67,454.13,0.6076,847.17,453.25,0.6864,897.26,493.76,0.5473,860.24,492.45,0.6870
710,bottom,0,995.46,644.75,1192.91,845.00,1144.96,663.25,0.9311,1146.25,660.03,0.5747,1146.25,661.96,0.6866,1132.75,663.25,0.8163,1148.18,666.46,0.8592,1109.61,676.10,0.8246,1148.82,696.03,0.8752,1074.26,698.60,0.7307,1164.89,726.24,0.7420,1040.19,722.38,0.7986,1179.03,732.02,0.6758,1092.26,730.09,0.7407,1119.89,732.02,0.6858,1056.91,783.44,0.7774,1146.25,735.88,0.7690,1027.34,827.15,0.8548,1153.32,789.23,0.8653
711,top,1,833.05,349.57,930.27,518.21,883.31,368.42,0.6581,887.42,365.95,0.6058,880.84,364.72,0.5922,889.89,368.42,0.6698,873.01,364.72,0.6835,897.30,382.01,0.6925,855.72,377.48,0.7435,907.19,405.48,0.7084,839.25,404.24,0.7831,918.71,427.71,0.7136,843.78,426.89,0.7554,891.13,418.65,0.6382,863.54,419.89,0.6338,902.25,461.47,0.6652,856.13,459.83,0.7216,917.89,498.12,0.7480,869.31,498.53,0.7171
711,bottom,0,1001.11,650.45,1200.82,844.62,1151.68,668.22,0.9470,1153.63,665.62,0.6021,1153.63,666.92,0.6735,1141.92,668.22,0.8545,1156.23,672.77,0.8874,1117.22,677.98,0.8039,1156.88,701.38,0.8460,1082.11,697.48,0.7092,1173.78,732.58,0.7597,1047.66,718.28,0.7642,1188.08,728.03,0.6583,1097.72,727.38,0.7001,1126.32,730.63,0.6455,1063.26,778.09,0.7636,1151.68,736.48,0.7251,1035.96,824.90,0.8129,1153.63,788.49,0.8299
712,top,1,841.68,357.43,948.49,520.42,894.29,374.46,0.7009,897.87,371.28,0.6656,891.11,370.48,0.6367,900.66,374.46,0.6962,882.35,371.67,0.7174,907.42,390.77,0.6657,865.24,384.81,0.7435,915.78,409.87,0.6790,847.73,409.48,0.7478,924.93,429.77,0.6950,852.91,430.96,0.7653,900.66,425.00,0.6038,872.40,426.19,0.6289,914.58,466.78,0.6599,863.25,465.19,0.6458,934.08,499.80,0.7032,870.81,499.41,0.7453
712,bottom,0,1027.15,651.80,1201.97,840.94,1156.10,670.12,0.9593,1159.52,668.41,0.6208,1156.67,669.55,0.6536,1147.57,670.69,0.8139,1161.23,675.81,0.8554,1123.10,677.51,0.7385,1161.79,702.55,0.8153,1086.11,693.45,0.7306,1177.73,735.56,0.8053,1052.53,713.37,0.7583,1189.11,730.44,0.7118,1100.90,723.04,0.6542,1129.93,728.16,0.5624,1068.47,774.26,0.7287,1153.83,736.13,0.6958,1044.00,823.20,0.8156,1154.97,787.91,0.8285
713,top,1,850.57,362.62,952.02,515.84,905.41,379.37,0.6666,909.15,376.01,0.6641,902.42,374.89,0.6205,912.14,378.63,0.6783,894.19,375.63,0.7027,918.88,396.58,0.6632,877.35,390.22,0.7070,926.73,414.91,0.5986,856.78,412.67,0.7298,933.47,430.63,0.6040,861.64,431.37,0.7515,911.39,432.12,0.5789,883.71,432.87,0.5834,928.60,471.40,0.6458,867.25,468.03,0.6267,948.43,505.07,0.5227,870.99,499.08,0.7611
713,bottom,0,1030.09,648.87,1201.97,840.64,1159.12,667.54,0.9553,1161.91,665.86,0.6037,1160.23,666.98,0.6471,1150.16,668.10,0.8096,1164.71,673.14,0.8284,1124.98,674.26,0.7431,1165.27,699.99,0.8156,1088.62,689.36,0.7089,1180.94,737.48,0.7604,1054.48,708.39,0.7339,1189.89,733.01,0.6886,1103.16,716.22,0.6386,1132.82,722.93,0.5525,1073.51,770.49,0.7207,1155.20,736.36,0.6879,1051.69,821.97,0.8345,1155.76,787.84,0.8161
714,top,1,855.16,366.69,972.94,528.69,919.19,383.62,0.6596,923.15,379.66,0.6586,916.03,378.87,0.6389,926.31,382.43,0.6552,908.12,379.66,0.7143,932.64,399.83,0.6583,891.51,393.90,0.6718,940.95,418.42,0.6012,867.38,412.89,0.7163,947.27,434.64,0.5640,866.99,429.50,0.7418,921.17,437.01,0.5799,893.09,437.80,0.5903,942.13,475.38,0.6202,876.48,470.63,0.6069,959.93,509.79,0.7117,872.52,499.50,0.7435
714,bottom,0,1027.98,642.50,1200.54,840.63,1159.20,661.24,0.9450,1161.44,659.55,0.6088,1160.88,660.12,0.6549,1150.77,661.80,0.8137,1164.81,667.42,0.8362,1126.06,667.98,0.7527,1165.94,695.51,0.8133,1090.10,684.27,0.7089,1182.23,736.51,0.7311,1055.28,703.93,0.7276,1190.65,735.39,0.6783,1103.59,709.55,0.6147,1132.80,716.29,0.5649,1076.62,765.16,0.7438,1154.70,735.39,0.7072,1059.77,819.65,0.8322,1155.27,787.63,0.8170
715,top,1,856.06,368.12,982.07,540.86,935.93,385.33,0.7250,938.89,381.53,0.7181,932.14,381.11,0.6942,941.84,384.91,0.7228,922.86,382.80,0.7894,946.90,403.04,0.7118,907.26,396.29,0.6378,955.33,422.02,0.6828,881.11,410.21,0.6897,963.35,439.73,0.6728,871.41,426.24,0.7446,931.72,442.26,0.6166,904.30,442.68,0.5920,954.49,478.53,0.6948,891.23,474.74,0.6056,967.56,517.75,0.7595,876.05,499.20,0.6938
715,bottom,0,1038.32,635.74,1199.38,838.91,1158.70,652.91,0.9153,1160.79,650.82,0.5841,1159.75,650.82,0.6162,1149.78,652.39,0.7559,1163.94,659.20,0.8061,1125.67,661.83,0.7219,1166.04,687.52,0.8146,1089.49,678.08,0.6993,1178.62,728.41,0.6435,1055.94,697.48,0.7565,1187.53,744.66,0.7674,1103.65,703.24,0.6089,1133.01,709.01,0.5782,1079.53,760.39,0.7286,1152.93,733.65,0.6974,1065.90,815.44,0.8377,1154.50,786.61,0.8082
716,top,1,860.48,372.19,992.76,541.09,951.16,391.19,0.8632,954.61,386.89,0.7767,947.29,386.45,0.7638,956.76,389.90,0.7116,938.24,387.75,0.8434,960.20,408.84,0.8032,922.74,400.66,0.6912,971.40,430.80,0.7328,894.76,411.00,0.6740,983.02,453.19,0.6987,872.37,424.78,0.7723,943.84,446.30,0.7391,916.72,445.87,0.6673,967.52,481.61,0.7729,901.21,480.75,0.6261,973.55,524.24,0.8602,884.42,499.27,0.6047
716,bottom,0,1038.56,625.43,1195.87,834.09,1157.15,643.22,0.9486,1158.69,641.69,0.6007,1157.67,641.18,0.6253,1147.94,642.71,0.7066,1162.79,648.86,0.8153,1124.38,653.47,0.7407,1164.83,679.07,0.8393,1088.54,672.41,0.6897,1175.08,721.57,0.6813,1058.32,692.38,0.7337,1183.78,750.25,0.8095,1102.87,698.53,0.6148,1132.57,703.65,0.5713,1080.34,756.39,0.7397,1152.03,733.35,0.6674,1068.57,812.21,0.8422,1154.08,787.63,0.7988
717,top,1,859.55,378.39,1007.01,539.52,965.44,396.07,0.8612,969.28,391.75,0.7644,961.60,391.27,0.8608,971.68,395.11,0.6954,952.48,393.19,0.8732,974.08,415.27,0.8191,937.12,406.15,0.7074,984.16,439.27,0.8004,906.88,411.91,0.6883,997.60,461.83,0.7503,878.55,420.07,0.7855,952.00,450.79,0.7741,927.52,450.79,0.7156,978.40,483.92,0.8298,914.08,489.20,0.6342,975.04,525.68,0.8658,897.28,503.12,0.6371
717,bottom,0,1040.13,615.86,1183.77,836.66,1154.53,633.00,0.9313,1156.15,631.38,0.6029,1155.61,631.38,0.6234,1144.83,633.00,0.7100,1161.00,638.39,0.7970,1120.57,645.94,0.7358,1164.24,670.73,0.8241,1089.31,665.34,0.6729,1171.25,714.94,0.6895,1059.66,686.37,0.7059,1177.71,750.52,0.7228,1103.32,693.37,0.5976,1131.89,699.30,0.5855,1080.68,753.75,0.7241,1150.22,733.80,0.6540,1069.90,810.35,0.8654,1154.00,786.63,0.7596
718,top,1,861.59,381.59,1017.26,539.75,976.92,399.86,0.8274,980.47,395.81,0.7729,973.37,395.81,0.8226,983.00,399.86,0.7423,964.25,396.82,0.8825,984.52,419.12,0.8328,948.54,410.00,0.6827,998.21,446.99,0.7591,916.11,414.05,0.5972,1012.39,474.35,0.7419,885.20,417.60,0.7091,960.71,455.10,0.7674,936.89,456.11,0.6996,984.52,489.05,0.7526,927.26,497.66,0.6346,975.40,526.04,0.8472,921.69,499.18,0.6238
718,bottom,0,1040.06,605.93,1177.68,831.27,1150.13,624.53,0.9018,1151.78,622.88,0.5690,1152.33,622.88,0.6037,1140.23,624.53,0.7477,1156.73,630.03,0.7892,1116.02,639.38,0.7462,1160.58,661.39,0.8246,1087.41,661.39,0.7029,1167.18,708.15,0.6864,1059.91,682.84,0.7279,1171.58,747.76,0.6994,1102.27,690.54,0.6055,1130.87,695.49,0.6127,1080.81,752.16,0.7378,1148.48,734.00,0.7167,1070.36,808.82,0.8916,1153.43,787.37,0.8025
719,top,4,870.17,383.75,1022.74,543.57,985.69,401.58,0.8477,989.16,397.11,0.7895,982.21,397.11,0.8144,992.14,401.08,0.7482,973.77,399.10,0.8934,995.62,422.44,0.7968,955.89,412.51,0.6736,1008.03,450.75,0.6808,923.61,412.51,0.5415,1020.95,477.56,0.6363,892.82,414.49,0.5881,967.81,457.70,0.7640,945.46,459.19,0.6782,989.66,494.45,0.7597,943.97,502.40,0.5981,975.26,526.73,0.8240,937.02,502.40,0.5890
719,bottom,0,1040.59,598.22,1174.30,828.12,1144.49,616.63,0.8950,1146.17,614.38,0.5301,1146.73,614.38,0.5597,1134.94,616.63,0.7163,1152.90,621.12,0.7833,1111.93,634.03,0.7536,1157.40,653.67,0.8148,1086.67,657.04,0.7003,1162.45,700.82,0.6826,1059.17,682.30,0.7293,1163.57,741.79,0.7233,1100.71,690.72,0.6094,1128.77,695.21,0.6286,1079.94,751.34,0.7426,1147.85,735.06,0.7115,1070.40,808.59,0.8740,1152.90,788.38,0.8414
720,top,3,881.36,383.41,1034.45,544.65,992.79,399.74,0.8959,995.78,395.76,0.8340,988.80,395.76,0.9012,999.27,399.74,0.7376,980.83,398.25,0.8857,1004.75,422.17,0.8380,965.38,411.70,0.6848,1016.21,451.07,0.7464,933.99,409.71,0.6474,1029.67,480.48,0.7519,903.59,409.71,0.7457,977.34,459.55,0.7484,955.91,460.54,0.6822,992.29,500.41,0.7731,963.89,502.90,0.6330,975.85,525.83,0.7971,952.92,509.38,0.6787
720,bottom,0,1041.50,590.03,1172.50,828.34,1139.00,609.70,0.9533,1140.16,607.37,0.5684,1140.16,607.37,0.5781,1128.53,611.44,0.7580,1147.73,613.77,0.8323,1106.42,629.48,0.8019,1153.54,648.68,0.8231,1083.73,656.82,0.7282,1157.03,693.48,0.7193,1058.13,682.42,0.7619,1157.03,733.04,0.7399,1098.27,691.15,0.6386,1126.78,694.06,0.6546,1077.91,750.49,0.7788,1145.40,735.95,0.7467,1069.76,809.26,0.8920,1152.96,788.31,0.8779
721,top,1,889.46,381.51,1040.39,544.69,997.35,397.26,0.9130,1001.28,393.33,0.8392,993.42,393.33,0.9329,1004.72,397.26,0.7758,985.56,396.28,0.8759,1011.60,419.37,0.8259,971.80,410.04,0.6727,1023.39,448.85,0.7236,943.30,407.58,0.6470,1035.18,478.82,0.7181,913.83,409.55,0.7077,988.02,463.10,0.7171,966.40,462.61,0.6681,995.88,504.37,0.7709,978.68,501.42,0.6175,978.19,522.55,0.7063,971.31,521.08,0.5514
721,bottom,0,1039.58,584.17,1172.86,827.78,1132.39,603.09,0.9605,1132.39,600.71,0.5822,1132.39,600.71,0.5998,1121.68,605.47,0.7460,1141.90,606.66,0.8356,1101.46,625.69,0.8113,1149.04,641.15,0.8004,1082.43,654.83,0.7279,1151.42,685.76,0.7013,1056.85,683.97,0.7843,1151.42,724.41,0.7171,1096.11,690.51,0.6579,1124.06,693.49,0.6619,1075.89,750.58,0.7851,1143.69,737.50,0.7511,1069.34,810.65,0.8732,1152.61,788.65,0.8681
722,top,1,901.91,379.20,1045.63,557.27,1002.78,396.18,0.9125,1006.05,392.44,0.8634,998.57,392.44,0.8862,1009.33,395.72,0.7957,991.08,394.78,0.8907,1017.75,417.24,0.8070,977.05,407.41,0.6819,1028.98,446.71,0.7415,950.84,406.95,0.6519,1039.74,475.72,0.6985,924.18,413.50,0.7132,997.16,463.56,0.7082,977.51,461.69,0.6637,1000.44,505.67,0.7200,989.21,498.65,0.6685,982.19,521.10,0.6438,990.15,532.33,0.5804
722,bottom,0,1037.83,580.19,1176.46,831.57,1126.17,598.48,0.8663,1124.94,595.41,0.5752,1128.01,596.02,0.5477,1115.12,600.93,0.7761,1134.76,602.16,0.7868,1096.10,623.03,0.7960,1144.58,637.14,0.8120,1078.30,655.55,0.7349,1145.81,680.10,0.6975,1055.59,685.63,0.7787,1144.58,717.54,0.6447,1093.64,689.92,0.6309,1121.26,692.99,0.6270,1073.39,750.68,0.7633,1140.90,737.18,0.7483,1069.71,810.82,0.8635,1153.17,788.12,0.8436
723,top,1,921.12,379.63,1051.51,544.52,1008.38,393.74,0.8921,1011.35,390.34,0.8501,1004.14,389.92,0.8225,1014.75,393.74,0.7759,996.07,393.32,0.8698,1023.66,415.39,0.8259,981.22,406.90,0.6935,1034.70,445.52,0.7210,957.88,411.14,0.6401,1044.88,475.23,0.6516,934.96,421.33,0.7022,1007.53,465.04,0.6872,987.59,464.19,0.6650,1005.84,508.34,0.6888,999.89,501.97,0.6728,988.86,515.13,0.7398,1009.66,540.17,0.7858
723,bottom,0,1036.75,575.52,1174.44,832.51,1119.40,594.84,0.8286,1118.77,591.70,0.5822,1120.65,592.33,0.5106,1108.11,596.72,0.7565,1127.56,597.98,0.7347,1089.91,619.94,0.7968,1138.85,633.11,0.8308,1074.22,656.33,0.7556,1140.10,676.41,0.7282,1053.52,687.70,0.7974,1140.10,714.68,0.6825,1089.91,689.58,0.6374,1117.52,692.09,0.6258,1071.09,749.81,0.7738,1136.34,737.89,0.7360,1071.09,810.67,0.8482,1152.65,788.09,0.8242
724,top,1,946.16,379.13,1057.55,571.98,1014.10,395.04,0.8291,1016.92,391.28,0.8618,1009.86,391.28,0.8082,1020.22,395.51,0.7367,1001.39,393.63,0.8784,1030.58,416.23,0.8020,986.79,409.64,0.7076,1041.41,446.83,0.7342,963.25,418.58,0.5552,1051.76,476.97,0.6731,954.30,423.76,0.4222,1017.86,466.14,0.6337,997.62,465.19,0.6268,1014.10,505.69,0.6114,1010.33,505.69,0.6679,997.15,510.86,0.7478,1024.93,548.53,0.7591
724,bottom,0,1034.76,571.36,1173.18,832.26,1111.62,592.25,0.8391,1112.25,588.43,0.5876,1110.98,589.06,0.5391,1100.15,593.52,0.7702,1119.26,595.43,0.7541,1082.95,619.00,0.7747,1132.00,630.47,0.8120,1069.57,656.58,0.7545,1134.55,673.78,0.7167,1049.83,690.98,0.7893,1136.46,712.00,0.6876,1086.77,690.34,0.6284,1114.80,691.62,0.6244,1068.94,750.22,0.7713,1131.36,738.12,0.7103,1070.21,812.01,0.8338,1153.02,787.80,0.7897
725,top,1,972.60,382.02,1066.63,583.47,1019.12,399.14,0.8529,1022.57,395.20,0.7937,1015.19,395.20,0.7962,1026.50,399.63,0.7325,1007.32,398.16,0.8885,1036.83,419.79,0.7907,992.57,413.89,0.7898,1048.14,449.79,0.7421,978.30,423.24,0.6280,1058.47,479.30,0.6790,982.24,423.24,0.4167,1027.48,469.96,0.5953,1006.83,468.48,0.6083,1026.01,516.19,0.5273,1024.53,519.14,0.6662,1004.37,508.32,0.7073,1040.76,560.94,0.7466
725,bottom,0,1033.82,569.34,1169.27,831.78,1103.47,589.71,0.8416,1104.75,585.87,0.5764,1101.55,586.51,0.5871,1092.58,590.35,0.7791,1112.44,592.27,0.7712,1076.56,618.54,0.7894,1125.89,626.87,0.8017,1064.38,657.63,0.7870,1130.38,670.44,0.7184,1046.44,692.23,0.7917,1132.94,708.89,0.6633,1082.96,690.31,0.6332,1111.16,690.95,0.6310,1066.95,750.53,0.7775,1127.18,739.00,0.6837,1069.51,812.68,0.8425,1150.24,787.06,0.7774
726,top,1,991.55,388.13,1071.63,586.26,1025.78,404.48,0.8927,1028.69,400.61,0.8430,1021.43,400.61,0.8259,1032.56,404.96,0.7980,1013.69,403.51,0.9018,1043.68,425.28,0.8278,999.18,423.83,0.8382,1054.81,455.27,0.7558,995.31,435.43,0.5200,1065.45,483.81,0.6428,1000.15,456.23,0.3585,1037.39,478.00,0.6566,1016.11,478.00,0.6792,1039.81,523.96,0.6485,1033.52,525.89,0.7141,1017.08,512.35,0.6392,1051.91,568.46,0.7677
726,bottom,0,1031.38,566.69,1168.31,831.59,1095.97,587.26,0.8530,1097.26,584.03,0.5535,1095.32,584.03,0.6154,1086.26,588.55,0.7515,1105.67,589.85,0.7666,1070.74,617.66,0.8232,1119.25,624.12,0.8106,1059.75,657.75,0.7924,1125.71,667.45,0.7465,1043.58,693.32,0.7720,1130.24,706.26,0.6895,1079.80,690.73,0.6545,1106.96,690.73,0.6543,1066.22,750.23,0.7800,1120.54,737.30,0.6631,1069.45,812.32,0.8377,1145.12,785.16,0.7348
727,top,1,996.91,394.47,1081.93,594.55,1032.58,411.96,0.8759,1035.52,408.05,0.8488,1028.19,408.05,0.8376,1039.42,411.96,0.8388,1019.88,410.98,0.9382,1050.66,433.45,0.7949,1006.21,432.47,0.8134,1062.87,463.25,0.7543,1003.76,456.90,0.5856,1073.13,493.04,0.6413,1006.70,478.39,0.3948,1046.26,485.72,0.6791,1024.28,487.67,0.6970,1055.05,532.12,0.6900,1041.38,532.61,0.7166,1047.24,522.35,0.3909,1062.38,575.11,0.7762
727,bottom,0,1030.55,564.47,1145.78,830.78,1090.76,585.80,0.8490,1092.71,581.90,0.5842,1090.76,582.55,0.5654,1080.36,587.10,0.7730,1099.87,588.40,0.8142,1065.41,617.01,0.8203,1114.82,621.56,0.8304,1055.01,656.67,0.8052,1122.62,666.42,0.7819,1040.70,692.42,0.7539,1127.17,704.13,0.7180,1076.46,689.17,0.6794,1103.77,689.82,0.6778,1065.41,750.94,0.7946,1114.17,735.98,0.7155,1069.31,812.05,0.8403,1136.92,782.14,0.7515
728,top,1,1004.95,400.04,1089.07,591.40,1038.60,417.70,0.9010,1041.40,413.49,0.8337,1034.39,413.49,0.8866,1045.61,418.16,0.8021,1026.45,416.76,0.8648,1056.82,438.72,0.7641,1013.84,440.12,0.8020,1070.37,466.75,0.7131,1011.03,464.88,0.7000,1081.58,497.59,0.6306,1006.83,491.98,0.6611,1054.48,492.45,0.6577,1031.12,493.85,0.6806,1065.70,540.57,0.7645,1045.61,535.90,0.7273,1054.02,532.63,0.4910,1063.83,575.14,0.7863
728,bottom,0,1028.11,561.51,1135.62,830.49,1085.80,583.71,0.8205,1086.46,580.42,0.5687,1086.46,581.08,0.5404,1074.64,585.02,0.8065,1094.34,586.33,0.8053,1061.51,615.88,0.8289,1110.10,619.17,0.8338,1051.00,656.60,0.8188,1118.64,663.17,0.8093,1037.87,692.06,0.7678,1124.55,701.91,0.7306,1074.64,688.78,0.6801,1101.56,688.12,0.6981,1066.10,750.50,0.8075,1108.13,734.74,0.7699,1069.39,811.58,0.8615,1125.86,782.68,0.7908
729,top,1,1010.10,403.87,1093.57,586.03,1044.72,421.12,0.8619,1047.83,417.12,0.8258,1040.27,417.12,0.8224,1052.28,421.12,0.8207,1033.16,420.23,0.8535,1063.84,442.92,0.7556,1020.26,443.36,0.7933,1075.41,470.05,0.6784,1017.59,463.37,0.6662,1087.41,500.29,0.6325,1014.92,485.61,0.6160,1062.06,499.40,0.6526,1036.71,501.62,0.6643,1071.40,542.98,0.7494,1049.17,545.21,0.6625,1062.95,543.43,0.4842,1063.84,575.89,0.7018
729,bottom,0,1027.15,560.64,1129.92,830.35,1080.51,583.56,0.8089,1079.85,580.26,0.5505,1081.83,580.26,0.5496,1069.97,584.87,0.8285,1090.39,585.53,0.8233,1057.46,615.82,0.8303,1106.85,617.80,0.8337,1047.59,656.65,0.8019,1116.73,661.26,0.8084,1035.08,690.23,0.7515,1122.65,699.45,0.7349,1073.27,688.91,0.6935,1100.92,688.25,0.7056,1066.02,750.15,0.8047,1102.24,732.37,0.7467,1069.32,811.39,0.8617,1112.78,783.73,0.7587
730,top,1,1014.60,405.63,1098.95,576.38,1051.36,421.81,0.8273,1054.69,418.47,0.7871,1047.19,418.05,0.7720,1059.28,422.22,0.7528,1039.27,421.39,0.7700,1070.12,444.73,0.7111,1027.18,443.90,0.7376,1082.21,472.66,0.6683,1021.76,463.49,0.6721,1092.63,501.01,0.6645,1018.42,485.17,0.5854,1067.20,499.76,0.6205,1041.35,502.68,0.6015,1075.95,541.03,0.6918,1049.69,551.87,0.6798,1075.95,558.96,0.4610,1064.70,577.30,0.6062
730,bottom,0,1024.97,559.46,1128.33,831.43,1076.65,583.89,0.7694,1073.99,580.57,0.5142,1078.64,580.57,0.5014,1066.69,585.88,0.8084,1086.61,586.55,0.8090,1054.07,615.76,0.8331,1103.21,616.43,0.8303,1045.44,656.27,0.8093,1114.50,658.26,0.8203,1032.82,688.81,0.7662,1120.47,696.11,0.7483,1072.00,690.13,0.6884,1098.56,688.81,0.7017,1065.36,751.22,0.7995,1095.24,733.29,0.7292,1069.34,811.65,0.8492,1100.55,785.09,0.7578
731,top,1,1015.39,404.40,1102.04,589.00,1058.26,423.24,0.8374,1061.87,419.18,0.7538,1054.21,419.18,0.7373,1065.93,423.69,0.7431,1045.64,421.88,0.7753,1074.49,445.32,0.7888,1032.57,443.52,0.8232,1086.66,472.81,0.7361,1024.46,459.74,0.7112,1096.57,498.95,0.6866,1019.50,474.62,0.7111,1071.33,495.35,0.6696,1045.64,499.86,0.6397,1079.90,540.42,0.7312,1051.05,556.64,0.7589,1084.85,574.67,0.6865,1063.22,575.57,0.5993
731,bottom,0,1020.79,564.11,1128.53,830.64,1074.01,584.15,0.7530,1073.36,580.90,0.5066,1074.01,580.25,0.5005,1064.25,586.10,0.7442,1084.43,585.45,0.7570,1052.54,616.69,0.8127,1101.34,616.04,0.8072,1043.43,656.38,0.7931,1112.41,657.03,0.7945,1030.42,686.31,0.7599,1118.91,693.47,0.7466,1072.06,688.91,0.6648,1097.44,687.61,0.6655,1061.65,750.08,0.7779,1088.98,735.11,0.7261,1069.46,810.60,0.8157,1094.84,787.82,0.7664
732,top,1,1014.51,405.51,1109.08,604.27,1065.68,424.82,0.8131,1069.07,420.45,0.7480,1062.28,420.45,0.6888,1072.47,424.34,0.7602,1053.06,423.37,0.7184,1080.24,446.17,0.8017,1038.50,443.75,0.8021,1090.91,473.83,0.7340,1028.31,459.28,0.7277,1100.62,499.55,0.6916,1022.49,468.01,0.7046,1076.35,493.73,0.7105,1050.63,497.13,0.6735,1086.06,541.77,0.7596,1051.61,557.30,0.7516,1094.79,585.44,0.7929,1064.22,579.62,0.5759
732,bottom,0,1018.83,566.84,1127.21,831.14,1069.80,585.42,0.7537,1069.15,583.48,0.5239,1068.51,582.19,0.5175,1062.05,588.65,0.7133,1080.12,587.36,0.7037,1050.44,618.33,0.7862,1096.25,616.39,0.7800,1041.40,657.04,0.7849,1110.45,656.40,0.7813,1027.85,686.08,0.7514,1116.90,691.24,0.7522,1072.38,690.60,0.6569,1096.25,689.31,0.6712,1054.95,749.96,0.7544,1085.28,733.19,0.7047,1069.80,809.33,0.7864,1094.96,787.39,0.7098
733,top,1,1011.70,408.97,1115.26,609.53,1072.30,426.98,0.8480,1076.22,423.56,0.7914,1069.36,422.58,0.7163,1079.64,427.47,0.7339,1059.57,425.52,0.7204,1086.50,449.02,0.7896,1044.88,446.08,0.7778,1096.78,477.42,0.7405,1030.68,460.77,0.7137,1105.59,502.39,0.6954,1021.37,466.16,0.7207,1082.58,496.52,0.7236,1055.16,499.94,0.6863,1093.35,547.44,0.7537,1052.22,559.19,0.7474,1101.19,593.47,0.7694,1063.48,585.14,0.4901
733,bottom,0,1016.84,565.98,1127.42,829.83,1067.62,586.46,0.8340,1067.62,584.53,0.5767,1065.69,582.60,0.5840,1059.24,589.68,0.7260,1076.64,588.40,0.7742,1048.29,618.67,0.8034,1092.10,616.09,0.8094,1039.28,657.96,0.7936,1108.20,656.03,0.8075,1025.75,685.66,0.7695,1115.93,688.88,0.7644,1070.84,690.82,0.6763,1094.03,688.88,0.6893,1048.94,750.08,0.7820,1083.08,732.69,0.7621,1067.62,808.05,0.8013,1094.67,788.08,0.7809
734,top,1,1004.98,413.01,1122.22,615.86,1079.94,431.24,0.8643,1083.41,427.27,0.8034,1075.98,426.78,0.7932,1086.88,431.24,0.7365,1066.57,428.76,0.7263,1092.32,453.03,0.7982,1051.71,448.57,0.7415,1100.25,481.75,0.7459,1034.38,462.93,0.7084,1110.65,505.52,0.7146,1018.53,465.41,0.7091,1087.87,501.07,0.7014,1060.13,504.04,0.6639,1098.76,551.58,0.7497,1052.70,560.49,0.7178,1108.17,599.62,0.7556,1060.13,589.22,0.3982
734,bottom,0,1015.03,564.91,1125.79,831.59,1064.55,584.96,0.8077,1065.20,583.01,0.5719,1062.60,581.06,0.5816,1056.74,588.22,0.6811,1072.36,586.92,0.7409,1045.02,618.82,0.8137,1087.99,614.91,0.8096,1037.21,657.88,0.8164,1105.57,654.63,0.8110,1024.18,683.28,0.7783,1114.03,685.88,0.7669,1067.16,689.79,0.6762,1090.59,687.83,0.7026,1042.41,748.38,0.7908,1080.83,732.11,0.7839,1063.25,805.68,0.7984,1094.50,786.80,0.8174
735,top,1,996.91,418.36,1128.05,621.56,1085.79,437.12,0.8727,1089.27,433.15,0.8402,1081.83,432.16,0.7999,1093.73,437.12,0.7789,1073.39,434.14,0.8459,1098.69,459.44,0.8069,1058.01,455.97,0.7345,1105.64,486.23,0.7473,1037.67,467.38,0.6674,1115.06,507.06,0.6867,1014.85,466.38,0.6511,1093.24,510.54,0.6631,1065.95,511.53,0.6341,1103.65,560.64,0.7179,1053.55,563.12,0.6250,1113.57,602.81,0.7478,1054.54,602.81,0.5092
735,bottom,0,1010.90,561.93,1121.62,828.55,1060.40,583.94,0.8211,1061.05,581.98,0.5691,1059.10,580.68,0.5761,1052.59,587.19,0.6928,1069.52,585.89,0.7614,1041.53,617.78,0.8157,1083.84,613.23,0.8107,1035.02,656.84,0.8237,1102.71,651.63,0.8172,1021.35,679.62,0.7748,1110.52,682.22,0.7668,1063.66,688.73,0.6876,1086.44,686.78,0.7153,1036.32,746.66,0.7974,1079.28,733.65,0.7890,1059.10,804.60,0.7937,1094.90,787.67,0.8420
736,top,1,997.15,424.98,1133.42,635.25,1093.00,445.41,0.9056,1096.60,440.79,0.8251,1089.41,440.28,0.8017,1100.70,444.90,0.7863,1079.66,441.31,0.8682,1105.32,465.95,0.8282,1064.77,464.41,0.7403,1110.46,489.56,0.7464,1042.18,473.65,0.6330,1120.21,508.56,0.6910,1014.46,469.54,0.6623,1099.16,523.96,0.6984,1072.47,522.93,0.6925,1107.89,570.67,0.7460,1055.53,569.13,0.6155,1117.64,612.77,0.7466,1061.18,607.12,0.3491
736,bottom,0,1010.25,560.04,1116.88,824.14,1057.12,582.48,0.7686,1058.41,580.54,0.5363,1056.47,578.61,0.5122,1049.38,586.35,0.6555,1067.44,584.41,0.7361,1038.42,617.30,0.7966,1080.33,611.49,0.7974,1031.33,656.63,0.8135,1098.38,650.18,0.7946,1017.79,679.19,0.7980,1107.41,681.13,0.7495,1059.05,686.93,0.6648,1082.91,685.00,0.6999,1030.68,744.32,0.7957,1076.46,732.71,0.7678,1051.32,801.70,0.7691,1092.58,785.58,0.8498
737,top,4,1002.17,432.81,1137.79,646.59,1100.25,454.62,0.9319,1103.38,450.45,0.8113,1096.60,449.40,0.8294,1107.04,454.62,0.8228,1086.68,452.01,0.8677,1111.21,476.54,0.8198,1072.07,474.46,0.7540,1119.04,496.90,0.6612,1046.49,479.67,0.6714,1123.22,503.68,0.5971,1018.83,473.93,0.7028,1103.91,535.52,0.7452,1077.81,533.43,0.7418,1113.30,581.97,0.7672,1057.45,577.80,0.5519,1120.09,626.86,0.7864,1045.45,619.55,0.3233
737,bottom,0,1006.67,562.19,1111.84,825.21,1050.91,582.61,0.7942,1051.55,580.04,0.5474,1049.62,578.76,0.5370,1043.84,585.82,0.6589,1061.18,584.54,0.6835,1032.93,616.00,0.7921,1075.95,611.51,0.7924,1027.15,656.46,0.8004,1094.57,649.39,0.7777,1013.66,680.86,0.7827,1102.92,680.86,0.7255,1055.40,686.64,0.6505,1080.45,684.07,0.6952,1024.58,743.79,0.7758,1073.38,732.87,0.7475,1043.20,801.58,0.7622,1090.08,784.24,0.8338
738,top,2,1010.59,445.53,1139.23,655.60,1106.71,464.92,0.8941,1110.30,460.81,0.8109,1102.61,460.30,0.8505,1113.89,464.92,0.7767,1093.38,462.86,0.8638,1117.48,484.92,0.7209,1079.02,484.92,0.6772,1126.20,496.20,0.5688,1051.32,486.46,0.5381,1121.07,492.10,0.4704,1024.14,481.33,0.5885,1108.76,546.98,0.7075,1082.09,545.44,0.6836,1121.58,586.47,0.7407,1058.50,586.98,0.4689,1125.69,634.68,0.7646,1034.40,624.93,0.3163
738,bottom,0,1002.82,563.04,1107.07,826.19,1045.95,584.75,0.8213,1045.95,582.18,0.5600,1044.02,581.54,0.5792,1038.88,587.97,0.6661,1055.59,586.04,0.6907,1027.96,620.09,0.8200,1071.01,613.02,0.8067,1022.18,661.21,0.7851,1090.28,652.86,0.7876,1009.97,685.62,0.7728,1098.63,684.34,0.7315,1051.73,688.19,0.6744,1077.43,685.62,0.7050,1019.61,746.01,0.8088,1069.08,731.88,0.7676,1032.46,803.84,0.8000,1087.07,783.92,0.8170
739,top,4,1062.23,453.98,1139.19,655.13,1112.99,474.02,0.8283,1116.92,471.07,0.8295,1109.06,469.60,0.7815,1120.85,475.49,0.7065,1100.22,471.56,0.8326,1123.30,494.64,0.6564,1087.45,493.66,0.6105,1124.78,512.32,0.5162,1086.96,502.99,0.3487,1122.81,491.70,0.4182,1112.50,492.68,0.2492,1112.50,554.06,0.6684,1086.47,553.08,0.6342,1124.29,584.02,0.7187,1063.88,589.91,0.5889,1125.76,634.60,0.7628,1078.61,589.42,0.4726
739,bottom,0,994.07,569.39,1102.53,830.11,1040.02,589.63,0.8336,1040.66,587.72,0.5689,1038.11,586.45,0.5854,1033.02,593.45,0.6633,1050.84,591.54,0.7157,1022.84,625.91,0.8039,1066.76,618.91,0.7753,1016.47,666.65,0.7705,1085.85,657.10,0.7520,1005.01,692.75,0.7426,1094.13,688.29,0.6940,1050.21,692.75,0.6590,1076.94,689.56,0.6990,1015.84,750.03,0.7989,1064.21,732.21,0.7439,1020.93,808.59,0.7894,1082.67,784.41,0.7907
740,top,3,1064.05,461.22,1138.48,655.33,1116.90,479.13,0.8032,1121.17,476.29,0.8220,1113.11,474.87,0.7827,1125.43,481.98,0.7677,1104.58,478.19,0.8110,1127.80,503.78,0.7350,1089.42,498.09,0.6915,1128.28,517.05,0.6029,1067.62,501.41,0.5077,1123.54,494.77,0.5633,1042.50,501.88,0.5829,1115.01,555.43,0.6772,1088.47,555.43,0.6629,1124.49,584.81,0.6824,1071.41,599.98,0.6819,1125.43,635.05,0.7556,1082.78,591.45,0.4288
740,bottom,0,977.74,578.39,1099.83,833.48,1034.43,598.19,0.8707,1035.67,595.70,0.5751,1031.94,595.08,0.5847,1027.58,601.93,0.6388,1043.15,600.06,0.7372,1016.37,634.31,0.8077,1061.83,626.22,0.7791,1010.76,674.80,0.7627,1081.14,664.83,0.7657,1000.17,704.07,0.7575,1089.85,695.35,0.7129,1046.88,700.33,0.6757,1074.91,696.59,0.7236,1011.38,755.76,0.7991,1061.21,733.96,0.7472,1010.14,814.30,0.8089,1079.27,786.27,0.8203
741,top,1,1033.38,462.97,1140.26,655.98,1118.39,480.78,0.8788,1122.63,477.48,0.7926,1114.62,476.54,0.8356,1127.35,483.61,0.8008,1106.61,479.37,0.8149,1129.70,505.75,0.7499,1091.06,498.21,0.7378,1132.06,519.42,0.7256,1073.63,505.75,0.6001,1125.46,495.86,0.6231,1050.07,511.88,0.7024,1115.57,555.23,0.7334,1089.65,555.23,0.6720,1125.46,585.86,0.7208,1075.98,601.41,0.6913,1125.93,635.81,0.8212,1089.65,592.46,0.4719
741,bottom,0,970.70,589.02,1092.95,839.59,1027.54,608.48,0.8591,1029.38,606.03,0.5549,1025.10,604.81,0.5731,1021.43,612.15,0.6115,1036.11,609.70,0.7140,1011.03,645.18,0.8034,1055.68,632.33,0.7892,1004.91,687.39,0.7618,1077.09,673.93,0.7542,993.29,717.37,0.7412,1084.44,703.91,0.7314,1045.28,707.58,0.6855,1071.59,704.52,0.7244,1007.97,763.86,0.7647,1057.52,741.84,0.7501,999.40,821.36,0.8236,1076.48,790.78,0.7905
742,top,1,1041.60,460.40,1144.27,655.50,1119.13,478.88,0.9427,1123.89,475.55,0.8894,1114.84,474.60,0.8985,1128.18,480.79,0.8299,1107.22,477.93,0.8604,1132.47,505.08,0.8067,1091.03,497.46,0.7289,1136.28,526.04,0.7882,1071.50,510.32,0.6323,1126.28,501.27,0.7006,1053.40,521.28,0.7292,1116.27,553.67,0.7181,1089.12,553.67,0.6710,1125.32,586.53,0.7101,1076.74,597.96,0.7100,1125.80,635.59,0.8236,1089.60,594.63,0.5681
742,bottom,0,961.70,598.62,1093.74,849.98,1019.74,618.75,0.8757,1021.58,616.30,0.5294,1017.90,615.68,0.5929,1013.61,623.05,0.6063,1028.33,620.59,0.7132,1004.40,656.18,0.8103,1048.58,645.14,0.7940,999.49,696.07,0.7510,1071.90,683.19,0.7846,987.83,728.60,0.7482,1081.11,713.87,0.7651,1041.83,716.94,0.6884,1067.61,713.25,0.7354,1003.79,770.32,0.7433,1055.33,748.23,0.7287,987.83,829.24,0.8151,1077.43,793.03,0.7920
743,top,1,1047.51,453.66,1145.82,654.37,1118.72,472.68,0.9109,1122.64,468.76,0.9148,1114.31,468.27,0.9002,1127.05,474.15,0.7868,1105.49,472.68,0.8582,1130.97,500.12,0.7873,1090.30,491.79,0.7353,1137.83,530.99,0.7758,1073.63,510.41,0.6764,1130.48,509.43,0.6687,1057.95,526.09,0.7608,1116.27,549.12,0.7074,1088.33,549.12,0.6932,1124.60,584.89,0.7416,1074.61,590.77,0.7427,1126.07,635.85,0.8055,1090.79,591.26,0.6561
743,bottom,0,956.19,607.90,1090.42,852.93,1010.74,627.52,0.8642,1011.94,625.13,0.5141,1010.14,624.53,0.6006,1004.16,631.71,0.6183,1019.72,629.32,0.7129,996.98,663.41,0.8143,1040.65,650.85,0.7565,993.39,704.09,0.7555,1065.78,687.94,0.7730,983.23,736.40,0.7417,1075.95,720.84,0.7769,1037.06,723.83,0.6852,1063.39,719.05,0.7268,998.18,775.28,0.7654,1053.22,753.15,0.7134,983.82,832.71,0.8142,1077.14,793.23,0.7721
744,top,1,1052.84,444.24,1145.31,654.72,1116.03,464.69,0.9006,1120.14,460.58,0.8969,1111.92,460.07,0.8899,1123.74,465.72,0.8164,1103.18,464.69,0.8494,1130.93,492.44,0.7839,1088.80,486.27,0.7434,1137.10,526.87,0.6523,1075.44,507.86,0.7239,1130.42,531.49,0.5436,1062.59,525.33,0.7731,1116.55,542.80,0.7115,1088.28,541.26,0.6976,1123.23,583.91,0.7637,1072.35,584.42,0.7929,1126.31,635.30,0.7887,1091.88,591.10,0.7523
744,bottom,0,958.00,611.91,1088.91,852.33,1002.33,632.34,0.9046,1002.91,629.99,0.5852,1001.74,629.40,0.5563,994.70,636.44,0.7233,1011.13,634.68,0.7113,988.24,668.73,0.8473,1033.44,655.23,0.7890,986.48,709.23,0.7530,1058.67,691.62,0.7922,979.44,739.75,0.7855,1071.59,724.49,0.7999,1028.74,726.84,0.6987,1055.74,721.55,0.7423,990.59,774.38,0.8159,1054.57,755.01,0.7297,982.96,833.07,0.8659,1077.46,793.75,0.8002
745,top,0,1058.76,438.86,1146.03,653.48,1112.35,457.62,0.9101,1116.55,453.95,0.9213,1108.16,453.42,0.8763,1120.74,459.19,0.8892,1100.83,458.14,0.8849,1128.60,486.96,0.7988,1086.68,481.72,0.7502,1135.41,517.35,0.7291,1075.15,504.25,0.7472,1135.93,541.45,0.6130,1064.67,525.21,0.7414,1116.02,537.26,0.6824,1087.20,534.64,0.6916,1121.78,581.80,0.7737,1071.48,579.70,0.7858,1127.02,632.10,0.7767,1090.87,589.14,0.7673
745,bottom,1,958.65,614.61,1084.26,847.61,994.72,635.54,0.9144,995.86,633.27,0.5785,994.15,633.27,0.5001,986.19,640.09,0.7429,1002.69,637.25,0.7194,980.50,671.38,0.9089,1026.58,658.30,0.8431,978.23,715.18,0.7300,1055.02,697.55,0.8101,975.95,742.49,0.7989,1067.54,729.40,0.8043,1021.46,729.40,0.7150,1050.47,724.28,0.7518,983.35,770.36,0.8696,1059.57,758.41,0.7271,979.36,828.38,0.9383,1075.50,793.68,0.8382
746,top,0,1060.58,433.04,1141.53,651.61,1110.13,452.67,0.9319,1114.40,448.40,0.9483,1105.86,448.40,0.8900,1118.67,453.74,0.9148,1098.39,453.74,0.9035,1127.74,480.96,0.8151,1085.05,476.15,0.7758,1134.14,515.11,0.7496,1074.91,500.17,0.7356,1135.74,547.13,0.6806,1064.77,523.65,0.6789,1114.93,533.25,0.6864,1087.18,530.58,0.6934,1120.80,578.61,0.7856,1070.11,575.41,0.7910,1127.20,630.37,0.7670,1088.25,588.22,0.7828
746,bottom,1,958.54,618.50,1088.19,846.50,988.86,638.98,0.9436,989.41,636.20,0.6052,988.30,636.20,0.4674,981.06,643.99,0.6543,997.76,639.54,0.7129,975.50,674.61,0.9399,1022.81,660.69,0.8504,972.16,719.69,0.7678,1050.64,700.21,0.7814,972.16,745.86,0.7926,1064.56,732.50,0.8059,1016.13,732.50,0.7167,1045.63,727.49,0.7527,978.28,769.23,0.8917,1059.55,764.22,0.7817,976.05,828.24,0.9219,1078.48,799.85,0.8320
747,top,0,1059.89,430.62,1144.37,649.05,1107.99,450.25,0.9070,1112.26,445.98,0.8922,1103.19,445.98,0.8888,1116.53,451.31,0.9172,1095.73,451.31,0.8902,1126.12,479.58,0.7951,1082.93,473.71,0.7725,1132.52,515.31,0.7006,1074.40,497.18,0.7213,1137.86,549.97,0.6569,1065.33,522.77,0.6551,1114.39,531.84,0.6932,1087.73,529.71,0.7052,1121.32,576.10,0.7576,1069.60,574.50,0.7855,1126.66,627.83,0.7771,1085.60,588.37,0.8008
747,bottom,1,958.35,619.89,1090.35,849.03,985.19,641.60,0.9118,986.31,638.80,0.5910,983.51,638.80,0.4121,976.80,646.63,0.6127,994.70,642.72,0.6709,970.65,677.96,0.9377,1019.32,662.30,0.8614,967.29,719.92,0.7703,1046.73,701.45,0.7832,967.29,747.89,0.8240,1062.39,732.22,0.8202,1010.92,735.02,0.7422,1041.69,729.43,0.7659,978.48,771.94,0.8902,1054.00,766.35,0.8395,977.92,831.24,0.9414,1080.85,806.62,0.8835
748,top,0,1057.84,430.61,1147.31,645.98,1105.21,449.44,0.9445,1109.41,445.23,0.8721,1100.47,445.23,0.8725,1114.67,450.49,0.9099,1093.64,451.01,0.8879,1124.66,478.36,0.7960,1081.54,474.15,0.7754,1130.97,514.11,0.7184,1073.13,498.86,0.7116,1139.38,546.18,0.6883,1063.67,523.05,0.6751,1114.14,532.51,0.7052,1087.33,530.94,0.7044,1119.93,573.00,0.7393,1068.93,574.05,0.7750,1126.76,624.00,0.7579,1081.54,591.93,0.8100
748,bottom,1,954.04,620.16,1092.56,852.45,983.60,642.73,0.9211,985.30,640.46,0.5955,983.60,640.46,0.4227,975.66,648.40,0.5717,993.24,644.43,0.6208,967.72,679.02,0.9452,1017.63,663.71,0.8915,963.75,723.83,0.7957,1044.28,703.41,0.7883,962.62,753.32,0.8619,1063.56,734.03,0.8337,1006.28,735.74,0.7538,1038.04,730.06,0.7653,979.06,773.73,0.8969,1048.82,769.76,0.8278,979.63,833.28,0.9751,1079.44,813.43,0.8934
749,top,0,1054.77,430.36,1146.15,645.51,1102.56,450.74,0.9730,1106.76,446.54,0.9034,1098.36,446.54,0.8980,1112.01,451.79,0.9215,1091.00,451.79,0.9088,1123.04,480.16,0.8208,1079.97,475.95,0.7859,1130.40,512.72,0.7501,1070.52,500.12,0.7444,1138.28,541.61,0.7280,1061.06,524.28,0.7037,1112.54,534.78,0.7307,1086.80,533.21,0.7323,1116.74,575.23,0.7753,1067.36,576.81,0.8000,1127.77,623.03,0.7975,1077.87,595.72,0.8309
749,bottom,1,951.81,621.93,1091.39,852.08,983.95,643.73,0.9378,985.08,641.48,0.5820,984.52,641.48,0.4217,976.65,649.35,0.5890,993.51,645.42,0.6093,967.10,679.13,0.9484,1015.98,665.08,0.8916,962.04,722.40,0.7858,1043.51,704.41,0.7798,958.67,754.99,0.8534,1063.74,734.76,0.8581,1003.62,737.01,0.7461,1034.52,731.95,0.7639,978.90,775.21,0.8898,1046.32,772.97,0.8450,978.33,832.53,0.9842,1075.54,821.85,0.9088
750,top,1,1052.58,430.64,1143.71,644.94,1099.71,450.94,0.9794,1103.38,446.76,0.8846,1095.01,446.76,0.9012,1109.13,451.99,0.9208,1088.73,451.99,0.9038,1120.64,479.19,0.7791,1077.74,477.62,0.7676,1129.54,507.97,0.7658,1066.75,502.74,0.7663,1136.34,535.17,0.7014,1058.91,527.85,0.7178,1111.22,536.74,0.7139,1086.11,535.70,0.7089,1114.36,576.50,0.7767,1065.71,578.60,0.7812,1126.92,624.64,0.8128,1077.22,596.39,0.7993
750,bottom,0,949.91,621.77,1088.63,853.67,985.30,643.17,0.9522,985.30,640.90,0.5595,985.87,641.47,0.4561,979.64,648.83,0.6024,993.79,645.43,0.6352,967.18,679.40,0.9705,1017.01,665.25,0.9043,960.39,723.56,0.8034,1044.18,706.01,0.7979,956.43,757.53,0.8593,1065.13,734.32,0.8727,1000.59,737.72,0.7466,1032.86,733.19,0.7677,979.07,776.22,0.8596,1043.62,776.22,0.8482,977.94,832.83,0.9881,1069.66,827.74,0.9224
751,top,1,1052.61,430.27,1140.53,644.92,1096.57,450.08,0.9888,1100.76,446.41,0.8924,1091.85,446.41,0.8993,1106.00,451.65,0.9287,1085.56,451.65,0.9306,1118.58,478.38,0.7726,1074.56,477.85,0.7624,1129.06,505.63,0.7485,1063.55,501.96,0.7334,1134.30,530.26,0.7015,1057.79,527.11,0.6781,1109.67,535.50,0.7175,1084.51,534.45,0.7084,1112.29,574.80,0.7730,1064.60,578.47,0.7869,1126.96,624.06,0.8158,1078.22,597.34,0.7971
751,bottom,0,948.45,619.06,1083.02,854.64,988.13,642.53,0.9027,989.85,640.23,0.5373,990.43,640.23,0.5076,978.35,648.28,0.6526,997.33,645.40,0.7067,968.57,678.76,0.9156,1019.19,666.68,0.8896,959.95,721.90,0.8206,1043.92,706.37,0.8002,955.92,755.83,0.8628,1067.50,732.83,0.8698,998.48,739.73,0.7328,1030.11,736.28,0.7507,979.50,778.26,0.8374,1042.19,779.99,0.8478,977.78,832.90,0.9500,1061.75,831.18,0.9245
752,top,1,1053.81,427.41,1138.11,644.96,1093.31,446.95,0.9446,1097.02,442.71,0.8619,1088.53,443.24,0.8722,1102.87,447.49,0.8986,1081.62,448.02,0.9155,1115.61,473.51,0.7963,1070.47,473.51,0.7982,1126.77,499.54,0.7277,1060.38,497.41,0.7328,1132.61,526.09,0.7081,1058.25,521.84,0.6558,1107.12,531.93,0.7170,1081.09,530.87,0.7288,1112.96,574.42,0.7583,1064.63,574.95,0.7830,1127.30,623.29,0.8103,1079.50,598.32,0.8020
752,bottom,0,949.91,619.04,1085.50,854.92,991.79,641.96,0.8957,993.52,639.65,0.5603,994.09,639.65,0.5437,982.58,647.14,0.6677,1001.58,644.84,0.7237,971.63,677.09,0.8969,1021.74,667.87,0.8712,961.27,717.40,0.7914,1043.62,707.61,0.8017,957.24,750.80,0.8130,1069.53,730.07,0.8450,997.55,739.86,0.7274,1028.07,737.56,0.7206,980.27,777.87,0.8217,1040.74,784.20,0.8255,977.39,832.58,0.9415,1053.99,833.73,0.9209
753,top,1,1050.97,425.11,1137.39,644.91,1088.28,443.24,0.8562,1092.04,438.95,0.8131,1083.99,438.95,0.8308,1099.01,442.71,0.8490,1077.55,443.24,0.8598,1112.43,467.39,0.7730,1065.74,467.93,0.7789,1122.62,494.23,0.7126,1055.54,494.23,0.7093,1130.14,520.52,0.7082,1059.30,515.15,0.6747,1104.92,526.42,0.6585,1077.01,525.35,0.6733,1113.50,572.04,0.7318,1064.13,570.97,0.7380,1126.38,621.41,0.7703,1079.16,598.33,0.7787
753,bottom,0,952.99,618.85,1090.01,857.40,997.04,640.86,0.8115,998.79,637.95,0.5374,999.95,637.37,0.5192,987.14,644.94,0.6626,1006.94,643.19,0.7207,976.07,675.22,0.8873,1026.16,669.40,0.8653,963.26,714.25,0.7991,1045.38,707.84,0.8014,961.51,744.53,0.7938,1073.92,728.22,0.8345,997.04,741.04,0.7278,1027.91,740.45,0.7048,982.48,781.22,0.7937,1041.30,788.21,0.8126,977.82,833.64,0.9464,1045.96,836.55,0.8808
754,top,0,1046.33,420.26,1134.17,643.20,1084.80,438.66,0.8307,1088.61,434.31,0.7989,1080.45,434.85,0.8036,1094.60,438.12,0.8342,1073.92,438.66,0.8485,1108.21,462.06,0.7881,1061.94,463.15,0.7827,1119.64,489.82,0.7369,1051.60,490.37,0.7535,1127.80,516.49,0.7057,1064.12,511.05,0.6748,1102.22,521.39,0.6657,1075.01,521.39,0.6705,1112.56,568.20,0.7418,1064.12,565.47,0.7174,1123.45,615.55,0.7304,1078.82,599.22,0.7788
754,bottom,1,960.12,616.17,1095.45,867.60,1003.85,638.76,0.7741,1004.46,635.08,0.5708,1006.92,635.08,0.5356,995.25,642.44,0.6374,1011.83,640.60,0.6829,980.52,673.14,0.8593,1030.85,668.23,0.8506,967.02,711.19,0.8014,1047.43,708.12,0.7957,967.63,738.20,0.7804,1077.51,725.31,0.8018,997.71,740.04,0.7347,1028.40,739.43,0.6947,984.82,783.01,0.7987,1041.90,791.61,0.8144,977.45,834.57,0.8771,1036.99,840.10,0.8556
755,top,1,1043.91,417.29,1132.10,635.78,1082.14,435.32,0.8207,1085.34,430.52,0.7845,1077.87,431.05,0.7896,1091.21,433.72,0.8187,1072.00,434.25,0.8478,1105.61,457.19,0.7924,1059.20,457.19,0.8013,1117.88,484.92,0.7465,1049.07,482.79,0.7428,1124.81,512.13,0.6948,1059.73,497.19,0.5216,1099.21,515.33,0.6684,1071.47,516.40,0.6695,1109.34,564.94,0.7437,1066.14,561.74,0.7183,1118.41,612.41,0.7354,1078.94,599.08,0.7841
755,bottom,0,962.30,614.21,1100.60,875.47,1014.23,635.77,0.7045,1012.31,632.58,0.5480,1016.78,633.22,0.6231,1002.75,640.23,0.6526,1017.42,638.96,0.7074,986.80,670.21,0.8854,1037.19,668.30,0.8815,972.77,709.12,0.8843,1050.58,709.12,0.8433,978.51,730.17,0.8206,1081.20,724.43,0.8118,1001.47,740.37,0.7562,1030.81,741.01,0.7312,987.44,786.30,0.8058,1041.65,793.31,0.8217,975.32,835.41,0.8535,1028.26,845.62,0.8662
756,top,1,1042.46,412.04,1127.18,630.42,1080.02,430.06,0.7981,1083.22,425.26,0.7651,1075.76,425.80,0.7638,1089.09,427.93,0.8012,1069.36,428.46,0.8394,1102.95,450.86,0.7836,1056.03,451.39,0.8015,1115.74,480.18,0.7218,1046.43,478.58,0.7406,1122.14,508.97,0.6761,1059.23,488.18,0.5379,1096.55,510.57,0.6482,1069.36,512.17,0.6440,1105.61,559.62,0.7236,1068.29,559.09,0.7144,1113.08,607.07,0.7500,1078.96,598.01,0.7849
756,bottom,0,965.07,614.90,1106.45,876.23,1021.09,635.82,0.6896,1020.45,632.00,0.5244,1023.00,632.63,0.5917,1010.24,639.01,0.6173,1023.64,638.38,0.6504,994.29,669.64,0.8525,1043.42,669.64,0.8493,977.70,706.64,0.8797,1053.62,710.47,0.8260,991.10,721.96,0.7631,1085.53,724.51,0.7995,1004.50,741.74,0.7422,1033.21,743.01,0.7076,989.19,792.14,0.8006,1042.14,797.24,0.8118,973.23,836.16,0.8101,1021.09,852.75,0.8323
757,top,1,1039.82,405.73,1126.67,622.10,1077.96,422.53,0.7851,1081.13,418.30,0.7553,1073.74,418.30,0.7638,1086.94,421.47,0.7964,1067.40,422.53,0.8376,1101.73,444.19,0.7833,1054.72,445.77,0.7968,1112.83,474.83,0.7188,1044.16,473.24,0.7801,1119.17,504.41,0.6545,1057.89,485.39,0.6399,1094.87,503.88,0.6298,1067.93,505.99,0.6245,1101.73,553.54,0.7255,1069.51,553.54,0.7164,1105.96,601.08,0.8045,1079.02,597.38,0.7878
757,bottom,0,967.81,616.10,1110.90,876.92,1027.89,636.99,0.7043,1027.89,633.17,0.5160,1029.80,633.17,0.5994,1016.43,639.53,0.5953,1030.44,638.90,0.6476,1000.51,669.46,0.8497,1047.63,672.01,0.8523,984.59,705.76,0.8582,1055.27,712.12,0.8304,1002.42,714.03,0.6334,1089.02,724.22,0.8176,1008.15,742.05,0.7364,1035.53,744.60,0.7051,993.51,793.63,0.8213,1041.90,800.00,0.8208,976.31,842.66,0.8419,1019.61,856.67,0.8209
758,top,1,1039.23,401.12,1120.51,619.13,1076.14,417.52,0.8301,1079.34,413.26,0.7873,1071.88,413.79,0.7997,1084.66,416.45,0.7922,1064.97,417.52,0.8566,1099.56,438.81,0.8056,1052.72,440.93,0.7992,1109.67,470.21,0.7280,1042.61,469.14,0.7697,1116.06,500.01,0.6731,1054.85,484.05,0.6272,1092.64,499.48,0.6258,1066.56,501.08,0.6115,1097.43,548.45,0.7295,1068.69,549.51,0.7336,1098.50,592.62,0.7808,1076.14,594.75,0.8125
758,bottom,0,974.33,617.02,1110.87,878.14,1034.31,637.30,0.6911,1034.31,633.47,0.5327,1035.59,634.11,0.6068,1022.84,639.85,0.5786,1035.59,639.85,0.6480,1008.17,669.17,0.8412,1050.25,673.63,0.8514,992.87,704.23,0.8517,1054.07,712.52,0.8149,1015.82,706.78,0.5978,1089.14,724.63,0.8320,1011.36,743.76,0.7370,1037.50,746.31,0.7111,1000.52,795.40,0.8393,1041.32,802.41,0.8371,982.67,852.13,0.8676,1019.01,859.15,0.8526
759,top,1,1037.49,398.47,1118.27,612.85,1073.69,414.59,0.8217,1076.83,409.88,0.7771,1069.51,410.40,0.7875,1083.11,413.02,0.7747,1062.70,414.59,0.8347,1097.77,435.00,0.7989,1051.19,437.62,0.7974,1106.67,467.45,0.7038,1040.72,466.93,0.7461,1112.43,498.33,0.6306,1051.19,485.25,0.5890,1090.44,495.19,0.6099,1064.80,496.24,0.5942,1095.15,546.49,0.6982,1066.89,545.96,0.7339,1092.54,584.69,0.7735,1071.60,592.02,0.8100
759,bottom,0,981.85,617.21,1110.67,884.84,1042.34,637.34,0.6666,1042.34,634.07,0.5460,1042.34,634.07,0.5878,1031.23,639.95,0.5595,1039.73,639.95,0.6309,1015.55,667.39,0.8338,1052.79,674.58,0.8360,1001.83,702.67,0.8215,1052.14,714.43,0.8009,1026.66,700.71,0.5422,1089.38,725.54,0.8008,1014.25,746.45,0.7346,1039.73,749.06,0.7188,1009.02,798.07,0.8311,1042.99,805.26,0.8446,992.03,857.53,0.8846,1019.47,860.14,0.8450
760,top,1,1034.42,398.05,1116.20,609.85,1071.69,412.94,0.8492,1074.79,408.80,0.8292,1067.04,409.32,0.8166,1081.00,411.39,0.7938,1060.83,412.94,0.8538,1095.48,433.63,0.7947,1049.46,436.73,0.7806,1104.27,465.17,0.7264,1038.08,464.65,0.7465,1108.92,494.64,0.6666,1044.80,484.30,0.6643,1088.24,493.09,0.6225,1062.90,494.13,0.6121,1093.93,546.35,0.6827,1064.97,542.73,0.7239,1086.17,575.83,0.7842,1067.04,589.27,0.7896
760,bottom,0,992.93,617.48,1109.62,883.31,1049.33,637.47,0.6642,1048.03,634.22,0.5215,1048.68,634.22,0.5985,1035.70,640.71,0.5482,1044.78,641.36,0.6176,1022.72,667.97,0.8039,1054.52,675.76,0.7940,1010.39,703.02,0.7243,1051.27,716.00,0.7803,1037.00,703.02,0.4793,1088.27,727.03,0.7907,1017.53,749.74,0.7351,1041.54,752.34,0.6908,1019.47,801.01,0.8383,1046.08,806.85,0.8229,1000.65,860.07,0.8703,1024.66,860.07,0.8378
761,top,1,1031.81,396.64,1113.06,610.00,1070.87,414.25,0.8661,1074.52,409.56,0.8380,1066.70,410.60,0.8304,1080.25,412.68,0.8023,1059.93,414.25,0.8503,1093.79,434.56,0.7718,1047.95,437.17,0.7386,1102.12,464.77,0.6974,1035.45,463.73,0.7359,1106.81,494.98,0.6365,1040.14,485.61,0.6716,1085.98,494.98,0.6242,1062.02,496.03,0.6079,1091.71,543.95,0.6970,1063.58,543.43,0.7161,1080.25,568.43,0.7492,1063.06,588.22,0.7755
761,bottom,0,992.96,621.45,1108.09,898.01,1054.58,639.55,0.6695,1054.58,636.85,0.5254,1052.55,638.20,0.6209,1039.72,644.28,0.5480,1048.50,645.63,0.6348,1030.95,670.61,0.7332,1055.93,680.06,0.7559,1032.97,703.69,0.5290,1048.50,720.57,0.7391,1066.06,688.16,0.5421,1086.31,731.38,0.7224,1022.17,752.31,0.6587,1041.75,754.33,0.6408,1029.60,807.00,0.6842,1051.88,809.02,0.7102,1005.96,863.71,0.7577,1028.92,858.99,0.7423
762,top,1,1030.17,398.38,1110.18,610.25,1069.14,414.82,0.8490,1072.76,410.69,0.8212,1065.00,411.20,0.8229,1078.45,413.79,0.8056,1058.28,414.82,0.8276,1091.38,435.52,0.7660,1046.38,438.10,0.7298,1100.18,464.48,0.7072,1032.93,462.93,0.7217,1104.32,491.38,0.6654,1037.07,489.31,0.6534,1083.62,495.52,0.6261,1060.35,496.55,0.6103,1089.83,541.04,0.7193,1062.42,543.62,0.7242,1075.87,564.31,0.7366,1063.45,589.14,0.7700
762,bottom,0,994.15,626.13,1108.42,908.75,1061.64,646.00,0.5994,1060.95,643.24,0.4885,1059.57,644.62,0.5666,1045.77,650.83,0.4881,1053.36,653.59,0.5944,1036.11,677.74,0.6985,1056.81,686.71,0.7128,1040.94,708.10,0.5413,1047.15,727.42,0.7055,1069.23,690.16,0.5958,1085.79,737.08,0.6794,1027.14,757.78,0.6069,1043.01,758.47,0.6335,1036.11,813.67,0.6495,1063.02,813.67,0.6528,1010.58,873.70,0.6898,1032.66,861.28,0.6754
763,top,1,1028.27,397.82,1110.42,610.74,1068.83,414.35,0.8747,1071.94,410.19,0.8442,1064.15,410.71,0.8507,1077.66,413.83,0.8293,1057.39,414.35,0.8506,1090.66,436.18,0.7828,1044.91,437.22,0.7503,1098.98,463.74,0.7221,1032.44,461.66,0.7244,1103.13,490.25,0.6998,1035.04,489.21,0.6822,1080.78,495.45,0.6217,1058.43,496.49,0.6042,1085.98,540.15,0.7148,1061.03,542.75,0.7222,1072.46,560.42,0.7266,1062.59,589.01,0.7771
763,bottom,0,997.55,635.38,1106.76,914.55,1067.83,653.65,0.7000,1066.47,650.24,0.6034,1063.74,652.28,0.6432,1049.43,659.10,0.5254,1054.88,661.82,0.6568,1041.25,687.04,0.7488,1058.29,695.22,0.7655,1044.66,714.31,0.5641,1047.39,736.12,0.7633,1075.33,697.95,0.6439,1086.92,744.98,0.7368,1032.39,766.79,0.6654,1048.07,768.15,0.6943,1038.53,823.36,0.7317,1075.33,821.31,0.7265,1011.95,882.65,0.7571,1036.48,866.98,0.7308
764,top,1,1029.66,396.18,1108.08,611.90,1068.34,412.93,0.8653,1071.50,408.19,0.8494,1064.13,409.24,0.8401,1077.30,411.88,0.8332,1057.81,412.40,0.8483,1090.46,434.52,0.8016,1044.64,434.00,0.7803,1097.83,462.44,0.7316,1033.58,458.75,0.7166,1102.05,486.66,0.7017,1035.69,485.61,0.7073,1077.30,494.03,0.6312,1055.70,494.03,0.6212,1078.88,541.43,0.7135,1059.39,538.27,0.7203,1069.92,560.92,0.7108,1061.50,587.78,0.7706
764,bottom,0,991.75,643.93,1109.24,914.00,1074.89,664.90,0.7935,1072.92,660.94,0.5911,1070.28,662.26,0.7207,1055.11,669.51,0.5256,1059.73,670.83,0.7277,1044.56,696.55,0.8021,1059.07,704.46,0.8116,1051.82,722.26,0.5892,1047.86,746.00,0.7979,1081.49,705.12,0.7111,1087.42,753.25,0.7842,1036.65,775.67,0.7382,1053.14,776.99,0.7608,1040.61,832.37,0.7969,1086.76,829.74,0.8350,1008.96,890.40,0.8461,1043.24,874.57,0.7554
765,top,1,1030.07,393.41,1108.37,605.93,1068.70,410.43,0.8724,1072.34,406.28,0.8398,1064.55,406.80,0.8227,1077.01,409.91,0.8465,1057.81,409.91,0.8742,1089.46,433.26,0.8080,1043.28,430.67,0.7900,1097.76,460.76,0.7247,1035.50,455.05,0.6768,1101.39,487.22,0.6425,1038.61,479.44,0.6481,1073.89,492.93,0.6478,1052.62,492.41,0.6423,1073.89,538.07,0.7308,1055.21,536.51,0.7081,1066.11,560.38,0.7945,1059.37,584.76,0.7856
765,bottom,0,991.04,650.39,1112.56,919.42,1080.70,673.91,0.8737,1078.73,669.97,0.6395,1076.76,670.62,0.7914,1060.34,678.50,0.5198,1066.25,678.50,0.7323,1051.14,705.43,0.8294,1062.31,714.63,0.8641,1059.68,727.76,0.6140,1050.49,754.69,0.8465,1087.92,709.37,0.7969,1090.55,761.26,0.8813,1041.95,784.25,0.7866,1059.02,784.91,0.7986,1045.23,838.11,0.8254,1095.81,837.45,0.9028,1007.79,893.94,0.9038,1053.77,887.37,0.7961
766,top,1,1030.22,391.21,1107.14,601.89,1068.17,408.08,0.8895,1072.28,404.48,0.8461,1064.05,404.48,0.8383,1076.91,408.08,0.8495,1057.37,408.08,0.8813,1088.74,431.22,0.7918,1041.42,428.14,0.7732,1098.00,459.00,0.7156,1035.25,455.40,0.6380,1101.09,486.26,0.6639,1038.85,480.09,0.5703,1071.77,490.89,0.6463,1050.16,490.38,0.6426,1070.22,532.55,0.7387,1051.19,533.07,0.7129,1064.05,562.90,0.7894,1055.31,578.33,0.7528
766,bottom,0,990.57,655.89,1117.81,933.64,1086.74,678.81,0.8412,1084.03,675.42,0.6086,1082.67,676.09,0.7504,1065.72,683.55,0.4917,1072.50,684.23,0.6774,1058.94,710.00,0.8206,1068.43,720.17,0.8539,1067.75,730.34,0.6242,1055.55,760.86,0.8260,1095.55,710.00,0.8145,1094.88,766.96,0.8408,1048.76,789.34,0.8267,1064.36,790.02,0.8148,1048.09,840.88,0.8326,1100.30,844.94,0.8887,1007.40,893.77,0.8915,1066.40,901.91,0.8033
767,top,1,1028.41,387.89,1107.49,598.05,1066.41,405.74,0.8983,1070.52,401.64,0.8476,1062.31,401.64,0.8279,1075.13,405.23,0.8239,1055.64,405.23,0.8731,1086.94,428.32,0.7969,1039.22,425.24,0.7845,1096.68,455.51,0.7413,1034.09,454.49,0.6567,1101.30,483.73,0.7002,1040.24,480.66,0.5752,1070.00,487.33,0.6444,1047.43,486.81,0.6452,1068.98,529.40,0.7393,1048.45,528.89,0.7405,1063.85,564.29,0.8002,1051.53,575.58,0.7781
767,bottom,0,992.24,662.42,1121.99,945.40,1093.73,683.70,0.8643,1092.35,680.25,0.6611,1089.59,680.25,0.7932,1079.92,687.16,0.4648,1079.23,688.54,0.6977,1068.17,714.10,0.7833,1074.39,724.46,0.8592,1079.92,725.15,0.6263,1061.26,765.22,0.8217,1104.10,707.88,0.8049,1100.64,769.37,0.8209,1057.12,792.17,0.8091,1073.01,792.86,0.8133,1052.28,843.29,0.8349,1102.02,849.51,0.8985,1008.76,892.34,0.8898,1081.30,913.76,0.8629
768,top,1,1025.76,384.75,1106.86,595.06,1064.77,402.10,0.9042,1068.36,398.00,0.8639,1060.66,398.00,0.8366,1073.50,401.08,0.8185,1053.47,400.56,0.8869,1084.28,424.70,0.8061,1036.53,421.10,0.8087,1094.04,453.45,0.7485,1030.37,448.31,0.6808,1100.71,481.17,0.6984,1032.94,472.96,0.6138,1067.34,483.74,0.6258,1044.75,482.20,0.6301,1067.85,527.38,0.7332,1045.26,525.33,0.7239,1064.26,564.87,0.8021,1045.77,574.11,0.7802
768,bottom,0,991.58,667.55,1132.17,949.86,1100.47,690.16,0.8780,1100.47,686.71,0.6775,1096.34,687.40,0.7829,1088.07,691.53,0.4512,1086.00,694.29,0.6969,1078.42,719.10,0.7387,1080.48,729.44,0.8711,1092.20,723.24,0.6172,1067.39,770.80,0.8319,1112.88,702.56,0.7923,1106.68,770.80,0.8135,1064.63,794.23,0.7885,1079.11,796.30,0.8167,1059.12,846.61,0.8255,1102.54,857.64,0.9053,1010.87,892.10,0.8772,1097.03,925.88,0.8678
769,top,0,1022.02,380.44,1104.35,590.98,1061.64,397.30,0.8697,1065.76,393.70,0.8528,1057.53,393.70,0.8205,1070.38,397.30,0.8042,1050.85,396.27,0.8574,1081.69,420.95,0.8074,1033.89,416.32,0.8180,1091.46,449.73,0.7660,1027.21,441.51,0.6783,1099.17,478.00,0.7171,1028.75,467.72,0.6312,1066.27,479.03,0.6062,1041.60,478.00,0.6074,1067.81,524.26,0.7608,1040.06,521.69,0.7222,1064.73,564.35,0.8142,1040.06,567.95,0.8444
769,bottom,1,993.52,674.10,1139.70,962.25,1108.82,697.18,0.9133,1108.12,693.66,0.7431,1103.90,693.66,0.8506,1098.97,699.29,0.4725,1092.64,702.80,0.7871,1089.12,726.72,0.7122,1087.71,736.57,0.8709,1100.38,724.61,0.5491,1074.35,776.67,0.8128,1119.37,703.51,0.7034,1112.34,774.56,0.8066,1073.65,799.88,0.7639,1084.90,802.70,0.7842,1064.50,851.94,0.7908,1103.90,864.60,0.8493,1012.44,890.63,0.8558,1106.71,934.95,0.8996
770,top,1,1017.56,378.33,1104.30,584.99,1058.91,395.38,0.8727,1062.45,391.34,0.8748,1054.37,391.34,0.8318,1066.99,394.37,0.8020,1047.31,394.37,0.8660,1078.59,418.08,0.7978,1030.16,414.55,0.8150,1089.19,447.35,0.7473,1023.60,438.77,0.6836,1096.76,476.61,0.7076,1026.12,465.01,0.6033,1064.97,476.61,0.5730,1039.24,475.10,0.5734,1067.49,523.03,0.7556,1035.20,520.00,0.7053,1065.47,562.89,0.8344,1034.19,561.37,0.8451
770,bottom,0,997.57,681.61,1139.17,965.26,1114.77,705.71,0.8938,1114.08,701.56,0.6828,1110.61,702.25,0.8273,1105.77,706.40,0.4950,1101.61,709.87,0.7686,1098.15,734.80,0.7058,1095.38,743.11,0.8594,1108.54,725.10,0.5249,1083.61,781.89,0.8034,1124.46,702.25,0.5993,1118.92,777.04,0.7927,1081.53,808.90,0.7720,1092.61,810.97,0.7812,1071.14,860.14,0.7874,1110.61,875.38,0.8456,1017.13,891.30,0.8229,1103.00,945.32,0.8937
771,top,1,1013.58,377.14,1101.49,583.75,1055.52,393.69,0.8500,1059.55,389.65,0.8558,1051.48,389.65,0.8213,1064.09,392.68,0.7723,1043.91,392.18,0.8359,1076.20,415.88,0.7840,1027.27,413.36,0.7990,1085.78,445.14,0.7311,1019.70,437.07,0.6973,1093.85,474.40,0.6984,1022.73,462.79,0.6422,1063.08,473.89,0.5832,1036.35,472.88,0.5772,1067.12,520.80,0.7741,1029.79,517.78,0.6945,1065.60,562.16,0.8232,1027.77,556.62,0.8395
771,bottom,0,1002.94,688.62,1139.75,964.78,1122.59,710.06,0.8871,1121.91,706.02,0.6664,1118.54,707.37,0.8012,1114.50,711.41,0.5482,1111.13,715.46,0.8134,1107.08,741.75,0.7319,1101.01,749.17,0.8474,1102.36,774.79,0.5096,1090.90,785.57,0.7940,1127.31,774.11,0.4265,1123.94,777.48,0.7813,1086.86,813.89,0.7678,1098.32,816.59,0.7874,1080.79,866.48,0.7880,1121.91,878.62,0.8682,1022.13,893.45,0.8079,1103.71,945.36,0.8843
772,top,1,1008.44,376.82,1099.16,582.63,1051.79,393.80,0.8678,1055.81,389.78,0.8732,1047.77,389.78,0.8357,1060.33,392.80,0.8047,1040.74,392.80,0.8544,1072.89,415.91,0.7930,1024.66,413.40,0.7979,1081.94,443.55,0.7366,1016.12,437.01,0.7230,1089.98,471.68,0.7257,1019.63,464.15,0.6711,1061.34,475.20,0.6083,1034.20,474.20,0.6017,1066.36,520.93,0.7783,1024.66,516.40,0.7036,1065.86,563.13,0.8246,1020.64,551.07,0.8089
772,bottom,0,1010.65,682.72,1144.80,964.70,1129.36,714.94,0.9238,1127.98,710.81,0.6717,1125.91,711.50,0.8516,1119.03,716.32,0.5632,1116.28,719.07,0.8330,1113.52,744.54,0.7526,1107.33,751.43,0.8673,1114.21,775.52,0.4380,1097.69,787.91,0.8292,1134.17,770.70,0.3647,1130.04,775.52,0.7917,1094.25,817.52,0.7765,1105.26,819.58,0.7980,1088.05,871.22,0.8016,1129.36,880.16,0.8723,1028.84,899.44,0.8429,1104.57,945.57,0.8778
773,top,1,1000.05,378.07,1090.61,583.06,1047.84,393.98,0.8333,1051.34,389.98,0.8026,1043.83,390.48,0.8433,1056.34,393.48,0.8309,1037.33,393.48,0.8198,1069.36,416.50,0.7886,1020.81,415.00,0.7806,1077.36,441.03,0.7299,1010.80,438.02,0.7405,1084.37,467.55,0.7469,1014.80,463.55,0.7224,1058.35,473.06,0.5930,1031.82,473.06,0.5951,1064.35,520.10,0.7248,1020.81,515.60,0.7030,1065.35,563.64,0.7832,1014.30,547.13,0.7890
773,bottom,0,1020.68,679.54,1144.99,965.09,1135.12,712.17,0.9153,1134.43,707.99,0.6966,1130.94,708.68,0.9038,1127.45,714.96,0.5854,1121.18,717.75,0.8861,1115.60,744.24,0.7576,1114.21,751.21,0.8415,1111.42,778.40,0.4871,1104.45,788.16,0.8018,1132.33,765.15,0.3520,1135.12,770.73,0.7596,1101.66,816.74,0.7991,1114.21,818.83,0.7939,1095.39,870.42,0.8044,1130.94,879.48,0.8793,1041.01,906.67,0.8336,1106.54,944.31,0.8725
774,top,1,997.41,378.03,1086.47,584.38,1043.95,394.55,0.8349,1047.48,391.03,0.8117,1039.92,391.03,0.8293,1052.52,394.55,0.8342,1032.87,394.55,0.8349,1065.61,416.72,0.7936,1017.25,415.71,0.7825,1072.67,439.39,0.7072,1006.67,438.89,0.7545,1079.72,464.08,0.7303,1014.73,460.55,0.6845,1055.54,472.64,0.5820,1028.33,473.15,0.5871,1062.59,520.00,0.6980,1016.24,514.46,0.6802,1064.61,563.32,0.7705,1009.69,544.68,0.7558
774,bottom,0,1035.02,682.85,1148.55,963.76,1140.48,709.46,0.9267,1139.11,706.03,0.6722,1137.05,707.40,0.8675,1130.19,712.89,0.5789,1126.76,714.95,0.8474,1121.28,741.01,0.7895,1122.65,747.18,0.8525,1110.99,776.67,0.5327,1110.30,784.90,0.7725,1136.36,763.64,0.3215,1135.68,774.61,0.4825,1107.56,813.70,0.8284,1121.28,815.76,0.8294,1102.07,867.20,0.8562,1134.31,877.48,0.8921,1054.07,913.15,0.8489,1108.25,942.64,0.8658
775,top,1,995.71,377.39,1082.80,585.78,1039.26,394.07,0.8597,1043.33,390.51,0.8455,1035.19,390.51,0.8515,1048.42,393.56,0.8424,1028.57,393.56,0.8395,1061.13,414.93,0.8093,1013.31,414.93,0.7925,1066.22,436.81,0.6944,1002.63,437.83,0.7657,1073.85,458.69,0.7173,1012.29,456.14,0.7065,1051.47,469.88,0.5977,1024.50,470.39,0.5874,1059.10,517.20,0.7064,1014.84,511.09,0.6837,1064.19,561.46,0.7573,1010.77,545.18,0.7795
775,bottom,0,1056.88,672.26,1156.16,963.65,1147.07,708.40,0.8798,1147.07,704.14,0.6512,1143.51,704.14,0.8045,1130.00,709.11,0.5417,1134.26,711.25,0.7557,1122.17,733.30,0.7181,1129.29,746.11,0.7382,1102.25,722.63,0.4981,1117.90,782.39,0.7181,1116.48,687.77,0.3189,1138.53,770.29,0.2995,1112.21,806.58,0.7508,1128.57,809.42,0.7643,1106.52,862.06,0.8317,1141.38,872.02,0.8484,1071.66,918.98,0.8443,1114.35,937.47,0.8031
776,top,1,992.85,377.61,1078.37,579.62,1035.61,393.78,0.8491,1039.06,389.84,0.8408,1031.17,389.84,0.8462,1043.99,392.80,0.8327,1024.76,392.80,0.8409,1056.32,413.02,0.8087,1009.96,412.52,0.7943,1062.24,432.25,0.6898,996.15,435.70,0.7833,1069.64,452.97,0.6977,1008.97,450.01,0.6576,1047.44,467.27,0.5974,1020.81,467.76,0.5858,1056.32,513.63,0.7106,1013.91,509.68,0.6800,1063.72,558.51,0.7602,1011.44,546.18,0.7714
776,bottom,0,1075.47,680.46,1165.05,961.05,1149.72,702.93,0.7467,1148.35,700.19,0.5324,1145.61,700.87,0.6746,1127.80,705.67,0.5307,1138.76,706.35,0.6520,1119.58,725.53,0.7054,1136.02,736.49,0.6805,1100.40,720.05,0.7198,1132.59,777.60,0.5482,1110.67,696.76,0.6425,1143.55,781.71,0.2728,1116.84,802.94,0.7221,1137.39,805.68,0.7130,1112.73,859.80,0.8073,1151.77,866.65,0.8077,1088.75,922.14,0.8439,1125.06,931.73,0.7911
777,top,1,985.45,374.29,1073.65,574.91,1032.49,391.83,0.8292,1035.92,387.91,0.8228,1028.08,387.91,0.8358,1041.30,390.85,0.8460,1021.71,390.85,0.8344,1053.06,409.46,0.7968,1007.51,409.95,0.7678,1058.94,426.60,0.6837,989.88,431.99,0.7979,1065.79,448.64,0.6863,1004.08,442.76,0.6746,1044.73,461.38,0.5948,1018.28,461.87,0.5853,1053.06,509.37,0.6989,1012.41,507.42,0.6842,1061.39,554.43,0.7778,1010.94,547.09,0.7750
777,bottom,0,1091.95,677.91,1174.31,951.36,1146.49,701.81,0.6727,1145.82,698.47,0.5042,1146.49,699.81,0.5493,1128.46,705.81,0.5609,1143.81,705.81,0.6677,1120.45,724.51,0.6640,1147.82,739.86,0.6721,1099.75,727.18,0.6348,1163.18,776.58,0.4213,1110.43,705.81,0.5522,1160.50,755.22,0.3843,1121.78,803.28,0.7115,1145.82,805.29,0.7323,1119.78,860.70,0.8094,1160.50,866.04,0.8312,1103.09,926.12,0.8566,1137.81,930.80,0.7957
778,top,1,981.67,372.10,1071.22,569.22,1029.81,389.33,0.8241,1033.66,385.48,0.8147,1025.96,385.48,0.8256,1038.96,388.36,0.8470,1019.71,388.36,0.8284,1050.99,405.69,0.7933,1005.75,406.65,0.7519,1056.77,421.09,0.6838,986.98,426.87,0.7560,1062.06,443.23,0.6889,1003.83,436.49,0.5454,1041.85,456.22,0.5901,1015.38,457.19,0.5750,1049.55,504.35,0.7064,1011.05,504.83,0.6798,1057.73,549.59,0.7875,1010.08,546.22,0.7636
778,bottom,0,1099.47,676.91,1203.75,955.96,1149.57,701.98,0.6992,1147.52,699.26,0.4363,1148.88,699.94,0.6439,1125.04,706.07,0.5924,1146.16,704.71,0.7217,1118.23,723.78,0.7314,1157.06,737.41,0.6629,1104.60,734.68,0.6790,1199.30,753.76,0.6915,1112.10,708.80,0.5776,1183.63,743.54,0.4701,1126.40,802.13,0.7234,1151.61,804.17,0.7240,1126.40,863.44,0.8174,1167.96,868.21,0.7863,1116.87,928.84,0.8539,1152.29,932.93,0.8163
779,top,1,977.71,369.27,1069.25,568.20,1027.85,387.14,0.8215,1031.74,383.26,0.8139,1024.45,383.26,0.8148,1036.59,386.66,0.8607,1017.65,386.66,0.8426,1048.73,403.17,0.7975,1003.57,404.14,0.7663,1055.05,418.23,0.6738,982.68,424.05,0.8079,1059.42,438.14,0.6948,997.74,436.19,0.6020,1038.54,451.25,0.6137,1011.82,452.22,0.5937,1046.79,499.33,0.7257,1007.94,500.30,0.6959,1054.56,545.47,0.7868,1007.45,544.50,0.7605
779,bottom,0,1106.79,678.11,1221.50,967.51,1150.01,701.99,0.7253,1148.60,697.75,0.5481,1150.01,697.75,0.6496,1126.70,702.70,0.6176,1145.77,702.70,0.6804,1118.22,722.48,0.7618,1159.20,733.79,0.5830,1152.84,735.91,0.4117,1177.57,736.61,0.3379,1177.57,732.37,0.3351,1207.24,733.08,0.5712,1130.94,802.32,0.6939,1157.79,803.03,0.6858,1135.18,864.50,0.7853,1173.33,870.15,0.7900,1124.58,928.80,0.7963,1171.21,938.69,0.8051
780,top,1,974.89,369.48,1067.71,564.73,1025.59,385.12,0.8071,1028.93,381.78,0.7996,1021.78,382.26,0.7950,1034.17,385.12,0.8370,1015.11,385.59,0.8300,1047.04,400.85,0.7799,1002.24,401.80,0.7527,1053.24,415.62,0.6626,980.31,422.30,0.8147,1058.48,436.12,0.6874,989.84,438.50,0.6355,1036.56,448.04,0.6251,1008.43,448.99,0.6083,1045.14,496.66,0.7157,1004.62,496.18,0.6927,1051.81,540.99,0.7655,1002.24,541.94,0.7422
780,bottom,0,1109.85,683.66,1261.02,970.70,1153.20,703.84,0.8676,1150.40,700.34,0.6645,1152.50,700.34,0.7468,1130.77,706.64,0.8007,1148.29,707.34,0.8153,1118.86,731.17,0.8894,1167.22,736.08,0.7220,1142.69,737.48,0.5477,1215.57,730.47,0.6898,1163.01,729.07,0.4481,1242.90,708.74,0.8197,1137.08,814.56,0.7746,1163.71,814.56,0.8102,1143.39,870.63,0.8402,1181.93,879.04,0.8429,1124.47,932.30,0.8825,1188.94,949.12,0.8926
781,top,1,974.17,368.37,1066.84,562.95,1022.88,384.43,0.8501,1026.20,381.10,0.8369,1018.60,381.58,0.8547,1031.43,384.43,0.8729,1012.43,384.90,0.8614,1044.73,400.58,0.7700,1000.55,401.53,0.7533,1052.33,416.26,0.6871,978.70,421.96,0.8141,1058.03,435.73,0.7019,981.07,438.58,0.6371,1034.28,447.61,0.6437,1005.30,448.08,0.6157,1043.78,494.16,0.7206,1000.08,494.16,0.7011,1050.43,536.92,0.7530,994.38,536.44,0.7483
781,bottom,0,1112.79,687.93,1263.07,973.27,1155.19,708.69,0.8804,1152.40,705.21,0.6957,1154.49,705.21,0.7469,1133.59,712.87,0.8028,1152.40,712.87,0.8167,1123.84,737.25,0.8724,1170.51,742.13,0.7171,1148.22,745.61,0.5428,1219.97,737.25,0.7447,1168.42,735.86,0.3894,1246.45,714.26,0.8755,1141.95,821.55,0.7541,1167.73,820.15,0.7679,1151.01,871.70,0.8207,1190.71,881.46,0.8170,1126.62,931.62,0.8426,1191.41,952.51,0.8752
782,top,1,970.93,368.57,1067.03,559.00,1020.84,384.75,0.8707,1023.63,381.49,0.8519,1016.66,381.96,0.8463,1029.21,384.75,0.8763,1010.15,385.68,0.8594,1042.23,401.02,0.7660,998.06,402.88,0.7409,1050.13,416.82,0.7401,977.60,423.80,0.8125,1058.04,437.28,0.7550,974.35,449.37,0.7356,1032.93,447.51,0.6481,1003.17,448.44,0.6251,1043.62,493.54,0.7456,997.13,493.07,0.7181,1050.13,533.98,0.7592,984.58,535.84,0.7344
782,bottom,0,1113.93,690.47,1245.71,973.96,1158.37,713.17,0.8208,1154.91,710.40,0.6262,1157.68,709.71,0.7172,1136.22,715.94,0.7721,1154.91,714.56,0.7768,1125.84,740.86,0.8750,1169.44,744.32,0.7004,1157.68,748.47,0.5696,1222.04,746.39,0.5605,1171.52,743.63,0.3636,1232.42,740.86,0.7435,1145.22,823.91,0.7570,1172.21,823.22,0.7558,1155.60,873.05,0.7863,1195.05,884.12,0.8189,1128.61,931.19,0.8376,1190.20,954.03,0.8687
783,top,1,961.97,371.48,1066.51,556.80,1017.41,387.68,0.8888,1020.58,383.60,0.8555,1013.34,384.51,0.8585,1026.01,386.77,0.8776,1007.46,388.13,0.8429,1039.58,403.96,0.7847,995.69,406.23,0.7535,1048.18,421.16,0.7500,977.59,426.59,0.7850,1058.58,442.42,0.7413,969.45,451.92,0.7402,1030.53,449.66,0.6590,1001.57,450.57,0.6539,1044.10,494.45,0.7493,992.52,494.45,0.7455,1050.89,530.20,0.7705,973.52,533.82,0.7929
783,bottom,0,1113.17,688.64,1230.55,972.31,1157.32,710.66,0.7491,1153.85,708.59,0.5272,1158.01,707.20,0.6819,1137.92,714.13,0.7485,1158.01,713.43,0.7300,1126.15,740.44,0.8797,1173.94,742.52,0.6511,1135.85,760.53,0.5192,1216.18,756.37,0.5365,1167.01,754.29,0.4392,1222.42,763.30,0.6880,1147.62,824.24,0.7314,1173.94,823.55,0.7105,1158.70,869.95,0.7896,1195.41,883.11,0.8142,1131.69,928.82,0.8161,1190.56,953.06,0.8428
784,top,1,959.14,377.11,1067.11,559.85,1016.70,389.96,0.8916,1019.82,386.39,0.8609,1012.23,387.28,0.8827,1024.73,389.96,0.8757,1005.99,392.19,0.8573,1037.66,408.25,0.7882,993.94,410.48,0.7561,1047.92,429.67,0.7601,976.10,432.79,0.7653,1059.97,451.08,0.7210,964.50,459.11,0.7317,1028.74,453.31,0.6494,999.74,454.65,0.6433,1044.80,496.14,0.7312,989.48,497.92,0.7215,1051.49,526.03,0.7641,968.96,536.74,0.7790
784,bottom,0,1114.23,684.12,1217.99,972.92,1152.01,705.13,0.7140,1150.60,702.31,0.5281,1154.13,701.60,0.6031,1138.61,708.66,0.6894,1159.06,707.24,0.7281,1127.33,736.86,0.8777,1182.33,738.27,0.7562,1125.22,776.34,0.8143,1207.01,773.52,0.7498,1147.78,760.83,0.5303,1210.53,790.44,0.6403,1148.49,820.76,0.7114,1178.10,820.76,0.6951,1155.54,866.59,0.7866,1195.02,880.69,0.7977,1133.68,924.41,0.7982,1192.20,949.79,0.8313
785,top,1,957.72,379.51,1070.87,559.82,1016.50,393.51,0.8983,1019.58,389.54,0.8577,1012.09,390.42,0.8791,1024.42,393.07,0.8824,1005.49,395.71,0.8734,1037.19,412.88,0.7826,994.49,415.08,0.7321,1045.99,434.01,0.7728,976.44,437.53,0.7650,1060.08,456.46,0.7987,961.91,461.30,0.7682,1026.18,458.66,0.6682,998.89,459.54,0.6534,1045.55,498.72,0.7477,988.32,501.80,0.7063,1051.71,522.05,0.7805,969.83,539.66,0.8045
785,bottom,0,1112.58,679.63,1215.43,969.50,1151.97,701.43,0.7119,1151.27,698.60,0.5219,1153.39,697.89,0.5546,1139.94,704.97,0.6655,1161.88,702.84,0.7248,1128.62,733.27,0.8598,1185.24,736.10,0.8099,1120.13,774.32,0.8488,1198.68,777.86,0.8053,1140.65,761.58,0.5427,1196.56,799.80,0.7173,1147.73,815.37,0.7191,1177.45,816.78,0.6971,1151.27,860.66,0.7878,1193.02,877.64,0.7813,1133.57,919.40,0.7870,1193.02,946.29,0.8475
786,top,1,956.43,381.35,1070.54,559.88,1017.41,394.34,0.8700,1020.46,390.85,0.8474,1013.05,391.72,0.8668,1025.25,394.78,0.8621,1006.51,397.39,0.8727,1037.02,414.39,0.7831,996.05,417.88,0.7207,1045.74,435.75,0.7806,979.05,438.36,0.7427,1060.56,457.98,0.8135,962.93,461.03,0.7862,1026.13,462.77,0.6552,999.10,463.21,0.6522,1047.48,500.69,0.7490,989.08,502.44,0.7173,1049.66,519.00,0.7973,969.90,539.05,0.7961
786,bottom,0,1108.41,675.58,1215.23,968.56,1153.24,697.61,0.6905,1151.81,694.75,0.5123,1155.38,694.03,0.5091,1141.79,700.47,0.6779,1164.68,699.04,0.7234,1129.63,729.08,0.8161,1186.85,732.66,0.8001,1116.76,772.00,0.8291,1192.58,779.87,0.7636,1136.79,764.85,0.5130,1180.42,792.74,0.4600,1146.08,811.34,0.6951,1176.84,811.34,0.6823,1146.08,857.83,0.7520,1192.58,875.00,0.7627,1131.06,915.06,0.7787,1194.72,942.24,0.8341
787,top,1,958.80,380.58,1071.05,559.66,1021.92,393.17,0.8213,1024.54,389.68,0.8212,1017.11,390.99,0.8234,1028.92,394.05,0.7969,1009.68,396.67,0.8694,1039.85,413.72,0.7694,998.31,417.22,0.6937,1048.15,436.02,0.7595,982.13,435.58,0.6957,1065.20,457.44,0.7889,966.83,455.69,0.7251,1026.29,462.25,0.6501,1000.50,463.13,0.6449,1047.71,498.54,0.7142,990.88,501.60,0.7107,1046.84,517.34,0.7964,969.89,537.89,0.7858
787,bottom,0,1106.70,674.54,1215.25,968.21,1156.67,695.91,0.6452,1155.24,692.32,0.5058,1160.25,691.61,0.5366,1143.76,698.06,0.6834,1166.71,697.34,0.7348,1129.43,728.89,0.8065,1187.50,731.04,0.8094,1114.37,769.04,0.8124,1191.08,778.36,0.7955,1133.73,774.77,0.5602,1170.29,785.53,0.4799,1144.48,810.62,0.6901,1175.31,812.05,0.6711,1140.18,857.22,0.7425,1191.08,875.86,0.7534,1127.99,915.29,0.7739,1196.10,942.54,0.8270
788,top,1,959.22,375.38,1083.96,560.22,1025.65,389.73,0.7968,1028.81,386.12,0.7823,1021.14,387.02,0.7858,1033.77,390.63,0.8152,1014.82,392.43,0.8416,1044.15,410.03,0.7587,1003.54,412.74,0.6954,1053.63,431.24,0.7718,987.74,430.34,0.7071,1071.68,453.36,0.7690,973.76,447.49,0.7046,1028.81,460.58,0.6488,1003.99,460.58,0.6373,1048.67,495.32,0.7299,994.51,499.39,0.7119,1041.90,517.44,0.7726,971.50,536.39,0.7770
788,bottom,0,1104.80,674.49,1215.36,971.92,1156.45,696.85,0.6580,1155.72,692.50,0.4919,1159.35,691.77,0.5251,1144.10,699.03,0.6953,1166.61,697.58,0.7502,1128.85,729.53,0.7949,1187.67,731.71,0.8045,1111.43,767.29,0.8095,1190.58,778.18,0.7747,1126.68,784.72,0.6656,1171.70,789.80,0.4549,1142.65,812.31,0.6874,1173.88,814.49,0.6734,1134.66,860.24,0.7417,1189.85,877.66,0.7587,1123.77,916.88,0.7605,1195.66,943.74,0.8333
789,top,1,960.33,367.74,1090.19,559.40,1032.28,384.96,0.7659,1035.56,381.68,0.7815,1027.60,382.15,0.7471,1039.77,385.89,0.7965,1021.05,387.29,0.8212,1050.53,405.54,0.7721,1008.42,407.42,0.7188,1062.70,426.60,0.7726,992.97,425.20,0.7009,1080.94,450.47,0.7687,978.94,442.04,0.6597,1031.81,457.48,0.6699,1007.01,456.55,0.6517,1050.53,493.05,0.7484,995.78,494.92,0.7322,1041.64,518.32,0.7756,970.98,537.03,0.8111
789,bottom,0,1100.94,676.84,1216.89,971.14,1156.76,698.25,0.6227,1155.32,693.94,0.4758,1159.63,693.22,0.5009,1143.82,700.41,0.6861,1166.82,698.97,0.7476,1128.74,731.30,0.7826,1187.65,733.46,0.8049,1110.77,767.95,0.8084,1190.53,778.01,0.7666,1120.83,788.07,0.7123,1173.28,793.81,0.4837,1140.95,815.37,0.6736,1172.56,817.52,0.6719,1130.17,862.07,0.7380,1186.93,880.75,0.7733,1120.11,917.39,0.7745,1193.40,945.42,0.8287
790,top,1,964.08,364.60,1095.91,559.07,1039.49,381.59,0.7565,1042.34,378.27,0.7641,1034.74,378.75,0.7209,1046.14,381.59,0.7598,1027.62,383.02,0.8454,1056.58,401.06,0.7809,1014.33,402.01,0.7305,1072.73,423.38,0.7564,998.66,420.53,0.7279,1088.39,444.27,0.7875,982.99,438.57,0.6994,1036.17,453.76,0.6746,1011.48,451.86,0.6565,1054.21,489.84,0.7434,996.29,490.32,0.7370,1041.86,519.28,0.7627,974.45,533.52,0.8148
790,bottom,0,1098.52,678.09,1216.58,972.31,1152.52,699.49,0.6598,1150.37,695.90,0.4836,1154.68,694.47,0.4661,1141.75,701.65,0.6924,1164.73,700.93,0.7340,1127.38,732.54,0.7693,1184.84,734.69,0.7971,1109.42,768.45,0.7995,1188.44,779.95,0.7673,1115.89,792.16,0.7607,1169.04,794.31,0.4800,1138.87,814.43,0.6563,1170.48,817.30,0.6670,1125.94,861.84,0.7475,1183.41,881.23,0.7686,1117.32,916.43,0.7895,1192.03,946.60,0.8250
791,top,1,965.20,361.55,1108.88,554.50,1045.05,379.83,0.7321,1047.88,376.06,0.7526,1040.81,376.53,0.7137,1052.12,378.42,0.7581,1033.27,379.83,0.8335,1061.54,397.73,0.7780,1020.56,398.20,0.7454,1076.61,416.57,0.7798,1003.60,417.51,0.7589,1094.98,434.94,0.7847,986.17,436.83,0.7610,1039.87,450.96,0.6786,1014.43,449.07,0.6629,1056.36,486.29,0.7504,997.95,487.70,0.7431,1042.22,519.26,0.7707,976.75,530.10,0.8331
791,bottom,0,1097.76,678.98,1215.68,971.17,1148.16,699.52,0.7024,1146.73,695.96,0.4837,1149.59,694.53,0.4910,1136.75,702.38,0.6906,1160.29,700.95,0.7371,1123.90,732.34,0.7906,1179.55,733.76,0.7885,1108.21,768.00,0.7795,1184.54,777.28,0.7291,1112.49,793.68,0.7540,1163.14,797.25,0.4468,1135.32,813.66,0.6488,1167.42,815.80,0.6649,1122.48,861.45,0.7491,1180.97,880.71,0.7623,1116.06,917.09,0.7855,1191.67,945.63,0.8111
792,top,1,966.24,355.26,1109.04,549.42,1048.07,370.33,0.7464,1051.39,367.02,0.7761,1043.33,367.49,0.7301,1056.13,371.76,0.7689,1036.70,373.18,0.8384,1065.61,393.56,0.8164,1024.85,393.56,0.7455,1080.78,412.05,0.7930,1005.88,413.94,0.7586,1099.27,429.11,0.8079,988.82,436.70,0.7593,1043.81,447.60,0.6843,1018.68,444.76,0.6580,1058.50,484.57,0.7844,1002.09,486.47,0.7704,1042.38,519.18,0.7732,978.39,527.71,0.8322
792,bottom,0,1097.52,676.38,1216.61,968.77,1143.50,699.08,0.6799,1139.93,695.51,0.4718,1147.07,694.08,0.5218,1131.37,701.22,0.6984,1155.64,699.79,0.7525,1119.23,731.20,0.8096,1174.20,731.92,0.8112,1106.38,767.61,0.7920,1177.05,773.32,0.6486,1109.95,794.74,0.7527,1162.06,798.30,0.3881,1130.65,812.58,0.6600,1162.06,814.72,0.6652,1117.80,859.70,0.7555,1178.48,877.54,0.7629,1115.66,917.52,0.8089,1192.05,941.08,0.8207
793,top,1,972.33,349.25,1110.69,543.71,1049.58,368.14,0.7204,1053.38,364.34,0.7400,1045.78,364.82,0.7205,1058.60,368.14,0.7808,1040.09,368.62,0.8330,1068.10,387.61,0.7913,1028.69,388.56,0.7336,1081.39,404.70,0.7420,1009.23,409.45,0.7780,1097.06,420.84,0.7466,994.98,433.66,0.7758,1047.21,443.63,0.6854,1023.47,441.25,0.6563,1059.55,482.56,0.7903,1007.80,483.98,0.7383,1042.93,518.16,0.7911,984.07,521.01,0.8181
793,bottom,0,1095.11,673.79,1215.74,966.75,1136.83,696.54,0.7286,1133.25,693.68,0.4929,1140.41,691.53,0.5260,1125.39,699.40,0.7117,1149.70,697.97,0.7547,1113.23,728.72,0.8198,1168.30,729.44,0.8102,1103.93,765.20,0.7721,1171.16,771.64,0.6387,1106.79,793.10,0.7362,1150.42,794.53,0.3908,1126.10,809.55,0.6375,1158.29,811.69,0.6467,1114.66,858.90,0.7489,1174.74,873.92,0.7356,1115.37,918.98,0.8316,1190.47,934.00,0.8054
794,top,0,980.77,342.66,1108.29,537.67,1050.72,359.71,0.7175,1054.53,355.90,0.7137,1046.91,356.38,0.7101,1060.24,359.71,0.7944,1041.67,360.66,0.7877,1070.71,380.66,0.7981,1031.20,382.56,0.7463,1082.61,400.18,0.7187,1012.15,406.37,0.7943,1096.90,417.32,0.6825,1003.11,431.12,0.7858,1051.67,437.31,0.6775,1028.82,435.41,0.6409,1059.29,480.16,0.7876,1015.96,478.73,0.7470,1042.15,517.77,0.7815,992.63,512.54,0.7851
794,bottom,1,1092.56,670.04,1213.78,960.98,1131.86,692.63,0.7330,1127.60,689.08,0.5323,1136.12,688.37,0.5307,1120.50,695.47,0.7277,1143.94,694.76,0.7686,1107.71,726.02,0.8183,1162.40,726.73,0.7982,1099.90,762.95,0.7703,1165.96,770.05,0.6824,1102.03,790.65,0.7293,1151.04,796.34,0.4301,1121.21,806.28,0.6508,1153.17,808.41,0.6497,1111.97,858.84,0.7626,1170.22,869.50,0.7457,1115.52,918.51,0.8439,1187.26,926.32,0.7979
795,top,1,990.61,331.20,1116.69,536.83,1053.15,350.68,0.7605,1056.66,347.67,0.7398,1049.13,348.17,0.7459,1062.18,352.19,0.8052,1044.11,353.69,0.7946,1071.22,374.28,0.7725,1034.57,375.28,0.7667,1081.26,394.86,0.6639,1017.50,398.88,0.8107,1095.82,413.94,0.6300,1013.49,422.97,0.7567,1055.66,432.51,0.6588,1032.56,431.51,0.6522,1057.16,476.69,0.7629,1023.03,475.18,0.7403,1044.61,515.34,0.8134,1003.45,500.78,0.7968
795,bottom,0,1087.72,666.13,1204.49,954.39,1125.70,689.21,0.6930,1120.77,684.99,0.5279,1132.03,684.29,0.5214,1114.44,691.32,0.7155,1138.37,690.62,0.7686,1102.47,722.29,0.8124,1157.37,722.29,0.7952,1095.44,760.29,0.7678,1160.89,765.92,0.6553,1097.55,788.44,0.7250,1148.22,793.37,0.4129,1116.55,803.93,0.6489,1148.22,805.34,0.6511,1110.92,858.82,0.7582,1165.11,864.45,0.7321,1115.14,918.64,0.8101,1180.59,917.23,0.7927
796,top,1,1001.74,328.80,1118.57,534.76,1055.63,342.78,0.7189,1058.65,339.26,0.6893,1051.61,340.77,0.6936,1064.18,343.79,0.7316,1046.07,345.29,0.7628,1073.23,365.91,0.7867,1038.03,368.42,0.7911,1078.76,390.04,0.6599,1022.95,395.58,0.8113,1097.86,413.17,0.6620,1026.97,422.22,0.6678,1060.15,425.74,0.6443,1038.53,424.74,0.6407,1057.14,472.00,0.7467,1030.49,466.98,0.7357,1046.07,514.24,0.8473,1014.40,497.14,0.7410
796,bottom,0,1083.87,662.04,1190.93,944.48,1120.85,685.35,0.6376,1116.02,680.52,0.4991,1125.68,679.83,0.5126,1111.20,686.04,0.6656,1133.95,684.66,0.7100,1098.09,717.76,0.8219,1152.57,717.76,0.7951,1091.20,757.75,0.7718,1158.77,763.27,0.7129,1092.58,784.65,0.7054,1149.81,792.92,0.4996,1113.26,800.50,0.6518,1143.60,801.19,0.6664,1110.51,857.74,0.7935,1158.09,859.81,0.7539,1115.33,918.42,0.8370,1173.26,910.83,0.8152
797,top,4,1015.46,322.41,1128.69,535.43,1056.99,337.91,0.6726,1060.11,334.79,0.6370,1052.83,335.31,0.6661,1065.83,338.43,0.7126,1048.15,339.99,0.7267,1074.15,359.75,0.7773,1041.39,363.39,0.8005,1077.27,386.27,0.5967,1028.39,391.48,0.7914,1096.00,408.64,0.4600,1037.75,410.72,0.6686,1063.75,420.08,0.6608,1043.47,419.04,0.6585,1060.11,464.29,0.7585,1037.23,460.13,0.7157,1050.75,508.49,0.8133,1022.67,487.17,0.7573
797,bottom,0,1079.54,655.47,1179.25,942.59,1116.78,680.56,0.6021,1113.27,675.66,0.4856,1120.98,674.95,0.4769,1107.66,681.26,0.6797,1130.80,679.86,0.7017,1094.35,713.51,0.8002,1149.02,713.51,0.7846,1087.34,754.87,0.7626,1156.73,760.47,0.7060,1088.04,780.80,0.6918,1147.62,790.62,0.5688,1111.17,799.73,0.6572,1140.61,799.73,0.6753,1109.07,857.91,0.7910,1150.42,855.81,0.7621,1114.67,918.90,0.8169,1165.15,904.17,0.7612
798,top,4,1024.74,317.54,1138.66,530.31,1060.92,332.50,0.7731,1063.00,329.91,0.7688,1055.73,330.43,0.7454,1067.16,334.58,0.7279,1048.98,336.14,0.8278,1074.95,355.88,0.7527,1044.30,359.00,0.8056,1077.55,383.41,0.5733,1033.39,388.60,0.7923,1089.49,409.90,0.2863,1050.53,401.59,0.6348,1067.68,416.65,0.6560,1046.90,416.65,0.6365,1064.56,460.81,0.7517,1043.26,456.65,0.7310,1055.21,504.44,0.8234,1030.80,482.62,0.7700
798,bottom,0,1075.06,652.29,1165.20,940.18,1113.80,676.05,0.6151,1110.29,671.13,0.5077,1118.72,670.43,0.5132,1103.96,676.75,0.7078,1126.45,675.35,0.7484,1089.90,709.79,0.8125,1144.73,709.08,0.7991,1080.77,751.96,0.8150,1154.57,756.17,0.7315,1084.28,775.86,0.7311,1148.94,789.21,0.6175,1108.88,796.94,0.6871,1139.10,796.24,0.7071,1108.18,855.98,0.8226,1142.62,850.36,0.7763,1115.21,916.43,0.8478,1154.57,899.56,0.7701
799,top,4,1031.83,317.76,1143.73,526.19,1064.88,333.95,0.7477,1067.43,330.89,0.7479,1060.30,331.91,0.7359,1070.99,334.96,0.7005,1052.67,336.49,0.7939,1076.59,354.81,0.7254,1046.56,358.37,0.8012,1078.62,381.78,0.5746,1038.42,388.90,0.7857,1090.33,404.68,0.3245,1063.87,395.52,0.5774,1069.97,415.36,0.6547,1050.13,415.87,0.6385,1069.97,457.60,0.7287,1049.11,455.56,0.7349,1059.29,499.83,0.8065,1037.41,481.00,0.7413
799,bottom,0,1070.64,648.96,1158.94,938.10,1111.26,672.11,0.6062,1107.73,667.17,0.5005,1114.79,666.46,0.5400,1100.67,673.52,0.7126,1121.85,672.11,0.7602,1086.55,707.41,0.8126,1141.62,705.29,0.8090,1075.97,749.06,0.8186,1152.20,751.88,0.7923,1081.61,769.53,0.7229,1149.38,787.17,0.7419,1106.32,793.53,0.6904,1134.56,792.82,0.7174,1107.03,853.53,0.8286,1134.56,843.65,0.7775,1114.79,916.36,0.8495,1144.44,895.89,0.7673
800,top,3,1035.11,318.78,1147.92,522.15,1066.20,334.07,0.7364,1068.18,330.60,0.7186,1061.23,332.09,0.7117,1072.65,334.57,0.7121,1054.28,336.56,0.7329,1077.12,354.93,0.7257,1049.31,359.39,0.8000,1080.59,382.73,0.5775,1042.86,390.18,0.7678,1094.99,405.57,0.2918,1070.17,387.20,0.5991,1073.15,413.51,0.6469,1053.78,414.51,0.6257,1077.61,455.22,0.7441,1054.78,455.22,0.7325,1063.22,495.44,0.7722,1043.36,486.00,0.7156
800,bottom,0,1065.51,646.33,1157.22,935.85,1108.54,670.22,0.5939,1105.00,665.28,0.4595,1112.78,664.57,0.5161,1097.23,671.64,0.7015,1118.43,670.22,0.7778,1083.80,705.57,0.8170,1138.22,703.44,0.8136,1071.08,747.98,0.8473,1149.53,749.39,0.7983,1079.56,764.23,0.7300,1150.24,786.15,0.7717,1102.88,792.51,0.6971,1130.45,791.09,0.7254,1105.71,851.88,0.8329,1129.04,840.57,0.7738,1114.19,915.50,0.8577,1136.10,893.58,0.8095
801,top,4,1036.96,319.35,1106.45,515.63,1066.43,336.51,0.7205,1068.35,332.67,0.7108,1061.64,334.11,0.6874,1073.14,336.51,0.7099,1055.89,338.90,0.7651,1079.85,357.11,0.7468,1052.54,360.95,0.8008,1080.33,381.07,0.6231,1046.79,391.61,0.8081,1096.14,396.41,0.6153,1069.31,383.95,0.5743,1076.02,414.14,0.6684,1056.85,416.05,0.6367,1085.12,454.39,0.7524,1059.24,457.27,0.7494,1067.87,491.29,0.7703,1044.87,487.46,0.7754
801,bottom,0,1061.14,645.55,1158.31,936.86,1104.04,669.59,0.6369,1099.77,664.61,0.4937,1107.59,664.61,0.5244,1093.37,671.72,0.7297,1115.42,669.59,0.8021,1079.86,705.15,0.8257,1134.62,703.02,0.8068,1067.77,747.11,0.8416,1148.13,747.11,0.8237,1075.59,758.49,0.6662,1150.98,784.09,0.8045,1101.19,791.92,0.7005,1127.51,790.50,0.7341,1105.46,852.37,0.8319,1123.24,837.44,0.7500,1114.71,916.38,0.8479,1126.80,886.51,0.7426
802,top,3,1036.56,321.65,1118.06,509.22,1068.61,338.04,0.7050,1070.90,334.38,0.6581,1063.57,335.75,0.6705,1076.39,338.50,0.7215,1058.99,341.25,0.7100,1082.35,359.56,0.7711,1055.33,362.77,0.7972,1084.18,383.83,0.6353,1050.75,392.08,0.7985,1102.04,395.28,0.7065,1073.19,376.05,0.7126,1079.14,416.35,0.6779,1058.99,418.64,0.6580,1093.80,452.07,0.7551,1063.11,459.85,0.7617,1074.56,487.33,0.7711,1046.17,489.16,0.7889
802,bottom,0,1058.17,646.27,1161.63,937.71,1099.94,669.61,0.6713,1097.09,664.63,0.5286,1102.78,664.63,0.5911,1090.69,671.74,0.7348,1112.03,669.61,0.7994,1077.17,704.47,0.8458,1131.24,702.34,0.8225,1063.65,747.16,0.8425,1146.90,745.74,0.8299,1072.19,757.12,0.6475,1151.88,783.45,0.8276,1099.94,790.57,0.7107,1124.84,789.85,0.7439,1104.92,851.76,0.8294,1119.15,838.24,0.7254,1115.59,915.79,0.8074,1117.01,887.33,0.6777
803,top,1,1036.82,323.61,1121.16,505.70,1073.66,339.52,0.7082,1075.88,335.08,0.6524,1068.77,336.41,0.6386,1080.33,339.08,0.6448,1062.99,341.75,0.7235,1084.77,358.64,0.7560,1058.99,362.64,0.7600,1087.88,380.42,0.6372,1051.43,391.09,0.7752,1106.11,389.31,0.7575,1070.10,376.42,0.6215,1081.21,415.10,0.6705,1062.10,418.21,0.6423,1099.89,449.77,0.7762,1066.10,459.55,0.7521,1081.66,482.23,0.7474,1046.09,489.34,0.8133
803,bottom,0,1053.79,645.98,1162.09,937.09,1097.28,669.29,0.6748,1094.44,665.03,0.5262,1100.12,665.03,0.5920,1087.33,672.13,0.7646,1108.65,669.29,0.8048,1073.83,704.83,0.8676,1127.84,702.70,0.8403,1060.33,747.47,0.8621,1144.19,746.05,0.8464,1068.85,756.71,0.6516,1152.01,783.00,0.8415,1096.57,789.40,0.7316,1122.16,789.40,0.7610,1103.68,850.52,0.7993,1113.63,838.44,0.7182,1117.18,915.20,0.8140,1105.81,886.77,0.6725
804,top,3,1037.65,321.62,1128.72,504.47,1078.72,337.16,0.6651,1080.95,333.14,0.6233,1073.81,334.03,0.6077,1084.53,337.16,0.6115,1067.56,339.84,0.6963,1087.65,357.69,0.6503,1063.54,359.48,0.6887,1090.77,377.78,0.5402,1053.28,387.16,0.7309,1110.86,383.14,0.6235,1071.58,370.19,0.5938,1084.08,415.73,0.6670,1065.78,419.30,0.6564,1105.95,446.53,0.7300,1068.45,458.58,0.7117,1086.76,475.99,0.7295,1046.13,488.94,0.7751
804,bottom,0,1050.27,646.36,1162.36,937.32,1094.24,669.66,0.6877,1092.11,665.40,0.5347,1097.08,665.40,0.6092,1085.01,671.79,0.7706,1105.61,669.66,0.7925,1070.80,703.05,0.8642,1124.78,702.34,0.8369,1057.30,746.38,0.8537,1141.83,745.67,0.8500,1065.83,755.61,0.6741,1151.78,783.32,0.8265,1093.53,789.00,0.7215,1119.10,788.29,0.7498,1101.34,850.09,0.7732,1107.03,839.43,0.7041,1116.26,913.31,0.8308,1097.08,881.34,0.6814
805,top,1,1037.09,316.45,1133.75,507.05,1082.63,333.57,0.6689,1084.49,329.85,0.6502,1077.51,330.78,0.6079,1088.21,333.57,0.6137,1071.46,336.37,0.6830,1090.07,354.51,0.6280,1068.20,356.37,0.6944,1095.19,372.66,0.4842,1054.71,381.97,0.7369,1116.60,376.38,0.5892,1074.72,366.61,0.5289,1087.75,411.28,0.6750,1069.60,414.54,0.6642,1110.08,442.00,0.7375,1070.53,455.03,0.7334,1092.87,470.85,0.7479,1046.80,487.14,0.7736
805,bottom,0,1047.46,644.51,1160.23,934.08,1091.12,667.69,0.7056,1089.00,664.16,0.5366,1094.65,663.45,0.6153,1082.63,669.82,0.7909,1104.55,668.40,0.8156,1068.49,700.92,0.8719,1121.52,701.63,0.8487,1054.35,744.05,0.8428,1138.48,744.75,0.8567,1060.72,754.65,0.6920,1150.50,782.22,0.8185,1089.70,787.17,0.7441,1114.45,787.17,0.7667,1098.19,847.97,0.7842,1103.84,837.37,0.7159,1113.74,909.48,0.8300,1093.94,878.37,0.7198
806,top,1,1036.36,312.89,1123.10,506.34,1087.29,329.80,0.6992,1089.18,325.55,0.6694,1082.57,326.49,0.6330,1092.48,329.80,0.6410,1075.95,331.69,0.7211,1092.96,349.16,0.6638,1071.70,351.52,0.7309,1095.79,368.53,0.4606,1058.01,376.56,0.7412,1118.46,369.94,0.5297,1079.73,357.66,0.5988,1092.96,405.84,0.6816,1075.48,408.67,0.6587,1112.79,438.43,0.7461,1073.59,451.65,0.7484,1100.51,467.24,0.8189,1047.62,485.66,0.8306
806,bottom,0,1046.07,642.42,1156.57,933.32,1089.96,665.71,0.7042,1087.83,661.45,0.5456,1092.80,661.45,0.6151,1081.43,667.13,0.7837,1102.74,665.71,0.8210,1065.81,698.38,0.8652,1119.08,700.51,0.8533,1052.32,740.28,0.8339,1136.12,743.12,0.8552,1057.29,757.33,0.6968,1148.19,780.77,0.8270,1084.99,782.90,0.7473,1109.84,782.90,0.7637,1092.80,843.26,0.7835,1101.32,833.32,0.7330,1110.55,904.34,0.8242,1093.51,877.35,0.7380
807,top,1,1040.12,309.05,1131.18,505.35,1090.45,327.64,0.6569,1093.32,322.85,0.6065,1086.61,323.81,0.5779,1098.11,326.69,0.6326,1080.86,328.12,0.6661,1098.11,346.34,0.6202,1078.46,346.81,0.6979,1100.51,365.03,0.4217,1062.65,372.69,0.7277,1123.03,365.50,0.5387,1084.21,354.96,0.5982,1099.07,402.41,0.6685,1081.82,405.28,0.6522,1113.93,435.47,0.6871,1078.94,450.33,0.7462,1108.18,464.23,0.8345,1050.19,484.36,0.8413
807,bottom,0,1042.42,639.36,1155.24,929.90,1088.90,661.91,0.6743,1086.77,657.66,0.5508,1092.45,657.66,0.6024,1079.68,664.04,0.7600,1100.96,662.62,0.8087,1064.08,694.54,0.8366,1116.57,698.09,0.8381,1049.18,736.39,0.8263,1132.88,739.94,0.8482,1052.02,759.09,0.7424,1144.23,777.54,0.8250,1081.10,778.95,0.7265,1105.93,778.95,0.7333,1085.36,838.54,0.7822,1098.83,827.19,0.7468,1104.51,893.16,0.7739,1092.45,876.13,0.7155
808,top,1,1037.90,304.82,1140.50,505.94,1097.06,323.38,0.6708,1099.03,318.47,0.6477,1092.64,320.43,0.6126,1102.95,323.87,0.6349,1086.75,325.83,0.6989,1102.95,344.49,0.6300,1084.29,344.98,0.6978,1104.92,363.64,0.4115,1069.56,369.53,0.7197,1127.51,364.62,0.5343,1091.66,352.84,0.5812,1103.94,399.98,0.6755,1087.24,403.41,0.6475,1116.70,432.88,0.6809,1086.26,448.59,0.7236,1115.72,461.85,0.8064,1055.81,480.51,0.7733
808,bottom,0,1039.22,633.69,1148.12,923.07,1087.31,657.57,0.6537,1085.19,653.33,0.5118,1091.55,652.62,0.5392,1077.42,658.98,0.7556,1098.62,658.98,0.7884,1061.17,689.36,0.8195,1114.16,695.02,0.8210,1047.04,731.05,0.8072,1129.70,737.41,0.8279,1046.33,760.01,0.7629,1139.59,773.44,0.7940,1075.30,775.56,0.7117,1100.74,775.56,0.7161,1078.13,832.08,0.8024,1095.79,824.30,0.7822,1094.38,879.41,0.7625,1092.96,875.88,0.7056
809,top,1,1043.69,305.82,1144.04,506.27,1103.65,323.83,0.6431,1105.61,319.42,0.6285,1099.25,321.38,0.6049,1109.04,324.80,0.6125,1092.40,326.76,0.6896,1110.02,345.36,0.6259,1089.95,344.87,0.6948,1111.00,366.40,0.3893,1076.74,370.32,0.7027,1132.53,365.42,0.4979,1097.78,354.17,0.5789,1108.55,398.70,0.6419,1092.89,401.15,0.6216,1120.78,432.96,0.6722,1094.85,445.69,0.7021,1121.76,460.86,0.7800,1063.03,475.05,0.6992
809,bottom,0,1034.40,629.59,1142.76,910.31,1084.47,654.13,0.6677,1080.36,649.33,0.4820,1089.95,648.64,0.5099,1074.87,655.50,0.7659,1096.12,655.50,0.7881,1058.43,686.34,0.8339,1111.20,691.14,0.8272,1044.03,727.46,0.8099,1126.96,735.00,0.8101,1041.29,759.67,0.7778,1135.19,770.64,0.7874,1071.45,771.32,0.7235,1097.49,770.64,0.7378,1070.08,826.84,0.8304,1095.43,821.36,0.7931,1086.52,872.07,0.7973,1094.06,876.18,0.7608
810,top,1,1052.89,309.58,1146.95,499.87,1111.54,327.14,0.6434,1112.46,323.42,0.6073,1107.35,324.35,0.5809,1114.79,327.14,0.5357,1099.92,329.00,0.6560,1113.86,348.51,0.6136,1096.67,348.05,0.6893,1115.72,367.56,0.4183,1084.59,373.13,0.7063,1137.09,367.09,0.5438,1106.89,359.20,0.5206,1112.93,401.47,0.6214,1097.60,404.26,0.6230,1125.01,434.92,0.7176,1101.31,446.07,0.6983,1123.61,462.34,0.7678,1069.26,473.95,0.7164
810,bottom,0,1029.47,625.44,1135.78,899.67,1079.95,649.41,0.6541,1076.60,644.72,0.4721,1085.30,643.39,0.4761,1070.58,650.75,0.7572,1092.00,651.42,0.7722,1055.18,681.55,0.8274,1108.07,686.23,0.8196,1041.12,723.72,0.8034,1122.80,730.42,0.7991,1035.76,757.87,0.7731,1129.49,765.23,0.7789,1067.23,765.90,0.7246,1094.01,765.90,0.7496,1061.87,820.13,0.8309,1092.67,820.13,0.8480,1077.27,864.99,0.7855,1093.34,874.36,0.8333
811,top,3,1059.92,311.69,1149.83,499.64,1117.73,329.50,0.6774,1119.10,326.28,0.6203,1114.51,327.20,0.5937,1120.02,329.95,0.5223,1107.63,331.79,0.6841,1118.64,350.14,0.6383,1104.42,350.60,0.7176,1120.48,371.71,0.4571,1094.32,377.22,0.6912,1141.13,368.96,0.5979,1117.27,368.50,0.5375,1116.81,403.83,0.6379,1103.04,407.04,0.6517,1130.11,435.03,0.7215,1109.47,446.97,0.7093,1123.23,463.94,0.7773,1078.72,474.96,0.7103
811,bottom,0,1025.03,621.14,1129.96,896.87,1075.47,645.24,0.6518,1071.43,640.53,0.4896,1080.86,639.85,0.4620,1066.72,646.58,0.7535,1088.26,647.26,0.7682,1051.24,678.22,0.8156,1104.42,682.26,0.8229,1037.10,719.29,0.7957,1118.56,726.02,0.7823,1031.04,754.97,0.7623,1123.27,759.68,0.7654,1062.01,761.70,0.7115,1089.61,762.37,0.7398,1053.26,812.86,0.8186,1090.96,818.92,0.8468,1066.72,862.00,0.7953,1092.30,874.79,0.8395
812,top,1,1069.22,312.56,1164.25,494.65,1122.07,330.70,0.7054,1123.40,328.03,0.6625,1118.51,328.47,0.6023,1125.62,332.03,0.5701,1111.84,333.81,0.6532,1124.29,351.15,0.6699,1110.06,352.93,0.7125,1128.29,370.71,0.5451,1102.51,380.49,0.6830,1149.18,364.48,0.7060,1123.40,369.37,0.4775,1120.73,404.94,0.6294,1107.40,408.50,0.6392,1137.18,432.06,0.7218,1114.06,449.40,0.7079,1124.73,463.18,0.7310,1083.39,475.62,0.7241
812,bottom,0,1021.04,618.77,1123.77,895.46,1071.73,640.93,0.6703,1068.35,636.20,0.5265,1075.78,636.20,0.4929,1062.27,642.95,0.7446,1083.89,643.63,0.7748,1046.06,675.38,0.8226,1100.78,678.76,0.8392,1033.90,715.91,0.8050,1113.61,721.99,0.7816,1026.47,753.06,0.7743,1116.99,755.09,0.7517,1056.87,757.12,0.6949,1085.91,757.79,0.7241,1044.71,806.43,0.8026,1089.29,815.89,0.8377,1052.81,859.12,0.8260,1091.99,873.98,0.8629
813,top,3,1070.18,311.73,1157.95,489.26,1124.47,328.55,0.6764,1125.77,325.51,0.6039,1120.57,325.95,0.5690,1127.94,329.41,0.5567,1114.50,331.15,0.6086,1126.20,349.35,0.6481,1115.37,349.35,0.7199,1131.40,368.42,0.4983,1108.43,377.09,0.6333,1151.34,356.72,0.5868,1127.07,360.62,0.4582,1124.04,403.53,0.5820,1111.03,407.00,0.6198,1139.64,431.27,0.7159,1114.50,449.04,0.6826,1125.34,463.34,0.7119,1083.73,477.21,0.7121
813,bottom,0,1015.04,615.59,1118.35,891.94,1067.37,639.07,0.7462,1064.67,635.02,0.5538,1068.72,634.35,0.5212,1057.25,641.10,0.7630,1078.84,641.77,0.7963,1042.41,672.13,0.8480,1095.71,676.18,0.8793,1029.59,713.96,0.8184,1109.20,720.71,0.7831,1021.50,751.74,0.7745,1111.23,751.74,0.7357,1052.53,753.09,0.7078,1082.22,753.77,0.7397,1036.34,801.67,0.8175,1086.94,815.16,0.8407,1039.04,857.66,0.8494,1091.66,875.21,0.8995
814,top,3,1069.47,307.11,1156.05,489.46,1124.78,321.27,0.6757,1126.56,318.60,0.5805,1121.22,319.04,0.5442,1128.34,322.16,0.5546,1116.32,323.94,0.6228,1128.34,342.64,0.6685,1117.21,342.19,0.7786,1135.91,357.33,0.5532,1111.43,368.90,0.7084,1151.49,343.08,0.6398,1127.90,352.88,0.5386,1126.12,397.40,0.6269,1112.32,400.51,0.6316,1141.25,430.34,0.7496,1110.09,442.81,0.7094,1125.67,462.40,0.7486,1082.04,473.53,0.8121
814,bottom,0,1010.22,614.70,1111.37,893.16,1062.84,637.68,0.7639,1060.80,633.60,0.5793,1063.52,632.92,0.5324,1052.64,639.72,0.7605,1073.71,639.72,0.7894,1037.68,671.67,0.8373,1091.39,674.39,0.8775,1025.45,711.78,0.8275,1104.31,718.58,0.7873,1017.29,750.53,0.7949,1104.98,747.81,0.7231,1047.88,751.21,0.6951,1077.79,752.57,0.7278,1028.85,798.12,0.8076,1084.59,813.07,0.8369,1024.77,855.22,0.8440,1091.39,874.94,0.8814
815,top,1,1065.47,296.85,1148.70,491.73,1122.31,313.88,0.6235,1123.74,311.03,0.5375,1118.98,310.55,0.5117,1126.60,313.40,0.5893,1116.13,315.31,0.5826,1130.88,334.81,0.6492,1116.60,334.34,0.6771,1138.01,347.66,0.5159,1112.32,352.89,0.6814,1148.48,325.30,0.5049,1123.26,328.15,0.5981,1127.07,391.43,0.6289,1113.75,392.86,0.6385,1138.97,428.07,0.7680,1108.99,432.35,0.7026,1124.69,463.28,0.7691,1078.07,468.03,0.7955
815,bottom,0,991.36,613.90,1106.32,892.86,1058.37,637.60,0.7955,1056.33,634.20,0.6204,1059.06,633.52,0.5342,1048.16,640.33,0.7654,1068.59,639.65,0.7557,1032.49,670.98,0.8463,1086.30,673.02,0.8706,1020.92,711.84,0.7951,1099.24,717.97,0.7846,1012.06,749.98,0.7816,1098.56,743.85,0.6909,1042.71,749.98,0.6795,1074.04,750.66,0.7273,1021.60,795.61,0.7876,1082.21,811.95,0.8104,1012.74,854.18,0.8576,1090.38,873.93,0.8957
816,top,,,,,,,,,,,,,,,,,,,,,,,,,,,,,,,,,,,,,,,,,,,,,,,,,,,,,,,,
816,bottom,,,,,,,,,,,,,,,,,,,,,,,,,,,,,,,,,,,,,,,,,,,,,,,,,,,,,,,,
817,top,,,,,,,,,,,,,,,,,,,,,,,,,,,,,,,,,,,,,,,,,,,,,,,,,,,,,,,,
817,bottom,,,,,,,,,,,,,,,,,,,,,,,,,,,,,,,,,,,,,,,,,,,,,,,,,,,,,,,,
818,top,,,,,,,,,,,,,,,,,,,,,,,,,,,,,,,,,,,,,,,,,,,,,,,,,,,,,,,,
818,bottom,,,,,,,,,,,,,,,,,,,,,,,,,,,,,,,,,,,,,,,,,,,,,,,,,,,,,,,,
819,top,,,,,,,,,,,,,,,,,,,,,,,,,,,,,,,,,,,,,,,,,,,,,,,,,,,,,,,,
819,bottom,,,,,,,,,,,,,,,,,,,,,,,,,,,,,,,,,,,,,,,,,,,,,,,,,,,,,,,,
820,top,,,,,,,,,,,,,,,,,,,,,,,,,,,,,,,,,,,,,,,,,,,,,,,,,,,,,,,,
820,bottom,,,,,,,,,,,,,,,,,,,,,,,,,,,,,,,,,,,,,,,,,,,,,,,,,,,,,,,,
821,top,,,,,,,,,,,,,,,,,,,,,,,,,,,,,,,,,,,,,,,,,,,,,,,,,,,,,,,,
821,bottom,,,,,,,,,,,,,,,,,,,,,,,,,,,,,,,,,,,,,,,,,,,,,,,,,,,,,,,,
822,top,,,,,,,,,,,,,,,,,,,,,,,,,,,,,,,,,,,,,,,,,,,,,,,,,,,,,,,,
822,bottom,,,,,,,,,,,,,,,,,,,,,,,,,,,,,,,,,,,,,,,,,,,,,,,,,,,,,,,,
823,top,,,,,,,,,,,,,,,,,,,,,,,,,,,,,,,,,,,,,,,,,,,,,,,,,,,,,,,,
823,bottom,,,,,,,,,,,,,,,,,,,,,,,,,,,,,,,,,,,,,,,,,,,,,,,,,,,,,,,,
824,top,,,,,,,,,,,,,,,,,,,,,,,,,,,,,,,,,,,,,,,,,,,,,,,,,,,,,,,,
824,bottom,,,,,,,,,,,,,,,,,,,,,,,,,,,,,,,,,,,,,,,,,,,,,,,,,,,,,,,,
825,top,,,,,,,,,,,,,,,,,,,,,,,,,,,,,,,,,,,,,,,,,,,,,,,,,,,,,,,,
825,bottom,,,,,,,,,,,,,,,,,,,,,,,,,,,,,,,,,,,,,,,,,,,,,,,,,,,,,,,,
826,top,,,,,,,,,,,,,,,,,,,,,,,,,,,,,,,,,,,,,,,,,,,,,,,,,,,,,,,,
826,bottom,,,,,,,,,,,,,,,,,,,,,,,,,,,,,,,,,,,,,,,,,,,,,,,,,,,,,,,,
827,top,,,,,,,,,,,,,,,,,,,,,,,,,,,,,,,,,,,,,,,,,,,,,,,,,,,,,,,,
827,bottom,,,,,,,,,,,,,,,,,,,,,,,,,,,,,,,,,,,,,,,,,,,,,,,,,,,,,,,,
828,top,,,,,,,,,,,,,,,,,,,,,,,,,,,,,,,,,,,,,,,,,,,,,,,,,,,,,,,,
828,bottom,,,,,,,,,,,,,,,,,,,,,,,,,,,,,,,,,,,,,,,,,,,,,,,,,,,,,,,,
829,top,1,1088.06,291.52,1157.90,477.27,1115.27,307.76,0.7690,1118.45,304.58,0.7415,1111.19,305.04,0.7536,1123.44,308.67,0.8296,1105.75,309.57,0.8322,1136.13,328.62,0.7766,1098.04,331.34,0.7939,1145.20,356.73,0.7859,1098.04,361.27,0.7470,1139.76,378.05,0.7608,1116.18,353.11,0.5306,1132.51,383.49,0.6678,1108.93,384.85,0.6807,1142.03,422.94,0.7429,1108.02,424.76,0.7552,1145.20,457.86,0.8419,1102.12,461.04,0.8236
829,bottom,0,884.24,624.67,1096.30,855.42,994.41,645.47,0.9156,993.72,642.71,0.5858,993.72,643.40,0.5483,984.75,647.55,0.7586,1003.39,648.93,0.7563,967.49,676.54,0.8987,1019.95,679.30,0.9200,948.16,712.43,0.8856,1039.28,722.10,0.8531,935.74,748.33,0.8906,1044.11,750.40,0.8262,977.85,744.19,0.8066,1008.91,744.88,0.8317,940.57,780.08,0.9278,1046.18,785.60,0.9388,908.13,827.71,0.9602,1080.01,836.68,0.9293
830,top,1,1083.89,304.72,1158.14,477.78,1118.90,318.16,0.7557,1122.28,315.62,0.7486,1114.25,316.05,0.7469,1126.51,320.69,0.7813,1107.92,321.12,0.8280,1137.07,343.93,0.7362,1097.78,343.93,0.7468,1140.03,373.08,0.7153,1092.71,373.51,0.7408,1131.58,396.74,0.6949,1112.14,375.62,0.5406,1129.04,392.10,0.6165,1104.96,393.79,0.6038,1143.41,429.70,0.6721,1104.54,433.08,0.6751,1144.25,460.12,0.8089,1099.47,461.81,0.7661
830,bottom,0,870.62,635.76,1097.65,856.78,985.62,656.11,0.9531,984.88,653.16,0.6816,984.88,652.42,0.6478,977.49,657.59,0.8447,994.49,657.59,0.8308,961.97,686.41,0.8661,1012.96,687.15,0.8787,944.97,722.62,0.8878,1034.39,728.54,0.8738,929.45,759.58,0.8326,1024.79,752.19,0.7558,976.01,752.92,0.7815,1004.83,753.66,0.7935,933.15,782.49,0.9094,1045.48,790.61,0.8939,899.15,829.78,0.9547,1080.95,839.39,0.9018
831,top,1,1080.02,314.50,1158.55,478.40,1116.88,328.42,0.6739,1120.89,326.02,0.6628,1113.28,326.02,0.6712,1125.69,330.83,0.7862,1107.68,330.83,0.7620,1135.29,352.43,0.7337,1096.08,351.23,0.7131,1134.09,382.04,0.6987,1085.67,376.44,0.7058,1121.29,405.25,0.6209,1102.08,388.05,0.5745,1125.69,394.85,0.6225,1100.48,396.85,0.5922,1145.30,432.06,0.6725,1098.48,431.26,0.6595,1144.50,460.87,0.8038,1094.08,461.67,0.7987
831,bottom,0,864.03,642.61,1098.59,855.54,972.91,664.32,0.9252,971.39,660.51,0.6697,972.15,659.74,0.6320,965.28,665.85,0.8128,982.84,664.32,0.7807,952.30,694.87,0.8623,1003.46,693.34,0.8301,938.56,735.33,0.8599,1024.07,733.04,0.9088,924.05,769.69,0.7980,999.64,746.79,0.5731,971.39,759.77,0.7641,999.64,759.77,0.7926,926.34,782.67,0.8970,1040.87,791.84,0.8723,892.74,830.78,0.9540,1079.05,838.41,0.8897
832,top,1,1071.18,319.29,1157.99,478.57,1111.86,333.21,0.8468,1115.75,330.87,0.8069,1108.36,330.87,0.8149,1121.20,335.15,0.8777,1102.14,335.54,0.8650,1130.92,356.54,0.7775,1090.86,354.21,0.7527,1126.64,385.32,0.6869,1077.25,373.26,0.7264,1110.70,407.87,0.6474,1085.81,395.82,0.6968,1120.81,397.76,0.6687,1094.75,398.93,0.6145,1142.59,433.15,0.6854,1089.70,432.76,0.6562,1144.14,461.54,0.8077,1085.81,459.60,0.7519
832,bottom,0,862.51,644.67,1097.01,855.55,955.33,666.91,0.8927,954.57,663.86,0.6716,956.86,663.09,0.6109,949.99,669.20,0.7851,968.31,667.67,0.7545,938.54,698.21,0.9066,985.86,693.63,0.8476,932.43,740.19,0.8465,1008.00,734.85,0.8684,920.22,773.01,0.8045,978.23,741.72,0.5379,963.73,766.91,0.7935,991.21,765.38,0.8356,917.16,779.12,0.8751,1033.95,797.44,0.8290,891.21,831.03,0.9491,1078.23,838.66,0.9220
833,top,1,1061.34,318.04,1157.63,480.11,1103.55,334.19,0.7747,1106.71,331.42,0.7570,1099.59,331.81,0.7424,1111.46,336.16,0.8173,1092.47,336.16,0.8247,1123.33,356.74,0.7707,1079.81,355.16,0.7486,1118.58,386.42,0.7398,1069.91,373.36,0.5229,1100.38,405.41,0.7020,1071.50,393.14,0.5667,1114.23,398.68,0.6792,1085.74,399.08,0.6509,1137.58,435.09,0.7273,1079.02,431.13,0.7020,1143.91,460.80,0.8149,1074.27,461.60,0.7276
833,bottom,0,859.09,646.92,1098.16,855.29,931.15,667.06,0.9801,929.60,663.94,0.8169,931.93,663.17,0.6212,931.15,667.84,0.7988,945.94,666.28,0.7572,922.59,700.52,0.9438,966.95,690.40,0.9141,924.15,743.32,0.7829,983.29,728.54,0.6841,911.70,778.34,0.7324,951.39,751.11,0.4422,954.50,767.45,0.7978,982.51,765.89,0.8145,904.69,772.12,0.8335,1021.43,802.47,0.8003,889.13,830.49,0.9145,1075.12,838.27,0.8987
834,top,1,1047.12,316.84,1157.52,480.49,1089.53,332.74,0.7427,1093.53,329.94,0.7145,1086.34,330.34,0.7280,1099.52,333.94,0.8386,1080.74,334.74,0.7969,1113.11,354.71,0.7567,1069.16,353.11,0.7292,1111.51,383.88,0.7441,1056.37,369.10,0.5945,1092.33,404.65,0.6933,1055.17,389.47,0.5981,1105.91,396.66,0.6403,1076.35,396.66,0.6591,1128.69,432.22,0.7287,1066.76,430.22,0.7441,1142.67,458.59,0.7928,1063.16,464.98,0.8395
834,bottom,0,856.54,646.56,1091.92,852.43,910.63,668.27,0.9629,909.86,663.68,0.7412,908.33,664.44,0.5066,908.33,669.81,0.6996,925.19,667.51,0.6960,906.03,702.75,0.9755,945.88,694.32,0.9276,912.16,744.89,0.8353,957.37,728.04,0.6167,900.67,780.91,0.7995,918.29,743.36,0.4722,943.58,765.58,0.8303,970.39,762.52,0.8532,891.47,770.95,0.9026,1009.47,802.36,0.7841,887.64,830.71,0.9313,1068.47,834.54,0.9268
835,top,2,1034.98,314.91,1156.10,485.74,1078.02,330.67,0.7470,1080.94,327.75,0.7042,1074.27,328.17,0.6776,1086.78,331.09,0.8104,1068.43,331.92,0.7693,1100.96,352.77,0.7645,1059.67,350.69,0.7588,1101.80,381.97,0.7198,1045.91,366.12,0.7189,1088.87,404.49,0.7210,1042.15,390.31,0.7253,1098.04,395.32,0.6539,1070.10,394.90,0.6720,1120.98,430.35,0.7316,1055.50,429.93,0.7306,1141.42,458.29,0.7917,1053.83,469.55,0.8730
835,bottom,0,856.15,648.61,1085.98,850.03,888.77,670.01,1.0115,887.27,664.78,0.7754,888.02,665.52,0.5976,891.01,671.51,0.7122,904.48,668.52,0.6880,891.76,705.18,0.9695,923.93,693.21,0.9565,904.48,746.33,0.8318,923.18,726.13,0.6781,891.01,780.74,0.6665,887.27,739.59,0.7160,932.91,764.28,0.8758,958.35,759.79,0.8947,882.03,772.51,0.8796,994.26,799.44,0.7768,887.27,831.62,0.9244,1058.60,825.63,0.8890
836,top,0,1025.07,315.08,1145.81,486.99,1064.88,331.79,0.7416,1068.23,328.43,0.7057,1060.68,328.85,0.7003,1074.11,330.95,0.8172,1055.22,333.05,0.7742,1088.38,351.93,0.7448,1046.41,351.51,0.7819,1094.25,381.31,0.6984,1034.66,372.92,0.7373,1086.70,407.33,0.6643,1032.14,396.42,0.7326,1088.38,396.42,0.5947,1060.68,395.16,0.6480,1110.62,431.68,0.6799,1046.83,431.68,0.7109,1131.61,456.44,0.7596,1049.77,471.55,0.8214
836,bottom,1,834.99,651.41,1066.10,848.78,867.04,671.85,1.0181,868.54,666.58,0.8341,866.28,667.34,0.6416,875.31,673.35,0.7839,881.33,671.85,0.6454,881.33,703.45,0.9469,906.16,692.16,0.9807,897.88,744.83,0.7756,894.12,720.75,0.6803,885.09,777.93,0.7809,852.74,737.30,0.8186,924.96,759.87,0.8363,945.28,753.10,0.8879,873.05,774.17,0.9243,976.88,796.74,0.8040,886.60,831.34,0.8823,1041.58,816.30,0.8729
837,top,1,1017.43,318.08,1124.98,487.94,1051.30,335.41,0.7099,1054.62,332.10,0.6563,1046.74,332.51,0.6577,1060.84,333.75,0.7704,1041.76,336.24,0.7225,1075.35,352.42,0.7275,1035.54,354.07,0.7969,1086.96,379.37,0.7089,1026.83,376.47,0.7611,1084.89,407.16,0.6377,1023.10,399.28,0.7427,1080.74,401.35,0.6181,1054.20,400.11,0.6608,1097.33,438.67,0.7147,1040.10,433.70,0.7351,1115.58,451.11,0.7854,1047.57,473.09,0.7929
837,bottom,0,801.44,653.26,1044.49,848.54,851.76,675.73,0.9364,854.13,671.78,0.8402,850.96,672.57,0.6782,862.83,677.32,0.7944,867.58,674.94,0.6911,869.16,706.59,0.8645,884.99,692.35,0.8071,892.90,741.40,0.8287,862.04,715.29,0.6502,882.61,778.59,0.7495,828.81,733.49,0.7234,917.43,754.85,0.7532,934.83,748.52,0.8270,866.79,775.43,0.8543,956.99,795.21,0.8568,884.99,829.23,0.8588,1020.28,809.45,0.8298
838,top,1,1010.36,320.90,1110.06,487.42,1037.85,337.49,0.7753,1041.51,333.83,0.7108,1033.78,334.64,0.7171,1048.01,336.27,0.8383,1029.72,338.30,0.7369,1062.65,354.16,0.7048,1024.84,357.41,0.7828,1079.72,378.96,0.7155,1017.93,380.18,0.6805,1086.23,407.41,0.6075,1015.89,400.10,0.7041,1071.59,404.57,0.6390,1048.01,402.54,0.6618,1081.75,443.60,0.6722,1034.19,438.72,0.7712,1100.05,451.32,0.7898,1047.20,474.09,0.7456
838,bottom,0,778.07,654.27,1022.90,849.14,834.34,679.98,0.8950,836.73,675.99,0.8188,833.54,676.79,0.7139,847.88,680.78,0.8219,851.87,677.59,0.6237,861.43,703.89,0.7545,867.81,693.53,0.6940,886.94,735.77,0.7998,837.52,707.08,0.5865,882.95,772.43,0.7902,803.25,721.42,0.6529,911.64,747.72,0.7227,927.58,742.14,0.7672,861.43,776.41,0.8192,936.35,792.35,0.8146,883.75,827.42,0.8363,997.71,805.10,0.8212
839,top,0,1001.67,325.64,1096.11,487.76,1026.33,341.00,0.7586,1029.89,337.04,0.6888,1022.77,337.83,0.6827,1037.41,338.62,0.7948,1019.20,341.00,0.6909,1051.66,356.83,0.6567,1014.06,360.79,0.7594,1072.64,380.18,0.7274,1007.33,386.52,0.6799,1084.91,406.70,0.7026,1009.70,401.16,0.7574,1061.55,406.70,0.6377,1040.18,404.72,0.6575,1064.32,448.26,0.6232,1029.10,442.72,0.7568,1085.70,454.99,0.7536,1046.51,474.38,0.7076
839,bottom,2,753.86,655.25,989.15,849.50,820.96,680.38,0.8788,823.25,675.78,0.8248,821.72,676.55,0.7524,836.27,681.91,0.7634,844.70,678.85,0.5745,852.36,702.59,0.6738,852.36,694.93,0.6318,879.93,727.10,0.7726,810.23,704.89,0.6741,885.29,763.10,0.7322,775.00,710.25,0.7471,907.50,743.95,0.7804,920.52,739.35,0.7837,857.72,776.88,0.8208,912.10,787.61,0.7631,882.23,825.90,0.8107,968.78,802.93,0.8170
840,top,1,991.53,327.99,1091.72,488.08,1016.22,343.54,0.7876,1019.74,339.63,0.7416,1012.71,340.03,0.7423,1027.95,341.20,0.7956,1009.19,343.54,0.7220,1042.80,359.57,0.6340,1004.11,363.87,0.7609,1065.86,379.11,0.7042,998.63,388.49,0.6852,1081.10,404.12,0.7345,1001.76,398.26,0.7387,1048.66,406.08,0.6146,1029.90,406.08,0.6406,1045.93,446.34,0.6207,1024.04,445.95,0.7163,1067.42,460.02,0.5292,1045.93,474.48,0.6770
840,bottom,0,738.49,657.33,956.13,847.05,810.47,682.76,0.8003,811.18,677.80,0.7522,809.76,678.51,0.6755,823.22,682.76,0.6932,832.43,679.22,0.4833,842.35,699.06,0.6243,837.39,696.22,0.5542,869.98,716.06,0.6673,797.01,701.89,0.6001,884.15,742.27,0.6842,763.00,703.31,0.6642,900.45,738.02,0.7336,910.36,735.19,0.6870,855.10,777.70,0.7216,886.28,781.24,0.6160,881.32,825.16,0.7548,935.87,799.66,0.6989
841,top,1,982.22,329.42,1087.41,494.56,1010.62,345.47,0.8248,1013.85,341.03,0.7751,1006.59,341.84,0.7711,1021.11,343.05,0.8018,1002.16,344.66,0.7173,1034.01,360.38,0.6525,995.30,364.01,0.7779,1059.41,379.73,0.7009,989.66,390.62,0.6856,1076.34,403.92,0.7521,992.89,398.28,0.7144,1038.04,407.15,0.6000,1020.30,407.96,0.5983,1028.77,446.26,0.5872,1021.11,448.68,0.5822,1047.31,471.25,0.5880,1042.48,474.88,0.6043
841,bottom,0,735.49,658.63,926.51,847.04,797.42,683.82,0.8476,799.29,680.09,0.7799,796.18,681.33,0.6844,811.10,682.58,0.6617,811.73,680.71,0.3506,832.24,697.50,0.6042,823.54,695.63,0.5733,861.47,706.20,0.6039,791.21,703.72,0.6290,880.12,729.21,0.6628,757.63,703.10,0.7520,893.18,736.05,0.7747,896.29,735.43,0.6877,851.52,780.20,0.6763,861.47,775.22,0.5754,880.74,824.34,0.7045,906.86,802.58,0.6368
842,top,1,973.28,328.85,1081.77,508.93,1003.35,347.23,0.8793,1006.42,343.27,0.8147,998.95,344.15,0.8169,1013.46,344.15,0.8484,994.55,346.79,0.7563,1027.53,362.61,0.6542,987.08,364.81,0.7916,1052.15,381.52,0.7101,980.48,390.31,0.6834,1069.29,405.26,0.7594,981.36,401.74,0.7283,1026.65,410.54,0.6434,1009.94,412.29,0.6232,1016.98,445.71,0.6122,1012.14,449.23,0.6079,1032.36,487.04,0.6596,1039.40,468.57,0.6597
842,bottom,0,738.83,656.48,906.92,845.35,787.86,684.16,0.8315,790.05,680.33,0.7527,787.31,679.78,0.6466,801.54,681.43,0.6224,795.52,679.78,0.3236,823.97,695.11,0.5887,813.03,695.11,0.6033,861.18,701.12,0.5055,790.59,703.31,0.6079,876.50,712.07,0.3303,757.76,706.05,0.7388,883.07,732.86,0.7746,868.29,733.96,0.6718,848.05,782.11,0.6198,839.29,771.16,0.6069,880.33,820.96,0.7915,876.50,808.37,0.6480
843,top,1,962.11,324.85,1071.92,516.29,995.05,349.99,0.8604,998.79,345.79,0.8248,991.31,346.25,0.8258,1005.80,347.19,0.8497,986.17,348.59,0.7382,1020.29,366.35,0.6868,979.63,367.29,0.8319,1044.59,385.52,0.7633,971.21,392.99,0.7250,1060.95,411.22,0.7834,970.28,409.82,0.7137,1016.55,412.16,0.6471,998.32,412.62,0.6699,1008.14,449.08,0.6444,997.39,451.42,0.7357,1014.68,495.35,0.7523,1028.70,463.10,0.7144
843,bottom,0,743.81,653.85,896.32,846.39,777.86,680.12,0.8985,778.86,675.65,0.7253,776.87,676.15,0.6022,790.28,677.64,0.6399,783.82,677.64,0.3474,812.62,691.54,0.6567,804.18,694.52,0.6405,842.40,694.52,0.4857,790.28,706.43,0.6295,864.74,700.48,0.6319,761.48,715.37,0.7339,874.18,733.74,0.7930,852.83,734.24,0.6820,845.38,788.35,0.6787,818.57,766.01,0.6520,877.16,820.62,0.7768,829.00,802.75,0.5896
844,top,0,952.29,327.54,1060.07,524.14,985.54,353.36,0.8390,989.38,349.52,0.8134,981.70,350.00,0.8028,996.58,351.44,0.8400,978.34,352.88,0.7546,1011.46,371.12,0.7272,971.62,371.60,0.8526,1034.50,391.28,0.7820,962.98,396.08,0.7590,1049.86,416.72,0.7865,960.58,417.20,0.7731,1005.70,418.16,0.6533,988.42,418.16,0.6796,996.10,456.08,0.6940,982.18,456.56,0.7483,999.46,501.19,0.7821,1014.82,458.96,0.7075
844,bottom,1,751.63,651.05,886.65,846.53,769.50,678.15,0.9965,769.98,673.86,0.7973,768.07,674.34,0.6664,779.52,674.81,0.6621,791.46,674.81,0.3566,804.34,690.09,0.6905,795.75,691.52,0.6746,838.70,693.43,0.5564,792.89,711.09,0.5271,862.57,703.93,0.6475,769.98,725.88,0.6775,863.04,735.90,0.7948,836.80,735.90,0.7044,838.70,793.65,0.7485,802.91,767.40,0.6830,873.07,817.99,0.8250,784.30,805.10,0.6399
845,top,1,943.97,337.57,1047.31,528.06,976.57,357.94,0.7619,980.29,354.68,0.7590,973.32,355.15,0.7394,987.74,357.47,0.8282,970.53,358.87,0.7315,1002.62,377.47,0.7377,963.55,376.07,0.8415,1023.55,397.47,0.7792,955.65,402.12,0.7899,1036.57,421.19,0.7638,950.53,423.05,0.7404,994.25,428.63,0.6756,978.90,428.16,0.6643,984.01,468.62,0.6683,971.46,464.44,0.5489,994.25,509.08,0.6764,1001.22,459.79,0.6406
845,bottom,0,720.21,647.14,882.62,847.87,762.82,674.02,0.9190,763.88,669.79,0.7891,761.77,669.79,0.6644,775.51,671.38,0.7242,767.58,671.91,0.4130,795.60,688.82,0.7259,786.61,693.58,0.7125,830.49,691.99,0.7115,791.90,718.43,0.6321,858.51,706.80,0.7591,777.63,739.58,0.6648,849.00,741.16,0.8187,822.56,739.05,0.7791,826.79,796.67,0.7666,785.56,773.94,0.7026,867.50,814.65,0.8044,755.42,812.00,0.7366
846,top,1,937.14,345.86,1024.78,527.61,965.87,361.74,0.7708,969.87,358.19,0.7240,963.21,358.64,0.7353,977.85,361.74,0.7877,960.11,363.52,0.6681,990.28,383.49,0.7195,955.67,379.94,0.7900,1010.25,405.67,0.6941,951.23,404.34,0.7184,1018.68,426.97,0.6299,944.13,426.08,0.6574,984.07,431.85,0.6063,968.09,430.08,0.5381,973.42,472.23,0.6060,948.57,456.26,0.5023,992.50,509.51,0.6417,980.07,463.80,0.4419
846,bottom,0,716.63,644.86,874.17,847.13,758.48,670.61,0.8887,758.99,666.51,0.7202,756.94,666.51,0.6492,769.25,669.07,0.6681,763.09,668.56,0.4331,791.81,689.07,0.7131,781.04,690.10,0.6655,828.74,697.79,0.7073,792.84,720.87,0.5433,853.35,720.87,0.7380,785.66,748.05,0.4699,833.35,745.48,0.7519,807.71,742.41,0.6568,809.76,797.79,0.7146,767.20,773.69,0.6952,859.51,811.64,0.7749,748.22,812.15,0.7763
847,top,3,919.71,346.86,1005.26,528.31,953.18,362.72,0.7581,956.73,359.62,0.6778,951.41,359.62,0.7239,965.14,364.05,0.7365,949.19,364.49,0.6366,975.77,387.08,0.7191,947.87,381.33,0.7480,992.61,411.45,0.7035,946.98,407.02,0.7355,995.27,432.27,0.5664,934.58,427.40,0.7118,974.45,433.60,0.6475,956.73,429.17,0.6275,965.14,472.58,0.6596,929.26,450.87,0.6159,991.28,508.02,0.7454,955.40,469.48,0.6850
847,bottom,0,716.75,643.39,863.80,846.40,755.58,669.56,0.8253,756.57,665.10,0.6547,755.09,665.59,0.6202,765.99,668.07,0.6270,760.54,668.07,0.4653,790.77,690.87,0.6885,775.90,688.89,0.6195,828.44,707.23,0.7211,801.18,712.18,0.4366,845.29,735.97,0.7277,840.83,735.97,0.2325,822.99,747.37,0.6987,796.72,741.92,0.6174,793.25,795.94,0.6874,755.58,772.65,0.7558,846.78,809.82,0.7346,746.66,811.80,0.7705
848,top,1,910.18,344.97,1002.68,528.31,940.76,361.89,0.7778,944.79,358.31,0.6947,939.87,358.31,0.7250,953.29,363.24,0.7713,938.52,363.24,0.5197,962.69,387.85,0.7730,941.66,382.04,0.6987,973.88,417.84,0.6900,940.31,408.89,0.7298,971.20,447.83,0.5925,925.99,425.01,0.7466,963.59,433.96,0.6233,947.48,429.93,0.6020,959.11,477.37,0.7008,917.93,449.62,0.6692,990.45,507.81,0.7669,930.02,483.19,0.6912
848,bottom,0,716.70,641.09,854.97,835.34,754.06,666.13,0.7674,755.01,661.39,0.6399,753.59,661.86,0.6158,764.97,665.66,0.5949,758.33,665.18,0.4405,788.68,690.32,0.6859,773.03,687.47,0.6234,820.93,712.61,0.7217,795.32,712.61,0.4359,832.31,749.60,0.7230,787.73,739.64,0.2796,813.81,748.65,0.6521,789.15,742.48,0.6261,780.14,793.70,0.6659,752.16,771.41,0.7691,834.68,807.93,0.6582,746.00,810.77,0.7507
849,top,1,885.48,341.24,999.57,528.29,931.11,358.05,0.7840,935.22,354.85,0.6597,929.28,354.39,0.7407,943.90,359.87,0.7308,927.46,359.42,0.5891,949.38,384.53,0.7771,932.02,380.42,0.6997,955.31,415.59,0.7142,932.48,407.37,0.6675,950.29,440.24,0.5809,916.50,419.70,0.6398,953.49,432.48,0.5830,935.22,428.37,0.5663,950.29,477.23,0.6733,904.62,451.20,0.6448,985.45,503.72,0.6789,904.62,488.65,0.6331
849,bottom,0,716.44,635.73,844.55,839.44,756.12,660.50,0.7230,757.62,656.02,0.6031,756.12,656.52,0.6082,765.08,661.99,0.5251,758.61,660.50,0.4210,785.47,689.84,0.6646,777.01,683.87,0.5872,815.31,718.19,0.7208,796.41,713.22,0.4093,821.28,758.97,0.7038,786.96,744.55,0.2821,810.83,747.53,0.6014,786.96,742.06,0.5656,770.55,786.33,0.6676,752.64,770.41,0.7238,822.27,811.69,0.6390,746.18,810.70,0.7449
850,top,1,859.29,338.76,992.17,525.81,920.25,356.02,0.7395,923.90,352.82,0.6413,918.42,352.36,0.6702,932.58,357.39,0.6717,916.59,356.93,0.5541,936.69,382.51,0.7484,923.45,378.39,0.6405,936.23,414.93,0.6937,923.90,403.06,0.5654,914.31,433.65,0.5736,908.37,414.47,0.5133,939.89,435.48,0.6376,921.62,432.28,0.5914,939.89,478.41,0.6950,892.39,455.57,0.7703,979.16,499.87,0.7377,882.34,493.48,0.7771
850,bottom,0,716.49,630.15,835.69,844.87,757.74,654.16,0.7928,758.79,649.96,0.6502,757.22,650.49,0.6241,762.46,656.78,0.5768,776.61,653.11,0.5286,782.38,686.13,0.7009,787.10,675.65,0.6386,805.97,718.64,0.7317,805.97,711.82,0.4580,804.92,761.62,0.6673,790.77,744.32,0.3302,813.83,745.37,0.5870,795.49,741.70,0.4722,764.56,781.02,0.6486,758.27,765.82,0.6287,810.17,819.81,0.6437,747.26,810.90,0.7020
851,top,1,857.24,336.61,981.74,523.37,912.19,353.84,0.7303,916.30,350.65,0.6578,910.37,349.74,0.6864,924.96,355.67,0.7052,907.63,354.30,0.5889,925.41,379.83,0.7152,914.02,377.55,0.5953,916.30,411.75,0.6274,914.02,403.09,0.4196,890.76,422.24,0.5411,895.78,415.40,0.3391,927.69,434.55,0.6316,909.46,431.36,0.5965,928.61,478.32,0.7065,882.10,456.44,0.7652,967.82,497.02,0.7469,879.82,493.83,0.8134
851,bottom,0,715.56,626.51,836.43,852.74,762.74,647.39,0.7663,762.19,643.52,0.6038,761.08,643.52,0.6316,763.84,650.15,0.5889,779.86,646.84,0.6379,779.86,682.19,0.7355,794.22,668.93,0.6771,796.98,720.85,0.6883,805.82,708.70,0.5238,788.70,753.44,0.5723,789.80,739.08,0.4805,814.66,741.84,0.6605,819.63,738.52,0.5357,768.81,779.39,0.6116,767.71,770.01,0.5917,801.40,830.76,0.6794,747.83,811.43,0.6105
852,top,2,843.40,335.59,943.54,507.72,903.98,351.47,0.6828,908.60,348.11,0.6506,903.14,347.69,0.6409,917.00,353.99,0.7262,900.19,353.15,0.5159,914.06,377.53,0.7349,908.60,375.84,0.5732,897.67,404.84,0.5901,905.24,401.48,0.3277,867.00,406.52,0.6112,906.08,404.84,0.1260,917.42,434.26,0.6545,901.45,431.32,0.5715,914.90,477.12,0.6732,874.98,457.37,0.6905,953.56,494.77,0.6716,880.02,493.93,0.7202
852,bottom,0,716.78,620.86,840.22,854.39,769.38,641.84,0.8103,769.95,638.42,0.5731,766.53,638.42,0.6522,768.24,645.83,0.6312,783.06,642.41,0.7058,777.93,678.90,0.7450,802.45,662.94,0.7327,789.34,721.66,0.7299,812.71,698.86,0.5665,769.38,757.58,0.6680,796.75,729.65,0.3840,814.99,737.06,0.7261,826.39,734.21,0.6615,772.80,778.68,0.6601,775.08,770.13,0.5475,803.02,832.84,0.6897,752.85,810.04,0.5489
853,top,1,835.31,333.42,929.31,508.68,896.00,348.31,0.7589,900.71,346.17,0.7032,895.14,344.88,0.7323,909.26,352.59,0.7413,892.58,350.45,0.5016,904.13,374.84,0.7353,897.71,373.12,0.5165,880.17,394.09,0.5487,884.87,397.51,0.3728,852.78,386.39,0.6424,855.35,397.08,0.3120,908.41,432.17,0.6521,893.86,429.60,0.5424,901.56,475.81,0.6923,870.75,458.27,0.6785,935.36,495.92,0.6349,878.88,493.79,0.7233
853,bottom,0,739.61,616.69,844.48,854.56,774.62,638.64,0.8002,772.88,635.15,0.5968,772.30,635.15,0.6381,772.30,642.70,0.6660,788.56,639.22,0.6978,777.53,674.06,0.7846,810.63,658.96,0.7436,782.17,717.04,0.8094,825.73,690.90,0.5971,759.52,739.11,0.7190,806.56,713.55,0.3976,816.44,735.62,0.6984,830.95,732.72,0.7036,776.94,780.92,0.6736,783.91,774.53,0.4883,804.82,834.35,0.7028,764.75,807.63,0.5849
854,top,1,840.47,333.41,935.25,520.03,888.31,347.90,0.7011,893.32,345.17,0.5952,887.40,344.26,0.6518,901.07,350.64,0.6334,886.49,349.72,0.4416,895.60,370.68,0.6354,895.15,370.23,0.4544,865.99,382.07,0.5715,887.86,396.20,0.3555,844.57,368.40,0.6914,869.63,398.48,0.5145,904.26,426.72,0.5869,890.13,423.99,0.5521,886.49,470.01,0.6624,869.18,457.25,0.6770,921.57,496.89,0.6036,879.20,493.70,0.6610
854,bottom,0,738.40,613.67,848.12,853.48,780.38,635.22,0.8067,779.80,631.70,0.5547,778.04,631.12,0.6370,777.45,638.73,0.6446,793.85,635.22,0.7029,779.21,670.35,0.7821,816.68,656.29,0.7442,778.04,713.08,0.8503,836.59,693.18,0.7229,752.28,726.55,0.7694,822.54,711.91,0.4536,819.61,734.16,0.7237,835.42,731.23,0.7463,778.04,779.83,0.6957,793.85,772.80,0.4534,804.97,834.28,0.7225,783.89,806.17,0.5910
855,top,3,843.32,328.69,917.91,524.93,882.53,343.93,0.7412,887.32,342.01,0.6472,881.09,340.57,0.6624,894.99,347.28,0.6640,879.18,344.89,0.4783,886.84,365.97,0.6343,889.24,365.01,0.4685,855.22,369.80,0.6321,871.99,387.05,0.3350,835.58,352.55,0.7233,863.85,393.27,0.4621,895.95,423.46,0.5869,886.36,421.06,0.5245,875.34,463.70,0.6440,872.47,460.35,0.5500,903.13,500.59,0.6241,881.09,493.89,0.5942
855,bottom,0,733.60,609.71,852.34,854.00,785.21,631.65,0.7864,785.21,627.48,0.5602,782.23,627.48,0.6441,783.42,634.64,0.6631,798.33,631.65,0.7060,782.23,665.65,0.7885,822.19,653.72,0.7488,775.67,708.59,0.8486,844.26,691.89,0.7540,748.83,717.54,0.7887,828.16,709.19,0.5174,822.79,733.04,0.7416,840.68,730.06,0.7561,781.63,777.78,0.7214,806.09,765.85,0.5716,804.90,835.03,0.7527,795.95,804.61,0.6752
856,top,3,840.25,324.30,907.53,528.58,875.38,340.66,0.7316,879.87,338.66,0.6834,875.38,337.16,0.6852,887.35,346.14,0.6534,875.88,343.65,0.4718,879.87,363.10,0.6336,884.36,363.10,0.4950,843.96,357.61,0.6345,877.38,391.53,0.4019,827.01,338.66,0.7324,857.93,390.53,0.5698,887.35,423.94,0.6198,882.86,421.95,0.5161,868.40,461.85,0.6427,869.90,461.85,0.5734,883.86,504.74,0.6740,876.38,497.26,0.6150
856,bottom,0,731.22,605.75,858.53,853.90,789.42,626.83,0.7803,789.42,622.59,0.6163,787.00,622.59,0.6183,788.82,629.86,0.6806,803.96,627.44,0.7226,785.18,661.37,0.7996,827.59,650.46,0.7674,775.49,703.17,0.8359,849.40,688.02,0.7642,748.83,714.07,0.8100,845.16,709.83,0.5099,826.98,730.43,0.7536,845.76,726.80,0.7798,787.60,776.47,0.7804,816.08,758.30,0.6869,805.78,834.03,0.8094,814.26,805.55,0.8073
857,top,3,806.97,319.45,902.91,510.99,869.44,339.47,0.7185,874.12,338.06,0.6885,869.44,336.66,0.6753,881.60,345.55,0.7098,868.04,343.21,0.4891,871.31,360.04,0.6688,875.05,361.91,0.4752,839.51,351.62,0.6446,872.25,389.97,0.2804,820.81,330.11,0.7587,853.07,387.16,0.5325,882.07,421.30,0.6615,886.27,419.90,0.5528,859.62,461.05,0.6591,871.31,458.24,0.6365,863.36,510.14,0.6295,878.79,493.31,0.7066
857,bottom,0,734.33,602.06,865.12,853.23,795.43,622.17,0.7738,796.05,617.88,0.6162,794.21,617.27,0.6082,793.59,624.63,0.6944,808.92,623.40,0.7211,789.30,656.51,0.8150,832.84,646.70,0.7681,778.26,698.21,0.8202,854.91,684.11,0.7917,750.05,714.16,0.7885,856.75,713.54,0.6625,831.61,725.81,0.7459,852.46,722.13,0.7932,793.59,774.87,0.7971,827.32,755.24,0.7374,805.86,833.73,0.8285,831.61,806.75,0.7987
858,top,1,792.62,299.66,897.82,531.34,863.32,338.58,0.7431,867.84,336.88,0.7256,864.45,336.31,0.7004,874.63,343.10,0.7032,865.01,342.53,0.5257,862.19,358.37,0.6624,871.24,358.94,0.5397,829.38,344.23,0.6545,835.04,348.19,0.3383,810.15,320.48,0.7432,845.78,382.13,0.4144,875.76,420.03,0.7299,882.55,418.33,0.7306,853.70,460.75,0.8033,869.54,455.66,0.7827,844.65,510.53,0.7996,879.16,492.43,0.8467
858,bottom,0,738.84,598.89,872.51,853.70,801.32,619.29,0.7781,801.32,615.56,0.6112,800.69,614.94,0.5823,799.45,621.78,0.7166,815.62,620.54,0.7596,793.85,653.51,0.8154,839.26,644.80,0.7677,780.79,693.94,0.7951,860.42,682.74,0.7744,753.42,716.34,0.7827,863.53,713.23,0.6721,836.15,723.18,0.7286,858.55,718.83,0.7900,798.21,772.95,0.7981,839.89,756.15,0.7705,805.67,833.29,0.8320,851.71,806.54,0.8141
859,top,1,786.44,301.07,897.18,531.62,856.45,343.73,0.7048,862.07,341.48,0.6601,857.01,340.35,0.6417,869.96,346.55,0.6927,856.45,344.29,0.4876,859.26,361.18,0.6334,867.70,360.06,0.5520,824.93,343.17,0.5776,829.99,347.11,0.4475,802.41,321.78,0.6228,837.87,327.97,0.3564,868.27,421.41,0.7192,876.71,419.72,0.7361,843.50,464.75,0.7667,864.89,457.43,0.7568,832.81,513.15,0.7955,878.96,494.02,0.8398
859,bottom,0,746.90,597.14,881.21,853.98,809.04,618.34,0.7735,809.04,614.57,0.5921,809.04,613.95,0.5589,805.28,621.47,0.7029,822.83,618.96,0.7501,799.01,651.57,0.7928,844.78,644.67,0.7664,784.58,691.70,0.7921,866.10,683.55,0.7968,760.13,719.29,0.8067,871.12,717.41,0.7273,837.88,721.80,0.6950,862.34,718.04,0.7618,803.40,772.59,0.8156,852.31,758.17,0.8047,805.28,834.04,0.8675,870.49,807.08,0.8254
860,top,1,782.74,310.47,893.60,533.00,851.21,343.51,0.7160,856.10,341.33,0.6478,852.29,341.33,0.6436,863.70,347.31,0.6731,857.18,346.77,0.5194,851.75,362.52,0.6642,866.42,361.98,0.6165,820.24,347.31,0.5718,828.39,353.28,0.4200,796.88,328.29,0.6804,829.48,337.53,0.2796,859.36,422.82,0.7057,871.85,422.28,0.7184,830.56,465.74,0.7661,860.44,458.68,0.7754,829.48,516.27,0.8322,877.29,495.62,0.8412
860,bottom,0,755.35,598.20,904.51,857.63,817.27,619.61,0.7668,816.63,616.44,0.5266,817.27,615.17,0.5589,812.83,623.41,0.6668,830.57,620.87,0.6867,804.60,653.18,0.7780,851.47,646.84,0.7653,789.40,693.08,0.7827,872.37,685.48,0.7773,769.13,721.58,0.7933,878.70,720.31,0.6887,841.97,722.21,0.6602,868.57,718.41,0.7246,806.50,774.15,0.7813,864.77,759.58,0.7921,809.03,836.85,0.8223,888.84,808.99,0.8129
861,top,3,774.60,322.02,893.73,532.90,845.49,347.66,0.7244,851.16,345.60,0.6759,846.52,344.57,0.6633,859.91,351.78,0.7056,851.16,351.26,0.4658,846.52,365.68,0.6415,862.48,367.74,0.5595,816.15,353.32,0.5343,822.84,359.50,0.3708,791.43,340.96,0.7028,801.73,349.72,0.2541,851.16,426.43,0.6530,865.06,426.43,0.6613,820.27,467.62,0.7177,853.22,461.44,0.6781,826.96,516.53,0.7722,873.81,495.93,0.7734
861,bottom,0,762.85,602.90,922.97,863.66,826.36,623.15,0.8038,824.45,619.33,0.5638,827.00,618.69,0.5728,818.72,625.69,0.6821,837.18,624.42,0.7299,811.08,656.25,0.8143,858.83,651.80,0.7971,795.80,693.81,0.7520,877.93,689.99,0.7938,776.07,725.64,0.8206,886.20,724.37,0.7108,844.19,726.28,0.6655,871.56,721.82,0.7099,810.45,779.12,0.8234,878.56,766.38,0.7812,814.26,842.78,0.8344,909.76,811.58,0.8218
862,top,1,777.79,332.73,883.73,532.71,841.50,347.28,0.6923,846.87,345.32,0.6639,841.99,344.35,0.6196,856.64,353.14,0.7108,843.46,350.21,0.4337,841.50,367.78,0.6316,862.50,372.18,0.6144,816.60,363.88,0.3996,871.77,398.05,0.6446,790.24,357.53,0.6397,862.99,394.64,0.3842,844.92,424.42,0.6156,859.08,424.42,0.6028,814.65,468.85,0.6752,846.39,463.48,0.5977,826.37,516.70,0.7270,871.29,498.14,0.6920
862,bottom,0,769.72,607.60,944.71,870.71,834.74,627.38,0.8844,833.45,624.17,0.6550,835.38,624.17,0.6088,827.67,630.59,0.7773,845.01,629.95,0.7604,817.39,660.78,0.8670,866.85,656.93,0.8121,801.98,698.68,0.7429,884.84,694.83,0.7968,782.70,731.44,0.8027,892.55,729.52,0.7406,846.30,731.44,0.6820,874.56,726.95,0.7118,816.11,788.61,0.8236,893.19,771.91,0.7553,816.75,850.92,0.8640,925.95,816.88,0.8337
863,top,1,802.32,332.24,879.72,532.40,839.06,348.76,0.6717,843.95,346.80,0.6168,838.09,346.31,0.6196,853.23,353.16,0.5960,837.60,351.20,0.4483,836.62,369.77,0.5528,860.56,373.19,0.6273,817.56,374.17,0.2523,870.34,396.16,0.6667,792.15,371.73,0.3727,859.59,386.39,0.5113,841.02,423.52,0.6092,856.65,424.01,0.5550,813.65,469.95,0.7097,840.04,463.11,0.6296,826.85,516.37,0.6886,866.43,497.80,0.6898
863,bottom,0,779.30,611.71,958.01,869.05,842.90,631.69,0.9612,842.27,627.92,0.6933,842.27,628.55,0.6064,835.36,633.57,0.7728,852.95,634.20,0.7113,824.68,665.62,0.8864,873.68,661.22,0.8350,812.11,702.68,0.7730,892.53,700.80,0.7942,791.38,739.75,0.7741,899.44,734.72,0.7491,850.44,738.49,0.7106,880.59,735.35,0.7244,814.62,788.13,0.8600,905.09,779.96,0.7809,815.88,850.32,0.8664,941.53,828.33,0.8361
864,top,1,784.08,328.42,876.26,533.91,835.19,345.88,0.7253,839.70,343.87,0.6898,833.18,343.37,0.6343,848.73,349.89,0.6658,831.17,348.89,0.5331,834.18,368.45,0.7234,856.26,371.46,0.7438,818.63,383.50,0.4171,866.29,393.04,0.7767,797.06,393.04,0.5642,853.75,402.07,0.5418,838.20,423.64,0.6675,851.24,423.14,0.6267,815.62,468.79,0.6980,836.19,463.77,0.6313,826.66,514.45,0.7446,860.27,496.38,0.7335
864,bottom,0,786.49,616.95,974.48,869.40,850.29,636.55,0.9484,850.29,633.47,0.6614,847.21,633.47,0.6344,842.28,639.02,0.7965,859.53,639.02,0.7073,833.65,671.07,0.8849,882.34,666.14,0.8306,824.40,708.05,0.7808,899.60,704.97,0.8085,804.06,744.41,0.7847,905.14,738.25,0.7539,857.07,742.56,0.7153,886.65,741.33,0.7093,817.01,788.79,0.9009,917.47,787.55,0.7898,817.01,850.42,0.8886,948.90,836.86,0.8367
865,top,1,794.41,327.56,870.06,532.58,831.73,343.47,0.7854,836.24,340.97,0.7527,829.23,340.47,0.7273,845.75,345.48,0.7700,827.73,344.98,0.5457,835.24,365.50,0.7991,854.26,367.50,0.7611,821.72,391.53,0.6089,862.77,388.52,0.7862,803.20,409.05,0.6336,857.26,403.54,0.5952,835.24,426.06,0.7274,848.75,425.56,0.6198,820.72,469.11,0.7416,833.24,464.61,0.6630,827.23,514.16,0.7955,853.76,496.64,0.7877
865,bottom,0,788.18,621.94,955.55,868.96,856.79,642.92,0.8720,854.98,639.91,0.5647,856.19,639.31,0.6021,849.55,645.94,0.6917,868.25,644.73,0.7157,842.92,676.70,0.8633,889.96,671.27,0.8152,837.49,711.07,0.7427,906.24,710.47,0.7985,819.40,746.66,0.8077,909.86,743.04,0.6980,862.22,750.28,0.6998,893.58,749.07,0.7442,821.81,790.68,0.8909,927.95,794.90,0.8320,818.79,850.39,0.8767,954.49,847.98,0.8487
866,top,1,799.98,324.53,865.50,532.79,829.18,341.72,0.8764,833.25,338.66,0.7993,826.13,338.16,0.7456,841.38,343.24,0.7548,825.62,342.22,0.6082,834.27,364.60,0.8567,849.01,364.60,0.7872,826.13,394.09,0.7998,856.64,391.04,0.6920,814.44,419.51,0.7688,855.62,410.87,0.4638,834.27,426.12,0.7844,847.99,424.09,0.6761,824.10,467.81,0.8138,832.23,464.76,0.7509,827.15,513.57,0.8450,845.96,499.84,0.8457
866,bottom,0,792.24,629.03,962.61,866.84,863.49,648.65,0.8690,861.75,645.17,0.5599,862.33,645.17,0.6065,854.78,651.55,0.6615,875.10,650.39,0.7049,849.56,683.49,0.8371,895.42,677.10,0.8046,848.40,715.42,0.6155,909.94,719.48,0.7622,838.52,749.68,0.5873,908.78,748.52,0.5556,866.39,754.32,0.6593,900.07,752.58,0.7046,828.65,792.06,0.8608,935.49,792.64,0.8414,821.69,847.22,0.8497,956.39,847.80,0.8734
867,top,1,803.25,323.29,863.51,532.07,825.22,340.01,0.8884,829.81,336.95,0.7601,822.17,336.44,0.7954,837.46,342.05,0.7245,820.13,340.52,0.6015,833.38,366.00,0.8422,840.01,362.95,0.6387,829.30,401.68,0.7973,834.91,395.57,0.4176,825.22,431.25,0.7624,827.26,427.68,0.4751,837.46,426.15,0.7478,846.12,422.58,0.5807,826.75,466.93,0.7749,826.24,465.40,0.6783,829.30,514.33,0.8216,835.93,503.12,0.7716
867,bottom,0,795.88,630.17,968.89,865.56,864.57,650.17,0.8807,862.85,646.72,0.6110,864.00,646.72,0.5826,856.52,652.47,0.7216,877.21,651.89,0.7086,851.93,682.35,0.8757,896.18,677.75,0.8628,854.80,708.21,0.6738,909.40,718.56,0.7629,853.65,743.27,0.6644,896.75,739.24,0.3783,868.59,757.06,0.6731,902.50,754.76,0.7334,831.81,790.39,0.8672,938.13,793.26,0.8216,827.22,844.41,0.8523,956.52,847.86,0.8831
868,top,1,803.06,325.01,862.01,533.75,821.84,341.72,0.8760,826.42,338.67,0.7040,819.80,337.65,0.8251,834.07,343.25,0.7274,816.74,341.22,0.6450,833.56,367.21,0.8377,826.42,364.66,0.6658,833.56,404.41,0.7461,829.99,396.76,0.4676,836.10,436.00,0.7164,831.01,428.87,0.4427,838.65,424.79,0.6543,829.48,422.24,0.5663,828.46,467.60,0.7277,821.33,466.07,0.7313,833.56,513.47,0.8041,827.44,507.86,0.7537
868,bottom,0,805.65,626.69,974.19,864.61,861.46,647.49,0.8895,859.13,644.00,0.5950,859.71,644.00,0.4917,853.91,649.81,0.8181,873.65,649.23,0.6542,851.00,679.44,0.8965,893.40,674.21,0.8568,856.81,703.83,0.7371,901.54,706.74,0.5626,856.81,739.26,0.7365,875.40,724.16,0.3429,871.33,755.53,0.7100,903.28,753.79,0.7560,830.09,788.06,0.8652,934.64,794.45,0.8244,836.48,840.91,0.8408,955.56,847.88,0.8790
869,top,1,796.32,327.92,857.75,535.48,818.42,345.56,0.8306,822.98,342.52,0.6817,816.40,341.50,0.8037,830.58,347.58,0.7010,813.36,346.06,0.6901,833.63,371.91,0.8399,821.46,368.87,0.7561,836.67,406.87,0.7770,825.01,400.79,0.4626,843.25,437.78,0.7281,822.48,429.67,0.3267,836.67,427.14,0.6422,826.53,424.61,0.6197,831.60,470.21,0.7725,817.41,467.68,0.7483,840.72,514.80,0.8561,818.93,506.70,0.7709
869,bottom,0,816.94,621.38,960.45,862.26,855.17,642.43,0.9599,854.59,638.90,0.6355,851.65,638.90,0.5480,848.12,644.20,0.7720,866.35,643.61,0.7513,847.53,677.72,0.8745,886.93,667.13,0.8627,853.41,704.18,0.6851,892.81,699.48,0.5287,852.82,743.58,0.6682,869.29,719.47,0.3563,868.70,748.29,0.6827,899.28,747.70,0.7329,825.77,786.51,0.8314,923.98,794.75,0.7710,849.29,833.56,0.8313,955.15,843.56,0.8530
870,top,1,792.42,333.61,859.26,538.50,817.34,351.52,0.8455,821.34,348.02,0.7085,814.84,347.02,0.8336,828.84,352.52,0.7630,811.34,351.52,0.7339,834.85,377.03,0.8354,817.84,373.53,0.7830,839.85,409.54,0.7864,821.34,402.54,0.4858,848.85,438.05,0.6798,818.34,429.05,0.3509,839.35,429.05,0.7047,823.84,427.55,0.7471,832.34,472.57,0.7895,814.34,469.57,0.7899,848.35,517.09,0.8798,812.84,510.08,0.8197
870,bottom,0,816.38,617.72,980.13,861.26,845.93,639.60,0.9607,843.55,636.62,0.6878,843.55,636.03,0.6027,838.79,642.57,0.7698,859.01,639.60,0.7600,842.96,677.65,0.8975,879.23,663.38,0.8515,846.52,708.57,0.6874,888.15,696.68,0.6083,841.77,751.38,0.7769,864.36,721.65,0.3835,864.96,743.65,0.7215,892.31,741.27,0.7347,825.71,787.65,0.8576,909.55,791.22,0.7598,860.79,827.49,0.7885,954.74,834.62,0.7738
871,top,1,792.98,341.19,867.93,544.37,815.57,358.45,0.9126,820.04,354.98,0.7952,812.60,354.48,0.9013,827.97,358.45,0.8381,809.12,357.95,0.7171,836.41,383.75,0.8293,814.58,378.79,0.7298,843.35,415.99,0.7459,820.53,407.06,0.5060,852.78,446.25,0.5877,814.09,435.84,0.3893,841.86,431.87,0.7274,822.52,430.87,0.7780,835.42,475.52,0.7700,809.12,471.55,0.7886,856.25,519.67,0.8672,813.09,512.72,0.8350
871,bottom,0,818.11,616.35,968.12,859.50,836.72,638.79,0.9563,834.34,635.23,0.7090,833.75,635.23,0.5774,831.38,642.35,0.8025,849.78,638.20,0.6799,834.94,679.75,0.9067,871.74,660.76,0.8686,834.34,720.12,0.7673,884.21,695.19,0.6756,826.03,757.52,0.8053,862.24,709.43,0.4226,862.24,740.90,0.7872,888.96,737.33,0.7513,829.59,791.35,0.8799,898.45,787.79,0.7879,867.59,831.13,0.7774,946.54,819.85,0.7672
872,top,1,792.90,347.89,873.31,545.15,814.32,364.65,0.8923,819.14,360.32,0.8346,811.43,360.80,0.8648,827.33,364.17,0.8842,808.06,364.17,0.7584,837.92,388.73,0.8158,810.95,382.95,0.7808,848.03,418.59,0.7495,819.62,409.44,0.5392,859.59,447.48,0.6024,815.77,433.04,0.3810,843.22,436.41,0.7115,822.51,434.96,0.7586,838.88,480.23,0.7602,805.65,473.01,0.7721,862.00,521.65,0.8768,812.40,512.98,0.8213
872,bottom,0,801.95,617.52,949.11,860.48,828.08,638.76,0.8834,826.30,635.20,0.6504,824.52,634.60,0.5719,823.33,642.32,0.7361,840.53,638.16,0.7644,826.30,680.28,0.8701,863.07,660.11,0.8233,822.14,723.58,0.7350,877.90,692.14,0.5902,809.09,763.32,0.7906,855.96,708.75,0.4306,860.70,739.00,0.7260,885.61,734.26,0.7428,835.79,795.35,0.8045,885.02,782.90,0.7576,871.97,834.50,0.7435,930.10,808.40,0.7958
873,top,1,793.05,350.46,879.56,547.16,815.18,367.65,0.8585,819.02,363.81,0.8186,811.81,364.29,0.8555,826.70,366.69,0.9062,807.97,367.65,0.7924,839.67,389.26,0.8079,809.41,383.98,0.8574,855.52,420.00,0.7544,819.02,409.43,0.5415,869.92,447.85,0.6786,817.10,431.04,0.3392,843.99,439.20,0.7155,822.38,437.76,0.7671,842.07,481.94,0.7702,804.61,475.22,0.7977,867.52,523.72,0.9091,812.29,513.64,0.8490
873,bottom,0,782.37,620.48,931.60,860.68,818.87,642.06,0.8956,817.70,637.95,0.6849,815.35,637.95,0.5779,816.52,644.99,0.7678,831.18,641.47,0.7241,818.87,682.52,0.8441,854.64,660.83,0.8059,811.24,725.33,0.7069,871.65,688.97,0.5186,794.82,763.45,0.7849,848.78,705.98,0.3871,860.50,740.58,0.7349,883.38,734.13,0.7574,838.81,795.71,0.7589,876.34,773.42,0.7073,872.23,836.17,0.7927,913.87,803.92,0.8078
874,top,1,793.37,351.16,881.77,547.07,817.00,369.72,0.8675,820.83,365.41,0.8493,813.17,365.89,0.8728,828.48,367.81,0.8931,809.35,369.24,0.7931,842.35,390.29,0.7991,810.78,385.02,0.8419,861.00,419.46,0.6944,817.96,411.81,0.6009,879.18,448.64,0.5973,811.26,435.25,0.5426,846.66,438.59,0.7107,823.22,437.16,0.7353,845.70,481.64,0.7584,807.91,475.90,0.7571,869.61,523.73,0.8908,812.70,513.21,0.8272
874,bottom,0,768.92,622.33,911.25,861.30,809.75,644.96,0.8132,809.16,640.30,0.6788,808.58,640.88,0.5508,809.16,647.88,0.7571,826.67,644.38,0.6431,813.25,683.47,0.7798,848.25,662.47,0.7546,802.74,724.89,0.7074,862.84,692.22,0.4817,781.74,761.07,0.7594,841.25,714.98,0.3365,859.92,738.31,0.7236,880.93,731.31,0.7548,838.33,796.66,0.7562,866.34,761.65,0.6270,871.01,834.58,0.7611,892.59,793.16,0.7414
875,top,1,792.54,351.38,894.72,547.40,818.27,369.47,0.9077,821.62,364.68,0.8367,813.96,365.64,0.8858,829.27,367.07,0.8986,810.13,368.99,0.7801,843.15,388.13,0.7606,813.48,384.78,0.8039,864.21,412.06,0.6925,817.31,409.67,0.7298,882.87,434.07,0.7321,808.22,432.64,0.7192,851.77,437.90,0.7077,830.71,437.42,0.7163,849.85,480.49,0.7579,814.44,474.75,0.7310,870.43,525.00,0.8838,813.00,513.51,0.8260
875,bottom,0,758.15,625.25,891.19,861.12,804.52,645.87,0.8138,801.64,641.26,0.5951,804.52,641.84,0.5378,800.49,649.32,0.6796,817.76,645.87,0.6588,805.67,683.88,0.8070,839.07,661.42,0.7615,797.03,723.03,0.7863,851.74,693.09,0.5123,772.84,752.98,0.7655,831.58,719.00,0.5657,856.34,735.70,0.7845,878.80,727.06,0.8121,838.49,796.74,0.8023,857.50,750.67,0.5567,870.16,834.17,0.8371,873.04,791.56,0.6079
876,top,1,792.29,351.87,896.25,548.14,818.88,368.54,0.8734,821.75,364.23,0.7898,814.56,365.19,0.8420,829.90,365.67,0.8472,811.69,369.02,0.7267,845.71,386.27,0.7256,816.48,384.84,0.8036,869.19,407.84,0.6980,817.44,409.27,0.7569,888.84,427.96,0.7099,805.94,429.88,0.7433,857.21,437.07,0.6956,836.13,436.59,0.7206,853.86,481.15,0.7537,821.27,474.44,0.6996,871.11,524.76,0.8615,814.56,512.78,0.7870
876,bottom,0,753.56,625.26,887.87,861.01,796.54,645.87,0.8001,794.81,640.69,0.6364,795.39,641.26,0.5556,795.39,648.17,0.6819,810.93,645.29,0.6590,799.42,680.98,0.8018,830.50,661.41,0.7392,791.36,722.41,0.7671,841.43,694.21,0.5031,766.61,746.01,0.7502,820.14,718.96,0.6499,852.37,732.20,0.7731,874.24,724.72,0.7945,839.71,794.93,0.7466,847.19,748.31,0.3841,869.06,832.34,0.8234,861.58,811.63,0.4848
877,top,1,791.46,352.46,907.14,547.19,821.25,369.00,0.8868,824.58,364.72,0.8117,817.45,366.15,0.8371,832.66,365.20,0.8575,813.64,369.00,0.7330,847.87,384.69,0.7051,818.87,384.69,0.7976,874.02,404.18,0.7082,817.92,406.08,0.7690,894.46,423.67,0.7138,805.09,428.43,0.7515,861.66,435.56,0.6874,842.17,435.56,0.7162,857.86,478.82,0.7514,828.86,473.12,0.7018,871.64,524.46,0.8455,817.92,511.15,0.7764
877,bottom,0,752.27,624.37,882.97,858.55,789.04,645.41,0.7979,787.89,640.84,0.6362,787.32,640.27,0.5257,788.46,647.70,0.7217,805.62,645.41,0.6278,792.47,679.72,0.8017,823.34,660.28,0.7416,786.75,720.88,0.7642,833.06,691.72,0.4626,763.88,742.60,0.7320,810.19,716.30,0.6170,846.21,730.60,0.7397,869.65,720.31,0.7685,839.92,790.06,0.7194,831.91,742.60,0.3463,867.36,828.93,0.8194,833.06,783.77,0.4233
878,top,1,793.29,354.02,911.01,547.08,823.40,369.48,0.8678,826.70,365.24,0.7970,819.16,366.18,0.8231,835.18,365.71,0.8580,816.33,369.48,0.7110,850.74,384.09,0.7034,819.63,384.56,0.8208,878.08,402.47,0.7240,817.74,406.72,0.7885,898.82,421.33,0.6983,803.60,430.28,0.7562,866.29,433.11,0.6729,846.50,433.11,0.6995,860.64,477.89,0.7396,834.24,469.88,0.6777,873.36,524.55,0.8166,828.11,509.00,0.7521
878,bottom,0,749.28,624.09,882.86,857.00,783.09,645.02,0.7832,781.38,640.47,0.6338,779.68,641.04,0.5141,781.38,647.86,0.7206,799.01,644.45,0.6085,787.64,679.70,0.7822,816.07,659.80,0.7053,784.79,718.37,0.7429,821.75,691.65,0.3560,762.62,745.10,0.7202,802.42,712.68,0.3917,841.66,729.74,0.6883,862.69,718.94,0.7259,838.81,785.47,0.7007,828.01,738.84,0.4709,865.54,824.13,0.8040,809.81,769.55,0.5360
879,top,1,795.18,354.68,915.48,546.60,825.81,370.98,0.8160,829.09,366.76,0.7617,821.59,368.17,0.7833,836.58,367.23,0.8245,818.31,370.51,0.6854,852.98,384.57,0.6835,821.59,386.44,0.8141,880.63,401.91,0.7044,818.31,408.47,0.7807,902.18,419.71,0.7201,804.25,432.36,0.7759,869.85,431.43,0.6463,850.17,431.43,0.6653,862.82,475.47,0.7211,838.93,467.51,0.6765,873.60,523.27,0.7878,840.33,508.27,0.7632
879,bottom,0,748.63,626.07,886.60,854.69,775.20,647.73,0.7711,774.64,643.82,0.6660,772.96,644.38,0.5612,777.43,650.52,0.7254,793.61,647.17,0.6791,782.45,679.54,0.7824,809.80,663.36,0.6794,783.01,718.61,0.7315,825.99,690.71,0.3588,760.68,749.87,0.7318,807.57,715.82,0.2493,836.59,729.22,0.6552,854.45,719.17,0.6882,835.47,785.03,0.6557,821.52,742.61,0.5087,866.17,821.87,0.7592,799.20,772.75,0.5175
880,top,1,799.99,357.00,919.63,547.60,828.17,373.19,0.8419,831.42,369.01,0.8180,823.98,369.94,0.8207,839.33,369.47,0.8382,820.72,372.73,0.7023,856.09,386.22,0.6817,822.58,389.01,0.8179,883.08,403.44,0.6839,818.86,411.82,0.7702,904.95,419.73,0.6934,804.90,436.94,0.7630,873.30,430.43,0.6330,854.69,430.43,0.6695,863.53,473.24,0.7149,843.52,468.59,0.7028,876.56,522.10,0.7882,852.36,507.21,0.7575
880,bottom,0,746.83,630.50,884.40,852.25,772.31,650.96,0.8018,770.68,647.71,0.6427,769.06,648.26,0.5772,772.31,654.75,0.7146,789.09,650.42,0.7183,779.89,682.36,0.7783,803.71,665.04,0.7040,780.43,720.80,0.7502,811.83,693.19,0.3631,761.48,752.74,0.7258,799.37,711.06,0.2515,829.69,729.46,0.6588,847.56,721.34,0.6333,829.69,787.93,0.6752,810.74,741.91,0.5129,864.88,819.87,0.7581,788.01,774.94,0.5821
881,top,0,802.54,360.96,922.33,548.37,830.86,377.34,0.8591,834.52,373.22,0.8286,826.75,374.14,0.8473,842.30,373.22,0.8437,823.09,376.43,0.7614,858.32,389.69,0.6814,824.92,392.90,0.8227,885.77,407.08,0.6616,820.34,417.60,0.7747,908.19,422.64,0.6762,806.61,440.94,0.7960,876.62,431.33,0.6310,859.23,432.25,0.6630,866.55,473.88,0.7282,847.79,471.59,0.7328,881.65,523.30,0.7887,861.06,508.20,0.7741
881,bottom,1,750.37,635.87,884.61,847.49,765.82,657.99,0.8248,765.31,654.37,0.7477,764.27,654.37,0.5618,768.92,659.54,0.7794,786.49,656.95,0.6543,777.71,683.30,0.7747,801.47,671.94,0.6599,778.74,720.50,0.7589,815.94,698.80,0.3698,761.17,753.57,0.7337,806.64,726.70,0.2691,827.30,733.42,0.5619,843.32,725.15,0.5615,823.17,792.31,0.6970,802.51,733.93,0.5732,861.92,817.11,0.7563,784.42,773.71,0.6639
882,top,0,796.66,363.17,926.54,553.69,833.69,381.22,0.9238,837.42,377.03,0.8808,829.51,377.96,0.8636,844.86,377.03,0.8710,825.79,380.75,0.7856,860.21,393.77,0.6988,827.65,397.03,0.8342,888.12,411.45,0.6972,823.00,421.68,0.7807,911.84,427.26,0.6804,809.04,447.27,0.7768,879.74,435.17,0.6429,863.00,436.57,0.6688,869.98,477.97,0.7431,851.84,474.71,0.7518,886.26,528.20,0.7848,865.32,512.39,0.8089
882,bottom,1,752.89,639.92,875.27,841.84,761.33,663.97,0.8327,760.35,660.03,0.7334,760.35,659.04,0.4932,763.80,663.97,0.7914,783.02,661.02,0.6249,774.64,683.69,0.7574,798.31,675.31,0.6135,777.11,718.69,0.6885,811.62,704.89,0.3544,762.32,750.74,0.7172,801.26,729.05,0.2509,824.43,732.50,0.5435,841.69,724.61,0.5575,813.59,795.10,0.6930,797.32,730.52,0.5997,855.00,812.36,0.7115,784.01,772.92,0.6426
883,top,1,802.78,366.78,929.13,556.85,837.65,386.64,0.9053,841.36,382.46,0.8679,833.48,383.39,0.8451,847.86,382.93,0.8606,829.30,386.64,0.7645,863.64,401.03,0.6834,830.69,404.27,0.8027,891.48,416.34,0.6743,825.59,429.33,0.7544,915.15,431.65,0.6783,812.13,457.17,0.7626,883.59,441.86,0.6623,865.49,442.79,0.6898,875.24,484.09,0.7111,852.04,479.91,0.7439,891.94,534.20,0.7843,866.42,512.86,0.7530
883,bottom,0,753.52,641.70,866.39,837.41,762.17,663.11,0.7912,760.26,659.76,0.6547,760.74,659.29,0.4856,762.65,663.59,0.7350,780.80,661.20,0.6214,771.25,683.18,0.7428,797.53,675.05,0.5858,775.07,710.41,0.6300,806.13,706.11,0.3204,765.04,743.38,0.6793,800.87,728.57,0.2454,822.37,730.48,0.5472,841.49,722.36,0.5833,808.04,794.98,0.6798,794.66,727.61,0.5848,847.70,805.49,0.6443,785.58,771.57,0.6188
884,top,3,813.12,375.07,935.61,558.51,840.33,392.45,0.8521,843.46,388.42,0.7942,836.30,389.31,0.8603,851.08,389.76,0.8196,832.71,392.45,0.7361,866.30,406.78,0.6868,834.51,410.81,0.7939,894.52,421.11,0.6509,827.79,435.89,0.7172,919.60,434.99,0.6840,817.04,460.97,0.6704,886.90,449.32,0.6269,868.09,449.77,0.6615,878.39,491.87,0.6867,847.94,481.57,0.7507,894.96,538.00,0.7557,863.17,512.02,0.7387
884,bottom,0,753.78,639.03,859.73,831.53,762.57,659.61,0.7730,760.22,657.26,0.6499,760.69,656.32,0.5193,762.57,661.02,0.7207,779.02,658.67,0.6146,771.03,680.29,0.7296,797.35,673.24,0.5725,774.79,705.67,0.6040,799.23,706.14,0.3570,768.21,738.10,0.6388,795.47,754.08,0.2287,821.32,727.29,0.5466,840.12,719.77,0.5874,804.40,790.74,0.6680,795.94,724.94,0.5063,843.41,799.67,0.6368,786.54,771.00,0.6295
885,top,2,827.30,380.44,942.26,557.29,844.19,398.06,0.9086,847.65,393.74,0.8747,840.31,395.03,0.8956,854.55,395.47,0.8438,836.85,398.49,0.7499,870.53,411.87,0.6938,837.72,416.62,0.8096,899.03,424.39,0.6343,831.24,442.10,0.6984,926.23,438.21,0.6753,820.88,467.14,0.6604,890.39,453.32,0.6225,870.10,452.89,0.6613,876.14,491.32,0.6626,844.62,482.68,0.7563,894.28,538.38,0.7321,859.74,508.16,0.7474
885,bottom,0,754.62,632.36,856.03,823.75,766.08,651.89,0.7560,763.74,649.56,0.5575,763.74,649.56,0.5266,764.68,654.70,0.6819,779.63,652.36,0.6373,772.62,676.19,0.7127,799.25,666.84,0.5954,776.83,701.42,0.6076,801.12,699.09,0.3437,771.69,733.66,0.6198,794.58,716.84,0.1968,820.75,723.38,0.5091,839.91,717.78,0.5713,801.59,780.39,0.6045,796.92,722.45,0.4119,840.37,790.20,0.6075,786.64,771.04,0.5671
886,top,3,829.72,384.16,945.91,557.94,847.93,401.04,0.8535,850.48,396.80,0.8310,843.69,398.50,0.8637,857.69,398.07,0.8296,840.30,402.31,0.7652,874.66,412.92,0.6732,840.30,420.56,0.7986,903.09,424.80,0.6188,834.36,447.29,0.6905,930.67,438.38,0.6955,825.02,474.44,0.6820,892.91,454.08,0.6277,871.69,454.50,0.6641,879.76,490.99,0.6951,845.39,482.93,0.7627,894.18,538.09,0.7447,854.72,507.54,0.7182
886,bottom,2,760.01,626.62,853.31,821.42,772.42,643.65,0.7697,770.99,640.80,0.5147,769.09,641.27,0.5027,767.18,647.45,0.6485,784.30,645.08,0.6538,775.27,669.80,0.7164,802.85,661.24,0.5948,780.02,697.39,0.5880,810.46,690.73,0.3313,774.32,728.78,0.6209,802.85,715.46,0.2619,820.92,719.74,0.5166,839.95,715.46,0.5714,795.72,771.10,0.5729,796.67,729.25,0.3797,835.67,780.61,0.5387,785.26,772.05,0.4906
887,top,3,831.41,384.75,947.91,557.53,850.01,401.11,0.8195,852.54,396.89,0.7989,845.79,398.58,0.8222,860.13,397.74,0.7991,842.83,402.38,0.7411,878.27,410.81,0.6532,841.57,421.36,0.7785,906.53,423.89,0.6077,838.19,447.09,0.6637,933.11,438.66,0.6906,832.29,474.09,0.6133,896.41,451.31,0.6173,872.36,453.00,0.6528,888.39,490.96,0.6930,850.01,484.21,0.6993,895.99,538.21,0.7423,850.01,514.16,0.6883
887,bottom,0,764.28,616.33,853.34,813.17,779.01,635.94,0.7815,777.09,633.06,0.5261,775.17,633.06,0.5326,774.21,639.31,0.6724,790.07,636.90,0.6259,779.98,663.33,0.7146,809.77,654.20,0.6096,784.30,695.05,0.5685,815.06,684.96,0.3462,777.57,727.73,0.6098,803.52,713.31,0.3128,820.82,716.68,0.5223,841.49,713.79,0.5872,795.83,764.25,0.6027,798.24,741.67,0.3812,833.32,778.19,0.5360,784.78,773.38,0.4517
888,top,4,832.92,383.57,948.42,556.10,855.29,399.92,0.8462,857.39,395.70,0.8343,850.65,397.39,0.8818,862.87,396.13,0.7725,846.44,402.02,0.7636,882.67,408.76,0.6830,843.92,422.66,0.7934,910.04,424.77,0.6605,841.39,448.36,0.6909,935.32,440.77,0.6976,838.02,477.00,0.6357,899.09,447.09,0.6448,874.66,450.04,0.6537,898.67,485.42,0.6960,856.13,484.58,0.7273,900.36,535.97,0.7408,845.18,522.49,0.7093
888,bottom,0,765.33,607.21,863.40,812.25,785.33,627.14,0.7628,783.83,624.13,0.5114,782.33,623.63,0.5189,782.33,629.14,0.6570,797.35,628.14,0.6039,785.83,655.17,0.7388,819.87,647.66,0.6544,788.84,689.21,0.6285,845.90,681.20,0.5889,779.33,722.75,0.6966,855.92,716.24,0.6729,824.88,713.74,0.5833,844.90,711.23,0.6277,797.35,758.79,0.6756,800.85,740.77,0.4268,833.89,779.32,0.5962,784.33,772.81,0.4854
889,top,1,835.16,383.60,919.72,553.43,858.78,399.28,0.8074,861.27,395.13,0.7958,854.22,397.20,0.8499,867.49,396.79,0.7813,848.83,401.35,0.8073,886.15,407.98,0.6857,846.34,423.32,0.7604,911.85,425.40,0.6967,844.27,451.52,0.6133,936.73,442.40,0.6900,841.78,480.96,0.6129,900.24,445.30,0.6632,875.78,450.69,0.6498,902.32,482.62,0.6964,860.85,490.08,0.6776,910.20,531.54,0.7171,844.68,522.83,0.6856
889,bottom,0,763.52,597.96,872.12,813.47,792.56,619.43,0.7730,790.99,615.22,0.5988,791.51,615.22,0.5308,791.51,621.00,0.6908,806.77,619.95,0.5929,792.04,648.89,0.7771,830.97,641.52,0.7040,794.14,683.09,0.7185,855.18,675.20,0.7640,779.94,719.92,0.7625,863.60,710.98,0.7782,826.76,712.56,0.6235,847.28,710.98,0.6666,798.35,754.65,0.7382,802.03,736.23,0.4384,836.23,783.06,0.6396,785.20,772.54,0.5359
890,top,1,833.91,381.64,947.83,546.89,865.45,397.70,0.8646,867.87,393.66,0.8314,860.61,395.68,0.8419,873.93,395.68,0.7755,854.96,400.52,0.8415,892.48,408.19,0.6957,850.93,422.71,0.8001,915.88,425.94,0.7285,848.91,450.95,0.6675,939.28,442.07,0.7405,846.90,477.98,0.6606,900.96,446.92,0.6640,875.94,452.16,0.6934,905.39,481.61,0.7100,866.26,491.29,0.7475,922.34,528.81,0.7636,845.68,524.38,0.7852
890,bottom,0,764.60,589.43,879.93,815.50,802.95,611.40,0.7868,800.74,606.98,0.5780,802.39,607.54,0.5908,799.08,613.61,0.6904,813.98,611.95,0.6529,798.53,643.41,0.7877,841.03,634.03,0.7442,797.98,680.39,0.7207,863.11,668.80,0.7927,781.42,716.82,0.7654,870.83,705.23,0.7681,829.44,709.64,0.6472,850.41,707.99,0.6851,802.95,751.59,0.7403,805.71,733.38,0.5473,839.37,785.81,0.6858,788.60,771.46,0.5951
891,top,1,834.27,379.71,951.51,545.42,872.25,397.43,0.7878,875.09,393.38,0.7309,867.40,395.00,0.7608,881.15,395.00,0.7538,862.14,399.86,0.8017,898.95,407.14,0.7263,856.88,421.70,0.8023,921.61,425.34,0.7295,853.64,450.02,0.6911,945.07,440.72,0.7374,851.62,477.94,0.6827,903.00,449.62,0.6646,876.30,453.66,0.6868,914.73,485.62,0.7056,868.61,491.29,0.7256,933.75,523.65,0.7222,845.55,524.46,0.7997
891,bottom,0,773.29,583.02,887.38,814.47,809.99,603.82,0.7468,808.86,599.86,0.5852,809.99,599.86,0.5983,808.30,606.64,0.6774,821.29,604.95,0.6468,805.47,637.16,0.7987,851.24,629.24,0.7404,800.39,677.84,0.7623,872.15,663.15,0.8034,784.56,711.74,0.7975,879.49,699.31,0.7897,832.59,704.96,0.6657,853.50,703.83,0.6900,810.56,750.73,0.7407,816.21,739.43,0.5269,845.02,791.41,0.7279,795.87,769.94,0.5711
892,top,1,834.71,377.44,967.57,542.89,882.55,395.29,0.7733,884.71,390.97,0.7397,877.79,392.26,0.7551,889.90,392.70,0.7388,871.30,396.59,0.8147,906.76,405.67,0.7356,864.38,418.21,0.8191,929.69,422.10,0.7304,860.49,445.03,0.7281,954.77,436.81,0.7218,858.33,471.84,0.7186,907.63,449.78,0.6791,879.95,453.67,0.7108,923.63,483.52,0.7496,869.57,490.87,0.7626,940.93,517.25,0.7411,846.22,522.87,0.8031
892,bottom,0,776.69,577.88,895.40,815.16,818.09,599.20,0.7509,816.93,594.57,0.5717,818.09,594.57,0.6112,815.77,601.52,0.6800,830.25,599.78,0.6684,810.56,632.80,0.7967,859.22,624.69,0.7339,804.18,673.93,0.7770,879.49,659.45,0.7928,786.80,707.53,0.7898,888.18,695.94,0.7611,837.20,702.31,0.6550,858.06,700.58,0.6715,818.09,750.40,0.7172,823.88,741.13,0.5404,849.95,794.42,0.7089,805.34,771.25,0.5196
893,top,1,834.89,371.97,977.41,541.58,892.23,388.58,0.7192,894.55,384.40,0.6830,888.06,385.33,0.7257,899.66,387.19,0.7037,881.56,389.51,0.7923,914.97,401.10,0.7307,872.75,413.17,0.7962,936.77,415.49,0.7150,867.65,437.76,0.7353,962.29,427.08,0.6803,866.72,464.66,0.7193,911.72,447.03,0.6912,884.35,450.75,0.7036,931.67,480.44,0.7623,871.82,488.79,0.7811,941.88,511.52,0.7767,845.38,522.66,0.8156
893,bottom,0,780.32,572.48,902.79,816.49,824.88,595.00,0.7246,824.28,590.83,0.5693,824.88,590.83,0.6227,823.68,597.98,0.6649,837.39,595.59,0.6526,815.34,628.96,0.7836,864.79,621.21,0.7436,807.60,671.85,0.7734,886.83,657.55,0.8003,790.32,701.04,0.7784,895.77,693.89,0.7884,841.56,698.66,0.6564,863.60,697.47,0.6794,825.47,746.91,0.7187,831.43,737.38,0.5682,851.09,796.95,0.7367,818.92,774.32,0.5885
894,top,1,835.18,362.17,990.36,540.86,902.16,383.32,0.6843,904.18,378.77,0.6451,897.62,379.78,0.6657,909.24,380.79,0.6945,892.57,384.33,0.7469,923.88,395.44,0.7183,881.96,408.07,0.7687,947.63,408.58,0.7126,876.91,435.35,0.6753,973.89,419.18,0.6926,876.91,461.11,0.6592,918.33,444.44,0.7042,891.05,446.97,0.7063,939.04,478.79,0.7829,873.88,485.86,0.7783,940.55,509.10,0.7716,847.10,520.72,0.8190
894,bottom,0,787.81,569.59,911.02,817.39,834.29,592.46,0.7361,831.87,588.83,0.5309,834.29,587.62,0.5600,829.45,595.49,0.6832,845.78,593.07,0.7027,820.38,625.73,0.8008,869.98,617.87,0.7625,811.30,668.08,0.7806,892.37,654.77,0.8129,797.39,694.09,0.7909,902.65,691.67,0.7956,847.60,695.30,0.6579,870.59,694.09,0.6805,831.87,744.31,0.7431,843.97,736.44,0.6428,851.83,799.36,0.7114,836.71,779.39,0.6067
895,top,1,838.21,358.54,999.47,540.52,912.54,377.08,0.7034,914.64,372.88,0.6727,908.34,373.93,0.6691,919.89,374.98,0.7157,903.10,377.61,0.7561,934.07,389.68,0.7241,893.12,401.23,0.7541,958.74,401.76,0.7199,885.77,425.38,0.6939,984.99,410.68,0.7364,887.35,449.53,0.6302,926.72,442.18,0.6995,899.42,442.70,0.6985,945.62,479.97,0.7833,878.95,481.02,0.7583,940.37,511.47,0.8028,851.13,518.82,0.8072
895,bottom,0,796.70,566.16,913.98,818.71,841.78,587.62,0.7095,838.70,583.92,0.5313,843.01,583.31,0.5731,836.23,591.32,0.7123,853.49,588.85,0.7190,825.75,621.53,0.8190,876.31,614.75,0.7738,815.88,663.46,0.7886,897.27,653.59,0.8225,803.55,688.74,0.7709,908.37,689.97,0.8011,852.88,693.05,0.6679,877.54,691.82,0.7003,841.16,745.46,0.7746,856.58,736.83,0.6918,854.73,800.34,0.7137,847.33,785.54,0.6344
896,top,1,848.54,352.09,1004.83,535.31,921.09,369.42,0.7176,923.63,365.35,0.6872,917.02,365.86,0.6762,929.74,369.42,0.7345,913.45,371.46,0.7554,942.96,384.18,0.7442,904.81,394.86,0.7524,964.84,393.84,0.7220,895.65,418.26,0.7141,988.24,399.95,0.7762,899.21,437.60,0.6551,934.82,437.09,0.6785,908.88,436.07,0.6753,948.05,475.76,0.7797,885.98,477.28,0.7540,940.93,512.39,0.7951,862.07,512.90,0.8094
896,bottom,0,806.28,562.63,920.74,818.44,847.90,583.74,0.6978,844.78,579.37,0.5741,849.77,579.37,0.5514,844.15,586.86,0.7216,861.64,585.61,0.6821,832.91,616.84,0.8239,882.87,611.22,0.7780,820.42,656.81,0.7688,902.86,651.19,0.8186,812.92,683.04,0.7620,913.48,688.66,0.7988,858.52,689.91,0.6874,884.75,688.04,0.7319,849.77,744.25,0.8111,871.01,734.25,0.7654,854.14,799.83,0.7969,867.26,783.59,0.7160
897,top,1,862.73,346.59,1008.97,531.57,932.52,362.44,0.6972,934.42,358.63,0.6622,928.23,359.58,0.6593,939.18,363.87,0.6771,923.00,365.77,0.7645,952.03,378.62,0.7279,914.90,388.62,0.7372,969.17,386.72,0.6109,904.43,412.90,0.7858,990.12,391.00,0.6803,915.38,427.66,0.6974,942.99,430.04,0.6334,917.76,428.13,0.6324,950.13,474.31,0.7438,897.77,472.40,0.7055,941.56,511.91,0.7579,874.92,509.06,0.7755
897,bottom,0,816.55,559.78,923.11,818.08,856.58,582.36,0.6838,852.80,578.57,0.5516,859.11,577.94,0.5440,850.91,584.88,0.7322,869.83,583.62,0.7128,838.93,615.15,0.8361,890.64,610.74,0.8002,826.31,654.88,0.7583,908.30,650.46,0.8043,821.27,681.36,0.7461,917.75,686.41,0.7685,863.52,688.30,0.6876,890.64,686.41,0.7435,856.58,744.43,0.8360,884.96,734.97,0.7948,855.95,799.92,0.8435,884.96,789.83,0.8348
898,top,3,878.45,338.40,1009.74,530.10,940.35,354.22,0.6862,942.69,350.47,0.6623,936.61,351.41,0.6690,947.84,354.22,0.7122,931.93,357.02,0.7755,959.07,371.53,0.7004,923.97,380.89,0.7512,974.99,380.42,0.4516,915.08,408.97,0.7940,992.30,383.23,0.4879,936.61,418.33,0.5644,950.65,424.42,0.6188,926.31,423.01,0.6266,952.05,471.22,0.7242,913.21,467.94,0.7081,941.76,511.47,0.7425,892.61,505.39,0.7293
898,bottom,0,824.92,559.68,930.78,820.33,865.76,582.46,0.7184,861.94,579.28,0.5368,867.67,578.64,0.5372,858.76,585.64,0.7388,877.21,584.37,0.7358,845.40,615.55,0.8689,898.21,612.37,0.8321,832.03,654.37,0.7603,915.40,652.46,0.8030,830.12,681.10,0.7322,924.30,688.10,0.7473,869.58,688.73,0.7082,896.94,686.82,0.7472,861.94,745.37,0.8565,898.21,738.37,0.8092,860.67,802.64,0.8853,903.30,793.10,0.8676
899,top,3,904.59,329.15,974.65,528.21,947.88,345.57,0.6895,950.31,341.69,0.6898,943.51,342.66,0.6883,955.17,345.57,0.7058,937.67,348.98,0.7659,964.40,365.50,0.7085,931.36,373.76,0.7724,964.40,392.71,0.3711,926.50,403.41,0.7284,964.89,407.29,0.2759,955.17,404.86,0.5991,957.60,422.85,0.6612,935.73,422.85,0.6673,956.14,466.10,0.7186,927.95,464.15,0.6824,945.45,507.89,0.7946,910.46,499.15,0.7229
899,bottom,0,829.00,562.30,936.07,822.96,873.63,585.08,0.7930,872.35,581.90,0.5454,875.53,581.26,0.5509,865.99,588.26,0.7547,885.72,586.35,0.7730,853.26,618.81,0.8560,904.81,616.26,0.8242,839.26,657.63,0.7682,920.72,656.35,0.8018,837.99,680.54,0.6690,929.63,689.44,0.7579,873.63,690.72,0.7318,900.35,688.81,0.7371,866.63,747.99,0.8426,911.17,742.90,0.8079,866.63,805.27,0.8770,921.35,796.99,0.8714
900,top,4,924.27,322.08,1012.51,531.40,953.57,335.78,0.6852,955.10,332.20,0.6749,948.97,334.25,0.6983,961.24,336.29,0.6729,943.86,340.38,0.7447,970.43,356.22,0.7427,940.28,364.40,0.7843,975.54,376.66,0.4735,940.28,396.59,0.7320,995.47,368.48,0.5503,968.90,388.92,0.5726,965.83,416.52,0.6693,944.88,417.03,0.6974,963.79,462.00,0.7026,942.84,461.49,0.7216,951.02,503.90,0.7731,930.57,491.64,0.5795
900,bottom,0,825.50,568.94,961.75,826.69,882.30,589.58,0.8394,881.04,586.44,0.5276,882.30,586.44,0.6070,874.12,592.73,0.7376,893.00,591.47,0.7746,861.53,622.93,0.8723,911.87,621.68,0.8282,846.43,664.46,0.7475,928.23,661.95,0.8124,847.69,686.49,0.6195,937.67,692.78,0.7657,878.52,695.30,0.7376,905.58,694.67,0.7352,870.97,751.30,0.8451,924.46,748.79,0.8221,870.34,809.82,0.9061,940.82,802.90,0.8708
901,top,0,937.76,316.91,1015.60,522.86,962.60,330.89,0.6728,963.61,327.37,0.6653,957.57,328.87,0.6459,968.64,332.39,0.6275,951.54,335.41,0.7235,976.68,353.51,0.6890,949.53,358.54,0.8013,980.70,377.15,0.4287,957.07,389.72,0.7337,1000.82,360.05,0.5513,984.22,368.60,0.6528,973.16,412.34,0.6696,953.55,413.85,0.6811,973.16,456.59,0.7162,954.56,458.60,0.7390,959.58,497.82,0.7483,948.52,490.28,0.6418
901,bottom,1,843.37,573.19,987.45,831.24,892.73,595.11,0.8876,890.84,591.96,0.6426,894.62,592.59,0.6287,883.28,598.26,0.8101,902.18,598.26,0.8234,868.79,628.50,0.8765,920.45,627.87,0.8482,856.19,666.93,0.7848,935.57,665.67,0.8045,857.45,692.76,0.7160,947.54,695.91,0.7774,884.54,701.58,0.7521,911.63,701.58,0.7362,874.46,751.98,0.8292,937.46,753.87,0.7938,870.68,811.83,0.9397,960.77,809.94,0.8664
902,top,1,945.59,314.92,1014.91,520.20,968.72,326.35,0.6650,970.23,323.34,0.6505,963.71,324.85,0.6539,975.24,327.85,0.6543,958.20,331.86,0.6961,980.25,349.90,0.6732,958.20,354.41,0.7792,983.26,374.96,0.4491,967.72,380.47,0.7293,999.79,357.92,0.4553,986.26,360.93,0.7371,979.25,409.54,0.6673,959.70,411.55,0.6693,985.76,452.14,0.7415,966.22,452.64,0.7501,969.22,492.23,0.7803,961.21,493.73,0.6923
902,bottom,0,856.77,579.83,1003.24,836.35,901.19,600.37,0.9621,901.19,597.24,0.6843,901.19,597.86,0.6050,891.80,602.87,0.8250,910.59,603.50,0.7779,877.39,634.19,0.9100,928.75,633.56,0.8883,865.49,671.14,0.7882,946.29,672.39,0.8252,864.87,699.95,0.7765,956.93,701.20,0.7700,891.80,705.59,0.7839,920.61,706.21,0.7645,878.65,754.44,0.8431,948.16,760.07,0.7989,870.50,813.31,0.9379,978.23,817.06,0.8596
903,top,1,951.48,315.86,1014.59,515.99,974.73,327.49,0.6646,976.68,324.07,0.6064,970.33,325.54,0.5891,981.57,327.00,0.6339,965.44,331.40,0.6268,984.01,347.03,0.6925,967.40,350.94,0.8214,990.36,368.04,0.5070,976.19,374.39,0.7616,1002.58,348.99,0.5352,990.85,353.39,0.6991,984.99,406.15,0.6824,968.38,407.13,0.6684,998.67,450.13,0.7456,973.75,453.06,0.7731,982.54,493.61,0.7420,963.49,493.61,0.7763
903,bottom,0,853.81,583.47,1014.90,842.46,911.59,604.84,1.0086,910.96,602.31,0.6843,912.23,602.95,0.6687,902.74,608.00,0.8203,921.08,608.64,0.8277,886.93,638.36,0.9056,939.42,638.99,0.8912,874.92,676.29,0.7915,957.12,677.56,0.8095,870.49,706.01,0.7561,967.87,706.64,0.7554,900.21,707.91,0.7860,930.56,707.91,0.7555,884.41,755.96,0.8583,959.02,766.08,0.8101,871.13,814.14,0.9379,990.00,822.36,0.8590
904,top,3,953.43,321.45,1021.43,510.66,986.04,331.06,0.5899,986.97,326.91,0.5404,980.96,327.37,0.5024,989.74,330.14,0.5470,975.42,332.45,0.6132,989.74,350.00,0.6223,974.03,349.08,0.7493,995.74,368.02,0.4428,978.65,370.79,0.6496,998.98,337.99,0.4063,990.20,350.00,0.4280,992.97,408.21,0.6658,975.88,410.05,0.6415,1012.37,448.39,0.7889,979.11,453.48,0.7726,996.21,485.81,0.7301,963.87,490.43,0.7968
904,bottom,0,854.15,587.89,1016.52,851.33,921.18,608.34,0.8997,920.54,605.13,0.5411,921.18,605.13,0.6401,912.82,611.56,0.7489,931.47,610.91,0.7876,898.03,641.79,0.9017,950.13,641.79,0.8469,885.81,681.66,0.8065,969.42,681.02,0.8011,880.02,711.25,0.7890,978.43,707.39,0.7586,911.54,712.54,0.7310,941.77,712.54,0.7253,889.03,758.84,0.8227,969.42,769.78,0.8253,871.02,814.16,0.8522,994.51,828.95,0.8537
905,top,1,954.65,316.46,1032.34,509.31,992.55,332.37,0.4834,994.91,329.08,0.4518,986.90,329.08,0.4034,998.67,331.43,0.5245,982.66,332.37,0.4891,999.14,351.20,0.6341,980.78,346.97,0.6846,1001.03,371.92,0.4613,977.01,365.80,0.7436,1004.32,346.50,0.3244,984.55,344.61,0.5490,1001.50,406.29,0.7281,983.14,407.71,0.6715,1025.04,444.90,0.8371,982.19,453.38,0.7656,1012.33,479.27,0.8138,963.36,491.99,0.8496
905,bottom,0,855.58,590.56,1016.91,851.92,930.50,610.85,0.9106,931.14,607.66,0.5812,928.59,607.02,0.6363,922.85,613.40,0.7816,941.35,612.76,0.7811,907.53,644.67,0.8566,961.13,643.39,0.8250,895.41,683.59,0.8066,979.64,681.68,0.8082,887.75,713.58,0.7648,988.57,707.84,0.8246,920.93,715.49,0.7178,951.56,715.49,0.7247,895.41,762.71,0.8219,977.72,771.65,0.8355,871.80,814.40,0.8425,994.95,831.63,0.8931
906,top,1,955.75,313.96,1043.90,509.73,995.52,331.07,0.5483,998.39,327.73,0.5151,990.74,327.73,0.4589,1002.21,329.16,0.5593,985.01,331.55,0.5546,1006.04,350.19,0.6173,982.62,349.71,0.6724,1009.86,371.22,0.4473,976.88,365.49,0.7529,1010.34,361.19,0.3392,987.87,344.94,0.6433,1010.34,405.63,0.6791,989.79,407.55,0.6536,1033.28,441.00,0.7775,985.48,452.00,0.7216,1025.15,475.41,0.8418,964.45,488.32,0.8111
906,bottom,0,859.76,590.29,1017.18,851.92,939.75,610.60,0.8499,941.03,607.40,0.5815,938.47,606.77,0.5786,930.17,613.15,0.7832,949.33,612.51,0.7627,915.48,644.45,0.8164,969.13,643.17,0.8332,903.98,682.78,0.7908,987.65,682.14,0.7919,894.40,714.08,0.7479,997.24,707.69,0.7895,928.25,714.71,0.6926,958.91,714.71,0.7189,902.06,763.90,0.8051,982.54,770.92,0.8236,877.15,815.00,0.8320,995.96,831.61,0.8946
907,top,1,956.62,313.72,1060.12,510.70,999.71,329.50,0.6095,1001.16,326.13,0.5689,994.90,327.09,0.5494,1006.93,327.09,0.5826,990.10,331.42,0.6376,1014.14,346.81,0.6441,987.69,348.73,0.7071,1028.09,352.58,0.6588,981.44,368.93,0.7357,1011.25,335.27,0.5846,992.50,347.29,0.6497,1017.99,403.55,0.6585,998.27,405.48,0.6450,1038.19,437.22,0.7276,990.10,451.16,0.6826,1036.74,472.32,0.8352,966.53,487.23,0.7591
907,bottom,0,869.72,589.14,1016.94,851.01,945.89,607.55,0.8542,947.17,604.35,0.6018,944.61,604.35,0.5839,936.30,610.75,0.7756,954.84,610.11,0.7428,921.59,641.43,0.8178,975.30,640.79,0.8291,909.45,681.71,0.8036,993.20,680.43,0.8002,900.49,714.32,0.7558,1004.71,706.01,0.7709,933.10,712.40,0.6765,964.43,712.40,0.7071,908.81,762.91,0.7959,984.89,769.94,0.8172,886.43,815.97,0.8634,995.76,830.68,0.9017
908,top,1,956.45,319.79,1072.83,512.71,1005.22,332.41,0.6336,1007.11,329.11,0.6000,1000.04,330.52,0.5923,1012.29,330.05,0.6202,994.39,335.71,0.6447,1022.65,345.13,0.6707,991.56,354.07,0.7209,1042.43,334.76,0.7293,991.09,372.92,0.7368,1016.53,328.64,0.5770,1000.51,355.02,0.6612,1026.42,404.94,0.6487,1006.64,407.30,0.6297,1041.96,438.86,0.6815,998.16,452.04,0.6594,1048.56,469.00,0.8026,971.78,485.96,0.7440
908,bottom,0,882.63,585.71,1019.28,849.61,950.96,604.91,0.8612,952.25,601.69,0.5520,950.31,601.69,0.5673,941.94,608.13,0.7958,960.62,607.48,0.7851,925.83,637.77,0.8358,979.95,638.41,0.8251,912.94,678.36,0.8187,997.99,679.00,0.8097,905.86,710.57,0.7750,1009.59,704.77,0.7913,936.78,710.57,0.6937,967.71,710.57,0.7014,915.52,761.47,0.8198,986.39,767.27,0.8262,898.12,818.82,0.8838,996.70,829.12,0.9375
909,top,1,965.34,315.92,1077.10,511.24,1012.63,333.47,0.6444,1013.11,330.13,0.6173,1007.39,332.04,0.5990,1017.40,332.51,0.5959,1000.71,338.24,0.6589,1027.89,347.77,0.6327,999.28,356.36,0.7001,1046.97,336.33,0.4862,1000.24,376.39,0.6978,1050.31,328.22,0.4646,1009.77,358.26,0.5689,1032.66,406.90,0.6328,1014.07,409.77,0.6221,1048.88,440.76,0.6531,1011.20,454.11,0.6746,1055.55,468.42,0.7885,976.87,484.63,0.7156
909,bottom,0,894.78,583.58,1021.10,847.34,955.36,602.77,0.8739,956.65,600.20,0.5360,954.72,600.20,0.5896,946.35,605.99,0.7791,965.67,605.99,0.8031,929.61,635.61,0.8675,984.34,636.90,0.8283,915.44,676.82,0.8369,1001.73,678.76,0.8077,909.00,708.38,0.7914,1013.32,705.16,0.8199,940.55,707.73,0.7141,970.82,707.73,0.7042,921.88,760.53,0.8345,989.49,765.69,0.8409,905.14,817.84,0.9125,999.79,827.50,0.9411
910,top,1,974.45,301.02,1087.68,507.87,1019.95,338.29,0.6822,1020.46,334.25,0.6370,1014.90,335.77,0.6309,1022.98,336.78,0.5849,1008.34,341.32,0.6847,1034.60,351.42,0.6503,1006.32,362.53,0.7135,1058.84,337.79,0.6701,1007.33,378.69,0.6432,1071.97,315.06,0.6160,1016.92,365.06,0.5020,1039.65,410.51,0.6505,1021.47,413.03,0.6562,1057.83,443.33,0.6617,1025.00,455.96,0.7072,1057.32,469.59,0.7856,988.64,479.19,0.6964
910,bottom,0,899.47,582.28,1026.04,846.33,958.88,602.78,0.9004,960.17,599.55,0.5335,957.59,599.55,0.6128,949.86,606.00,0.7897,969.20,605.36,0.8045,933.10,635.01,0.8795,987.25,636.30,0.8312,916.98,674.98,0.8345,1004.65,678.85,0.8204,911.82,706.57,0.8052,1016.26,706.57,0.8422,943.41,707.21,0.7258,973.71,706.57,0.7029,927.30,760.07,0.8352,993.69,763.30,0.8404,910.53,816.16,0.9211,1005.30,825.18,0.9314
911,top,3,986.50,323.34,1085.98,488.02,1024.98,339.75,0.6825,1025.79,336.13,0.6486,1020.16,337.33,0.6577,1029.40,340.15,0.6038,1012.52,342.96,0.7612,1037.45,355.43,0.6191,1012.92,361.46,0.7229,1057.55,346.58,0.4916,1011.71,380.75,0.6411,1068.40,341.36,0.4464,1018.95,362.66,0.5533,1044.28,413.32,0.6433,1025.38,416.54,0.6284,1066.79,444.28,0.7218,1037.45,456.74,0.6639,1058.75,469.20,0.7866,1003.27,478.05,0.6752
911,bottom,0,902.24,584.36,1037.15,846.77,962.01,604.73,0.8609,961.37,602.17,0.5332,961.37,602.17,0.6357,953.68,607.93,0.7584,972.90,607.29,0.7922,936.38,636.76,0.8670,990.20,638.04,0.8108,919.72,673.28,0.8273,1006.21,679.05,0.8095,913.32,705.95,0.8156,1019.03,708.52,0.8029,946.63,708.52,0.7286,976.74,708.52,0.7027,930.61,761.69,0.8276,1000.45,764.90,0.8150,912.68,818.71,0.9122,1013.26,826.40,0.9216
912,top,3,1000.88,326.02,1078.65,499.83,1028.73,337.82,0.6817,1030.43,333.57,0.6619,1024.07,334.85,0.6580,1035.10,337.39,0.6602,1016.85,340.79,0.7394,1041.89,356.06,0.6511,1016.43,360.31,0.7611,1065.23,353.09,0.4019,1012.18,379.83,0.6980,1042.31,353.09,0.1988,1022.79,360.31,0.6438,1046.56,411.65,0.6803,1028.31,415.05,0.6528,1070.32,444.75,0.7614,1044.86,456.63,0.7169,1058.44,469.36,0.7842,1011.76,480.82,0.7751
912,bottom,0,902.60,588.71,1045.04,850.13,966.16,609.00,0.8465,966.16,605.81,0.5320,965.52,605.81,0.6215,957.86,611.55,0.7434,976.37,611.55,0.7958,939.99,640.28,0.8647,993.60,642.83,0.8175,921.48,676.65,0.8208,1008.92,684.95,0.8076,914.46,707.93,0.8038,1021.69,714.95,0.7919,948.93,713.03,0.7322,978.92,713.03,0.6996,932.33,766.01,0.8320,1005.09,766.65,0.8206,915.10,822.81,0.9106,1023.60,827.92,0.9306
913,top,1,1006.32,323.12,1100.92,486.16,1030.13,334.58,0.7591,1031.72,330.21,0.7015,1024.96,332.20,0.6926,1036.50,333.39,0.7286,1018.99,337.77,0.7806,1047.25,353.69,0.6749,1017.79,358.07,0.7659,1071.93,365.23,0.6733,1012.62,377.57,0.7147,1088.64,379.96,0.6849,1027.34,354.49,0.6733,1048.84,409.82,0.6773,1030.53,413.00,0.6980,1070.73,443.65,0.7537,1048.84,451.21,0.7186,1058.79,469.52,0.7434,1020.58,481.07,0.7455
913,bottom,0,902.38,594.34,1058.85,854.85,969.80,615.20,0.8867,970.44,611.38,0.5389,969.80,612.02,0.6642,961.53,617.11,0.7110,979.98,617.74,0.8059,943.09,647.00,0.8901,996.52,650.18,0.8470,922.74,683.25,0.8073,1010.51,692.16,0.7948,916.38,713.15,0.7831,1024.50,722.69,0.7956,951.99,717.60,0.7412,982.52,717.60,0.7058,934.19,771.03,0.8485,1011.78,772.30,0.8147,914.47,829.54,0.9379,1034.68,830.81,0.8996
914,top,1,1001.78,316.11,1093.59,502.18,1032.70,330.10,0.7854,1034.97,326.47,0.7809,1028.15,327.38,0.7602,1039.97,330.56,0.7805,1022.25,333.28,0.8404,1049.51,351.91,0.7621,1019.07,352.82,0.7965,1065.86,374.62,0.7165,1009.53,375.08,0.7479,1079.49,395.06,0.7196,1024.97,361.90,0.6531,1048.14,405.51,0.7178,1029.97,408.69,0.6952,1067.68,440.04,0.7797,1048.14,445.49,0.7540,1058.14,469.11,0.8018,1023.16,480.47,0.7270
914,bottom,0,899.06,602.83,1072.04,857.74,973.72,623.86,0.9160,973.72,620.75,0.5272,973.72,620.75,0.6693,965.01,625.73,0.7140,983.68,626.35,0.8116,946.96,654.98,0.9067,999.24,658.72,0.8721,925.80,691.08,0.8066,1014.18,701.03,0.8016,918.96,718.46,0.8002,1028.49,731.53,0.8265,955.05,724.68,0.7743,985.55,724.68,0.7462,934.52,778.20,0.8549,1018.53,776.96,0.8312,912.73,837.95,0.9199,1045.92,834.84,0.8910
915,top,1,999.98,306.98,1078.83,501.12,1034.67,323.47,0.8187,1037.04,320.15,0.8192,1029.93,320.63,0.7863,1042.25,324.89,0.7809,1023.76,326.79,0.8720,1050.31,348.59,0.8006,1019.97,347.64,0.7738,1057.42,376.56,0.7173,1008.12,371.82,0.7835,1066.90,402.15,0.5985,1028.98,363.29,0.6304,1047.46,400.73,0.7162,1028.03,403.58,0.6965,1062.63,436.28,0.7603,1044.14,441.49,0.7824,1057.42,467.56,0.8515,1023.76,478.46,0.7617
915,bottom,0,899.40,610.42,1079.01,859.21,979.49,631.56,0.9716,980.09,629.13,0.5153,978.88,629.13,0.6601,971.59,634.59,0.7149,989.21,634.59,0.7777,952.76,662.53,0.9149,1004.39,666.18,0.8801,932.72,698.37,0.8023,1017.75,708.09,0.8068,923.00,726.31,0.8175,1034.15,740.28,0.8366,959.44,732.38,0.7783,989.81,731.78,0.7513,935.75,784.01,0.8727,1025.65,782.19,0.8554,912.67,841.11,0.9413,1056.63,839.29,0.9085
916,top,1,999.04,304.08,1076.70,498.31,1036.45,318.21,0.8477,1039.77,314.42,0.8539,1032.18,314.90,0.8127,1044.98,319.64,0.7684,1025.54,321.06,0.8348,1050.20,344.30,0.7767,1021.75,342.40,0.7633,1051.62,372.75,0.6724,1006.10,367.53,0.7942,1054.94,400.72,0.5320,1031.23,368.95,0.5944,1045.46,397.41,0.6507,1026.02,399.30,0.6378,1058.74,434.39,0.7133,1040.24,437.24,0.7585,1056.37,467.59,0.8138,1022.22,478.02,0.7537
916,bottom,0,897.45,614.76,1080.11,862.48,988.78,635.80,0.8218,991.20,631.57,0.5554,988.78,631.57,0.5426,979.71,637.62,0.7415,997.25,638.22,0.7644,961.56,666.65,0.8491,1012.97,669.67,0.8385,942.82,702.94,0.8109,1023.86,711.40,0.8257,930.72,733.78,0.8326,1039.58,742.25,0.8461,967.01,736.80,0.7357,997.25,736.20,0.7064,941.00,784.58,0.8547,1032.93,784.58,0.8547,913.18,840.22,0.9089,1056.51,843.85,0.8904
917,top,1,1000.13,300.56,1075.34,498.34,1038.22,315.91,0.8599,1041.60,312.05,0.8452,1033.87,313.01,0.8281,1046.91,316.88,0.8091,1027.59,317.84,0.8365,1051.26,341.50,0.7431,1021.80,339.09,0.7542,1049.32,369.99,0.6401,1005.38,365.17,0.8121,1047.88,398.97,0.5086,1025.18,376.27,0.6240,1042.56,393.17,0.6226,1022.77,394.14,0.6114,1056.57,430.35,0.7288,1034.36,433.73,0.7575,1054.15,465.60,0.7791,1018.90,476.71,0.7626
917,bottom,0,899.18,614.70,1080.35,863.17,998.26,636.41,0.8719,999.47,632.17,0.6168,998.86,632.77,0.5446,987.94,638.23,0.7271,1005.54,638.23,0.7457,970.96,668.56,0.8261,1022.52,668.56,0.8860,953.37,706.17,0.7856,1031.62,710.42,0.8331,944.88,736.51,0.7701,1044.97,740.14,0.8565,977.63,737.72,0.7222,1007.96,735.90,0.7078,952.76,786.25,0.7998,1040.11,785.03,0.8597,917.58,837.20,0.8762,1056.49,845.70,0.8954
918,top,1,999.65,300.50,1071.05,496.03,1039.65,316.15,0.8410,1042.99,312.34,0.8550,1034.87,312.81,0.8320,1048.24,316.63,0.8319,1028.19,318.06,0.8403,1052.54,340.50,0.7700,1021.51,338.11,0.7572,1049.67,370.10,0.6912,1004.80,364.37,0.8337,1046.81,397.78,0.6151,1021.98,384.42,0.7126,1041.08,393.49,0.6531,1021.03,393.97,0.6364,1056.36,430.72,0.7831,1030.58,432.63,0.7704,1047.29,465.57,0.7914,1014.82,476.07,0.8023
918,bottom,0,912.08,615.01,1080.56,862.51,1007.20,635.44,0.8622,1008.41,631.81,0.6146,1007.80,631.81,0.5383,997.53,637.25,0.6962,1014.45,637.86,0.7100,980.61,667.46,0.8493,1030.77,667.46,0.9054,963.69,706.14,0.8287,1038.02,707.95,0.8288,963.09,737.56,0.7353,1052.52,736.95,0.8412,987.26,736.95,0.7245,1015.66,735.74,0.7144,972.15,784.69,0.7362,1047.68,783.48,0.8663,929.25,828.80,0.7830,1058.56,845.11,0.8924
919,top,1,998.61,303.30,1064.14,491.14,1039.63,318.34,0.8873,1043.30,314.67,0.9266,1035.04,315.13,0.8395,1048.34,318.34,0.8713,1028.62,319.25,0.8945,1053.39,341.73,0.8308,1020.83,339.43,0.7842,1050.64,371.08,0.7325,1003.40,366.49,0.8583,1047.88,398.59,0.6997,1017.62,388.96,0.7748,1040.55,393.55,0.6683,1019.45,393.55,0.6221,1054.76,431.61,0.7825,1026.33,434.36,0.7796,1039.17,464.63,0.8012,1010.28,477.93,0.8445
919,bottom,0,932.07,613.88,1081.08,859.61,1016.17,634.76,0.8506,1017.97,631.76,0.5876,1017.37,631.76,0.5518,1006.57,637.76,0.6704,1023.37,637.16,0.6770,990.98,666.55,0.8315,1038.97,665.95,0.8885,974.18,706.15,0.8250,1043.77,706.15,0.8350,984.98,730.14,0.6451,1060.57,734.34,0.8123,991.58,735.54,0.7410,1019.77,735.54,0.6986,993.98,778.74,0.7517,1054.57,780.54,0.8736,949.58,822.53,0.7958,1062.37,842.93,0.8570
920,top,1,994.40,306.16,1061.80,503.45,1038.22,322.92,0.8818,1042.07,319.55,0.9056,1034.36,320.03,0.8432,1047.85,322.92,0.8458,1028.58,323.88,0.8494,1053.63,345.08,0.8448,1019.91,343.63,0.7639,1051.70,373.49,0.7446,1001.61,368.20,0.8248,1049.29,400.95,0.7079,1014.13,395.17,0.7554,1040.14,398.54,0.6785,1019.43,397.58,0.6301,1051.22,436.11,0.7765,1022.32,436.60,0.7604,1034.84,467.90,0.8033,1004.98,478.50,0.7860
920,bottom,0,961.30,615.65,1088.41,858.71,1024.85,636.90,0.8242,1028.41,632.74,0.5212,1024.85,632.74,0.5513,1017.14,639.86,0.6923,1033.16,639.27,0.6381,1000.53,667.16,0.8559,1047.40,668.94,0.8257,985.69,708.70,0.8533,1050.96,709.29,0.8453,1002.90,710.48,0.5093,1072.92,736.59,0.8304,997.56,739.55,0.7841,1024.26,741.33,0.7088,1011.80,775.16,0.7485,1062.24,781.69,0.8516,976.79,822.04,0.8409,1066.39,842.21,0.9289
921,top,1,989.51,312.50,1061.75,502.73,1037.71,328.20,0.8797,1041.42,324.95,0.8891,1033.53,324.95,0.8338,1046.99,329.13,0.8094,1027.49,328.66,0.8596,1053.50,349.56,0.8374,1017.74,348.63,0.7652,1053.50,376.03,0.7251,1000.55,371.39,0.8013,1050.71,403.44,0.6911,1009.38,396.93,0.8010,1039.56,403.44,0.6824,1019.13,402.97,0.6551,1048.39,440.12,0.7564,1017.27,440.12,0.7424,1033.53,469.38,0.7787,1001.02,480.53,0.7982
921,bottom,0,987.24,617.63,1098.78,865.65,1034.53,639.91,0.7995,1036.35,636.89,0.5320,1035.74,636.89,0.6028,1026.66,642.94,0.6434,1040.59,642.34,0.6899,1010.92,668.98,0.8348,1052.70,671.40,0.8354,996.39,710.76,0.8385,1056.94,714.39,0.8322,1017.58,708.34,0.5429,1081.16,738.01,0.7819,1003.65,742.24,0.7622,1027.87,744.06,0.6913,1027.87,774.94,0.7169,1070.26,783.42,0.7920,1002.44,824.59,0.8148,1069.65,846.39,0.8267
922,top,1,988.76,315.83,1061.87,499.03,1036.50,330.94,0.9122,1040.07,328.26,0.9185,1032.47,328.26,0.8616,1044.99,332.29,0.8363,1026.21,332.73,0.9059,1053.05,352.41,0.8519,1015.47,351.52,0.7767,1053.49,379.25,0.7461,998.48,372.09,0.8109,1050.81,406.09,0.7148,1006.53,397.59,0.7942,1037.84,406.98,0.7202,1017.26,406.09,0.6994,1046.34,443.21,0.7302,1013.69,443.66,0.7797,1032.92,470.94,0.7873,998.48,483.47,0.8264
922,bottom,0,1000.22,623.45,1107.27,872.84,1045.22,644.03,0.7562,1045.22,640.99,0.5274,1046.44,640.99,0.6339,1033.65,647.69,0.6734,1048.87,647.69,0.7126,1021.48,673.26,0.8047,1060.44,678.13,0.8095,1015.39,709.18,0.5630,1062.88,721.97,0.8035,1039.74,718.31,0.3790,1088.45,742.06,0.7491,1011.73,748.15,0.7563,1033.65,749.97,0.6851,1040.96,776.15,0.6991,1079.32,789.55,0.7687,1026.35,826.69,0.7900,1074.45,852.87,0.7986
923,top,1,988.05,316.42,1059.24,495.97,1033.29,330.80,0.8947,1036.80,328.61,0.9096,1029.34,328.61,0.8437,1041.62,332.99,0.8461,1023.21,332.99,0.9038,1050.82,353.15,0.8704,1011.37,351.40,0.7872,1052.14,379.89,0.7764,995.59,371.13,0.8164,1050.38,406.63,0.7389,1003.92,397.43,0.8165,1036.36,406.63,0.7460,1013.56,405.32,0.7218,1042.93,444.77,0.7325,1007.86,444.77,0.7832,1032.85,471.51,0.7863,996.91,486.41,0.8583
923,bottom,0,1008.99,630.02,1116.81,882.01,1054.29,649.58,0.7346,1053.67,645.28,0.5473,1053.67,646.51,0.6339,1041.98,653.28,0.6370,1054.29,653.89,0.6569,1033.37,676.65,0.7333,1062.28,685.27,0.7564,1043.83,700.65,0.5000,1065.36,730.18,0.7804,1073.36,698.80,0.6147,1094.27,744.94,0.6998,1019.83,754.17,0.7452,1040.14,756.63,0.6743,1051.21,783.70,0.7160,1090.58,797.24,0.7389,1043.21,832.30,0.8103,1083.20,859.37,0.7647
924,top,1,984.32,315.46,1056.11,494.15,1028.94,330.64,0.9578,1032.43,328.02,0.9568,1025.02,328.02,0.8710,1037.67,331.95,0.8594,1018.47,331.95,0.9200,1046.83,352.02,0.8713,1006.26,349.84,0.7958,1049.01,379.06,0.7974,991.43,370.34,0.8259,1048.14,405.67,0.7384,1000.15,396.51,0.8218,1033.74,405.67,0.7360,1010.62,404.37,0.7260,1038.11,443.63,0.7292,1003.21,445.81,0.7981,1034.18,469.80,0.7933,995.35,487.25,0.8575
924,bottom,0,1017.16,638.17,1123.67,887.93,1062.49,657.56,0.7280,1062.49,652.68,0.5285,1061.27,653.90,0.6172,1050.29,661.22,0.5804,1060.05,662.43,0.6182,1041.15,685.00,0.7553,1065.54,695.36,0.7430,1052.12,704.51,0.5488,1066.15,738.66,0.7587,1079.56,697.80,0.6692,1098.46,750.85,0.6855,1028.34,763.05,0.7217,1046.63,765.49,0.6710,1060.05,791.70,0.6505,1099.07,805.73,0.7315,1044.19,834.39,0.7653,1092.37,866.10,0.7693
925,top,1,981.50,314.62,1054.58,501.86,1024.44,330.07,0.9115,1028.09,327.32,0.9133,1020.78,327.32,0.8639,1032.67,330.98,0.8883,1014.38,330.98,0.9398,1043.18,351.10,0.8614,1002.04,349.27,0.7952,1045.92,378.98,0.7779,987.41,369.84,0.8144,1046.38,405.95,0.7175,995.64,394.52,0.8313,1031.29,405.50,0.6840,1006.61,403.21,0.6794,1036.78,445.27,0.6973,998.84,446.64,0.7741,1036.32,468.58,0.8126,993.81,489.61,0.8646
925,bottom,0,1025.75,644.54,1132.86,892.80,1073.24,662.60,0.7517,1072.64,659.57,0.5721,1070.21,660.18,0.6805,1059.30,668.06,0.5472,1065.36,669.87,0.6214,1050.82,692.91,0.7284,1070.82,703.21,0.7317,1064.76,709.27,0.5953,1067.18,745.64,0.7379,1087.79,697.76,0.7082,1103.55,756.55,0.6985,1038.69,770.49,0.7518,1053.85,771.70,0.7235,1068.39,795.34,0.6254,1105.37,811.71,0.7639,1044.15,833.53,0.7634,1100.52,872.32,0.8016
926,top,1,979.09,315.47,1053.51,506.08,1019.56,330.27,0.8966,1023.28,327.48,0.8861,1015.83,327.48,0.8914,1028.40,331.20,0.9112,1009.32,331.20,0.9146,1039.10,351.68,0.8224,996.75,350.75,0.7949,1042.82,379.60,0.7529,984.19,374.01,0.7865,1045.15,406.12,0.6914,993.03,396.35,0.8049,1029.33,405.19,0.6410,1003.27,404.26,0.6441,1037.71,446.14,0.6963,996.75,446.61,0.7315,1037.24,466.15,0.7939,993.03,488.49,0.8309
926,bottom,0,1028.71,648.82,1138.04,902.30,1082.76,669.12,0.8237,1082.14,666.03,0.6492,1079.04,666.03,0.7538,1067.91,672.83,0.5111,1071.00,675.31,0.6601,1059.86,696.35,0.7150,1077.81,708.73,0.7243,1068.52,713.06,0.5883,1073.48,750.81,0.7507,1092.04,701.30,0.7386,1111.84,758.24,0.7298,1048.72,773.09,0.7310,1060.48,774.94,0.7078,1069.76,796.60,0.5975,1109.99,815.17,0.7806,1045.01,833.73,0.7752,1103.80,881.38,0.7936
927,top,1,977.14,318.04,1051.81,504.80,1015.84,332.08,0.9323,1019.95,329.34,0.8857,1012.19,329.34,0.8874,1024.96,332.99,0.9110,1006.27,332.99,0.9104,1035.91,353.06,0.8145,992.59,353.51,0.7891,1040.46,381.33,0.7729,981.19,379.05,0.8078,1044.57,408.23,0.7026,993.04,400.02,0.8027,1026.79,407.77,0.6727,1000.80,406.40,0.6680,1037.27,448.81,0.6824,994.41,447.90,0.7434,1033.63,468.42,0.8061,992.59,489.39,0.8316
927,bottom,0,1029.78,650.86,1144.57,903.46,1090.26,671.09,0.8347,1089.64,668.01,0.6224,1086.56,668.62,0.7366,1073.61,674.79,0.5306,1078.54,677.26,0.6769,1066.82,696.37,0.7341,1085.33,710.56,0.7520,1075.46,708.71,0.5501,1081.01,753.73,0.7892,1098.28,695.76,0.7129,1122.33,756.19,0.8107,1055.72,773.46,0.7367,1068.06,776.54,0.7366,1070.52,796.28,0.6105,1115.54,820.95,0.8072,1046.47,831.43,0.8294,1103.21,884.47,0.8109
928,top,1,973.70,319.27,1052.23,506.09,1012.96,333.77,0.9478,1016.61,331.03,0.8951,1008.86,331.03,0.8899,1021.63,335.14,0.8903,1002.93,335.14,0.9329,1032.58,355.21,0.8122,990.16,356.58,0.7991,1038.05,383.03,0.7915,979.21,383.49,0.8377,1043.98,409.03,0.7300,991.98,400.82,0.7739,1023.46,408.12,0.6821,997.91,407.21,0.6608,1037.14,450.08,0.7548,992.90,448.71,0.7538,1030.30,471.97,0.8207,992.90,490.22,0.8402
928,bottom,0,1036.30,650.53,1154.93,903.26,1096.85,669.53,0.7758,1096.23,667.07,0.5691,1093.15,667.07,0.6646,1080.81,673.85,0.5190,1085.13,676.32,0.6463,1072.17,694.21,0.7219,1092.53,709.02,0.7531,1063.53,706.55,0.5299,1090.68,751.60,0.7498,1098.09,684.96,0.4421,1131.40,746.04,0.7408,1064.15,771.96,0.7291,1076.49,775.04,0.7157,1068.47,796.02,0.5979,1121.53,823.17,0.7889,1051.81,830.57,0.8033,1103.64,885.49,0.7598
929,top,1,971.98,321.22,1052.50,507.38,1010.88,336.58,0.9147,1014.52,333.40,0.8785,1006.79,333.40,0.8716,1019.52,337.03,0.8276,1000.43,337.49,0.9138,1030.42,357.48,0.7906,988.16,359.30,0.7844,1036.79,384.30,0.7724,977.70,387.03,0.8101,1044.51,410.66,0.7218,990.43,400.66,0.6700,1021.79,408.39,0.6405,995.88,407.02,0.6159,1034.51,449.29,0.7245,991.79,449.29,0.7278,1028.15,480.65,0.7831,992.25,490.20,0.8396
929,bottom,0,1036.83,643.95,1155.14,903.08,1099.78,662.17,0.7925,1098.52,659.01,0.5992,1095.99,659.64,0.7152,1084.60,666.60,0.5223,1089.03,669.13,0.6807,1076.37,688.11,0.6742,1096.62,702.66,0.7505,1072.58,691.91,0.4555,1096.62,743.15,0.7569,1094.72,727.97,0.3593,1135.21,730.50,0.7293,1072.58,769.72,0.6542,1084.60,773.52,0.6969,1073.84,796.29,0.6599,1123.82,822.86,0.7879,1052.97,838.68,0.7902,1104.21,884.86,0.7557
930,top,1,970.73,323.46,1054.29,511.55,1009.76,338.98,0.8908,1013.43,335.76,0.8757,1006.08,335.31,0.8715,1018.02,339.44,0.8049,999.20,338.98,0.9084,1028.13,359.18,0.7744,986.80,361.02,0.7824,1036.39,384.90,0.7522,976.24,388.11,0.7937,1045.12,411.53,0.7216,987.26,397.76,0.6812,1020.78,411.08,0.6479,994.14,411.08,0.6294,1030.88,451.49,0.7487,990.93,451.49,0.7357,1026.75,490.98,0.8081,991.85,490.98,0.8290
930,bottom,0,1041.85,632.15,1150.55,902.93,1099.51,653.18,0.7451,1097.52,650.53,0.5549,1096.20,652.51,0.6850,1084.96,660.45,0.5753,1092.24,661.77,0.6792,1081.00,680.94,0.6956,1098.18,692.84,0.7740,1075.05,669.70,0.4358,1099.51,731.84,0.7791,1088.27,704.74,0.3775,1133.88,710.03,0.7956,1077.69,760.27,0.6429,1091.57,763.57,0.7126,1083.64,792.00,0.7173,1119.34,820.43,0.7860,1055.22,844.89,0.8268,1104.13,884.55,0.7783
931,top,0,967.42,324.82,1054.14,518.03,1008.89,340.77,0.8789,1012.19,337.46,0.8496,1004.65,337.46,0.8365,1016.44,341.71,0.8092,998.04,341.24,0.8722,1026.82,361.05,0.7724,985.31,362.46,0.7871,1036.25,386.52,0.7386,973.04,387.94,0.7927,1044.74,412.46,0.6984,987.19,395.48,0.6184,1018.33,411.52,0.6374,991.91,411.52,0.6234,1024.93,453.50,0.7430,988.61,453.97,0.7133,1024.46,495.96,0.7533,991.44,491.24,0.7928
931,bottom,1,1049.28,602.95,1141.42,902.13,1099.73,643.71,0.7417,1097.54,640.78,0.6001,1096.08,641.52,0.7200,1085.12,648.82,0.6080,1091.70,649.55,0.7070,1080.74,669.27,0.7273,1099.00,680.96,0.7820,1063.21,646.63,0.6419,1100.46,718.21,0.8102,1077.09,623.25,0.5573,1128.95,693.38,0.8117,1082.20,745.97,0.7572,1099.73,747.43,0.7708,1088.78,789.06,0.7471,1110.69,813.16,0.8269,1063.94,840.19,0.8249,1107.77,879.63,0.8363
932,top,0,963.57,326.98,1053.50,522.44,1008.06,342.63,0.8609,1011.40,339.29,0.8344,1003.76,339.29,0.8355,1016.17,342.63,0.8240,997.08,342.63,0.8590,1026.19,362.19,0.7734,984.20,362.67,0.7626,1034.78,386.53,0.7427,969.40,389.40,0.7894,1044.33,412.78,0.7071,984.20,387.49,0.5743,1015.22,415.64,0.6404,989.92,415.64,0.6386,1019.51,456.68,0.7305,983.72,456.68,0.6938,1020.47,501.06,0.7542,988.49,488.66,0.7646
932,bottom,1,1047.72,577.09,1131.79,891.86,1092.83,638.41,0.5949,1093.60,634.57,0.4892,1094.37,634.57,0.4756,1085.91,639.95,0.5645,1102.05,639.18,0.6169,1079.77,656.09,0.6961,1114.35,661.47,0.7081,1055.18,636.88,0.7721,1108.97,651.48,0.4869,1067.47,606.91,0.7851,1106.66,651.48,0.3587,1085.91,731.40,0.7009,1109.74,732.17,0.6859,1092.06,785.96,0.7956,1112.81,802.87,0.7576,1075.16,831.30,0.7936,1105.13,864.35,0.8392
933,top,0,959.66,326.97,1053.10,522.06,1006.86,344.49,0.8730,1010.19,341.16,0.8435,1002.57,341.16,0.8347,1014.48,344.02,0.8351,995.90,344.49,0.8595,1024.95,363.55,0.7776,983.52,363.55,0.7367,1033.05,387.84,0.7400,966.37,389.27,0.7466,1042.10,413.56,0.7178,979.71,381.65,0.5854,1013.05,419.27,0.6483,988.28,417.84,0.6599,1016.38,461.19,0.7368,976.85,461.19,0.6833,1019.24,501.67,0.7614,984.47,483.57,0.7444
933,bottom,1,1037.74,575.56,1138.03,880.63,1088.63,632.02,0.5428,1089.38,629.04,0.4505,1093.10,628.29,0.4674,1084.16,633.50,0.5521,1096.08,634.25,0.5638,1077.46,649.89,0.6654,1104.27,654.36,0.6563,1049.16,641.70,0.7677,1100.55,646.91,0.4610,1052.14,608.18,0.7586,1107.25,649.89,0.3034,1090.87,724.37,0.7003,1116.93,724.37,0.7030,1093.10,783.95,0.8107,1117.68,795.12,0.7892,1078.95,831.62,0.7889,1102.78,853.22,0.8293
934,top,1,954.43,325.88,1050.24,522.33,1005.21,347.37,0.8908,1008.57,343.53,0.8660,1000.90,343.53,0.8514,1013.37,345.93,0.8595,993.70,346.41,0.8594,1023.44,366.55,0.7874,982.19,365.59,0.7263,1030.63,390.53,0.7415,962.05,386.70,0.6647,1040.22,415.95,0.7136,970.68,380.46,0.4723,1011.45,422.19,0.6672,986.51,419.31,0.6746,1015.28,463.43,0.7491,969.72,461.51,0.7045,1019.12,500.84,0.7452,977.88,482.62,0.7477
934,bottom,0,1036.68,606.28,1143.35,876.98,1084.72,625.31,0.6568,1082.74,622.67,0.4766,1085.39,622.67,0.4276,1079.44,630.60,0.6399,1097.28,627.96,0.5947,1076.79,647.12,0.6229,1109.18,651.09,0.5900,1048.38,653.73,0.6545,1100.59,657.04,0.3935,1043.09,622.67,0.6622,1093.98,648.44,0.2162,1098.60,715.86,0.6262,1127.02,716.52,0.6415,1091.99,781.94,0.7398,1120.41,785.91,0.7457,1080.76,836.14,0.7699,1107.20,846.05,0.7737
935,top,1,948.98,324.59,1051.63,520.60,1002.69,350.82,0.8986,1006.04,346.99,0.8922,998.39,346.51,0.8705,1011.31,349.38,0.8831,991.69,348.90,0.8659,1021.36,369.48,0.7716,979.72,367.57,0.6978,1029.01,391.49,0.7277,956.75,387.19,0.6585,1038.58,416.85,0.7084,973.02,377.14,0.4617,1010.35,423.55,0.6677,984.03,421.16,0.6733,1016.09,462.79,0.7482,963.93,458.49,0.6955,1021.36,498.69,0.7259,966.80,483.85,0.6751
935,bottom,0,1039.78,603.51,1153.75,876.45,1076.77,626.04,0.5061,1074.77,622.70,0.4095,1082.10,622.04,0.3305,1077.44,629.37,0.5890,1096.76,625.37,0.5602,1074.11,650.02,0.6823,1118.75,648.03,0.5797,1057.45,669.35,0.7086,1146.07,655.36,0.6264,1049.45,648.03,0.7126,1114.09,648.03,0.3962,1102.09,715.33,0.6541,1130.75,715.33,0.6728,1092.10,780.63,0.7502,1124.08,782.63,0.7598,1080.10,840.60,0.7639,1113.42,843.93,0.7764
936,top,1,944.11,338.73,1049.52,522.90,999.51,355.28,0.8497,1003.11,351.68,0.8494,995.47,351.68,0.8274,1008.50,354.83,0.8669,989.17,354.83,0.8257,1019.74,373.71,0.7649,977.03,371.02,0.7011,1027.84,395.75,0.7178,953.20,390.80,0.7288,1038.63,422.27,0.7451,969.84,379.11,0.4879,1008.95,426.32,0.6734,981.08,424.97,0.6767,1018.40,462.74,0.7313,956.80,459.14,0.7351,1025.59,500.96,0.7349,956.35,494.21,0.7639
936,bottom,0,1062.01,603.42,1158.74,877.87,1084.25,624.73,0.6323,1084.25,623.39,0.4677,1088.94,621.38,0.4147,1077.55,630.09,0.6488,1096.31,623.39,0.6228,1074.87,654.88,0.7639,1124.45,638.80,0.6705,1070.85,683.69,0.7180,1151.92,616.69,0.7205,1069.51,660.24,0.5194,1122.44,629.42,0.3755,1103.01,715.19,0.6560,1131.15,715.19,0.6488,1094.30,783.53,0.7330,1127.80,783.53,0.7392,1082.91,843.16,0.7745,1119.76,842.49,0.7887
937,top,1,929.54,342.38,1047.88,526.80,995.92,360.75,0.8184,999.52,357.15,0.8335,992.31,357.15,0.7928,1004.92,360.30,0.8550,986.01,359.85,0.8335,1017.08,379.66,0.7862,974.75,376.51,0.6896,1026.53,402.62,0.7354,954.49,392.26,0.5911,1037.79,426.48,0.6810,949.54,399.47,0.5795,1006.72,430.54,0.6984,979.26,429.18,0.6736,1019.33,466.56,0.7464,951.34,461.60,0.7507,1032.39,503.93,0.7278,944.59,500.32,0.7663
937,bottom,0,1062.31,560.05,1166.45,882.87,1084.43,630.82,0.7468,1082.06,628.46,0.5647,1087.58,626.09,0.5391,1077.34,636.34,0.7272,1094.68,627.67,0.7384,1076.55,664.71,0.8664,1121.47,639.49,0.7816,1086.01,696.24,0.7071,1149.84,610.33,0.8195,1097.83,680.47,0.3700,1157.73,581.17,0.7870,1105.71,719.09,0.7778,1133.29,715.94,0.7547,1099.40,786.87,0.8237,1131.72,784.51,0.8134,1090.73,845.20,0.8374,1124.62,839.68,0.8724
938,top,1,912.60,350.98,1055.39,534.43,993.29,368.34,0.7624,997.01,365.09,0.7697,989.57,365.09,0.7507,1002.59,367.87,0.8113,983.53,368.34,0.8419,1015.14,387.40,0.7960,972.37,384.61,0.7016,1026.29,411.10,0.7518,955.64,400.41,0.6639,1038.38,435.73,0.6841,943.09,414.35,0.6563,1004.45,435.73,0.7197,976.09,434.81,0.6904,1020.71,473.38,0.7688,949.60,465.48,0.7472,1040.24,512.89,0.8337,929.15,505.92,0.8092
938,bottom,0,1061.34,544.97,1180.01,888.67,1084.59,633.75,0.7219,1082.07,632.07,0.5744,1087.11,630.39,0.5900,1078.72,642.14,0.7247,1093.82,632.07,0.7563,1079.56,671.51,0.8727,1120.67,642.98,0.8069,1091.30,703.40,0.6899,1150.88,609.41,0.8335,1114.80,689.13,0.3516,1165.15,573.33,0.8368,1108.09,731.92,0.7908,1136.62,728.57,0.7870,1104.73,792.34,0.8386,1136.62,785.63,0.8191,1098.86,847.72,0.8563,1129.90,833.46,0.8825
939,top,1,899.45,361.60,1058.68,538.64,989.95,377.55,0.8400,994.10,373.40,0.8187,986.32,373.40,0.8165,1000.32,376.00,0.8572,981.14,376.00,0.8707,1012.76,397.77,0.7917,969.73,394.14,0.7342,1024.68,421.09,0.7855,954.70,411.24,0.6377,1040.23,446.49,0.7119,941.74,424.72,0.6523,1001.87,444.42,0.7458,972.33,442.86,0.7142,1018.98,480.70,0.7918,945.89,478.11,0.7523,1044.37,516.98,0.8009,916.35,512.32,0.8100
939,bottom,0,1063.70,591.65,1171.57,895.70,1084.23,643.46,0.7779,1081.26,642.72,0.5771,1087.20,639.75,0.5284,1076.07,650.14,0.8014,1095.37,641.98,0.7777,1079.78,679.09,0.8415,1118.38,649.40,0.7673,1095.37,713.24,0.6932,1144.36,633.07,0.5210,1107.24,686.51,0.3483,1158.46,619.71,0.6152,1113.18,736.99,0.7122,1139.91,732.54,0.7151,1109.47,797.86,0.7765,1142.13,784.50,0.7586,1107.99,855.02,0.7902,1134.71,830.52,0.8076
940,top,3,895.73,371.48,1058.34,540.96,988.68,388.99,0.7662,991.86,384.76,0.7913,984.45,385.29,0.7881,998.21,386.88,0.8240,979.16,387.40,0.8355,1010.92,408.05,0.7697,967.51,405.40,0.7403,1023.62,433.46,0.7659,954.28,423.93,0.5863,1042.15,456.22,0.7056,948.45,432.40,0.5629,999.80,453.57,0.7507,971.22,453.57,0.7145,1018.33,484.27,0.7741,944.75,486.39,0.7297,1044.26,516.56,0.7891,910.34,517.62,0.7947
940,bottom,0,1062.41,630.01,1166.40,905.94,1082.07,650.09,0.8095,1080.72,648.07,0.5957,1082.74,646.04,0.5080,1076.00,656.82,0.7428,1094.19,648.07,0.7594,1081.39,691.18,0.8433,1119.79,657.50,0.7130,1096.21,725.54,0.6870,1161.56,650.76,0.4618,1112.38,706.67,0.3528,1165.60,654.80,0.5752,1117.10,742.38,0.6702,1146.74,736.32,0.6837,1114.40,808.40,0.7335,1148.09,784.14,0.7133,1117.77,864.98,0.7613,1140.68,828.61,0.7732
941,top,1,893.09,383.98,1056.52,541.53,990.23,402.11,0.7885,992.89,398.38,0.8140,985.97,398.91,0.7950,998.74,401.04,0.7917,979.59,401.04,0.8318,1010.45,420.19,0.7809,967.35,418.07,0.7331,1024.81,444.13,0.7800,955.12,439.88,0.6303,1043.43,467.01,0.7276,949.27,456.37,0.5123,998.21,463.28,0.7154,970.01,463.82,0.6823,1021.09,485.10,0.7637,943.41,492.54,0.6977,1041.83,518.08,0.8461,907.77,518.08,0.7759
941,bottom,0,1061.80,639.57,1173.62,920.20,1081.40,662.04,0.7875,1079.34,660.67,0.5484,1080.03,657.93,0.4780,1075.92,668.89,0.7544,1094.42,659.98,0.7113,1081.40,703.83,0.8529,1121.14,668.20,0.7555,1093.73,744.25,0.7788,1160.88,679.17,0.7052,1104.69,729.87,0.4214,1165.67,694.92,0.6790,1120.45,745.62,0.6474,1149.91,736.03,0.6524,1119.77,821.68,0.7096,1154.02,789.47,0.6646,1126.62,877.17,0.7616,1148.54,829.21,0.7412
942,top,1,894.61,397.95,1060.62,541.03,993.83,413.83,0.7486,995.99,410.05,0.7790,989.50,410.05,0.7504,1001.39,412.75,0.7295,983.02,412.75,0.8012,1011.12,430.05,0.7886,969.51,429.50,0.7549,1026.25,452.20,0.8019,957.08,453.28,0.7282,1047.87,473.82,0.7316,948.98,476.52,0.6825,997.61,468.41,0.6905,970.59,468.95,0.6550,1024.09,484.62,0.7577,944.65,495.43,0.6971,1043.00,519.21,0.8715,908.45,519.21,0.7789
942,bottom,0,1065.35,653.05,1173.64,936.48,1084.20,676.44,0.7254,1080.05,672.98,0.5403,1082.82,670.90,0.4617,1078.67,679.90,0.7354,1097.35,672.98,0.7146,1083.51,717.26,0.8540,1126.41,686.82,0.7639,1090.43,760.86,0.7327,1159.63,714.50,0.7952,1098.74,756.01,0.4624,1155.48,737.33,0.5494,1127.11,769.16,0.6462,1156.17,761.55,0.6748,1124.34,838.36,0.7303,1159.63,802.38,0.5867,1136.10,893.71,0.7504,1157.55,833.51,0.6617
943,top,1,893.59,406.87,1060.45,541.25,997.66,425.72,0.7605,1000.37,421.92,0.7464,993.31,421.92,0.7499,1005.80,423.55,0.7551,987.34,423.00,0.7737,1016.12,439.30,0.8281,974.30,438.76,0.7796,1032.42,459.40,0.8244,959.09,461.57,0.7486,1053.06,478.95,0.7317,950.40,482.75,0.6467,1000.92,471.34,0.7417,973.76,471.34,0.6826,1029.70,486.55,0.7685,946.60,497.96,0.6763,1046.00,520.77,0.8572,909.66,519.69,0.8107
943,bottom,0,1070.28,666.63,1178.29,957.03,1086.71,692.72,0.7413,1081.75,689.18,0.6135,1086.00,687.05,0.5125,1081.04,696.27,0.7787,1100.89,688.47,0.7693,1084.58,733.84,0.8445,1127.83,705.48,0.7741,1090.26,779.93,0.7401,1151.94,735.26,0.5066,1097.35,770.71,0.4671,1117.20,757.95,0.3365,1132.09,789.14,0.6390,1160.45,779.93,0.7003,1129.25,857.91,0.7216,1164.70,811.83,0.4914,1146.27,916.05,0.7404,1165.41,843.02,0.6096
944,top,1,894.52,416.47,1061.79,541.08,1000.48,435.21,0.7739,1004.29,431.40,0.7617,996.66,431.40,0.7544,1009.19,432.49,0.7729,991.76,432.49,0.7796,1017.90,445.56,0.8153,977.06,446.10,0.7284,1036.41,463.53,0.8198,959.64,462.98,0.7675,1054.93,483.67,0.7949,952.56,483.67,0.7004,1002.65,475.50,0.7010,974.88,475.50,0.6639,1029.33,486.94,0.7262,950.93,501.64,0.6769,1045.67,520.15,0.8142,911.72,520.15,0.7869
944,bottom,0,1071.91,685.62,1185.42,983.85,1090.07,709.50,0.7790,1085.71,705.86,0.6277,1089.35,704.40,0.5576,1084.98,712.41,0.7711,1103.18,706.59,0.7709,1086.43,753.18,0.8520,1129.39,725.52,0.7807,1090.07,796.14,0.7241,1146.14,758.28,0.5134,1099.54,791.77,0.4484,1112.64,781.58,0.3906,1136.67,809.25,0.6739,1164.34,796.87,0.7352,1136.67,879.15,0.6868,1169.44,829.64,0.5039,1154.15,941.04,0.6988,1173.81,857.30,0.5639
945,top,1,895.05,424.11,1063.27,541.06,1003.25,442.06,0.8808,1007.09,437.68,0.8762,999.42,437.68,0.8310,1012.01,438.78,0.7932,993.94,438.78,0.8030,1022.42,451.37,0.8024,979.16,450.28,0.7026,1040.49,468.89,0.8308,961.63,465.06,0.7677,1053.08,489.70,0.7705,953.97,486.97,0.7374,1006.54,477.66,0.6991,977.51,478.75,0.6648,1031.73,487.51,0.7001,950.68,505.58,0.6394,1045.42,520.37,0.8240,911.80,520.37,0.7835
945,bottom,0,1074.55,704.37,1195.51,988.35,1091.35,729.89,0.8433,1087.88,725.03,0.6305,1090.66,724.34,0.5808,1085.80,732.66,0.7604,1105.22,727.11,0.8111,1088.58,772.18,0.8105,1131.56,747.22,0.7700,1090.66,817.93,0.7343,1150.97,780.50,0.5121,1096.90,804.07,0.4640,1116.31,800.60,0.3594,1141.27,829.72,0.6833,1167.61,820.01,0.7146,1142.65,903.21,0.6981,1169.69,852.60,0.4026,1167.61,963.53,0.7232,1180.79,883.10,0.5053
946,top,1,895.16,426.75,1060.28,539.86,1002.98,446.21,0.9114,1007.28,441.38,0.8944,999.76,441.38,0.8712,1012.66,441.91,0.8328,994.38,441.91,0.8322,1023.41,454.81,0.7974,980.41,453.20,0.7081,1043.83,477.39,0.7679,961.60,465.56,0.7623,1048.13,496.20,0.6135,954.61,484.38,0.7823,1010.51,478.46,0.6803,980.41,480.08,0.6516,1034.16,484.38,0.7055,950.85,505.88,0.6692,1045.98,519.85,0.8122,912.15,519.85,0.7904
946,bottom,0,1076.30,724.93,1204.42,990.30,1091.12,747.48,0.8842,1088.53,742.29,0.6500,1089.18,742.94,0.6046,1085.94,751.36,0.7052,1103.43,746.18,0.7798,1089.83,787.64,0.8465,1130.00,764.97,0.7459,1094.36,832.35,0.7415,1142.31,800.60,0.4810,1093.07,831.05,0.5634,1124.81,831.05,0.4583,1144.90,840.12,0.7022,1172.75,830.40,0.7282,1143.60,915.92,0.7599,1171.46,871.87,0.5954,1172.75,970.99,0.7848,1192.19,912.03,0.6842
947,top,1,894.16,427.11,1059.73,540.81,1003.89,446.77,0.9023,1008.20,441.92,0.8903,1000.12,441.92,0.8567,1013.59,442.46,0.8197,994.73,442.46,0.8165,1024.91,455.39,0.8016,981.26,453.24,0.7062,1043.24,480.18,0.7659,961.85,466.17,0.7474,1041.08,498.51,0.6271,952.69,484.50,0.7785,1011.44,478.03,0.6852,980.72,478.57,0.6435,1033.53,485.03,0.6954,953.23,503.36,0.6477,1045.39,520.61,0.7554,913.35,519.53,0.7964
947,bottom,0,1075.74,733.68,1210.72,989.44,1088.28,756.03,0.8681,1087.03,750.41,0.6613,1086.41,751.04,0.5839,1085.16,759.78,0.7341,1102.02,754.78,0.7690,1092.65,796.00,0.8231,1128.25,773.52,0.7243,1101.40,840.33,0.7460,1138.24,808.48,0.4700,1092.65,840.33,0.5992,1127.62,834.71,0.4010,1150.72,851.57,0.6490,1175.08,840.95,0.7124,1135.11,917.13,0.7659,1167.58,887.16,0.6543,1171.33,970.21,0.7722,1196.31,922.75,0.7573
948,top,1,896.48,427.23,1059.99,541.02,1003.25,446.86,0.8732,1006.98,442.07,0.8652,999.53,442.07,0.8317,1013.37,441.54,0.8191,994.74,442.07,0.7783,1025.61,453.25,0.8372,981.96,451.12,0.6956,1038.38,482.00,0.7739,962.80,462.30,0.7032,1033.59,506.48,0.7057,953.22,482.00,0.7278,1014.43,474.01,0.7618,983.03,474.54,0.6916,1036.79,488.91,0.7244,954.28,503.29,0.6897,1045.83,521.92,0.7770,914.36,518.19,0.7931
948,bottom,0,1072.19,731.19,1212.44,989.14,1086.26,754.36,0.8794,1085.00,749.96,0.6548,1083.75,749.96,0.6009,1083.75,758.14,0.7506,1099.49,753.73,0.7844,1095.08,794.04,0.8226,1125.94,772.63,0.7496,1110.83,836.23,0.8222,1139.79,806.00,0.4862,1094.45,844.42,0.6830,1120.90,828.68,0.3721,1152.39,850.09,0.6688,1173.17,839.38,0.7187,1136.65,916.21,0.7748,1162.47,884.10,0.6007,1172.54,971.00,0.7901,1195.21,921.88,0.7632
949,top,1,896.41,424.84,1060.18,540.64,1001.75,444.89,0.7643,1004.95,440.63,0.7549,998.02,440.63,0.7437,1011.88,439.56,0.7582,994.29,440.63,0.7273,1024.68,449.16,0.8053,983.63,447.03,0.6911,1034.27,476.35,0.6629,963.90,458.75,0.6788,1035.34,498.20,0.5345,951.11,477.41,0.7017,1012.95,470.48,0.7455,983.10,471.01,0.6774,1036.40,490.74,0.7299,958.57,499.27,0.6587,1047.07,521.12,0.8112,915.93,516.86,0.7612
949,bottom,0,1070.37,722.70,1205.45,988.23,1084.75,745.91,0.9169,1083.46,742.02,0.6443,1080.86,742.02,0.6243,1080.21,751.09,0.7506,1097.07,745.91,0.8305,1093.83,786.10,0.8566,1123.00,762.76,0.8009,1114.57,825.00,0.8250,1146.99,793.88,0.5495,1099.01,839.26,0.7505,1124.30,818.51,0.3639,1148.28,843.15,0.7232,1166.43,834.07,0.7299,1137.91,911.21,0.7743,1156.06,877.50,0.6047,1173.56,969.56,0.7961,1188.47,917.05,0.7683
950,top,1,901.42,422.71,1060.65,540.62,999.70,441.75,0.7328,1002.29,437.09,0.7125,996.59,437.09,0.6924,1009.55,436.05,0.7420,993.48,436.05,0.6741,1025.10,445.38,0.8147,984.15,440.20,0.6814,1030.28,472.85,0.6695,967.56,451.60,0.6245,1032.87,486.33,0.5611,955.12,473.37,0.6006,1011.10,466.63,0.7401,983.11,464.04,0.6865,1034.94,488.40,0.7203,960.82,492.03,0.6868,1046.87,520.02,0.8053,919.88,516.39,0.7671
950,bottom,0,1068.62,711.06,1194.13,988.51,1082.60,734.64,0.8583,1081.25,730.57,0.6534,1078.54,730.57,0.6374,1079.22,739.38,0.7185,1094.12,733.96,0.8232,1089.38,775.95,0.8707,1123.25,751.57,0.8458,1114.44,811.18,0.8085,1153.05,782.73,0.7906,1100.22,831.50,0.7777,1133.41,801.69,0.4840,1144.24,834.88,0.7034,1162.53,826.08,0.7262,1138.15,904.65,0.7566,1150.34,868.75,0.6042,1170.66,962.91,0.8086,1178.11,912.78,0.7956
951,top,1,912.30,422.38,1060.36,541.82,1005.13,440.16,0.4236,1007.06,435.83,0.3770,1001.27,435.34,0.3844,1009.47,435.34,0.4933,997.90,432.93,0.4600,1022.48,442.09,0.7311,984.40,434.38,0.5741,1023.44,471.01,0.5773,967.05,444.02,0.6506,1024.41,483.06,0.4820,958.38,466.19,0.6397,1005.61,461.85,0.6044,981.03,458.96,0.6160,1033.56,487.88,0.7140,959.34,488.36,0.6589,1046.58,518.73,0.7514,927.05,514.87,0.7001
951,bottom,0,1066.55,700.61,1184.22,985.64,1080.85,724.83,0.8461,1078.76,719.96,0.6776,1075.98,720.65,0.5992,1077.37,727.61,0.7342,1092.68,723.43,0.7887,1085.72,765.19,0.8744,1121.21,740.83,0.8442,1110.08,800.68,0.8084,1151.83,772.84,0.8073,1101.03,822.25,0.7619,1132.35,792.33,0.5127,1140.00,827.82,0.7114,1159.49,818.77,0.7252,1135.13,896.01,0.7468,1144.87,859.83,0.6094,1164.36,953.77,0.8211,1168.53,909.93,0.7743
952,top,1,922.99,419.01,1059.92,542.75,997.69,439.87,0.4164,999.48,436.31,0.3556,991.01,436.75,0.3235,1003.49,433.63,0.4743,987.89,434.52,0.3278,1017.31,437.64,0.7441,976.74,431.40,0.6407,1015.52,471.97,0.6685,965.15,442.10,0.5816,1003.93,498.71,0.6849,958.02,466.17,0.5683,1007.05,458.59,0.6770,979.42,455.92,0.6554,1032.91,488.46,0.7448,955.35,484.00,0.7156,1046.72,519.21,0.7999,933.95,516.98,0.7276
952,bottom,0,1064.49,690.43,1177.31,983.27,1078.72,716.03,0.8497,1077.29,711.02,0.7068,1075.14,711.02,0.6176,1077.29,718.17,0.7882,1093.02,714.60,0.7876,1083.01,755.35,0.8603,1120.90,733.19,0.8383,1105.17,793.24,0.7576,1150.21,766.79,0.8284,1101.60,813.97,0.6372,1126.62,787.52,0.5582,1134.48,819.69,0.7090,1155.22,811.83,0.7201,1128.76,888.33,0.7459,1138.77,862.59,0.5790,1159.51,946.95,0.7841,1150.93,919.07,0.6902
953,top,1,930.92,415.42,1059.66,546.09,989.00,435.91,0.4615,991.52,433.40,0.4352,982.72,433.82,0.3568,995.71,432.56,0.5069,976.43,432.14,0.3996,1011.21,435.91,0.7626,970.14,427.11,0.6824,1009.12,465.25,0.6410,965.95,435.49,0.5000,999.48,491.65,0.6477,962.18,462.73,0.4789,1005.77,456.87,0.6750,977.69,453.93,0.7036,1030.07,489.14,0.7012,951.70,481.17,0.7575,1046.42,519.31,0.7818,939.97,521.82,0.7110
953,bottom,0,1063.69,684.93,1171.60,953.32,1078.98,709.04,0.9034,1077.02,704.46,0.7026,1075.71,703.80,0.6128,1075.05,710.35,0.7668,1092.75,707.08,0.7915,1078.98,749.67,0.8731,1119.61,728.05,0.8447,1097.33,790.95,0.7332,1148.44,764.08,0.8137,1097.99,811.26,0.6340,1131.40,787.67,0.5606,1130.09,815.19,0.7282,1151.72,808.64,0.7890,1124.20,882.03,0.7803,1128.78,861.72,0.5992,1156.96,937.72,0.8099,1134.03,914.79,0.6871
954,top,1,932.60,409.85,1059.81,547.18,979.23,432.14,0.4332,978.82,430.07,0.4146,972.60,430.07,0.3626,985.44,429.24,0.4861,968.46,426.75,0.4066,1005.32,432.14,0.7278,963.91,421.79,0.6708,1003.66,458.64,0.6777,972.60,442.08,0.3834,997.03,481.83,0.6122,978.82,462.78,0.2191,1003.25,454.08,0.6442,974.67,451.60,0.6846,1026.85,488.87,0.7025,950.24,480.58,0.7634,1046.31,518.27,0.7955,945.69,527.79,0.7728
954,bottom,0,1064.18,678.87,1169.82,966.12,1079.13,704.68,0.8828,1077.02,700.47,0.6852,1075.62,699.77,0.6112,1074.92,707.48,0.7994,1092.45,703.98,0.8184,1075.62,746.05,0.8863,1119.10,725.72,0.8427,1089.65,791.64,0.7538,1146.45,763.59,0.8072,1093.86,813.38,0.5289,1125.41,787.43,0.5390,1124.71,815.48,0.7344,1147.86,808.47,0.7823,1117.70,880.00,0.7786,1120.51,860.37,0.5943,1154.17,932.60,0.8148,1120.51,917.17,0.7821
955,top,1,927.74,399.89,1060.14,553.14,961.62,419.62,0.4864,963.34,415.74,0.4888,959.03,415.31,0.4513,975.41,416.60,0.5564,959.03,413.59,0.4491,996.96,428.67,0.6881,957.74,417.04,0.6792,997.39,455.39,0.6462,968.94,432.98,0.3847,991.36,480.82,0.6039,968.51,449.79,0.3011,999.11,451.95,0.6229,970.67,450.22,0.7087,1023.68,489.87,0.7241,950.41,483.41,0.7470,1045.23,517.89,0.7880,948.26,531.68,0.7804
955,bottom,0,1063.35,678.50,1168.06,965.39,1079.98,703.58,0.8715,1077.18,699.37,0.6592,1077.18,699.37,0.5515,1075.08,706.38,0.8048,1093.29,703.58,0.8143,1072.98,743.50,0.8916,1119.21,725.29,0.8494,1082.79,791.13,0.8118,1144.42,764.51,0.8367,1091.89,811.44,0.6013,1123.41,786.93,0.6087,1116.41,813.54,0.7403,1143.02,807.24,0.7575,1108.70,877.98,0.7975,1117.11,869.58,0.6712,1148.62,926.31,0.8190,1108.00,923.51,0.7902
956,top,1,930.87,399.09,1058.89,558.04,951.12,416.47,0.5789,953.63,411.89,0.5345,946.96,412.31,0.4740,962.38,409.39,0.6262,945.71,412.31,0.4818,988.21,423.56,0.6896,948.21,415.64,0.7267,993.21,449.40,0.6540,969.04,435.23,0.4424,986.96,475.23,0.6513,970.29,449.81,0.3310,995.71,450.65,0.6009,967.79,451.48,0.7261,1018.63,488.57,0.6905,951.12,486.90,0.7432,1044.05,517.74,0.7813,951.54,538.58,0.7792
956,bottom,0,1062.91,678.51,1164.08,958.52,1080.00,705.04,0.9008,1077.26,700.25,0.6837,1079.31,700.25,0.5689,1074.53,707.09,0.8494,1093.67,704.35,0.8314,1071.79,743.32,0.9141,1118.96,725.54,0.8719,1077.26,791.17,0.8486,1142.20,765.88,0.8540,1086.83,807.58,0.6344,1120.33,786.38,0.6077,1110.76,813.73,0.7660,1138.10,809.63,0.7589,1102.55,877.99,0.8083,1109.39,870.47,0.7114,1143.57,923.79,0.7991,1104.60,924.47,0.8194
957,top,1,929.57,397.30,1056.68,560.32,943.06,414.26,0.6622,944.30,410.95,0.5957,939.33,410.53,0.5039,953.40,406.81,0.7801,938.50,411.77,0.4446,979.47,420.46,0.7211,943.88,418.39,0.7126,988.16,445.29,0.6913,964.99,437.43,0.4581,984.02,471.77,0.6810,963.74,451.08,0.3668,990.23,451.50,0.5895,963.33,453.57,0.7022,1015.47,489.56,0.6427,950.92,492.05,0.6954,1041.53,517.70,0.7633,950.50,541.28,0.7657
957,bottom,0,1061.65,678.44,1154.38,949.56,1078.89,702.80,0.8927,1076.91,697.50,0.7116,1078.23,697.50,0.6062,1074.26,704.12,0.8230,1093.45,702.14,0.7412,1068.96,741.19,0.9172,1118.61,724.64,0.8821,1072.27,789.51,0.7801,1138.46,767.00,0.8679,1075.58,800.76,0.6388,1115.96,784.21,0.5946,1106.03,815.32,0.7717,1134.49,810.03,0.7758,1096.10,876.88,0.8088,1104.04,868.94,0.7135,1136.48,922.56,0.7807,1105.37,923.88,0.8034
958,top,1,923.79,392.34,1049.78,562.44,935.29,412.19,0.7060,936.53,408.45,0.6674,931.55,408.45,0.5699,946.09,403.89,0.8422,930.30,409.70,0.4994,972.25,418.84,0.7423,936.95,418.01,0.7193,983.46,444.58,0.7068,959.37,437.52,0.4874,980.14,472.41,0.6755,960.21,454.55,0.3890,985.54,452.06,0.5688,958.96,454.55,0.6966,1009.62,490.27,0.6294,947.33,494.42,0.7064,1037.86,516.84,0.7467,951.07,542.59,0.7761
958,bottom,0,1058.72,676.66,1145.97,945.70,1078.04,699.52,0.8329,1075.41,694.92,0.6815,1079.35,693.61,0.6015,1072.78,701.49,0.7713,1091.18,698.86,0.7644,1067.53,736.96,0.8972,1116.79,722.51,0.8516,1068.84,783.59,0.7791,1136.50,765.20,0.8663,1069.50,796.73,0.6613,1117.45,787.53,0.6046,1103.00,809.87,0.7364,1130.59,805.93,0.7765,1090.52,872.27,0.8015,1104.97,863.73,0.7413,1127.30,921.53,0.7735,1106.28,921.53,0.7232
959,top,1,916.86,389.02,1041.59,562.80,928.73,407.60,0.7614,930.86,403.36,0.7076,925.76,403.79,0.6223,940.61,401.24,0.8641,924.49,406.33,0.4711,966.49,416.94,0.7485,931.28,417.79,0.7483,979.22,443.67,0.7197,953.34,435.18,0.5298,977.10,473.37,0.6328,954.62,452.58,0.4312,981.34,453.43,0.5955,955.04,455.12,0.7122,1002.13,492.03,0.6489,944.43,495.00,0.7108,1029.29,512.40,0.7342,951.22,542.10,0.7754
959,bottom,0,1056.23,672.07,1141.64,938.92,1076.78,695.40,0.7958,1074.18,690.19,0.6407,1077.44,690.19,0.5977,1072.22,696.70,0.7183,1089.16,694.75,0.7274,1065.71,731.23,0.8576,1115.22,718.20,0.8206,1065.71,774.23,0.7255,1134.11,761.20,0.8451,1063.10,789.86,0.6663,1115.87,784.00,0.5877,1099.59,804.85,0.6973,1126.95,802.24,0.7778,1085.25,866.74,0.7829,1104.80,860.22,0.8052,1115.87,916.90,0.7596,1106.75,918.20,0.7019
960,top,1,912.42,386.61,1031.91,562.15,923.74,404.95,0.7699,925.02,400.67,0.7226,920.74,401.09,0.6359,935.74,398.09,0.8335,919.88,403.67,0.4225,961.88,414.38,0.7465,928.45,415.24,0.7547,974.74,441.38,0.7114,946.88,434.09,0.5068,974.31,470.95,0.6104,943.45,449.95,0.4429,976.02,453.38,0.5796,949.88,454.66,0.7019,994.45,494.95,0.6545,942.17,496.66,0.7327,1021.45,512.09,0.7668,951.17,543.38,0.7664
960,bottom,0,1052.30,667.48,1139.70,947.34,1074.82,691.26,0.7625,1072.77,687.16,0.6159,1076.18,685.79,0.5898,1070.72,693.31,0.7120,1088.48,690.58,0.7223,1063.20,727.47,0.8627,1113.08,715.17,0.8205,1062.52,771.88,0.7730,1132.89,758.90,0.8448,1059.78,786.91,0.6898,1115.13,782.13,0.6041,1096.68,802.63,0.7101,1123.33,800.58,0.7745,1080.97,861.39,0.7651,1105.56,857.29,0.7988,1105.56,917.41,0.7949,1108.29,916.05,0.7474
961,top,1,910.60,381.94,1022.29,562.03,920.28,399.44,0.7970,922.48,395.04,0.7235,917.64,395.92,0.6794,932.59,393.28,0.8028,917.20,398.56,0.4807,957.21,410.87,0.7596,924.24,412.19,0.7537,972.60,439.45,0.7505,939.19,434.17,0.5044,971.28,470.23,0.6715,937.87,455.72,0.4497,970.40,452.20,0.5801,944.90,453.96,0.6844,984.47,497.49,0.6406,941.39,497.05,0.7224,1012.17,512.88,0.7731,951.06,543.21,0.7696
961,bottom,0,1049.80,663.32,1138.85,947.47,1073.51,687.46,0.7703,1071.43,683.30,0.6016,1074.90,681.91,0.5777,1068.66,688.85,0.7250,1087.39,686.77,0.7223,1061.72,722.84,0.8616,1111.67,711.05,0.8262,1059.64,767.24,0.7691,1132.48,754.06,0.8560,1056.17,782.50,0.6849,1117.22,781.11,0.6211,1092.94,799.15,0.7055,1120.69,797.76,0.7634,1078.37,856.04,0.7672,1104.73,856.73,0.8448,1095.02,920.56,0.8177,1108.20,921.25,0.8443
962,top,1,907.20,375.87,1013.94,560.41,917.31,394.70,0.8251,919.57,390.65,0.7737,914.16,391.55,0.7302,929.48,388.84,0.7972,914.16,394.25,0.5105,953.81,408.22,0.8058,920.92,410.47,0.7917,970.03,437.50,0.7944,927.68,433.45,0.6962,969.13,468.14,0.7212,926.77,458.23,0.5607,965.97,451.92,0.6394,942.99,454.62,0.7104,974.53,498.33,0.6712,941.19,497.88,0.7222,1002.92,515.90,0.8367,951.55,543.38,0.8008
962,bottom,0,1047.28,660.48,1135.66,943.47,1072.12,684.52,0.7435,1069.36,679.69,0.5839,1072.81,679.00,0.5713,1067.29,685.91,0.7095,1086.63,683.14,0.7171,1059.69,719.76,0.8454,1110.81,708.71,0.8104,1056.92,761.90,0.7856,1130.85,750.85,0.8505,1053.47,781.25,0.6939,1117.72,779.18,0.6363,1088.70,798.52,0.6768,1117.03,797.14,0.7381,1075.58,855.17,0.7944,1104.60,856.55,0.8258,1086.63,918.04,0.7802,1108.05,920.81,0.8440
963,top,1,905.51,370.52,1005.44,561.44,914.46,389.07,0.8252,917.25,384.41,0.7991,911.66,385.81,0.8010,927.98,384.41,0.8036,911.66,388.60,0.5781,949.88,405.38,0.7779,915.86,405.38,0.8002,967.60,432.42,0.7894,922.85,427.29,0.7491,968.06,465.98,0.7091,917.72,453.39,0.7088,961.07,452.00,0.6260,939.63,454.33,0.6885,966.20,499.07,0.6603,940.56,496.74,0.7301,993.23,520.52,0.8015,951.75,541.96,0.7871
963,bottom,0,1045.15,658.60,1135.12,941.89,1072.15,681.28,0.7282,1069.38,677.82,0.5502,1072.15,676.44,0.5624,1065.23,683.36,0.6825,1085.29,680.59,0.7116,1058.32,717.25,0.8309,1109.50,706.87,0.8041,1054.86,759.44,0.7663,1129.56,749.06,0.8424,1050.02,778.80,0.6967,1119.87,777.42,0.6319,1085.29,796.09,0.6624,1114.34,795.40,0.7249,1072.15,853.50,0.7837,1103.97,854.88,0.8145,1076.99,915.06,0.7921,1107.42,919.90,0.8415
964,top,1,901.53,366.87,994.34,561.47,912.30,383.88,0.8423,914.68,380.08,0.8158,909.45,381.03,0.7972,925.60,380.56,0.8352,908.50,384.36,0.6017,945.56,402.41,0.7702,912.77,401.46,0.8383,965.04,430.44,0.7931,918.00,424.74,0.7558,965.99,465.12,0.6725,910.87,450.87,0.7446,955.06,453.72,0.6471,936.05,455.15,0.6834,957.43,498.86,0.7105,940.81,499.33,0.7315,982.61,526.89,0.7761,951.26,543.04,0.8054
964,bottom,0,1039.10,657.91,1133.68,941.57,1071.15,679.94,0.7037,1068.38,676.47,0.5146,1071.15,675.09,0.5350,1064.22,682.01,0.6526,1085.00,678.55,0.7125,1056.61,715.95,0.8190,1107.85,706.25,0.7993,1052.45,758.19,0.7646,1127.94,747.80,0.8144,1047.60,778.28,0.6882,1121.71,776.20,0.6953,1080.85,795.59,0.6480,1110.62,794.90,0.7082,1069.07,851.68,0.7757,1103.70,855.15,0.8081,1067.69,911.24,0.8074,1107.16,919.55,0.8492
965,top,1,895.97,365.48,974.01,561.83,911.50,381.68,0.8809,914.86,377.37,0.8175,908.15,378.81,0.8917,923.97,378.33,0.8626,905.75,381.68,0.7228,942.18,401.34,0.7729,908.15,398.94,0.8733,961.84,428.18,0.8195,912.46,421.47,0.7356,964.71,460.78,0.7357,904.31,442.08,0.8099,950.33,454.07,0.6693,932.59,455.99,0.6876,946.50,496.73,0.6686,939.79,500.09,0.7033,969.03,529.33,0.7069,951.29,543.71,0.7884
965,bottom,0,1037.84,656.25,1132.71,942.28,1069.91,679.16,0.7187,1067.12,675.67,0.5052,1069.91,674.27,0.5293,1062.23,681.25,0.6581,1083.18,677.76,0.7202,1054.55,714.77,0.8322,1106.22,705.69,0.8083,1050.36,755.97,0.7577,1125.78,747.59,0.7959,1045.47,777.62,0.7017,1122.98,772.73,0.6742,1077.59,795.08,0.6597,1106.92,794.38,0.7118,1065.72,852.34,0.7830,1102.73,855.13,0.8164,1062.23,908.20,0.8340,1106.92,920.07,0.8559
966,top,1,892.98,363.96,969.78,564.97,911.26,380.06,0.8155,915.19,375.64,0.7984,907.83,376.62,0.8394,923.53,377.11,0.8459,904.88,380.06,0.7534,938.74,400.18,0.7671,905.37,397.73,0.8675,959.35,427.17,0.8118,907.83,419.32,0.7347,963.77,460.05,0.7299,899.48,435.51,0.7392,946.10,455.14,0.6395,930.40,456.62,0.6696,940.71,499.80,0.6560,938.25,501.27,0.6667,954.94,543.97,0.7242,950.03,542.50,0.6908
966,bottom,0,1035.66,655.17,1131.26,942.14,1068.75,678.15,0.7173,1065.24,674.64,0.4973,1068.05,673.24,0.5258,1060.34,680.25,0.6627,1081.36,676.75,0.7253,1052.63,713.18,0.8343,1104.48,705.47,0.8141,1049.13,753.11,0.7491,1123.39,747.51,0.7815,1042.82,776.93,0.7241,1122.69,772.03,0.6673,1074.35,793.05,0.6571,1103.78,792.35,0.7040,1063.14,852.60,0.7906,1100.97,854.00,0.8191,1058.24,906.54,0.8340,1106.58,919.16,0.8598
967,top,1,888.26,362.12,966.66,567.76,909.39,379.59,0.8951,913.91,375.07,0.8707,906.38,376.08,0.8834,922.44,378.09,0.8857,902.86,379.09,0.7883,935.49,400.68,0.7932,901.86,397.67,0.8925,955.58,426.79,0.8321,902.86,420.26,0.7438,961.60,459.42,0.7740,894.33,431.30,0.7398,942.02,457.91,0.6599,927.46,458.41,0.6453,933.99,501.59,0.7599,937.50,501.09,0.6409,941.52,547.78,0.7162,952.56,543.26,0.7523
967,bottom,0,1034.59,655.01,1131.00,940.56,1066.76,677.18,0.7286,1063.27,673.69,0.4989,1066.76,672.30,0.5257,1058.39,679.27,0.6733,1079.31,676.48,0.7257,1049.33,712.73,0.8494,1102.31,704.36,0.8089,1046.54,752.47,0.7531,1120.44,745.50,0.7651,1041.66,775.47,0.7138,1122.53,770.59,0.6959,1070.25,791.51,0.6611,1100.22,790.81,0.6992,1061.18,850.76,0.7963,1098.83,852.86,0.8102,1057.70,905.14,0.8304,1105.80,918.39,0.8592
968,top,1,879.84,361.56,966.41,568.52,908.47,379.14,0.9407,912.51,375.10,0.8598,905.44,375.10,0.9155,920.60,378.64,0.9115,901.40,378.64,0.7985,931.71,401.88,0.8305,898.87,397.84,0.9129,951.42,428.15,0.8465,898.87,421.58,0.7480,960.01,459.99,0.7973,889.78,429.16,0.7494,936.77,459.48,0.6904,924.64,459.99,0.6470,929.69,502.94,0.7730,936.77,500.92,0.7272,926.16,550.43,0.8215,951.93,542.35,0.8619
968,bottom,0,1032.86,654.18,1128.39,939.62,1063.90,676.34,0.7285,1059.72,672.86,0.5111,1063.90,671.46,0.5215,1055.53,678.43,0.6854,1076.44,675.65,0.7242,1046.48,711.88,0.8617,1099.44,704.22,0.8049,1044.38,752.30,0.7672,1117.56,743.94,0.7764,1039.51,775.99,0.7201,1121.74,772.51,0.7200,1067.38,789.93,0.6641,1096.65,789.23,0.7010,1060.41,849.86,0.7941,1095.95,849.86,0.8035,1058.32,905.61,0.8456,1105.01,916.06,0.8532
969,top,1,873.56,362.34,964.30,572.36,906.62,379.67,0.9360,910.73,375.57,0.8547,903.55,375.57,0.9352,917.90,379.16,0.9105,899.45,379.16,0.8255,928.16,403.26,0.8373,896.37,399.16,0.8729,946.10,429.41,0.8335,895.34,420.69,0.6829,955.85,462.22,0.7626,884.58,428.90,0.6936,932.26,459.15,0.6798,919.96,459.66,0.6313,924.57,503.75,0.7614,933.29,500.68,0.7399,914.32,553.49,0.7976,952.26,541.70,0.8460
969,bottom,0,1031.59,652.39,1128.93,938.61,1060.70,675.31,0.7388,1057.20,671.11,0.5496,1061.40,670.41,0.5261,1053.01,676.70,0.7017,1073.27,674.61,0.7461,1043.93,710.25,0.8646,1096.33,702.56,0.8155,1041.13,751.47,0.7665,1114.50,743.09,0.7785,1038.34,776.63,0.6962,1120.79,775.23,0.7498,1064.19,788.51,0.6806,1093.54,787.81,0.7132,1058.60,848.60,0.8016,1091.44,847.21,0.8109,1057.90,905.21,0.8474,1103.32,912.19,0.8403
970,top,1,868.67,362.45,962.58,572.68,904.33,380.31,0.9326,908.95,376.72,0.8488,901.25,376.21,0.9332,915.63,380.31,0.8967,897.15,379.80,0.8247,925.38,404.95,0.8479,893.56,399.82,0.8856,941.29,431.12,0.8467,892.02,421.37,0.7537,951.55,463.46,0.7935,879.70,432.66,0.7919,925.89,462.43,0.6985,915.11,462.43,0.6482,918.19,507.08,0.7608,928.46,501.95,0.7264,905.87,555.33,0.7814,950.53,539.42,0.8402
970,bottom,0,1028.87,650.15,1127.06,937.85,1058.30,673.89,0.7528,1054.79,670.38,0.5456,1059.00,668.98,0.5331,1049.17,676.00,0.7089,1070.24,673.19,0.7511,1040.74,709.01,0.8614,1092.72,700.58,0.8205,1038.63,749.75,0.7592,1110.98,740.62,0.7871,1035.82,775.04,0.6817,1118.71,774.33,0.7875,1061.11,786.98,0.6941,1089.91,786.27,0.7238,1056.90,848.08,0.8082,1087.10,844.57,0.8101,1057.60,906.38,0.8400,1101.15,907.79,0.8335
971,top,1,863.97,362.20,960.97,575.74,902.04,380.87,0.9295,906.21,377.22,0.8483,898.91,377.22,0.9294,913.51,380.87,0.8710,894.22,380.87,0.8024,921.85,406.93,0.8573,891.09,400.68,0.8777,936.97,435.09,0.8261,888.49,422.05,0.7493,946.87,466.37,0.7451,875.97,435.09,0.7436,920.29,462.19,0.6764,909.86,462.19,0.6500,911.95,508.59,0.7683,922.89,503.90,0.7138,901.00,557.60,0.7972,948.96,538.83,0.8398
971,bottom,0,1026.43,649.66,1125.45,934.92,1055.74,673.20,0.7444,1051.56,669.71,0.5526,1056.44,668.32,0.5223,1046.69,675.29,0.7110,1067.58,672.50,0.7360,1037.63,708.02,0.8592,1090.56,700.36,0.8151,1035.55,749.11,0.7611,1107.98,740.75,0.7937,1033.46,773.48,0.6688,1116.33,774.88,0.7763,1057.83,784.63,0.6950,1086.39,783.93,0.7222,1055.05,845.92,0.8034,1083.60,841.04,0.8042,1057.83,905.11,0.8414,1098.92,900.24,0.8279
972,top,1,874.20,362.51,958.02,576.58,899.91,381.74,0.9205,904.09,377.56,0.8632,896.78,377.56,0.8940,911.41,381.74,0.8854,892.07,381.22,0.7906,919.25,407.87,0.8390,888.41,401.08,0.8977,931.27,436.62,0.7979,885.80,425.12,0.7195,940.68,467.46,0.7057,872.73,441.32,0.6512,914.55,463.80,0.6814,904.09,463.27,0.6338,905.66,509.79,0.7595,915.59,505.61,0.7124,898.34,557.87,0.8023,945.90,536.97,0.7805
972,bottom,0,1024.56,648.51,1122.94,931.00,1052.37,671.83,0.7196,1048.23,668.38,0.5527,1054.44,667.00,0.5156,1044.09,673.89,0.7185,1064.78,671.14,0.7423,1035.13,707.69,0.8547,1088.23,699.41,0.8167,1033.06,749.07,0.7354,1104.78,740.79,0.7966,1031.68,773.20,0.6172,1113.75,778.03,0.7878,1054.44,782.86,0.7021,1083.40,782.17,0.7270,1053.06,844.24,0.8111,1079.96,837.34,0.8145,1057.89,904.93,0.8444,1095.82,891.82,0.8258
973,top,1,862.20,360.89,950.19,575.67,897.28,381.24,0.9681,901.48,378.09,0.8713,894.14,378.09,0.9389,908.29,382.81,0.8629,889.94,381.24,0.8027,915.63,409.55,0.9017,886.27,401.16,0.9193,925.60,439.44,0.8381,883.12,426.86,0.7630,934.51,469.33,0.7445,869.49,448.36,0.7959,908.82,466.18,0.7199,896.76,464.61,0.7073,900.43,512.33,0.8059,904.62,511.28,0.7453,897.28,559.00,0.8682,938.18,533.30,0.7725
973,bottom,0,1022.41,647.15,1119.04,926.13,1050.97,671.53,0.7010,1045.53,668.13,0.5421,1053.70,666.76,0.5195,1042.12,673.57,0.7248,1063.23,670.17,0.7486,1033.27,706.95,0.8589,1086.39,698.78,0.8217,1030.54,749.86,0.7246,1102.74,740.32,0.8102,1031.22,775.74,0.5776,1111.59,778.47,0.7975,1052.34,783.23,0.7061,1080.26,781.87,0.7320,1052.34,844.53,0.8167,1076.86,834.32,0.8118,1058.47,905.15,0.8447,1091.16,888.13,0.8008
974,top,1,869.10,362.97,943.10,575.74,894.67,381.56,0.9531,898.31,377.93,0.8946,891.56,377.93,0.9313,905.58,382.60,0.8937,887.40,381.04,0.8378,911.81,410.13,0.8606,883.24,401.82,0.8752,919.61,441.30,0.7815,880.65,429.87,0.6330,927.92,471.43,0.7034,871.30,453.77,0.5598,905.58,463.64,0.6791,891.04,462.60,0.7091,898.83,511.95,0.7939,890.52,509.87,0.7310,897.27,559.22,0.8437,929.48,530.65,0.7908
974,bottom,0,1022.44,646.08,1116.36,924.68,1048.99,670.43,0.6894,1043.55,666.35,0.5373,1052.40,665.66,0.4918,1040.83,672.47,0.7273,1061.92,669.75,0.7349,1031.31,705.12,0.8579,1084.36,698.31,0.8171,1028.59,747.97,0.7214,1100.01,740.49,0.8108,1029.95,775.18,0.5733,1108.17,778.58,0.8064,1049.67,781.98,0.7081,1078.24,781.30,0.7275,1051.04,843.20,0.8071,1074.84,830.95,0.8047,1058.52,905.09,0.8441,1086.41,884.69,0.8008
975,top,1,867.16,364.66,932.39,577.03,890.44,381.66,0.8949,894.59,378.04,0.8822,887.85,377.00,0.8936,902.37,381.66,0.9129,883.70,380.63,0.8224,908.07,410.18,0.8258,880.07,400.85,0.8120,913.26,442.85,0.7554,879.04,431.44,0.6447,920.00,475.51,0.6718,873.33,458.40,0.5921,900.30,464.62,0.6063,883.70,463.59,0.6532,896.67,512.84,0.7743,879.56,509.21,0.8058,897.18,557.95,0.8549,918.96,529.43,0.8151
975,bottom,0,1018.61,644.40,1112.89,922.89,1048.07,668.75,0.6687,1042.63,665.35,0.5035,1051.47,663.99,0.5130,1039.23,671.47,0.7105,1060.31,668.75,0.7273,1029.04,703.42,0.8538,1084.11,697.98,0.8084,1025.64,746.93,0.7447,1097.71,740.14,0.8199,1029.72,775.49,0.6215,1105.18,778.89,0.8041,1048.07,780.93,0.6972,1075.95,779.57,0.7260,1050.79,841.44,0.8028,1072.55,827.84,0.8007,1058.27,904.67,0.8229,1082.75,883.60,0.7896
976,top,1,864.37,363.40,923.20,576.51,886.50,380.98,0.8790,891.18,377.34,0.8830,883.90,376.82,0.9080,898.46,380.98,0.8786,880.25,379.42,0.8347,904.19,410.12,0.8328,877.13,400.75,0.8093,906.27,442.90,0.7511,877.65,431.45,0.5900,908.87,474.63,0.6615,875.57,459.02,0.4903,896.90,466.83,0.5900,878.69,465.27,0.6525,895.86,514.70,0.7769,872.45,508.97,0.7991,897.94,559.44,0.8486,908.35,531.34,0.7842
976,bottom,0,1016.65,643.81,1109.19,922.16,1046.61,667.46,0.6824,1041.86,663.38,0.5123,1049.33,662.70,0.5394,1038.46,669.50,0.7143,1059.52,666.78,0.7443,1027.59,701.44,0.8498,1081.95,696.68,0.8057,1023.51,745.61,0.7687,1095.54,738.81,0.8218,1027.59,768.71,0.5908,1102.34,778.91,0.8051,1047.29,779.59,0.6950,1074.48,778.23,0.7208,1049.33,840.07,0.8073,1070.40,825.80,0.7919,1057.49,903.27,0.8296,1079.23,882.20,0.7874
977,top,1,856.43,363.50,912.70,577.84,882.47,381.71,0.9038,886.66,378.04,0.8648,879.86,377.52,0.8674,893.99,381.71,0.8760,875.15,380.14,0.8558,899.74,409.44,0.8500,873.05,400.02,0.8254,900.79,442.93,0.7667,873.05,429.33,0.6063,899.22,474.33,0.6821,870.44,457.06,0.5159,893.99,466.48,0.6432,874.62,464.39,0.7031,893.99,513.05,0.7985,864.68,507.82,0.7891,897.13,559.10,0.8682,900.27,533.46,0.7951
977,bottom,0,1014.01,642.52,1104.90,921.79,1045.82,666.93,0.6998,1041.73,662.84,0.5029,1047.18,661.48,0.5526,1037.64,668.98,0.7257,1058.77,666.25,0.7564,1026.05,700.34,0.8467,1079.91,695.57,0.7999,1020.59,743.98,0.8020,1092.86,738.52,0.8143,1028.09,761.02,0.5837,1099.68,778.75,0.7891,1045.82,778.75,0.6978,1072.41,777.39,0.7250,1048.55,838.75,0.8104,1069.00,825.11,0.7812,1057.41,902.16,0.8347,1074.45,881.70,0.7726
978,top,1,847.90,366.23,906.67,576.95,877.80,382.59,0.9349,881.92,378.99,0.8678,874.71,378.48,0.8557,889.63,382.59,0.9559,870.60,381.56,0.7712,895.81,410.37,0.8464,869.57,401.63,0.7971,895.29,443.81,0.7678,872.14,431.47,0.6019,887.58,472.62,0.7015,867.51,458.73,0.5232,891.69,469.02,0.6501,870.08,465.93,0.6943,892.21,513.26,0.7641,856.71,506.58,0.7941,897.35,557.51,0.8483,885.00,540.53,0.7836
978,bottom,0,1012.40,641.82,1103.35,922.23,1044.87,665.65,0.6928,1040.76,661.54,0.5013,1046.92,660.85,0.5591,1036.65,667.70,0.7212,1057.87,664.96,0.7730,1025.01,699.19,0.8476,1079.10,695.77,0.8015,1018.17,743.00,0.8288,1091.42,738.21,0.8161,1029.81,754.64,0.5589,1096.90,777.92,0.7820,1044.18,778.60,0.7019,1070.88,777.23,0.7246,1048.29,838.85,0.8117,1068.14,825.15,0.7708,1057.19,901.83,0.8410,1070.88,881.98,0.7661
979,top,1,842.34,366.25,904.62,576.22,872.97,383.06,0.9291,877.07,379.47,0.8778,869.89,378.96,0.8482,884.76,382.55,0.9483,865.79,382.55,0.7733,891.42,409.72,0.8533,865.28,403.05,0.8111,889.37,442.53,0.7693,867.33,432.27,0.6205,877.58,470.72,0.6421,862.72,459.96,0.4874,887.84,469.70,0.6332,864.77,466.11,0.6933,890.40,513.27,0.7517,850.41,507.63,0.7977,897.06,557.36,0.8269,871.94,548.13,0.7806
979,bottom,0,1010.38,641.42,1100.93,922.47,1043.99,664.62,0.6906,1039.87,659.81,0.4945,1045.36,659.81,0.5524,1035.76,667.36,0.7306,1057.03,664.62,0.7762,1024.09,698.24,0.8395,1078.30,694.81,0.8043,1015.86,740.78,0.8295,1089.96,737.35,0.8191,1028.21,743.52,0.5372,1095.45,777.83,0.7755,1043.99,777.83,0.7111,1070.06,777.14,0.7305,1048.11,838.21,0.8079,1067.32,825.17,0.7719,1056.34,901.34,0.8361,1067.32,880.07,0.7425
980,top,1,837.12,366.56,904.15,576.26,868.08,383.87,0.8989,872.68,380.28,0.8716,865.01,379.77,0.8374,880.36,383.87,0.9141,860.91,383.35,0.7812,887.02,411.51,0.8530,860.91,404.86,0.7804,883.95,444.79,0.7997,864.49,434.55,0.6012,867.05,470.90,0.6611,859.37,460.66,0.4669,884.46,469.87,0.6048,860.91,466.29,0.6533,888.56,513.90,0.7518,846.06,507.76,0.8061,896.75,557.93,0.8373,856.30,552.81,0.7768
980,bottom,0,1007.95,640.87,1100.19,922.15,1043.77,664.08,0.6990,1040.34,659.27,0.4850,1044.46,659.27,0.5411,1034.84,666.14,0.7321,1056.13,663.39,0.7830,1022.48,697.73,0.8372,1077.42,694.98,0.8073,1013.55,740.31,0.8313,1088.41,736.87,0.8097,1026.60,736.19,0.5314,1093.90,777.39,0.7671,1043.08,778.08,0.7027,1069.18,776.71,0.7262,1047.89,838.51,0.8078,1065.74,826.84,0.7824,1056.13,901.69,0.8172,1064.37,881.09,0.7229
981,top,1,820.39,369.00,905.13,577.95,863.27,385.73,0.9210,867.35,382.16,0.8652,860.21,381.65,0.8806,875.51,385.22,0.9318,855.62,384.71,0.7511,881.63,413.28,0.8479,856.13,406.64,0.7413,877.04,446.95,0.7809,860.72,437.25,0.5506,856.13,470.41,0.6584,855.62,460.72,0.4342,880.10,470.92,0.5838,856.64,468.37,0.6194,886.23,514.28,0.7490,843.37,512.24,0.7759,896.94,558.16,0.8429,841.33,558.67,0.8018
981,bottom,0,1007.04,640.06,1098.62,922.30,1043.18,663.35,0.6870,1039.74,658.52,0.4792,1043.87,658.52,0.5278,1034.23,665.41,0.7317,1055.59,662.66,0.7896,1021.82,697.11,0.8307,1076.26,694.36,0.8032,1012.86,739.15,0.8315,1087.97,736.39,0.8053,1024.58,731.57,0.5355,1093.49,776.35,0.7647,1042.49,779.11,0.6995,1068.68,777.73,0.7272,1048.01,838.37,0.8082,1064.54,829.41,0.7736,1057.65,902.45,0.7962,1061.10,881.09,0.6833
982,top,1,805.87,370.58,904.74,578.95,857.85,387.77,0.9045,861.92,384.21,0.8456,854.80,383.70,0.8579,869.55,387.26,0.9265,851.23,386.76,0.7496,876.16,414.23,0.8642,851.23,408.63,0.7693,870.06,447.80,0.7917,855.30,440.17,0.5671,847.16,470.18,0.6559,852.25,462.55,0.4090,875.14,471.71,0.6004,851.74,470.18,0.6106,883.79,516.48,0.7806,841.06,516.48,0.7554,896.00,558.70,0.8365,829.87,561.75,0.8087
982,bottom,0,1004.65,639.11,1098.16,922.68,1042.41,662.51,0.6929,1039.64,657.67,0.4919,1043.10,657.67,0.5362,1034.10,664.59,0.7391,1054.87,661.82,0.7852,1021.64,695.74,0.8318,1075.64,693.67,0.8100,1011.26,737.97,0.8360,1086.72,735.20,0.8112,1024.41,733.13,0.5397,1092.25,775.36,0.7703,1041.72,778.82,0.7104,1068.02,777.43,0.7386,1047.25,836.97,0.8121,1063.87,828.66,0.7779,1057.64,901.35,0.8063,1059.72,879.89,0.6741
983,top,1,795.72,373.54,905.06,580.40,852.41,389.60,0.8972,856.96,386.07,0.8395,849.38,385.56,0.8275,864.03,389.10,0.9074,845.84,388.09,0.7331,870.09,416.37,0.8555,845.84,411.32,0.7575,863.52,448.69,0.7744,851.40,442.13,0.5438,839.28,468.89,0.6024,849.89,466.37,0.3444,870.59,473.44,0.5917,847.36,471.92,0.6019,880.19,517.88,0.7757,838.77,517.88,0.7587,894.83,557.27,0.8271,824.13,563.33,0.7999
983,bottom,0,1004.20,637.84,1097.89,923.20,1042.68,661.39,0.6936,1039.89,656.51,0.4906,1043.38,656.51,0.5336,1033.62,664.18,0.7384,1055.22,660.69,0.7935,1021.08,694.83,0.8264,1075.43,692.74,0.8144,1011.33,736.63,0.8339,1086.57,734.54,0.8208,1023.17,732.45,0.5354,1092.15,774.25,0.7844,1041.29,777.74,0.7094,1067.07,776.34,0.7354,1046.17,835.56,0.8132,1062.89,827.20,0.7816,1057.31,899.66,0.8049,1059.40,878.06,0.6817
984,top,1,797.97,374.31,904.62,581.80,846.23,390.42,0.9045,850.28,387.38,0.8739,843.19,386.88,0.8756,857.88,390.42,0.8545,839.64,389.41,0.8417,864.97,416.76,0.8635,840.15,412.71,0.8071,857.88,449.18,0.7702,844.20,443.61,0.5702,835.59,468.94,0.6109,843.70,468.94,0.3118,864.47,472.99,0.6038,841.16,471.47,0.6263,875.10,518.08,0.7506,833.57,518.08,0.7548,893.85,557.08,0.8204,821.41,564.18,0.8051
984,bottom,0,1004.49,635.70,1097.79,921.17,1042.08,659.26,0.6946,1039.29,655.08,0.4894,1043.47,654.38,0.5464,1033.72,662.05,0.7442,1054.62,659.26,0.7958,1020.47,693.41,0.8309,1074.84,691.32,0.8111,1010.72,735.23,0.8356,1086.68,733.13,0.8220,1023.26,732.44,0.5277,1092.26,772.86,0.7849,1041.38,775.65,0.7125,1067.17,774.95,0.7366,1045.56,834.19,0.8100,1062.29,825.83,0.7907,1056.02,899.01,0.7999,1058.81,879.49,0.6865
985,top,1,794.36,374.47,903.48,582.28,840.30,390.60,0.9125,844.36,387.05,0.8520,837.25,386.55,0.9204,851.97,390.10,0.8751,833.70,390.10,0.8460,858.05,416.99,0.8516,834.21,413.94,0.7679,851.97,450.47,0.7761,839.79,443.88,0.5486,825.58,471.27,0.6323,840.30,468.23,0.3251,858.05,473.81,0.6049,835.22,472.29,0.6203,868.20,519.47,0.7323,828.12,520.49,0.7654,892.55,555.50,0.8100,818.99,566.66,0.8196
985,bottom,0,1004.63,633.22,1098.00,919.87,1042.21,657.57,0.7023,1039.41,652.67,0.4871,1043.61,651.97,0.5466,1033.82,659.67,0.7314,1054.81,656.87,0.7891,1020.52,691.16,0.8333,1075.11,689.06,0.8094,1011.42,732.45,0.8323,1086.30,731.05,0.8189,1023.32,738.05,0.5317,1092.60,769.54,0.7765,1040.81,773.74,0.7100,1066.71,773.04,0.7293,1044.31,832.53,0.8095,1061.81,825.53,0.7956,1054.81,894.82,0.8016,1058.31,880.82,0.7067
986,top,1,793.17,373.41,901.08,581.93,834.91,390.62,0.9640,838.98,387.05,0.8586,831.85,386.54,0.9318,846.61,389.60,0.8706,827.78,389.60,0.8092,851.70,415.56,0.8619,828.80,413.52,0.7956,846.61,450.69,0.7989,832.87,445.09,0.5713,823.20,472.58,0.7009,826.76,468.00,0.3827,850.69,475.12,0.6070,828.29,473.59,0.6254,860.36,520.43,0.7284,824.21,519.92,0.7938,888.87,553.01,0.8249,818.61,566.76,0.8525
986,bottom,0,1004.44,631.81,1098.84,920.71,1043.18,654.94,0.7096,1040.36,650.71,0.5013,1043.88,650.00,0.5487,1034.71,657.06,0.7242,1054.46,654.94,0.7755,1021.31,688.80,0.8319,1074.92,686.68,0.8086,1011.44,730.41,0.8280,1086.91,729.00,0.8273,1022.02,742.40,0.5563,1093.26,767.09,0.7987,1040.36,770.62,0.7045,1066.46,769.21,0.7211,1042.47,829.86,0.8084,1062.22,824.22,0.7883,1052.35,891.23,0.7975,1057.29,878.53,0.7238
987,top,1,792.32,372.45,893.72,582.67,829.16,389.80,0.9798,833.27,386.21,0.8479,826.08,386.21,0.9165,840.45,388.77,0.8210,821.98,388.77,0.7869,846.10,413.92,0.8957,824.03,412.90,0.8297,843.02,448.31,0.8210,825.57,444.20,0.5967,822.49,473.45,0.6924,818.38,470.38,0.4442,845.07,473.45,0.6136,822.49,471.40,0.6322,850.72,521.70,0.7661,821.46,520.67,0.8005,883.05,551.98,0.8439,818.38,567.37,0.8789
987,bottom,0,1004.54,629.39,1099.93,919.88,1043.02,652.65,0.7199,1040.18,648.40,0.5030,1043.73,647.69,0.5289,1034.51,654.78,0.7346,1055.08,652.65,0.7878,1021.74,685.98,0.8294,1074.93,685.27,0.8150,1011.10,728.54,0.8216,1086.99,727.12,0.8259,1021.03,744.85,0.6073,1094.08,764.71,0.7994,1040.18,768.25,0.7028,1066.42,767.54,0.7223,1040.18,827.82,0.8072,1062.17,824.28,0.7969,1050.11,886.69,0.8020,1056.49,881.01,0.7597
988,top,1,792.12,373.48,887.86,582.54,824.17,389.71,0.9421,827.74,386.14,0.8424,821.11,386.14,0.8825,835.40,388.69,0.8028,817.02,388.69,0.7847,841.52,413.70,0.8759,819.06,412.68,0.7932,840.50,447.90,0.8058,819.06,442.79,0.5780,823.15,474.95,0.7324,814.47,470.87,0.4890,838.46,474.95,0.5741,817.02,471.89,0.6090,841.01,523.44,0.7179,819.06,521.40,0.7857,875.21,548.45,0.7876,818.04,568.35,0.8392
988,bottom,0,1004.22,626.28,1101.11,917.85,1043.41,650.34,0.6899,1039.85,646.07,0.4887,1044.83,644.65,0.5116,1034.87,652.48,0.7380,1055.51,650.34,0.7888,1021.34,683.80,0.8352,1076.15,683.09,0.8143,1010.67,727.22,0.8300,1087.54,725.08,0.8226,1019.92,750.00,0.6599,1094.66,761.39,0.7976,1039.85,764.95,0.7028,1066.19,764.23,0.7249,1037.72,826.16,0.8122,1062.63,823.32,0.8005,1048.39,878.84,0.7933,1056.94,880.26,0.7830
989,top,1,792.21,373.02,876.71,581.99,819.66,389.24,0.9641,823.75,385.67,0.8399,817.11,385.67,0.9009,830.89,389.24,0.8109,812.52,388.73,0.7488,837.01,413.22,0.8918,813.54,412.20,0.8357,837.01,447.40,0.8203,808.95,443.83,0.7501,824.26,474.95,0.7397,802.32,473.93,0.6980,832.93,475.46,0.5610,813.54,472.40,0.5646,826.30,522.40,0.6429,819.66,521.89,0.6699,865.58,548.93,0.6052,818.64,566.27,0.6731
989,bottom,0,1003.82,624.95,1101.91,913.81,1043.70,648.08,0.6768,1039.47,644.56,0.4740,1045.81,643.15,0.4937,1034.53,650.20,0.7322,1055.69,648.79,0.7748,1021.84,681.93,0.8243,1076.14,680.52,0.8040,1009.85,725.66,0.8006,1088.13,722.84,0.8076,1016.90,751.05,0.7019,1095.18,758.10,0.7865,1039.47,763.04,0.6967,1066.97,762.33,0.7203,1035.94,822.98,0.8129,1062.74,822.27,0.8006,1047.22,873.76,0.8148,1056.39,877.99,0.7900
990,top,1,779.67,372.17,866.91,582.13,814.57,388.99,0.9406,818.67,385.40,0.8248,812.01,385.40,0.9229,826.88,388.47,0.7922,808.42,388.99,0.7179,832.51,413.08,0.8905,808.94,412.05,0.8706,835.08,446.40,0.8319,802.27,441.78,0.8098,825.34,477.15,0.6900,789.46,469.97,0.7182,827.39,474.08,0.5915,808.94,470.49,0.6304,819.70,521.75,0.7149,815.09,520.72,0.7421,855.58,548.40,0.6114,818.16,566.85,0.7066
990,bottom,0,1003.18,623.47,1102.10,902.98,1042.41,646.53,0.6854,1038.31,642.44,0.4727,1044.45,641.07,0.4919,1034.22,648.58,0.7374,1055.37,647.22,0.7607,1021.25,680.65,0.8381,1075.84,679.29,0.8105,1010.33,722.96,0.7767,1088.81,720.23,0.8193,1011.70,750.26,0.7429,1095.63,754.35,0.7842,1038.99,760.49,0.7092,1066.29,759.81,0.7363,1033.53,819.18,0.8160,1062.19,820.54,0.8246,1044.45,867.63,0.8086,1056.05,877.18,0.8116
991,top,3,787.82,371.41,855.21,583.11,810.14,388.88,0.9166,814.28,385.26,0.8352,807.04,385.26,0.9271,822.03,387.84,0.8699,803.94,388.36,0.7701,827.72,413.17,0.8514,803.42,410.59,0.8174,832.37,445.73,0.8022,798.26,440.56,0.7538,827.20,478.29,0.6418,781.20,462.27,0.7667,820.48,472.61,0.5887,806.52,468.99,0.6165,812.73,521.19,0.7056,810.14,519.64,0.7121,844.26,552.21,0.6985,817.90,567.19,0.7551
991,bottom,0,1003.18,620.46,1102.44,899.90,1041.89,645.56,0.6695,1037.12,640.79,0.4742,1044.62,639.42,0.4972,1034.39,646.93,0.7414,1055.54,645.56,0.7581,1021.42,678.99,0.8359,1075.32,677.63,0.8127,1011.19,719.24,0.7871,1088.96,717.88,0.8163,1009.14,750.63,0.7632,1095.79,749.94,0.7802,1037.80,758.81,0.7101,1065.77,758.81,0.7385,1032.34,814.07,0.8130,1061.68,818.85,0.8377,1041.89,863.19,0.8157,1056.22,875.47,0.8290
992,top,3,787.44,372.26,842.70,582.90,805.30,388.10,0.8943,809.93,385.01,0.8281,802.73,384.50,0.9176,817.64,387.58,0.8489,799.13,387.58,0.8072,823.30,413.81,0.8309,798.61,410.21,0.7937,828.96,447.24,0.7631,791.41,439.52,0.7195,827.93,483.75,0.6524,770.84,458.04,0.7120,813.53,475.52,0.5871,804.27,471.92,0.5665,801.18,519.75,0.7033,810.96,519.75,0.6663,825.36,556.78,0.6111,818.67,564.49,0.6010
992,bottom,0,1000.15,618.99,1102.21,899.07,1040.93,643.47,0.6675,1036.14,639.37,0.4880,1042.98,638.00,0.4911,1033.40,645.52,0.7435,1054.60,643.47,0.7535,1021.09,677.66,0.8241,1075.12,675.61,0.8045,1010.84,718.69,0.8015,1089.47,715.95,0.8118,1006.05,751.51,0.7662,1095.63,746.04,0.7684,1036.14,757.66,0.7081,1064.86,757.66,0.7344,1030.67,811.00,0.7936,1061.44,817.15,0.8317,1039.56,860.23,0.8198,1056.65,875.28,0.8452
993,top,1,753.31,372.79,833.87,584.94,800.84,388.23,0.9792,804.98,384.60,0.8865,798.25,384.60,0.8877,812.75,388.23,0.8001,793.59,387.71,0.6923,817.41,413.61,0.9289,793.59,409.98,0.8719,826.74,446.75,0.8664,787.89,437.43,0.7537,829.33,483.01,0.7663,766.14,449.34,0.7303,807.57,476.28,0.7404,802.39,474.20,0.6308,792.55,521.34,0.8132,810.16,521.34,0.7757,815.34,563.29,0.7975,818.45,564.84,0.8178
993,bottom,0,997.68,617.88,1101.62,895.25,1040.17,642.12,0.6621,1035.43,637.38,0.4832,1042.20,636.71,0.4827,1032.72,644.16,0.7298,1054.39,642.12,0.7528,1020.53,675.98,0.8122,1075.38,674.63,0.7954,1011.05,717.29,0.7906,1089.60,714.58,0.7914,1003.60,753.18,0.7426,1095.02,743.02,0.7290,1035.43,755.21,0.7008,1063.87,755.21,0.7272,1028.66,807.35,0.7856,1060.48,816.15,0.8360,1036.10,860.17,0.8182,1055.74,875.75,0.8396
994,top,1,753.75,373.56,836.78,587.00,796.83,388.56,0.9953,801.00,384.92,0.8541,793.70,384.92,0.8884,808.82,388.56,0.8204,789.01,387.52,0.7201,812.98,414.10,0.9075,789.53,408.37,0.8556,823.41,446.93,0.8658,782.76,434.94,0.7179,830.18,480.80,0.7244,762.96,444.32,0.7090,803.08,476.63,0.7234,798.91,475.07,0.6177,786.93,520.41,0.8042,807.77,520.41,0.8158,802.04,566.79,0.7971,817.15,565.74,0.8573
994,bottom,0,995.36,617.36,1100.38,894.67,1039.75,640.92,0.6899,1035.69,636.18,0.4987,1041.10,634.83,0.5034,1031.62,642.95,0.7367,1053.29,640.92,0.7633,1020.11,675.45,0.8077,1073.60,672.74,0.7960,1010.64,716.07,0.7850,1088.49,712.69,0.7879,1001.16,753.31,0.7415,1093.91,739.77,0.7270,1034.33,753.31,0.6922,1063.44,753.99,0.7192,1026.89,804.09,0.7750,1059.38,814.24,0.8352,1032.98,859.60,0.8077,1056.00,874.50,0.8245
