frame,player,det_idx,bbox_x1,bbox_y1,bbox_x2,bbox_y2,nose_x,nose_y,nose_s,L_eye_x,L_eye_y,L_eye_s,R_eye_x,R_eye_y,R_eye_s,L_ear_x,L_ear_y,L_ear_s,R_ear_x,R_ear_y,R_ear_s,L_shoulder_x,L_shoulder_y,L_shoulder_s,R_shoulder_x,R_shoulder_y,R_shoulder_s,L_elbow_x,L_elbow_y,L_elbow_s,R_elbow_x,R_elbow_y,R_elbow_s,L_wrist_x,L_wrist_y,L_wrist_s,R_wrist_x,R_wrist_y,R_wrist_s,L_hip_x,L_hip_y,L_hip_s,R_hip_x,R_hip_y,R_hip_s,L_knee_x,L_knee_y,L_knee_s,R_knee_x,R_knee_y,R_knee_s,L_ankle_x,L_ankle_y,L_ankle_s,R_ankle_x,R_ankle_y,R_ankle_s
0,top,1,902.15,353.04,1002.39,576.86,946.80,372.06,0.8514,949.54,368.78,0.8662,941.89,368.23,0.7807,953.36,371.51,0.8017,933.69,370.96,0.8925,962.10,394.46,0.7665,921.67,391.73,0.8154,976.31,415.77,0.6616,909.65,420.14,0.8079,984.51,427.79,0.6198,921.67,439.27,0.7522,946.80,460.58,0.6922,926.04,458.94,0.6894,946.26,505.93,0.7344,927.13,507.02,0.7497,922.76,531.61,0.7833,927.13,557.29,0.8031
0,bottom,0,1061.95,583.32,1157.88,856.58,1107.92,603.20,0.7008,1108.58,599.19,0.5978,1107.25,599.19,0.5679,1105.92,605.20,0.6903,1119.26,605.87,0.7332,1095.91,635.89,0.7254,1133.94,631.88,0.7478,1068.56,662.57,0.7412,1151.95,653.23,0.8058,1068.56,645.89,0.7782,1133.94,637.89,0.5824,1103.91,711.27,0.6469,1127.93,709.94,0.6287,1095.24,769.98,0.7559,1116.59,759.98,0.7293,1116.59,826.02,0.7489,1119.26,812.01,0.6901
1,top,1,904.50,353.05,1002.18,576.55,946.79,372.04,0.8508,950.07,368.22,0.8782,942.43,368.22,0.7919,953.89,371.49,0.8146,934.24,370.95,0.8977,962.62,394.41,0.7928,921.69,391.68,0.8451,978.44,415.69,0.7046,910.78,421.15,0.8342,994.26,418.97,0.7036,923.87,440.79,0.7749,946.79,461.53,0.7372,926.60,459.89,0.7275,945.70,506.27,0.7767,927.69,506.27,0.7758,921.69,531.92,0.7972,927.15,557.02,0.8241
1,bottom,0,1061.65,583.48,1157.41,856.54,1108.20,603.35,0.7049,1109.53,599.35,0.5914,1108.20,599.35,0.5626,1105.53,605.35,0.6937,1119.53,606.02,0.7361,1095.53,635.35,0.7326,1133.53,632.02,0.7490,1068.86,663.35,0.7327,1151.53,654.01,0.7985,1068.20,646.68,0.7789,1132.86,638.68,0.5773,1103.53,711.35,0.6477,1127.53,710.01,0.6354,1094.86,770.01,0.7568,1116.19,760.01,0.7326,1116.86,826.01,0.7501,1119.53,812.01,0.6908
2,top,1,903.94,352.95,1003.59,576.54,947.76,372.50,0.8589,950.49,368.68,0.8880,942.85,368.13,0.7998,954.31,371.95,0.8164,934.66,370.86,0.9081,963.04,393.79,0.7857,921.01,392.69,0.8486,977.24,412.35,0.7278,911.19,422.72,0.8435,993.07,418.35,0.7527,924.29,443.46,0.7800,947.76,460.93,0.7297,928.11,459.29,0.7215,946.12,506.24,0.7728,928.65,506.24,0.7763,922.10,530.80,0.7934,927.02,557.00,0.8236
2,bottom,0,1061.44,584.15,1157.48,857.02,1108.79,603.34,0.7276,1110.13,599.34,0.5975,1108.13,599.34,0.5795,1104.80,606.00,0.7040,1119.45,606.00,0.7481,1094.14,635.98,0.7521,1134.11,632.65,0.7657,1068.82,665.96,0.7391,1152.10,655.30,0.8205,1068.16,648.64,0.7952,1133.44,639.98,0.6042,1102.80,711.26,0.6531,1128.11,709.93,0.6483,1094.80,770.55,0.7592,1116.12,759.89,0.7370,1116.79,825.84,0.7574,1119.45,810.52,0.6914
3,top,1,904.03,351.87,1006.06,576.51,947.92,372.05,0.8535,950.66,368.21,0.8853,942.98,368.21,0.8058,954.50,371.50,0.8267,934.75,370.95,0.9189,963.27,393.44,0.7852,921.04,392.89,0.8519,978.08,411.54,0.7186,911.72,424.15,0.8402,993.98,418.67,0.7456,924.33,445.54,0.7952,948.46,461.99,0.7414,928.72,460.90,0.7323,946.27,506.42,0.7897,929.27,505.87,0.7803,922.14,531.10,0.7940,927.07,557.42,0.8248
3,bottom,0,1062.72,583.61,1157.33,856.92,1110.02,604.83,0.7190,1110.69,600.83,0.5931,1109.36,600.83,0.5732,1104.68,607.50,0.7051,1118.70,608.17,0.7547,1092.67,638.20,0.7530,1134.04,634.86,0.7602,1069.32,669.56,0.7438,1151.39,657.55,0.8140,1068.65,652.87,0.7604,1134.71,642.87,0.5760,1104.02,710.26,0.6583,1128.71,709.59,0.6664,1094.01,770.98,0.7515,1116.03,757.63,0.7174,1118.70,826.36,0.7359,1118.70,807.68,0.6837
4,top,1,905.80,351.03,1005.99,576.32,948.19,370.72,0.8484,950.94,366.87,0.8763,943.24,366.87,0.8013,954.79,370.17,0.8132,934.99,369.62,0.9132,964.14,393.27,0.7747,922.34,392.72,0.8345,978.44,412.52,0.7241,912.99,424.62,0.8403,994.39,421.32,0.7467,923.99,447.72,0.8224,949.29,460.92,0.7092,929.49,459.82,0.6976,946.54,506.02,0.7604,930.04,506.02,0.7639,922.34,530.77,0.7869,927.29,557.18,0.8175
4,bottom,0,1061.30,587.38,1158.45,856.47,1113.16,608.27,0.6931,1114.47,604.33,0.5920,1113.16,604.33,0.5734,1105.93,610.90,0.6956,1119.73,611.55,0.7396,1090.82,640.46,0.7617,1134.18,638.49,0.7556,1069.80,674.62,0.7569,1151.92,662.80,0.8175,1069.80,660.83,0.6179,1134.18,647.03,0.5793,1105.27,714.70,0.6911,1130.24,712.73,0.6895,1092.13,773.83,0.7479,1114.47,754.77,0.6836,1120.38,825.07,0.7051,1119.07,804.70,0.6780
5,top,1,904.62,351.84,1006.77,576.07,948.03,369.79,0.8713,951.32,365.96,0.8915,943.65,365.96,0.8116,955.15,369.79,0.8479,935.44,369.25,0.9416,965.00,393.33,0.7987,922.85,393.33,0.8373,979.24,415.23,0.7463,911.90,425.63,0.8512,995.11,425.63,0.7459,921.76,450.27,0.8276,950.77,461.22,0.7105,931.06,460.12,0.7083,947.49,505.56,0.7567,931.61,506.11,0.7614,922.30,530.74,0.7869,927.23,558.12,0.8236
5,bottom,0,1060.71,595.18,1159.35,856.68,1113.86,614.84,0.7222,1115.77,611.01,0.6087,1113.86,610.37,0.5759,1104.92,616.76,0.7286,1120.88,618.03,0.7155,1087.68,647.40,0.7963,1134.29,643.57,0.7651,1070.44,682.52,0.7985,1153.44,669.75,0.8397,1071.72,676.13,0.5805,1137.48,654.42,0.6116,1106.20,718.27,0.6714,1131.74,715.72,0.6872,1091.51,781.48,0.7467,1113.22,752.11,0.6552,1120.88,824.25,0.7095,1120.24,801.27,0.6859
6,top,1,903.74,351.71,1008.61,576.47,948.49,368.61,0.8664,951.79,364.77,0.8893,943.55,364.77,0.8098,955.63,369.16,0.8549,935.87,369.16,0.9362,965.50,393.31,0.8085,923.80,393.86,0.8349,980.32,416.35,0.7783,911.73,425.68,0.8523,995.14,429.52,0.7758,919.41,450.92,0.8080,950.69,463.00,0.7064,932.58,461.90,0.7085,947.40,505.25,0.7464,932.58,506.89,0.7701,921.61,532.69,0.7892,927.09,557.93,0.8323
6,bottom,0,1059.42,602.96,1162.24,859.75,1114.59,624.15,0.7432,1115.84,619.76,0.6184,1113.33,619.14,0.6113,1105.81,625.41,0.7211,1120.23,626.66,0.6882,1086.38,656.12,0.8052,1134.02,651.74,0.7773,1074.46,691.86,0.7682,1155.34,678.69,0.8457,1067.57,700.01,0.6706,1140.92,665.53,0.5705,1106.44,725.71,0.6938,1132.14,722.58,0.6935,1089.51,787.78,0.7497,1112.71,757.69,0.6519,1122.11,826.02,0.7087,1123.99,803.45,0.7014
7,top,1,904.71,351.46,1008.76,576.40,950.14,368.93,0.8760,952.89,365.08,0.9056,945.20,364.53,0.8135,956.73,368.93,0.8610,936.96,369.48,0.9246,966.62,393.09,0.8190,924.88,394.19,0.8364,980.90,416.70,0.7824,912.80,426.04,0.8575,994.08,431.53,0.7709,919.39,452.40,0.7951,951.79,463.38,0.6972,933.67,462.29,0.7008,946.85,505.12,0.7047,933.67,507.32,0.7581,920.49,534.78,0.7720,927.63,557.29,0.8158
7,bottom,0,1059.02,610.55,1167.03,863.53,1115.49,631.42,0.7501,1117.96,627.72,0.5604,1114.88,627.72,0.5975,1105.61,633.28,0.7335,1121.67,635.13,0.7144,1086.46,663.54,0.8247,1133.40,659.83,0.7607,1079.67,702.45,0.7930,1158.73,685.16,0.8265,1067.32,719.74,0.7938,1152.55,678.36,0.5614,1106.85,733.95,0.6870,1130.93,730.86,0.6937,1088.32,794.48,0.7534,1111.79,758.65,0.5899,1122.91,827.83,0.7027,1123.52,803.12,0.6292
8,top,1,905.70,352.01,1006.56,576.10,951.21,369.41,0.8943,953.94,365.03,0.8901,946.28,365.03,0.8074,958.32,369.41,0.8391,938.62,369.41,0.9368,967.62,392.93,0.8224,926.04,394.57,0.8321,981.30,417.00,0.7873,914.00,425.76,0.8594,994.43,433.42,0.8155,920.02,455.30,0.7980,952.30,463.51,0.7105,934.79,461.87,0.7046,943.55,505.63,0.6983,934.79,507.28,0.7757,918.38,534.63,0.7715,926.59,558.16,0.8330
8,bottom,0,1058.63,617.85,1169.57,866.08,1117.13,636.52,0.7981,1119.55,633.49,0.5368,1115.92,632.88,0.5965,1106.22,638.34,0.7361,1123.19,639.55,0.7201,1088.04,669.24,0.8230,1134.70,665.00,0.7630,1082.59,710.45,0.7958,1161.37,689.24,0.8119,1067.44,732.88,0.8107,1154.70,684.40,0.5176,1108.04,738.33,0.6844,1129.25,735.30,0.6975,1088.04,798.33,0.7680,1109.25,759.54,0.5774,1124.40,831.66,0.7013,1122.58,801.36,0.6554
9,top,1,905.28,352.93,1005.81,575.55,952.83,368.59,0.9101,956.09,364.78,0.8859,947.94,364.78,0.8309,959.89,368.59,0.7913,939.78,369.13,0.9314,969.13,393.05,0.8308,927.28,395.22,0.8323,982.72,416.96,0.7763,915.33,426.20,0.8522,994.68,435.44,0.8169,920.22,454.46,0.7935,952.83,463.16,0.7031,935.98,462.07,0.6945,941.96,503.92,0.6817,935.44,505.55,0.7626,917.50,534.90,0.7880,927.83,556.64,0.8246
9,bottom,0,1057.29,618.42,1169.52,866.41,1118.86,637.07,0.8086,1121.28,634.04,0.5681,1117.04,634.04,0.6244,1108.56,638.88,0.7121,1124.91,640.09,0.6791,1089.80,669.15,0.8013,1135.20,666.13,0.7715,1086.16,707.90,0.7908,1161.24,690.34,0.7878,1069.82,736.96,0.8132,1159.42,688.53,0.5444,1107.35,740.60,0.6779,1126.73,737.57,0.6929,1087.37,800.53,0.7783,1109.17,760.58,0.5270,1129.15,836.26,0.7066,1123.10,802.35,0.6328
10,top,1,904.86,353.15,1005.32,576.22,954.54,369.38,0.9048,957.81,365.02,0.8489,949.64,365.02,0.8311,961.62,368.83,0.7859,942.02,369.92,0.8968,971.43,392.79,0.8270,928.95,394.97,0.8281,984.50,417.85,0.7808,916.97,426.01,0.8499,995.93,436.36,0.8165,921.32,455.42,0.8094,952.91,462.50,0.7132,937.12,461.41,0.6932,940.39,504.98,0.6901,937.66,506.07,0.7690,916.42,535.48,0.7676,929.49,555.63,0.8075
10,bottom,0,1056.57,616.71,1168.39,865.63,1121.59,634.82,0.8397,1123.42,631.78,0.6158,1119.16,632.39,0.6450,1110.65,636.64,0.7044,1127.06,638.46,0.6771,1090.60,664.60,0.8298,1135.57,664.60,0.7877,1088.78,704.71,0.8124,1159.27,691.94,0.8132,1069.94,735.70,0.8227,1153.19,688.91,0.5296,1106.40,738.74,0.7027,1124.02,736.92,0.7190,1086.95,799.51,0.7990,1111.26,766.69,0.5577,1130.71,837.19,0.7240,1122.81,803.16,0.6042
11,top,1,904.98,352.95,1006.07,577.04,956.07,369.25,0.8582,959.35,365.42,0.8173,951.69,365.42,0.8200,963.73,368.70,0.7932,944.03,369.25,0.8472,972.48,392.23,0.8347,930.35,395.51,0.8340,985.61,417.94,0.7732,918.32,426.70,0.8261,996.55,437.64,0.8032,922.15,456.24,0.7780,953.88,461.71,0.7161,938.56,460.62,0.7121,941.84,503.84,0.6861,941.30,503.84,0.7534,917.77,534.47,0.7692,932.00,553.07,0.7901
11,bottom,0,1055.17,616.34,1165.63,865.63,1123.79,634.48,0.8235,1124.40,632.05,0.6254,1121.96,632.05,0.6075,1112.83,636.31,0.6956,1130.48,637.52,0.6753,1092.14,662.48,0.8381,1137.18,665.52,0.7856,1087.88,703.86,0.7984,1156.05,695.95,0.7993,1067.80,735.51,0.8185,1151.78,692.91,0.5297,1104.31,737.94,0.7101,1121.96,736.12,0.7143,1086.05,798.20,0.7942,1111.62,770.81,0.6072,1131.70,837.76,0.7184,1118.92,806.72,0.6107
12,top,1,907.65,351.42,1007.60,574.89,957.62,369.32,0.8886,960.90,365.50,0.8407,953.26,365.50,0.8322,965.26,369.32,0.8140,945.62,369.32,0.8550,974.54,391.68,0.8425,932.53,395.50,0.8332,986.54,418.42,0.7846,921.07,427.15,0.8361,997.45,440.79,0.8050,923.80,457.15,0.7597,957.08,460.43,0.7293,941.26,459.88,0.7189,946.71,502.98,0.7025,944.53,502.98,0.7346,920.53,533.53,0.7593,935.26,550.99,0.7771
12,bottom,0,1048.06,619.35,1160.29,867.78,1124.80,636.21,0.7975,1123.59,633.78,0.5887,1124.19,633.78,0.6056,1115.09,638.03,0.6357,1129.65,639.24,0.7225,1093.87,664.72,0.8312,1136.93,665.93,0.8049,1087.80,704.74,0.7984,1152.70,701.71,0.8637,1063.54,735.68,0.8115,1142.99,691.40,0.5965,1104.78,737.50,0.7169,1123.59,735.68,0.7164,1083.56,798.15,0.7731,1108.42,770.25,0.6659,1129.04,838.18,0.7229,1115.70,812.70,0.6156
13,top,1,915.41,352.41,1006.18,569.73,960.27,370.35,0.9033,963.45,366.10,0.8687,955.49,366.10,0.8253,967.16,369.81,0.8342,947.53,370.35,0.8798,976.18,391.57,0.8454,934.27,396.34,0.8428,986.79,419.69,0.8051,923.66,428.18,0.8199,996.87,443.56,0.8116,926.31,459.48,0.7507,959.74,458.42,0.7399,942.76,457.36,0.7352,959.74,500.87,0.7641,945.94,501.93,0.7428,928.43,530.05,0.7977,938.51,550.21,0.8108
13,bottom,0,1040.73,625.21,1154.22,875.82,1124.39,641.61,0.7109,1125.01,640.39,0.4576,1123.17,638.55,0.5406,1115.83,643.44,0.6067,1131.12,645.28,0.6288,1094.42,670.37,0.7537,1136.63,669.75,0.7442,1086.46,709.52,0.7408,1147.03,706.46,0.8289,1057.09,735.22,0.7588,1138.47,692.39,0.5721,1106.04,742.56,0.6936,1123.78,740.73,0.6729,1080.95,801.30,0.7202,1103.59,771.32,0.6109,1126.84,842.29,0.6860,1111.55,819.65,0.6142
14,top,1,920.14,354.55,1007.82,568.75,962.41,372.75,0.8960,965.55,368.56,0.8815,957.71,368.56,0.8189,969.74,372.75,0.8138,949.86,372.75,0.8890,977.06,393.66,0.8526,936.27,398.89,0.8367,985.42,421.90,0.8172,926.85,430.79,0.8090,996.93,445.44,0.8291,929.47,461.12,0.7200,963.98,459.56,0.7348,945.16,460.08,0.7232,970.78,500.87,0.7368,951.43,505.57,0.7007,938.36,524.40,0.7271,939.40,551.07,0.7707
14,bottom,0,1032.81,631.71,1149.56,881.55,1124.12,647.45,0.7194,1125.34,646.23,0.5166,1121.68,645.01,0.5616,1116.19,649.89,0.6750,1132.66,652.33,0.6453,1097.29,677.33,0.8006,1136.32,675.50,0.7858,1085.09,715.76,0.7700,1143.03,709.66,0.8483,1050.32,734.06,0.7678,1133.27,696.85,0.5344,1106.43,745.65,0.6847,1124.73,745.04,0.7211,1080.82,804.82,0.7408,1100.94,779.20,0.6233,1119.85,845.07,0.6944,1107.04,826.78,0.6284
15,top,1,923.77,357.68,1007.98,569.55,963.80,375.68,0.8837,967.43,371.54,0.8674,959.67,372.06,0.8390,971.56,376.20,0.8190,951.91,375.68,0.9079,978.81,396.89,0.8728,938.46,401.55,0.8606,985.01,425.34,0.8171,929.15,433.10,0.7950,997.43,450.69,0.8047,931.73,464.13,0.7030,966.91,461.55,0.7446,947.25,462.58,0.7316,979.84,499.31,0.7538,952.94,506.55,0.7120,953.46,520.00,0.7355,938.98,552.59,0.8199
15,bottom,0,1026.84,637.91,1149.13,888.34,1123.45,652.46,0.7406,1124.06,650.63,0.5926,1121.61,650.02,0.5838,1119.17,656.13,0.7021,1131.40,657.97,0.6681,1100.21,683.65,0.7772,1135.68,681.81,0.7824,1085.54,720.94,0.7675,1141.18,709.94,0.8338,1047.02,727.67,0.7490,1133.84,693.43,0.5182,1105.11,751.51,0.7166,1123.45,750.90,0.7491,1083.09,809.59,0.7564,1099.60,786.97,0.6356,1113.05,853.00,0.7586,1109.39,830.38,0.6287
16,top,1,925.52,361.75,1007.70,570.40,966.61,378.97,0.8736,969.66,374.90,0.8283,962.02,375.41,0.8258,973.74,379.48,0.8241,954.38,379.48,0.9069,979.85,400.37,0.8693,941.14,404.95,0.8415,985.46,427.36,0.8056,931.97,436.53,0.7720,998.19,455.38,0.8040,934.01,467.10,0.6964,968.65,462.51,0.7420,948.78,464.55,0.7100,986.98,498.17,0.7904,952.85,509.89,0.7281,963.04,521.09,0.7885,938.59,553.69,0.8305
16,bottom,0,1026.32,641.82,1150.47,899.15,1123.58,656.15,0.6884,1124.21,654.89,0.5992,1124.21,654.89,0.5586,1121.06,661.80,0.6960,1133.00,663.69,0.6539,1102.22,688.82,0.7506,1135.51,685.67,0.7610,1085.25,723.37,0.7508,1143.68,708.29,0.8350,1046.30,718.97,0.7684,1138.03,691.33,0.5795,1103.47,756.67,0.7061,1121.69,756.04,0.7158,1085.25,815.72,0.7431,1102.84,788.71,0.5983,1107.24,864.72,0.7910,1108.50,827.03,0.6644
17,top,1,928.93,365.68,1007.37,569.70,969.64,381.52,0.9052,972.63,377.54,0.8574,965.16,378.03,0.8615,977.12,382.02,0.8374,957.19,382.52,0.9095,982.10,403.44,0.8535,942.75,407.92,0.8306,986.58,431.83,0.7895,934.28,439.30,0.7305,999.03,459.22,0.7958,936.27,470.68,0.6579,971.14,464.20,0.7195,950.22,466.69,0.7007,993.05,497.08,0.7575,954.20,510.53,0.7347,978.11,521.48,0.6900,939.26,552.86,0.8167
17,bottom,0,1032.27,645.26,1154.15,902.24,1123.33,660.82,0.6674,1123.96,658.93,0.5645,1125.84,659.56,0.5551,1121.45,666.46,0.6882,1135.25,668.35,0.6449,1103.25,692.82,0.7442,1135.25,689.68,0.7170,1085.06,723.56,0.7379,1147.80,702.85,0.8189,1050.55,711.01,0.7676,1142.78,685.29,0.6481,1102.00,762.46,0.7241,1120.82,761.20,0.7024,1086.31,819.55,0.7451,1107.02,795.71,0.5426,1110.15,872.25,0.7708,1108.27,828.34,0.6569
18,top,1,930.82,368.76,1017.30,568.97,971.61,383.33,0.8875,974.55,379.42,0.8719,967.21,379.91,0.8437,978.94,384.31,0.7959,959.39,384.31,0.9310,984.81,405.81,0.8313,945.71,409.72,0.8326,988.72,433.67,0.7744,936.91,441.50,0.7398,1001.43,462.51,0.7695,938.86,473.27,0.6673,974.06,463.98,0.6922,952.55,466.91,0.6761,995.56,497.71,0.7340,956.95,509.44,0.7288,994.10,526.06,0.7489,939.35,552.94,0.7898
18,bottom,0,1042.58,645.88,1159.56,901.34,1121.65,665.09,0.6596,1122.27,663.22,0.6083,1125.39,663.22,0.5141,1121.02,670.08,0.6652,1136.62,671.95,0.6185,1105.43,693.16,0.7376,1135.99,691.28,0.6731,1085.47,724.34,0.7294,1153.46,696.27,0.7286,1057.41,700.64,0.7781,1149.09,671.33,0.6121,1101.07,767.37,0.7150,1120.40,766.13,0.6737,1087.35,821.64,0.7629,1109.80,797.94,0.5944,1112.92,875.27,0.7842,1112.92,839.72,0.6510
19,top,1,930.92,368.24,1028.96,569.76,974.53,384.38,0.8828,977.48,380.93,0.8800,970.10,380.93,0.8567,981.91,385.36,0.8272,962.72,385.36,0.9164,988.30,406.51,0.8266,947.47,409.96,0.8259,993.22,435.54,0.7871,938.61,441.45,0.7462,1004.05,463.59,0.7640,940.58,472.93,0.6795,976.50,464.57,0.6924,954.85,466.54,0.6854,999.13,496.55,0.7291,958.78,507.37,0.7270,1005.03,529.51,0.8052,939.60,552.64,0.7880
19,bottom,0,1065.93,633.31,1167.93,902.61,1125.48,667.37,0.6419,1123.51,664.74,0.6018,1126.79,666.06,0.4519,1122.85,671.32,0.7060,1138.63,674.60,0.5837,1105.75,694.33,0.7591,1139.29,691.04,0.7204,1088.00,723.91,0.8206,1159.67,693.01,0.8814,1071.57,693.67,0.8329,1157.04,660.80,0.8520,1099.84,767.96,0.7935,1120.88,767.31,0.7514,1089.98,821.88,0.8065,1110.36,799.52,0.7489,1111.67,877.10,0.8327,1119.56,848.18,0.8128
20,top,1,931.21,367.93,1029.52,570.58,977.89,384.65,0.9151,981.36,381.19,0.8949,973.94,381.19,0.8612,985.81,386.14,0.7934,966.02,385.64,0.9496,992.74,406.92,0.8069,950.68,409.88,0.8233,998.67,434.13,0.7710,940.79,441.05,0.7710,1008.07,463.32,0.7760,942.77,471.73,0.7087,980.37,463.81,0.6865,956.62,465.79,0.6877,1002.63,496.96,0.7157,957.61,505.87,0.7313,1006.59,529.62,0.8161,939.80,552.38,0.8136
20,bottom,0,1076.12,625.60,1179.76,902.04,1129.29,667.31,0.5737,1126.59,664.61,0.5127,1131.31,665.28,0.4023,1124.57,670.68,0.6295,1141.44,672.71,0.5545,1105.67,694.30,0.6766,1144.81,688.23,0.6522,1088.12,719.95,0.7617,1165.06,687.55,0.8346,1084.75,686.20,0.7795,1165.06,656.51,0.8438,1098.92,759.09,0.7051,1121.19,757.74,0.6593,1093.52,816.46,0.7920,1113.77,800.26,0.7743,1110.39,874.50,0.7929,1125.24,853.58,0.7804
21,top,1,930.65,365.96,1030.59,571.11,981.12,382.88,0.9367,984.63,379.88,0.8794,977.12,379.38,0.8571,989.14,384.89,0.8655,970.10,384.39,0.9357,997.15,405.92,0.8024,954.08,408.43,0.8050,1003.66,432.97,0.7851,943.56,438.98,0.7766,1012.68,462.02,0.7867,944.06,469.53,0.6935,984.63,461.02,0.6860,959.59,463.02,0.6888,1005.16,495.58,0.7262,957.08,503.09,0.7430,1007.17,529.63,0.8324,940.05,551.17,0.8404
21,bottom,0,1074.86,625.44,1189.37,899.27,1137.46,669.43,0.5554,1134.79,666.76,0.4682,1142.81,668.09,0.3883,1128.77,670.77,0.5946,1146.82,674.11,0.5430,1106.04,688.15,0.6077,1148.82,688.82,0.6200,1082.64,708.87,0.7405,1168.21,684.14,0.7858,1101.36,680.13,0.6584,1172.22,654.72,0.7898,1094.00,759.68,0.6371,1118.74,758.35,0.6339,1096.68,815.17,0.7369,1118.07,802.47,0.7723,1108.04,872.00,0.7701,1130.11,856.62,0.7852
22,top,0,930.57,364.92,1029.18,566.73,983.32,381.09,0.8954,986.77,377.64,0.8641,979.38,377.64,0.8426,991.70,382.56,0.8770,972.48,382.56,0.8911,1001.06,403.26,0.7931,956.23,405.72,0.7851,1008.45,430.35,0.7607,945.88,436.27,0.7801,1015.84,459.92,0.7642,945.88,465.34,0.7067,987.76,458.44,0.6757,961.65,459.92,0.6861,1008.45,492.93,0.7290,954.75,499.33,0.7398,1006.97,529.88,0.8456,939.97,548.60,0.8181
22,bottom,2,1065.71,630.47,1192.27,891.96,1144.31,669.92,0.6374,1141.12,666.09,0.4833,1147.51,668.65,0.4467,1135.38,669.29,0.6573,1153.25,675.67,0.6167,1111.12,682.69,0.6202,1151.34,692.27,0.6463,1074.73,683.33,0.5529,1167.94,685.25,0.7864,1079.84,681.41,0.4238,1174.32,655.24,0.7730,1093.24,754.83,0.6397,1119.42,755.47,0.6247,1095.80,812.92,0.7366,1124.52,805.90,0.7617,1104.10,868.46,0.8419,1136.02,858.25,0.8083
23,top,1,926.49,363.84,1028.58,566.12,984.95,379.05,0.8206,988.90,376.08,0.8549,981.49,375.59,0.8007,993.34,381.02,0.8204,974.08,380.53,0.8747,1003.22,400.28,0.7831,957.29,402.75,0.7711,1012.11,426.95,0.7427,947.41,433.37,0.7658,1019.02,457.57,0.7700,945.93,463.49,0.6948,990.38,455.59,0.6597,962.72,456.09,0.6673,1008.65,492.14,0.7149,952.85,495.59,0.7269,1008.16,529.67,0.8267,937.54,543.50,0.8085
23,bottom,0,1074.26,628.65,1197.73,892.93,1145.03,673.04,0.6582,1142.45,667.23,0.5036,1146.96,672.40,0.4392,1137.28,672.40,0.6751,1154.06,680.14,0.5744,1112.12,679.49,0.7244,1150.19,698.20,0.6173,1087.60,657.56,0.6599,1166.96,684.01,0.7537,1089.54,658.85,0.3735,1174.71,655.62,0.7936,1094.06,751.11,0.6937,1119.86,754.34,0.7021,1092.12,810.47,0.7721,1130.19,810.47,0.7786,1098.57,867.89,0.8688,1141.80,861.44,0.8171
24,top,1,919.90,361.83,1030.54,557.01,986.66,376.98,0.8665,989.99,373.64,0.8778,982.85,373.64,0.8308,994.76,378.89,0.7766,975.70,378.41,0.8987,1004.77,398.90,0.7977,958.54,401.28,0.7702,1013.82,424.63,0.7654,948.06,430.83,0.7618,1021.92,453.70,0.7799,945.20,462.28,0.6878,991.42,453.70,0.6662,962.83,453.70,0.6786,1010.48,489.92,0.6779,950.92,493.25,0.7428,1010.01,528.04,0.8191,933.29,539.00,0.8235
24,bottom,0,1072.32,630.46,1198.33,901.34,1151.20,679.27,0.7463,1149.22,674.64,0.4956,1155.83,678.61,0.4614,1140.62,675.30,0.6719,1157.81,685.22,0.6346,1116.15,679.27,0.7720,1152.52,701.75,0.7033,1102.92,643.56,0.7521,1163.10,683.24,0.5997,1107.55,649.51,0.5657,1174.35,656.12,0.6390,1094.99,748.71,0.7037,1122.10,753.34,0.7102,1087.05,809.55,0.7795,1135.99,814.18,0.7670,1093.00,867.09,0.8507,1147.23,864.44,0.8047
25,top,1,918.79,362.10,1033.64,550.31,987.70,376.71,0.8764,991.38,373.49,0.8841,984.02,373.49,0.8570,995.97,378.55,0.7972,977.13,378.09,0.9166,1006.08,398.76,0.8097,959.67,400.60,0.7899,1015.27,423.12,0.7910,949.10,430.47,0.7678,1024.46,451.61,0.7831,945.89,460.80,0.7003,992.29,452.07,0.6860,963.35,452.07,0.6962,1014.81,489.75,0.7059,949.10,492.04,0.7410,1014.35,524.21,0.8073,928.42,534.78,0.8506
25,bottom,0,1068.95,593.68,1202.27,909.31,1153.34,681.37,0.7943,1150.25,677.52,0.5653,1157.96,680.60,0.5323,1141.01,676.75,0.7028,1160.27,689.08,0.6810,1119.43,683.69,0.7844,1157.19,708.34,0.7907,1104.79,651.32,0.8134,1165.67,683.69,0.7149,1105.56,618.19,0.8512,1179.54,655.95,0.7804,1097.85,751.50,0.7668,1124.05,756.89,0.7795,1080.90,808.52,0.8327,1140.24,817.77,0.7790,1085.53,864.77,0.9561,1151.02,864.77,0.8537
26,top,0,912.90,362.63,1036.63,555.51,988.42,377.13,0.8601,991.72,374.31,0.8372,984.65,374.31,0.8377,996.90,379.49,0.7903,978.06,378.54,0.8891,1007.26,399.26,0.8099,960.17,401.15,0.7753,1016.20,424.22,0.7688,949.81,430.81,0.7616,1027.03,452.47,0.7819,945.57,461.42,0.6897,994.07,451.06,0.6892,963.93,451.06,0.6720,1018.56,487.79,0.6983,946.51,491.56,0.7540,1022.33,522.17,0.7901,922.03,532.53,0.8224
26,bottom,1,1064.64,593.18,1202.02,919.50,1152.45,687.83,0.7940,1149.26,684.64,0.5771,1156.43,687.03,0.5360,1142.89,683.84,0.7088,1161.21,694.20,0.7177,1121.38,692.61,0.7664,1161.21,715.71,0.8287,1104.65,658.35,0.8787,1170.77,691.01,0.7587,1111.82,621.70,0.9036,1182.72,659.94,0.7923,1098.28,764.31,0.7980,1126.96,769.88,0.7954,1075.97,811.31,0.8339,1143.69,829.63,0.7873,1078.36,866.28,0.9485,1154.84,875.84,0.8619
27,top,1,905.49,364.07,1048.19,556.60,989.53,379.49,0.8602,992.82,375.73,0.8345,985.77,376.20,0.8198,997.52,380.90,0.7739,978.25,380.43,0.8841,1007.86,401.58,0.8130,960.86,403.46,0.7757,1016.32,424.61,0.7699,950.52,432.13,0.7502,1027.13,451.87,0.7855,946.29,462.68,0.6913,994.70,452.34,0.6866,964.15,453.28,0.6672,1021.49,488.54,0.7037,943.94,491.83,0.7421,1029.01,520.97,0.7998,917.62,528.49,0.7933
27,bottom,0,1060.14,631.91,1202.73,931.25,1153.36,696.80,0.8632,1151.17,693.15,0.5930,1158.47,695.34,0.5380,1143.13,693.88,0.7538,1162.86,701.19,0.6889,1122.66,702.65,0.8169,1162.86,725.31,0.8298,1100.74,673.42,0.7986,1172.36,704.11,0.7192,1108.78,650.03,0.8179,1182.59,672.69,0.7344,1100.01,772.81,0.7614,1129.24,781.58,0.7570,1073.70,814.46,0.8491,1144.59,845.16,0.7580,1070.05,864.89,0.8703,1155.55,890.47,0.7780
28,top,1,899.39,368.56,1061.34,547.83,990.38,383.86,0.8804,994.07,379.64,0.8558,986.69,379.64,0.8375,998.29,382.81,0.8454,979.31,383.33,0.9044,1008.83,404.95,0.8215,961.91,407.06,0.8150,1016.74,427.62,0.7855,950.84,436.05,0.7669,1027.81,456.61,0.7842,946.10,468.74,0.7338,995.65,456.09,0.7140,965.08,456.61,0.7053,1022.54,490.88,0.7674,942.41,492.46,0.7827,1040.99,522.51,0.8492,912.36,526.73,0.8116
28,bottom,0,1054.08,659.99,1198.67,947.14,1153.01,708.22,0.8976,1150.21,705.41,0.6237,1155.82,707.52,0.6232,1142.50,706.11,0.7936,1164.93,712.42,0.8033,1122.87,715.23,0.8536,1164.93,736.96,0.8507,1098.33,694.20,0.6507,1173.35,720.84,0.7180,1099.03,682.28,0.5313,1180.36,689.99,0.7484,1099.73,788.14,0.8176,1129.18,797.95,0.7856,1073.09,818.98,0.7968,1144.60,861.05,0.7567,1062.58,868.06,0.8255,1155.82,912.22,0.8188
29,top,1,892.15,374.90,1062.20,550.39,991.56,390.13,0.8720,994.33,386.26,0.8671,987.69,386.26,0.8424,998.76,389.58,0.8442,980.49,389.58,0.8975,1008.72,411.72,0.8522,963.33,413.38,0.8109,1016.47,433.86,0.7950,951.16,440.50,0.7576,1027.55,460.98,0.8023,948.94,473.16,0.7295,994.89,459.88,0.7490,964.44,460.43,0.7166,1022.56,493.09,0.7722,940.64,495.86,0.7943,1046.92,521.32,0.8451,907.42,526.86,0.8335
29,bottom,0,1046.57,679.79,1191.72,966.43,1154.14,713.94,0.9453,1155.54,713.24,0.6181,1152.74,712.54,0.5799,1143.64,713.94,0.8223,1165.33,719.54,0.8191,1124.04,725.84,0.7926,1168.83,748.93,0.8391,1084.85,713.24,0.6200,1173.03,746.13,0.7085,1098.85,718.14,0.4552,1176.53,711.84,0.6716,1101.65,800.72,0.7316,1131.74,811.21,0.7150,1075.06,826.61,0.7747,1144.34,872.80,0.7074,1056.86,871.40,0.7824,1150.64,930.18,0.7937
30,top,1,889.63,381.53,1062.25,549.98,995.04,397.20,0.8812,997.85,393.27,0.8811,991.11,393.27,0.8359,1001.79,397.76,0.7827,983.81,397.20,0.8567,1009.65,418.56,0.8485,965.26,420.24,0.8027,1015.84,442.16,0.7934,952.90,448.90,0.7548,1028.76,468.00,0.8057,958.52,480.37,0.7898,994.48,463.51,0.7166,964.70,464.63,0.6867,1026.51,494.41,0.7671,938.85,501.72,0.7404,1048.43,523.63,0.8578,905.14,529.25,0.8495
30,bottom,0,1038.62,705.26,1182.07,972.75,1156.06,724.72,0.9793,1158.67,722.77,0.6549,1156.71,722.11,0.5814,1146.26,724.72,0.7632,1166.51,731.26,0.7222,1122.75,742.36,0.7672,1172.38,764.56,0.8902,1084.88,743.01,0.6077,1166.51,773.70,0.6596,1100.55,756.72,0.5933,1169.12,751.50,0.4224,1101.86,816.15,0.7154,1133.20,827.25,0.7277,1079.00,837.70,0.7774,1146.26,886.02,0.8179,1052.23,877.54,0.8039,1141.69,951.33,0.8192
31,top,1,889.51,387.65,1064.08,549.78,1003.51,403.93,0.9502,1005.78,399.96,0.9298,998.39,399.96,0.8831,1009.19,404.50,0.7756,989.30,403.93,0.8853,1012.60,423.82,0.8644,968.84,429.51,0.8086,1017.15,447.69,0.7686,960.32,461.33,0.7905,1030.22,472.69,0.7894,973.39,484.06,0.7343,995.55,468.15,0.7247,966.00,470.42,0.6781,1031.35,493.15,0.7668,942.13,505.09,0.7441,1047.26,523.84,0.8798,906.33,530.09,0.8274
31,bottom,0,1033.31,716.28,1184.21,976.04,1156.32,737.08,1.0340,1159.49,735.81,0.7163,1156.96,734.55,0.6506,1146.81,738.99,0.7355,1167.10,743.42,0.7523,1120.17,761.18,0.8008,1171.54,777.67,0.9070,1087.83,778.94,0.7164,1175.35,803.67,0.7551,1103.05,781.48,0.5012,1172.18,784.65,0.5815,1103.05,830.31,0.7465,1134.12,841.09,0.7550,1082.76,850.60,0.7367,1149.98,899.43,0.8574,1048.51,888.65,0.8288,1142.37,957.15,0.8861
32,top,1,889.88,394.35,1068.51,547.51,1012.34,409.88,0.9017,1015.25,405.81,0.9066,1007.69,405.81,0.8770,1017.58,409.29,0.7572,997.81,408.13,0.8364,1018.16,426.74,0.8814,980.94,433.14,0.8111,1018.16,448.84,0.7972,969.90,463.95,0.8366,1029.79,474.42,0.7804,990.25,484.31,0.7098,996.64,466.28,0.7306,969.31,468.02,0.7002,1033.86,488.96,0.8028,944.89,507.56,0.7789,1048.39,525.01,0.8882,905.93,531.40,0.8214
32,bottom,0,1034.28,722.49,1181.56,974.67,1155.94,743.92,1.0298,1158.40,742.07,0.7102,1156.56,741.46,0.6572,1144.86,745.77,0.8200,1165.17,750.08,0.7851,1119.62,771.01,0.8100,1169.48,783.32,0.8855,1094.99,801.18,0.8330,1173.18,819.65,0.8288,1109.15,809.18,0.5243,1168.87,799.33,0.6763,1101.76,837.50,0.7248,1131.93,846.74,0.7281,1088.22,865.82,0.7405,1157.79,900.30,0.8130,1051.28,902.76,0.8108,1143.01,955.09,0.8859
33,top,1,889.85,397.49,1073.28,548.62,1023.36,413.35,0.9240,1026.35,409.17,0.9236,1019.18,409.17,0.8967,1027.54,412.75,0.6854,1008.44,410.96,0.8328,1025.15,428.87,0.8917,993.51,437.23,0.8461,1022.17,450.37,0.8177,985.75,468.28,0.8185,1032.92,473.65,0.8120,1007.84,483.20,0.6534,1001.27,467.08,0.7858,974.40,469.47,0.7517,1038.89,487.98,0.8220,946.94,510.07,0.7749,1049.63,523.81,0.8777,906.33,531.57,0.8088
33,bottom,0,1035.97,725.70,1177.93,975.01,1153.82,746.27,1.0083,1156.25,743.84,0.7107,1155.03,743.84,0.6440,1142.86,748.10,0.8124,1163.56,752.36,0.7750,1117.91,774.27,0.8054,1167.21,787.05,0.8908,1094.78,807.75,0.7968,1166.60,828.44,0.8311,1116.69,812.01,0.4693,1162.95,805.31,0.6436,1098.43,841.22,0.7431,1128.86,849.75,0.7408,1089.91,871.05,0.7464,1158.08,902.09,0.8141,1053.99,916.09,0.8590,1143.47,955.05,0.8875
34,top,1,889.61,398.14,1079.91,547.54,1036.80,413.99,0.8989,1039.28,410.27,0.8862,1031.84,410.27,0.8428,1039.89,413.99,0.7137,1021.31,412.75,0.8219,1031.84,430.10,0.8228,1007.68,440.01,0.8516,1025.03,449.30,0.7120,1003.35,470.98,0.8031,1035.56,470.98,0.6812,1033.08,480.27,0.7072,1007.06,470.36,0.6959,981.67,470.98,0.7085,1045.47,487.71,0.7959,952.55,510.63,0.7483,1052.90,524.25,0.8337,908.57,531.69,0.8010
34,bottom,0,1037.27,723.90,1174.20,975.14,1149.90,744.63,0.9709,1152.36,741.56,0.6835,1150.52,741.56,0.6157,1138.86,745.86,0.7551,1159.10,749.54,0.7573,1114.94,772.23,0.8021,1164.01,784.50,0.9168,1089.18,803.52,0.8147,1159.72,825.60,0.8303,1105.12,818.85,0.5621,1152.36,820.69,0.5244,1096.54,837.87,0.7286,1127.82,846.45,0.7383,1089.79,868.54,0.7502,1155.42,901.66,0.8297,1054.21,915.15,0.8479,1143.15,955.02,0.8894
35,top,1,890.64,397.57,1080.24,547.89,1049.63,416.56,0.8949,1051.48,412.24,0.8446,1044.69,412.24,0.8722,1051.48,416.56,0.6482,1032.97,414.10,0.9086,1038.52,431.99,0.7608,1022.47,441.25,0.7912,1028.03,451.13,0.5446,1021.24,476.43,0.7997,1034.82,467.79,0.4485,1055.18,479.52,0.7724,1012.60,473.34,0.6115,986.68,472.73,0.6293,1052.71,485.69,0.7619,959.52,509.14,0.7050,1052.71,522.72,0.8250,910.76,531.36,0.7769
35,bottom,0,1040.25,715.55,1170.03,974.91,1143.76,737.59,0.9442,1145.66,734.42,0.6443,1145.66,734.42,0.6498,1132.37,738.85,0.7729,1152.00,741.39,0.8219,1109.57,765.45,0.8160,1159.59,777.48,0.9438,1081.71,793.31,0.8312,1155.79,817.37,0.8382,1095.64,813.57,0.7443,1139.96,806.61,0.5320,1098.17,834.47,0.7312,1128.57,842.07,0.7575,1081.71,863.59,0.7758,1149.46,895.89,0.8462,1055.75,910.45,0.8160,1142.50,953.51,0.9127
36,top,1,896.23,398.34,1081.27,546.96,1060.43,416.03,0.8961,1062.23,411.81,0.7536,1056.81,411.81,0.8249,1058.02,414.83,0.5518,1044.76,414.22,0.8574,1037.54,427.47,0.7245,1037.54,440.12,0.7178,1025.49,448.56,0.5290,1038.74,472.05,0.6283,1037.54,473.85,0.3887,1058.62,479.28,0.5981,1016.46,470.84,0.5158,994.77,470.84,0.5596,1056.21,485.30,0.6328,963.45,507.59,0.6187,1053.20,523.25,0.7713,914.66,531.68,0.7166
36,bottom,0,1039.80,703.53,1169.12,974.05,1136.82,727.17,0.8259,1136.16,723.21,0.5584,1139.47,723.87,0.6118,1122.29,729.15,0.7765,1144.75,731.13,0.8633,1100.50,756.23,0.7807,1153.34,766.80,0.8994,1072.76,781.99,0.8170,1152.68,807.09,0.8307,1087.95,805.11,0.7712,1139.47,797.84,0.5505,1096.54,828.22,0.7164,1127.58,834.83,0.7167,1074.08,860.59,0.7968,1140.79,889.65,0.8218,1056.91,910.78,0.8034,1141.45,949.09,0.8747
37,top,1,897.43,398.45,1088.66,546.91,1068.37,417.90,0.8783,1070.24,413.55,0.7925,1064.63,412.92,0.8534,1064.63,416.66,0.5816,1053.43,415.41,0.8501,1045.34,427.24,0.7290,1045.96,435.96,0.7494,1034.75,445.92,0.5164,1054.05,461.48,0.6832,1040.36,468.32,0.3848,1076.46,479.53,0.6820,1022.93,467.70,0.5373,1000.52,467.08,0.5784,1059.03,479.53,0.6868,969.39,505.05,0.6156,1054.05,523.10,0.7691,919.59,529.33,0.7050
37,bottom,0,1039.40,692.93,1168.05,969.94,1128.75,716.47,0.8111,1126.72,712.41,0.5787,1132.13,713.09,0.6131,1115.22,717.82,0.8131,1136.19,719.85,0.7846,1093.58,744.87,0.7887,1146.33,752.99,0.9027,1064.50,769.22,0.8453,1151.07,794.24,0.8183,1076.00,794.24,0.8074,1134.83,791.54,0.5166,1094.26,818.59,0.7178,1125.37,824.00,0.7010,1070.59,862.55,0.7997,1136.19,881.48,0.7928,1054.35,913.95,0.7921,1141.60,936.26,0.8392
38,top,1,905.29,399.23,1091.11,547.61,1076.84,417.77,0.9436,1078.65,413.53,0.8590,1073.21,412.93,0.9139,1072.60,415.35,0.5732,1061.11,415.35,0.8828,1050.83,426.84,0.7335,1054.45,434.70,0.7596,1039.94,444.38,0.4801,1064.13,461.92,0.7002,1043.57,467.37,0.3551,1088.93,481.28,0.6877,1028.44,465.55,0.5437,1006.67,464.34,0.5882,1062.32,479.47,0.7621,975.82,503.06,0.6489,1053.85,523.02,0.7957,925.01,526.04,0.7239
38,bottom,0,1038.51,684.60,1159.15,959.18,1122.96,705.92,0.8499,1121.62,703.24,0.5853,1126.32,703.24,0.6318,1109.56,708.60,0.8056,1131.01,709.94,0.7962,1088.11,734.75,0.8130,1141.73,743.46,0.9293,1059.95,758.21,0.8427,1149.11,783.68,0.8608,1063.30,785.02,0.8460,1133.02,779.66,0.5513,1090.12,810.50,0.7280,1122.29,814.52,0.7230,1068.00,860.77,0.8230,1137.04,871.50,0.8335,1053.25,913.06,0.8349,1139.05,923.11,0.8763
39,top,1,911.63,397.07,1092.62,548.07,1084.02,417.19,0.9426,1085.20,413.06,0.8771,1080.49,413.06,0.9106,1076.36,416.01,0.6359,1067.52,414.83,0.8741,1056.92,426.03,0.7590,1060.45,433.10,0.7482,1045.13,444.88,0.4898,1066.34,456.66,0.7146,1047.49,464.91,0.3509,1086.97,480.82,0.7575,1029.23,465.50,0.5309,1010.37,463.73,0.5859,1063.99,477.87,0.7502,979.74,502.62,0.6566,1053.97,522.06,0.8138,929.07,525.01,0.7389
39,bottom,0,1040.04,676.10,1156.73,949.06,1119.05,698.63,0.8616,1117.71,695.29,0.5995,1122.38,695.96,0.6114,1106.38,701.29,0.7798,1127.04,702.62,0.8243,1084.39,726.62,0.8315,1139.04,735.28,0.9287,1057.74,751.94,0.8326,1149.03,775.93,0.8722,1053.74,782.59,0.8131,1130.37,786.59,0.6415,1084.39,803.92,0.7277,1117.71,806.58,0.7269,1065.73,853.23,0.8170,1139.70,861.90,0.8532,1051.74,901.21,0.8382,1135.04,911.21,0.8851
40,top,1,917.75,396.06,1094.21,547.26,1088.69,414.22,0.9202,1089.84,410.20,0.7948,1085.25,409.62,0.8814,1073.76,413.07,0.6625,1071.46,412.50,0.8514,1058.82,418.24,0.8170,1063.99,434.32,0.7374,1039.29,423.41,0.6985,1066.87,461.32,0.6489,1050.21,442.94,0.4790,1083.52,483.72,0.6886,1031.25,463.05,0.5538,1014.02,462.47,0.6210,1064.57,479.70,0.7414,984.73,500.38,0.6577,1054.80,522.21,0.8345,933.03,523.93,0.7505
40,bottom,0,1036.15,668.92,1156.00,939.01,1114.54,692.53,0.8771,1114.54,689.89,0.6242,1117.83,690.55,0.5982,1102.67,695.83,0.7578,1123.77,697.15,0.8006,1080.25,722.86,0.8148,1136.30,728.80,0.8951,1055.85,751.87,0.8072,1148.82,769.68,0.8408,1046.62,782.87,0.7909,1133.66,788.80,0.7230,1080.91,796.05,0.7272,1113.22,798.69,0.7251,1063.76,843.53,0.7645,1141.57,852.10,0.8382,1046.62,889.03,0.7826,1133.66,906.83,0.8609
41,top,1,925.42,390.62,1097.89,547.86,1092.51,409.73,0.8815,1093.63,406.36,0.7192,1088.57,405.80,0.8176,1079.03,409.17,0.6136,1075.10,408.60,0.8143,1062.19,412.53,0.8093,1064.99,431.62,0.7045,1040.85,408.60,0.8061,1063.31,465.31,0.5536,1057.13,419.27,0.4969,1068.92,478.78,0.3882,1035.80,461.38,0.5534,1015.59,459.13,0.6241,1065.56,481.59,0.7124,988.64,498.44,0.6513,1054.89,522.02,0.8245,938.67,522.02,0.7541
41,bottom,0,1023.48,667.55,1159.46,924.76,1110.94,690.66,0.8807,1110.31,688.15,0.6083,1113.45,688.15,0.6114,1099.00,694.43,0.7831,1119.73,695.05,0.8083,1077.65,721.43,0.8244,1133.54,727.08,0.8886,1053.79,752.83,0.8214,1147.36,766.64,0.8041,1040.60,786.11,0.8238,1142.96,793.64,0.7379,1076.40,791.13,0.7130,1108.42,793.64,0.7102,1060.70,835.72,0.7790,1141.71,840.11,0.8632,1039.35,877.79,0.8316,1136.68,901.02,0.9431
42,top,1,929.67,385.27,1098.90,547.93,1094.16,402.70,0.9030,1095.26,398.84,0.7096,1089.75,398.84,0.8280,1085.90,400.49,0.5225,1075.98,401.05,0.8199,1064.96,404.90,0.8157,1065.52,425.83,0.7774,1042.93,399.94,0.8153,1057.25,458.89,0.6371,1057.25,412.61,0.5064,1062.76,484.23,0.5568,1038.52,456.68,0.5796,1017.59,455.58,0.6484,1066.62,477.62,0.7071,990.60,495.80,0.6876,1054.50,522.24,0.7995,943.22,521.69,0.7582
42,bottom,0,1009.34,668.46,1167.78,914.14,1107.15,691.73,0.9129,1106.55,689.33,0.5860,1110.75,689.33,0.6195,1095.76,695.33,0.7728,1116.75,695.93,0.8176,1074.76,721.72,0.8714,1129.95,727.12,0.9255,1052.57,755.91,0.8638,1144.34,767.31,0.8127,1035.17,791.90,0.8685,1147.94,801.50,0.8499,1073.56,788.90,0.7496,1104.75,791.30,0.7235,1054.37,829.09,0.8407,1139.54,831.49,0.8825,1028.58,871.68,0.8545,1143.74,893.27,0.9246
43,top,1,936.05,380.22,1098.03,551.03,1092.44,396.02,0.8700,1094.02,392.33,0.6772,1087.70,391.27,0.7660,1089.81,395.49,0.4614,1076.10,394.97,0.7813,1066.61,400.24,0.7710,1063.97,418.69,0.7819,1044.99,395.49,0.7530,1049.20,449.28,0.6937,1056.06,405.51,0.4959,1051.31,480.39,0.6496,1042.35,451.91,0.5870,1020.20,449.80,0.6332,1066.08,480.39,0.7325,993.31,492.52,0.7067,1054.48,522.04,0.7900,947.96,522.04,0.7621
43,bottom,0,999.85,673.52,1166.00,901.10,1104.04,695.63,0.9858,1104.04,692.86,0.6052,1105.70,692.86,0.6474,1092.92,698.97,0.6286,1112.37,699.52,0.7721,1071.81,725.08,0.8916,1125.70,730.08,0.9551,1050.14,762.86,0.8442,1140.15,770.64,0.8391,1031.25,798.42,0.9007,1148.48,805.64,0.8747,1071.26,788.42,0.7548,1102.92,791.20,0.7593,1047.36,827.31,0.8757,1135.15,826.76,0.8948,1016.81,868.43,0.8852,1149.04,878.43,0.9532
44,top,1,939.40,371.82,1097.43,548.45,1090.44,388.11,0.8059,1093.01,384.51,0.6759,1086.32,383.48,0.7171,1090.44,387.60,0.4819,1075.00,386.57,0.7613,1070.89,400.46,0.6924,1060.08,412.29,0.7785,1050.31,396.35,0.5439,1042.59,442.64,0.7102,1054.94,399.43,0.4581,1042.59,473.00,0.6878,1043.62,449.33,0.6290,1019.96,446.25,0.6452,1065.74,481.23,0.7729,995.78,488.94,0.7074,1052.88,521.35,0.7597,953.60,521.35,0.7864
44,bottom,0,996.46,680.81,1165.60,883.91,1100.30,699.77,1.0032,1100.30,697.02,0.5873,1101.95,697.57,0.6508,1089.29,704.17,0.6410,1108.01,705.82,0.7286,1068.92,729.50,0.9020,1122.32,736.66,0.9242,1049.10,768.59,0.8359,1136.64,775.20,0.8429,1028.72,804.93,0.9314,1146.55,813.19,0.8390,1067.82,791.72,0.7602,1100.30,794.47,0.7704,1043.04,826.40,0.8595,1132.23,823.10,0.8887,1012.21,862.19,0.9141,1147.10,867.15,0.9437
45,top,1,944.44,366.22,1094.69,546.94,1085.60,383.21,0.8005,1089.02,379.30,0.7436,1081.68,378.32,0.7133,1089.51,382.73,0.6193,1071.90,380.77,0.8000,1072.88,403.76,0.7363,1056.74,406.20,0.7998,1053.31,426.75,0.5979,1037.66,434.08,0.7248,1053.31,449.73,0.4447,1031.30,461.96,0.6522,1043.53,447.78,0.6700,1018.59,444.35,0.6563,1065.54,479.08,0.8155,996.09,486.42,0.6975,1056.74,522.12,0.7722,957.94,522.12,0.8018
45,bottom,0,995.75,687.20,1158.56,882.62,1097.30,705.94,0.9622,1097.83,703.29,0.5721,1098.36,704.35,0.6113,1085.64,709.65,0.6404,1105.25,711.77,0.7359,1065.50,735.62,0.8793,1117.97,740.92,0.9259,1046.42,775.37,0.7936,1134.40,782.79,0.8226,1027.34,812.47,0.8977,1145.53,821.48,0.8071,1066.56,799.75,0.7016,1097.83,802.40,0.7196,1040.59,829.43,0.8195,1125.92,818.30,0.8459,1010.91,864.94,0.8523,1139.17,863.35,0.9336
46,top,1,949.50,358.02,1092.86,545.87,1082.78,378.21,0.7939,1086.51,374.01,0.7364,1079.04,373.08,0.7384,1087.91,378.68,0.6512,1069.24,375.41,0.8726,1073.44,399.21,0.7176,1051.98,401.08,0.7682,1051.04,423.01,0.5377,1032.38,430.01,0.6974,1051.51,446.34,0.3584,1022.11,461.74,0.6070,1044.98,444.94,0.6784,1019.31,442.14,0.6099,1066.44,477.14,0.8106,998.78,485.08,0.6585,1056.64,518.21,0.8051,961.91,521.01,0.7913
46,bottom,0,988.12,691.41,1150.52,881.14,1095.75,712.26,0.8909,1096.81,708.56,0.5253,1098.40,709.09,0.5322,1084.12,714.38,0.5869,1104.21,717.02,0.7568,1061.92,741.34,0.8365,1115.84,747.15,0.9194,1045.53,779.40,0.8219,1133.82,787.33,0.8176,1025.97,813.77,0.8642,1145.45,824.34,0.8682,1064.56,806.89,0.6857,1096.28,807.95,0.6901,1039.72,828.57,0.7832,1123.77,821.17,0.8500,1006.41,863.99,0.8704,1132.23,861.87,0.9106
47,top,0,950.54,357.48,1090.81,544.49,1079.12,373.81,0.8283,1083.23,370.16,0.7452,1075.02,369.25,0.7867,1085.52,375.64,0.6709,1065.88,372.90,0.8861,1073.65,394.82,0.7336,1047.62,398.02,0.7999,1051.27,417.65,0.5355,1028.89,425.87,0.7147,1051.27,443.22,0.3812,1018.85,457.38,0.6373,1045.79,443.22,0.7108,1019.76,440.48,0.6173,1066.80,476.56,0.8238,1004.24,482.95,0.6337,1057.66,518.11,0.8022,964.51,522.22,0.8180
47,bottom,1,990.02,695.17,1151.86,881.23,1095.70,717.07,0.8947,1097.28,713.39,0.5542,1097.28,714.44,0.5498,1082.53,718.13,0.6134,1104.13,720.76,0.7782,1062.51,746.05,0.8497,1116.25,750.79,0.9066,1046.71,781.35,0.8314,1136.27,789.25,0.8250,1025.11,815.07,0.8583,1145.23,821.92,0.8694,1066.73,812.43,0.7177,1097.28,812.43,0.7168,1040.38,824.02,0.7916,1118.36,812.96,0.8082,1007.72,862.48,0.8968,1131.53,857.74,0.8889
48,top,1,952.32,356.34,1088.12,546.08,1075.34,371.54,0.9080,1079.05,368.30,0.7661,1071.17,367.37,0.8551,1081.36,373.39,0.6942,1062.83,370.61,0.9266,1075.80,390.99,0.8322,1044.31,395.63,0.8048,1055.42,414.62,0.5746,1026.70,423.42,0.7255,1054.03,441.49,0.4461,1016.98,452.60,0.6368,1047.09,442.87,0.7219,1020.68,440.56,0.6508,1066.08,480.40,0.8349,1003.08,485.03,0.6838,1060.98,525.79,0.8281,965.56,523.94,0.8236
48,bottom,0,989.56,693.52,1149.96,881.09,1098.48,715.77,0.9547,1099.00,712.12,0.5415,1100.05,712.64,0.5719,1087.51,717.34,0.6018,1106.31,719.95,0.6878,1065.06,745.01,0.8684,1118.32,748.67,0.9400,1050.44,778.95,0.8523,1138.69,786.78,0.8429,1026.42,812.89,0.8704,1143.91,816.55,0.8646,1069.76,811.33,0.7504,1100.05,812.37,0.7300,1041.04,825.42,0.7994,1119.37,811.85,0.8332,1006.58,862.50,0.9049,1131.38,857.80,0.9046
49,top,1,951.78,356.67,1085.51,546.27,1071.88,370.93,0.9552,1075.58,368.15,0.8410,1067.71,367.22,0.8941,1077.89,373.70,0.7325,1059.84,370.93,0.8992,1074.65,392.22,0.8642,1041.79,395.00,0.8423,1065.86,416.75,0.7001,1023.73,423.23,0.7712,1063.08,443.14,0.5631,1012.16,452.86,0.6818,1046.88,446.38,0.7507,1022.81,444.99,0.7048,1065.39,482.48,0.8351,1002.44,487.11,0.6870,1059.38,527.85,0.8562,966.33,525.07,0.8638
49,bottom,0,990.19,689.51,1149.02,881.37,1103.21,711.51,0.9877,1104.25,707.89,0.5289,1103.21,707.89,0.5997,1091.84,714.09,0.6292,1110.97,716.16,0.6229,1071.16,740.46,0.8949,1122.34,743.56,0.9461,1056.16,775.62,0.8396,1141.47,782.34,0.8710,1031.86,805.61,0.8627,1140.44,809.23,0.7796,1074.78,805.09,0.7557,1105.28,807.16,0.7444,1043.24,825.25,0.8120,1124.41,813.36,0.8398,1007.56,861.96,0.9003,1131.13,858.86,0.9122
50,top,1,953.05,358.07,1084.51,546.37,1068.89,370.85,0.9556,1072.11,368.09,0.8609,1064.29,367.17,0.9298,1074.87,373.61,0.7827,1056.48,371.77,0.8897,1074.41,393.38,0.9003,1038.55,395.22,0.8441,1067.05,415.90,0.7692,1020.62,422.80,0.8010,1067.97,442.57,0.6645,1010.51,451.76,0.7453,1047.28,448.08,0.7603,1022.92,447.62,0.7039,1065.67,483.48,0.8262,1000.39,489.46,0.6877,1059.24,528.07,0.8601,966.83,526.24,0.8587
50,bottom,0,991.17,683.02,1148.36,883.45,1109.17,703.41,0.9868,1110.70,700.85,0.5682,1108.14,701.37,0.5876,1098.42,706.48,0.7458,1117.35,710.06,0.6182,1076.93,733.09,0.9163,1128.10,737.18,0.9522,1064.65,768.40,0.8141,1143.45,777.10,0.9033,1037.53,798.08,0.8274,1134.75,798.59,0.8207,1081.53,798.59,0.7618,1113.77,800.12,0.7569,1045.71,828.27,0.8127,1126.05,814.96,0.8279,1009.38,864.09,0.8822,1132.70,858.97,0.9642
51,top,1,952.11,358.22,1084.42,546.62,1065.64,371.47,0.9643,1069.32,368.25,0.9130,1061.50,367.33,0.9673,1072.08,374.23,0.8320,1053.68,372.39,0.8949,1073.00,394.46,0.8972,1035.28,395.38,0.8391,1067.48,420.68,0.7888,1018.26,423.44,0.8044,1072.54,450.12,0.6987,1008.14,452.42,0.7528,1047.24,449.20,0.7657,1021.48,448.74,0.7078,1065.64,484.16,0.8180,998.49,489.68,0.6982,1059.20,528.32,0.8540,965.83,527.40,0.8674
51,bottom,0,1000.28,676.53,1149.53,885.18,1116.17,696.30,0.9663,1118.20,693.75,0.6484,1116.67,693.75,0.6551,1104.96,698.84,0.8265,1124.32,701.90,0.6777,1083.06,725.84,0.8680,1133.48,730.43,0.9233,1070.32,761.50,0.8023,1144.18,769.65,0.8786,1043.83,791.55,0.7879,1133.48,787.48,0.7419,1087.64,792.57,0.7127,1121.77,793.08,0.7565,1053.00,826.70,0.7753,1128.39,814.99,0.8128,1020.40,866.94,0.8433,1134.50,858.79,0.9019
52,top,1,950.67,355.45,1085.46,546.13,1061.83,371.19,0.9690,1065.55,367.93,0.9162,1057.64,367.00,0.9602,1069.28,373.51,0.8436,1050.19,371.65,0.8713,1070.67,394.46,0.8690,1032.50,394.00,0.8157,1067.88,420.53,0.8192,1015.74,422.39,0.8092,1074.86,450.79,0.7268,1005.50,450.79,0.7449,1045.53,448.46,0.7582,1019.46,447.07,0.7062,1065.09,483.84,0.8141,996.19,488.96,0.6830,1059.03,528.07,0.8597,964.53,527.14,0.8669
52,bottom,0,1016.73,673.36,1150.26,893.21,1124.82,691.51,0.9601,1126.97,689.90,0.6352,1125.90,689.90,0.6602,1113.01,693.65,0.8218,1132.34,697.95,0.7143,1089.40,719.42,0.8420,1140.39,726.93,0.8738,1075.44,755.91,0.8117,1144.68,765.57,0.7792,1049.14,784.36,0.7899,1131.26,772.01,0.4413,1096.38,786.51,0.7310,1128.04,788.12,0.7775,1062.56,823.00,0.7680,1132.87,815.49,0.7822,1036.26,869.16,0.8452,1136.09,856.82,0.8612
53,top,1,950.12,355.96,1085.24,546.00,1057.58,370.71,0.9824,1061.30,367.47,0.9340,1053.87,367.00,0.9265,1065.47,373.50,0.8906,1045.98,370.71,0.8672,1068.26,393.91,0.8721,1028.35,392.52,0.8023,1066.86,420.82,0.8191,1012.11,421.29,0.8043,1074.75,450.05,0.7462,1001.91,449.13,0.7451,1043.20,448.66,0.7550,1016.29,446.81,0.7104,1063.15,484.39,0.7908,993.56,488.10,0.7215,1058.51,528.47,0.8612,963.86,527.07,0.8810
53,bottom,0,1033.43,670.40,1152.77,896.37,1132.27,690.70,0.9375,1135.03,688.49,0.6072,1133.92,689.04,0.6802,1120.68,691.25,0.7888,1139.99,696.77,0.7164,1095.86,715.52,0.8443,1146.06,724.35,0.8741,1081.51,750.83,0.7859,1146.06,760.21,0.7492,1052.82,779.52,0.8140,1119.58,758.01,0.3751,1103.58,786.14,0.7206,1133.92,786.69,0.7687,1072.13,820.90,0.7714,1137.23,815.38,0.8057,1055.58,873.31,0.8699,1140.54,860.62,0.8759
54,top,1,950.01,354.52,1085.78,546.06,1053.43,369.39,0.9339,1057.18,366.12,0.9405,1049.69,366.12,0.8958,1060.92,371.73,0.8709,1041.74,369.86,0.8819,1064.66,392.77,0.8554,1023.98,390.90,0.8026,1065.13,419.90,0.8066,1007.61,419.90,0.8018,1072.61,448.42,0.7424,998.26,447.95,0.7563,1041.28,447.48,0.7635,1014.16,445.61,0.7197,1060.92,484.43,0.7809,990.78,486.76,0.7386,1058.58,528.38,0.8705,963.19,527.45,0.8935
54,bottom,0,1035.99,671.21,1158.72,898.37,1140.06,691.06,0.8715,1140.61,688.29,0.6005,1141.72,688.84,0.6084,1127.86,691.62,0.8159,1147.82,697.72,0.6859,1103.45,715.46,0.8369,1152.26,724.89,0.8411,1087.93,750.40,0.7566,1146.16,754.84,0.6289,1056.31,775.36,0.8167,1116.21,749.85,0.3949,1110.11,788.12,0.7111,1140.06,788.12,0.7716,1079.61,821.95,0.7898,1139.50,816.40,0.8017,1077.39,879.07,0.8532,1146.71,865.76,0.8592
55,top,0,949.85,352.81,1085.20,546.03,1049.13,368.28,0.9082,1052.90,365.45,0.9057,1045.36,364.98,0.8981,1056.68,371.11,0.8346,1036.86,368.75,0.9212,1060.92,392.34,0.8555,1018.94,390.45,0.8081,1061.87,418.29,0.8213,1002.43,418.76,0.7826,1069.41,445.18,0.7841,993.46,448.01,0.7259,1038.28,447.06,0.7574,1010.45,445.65,0.7045,1058.56,483.86,0.7759,988.75,486.69,0.7527,1058.56,528.20,0.8836,962.80,527.26,0.8963
55,bottom,1,1040.99,674.63,1166.91,891.52,1146.31,693.59,0.8612,1145.25,690.94,0.5733,1150.01,691.47,0.5960,1135.19,694.65,0.7973,1155.31,700.47,0.7264,1111.36,717.41,0.8352,1159.02,726.42,0.8545,1095.48,751.30,0.7538,1147.37,749.71,0.5860,1062.12,773.54,0.8043,1119.83,742.83,0.4260,1117.19,791.02,0.7346,1145.25,790.49,0.7963,1087.53,826.49,0.8208,1141.01,821.73,0.8167,1096.00,878.91,0.8952,1151.60,871.50,0.8993
56,top,1,949.67,352.30,1085.00,546.03,1043.35,368.29,0.9362,1047.13,365.45,0.8715,1039.56,364.50,0.8686,1050.91,371.13,0.8142,1031.52,368.29,0.9454,1056.12,391.46,0.8642,1014.02,389.57,0.8247,1058.01,417.48,0.8338,997.00,418.90,0.8095,1066.05,443.02,0.7942,989.43,448.69,0.7271,1034.83,446.80,0.7681,1006.93,445.38,0.7314,1055.64,484.64,0.7901,987.06,487.48,0.7804,1058.48,528.15,0.8953,962.47,527.21,0.8906
56,bottom,0,1046.66,678.81,1172.55,898.71,1152.56,695.88,0.7877,1152.56,693.20,0.5565,1154.71,693.20,0.5532,1141.82,697.49,0.7604,1162.22,702.86,0.7395,1118.74,720.58,0.8061,1165.44,728.09,0.8576,1104.24,755.47,0.7305,1153.10,750.64,0.6188,1066.66,771.58,0.7661,1127.33,745.27,0.4361,1123.03,794.13,0.7236,1149.87,793.05,0.7826,1093.50,837.61,0.7992,1140.21,823.66,0.8212,1112.29,877.34,0.8115,1150.95,873.05,0.8247
57,top,0,949.64,350.30,1084.46,546.88,1038.65,367.01,0.9058,1042.01,364.13,0.8848,1034.81,363.65,0.8401,1045.85,369.41,0.8268,1027.13,367.49,0.9403,1050.64,390.04,0.8773,1008.89,389.08,0.8508,1052.56,416.44,0.8443,992.09,417.88,0.8366,1060.24,440.43,0.8103,984.90,448.11,0.7416,1030.97,445.71,0.7760,1003.13,444.27,0.7599,1051.60,484.11,0.7967,985.86,487.46,0.7961,1058.80,528.26,0.9065,961.86,527.30,0.8809
57,bottom,1,1052.52,679.75,1178.63,891.03,1157.87,697.70,0.8604,1156.84,695.12,0.5701,1159.42,695.12,0.5791,1148.07,699.25,0.7987,1168.71,704.92,0.6841,1125.38,722.97,0.8363,1169.74,729.16,0.8923,1112.48,759.08,0.7777,1156.84,752.38,0.6433,1071.73,766.82,0.8300,1133.11,741.03,0.4308,1127.96,796.74,0.7797,1153.75,795.19,0.8237,1102.16,849.35,0.8134,1141.37,826.14,0.8147,1125.89,880.30,0.7923,1152.20,874.11,0.8408
58,top,0,949.92,349.49,1084.23,546.85,1032.50,366.26,0.9245,1035.87,363.37,0.8857,1029.12,362.89,0.8914,1040.21,368.67,0.8146,1021.90,367.22,0.9379,1045.99,388.91,0.8869,1003.59,388.91,0.8344,1047.92,414.44,0.8195,986.72,417.82,0.8356,1054.66,439.50,0.8014,981.42,447.69,0.7197,1026.72,444.80,0.7806,998.77,443.35,0.7592,1047.92,483.83,0.8070,982.87,484.79,0.7934,1058.52,528.16,0.9062,961.18,527.68,0.8759
58,bottom,1,1057.57,682.02,1182.87,923.80,1156.23,698.43,0.8064,1156.82,696.07,0.6727,1156.82,695.47,0.6896,1155.05,701.97,0.7858,1166.85,705.51,0.7283,1130.26,726.17,0.8229,1174.53,729.12,0.9013,1117.86,761.59,0.8121,1160.36,748.60,0.5898,1077.13,759.82,0.7616,1137.34,742.11,0.4482,1131.44,798.78,0.8046,1157.41,798.78,0.8157,1113.73,858.40,0.8017,1144.42,828.29,0.7844,1138.52,889.09,0.7377,1153.87,873.15,0.7597
59,top,0,951.05,349.16,1080.87,546.48,1028.00,364.96,0.9506,1031.37,362.07,0.9219,1024.15,361.59,0.8788,1035.23,367.37,0.8276,1016.92,365.93,0.9357,1041.01,387.12,0.8967,999.58,387.60,0.8423,1043.90,413.62,0.8344,982.72,416.99,0.8503,1049.68,438.67,0.8095,977.90,446.86,0.7360,1023.66,443.00,0.7892,995.72,442.04,0.7728,1043.90,483.47,0.8019,979.83,483.95,0.8039,1057.87,527.79,0.9068,961.04,528.27,0.8583
59,bottom,1,1064.27,683.25,1188.37,936.24,1157.82,698.57,0.7686,1160.29,696.72,0.6889,1160.29,696.10,0.6508,1159.06,702.90,0.7567,1171.41,705.98,0.7398,1134.97,727.60,0.8159,1177.59,729.45,0.8412,1121.38,763.43,0.7867,1165.23,743.04,0.5562,1083.70,755.40,0.7725,1146.09,731.31,0.4233,1136.82,799.87,0.7765,1160.29,799.87,0.7940,1125.70,859.16,0.7965,1149.79,833.84,0.7182,1150.41,898.07,0.7201,1155.97,877.07,0.6507
60,top,0,951.69,350.72,1076.19,546.38,1023.49,364.48,0.9176,1027.31,361.13,0.9051,1019.67,361.13,0.8454,1031.61,366.39,0.8432,1012.98,364.96,0.9032,1037.82,385.97,0.8852,995.79,386.45,0.8263,1040.21,413.20,0.8023,980.02,417.02,0.8236,1045.47,439.00,0.7885,975.25,448.07,0.6976,1020.63,441.86,0.7582,992.92,440.91,0.7432,1041.17,482.47,0.7852,978.59,483.42,0.7821,1054.06,526.89,0.8737,960.91,528.33,0.8269
60,bottom,1,1068.18,685.09,1191.15,940.41,1161.45,700.55,0.7618,1163.32,699.30,0.6626,1163.95,698.68,0.6045,1160.83,704.91,0.7542,1175.17,708.03,0.7416,1139.01,729.85,0.8243,1180.15,730.47,0.8249,1124.05,764.75,0.7847,1170.80,741.07,0.5333,1087.90,750.42,0.7895,1152.73,718.00,0.4171,1142.75,802.78,0.7843,1165.19,800.91,0.7912,1135.90,864.49,0.8067,1156.47,836.44,0.7077,1160.83,909.99,0.7542,1156.47,875.71,0.6939
61,top,1,951.55,350.10,1068.60,545.66,1019.62,363.85,0.8964,1023.44,360.99,0.8794,1016.28,360.51,0.8420,1028.22,365.76,0.8284,1009.60,364.33,0.8983,1034.90,385.34,0.8840,992.89,386.29,0.8298,1036.81,413.03,0.7988,977.13,417.32,0.8175,1041.59,441.20,0.7864,972.84,448.36,0.6941,1018.67,441.20,0.7596,990.98,440.24,0.7502,1039.20,481.78,0.8020,978.09,482.73,0.7876,1047.32,525.70,0.8989,960.42,528.57,0.8377
61,bottom,0,1075.25,685.69,1193.06,947.71,1161.02,703.47,0.7013,1161.66,702.83,0.6298,1164.22,701.55,0.5524,1161.02,708.59,0.7358,1177.65,713.07,0.7255,1141.83,734.18,0.8244,1179.57,732.90,0.7650,1125.20,766.80,0.7750,1182.13,735.46,0.5661,1092.57,744.41,0.8145,1164.86,713.71,0.3927,1149.51,805.83,0.7769,1170.62,803.91,0.7815,1144.39,871.08,0.7697,1158.46,849.97,0.5876,1171.90,915.86,0.7521,1157.82,878.75,0.5838
62,top,0,952.32,350.00,1057.36,544.88,1017.21,363.70,0.9254,1020.54,360.85,0.8850,1013.40,360.37,0.8481,1025.29,365.61,0.8071,1006.74,365.13,0.8724,1032.91,385.11,0.8883,990.09,387.02,0.8331,1034.81,414.14,0.7892,974.86,417.94,0.8152,1039.09,442.68,0.7529,971.06,450.29,0.6903,1017.21,440.78,0.7616,989.13,440.30,0.7503,1037.19,483.12,0.7958,977.24,483.60,0.7736,1036.24,523.56,0.8998,960.59,528.80,0.8763
62,bottom,1,1088.22,685.82,1198.01,947.62,1160.37,707.43,0.6934,1161.65,706.15,0.6237,1163.57,705.51,0.5286,1160.37,713.82,0.6823,1178.27,715.74,0.6340,1146.31,736.83,0.7825,1180.19,734.91,0.6998,1127.77,768.15,0.7764,1189.77,729.80,0.6518,1102.85,740.66,0.8468,1187.86,701.68,0.6049,1153.98,810.33,0.7391,1176.35,807.14,0.7653,1148.87,873.61,0.7309,1161.01,844.21,0.5357,1180.19,921.55,0.7641,1162.93,879.36,0.6045
63,top,0,950.40,351.82,1053.47,546.03,1015.21,364.53,0.9210,1018.53,361.21,0.8819,1011.42,361.21,0.8529,1023.27,365.95,0.8014,1004.31,365.48,0.8822,1030.38,385.39,0.8841,987.71,387.76,0.8206,1033.23,414.79,0.7692,973.01,418.11,0.8163,1037.02,443.71,0.7186,969.69,448.93,0.7014,1016.16,440.87,0.7412,987.71,440.87,0.7253,1034.18,482.59,0.7895,976.80,483.54,0.7591,1031.33,524.32,0.8723,960.21,529.06,0.8695
63,bottom,1,1100.75,675.48,1204.83,948.76,1167.47,711.37,0.6420,1163.47,708.04,0.5321,1168.81,709.37,0.4226,1162.13,714.71,0.7030,1179.48,718.04,0.6002,1149.46,739.39,0.7393,1182.15,734.06,0.7074,1132.78,767.42,0.8001,1198.16,728.72,0.8416,1116.10,736.72,0.8458,1191.49,700.03,0.7682,1156.80,813.45,0.7437,1179.48,811.45,0.7614,1150.79,872.83,0.7270,1164.80,843.48,0.6017,1180.15,924.21,0.7773,1172.81,886.84,0.6493
64,top,0,949.96,351.82,1053.81,546.21,1013.75,365.49,0.9567,1017.07,362.16,0.9270,1009.95,362.16,0.8651,1021.34,367.38,0.8179,1002.36,366.91,0.9152,1029.41,386.84,0.8746,986.22,389.22,0.8140,1032.73,415.79,0.7922,971.98,419.12,0.8107,1036.05,444.74,0.7440,968.19,449.96,0.6971,1015.17,441.90,0.7406,986.70,441.42,0.7283,1032.73,483.19,0.7759,975.31,484.61,0.7492,1030.83,525.43,0.8756,960.12,529.22,0.8685
64,bottom,1,1123.70,666.54,1213.59,950.18,1168.65,710.72,0.6102,1167.26,707.25,0.5663,1165.18,707.25,0.4542,1164.49,713.49,0.6699,1182.50,716.26,0.5766,1152.72,738.42,0.7646,1186.65,730.80,0.7308,1138.87,764.73,0.8436,1203.96,723.87,0.8895,1129.87,728.03,0.8621,1199.12,694.10,0.8386,1156.87,815.28,0.7932,1179.03,812.51,0.7995,1152.03,872.76,0.7937,1170.03,844.37,0.7383,1181.11,924.70,0.7917,1183.88,894.23,0.7818
65,top,0,949.78,351.94,1053.39,545.78,1012.00,366.52,0.9446,1015.31,363.21,0.9280,1008.21,363.21,0.8509,1019.57,368.41,0.8418,1000.64,367.94,0.9308,1027.61,387.81,0.8750,985.02,389.71,0.8170,1032.35,416.21,0.8109,970.35,419.52,0.8077,1036.13,445.55,0.7615,966.09,450.75,0.6925,1014.36,442.71,0.7419,985.97,442.71,0.7317,1031.87,483.41,0.7871,974.14,484.83,0.7566,1030.93,525.52,0.8824,959.94,529.78,0.8731
65,bottom,1,1132.27,660.16,1223.70,948.60,1173.06,710.72,0.5458,1170.24,707.20,0.4173,1172.35,707.91,0.3556,1166.72,712.13,0.5510,1185.73,714.25,0.4666,1152.63,732.55,0.6638,1191.37,727.63,0.6456,1140.66,753.68,0.5964,1208.97,718.47,0.8050,1147.71,719.17,0.6072,1207.56,688.19,0.8101,1153.34,807.20,0.7242,1178.69,804.38,0.7077,1155.45,867.06,0.7637,1175.87,846.64,0.7307,1177.28,920.58,0.7703,1189.96,896.63,0.7365
66,top,0,950.33,351.40,1053.45,545.67,1010.43,366.48,0.9125,1014.22,363.63,0.9181,1007.11,363.16,0.8338,1018.49,368.38,0.8431,1000.00,367.90,0.9225,1026.08,388.30,0.8662,983.39,390.20,0.8172,1031.77,415.81,0.8141,969.17,421.03,0.8078,1036.52,445.22,0.7564,965.37,452.33,0.6845,1013.28,442.84,0.7381,984.82,442.84,0.7376,1031.30,483.16,0.7843,973.91,485.06,0.7526,1030.83,525.37,0.8867,960.15,529.17,0.8506
66,bottom,1,1128.50,655.60,1229.38,946.18,1185.32,707.24,0.5531,1179.65,705.12,0.4549,1190.29,706.53,0.3578,1176.10,707.95,0.5772,1196.68,710.79,0.5267,1159.79,724.98,0.5933,1196.68,728.53,0.6279,1140.63,738.46,0.4510,1212.28,714.34,0.7597,1156.95,724.27,0.3249,1212.28,683.12,0.7531,1150.56,802.31,0.6980,1176.81,800.18,0.7002,1156.95,861.19,0.7544,1180.36,845.59,0.7614,1176.10,918.66,0.8021,1194.55,900.21,0.7556
67,top,0,950.42,349.85,1052.94,545.94,1008.86,366.03,0.8984,1012.69,363.16,0.9074,1005.51,362.68,0.8298,1017.00,367.95,0.8556,998.33,366.99,0.9074,1025.14,387.10,0.8645,982.06,389.49,0.8233,1031.36,414.86,0.8240,968.17,420.13,0.8123,1036.63,444.07,0.7586,963.86,450.77,0.7045,1011.74,442.63,0.7441,983.97,442.63,0.7410,1030.41,483.80,0.7950,973.44,484.76,0.7600,1030.88,525.45,0.8882,960.51,529.28,0.8578
67,bottom,1,1129.15,651.20,1235.17,946.49,1196.58,704.40,0.5907,1187.21,700.80,0.4889,1200.91,702.96,0.4002,1183.60,705.12,0.6300,1205.95,710.89,0.6564,1164.86,719.54,0.6259,1200.91,728.19,0.7015,1136.02,717.38,0.7127,1209.56,709.45,0.6137,1166.30,712.33,0.5878,1214.60,682.77,0.7110,1150.44,795.24,0.7083,1176.39,794.52,0.7027,1156.93,856.52,0.7649,1185.05,847.14,0.7959,1172.79,914.19,0.8109,1200.19,901.93,0.7731
68,top,0,950.75,348.62,1053.38,545.82,1008.80,364.89,0.8938,1011.69,361.52,0.8968,1004.95,361.52,0.8375,1016.03,366.34,0.8602,997.73,365.86,0.8946,1023.73,386.08,0.8695,980.88,388.48,0.8331,1030.95,413.04,0.8238,967.40,418.81,0.8195,1037.21,441.92,0.7812,962.58,449.63,0.7071,1011.21,442.89,0.7639,983.29,442.89,0.7466,1028.06,484.29,0.7935,972.70,485.74,0.7602,1030.47,525.21,0.8959,960.66,528.58,0.8774
68,bottom,1,1132.73,651.72,1236.58,943.29,1200.31,707.81,0.6295,1193.19,702.83,0.4450,1204.58,707.10,0.4699,1186.08,705.67,0.6461,1206.72,713.51,0.6230,1163.30,713.51,0.7064,1203.16,729.88,0.6893,1144.08,692.86,0.7867,1207.43,707.10,0.5590,1177.53,692.86,0.5276,1214.55,684.32,0.6885,1150.48,790.39,0.7130,1176.82,790.39,0.7061,1154.04,854.45,0.7577,1189.64,848.76,0.7729,1168.28,910.69,0.8366,1204.58,901.43,0.8033
69,top,1,950.36,347.07,1053.97,545.21,1007.49,363.42,0.8836,1010.87,360.52,0.8819,1003.62,360.04,0.8480,1014.74,365.36,0.8681,996.36,364.39,0.8805,1023.45,385.19,0.8570,979.91,387.61,0.8276,1030.22,412.28,0.8185,966.37,417.60,0.8175,1037.00,440.34,0.7849,961.53,448.08,0.7115,1009.91,442.76,0.7467,982.33,442.76,0.7308,1026.84,483.87,0.7740,971.21,484.84,0.7589,1030.71,524.51,0.8978,960.08,528.38,0.8786
69,bottom,0,1132.18,654.05,1236.99,942.82,1205.03,707.49,0.6685,1201.50,702.55,0.4698,1207.14,706.78,0.4737,1193.75,706.78,0.6109,1209.96,715.95,0.5918,1168.37,718.06,0.6975,1205.03,732.87,0.7121,1157.09,687.75,0.5765,1207.85,707.49,0.5450,1163.43,686.34,0.4848,1215.60,683.52,0.6273,1151.45,788.57,0.6881,1178.24,789.98,0.6899,1149.33,852.72,0.7896,1193.75,851.31,0.7840,1163.43,909.83,0.8185,1209.26,904.89,0.8095
70,top,0,947.84,347.79,1053.44,544.46,1005.92,363.06,0.8860,1009.76,360.18,0.8752,1002.56,359.70,0.8486,1014.09,364.98,0.8676,995.36,364.50,0.8963,1022.25,384.67,0.8563,979.04,387.07,0.8257,1029.93,411.56,0.8120,965.11,418.28,0.8063,1037.13,439.40,0.7972,959.83,448.05,0.7033,1009.28,440.84,0.7423,980.96,440.84,0.7292,1027.53,483.10,0.7811,968.95,482.62,0.7671,1032.33,523.91,0.8846,957.43,527.75,0.8535
70,bottom,1,1130.27,634.86,1237.83,946.40,1205.35,707.73,0.7834,1203.06,706.21,0.5876,1208.39,706.97,0.5950,1196.22,707.73,0.7048,1210.67,717.62,0.6656,1171.12,716.09,0.7809,1209.15,738.91,0.8324,1153.63,686.43,0.8030,1211.43,710.77,0.5893,1158.19,656.01,0.8788,1218.28,685.67,0.7167,1152.10,789.87,0.7652,1180.25,792.91,0.7742,1145.26,852.24,0.8231,1197.74,852.24,0.8114,1156.67,909.28,0.8685,1212.19,906.24,0.8371
71,top,1,946.73,349.76,1052.73,544.14,1005.90,364.38,0.8658,1009.22,361.06,0.8563,1002.10,361.06,0.8260,1013.49,366.28,0.8515,994.98,365.80,0.8824,1022.03,385.74,0.8504,977.90,387.63,0.8121,1029.15,411.84,0.7997,964.61,418.48,0.8082,1037.22,439.36,0.8060,958.92,447.90,0.7054,1008.75,440.78,0.7480,979.80,440.78,0.7299,1029.15,481.60,0.7849,966.51,483.02,0.7344,1034.37,520.99,0.8862,954.17,527.63,0.7961
71,bottom,0,1129.20,625.91,1236.79,955.46,1207.94,711.84,0.7996,1207.94,710.23,0.5959,1209.55,711.84,0.5885,1199.09,711.84,0.7364,1215.18,721.49,0.6759,1176.56,720.69,0.7627,1214.38,743.22,0.8628,1154.84,690.92,0.8683,1211.96,720.69,0.6628,1154.03,652.30,0.8993,1218.40,690.92,0.7129,1154.03,793.10,0.7817,1183.00,796.32,0.7876,1141.16,851.03,0.8402,1200.70,858.27,0.8024,1148.40,910.57,0.8907,1215.99,914.59,0.8453
72,top,0,940.76,353.14,1055.59,542.90,1004.66,367.41,0.8626,1007.91,364.17,0.8688,1000.96,364.17,0.8226,1012.54,368.80,0.8409,994.01,368.34,0.8586,1020.88,387.79,0.8393,977.33,390.57,0.8068,1028.75,412.81,0.8037,963.89,421.15,0.7902,1036.63,440.61,0.8244,957.87,452.19,0.6879,1008.37,440.61,0.7411,979.18,440.61,0.7316,1031.07,481.84,0.7764,963.89,482.77,0.7466,1037.09,521.22,0.8560,948.61,527.70,0.7793
72,bottom,1,1126.06,644.97,1237.76,964.12,1209.96,718.06,0.8765,1209.18,716.50,0.6197,1210.74,717.28,0.6276,1200.61,717.28,0.7546,1216.19,724.29,0.6722,1180.35,728.96,0.7993,1219.31,750.78,0.9229,1153.86,702.47,0.8899,1213.07,734.42,0.6356,1147.62,667.41,0.8638,1217.75,701.69,0.6372,1155.41,800.65,0.8179,1185.02,806.88,0.8112,1136.71,852.86,0.8710,1202.17,869.22,0.8127,1139.83,910.52,0.9072,1217.75,925.32,0.8786
73,top,0,929.30,358.35,1062.35,548.04,1004.16,371.23,0.8685,1007.86,367.98,0.8953,1000.45,367.98,0.8488,1012.03,373.08,0.8281,993.50,372.15,0.8750,1020.83,392.07,0.8414,976.37,395.31,0.7992,1028.24,416.61,0.7992,963.87,424.48,0.7954,1036.57,443.93,0.8292,957.38,455.98,0.7028,1007.86,443.93,0.7155,978.69,443.93,0.7092,1030.55,482.84,0.7469,961.55,486.08,0.7158,1043.52,523.59,0.8352,940.25,526.83,0.7946
73,bottom,1,1118.16,683.07,1236.60,969.06,1212.99,728.32,0.9115,1212.29,724.83,0.5562,1212.99,726.92,0.5863,1202.52,726.22,0.7835,1222.07,735.30,0.7433,1180.87,736.70,0.8782,1224.16,759.74,0.8957,1152.24,719.24,0.7201,1208.80,766.02,0.6017,1139.68,698.99,0.7582,1186.46,736.70,0.3606,1157.13,813.50,0.8118,1186.46,819.78,0.8088,1134.09,857.49,0.8631,1203.21,881.23,0.7862,1130.60,910.55,0.8517,1217.18,941.27,0.9032
74,top,1,919.41,362.76,1069.82,552.55,1004.41,376.86,0.9417,1007.84,373.93,0.9401,1000.98,373.44,0.8880,1012.24,378.33,0.8581,993.64,377.84,0.9668,1020.08,397.92,0.8426,976.01,401.35,0.8072,1026.93,421.42,0.7969,963.77,430.23,0.7950,1036.73,448.84,0.8144,957.41,462.55,0.7265,1006.37,448.84,0.7372,977.97,449.33,0.7283,1032.32,485.56,0.7698,959.86,490.95,0.7599,1050.44,527.18,0.8709,932.44,532.08,0.8417
74,bottom,0,1110.30,715.58,1236.96,993.49,1216.37,735.80,0.9235,1217.73,732.41,0.5636,1217.73,735.12,0.5858,1204.84,734.44,0.7619,1225.19,743.94,0.8009,1181.09,748.69,0.7850,1227.91,773.12,0.8761,1141.74,735.12,0.4872,1212.98,780.58,0.5672,1131.56,738.51,0.4737,1191.27,756.15,0.3608,1159.38,822.65,0.7594,1189.23,831.47,0.7613,1132.92,862.00,0.7658,1204.84,897.28,0.7473,1120.71,914.24,0.7873,1214.34,961.06,0.8245
75,top,1,913.57,369.25,1069.03,552.74,1005.47,383.57,0.9039,1009.01,380.53,0.8566,1001.92,380.02,0.8720,1013.06,384.58,0.7990,994.84,384.07,0.9244,1020.14,404.31,0.8700,976.62,408.36,0.8166,1026.72,429.11,0.8138,964.48,436.70,0.7703,1039.37,456.44,0.7620,958.40,469.09,0.7203,1005.47,454.92,0.7428,978.14,455.43,0.7393,1034.82,487.31,0.7955,959.42,494.90,0.7833,1052.03,526.28,0.8698,925.51,532.86,0.8393
75,bottom,0,1092.74,728.88,1240.32,997.94,1218.42,748.46,0.9537,1218.42,745.17,0.6218,1221.05,746.49,0.5926,1207.26,748.46,0.7977,1227.62,755.68,0.7632,1182.95,761.59,0.7910,1230.91,785.24,0.8809,1141.57,762.25,0.6360,1221.71,797.72,0.6309,1142.23,791.15,0.6731,1200.69,778.02,0.3201,1160.62,837.79,0.7444,1191.49,846.33,0.7714,1133.69,871.95,0.8064,1207.26,909.39,0.8232,1112.01,919.24,0.8055,1207.91,975.08,0.9069
76,top,1,913.39,377.63,1069.18,551.16,1010.05,391.88,0.8641,1013.09,388.33,0.8225,1005.99,387.82,0.8188,1016.64,391.88,0.7840,998.38,391.37,0.8972,1021.71,412.16,0.8598,979.62,416.22,0.8182,1027.29,436.00,0.8066,967.96,445.63,0.7295,1042.00,461.86,0.7569,961.87,478.09,0.7099,1006.50,460.84,0.7335,978.61,461.86,0.7277,1037.94,488.23,0.7643,957.31,500.40,0.7972,1051.13,524.23,0.8598,925.36,533.87,0.8446
76,bottom,0,1091.13,739.16,1240.81,1000.95,1218.38,758.21,0.9416,1219.02,756.29,0.6268,1222.21,756.29,0.6131,1208.15,760.13,0.7468,1228.60,765.24,0.7865,1180.67,777.38,0.7515,1232.44,797.83,0.8796,1142.32,790.80,0.7595,1226.69,823.40,0.7489,1156.38,818.29,0.7478,1221.57,816.37,0.4726,1160.86,848.96,0.7258,1193.45,859.19,0.7277,1136.57,881.56,0.7924,1213.27,918.63,0.8246,1105.89,926.30,0.8012,1209.43,981.90,0.9236
77,top,1,912.84,380.79,1072.17,552.26,1015.85,395.47,0.8965,1018.96,391.84,0.8811,1012.22,391.32,0.8361,1022.59,395.47,0.7928,1003.92,394.43,0.8945,1025.18,416.73,0.8468,984.73,419.84,0.7901,1031.41,439.55,0.7843,973.84,448.89,0.7200,1047.48,465.48,0.7470,968.65,478.97,0.6862,1009.10,463.41,0.7023,981.10,464.97,0.6794,1040.74,484.67,0.7685,959.31,501.27,0.7408,1051.11,523.57,0.8458,924.57,534.46,0.8215
77,bottom,0,1089.55,745.84,1240.63,1000.60,1217.33,766.24,0.9153,1217.96,763.75,0.6402,1220.44,763.75,0.6406,1206.14,766.86,0.7690,1226.04,771.84,0.8060,1178.15,789.88,0.7494,1229.77,807.91,0.8266,1149.54,816.00,0.7820,1224.80,845.85,0.7870,1161.98,831.55,0.5727,1222.93,825.33,0.6471,1160.11,860.78,0.6879,1193.08,870.11,0.6917,1140.21,889.39,0.7465,1218.58,924.22,0.7827,1106.00,933.55,0.8028,1209.87,982.06,0.8931
78,top,1,913.24,380.08,1073.17,553.17,1024.44,393.74,0.8740,1028.08,390.10,0.8386,1020.27,389.58,0.8557,1031.21,394.26,0.8034,1011.95,392.70,0.8811,1032.77,415.61,0.8396,993.73,417.69,0.7584,1037.45,437.47,0.7597,979.67,445.80,0.7608,1055.15,462.98,0.7357,980.19,477.55,0.7133,1014.55,465.58,0.6960,988.00,467.66,0.6522,1048.91,489.53,0.7664,960.93,504.10,0.6973,1049.95,522.85,0.8388,925.01,534.30,0.8048
78,bottom,0,1088.93,749.01,1238.70,1000.97,1214.26,771.03,0.9536,1215.49,767.96,0.6841,1217.95,767.96,0.6934,1202.57,771.03,0.8224,1223.48,776.57,0.8235,1175.50,796.25,0.7857,1225.94,812.86,0.8547,1152.74,829.47,0.7720,1221.64,855.92,0.8102,1175.50,830.09,0.4468,1221.02,828.24,0.6500,1157.05,865.76,0.7263,1190.27,876.22,0.7280,1141.67,891.60,0.7289,1219.18,927.28,0.7954,1106.61,934.66,0.8178,1209.95,981.41,0.9055
79,top,1,913.24,378.40,1075.57,552.10,1036.15,391.27,0.8192,1039.85,387.57,0.7552,1032.45,387.05,0.8180,1042.49,391.27,0.7502,1022.94,390.22,0.8338,1043.55,412.94,0.8377,1004.98,412.41,0.7550,1049.89,435.66,0.7742,989.12,439.89,0.7804,1068.39,461.55,0.7797,993.35,472.65,0.7246,1022.42,465.25,0.6976,998.64,466.84,0.6243,1056.76,494.31,0.7900,972.22,505.94,0.6272,1049.36,520.73,0.8212,930.47,532.89,0.7761
79,bottom,0,1091.01,747.94,1238.29,1000.84,1207.87,770.04,1.0166,1210.34,768.19,0.6951,1207.87,767.57,0.6932,1197.99,771.89,0.7994,1217.75,776.21,0.7822,1172.68,797.21,0.8306,1222.69,812.03,0.9081,1148.60,831.17,0.8113,1217.75,850.93,0.8013,1167.74,838.58,0.4606,1203.55,850.31,0.4469,1155.39,863.89,0.7534,1188.73,874.39,0.7681,1139.34,885.50,0.7614,1216.52,926.26,0.8137,1107.23,931.81,0.8423,1209.73,981.21,0.9398
80,top,1,915.26,376.93,1088.71,550.35,1049.42,391.37,0.8481,1053.37,387.98,0.8073,1046.03,386.29,0.8316,1056.19,391.93,0.7794,1036.43,388.55,0.8514,1054.50,413.39,0.8360,1017.80,410.57,0.7546,1064.10,438.23,0.7855,999.73,436.54,0.7620,1082.73,463.07,0.8021,1008.76,468.72,0.7468,1032.48,466.46,0.7557,1009.89,466.46,0.6849,1064.10,500.34,0.8459,983.92,508.24,0.6661,1049.98,526.31,0.7773,938.19,534.22,0.7719
80,bottom,0,1100.74,744.15,1237.94,1000.25,1199.98,765.28,0.9372,1202.48,762.78,0.5844,1201.23,762.78,0.6621,1188.10,767.78,0.7633,1209.36,770.28,0.8536,1165.59,794.67,0.8110,1216.86,805.30,0.8892,1143.08,828.43,0.7600,1211.86,844.06,0.7500,1163.71,835.31,0.5058,1193.10,842.81,0.4168,1152.46,861.57,0.7290,1184.35,871.57,0.7227,1133.08,882.20,0.7701,1211.23,923.47,0.8221,1111.82,930.35,0.8217,1209.36,980.37,0.9092
81,top,1,932.14,378.80,1100.49,543.17,1064.54,394.67,0.8270,1067.83,391.38,0.8144,1061.25,389.19,0.7854,1070.02,395.77,0.7048,1050.84,391.38,0.8258,1066.73,416.05,0.8219,1033.30,411.66,0.7517,1076.60,441.26,0.7639,1015.77,437.42,0.7671,1093.04,463.73,0.7251,1029.47,465.92,0.7685,1040.43,467.56,0.7281,1017.96,467.01,0.6763,1068.38,503.73,0.7926,997.13,512.50,0.6768,1048.10,527.30,0.7844,954.39,532.23,0.7321
81,bottom,0,1102.60,736.27,1238.28,998.30,1191.55,757.89,0.8512,1190.27,754.05,0.5689,1195.39,754.05,0.6145,1178.76,759.81,0.7910,1199.23,761.73,0.8187,1157.65,787.32,0.8233,1208.82,793.72,0.9030,1134.62,821.86,0.7689,1204.99,829.54,0.7533,1156.37,834.02,0.5222,1192.83,853.85,0.5339,1146.77,852.57,0.7164,1179.40,862.17,0.6901,1126.94,881.36,0.7639,1200.51,917.82,0.8091,1116.06,934.46,0.7922,1206.90,976.68,0.8562
82,top,1,964.23,381.98,1110.39,548.00,1079.66,399.33,0.8261,1082.51,395.52,0.7284,1075.85,394.09,0.7787,1084.42,399.33,0.6093,1064.91,395.52,0.8421,1078.71,420.74,0.8027,1048.26,415.51,0.7215,1087.75,447.38,0.7386,1030.65,444.05,0.7464,1105.35,471.17,0.7215,1049.68,468.79,0.6696,1044.45,469.27,0.6667,1024.47,466.89,0.6492,1071.57,505.43,0.7634,1017.33,511.14,0.7177,1049.21,525.89,0.6551,978.31,525.89,0.7060
82,bottom,0,1102.14,724.08,1237.02,993.08,1184.03,748.90,0.8054,1182.72,744.31,0.5813,1187.97,744.96,0.5592,1170.90,749.56,0.7848,1191.26,752.85,0.7613,1149.88,778.46,0.8030,1199.79,784.37,0.8845,1126.24,812.61,0.8312,1195.85,819.83,0.7836,1145.28,828.37,0.5930,1186.66,852.01,0.6705,1140.69,844.79,0.7498,1171.55,852.01,0.7140,1124.27,882.88,0.8099,1189.29,911.12,0.7857,1115.07,934.11,0.8002,1205.71,966.95,0.8243
83,top,1,1005.89,388.37,1115.36,541.83,1093.97,405.16,0.7770,1096.59,402.16,0.7068,1090.60,401.04,0.7110,1098.09,406.66,0.5333,1079.36,401.78,0.7494,1089.47,425.76,0.7288,1063.62,420.89,0.6566,1098.09,454.99,0.6874,1046.01,451.24,0.6234,1115.32,478.96,0.7319,1065.87,470.72,0.5216,1051.26,467.35,0.5596,1030.65,466.23,0.6647,1075.98,503.69,0.6893,1038.14,509.69,0.5820,1049.38,524.67,0.6445,1005.55,525.42,0.6726
83,bottom,0,1102.31,714.59,1230.87,988.14,1177.94,739.17,0.8061,1177.94,735.16,0.5758,1181.28,735.83,0.5564,1164.59,741.17,0.7685,1183.29,743.17,0.7462,1142.55,768.55,0.7895,1191.30,774.56,0.8543,1117.17,800.61,0.8504,1189.30,808.62,0.8025,1134.53,819.98,0.6872,1183.96,842.68,0.7328,1133.87,836.01,0.7449,1165.26,841.35,0.7020,1123.18,881.42,0.8071,1181.28,901.46,0.7903,1115.17,934.18,0.8210,1197.98,956.89,0.8208
84,top,1,1021.74,396.88,1122.04,538.93,1105.87,412.42,0.7569,1107.95,409.64,0.7096,1103.10,408.26,0.7242,1110.73,413.46,0.4704,1091.66,408.95,0.7300,1097.55,428.02,0.6623,1077.78,426.63,0.6573,1103.79,457.50,0.6433,1065.65,461.31,0.6205,1118.01,479.35,0.6883,1089.57,479.35,0.4462,1056.28,466.86,0.5461,1037.21,465.48,0.6522,1081.95,502.24,0.6639,1058.36,500.50,0.5139,1051.77,523.39,0.6574,1027.85,532.06,0.6166
84,bottom,0,1101.13,705.92,1212.61,981.56,1173.69,730.01,0.7414,1172.35,725.30,0.5386,1177.06,725.97,0.5669,1159.56,731.35,0.7411,1177.73,732.70,0.7372,1136.68,757.60,0.7696,1185.13,763.66,0.8491,1109.09,787.21,0.8258,1185.13,796.63,0.7752,1125.91,810.09,0.7052,1181.10,831.63,0.7432,1127.26,829.61,0.7377,1158.21,833.64,0.7037,1124.57,880.08,0.8109,1176.38,890.17,0.7826,1115.15,934.59,0.8363,1185.13,950.07,0.8270
85,top,1,1029.74,401.67,1136.17,554.14,1117.94,419.09,0.7935,1119.81,416.11,0.7171,1115.34,414.62,0.7540,1121.67,420.21,0.3895,1104.17,416.49,0.7238,1103.43,432.86,0.6181,1092.26,434.73,0.6538,1109.38,462.27,0.6394,1085.56,470.83,0.5416,1125.02,482.00,0.6254,1110.13,484.98,0.4405,1060.99,465.25,0.5344,1046.85,465.25,0.6363,1087.42,501.35,0.5751,1081.47,495.77,0.4310,1050.20,525.18,0.6206,1053.18,525.18,0.5252
85,bottom,0,1096.39,695.11,1193.44,971.84,1171.94,719.29,0.7888,1171.27,715.24,0.5530,1173.29,715.24,0.6795,1155.73,720.65,0.7391,1173.29,722.00,0.8134,1132.08,746.99,0.7768,1180.05,752.40,0.8891,1103.03,773.34,0.8324,1182.75,784.83,0.7901,1117.89,801.04,0.7530,1179.37,818.61,0.7855,1120.60,820.64,0.7470,1151.00,823.34,0.7298,1124.65,875.36,0.8292,1171.94,880.09,0.8421,1113.84,934.14,0.8270,1171.94,942.92,0.8316
86,top,1,1037.80,410.82,1149.14,540.87,1128.99,428.36,0.8558,1131.53,424.38,0.5969,1127.90,422.56,0.7253,1134.43,426.55,0.2709,1115.94,423.29,0.6093,1109.06,432.35,0.6979,1105.43,438.87,0.7452,1116.30,468.23,0.6735,1108.33,475.84,0.5974,1134.06,488.89,0.5941,1131.53,490.70,0.5319,1067.38,464.61,0.5933,1056.50,465.33,0.7424,1094.20,498.32,0.5565,1092.75,499.04,0.5616,1053.60,521.15,0.5086,1090.93,536.73,0.4979
86,bottom,0,1093.17,684.85,1188.93,959.97,1168.59,708.90,0.7646,1167.92,704.19,0.5236,1170.60,704.87,0.6600,1151.80,709.57,0.7462,1170.60,710.91,0.8240,1128.29,735.09,0.7626,1177.99,742.48,0.9061,1098.73,760.61,0.8367,1181.35,776.06,0.7703,1107.46,792.18,0.8179,1180.01,807.63,0.7854,1114.18,809.65,0.7329,1143.73,812.33,0.7306,1122.91,867.41,0.8316,1166.57,870.77,0.8303,1112.84,925.85,0.8142,1157.84,931.89,0.8061
87,top,1,1040.91,411.72,1151.52,541.64,1140.50,434.91,0.8386,1142.30,430.95,0.5644,1139.06,429.87,0.7186,1140.50,429.15,0.3001,1129.70,429.15,0.6872,1117.46,435.63,0.6535,1116.38,450.75,0.6959,1124.66,470.92,0.4505,1127.90,486.76,0.6322,1135.82,480.28,0.4065,1156.34,506.93,0.5183,1068.13,466.60,0.4799,1065.97,470.20,0.6031,1099.09,499.72,0.4917,1101.97,499.36,0.5372,1057.33,519.53,0.3405,1124.66,531.77,0.3508
87,bottom,0,1088.88,676.01,1187.49,949.76,1166.92,700.60,0.7630,1164.25,695.92,0.5302,1168.26,696.59,0.6979,1148.88,701.27,0.7501,1167.59,702.61,0.8253,1125.48,726.00,0.7822,1175.61,736.69,0.9201,1096.08,753.40,0.8369,1179.62,773.45,0.8003,1097.41,788.82,0.8410,1178.95,802.86,0.7973,1109.44,802.19,0.7481,1139.52,804.86,0.7444,1120.14,857.66,0.8246,1160.91,864.34,0.8212,1107.44,908.45,0.8532,1144.87,923.82,0.8163
88,top,3,1042.58,416.31,1166.08,549.49,1151.36,441.49,0.7619,1153.77,437.47,0.5847,1150.16,437.87,0.6898,1136.89,435.46,0.4862,1141.31,439.08,0.6711,1126.04,440.29,0.6098,1130.86,460.39,0.6620,1109.55,452.75,0.1586,1148.55,492.14,0.6437,1141.31,473.25,0.0688,1173.87,516.26,0.6092,1073.37,470.03,0.5000,1079.00,475.66,0.4969,1103.12,500.99,0.4005,1113.17,501.79,0.5662,1059.30,519.48,0.4593,1148.15,536.77,0.4869
88,bottom,0,1080.70,670.46,1186.31,942.73,1164.08,695.59,0.7593,1161.42,690.27,0.5214,1165.41,690.93,0.7069,1144.80,695.59,0.7600,1164.75,696.92,0.8366,1122.20,720.85,0.7956,1172.72,731.48,0.9080,1092.96,751.42,0.8248,1178.04,772.69,0.7748,1088.97,786.65,0.8246,1177.38,802.61,0.7658,1102.93,795.96,0.7740,1130.84,799.28,0.7566,1118.22,848.47,0.8166,1156.10,855.79,0.8174,1098.94,898.33,0.8275,1139.49,918.27,0.8339
89,top,2,1046.66,425.27,1188.64,550.22,1165.25,446.61,0.8047,1167.10,442.45,0.6057,1163.40,442.91,0.7317,1147.23,441.53,0.4468,1153.70,445.69,0.7440,1134.29,443.84,0.6318,1143.99,470.18,0.6326,1111.18,440.60,0.4150,1163.40,497.91,0.6298,1126.89,449.85,0.1627,1186.51,521.94,0.7383,1082.53,473.41,0.5717,1091.31,481.73,0.5105,1101.94,501.61,0.4441,1125.51,504.38,0.6289,1061.73,515.93,0.6724,1161.55,540.43,0.6580
89,bottom,0,1069.54,669.30,1183.13,935.02,1160.07,691.88,0.7488,1160.07,687.33,0.5354,1162.01,687.98,0.6728,1141.90,691.88,0.7017,1162.01,693.82,0.8375,1119.20,717.82,0.7602,1168.50,728.85,0.8487,1091.95,752.21,0.7906,1173.69,768.43,0.7259,1080.92,787.89,0.8130,1175.64,800.86,0.7706,1098.44,788.54,0.7386,1125.69,792.43,0.6963,1113.36,840.44,0.7866,1152.28,849.52,0.8139,1088.06,891.69,0.8171,1135.42,911.80,0.8103
90,top,1,1052.83,434.11,1205.88,558.58,1174.69,457.48,0.7871,1175.69,454.00,0.6214,1172.20,454.99,0.7544,1159.24,448.52,0.4859,1161.74,456.49,0.7758,1145.79,445.03,0.6675,1154.26,478.41,0.6677,1125.87,443.04,0.4013,1172.70,503.82,0.6898,1125.87,444.53,0.2724,1195.61,528.73,0.7622,1092.49,477.91,0.6245,1099.96,488.37,0.5466,1101.45,503.82,0.4331,1138.82,504.32,0.6534,1066.08,518.26,0.6783,1167.22,542.68,0.6886
90,bottom,0,1060.15,667.50,1180.45,929.86,1156.17,691.71,0.7676,1157.45,687.23,0.5536,1157.45,687.87,0.6644,1138.23,691.71,0.7073,1158.73,693.63,0.8668,1116.45,717.97,0.7646,1165.14,728.86,0.8649,1090.19,754.48,0.7875,1170.90,767.30,0.7316,1074.18,789.07,0.8256,1173.46,798.68,0.7941,1094.68,786.51,0.7290,1120.94,791.64,0.6776,1107.49,834.55,0.7817,1149.12,847.36,0.8188,1077.38,887.08,0.8353,1129.27,905.65,0.8151
91,top,1,1056.22,439.23,1212.23,557.26,1182.47,465.23,0.8380,1184.50,461.68,0.6491,1180.44,461.68,0.7773,1166.73,456.60,0.4400,1169.27,462.19,0.8084,1151.49,451.52,0.7291,1159.11,483.52,0.7121,1131.68,437.81,0.5322,1174.85,511.45,0.7176,1127.62,432.73,0.5759,1197.71,534.81,0.7981,1100.20,483.52,0.6583,1108.32,493.67,0.5895,1106.29,506.88,0.3902,1147.43,501.80,0.6413,1070.74,517.54,0.6732,1167.74,541.41,0.7470
91,bottom,0,1052.66,668.63,1177.96,927.51,1150.70,692.52,0.7883,1153.23,688.73,0.5575,1152.60,688.73,0.6279,1134.27,693.15,0.7160,1154.50,695.05,0.8558,1112.78,719.70,0.7721,1161.45,730.44,0.8795,1086.24,756.35,0.7804,1169.03,769.63,0.7314,1066.64,791.12,0.8276,1170.93,796.17,0.7701,1091.29,786.69,0.7286,1117.84,792.38,0.6769,1098.24,830.30,0.7696,1145.65,847.37,0.8068,1067.27,880.86,0.8315,1122.26,902.35,0.7925
92,top,1,1061.48,440.05,1207.86,556.46,1186.61,466.80,0.8444,1188.99,463.47,0.6957,1184.70,462.99,0.7747,1177.55,455.37,0.4459,1174.22,461.09,0.7900,1158.49,448.22,0.7502,1161.35,481.58,0.7096,1139.43,438.21,0.6225,1168.02,510.64,0.7132,1123.71,424.87,0.7509,1188.51,538.28,0.7055,1106.08,484.43,0.6008,1114.66,492.53,0.5372,1120.37,511.12,0.4548,1154.68,500.64,0.6299,1075.11,518.74,0.7008,1168.50,541.61,0.7501
92,bottom,0,1045.51,671.20,1177.51,928.27,1144.15,695.55,0.7954,1146.66,691.16,0.5565,1146.66,691.78,0.6447,1128.46,696.18,0.7086,1147.91,697.43,0.8455,1106.49,723.79,0.7826,1158.58,732.58,0.8808,1080.76,758.31,0.8022,1168.62,771.49,0.7359,1060.05,790.32,0.8582,1169.88,787.18,0.7243,1089.54,790.32,0.7241,1115.90,797.85,0.6869,1088.92,828.60,0.7483,1139.13,854.34,0.8092,1061.93,872.54,0.8210,1114.65,908.31,0.8090
93,top,1,1065.00,437.76,1198.42,557.16,1188.60,463.15,0.8115,1190.34,460.11,0.5968,1186.43,459.24,0.7721,1180.78,452.73,0.5165,1175.57,457.94,0.7290,1163.85,445.34,0.7536,1162.98,480.09,0.6857,1139.52,434.05,0.6120,1160.37,510.93,0.6108,1120.85,418.85,0.7045,1170.36,536.99,0.6306,1109.99,483.13,0.5172,1116.07,490.08,0.5191,1126.49,516.57,0.4715,1158.20,497.90,0.5025,1079.59,517.01,0.6098,1168.62,542.63,0.6435
93,bottom,0,1039.67,673.78,1177.46,928.06,1134.64,696.00,0.8251,1134.02,692.28,0.5331,1137.13,692.28,0.6090,1122.23,697.87,0.7062,1142.71,699.11,0.8133,1099.88,725.80,0.7786,1155.13,733.25,0.8683,1074.42,756.84,0.7722,1168.79,769.88,0.7049,1052.70,789.13,0.8417,1170.03,770.50,0.6476,1088.08,791.61,0.7031,1114.78,800.30,0.6634,1079.39,825.75,0.7260,1137.75,855.55,0.8030,1057.66,863.00,0.7573,1115.40,907.70,0.7862
94,top,1,1072.66,430.90,1197.64,557.97,1188.04,456.19,0.8570,1190.07,452.13,0.6568,1185.60,452.13,0.7996,1182.75,449.28,0.4342,1174.61,450.50,0.7453,1162.81,440.33,0.7492,1163.22,476.54,0.7056,1140.44,430.56,0.6189,1158.75,505.01,0.6210,1119.69,416.33,0.7345,1166.07,534.71,0.5945,1117.25,482.23,0.4795,1118.88,487.93,0.5305,1133.52,520.47,0.5688,1158.75,497.28,0.4387,1087.55,515.18,0.5870,1166.48,542.85,0.6262
94,bottom,0,1034.29,669.97,1181.58,928.22,1127.48,693.17,0.7947,1124.33,690.02,0.5478,1131.26,690.02,0.5679,1116.13,695.69,0.7642,1135.68,697.58,0.7743,1094.69,722.80,0.7966,1148.92,729.11,0.8622,1067.58,753.70,0.7883,1170.98,764.42,0.7987,1046.15,782.70,0.8605,1167.20,754.33,0.6105,1085.24,790.27,0.7009,1111.72,799.09,0.6731,1073.26,820.53,0.7155,1135.05,854.58,0.8050,1053.08,857.73,0.7862,1114.24,907.54,0.7931
95,top,1,1076.13,425.11,1196.66,555.76,1186.62,449.23,0.7843,1188.97,445.31,0.6173,1185.44,444.92,0.7076,1184.26,438.64,0.4705,1175.24,442.17,0.7031,1161.51,435.50,0.7033,1161.51,470.03,0.6857,1140.32,427.26,0.5073,1157.19,497.50,0.4794,1117.17,413.53,0.6398,1164.25,528.49,0.4067,1117.17,477.88,0.4435,1119.13,482.19,0.4953,1135.22,518.68,0.5169,1157.58,498.28,0.4034,1090.88,512.80,0.5778,1168.57,541.05,0.5829
95,bottom,0,1031.23,665.82,1183.36,928.43,1122.04,687.49,0.7323,1117.55,683.65,0.5537,1127.17,683.65,0.5381,1107.93,688.78,0.7776,1129.09,690.06,0.7603,1087.42,716.99,0.7963,1141.27,722.12,0.8674,1061.13,747.12,0.8015,1163.71,751.61,0.7673,1041.26,775.97,0.8612,1173.97,759.94,0.6765,1082.29,784.31,0.7240,1108.58,792.64,0.7206,1068.83,813.80,0.7441,1125.89,849.06,0.7966,1049.59,855.47,0.7921,1114.35,904.20,0.8355
96,top,1,1078.06,416.34,1195.55,557.42,1183.84,440.22,0.7615,1186.14,436.40,0.6052,1182.70,436.02,0.6900,1184.99,433.34,0.4681,1173.52,434.10,0.6548,1160.13,429.90,0.7155,1156.31,462.40,0.6650,1137.57,424.16,0.5523,1136.04,483.82,0.5756,1116.15,413.83,0.6448,1134.51,515.94,0.4879,1121.12,472.73,0.3932,1119.21,476.55,0.5008,1133.74,516.33,0.5212,1158.99,499.12,0.5898,1092.06,511.74,0.5663,1168.93,542.33,0.6563
96,bottom,0,1026.25,654.82,1187.69,924.26,1114.87,679.03,0.6889,1112.23,675.08,0.5395,1118.15,675.74,0.5462,1101.71,681.00,0.7784,1121.44,682.32,0.7850,1080.66,710.60,0.7771,1135.26,715.21,0.8151,1056.32,740.20,0.8028,1156.97,746.13,0.7792,1037.90,768.49,0.8398,1176.04,757.97,0.7863,1080.66,777.04,0.7026,1107.63,784.28,0.7048,1066.84,809.28,0.7638,1116.84,841.51,0.7600,1049.74,855.98,0.7967,1113.55,892.16,0.8517
97,top,1,1075.82,407.77,1193.88,556.76,1179.05,433.84,0.7258,1181.74,429.62,0.5924,1177.89,429.23,0.6424,1179.43,428.46,0.4764,1168.67,428.85,0.6346,1155.22,423.85,0.7027,1152.53,454.21,0.6828,1135.62,421.55,0.5137,1127.16,474.58,0.5943,1114.87,414.63,0.5721,1126.40,490.72,0.2809,1124.09,470.35,0.3940,1116.02,473.43,0.5308,1132.93,513.01,0.4688,1157.14,498.41,0.4782,1089.89,511.48,0.4782,1167.90,541.84,0.5926
97,bottom,0,1028.75,647.92,1183.41,913.69,1109.33,670.50,0.7380,1108.68,665.96,0.5303,1111.92,666.61,0.5722,1097.00,672.45,0.7784,1117.11,673.74,0.7916,1076.23,701.64,0.7902,1130.74,706.19,0.8042,1054.17,732.14,0.7994,1150.85,739.28,0.7881,1036.65,761.34,0.8258,1171.61,752.90,0.7733,1080.13,769.77,0.6971,1106.73,776.26,0.6945,1065.85,808.06,0.7664,1115.16,833.36,0.7630,1050.28,854.12,0.7637,1109.97,876.83,0.8281
98,top,1,1071.38,404.54,1194.73,557.15,1174.01,427.04,0.7608,1176.82,423.43,0.6483,1172.00,423.03,0.6686,1176.42,422.62,0.4776,1163.17,422.62,0.6926,1151.93,417.81,0.7060,1145.50,446.31,0.6729,1133.46,420.22,0.4735,1120.21,461.57,0.6786,1116.59,418.61,0.4696,1110.17,486.06,0.5965,1125.43,467.19,0.4751,1116.19,469.20,0.5615,1127.84,510.96,0.5331,1154.74,496.90,0.4812,1084.47,512.97,0.5353,1167.99,541.47,0.5805
98,bottom,0,1032.32,637.73,1176.50,901.85,1106.34,660.17,0.7686,1105.70,656.30,0.5275,1106.99,656.94,0.5439,1094.74,662.75,0.7917,1115.37,663.39,0.8069,1074.75,691.76,0.7921,1127.62,696.28,0.7938,1054.11,722.07,0.8013,1146.32,729.16,0.7684,1041.22,751.09,0.8303,1166.96,747.22,0.7937,1077.97,759.47,0.7097,1105.05,764.63,0.7023,1067.01,804.61,0.7789,1115.37,823.31,0.7766,1050.25,854.26,0.7827,1103.77,861.35,0.8094
99,top,1,1065.54,401.98,1195.54,558.31,1169.47,417.52,0.6649,1172.43,414.13,0.5099,1167.35,414.13,0.6095,1172.85,414.13,0.4138,1158.89,415.82,0.6483,1148.31,413.28,0.6363,1139.42,436.98,0.6726,1124.61,434.44,0.4583,1114.46,453.06,0.6771,1133.92,469.14,0.3415,1102.61,480.57,0.6743,1121.23,464.06,0.4698,1114.88,466.18,0.5256,1123.77,506.38,0.6060,1150.43,496.22,0.6042,1079.76,513.15,0.6282,1167.35,541.93,0.6625
99,bottom,0,1039.11,625.83,1168.47,888.90,1106.36,648.18,0.7519,1105.07,643.68,0.5273,1107.64,644.33,0.5479,1094.80,650.11,0.8025,1114.71,650.75,0.7996,1075.53,679.65,0.8198,1127.55,682.86,0.8307,1056.90,713.69,0.8288,1144.25,716.90,0.7960,1049.20,740.67,0.8091,1159.67,739.38,0.8337,1078.74,749.02,0.7615,1104.43,752.23,0.7460,1068.46,800.40,0.8378,1115.35,813.24,0.8226,1050.48,852.42,0.8197,1096.72,849.85,0.8005
100,top,1,1062.96,395.17,1191.97,557.67,1163.58,410.91,0.7473,1166.94,407.13,0.6456,1161.06,407.13,0.6775,1169.04,406.29,0.4969,1151.40,407.97,0.7488,1147.20,408.81,0.6524,1134.18,429.39,0.6825,1122.00,429.81,0.4184,1108.98,444.92,0.6847,1125.78,462.98,0.2282,1094.29,471.38,0.6660,1122.00,459.20,0.5285,1114.86,461.72,0.5872,1120.74,502.46,0.7196,1145.94,494.48,0.7178,1077.07,513.80,0.7486,1165.68,540.67,0.7678
100,bottom,0,1039.25,613.96,1161.30,879.46,1107.40,635.87,0.7906,1108.05,631.98,0.5975,1109.35,632.63,0.5655,1096.38,637.82,0.7841,1115.18,637.82,0.8071,1077.59,666.99,0.8315,1128.15,669.58,0.8594,1060.73,703.93,0.8342,1142.41,705.23,0.8180,1057.49,734.40,0.7947,1154.07,731.80,0.8131,1080.18,737.64,0.7584,1106.11,740.88,0.7356,1069.16,794.68,0.8456,1114.53,800.51,0.8129,1050.36,848.48,0.8289,1091.20,844.59,0.7980
101,top,1,1062.33,384.68,1187.33,557.41,1160.25,404.83,0.8298,1163.21,401.46,0.6867,1157.72,401.46,0.7200,1164.47,401.46,0.4747,1147.18,402.30,0.7421,1144.23,409.47,0.6638,1129.47,422.12,0.7160,1127.78,431.40,0.4661,1105.43,440.26,0.7077,1141.70,441.10,0.4319,1088.14,465.98,0.7726,1118.51,458.39,0.5792,1113.02,459.66,0.6613,1118.51,499.30,0.7444,1142.54,493.39,0.7687,1076.76,514.48,0.8056,1163.21,540.20,0.8077
101,bottom,0,1039.56,602.39,1158.14,870.94,1109.34,623.90,0.7657,1110.00,619.96,0.6019,1111.31,619.96,0.5564,1098.19,625.86,0.7468,1116.55,625.86,0.7696,1079.84,654.71,0.8224,1130.32,658.65,0.8542,1066.72,694.05,0.8030,1140.81,696.02,0.7837,1066.72,724.87,0.7536,1149.99,722.90,0.7543,1081.15,728.15,0.7227,1109.34,731.42,0.7081,1068.69,786.50,0.8340,1113.27,788.46,0.7793,1052.30,838.29,0.7791,1090.33,837.64,0.7927
102,top,1,1063.49,382.66,1181.32,557.55,1156.56,399.23,0.8180,1159.55,395.81,0.6994,1154.43,395.38,0.7175,1159.98,397.09,0.5642,1144.61,395.38,0.7434,1144.18,407.34,0.6723,1127.53,415.88,0.7466,1138.63,424.42,0.5119,1102.76,433.38,0.7470,1148.02,441.07,0.5977,1083.55,459.00,0.8172,1116.43,455.59,0.6093,1111.73,456.44,0.7068,1117.28,495.72,0.7331,1139.48,491.45,0.7643,1077.15,514.08,0.8223,1158.27,538.85,0.8228
102,bottom,0,1041.36,593.18,1153.33,863.94,1111.23,613.54,0.7755,1111.23,610.23,0.5903,1114.53,610.23,0.5522,1100.65,615.52,0.7740,1119.16,615.52,0.7509,1082.80,645.93,0.8519,1132.38,647.91,0.8689,1074.21,682.95,0.7689,1137.67,686.25,0.7936,1078.84,712.03,0.4547,1147.59,715.34,0.7639,1083.47,716.00,0.7452,1110.57,719.97,0.7161,1068.92,776.16,0.8288,1111.23,778.14,0.7987,1053.06,827.06,0.7956,1092.06,832.34,0.8509
103,top,1,1064.36,373.76,1172.89,556.12,1154.24,392.82,0.8308,1157.80,389.25,0.7252,1151.57,389.25,0.7182,1159.58,389.70,0.6090,1140.88,388.81,0.7692,1147.56,402.61,0.7769,1123.52,409.73,0.7316,1143.11,421.31,0.7582,1098.14,430.21,0.7572,1153.79,443.57,0.7838,1079.45,457.37,0.8215,1116.84,452.47,0.6370,1108.83,452.92,0.7260,1115.95,492.99,0.7064,1136.88,488.09,0.7780,1075.88,513.91,0.8270,1151.12,538.40,0.8303
103,bottom,0,1042.79,585.20,1150.90,853.09,1112.54,606.65,0.8203,1113.19,603.38,0.6191,1115.15,603.38,0.5582,1102.73,608.61,0.7624,1121.70,608.61,0.7291,1085.07,638.05,0.8317,1134.78,642.62,0.8588,1079.84,674.67,0.7439,1137.39,680.56,0.7587,1098.80,687.75,0.3652,1145.24,711.30,0.7260,1085.07,707.37,0.7364,1112.54,711.95,0.7018,1070.03,767.54,0.8086,1109.92,771.47,0.7671,1053.68,818.56,0.8139,1097.50,822.48,0.8120
104,top,1,1062.70,371.01,1165.82,556.43,1152.74,389.02,0.8396,1155.46,384.95,0.7432,1149.57,385.40,0.7277,1157.27,385.85,0.6285,1139.16,384.95,0.7979,1148.67,398.53,0.8245,1120.60,405.77,0.7556,1144.14,418.00,0.8046,1094.80,427.50,0.7796,1157.27,441.08,0.7887,1078.95,454.21,0.8058,1117.43,449.23,0.6205,1107.93,449.68,0.7271,1114.26,490.43,0.7148,1135.09,486.81,0.7988,1075.33,513.97,0.8054,1140.52,536.60,0.8047
104,bottom,0,1041.67,582.11,1147.84,843.62,1113.91,603.69,0.8726,1113.27,600.50,0.6254,1117.10,600.50,0.5807,1103.69,605.60,0.7772,1124.12,605.60,0.7998,1087.73,634.33,0.8080,1135.61,639.44,0.8576,1083.90,665.62,0.6663,1136.25,674.56,0.7396,1105.61,673.28,0.3996,1143.27,703.93,0.7155,1086.45,702.01,0.7262,1113.91,706.48,0.7075,1069.85,761.39,0.7851,1108.80,765.85,0.7830,1054.53,810.55,0.8392,1103.05,814.38,0.8173
105,top,1,1063.12,368.25,1165.62,555.41,1150.92,384.60,0.8332,1154.12,381.41,0.7642,1147.27,380.95,0.7624,1155.95,381.86,0.6430,1137.22,380.03,0.8045,1150.01,393.29,0.8397,1119.39,401.05,0.7533,1144.98,414.31,0.7941,1094.26,423.44,0.7732,1160.98,438.07,0.7744,1079.64,451.32,0.7706,1118.94,447.66,0.6475,1107.97,447.66,0.7331,1112.08,488.33,0.6716,1132.19,486.50,0.7887,1075.53,513.46,0.7775,1130.82,535.40,0.7700
105,bottom,0,1040.29,580.53,1147.62,839.59,1116.72,602.54,0.8759,1115.46,600.01,0.5968,1119.25,599.37,0.5957,1105.97,605.07,0.7453,1126.21,605.07,0.8091,1089.53,632.90,0.7956,1136.33,637.95,0.8446,1087.00,663.89,0.6281,1136.96,672.74,0.7134,1108.50,672.11,0.3946,1142.02,701.20,0.7224,1088.26,699.94,0.7103,1115.46,704.36,0.7044,1069.92,756.86,0.7607,1110.40,763.18,0.7475,1056.01,803.03,0.7968,1105.97,809.35,0.7653
106,top,1,1064.56,361.05,1169.07,553.90,1150.24,381.20,0.8591,1153.54,377.43,0.7901,1146.48,376.96,0.7770,1155.42,377.90,0.6745,1136.12,376.96,0.8305,1150.72,391.56,0.8640,1119.17,397.68,0.7617,1146.48,411.80,0.8056,1094.22,420.28,0.7837,1162.96,434.87,0.7993,1080.09,449.47,0.8000,1120.11,447.11,0.6579,1109.28,446.64,0.7280,1110.69,486.19,0.6984,1129.53,487.61,0.7668,1076.79,512.56,0.7923,1124.82,536.10,0.8143
106,bottom,0,1038.98,582.66,1148.19,834.77,1118.82,603.47,0.9156,1118.21,601.62,0.5717,1120.67,600.39,0.6103,1107.74,605.93,0.7354,1129.29,606.54,0.8349,1091.12,633.62,0.8014,1138.52,639.78,0.8662,1087.43,665.63,0.6474,1139.13,673.63,0.7096,1106.51,674.25,0.3788,1142.21,701.33,0.6918,1090.51,699.48,0.6990,1117.59,703.79,0.7114,1070.20,754.88,0.7568,1113.28,760.42,0.7837,1056.66,797.96,0.7968,1107.74,805.35,0.7725
107,top,1,1066.76,359.26,1169.72,553.51,1149.54,378.14,0.8562,1152.86,374.34,0.7845,1145.75,374.34,0.7718,1155.23,375.29,0.6840,1135.79,373.87,0.8656,1151.44,389.05,0.8798,1118.71,395.21,0.7628,1147.17,408.96,0.8132,1095.00,418.45,0.7792,1163.29,430.30,0.8197,1082.67,447.85,0.7746,1122.03,446.43,0.6749,1111.13,445.95,0.7327,1110.18,485.32,0.7126,1126.30,488.16,0.7812,1078.40,512.35,0.8215,1124.88,537.01,0.8259
107,bottom,0,1040.40,584.78,1150.42,828.73,1121.02,604.91,0.9139,1121.02,603.12,0.5657,1122.81,601.93,0.5894,1110.30,607.29,0.7399,1131.74,607.88,0.8304,1092.43,634.09,0.8001,1141.27,641.83,0.8599,1086.48,667.44,0.6879,1141.27,676.97,0.7166,1104.94,678.76,0.3959,1142.46,704.37,0.7109,1091.84,699.60,0.7011,1119.83,703.77,0.7112,1071.59,754.99,0.7592,1116.85,754.40,0.7587,1059.68,792.52,0.8005,1106.13,803.83,0.7977
108,top,1,1069.98,356.86,1175.67,553.60,1148.76,375.49,0.8671,1152.60,371.65,0.7888,1145.40,371.65,0.7372,1155.49,373.09,0.6762,1135.79,371.65,0.8230,1152.60,387.02,0.8903,1118.50,392.79,0.7680,1148.76,407.68,0.7737,1095.92,416.80,0.7969,1164.13,428.33,0.8017,1085.36,447.54,0.7851,1123.30,445.62,0.6885,1111.78,444.66,0.7268,1113.70,484.05,0.6991,1125.70,486.45,0.7898,1081.03,509.99,0.8025,1124.26,536.89,0.8187
108,bottom,0,1045.02,582.62,1152.45,824.33,1124.11,603.75,0.8768,1124.11,601.39,0.5450,1127.06,600.80,0.5814,1112.90,606.11,0.7471,1134.14,607.29,0.8372,1093.43,632.66,0.7995,1142.99,642.10,0.8368,1085.75,665.71,0.7643,1144.76,677.51,0.7050,1101.69,674.56,0.4909,1142.99,703.47,0.6917,1094.61,698.75,0.7096,1122.34,702.29,0.7279,1075.13,753.04,0.7704,1119.39,753.63,0.7891,1064.51,786.09,0.7889,1107.00,802.61,0.8084
109,top,1,1071.87,354.04,1175.61,553.25,1148.54,373.88,0.8200,1151.95,369.99,0.7815,1144.65,369.99,0.7244,1155.35,370.96,0.6935,1135.41,369.51,0.8024,1152.43,385.55,0.8782,1118.39,390.90,0.7468,1149.52,405.50,0.7686,1096.50,416.20,0.7980,1162.65,425.44,0.8000,1087.75,446.35,0.7649,1125.68,444.40,0.6944,1112.55,443.43,0.7127,1117.42,484.29,0.6574,1124.71,485.74,0.7515,1083.86,508.12,0.7165,1124.22,536.81,0.7513
109,bottom,0,1053.16,577.81,1155.04,821.51,1127.30,599.71,0.8017,1125.52,596.14,0.5240,1130.87,596.73,0.5959,1114.81,601.49,0.7674,1135.04,602.68,0.8104,1094.58,628.27,0.7947,1143.96,636.60,0.8256,1083.87,662.77,0.7786,1148.13,674.67,0.6825,1099.93,672.29,0.5518,1142.18,698.47,0.5982,1096.36,696.09,0.6962,1124.33,698.47,0.7042,1081.49,748.45,0.7503,1121.35,752.02,0.7816,1070.19,781.77,0.7444,1107.07,802.00,0.8121
110,top,1,1074.42,352.92,1170.26,552.22,1147.64,372.29,0.8285,1151.53,368.39,0.7842,1143.75,367.91,0.7168,1154.45,369.85,0.6944,1134.99,367.91,0.8107,1152.51,383.97,0.8965,1117.96,389.80,0.7654,1149.59,403.92,0.7909,1097.52,416.08,0.8142,1162.73,424.84,0.8097,1090.71,446.25,0.7690,1127.21,444.79,0.7275,1113.58,444.30,0.7335,1120.39,484.69,0.6866,1123.31,486.63,0.7587,1087.79,506.10,0.7362,1124.29,537.24,0.7629
110,bottom,0,1063.82,569.46,1156.05,821.85,1128.42,592.75,0.8452,1127.80,589.05,0.5744,1132.12,589.67,0.6014,1117.33,594.60,0.8023,1136.43,596.45,0.8160,1095.76,620.48,0.8054,1146.90,628.49,0.8668,1082.21,655.60,0.8245,1149.98,667.92,0.7469,1100.07,660.53,0.6407,1139.51,667.92,0.5153,1098.23,689.49,0.6927,1127.19,692.57,0.6968,1088.37,743.71,0.7675,1121.02,750.49,0.7992,1078.51,778.22,0.7414,1106.85,799.79,0.8355
111,top,1,1077.77,349.77,1170.97,551.39,1147.01,369.37,0.8135,1150.46,365.92,0.8136,1143.07,365.43,0.7424,1153.41,367.89,0.7119,1134.21,365.92,0.7836,1151.44,383.15,0.9186,1117.48,389.06,0.7997,1149.97,403.82,0.7866,1098.28,416.62,0.8595,1162.27,425.48,0.8327,1092.87,448.12,0.7856,1128.80,443.69,0.7692,1114.53,444.19,0.7451,1123.88,484.06,0.7353,1120.92,487.01,0.7715,1091.39,506.70,0.8190,1124.37,536.73,0.8231
111,bottom,0,1073.84,560.87,1158.57,821.06,1130.82,586.15,0.7916,1128.91,581.70,0.5453,1134.63,582.97,0.5375,1118.11,586.79,0.7956,1138.44,589.33,0.7648,1097.79,613.47,0.7759,1147.97,619.18,0.8493,1081.27,647.13,0.8272,1153.05,656.03,0.7745,1095.88,658.57,0.6470,1142.25,654.12,0.5215,1100.96,681.43,0.6964,1128.91,685.25,0.7078,1095.25,736.06,0.7883,1120.66,744.96,0.7969,1085.72,777.35,0.7788,1108.59,796.41,0.8425
112,top,1,1087.17,349.50,1170.17,550.66,1146.84,368.07,0.8253,1149.78,364.63,0.7907,1142.91,364.63,0.7473,1152.73,367.08,0.7054,1133.58,365.61,0.7448,1151.26,381.82,0.8746,1117.37,388.69,0.7796,1149.29,402.94,0.7747,1099.20,416.20,0.8513,1161.57,424.54,0.8166,1095.76,448.12,0.7634,1131.12,442.22,0.7625,1115.41,442.71,0.7286,1128.18,483.97,0.7291,1120.32,486.91,0.7649,1095.76,507.54,0.8021,1123.76,536.02,0.8542
112,bottom,0,1075.01,557.45,1161.65,817.09,1130.37,576.98,0.7447,1130.37,572.54,0.5565,1132.91,573.81,0.4891,1118.96,578.24,0.7485,1138.61,579.51,0.7027,1099.31,606.14,0.7310,1148.75,609.30,0.8286,1081.56,639.10,0.7969,1155.09,646.70,0.7987,1093.61,656.21,0.6768,1141.78,633.39,0.5348,1103.75,672.69,0.6476,1131.00,677.13,0.6573,1099.94,729.11,0.7451,1122.76,737.98,0.7666,1094.24,779.18,0.7521,1110.72,789.32,0.8165
113,top,1,1089.05,349.63,1169.21,544.04,1145.74,366.62,0.8316,1149.07,363.78,0.7732,1141.95,363.30,0.7334,1151.91,366.15,0.6759,1132.93,364.72,0.7257,1150.96,380.39,0.8848,1117.27,387.51,0.7921,1149.07,402.70,0.7982,1099.70,415.98,0.8513,1160.46,425.00,0.8252,1097.33,447.79,0.7627,1131.98,442.09,0.7855,1115.84,442.56,0.7557,1131.03,484.33,0.7533,1120.59,486.71,0.7722,1100.18,510.91,0.8052,1123.44,535.59,0.8287
113,bottom,0,1076.54,540.80,1165.59,815.08,1132.45,570.80,0.7976,1132.45,566.78,0.6178,1135.13,567.45,0.5413,1121.74,572.81,0.8026,1139.15,574.15,0.7405,1100.31,600.26,0.7756,1149.86,602.94,0.8459,1082.90,633.07,0.8252,1158.57,637.76,0.8504,1091.60,652.49,0.7353,1149.86,619.68,0.6146,1107.01,666.56,0.7164,1134.46,669.23,0.7147,1105.00,725.48,0.7757,1126.42,732.18,0.7912,1102.32,774.37,0.7657,1114.37,782.40,0.8262
114,top,1,1091.45,349.41,1166.70,540.55,1144.94,366.12,0.8298,1147.74,362.85,0.7794,1141.21,362.38,0.7361,1150.54,365.65,0.6487,1131.88,363.32,0.7210,1150.08,379.18,0.8976,1116.01,386.18,0.8009,1148.68,402.52,0.8137,1100.15,414.65,0.8484,1159.88,427.25,0.8151,1098.28,447.78,0.7632,1133.28,442.65,0.8006,1116.01,443.11,0.7705,1132.34,484.65,0.7639,1121.15,487.44,0.7535,1104.81,514.98,0.8091,1125.35,536.44,0.7755
114,bottom,0,1078.78,539.34,1168.14,812.13,1132.12,567.18,0.7965,1133.45,563.19,0.6013,1134.78,563.85,0.5370,1121.46,569.18,0.7967,1140.11,570.51,0.7443,1100.82,597.15,0.7634,1151.43,597.82,0.8235,1083.50,629.12,0.7967,1162.09,631.78,0.8157,1089.49,649.76,0.7472,1150.76,615.13,0.5838,1110.14,662.42,0.6942,1136.78,664.42,0.6931,1108.81,723.02,0.7781,1129.45,727.69,0.7785,1110.14,768.98,0.7262,1116.80,777.63,0.8108
115,top,1,1092.07,347.86,1165.95,538.35,1143.43,364.51,0.8310,1146.68,361.71,0.7945,1140.17,361.25,0.7163,1149.47,364.51,0.6365,1130.87,362.64,0.7185,1149.47,377.53,0.9037,1115.06,384.97,0.8195,1148.54,401.71,0.8265,1099.71,414.27,0.8471,1158.77,427.29,0.8045,1098.31,447.29,0.7777,1133.66,443.10,0.8047,1116.92,443.57,0.7793,1132.73,485.43,0.7826,1121.57,488.22,0.7755,1109.47,518.45,0.8343,1125.75,536.12,0.8057
115,bottom,0,1079.82,537.45,1171.01,807.18,1132.00,565.63,0.7800,1133.32,561.02,0.5677,1134.63,561.68,0.5073,1122.12,567.61,0.7961,1140.56,568.93,0.7493,1101.71,595.93,0.7698,1153.07,596.59,0.8133,1084.59,628.19,0.7953,1164.27,630.17,0.8270,1089.85,649.27,0.7519,1153.07,612.39,0.5787,1112.24,662.44,0.6940,1138.58,663.75,0.6960,1113.56,721.05,0.7773,1134.63,725.00,0.7819,1116.20,768.46,0.6928,1119.49,771.75,0.7808
116,top,1,1092.10,349.17,1164.06,539.65,1143.42,364.89,0.8591,1146.68,361.63,0.8232,1139.70,361.17,0.7484,1149.47,364.43,0.6450,1130.87,362.56,0.7237,1149.00,377.91,0.9024,1114.13,385.35,0.8005,1147.61,401.63,0.8266,1099.25,414.18,0.8510,1157.38,427.21,0.8055,1098.32,447.20,0.7816,1134.12,443.02,0.8044,1116.92,443.95,0.7730,1133.19,486.73,0.7787,1122.50,488.12,0.7567,1110.41,519.75,0.7936,1125.75,536.95,0.8079
116,bottom,0,1079.76,539.26,1172.24,805.87,1133.16,566.47,0.7811,1134.46,561.91,0.5644,1136.42,563.21,0.5128,1122.75,568.42,0.7874,1141.62,569.72,0.7533,1102.57,597.06,0.7744,1153.34,597.06,0.8239,1084.34,629.61,0.8073,1165.71,631.56,0.8274,1090.20,650.43,0.7571,1153.99,615.29,0.5730,1113.64,664.10,0.7043,1139.67,664.10,0.7073,1117.54,719.43,0.7515,1139.02,723.34,0.7890,1122.10,766.95,0.6709,1123.40,766.30,0.7646
117,top,1,1091.00,349.58,1163.48,545.81,1143.05,364.81,0.8932,1145.93,361.46,0.8399,1139.22,360.98,0.7771,1148.80,364.33,0.6183,1130.11,362.42,0.7087,1148.80,378.23,0.9243,1113.83,384.45,0.8118,1147.84,402.18,0.8570,1098.97,414.64,0.8531,1155.99,428.05,0.8258,1098.02,447.21,0.7883,1133.95,443.86,0.8204,1117.18,444.82,0.7815,1132.03,486.98,0.7648,1124.84,487.46,0.7580,1109.99,520.04,0.7710,1125.80,535.85,0.7972
117,bottom,0,1079.71,542.08,1173.32,799.88,1134.07,567.76,0.7943,1134.70,563.99,0.5742,1137.22,564.62,0.5086,1123.37,570.28,0.7816,1142.25,570.28,0.7559,1103.86,599.86,0.7694,1154.84,598.60,0.8409,1085.61,631.33,0.8185,1166.17,633.85,0.8261,1090.64,652.10,0.7723,1156.10,619.37,0.5791,1115.19,667.21,0.6938,1140.99,667.84,0.6924,1122.11,715.67,0.7367,1144.14,723.22,0.7986,1124.63,764.13,0.7114,1127.15,762.25,0.7828
118,top,1,1089.53,349.80,1160.84,547.28,1142.54,365.14,0.9016,1145.43,361.76,0.8415,1139.17,361.28,0.8086,1148.33,364.65,0.6400,1130.01,362.73,0.7087,1148.81,378.64,0.9479,1113.61,384.42,0.8220,1147.85,402.74,0.8458,1098.19,414.31,0.8602,1155.08,429.26,0.8171,1097.22,446.61,0.8030,1133.38,443.24,0.8156,1116.03,444.20,0.7644,1128.08,485.67,0.7303,1126.15,486.15,0.7574,1108.31,521.34,0.7475,1125.67,534.84,0.7813
118,bottom,0,1083.25,544.16,1172.31,795.10,1133.91,566.71,0.8257,1135.74,563.03,0.5947,1135.74,563.03,0.4967,1124.10,569.16,0.7467,1142.48,569.16,0.7286,1105.72,600.41,0.7690,1155.35,597.95,0.8541,1087.96,632.26,0.8134,1165.76,635.33,0.8004,1093.47,653.71,0.7524,1157.19,631.04,0.5451,1116.75,665.96,0.6936,1144.32,665.35,0.6725,1123.49,716.20,0.7409,1147.38,723.55,0.7849,1124.72,763.37,0.7557,1132.68,756.02,0.7785
119,top,1,1089.55,349.51,1160.10,544.77,1141.51,365.15,0.8669,1144.84,362.28,0.8174,1138.17,361.33,0.7886,1147.70,364.67,0.6594,1129.11,363.24,0.7122,1149.61,378.97,0.9365,1112.90,384.69,0.8064,1147.70,403.28,0.8340,1097.65,414.25,0.8510,1154.85,430.45,0.7923,1096.69,446.66,0.8008,1132.92,444.76,0.8006,1115.29,445.23,0.7575,1126.73,486.23,0.7082,1128.16,484.80,0.7572,1107.66,522.94,0.6332,1126.73,531.52,0.6610
119,bottom,0,1088.35,540.41,1173.84,789.56,1136.57,563.40,0.8615,1139.00,560.36,0.6133,1139.00,560.97,0.5351,1126.23,566.45,0.7478,1145.08,566.45,0.7635,1108.59,596.25,0.7920,1156.64,594.43,0.8561,1092.77,630.31,0.8016,1165.16,630.92,0.7232,1098.25,651.60,0.7590,1166.37,643.09,0.6272,1117.10,659.51,0.6997,1148.13,658.90,0.6721,1124.40,715.47,0.7675,1150.56,717.90,0.7978,1125.62,762.91,0.8011,1137.18,753.79,0.7719
120,top,1,1089.52,349.39,1160.89,543.79,1141.34,365.43,0.8612,1144.66,362.58,0.8072,1138.02,361.63,0.7797,1147.51,364.96,0.6498,1129.00,363.06,0.7178,1149.89,378.72,0.9402,1112.87,384.41,0.8078,1148.46,402.92,0.8269,1097.68,414.31,0.8473,1154.16,429.50,0.7726,1096.26,448.01,0.7876,1133.27,444.69,0.8033,1115.24,445.16,0.7580,1127.10,486.45,0.6969,1128.53,484.08,0.7519,1108.12,523.00,0.5840,1128.05,529.64,0.5899
120,bottom,0,1092.29,535.11,1175.73,788.93,1139.59,557.91,0.8142,1142.68,554.19,0.5937,1142.68,555.43,0.5362,1129.05,559.77,0.7442,1147.64,561.01,0.7686,1112.32,590.13,0.7945,1158.80,589.51,0.8449,1097.45,624.22,0.8272,1165.61,626.07,0.7529,1103.64,645.28,0.7690,1171.19,644.67,0.6674,1119.76,657.68,0.6887,1149.50,658.30,0.6585,1124.71,712.21,0.7760,1152.60,712.21,0.8022,1124.71,761.17,0.8213,1142.68,751.25,0.7927
121,top,1,1089.46,349.41,1160.44,544.26,1141.12,365.49,0.8823,1144.45,362.16,0.8211,1137.32,361.68,0.7826,1147.31,365.01,0.6477,1128.76,363.11,0.7226,1150.16,379.28,0.9462,1112.58,384.99,0.8189,1149.69,403.54,0.8215,1097.84,415.44,0.8508,1154.44,429.71,0.7826,1096.41,447.78,0.8008,1133.04,444.93,0.8143,1114.96,445.41,0.7722,1127.33,487.27,0.6983,1129.23,484.41,0.7583,1107.83,522.47,0.6208,1129.71,532.93,0.5896
121,bottom,0,1097.00,531.51,1179.35,782.00,1143.07,552.18,0.7733,1146.12,547.90,0.5619,1145.51,548.51,0.5091,1132.06,553.40,0.6837,1151.02,554.63,0.7279,1114.93,583.37,0.7766,1160.19,584.59,0.8093,1102.09,617.00,0.7989,1165.69,619.45,0.7339,1109.43,637.80,0.7027,1173.03,638.41,0.6830,1122.27,652.47,0.6465,1151.63,653.70,0.6316,1125.33,707.51,0.7699,1154.68,706.29,0.7615,1124.72,758.27,0.8038,1146.12,753.38,0.7628
122,top,1,1089.65,349.42,1160.70,542.06,1140.70,365.32,0.8907,1143.99,362.50,0.8227,1137.40,361.56,0.7900,1147.28,364.85,0.6301,1128.47,363.44,0.7175,1150.10,379.43,0.9548,1112.95,385.07,0.8230,1150.57,403.42,0.8213,1098.37,415.17,0.8508,1154.33,427.40,0.7870,1096.49,448.09,0.8002,1133.64,444.80,0.8258,1115.30,445.27,0.7812,1127.53,488.07,0.7099,1128.47,484.31,0.7535,1108.71,523.34,0.5971,1125.65,532.28,0.5993
122,bottom,0,1100.77,526.09,1180.58,778.82,1146.23,546.33,0.7524,1148.70,541.39,0.5459,1148.70,542.63,0.5161,1135.12,546.94,0.6698,1153.64,548.18,0.7153,1117.85,575.95,0.7766,1161.66,578.41,0.8038,1105.51,608.03,0.7901,1165.36,611.73,0.7362,1114.76,627.78,0.6672,1174.61,630.24,0.7076,1124.64,643.82,0.6286,1153.02,645.05,0.6284,1126.49,702.44,0.7509,1156.10,699.97,0.7326,1125.25,752.42,0.8057,1150.55,748.71,0.7891
123,top,1,1090.73,349.33,1160.66,545.73,1140.56,365.54,0.9392,1143.44,362.18,0.8736,1136.73,361.70,0.8206,1146.80,365.06,0.6591,1127.62,363.62,0.7446,1150.15,379.92,0.9617,1113.23,385.68,0.8398,1151.11,403.90,0.8372,1098.85,415.88,0.8623,1154.95,428.83,0.8069,1096.93,447.53,0.8025,1133.85,446.09,0.8304,1116.59,446.57,0.7969,1126.66,488.29,0.7250,1128.58,486.37,0.7807,1107.48,522.33,0.6769,1128.58,536.71,0.7425
123,bottom,0,1101.86,521.88,1182.91,776.10,1149.21,541.62,0.7717,1152.32,537.89,0.5442,1151.07,538.51,0.5177,1138.04,542.24,0.6886,1156.66,543.48,0.7419,1121.28,569.54,0.7853,1163.49,572.65,0.8109,1109.49,600.58,0.7928,1165.35,604.92,0.7360,1119.42,618.58,0.6572,1175.28,621.68,0.7121,1128.11,634.09,0.6354,1154.80,635.33,0.6271,1127.49,698.02,0.7527,1157.28,695.54,0.7375,1125.63,748.91,0.8149,1154.18,740.84,0.7750
124,top,1,1092.16,349.36,1161.47,545.27,1140.21,366.01,0.9608,1143.56,362.66,0.8769,1136.38,362.66,0.8080,1146.90,366.01,0.6284,1127.77,364.57,0.7209,1150.73,380.83,0.9732,1113.90,386.57,0.8484,1152.17,404.27,0.8545,1099.55,416.23,0.8651,1155.99,429.62,0.8232,1097.16,448.75,0.7978,1134.47,446.36,0.8577,1117.25,447.32,0.8292,1125.86,487.97,0.7376,1127.29,488.45,0.8087,1108.16,522.41,0.7504,1129.21,539.63,0.8149
124,bottom,0,1105.07,519.11,1185.72,763.02,1151.95,538.64,0.8155,1154.92,535.07,0.5739,1154.33,536.26,0.5277,1141.82,539.24,0.6997,1159.69,541.03,0.7684,1125.74,564.84,0.7767,1165.64,569.01,0.8229,1111.45,594.62,0.7985,1166.24,599.98,0.7642,1122.17,613.08,0.6653,1178.15,616.65,0.7521,1130.51,629.15,0.6469,1158.50,630.94,0.6381,1129.32,694.66,0.7661,1159.09,692.87,0.7671,1126.34,744.08,0.8344,1157.90,736.93,0.7517
125,top,1,1092.51,349.76,1163.25,546.62,1139.89,366.48,0.9618,1143.26,363.60,0.9004,1136.05,363.12,0.7916,1147.10,366.96,0.6601,1127.88,366.00,0.7296,1151.43,381.86,0.9719,1114.42,388.11,0.8570,1153.35,405.41,0.8593,1100.96,418.39,0.8465,1156.71,430.41,0.8386,1097.60,449.63,0.8013,1135.09,448.19,0.8627,1118.27,448.67,0.8385,1125.95,490.00,0.7196,1126.44,490.48,0.8132,1107.21,519.80,0.7351,1129.32,542.87,0.8337
125,bottom,0,1104.85,519.04,1189.17,754.49,1154.48,536.74,0.8355,1157.93,533.87,0.5854,1157.35,534.45,0.5182,1144.13,537.89,0.7084,1163.10,539.62,0.7601,1128.04,562.61,0.7856,1168.27,566.64,0.8381,1112.52,591.93,0.8234,1168.27,598.83,0.7805,1125.16,607.45,0.6769,1182.07,614.35,0.7573,1132.64,626.99,0.6532,1161.38,628.72,0.6409,1130.34,691.95,0.7680,1161.38,690.80,0.7765,1127.46,738.51,0.8125,1160.23,735.06,0.7733
126,top,1,1092.30,349.92,1163.54,548.46,1139.55,367.28,0.9604,1142.95,363.88,0.9146,1135.68,363.88,0.7926,1146.82,367.28,0.6768,1127.44,366.79,0.7410,1152.16,382.79,0.9639,1114.83,389.09,0.8566,1154.09,406.05,0.8457,1101.26,420.11,0.8406,1157.97,431.26,0.8308,1097.87,451.62,0.8003,1136.16,449.19,0.8561,1118.71,449.68,0.8302,1126.95,491.36,0.7146,1125.98,492.82,0.7970,1108.05,516.57,0.6999,1129.37,544.19,0.8556
126,bottom,0,1107.92,519.53,1193.50,752.21,1156.96,537.60,0.8479,1160.36,534.76,0.5837,1158.66,535.32,0.5217,1147.30,538.73,0.7146,1165.48,540.44,0.7667,1130.82,563.16,0.7899,1171.16,567.14,0.8479,1114.35,591.56,0.8333,1171.72,598.95,0.7946,1127.42,605.20,0.6638,1186.49,614.85,0.7865,1135.37,627.35,0.6686,1164.34,629.05,0.6597,1132.53,690.40,0.7841,1165.48,688.70,0.7922,1127.42,733.01,0.8020,1161.50,734.71,0.7860
127,top,1,1093.92,349.84,1166.23,555.26,1139.61,367.79,0.9123,1143.12,364.28,0.9200,1135.59,364.28,0.7981,1146.63,366.79,0.8034,1127.57,366.79,0.8458,1152.65,383.34,0.9022,1115.03,389.86,0.8142,1155.15,407.91,0.8090,1102.49,420.95,0.8175,1159.17,433.49,0.7898,1098.98,452.05,0.7771,1137.10,450.04,0.7779,1120.05,450.54,0.7702,1129.07,492.67,0.7021,1126.07,492.67,0.7680,1111.02,519.25,0.6241,1130.08,545.33,0.8293
127,bottom,0,1108.48,520.28,1197.55,752.10,1159.24,538.84,0.8800,1162.07,535.45,0.6009,1159.81,536.01,0.5151,1149.62,539.97,0.6968,1168.30,541.67,0.7617,1133.21,564.88,0.7974,1175.09,568.84,0.8685,1115.66,592.04,0.8340,1177.35,601.10,0.7926,1129.25,604.50,0.6626,1190.37,616.95,0.7748,1137.74,625.44,0.7123,1167.73,627.13,0.7046,1134.34,689.96,0.8003,1170.00,687.70,0.7946,1128.68,727.88,0.8311,1162.07,735.24,0.7832
128,top,1,1094.26,349.46,1166.70,559.84,1139.72,367.33,0.9364,1142.80,364.25,0.9381,1135.61,364.25,0.8090,1146.91,366.82,0.7837,1127.40,367.33,0.8266,1153.08,383.26,0.9095,1115.07,389.93,0.8348,1156.67,408.43,0.8207,1103.25,421.78,0.8275,1159.75,433.59,0.8064,1099.15,453.62,0.7850,1138.70,450.54,0.8077,1121.23,451.06,0.7937,1133.05,493.69,0.7292,1126.88,493.69,0.7825,1113.01,520.40,0.6897,1130.48,547.11,0.8658
128,bottom,0,1110.31,520.06,1201.32,756.64,1161.59,539.59,0.8475,1164.48,535.54,0.5806,1163.32,536.70,0.5112,1152.35,540.16,0.7198,1170.25,541.90,0.7790,1134.44,566.73,0.7839,1178.92,571.93,0.8451,1117.12,593.88,0.8166,1182.96,603.70,0.7455,1130.98,603.70,0.6272,1195.67,620.45,0.7464,1140.80,629.11,0.6928,1170.83,630.85,0.6921,1137.91,687.45,0.7694,1173.72,686.29,0.7671,1130.98,722.68,0.7869,1162.17,734.81,0.7902
129,top,1,1094.66,349.77,1167.03,559.71,1139.56,367.61,0.8956,1142.63,364.02,0.9169,1135.46,364.53,0.8204,1146.73,366.07,0.8240,1127.77,367.09,0.8340,1153.91,384.01,0.8783,1115.47,390.16,0.8123,1157.50,408.61,0.7976,1103.68,421.42,0.8292,1160.57,435.26,0.8030,1100.09,453.20,0.7836,1139.56,450.64,0.7762,1121.62,451.15,0.7564,1138.53,493.69,0.7688,1126.74,495.23,0.7767,1115.98,518.81,0.7436,1129.82,546.48,0.8395
129,bottom,0,1112.35,518.49,1206.94,755.11,1164.27,538.01,0.8354,1166.58,534.55,0.5778,1166.58,535.70,0.5181,1153.87,539.17,0.7392,1172.36,540.90,0.7912,1135.96,565.74,0.7793,1181.02,571.52,0.8119,1119.21,595.20,0.8148,1189.11,605.60,0.7175,1132.50,605.60,0.6129,1198.93,621.20,0.6958,1143.47,631.60,0.6710,1172.93,632.75,0.6769,1141.16,684.17,0.7587,1174.09,685.90,0.7717,1135.38,717.67,0.7694,1162.54,733.27,0.8078
130,top,1,1095.65,349.64,1168.79,557.33,1139.82,367.80,0.8660,1142.86,364.25,0.8879,1135.26,364.25,0.8172,1146.92,366.27,0.8216,1127.65,366.78,0.8168,1154.53,383.51,0.8619,1115.48,390.11,0.7966,1159.60,407.85,0.7790,1103.82,421.04,0.8089,1161.12,434.73,0.7812,1100.78,451.46,0.7642,1141.34,450.45,0.7550,1122.08,450.45,0.7287,1142.36,494.05,0.7877,1126.13,495.57,0.7956,1118.02,516.36,0.7151,1129.17,544.76,0.8373
130,bottom,0,1117.89,514.21,1206.60,750.87,1166.29,534.90,0.8014,1168.60,532.01,0.5548,1169.18,532.59,0.5171,1155.89,536.05,0.7369,1174.38,537.79,0.7810,1137.98,563.79,0.7645,1183.04,568.41,0.7831,1121.80,593.83,0.8245,1193.44,601.92,0.6477,1131.62,607.12,0.6638,1199.80,617.52,0.5897,1145.49,630.81,0.6686,1173.80,631.97,0.6719,1145.49,679.34,0.7753,1174.38,685.12,0.7745,1139.13,716.32,0.7933,1163.40,731.92,0.8136
131,top,1,1096.75,349.68,1170.63,555.13,1139.71,367.64,0.8652,1142.72,364.13,0.8759,1135.70,364.13,0.8281,1147.23,366.13,0.8326,1128.17,366.63,0.8108,1155.76,383.69,0.8430,1115.63,389.71,0.7910,1161.78,406.76,0.7759,1103.59,420.81,0.8086,1162.28,431.84,0.7756,1101.59,450.90,0.7544,1142.72,450.40,0.7354,1123.16,450.90,0.7130,1144.22,496.55,0.7784,1127.17,496.55,0.7923,1119.65,514.60,0.7114,1129.68,544.70,0.8308
131,bottom,0,1120.07,512.07,1204.66,751.26,1167.04,531.80,0.7872,1168.79,528.30,0.5463,1169.38,529.47,0.5108,1156.53,532.39,0.7469,1175.21,534.14,0.7561,1138.43,559.83,0.7535,1184.56,563.34,0.7719,1124.41,591.37,0.8110,1197.40,601.30,0.7149,1132.00,608.89,0.6954,1197.99,616.48,0.5400,1146.60,629.91,0.6596,1174.63,631.66,0.6656,1148.35,674.29,0.7613,1174.63,682.47,0.7643,1143.68,715.75,0.7896,1164.12,730.35,0.7896
132,top,1,1096.81,349.75,1171.90,556.36,1139.90,367.31,0.8578,1142.93,363.27,0.8656,1135.87,363.78,0.8311,1147.47,365.79,0.8613,1128.30,366.30,0.8234,1156.55,383.95,0.8273,1116.20,390.00,0.7875,1163.61,406.65,0.7488,1103.59,420.77,0.7996,1163.11,433.38,0.7421,1101.57,451.04,0.7413,1144.44,450.03,0.7124,1123.26,450.53,0.6899,1145.96,497.44,0.7441,1127.29,497.44,0.7806,1122.75,512.58,0.6597,1129.82,546.37,0.7983
132,bottom,0,1123.53,507.18,1204.69,749.82,1167.66,527.79,0.8132,1169.44,524.83,0.5676,1170.03,525.42,0.5353,1157.59,528.98,0.7660,1175.96,530.16,0.7818,1139.82,555.04,0.7751,1186.03,558.60,0.7879,1127.98,589.40,0.8081,1199.65,595.32,0.7834,1132.71,608.36,0.7381,1193.73,610.13,0.6765,1147.52,624.94,0.6775,1175.37,626.72,0.6834,1150.49,670.56,0.7457,1174.77,679.44,0.7820,1148.71,718.54,0.7659,1164.70,729.20,0.7969
133,top,0,1097.19,349.67,1172.29,551.86,1139.68,367.83,0.8148,1142.64,363.39,0.7951,1135.73,363.88,0.7842,1147.08,365.86,0.8379,1128.82,366.85,0.7922,1156.95,384.12,0.8210,1115.98,389.55,0.7781,1165.34,405.84,0.7630,1103.64,420.16,0.7740,1164.36,431.02,0.7405,1102.16,450.27,0.7236,1144.61,449.28,0.7027,1123.39,450.27,0.6777,1149.05,496.18,0.7620,1127.34,496.67,0.7232,1130.79,513.95,0.7082,1129.80,543.07,0.7394
133,bottom,1,1124.32,504.43,1206.10,748.35,1168.78,523.96,0.7810,1169.97,521.58,0.5446,1171.76,521.58,0.5347,1158.06,525.15,0.7706,1176.52,526.35,0.7968,1140.79,551.36,0.7787,1186.64,553.74,0.7914,1131.26,586.49,0.7862,1200.94,588.87,0.7849,1134.24,606.74,0.7229,1189.62,603.17,0.6855,1149.13,620.43,0.6605,1174.73,622.22,0.6598,1153.30,666.88,0.7214,1175.33,675.82,0.7839,1153.89,715.72,0.7337,1166.40,725.84,0.8007
134,top,0,1097.21,349.75,1172.40,553.11,1139.28,367.52,0.8134,1142.25,363.55,0.7910,1135.30,364.05,0.7798,1147.22,365.54,0.8326,1128.35,366.53,0.7993,1157.15,383.91,0.8083,1115.94,388.87,0.7813,1166.58,405.75,0.7576,1103.53,419.65,0.7728,1164.60,433.06,0.7434,1102.54,449.94,0.7127,1145.23,449.44,0.6937,1123.88,450.43,0.6686,1150.69,496.11,0.7700,1126.86,497.10,0.7383,1135.30,517.96,0.7424,1129.35,542.78,0.7380
134,bottom,1,1125.04,502.22,1206.36,748.72,1169.31,521.96,0.7726,1169.91,518.95,0.5397,1172.32,519.55,0.5367,1159.08,522.56,0.7865,1177.74,523.76,0.7895,1141.63,548.44,0.7754,1187.37,550.24,0.7914,1133.80,583.95,0.7666,1201.21,585.75,0.7852,1136.81,606.21,0.6883,1186.76,597.19,0.6089,1150.05,617.65,0.6662,1174.73,620.05,0.6657,1154.27,664.59,0.7275,1175.33,674.22,0.7646,1156.67,710.93,0.7268,1166.30,724.77,0.7905
135,top,0,1097.42,350.00,1173.32,558.88,1139.45,367.74,0.8174,1142.51,363.66,0.8005,1135.37,364.17,0.7892,1147.61,365.70,0.8321,1128.74,366.72,0.7964,1158.32,384.57,0.8035,1115.99,389.16,0.7835,1168.52,403.95,0.7742,1103.75,419.76,0.7689,1165.97,429.45,0.7016,1102.73,450.36,0.6996,1147.10,449.85,0.6733,1124.66,451.38,0.6522,1151.69,497.79,0.7315,1127.72,498.30,0.7476,1142.51,525.83,0.6609,1129.76,544.19,0.7579
135,bottom,1,1128.23,501.03,1205.50,748.01,1170.48,520.20,0.7860,1171.09,517.19,0.5492,1172.89,517.79,0.5465,1160.23,520.80,0.7964,1178.92,522.01,0.7972,1144.55,547.34,0.7629,1187.97,548.54,0.7985,1135.51,582.91,0.7421,1200.63,582.91,0.7785,1138.52,605.22,0.6706,1186.76,592.56,0.5703,1151.19,617.28,0.6765,1175.31,618.49,0.6746,1156.01,663.71,0.7193,1176.51,672.76,0.7645,1160.83,706.53,0.6410,1166.26,724.62,0.7688
136,top,0,1097.63,350.37,1175.77,564.59,1139.84,367.53,0.8181,1142.98,363.34,0.8015,1135.66,363.87,0.8080,1148.21,365.43,0.8284,1129.38,366.48,0.7947,1159.19,385.31,0.7827,1116.30,388.97,0.7843,1171.22,404.14,0.7817,1103.75,419.83,0.7668,1166.51,429.24,0.7259,1103.23,448.59,0.7086,1147.16,450.68,0.6508,1124.67,451.73,0.6331,1152.39,497.23,0.7051,1127.81,498.80,0.7462,1147.16,533.32,0.6960,1128.86,544.30,0.7945
136,bottom,1,1129.02,501.27,1205.03,747.44,1171.23,519.78,0.7963,1172.44,517.38,0.5626,1173.04,517.98,0.5464,1161.02,520.98,0.7932,1179.65,522.19,0.7785,1145.99,546.83,0.7586,1188.66,548.63,0.7990,1138.18,581.08,0.6977,1199.48,583.49,0.7807,1139.98,606.32,0.6287,1186.86,592.50,0.5411,1152.60,615.34,0.6816,1176.04,617.14,0.6803,1157.41,663.42,0.7250,1177.24,672.43,0.7470,1163.42,703.69,0.6194,1166.43,724.12,0.7493
137,top,0,1097.53,350.39,1177.61,563.91,1140.18,368.01,0.8138,1143.82,363.31,0.7987,1136.01,363.83,0.8004,1148.52,365.40,0.8269,1129.23,366.44,0.7807,1159.46,385.73,0.7828,1116.20,388.86,0.7900,1173.02,404.50,0.7866,1103.68,419.61,0.7670,1167.28,430.56,0.7190,1103.16,449.33,0.7003,1148.00,451.41,0.6284,1125.58,451.94,0.6186,1152.17,498.85,0.7236,1128.19,497.81,0.7409,1154.25,540.04,0.7135,1129.23,544.73,0.8091
137,bottom,1,1133.96,502.48,1204.32,747.15,1172.13,521.48,0.7919,1173.92,519.09,0.5698,1174.52,519.69,0.5534,1161.97,522.67,0.7733,1180.49,523.87,0.7802,1148.23,548.96,0.7670,1188.26,548.96,0.8077,1140.47,585.39,0.7136,1198.41,585.39,0.7877,1142.26,609.89,0.6130,1188.26,591.97,0.5024,1153.61,616.46,0.6768,1176.91,618.25,0.6792,1158.99,661.85,0.7099,1179.29,672.01,0.7451,1163.76,700.68,0.6216,1167.35,722.78,0.7479
138,top,0,1098.23,349.72,1179.89,565.09,1140.11,368.01,0.8084,1143.27,363.28,0.7883,1135.90,363.81,0.7858,1149.05,365.91,0.8340,1130.12,366.96,0.7729,1160.62,385.89,0.7769,1116.45,389.05,0.7891,1175.34,405.87,0.7970,1104.36,419.54,0.7728,1167.45,432.69,0.7173,1103.30,447.41,0.7110,1148.52,451.62,0.6345,1126.44,452.67,0.6264,1152.73,499.46,0.7485,1128.02,499.46,0.7551,1157.46,541.00,0.7259,1129.59,545.74,0.8137
138,bottom,1,1137.79,506.30,1202.34,747.23,1174.18,524.41,0.8003,1175.36,522.06,0.5892,1175.36,522.65,0.5528,1164.18,525.59,0.7761,1181.24,526.77,0.7561,1149.48,550.88,0.7588,1188.30,552.65,0.8100,1143.01,585.59,0.6783,1196.54,589.12,0.8049,1144.77,613.82,0.5519,1187.13,579.12,0.4521,1153.60,619.12,0.6722,1177.71,620.88,0.6685,1160.07,659.12,0.6838,1184.77,673.24,0.7527,1164.18,696.18,0.6399,1168.89,722.65,0.7301
139,top,0,1099.10,349.54,1182.05,565.23,1140.05,367.86,0.8048,1143.73,363.65,0.7956,1135.84,364.17,0.7762,1149.53,366.28,0.8269,1130.57,366.81,0.7651,1161.11,386.29,0.7565,1116.88,388.92,0.7698,1176.91,406.30,0.7828,1105.29,418.94,0.7594,1169.54,434.21,0.7075,1103.19,447.38,0.7092,1149.00,450.54,0.6158,1126.88,450.01,0.6132,1152.69,498.46,0.7317,1128.46,498.46,0.7331,1160.06,542.16,0.7144,1129.52,544.80,0.8001
139,bottom,1,1139.33,509.67,1201.92,746.77,1175.26,528.66,0.7730,1176.99,526.34,0.5429,1178.15,526.92,0.5225,1164.84,530.40,0.7589,1182.78,530.97,0.7293,1151.52,553.55,0.7435,1188.57,554.71,0.8006,1146.31,581.91,0.5667,1194.36,591.75,0.7820,1171.78,577.86,0.3606,1185.68,584.23,0.4778,1152.10,616.07,0.6578,1177.57,617.80,0.6388,1161.36,653.69,0.6828,1189.15,673.95,0.7375,1166.57,695.95,0.6651,1172.36,717.95,0.7381
140,top,0,1099.14,349.45,1182.45,564.79,1139.74,367.75,0.8080,1143.95,363.54,0.7934,1136.06,364.07,0.7802,1149.73,366.17,0.8200,1130.28,367.22,0.7693,1162.35,386.67,0.7441,1117.66,388.25,0.7680,1178.12,408.23,0.7711,1106.62,418.74,0.7540,1169.18,437.14,0.7074,1103.47,446.61,0.7009,1150.26,451.34,0.6104,1127.12,450.29,0.6067,1153.41,498.13,0.7201,1128.70,497.60,0.7267,1160.25,541.76,0.7258,1129.75,544.92,0.7868
140,bottom,1,1140.40,514.38,1202.56,748.50,1177.20,531.98,0.7849,1178.91,530.27,0.5439,1180.05,530.84,0.5123,1167.48,534.27,0.7210,1183.48,534.84,0.7034,1154.33,554.85,0.7313,1189.77,556.56,0.7912,1147.47,580.57,0.5702,1193.20,590.86,0.6153,1150.90,584.00,0.3201,1189.77,593.71,0.4705,1152.62,614.86,0.6672,1177.77,616.58,0.6528,1161.76,652.59,0.6300,1190.91,674.88,0.7490,1167.48,694.88,0.6527,1173.20,715.46,0.7485
141,top,0,1098.28,348.92,1185.89,564.92,1140.50,367.27,0.8040,1144.19,363.06,0.7948,1136.28,363.58,0.7727,1150.52,365.69,0.8124,1131.01,366.75,0.7713,1163.18,386.79,0.7378,1118.88,387.84,0.7629,1179.53,408.93,0.7763,1108.34,417.90,0.7542,1171.09,437.94,0.7242,1102.53,445.85,0.6978,1151.05,452.70,0.6060,1127.85,451.65,0.5999,1154.21,499.64,0.7129,1128.90,498.05,0.7269,1160.01,542.35,0.7205,1129.43,544.99,0.7891
141,bottom,1,1142.75,519.54,1202.62,746.64,1179.33,534.95,0.7594,1181.55,533.84,0.5290,1183.22,534.40,0.5026,1169.91,537.72,0.7025,1187.10,538.28,0.6976,1155.49,556.57,0.7245,1191.53,556.02,0.7898,1148.29,581.52,0.5613,1192.09,589.84,0.5918,1148.84,622.00,0.3204,1190.42,594.28,0.5347,1152.17,612.57,0.6490,1177.67,613.68,0.6368,1161.59,653.05,0.6283,1190.98,674.12,0.7313,1167.69,697.40,0.6106,1172.68,711.82,0.7449
142,top,0,1098.29,348.44,1186.41,564.22,1140.24,367.30,0.8196,1143.93,363.09,0.8013,1136.56,363.61,0.7833,1150.78,365.72,0.8263,1131.29,366.78,0.7832,1164.48,387.32,0.7437,1119.70,387.32,0.7753,1181.33,409.97,0.7882,1109.69,417.35,0.7654,1172.91,436.31,0.7293,1103.37,444.74,0.7235,1151.83,453.17,0.6274,1128.65,452.64,0.6235,1154.99,500.58,0.7278,1129.18,498.48,0.7429,1159.21,543.78,0.7516,1129.71,545.89,0.8060
142,bottom,1,1141.25,523.93,1202.85,746.10,1180.73,538.47,0.7724,1181.82,536.84,0.5157,1183.99,537.92,0.4887,1170.97,541.72,0.6888,1189.41,542.26,0.6658,1157.41,559.08,0.7076,1192.66,556.37,0.7793,1148.19,578.06,0.5340,1193.21,578.60,0.5929,1149.81,622.00,0.2876,1192.12,595.42,0.5722,1151.44,610.61,0.6743,1176.93,610.61,0.6429,1162.29,651.83,0.6306,1191.04,671.36,0.7249,1167.17,698.48,0.6002,1170.97,709.33,0.7353
