frame,player,det_idx,bbox_x1,bbox_y1,bbox_x2,bbox_y2,nose_x,nose_y,nose_s,L_eye_x,L_eye_y,L_eye_s,R_eye_x,R_eye_y,R_eye_s,L_ear_x,L_ear_y,L_ear_s,R_ear_x,R_ear_y,R_ear_s,L_shoulder_x,L_shoulder_y,L_shoulder_s,R_shoulder_x,R_shoulder_y,R_shoulder_s,L_elbow_x,L_elbow_y,L_elbow_s,R_elbow_x,R_elbow_y,R_elbow_s,L_wrist_x,L_wrist_y,L_wrist_s,R_wrist_x,R_wrist_y,R_wrist_s,L_hip_x,L_hip_y,L_hip_s,R_hip_x,R_hip_y,R_hip_s,L_knee_x,L_knee_y,L_knee_s,R_knee_x,R_knee_y,R_knee_s,L_ankle_x,L_ankle_y,L_ankle_s,R_ankle_x,R_ankle_y,R_ankle_s
0,top,1,896.52,372.90,980.81,591.57,926.92,392.01,0.8325,930.12,388.27,0.8661,922.65,388.27,0.8693,936.53,389.34,0.8903,917.31,390.94,0.8459,950.94,409.09,0.7881,906.63,411.76,0.8333,962.15,434.18,0.8043,901.83,436.32,0.7577,972.30,456.07,0.7804,906.10,450.73,0.7961,941.33,472.62,0.6243,920.51,472.62,0.6423,943.47,518.54,0.6899,918.38,514.80,0.7272,945.07,564.45,0.7728,932.26,542.03,0.7959
0,bottom,0,997.17,571.04,1102.26,837.17,1056.86,593.00,0.7379,1056.86,587.80,0.5640,1059.46,588.45,0.5379,1043.87,593.00,0.7831,1063.36,594.30,0.7597,1026.97,620.94,0.7841,1075.05,626.78,0.7973,1007.48,656.67,0.8009,1085.45,667.72,0.8033,1002.93,691.11,0.7956,1095.19,704.75,0.7585,1036.72,704.10,0.6982,1059.46,705.40,0.6925,1044.51,749.58,0.7506,1057.51,759.98,0.7987,1045.16,801.56,0.7228,1044.51,818.45,0.7515
1,top,1,896.47,372.98,980.81,591.59,926.90,392.62,0.8301,930.10,388.35,0.8623,922.63,388.35,0.8678,936.50,389.42,0.8900,917.29,391.02,0.8468,950.91,409.16,0.7908,906.62,411.83,0.8374,962.12,434.25,0.8070,901.81,436.38,0.7615,972.26,456.13,0.7843,906.08,450.79,0.8034,941.31,472.68,0.6317,920.49,472.68,0.6497,943.44,518.58,0.6924,918.36,514.84,0.7287,945.04,564.48,0.7740,932.23,542.06,0.7960
1,bottom,0,997.69,571.24,1103.59,837.38,1055.84,593.21,0.7298,1055.19,588.01,0.5544,1058.44,588.01,0.5416,1043.49,593.21,0.7861,1062.98,593.86,0.7619,1027.25,620.50,0.7783,1074.03,625.69,0.7934,1006.46,654.93,0.8002,1086.37,666.63,0.7967,1004.51,689.37,0.7760,1096.77,700.41,0.7578,1036.34,704.31,0.7066,1059.73,705.61,0.6926,1043.49,749.79,0.7636,1057.14,760.19,0.7893,1043.49,799.82,0.7377,1044.79,818.02,0.7587
2,top,1,896.48,373.04,980.78,591.42,926.90,392.13,0.8194,930.10,388.40,0.8538,922.63,388.40,0.8567,936.50,388.93,0.8847,917.30,391.06,0.8378,950.89,409.19,0.7892,906.64,411.85,0.8357,962.09,434.25,0.8052,901.84,436.38,0.7604,972.22,456.11,0.7825,905.57,450.78,0.8005,941.29,472.64,0.6301,920.50,472.64,0.6476,943.43,518.49,0.6945,918.37,514.76,0.7296,945.03,564.34,0.7742,932.23,541.95,0.7950
2,bottom,0,998.02,571.08,1109.68,837.46,1055.80,591.76,0.7364,1055.80,587.21,0.5510,1058.40,586.56,0.5565,1043.44,592.41,0.7708,1062.95,593.06,0.7545,1027.19,620.38,0.7667,1073.36,623.63,0.7884,1005.07,654.20,0.8038,1087.67,663.95,0.7936,1005.72,686.06,0.7665,1098.72,695.17,0.7700,1036.94,704.92,0.7150,1060.35,705.57,0.6938,1044.09,751.10,0.7595,1057.75,759.55,0.7797,1043.44,800.52,0.7290,1044.75,818.73,0.7778
3,top,1,896.54,372.98,980.71,591.75,926.87,392.10,0.8169,930.08,388.36,0.8477,922.60,388.36,0.8554,936.49,389.43,0.8805,917.26,391.03,0.8315,950.91,409.19,0.7869,906.58,411.86,0.8359,962.13,434.30,0.8052,901.77,436.43,0.7591,972.27,456.20,0.7845,906.04,450.32,0.8042,941.30,472.75,0.6331,920.47,473.29,0.6502,943.43,518.69,0.6933,918.33,514.95,0.7298,945.03,564.09,0.7757,932.22,542.19,0.7945
3,bottom,0,998.24,571.21,1109.16,837.36,1053.70,591.22,0.7222,1053.70,586.67,0.5332,1056.30,586.67,0.5245,1042.66,592.52,0.7761,1062.15,592.52,0.7508,1026.41,620.46,0.7630,1072.55,623.06,0.7881,1004.32,652.95,0.8129,1088.79,661.40,0.7678,1008.22,680.24,0.7583,1099.19,687.39,0.7648,1036.81,703.63,0.7191,1060.20,704.93,0.6965,1043.31,751.72,0.7615,1057.60,759.52,0.7847,1043.31,801.10,0.7299,1045.26,818.00,0.7758
4,top,1,896.56,373.16,980.70,591.94,926.35,392.28,0.7950,930.09,388.01,0.8272,922.61,388.01,0.8385,936.50,389.08,0.8704,917.27,390.68,0.8161,950.92,408.84,0.7859,906.59,412.05,0.8364,962.14,434.48,0.8029,901.78,436.62,0.7578,972.28,456.38,0.7886,906.05,450.50,0.8043,941.84,472.94,0.6350,920.47,472.94,0.6513,943.44,518.87,0.6952,918.34,515.13,0.7269,945.04,564.27,0.7772,932.22,542.38,0.7918
4,bottom,0,997.89,570.46,1107.55,837.30,1053.37,591.17,0.7133,1053.37,586.61,0.5231,1055.98,585.96,0.5277,1041.65,592.48,0.7673,1061.19,592.48,0.7528,1026.66,619.84,0.7593,1072.92,622.44,0.7779,1002.56,651.76,0.8212,1090.50,660.23,0.7551,1010.37,675.86,0.7521,1100.28,681.73,0.7564,1036.43,702.57,0.7187,1059.89,703.88,0.6934,1042.95,751.43,0.7658,1057.28,759.25,0.7789,1042.30,801.60,0.7340,1044.90,818.53,0.7837
5,top,1,896.54,373.05,980.69,591.98,926.86,392.18,0.8010,930.07,387.90,0.8317,922.58,387.90,0.8442,936.48,388.97,0.8724,917.24,390.58,0.8171,950.91,409.28,0.7865,906.55,411.42,0.8376,962.14,434.41,0.8042,901.74,436.54,0.7577,972.29,456.32,0.7892,906.01,450.44,0.8042,941.82,472.89,0.6379,920.44,472.89,0.6535,943.96,518.86,0.6976,918.31,515.12,0.7273,945.03,564.29,0.7787,932.20,542.37,0.7933
5,bottom,0,995.52,570.77,1106.72,837.10,1051.77,590.14,0.7175,1052.42,586.24,0.5245,1053.72,585.59,0.5038,1040.72,592.09,0.7433,1060.23,592.09,0.7300,1025.77,619.40,0.7513,1072.58,622.00,0.7663,1001.06,651.26,0.8145,1091.44,658.42,0.7275,1014.06,672.07,0.7354,1098.59,672.72,0.7125,1035.52,701.98,0.7035,1059.58,703.28,0.6787,1042.02,751.40,0.7542,1056.98,759.20,0.7693,1042.02,801.46,0.7043,1044.62,819.02,0.7632
6,top,1,896.57,373.04,980.53,592.11,926.78,392.18,0.8077,929.99,387.91,0.8367,922.50,387.91,0.8487,936.41,388.97,0.8778,917.16,390.58,0.8253,951.39,409.30,0.7848,906.46,411.44,0.8358,962.08,434.44,0.8016,902.18,436.04,0.7566,972.25,456.37,0.7890,905.92,450.48,0.8054,941.76,472.95,0.6345,920.90,473.48,0.6501,943.90,518.95,0.6969,918.23,515.20,0.7249,944.97,564.41,0.7761,932.67,542.48,0.7902
6,bottom,0,994.38,570.50,1104.96,837.76,1050.32,589.94,0.7143,1050.32,586.03,0.5289,1052.28,585.38,0.5069,1039.88,591.90,0.7327,1058.80,591.25,0.7308,1024.87,619.31,0.7355,1072.51,619.96,0.7395,1000.08,649.97,0.8043,1092.73,655.19,0.6994,1015.74,666.94,0.6923,1097.30,665.63,0.6494,1034.66,700.87,0.6864,1059.46,701.52,0.6602,1041.19,751.11,0.7434,1056.85,758.94,0.7572,1041.19,800.70,0.7013,1045.10,818.97,0.7521
7,top,1,896.59,373.09,980.54,591.96,926.81,392.22,0.8048,930.02,387.94,0.8327,922.54,387.94,0.8447,936.43,389.01,0.8738,917.19,390.61,0.8210,951.39,409.32,0.7826,906.51,411.45,0.8338,962.08,434.43,0.7998,902.23,436.03,0.7544,972.23,456.34,0.7869,905.97,450.46,0.8011,941.77,472.91,0.6327,920.93,473.44,0.6491,943.91,518.86,0.6945,918.26,515.12,0.7251,944.98,564.28,0.7758,932.15,542.37,0.7897
7,bottom,0,992.98,570.31,1103.48,837.98,1048.89,589.78,0.7075,1048.89,585.86,0.5224,1050.85,585.86,0.5023,1038.43,591.74,0.7319,1057.38,591.09,0.7281,1024.05,619.19,0.7381,1072.41,619.19,0.7369,999.22,648.59,0.8063,1095.28,655.78,0.7373,1018.17,660.36,0.6461,1096.59,660.36,0.6306,1033.86,699.57,0.6714,1059.34,700.22,0.6508,1041.04,750.54,0.7420,1056.07,758.38,0.7621,1041.04,800.86,0.7044,1044.97,819.16,0.7417
8,top,1,896.68,373.27,980.54,592.00,926.86,391.86,0.7947,930.06,387.58,0.8266,922.59,388.12,0.8362,936.47,389.19,0.8703,917.25,390.25,0.8123,951.42,408.94,0.7841,906.57,411.61,0.8360,962.10,434.58,0.8014,902.30,436.71,0.7536,972.25,456.47,0.7882,906.03,450.60,0.8032,941.81,473.02,0.6334,920.99,473.56,0.6500,943.95,518.95,0.6954,918.32,515.21,0.7230,945.02,564.34,0.7780,932.20,542.44,0.7889
8,bottom,0,992.56,570.87,1102.98,838.22,1048.43,590.32,0.6958,1047.77,586.41,0.5124,1051.04,585.75,0.5149,1037.98,592.93,0.7417,1056.26,591.63,0.7426,1023.62,619.69,0.7466,1072.58,618.39,0.7414,998.17,647.76,0.8231,1096.73,653.63,0.7759,1018.40,655.59,0.6320,1093.46,651.02,0.5534,1034.07,698.67,0.6758,1058.87,698.67,0.6543,1040.59,750.24,0.7413,1055.61,758.07,0.7626,1041.25,801.15,0.7025,1045.16,818.77,0.7458
9,top,1,896.65,373.22,980.55,591.96,926.85,391.80,0.7941,930.05,387.53,0.8270,922.58,388.07,0.8374,936.46,389.13,0.8691,917.24,390.74,0.8112,951.42,408.89,0.7843,906.56,411.56,0.8362,962.10,434.53,0.8016,902.29,436.66,0.7544,972.24,456.42,0.7886,906.02,450.55,0.8051,941.80,472.98,0.6344,920.98,473.51,0.6509,943.94,518.90,0.6967,918.31,515.16,0.7250,945.01,564.29,0.7797,932.19,542.40,0.7902
9,bottom,0,990.50,571.62,1103.51,838.10,1046.36,590.35,0.7384,1045.71,587.10,0.5160,1047.66,586.45,0.4965,1037.25,593.61,0.7536,1056.12,592.31,0.7389,1023.59,619.63,0.7426,1071.73,617.68,0.7409,996.91,646.96,0.8224,1096.45,650.86,0.8235,1019.03,652.16,0.6124,1082.14,637.85,0.5382,1034.00,697.05,0.6793,1057.42,697.05,0.6650,1041.15,749.75,0.7320,1055.47,757.56,0.7486,1041.15,799.84,0.6982,1045.06,818.06,0.7487
10,top,1,896.68,373.14,980.52,592.00,926.31,392.27,0.7762,930.05,387.99,0.8105,922.57,387.99,0.8197,936.46,389.06,0.8606,917.23,390.67,0.8030,950.89,408.83,0.7855,906.54,411.50,0.8361,962.11,434.48,0.7995,902.27,436.62,0.7541,972.26,456.39,0.7880,906.01,450.51,0.8036,941.81,472.95,0.6347,920.97,473.48,0.6511,943.94,518.90,0.6950,918.30,515.16,0.7238,945.01,564.32,0.7757,932.19,542.41,0.7894
10,bottom,0,989.77,572.04,1103.92,837.70,1045.55,590.72,0.7597,1045.55,587.48,0.5186,1046.20,586.83,0.5021,1037.12,593.96,0.7561,1055.28,592.67,0.7467,1023.50,619.91,0.7449,1071.49,617.31,0.7335,996.26,646.50,0.8268,1096.79,649.74,0.8371,1019.60,651.04,0.6204,1080.57,632.23,0.5636,1033.23,695.79,0.6807,1056.57,695.79,0.6696,1040.36,748.97,0.7335,1055.28,756.76,0.7463,1041.01,799.56,0.7037,1045.55,817.72,0.7600
11,top,1,896.69,372.98,980.48,592.00,926.82,392.66,0.7986,930.03,388.38,0.8292,922.54,388.38,0.8389,936.44,389.45,0.8711,917.19,391.05,0.8128,950.88,409.23,0.7886,906.50,411.91,0.8381,962.11,434.37,0.7976,902.22,436.50,0.7581,972.27,456.29,0.7871,905.96,450.41,0.8082,941.79,472.87,0.6346,920.94,473.40,0.6510,943.93,518.85,0.6939,918.26,515.11,0.7232,945.00,564.31,0.7751,932.17,542.38,0.7916
11,bottom,0,989.62,572.05,1104.26,838.38,1044.99,591.43,0.7784,1044.99,588.18,0.5207,1045.64,587.53,0.5008,1036.53,594.68,0.7727,1054.74,593.38,0.7572,1023.53,620.69,0.7404,1071.65,617.44,0.7379,994.92,646.70,0.8337,1097.65,648.00,0.8487,1019.63,649.30,0.6207,1081.40,633.04,0.5515,1033.28,696.11,0.6844,1056.04,695.46,0.6876,1040.44,748.78,0.7379,1055.39,756.58,0.7437,1041.09,800.15,0.7094,1046.29,817.05,0.7584
12,top,1,896.65,373.31,980.40,592.02,926.24,392.43,0.7780,929.98,388.15,0.8126,922.51,388.69,0.8177,936.39,389.22,0.8640,917.17,390.82,0.8025,951.34,408.98,0.7878,906.49,412.18,0.8376,962.02,434.61,0.7970,902.22,436.74,0.7563,972.17,456.50,0.7857,905.95,450.63,0.8041,941.73,473.59,0.6350,920.90,473.59,0.6511,943.87,518.98,0.6950,918.24,515.24,0.7228,944.93,564.36,0.7748,932.12,541.94,0.7900
12,bottom,0,987.94,573.20,1105.40,838.91,1044.08,591.88,0.7601,1044.08,589.29,0.5100,1044.72,588.64,0.4924,1036.29,595.77,0.7616,1054.46,593.83,0.7442,1023.32,621.07,0.7357,1071.32,617.18,0.7306,994.13,647.02,0.8372,1097.92,646.37,0.8428,1019.43,649.62,0.6148,1082.35,631.45,0.5585,1032.40,695.03,0.6830,1055.75,695.03,0.6815,1040.83,748.87,0.7460,1055.75,756.00,0.7541,1040.83,800.77,0.7108,1046.67,816.34,0.7691
13,top,1,896.58,373.39,980.32,591.88,926.18,393.02,0.7705,929.92,388.22,0.8087,922.45,388.76,0.8108,936.32,389.29,0.8623,917.12,390.89,0.7990,951.25,409.02,0.7881,906.45,412.23,0.8375,961.92,434.63,0.7997,902.18,436.76,0.7577,972.06,456.50,0.7862,905.91,450.63,0.8017,942.19,473.57,0.6372,920.85,473.57,0.6534,943.79,518.91,0.6995,918.18,515.17,0.7243,944.85,564.78,0.7800,932.05,542.38,0.7914
13,bottom,0,986.42,573.84,1105.77,839.50,1044.15,593.17,0.7457,1042.85,590.57,0.4987,1044.80,589.27,0.4788,1036.37,596.41,0.7607,1053.88,594.46,0.7430,1023.39,621.70,0.7328,1070.74,617.81,0.7279,993.56,647.00,0.8326,1097.98,645.05,0.8432,1018.85,649.59,0.6106,1084.36,630.78,0.5746,1032.47,694.99,0.6784,1055.17,694.35,0.6792,1040.91,748.18,0.7387,1056.47,755.31,0.7512,1040.91,800.71,0.7119,1047.39,815.63,0.7735
14,top,1,896.67,373.37,980.17,591.99,926.14,393.01,0.7806,929.34,388.74,0.8180,921.87,388.74,0.8187,936.28,389.28,0.8691,917.07,390.88,0.7987,951.23,409.02,0.7871,906.39,412.23,0.8362,961.90,434.64,0.7996,902.12,436.78,0.7548,972.04,456.53,0.7826,905.86,450.65,0.8011,942.15,473.61,0.6351,920.80,473.61,0.6515,943.75,518.97,0.6999,918.14,514.70,0.7237,944.82,564.34,0.7785,932.01,541.92,0.7904
14,bottom,0,986.02,574.12,1106.45,840.83,1043.63,593.52,0.7668,1043.63,590.92,0.5205,1043.63,589.61,0.5047,1036.47,596.78,0.7507,1053.40,594.82,0.7370,1022.79,622.17,0.7328,1070.33,617.61,0.7385,993.49,647.57,0.8345,1098.33,644.96,0.8360,1019.54,649.52,0.6201,1084.00,629.99,0.5619,1031.26,694.45,0.6767,1055.35,693.80,0.6727,1041.02,747.85,0.7410,1057.95,755.66,0.7549,1041.02,801.24,0.7261,1048.19,814.91,0.7793
15,top,1,896.70,376.10,980.15,591.92,926.31,393.38,0.7804,930.00,389.17,0.8122,922.09,389.70,0.8154,936.32,389.70,0.8574,916.82,391.28,0.8017,951.60,409.72,0.7795,906.29,411.83,0.8376,962.14,435.01,0.7887,902.07,437.64,0.7461,972.15,457.14,0.7743,906.29,451.34,0.7713,942.11,474.00,0.6308,920.51,474.00,0.6453,943.69,519.31,0.6932,917.88,515.62,0.7170,944.75,565.15,0.7736,932.10,541.97,0.7833
15,bottom,0,985.90,574.31,1106.37,840.98,1042.88,593.71,0.8039,1043.53,591.10,0.5311,1042.22,590.45,0.5231,1035.71,596.96,0.7567,1052.64,595.01,0.7409,1022.69,623.01,0.7403,1070.22,617.80,0.7505,992.74,647.75,0.8443,1098.87,644.49,0.8487,1018.79,651.00,0.6168,1085.19,630.82,0.5701,1030.51,693.97,0.6801,1055.25,693.32,0.6849,1040.92,747.36,0.7440,1059.15,755.82,0.7581,1040.92,802.70,0.7446,1048.74,813.77,0.7851
16,top,1,896.69,375.92,979.96,591.96,926.72,393.74,0.7894,929.88,389.00,0.8208,922.50,389.52,0.8265,936.74,389.52,0.8625,916.70,391.63,0.8107,950.98,409.57,0.7797,906.68,411.68,0.8378,961.53,434.88,0.7931,902.46,436.99,0.7520,972.08,457.04,0.7793,906.15,451.24,0.7860,942.01,473.92,0.6313,920.39,473.92,0.6454,943.60,519.28,0.6935,918.28,515.06,0.7158,944.65,564.64,0.7764,931.99,541.96,0.7849
16,bottom,0,985.82,575.29,1106.29,844.02,1042.77,593.53,0.8035,1042.77,590.91,0.5325,1042.12,590.25,0.5363,1035.56,597.47,0.7550,1052.61,595.50,0.7427,1022.43,623.05,0.7390,1069.67,618.46,0.7440,992.25,647.33,0.8390,1098.54,645.36,0.8480,1018.50,651.92,0.6223,1082.79,629.61,0.5684,1030.96,693.91,0.6864,1055.24,693.25,0.6913,1042.12,747.05,0.7476,1059.83,754.92,0.7568,1040.80,802.82,0.7512,1051.30,811.34,0.7893
17,top,1,896.59,375.61,979.85,591.88,926.60,393.98,0.7921,929.77,389.76,0.8237,922.38,389.76,0.8333,936.63,389.76,0.8629,917.10,391.34,0.8099,950.89,409.30,0.7830,906.54,411.94,0.8380,961.98,435.17,0.8006,902.31,436.75,0.7580,971.48,456.82,0.7861,906.01,451.54,0.7977,941.91,473.71,0.6314,920.79,473.71,0.6464,943.50,518.59,0.6937,918.15,514.90,0.7136,944.55,564.53,0.7776,931.88,541.82,0.7856
17,bottom,0,985.56,575.79,1106.08,843.65,1042.55,594.63,0.7975,1041.90,592.01,0.5224,1041.90,591.36,0.5324,1034.71,597.90,0.7646,1052.36,595.93,0.7492,1022.28,624.05,0.7480,1069.36,618.82,0.7514,991.55,647.60,0.8523,1098.79,644.98,0.8583,1018.36,653.48,0.6243,1083.10,629.29,0.5685,1031.44,695.33,0.6913,1054.98,694.68,0.6979,1042.55,746.99,0.7581,1060.86,754.19,0.7565,1041.24,803.23,0.7724,1053.02,811.08,0.7925
18,top,1,896.69,375.39,979.79,592.05,926.07,394.33,0.7853,929.77,390.10,0.8154,922.37,390.63,0.8246,936.65,390.10,0.8597,917.08,392.21,0.7983,950.93,409.67,0.7858,906.50,411.78,0.8349,961.51,435.06,0.8033,902.27,437.17,0.7552,971.56,456.75,0.7896,905.97,451.46,0.7977,941.94,473.67,0.6286,920.78,473.67,0.6444,943.53,518.63,0.6909,918.14,514.93,0.7142,944.58,564.65,0.7728,931.89,541.91,0.7854
18,bottom,0,984.26,576.30,1106.82,841.66,1041.65,594.95,0.8143,1041.65,592.36,0.5177,1041.65,591.07,0.5365,1034.53,598.19,0.7615,1052.02,596.25,0.7457,1021.57,624.76,0.7582,1068.86,618.92,0.7598,991.12,648.08,0.8637,1098.67,645.49,0.8686,1017.68,655.20,0.6312,1083.12,630.59,0.5797,1030.64,694.08,0.6918,1055.26,692.78,0.6999,1042.95,747.20,0.7671,1061.74,754.33,0.7614,1041.65,803.56,0.7895,1055.26,810.69,0.8015
19,top,1,896.68,374.07,979.62,592.13,926.43,394.73,0.7443,929.63,389.94,0.7853,922.17,390.47,0.7854,936.55,389.94,0.8488,916.85,391.54,0.7753,950.92,409.64,0.7876,906.20,412.30,0.8341,961.57,435.19,0.7949,901.95,437.32,0.7505,971.69,456.49,0.7849,905.67,451.16,0.7898,941.87,473.52,0.6252,920.58,473.52,0.6447,943.47,518.77,0.6778,918.45,514.51,0.7143,945.07,564.56,0.7674,931.76,542.20,0.7909
19,bottom,0,984.02,577.15,1106.49,846.27,1041.32,595.41,0.8041,1040.66,592.79,0.5118,1041.32,592.13,0.5262,1034.09,598.70,0.7613,1051.83,596.73,0.7427,1021.60,624.98,0.7540,1068.25,619.07,0.7561,990.72,647.98,0.8522,1098.48,646.66,0.8586,1017.01,655.20,0.6328,1084.02,632.86,0.5631,1030.80,693.97,0.6887,1055.11,692.65,0.6951,1042.63,747.19,0.7615,1061.68,755.07,0.7491,1041.97,803.03,0.7799,1057.08,809.60,0.8245
20,top,1,896.73,374.17,979.46,592.03,926.39,394.81,0.7542,930.12,390.55,0.7933,922.14,390.55,0.7931,936.50,390.02,0.8526,916.82,392.15,0.7822,950.86,409.70,0.7890,906.18,412.36,0.8345,961.50,435.23,0.7956,901.93,437.36,0.7487,971.07,456.51,0.7867,905.65,451.19,0.7895,941.82,472.99,0.6244,920.54,473.53,0.6441,943.95,518.73,0.6746,918.42,514.48,0.7149,945.01,564.48,0.7675,932.25,542.14,0.7917
20,bottom,0,983.80,577.73,1105.68,841.65,1041.52,596.28,0.8174,1040.87,593.71,0.5104,1041.52,592.42,0.5300,1034.43,599.51,0.7582,1051.83,597.57,0.7397,1021.54,625.92,0.7540,1067.94,619.48,0.7583,990.62,649.12,0.8628,1098.22,647.19,0.8751,1017.03,658.79,0.6314,1084.69,634.30,0.5745,1030.57,695.51,0.6844,1055.05,693.58,0.6936,1043.45,747.06,0.7625,1062.14,756.08,0.7498,1042.16,803.12,0.7926,1058.27,810.21,0.8198
21,top,1,896.75,374.22,979.30,591.99,926.33,394.85,0.7516,930.05,390.59,0.7921,922.08,390.59,0.7915,936.43,390.06,0.8524,916.76,392.19,0.7808,950.79,409.73,0.7899,906.13,412.39,0.8360,961.42,435.25,0.7932,902.41,437.38,0.7487,970.99,456.52,0.7912,906.13,451.20,0.7879,942.28,473.00,0.6260,920.48,473.53,0.6457,943.88,518.72,0.6784,918.36,514.47,0.7174,944.94,564.45,0.7673,932.18,542.12,0.7917
21,bottom,0,983.17,578.78,1104.92,827.29,1041.62,596.86,0.8255,1041.62,593.82,0.4830,1041.62,592.61,0.5234,1033.73,599.89,0.7409,1051.33,597.46,0.7233,1020.38,626.59,0.7612,1067.71,619.91,0.7666,990.05,650.25,0.8659,1098.04,649.04,0.8781,1017.35,658.74,0.6381,1091.98,636.29,0.5910,1030.70,696.36,0.6754,1054.97,694.54,0.6886,1043.44,747.93,0.7741,1062.85,755.82,0.7706,1042.23,801.93,0.8292,1059.82,808.00,0.8248
22,top,1,896.63,374.11,979.31,591.95,926.27,395.28,0.7213,929.46,390.49,0.7661,922.02,390.49,0.7629,936.37,390.49,0.8410,916.70,392.09,0.7669,950.73,409.64,0.7881,906.06,412.83,0.8342,961.37,435.17,0.7903,902.34,437.83,0.7460,970.94,456.44,0.7878,906.06,451.65,0.7750,942.22,473.46,0.6192,920.42,473.46,0.6410,943.82,518.66,0.6772,918.29,514.41,0.7192,944.88,564.40,0.7668,932.12,542.06,0.7911
22,bottom,0,983.16,578.46,1104.81,850.60,1041.33,596.93,0.7957,1040.00,594.94,0.5255,1041.33,593.61,0.5263,1034.02,600.92,0.7732,1051.96,598.93,0.7430,1020.73,627.49,0.7443,1067.90,622.18,0.7475,990.83,650.08,0.8368,1098.47,649.42,0.8558,1016.08,658.06,0.5975,1085.18,636.13,0.5517,1031.36,695.93,0.6852,1054.62,694.60,0.6924,1043.32,746.42,0.7512,1062.59,757.05,0.7130,1041.99,801.57,0.7683,1061.26,811.53,0.7843
23,top,1,896.60,374.18,978.97,591.84,926.10,394.80,0.7162,929.82,390.55,0.7608,921.85,390.55,0.7550,936.19,390.55,0.8350,917.06,392.14,0.7686,950.54,409.68,0.7848,905.90,412.86,0.8324,961.17,435.18,0.7879,902.18,437.84,0.7424,970.73,456.97,0.7829,906.43,451.66,0.7542,942.04,473.44,0.6156,920.25,473.44,0.6369,944.16,518.61,0.6727,918.13,514.36,0.7198,944.69,564.31,0.7623,932.47,542.52,0.7878
23,bottom,0,983.09,578.41,1105.85,837.05,1041.94,597.86,0.8243,1041.31,594.71,0.5083,1041.31,594.07,0.5346,1034.37,600.39,0.7470,1051.41,598.49,0.7222,1020.47,628.17,0.7564,1068.46,622.49,0.7546,990.80,651.53,0.8594,1098.14,650.27,0.8803,1017.32,661.64,0.6373,1087.41,637.01,0.5785,1030.58,697.00,0.6735,1055.20,695.10,0.6872,1043.21,747.51,0.7580,1063.41,759.51,0.7487,1041.94,803.08,0.8129,1061.52,811.29,0.8221
24,top,1,896.62,374.67,978.93,591.76,926.11,394.70,0.6978,929.82,389.93,0.7431,921.87,389.93,0.7385,936.18,390.46,0.8232,917.10,392.05,0.7632,950.49,409.54,0.7886,905.97,412.72,0.8359,961.09,435.51,0.7870,902.26,438.16,0.7407,970.63,457.24,0.7797,906.50,451.94,0.7360,942.01,473.14,0.6203,920.28,473.67,0.6422,944.13,518.73,0.6749,918.16,514.49,0.7195,945.19,564.31,0.7686,932.47,542.58,0.7895
24,bottom,0,983.47,579.29,1105.63,849.31,1041.92,598.27,0.8270,1041.26,595.64,0.5336,1041.26,594.98,0.5414,1034.66,601.57,0.7695,1052.46,600.25,0.7436,1021.48,628.60,0.7493,1068.29,623.32,0.7478,990.49,651.67,0.8460,1098.61,651.01,0.8598,1016.86,662.88,0.6112,1087.40,639.15,0.5586,1030.71,696.50,0.6872,1055.10,695.18,0.6947,1043.23,746.60,0.7505,1063.67,759.13,0.7268,1042.58,801.32,0.7711,1061.69,813.19,0.7917
25,top,1,896.69,374.96,978.84,591.71,925.59,393.90,0.7053,929.30,389.67,0.7504,921.36,390.20,0.7493,936.18,390.20,0.8220,916.60,392.32,0.7666,950.46,409.78,0.7895,906.01,412.95,0.8314,960.52,435.71,0.7854,902.31,438.35,0.7355,970.57,456.87,0.7765,907.07,452.11,0.7148,942.53,473.28,0.6181,920.83,473.81,0.6384,944.11,518.26,0.6786,918.19,514.55,0.7166,945.17,564.29,0.7698,932.47,542.60,0.7878
25,bottom,0,983.61,579.87,1106.80,844.75,1041.97,599.14,0.8291,1041.33,596.56,0.5235,1041.97,595.26,0.5444,1034.86,601.73,0.7687,1052.32,600.44,0.7479,1021.28,629.54,0.7543,1068.49,623.72,0.7562,990.89,652.82,0.8601,1098.88,650.88,0.8669,1016.75,663.81,0.6256,1086.59,637.30,0.5760,1030.33,697.44,0.6815,1054.91,696.15,0.6902,1043.91,747.23,0.7465,1063.96,760.17,0.7429,1041.97,802.20,0.7958,1062.02,814.49,0.8058
26,top,1,896.80,375.48,978.85,591.67,926.21,393.85,0.7186,929.38,389.63,0.7596,921.99,389.63,0.7645,935.71,390.68,0.8248,916.71,391.74,0.7828,950.49,409.68,0.7863,905.63,413.38,0.8277,960.52,435.55,0.7889,902.99,438.19,0.7322,970.02,457.19,0.7779,907.21,452.44,0.7206,942.57,473.55,0.6141,920.93,473.55,0.6318,944.16,518.41,0.6873,918.30,514.72,0.7141,945.21,564.33,0.7755,932.55,542.69,0.7822
26,bottom,0,983.56,579.91,1107.79,848.87,1042.39,598.82,0.8401,1041.73,596.20,0.5341,1041.73,594.88,0.5495,1035.17,602.11,0.7643,1052.24,600.14,0.7410,1021.38,629.68,0.7531,1068.65,624.43,0.7443,991.83,653.32,0.8507,1100.17,652.01,0.8619,1017.44,665.14,0.6307,1088.35,638.88,0.5723,1030.57,697.97,0.6850,1055.52,696.00,0.6914,1043.70,747.22,0.7454,1064.06,761.01,0.7308,1041.73,801.07,0.7740,1062.09,813.54,0.8035
27,top,1,896.88,374.91,978.50,591.71,926.05,393.33,0.7261,929.22,389.10,0.7690,921.81,389.10,0.7728,935.58,390.16,0.8301,916.52,391.74,0.7876,950.40,409.74,0.7793,905.94,412.91,0.8239,960.45,435.67,0.7786,903.29,438.85,0.7242,969.98,456.85,0.7741,907.52,452.61,0.7178,942.99,473.25,0.6069,921.28,473.25,0.6250,944.04,517.71,0.6769,918.11,515.07,0.7108,945.10,564.29,0.7743,932.40,542.59,0.7784
27,bottom,0,983.68,580.02,1108.20,851.18,1042.63,599.08,0.8252,1041.97,596.44,0.5307,1042.63,595.11,0.5435,1035.35,602.39,0.7571,1052.56,601.07,0.7336,1022.11,630.20,0.7483,1069.11,624.24,0.7406,991.65,654.03,0.8511,1100.23,652.71,0.8583,1018.14,665.95,0.6353,1089.64,640.13,0.5625,1030.71,697.73,0.6799,1055.21,696.40,0.6879,1043.95,746.72,0.7475,1064.48,761.28,0.7278,1041.97,801.66,0.7888,1062.49,815.57,0.8029
28,top,1,897.18,373.30,978.32,591.80,925.48,392.93,0.7867,928.68,388.66,0.8228,921.22,389.20,0.8333,935.62,390.26,0.8732,916.42,391.33,0.8107,950.56,410.00,0.7850,905.75,413.74,0.8237,960.69,435.61,0.7782,903.61,438.81,0.7187,969.23,456.94,0.7845,907.88,453.74,0.7216,943.62,474.01,0.6114,921.75,474.01,0.6266,944.69,517.76,0.6897,918.55,514.56,0.7164,945.22,564.70,0.7903,932.42,542.83,0.7878
28,bottom,0,984.98,580.19,1108.21,853.09,1042.60,599.38,0.8310,1042.60,596.71,0.5335,1042.60,595.38,0.5467,1035.93,602.71,0.7605,1052.59,600.71,0.7336,1021.94,630.69,0.7479,1069.25,624.70,0.7406,991.96,654.01,0.8438,1100.56,652.68,0.8470,1017.28,666.67,0.6206,1091.23,641.35,0.5671,1030.60,697.99,0.6810,1055.92,696.65,0.6875,1043.93,747.29,0.7469,1065.25,761.95,0.7256,1041.93,801.92,0.7812,1062.58,816.58,0.8125
29,top,1,897.54,372.55,978.08,591.88,925.50,393.32,0.8120,929.25,388.50,0.8450,921.21,389.04,0.8547,935.67,390.11,0.8947,916.39,391.72,0.8247,950.66,409.92,0.7882,906.22,413.67,0.8285,960.84,435.63,0.7758,904.08,438.84,0.7116,969.41,456.51,0.7857,908.36,454.37,0.7173,944.24,474.72,0.6117,922.28,474.72,0.6257,944.77,518.63,0.7033,919.07,514.88,0.7150,944.77,564.68,0.8064,932.46,542.72,0.7912
29,bottom,0,985.29,580.58,1108.36,852.05,1043.51,599.67,0.8323,1042.85,597.02,0.5317,1042.85,595.69,0.5433,1036.22,602.98,0.7563,1053.45,601.00,0.7333,1022.30,630.82,0.7426,1069.36,624.86,0.7414,992.48,654.68,0.8407,1100.51,652.69,0.8389,1017.66,666.61,0.6147,1093.22,642.09,0.5754,1030.92,699.09,0.6736,1055.44,697.10,0.6800,1044.17,747.47,0.7361,1065.38,762.71,0.7281,1042.18,801.15,0.7722,1062.73,817.72,0.8042
30,top,1,898.05,372.46,978.18,591.48,924.74,392.67,0.8331,928.49,388.39,0.8600,921.00,388.93,0.8737,935.44,390.00,0.9049,916.19,391.60,0.8242,950.95,410.32,0.7885,906.56,414.59,0.8266,961.10,435.98,0.7765,904.96,440.80,0.7061,969.13,456.84,0.7857,909.77,456.30,0.6878,945.06,475.02,0.6065,922.60,475.55,0.6203,945.06,518.33,0.7182,919.40,515.12,0.7085,945.06,565.39,0.8106,932.23,542.39,0.7909
30,bottom,0,985.57,580.92,1108.74,851.32,1043.85,599.94,0.8305,1043.19,597.30,0.5344,1043.19,595.98,0.5455,1036.59,603.24,0.7539,1053.75,601.26,0.7316,1022.73,630.96,0.7464,1069.60,625.02,0.7412,992.36,654.73,0.8450,1101.28,653.41,0.8432,1018.10,666.61,0.6190,1094.02,642.19,0.5806,1031.31,698.96,0.6761,1056.39,696.98,0.6813,1044.51,747.81,0.7221,1065.64,763.65,0.7316,1042.53,801.28,0.7574,1062.34,819.77,0.8119
31,top,1,897.94,372.82,978.87,590.83,925.10,392.94,0.8523,928.29,388.15,0.8719,920.84,388.68,0.8908,935.74,390.28,0.9067,916.58,391.87,0.8288,951.18,410.50,0.7802,907.53,414.76,0.8204,960.76,436.05,0.7706,905.40,440.84,0.7031,969.81,457.34,0.7776,910.19,457.34,0.6997,945.32,475.44,0.5917,922.97,475.44,0.6035,945.32,519.62,0.7080,919.77,515.89,0.7000,945.32,565.39,0.7999,932.55,543.04,0.7842
31,bottom,0,986.20,581.06,1108.82,843.07,1044.31,600.12,0.8299,1043.67,597.56,0.5016,1043.67,595.64,0.5550,1036.63,603.32,0.7503,1053.91,601.40,0.7323,1022.56,631.46,0.7575,1069.26,625.71,0.7521,993.14,655.77,0.8538,1101.24,653.85,0.8584,1019.36,666.01,0.6332,1094.84,641.70,0.6090,1030.24,700.55,0.6748,1055.82,698.63,0.6819,1044.31,749.17,0.7342,1065.42,763.88,0.7576,1042.39,802.26,0.7868,1062.22,820.17,0.8316
32,top,1,898.30,372.97,978.98,590.53,925.89,392.52,0.8652,929.61,388.27,0.8767,922.18,388.80,0.9085,936.52,390.93,0.8993,916.86,392.52,0.8477,951.39,411.11,0.7764,907.83,416.42,0.8186,961.48,436.60,0.7718,905.71,441.92,0.7129,969.98,457.32,0.7776,910.49,458.38,0.7272,946.08,475.91,0.5896,923.77,475.91,0.6024,946.08,519.99,0.6991,920.58,516.81,0.7042,945.01,565.67,0.7905,932.27,542.30,0.7870
32,bottom,0,986.32,581.12,1109.12,840.21,1044.56,599.97,0.8300,1044.56,596.81,0.4938,1044.56,595.54,0.5617,1036.97,603.13,0.7412,1054.04,601.24,0.7246,1022.42,631.60,0.7611,1069.86,625.91,0.7512,993.32,655.63,0.8481,1101.48,654.37,0.8593,1017.99,665.76,0.6388,1095.16,642.35,0.5994,1031.27,701.18,0.6776,1056.57,699.28,0.6807,1044.56,749.25,0.7405,1065.43,764.43,0.7610,1042.03,803.02,0.8148,1062.27,820.09,0.8364
33,top,1,899.30,375.07,978.62,590.61,926.86,393.38,0.8691,930.54,389.17,0.8706,922.65,389.17,0.9127,937.38,391.27,0.9001,917.39,392.33,0.8508,952.12,411.80,0.7713,908.44,416.53,0.8150,963.17,436.53,0.7586,906.34,441.79,0.7082,970.01,458.11,0.7600,910.02,458.63,0.7287,947.38,476.00,0.5856,924.75,476.00,0.5989,946.33,520.20,0.7027,921.07,517.57,0.6890,945.28,565.46,0.7807,932.12,542.30,0.7839
33,bottom,0,986.49,581.42,1109.52,843.56,1044.81,600.49,0.8323,1044.81,597.93,0.5125,1044.81,596.65,0.5666,1037.13,603.69,0.7513,1054.41,601.77,0.7349,1023.05,631.85,0.7603,1069.77,626.73,0.7546,993.61,656.17,0.8529,1101.77,654.89,0.8648,1019.21,666.41,0.6327,1097.29,643.37,0.6300,1031.37,701.61,0.6797,1056.33,700.33,0.6878,1044.81,749.61,0.7325,1065.93,764.33,0.7619,1042.25,802.09,0.7879,1062.09,820.65,0.8348
34,top,1,899.72,375.01,978.92,590.67,927.74,393.33,0.8611,931.42,389.12,0.8507,923.52,389.65,0.9020,938.27,391.23,0.8829,918.26,393.33,0.8361,953.01,411.24,0.7533,909.31,417.55,0.8090,965.64,431.24,0.7404,906.68,441.25,0.6998,969.33,455.46,0.7329,910.89,458.62,0.7012,947.74,476.52,0.5855,925.10,477.05,0.6005,946.69,520.75,0.7209,921.42,518.64,0.6940,945.11,565.50,0.7813,932.47,542.33,0.7757
34,bottom,0,986.93,581.64,1109.99,851.17,1045.17,600.59,0.8366,1045.17,597.96,0.5360,1044.51,596.65,0.5609,1037.93,603.88,0.7567,1054.38,601.91,0.7380,1023.45,632.18,0.7570,1070.17,626.91,0.7527,994.50,656.53,0.8539,1101.76,655.87,0.8481,1020.16,667.05,0.6299,1097.81,645.34,0.6055,1031.35,700.61,0.6821,1057.01,699.30,0.6852,1044.51,749.31,0.7141,1066.22,765.76,0.7484,1042.54,801.95,0.7500,1061.62,821.69,0.8161
35,top,1,899.47,375.50,978.53,589.68,928.54,394.22,0.8368,931.68,389.51,0.8319,924.36,390.03,0.8841,938.48,392.12,0.8963,919.65,393.69,0.8234,953.12,410.43,0.7375,910.24,417.75,0.8095,972.46,427.16,0.7849,906.05,441.80,0.6993,969.33,450.69,0.7103,911.81,459.06,0.6733,947.89,478.41,0.6140,926.45,477.88,0.6415,947.37,521.28,0.7142,921.74,517.10,0.7028,945.27,564.69,0.7659,932.20,542.20,0.7817
35,bottom,0,988.01,582.06,1110.08,840.67,1045.89,601.50,0.8178,1045.89,598.35,0.4912,1045.89,597.08,0.5577,1037.68,604.03,0.7346,1055.36,602.14,0.7340,1023.16,632.44,0.7555,1070.51,627.39,0.7517,994.75,657.07,0.8453,1101.45,655.80,0.8584,1020.00,665.90,0.6326,1095.77,643.81,0.5849,1032.00,703.79,0.6811,1057.25,701.89,0.6848,1044.62,749.88,0.7342,1066.09,765.66,0.7636,1042.10,802.91,0.8044,1061.67,821.22,0.8272
36,top,1,899.44,375.27,986.25,587.90,928.83,392.81,0.8302,932.46,388.66,0.8211,924.67,388.66,0.8561,939.73,391.26,0.8931,920.52,393.33,0.7976,955.30,409.94,0.7233,911.18,417.21,0.8136,978.14,423.96,0.8048,905.99,439.53,0.7138,968.80,445.76,0.7409,910.14,455.63,0.7127,948.04,477.95,0.6251,926.23,477.95,0.6487,947.52,522.60,0.7310,922.08,517.40,0.7170,945.96,565.17,0.7811,931.94,541.80,0.7821
36,bottom,0,988.71,582.15,1110.10,851.68,1046.11,601.10,0.8292,1046.11,598.47,0.5343,1046.11,597.16,0.5602,1038.87,604.39,0.7639,1055.98,602.42,0.7476,1023.74,632.69,0.7572,1071.12,628.08,0.7610,995.44,657.04,0.8576,1101.39,657.04,0.8562,1020.45,667.57,0.6242,1096.78,645.19,0.5976,1031.64,702.44,0.6911,1057.30,701.13,0.6925,1044.80,749.16,0.7193,1066.51,766.27,0.7475,1042.82,801.80,0.7648,1061.25,823.52,0.8145
37,top,1,900.33,375.10,988.54,588.68,929.84,392.20,0.8362,933.49,388.03,0.8280,925.66,388.55,0.8531,940.79,390.64,0.8976,920.97,393.24,0.8051,956.43,409.41,0.7259,912.11,417.23,0.8141,979.89,421.92,0.8170,905.85,437.57,0.7060,970.51,441.74,0.7557,910.02,453.21,0.6847,948.61,478.76,0.6226,927.23,478.24,0.6520,947.56,522.56,0.7369,922.54,517.87,0.7292,946.00,564.80,0.7621,932.44,541.85,0.7936
37,bottom,0,989.12,582.49,1109.87,853.00,1046.19,601.51,0.8141,1046.19,598.87,0.5243,1046.85,597.55,0.5568,1038.92,604.81,0.7679,1056.76,602.83,0.7450,1024.40,633.21,0.7576,1071.29,627.93,0.7662,996.00,657.65,0.8523,1101.67,658.31,0.8464,1019.77,667.55,0.6059,1099.69,647.74,0.6368,1031.66,703.22,0.6871,1056.76,701.90,0.6872,1044.21,749.45,0.7148,1067.32,767.94,0.7466,1042.23,802.28,0.7588,1060.72,823.42,0.8125
38,top,1,901.46,375.02,988.40,588.90,930.83,392.14,0.8287,934.48,387.97,0.8190,926.65,387.97,0.8454,941.79,390.58,0.8806,921.95,392.66,0.7840,957.46,409.37,0.7269,912.55,416.68,0.7969,980.43,423.99,0.8120,906.81,439.14,0.6312,974.69,441.75,0.6948,909.94,442.79,0.5107,950.15,477.26,0.6048,928.22,477.26,0.6300,948.06,522.68,0.7296,923.52,517.99,0.7271,946.49,565.50,0.7592,932.92,541.48,0.7955
38,bottom,0,989.19,583.03,1109.57,854.86,1046.72,601.48,0.8187,1046.72,598.83,0.5289,1046.72,598.16,0.5598,1039.42,604.80,0.7632,1056.68,603.47,0.7369,1024.82,633.34,0.7587,1071.94,628.69,0.7635,996.29,657.89,0.8499,1101.14,659.22,0.8532,1020.84,667.18,0.5957,1096.50,648.60,0.5916,1032.12,703.68,0.6929,1057.34,702.36,0.6913,1044.73,749.48,0.7141,1067.30,768.72,0.7457,1042.74,801.91,0.7651,1060.66,824.47,0.8140
39,top,1,902.13,373.59,990.25,589.77,931.94,390.90,0.8535,935.64,386.68,0.8451,927.72,387.20,0.8618,942.50,389.84,0.8997,922.44,391.95,0.8066,957.80,410.43,0.7439,914.00,415.18,0.7986,977.33,426.26,0.8043,907.67,437.34,0.6507,981.03,446.32,0.7281,907.67,437.34,0.6276,950.94,476.93,0.6051,928.78,476.93,0.6286,948.83,521.79,0.7248,924.03,516.51,0.7201,946.19,564.54,0.7525,933.00,541.84,0.8103
39,bottom,0,988.86,583.34,1108.38,853.46,1047.30,602.33,0.7998,1047.30,599.04,0.5307,1047.96,598.38,0.5548,1039.39,605.63,0.7519,1057.19,603.65,0.7326,1024.88,633.99,0.7563,1073.68,630.69,0.7652,997.18,659.71,0.8514,1100.72,661.69,0.8525,1022.24,668.94,0.6363,1096.10,652.45,0.5836,1032.13,705.21,0.6836,1057.85,703.89,0.6916,1044.66,750.05,0.7093,1067.09,769.84,0.7441,1042.69,802.15,0.7580,1060.49,825.89,0.8154
40,top,1,903.01,372.92,996.81,590.02,932.95,390.31,0.8502,936.66,386.07,0.8806,929.24,386.07,0.8717,943.55,390.31,0.8944,923.94,390.84,0.8442,957.33,410.98,0.7641,914.93,414.16,0.7918,975.35,429.00,0.7561,909.10,432.18,0.6870,985.95,448.08,0.7567,909.10,431.12,0.6617,952.03,476.70,0.5973,929.77,476.17,0.6251,948.85,521.22,0.7246,923.94,516.45,0.7299,946.20,564.68,0.7583,932.95,541.89,0.8083
40,bottom,0,988.74,583.71,1108.02,858.92,1047.04,603.06,0.7960,1046.36,599.70,0.5475,1047.04,599.03,0.5561,1039.64,606.42,0.7646,1057.11,605.08,0.7315,1024.86,635.31,0.7598,1073.91,632.62,0.7758,997.31,660.84,0.8498,1100.12,665.55,0.8314,1018.14,669.58,0.6227,1098.10,660.17,0.5911,1032.25,705.86,0.6903,1058.46,705.19,0.6876,1044.35,750.88,0.7217,1066.52,771.04,0.7383,1042.33,801.95,0.7702,1059.13,826.81,0.8129
41,top,1,902.92,372.40,998.38,589.52,934.75,390.32,0.8699,937.93,386.08,0.9047,930.51,386.08,0.8902,944.82,389.79,0.9020,924.68,390.85,0.8624,958.07,412.05,0.7836,916.19,413.64,0.7979,975.56,432.19,0.7632,910.36,426.89,0.6940,988.81,451.28,0.7588,910.89,425.83,0.6903,952.24,477.25,0.6036,930.51,476.72,0.6350,949.06,521.24,0.7285,924.68,514.35,0.7296,945.88,564.71,0.7695,932.63,541.39,0.8313
41,bottom,0,992.21,584.52,1106.79,858.98,1047.49,605.16,0.7883,1046.82,601.14,0.5430,1048.16,600.47,0.5456,1039.45,607.84,0.7609,1057.54,606.50,0.7220,1024.71,636.66,0.7618,1073.62,633.98,0.7781,998.58,663.46,0.8435,1098.42,669.49,0.7929,1019.35,670.83,0.6159,1098.42,668.15,0.6366,1032.08,707.68,0.6930,1058.88,705.67,0.6841,1043.47,750.57,0.7098,1065.58,772.68,0.7370,1042.80,802.16,0.7524,1058.21,828.96,0.8113
42,top,1,903.73,371.95,999.90,589.88,935.32,389.40,0.8591,939.04,385.15,0.8929,931.06,385.15,0.8876,945.96,389.40,0.8933,925.74,389.94,0.8566,957.67,412.28,0.7797,917.23,412.81,0.8022,974.69,433.57,0.7708,910.31,429.84,0.7135,989.06,452.72,0.7516,911.38,426.65,0.6843,952.35,476.13,0.5914,930.53,475.07,0.6271,948.62,520.82,0.7285,925.21,513.90,0.7292,945.96,564.98,0.7692,933.19,541.57,0.8361
42,bottom,0,992.91,585.31,1103.95,858.44,1047.76,605.84,0.7855,1046.43,602.51,0.5366,1047.76,601.84,0.5426,1039.76,607.84,0.7600,1057.10,607.18,0.7162,1024.43,637.18,0.7634,1074.44,636.52,0.7753,999.75,665.19,0.8387,1093.78,670.53,0.7415,1020.42,673.19,0.6173,1097.11,676.53,0.6644,1032.43,709.20,0.6981,1059.77,707.87,0.6855,1043.10,751.21,0.7062,1065.10,773.22,0.7353,1046.43,801.22,0.7562,1057.77,829.90,0.8042
43,top,1,903.91,371.46,997.71,589.05,936.47,389.42,0.8775,940.19,385.17,0.8963,932.22,385.17,0.8934,946.56,389.42,0.9278,926.91,389.95,0.8443,958.25,412.79,0.7949,917.88,412.79,0.8238,975.25,436.16,0.7706,909.38,432.44,0.7065,988.53,457.94,0.7489,911.50,428.19,0.6436,952.40,474.41,0.6020,931.16,473.88,0.6367,948.15,520.10,0.7359,925.31,513.19,0.7296,946.03,564.72,0.7690,933.81,542.41,0.8364
43,bottom,0,991.79,584.90,1100.92,859.44,1047.69,605.54,0.7925,1045.68,601.52,0.5363,1047.69,601.52,0.5386,1038.98,607.55,0.7654,1057.08,607.55,0.7416,1024.23,636.37,0.7737,1073.83,636.37,0.7852,1000.10,665.87,0.8395,1091.26,671.23,0.7353,1016.86,674.58,0.6094,1094.61,682.62,0.7407,1032.95,709.43,0.7029,1060.43,708.09,0.6985,1043.00,752.33,0.7245,1065.79,772.44,0.7288,1049.03,799.92,0.7355,1059.09,828.74,0.7692
44,top,1,904.58,371.54,996.82,585.97,937.09,389.24,0.8887,940.75,385.05,0.8995,933.42,385.05,0.9061,947.04,388.72,0.9332,927.67,389.24,0.8654,958.55,412.80,0.7954,918.77,412.27,0.8212,974.78,438.45,0.7703,909.34,433.74,0.7117,987.34,463.05,0.7316,913.53,427.98,0.6277,952.79,474.05,0.6026,931.85,473.00,0.6282,948.08,519.07,0.7264,926.10,511.21,0.7162,945.47,564.61,0.7681,933.95,542.62,0.8311
44,bottom,0,993.01,583.51,1096.63,856.37,1046.15,604.03,0.8232,1046.15,600.03,0.5468,1046.15,600.03,0.5330,1037.49,606.03,0.7553,1056.15,606.03,0.7370,1022.17,635.34,0.7947,1073.46,636.01,0.8103,998.86,665.32,0.8459,1087.45,672.64,0.7283,1014.84,674.64,0.6515,1089.45,683.97,0.6808,1032.83,710.61,0.6998,1060.14,708.61,0.7213,1042.16,757.91,0.7478,1068.14,771.23,0.7723,1054.15,804.54,0.7572,1061.47,824.52,0.7736
45,top,1,905.05,371.43,990.11,589.63,939.06,388.90,0.8547,942.78,385.17,0.8773,934.79,385.17,0.8844,948.11,388.90,0.9363,928.40,388.90,0.9036,959.83,412.87,0.7971,918.28,411.81,0.8207,974.22,439.51,0.7539,909.22,437.91,0.7184,984.87,467.21,0.6944,916.15,428.32,0.6046,953.44,474.13,0.6009,932.13,473.07,0.6176,949.18,518.88,0.7351,927.34,510.36,0.7052,946.51,565.23,0.7689,935.33,543.39,0.8388
45,bottom,0,992.69,582.04,1093.12,854.68,1045.57,602.54,0.8353,1046.23,597.88,0.5466,1045.57,597.88,0.5273,1036.91,604.54,0.7507,1054.88,604.54,0.7281,1020.94,633.16,0.7980,1072.86,635.16,0.8214,997.64,663.78,0.8406,1086.17,674.43,0.7715,1014.28,675.09,0.6802,1084.17,685.08,0.6786,1032.25,707.71,0.6962,1060.87,705.71,0.7103,1042.24,758.96,0.7722,1070.86,768.28,0.7752,1055.55,806.88,0.7984,1066.20,818.20,0.7400
46,top,1,905.02,372.46,988.04,590.64,940.14,389.93,0.8619,943.87,386.20,0.8829,935.88,386.20,0.8714,948.66,390.46,0.8960,929.48,389.93,0.9145,960.91,413.90,0.7944,918.83,412.30,0.8227,973.16,441.07,0.7371,909.77,438.94,0.6886,981.15,470.90,0.6897,916.70,438.94,0.5561,955.58,473.03,0.6003,933.74,471.96,0.6122,951.32,517.77,0.7391,928.42,509.78,0.6976,949.19,564.65,0.7670,935.88,544.94,0.8259
46,bottom,0,989.31,579.98,1090.74,852.59,1045.35,601.14,0.8177,1046.02,597.15,0.5453,1045.35,597.15,0.5159,1036.03,603.14,0.7136,1053.34,603.14,0.6961,1020.06,631.76,0.7800,1071.31,634.42,0.8155,996.10,662.37,0.8219,1082.62,671.69,0.7308,1010.08,675.02,0.6754,1080.62,682.34,0.6347,1032.04,706.30,0.7090,1060.66,704.30,0.7138,1042.02,758.88,0.7697,1071.31,764.87,0.7896,1056.00,808.79,0.7976,1070.64,810.12,0.7392
47,top,1,905.72,375.36,982.80,588.29,942.18,392.41,0.8857,945.82,388.25,0.8674,937.50,387.73,0.8425,950.50,392.41,0.8371,930.23,391.37,0.9098,962.98,417.89,0.8015,918.79,414.25,0.8142,973.37,449.59,0.7096,909.95,440.76,0.7236,978.05,479.74,0.6614,922.95,456.35,0.5477,958.30,469.87,0.5998,935.94,469.35,0.6135,956.22,514.57,0.7058,929.19,510.41,0.7111,954.66,561.36,0.7774,935.94,545.24,0.8158
47,bottom,0,988.48,579.06,1090.30,841.16,1044.51,599.41,0.7858,1044.51,595.57,0.5311,1044.51,595.57,0.4745,1034.91,600.68,0.7075,1053.46,601.32,0.6848,1018.91,629.48,0.7764,1070.74,633.32,0.8241,994.59,658.92,0.8182,1080.98,673.64,0.7219,1004.19,672.36,0.6902,1075.22,680.67,0.5224,1031.71,704.35,0.7177,1059.86,702.43,0.7266,1041.95,760.02,0.7919,1070.10,760.66,0.8035,1056.02,810.58,0.8137,1072.66,802.26,0.7942
48,top,1,906.92,377.68,981.58,576.10,942.80,394.54,0.8725,946.68,390.18,0.8323,938.44,390.18,0.8257,951.52,394.54,0.8018,931.17,394.05,0.8921,963.63,419.24,0.7838,919.55,415.85,0.8057,973.80,449.76,0.6749,911.31,442.01,0.7434,978.16,481.73,0.6433,916.16,459.45,0.7438,959.76,471.56,0.5885,936.02,471.08,0.6079,958.79,514.19,0.6973,927.30,510.80,0.6840,960.72,560.70,0.7987,936.02,545.68,0.7791
48,bottom,0,986.60,577.20,1090.74,835.69,1043.72,597.90,0.7762,1043.72,592.85,0.5253,1043.72,593.48,0.4663,1034.25,598.53,0.6937,1051.92,599.79,0.6782,1017.84,627.56,0.7652,1069.59,630.71,0.8139,992.60,657.22,0.8070,1077.80,668.58,0.7491,1001.44,673.62,0.7063,1067.70,672.99,0.4659,1031.73,702.02,0.7018,1060.13,700.13,0.7083,1041.19,758.82,0.7993,1067.07,754.40,0.7915,1056.97,810.57,0.8296,1074.01,795.42,0.7898
49,top,1,911.09,380.17,982.52,576.12,943.93,396.82,0.8745,947.76,392.99,0.8604,939.63,392.51,0.8371,952.07,397.30,0.8092,932.93,395.86,0.8866,964.51,421.22,0.7770,920.97,417.39,0.8062,974.55,452.31,0.6906,915.23,441.79,0.6711,977.90,482.93,0.6314,917.15,464.75,0.5535,961.16,468.58,0.5862,937.24,468.58,0.6084,960.20,510.67,0.7291,927.67,509.24,0.6914,968.81,557.08,0.7818,936.28,546.07,0.7679
49,bottom,0,984.60,574.30,1090.61,831.00,1043.25,595.49,0.7633,1041.99,590.47,0.5279,1043.25,591.10,0.4751,1033.22,596.11,0.6827,1050.77,597.37,0.6887,1017.55,624.31,0.7691,1067.69,628.07,0.8121,992.49,653.77,0.7856,1076.46,664.42,0.7684,994.99,670.06,0.6876,1062.68,660.66,0.4701,1031.97,700.14,0.6990,1060.17,697.64,0.7152,1040.74,757.80,0.8182,1063.30,749.03,0.7809,1057.04,808.56,0.8157,1073.96,792.90,0.7821
50,top,1,913.54,383.93,985.26,575.75,945.18,399.76,0.8702,948.93,396.01,0.8597,940.97,396.01,0.8363,953.15,400.22,0.8072,933.95,399.29,0.8573,965.32,423.17,0.7618,922.71,418.49,0.8014,975.16,453.14,0.6952,919.90,444.71,0.6523,979.84,484.05,0.6245,918.96,471.41,0.6255,962.04,469.53,0.5922,938.16,469.53,0.5920,961.58,512.15,0.7229,927.86,509.34,0.6770,976.56,554.77,0.7847,935.82,546.34,0.7650
50,bottom,0,979.26,571.93,1086.82,827.25,1042.39,592.37,0.8023,1041.14,588.63,0.5557,1042.39,588.63,0.5067,1032.42,593.00,0.6855,1049.25,594.24,0.6702,1016.83,621.05,0.7829,1064.83,623.54,0.8207,993.15,650.34,0.7354,1071.06,660.94,0.7233,988.16,665.93,0.6715,1050.49,659.07,0.4437,1032.42,697.72,0.6922,1061.71,695.23,0.7275,1039.27,755.69,0.8202,1059.22,743.22,0.7880,1057.97,809.30,0.8243,1072.31,791.22,0.8022
51,top,1,913.83,386.92,989.75,573.69,945.86,403.24,0.8784,949.51,399.59,0.8653,941.76,399.14,0.8633,953.62,403.70,0.8178,934.92,402.79,0.8469,965.93,426.95,0.7745,924.43,420.11,0.8229,975.50,455.68,0.6915,923.98,442.91,0.6612,983.26,488.06,0.6336,923.52,470.27,0.6508,964.10,471.18,0.6257,940.85,469.82,0.6281,963.19,513.13,0.7267,927.63,507.66,0.7068,980.06,555.54,0.8259,935.83,545.97,0.7903
51,bottom,0,974.61,569.37,1080.53,828.41,1040.85,590.11,0.7917,1038.95,586.32,0.5479,1042.11,586.32,0.5111,1032.00,590.74,0.7049,1049.70,592.01,0.6689,1016.19,617.94,0.7961,1062.35,620.47,0.8259,994.68,645.76,0.7112,1064.88,655.25,0.5819,984.56,664.74,0.6827,1039.59,656.51,0.3757,1033.89,696.99,0.7111,1059.82,694.46,0.7355,1039.59,754.54,0.8147,1056.66,738.73,0.7534,1058.56,810.19,0.8461,1067.41,788.06,0.7561
52,top,0,914.17,390.66,992.43,574.97,946.55,406.77,0.8785,949.70,403.62,0.8548,942.50,403.17,0.8565,953.75,407.67,0.8183,935.75,406.32,0.8347,965.45,429.72,0.7986,926.75,421.62,0.8367,975.80,457.62,0.6879,928.10,444.12,0.6585,986.15,489.12,0.6396,927.65,468.42,0.6233,966.35,469.32,0.6394,943.40,468.87,0.6404,965.00,512.07,0.7402,928.10,504.87,0.7396,979.40,556.61,0.8388,935.75,545.81,0.8008
52,bottom,1,972.09,567.80,1081.41,828.33,1040.11,588.03,0.8104,1038.20,584.21,0.5588,1040.74,584.21,0.5202,1030.57,588.66,0.6968,1047.74,589.94,0.6747,1014.67,616.01,0.8236,1061.10,618.56,0.8406,996.22,643.37,0.7123,1060.46,648.45,0.5353,983.50,661.81,0.7467,1036.29,650.36,0.3427,1033.75,694.25,0.7267,1059.83,691.07,0.7619,1039.47,754.68,0.8093,1053.47,735.60,0.7556,1057.92,810.02,0.8594,1063.01,782.66,0.7565
53,top,1,914.54,393.85,992.48,574.20,946.02,410.05,0.8528,949.11,406.97,0.8276,942.06,406.53,0.8238,953.51,410.93,0.8395,935.46,409.17,0.7853,965.40,431.63,0.7763,927.53,421.94,0.8074,976.41,457.17,0.6648,931.49,445.28,0.5346,988.73,487.11,0.6053,932.82,464.65,0.4816,968.48,470.38,0.6255,944.26,469.05,0.6183,966.28,510.88,0.7315,928.85,502.52,0.7250,979.93,556.24,0.8150,935.02,544.79,0.7750
53,bottom,0,966.49,565.57,1076.14,827.97,1037.33,585.94,0.7983,1034.77,582.09,0.5623,1038.61,582.09,0.5622,1028.36,587.22,0.7219,1045.66,587.86,0.7006,1013.63,614.12,0.8242,1058.47,617.97,0.8367,996.97,642.95,0.7365,1053.35,643.59,0.4789,980.96,660.89,0.7867,1030.93,646.16,0.3680,1033.49,692.28,0.7356,1058.47,689.72,0.7696,1038.61,753.78,0.8166,1051.43,737.77,0.7483,1058.47,810.80,0.8434,1053.99,781.33,0.6517
54,top,1,914.93,396.11,998.69,574.43,945.49,413.00,0.8781,948.54,409.08,0.8308,941.57,408.65,0.8678,953.33,412.57,0.8129,935.48,411.70,0.7748,965.95,433.90,0.7710,928.08,423.89,0.8084,978.14,458.28,0.7124,932.43,444.35,0.5854,991.20,485.71,0.6818,934.61,464.81,0.5796,969.44,470.91,0.6486,947.67,469.16,0.6524,967.69,510.96,0.7231,928.51,499.20,0.7635,980.32,556.24,0.8178,934.61,542.74,0.7731
54,bottom,0,961.63,564.86,1084.94,828.84,1036.17,585.36,0.8264,1034.24,581.49,0.5850,1037.46,581.49,0.5249,1027.15,586.00,0.7257,1043.91,586.65,0.7023,1012.97,613.07,0.8489,1056.80,615.65,0.8394,998.15,642.07,0.7422,1051.64,630.47,0.4787,978.17,661.41,0.7647,1039.40,634.34,0.3344,1032.31,692.99,0.7274,1056.80,689.76,0.7615,1038.11,754.21,0.8067,1049.06,737.46,0.7161,1058.73,809.64,0.8396,1052.29,778.70,0.6151
55,top,1,914.02,396.19,1000.53,574.86,944.62,413.55,0.8891,948.11,409.62,0.8289,941.13,409.19,0.8608,952.48,413.55,0.8413,935.03,412.24,0.7766,965.56,434.05,0.7662,927.61,424.02,0.8050,979.08,457.61,0.7217,931.97,444.96,0.5909,993.92,483.34,0.7235,932.85,466.33,0.5512,970.80,470.69,0.6536,948.55,467.64,0.6609,967.74,509.95,0.7257,929.36,496.43,0.7197,980.39,555.75,0.8183,935.03,537.87,0.7632
55,bottom,0,958.86,563.43,1087.75,826.42,1034.86,583.85,0.7831,1034.22,580.64,0.5686,1035.51,580.00,0.5307,1025.88,585.13,0.6867,1041.93,585.78,0.6738,1012.39,613.38,0.8334,1054.77,614.67,0.8214,998.91,642.92,0.7337,1050.92,640.35,0.4662,975.80,660.90,0.7484,1029.73,637.78,0.3402,1031.65,692.36,0.7012,1055.41,690.43,0.7427,1036.15,753.35,0.7813,1045.78,736.02,0.6839,1057.34,806.00,0.8153,1047.71,773.90,0.6461
56,top,2,913.75,396.15,1004.11,575.05,943.20,413.10,0.9011,946.70,409.60,0.8662,939.27,409.17,0.8506,951.07,413.10,0.8518,933.60,411.79,0.7940,964.61,433.19,0.7567,927.04,423.58,0.8375,980.77,456.78,0.6991,928.79,443.24,0.6496,995.62,479.49,0.7342,930.10,467.26,0.6635,971.59,468.13,0.6913,949.76,465.95,0.7047,967.66,508.75,0.7610,929.66,495.21,0.7284,980.77,556.36,0.8213,936.22,534.52,0.7907
56,bottom,0,954.59,562.92,1068.83,825.29,1030.92,583.29,0.8118,1029.64,580.09,0.5736,1031.57,579.45,0.6004,1022.60,585.85,0.7062,1039.89,585.85,0.7429,1011.71,614.04,0.8299,1051.42,614.04,0.8492,998.90,644.78,0.7430,1045.66,639.66,0.5507,972.00,662.08,0.7520,1023.24,641.58,0.4135,1030.92,692.18,0.7192,1053.34,690.26,0.7645,1030.92,750.47,0.7829,1041.81,733.18,0.6828,1055.91,802.36,0.8373,1041.17,774.81,0.7215
57,top,3,915.30,395.98,1005.20,575.07,943.20,412.51,0.8690,946.26,409.01,0.8839,939.27,409.01,0.8182,950.63,412.51,0.8426,932.71,411.63,0.8297,963.75,431.31,0.7346,925.27,423.44,0.8246,981.68,453.61,0.7167,925.27,437.87,0.6899,996.54,475.03,0.7597,924.84,461.04,0.7091,971.62,466.29,0.6752,950.63,464.10,0.6836,968.56,507.82,0.7426,931.40,492.52,0.6789,980.80,555.05,0.8068,938.39,529.69,0.7903
57,bottom,0,951.85,562.21,1066.60,825.40,1029.79,583.28,0.8231,1028.50,580.07,0.5767,1030.43,579.43,0.6065,1020.79,585.21,0.7071,1038.14,585.21,0.7653,1010.51,613.48,0.8375,1049.06,612.84,0.8522,1000.23,643.68,0.7673,1043.28,637.90,0.5574,970.03,662.32,0.7538,1020.79,641.75,0.4044,1030.43,690.59,0.7311,1052.28,688.02,0.7682,1024.65,748.42,0.7800,1039.43,729.14,0.6855,1053.56,798.54,0.7980,1039.43,773.48,0.7229
58,top,0,914.05,395.97,1006.78,572.83,942.71,412.72,0.8744,945.73,408.84,0.8852,938.83,408.84,0.8331,950.05,412.29,0.8716,931.92,411.86,0.8204,964.30,431.29,0.7396,924.58,424.81,0.8089,982.00,452.45,0.7238,921.99,440.79,0.6904,997.55,474.47,0.7665,918.53,466.69,0.6711,972.07,465.83,0.6855,951.35,464.54,0.7066,969.05,506.42,0.7601,931.92,491.74,0.6541,981.57,554.35,0.8003,941.42,528.44,0.7924
58,bottom,3,950.51,561.03,1074.29,823.80,1028.44,581.43,0.8111,1027.16,578.86,0.5653,1029.72,578.22,0.5768,1020.10,583.99,0.7088,1036.78,584.64,0.7222,1009.19,611.58,0.8257,1047.04,611.58,0.8345,1000.21,644.30,0.7613,1039.99,636.60,0.5401,968.13,662.26,0.7356,1018.82,641.73,0.4224,1029.72,689.21,0.7120,1050.89,687.28,0.7696,1018.17,745.66,0.7746,1036.14,728.34,0.6946,1050.25,792.50,0.7461,1040.63,772.61,0.7125
59,top,1,907.02,398.50,1007.17,575.01,941.58,414.36,0.8835,945.03,410.91,0.8495,938.13,410.91,0.8459,949.34,414.36,0.8493,931.67,413.50,0.7897,963.56,432.03,0.7332,923.05,426.86,0.8171,980.36,453.15,0.7211,917.88,443.23,0.7459,997.17,474.26,0.7690,911.85,470.38,0.7169,971.75,466.07,0.6583,950.20,465.64,0.6919,968.73,506.58,0.7523,934.26,494.95,0.6558,982.52,552.69,0.7971,944.17,528.13,0.7915
59,bottom,0,948.08,560.12,1063.87,814.91,1025.88,579.91,0.8232,1025.26,577.42,0.5403,1027.12,576.80,0.6253,1016.55,583.02,0.7086,1033.96,583.02,0.7688,1007.22,609.14,0.8543,1043.30,609.14,0.8820,999.75,642.73,0.7820,1039.56,635.89,0.5705,965.54,662.01,0.7920,1016.55,640.86,0.4261,1027.12,686.90,0.7476,1050.14,684.41,0.7905,1013.44,742.88,0.7880,1035.83,724.84,0.7661,1047.03,787.04,0.7817,1041.43,772.74,0.7508
60,top,1,896.67,402.41,1006.81,572.88,940.50,418.14,0.8559,944.25,414.39,0.7962,936.76,414.39,0.8543,948.83,417.72,0.8058,930.51,417.31,0.7430,962.98,435.62,0.7200,921.36,431.04,0.8272,980.04,456.01,0.7378,913.45,450.60,0.7304,996.69,476.40,0.7641,903.88,474.32,0.7251,970.05,469.74,0.6733,948.41,470.16,0.6983,967.97,507.62,0.7695,935.92,499.71,0.6938,984.20,551.73,0.7928,945.91,529.26,0.7854
60,bottom,0,946.04,559.47,1060.25,811.05,1023.41,577.78,0.8211,1022.80,574.70,0.5577,1024.02,574.09,0.6424,1014.20,579.62,0.7088,1030.78,580.23,0.7560,1004.98,606.64,0.8520,1040.61,605.41,0.8694,997.61,639.81,0.7854,1038.77,630.60,0.5889,963.83,661.31,0.7750,1016.65,638.58,0.4258,1025.87,682.19,0.7494,1047.98,679.12,0.7841,1008.06,739.31,0.7946,1033.85,722.11,0.8019,1041.84,784.14,0.7867,1042.45,773.09,0.7775
61,top,1,894.11,407.60,1003.67,570.72,940.13,424.25,0.8594,943.31,420.66,0.7865,936.54,420.26,0.8089,948.09,423.85,0.7995,930.57,423.05,0.7105,960.44,440.18,0.7578,921.81,435.79,0.8505,980.75,460.49,0.7249,911.85,452.92,0.7730,998.67,482.79,0.7138,898.71,475.22,0.6998,969.60,473.63,0.6972,948.09,474.03,0.7275,966.41,507.88,0.7704,935.35,506.28,0.7258,985.53,550.89,0.7981,946.50,531.37,0.7598
61,bottom,0,943.97,556.66,1057.07,807.48,1020.72,574.91,0.8115,1020.11,571.85,0.5540,1021.34,571.23,0.6320,1011.54,576.75,0.7051,1028.69,576.75,0.7690,1002.35,603.69,0.8533,1038.48,603.69,0.8710,995.62,637.98,0.7807,1036.03,629.41,0.5964,961.94,660.02,0.7868,1013.38,640.43,0.4229,1023.17,679.62,0.7540,1045.83,677.17,0.7867,1004.80,737.18,0.8057,1033.58,721.26,0.8204,1033.58,784.94,0.8215,1042.77,774.53,0.8304
62,top,1,885.29,413.43,1007.63,571.08,940.09,430.52,0.8346,943.28,426.54,0.7749,936.11,426.54,0.7784,948.45,428.93,0.7948,930.13,428.93,0.7401,962.39,446.45,0.7294,921.37,442.07,0.7965,983.10,467.16,0.7159,908.63,456.41,0.7450,1001.42,491.86,0.7177,893.10,475.93,0.7402,970.76,479.51,0.7044,948.45,479.91,0.6853,967.17,510.57,0.7654,930.93,510.57,0.7557,985.89,553.19,0.8079,946.86,531.68,0.7399
62,bottom,0,942.64,553.71,1055.33,818.57,1017.09,571.69,0.7940,1016.44,569.10,0.5843,1018.38,568.45,0.6175,1008.68,574.27,0.7117,1025.50,574.27,0.7346,999.63,602.08,0.8446,1035.20,601.43,0.8457,993.17,635.70,0.7813,1033.26,626.65,0.5867,961.48,658.33,0.7595,1011.27,641.52,0.4157,1020.97,679.03,0.7504,1043.60,676.44,0.7993,1002.22,735.93,0.7993,1031.96,720.41,0.8193,1028.08,788.31,0.8289,1042.31,771.49,0.8212
63,top,1,888.28,415.28,1013.85,573.35,941.66,433.01,0.8080,944.93,428.51,0.7584,937.58,428.92,0.7735,949.84,431.37,0.8101,932.26,430.96,0.7547,963.33,448.95,0.7081,922.05,444.86,0.7749,984.99,469.38,0.7191,908.56,455.90,0.7080,1003.79,495.54,0.7044,894.25,465.71,0.7233,971.91,482.46,0.6866,949.02,483.69,0.6548,969.87,513.12,0.7631,929.81,512.71,0.7462,985.81,555.63,0.7856,946.16,532.33,0.7074
63,bottom,0,940.10,551.55,1053.26,811.55,1011.91,569.20,0.7541,1011.28,566.02,0.5997,1013.82,566.02,0.5760,1005.57,571.74,0.6698,1022.07,571.74,0.7062,997.31,600.30,0.8315,1032.23,598.40,0.8557,991.60,633.94,0.7810,1030.96,626.96,0.5998,958.59,658.07,0.7731,1008.10,646.64,0.4169,1018.26,677.11,0.7418,1041.11,674.57,0.7861,1000.49,734.24,0.8135,1030.32,719.00,0.8190,1018.90,789.46,0.8260,1041.11,771.69,0.8467
64,top,1,890.43,414.57,1014.84,566.27,943.72,432.10,0.8198,947.37,427.65,0.7544,940.08,428.05,0.7641,952.23,430.08,0.8124,934.41,430.48,0.7561,965.59,448.71,0.7208,925.09,443.44,0.7581,986.25,468.55,0.7060,908.09,451.54,0.6091,1004.47,494.88,0.6476,894.72,455.19,0.4658,972.48,481.51,0.6711,947.37,482.73,0.6425,975.31,516.34,0.7362,932.79,512.70,0.7504,988.27,555.63,0.8168,946.56,532.95,0.7632
64,bottom,0,939.23,550.39,1051.86,811.54,1008.30,568.75,0.7723,1007.66,565.57,0.6033,1009.57,564.93,0.5588,1002.56,571.30,0.6775,1018.50,571.30,0.6925,994.91,599.99,0.8281,1029.98,598.08,0.8468,989.17,633.79,0.7806,1029.34,626.77,0.6126,956.66,657.38,0.7794,1007.02,646.54,0.4422,1016.59,675.86,0.7392,1039.54,673.31,0.7875,999.37,733.88,0.8197,1028.70,718.58,0.8195,1010.21,791.26,0.8497,1040.81,770.86,0.8534
65,top,1,890.42,410.14,1015.78,562.76,946.57,427.28,0.8320,949.83,423.20,0.7713,942.49,423.61,0.7882,955.55,425.65,0.8095,936.77,426.46,0.7919,966.56,444.01,0.7045,929.02,439.11,0.7530,986.97,464.82,0.6888,914.33,443.19,0.5829,1004.11,492.16,0.5854,902.09,446.05,0.6158,973.09,480.74,0.6422,948.61,482.78,0.6191,979.62,521.14,0.7219,940.85,513.79,0.6182,989.01,554.19,0.7993,945.75,531.34,0.7770
65,bottom,0,937.02,549.62,1051.10,809.61,1003.58,568.54,0.7496,1002.94,564.73,0.5796,1004.85,564.73,0.5068,999.13,571.08,0.6764,1014.37,571.08,0.6725,992.15,599.64,0.8259,1027.70,598.37,0.8326,987.07,634.55,0.7749,1027.70,630.11,0.5988,954.70,658.04,0.7872,1004.85,648.51,0.4221,1013.73,675.81,0.7195,1037.22,673.90,0.7639,996.60,732.93,0.8310,1027.06,718.33,0.8275,1001.04,793.23,0.8570,1041.03,769.75,0.8572
66,top,3,895.53,404.21,1013.34,556.03,948.30,421.44,0.8216,952.13,417.22,0.7270,944.08,417.61,0.7650,957.88,420.29,0.7370,938.71,421.44,0.7542,969.39,439.85,0.6924,932.19,434.10,0.7543,989.33,463.63,0.7022,917.23,438.32,0.5853,1004.67,493.93,0.6611,905.34,441.00,0.6680,975.52,482.04,0.5976,949.83,482.80,0.6094,982.43,526.14,0.7561,945.61,518.09,0.5286,989.71,556.05,0.6878,946.00,530.74,0.7433
66,bottom,0,935.45,550.78,1051.48,812.02,998.57,568.51,0.7470,998.57,565.32,0.5617,998.57,565.32,0.5001,995.38,571.70,0.6622,1009.41,571.70,0.6716,989.64,601.04,0.8157,1023.44,597.85,0.8051,984.54,636.12,0.7664,1026.63,631.01,0.5992,952.65,659.08,0.7697,1004.95,648.87,0.4570,1011.96,675.66,0.7083,1034.28,673.75,0.7568,993.47,733.06,0.8174,1024.08,717.75,0.8005,992.19,792.38,0.8392,1040.66,770.05,0.8525
67,top,1,899.74,400.24,1010.02,555.03,950.34,416.79,0.8279,953.74,412.64,0.7610,946.18,413.02,0.7791,959.79,415.28,0.7846,940.52,417.17,0.7829,973.39,437.20,0.7117,933.34,431.53,0.7304,989.64,463.65,0.7137,918.98,437.58,0.5872,1003.25,493.13,0.6761,907.64,441.36,0.6561,978.31,482.93,0.5699,954.50,482.93,0.5777,981.71,531.67,0.7411,947.70,516.18,0.5537,990.40,553.21,0.6042,954.50,530.54,0.6882
67,bottom,0,934.21,552.64,1050.81,812.66,996.32,570.92,0.8069,996.32,568.38,0.5752,996.32,567.75,0.5217,991.24,574.10,0.6916,1005.84,574.10,0.7208,986.16,603.30,0.8283,1020.44,599.49,0.7907,982.35,638.85,0.7770,1024.89,633.77,0.5829,949.98,662.34,0.7769,1003.30,653.45,0.4212,1010.28,676.94,0.7006,1032.50,675.03,0.7588,988.07,734.07,0.7957,1021.71,717.57,0.7781,982.99,793.75,0.8507,1040.12,769.62,0.8542
68,top,1,907.13,397.09,1010.23,554.78,951.36,413.57,0.8025,954.83,409.33,0.7101,947.13,409.72,0.7731,961.37,411.64,0.7597,942.13,413.95,0.7378,974.46,435.13,0.7214,937.51,430.12,0.7312,989.86,464.39,0.6715,924.80,439.36,0.6139,1002.18,494.42,0.7091,914.41,448.22,0.6314,981.78,484.41,0.6051,959.06,484.02,0.6192,980.62,534.45,0.7058,945.21,516.36,0.6290,992.56,554.47,0.6419,964.07,533.68,0.6603
68,bottom,0,933.00,553.12,1050.68,813.85,992.48,572.73,0.8429,993.11,570.18,0.5690,991.20,570.18,0.5365,986.75,576.55,0.6796,1000.75,575.91,0.7580,982.29,606.47,0.8383,1015.39,601.37,0.7935,979.11,642.75,0.7688,1021.76,636.38,0.5584,945.37,666.30,0.7596,998.84,662.48,0.4128,1008.39,679.67,0.6968,1030.03,677.12,0.7538,981.66,735.68,0.8079,1019.21,718.50,0.7658,974.65,796.16,0.8151,1040.22,770.06,0.8655
69,top,1,907.29,397.26,1009.62,566.41,953.09,413.69,0.8381,956.80,409.56,0.7595,948.96,409.98,0.8234,963.41,412.45,0.7651,944.00,413.69,0.7458,976.63,434.75,0.7568,940.70,430.62,0.7649,989.43,464.08,0.6917,928.72,445.49,0.6925,1000.16,495.05,0.7108,915.50,455.40,0.6974,981.99,486.38,0.6484,960.11,485.96,0.6556,976.63,530.98,0.5974,947.30,519.41,0.6564,993.97,552.45,0.6411,982.41,541.30,0.6298
69,bottom,0,929.38,556.60,1051.31,816.14,988.44,576.75,0.8258,989.08,573.58,0.5444,986.54,572.95,0.5208,982.74,579.92,0.6434,996.68,579.29,0.7560,978.31,610.33,0.8351,1010.62,604.00,0.7987,975.14,646.45,0.7710,1015.06,638.85,0.5713,942.82,670.53,0.7847,994.15,663.56,0.4729,1005.55,681.93,0.6990,1027.10,680.03,0.7659,975.77,737.69,0.7813,1016.96,719.95,0.7615,966.27,797.89,0.8322,1039.77,770.64,0.8720
70,top,3,908.85,398.72,1008.49,576.54,954.76,415.57,0.8575,958.24,411.22,0.7998,950.86,411.66,0.8233,965.62,414.26,0.8028,946.08,415.57,0.7919,978.64,436.84,0.7483,943.04,434.67,0.7419,989.93,467.23,0.6485,929.59,455.50,0.6730,998.61,497.61,0.6455,912.22,465.06,0.6752,984.72,490.23,0.6437,963.45,490.23,0.6256,976.47,532.78,0.5232,950.42,525.83,0.6437,992.97,555.79,0.5048,991.66,545.80,0.6550
70,bottom,0,928.74,553.97,1051.05,820.65,982.08,579.23,0.7929,980.78,577.27,0.5701,980.78,575.97,0.5439,977.52,583.79,0.6642,992.50,582.48,0.7506,974.27,613.08,0.8295,1007.47,606.57,0.8242,971.01,649.54,0.8014,1012.03,641.73,0.5485,942.36,673.63,0.8052,989.89,666.47,0.4361,1000.31,686.66,0.7071,1023.10,684.05,0.7669,969.71,740.05,0.7855,1015.94,722.47,0.7693,961.25,800.60,0.8526,1039.38,771.30,0.8748
71,top,1,897.18,402.98,1013.66,581.45,956.72,419.45,0.8913,960.65,415.09,0.7944,952.80,415.53,0.8108,967.62,418.14,0.8119,948.01,419.45,0.7088,980.69,442.54,0.7809,945.83,438.19,0.7727,992.02,474.35,0.7129,931.89,459.97,0.7202,997.25,504.41,0.7105,911.85,469.56,0.7207,987.22,493.09,0.6833,966.31,493.09,0.6621,971.54,535.79,0.5553,954.98,532.74,0.6197,999.42,554.52,0.7014,989.84,557.57,0.6808
71,bottom,0,926.29,563.36,1050.68,820.61,977.81,583.33,0.8621,976.55,580.82,0.5713,975.30,580.19,0.5882,970.90,587.10,0.6719,987.23,585.84,0.7541,969.02,615.99,0.8222,1003.56,610.97,0.8281,967.13,653.05,0.8060,1010.47,645.51,0.5696,938.87,678.17,0.8139,987.86,667.49,0.3827,995.39,689.47,0.6915,1017.38,686.96,0.7397,962.11,741.60,0.8092,1015.49,725.27,0.7652,959.60,802.52,0.8565,1038.73,772.37,0.8700
72,top,1,899.29,410.00,1016.41,594.35,959.20,425.21,0.8784,962.80,421.16,0.7987,955.15,421.61,0.8281,970.00,424.31,0.8309,950.20,426.11,0.7179,983.05,447.27,0.8269,948.40,445.47,0.7924,993.85,480.57,0.6972,932.20,465.72,0.7127,993.40,509.38,0.6205,910.14,474.72,0.6936,993.40,496.77,0.7605,972.25,496.77,0.7330,972.70,537.28,0.6891,959.20,539.98,0.7318,1003.75,567.88,0.7812,995.20,567.88,0.6812
72,bottom,0,924.34,566.87,1050.81,821.95,973.25,585.43,0.8541,972.01,583.56,0.5717,971.38,582.94,0.5775,965.78,589.16,0.6551,982.59,587.92,0.7257,963.29,618.43,0.8250,998.78,613.45,0.8365,962.66,655.80,0.7988,1013.11,652.06,0.7085,938.38,681.95,0.8031,995.05,671.37,0.4160,988.82,689.43,0.6837,1010.62,686.31,0.7339,955.81,742.98,0.8210,1013.73,727.41,0.7424,959.55,803.39,0.8427,1037.39,772.25,0.8341
73,top,1,902.43,415.94,1015.68,601.35,960.86,431.24,0.8929,964.49,427.17,0.8155,956.79,427.62,0.8449,972.18,430.34,0.8492,952.72,431.70,0.7283,983.95,452.52,0.8059,950.91,451.16,0.7585,993.91,484.65,0.7153,932.80,469.26,0.6776,990.29,510.91,0.6309,910.17,477.87,0.6427,996.62,499.59,0.7150,974.44,501.40,0.7065,978.97,538.97,0.7500,963.13,547.57,0.7442,1001.15,578.81,0.7652,1000.70,571.56,0.7516
73,bottom,0,924.53,567.04,1046.62,822.02,969.39,586.21,0.8829,968.77,584.34,0.5804,967.52,583.72,0.5786,961.30,589.95,0.6695,978.11,588.70,0.7335,957.56,618.58,0.8672,994.91,614.85,0.8587,959.43,656.55,0.8067,1011.10,655.93,0.7923,937.64,684.57,0.8252,1000.52,677.72,0.4491,981.22,690.17,0.6718,1006.12,686.43,0.7282,951.34,744.95,0.8255,1009.85,730.01,0.6964,958.19,804.09,0.8393,1033.51,772.34,0.8006
74,top,1,895.21,421.17,1013.88,600.68,963.31,438.61,0.8698,966.38,433.79,0.8187,959.36,435.11,0.7796,974.26,435.55,0.7796,954.98,438.61,0.6805,986.54,459.21,0.8350,952.79,457.02,0.7722,994.86,489.89,0.7366,933.94,474.11,0.6888,988.73,517.06,0.6382,908.96,482.00,0.7152,998.37,501.72,0.7098,974.70,504.79,0.7341,986.97,546.43,0.8026,961.99,549.49,0.7553,997.49,592.01,0.8739,999.68,569.22,0.7327
74,bottom,0,925.80,565.93,1038.53,822.35,965.26,585.84,0.9144,964.64,584.59,0.6050,964.01,583.96,0.6040,957.75,589.60,0.6918,974.03,588.97,0.7336,953.99,618.39,0.8781,991.55,613.38,0.8619,956.50,655.33,0.8216,1009.71,653.45,0.8009,938.34,683.50,0.8191,1003.45,679.12,0.4843,978.41,688.51,0.6931,1003.45,684.12,0.7503,950.24,744.85,0.8309,1001.57,730.45,0.7483,958.38,803.07,0.8501,1026.61,773.02,0.8084
75,top,4,909.66,425.54,1014.86,597.25,964.77,444.74,0.8290,968.13,439.71,0.7578,961.00,440.55,0.7758,976.51,440.55,0.8262,956.81,443.48,0.6793,988.67,464.44,0.8041,953.87,463.19,0.7451,996.63,494.21,0.7242,937.52,477.86,0.5919,986.99,515.59,0.7344,913.63,485.41,0.5501,999.57,511.82,0.6543,975.67,513.49,0.6666,993.70,555.00,0.7338,961.00,552.90,0.7052,995.37,599.43,0.7907,998.31,565.48,0.7431
75,bottom,0,925.78,565.95,1028.93,822.04,962.35,584.58,0.8924,961.73,583.33,0.5733,961.10,582.08,0.6123,955.47,588.33,0.6767,970.48,586.46,0.7157,951.10,617.09,0.8484,989.23,610.22,0.8212,954.22,653.98,0.7992,1006.74,650.85,0.7568,938.59,683.37,0.7887,1004.24,681.49,0.4848,977.98,687.12,0.6814,1002.36,682.74,0.7276,952.35,745.26,0.8004,993.61,729.01,0.7438,957.97,802.78,0.8236,1017.99,775.27,0.8259
76,top,4,922.07,429.84,1015.36,612.64,965.14,451.17,0.8609,968.71,446.26,0.7722,961.57,447.60,0.8078,978.09,448.04,0.7955,958.00,450.72,0.6409,991.03,470.81,0.7830,956.66,473.04,0.6611,998.17,498.03,0.7644,939.70,484.64,0.4074,987.01,516.77,0.7338,915.60,489.55,0.2741,1000.85,517.67,0.6326,978.53,519.90,0.6333,995.94,562.30,0.7531,960.68,558.28,0.6047,996.38,604.70,0.6699,996.83,564.98,0.4654
76,bottom,0,925.52,563.32,1020.22,821.99,959.61,582.77,0.8928,959.61,581.51,0.5698,957.71,580.24,0.6224,952.03,586.56,0.6695,969.08,584.66,0.7245,950.14,614.98,0.8153,989.29,610.56,0.7936,953.29,650.97,0.7822,1005.08,649.71,0.7830,938.77,681.29,0.7722,1001.92,680.65,0.4679,977.29,686.97,0.6535,1001.92,683.18,0.7195,953.92,743.81,0.7697,988.03,727.39,0.7280,957.08,801.91,0.7928,1008.24,775.38,0.7977
77,top,5,949.62,437.04,1015.64,614.99,966.99,457.38,0.9100,970.90,452.60,0.8155,963.51,453.90,0.9131,980.02,455.20,0.8464,959.60,457.38,0.7712,991.75,476.93,0.7640,959.17,478.66,0.7605,1001.31,502.12,0.7911,965.25,504.30,0.4885,985.23,519.93,0.7060,969.59,524.71,0.4122,1001.31,526.89,0.6626,978.28,527.75,0.6440,998.27,567.29,0.7490,962.64,565.98,0.5917,997.40,610.30,0.7511,994.36,571.20,0.5421
77,bottom,0,925.76,561.14,1013.03,821.09,957.34,581.96,0.8742,957.97,580.05,0.5673,955.44,578.78,0.5994,950.99,585.76,0.6535,966.22,583.86,0.7225,948.45,614.32,0.7826,986.53,608.61,0.7289,952.26,650.50,0.7629,1003.03,647.96,0.7484,938.30,679.69,0.7592,997.32,677.15,0.4608,978.28,684.77,0.6377,1001.13,681.60,0.7173,954.80,743.79,0.7578,982.09,727.92,0.6849,956.07,801.54,0.7550,999.23,777.43,0.7592
78,top,3,903.71,442.26,1017.34,613.72,968.48,463.10,0.8770,972.24,458.50,0.8202,965.13,459.75,0.8241,982.29,460.59,0.8503,961.78,463.52,0.7073,992.34,481.94,0.7671,960.94,484.87,0.6650,1002.39,502.87,0.8070,945.87,497.43,0.5653,986.48,518.36,0.7183,922.85,503.29,0.6312,1002.39,532.18,0.6955,978.94,534.27,0.6495,997.36,568.18,0.7004,962.62,570.27,0.4858,995.69,610.87,0.7470,991.08,575.29,0.4453
78,bottom,0,925.47,563.24,1011.41,825.73,954.98,582.98,0.8404,955.62,580.42,0.5794,953.06,579.78,0.5795,949.21,586.18,0.6184,962.67,584.90,0.7051,946.65,614.38,0.7832,983.82,608.61,0.7109,951.14,651.55,0.7849,1001.12,647.06,0.6925,938.32,680.39,0.7478,997.92,676.54,0.4207,978.05,686.15,0.6347,1001.12,682.31,0.6947,954.34,743.83,0.7428,978.69,725.25,0.6699,954.98,803.43,0.7487,989.59,778.44,0.7189
79,top,3,908.52,446.33,1017.82,617.55,969.86,467.14,0.8940,974.04,462.55,0.8280,966.51,463.80,0.8250,983.65,465.05,0.8561,963.17,467.56,0.7021,993.27,485.54,0.7451,962.33,489.72,0.6834,1002.46,503.09,0.7893,950.21,502.26,0.5876,990.34,515.63,0.7398,926.80,508.95,0.6470,1004.97,538.21,0.7421,980.73,540.30,0.7470,994.52,565.38,0.7310,967.77,575.41,0.4538,994.52,611.78,0.7518,993.27,578.34,0.4581
79,bottom,0,925.54,568.83,1011.38,827.36,953.95,585.74,0.8423,953.95,583.22,0.5764,952.05,582.59,0.5999,947.00,588.90,0.6214,962.78,587.01,0.6873,945.11,618.56,0.7703,982.35,611.62,0.7032,949.53,655.17,0.7783,999.39,646.97,0.6391,936.91,684.21,0.7352,992.45,678.53,0.3661,977.93,688.63,0.6265,1000.02,684.84,0.6851,951.42,745.43,0.7435,974.78,729.65,0.6840,956.47,804.76,0.7512,981.09,780.78,0.7659
80,top,3,913.04,451.31,1018.87,628.28,971.14,470.23,0.8715,975.46,465.91,0.7877,968.11,467.21,0.7726,984.96,468.94,0.7566,964.66,471.96,0.5723,996.63,490.11,0.7853,965.52,495.72,0.6960,997.06,507.82,0.6820,951.69,506.52,0.5614,982.37,517.76,0.5190,930.52,512.57,0.6485,1005.27,539.36,0.7825,980.64,539.79,0.7823,994.04,567.01,0.7686,968.98,577.38,0.5406,994.47,614.54,0.8262,993.17,578.25,0.4642
80,bottom,0,925.44,572.78,1010.30,832.35,952.03,590.40,0.8832,952.66,587.86,0.5945,951.39,587.23,0.6191,945.69,594.20,0.6562,961.53,592.30,0.7016,943.79,623.35,0.7764,979.28,617.01,0.7199,946.96,660.74,0.7758,998.92,654.40,0.6246,936.18,690.52,0.7414,997.02,684.82,0.3985,977.37,692.43,0.6139,998.92,688.62,0.6796,947.59,747.56,0.7295,970.40,734.25,0.6900,957.73,807.76,0.7550,972.94,785.58,0.7687
81,top,0,918.77,452.93,1018.54,637.65,973.17,471.33,0.8730,977.22,467.27,0.8312,970.01,468.17,0.8159,987.15,470.88,0.8051,966.85,473.14,0.5982,996.17,492.08,0.7265,967.30,495.68,0.6666,997.97,500.65,0.4813,954.68,506.96,0.5566,984.44,493.43,0.4180,934.38,513.27,0.5995,1005.64,540.33,0.7641,981.73,540.78,0.7581,993.46,566.94,0.7366,971.36,578.67,0.6181,994.36,616.10,0.7981,995.26,578.67,0.5466
81,bottom,1,924.29,578.74,1009.14,835.86,951.02,598.08,0.8953,951.02,595.57,0.6082,949.77,594.94,0.6452,944.74,601.84,0.6730,960.44,600.59,0.7146,941.61,630.72,0.7780,979.27,624.44,0.7493,945.37,667.13,0.7690,999.36,662.11,0.6900,935.33,697.26,0.7419,998.73,693.49,0.4787,975.50,699.14,0.6292,997.47,696.00,0.6894,944.12,753.13,0.7466,965.46,741.20,0.6992,957.93,812.13,0.7546,971.11,790.79,0.7727
82,top,1,923.44,453.09,1018.99,638.14,974.37,470.62,0.8671,978.89,466.55,0.8148,971.66,467.46,0.8143,988.38,470.17,0.7999,968.50,472.88,0.6145,997.41,490.95,0.7079,968.05,494.11,0.6668,999.22,500.89,0.4439,957.21,506.31,0.5896,982.96,494.56,0.3996,937.78,511.73,0.6301,1005.55,539.74,0.7870,982.05,539.74,0.7576,993.80,566.85,0.7300,971.66,577.24,0.6871,994.25,615.64,0.8013,992.45,579.50,0.5962
82,bottom,0,921.09,589.60,1008.25,840.74,951.18,607.87,0.8680,952.41,605.42,0.5787,949.95,604.19,0.6261,945.05,610.94,0.6338,959.77,609.10,0.6986,941.37,640.37,0.7944,978.77,632.40,0.7475,944.44,677.77,0.7750,999.62,669.80,0.7129,933.40,707.20,0.7468,1002.07,704.13,0.5305,976.32,707.81,0.6292,997.78,704.13,0.6950,940.14,760.54,0.7352,962.22,745.21,0.6717,957.31,814.50,0.7473,971.41,792.43,0.7816
83,top,1,927.23,450.62,1018.50,635.64,976.03,467.70,0.8892,980.54,464.08,0.8440,972.86,464.54,0.8709,989.13,467.70,0.8480,969.25,469.50,0.6861,997.71,488.48,0.6977,967.44,490.73,0.6794,1002.68,499.77,0.4777,958.86,503.38,0.6161,986.87,496.15,0.3299,940.34,510.16,0.6360,1004.03,537.71,0.7742,982.35,538.16,0.7599,994.55,567.52,0.7221,972.86,573.40,0.6925,995.00,614.50,0.8070,991.84,576.56,0.6167
83,bottom,0,919.58,596.97,1008.40,841.67,950.85,615.97,0.8814,951.44,613.58,0.5824,949.06,612.39,0.6347,943.68,618.96,0.6525,959.81,617.76,0.6968,941.29,649.42,0.7971,979.52,639.87,0.7631,943.08,688.85,0.7835,999.83,676.90,0.7590,932.33,716.33,0.7712,1001.63,710.36,0.6103,975.34,714.54,0.6508,996.85,710.96,0.7049,937.70,765.92,0.7550,960.41,749.79,0.6623,956.22,816.70,0.7417,969.96,792.20,0.7804
84,top,1,932.47,444.60,1018.82,636.86,977.52,462.81,0.9083,981.75,458.59,0.8128,974.24,459.06,0.8558,989.73,463.28,0.8370,970.48,465.16,0.6849,1000.52,485.34,0.7474,966.73,486.28,0.7340,1008.97,503.18,0.5660,960.63,499.90,0.6664,987.38,506.00,0.3567,942.79,508.81,0.6693,1004.75,534.16,0.7745,982.22,534.16,0.7384,993.95,567.49,0.7286,972.83,569.83,0.7072,994.89,614.89,0.7642,993.01,572.65,0.6690
84,bottom,0,919.10,602.79,1010.89,848.46,951.20,622.46,0.8573,951.80,620.06,0.5785,950.00,618.86,0.6250,944.00,626.06,0.6484,959.60,624.26,0.7024,941.60,657.25,0.7929,980.59,646.45,0.7608,943.40,696.83,0.7996,1001.58,681.84,0.7824,931.41,722.62,0.7737,1003.98,715.43,0.7124,975.79,723.22,0.6555,996.18,719.63,0.7008,935.61,772.41,0.7532,959.60,753.81,0.6350,956.00,820.39,0.7374,969.79,794.60,0.7601
85,top,1,933.67,439.22,1025.05,637.68,979.36,455.60,0.8977,983.72,451.24,0.8106,975.48,451.24,0.8516,990.99,456.08,0.8481,971.12,458.02,0.7439,1002.13,480.31,0.7643,967.73,479.83,0.7313,1013.27,504.53,0.6062,962.88,496.30,0.6821,993.89,520.04,0.4177,945.93,507.93,0.6771,1003.10,528.76,0.6942,980.81,528.76,0.6730,995.35,566.55,0.7115,974.51,562.68,0.6817,994.86,614.52,0.7098,995.35,568.97,0.6737
85,bottom,0,920.38,605.15,1015.61,854.26,952.18,626.31,0.8369,951.57,623.27,0.5904,951.57,622.66,0.6220,945.49,629.96,0.6683,960.09,628.14,0.7143,941.23,662.19,0.8173,981.98,650.64,0.7901,941.84,701.73,0.7948,1005.10,687.13,0.7966,932.11,726.06,0.7664,1008.14,718.15,0.7731,977.12,728.49,0.6822,995.97,724.84,0.7161,934.54,776.54,0.7689,960.09,753.42,0.6195,956.44,824.58,0.7314,969.21,796.00,0.7702
86,top,1,937.31,430.70,1028.70,636.80,981.50,448.21,0.9162,985.52,443.68,0.8562,977.47,444.19,0.8604,992.06,448.72,0.8662,972.44,450.23,0.8352,1001.62,471.86,0.7371,967.91,473.87,0.7504,1015.71,490.98,0.7136,963.38,492.49,0.7322,1019.74,513.12,0.5670,949.29,508.09,0.6993,1002.13,525.70,0.6644,979.48,524.69,0.6681,996.09,564.44,0.7224,973.45,557.40,0.6955,996.09,612.75,0.7255,993.57,566.46,0.6622
86,bottom,0,923.79,606.05,1021.69,854.24,953.96,627.74,0.8896,954.56,625.32,0.6262,953.96,625.32,0.6232,946.69,632.59,0.6895,962.44,630.77,0.7268,941.23,664.70,0.8265,983.65,651.37,0.8091,941.23,704.09,0.7751,1007.28,687.12,0.7991,935.17,725.90,0.7797,1012.13,719.24,0.7747,977.59,731.35,0.6981,996.98,726.51,0.7190,933.96,778.62,0.8008,964.86,753.17,0.6110,958.81,828.30,0.7419,969.11,795.58,0.7957
87,top,1,942.71,425.88,1032.39,633.57,981.97,441.49,0.9311,986.53,437.44,0.9129,978.42,437.44,0.8905,992.62,442.00,0.9021,973.35,443.02,0.8955,1003.78,467.86,0.7844,966.76,465.83,0.7886,1016.45,493.22,0.7365,964.22,490.17,0.7653,1024.06,519.08,0.6984,953.07,510.46,0.7589,1001.75,518.57,0.6636,979.44,517.05,0.6842,997.69,562.68,0.7287,972.84,554.57,0.7044,996.17,610.86,0.7564,994.14,564.21,0.6994
87,bottom,0,925.84,607.61,1026.57,852.94,955.84,628.45,0.8626,956.44,625.46,0.5973,955.24,626.06,0.5852,948.65,632.05,0.6752,964.83,630.85,0.6765,941.47,665.59,0.8457,985.19,653.61,0.8123,939.67,706.31,0.7275,1010.35,688.95,0.8056,937.87,723.68,0.6877,1016.93,719.49,0.7800,975.61,732.67,0.7114,995.97,727.88,0.7289,935.48,780.58,0.8201,975.01,757.23,0.6414,961.83,830.90,0.7454,969.02,795.56,0.7710
88,top,1,949.92,420.70,1033.89,627.34,984.34,436.24,0.9488,988.37,432.20,0.9216,980.30,432.20,0.9623,994.43,437.75,0.9298,974.75,437.75,0.9188,1005.02,463.98,0.8252,967.69,460.96,0.8232,1017.13,493.24,0.7871,967.69,486.69,0.7973,1026.21,524.02,0.7423,956.59,509.89,0.7405,1002.50,514.43,0.6625,980.30,512.92,0.6953,997.45,561.35,0.7553,970.71,553.28,0.7969,995.94,609.28,0.7918,995.43,562.36,0.6916
88,bottom,0,928.59,608.54,1033.63,856.25,958.73,628.98,0.8902,959.94,625.96,0.6083,958.73,625.96,0.5616,950.87,632.61,0.7011,967.80,631.40,0.6635,941.19,666.48,0.8464,987.76,655.59,0.8017,938.78,706.99,0.7618,1011.95,691.88,0.7936,943.01,720.90,0.5797,1022.84,719.69,0.7950,972.04,733.60,0.7005,996.23,729.97,0.7370,937.57,781.98,0.8047,982.92,765.66,0.6667,962.97,832.78,0.7518,973.25,798.31,0.7407
89,top,1,956.44,418.17,1033.39,625.46,986.31,433.25,0.9244,990.36,429.20,0.9282,982.26,429.20,0.9344,995.93,434.77,0.9176,976.70,434.77,0.9078,1007.06,461.59,0.8067,968.60,457.54,0.7906,1017.69,494.99,0.7166,969.61,485.38,0.6908,1026.80,527.89,0.6990,961.51,515.74,0.5012,1003.01,512.20,0.6407,980.75,510.68,0.6492,996.94,557.24,0.7114,969.11,552.68,0.7952,996.43,604.81,0.7705,993.40,562.81,0.6937
89,bottom,0,932.62,608.81,1043.53,855.78,962.15,629.79,0.8808,963.36,626.78,0.5814,962.75,627.38,0.5023,953.11,633.41,0.7389,973.00,632.20,0.6769,944.66,666.57,0.8389,992.30,658.13,0.8063,939.84,708.17,0.8066,1014.00,696.11,0.7637,956.12,716.62,0.5231,1031.49,717.22,0.7746,971.19,737.12,0.6796,997.12,734.10,0.7130,942.86,781.13,0.8009,985.06,767.26,0.7117,963.36,832.99,0.7644,979.64,805.85,0.7294
90,top,1,960.67,416.29,1031.82,614.34,988.51,432.15,0.8954,991.89,428.28,0.8783,984.15,428.28,0.9099,997.69,433.60,0.8886,978.35,433.11,0.9240,1008.33,461.64,0.7849,970.13,456.32,0.7685,1018.00,495.49,0.6911,973.03,482.43,0.5567,1025.74,529.33,0.6787,968.68,507.58,0.4406,1002.53,511.93,0.6408,980.29,510.96,0.6219,993.34,550.13,0.7319,968.20,555.93,0.7886,999.14,598.96,0.7750,988.99,566.08,0.7076
90,bottom,0,934.86,609.01,1052.36,853.58,966.74,629.79,0.8479,967.34,626.80,0.5441,967.93,626.80,0.4868,957.19,633.37,0.7723,978.09,632.18,0.6767,947.04,665.02,0.8675,997.19,659.05,0.8178,942.86,706.81,0.8444,1015.70,696.07,0.7668,960.77,700.25,0.5665,1038.39,713.98,0.7650,970.92,737.27,0.6935,998.39,734.88,0.7022,949.42,781.45,0.7839,989.43,770.11,0.7500,964.35,834.60,0.8351,984.06,811.91,0.8014
91,top,1,960.65,416.53,1027.24,616.21,989.56,432.52,0.8813,993.46,428.62,0.8761,985.66,428.62,0.8763,999.31,433.50,0.8543,979.81,433.50,0.9268,1009.06,461.29,0.7769,971.04,456.90,0.7660,1019.79,494.92,0.6623,972.50,484.20,0.6525,1025.15,528.07,0.6405,967.62,508.09,0.5349,1000.29,513.94,0.6414,979.81,512.96,0.6317,991.51,554.40,0.7288,966.65,557.81,0.7804,999.31,602.17,0.7753,988.59,565.61,0.6934
91,bottom,0,938.88,607.26,1057.67,854.22,971.74,628.24,0.8660,972.35,625.23,0.5740,972.95,625.23,0.5079,962.70,631.86,0.7355,983.20,629.45,0.6688,951.24,661.40,0.8684,1003.70,657.18,0.8347,946.42,703.61,0.8296,1016.96,695.17,0.7791,963.91,695.77,0.5463,1044.09,710.24,0.7648,971.14,733.75,0.6971,1000.68,731.94,0.7060,954.26,780.78,0.7994,994.65,771.74,0.7635,963.30,835.04,0.8973,987.42,820.57,0.8316
92,top,1,960.77,415.68,1026.17,614.30,991.05,432.07,0.9065,994.92,428.19,0.8762,986.68,428.19,0.8679,1000.26,433.04,0.8615,980.86,433.04,0.9171,1010.93,459.23,0.7679,972.13,455.83,0.7770,1020.14,491.71,0.6956,972.13,484.44,0.6664,1023.05,523.72,0.6490,967.77,509.17,0.5222,1001.23,513.53,0.6260,979.89,513.05,0.6225,988.62,552.33,0.7229,965.35,558.63,0.7944,998.80,600.82,0.7876,987.17,566.39,0.6804
92,bottom,0,940.90,605.60,1064.54,855.27,977.73,626.81,0.8556,978.34,623.76,0.5809,979.56,623.76,0.5266,969.80,629.86,0.7153,989.31,628.03,0.6903,957.00,659.12,0.8803,1007.59,656.68,0.8529,950.91,700.57,0.8330,1019.79,693.86,0.7959,969.19,695.69,0.5538,1049.04,707.27,0.7816,972.85,731.65,0.7177,1002.72,731.04,0.7063,959.44,782.25,0.8062,1000.89,774.32,0.7703,964.32,836.49,0.8974,992.97,827.35,0.8402
93,top,1,962.11,413.41,1029.36,604.39,991.54,429.63,0.8902,994.81,425.44,0.8616,987.34,425.44,0.8655,1000.40,430.10,0.8522,981.28,429.63,0.9111,1012.52,456.68,0.7660,972.42,451.55,0.7686,1022.32,487.92,0.6972,971.49,479.99,0.6184,1023.71,517.29,0.6471,969.16,505.17,0.4861,1001.33,513.56,0.6390,978.95,512.63,0.6475,991.54,553.19,0.7375,965.90,556.92,0.8013,999.00,596.56,0.8023,987.81,566.72,0.7049
93,bottom,0,941.10,604.08,1070.67,860.10,984.64,626.45,0.8260,984.01,623.95,0.5797,987.14,623.33,0.5604,976.51,630.83,0.7095,994.64,627.70,0.7212,964.01,658.33,0.8778,1012.76,657.71,0.8791,955.88,698.96,0.8671,1022.76,695.83,0.8180,975.89,693.33,0.5760,1052.77,707.71,0.7946,977.14,732.09,0.7430,1007.14,731.46,0.7313,965.89,786.47,0.8259,1007.14,781.46,0.7878,963.39,840.84,0.9312,997.76,834.59,0.8546
94,top,1,961.99,409.41,1030.11,600.86,991.38,425.67,0.8567,995.12,421.93,0.8154,987.17,421.93,0.8363,1000.73,425.67,0.8127,981.10,425.20,0.8774,1013.81,451.85,0.7548,969.88,447.17,0.7504,1022.70,482.70,0.6610,967.07,471.48,0.5729,1025.03,511.21,0.6141,967.54,496.25,0.4287,1002.60,509.81,0.6075,980.16,507.47,0.6262,998.86,553.75,0.7135,966.61,552.34,0.7985,1000.26,595.35,0.7797,989.04,567.30,0.7244
94,bottom,0,948.49,605.31,1076.17,867.86,991.82,629.54,0.7965,992.46,626.98,0.5582,995.03,626.33,0.5696,984.13,632.74,0.6613,1000.16,630.82,0.7045,970.03,660.31,0.8642,1016.82,660.95,0.8521,961.70,700.05,0.8144,1025.15,699.41,0.8096,983.49,696.84,0.5319,1057.20,710.30,0.7920,979.64,732.74,0.7338,1009.13,731.46,0.7236,970.03,790.43,0.8237,1013.62,787.87,0.7906,962.34,846.84,0.9293,1005.92,843.63,0.8570
95,top,1,958.99,405.54,1032.34,609.00,992.69,421.83,0.8182,996.16,417.85,0.7924,988.21,417.85,0.7885,1000.63,421.33,0.7917,980.76,420.83,0.8682,1014.54,445.67,0.7696,968.84,442.69,0.7867,1024.48,475.97,0.6953,963.38,466.04,0.6461,1026.96,505.78,0.6647,962.88,488.39,0.5291,1004.11,506.27,0.6550,980.76,505.28,0.6826,1004.61,551.48,0.7329,968.35,548.49,0.8016,1003.12,594.69,0.7932,993.18,568.86,0.7392
95,bottom,0,955.12,613.87,1079.65,883.05,998.32,634.11,0.7680,998.32,631.48,0.5501,1000.95,631.48,0.5670,989.78,636.74,0.6479,1006.21,635.43,0.6828,975.98,665.00,0.8644,1020.67,666.97,0.8207,967.44,703.12,0.8131,1026.58,706.40,0.7832,988.47,701.80,0.5122,1058.78,715.60,0.7343,983.87,737.95,0.7210,1011.47,738.60,0.7183,974.67,794.46,0.8013,1021.98,795.78,0.7879,963.49,853.61,0.8689,1013.44,852.30,0.8369
96,top,1,953.25,402.22,1034.01,606.89,992.13,418.61,0.8339,996.13,414.61,0.8022,988.13,414.61,0.7880,1000.62,418.11,0.7835,981.14,417.11,0.8418,1014.62,441.10,0.7424,967.65,438.10,0.7775,1025.11,467.08,0.6880,961.15,459.09,0.6813,1028.61,498.06,0.6404,958.15,478.57,0.5902,1005.12,499.06,0.6080,981.14,498.56,0.6402,1007.12,545.53,0.6896,968.64,542.54,0.7705,1005.62,586.51,0.7480,993.63,570.52,0.7136
96,bottom,0,952.40,621.22,1081.55,894.20,1008.31,642.41,0.7442,1008.31,638.42,0.5049,1009.64,638.42,0.5746,997.65,644.41,0.6300,1012.31,643.75,0.6909,982.98,673.07,0.8579,1024.30,676.40,0.8381,974.32,710.39,0.7983,1027.64,717.72,0.7797,1000.31,713.72,0.5422,1061.62,726.39,0.7739,985.65,746.38,0.7467,1012.97,747.71,0.7219,980.98,800.36,0.8428,1030.30,806.36,0.8100,962.99,858.34,0.8445,1021.64,862.34,0.8258
97,top,1,953.29,399.02,1037.81,597.93,993.61,414.95,0.8355,997.49,411.07,0.8136,989.72,410.58,0.7877,1001.86,414.46,0.7655,981.95,413.01,0.8582,1014.49,436.32,0.7547,966.90,432.92,0.8092,1026.63,460.60,0.7149,959.62,450.89,0.7037,1031.49,491.19,0.6505,959.13,471.77,0.6416,1006.23,494.59,0.6169,981.47,494.11,0.6401,1007.69,537.81,0.6992,971.76,536.35,0.7353,1010.12,583.94,0.7544,993.12,571.80,0.7251
97,bottom,0,950.11,631.88,1084.28,902.35,1015.87,652.22,0.7217,1017.19,648.26,0.4550,1017.85,648.26,0.5687,1004.65,654.86,0.6459,1019.17,654.20,0.6590,990.12,683.26,0.8166,1027.76,687.22,0.8304,984.84,718.91,0.6516,1027.76,730.14,0.7576,1017.19,715.61,0.4326,1063.41,737.40,0.7682,989.46,758.53,0.7397,1016.53,759.85,0.7205,987.48,809.38,0.7919,1040.30,817.30,0.7781,963.05,864.84,0.8227,1033.04,872.77,0.8024
98,top,1,957.94,394.59,1040.05,601.04,994.96,410.62,0.8204,998.49,407.09,0.8001,990.93,406.58,0.7936,1003.02,410.62,0.7706,983.37,409.10,0.8627,1016.13,431.28,0.7632,968.25,427.75,0.8061,1029.23,456.48,0.7437,960.68,451.44,0.6816,1035.79,482.69,0.7085,959.17,472.61,0.6093,1007.06,485.21,0.6148,981.35,486.22,0.6268,1007.56,529.57,0.7009,976.31,532.59,0.7281,1014.11,578.46,0.7573,994.46,571.91,0.7311
98,bottom,0,949.09,642.82,1087.49,911.69,1022.89,664.35,0.7244,1026.83,659.76,0.4916,1024.20,660.41,0.5431,1011.73,666.98,0.6418,1026.17,667.63,0.6072,999.91,695.86,0.8113,1032.73,703.74,0.7978,1005.82,724.74,0.5477,1028.14,744.43,0.7454,1039.96,717.52,0.6504,1065.56,751.00,0.7710,993.35,770.69,0.7195,1018.95,772.66,0.7098,991.38,819.26,0.7654,1049.14,828.45,0.7884,961.84,872.43,0.8074,1043.89,884.91,0.7916
99,top,1,958.12,390.48,1043.56,591.91,996.91,407.10,0.8148,999.86,403.17,0.7747,992.48,402.68,0.7732,1004.28,406.12,0.7552,985.59,405.14,0.8449,1017.07,426.28,0.7763,969.37,422.35,0.8058,1031.82,451.85,0.7763,962.48,442.51,0.6599,1037.23,478.90,0.7339,962.48,465.62,0.5692,1007.23,480.38,0.6207,982.15,480.38,0.6371,1008.22,525.13,0.7277,980.19,527.59,0.7174,1016.58,568.90,0.7455,994.94,571.35,0.7675
99,bottom,0,949.87,655.19,1090.44,920.86,1034.42,675.17,0.6337,1035.72,670.63,0.4933,1035.07,671.93,0.5411,1023.40,678.41,0.5913,1033.13,679.71,0.5676,1010.42,706.95,0.7815,1036.37,715.38,0.7493,1019.50,730.30,0.5588,1029.23,756.89,0.7302,1050.64,729.00,0.7621,1068.15,763.38,0.7588,998.75,784.13,0.7207,1022.10,785.43,0.7250,999.40,823.70,0.7239,1056.47,838.61,0.8045,962.43,872.99,0.8091,1054.53,898.29,0.8204
100,top,1,960.31,385.61,1045.36,588.96,997.87,402.39,0.8354,1001.34,398.92,0.8162,993.90,398.42,0.8082,1005.32,401.90,0.7758,986.45,400.90,0.8558,1018.22,422.25,0.7591,971.06,417.78,0.8199,1033.12,446.58,0.7538,966.59,443.10,0.6768,1040.07,474.87,0.7000,969.07,465.94,0.5958,1006.81,477.36,0.6109,982.48,477.36,0.6244,1008.79,521.05,0.7452,981.98,520.55,0.7159,1018.22,561.26,0.6993,990.92,566.72,0.7878
100,bottom,0,950.23,665.22,1095.47,936.38,1052.65,684.28,0.7055,1050.66,680.31,0.5358,1050.00,681.63,0.6614,1034.77,688.92,0.5430,1045.36,690.24,0.6147,1026.16,715.40,0.7791,1044.70,724.00,0.7647,1034.11,741.22,0.5876,1034.11,765.71,0.7639,1061.91,735.92,0.8013,1072.51,774.32,0.7721,1008.95,789.54,0.7390,1026.16,792.19,0.7363,1004.32,828.60,0.7247,1062.58,846.48,0.8279,961.29,873.62,0.8317,1063.24,909.37,0.8546
101,top,1,965.05,383.69,1048.04,580.63,999.33,399.94,0.8034,1002.22,396.58,0.7876,995.01,396.58,0.7777,1007.03,399.46,0.7436,987.79,398.50,0.8188,1020.01,419.66,0.7642,972.89,415.33,0.8301,1034.91,446.10,0.7614,970.49,441.29,0.6692,1041.65,473.51,0.7003,972.89,463.89,0.6177,1008.95,469.18,0.5943,982.99,468.70,0.6171,1008.95,515.34,0.7555,981.06,514.86,0.6881,1019.05,554.28,0.7306,986.35,561.02,0.7520
101,bottom,0,943.94,672.79,1103.06,943.64,1066.48,694.48,0.8108,1065.82,690.52,0.5659,1063.84,691.18,0.7614,1048.63,697.13,0.4752,1057.23,699.77,0.7549,1038.71,722.26,0.7598,1053.92,732.17,0.8178,1049.29,744.08,0.6176,1042.68,772.51,0.7815,1077.73,735.48,0.7708,1080.37,781.11,0.7932,1020.20,795.65,0.7787,1036.07,798.96,0.7606,1008.96,834.01,0.7279,1071.11,854.51,0.8569,961.34,874.34,0.8066,1061.19,920.63,0.8592
102,top,1,966.97,382.00,1048.07,575.32,999.97,397.95,0.8495,1003.27,394.64,0.8331,996.19,394.17,0.8303,1007.99,397.95,0.7975,989.59,397.00,0.8355,1020.26,418.24,0.7686,974.95,414.00,0.8304,1035.37,445.15,0.7748,972.59,437.60,0.6445,1042.92,473.47,0.7008,974.48,456.48,0.5802,1009.88,465.92,0.6180,984.87,464.97,0.6528,1008.94,513.59,0.7571,978.73,508.87,0.6898,1020.26,545.68,0.7260,983.92,556.07,0.7840
102,bottom,0,955.78,676.81,1118.59,943.40,1080.80,696.86,0.7919,1080.14,693.60,0.5871,1076.89,694.25,0.7366,1063.87,700.76,0.4563,1069.08,703.37,0.7039,1052.81,726.15,0.7433,1065.83,736.56,0.8316,1063.87,740.46,0.5954,1053.46,776.26,0.7620,1090.56,728.75,0.7836,1092.51,781.47,0.8005,1031.98,800.34,0.7471,1047.60,804.25,0.7554,1010.50,838.74,0.7145,1082.10,860.87,0.8481,967.55,871.94,0.8321,1060.62,924.66,0.8222
103,top,1,967.54,381.86,1048.05,570.17,1001.82,398.32,0.8653,1005.03,395.10,0.8503,998.14,394.64,0.8469,1009.63,398.32,0.8009,990.78,397.40,0.8426,1021.58,418.55,0.7649,976.07,414.87,0.8041,1035.84,447.05,0.7757,974.23,441.07,0.6296,1043.65,475.55,0.6901,976.07,461.30,0.5309,1011.47,464.98,0.6160,985.73,462.68,0.6560,1009.63,512.79,0.7359,976.53,504.52,0.6942,1020.20,541.29,0.7048,982.51,551.41,0.7879
103,bottom,0,959.52,676.48,1125.36,943.32,1089.35,695.24,0.7737,1088.04,691.98,0.5505,1085.44,693.29,0.6988,1075.02,700.45,0.4675,1077.62,702.41,0.6860,1065.24,725.86,0.7537,1076.32,735.63,0.8301,1078.92,731.72,0.6380,1065.24,774.72,0.7446,1099.77,708.92,0.7376,1106.29,772.11,0.8186,1043.75,798.17,0.7401,1058.73,803.38,0.7469,1020.94,837.91,0.6954,1091.30,862.67,0.8302,974.69,871.14,0.8147,1061.33,925.21,0.7848
104,top,1,966.73,383.77,1048.71,567.25,1002.79,399.80,0.8726,1006.37,396.22,0.8488,999.21,395.77,0.8450,1011.30,399.36,0.7966,992.49,398.91,0.8418,1022.95,421.31,0.7764,977.26,416.83,0.7984,1035.94,448.18,0.7504,974.12,439.22,0.6351,1043.55,476.85,0.6950,975.02,458.49,0.5432,1011.75,466.10,0.6148,985.77,463.86,0.6530,1011.30,513.59,0.7483,974.57,504.18,0.6851,1019.81,544.05,0.7256,981.74,544.05,0.7678
104,bottom,0,967.50,667.97,1132.64,944.06,1096.58,687.39,0.7870,1095.90,684.02,0.5623,1093.21,685.36,0.6692,1083.10,691.43,0.5591,1089.16,693.45,0.7305,1074.33,718.39,0.7708,1086.47,727.15,0.8410,1072.99,748.72,0.5192,1078.38,765.57,0.7640,1105.34,748.05,0.3844,1114.78,754.79,0.7835,1056.14,790.51,0.7281,1070.29,795.90,0.7431,1037.94,836.35,0.6990,1093.21,862.63,0.8508,981.99,872.07,0.8293,1062.20,924.64,0.7617
105,top,1,966.21,384.62,1050.31,563.38,1003.89,401.55,0.8956,1007.38,398.06,0.8773,999.97,397.63,0.8546,1012.19,401.55,0.8161,993.42,400.68,0.8571,1023.97,422.50,0.7794,978.58,418.57,0.7959,1036.19,449.56,0.7100,973.78,440.83,0.6473,1043.61,479.24,0.7008,973.78,462.65,0.5739,1012.19,467.45,0.6316,986.44,466.14,0.6544,1011.31,511.53,0.7636,974.65,507.60,0.6577,1020.04,545.13,0.7714,979.89,535.53,0.7853
105,bottom,0,979.35,655.07,1133.95,942.97,1104.45,678.12,0.8485,1102.34,674.61,0.6142,1100.93,676.01,0.7861,1089.69,681.64,0.5406,1095.31,684.45,0.7926,1084.06,711.86,0.7974,1093.20,716.08,0.8686,1084.06,742.09,0.5926,1085.47,753.33,0.7936,1115.69,730.84,0.6030,1117.80,736.46,0.8372,1068.60,782.85,0.7995,1084.06,788.48,0.7742,1052.43,831.35,0.7589,1087.58,857.36,0.8483,997.61,870.71,0.8149,1062.27,920.62,0.8146
106,top,1,964.36,384.90,1048.24,563.17,1004.12,401.35,0.8862,1008.04,397.87,0.8501,1000.21,397.87,0.8356,1012.83,401.35,0.8000,993.68,401.35,0.8544,1025.02,421.37,0.7856,979.32,418.76,0.7885,1034.16,448.35,0.7167,970.18,439.21,0.7391,1041.99,475.77,0.6986,971.48,463.15,0.6654,1012.83,465.33,0.6482,987.59,464.46,0.6428,1011.09,507.98,0.7466,974.53,510.59,0.6633,1020.23,544.10,0.7817,977.14,526.70,0.7415
106,bottom,0,1004.02,628.35,1130.60,942.44,1110.25,668.84,0.7709,1106.42,665.01,0.5231,1107.18,665.01,0.6749,1090.31,671.91,0.5463,1102.58,672.67,0.7358,1089.55,699.51,0.7530,1104.88,702.58,0.7856,1097.98,704.11,0.5579,1090.31,734.02,0.6791,1117.15,703.35,0.4782,1114.08,718.68,0.5736,1079.58,766.99,0.8176,1100.28,771.59,0.7701,1067.31,824.50,0.8085,1089.55,845.97,0.7960,1021.30,859.77,0.7902,1071.91,911.15,0.8577
107,top,1,961.05,382.54,1045.54,564.01,1004.62,399.73,0.8931,1007.73,396.63,0.8636,1000.64,396.63,0.8409,1012.60,399.29,0.8562,993.99,399.73,0.8658,1025.01,419.22,0.8164,979.37,417.89,0.7755,1032.09,444.48,0.7483,966.08,437.39,0.7976,1038.74,471.95,0.7257,968.74,461.31,0.7201,1012.60,464.42,0.6732,987.79,463.53,0.6543,1011.71,503.85,0.7537,974.94,507.83,0.6619,1020.57,543.72,0.7922,976.71,520.24,0.7466
107,bottom,0,1029.62,584.97,1132.35,927.84,1112.80,659.30,0.7534,1111.12,652.60,0.5922,1112.80,654.28,0.6243,1100.24,661.81,0.6139,1111.96,662.65,0.7331,1091.87,681.90,0.8425,1117.82,688.60,0.8111,1076.80,650.93,0.8019,1103.59,699.48,0.5896,1092.71,619.96,0.8460,1106.10,719.57,0.4069,1090.20,758.08,0.8700,1111.96,759.75,0.8601,1081.82,815.00,0.8964,1108.61,832.58,0.8561,1046.67,845.13,0.8362,1080.15,892.85,0.8637
108,top,1,958.56,382.26,1044.40,563.56,1003.25,397.66,0.8984,1006.35,394.12,0.8581,998.83,394.12,0.8550,1011.22,397.22,0.8806,992.63,397.66,0.8654,1023.17,414.04,0.8208,978.91,414.92,0.7648,1029.37,436.17,0.7110,961.65,433.96,0.7952,1036.00,461.84,0.7011,965.63,455.65,0.6790,1013.43,456.97,0.6513,987.32,456.97,0.6549,1013.87,499.02,0.6887,977.14,501.68,0.6197,1020.96,542.84,0.7600,977.14,518.94,0.7344
108,bottom,0,1055.68,591.76,1145.38,909.47,1120.70,653.66,0.6800,1116.82,649.01,0.5246,1120.70,649.01,0.6055,1107.51,655.21,0.6191,1119.92,655.99,0.6747,1097.43,671.50,0.7994,1121.48,681.58,0.7742,1074.16,649.78,0.8621,1108.29,699.42,0.5293,1086.57,617.98,0.8219,1116.05,678.48,0.4342,1101.31,751.39,0.8014,1124.58,752.17,0.8120,1088.90,810.34,0.8180,1127.68,821.97,0.8502,1067.18,833.61,0.7869,1090.45,873.17,0.8324
109,top,1,952.68,379.22,1044.51,563.46,1001.30,395.78,0.8471,1004.89,392.18,0.8336,997.25,392.63,0.8392,1009.39,395.78,0.8654,990.95,395.78,0.8719,1020.19,410.62,0.8003,977.91,413.32,0.7200,1027.38,429.51,0.7297,957.22,430.86,0.7734,1034.58,454.70,0.7368,960.82,448.40,0.6893,1012.99,452.00,0.6284,986.45,452.45,0.6259,1017.04,496.53,0.6692,979.71,492.48,0.6650,1022.44,539.26,0.6991,981.06,521.72,0.7657
109,bottom,0,1059.45,622.50,1158.53,891.09,1124.72,644.00,0.6445,1122.10,640.07,0.4702,1125.38,641.38,0.5104,1112.27,647.28,0.5745,1124.07,646.63,0.6764,1105.71,668.27,0.7448,1127.35,671.55,0.6776,1081.45,660.40,0.5213,1117.51,666.95,0.4794,1080.13,645.97,0.5101,1124.72,671.55,0.3881,1112.27,741.71,0.7289,1138.50,743.68,0.7410,1091.94,804.66,0.7595,1140.46,811.88,0.8296,1071.61,844.01,0.6821,1108.33,857.78,0.7374
110,top,0,947.78,379.27,1044.49,551.12,999.91,395.97,0.8193,1003.26,392.19,0.8021,995.71,392.61,0.8245,1008.30,395.97,0.8009,989.42,396.39,0.8202,1018.79,408.98,0.7897,976.41,412.33,0.7092,1026.76,424.92,0.7387,952.92,429.53,0.7512,1035.99,449.25,0.7354,956.69,444.22,0.6775,1012.91,444.64,0.6292,983.55,445.48,0.6287,1018.79,489.95,0.6468,976.83,488.27,0.6453,1024.24,532.32,0.7396,981.87,522.25,0.7597
110,bottom,1,1054.42,617.12,1173.39,892.60,1115.92,640.52,0.6468,1113.91,636.49,0.4783,1117.27,637.16,0.4398,1111.89,643.21,0.6417,1130.05,641.19,0.6534,1109.20,666.08,0.6542,1144.85,672.81,0.6708,1087.68,676.84,0.4095,1139.46,678.19,0.3907,1108.53,668.77,0.2684,1121.98,668.77,0.3267,1127.36,742.08,0.7197,1156.28,745.44,0.7089,1099.11,803.28,0.7408,1147.54,810.68,0.7643,1072.21,860.45,0.7778,1128.70,869.20,0.7207
111,top,1,944.49,380.37,1047.25,544.01,998.67,396.67,0.8273,1001.86,392.68,0.8125,994.67,393.48,0.8320,1006.66,396.27,0.7979,988.68,396.27,0.8088,1018.64,409.06,0.7541,976.69,411.85,0.6728,1028.23,422.64,0.7448,949.13,428.63,0.7057,1038.22,445.01,0.7175,952.72,441.42,0.6866,1011.45,439.82,0.5967,982.69,440.22,0.5875,1018.64,482.56,0.6612,971.50,483.76,0.6150,1027.83,526.51,0.7449,978.29,519.72,0.7404
111,bottom,0,1057.68,614.14,1200.31,891.40,1118.84,638.37,0.5923,1115.45,634.31,0.4168,1119.51,632.96,0.4270,1114.10,641.08,0.6257,1133.05,637.02,0.6458,1109.36,668.83,0.6952,1156.07,663.42,0.6130,1102.59,709.45,0.6774,1189.91,659.35,0.5351,1115.45,681.69,0.3810,1147.94,658.68,0.3636,1137.11,735.84,0.6638,1166.90,736.52,0.6948,1108.68,800.15,0.7255,1158.78,804.89,0.7838,1082.29,864.46,0.7891,1152.01,873.93,0.7928
112,top,1,940.58,381.52,1047.64,541.31,997.62,397.43,0.8374,1000.74,393.92,0.8245,993.72,394.31,0.8288,1006.21,397.04,0.8178,987.48,397.43,0.7975,1018.30,410.31,0.7453,976.17,411.87,0.6639,1030.00,423.57,0.7703,947.30,427.08,0.7395,1041.71,446.20,0.7359,948.08,439.96,0.6743,1010.50,438.01,0.6217,980.07,438.40,0.6084,1022.20,478.58,0.6658,963.29,478.19,0.6766,1031.95,520.71,0.7218,972.26,516.03,0.7661
112,bottom,0,1079.46,614.00,1213.62,892.32,1124.79,640.36,0.7544,1122.75,637.64,0.5634,1126.83,634.92,0.5515,1118.68,646.48,0.7215,1135.66,639.00,0.7430,1115.96,678.41,0.8789,1164.20,655.99,0.7548,1121.39,721.22,0.7462,1200.90,634.24,0.6697,1132.95,713.75,0.4229,1206.33,624.73,0.5453,1145.86,742.28,0.7417,1173.72,741.60,0.7464,1118.00,800.72,0.8120,1173.04,808.87,0.8157,1099.65,864.59,0.8533,1168.28,873.43,0.8533
113,top,1,937.28,383.44,1053.57,538.15,996.94,399.09,0.8292,1000.35,395.30,0.8003,993.16,395.30,0.7865,1005.27,397.57,0.7869,986.72,397.57,0.7964,1017.76,410.82,0.7392,974.98,412.72,0.6643,1031.77,426.34,0.7567,945.46,427.10,0.7803,1044.26,447.92,0.7176,945.08,441.49,0.6736,1010.19,437.70,0.6194,979.91,437.32,0.6175,1025.33,477.45,0.6712,957.57,474.80,0.6987,1038.20,513.79,0.6989,960.98,511.14,0.6924
113,bottom,0,1109.81,576.29,1241.18,891.05,1131.69,646.83,0.8593,1130.92,643.76,0.6522,1129.38,642.99,0.6119,1124.77,650.68,0.7327,1142.45,645.30,0.7365,1125.54,687.56,0.8893,1170.11,659.13,0.8102,1133.99,727.52,0.7028,1207.00,630.70,0.7323,1151.67,728.29,0.3594,1228.52,599.96,0.8285,1153.21,745.20,0.7806,1180.10,740.59,0.7551,1135.53,802.06,0.7886,1185.48,805.14,0.8322,1125.54,861.23,0.8760,1180.87,864.31,0.8811
114,top,1,932.28,385.03,1058.25,530.08,996.91,400.97,0.8722,999.78,397.27,0.8423,992.81,397.27,0.8266,1004.70,398.91,0.8086,986.24,399.73,0.8307,1016.59,410.81,0.7470,973.94,413.68,0.6910,1031.76,428.03,0.7556,945.24,426.39,0.7689,1045.29,448.94,0.7825,943.19,443.61,0.6534,1009.62,441.15,0.6630,979.68,440.33,0.6502,1030.12,478.88,0.7301,954.26,471.91,0.6702,1045.29,507.99,0.7505,947.70,507.99,0.7678
114,bottom,0,1122.00,623.94,1230.01,901.37,1139.43,652.93,0.8681,1138.07,650.22,0.6033,1138.75,648.86,0.5182,1131.98,660.38,0.7811,1150.94,652.25,0.7747,1134.69,694.24,0.8426,1173.30,667.83,0.7791,1146.20,728.11,0.5798,1198.36,659.02,0.5719,1166.52,730.14,0.3131,1215.97,643.44,0.7071,1161.78,755.20,0.7451,1189.55,751.14,0.7256,1154.33,812.78,0.6991,1197.00,802.62,0.7662,1150.27,865.61,0.7204,1192.26,858.84,0.8231
115,top,3,915.90,387.32,1050.03,524.50,996.06,402.64,0.8788,998.68,399.15,0.8786,992.13,400.02,0.8327,1003.49,400.90,0.8358,985.58,402.64,0.8668,1015.71,413.12,0.8098,973.80,415.74,0.6824,1030.56,430.15,0.7945,946.72,427.09,0.7537,1044.09,449.36,0.8324,940.18,445.87,0.6955,1008.29,444.12,0.7193,979.03,443.69,0.6558,1031.87,479.49,0.7793,954.15,471.63,0.7111,1050.20,502.19,0.7303,931.88,505.25,0.7786
115,bottom,0,1127.97,638.22,1225.92,912.34,1146.16,661.51,0.7503,1144.15,658.16,0.5482,1146.16,656.15,0.4457,1140.80,666.19,0.7519,1159.54,659.50,0.6879,1142.14,703.00,0.8243,1185.64,676.23,0.7029,1153.52,741.82,0.6135,1217.77,680.25,0.7081,1169.58,759.89,0.3199,1213.75,699.65,0.5619,1172.93,765.24,0.6654,1201.03,758.55,0.6749,1172.93,826.14,0.6435,1209.73,800.71,0.7125,1172.93,877.00,0.6069,1206.39,852.91,0.7451
116,top,1,909.01,390.90,1068.72,522.88,996.14,409.06,0.8726,998.74,405.42,0.8800,992.50,405.94,0.8785,1003.94,406.46,0.8271,986.78,408.02,0.8634,1016.41,417.90,0.8261,973.78,420.50,0.7411,1030.45,435.06,0.8218,947.79,430.90,0.8505,1045.01,452.73,0.8424,938.43,453.77,0.7402,1008.10,450.65,0.7790,977.94,449.61,0.7477,1031.49,481.85,0.8257,952.47,478.21,0.7900,1053.33,501.08,0.8580,922.83,503.68,0.8432
116,bottom,0,1135.62,648.34,1235.26,928.56,1153.97,672.15,0.7927,1151.23,668.73,0.6100,1153.97,667.36,0.5219,1147.81,676.25,0.7876,1166.97,669.41,0.7506,1149.18,712.51,0.8432,1194.33,689.25,0.7757,1155.34,754.93,0.7407,1217.59,720.72,0.7436,1169.02,756.98,0.4694,1199.12,739.19,0.4073,1185.44,771.34,0.6921,1211.44,763.82,0.7253,1188.18,837.70,0.6599,1222.38,806.24,0.6857,1195.02,892.43,0.6439,1222.38,854.12,0.7074
117,top,3,903.28,396.98,1070.76,523.10,1000.65,414.25,0.8314,1002.83,410.43,0.8336,996.29,410.43,0.8066,1007.19,412.61,0.7947,989.75,412.61,0.8238,1016.46,425.15,0.8321,973.94,426.79,0.7538,1031.18,440.96,0.8283,953.22,436.60,0.7791,1048.62,455.68,0.8131,942.86,454.59,0.7002,1006.65,455.68,0.7978,977.21,455.13,0.7598,1032.27,482.94,0.8098,951.58,482.94,0.7711,1054.08,505.29,0.8887,918.33,505.29,0.8340
117,bottom,0,1143.94,660.27,1248.12,947.28,1162.40,685.36,0.8123,1159.60,681.86,0.6114,1161.70,681.15,0.5456,1156.79,688.86,0.7711,1175.01,683.96,0.7571,1155.39,725.30,0.8775,1202.34,704.28,0.7856,1157.49,770.14,0.7941,1220.56,739.31,0.5980,1175.01,767.34,0.5539,1185.52,758.93,0.4101,1198.83,784.16,0.7153,1225.46,775.75,0.7645,1200.94,854.23,0.7263,1235.27,816.39,0.7000,1217.05,906.78,0.7381,1240.88,857.03,0.6967
118,top,3,901.81,405.15,1070.43,523.99,1011.37,421.76,0.7980,1013.01,418.46,0.7716,1007.53,417.91,0.7387,1014.11,421.21,0.6974,998.74,419.56,0.7221,1019.60,431.64,0.8163,978.98,433.83,0.6983,1036.07,444.26,0.7794,959.22,447.00,0.6830,1051.99,455.79,0.7446,948.79,471.16,0.5460,1005.33,457.98,0.8164,978.98,459.08,0.7719,1031.13,480.49,0.8092,952.09,485.98,0.7892,1053.63,506.29,0.8634,916.96,506.29,0.8423
118,bottom,0,1152.19,676.75,1267.57,968.49,1169.99,700.82,0.8454,1167.14,697.26,0.6029,1167.14,696.55,0.5427,1164.30,704.38,0.7578,1182.10,699.40,0.8039,1162.16,740.00,0.8564,1209.88,720.05,0.7766,1162.87,786.29,0.7965,1224.84,750.68,0.5854,1174.98,777.75,0.5805,1192.79,771.34,0.4255,1212.73,799.11,0.7259,1238.37,789.85,0.7582,1213.44,871.77,0.7437,1249.77,832.59,0.6295,1240.51,928.75,0.7797,1257.60,863.93,0.6732
119,top,2,901.19,410.75,1071.37,523.44,1021.18,427.76,0.7247,1023.40,424.44,0.7312,1018.41,423.88,0.7140,1025.06,426.65,0.7176,1009.00,425.55,0.7482,1026.17,434.96,0.7955,989.61,439.40,0.6331,1042.79,447.71,0.7634,968.56,454.35,0.6618,1060.52,457.68,0.7631,955.26,474.85,0.5565,1009.55,459.34,0.7124,983.51,459.89,0.6691,1040.02,479.28,0.7210,954.71,485.38,0.7010,1050.55,505.87,0.8596,917.04,505.32,0.8327
119,bottom,0,1159.12,694.10,1287.12,965.13,1178.78,716.46,0.9446,1177.46,712.49,0.6060,1176.14,712.49,0.5838,1170.18,721.76,0.6769,1189.37,715.80,0.7575,1170.84,756.83,0.8907,1217.16,738.30,0.8397,1168.86,803.81,0.7687,1235.03,770.06,0.5555,1169.52,784.62,0.5825,1201.94,795.87,0.3580,1223.12,821.01,0.7483,1248.26,810.43,0.7789,1226.43,893.14,0.7643,1260.84,844.17,0.6030,1262.82,951.37,0.8025,1276.72,874.61,0.6662
120,top,3,954.48,415.17,1079.74,517.03,1035.46,429.40,0.6827,1037.09,426.14,0.6596,1032.20,425.73,0.6485,1038.72,427.36,0.4940,1024.04,426.14,0.6619,1040.35,439.60,0.7196,1003.65,440.82,0.6169,1053.40,451.42,0.7248,984.08,454.68,0.6416,1072.15,459.98,0.7621,969.00,472.62,0.5365,1018.33,462.43,0.6009,994.68,462.02,0.6128,1048.10,476.29,0.7136,966.14,482.00,0.6387,1051.36,504.43,0.8034,938.82,497.09,0.4316
120,bottom,0,1167.80,716.54,1304.51,1000.74,1186.89,737.91,0.8837,1185.50,734.44,0.5764,1184.11,733.75,0.5711,1179.26,742.77,0.6691,1197.30,737.22,0.7978,1179.95,779.54,0.8595,1222.97,759.42,0.7903,1177.18,823.26,0.7294,1239.62,787.87,0.5058,1177.87,813.54,0.5677,1212.56,814.24,0.3306,1234.07,841.99,0.7187,1259.74,830.20,0.7216,1243.78,916.23,0.7422,1272.23,862.81,0.5535,1284.03,973.82,0.7699,1290.97,887.09,0.5455
121,top,5,901.00,416.79,1085.19,520.62,1051.85,432.73,0.6909,1054.25,429.73,0.7062,1048.85,429.13,0.6702,1054.85,431.53,0.7049,1041.66,429.73,0.7350,1053.05,440.52,0.7846,1023.67,439.32,0.6462,1066.24,455.51,0.7678,997.29,450.72,0.5584,1086.62,466.30,0.7887,979.30,468.70,0.6361,1017.68,463.31,0.6129,996.09,460.31,0.6345,1053.65,471.70,0.7274,967.31,487.29,0.5874,1056.05,502.88,0.8125,920.55,504.68,0.7256
121,bottom,0,1176.76,739.15,1321.03,1005.93,1189.62,761.16,0.8573,1187.02,755.95,0.6190,1188.32,756.60,0.5826,1184.41,764.42,0.7043,1203.95,760.51,0.6913,1188.97,799.59,0.8523,1227.40,781.36,0.7554,1187.02,845.18,0.7615,1246.94,810.66,0.4974,1189.62,832.81,0.5382,1221.54,832.81,0.3496,1245.64,859.51,0.6722,1268.43,847.79,0.6515,1255.41,933.11,0.7467,1278.20,881.01,0.4416,1294.49,986.52,0.7606,1306.21,909.01,0.5734
122,top,8,971.37,416.02,1100.01,516.19,1068.35,434.70,0.6187,1070.44,431.35,0.6193,1065.84,430.51,0.6151,1071.70,433.03,0.4737,1056.63,430.51,0.6498,1063.33,440.14,0.6273,1033.60,440.56,0.5060,1075.47,458.57,0.5029,1006.80,451.87,0.6145,1115.67,471.13,0.3659,990.89,470.29,0.6503,1027.73,459.82,0.4056,1006.80,460.24,0.4869,1061.65,466.52,0.6417,983.35,479.08,0.3566,1057.46,500.44,0.7384,975.39,480.34,0.3534
122,bottom,0,1180.63,753.04,1330.17,1006.04,1193.63,775.77,0.8697,1191.16,770.22,0.6290,1192.39,770.83,0.5172,1189.92,780.10,0.7150,1208.45,776.39,0.6619,1193.63,814.07,0.8476,1231.92,794.30,0.7781,1198.57,856.69,0.8261,1252.93,822.72,0.4895,1197.34,830.13,0.5513,1233.78,838.16,0.3569,1253.54,872.13,0.6775,1276.40,859.78,0.6891,1244.28,938.22,0.7631,1284.43,896.22,0.6544,1292.46,985.16,0.7587,1317.78,930.81,0.7498
123,top,5,979.00,416.42,1090.90,516.55,1082.67,435.52,0.6471,1084.49,432.24,0.6567,1080.48,432.24,0.6624,1084.12,430.79,0.4849,1070.65,431.15,0.6906,1071.37,437.71,0.6175,1046.24,441.72,0.5527,1083.76,453.74,0.5202,1017.10,453.74,0.5906,1104.52,463.57,0.4853,997.43,476.68,0.6819,1033.85,457.38,0.3951,1011.63,457.74,0.4710,1067.37,464.30,0.6319,987.96,479.96,0.2765,1059.35,500.36,0.7384,984.68,476.68,0.4425
123,bottom,0,1184.21,753.74,1335.00,1006.73,1197.84,775.86,0.9104,1195.99,771.53,0.6562,1195.99,772.15,0.5426,1192.90,780.80,0.7151,1211.43,777.71,0.7117,1197.84,817.86,0.8409,1235.52,795.00,0.8079,1208.34,858.62,0.8340,1271.34,827.74,0.6509,1202.16,831.44,0.6053,1250.96,840.71,0.4073,1257.14,872.83,0.6919,1278.75,859.86,0.7176,1242.93,940.15,0.7690,1283.69,898.15,0.6390,1292.96,985.24,0.7672,1321.37,929.03,0.7632
124,top,5,985.71,416.27,1104.02,516.77,1095.32,436.09,0.6233,1096.86,432.24,0.5924,1094.16,432.24,0.6348,1093.78,429.93,0.4441,1085.30,431.86,0.6423,1077.60,434.17,0.5866,1059.11,439.94,0.5619,1099.17,457.28,0.4424,1031.00,451.88,0.5347,1118.43,464.98,0.4443,1009.05,473.84,0.6146,1039.09,453.04,0.4136,1017.13,453.04,0.5205,1072.59,463.44,0.5931,992.10,481.15,0.4176,1058.73,501.18,0.6385,990.94,476.15,0.4245
124,bottom,0,1189.00,747.27,1327.02,1005.68,1203.75,770.49,0.9246,1201.23,765.44,0.6245,1200.60,766.07,0.5597,1197.44,773.64,0.7334,1214.48,769.86,0.7465,1199.97,807.71,0.9047,1242.24,790.68,0.8401,1210.69,851.87,0.8731,1276.30,824.75,0.7794,1211.95,827.27,0.5906,1256.75,832.32,0.5040,1255.48,870.80,0.7446,1278.20,858.81,0.7414,1246.02,939.57,0.7812,1280.72,890.36,0.6028,1292.08,984.99,0.8083,1317.31,925.06,0.7947
125,top,5,992.98,414.44,1110.75,515.61,1102.85,430.14,0.7064,1104.39,427.07,0.6759,1100.94,425.92,0.7068,1103.62,425.92,0.5425,1090.97,423.24,0.7459,1092.12,435.12,0.6626,1069.50,433.59,0.6293,1109.75,457.36,0.5857,1042.28,447.39,0.5652,1125.09,465.03,0.4657,1024.26,464.64,0.5897,1047.26,450.84,0.4339,1024.65,447.39,0.5737,1077.55,462.73,0.7124,998.19,479.98,0.6454,1058.38,501.83,0.6951,978.26,483.43,0.4061
125,bottom,0,1191.19,736.17,1317.18,1004.31,1210.98,758.95,0.8712,1210.32,754.36,0.5898,1209.67,754.36,0.5784,1203.12,761.57,0.7040,1221.45,757.64,0.7679,1200.50,796.92,0.8962,1246.98,782.51,0.8397,1206.40,841.43,0.8452,1276.44,819.83,0.7770,1210.98,821.14,0.6520,1257.46,817.21,0.5198,1250.26,863.03,0.7073,1273.82,851.91,0.7252,1249.60,932.43,0.7353,1277.10,878.75,0.6226,1288.88,978.91,0.8089,1306.56,920.64,0.7609
126,top,5,951.50,403.71,1115.74,517.22,1109.01,420.37,0.7101,1110.08,417.69,0.6952,1106.33,415.55,0.6821,1107.40,419.30,0.5868,1096.18,417.16,0.7912,1096.18,431.59,0.7332,1075.32,425.71,0.7193,1111.15,453.51,0.6270,1052.33,438.54,0.6973,1126.65,470.09,0.4348,1041.64,457.79,0.6446,1052.33,447.63,0.5765,1030.95,442.82,0.6081,1082.28,463.67,0.7076,1006.89,478.11,0.6430,1058.22,501.10,0.7454,966.79,496.29,0.6682
126,bottom,0,1190.57,722.05,1304.95,1004.82,1219.46,746.76,0.9188,1218.07,741.93,0.6516,1221.53,742.62,0.5540,1210.48,748.83,0.7497,1229.81,747.45,0.7467,1202.20,784.04,0.9474,1253.28,775.76,0.8854,1199.44,827.54,0.8859,1277.45,813.04,0.8496,1209.79,810.97,0.6708,1262.26,821.32,0.6021,1243.62,857.22,0.7555,1268.47,847.56,0.7924,1253.28,924.88,0.7603,1273.99,870.34,0.6231,1280.21,971.82,0.7616,1293.32,919.35,0.6655
127,top,1,963.44,394.40,1128.17,517.79,1113.37,411.59,0.8684,1116.05,408.91,0.8112,1110.69,406.76,0.8303,1114.98,411.59,0.5808,1101.04,405.69,0.8468,1102.64,424.99,0.8081,1081.73,417.49,0.7673,1108.54,446.98,0.7619,1058.67,436.26,0.6993,1123.56,467.36,0.7876,1056.53,452.88,0.5519,1059.21,443.76,0.5861,1036.69,438.40,0.6336,1085.49,465.21,0.7225,1013.09,477.54,0.6830,1059.75,498.99,0.7178,977.70,496.31,0.6865
127,bottom,0,1186.54,711.38,1294.76,998.00,1225.25,735.73,0.8739,1222.46,732.23,0.6121,1226.65,730.83,0.6064,1215.46,738.53,0.7362,1235.05,737.13,0.7577,1202.16,773.52,0.9113,1256.74,768.62,0.8694,1193.07,814.11,0.8832,1277.74,809.91,0.8905,1209.16,819.00,0.7077,1267.94,816.90,0.6048,1237.85,849.09,0.7628,1264.44,840.00,0.7850,1250.45,914.17,0.7391,1273.54,869.39,0.6835,1271.44,959.66,0.6952,1284.73,923.97,0.7187
128,top,1,975.05,386.22,1124.66,516.18,1116.57,403.47,0.8223,1119.50,401.03,0.7807,1114.63,398.60,0.7908,1119.01,403.47,0.6283,1104.89,397.14,0.8080,1106.35,419.05,0.7580,1085.89,409.80,0.7658,1104.89,438.54,0.5916,1068.85,430.74,0.7394,1111.22,453.63,0.5509,1077.12,452.17,0.6738,1066.41,441.94,0.5865,1043.03,436.59,0.6160,1092.22,464.83,0.7261,1021.12,474.57,0.6485,1063.98,496.00,0.7268,986.05,493.57,0.6513
128,bottom,0,1182.53,705.44,1295.06,948.46,1229.89,728.46,0.8922,1230.49,724.90,0.5123,1230.49,724.90,0.5532,1219.81,732.61,0.6837,1240.57,732.02,0.6997,1204.38,764.65,0.8536,1258.97,764.65,0.8053,1188.36,802.62,0.8206,1276.77,809.15,0.7626,1203.19,828.14,0.7578,1266.68,821.02,0.5395,1228.71,838.22,0.7162,1258.37,831.70,0.7450,1241.17,903.49,0.7306,1272.02,872.64,0.7813,1260.75,934.94,0.7208,1283.89,926.63,0.8331
129,top,3,989.60,380.16,1127.86,510.11,1118.14,396.97,0.9174,1121.74,394.27,0.8795,1115.89,392.02,0.8808,1123.09,397.42,0.6965,1106.44,390.67,0.8273,1107.79,412.28,0.6845,1089.33,404.63,0.7559,1092.94,427.13,0.4718,1079.88,428.03,0.7389,1099.69,437.03,0.3827,1096.99,445.13,0.6185,1074.93,439.28,0.5636,1051.53,434.33,0.5602,1100.14,464.04,0.7769,1026.77,471.69,0.7031,1072.23,491.04,0.7243,994.37,493.29,0.7000
129,bottom,0,1182.07,701.25,1296.13,952.73,1231.73,723.23,0.8410,1230.50,720.16,0.4890,1232.34,719.55,0.5339,1221.91,726.92,0.7447,1242.17,727.53,0.7239,1204.72,757.61,0.8176,1259.97,760.07,0.7682,1188.75,793.84,0.7662,1274.71,806.73,0.6933,1194.89,828.22,0.7253,1264.88,822.08,0.5071,1222.52,829.45,0.6954,1253.22,825.15,0.7066,1231.73,893.30,0.6931,1270.41,871.20,0.7686,1250.15,917.86,0.6513,1282.69,925.84,0.8054
130,top,1,988.36,370.23,1132.40,517.56,1121.34,391.85,0.8955,1124.62,389.04,0.8576,1118.99,387.16,0.8620,1125.56,391.85,0.7052,1109.61,385.29,0.8379,1108.68,404.51,0.6294,1096.02,399.82,0.7534,1091.80,423.73,0.4523,1093.20,425.14,0.7163,1096.48,433.58,0.3401,1107.27,438.74,0.6641,1083.82,436.86,0.6025,1060.85,431.71,0.5629,1107.74,463.12,0.7964,1032.25,471.56,0.6680,1083.36,488.44,0.7453,1001.77,495.94,0.6942
130,bottom,0,1180.47,696.43,1295.71,952.36,1228.72,717.55,0.8074,1227.47,713.80,0.4743,1228.72,713.80,0.5336,1219.97,720.68,0.7267,1239.34,721.30,0.7225,1202.48,749.42,0.8058,1258.08,753.17,0.7462,1189.35,786.28,0.7648,1270.58,800.65,0.7213,1188.73,826.89,0.7185,1259.96,820.02,0.4957,1218.72,823.15,0.6663,1249.34,820.65,0.6609,1220.59,883.75,0.7377,1268.08,871.26,0.7525,1241.84,903.75,0.6513,1281.20,925.62,0.7808
131,top,1,993.24,366.19,1139.15,518.06,1125.09,388.45,0.9700,1128.41,385.13,0.9171,1121.76,383.23,0.8962,1131.26,387.50,0.7209,1112.74,382.28,0.8598,1115.11,399.85,0.6476,1100.87,398.90,0.7463,1082.34,392.25,0.4088,1106.09,426.45,0.7408,1089.47,417.42,0.3300,1132.69,435.47,0.7933,1089.47,435.00,0.6291,1066.67,431.67,0.5875,1114.64,461.59,0.8191,1037.22,472.99,0.6796,1103.24,492.47,0.7604,1004.93,497.22,0.7498
131,bottom,0,1174.90,686.56,1296.00,948.43,1222.66,708.17,0.8333,1221.39,704.33,0.5079,1223.30,704.33,0.5723,1213.07,711.37,0.7072,1232.89,710.73,0.7545,1197.09,740.78,0.8288,1252.07,742.69,0.7649,1186.22,776.58,0.7677,1263.58,789.37,0.7035,1182.39,817.50,0.7400,1255.27,813.66,0.4927,1214.35,813.02,0.6729,1245.04,812.38,0.6732,1207.96,861.61,0.7486,1262.94,868.64,0.7769,1232.89,897.41,0.7284,1279.57,923.63,0.8334
132,top,1,995.02,367.41,1160.87,517.38,1130.31,386.25,0.9168,1133.01,383.01,0.8706,1127.07,381.93,0.8981,1135.71,385.71,0.6673,1117.36,381.93,0.8937,1122.76,401.37,0.6150,1106.02,400.29,0.7813,1105.48,421.34,0.3933,1116.82,427.28,0.7775,1101.16,427.28,0.2935,1148.13,429.44,0.8077,1095.76,434.30,0.6570,1072.01,431.60,0.6277,1120.06,466.15,0.7980,1043.94,473.71,0.7266,1124.92,500.16,0.7508,1008.84,495.84,0.7253
132,bottom,0,1169.15,675.28,1295.17,942.80,1213.22,697.36,0.8929,1211.26,694.09,0.6071,1213.87,693.44,0.6201,1203.42,699.97,0.7677,1223.67,699.97,0.8085,1188.40,730.67,0.8365,1242.61,731.32,0.8039,1180.56,765.28,0.7620,1255.67,777.04,0.6991,1177.95,807.08,0.7445,1249.79,804.47,0.5183,1209.30,801.20,0.6447,1240.00,801.86,0.6719,1198.85,842.35,0.7376,1256.98,861.29,0.7136,1222.36,895.25,0.7195,1277.88,916.80,0.8149
133,top,1,995.15,368.18,1174.24,517.66,1134.83,386.37,0.9723,1138.33,382.29,0.9349,1131.91,381.12,0.9028,1140.66,386.37,0.7007,1122.59,381.71,0.9007,1127.83,403.28,0.6484,1112.68,400.36,0.8110,1117.34,425.43,0.4277,1122.59,428.35,0.8402,1114.42,433.59,0.3405,1152.32,429.51,0.8287,1100.43,435.34,0.6864,1078.86,431.84,0.6578,1125.50,467.41,0.8378,1050.30,474.99,0.7587,1128.42,499.47,0.8067,1014.15,495.39,0.7468
133,bottom,0,1165.12,665.72,1293.13,938.66,1203.80,686.91,0.9227,1201.81,683.58,0.6715,1204.47,683.58,0.6237,1193.81,689.57,0.8140,1213.80,690.24,0.7696,1179.15,720.89,0.8774,1233.12,720.23,0.8228,1172.49,758.21,0.7938,1248.45,765.54,0.7402,1171.82,800.19,0.7306,1243.79,798.86,0.5232,1203.80,789.53,0.6506,1234.46,789.53,0.6999,1189.14,829.51,0.7144,1253.11,854.83,0.7018,1206.47,884.15,0.7373,1277.77,907.47,0.7966
134,top,1,997.22,369.60,1172.98,517.85,1139.45,384.79,0.9243,1142.31,381.36,0.8865,1136.02,380.21,0.9083,1144.60,385.36,0.6562,1126.29,381.36,0.8925,1130.87,401.38,0.6442,1117.14,400.81,0.8170,1118.28,423.70,0.4501,1125.72,430.56,0.8377,1116.00,423.13,0.2920,1155.47,431.14,0.8199,1105.13,436.28,0.6406,1083.38,434.00,0.6288,1128.58,467.18,0.8124,1055.92,478.05,0.7509,1128.01,499.79,0.7843,1018.73,495.21,0.7322
134,bottom,0,1158.87,655.72,1291.06,936.19,1192.78,677.50,0.9196,1192.10,674.76,0.6321,1192.78,674.07,0.6006,1182.51,680.92,0.8287,1203.05,680.92,0.7640,1169.50,713.79,0.8807,1223.60,711.05,0.8245,1166.08,752.13,0.7931,1241.40,754.87,0.7608,1165.39,792.53,0.7206,1238.66,791.85,0.5656,1198.26,782.26,0.6606,1228.39,781.58,0.6941,1183.20,820.61,0.7272,1248.25,846.63,0.6969,1192.78,872.65,0.7436,1275.64,895.93,0.7867
135,top,1,1003.11,367.37,1152.93,518.13,1142.40,384.72,0.9400,1145.32,381.79,0.9334,1138.98,380.82,0.9226,1147.27,384.72,0.7476,1129.72,380.82,0.8172,1131.67,399.84,0.6423,1120.94,400.81,0.8016,1114.60,423.25,0.4338,1126.79,432.02,0.7765,1118.50,431.54,0.3009,1154.59,436.41,0.7407,1110.21,437.39,0.6569,1087.29,434.95,0.5804,1131.18,467.14,0.7660,1061.93,478.84,0.6816,1127.77,500.79,0.7609,1021.45,494.45,0.7493
135,bottom,0,1153.06,650.37,1284.27,920.19,1183.09,671.32,0.9675,1183.09,668.03,0.6449,1180.46,668.03,0.6406,1172.55,674.62,0.8371,1192.97,673.96,0.7993,1162.01,708.21,0.9066,1214.05,703.60,0.8361,1160.04,748.39,0.7850,1231.84,745.76,0.7593,1159.38,788.58,0.7265,1233.16,782.65,0.5948,1192.32,776.72,0.6898,1221.30,775.40,0.7166,1179.14,816.24,0.6928,1239.74,837.98,0.7202,1182.44,857.74,0.6852,1270.05,883.43,0.7689
136,top,3,1017.34,365.15,1156.01,517.93,1144.90,383.76,0.9266,1148.06,380.15,0.8725,1141.74,378.80,0.9060,1149.87,382.86,0.6937,1131.81,379.25,0.8603,1133.17,399.11,0.6022,1122.79,400.01,0.7756,1119.63,423.04,0.4244,1124.59,431.16,0.7849,1125.49,436.13,0.3490,1147.61,441.09,0.7317,1111.95,436.58,0.6228,1088.03,433.87,0.5754,1131.81,465.92,0.7531,1068.17,478.56,0.6989,1128.65,499.77,0.7641,1028.44,493.45,0.7269
136,bottom,0,1145.20,644.51,1276.90,903.44,1174.38,667.77,0.9435,1173.75,663.98,0.6483,1171.85,663.98,0.6189,1164.90,670.93,0.8146,1185.13,669.67,0.7929,1154.15,705.70,0.9210,1205.36,698.75,0.8409,1153.52,747.42,0.7616,1224.96,739.84,0.7583,1153.52,785.98,0.7629,1228.12,775.87,0.6588,1186.39,773.97,0.6963,1215.47,772.71,0.7277,1175.02,818.85,0.7206,1231.91,832.13,0.7617,1181.34,862.47,0.6820,1260.36,869.43,0.7617
137,top,1,1022.60,361.66,1156.76,518.54,1145.14,381.14,0.9073,1148.64,378.08,0.8208,1142.52,376.77,0.8317,1150.39,380.70,0.6934,1133.35,377.21,0.8414,1137.28,397.74,0.6455,1122.00,397.30,0.7748,1122.87,420.45,0.4305,1120.25,428.74,0.6940,1125.93,435.73,0.3143,1134.23,443.16,0.6030,1112.39,434.86,0.6319,1087.50,432.67,0.5867,1131.61,465.86,0.7729,1073.52,476.35,0.7253,1128.55,500.37,0.7862,1035.53,492.94,0.7525
137,bottom,0,1139.41,642.80,1269.74,892.89,1166.72,664.05,0.8970,1166.11,661.00,0.6355,1164.28,660.39,0.5900,1157.56,667.71,0.8029,1177.10,666.49,0.7527,1146.57,702.52,0.8690,1196.64,694.58,0.8058,1146.57,745.26,0.7258,1218.01,736.10,0.7327,1145.96,784.33,0.7840,1224.72,769.68,0.7044,1178.32,768.46,0.6342,1207.63,767.85,0.6759,1167.33,810.59,0.7159,1222.89,825.24,0.7266,1180.15,855.16,0.7645,1247.31,856.38,0.7046
138,top,1,1031.09,359.39,1156.04,518.45,1145.22,377.91,0.8402,1148.88,374.25,0.7130,1142.37,373.44,0.7728,1150.91,377.51,0.6111,1133.42,374.25,0.8390,1140.74,394.99,0.6971,1120.41,394.59,0.7792,1128.95,417.77,0.5229,1115.93,425.50,0.7275,1129.76,437.70,0.3691,1126.10,448.28,0.7121,1112.68,433.23,0.5932,1087.87,431.19,0.5875,1130.17,463.32,0.7113,1077.30,473.49,0.7203,1128.14,499.93,0.7980,1042.72,491.80,0.7643
138,bottom,0,1131.36,638.71,1257.91,877.60,1159.06,660.17,0.8842,1157.31,656.09,0.6098,1157.31,656.09,0.5201,1149.73,663.09,0.8249,1170.73,661.34,0.7679,1140.40,698.08,0.8844,1190.56,689.92,0.8068,1139.81,741.24,0.7310,1211.55,731.33,0.7506,1139.81,778.57,0.7964,1221.47,766.32,0.7551,1168.98,763.41,0.6750,1198.14,762.24,0.6813,1161.98,805.98,0.7579,1212.14,816.48,0.7065,1178.89,852.64,0.7787,1234.30,844.48,0.6988
139,top,1,1038.32,355.50,1155.18,518.64,1143.75,373.74,0.9216,1147.73,370.16,0.7938,1140.56,369.36,0.8330,1150.92,373.74,0.6244,1132.20,370.56,0.8963,1142.15,392.46,0.7647,1117.06,390.87,0.7964,1134.99,415.96,0.7282,1109.50,421.93,0.6360,1139.77,438.66,0.7026,1111.89,451.01,0.6514,1115.07,430.30,0.6308,1087.59,427.91,0.5935,1128.61,465.35,0.7281,1080.42,468.93,0.7325,1128.61,499.60,0.8328,1048.96,493.23,0.8039
139,bottom,0,1124.58,631.56,1244.42,871.93,1151.63,654.33,0.8017,1148.70,649.64,0.5921,1150.46,649.64,0.4715,1143.42,656.68,0.8512,1164.54,654.92,0.7318,1135.20,691.30,0.8810,1184.50,683.09,0.8071,1134.62,732.97,0.7400,1205.04,723.58,0.7733,1132.86,768.18,0.7887,1216.19,759.96,0.7661,1161.61,757.62,0.7154,1189.78,755.27,0.7134,1158.09,804.56,0.8080,1194.47,807.50,0.7645,1179.22,852.68,0.7780,1222.64,836.84,0.7585
140,top,1,1045.89,351.58,1155.33,520.11,1141.34,369.60,0.8653,1145.05,365.90,0.8438,1137.64,365.49,0.8355,1148.34,370.02,0.6570,1129.41,367.14,0.8231,1142.99,388.94,0.7787,1113.78,385.65,0.7594,1138.88,413.22,0.7635,1103.90,414.04,0.6587,1149.16,436.67,0.6967,1098.97,441.19,0.6094,1114.60,430.50,0.6431,1090.74,427.21,0.5599,1127.77,464.23,0.7380,1081.28,465.06,0.6896,1128.18,499.21,0.8152,1054.53,494.68,0.8169
140,bottom,0,1118.72,624.36,1226.99,869.69,1145.91,646.40,0.7828,1142.91,642.21,0.6233,1145.91,641.61,0.4963,1138.72,647.60,0.8405,1159.68,647.00,0.7181,1129.74,681.74,0.8653,1178.25,675.15,0.8055,1128.54,724.86,0.7170,1200.41,716.48,0.7801,1123.75,756.61,0.7506,1211.79,754.21,0.7621,1155.49,750.62,0.6814,1184.24,748.82,0.7076,1154.89,800.33,0.7884,1178.85,796.14,0.7200,1178.25,850.64,0.7944,1209.39,831.48,0.7692
141,top,1,1052.63,349.10,1167.05,519.98,1137.38,366.12,0.8223,1141.55,362.78,0.8181,1134.04,361.95,0.7739,1144.89,366.12,0.7382,1126.53,364.04,0.8045,1142.38,385.31,0.7932,1109.84,382.81,0.7442,1142.80,408.26,0.7813,1095.24,411.60,0.6594,1158.24,432.87,0.7546,1086.90,439.55,0.5693,1111.93,427.45,0.6578,1089.82,424.53,0.6293,1126.95,463.33,0.7466,1081.47,464.16,0.7548,1128.20,498.79,0.7916,1059.36,497.95,0.8641
141,bottom,0,1108.35,615.93,1215.53,867.52,1140.44,638.54,0.8006,1136.76,634.24,0.6078,1142.28,633.62,0.5446,1133.07,641.61,0.8128,1152.11,639.76,0.7812,1123.24,674.16,0.8982,1171.15,666.79,0.8340,1122.01,715.93,0.7714,1193.26,708.56,0.8294,1115.87,739.27,0.7037,1206.78,746.02,0.7937,1150.27,745.41,0.7061,1177.29,742.95,0.7393,1151.50,797.62,0.8005,1167.47,785.33,0.7368,1178.52,848.60,0.7906,1192.65,827.10,0.8204
142,top,1,1057.36,346.60,1170.86,525.69,1133.35,362.25,0.8043,1137.28,359.19,0.8218,1128.98,358.32,0.7678,1141.66,363.13,0.7550,1121.98,361.38,0.7901,1141.66,381.93,0.7792,1106.68,378.87,0.7324,1146.03,403.79,0.7423,1090.06,405.10,0.6398,1162.64,426.09,0.7534,1077.39,426.96,0.5856,1110.61,426.09,0.6599,1086.57,423.03,0.6772,1125.92,461.94,0.7137,1081.32,462.81,0.7214,1128.10,498.67,0.7778,1065.14,500.85,0.7764
142,bottom,0,1102.30,606.55,1209.78,868.37,1134.31,631.35,0.8389,1131.75,626.88,0.6495,1134.95,626.88,0.6030,1127.91,634.55,0.8152,1145.17,633.27,0.7893,1117.69,666.51,0.8952,1165.63,660.12,0.8275,1115.77,709.33,0.7896,1187.36,700.39,0.8420,1110.02,719.56,0.6296,1201.42,738.10,0.8015,1145.17,737.46,0.7188,1170.10,735.54,0.7486,1147.09,794.35,0.7923,1156.68,781.57,0.7366,1175.22,844.21,0.7471,1175.86,826.95,0.7216
143,top,1,1055.87,343.49,1174.71,529.82,1127.57,359.77,0.8320,1131.67,356.13,0.8355,1123.48,355.68,0.7765,1136.67,359.77,0.7652,1117.57,358.86,0.8007,1140.31,380.70,0.7771,1102.55,375.69,0.7166,1147.59,399.81,0.7344,1083.45,400.26,0.6730,1162.15,418.91,0.7294,1064.79,422.55,0.6358,1110.29,425.74,0.6426,1086.17,422.10,0.6798,1124.84,462.59,0.7162,1080.26,463.04,0.7206,1128.48,498.98,0.7570,1069.80,505.35,0.7686
143,bottom,0,1096.72,603.04,1204.17,866.26,1127.95,624.76,0.8737,1126.03,620.27,0.6837,1128.60,620.27,0.6391,1120.89,627.33,0.8180,1138.88,626.05,0.8039,1111.89,660.75,0.9013,1160.08,654.97,0.8360,1108.68,703.16,0.8285,1180.01,693.52,0.8308,1103.53,703.81,0.6864,1195.43,730.80,0.7962,1139.52,731.44,0.7210,1160.73,730.15,0.7384,1144.66,792.49,0.7401,1145.30,775.78,0.6153,1178.08,845.18,0.7529,1151.73,820.12,0.6240
144,top,1,1039.84,341.03,1175.30,532.93,1121.16,357.33,0.8268,1125.37,353.58,0.8395,1116.94,353.58,0.7728,1131.46,356.86,0.7787,1111.32,356.86,0.8020,1138.02,378.41,0.7758,1097.26,374.67,0.7020,1146.46,397.62,0.7170,1076.18,397.62,0.6863,1160.98,415.89,0.7142,1055.10,418.70,0.6947,1109.91,425.73,0.6160,1085.55,422.45,0.6290,1123.50,463.68,0.6894,1078.99,465.09,0.7011,1128.18,498.82,0.7485,1074.31,509.59,0.7896
144,bottom,0,1088.74,597.49,1199.41,865.28,1119.23,620.89,0.8408,1117.27,616.32,0.6830,1119.89,616.32,0.6448,1114.66,623.51,0.8194,1132.31,622.20,0.7895,1106.81,656.85,0.8692,1153.88,651.62,0.8299,1101.58,698.70,0.8732,1174.15,688.24,0.8222,1094.39,690.85,0.6673,1189.84,724.85,0.7853,1131.65,728.12,0.6989,1151.92,726.81,0.7053,1139.50,790.23,0.7405,1134.92,772.58,0.6122,1175.46,841.88,0.7811,1129.04,813.76,0.6723
145,top,0,1027.90,339.18,1167.77,537.24,1115.24,355.52,0.8626,1119.11,352.14,0.8385,1111.37,352.14,0.8230,1125.88,355.04,0.8100,1105.57,355.52,0.8153,1134.58,377.77,0.7792,1091.06,373.41,0.7209,1144.74,397.11,0.7485,1069.30,395.66,0.6816,1156.83,414.03,0.7345,1047.06,415.00,0.7040,1111.37,426.61,0.6265,1086.23,423.22,0.6443,1122.50,465.29,0.6951,1078.49,467.22,0.6929,1128.30,498.66,0.7684,1077.52,513.16,0.7664
145,bottom,1,1083.18,596.14,1195.06,864.25,1112.28,619.57,0.8536,1110.97,614.99,0.6924,1112.93,614.99,0.6501,1109.66,621.54,0.8118,1126.03,620.23,0.7680,1101.81,655.57,0.8793,1147.63,649.68,0.8438,1095.92,696.81,0.8758,1168.57,686.34,0.8290,1087.41,686.99,0.6966,1184.94,721.68,0.7978,1124.06,725.61,0.7160,1144.35,723.65,0.7195,1133.23,787.14,0.7458,1125.37,770.12,0.6970,1170.54,837.54,0.7689,1116.21,813.98,0.7554
146,top,1,1024.04,338.08,1163.27,535.49,1108.11,354.86,0.8784,1112.45,351.48,0.8618,1104.26,351.48,0.8180,1119.20,354.37,0.8557,1099.44,354.37,0.8225,1130.28,377.02,0.8003,1085.94,373.65,0.7384,1141.37,397.27,0.7597,1064.74,393.89,0.7142,1151.97,414.13,0.7501,1042.09,412.69,0.7375,1110.04,428.59,0.6437,1085.46,426.18,0.6347,1122.09,466.67,0.6992,1078.72,468.59,0.7074,1128.84,497.51,0.7799,1077.27,514.86,0.8019
146,bottom,0,1073.43,596.35,1188.17,859.55,1104.46,620.00,0.8711,1103.81,615.50,0.7165,1105.10,615.50,0.6457,1103.81,621.93,0.7973,1119.88,620.64,0.7599,1096.74,654.70,0.8807,1141.72,649.56,0.8521,1090.96,695.82,0.9119,1162.93,685.54,0.8443,1078.75,684.90,0.7751,1178.35,719.60,0.8196,1116.66,724.74,0.7331,1136.58,723.45,0.7287,1121.80,783.85,0.7576,1114.74,768.43,0.7087,1163.57,831.40,0.7586,1110.88,816.63,0.7749
147,top,0,1021.19,335.83,1158.45,535.93,1103.01,353.32,0.8751,1107.40,349.90,0.8712,1099.10,349.90,0.8356,1113.75,352.83,0.8464,1094.21,352.83,0.8411,1125.48,375.79,0.8110,1081.51,373.35,0.7526,1136.71,397.29,0.7493,1060.51,392.89,0.7208,1147.46,414.87,0.7340,1038.52,410.97,0.7618,1108.38,430.02,0.6524,1083.47,428.55,0.6442,1121.57,466.66,0.7196,1077.60,469.10,0.7162,1127.92,496.94,0.7826,1077.12,514.53,0.8279
147,bottom,1,1067.08,595.45,1181.47,848.57,1097.70,618.81,0.9038,1096.47,614.48,0.7676,1098.32,614.48,0.6765,1097.70,621.28,0.8321,1114.39,620.05,0.7474,1090.91,654.03,0.8974,1134.16,646.62,0.8711,1086.58,696.67,0.9011,1156.41,682.46,0.8575,1072.37,686.17,0.8086,1171.24,717.68,0.8280,1108.83,721.39,0.7543,1129.22,720.15,0.7475,1109.45,782.57,0.7912,1105.12,765.27,0.6306,1153.94,823.97,0.7704,1109.45,815.94,0.7523
148,top,0,1018.08,336.20,1151.32,536.02,1096.90,352.20,0.8780,1100.80,348.79,0.8698,1093.00,348.79,0.8531,1108.12,351.23,0.8362,1088.60,352.20,0.8276,1121.78,375.13,0.8042,1076.41,373.18,0.7455,1131.53,396.11,0.7366,1056.90,392.69,0.7057,1139.83,415.13,0.7026,1036.41,410.74,0.7428,1107.14,429.77,0.6344,1081.78,428.30,0.6197,1121.29,468.31,0.7209,1076.41,469.77,0.7000,1127.14,495.62,0.7862,1076.90,514.16,0.8277
148,bottom,1,1073.25,591.52,1170.66,838.89,1092.97,614.95,0.8831,1091.76,610.72,0.7336,1092.36,610.72,0.6552,1091.76,617.37,0.8342,1108.67,616.16,0.7235,1085.12,651.19,0.8783,1126.79,642.13,0.8355,1085.12,693.46,0.8310,1146.72,677.76,0.8140,1068.81,692.25,0.6377,1158.19,712.79,0.7910,1103.84,716.41,0.7082,1123.77,715.81,0.7204,1097.19,775.59,0.8168,1102.03,765.33,0.6386,1141.88,816.06,0.6595,1108.67,814.85,0.7127
149,top,1,1017.80,335.33,1145.50,536.04,1092.43,350.42,0.8811,1096.35,346.50,0.8802,1088.51,346.99,0.8785,1103.21,349.44,0.8509,1084.10,350.42,0.8478,1117.91,373.45,0.8075,1072.83,372.47,0.7601,1127.22,397.46,0.7366,1054.70,393.05,0.7364,1134.08,419.51,0.7381,1036.08,411.18,0.7487,1105.17,429.31,0.6435,1080.18,428.82,0.6231,1119.38,468.51,0.7158,1075.28,469.49,0.7177,1125.75,494.97,0.7914,1076.75,514.09,0.8329
149,bottom,0,1049.01,585.74,1154.30,836.71,1089.40,609.51,0.8579,1086.95,605.83,0.5993,1086.95,604.61,0.6832,1083.88,612.57,0.7447,1101.04,610.12,0.7571,1080.21,646.27,0.8495,1120.04,637.08,0.8692,1081.43,686.71,0.8223,1135.97,672.62,0.8515,1061.21,695.29,0.7646,1143.32,704.48,0.7818,1097.98,714.28,0.7172,1116.97,712.45,0.7246,1087.56,768.82,0.7728,1100.43,761.46,0.6962,1128.00,810.48,0.7066,1107.17,814.16,0.7470
150,top,0,1019.47,332.93,1140.98,535.84,1087.66,349.18,0.8855,1091.62,345.71,0.8773,1084.19,346.20,0.9011,1098.56,348.68,0.8725,1080.23,350.17,0.8791,1113.92,372.46,0.8116,1069.83,371.96,0.7760,1122.34,398.22,0.7397,1053.48,392.77,0.7589,1128.78,423.98,0.7286,1036.63,411.10,0.7840,1103.51,428.94,0.6598,1078.25,428.94,0.6273,1116.89,469.56,0.7361,1075.27,470.55,0.7259,1122.34,494.33,0.7938,1076.76,514.14,0.8488
150,bottom,1,1046.42,582.18,1137.17,831.77,1080.83,605.21,0.7868,1079.00,600.95,0.6208,1078.39,600.34,0.6510,1077.78,606.43,0.6962,1094.84,604.60,0.7307,1075.34,641.16,0.8281,1112.51,631.41,0.8336,1077.78,682.60,0.7764,1126.53,667.98,0.8056,1057.67,696.61,0.7694,1127.14,698.44,0.7314,1089.97,711.24,0.6574,1111.29,710.02,0.6957,1076.56,763.03,0.7525,1098.50,756.94,0.7801,1111.90,807.51,0.7453,1107.64,811.17,0.6466
151,top,0,1019.80,331.92,1134.69,535.62,1083.21,348.23,0.9114,1087.19,344.75,0.8830,1079.73,345.24,0.9255,1094.65,346.74,0.8763,1076.25,349.22,0.8788,1111.06,370.61,0.8151,1066.80,371.10,0.7944,1118.52,398.96,0.7484,1052.38,393.98,0.7715,1123.99,425.31,0.7680,1036.96,411.89,0.7991,1101.62,428.79,0.6726,1077.25,429.29,0.6442,1114.05,470.07,0.7162,1075.26,471.56,0.7527,1119.52,494.94,0.7913,1076.75,514.83,0.8489
151,bottom,1,1051.93,576.58,1122.25,836.59,1074.39,599.94,0.8086,1072.49,596.13,0.6199,1071.85,594.86,0.6227,1073.12,601.21,0.6875,1088.36,599.30,0.6962,1069.95,638.03,0.8196,1104.86,625.96,0.8591,1075.66,679.29,0.7580,1114.39,665.96,0.7848,1057.25,695.79,0.7363,1094.07,683.73,0.5209,1082.64,705.95,0.6713,1104.86,703.41,0.7164,1065.51,756.73,0.7741,1096.61,756.10,0.8193,1097.25,805.61,0.7467,1109.94,813.23,0.7856
152,top,0,1024.96,330.56,1130.76,535.47,1079.86,347.47,0.8896,1083.36,343.46,0.8484,1076.36,344.47,0.8969,1091.37,345.47,0.8772,1072.86,348.47,0.8030,1108.38,369.98,0.8063,1064.35,370.98,0.7798,1115.88,398.49,0.7608,1052.35,394.49,0.7693,1121.38,428.01,0.7649,1038.34,413.00,0.8062,1100.37,429.51,0.6571,1076.36,430.01,0.6421,1110.88,471.53,0.7040,1074.86,473.04,0.7581,1115.88,498.55,0.7744,1076.36,515.06,0.8500
152,bottom,1,1046.06,572.35,1118.38,830.54,1066.46,596.81,0.7842,1064.57,593.66,0.6379,1063.94,592.40,0.6150,1066.46,597.44,0.6930,1081.59,596.18,0.6676,1063.94,634.00,0.8043,1097.98,622.02,0.8378,1070.24,676.86,0.7856,1101.76,659.84,0.6635,1054.49,696.40,0.7371,1080.96,677.49,0.4485,1076.55,701.44,0.6666,1098.61,698.92,0.7139,1057.01,751.87,0.8157,1094.20,752.50,0.8189,1080.33,805.45,0.7380,1108.69,811.75,0.8362
153,top,0,1025.09,330.31,1125.98,535.03,1076.54,347.21,0.8916,1080.04,343.21,0.8518,1073.04,344.21,0.8844,1088.03,345.21,0.8671,1069.54,348.21,0.8074,1105.53,369.20,0.8099,1062.04,372.20,0.7923,1113.02,398.69,0.7703,1052.55,396.19,0.7756,1118.02,428.18,0.7686,1039.05,414.68,0.7958,1099.53,429.68,0.6563,1075.54,431.17,0.6447,1108.03,472.16,0.7108,1075.04,474.16,0.7728,1112.02,502.15,0.7841,1076.54,515.14,0.8479
153,bottom,1,1030.46,570.79,1117.58,830.60,1056.89,595.40,0.8121,1056.89,590.96,0.6536,1055.63,590.33,0.6331,1060.07,595.40,0.7102,1074.65,594.13,0.6813,1058.80,631.56,0.8088,1089.88,620.14,0.8320,1067.68,672.15,0.7558,1092.42,657.56,0.6334,1051.19,695.62,0.7345,1070.85,677.86,0.4168,1070.21,698.79,0.6658,1092.42,697.53,0.7134,1050.55,748.90,0.8172,1092.42,752.08,0.7895,1061.33,806.63,0.7610,1107.64,811.70,0.8650
154,top,1,1026.83,333.25,1124.50,536.08,1073.69,348.50,0.8364,1077.15,344.54,0.8168,1069.72,346.03,0.8316,1085.08,346.52,0.8345,1066.75,349.49,0.8192,1102.90,369.30,0.8118,1059.82,373.26,0.7969,1111.82,399.01,0.7671,1051.90,399.01,0.7710,1116.27,428.23,0.7625,1040.01,416.84,0.7828,1097.95,430.21,0.6458,1074.68,431.69,0.6357,1103.89,473.78,0.7257,1074.68,475.76,0.7760,1108.35,506.96,0.8059,1076.66,515.38,0.8458
154,bottom,0,1008.86,571.20,1117.55,828.74,1050.63,594.33,0.8245,1050.63,590.56,0.6787,1048.74,589.93,0.6490,1053.77,594.96,0.7153,1068.23,593.71,0.6936,1053.14,630.80,0.7981,1082.70,619.49,0.8090,1062.58,670.42,0.7581,1085.84,655.95,0.6291,1047.48,698.71,0.6870,1061.32,676.70,0.4121,1064.46,698.71,0.6430,1086.47,696.82,0.7082,1045.60,749.01,0.7811,1089.61,752.78,0.7777,1041.83,804.34,0.7789,1106.59,810.63,0.8701
155,top,1,1028.29,333.32,1125.43,536.30,1070.91,348.59,0.8497,1073.88,344.62,0.8495,1066.95,346.11,0.8681,1082.31,346.61,0.8584,1063.97,350.57,0.8188,1101.14,369.90,0.8176,1058.52,374.85,0.8189,1110.55,399.63,0.7796,1053.07,401.61,0.7909,1115.51,428.37,0.7531,1040.68,419.95,0.7731,1096.18,430.85,0.6606,1073.39,431.84,0.6605,1100.15,474.46,0.7450,1074.38,475.94,0.7873,1104.11,511.13,0.8375,1076.86,515.59,0.8542
155,bottom,0,996.72,571.55,1118.76,827.43,1043.37,593.91,0.8090,1042.75,590.16,0.6584,1042.12,589.54,0.6317,1046.49,595.16,0.7213,1060.86,593.91,0.6930,1045.87,631.40,0.8074,1075.86,618.90,0.8204,1055.24,670.13,0.7499,1079.60,655.76,0.6431,1042.75,701.36,0.6966,1055.87,672.63,0.4223,1058.99,698.24,0.6542,1080.85,695.74,0.7232,1038.37,750.09,0.7847,1083.35,750.72,0.7707,1029.00,803.82,0.8296,1105.84,808.81,0.8872
156,top,1,1027.62,334.62,1125.77,538.79,1068.22,350.96,0.8337,1071.21,346.48,0.8372,1063.74,348.47,0.8797,1079.69,347.48,0.8718,1061.24,352.46,0.7742,1099.63,369.91,0.8085,1056.76,376.39,0.8408,1109.60,399.81,0.7743,1053.77,403.80,0.7975,1115.08,428.73,0.7566,1041.80,423.24,0.7777,1095.14,431.22,0.6652,1072.71,432.71,0.6584,1096.64,474.09,0.7450,1074.21,476.08,0.7746,1099.13,514.96,0.8252,1076.70,515.96,0.8612
156,bottom,0,990.66,571.95,1116.18,828.58,1035.25,594.38,0.8083,1035.25,590.62,0.6821,1034.62,589.99,0.6251,1040.89,596.26,0.7246,1054.67,594.38,0.6761,1038.38,632.60,0.8043,1069.08,619.44,0.8248,1048.40,671.44,0.7510,1070.96,655.78,0.6212,1034.62,705.90,0.7266,1049.03,668.94,0.4388,1052.16,699.01,0.6724,1072.84,696.51,0.7271,1030.86,750.39,0.8006,1074.09,749.76,0.7513,1023.34,804.90,0.8443,1102.91,805.53,0.8665
157,top,1,1032.32,337.29,1125.81,542.02,1066.57,352.69,0.8184,1069.57,348.19,0.8010,1062.57,350.19,0.8384,1078.06,348.69,0.8488,1059.57,353.69,0.7210,1098.06,370.18,0.7911,1056.07,377.68,0.8256,1109.05,400.17,0.7558,1055.07,405.67,0.7716,1115.55,429.66,0.7247,1043.58,427.66,0.7569,1094.06,432.66,0.6334,1072.07,434.16,0.6330,1094.56,476.14,0.7336,1073.57,478.14,0.7392,1095.06,519.13,0.8447,1077.07,516.63,0.8354
157,bottom,0,990.81,572.20,1112.99,828.55,1028.12,594.61,0.8528,1028.74,591.48,0.7536,1028.12,590.85,0.6397,1033.75,597.11,0.7276,1046.89,595.23,0.7194,1031.87,633.41,0.8379,1061.91,619.64,0.8514,1040.01,672.84,0.8030,1063.16,655.94,0.6586,1028.12,710.39,0.7836,1040.01,665.95,0.4441,1044.39,698.50,0.6915,1064.42,695.99,0.7607,1023.74,747.94,0.8199,1062.54,747.94,0.7980,1023.11,804.26,0.8921,1097.58,801.13,0.9090
158,top,1,1034.22,337.03,1124.79,546.16,1065.21,353.78,0.8359,1068.27,349.18,0.8148,1061.12,351.74,0.8280,1076.44,349.69,0.8475,1058.06,355.31,0.7279,1096.86,371.65,0.7789,1055.51,379.31,0.8371,1108.61,400.75,0.7663,1055.51,407.90,0.7739,1115.76,429.85,0.7229,1045.81,432.41,0.7431,1093.29,434.45,0.6358,1071.34,434.96,0.6324,1092.27,478.87,0.7481,1072.87,479.89,0.7217,1090.74,522.78,0.8208,1076.95,516.14,0.8247
158,bottom,0,990.72,569.81,1103.51,822.98,1021.78,594.41,0.9124,1021.78,590.70,0.8242,1021.16,590.08,0.6676,1026.72,596.26,0.7679,1040.94,594.41,0.7224,1025.48,633.35,0.8634,1054.53,618.51,0.8765,1029.81,674.76,0.8003,1054.53,656.22,0.6972,1018.07,709.99,0.8191,1036.61,673.52,0.3816,1037.23,697.63,0.7169,1056.39,695.77,0.7836,1016.83,747.69,0.8540,1048.97,744.60,0.8260,1023.01,803.94,0.8949,1089.15,793.43,0.9029
159,top,1,1041.03,339.93,1128.39,546.21,1063.55,354.94,0.7987,1066.07,350.40,0.7834,1059.53,352.92,0.8221,1075.14,350.91,0.7934,1057.01,356.95,0.8095,1095.79,372.56,0.8053,1054.99,380.62,0.8767,1108.38,401.27,0.7877,1057.01,408.32,0.7723,1116.94,430.98,0.7617,1049.45,434.51,0.7327,1091.76,434.00,0.6457,1069.60,435.01,0.6557,1090.25,479.83,0.7579,1072.12,480.33,0.7301,1087.73,524.15,0.8173,1077.15,516.09,0.8181
159,bottom,0,990.91,568.52,1093.30,820.21,1014.45,592.97,0.9527,1014.45,588.67,0.8605,1014.45,588.06,0.6710,1019.37,593.59,0.8005,1034.12,592.36,0.6980,1019.37,631.69,0.8895,1048.25,616.32,0.8934,1022.44,673.47,0.8317,1048.25,654.42,0.7302,1010.15,707.27,0.8466,1030.43,671.63,0.3922,1029.82,696.21,0.7412,1048.25,694.36,0.7847,1012.61,746.59,0.8849,1037.19,740.45,0.8311,1022.44,802.51,0.8983,1078.36,786.54,0.8461
160,top,1,1043.42,340.76,1130.68,548.25,1062.23,356.87,0.7922,1065.27,352.31,0.7782,1058.18,354.85,0.8238,1073.88,352.82,0.8320,1055.64,358.90,0.8005,1095.66,374.10,0.8286,1054.12,382.20,0.8849,1108.83,402.97,0.7931,1057.16,410.57,0.7755,1118.46,430.83,0.7710,1052.10,438.94,0.7021,1090.60,435.39,0.6385,1068.81,436.40,0.6639,1088.57,480.98,0.7752,1071.35,481.49,0.7340,1086.54,524.54,0.7916,1076.92,515.93,0.8036
160,bottom,0,990.92,565.29,1079.53,818.75,1008.00,589.92,0.9005,1008.62,586.21,0.8240,1008.00,585.59,0.6681,1013.57,591.16,0.7782,1027.80,589.30,0.6863,1012.95,628.29,0.8544,1043.89,613.43,0.8820,1014.80,669.74,0.8242,1045.74,650.56,0.7128,1001.19,696.97,0.7205,1024.70,669.13,0.4237,1024.09,693.26,0.7239,1042.65,690.78,0.7549,1010.47,745.24,0.8588,1026.56,737.19,0.8042,1021.61,801.54,0.8410,1065.54,782.36,0.8033
161,top,1,1045.33,342.38,1131.12,551.37,1061.18,358.61,0.8321,1063.74,354.01,0.7930,1057.10,356.57,0.8261,1072.92,354.52,0.8480,1055.06,360.65,0.7744,1095.37,375.95,0.8033,1053.53,384.12,0.8621,1109.15,403.51,0.7779,1057.61,413.20,0.7554,1119.86,431.57,0.7743,1054.55,443.31,0.6839,1088.74,437.69,0.6131,1067.82,438.20,0.6421,1086.70,482.59,0.7598,1070.37,482.08,0.7202,1084.66,528.00,0.7847,1077.00,515.25,0.7958
161,bottom,0,982.52,561.41,1065.45,818.27,1003.92,586.99,0.8065,1003.29,582.60,0.7127,1002.67,581.98,0.6284,1007.68,587.62,0.7295,1022.11,585.11,0.6683,1007.06,623.99,0.8219,1037.78,610.20,0.8528,1006.43,664.75,0.7977,1042.17,649.70,0.6533,989.50,696.11,0.7344,1022.73,673.53,0.4396,1018.34,691.72,0.6891,1035.28,689.84,0.7051,1010.19,744.40,0.8187,1016.46,735.62,0.7446,1022.73,801.46,0.7992,1050.95,778.89,0.7506
162,top,1,1043.10,343.84,1131.80,550.92,1060.15,359.41,0.8620,1063.19,354.86,0.8081,1056.61,356.88,0.8372,1072.79,355.36,0.8740,1054.59,360.42,0.7719,1094.53,377.10,0.8104,1053.07,384.18,0.8711,1109.19,404.91,0.7824,1056.61,414.52,0.7855,1120.82,431.71,0.7761,1053.07,444.85,0.7260,1086.95,438.78,0.6265,1067.23,439.79,0.6528,1085.94,483.78,0.7656,1069.76,482.77,0.7215,1083.91,528.77,0.7971,1076.84,514.62,0.8084
162,bottom,0,972.93,558.42,1049.83,817.80,998.08,584.26,0.8542,998.72,579.82,0.7602,996.82,579.19,0.6808,1003.15,584.89,0.7330,1017.08,582.36,0.6881,1001.88,619.72,0.8225,1032.28,607.69,0.8278,999.98,660.25,0.8008,1038.61,646.32,0.6875,979.72,684.31,0.7835,1036.08,676.08,0.4345,1012.65,689.38,0.6731,1029.11,687.48,0.6267,1009.48,743.21,0.7514,1010.11,730.54,0.6272,1022.15,800.20,0.7640,1033.55,777.40,0.7198
163,top,1,1039.98,343.65,1132.38,551.05,1060.86,359.76,0.8138,1063.90,355.70,0.7735,1056.81,357.22,0.8277,1072.51,355.70,0.8624,1054.79,361.27,0.7853,1093.27,377.48,0.8129,1052.76,384.06,0.8720,1108.97,404.82,0.7829,1054.28,414.44,0.7653,1121.63,431.15,0.7774,1050.23,445.33,0.7087,1086.18,439.76,0.6425,1066.43,439.76,0.6674,1085.17,484.82,0.7714,1068.46,484.82,0.7234,1082.64,529.38,0.8058,1077.07,513.18,0.8163
163,bottom,0,959.90,557.01,1045.07,818.31,992.28,581.76,0.8643,992.92,577.30,0.8002,991.64,577.30,0.6956,997.38,583.04,0.7402,1010.78,581.13,0.6806,996.11,617.49,0.8001,1026.73,607.28,0.8463,992.92,657.68,0.8155,1037.57,647.47,0.8410,970.59,675.54,0.7581,1038.21,683.83,0.7998,1008.87,687.66,0.6694,1021.63,685.74,0.6308,1006.95,742.52,0.7009,993.56,725.30,0.6515,1020.99,800.57,0.7606,1020.35,777.61,0.7138
164,top,0,1034.98,343.18,1132.78,551.34,1059.99,359.85,0.8146,1063.04,355.28,0.7960,1056.44,357.31,0.8597,1071.68,355.28,0.8428,1054.40,360.87,0.7874,1093.03,378.14,0.8082,1052.37,383.23,0.8643,1108.78,405.59,0.7750,1051.86,413.21,0.7607,1121.99,432.01,0.7693,1046.27,442.18,0.7064,1084.90,439.13,0.6312,1065.08,439.13,0.6553,1084.90,484.86,0.7597,1065.58,484.36,0.7256,1082.35,530.60,0.8142,1075.75,512.81,0.8033
164,bottom,1,948.06,556.06,1043.26,818.67,985.41,580.93,0.8830,986.69,577.09,0.7886,985.41,577.09,0.6996,992.46,582.22,0.7406,1004.64,580.29,0.6741,991.18,616.20,0.7937,1021.31,605.94,0.8301,984.76,655.95,0.8118,1034.13,646.33,0.8591,960.40,666.85,0.7610,1036.70,682.23,0.8153,1005.92,685.44,0.6802,1016.82,683.52,0.6386,1006.56,741.86,0.7647,987.97,723.91,0.7468,1021.31,798.92,0.7752,1004.00,781.61,0.7494
165,top,0,1033.03,343.00,1133.62,551.55,1058.89,360.71,0.7739,1061.43,356.64,0.7579,1055.32,358.17,0.8083,1071.11,355.62,0.8083,1053.80,361.22,0.7299,1092.49,378.54,0.8041,1052.27,382.10,0.8530,1108.28,406.03,0.7634,1050.23,411.12,0.7309,1121.51,432.00,0.7637,1041.58,439.64,0.7143,1083.84,439.13,0.6299,1063.47,438.62,0.6603,1084.85,484.44,0.7584,1061.43,484.44,0.7444,1082.82,530.27,0.8100,1074.16,510.41,0.8000
165,bottom,1,946.34,554.96,1044.12,818.52,980.43,580.57,0.8973,981.07,576.71,0.7687,980.43,576.71,0.7097,986.22,581.85,0.7510,1000.38,579.92,0.7253,985.58,615.31,0.8401,1016.46,605.66,0.8495,977.21,654.57,0.8425,1029.98,644.27,0.8970,951.47,660.36,0.7810,1036.41,680.31,0.8422,1001.66,683.52,0.6886,1011.31,682.24,0.6760,1004.88,741.44,0.7974,983.00,723.42,0.7837,1020.97,798.06,0.8016,984.93,781.97,0.8165
166,top,0,1021.79,343.92,1133.42,552.24,1057.77,361.62,0.7269,1059.81,357.04,0.7299,1054.21,358.57,0.7313,1069.98,356.03,0.7754,1053.20,361.11,0.6439,1091.85,379.93,0.7621,1052.69,381.96,0.8353,1106.60,407.90,0.7467,1048.62,410.95,0.7528,1120.33,432.82,0.7603,1036.92,436.89,0.7654,1083.20,438.93,0.6213,1061.84,438.42,0.6371,1084.22,485.72,0.7386,1057.77,485.21,0.7363,1081.68,530.98,0.8158,1072.52,509.62,0.7705
166,bottom,1,934.62,555.12,1039.78,816.92,975.06,579.92,0.9092,976.34,576.09,0.7734,975.06,575.45,0.7008,980.17,581.20,0.7550,994.87,579.28,0.7331,978.89,615.08,0.8246,1010.85,605.49,0.8476,971.22,653.42,0.8319,1025.55,644.48,0.8788,946.30,655.98,0.8180,1033.86,678.99,0.8236,996.15,684.10,0.6823,1007.01,682.19,0.6626,1001.26,742.26,0.7635,979.53,727.56,0.7515,1021.08,797.87,0.7979,968.03,781.89,0.7554
167,top,1,1017.37,344.73,1133.61,552.32,1056.23,362.37,0.7425,1059.27,358.32,0.7310,1053.69,359.84,0.7366,1068.90,357.30,0.7662,1052.17,361.86,0.6072,1090.19,380.62,0.7660,1052.68,382.14,0.8235,1104.38,410.01,0.7345,1046.60,410.01,0.7591,1119.07,435.35,0.7467,1032.92,434.84,0.7791,1082.08,439.41,0.6080,1060.28,437.89,0.6291,1083.60,486.03,0.7258,1053.69,484.51,0.7580,1081.57,530.63,0.7959,1071.43,509.85,0.7714
167,bottom,0,928.15,555.36,1035.98,815.84,969.98,578.76,0.8839,970.62,574.94,0.7537,969.98,574.94,0.6912,974.43,580.67,0.7559,989.70,578.76,0.7292,973.16,615.01,0.8244,1004.96,604.83,0.8406,964.26,653.16,0.8317,1020.22,643.62,0.8791,940.09,653.80,0.8199,1028.49,679.24,0.8177,989.70,683.05,0.6842,1002.41,681.78,0.6685,996.05,740.92,0.7294,975.07,728.20,0.7421,1020.22,796.88,0.7681,958.53,780.35,0.7749
168,top,1,1017.92,346.60,1127.77,552.37,1055.27,364.08,0.7109,1058.28,360.06,0.6906,1052.75,361.57,0.7006,1068.33,359.06,0.7553,1052.75,363.07,0.5474,1089.43,382.67,0.7713,1052.25,381.66,0.8133,1101.48,411.80,0.7228,1045.22,407.78,0.7570,1115.55,437.42,0.7132,1030.65,432.40,0.7736,1080.89,440.44,0.6015,1058.78,438.93,0.6269,1083.40,486.15,0.7142,1050.24,484.14,0.7760,1080.89,530.36,0.7860,1069.83,509.26,0.7764
168,bottom,0,921.89,555.00,1031.91,817.48,965.37,577.95,0.8530,966.01,574.10,0.7281,965.37,573.46,0.6674,967.93,579.23,0.7554,983.95,577.31,0.7298,966.65,613.19,0.8322,999.33,604.22,0.8271,958.32,651.64,0.8232,1014.07,642.67,0.8620,934.61,653.56,0.8167,1021.76,677.27,0.8063,984.59,683.04,0.6593,996.13,681.76,0.6317,989.72,740.07,0.7256,969.85,728.54,0.7296,1017.27,794.54,0.7725,955.11,781.09,0.7546
169,top,1,1021.18,348.62,1121.48,552.33,1053.92,363.44,0.7003,1056.91,359.96,0.6683,1051.93,360.95,0.6829,1067.35,359.46,0.7282,1051.93,361.95,0.5112,1087.74,383.33,0.7650,1051.93,379.85,0.8068,1099.18,414.17,0.7103,1044.97,406.21,0.7590,1112.11,442.02,0.6845,1030.55,430.08,0.7566,1079.79,441.03,0.5928,1056.91,439.04,0.6205,1082.27,487.28,0.7076,1047.96,484.30,0.7583,1081.28,530.05,0.7739,1066.85,511.15,0.7591
169,bottom,0,918.92,552.41,1029.70,817.91,961.34,575.61,0.8159,961.99,571.72,0.6842,960.69,571.08,0.6499,963.29,576.91,0.7628,978.84,574.96,0.7248,961.34,611.26,0.8396,994.40,602.19,0.8378,953.56,650.80,0.8257,1007.37,641.73,0.8594,928.93,654.69,0.8081,1012.55,676.73,0.8224,978.20,681.27,0.6616,989.86,679.97,0.6389,980.79,738.96,0.7034,966.53,729.24,0.7276,1013.85,790.82,0.7644,953.56,780.44,0.7649
170,top,1,1024.82,348.03,1115.08,552.03,1052.52,364.86,0.7056,1055.51,361.38,0.6603,1051.03,361.87,0.6761,1066.47,360.88,0.7099,1050.53,363.37,0.5030,1086.39,383.79,0.7775,1051.03,380.30,0.8066,1096.35,414.67,0.6966,1045.55,404.21,0.7547,1105.31,443.06,0.6238,1033.10,426.62,0.7527,1078.42,440.07,0.5977,1055.51,438.08,0.6308,1080.91,486.89,0.7247,1045.05,484.40,0.7641,1081.41,530.72,0.7863,1062.48,515.28,0.7770
170,bottom,0,912.94,550.17,1021.67,815.36,956.30,572.70,0.8147,956.30,569.46,0.7021,955.65,568.81,0.6502,958.24,573.99,0.7784,973.78,572.70,0.7292,955.65,608.31,0.8412,989.32,599.89,0.8364,949.18,647.80,0.8120,1000.32,640.03,0.8418,927.16,658.16,0.7666,1003.56,675.64,0.7770,970.54,677.58,0.6729,986.08,676.29,0.6383,967.30,733.91,0.7044,964.07,728.08,0.6915,1004.86,784.41,0.7471,953.71,781.17,0.7620
171,top,1,1030.21,349.58,1105.48,551.15,1052.09,364.74,0.7067,1055.05,361.30,0.6439,1050.13,361.79,0.6931,1065.87,360.80,0.6966,1049.63,363.76,0.5343,1085.07,385.41,0.7899,1049.63,380.00,0.8123,1093.43,417.89,0.6964,1046.19,404.11,0.7172,1099.34,448.40,0.6418,1037.33,427.73,0.6730,1076.70,442.00,0.5870,1054.06,440.03,0.6303,1079.65,488.26,0.7176,1042.74,484.32,0.7625,1081.13,530.09,0.7800,1057.51,520.74,0.7919
171,bottom,0,908.94,546.88,1010.41,809.37,952.63,571.10,0.8370,951.99,567.26,0.7197,950.70,567.26,0.6612,953.91,571.74,0.8050,968.65,571.10,0.7313,950.70,605.07,0.8393,984.67,597.38,0.8555,944.30,644.80,0.8229,993.64,637.11,0.8333,922.51,664.67,0.7738,992.36,670.43,0.7062,963.52,674.92,0.6908,981.47,674.28,0.6714,954.55,730.67,0.7420,962.88,726.83,0.6696,994.92,776.82,0.7524,953.27,780.66,0.7676
172,top,1,1033.32,345.38,1097.04,552.37,1050.02,364.99,0.7762,1053.05,360.94,0.6910,1047.99,361.45,0.7577,1064.67,361.95,0.7580,1048.50,364.99,0.5311,1083.37,385.71,0.8159,1049.01,381.66,0.8149,1088.42,418.55,0.7294,1049.01,408.95,0.5789,1090.95,449.38,0.6884,1044.46,432.70,0.4884,1074.78,443.82,0.6223,1051.03,441.80,0.6744,1078.82,489.30,0.7507,1041.43,486.27,0.7840,1080.84,532.26,0.8331,1050.52,526.70,0.8042
172,bottom,0,908.01,545.10,999.06,803.08,951.02,568.27,0.8039,949.76,565.13,0.6396,947.87,564.50,0.5989,949.13,569.53,0.7909,963.61,568.90,0.7086,945.35,602.92,0.8264,979.99,594.73,0.8691,939.68,643.23,0.8262,986.29,633.78,0.7918,920.78,671.57,0.8167,969.91,657.71,0.5045,957.31,669.68,0.7070,978.10,668.42,0.7402,944.09,728.25,0.7843,962.35,724.48,0.7789,983.14,769.19,0.7862,952.91,781.16,0.7774
173,top,1,1026.58,348.86,1090.30,554.28,1047.91,367.31,0.8070,1050.42,363.30,0.7373,1045.90,363.80,0.7530,1061.45,363.30,0.7556,1046.40,366.81,0.5353,1081.01,387.37,0.8277,1048.41,383.36,0.7683,1084.02,419.47,0.7141,1051.42,410.44,0.5582,1081.01,449.06,0.6503,1046.91,434.52,0.5212,1072.99,444.05,0.6267,1048.91,442.04,0.6813,1077.00,489.69,0.7380,1039.38,487.18,0.7707,1080.51,531.82,0.8157,1045.40,530.81,0.8334
173,bottom,0,911.34,544.15,990.04,797.97,946.97,566.95,0.8101,945.73,563.85,0.6394,943.25,562.62,0.5863,944.49,568.19,0.7687,959.36,566.95,0.7260,940.77,601.04,0.8334,975.47,592.98,0.8621,935.81,641.32,0.8097,979.81,632.02,0.7609,920.94,672.30,0.8000,961.22,659.29,0.4609,951.93,667.34,0.6904,972.38,666.72,0.7226,933.34,723.73,0.7905,959.36,720.63,0.7924,969.28,764.01,0.7860,953.17,778.89,0.7591
174,top,1,1017.86,349.75,1089.06,557.20,1044.85,369.40,0.7378,1046.88,365.85,0.6726,1043.33,366.36,0.6655,1057.51,364.84,0.7112,1044.85,368.89,0.4995,1078.28,388.64,0.8224,1046.88,385.10,0.7732,1080.30,420.05,0.7243,1050.42,411.44,0.5582,1074.73,447.90,0.6826,1045.86,435.75,0.5140,1071.19,444.86,0.6245,1046.88,443.34,0.6635,1075.75,490.95,0.7397,1039.28,489.43,0.7682,1079.80,531.98,0.8135,1038.77,535.02,0.8308
174,bottom,0,913.80,542.82,982.28,798.35,940.55,565.78,0.8371,939.31,562.66,0.6581,938.06,560.79,0.5998,939.93,566.40,0.7736,956.77,565.15,0.7647,936.19,599.46,0.8550,970.50,591.35,0.8622,931.82,640.01,0.8105,972.37,629.41,0.7164,921.21,674.95,0.7899,956.15,659.98,0.4349,946.17,666.84,0.6781,966.76,666.22,0.7183,924.33,719.24,0.8004,956.77,721.12,0.8058,956.77,762.91,0.7906,956.15,776.01,0.7248
175,top,1,1010.77,351.01,1088.80,557.46,1040.21,370.07,0.7485,1042.73,366.54,0.6905,1038.70,367.04,0.6897,1052.81,366.03,0.7109,1040.71,370.07,0.4599,1074.99,390.23,0.8180,1043.23,386.19,0.7724,1075.49,422.48,0.7230,1048.78,413.92,0.5815,1066.42,451.21,0.6883,1045.25,437.60,0.5085,1070.45,446.68,0.6082,1044.75,446.17,0.6212,1074.48,491.53,0.7374,1038.19,492.54,0.7740,1080.03,532.36,0.8117,1033.15,537.40,0.8251
175,bottom,0,908.75,540.63,977.80,799.49,935.69,564.52,0.8616,934.43,561.36,0.6756,933.80,559.46,0.6103,935.06,565.15,0.7813,952.13,563.26,0.7878,931.90,598.65,0.8723,965.40,589.17,0.8780,928.74,639.09,0.8252,967.29,627.72,0.7270,921.79,675.11,0.7784,950.86,658.68,0.3905,940.75,665.64,0.7015,962.87,665.00,0.7513,917.37,716.19,0.8189,953.39,719.98,0.8134,943.91,763.59,0.7936,955.29,774.97,0.8293
176,top,0,1000.50,349.82,1088.36,558.25,1036.80,370.58,0.7888,1038.83,367.02,0.7177,1035.27,367.53,0.7380,1049.52,366.51,0.7496,1036.80,370.58,0.4793,1071.40,391.45,0.8142,1039.85,388.39,0.7828,1070.38,424.52,0.7572,1044.94,416.89,0.5735,1059.19,452.51,0.7121,1040.87,439.28,0.5383,1068.35,447.93,0.6282,1041.89,447.42,0.6320,1073.44,493.22,0.7463,1036.80,493.73,0.7733,1080.05,532.40,0.8049,1029.67,539.02,0.8379
176,bottom,1,901.87,539.70,971.58,798.67,928.51,564.23,0.8921,928.51,560.44,0.7477,927.24,559.17,0.6059,931.04,564.23,0.7975,946.84,562.33,0.7512,927.24,597.11,0.8692,960.75,588.26,0.8734,925.98,638.83,0.8127,962.02,626.82,0.7403,920.29,677.40,0.7733,944.94,657.80,0.4082,936.09,665.39,0.6907,958.85,664.76,0.7543,911.44,713.44,0.8239,951.27,719.76,0.8154,931.04,766.55,0.7960,954.43,777.93,0.8715
177,top,1,1004.38,353.15,1087.78,559.01,1035.02,373.16,0.8461,1037.03,369.64,0.7621,1032.51,370.14,0.8031,1047.08,368.13,0.7610,1033.51,372.65,0.4526,1067.69,393.26,0.8495,1037.03,389.74,0.7927,1065.68,426.43,0.8036,1042.06,418.89,0.5679,1052.61,453.57,0.7307,1037.53,441.51,0.5214,1065.17,448.04,0.6269,1040.05,448.04,0.6435,1071.71,494.28,0.7559,1034.52,495.78,0.7851,1079.75,532.97,0.8157,1028.49,541.02,0.8388
177,bottom,0,893.18,538.82,967.58,797.72,923.43,562.72,0.8729,923.43,558.92,0.7519,922.16,557.66,0.5772,926.59,562.72,0.7754,941.13,561.45,0.7088,922.16,596.22,0.8482,956.30,587.37,0.8742,924.06,637.30,0.8125,956.93,624.66,0.7406,919.00,675.86,0.7681,937.97,655.00,0.3910,931.01,664.48,0.6745,953.77,663.85,0.7415,906.99,711.88,0.8141,948.71,718.84,0.7890,917.11,768.77,0.8031,954.40,778.88,0.8723
178,top,1,999.87,355.31,1087.63,559.15,1030.31,374.12,0.8340,1032.80,370.14,0.7361,1028.82,370.63,0.7862,1043.25,369.14,0.7410,1028.82,373.12,0.4463,1063.16,394.52,0.8387,1033.30,391.53,0.7708,1061.17,427.86,0.8102,1037.78,420.90,0.5519,1046.74,455.24,0.7164,1033.30,443.29,0.5172,1061.67,448.27,0.6219,1036.29,448.27,0.6455,1068.14,494.55,0.7519,1031.81,496.54,0.7708,1079.58,531.38,0.8059,1026.83,542.33,0.8211
178,bottom,0,877.11,537.91,964.97,797.82,918.50,561.90,0.8347,918.50,558.09,0.7226,918.50,557.46,0.5238,920.41,562.54,0.7487,936.27,560.63,0.6436,917.24,595.53,0.8209,950.87,586.01,0.8614,921.04,636.78,0.7938,950.87,625.99,0.6969,917.87,676.12,0.7307,934.37,658.99,0.4240,926.75,663.43,0.6238,948.96,662.16,0.6879,904.55,713.56,0.7645,946.42,719.90,0.7506,903.91,770.03,0.7715,953.40,778.28,0.8447
179,top,1,1000.48,357.70,1086.57,560.70,1027.67,374.45,0.8285,1030.15,370.49,0.7222,1025.69,370.98,0.7669,1039.56,369.99,0.7359,1026.18,373.96,0.4151,1058.89,394.77,0.8687,1029.65,391.80,0.8029,1056.91,428.97,0.8136,1033.62,422.53,0.5900,1042.04,456.72,0.7091,1028.66,446.81,0.5365,1057.40,449.78,0.6324,1032.13,449.78,0.6679,1064.84,495.38,0.7732,1029.16,498.35,0.7753,1079.21,530.07,0.8171,1025.69,545.43,0.8257
179,bottom,0,866.82,536.64,965.55,797.20,913.64,561.32,0.8244,913.01,557.50,0.7122,913.64,556.86,0.5206,915.55,561.95,0.7665,931.45,560.68,0.6516,911.73,595.03,0.8357,946.08,585.49,0.8605,916.82,636.38,0.7837,945.45,624.93,0.6914,916.82,675.19,0.7213,928.91,659.28,0.4075,921.28,662.46,0.6349,945.45,659.92,0.6825,902.83,716.54,0.7764,942.90,718.44,0.7812,893.92,768.70,0.7936,953.08,776.97,0.8569
180,top,1,1000.09,356.45,1086.54,561.49,1023.29,374.37,0.8101,1025.30,370.86,0.7228,1021.29,371.36,0.7387,1034.81,369.86,0.7254,1021.79,374.37,0.4053,1055.33,394.89,0.8522,1026.30,391.89,0.7791,1053.83,429.43,0.7886,1031.30,421.92,0.5859,1039.31,458.47,0.7005,1026.30,444.95,0.5403,1052.33,450.46,0.6090,1028.30,449.46,0.6524,1059.84,496.51,0.7323,1026.30,499.02,0.7528,1078.36,528.55,0.8233,1025.80,546.07,0.8295
180,bottom,0,862.57,536.97,965.79,796.54,908.48,560.93,0.7982,907.84,557.12,0.6963,907.21,556.49,0.5183,911.01,561.56,0.7613,926.22,560.29,0.6751,906.57,595.15,0.8293,940.80,585.64,0.8584,912.91,636.34,0.7702,940.80,625.57,0.6854,912.91,675.00,0.7111,924.95,657.25,0.4269,916.71,662.95,0.6385,939.53,661.05,0.6895,900.24,717.45,0.7620,938.89,717.45,0.7742,890.10,767.52,0.7978,952.20,775.76,0.8530
181,top,1,1001.09,356.81,1085.18,561.29,1020.17,374.69,0.7823,1021.67,370.69,0.7035,1017.68,371.19,0.7115,1031.15,370.19,0.7363,1017.68,373.69,0.4490,1051.62,394.65,0.8468,1023.17,392.16,0.7719,1052.12,428.10,0.7814,1030.16,421.61,0.5609,1038.14,458.05,0.6888,1023.67,444.08,0.5042,1047.13,451.07,0.6235,1024.17,450.57,0.6628,1054.12,497.49,0.7192,1024.17,498.99,0.7446,1075.58,525.45,0.8320,1025.16,545.92,0.8217
181,bottom,0,865.88,536.58,962.87,796.54,903.59,559.94,0.8151,902.95,556.13,0.6676,902.32,555.50,0.5772,905.49,561.84,0.7520,921.36,559.30,0.7282,901.68,595.48,0.8453,934.69,584.69,0.8336,907.40,636.10,0.7759,935.32,624.04,0.6806,908.03,674.81,0.7395,918.82,654.50,0.4238,912.47,662.75,0.6407,934.05,660.21,0.6989,896.61,716.70,0.7743,930.88,716.06,0.7716,890.26,768.10,0.8196,949.92,773.18,0.8641
182,top,1,1002.29,354.50,1083.69,562.30,1017.62,375.70,0.8137,1019.65,371.65,0.7208,1015.08,372.66,0.7480,1029.29,370.63,0.7711,1015.08,375.20,0.5459,1048.57,393.97,0.8323,1020.16,393.46,0.7838,1050.09,426.94,0.8103,1026.24,421.36,0.5810,1037.91,454.34,0.7053,1020.16,443.69,0.5734,1043.49,452.31,0.6070,1020.66,451.30,0.6600,1048.57,499.49,0.7246,1022.69,499.49,0.7566,1071.90,525.37,0.8255,1024.72,545.15,0.8259
182,bottom,0,866.36,536.12,961.31,794.05,897.46,559.29,0.8159,896.21,555.51,0.6813,896.84,554.25,0.5960,899.35,560.55,0.7407,915.73,558.66,0.6972,896.21,595.19,0.8180,929.58,584.48,0.8367,901.87,635.49,0.7662,930.21,624.78,0.6620,903.13,674.53,0.7499,915.10,655.01,0.4457,905.65,663.82,0.6308,928.32,661.94,0.6949,893.69,716.09,0.7920,922.65,714.83,0.7794,890.54,768.99,0.8204,945.95,767.73,0.8151
183,top,1,1001.43,358.40,1078.91,562.76,1015.22,376.26,0.8101,1016.22,371.77,0.7139,1012.73,372.77,0.7286,1026.20,370.77,0.7648,1012.73,375.27,0.5192,1045.16,394.22,0.8566,1017.22,393.23,0.8058,1047.65,427.65,0.8169,1022.21,423.16,0.5694,1037.18,457.09,0.7165,1017.22,447.61,0.5517,1040.17,454.10,0.6092,1017.72,452.60,0.6643,1042.16,501.49,0.7225,1021.21,501.99,0.7704,1067.61,524.44,0.8116,1024.70,546.40,0.8326
183,bottom,0,865.83,533.32,953.54,790.37,892.12,558.30,0.8404,890.86,553.91,0.7187,891.49,553.28,0.6310,894.00,558.93,0.7515,910.32,557.67,0.6996,891.49,594.70,0.8227,925.38,583.40,0.8553,895.25,634.23,0.7728,925.38,623.57,0.6615,895.88,673.14,0.7473,912.20,652.43,0.4291,899.02,663.10,0.6495,921.61,661.22,0.7055,890.23,713.93,0.8249,912.83,711.42,0.7853,890.86,767.90,0.8354,941.07,760.37,0.8055
184,top,1,999.14,358.63,1072.09,562.78,1012.69,375.98,0.7629,1013.69,371.99,0.6729,1009.70,372.99,0.6806,1023.16,370.99,0.7298,1009.20,375.98,0.5179,1041.60,394.92,0.8552,1014.18,392.92,0.7922,1045.09,428.31,0.8023,1019.17,422.83,0.5846,1036.61,459.21,0.7042,1014.18,447.75,0.5606,1037.11,455.22,0.6062,1014.68,453.23,0.6634,1035.62,502.07,0.7415,1019.67,501.57,0.7560,1062.03,526.00,0.8087,1024.65,545.93,0.8239
184,bottom,0,865.83,531.97,946.10,790.77,887.64,556.48,0.8283,886.38,552.06,0.7150,887.64,551.43,0.6185,888.91,557.12,0.7595,905.97,555.22,0.7176,886.38,593.13,0.8296,921.13,582.39,0.8554,889.54,633.57,0.7914,922.39,622.19,0.6891,887.64,671.48,0.7481,911.65,651.89,0.4476,895.22,662.00,0.6558,916.71,660.10,0.7200,887.01,712.55,0.8071,904.70,708.12,0.8086,890.17,768.15,0.8227,933.77,752.35,0.7848
