frame,player,det_idx,bbox_x1,bbox_y1,bbox_x2,bbox_y2,nose_x,nose_y,nose_s,L_eye_x,L_eye_y,L_eye_s,R_eye_x,R_eye_y,R_eye_s,L_ear_x,L_ear_y,L_ear_s,R_ear_x,R_ear_y,R_ear_s,L_shoulder_x,L_shoulder_y,L_shoulder_s,R_shoulder_x,R_shoulder_y,R_shoulder_s,L_elbow_x,L_elbow_y,L_elbow_s,R_elbow_x,R_elbow_y,R_elbow_s,L_wrist_x,L_wrist_y,L_wrist_s,R_wrist_x,R_wrist_y,R_wrist_s,L_hip_x,L_hip_y,L_hip_s,R_hip_x,R_hip_y,R_hip_s,L_knee_x,L_knee_y,L_knee_s,R_knee_x,R_knee_y,R_knee_s,L_ankle_x,L_ankle_y,L_ankle_s,R_ankle_x,R_ankle_y,R_ankle_s
0,top,0,787.79,363.19,871.23,563.95,826.08,382.21,0.8677,830.00,378.29,0.8914,822.15,378.78,0.8436,835.88,378.78,0.8236,816.27,380.25,0.8714,844.21,390.54,0.7610,808.43,399.36,0.7670,864.31,403.28,0.7171,794.22,426.81,0.8385,862.84,410.14,0.6504,814.80,413.58,0.7130,835.88,451.81,0.6295,817.74,453.28,0.6129,837.84,492.00,0.7096,823.13,496.41,0.7506,822.15,520.92,0.7765,821.66,543.46,0.7759
0,bottom,1,960.46,571.24,1037.89,831.31,977.59,597.15,0.8101,975.05,593.34,0.7300,976.95,593.34,0.6491,977.59,599.05,0.7648,994.73,596.51,0.7821,977.59,632.07,0.8187,1014.41,618.73,0.8221,973.78,673.97,0.7866,1032.82,654.29,0.8063,968.06,700.64,0.7522,1021.40,679.69,0.7114,996.63,705.72,0.6744,1014.41,703.18,0.6823,999.17,758.42,0.7505,993.46,746.99,0.6739,1020.76,815.56,0.7754,994.73,795.24,0.7899
1,top,0,786.91,360.63,871.10,565.22,826.51,381.01,0.8458,829.51,377.01,0.8555,822.01,377.51,0.8232,836.00,378.01,0.8258,816.52,379.51,0.8720,843.49,389.50,0.7656,808.53,397.99,0.7712,864.47,402.99,0.7001,793.54,425.96,0.8321,861.97,409.48,0.5784,814.02,412.48,0.7110,836.00,451.44,0.6367,817.52,452.93,0.6186,838.00,490.89,0.7082,823.01,495.89,0.7514,822.51,521.36,0.7760,821.51,544.34,0.7828
1,bottom,1,960.99,570.95,1037.86,831.38,975.90,597.53,0.8092,973.99,593.08,0.7347,975.90,593.08,0.6459,975.90,598.80,0.7620,993.07,596.26,0.7894,976.54,632.50,0.8172,1013.41,619.14,0.8194,972.09,673.82,0.7943,1032.49,654.11,0.8085,967.63,702.44,0.7580,1020.41,677.64,0.7083,996.88,705.61,0.6741,1014.68,703.07,0.6822,999.43,758.39,0.7468,993.07,746.31,0.6668,1020.41,815.61,0.7750,994.97,795.26,0.7849
2,top,1,787.49,359.75,870.86,565.46,826.16,379.74,0.8458,829.68,375.72,0.8564,821.64,376.22,0.8308,835.71,376.73,0.8243,816.62,378.23,0.8740,843.24,388.78,0.7695,808.59,397.32,0.7698,864.33,402.84,0.6995,793.52,424.44,0.8357,861.32,409.37,0.5940,814.11,411.38,0.7099,836.21,451.56,0.6414,818.13,453.06,0.6244,838.22,490.73,0.7087,823.15,495.75,0.7560,822.15,521.36,0.7808,821.64,543.96,0.7907
2,bottom,0,961.48,571.25,1037.32,832.45,974.53,597.90,0.8086,972.62,593.44,0.7281,974.53,594.07,0.6238,973.90,599.18,0.7639,991.75,596.63,0.7883,974.53,632.34,0.8194,1013.43,618.31,0.8091,970.71,673.79,0.7914,1031.93,652.74,0.8034,966.88,703.76,0.7394,1019.81,675.70,0.6932,996.85,705.67,0.6739,1014.71,703.12,0.6751,1000.04,757.96,0.7429,994.30,747.76,0.6673,1021.09,815.36,0.7746,995.58,794.95,0.7847
3,top,1,786.98,361.68,870.43,566.14,826.21,379.05,0.8199,829.71,375.55,0.8382,821.72,375.55,0.8074,836.20,376.05,0.8028,816.73,377.55,0.8461,843.18,388.53,0.7593,808.74,396.52,0.7623,863.65,403.01,0.6564,792.77,424.47,0.8280,861.65,408.00,0.5274,813.23,410.49,0.6936,836.20,452.42,0.6389,817.73,453.92,0.6245,837.69,491.86,0.6863,823.22,496.35,0.7513,821.72,520.81,0.7606,821.22,544.77,0.7778
3,bottom,0,960.85,571.40,1036.82,832.66,973.32,598.70,0.8212,971.40,594.24,0.7428,973.32,594.24,0.6333,973.32,599.34,0.7776,990.54,597.43,0.7854,973.32,633.15,0.8175,1012.23,618.48,0.8032,969.49,673.33,0.7701,1031.36,651.01,0.7920,966.94,703.95,0.7243,1017.97,673.97,0.6883,997.56,704.58,0.6699,1015.41,702.03,0.6799,1000.11,758.16,0.7407,994.37,747.32,0.6612,1021.16,815.57,0.7779,995.00,795.16,0.7934
4,top,1,787.13,360.47,870.13,566.50,826.12,378.48,0.8413,829.64,374.46,0.8530,821.59,374.46,0.8176,835.67,375.46,0.8142,816.56,376.47,0.8638,843.22,388.04,0.7643,809.01,395.58,0.7698,863.84,402.62,0.6351,793.42,423.25,0.8359,861.83,406.65,0.5346,813.04,410.17,0.6995,836.18,451.41,0.6358,818.07,452.92,0.6204,837.68,491.15,0.6925,823.10,496.18,0.7519,821.59,520.83,0.7639,821.59,544.47,0.7837
4,bottom,0,960.09,571.48,1036.26,833.12,971.99,598.18,0.8236,970.07,594.35,0.7464,971.99,594.35,0.6348,971.99,599.46,0.7858,989.23,597.54,0.7929,971.99,632.68,0.8134,1010.95,617.99,0.7980,967.51,673.56,0.7527,1030.11,649.92,0.7829,966.88,704.86,0.7045,1016.06,672.28,0.6565,997.54,704.22,0.6710,1015.42,701.03,0.6741,1000.09,757.88,0.7392,994.34,747.02,0.6481,1021.17,815.37,0.7720,994.98,794.93,0.7978
5,top,1,787.31,360.06,870.14,566.88,826.20,377.63,0.8242,829.23,374.10,0.8373,821.66,374.10,0.8063,835.29,374.60,0.7933,816.10,375.61,0.8428,842.86,387.23,0.7520,809.03,394.80,0.7599,863.57,401.36,0.6340,793.38,422.57,0.8310,862.05,406.41,0.5502,813.07,408.43,0.7100,835.79,451.35,0.6366,818.12,452.87,0.6230,837.81,491.24,0.6926,823.17,495.79,0.7528,821.66,521.03,0.7637,821.15,544.77,0.7832
5,bottom,0,958.14,571.72,1036.02,833.98,970.83,598.49,0.8237,968.91,594.01,0.7508,970.83,594.65,0.6231,970.83,599.77,0.7800,988.12,597.21,0.7820,970.19,633.06,0.8138,1010.53,617.70,0.7912,965.71,672.76,0.7430,1029.73,647.15,0.7867,965.71,702.21,0.7063,1015.65,668.92,0.6586,997.08,704.13,0.6839,1015.65,700.93,0.6797,1000.92,757.92,0.7322,993.24,745.75,0.6327,1020.77,815.54,0.7727,995.16,795.06,0.8033
6,top,1,787.21,360.19,870.21,566.90,825.69,377.76,0.8416,828.71,373.72,0.8648,821.14,373.72,0.8272,835.27,374.73,0.8183,816.10,375.74,0.8627,842.34,386.84,0.7587,809.03,394.41,0.7632,863.03,400.47,0.6185,793.89,422.17,0.8312,862.02,404.50,0.5150,813.07,407.03,0.7194,835.78,451.44,0.6417,818.12,453.46,0.6289,837.80,490.80,0.6946,822.66,495.85,0.7540,821.65,520.57,0.7721,821.14,544.29,0.7876
6,bottom,0,957.31,572.18,1034.61,835.87,969.57,597.80,0.7959,967.63,593.93,0.7262,970.21,593.93,0.5972,969.57,599.09,0.7720,986.95,596.51,0.7782,968.92,633.21,0.8089,1008.84,617.11,0.7838,963.77,670.54,0.7435,1028.15,644.15,0.7924,964.42,700.80,0.7270,1013.34,664.11,0.6452,997.25,704.67,0.6896,1015.27,700.80,0.6776,999.82,757.46,0.7226,992.74,746.51,0.6318,1019.78,814.75,0.7708,995.32,794.79,0.7890
7,top,1,787.23,360.29,869.85,566.97,825.51,377.35,0.8243,829.05,373.31,0.8433,821.48,373.31,0.8040,835.10,374.32,0.8045,815.93,375.33,0.8452,842.67,386.43,0.7480,808.36,394.00,0.7584,863.36,400.56,0.6261,793.72,422.25,0.8232,861.34,404.59,0.5017,813.40,406.61,0.7151,836.11,450.51,0.6356,817.94,452.53,0.6215,838.13,490.38,0.6874,822.99,495.42,0.7533,821.48,520.65,0.7645,821.48,544.87,0.7818
7,bottom,0,955.74,571.59,1034.50,836.82,967.92,598.01,0.8030,965.98,593.47,0.7401,968.57,593.47,0.6041,968.57,599.30,0.7786,985.41,596.71,0.7736,967.92,633.62,0.8074,1008.72,616.78,0.7797,962.74,669.88,0.7110,1026.85,641.39,0.7820,963.39,698.38,0.6851,1008.72,657.58,0.6236,997.06,704.20,0.6988,1015.19,700.32,0.6817,998.36,756.65,0.7209,993.18,746.94,0.6362,1019.73,814.93,0.7754,995.12,794.86,0.8018
8,top,1,787.01,360.07,869.77,567.07,825.36,376.65,0.8387,828.90,372.61,0.8511,821.32,373.11,0.8134,834.96,374.12,0.8179,815.76,375.13,0.8674,842.54,386.25,0.7466,808.68,393.83,0.7611,863.26,400.91,0.6238,793.52,421.63,0.8222,860.23,403.43,0.4648,813.74,405.96,0.7076,836.48,450.43,0.6372,818.28,451.95,0.6213,837.99,490.36,0.6904,822.83,495.41,0.7529,821.82,520.68,0.7747,821.32,544.43,0.7829
8,bottom,0,954.20,571.43,1033.00,836.02,967.11,597.79,0.7877,965.17,593.27,0.7212,967.11,593.27,0.5986,967.11,599.73,0.7726,984.55,596.50,0.7574,967.11,633.96,0.7939,1007.16,615.88,0.7683,960.65,668.84,0.6935,1025.25,637.84,0.7654,961.94,695.33,0.6834,1006.51,655.28,0.6176,997.47,703.73,0.6978,1015.56,699.85,0.6857,995.53,756.05,0.7112,994.89,748.30,0.6209,1019.43,814.18,0.7754,995.53,796.10,0.7821
9,top,1,787.09,359.84,869.80,567.14,825.41,376.44,0.8345,828.45,372.39,0.8513,820.85,372.90,0.8164,835.02,373.41,0.8143,815.29,374.92,0.8690,842.11,386.57,0.7462,808.71,394.16,0.7612,862.86,400.74,0.6087,793.52,421.49,0.8180,859.82,402.25,0.4283,813.77,405.29,0.6946,836.04,450.33,0.6377,817.82,451.85,0.6226,838.57,490.32,0.7001,822.88,495.38,0.7548,821.87,520.18,0.7771,821.36,544.47,0.7852
9,bottom,0,952.26,571.47,1032.95,836.06,966.77,597.18,0.7757,964.83,593.30,0.6962,966.77,593.30,0.5902,965.48,599.76,0.7761,983.57,595.89,0.7658,966.12,633.35,0.7923,1005.53,614.62,0.7819,959.02,668.24,0.6847,1023.62,634.00,0.7653,960.96,693.43,0.6835,1002.94,646.27,0.5769,997.13,703.12,0.7070,1015.22,699.24,0.6945,993.90,756.09,0.7126,995.84,748.34,0.6150,1019.09,813.58,0.7820,995.84,795.50,0.7717
10,top,1,787.17,359.69,869.75,567.12,824.92,376.30,0.8322,828.46,372.25,0.8541,820.86,372.76,0.8154,834.54,373.26,0.8120,815.29,374.78,0.8705,842.13,386.43,0.7449,808.71,394.03,0.7617,862.90,400.10,0.6079,793.52,421.88,0.8163,859.35,402.13,0.4272,813.77,405.17,0.6980,836.06,450.24,0.6414,817.83,452.27,0.6265,838.59,490.25,0.7086,822.89,495.31,0.7552,822.38,519.62,0.7797,820.86,544.44,0.7876
10,bottom,0,950.95,571.30,1032.32,836.43,966.39,597.06,0.7700,963.80,593.82,0.6976,965.74,593.18,0.5935,965.74,599.65,0.7655,983.22,596.41,0.7525,965.10,632.66,0.7900,1005.23,613.89,0.7758,957.97,668.26,0.6990,1022.70,630.72,0.7422,960.56,693.51,0.6980,1001.34,639.13,0.5658,996.81,702.57,0.7071,1015.58,699.33,0.6988,992.28,755.65,0.7037,996.81,747.88,0.6185,1018.17,812.61,0.7816,997.46,795.13,0.7558
11,top,1,787.38,359.73,869.75,567.18,825.02,376.35,0.8331,828.06,372.29,0.8518,820.46,372.80,0.8117,834.64,373.31,0.8142,814.89,374.83,0.8720,841.74,386.47,0.7489,808.31,394.07,0.7610,862.50,399.64,0.6213,793.62,421.93,0.8183,860.47,401.67,0.4620,813.37,405.21,0.7023,836.16,449.78,0.6359,817.93,451.81,0.6222,838.70,489.80,0.7080,823.00,495.37,0.7557,822.49,519.68,0.7793,820.97,544.49,0.7917
11,bottom,0,949.76,571.28,1030.81,836.57,965.03,596.41,0.7600,963.08,593.17,0.6984,965.03,592.52,0.5944,965.03,599.00,0.7536,982.51,595.11,0.7482,964.38,632.68,0.7922,1004.53,612.60,0.7731,956.61,668.95,0.6946,1021.37,626.20,0.7339,959.20,692.91,0.6693,999.35,634.62,0.5646,996.12,701.98,0.7133,1015.55,698.09,0.7074,988.99,755.74,0.7167,998.06,748.61,0.6480,1016.84,812.09,0.7839,997.41,795.25,0.7345
12,top,1,787.35,359.64,869.66,567.26,824.96,376.26,0.8369,828.50,372.21,0.8544,820.39,372.71,0.8125,834.59,373.22,0.8106,814.82,375.25,0.8725,841.68,386.40,0.7466,808.23,394.51,0.7606,862.97,399.58,0.6196,793.53,421.88,0.8177,859.93,401.61,0.4682,813.30,405.16,0.6973,835.60,449.76,0.6368,817.86,451.79,0.6219,838.64,490.31,0.7105,822.93,495.38,0.7552,822.93,519.71,0.7764,820.90,544.55,0.7943
12,bottom,0,948.41,571.02,1031.30,836.27,965.25,596.14,0.7435,963.30,592.26,0.6665,965.25,591.61,0.5863,965.25,598.73,0.7356,982.73,594.85,0.7566,963.30,632.41,0.7873,1004.10,612.33,0.7651,955.53,668.03,0.7284,1020.29,623.99,0.6984,958.77,691.99,0.6917,997.63,631.11,0.5401,995.04,701.05,0.7043,1015.11,697.82,0.7009,987.26,755.45,0.7085,998.27,748.33,0.6650,1016.41,811.15,0.7811,996.98,795.60,0.7353
13,top,1,787.45,359.56,870.00,567.28,824.67,376.19,0.8342,828.22,372.13,0.8527,820.61,372.64,0.8118,834.30,373.66,0.8153,815.03,375.18,0.8688,841.91,386.84,0.7431,807.93,394.45,0.7606,863.21,400.03,0.6297,793.73,422.34,0.8192,859.66,401.04,0.4569,813.01,405.10,0.7059,835.83,450.23,0.6351,818.08,451.75,0.6216,839.38,490.29,0.7110,822.64,495.87,0.7566,823.15,519.71,0.7759,820.61,545.06,0.7961
13,bottom,0,947.49,570.55,1030.34,835.81,966.90,595.03,0.7432,963.66,591.15,0.6371,966.25,590.50,0.5838,964.95,598.27,0.7305,983.09,593.74,0.7658,963.01,631.30,0.7835,1004.46,612.52,0.7634,953.94,667.57,0.7431,1018.70,623.53,0.6462,958.48,692.82,0.6569,996.69,628.06,0.5099,994.74,699.30,0.7011,1014.82,696.06,0.7071,986.32,754.35,0.7008,997.98,747.22,0.6644,1015.47,810.04,0.7731,996.69,795.79,0.7262
14,top,1,787.49,359.27,869.79,567.33,825.09,376.44,0.8385,828.14,372.38,0.8618,820.52,372.38,0.8189,834.23,373.39,0.8132,814.93,374.92,0.8693,841.34,387.11,0.7383,808.33,394.73,0.7593,863.19,399.30,0.6285,794.10,422.67,0.8158,859.63,400.82,0.4697,813.41,404.89,0.7058,835.76,450.61,0.6407,817.98,452.13,0.6284,839.82,490.73,0.7125,822.55,496.32,0.7587,823.57,519.69,0.7774,820.52,544.58,0.7961
14,bottom,0,945.34,570.22,1029.84,834.54,968.23,593.32,0.7441,965.00,590.09,0.6061,967.59,589.45,0.5783,965.00,597.19,0.7208,983.07,592.67,0.7688,962.42,630.75,0.7769,1004.37,612.03,0.7593,952.74,666.24,0.7267,1017.92,622.36,0.6067,956.62,688.82,0.6637,995.33,624.94,0.4866,994.04,698.50,0.6968,1014.05,695.92,0.7033,985.01,753.35,0.7064,997.92,746.26,0.6693,1014.69,808.21,0.7650,996.62,795.30,0.7233
15,top,1,787.50,359.18,869.89,567.44,824.63,376.36,0.8348,828.18,372.29,0.8550,820.56,372.29,0.8122,834.29,373.31,0.8113,814.46,374.84,0.8692,841.40,387.04,0.7360,808.35,394.67,0.7588,863.27,399.75,0.6311,794.12,422.63,0.8191,859.20,400.26,0.4599,813.44,404.84,0.7072,835.81,450.09,0.6367,818.02,452.12,0.6235,839.88,490.76,0.7118,823.10,496.36,0.7583,823.61,519.75,0.7783,820.56,544.66,0.7959
15,bottom,0,944.18,569.98,1029.44,834.33,969.39,592.44,0.7425,966.16,588.57,0.5855,968.74,587.92,0.5780,965.51,595.67,0.7070,983.58,591.80,0.7581,962.29,629.23,0.7669,1004.24,611.80,0.7534,950.67,664.08,0.7434,1018.43,620.84,0.6088,954.54,686.02,0.6914,997.14,624.07,0.4832,993.26,697.64,0.6916,1013.27,695.06,0.6980,984.23,753.14,0.7161,998.43,745.40,0.6782,1013.92,807.35,0.7638,997.14,795.09,0.7236
16,top,1,787.45,359.10,869.91,567.45,824.61,376.30,0.8318,828.17,372.23,0.8507,820.54,372.73,0.8094,834.28,373.24,0.8075,814.44,374.77,0.8687,841.40,386.98,0.7344,807.83,394.61,0.7578,863.27,400.20,0.6313,793.59,423.09,0.8190,859.20,400.20,0.4505,812.91,405.29,0.7033,835.80,449.54,0.6327,818.00,451.58,0.6203,840.38,490.74,0.7131,823.09,496.34,0.7569,823.60,520.24,0.7723,820.54,544.66,0.7936
16,bottom,0,942.70,569.04,1029.37,835.09,970.45,591.64,0.7406,967.20,587.75,0.5665,969.80,587.10,0.5831,965.90,595.54,0.6988,984.09,590.99,0.7574,962.00,628.67,0.7579,1003.57,611.13,0.7551,949.66,661.79,0.7181,1019.16,620.22,0.6493,953.56,684.53,0.6686,997.08,622.17,0.5049,991.88,696.87,0.6933,1012.02,694.27,0.7006,984.09,752.73,0.7164,998.38,745.58,0.6869,1013.31,806.64,0.7662,996.43,795.60,0.7183
17,top,1,787.45,359.11,869.89,567.50,825.11,376.31,0.8354,828.16,372.24,0.8526,820.53,372.74,0.8123,834.27,373.25,0.8065,814.93,374.78,0.8731,841.39,386.99,0.7343,807.81,395.13,0.7578,863.27,400.73,0.6282,794.07,423.11,0.8195,858.69,399.71,0.4475,813.41,405.31,0.7061,836.30,450.08,0.6338,817.99,452.11,0.6206,840.88,490.27,0.7127,823.07,496.37,0.7546,824.09,520.29,0.7743,820.53,544.71,0.7962
17,bottom,0,939.64,568.41,1029.52,834.59,970.94,590.38,0.7272,968.34,587.13,0.5472,970.29,585.83,0.5664,967.04,594.27,0.6876,983.93,590.38,0.7392,961.19,627.42,0.7510,1003.43,611.17,0.7515,947.54,660.56,0.7540,1019.02,620.27,0.6654,952.09,682.65,0.6660,998.88,622.22,0.5070,991.73,696.95,0.6894,1011.23,694.35,0.6992,983.28,752.19,0.7289,998.23,745.04,0.6946,1012.53,806.12,0.7677,996.93,795.08,0.7138
18,top,1,787.53,359.11,869.81,567.48,825.11,376.31,0.8394,828.16,372.24,0.8566,820.53,372.75,0.8154,834.26,373.25,0.8057,814.93,375.29,0.8760,841.38,386.48,0.7356,807.81,395.13,0.7574,862.75,400.72,0.6257,794.08,423.11,0.8179,858.68,400.22,0.4551,813.41,405.30,0.7077,836.30,450.07,0.6335,817.98,452.10,0.6201,840.88,490.26,0.7147,823.07,496.87,0.7509,824.09,520.27,0.7741,821.04,544.69,0.7944
18,bottom,0,938.21,568.20,1029.99,829.31,971.35,590.39,0.7118,968.80,586.56,0.5549,970.71,585.29,0.5726,967.53,593.57,0.6860,984.10,589.75,0.7307,961.15,626.72,0.7320,1003.23,610.79,0.7490,946.49,659.23,0.7311,1019.80,619.71,0.6925,950.31,679.00,0.6259,999.40,622.90,0.5261,990.48,696.85,0.7009,1010.24,693.66,0.7007,982.19,752.94,0.7217,996.85,745.29,0.6883,1011.51,805.22,0.7426,996.21,795.02,0.6808
19,top,1,787.80,358.98,869.78,567.55,824.72,376.19,0.8319,828.28,372.11,0.8459,820.65,372.62,0.8067,834.39,373.13,0.8045,814.54,374.66,0.8737,841.01,386.37,0.7377,807.92,394.52,0.7592,862.91,401.14,0.6394,794.17,422.52,0.8203,857.31,399.61,0.4442,813.52,405.21,0.7144,836.43,449.51,0.6316,818.10,451.55,0.6179,841.01,490.25,0.7127,823.19,496.87,0.7541,824.21,520.29,0.7705,820.65,544.73,0.7941
19,bottom,0,936.56,567.69,1030.09,831.85,974.30,588.84,0.7364,972.36,584.97,0.5075,972.36,583.68,0.5773,967.85,592.07,0.6830,985.26,588.84,0.7300,960.11,625.60,0.7396,1003.32,610.77,0.7456,944.63,656.56,0.7563,1020.73,619.15,0.7147,948.50,675.91,0.6640,1000.09,622.38,0.5468,989.13,696.54,0.6993,1009.12,693.96,0.7044,981.39,752.01,0.7211,996.22,744.91,0.6920,1011.06,804.25,0.7461,996.22,794.57,0.6832
20,top,1,787.81,358.48,869.73,567.56,824.69,375.74,0.8192,828.26,371.65,0.8257,820.60,372.16,0.7961,834.39,372.67,0.7999,814.99,374.71,0.8654,841.53,386.97,0.7375,807.84,394.62,0.7604,862.97,401.77,0.6482,794.57,422.70,0.8207,856.33,398.71,0.4380,813.97,405.34,0.7083,836.43,449.75,0.6297,818.56,452.30,0.6166,841.02,490.07,0.7151,823.16,496.71,0.7515,824.69,520.19,0.7709,820.60,544.69,0.7945
20,bottom,0,935.61,567.03,1030.45,834.14,973.90,588.42,0.7115,971.94,584.51,0.5092,972.60,583.85,0.5539,968.03,591.68,0.7027,985.64,588.42,0.7245,960.21,624.94,0.7340,1003.25,610.59,0.7412,942.60,655.59,0.7525,1020.85,618.42,0.7383,946.51,671.24,0.6174,1001.94,619.72,0.5557,987.60,696.67,0.6977,1008.46,694.07,0.7060,979.77,751.45,0.7243,996.72,744.93,0.7077,1010.42,803.62,0.7555,996.07,795.15,0.6922
21,top,1,787.93,358.01,869.78,567.62,824.76,375.31,0.8335,827.83,371.21,0.8428,820.15,371.72,0.8130,834.48,372.75,0.8091,814.53,374.28,0.8756,841.14,386.56,0.7377,808.38,394.75,0.7609,862.63,401.92,0.6659,794.57,422.39,0.8194,853.42,397.31,0.4323,814.53,404.99,0.7094,836.53,450.02,0.6320,818.62,452.07,0.6186,841.14,489.94,0.7152,823.23,496.59,0.7507,824.25,520.13,0.7710,820.67,544.70,0.7951
21,bottom,0,933.42,567.00,1031.53,834.33,974.64,587.11,0.7082,972.03,583.84,0.5207,973.34,582.54,0.5466,968.77,591.02,0.7130,985.74,588.41,0.7233,960.28,623.65,0.7320,1003.36,610.60,0.7364,940.70,651.07,0.7365,1021.63,617.13,0.7546,942.66,668.04,0.6413,1002.71,617.78,0.5602,986.39,695.45,0.7027,1007.27,693.49,0.7085,978.56,750.92,0.7198,995.53,745.05,0.7105,1009.23,803.14,0.7499,996.18,795.30,0.6861
22,top,1,788.10,357.52,869.82,567.64,824.85,375.37,0.8331,827.93,371.27,0.8396,820.24,371.78,0.8082,834.60,372.81,0.8124,814.59,374.86,0.8787,841.27,387.17,0.7356,807.92,394.35,0.7633,862.81,403.07,0.6788,794.59,422.57,0.8233,853.07,397.43,0.4470,814.59,405.12,0.7154,836.65,449.75,0.6312,818.70,451.81,0.6159,841.27,489.77,0.7113,823.31,496.43,0.7484,824.34,520.03,0.7670,820.75,545.17,0.7922
22,bottom,0,930.56,566.34,1031.28,832.73,975.07,587.02,0.7143,973.11,583.77,0.5349,973.76,582.47,0.5446,968.56,590.92,0.7177,986.12,587.67,0.7185,959.46,622.79,0.7262,1003.68,611.08,0.7327,937.99,648.16,0.7406,1022.54,616.94,0.7347,938.64,660.51,0.5919,1003.68,617.59,0.5413,984.82,695.63,0.6976,1006.28,693.03,0.7021,978.97,750.91,0.7257,995.23,743.76,0.7201,1008.23,802.94,0.7529,995.23,795.14,0.6864
23,top,1,788.22,357.27,869.62,567.67,824.81,375.15,0.8420,827.89,371.04,0.8521,820.19,371.55,0.8194,834.57,372.58,0.8166,814.54,374.63,0.8845,841.76,386.96,0.7362,808.37,394.15,0.7643,862.82,403.91,0.6908,794.50,422.40,0.8227,851.01,396.21,0.4447,814.54,404.43,0.7162,837.14,450.14,0.6321,818.65,452.20,0.6159,841.25,489.70,0.7124,823.27,496.37,0.7510,824.30,520.00,0.7689,820.70,545.17,0.7936
23,bottom,0,929.21,566.37,1031.74,834.77,975.24,587.21,0.7082,973.92,583.93,0.5333,973.92,582.62,0.5335,968.68,590.49,0.7221,986.37,588.52,0.7248,958.85,621.94,0.7126,1004.07,610.80,0.7291,936.58,644.87,0.7487,1023.07,616.04,0.7436,935.26,657.98,0.6225,1002.76,616.70,0.5578,983.75,695.98,0.7027,1005.38,693.36,0.6986,977.86,751.02,0.7193,994.24,743.82,0.7142,1008.00,802.79,0.7493,995.55,794.93,0.6865
24,top,1,788.37,356.82,869.62,567.74,824.88,374.74,0.8442,827.97,370.62,0.8610,820.24,371.14,0.8303,834.14,372.68,0.8228,814.58,374.23,0.8903,841.87,387.10,0.7336,807.88,393.80,0.7652,862.98,405.12,0.7192,795.01,422.63,0.8199,848.56,394.83,0.4613,814.58,404.09,0.7172,837.23,449.92,0.6330,818.70,451.98,0.6161,841.35,490.09,0.7097,823.33,496.78,0.7534,824.36,519.95,0.7676,820.76,545.18,0.7931
24,bottom,0,924.65,566.14,1030.30,834.92,974.20,587.01,0.6887,972.23,583.73,0.5546,972.89,583.07,0.5040,968.29,590.29,0.7068,986.67,588.32,0.7213,959.76,619.82,0.7175,1003.07,610.63,0.7329,934.17,641.47,0.7103,1022.10,617.19,0.7673,931.55,650.00,0.6602,1001.10,619.16,0.5657,982.07,695.28,0.6982,1004.38,693.31,0.6895,977.48,751.06,0.7327,994.54,743.84,0.7204,1007.01,802.24,0.7488,995.85,794.36,0.7044
25,top,1,788.86,355.43,869.66,568.79,825.09,375.12,0.8529,828.21,370.95,0.8664,820.40,371.47,0.8406,834.46,372.51,0.8279,814.67,374.60,0.8959,841.76,387.10,0.7382,808.42,393.87,0.7716,862.59,404.81,0.7227,794.88,422.00,0.8191,847.49,395.96,0.4608,814.67,404.29,0.7155,837.59,450.65,0.6370,819.36,452.73,0.6186,841.76,490.24,0.7134,823.53,496.49,0.7564,824.57,519.93,0.7764,820.92,544.41,0.7943
25,bottom,0,916.70,565.99,1026.49,835.12,973.56,587.54,0.7116,972.25,584.91,0.5883,972.25,583.60,0.5023,968.96,590.17,0.6912,986.05,588.20,0.6695,959.76,619.08,0.7231,1001.82,610.54,0.7664,932.82,635.51,0.6269,1018.24,619.08,0.7999,927.57,639.45,0.6365,996.56,619.74,0.5680,981.45,693.99,0.7040,1003.13,692.02,0.7076,976.19,751.15,0.7392,993.93,743.27,0.7160,1007.07,801.75,0.7495,995.90,793.86,0.7251
26,top,1,789.02,354.54,869.54,568.83,825.09,374.84,0.8594,828.23,370.66,0.8790,820.39,371.18,0.8521,834.51,371.70,0.8358,814.63,374.84,0.8955,842.36,386.88,0.7453,808.35,393.68,0.7739,862.24,404.66,0.7126,795.27,421.93,0.8182,848.64,397.34,0.4602,814.11,404.66,0.7130,837.65,450.18,0.6330,819.34,452.27,0.6154,841.83,489.94,0.7102,823.52,496.74,0.7573,824.57,520.28,0.7771,820.91,544.35,0.7949
26,bottom,0,912.19,565.83,1023.52,834.89,971.80,587.38,0.7084,970.48,584.75,0.6220,972.45,584.10,0.4968,969.83,590.66,0.7029,987.56,588.69,0.6821,959.32,619.57,0.7274,1000.04,610.37,0.8024,931.73,630.73,0.5818,1013.84,621.54,0.8265,919.25,628.11,0.7090,992.16,619.57,0.5699,980.34,694.45,0.7119,1002.01,692.48,0.7159,975.08,751.60,0.7414,993.47,743.72,0.7522,1005.95,801.52,0.7401,996.10,793.64,0.7172
27,top,1,788.84,354.21,869.01,568.91,824.73,374.55,0.8674,827.88,370.36,0.8814,820.01,370.88,0.8502,834.17,371.93,0.8423,814.77,374.55,0.8980,842.03,386.08,0.7538,807.96,393.42,0.7865,861.95,404.43,0.6802,794.85,422.25,0.8385,854.08,400.76,0.4670,814.25,405.48,0.7293,837.31,450.03,0.6328,819.49,451.60,0.6142,842.55,489.87,0.7162,823.68,496.16,0.7590,825.26,519.74,0.7792,821.06,544.38,0.7986
27,bottom,0,906.58,565.92,1024.15,834.74,971.93,587.45,0.7213,971.27,584.83,0.6267,971.93,584.83,0.5093,969.96,590.08,0.6849,987.68,588.76,0.6726,959.46,618.30,0.7268,1000.81,611.08,0.8096,931.24,626.83,0.7151,1009.99,622.89,0.7884,916.14,618.30,0.7999,990.30,625.52,0.5391,979.15,693.77,0.7109,1000.15,691.14,0.7132,971.93,751.52,0.7621,993.59,743.65,0.7884,1004.09,800.75,0.7549,995.55,794.18,0.7194
28,top,1,788.95,354.37,868.31,568.86,824.44,374.69,0.8708,827.58,370.50,0.8836,820.25,371.02,0.8537,834.39,372.07,0.8497,814.49,374.69,0.9035,842.77,386.21,0.7625,808.21,394.06,0.7913,861.62,405.58,0.6511,794.59,422.86,0.8354,854.29,404.01,0.4639,815.02,406.11,0.7175,837.53,449.05,0.6242,819.73,450.62,0.6030,842.77,489.89,0.7141,824.44,496.18,0.7513,825.49,519.74,0.7725,820.78,544.88,0.7924
28,bottom,0,900.38,566.10,1022.67,836.20,971.42,587.73,0.7218,969.44,584.43,0.6329,972.08,584.43,0.5281,968.78,589.71,0.6879,987.24,589.05,0.7050,958.89,617.41,0.7203,999.11,610.81,0.8387,928.55,622.68,0.7334,1007.68,625.32,0.7880,912.73,610.81,0.8340,988.56,623.34,0.5488,978.01,693.24,0.7234,999.11,691.26,0.7123,968.78,751.27,0.7604,992.52,743.35,0.7925,1002.41,800.07,0.7650,996.47,795.45,0.7134
29,top,1,790.10,356.85,866.40,568.14,824.64,375.32,0.8623,827.73,371.19,0.8729,819.99,371.71,0.8548,834.44,372.74,0.8373,814.84,374.80,0.8914,843.21,387.18,0.7834,808.13,394.92,0.7884,860.74,406.27,0.6878,795.23,423.81,0.8353,854.56,410.40,0.4962,814.32,409.88,0.7024,838.05,450.11,0.6330,818.96,451.66,0.6148,842.69,491.90,0.7257,824.64,495.51,0.7517,825.67,519.75,0.7574,821.03,543.48,0.7912
29,bottom,0,896.30,566.40,1017.39,831.68,969.80,587.64,0.7361,967.21,583.76,0.6199,971.09,583.76,0.5601,967.21,589.59,0.6792,984.69,588.94,0.7318,958.14,618.08,0.7255,997.65,611.61,0.8355,926.41,619.38,0.6771,1006.71,627.15,0.7449,908.27,607.07,0.8634,984.05,629.74,0.5364,975.63,693.86,0.7183,997.65,691.92,0.7216,963.32,753.44,0.7828,991.82,743.73,0.7790,998.94,799.43,0.7870,995.70,796.19,0.7376
30,top,1,789.72,360.41,866.66,567.84,824.65,377.52,0.8660,828.19,373.47,0.8755,820.09,373.98,0.8522,834.27,374.99,0.8299,815.02,377.02,0.8877,844.40,390.69,0.7939,808.44,398.29,0.7861,860.60,410.44,0.7625,795.78,426.14,0.8223,854.02,418.04,0.5136,815.53,410.95,0.7169,838.32,453.49,0.6479,819.08,454.50,0.6304,841.36,494.51,0.7325,824.14,497.04,0.7588,824.65,520.34,0.7670,820.60,543.63,0.7836
30,bottom,0,892.17,566.14,1011.91,835.57,969.14,588.37,0.7429,966.51,585.08,0.5893,970.46,584.42,0.5733,965.85,590.34,0.6769,982.96,589.03,0.7470,956.65,617.97,0.7371,996.77,613.37,0.8346,924.41,619.29,0.6724,1003.35,630.47,0.6756,904.68,606.79,0.8513,978.35,631.78,0.5077,973.75,693.62,0.7308,996.11,692.30,0.7258,957.96,752.82,0.7846,990.19,744.92,0.7849,990.85,796.89,0.7998,996.77,798.21,0.7928
31,top,1,790.33,363.15,864.74,565.01,824.58,380.80,0.8462,827.53,376.36,0.8292,820.14,377.35,0.8353,833.94,378.33,0.7992,814.72,380.80,0.8677,845.77,395.58,0.7883,807.33,403.96,0.7796,859.57,414.80,0.7422,796.00,431.06,0.7926,858.09,423.67,0.5894,811.76,419.24,0.6509,838.87,457.18,0.6465,819.65,458.17,0.6338,837.88,498.08,0.6999,823.10,499.07,0.7395,822.11,523.71,0.7566,819.16,542.93,0.7475
31,bottom,0,888.53,566.99,1007.36,822.46,970.40,588.69,0.8114,967.90,585.57,0.5364,969.78,584.32,0.5922,963.54,590.56,0.6755,982.25,589.31,0.7792,954.18,618.63,0.7485,994.73,614.26,0.8504,921.75,621.75,0.7016,997.84,640.46,0.6237,901.79,609.27,0.8512,968.53,630.48,0.4532,971.02,693.48,0.7185,995.35,692.23,0.7150,953.56,753.36,0.7834,987.86,743.38,0.7874,985.37,797.02,0.8113,996.60,795.77,0.8377
32,top,1,790.38,367.14,865.27,550.85,824.24,384.55,0.8779,827.38,380.06,0.8553,819.75,380.96,0.8187,832.76,381.85,0.7762,813.92,384.55,0.8673,846.21,399.79,0.8013,805.85,407.42,0.7791,858.77,420.43,0.7471,796.43,433.88,0.7012,859.67,430.29,0.7811,805.40,425.81,0.5783,839.04,460.34,0.6515,820.65,460.34,0.6598,836.35,502.06,0.6886,823.79,500.71,0.7568,821.10,525.38,0.7114,813.47,540.18,0.7459
32,bottom,0,885.85,568.27,1006.19,817.81,968.56,589.47,0.8366,966.12,586.42,0.5569,966.73,585.81,0.5951,961.86,591.30,0.6686,980.74,590.69,0.7672,952.11,619.93,0.7521,992.32,616.28,0.8499,919.21,627.24,0.7391,995.37,644.91,0.5522,899.11,616.28,0.8131,961.86,632.72,0.3934,969.78,694.26,0.7167,993.54,693.04,0.7149,949.67,755.18,0.7910,985.62,744.22,0.7989,982.57,802.09,0.8239,996.58,797.22,0.8472
33,top,1,791.11,369.02,864.41,554.16,823.24,386.56,0.8539,825.95,382.49,0.8239,818.72,382.94,0.8099,831.83,384.75,0.7633,812.84,387.01,0.8543,846.74,402.38,0.7875,804.71,410.06,0.7777,858.04,424.98,0.7464,797.02,436.28,0.6742,859.85,439.90,0.7408,806.51,433.57,0.5498,840.87,462.95,0.6295,821.88,462.50,0.6328,837.25,504.98,0.6663,824.59,504.08,0.7275,820.07,527.13,0.6484,806.97,540.24,0.7206
33,bottom,0,886.00,570.03,1004.55,838.91,964.31,592.21,0.8044,962.34,588.28,0.6197,964.97,588.28,0.6120,960.37,594.18,0.6731,977.44,592.87,0.7860,951.18,622.41,0.7983,990.57,619.13,0.8736,917.05,634.88,0.7836,993.20,648.67,0.6009,896.70,623.07,0.8461,962.34,649.33,0.4625,968.25,695.93,0.7697,991.88,694.62,0.7632,946.59,757.64,0.8076,982.69,743.20,0.8206,976.13,806.87,0.8191,995.82,797.68,0.8544
34,top,1,792.26,368.24,866.05,563.46,822.48,387.69,0.8296,824.87,382.92,0.8258,817.72,384.35,0.8389,830.59,385.30,0.8247,811.52,388.16,0.8545,846.31,403.41,0.7632,803.90,412.47,0.7737,857.75,427.24,0.7241,797.22,436.30,0.6629,862.04,448.22,0.6895,801.99,441.07,0.5094,842.50,462.04,0.6136,823.91,462.04,0.6043,842.50,503.50,0.6671,823.44,503.98,0.7083,822.48,523.52,0.6868,802.47,542.11,0.6941
34,bottom,0,883.80,574.25,1003.79,846.09,961.05,594.69,0.7794,959.06,591.37,0.6556,962.38,590.71,0.6117,957.73,596.68,0.6925,974.33,596.02,0.7783,948.44,626.55,0.7763,987.60,621.90,0.8602,915.26,643.80,0.7715,990.25,651.77,0.5977,895.35,633.85,0.8233,960.39,655.75,0.4543,967.69,700.88,0.7722,990.25,698.89,0.7626,943.80,760.61,0.7928,979.63,744.01,0.8183,967.69,813.70,0.8359,994.23,795.78,0.8407
35,top,1,792.41,372.29,870.82,563.80,822.26,388.10,0.7943,824.60,383.89,0.8007,817.59,384.83,0.8243,830.21,386.23,0.7963,811.51,388.57,0.8189,846.58,404.46,0.7264,804.03,414.28,0.7430,859.67,428.77,0.7040,798.89,439.06,0.6011,865.28,451.68,0.7020,801.69,445.61,0.3512,844.24,464.31,0.5833,823.67,465.24,0.5685,852.19,505.92,0.7031,819.93,507.79,0.6894,827.41,518.54,0.6767,800.76,543.32,0.7545
35,bottom,0,881.46,578.64,1004.91,849.78,957.75,599.69,0.7924,956.42,595.72,0.6866,959.73,595.72,0.6090,953.78,601.68,0.7066,971.65,601.01,0.7833,945.83,631.46,0.7868,984.89,626.83,0.8462,916.04,653.31,0.7257,984.23,655.29,0.5517,895.52,648.01,0.7512,955.10,659.27,0.4404,967.02,705.60,0.7814,988.86,703.62,0.7728,943.18,764.52,0.7981,977.61,745.32,0.8068,959.73,821.44,0.8560,992.83,794.97,0.8255
36,top,1,792.49,373.37,874.71,564.24,821.95,390.05,0.8048,824.74,385.86,0.8239,817.75,386.79,0.8437,830.80,388.19,0.8352,811.70,390.98,0.8327,847.58,405.90,0.7237,803.77,415.22,0.7702,863.42,428.26,0.7250,799.11,439.45,0.6192,869.01,451.56,0.7121,802.84,446.90,0.4287,845.25,466.48,0.6188,822.41,467.87,0.6021,860.63,508.42,0.7176,814.49,511.21,0.6899,834.06,516.80,0.6762,800.05,543.37,0.7368
36,bottom,0,882.16,584.38,1004.98,856.44,955.53,605.50,0.7892,954.86,602.18,0.6833,956.86,601.52,0.5970,950.21,607.49,0.7342,968.15,606.83,0.7292,942.24,638.05,0.7720,982.76,632.73,0.8446,916.34,664.62,0.7209,980.77,663.29,0.5289,895.09,665.94,0.5733,954.20,667.27,0.4250,966.15,710.45,0.7667,988.07,709.78,0.7663,942.24,768.90,0.7966,974.13,746.31,0.7993,949.55,829.34,0.8538,992.06,794.13,0.8347
37,top,0,793.08,375.08,879.84,563.71,824.03,390.65,0.8236,827.25,386.50,0.8198,819.42,387.42,0.8510,832.78,388.81,0.7999,813.44,392.49,0.8518,850.28,406.77,0.7082,805.61,415.98,0.7797,870.08,427.95,0.7660,801.00,439.93,0.6335,874.23,451.44,0.7643,805.61,452.36,0.5123,848.44,466.18,0.6155,823.11,468.02,0.6039,868.24,507.62,0.7348,810.67,510.39,0.6638,843.83,518.68,0.7136,799.62,543.54,0.7405
37,bottom,1,895.06,592.43,1004.50,859.23,951.74,612.49,0.7805,952.39,608.58,0.5994,951.74,607.93,0.5483,947.18,613.79,0.6734,962.16,614.45,0.6998,937.41,646.36,0.7824,979.74,640.50,0.7873,916.56,676.98,0.7099,984.96,674.37,0.5333,897.02,680.89,0.6342,959.55,682.19,0.3840,965.41,718.01,0.7166,987.56,716.06,0.7533,940.01,776.64,0.7630,970.63,747.98,0.7053,942.62,836.56,0.8000,991.47,794.23,0.8283
38,top,1,792.79,374.86,888.29,563.03,827.68,390.38,0.8313,830.43,386.25,0.8166,822.62,387.63,0.8494,835.94,388.55,0.8013,816.65,392.68,0.8673,853.40,406.00,0.6906,809.30,415.19,0.7767,876.83,423.00,0.7740,803.79,439.54,0.6443,879.59,442.76,0.7540,805.16,451.48,0.5896,851.10,463.43,0.6137,824.46,466.18,0.6106,873.16,504.77,0.7420,810.68,508.45,0.6522,854.32,522.23,0.7366,799.65,542.91,0.7575
38,bottom,0,871.91,599.64,1004.52,861.95,946.54,620.65,0.7732,946.54,616.16,0.6454,947.18,616.16,0.5669,942.06,622.57,0.7306,959.35,621.93,0.7073,934.37,653.95,0.7822,976.64,646.90,0.8120,917.72,687.89,0.7162,985.61,684.69,0.5949,895.31,696.21,0.6604,960.63,693.65,0.3760,964.47,726.31,0.7404,985.61,723.11,0.7548,935.66,780.11,0.7908,968.96,749.37,0.6721,942.06,840.31,0.8347,990.09,794.20,0.8100
39,top,1,792.73,373.94,895.13,563.32,831.45,390.03,0.8189,834.22,385.87,0.8023,826.36,387.72,0.8283,840.23,387.72,0.7965,820.81,392.81,0.8510,857.80,404.36,0.6689,812.95,415.46,0.7823,885.08,416.39,0.7961,806.02,436.27,0.6412,885.54,435.34,0.7289,802.78,449.68,0.6599,854.56,461.70,0.6412,827.28,464.93,0.6244,877.68,503.31,0.7063,813.88,507.93,0.6707,867.05,531.51,0.7847,800.47,543.53,0.7663
39,bottom,0,887.40,604.32,1004.61,861.47,942.87,624.92,0.7806,942.87,620.52,0.5822,942.24,620.52,0.5496,939.10,627.43,0.6788,954.80,626.17,0.7428,932.20,660.07,0.8130,974.26,651.28,0.7821,917.76,699.62,0.7720,983.67,687.69,0.5619,898.30,712.81,0.7576,957.93,700.88,0.3466,964.21,730.38,0.7031,986.19,727.24,0.7608,931.57,782.49,0.7932,967.98,752.98,0.6521,942.87,840.87,0.8188,991.21,796.30,0.8247
40,top,1,791.94,372.88,901.54,566.16,836.36,389.77,0.8108,839.19,385.52,0.7998,831.64,387.41,0.8264,845.32,386.94,0.7904,826.45,392.13,0.8149,862.31,402.98,0.6622,818.90,413.84,0.7806,892.98,408.65,0.7995,808.52,434.13,0.6779,890.15,427.05,0.7680,801.91,446.87,0.6875,857.59,460.55,0.6567,830.69,462.91,0.6260,881.66,501.61,0.7363,817.01,506.80,0.7176,880.24,538.42,0.8128,800.97,544.55,0.7771
40,bottom,0,892.26,605.94,1005.56,861.22,940.19,626.38,0.7876,940.19,622.64,0.5923,938.94,621.39,0.5773,937.07,629.50,0.6697,952.65,627.00,0.7161,931.46,660.66,0.7949,971.97,651.31,0.7618,923.36,701.17,0.7872,980.08,686.84,0.5523,903.41,724.85,0.7705,959.51,705.53,0.3831,964.49,730.46,0.6743,987.55,726.72,0.7401,930.22,781.57,0.7711,969.48,753.52,0.6534,942.68,840.16,0.8053,991.92,797.15,0.8093
41,top,1,792.07,373.75,911.38,567.34,842.74,388.78,0.8023,845.11,384.53,0.8095,837.54,385.94,0.8348,851.25,385.94,0.7898,831.87,391.14,0.8276,866.85,401.54,0.6301,824.31,412.88,0.7577,899.93,400.59,0.7438,812.02,432.73,0.6822,900.40,415.72,0.7370,802.10,445.02,0.6716,863.06,460.15,0.6479,834.71,462.04,0.6192,885.28,503.15,0.7263,818.64,507.88,0.6931,892.37,546.64,0.8170,802.57,544.27,0.7702
41,bottom,0,899.53,604.78,1005.94,861.36,938.33,625.32,0.7607,936.45,621.56,0.5674,938.33,620.31,0.5631,933.94,628.46,0.6588,951.48,625.95,0.7187,931.44,659.15,0.7871,970.90,649.13,0.7806,928.93,699.24,0.7975,980.92,684.21,0.5711,911.39,729.94,0.7380,960.25,706.76,0.3915,964.64,729.31,0.6600,987.81,724.30,0.7133,932.69,780.05,0.7572,972.15,754.37,0.6680,942.09,838.94,0.8013,992.20,796.97,0.8015
42,top,1,792.97,373.19,930.82,569.61,848.94,388.44,0.8208,851.82,383.64,0.7942,844.15,385.56,0.8281,858.53,385.56,0.8027,838.39,390.83,0.8098,873.40,399.95,0.6541,830.72,412.89,0.7563,903.13,398.99,0.5128,813.94,431.60,0.6885,911.76,400.91,0.5638,800.99,444.54,0.6877,867.65,461.33,0.6748,840.79,461.81,0.6548,887.79,503.53,0.7383,822.09,505.93,0.6978,898.34,550.05,0.8087,804.34,543.81,0.8053
42,bottom,0,907.61,602.18,1005.78,860.92,936.48,622.90,0.7779,935.22,618.48,0.6104,937.11,617.85,0.5703,933.32,625.43,0.6654,949.74,623.53,0.7107,931.43,657.64,0.8001,969.96,646.91,0.7720,932.06,698.70,0.7908,980.70,682.28,0.5689,918.16,732.82,0.7290,960.48,706.92,0.4032,967.43,725.87,0.6517,990.80,722.08,0.7099,935.85,777.67,0.7592,976.28,753.66,0.6860,942.80,837.68,0.7951,993.33,797.25,0.8026
43,top,1,787.67,372.63,935.25,572.74,856.08,388.65,0.8235,858.53,384.25,0.8043,851.20,385.72,0.8131,864.88,386.21,0.7769,845.34,391.09,0.8430,879.53,401.35,0.7021,838.01,413.08,0.7382,902.50,397.45,0.7139,818.95,430.67,0.7364,921.06,389.14,0.6796,799.90,443.37,0.7560,874.65,462.42,0.6844,846.80,462.42,0.6666,890.28,504.93,0.7520,827.26,504.44,0.7346,900.05,551.83,0.8205,805.27,543.52,0.8300
43,bottom,0,911.97,600.78,1006.21,858.97,935.14,620.83,0.7573,934.51,616.41,0.6432,936.40,615.78,0.5427,933.24,623.35,0.6822,948.37,622.09,0.6890,930.72,656.12,0.8071,969.80,644.78,0.7609,934.51,697.73,0.7921,983.04,680.71,0.5747,922.53,732.40,0.7375,962.24,705.92,0.4111,970.44,724.20,0.6582,993.76,719.79,0.7264,937.66,775.89,0.7556,979.89,751.31,0.6897,942.70,837.03,0.7899,993.76,797.95,0.7981
44,top,1,793.76,358.53,937.71,573.07,863.12,388.28,0.8874,865.74,384.09,0.8854,858.40,385.14,0.8712,872.02,386.71,0.8535,853.17,389.85,0.8528,885.64,402.42,0.7366,844.79,412.37,0.7437,908.69,396.66,0.8438,823.83,429.13,0.7320,924.93,385.66,0.8774,800.79,441.71,0.7605,881.45,464.23,0.6924,854.21,464.23,0.6778,894.02,505.08,0.7775,832.74,505.08,0.7605,900.31,552.75,0.9108,808.64,542.80,0.8690
44,bottom,0,913.54,601.00,1007.10,858.57,936.42,621.62,0.7846,935.16,617.22,0.6320,937.68,616.59,0.5417,932.65,624.14,0.7090,949.63,622.88,0.7127,930.76,656.21,0.8149,969.75,644.89,0.7636,935.79,696.45,0.8002,983.58,679.47,0.5726,924.47,731.67,0.7473,962.83,701.48,0.4109,972.89,722.24,0.6608,996.16,717.83,0.7352,938.94,774.43,0.7528,982.96,751.16,0.7202,945.85,835.43,0.7740,994.27,797.70,0.7921
45,top,1,795.66,368.58,937.88,572.58,869.26,386.41,0.8454,872.25,382.42,0.8239,864.28,383.42,0.8057,877.73,385.91,0.8537,858.30,388.90,0.8364,891.17,403.34,0.7421,849.84,412.30,0.7461,915.58,401.35,0.8275,828.42,428.24,0.7405,927.03,389.39,0.9203,805.01,440.20,0.7415,887.69,463.11,0.6647,860.29,463.60,0.6619,897.15,506.44,0.7638,838.38,504.94,0.7388,901.13,553.25,0.8717,813.98,543.29,0.8354
45,bottom,0,913.32,603.79,1009.46,857.12,937.27,624.70,0.8044,936.03,620.37,0.6265,937.27,619.75,0.5359,932.94,627.17,0.7127,950.26,625.94,0.7283,930.47,659.33,0.8193,970.67,646.96,0.7610,935.41,700.15,0.8028,983.65,680.98,0.5590,923.66,733.55,0.7395,963.25,700.77,0.4011,975.61,723.04,0.6621,999.12,718.09,0.7348,939.74,775.61,0.7542,984.27,750.87,0.7132,949.64,834.98,0.7801,994.17,797.87,0.7918
46,top,1,802.13,366.99,940.79,572.44,873.97,383.94,0.8649,876.98,379.93,0.8414,869.45,380.93,0.8496,883.50,383.44,0.8654,863.43,386.45,0.8287,899.55,403.00,0.7822,854.91,410.53,0.7465,925.63,406.01,0.7684,834.84,427.08,0.7308,928.64,393.98,0.8054,811.77,439.12,0.7420,892.53,462.69,0.6478,865.94,462.69,0.6515,899.05,506.33,0.7647,844.37,504.32,0.7375,901.05,552.98,0.8632,823.81,542.44,0.8192
46,bottom,0,912.70,608.67,1011.42,857.88,938.34,629.84,0.8090,937.12,625.58,0.6314,937.73,624.97,0.5331,934.08,632.27,0.6924,951.72,631.06,0.7269,931.64,663.91,0.8011,971.19,650.53,0.7428,935.29,704.07,0.8067,983.97,683.99,0.5373,921.91,736.31,0.7356,966.32,706.50,0.3804,976.67,725.97,0.6484,1000.39,721.10,0.7201,938.94,776.47,0.7527,982.75,751.52,0.6775,950.50,835.49,0.7815,993.09,797.76,0.7761
47,top,1,796.91,365.23,945.16,573.46,878.66,381.40,0.8402,882.22,377.33,0.8253,874.60,377.84,0.8230,888.83,380.89,0.8354,869.00,383.43,0.8531,905.10,401.73,0.7699,859.85,407.83,0.7501,935.09,411.39,0.7212,839.52,426.64,0.7265,928.48,401.73,0.6766,817.15,441.39,0.6747,897.47,462.74,0.6546,870.53,462.23,0.6323,901.03,506.46,0.7577,851.21,503.91,0.7244,901.03,552.72,0.8476,836.47,543.06,0.8001
47,bottom,0,909.34,614.00,1012.07,858.70,938.60,633.59,0.7395,938.00,629.41,0.6050,938.00,628.82,0.5261,937.40,636.58,0.6383,952.34,635.39,0.6673,933.82,670.04,0.7574,974.44,655.70,0.7196,933.82,710.06,0.7525,992.96,689.15,0.5792,920.68,739.93,0.7309,973.85,714.84,0.3209,977.43,729.18,0.6339,1001.33,725.00,0.7083,933.82,775.78,0.7553,979.22,755.47,0.6494,946.37,830.74,0.7514,991.77,797.28,0.7598
48,top,1,823.76,361.43,949.71,572.46,884.67,378.33,0.8677,887.76,373.69,0.8572,880.04,374.72,0.8319,893.95,377.81,0.8394,874.37,379.87,0.8704,909.92,399.97,0.7319,865.10,404.09,0.7697,931.04,413.36,0.6582,849.12,424.70,0.7591,939.80,421.09,0.6730,832.12,440.15,0.7455,900.13,459.22,0.6117,874.37,458.19,0.6296,902.19,505.59,0.7379,858.40,502.50,0.7196,901.68,552.47,0.8069,854.28,541.14,0.8174
48,bottom,0,909.17,617.67,1015.88,855.55,943.36,637.30,0.7501,942.78,633.81,0.5610,942.78,633.23,0.5321,939.30,640.78,0.6193,954.98,639.04,0.6595,935.81,672.72,0.7558,977.63,659.36,0.7179,932.91,713.37,0.7425,1002.02,695.95,0.7362,920.13,741.83,0.7626,1007.83,727.89,0.6578,978.79,733.12,0.6389,1001.44,729.06,0.7212,927.68,771.45,0.7704,975.31,756.93,0.6401,942.20,824.30,0.7455,992.15,798.75,0.7666
49,top,1,828.77,359.46,949.34,573.75,889.58,375.58,0.8422,893.24,371.91,0.8424,885.40,371.91,0.8215,899.52,376.10,0.8535,879.64,376.62,0.8337,913.65,399.64,0.7459,869.18,401.21,0.7873,935.10,417.95,0.7755,855.58,424.23,0.7883,942.95,433.12,0.7458,840.40,443.06,0.7433,902.66,458.76,0.5960,877.55,457.71,0.6166,902.66,505.32,0.7282,866.56,500.61,0.7096,901.61,550.84,0.8015,871.79,539.85,0.7876
49,bottom,0,912.98,619.22,1022.56,846.49,945.58,639.64,0.7191,945.58,636.31,0.5765,945.58,635.76,0.4868,942.25,643.52,0.6424,957.78,641.86,0.6500,936.70,674.60,0.7874,980.53,661.83,0.7093,932.26,715.10,0.7252,1007.16,695.68,0.7910,922.27,740.07,0.7786,1014.38,729.53,0.7705,978.87,737.29,0.6229,1002.73,733.41,0.7119,924.49,765.04,0.7448,974.43,757.82,0.6419,940.03,818.30,0.7902,991.63,798.33,0.7701
50,top,1,845.48,359.37,953.57,573.74,893.77,374.97,0.8476,897.43,370.78,0.8489,889.58,370.78,0.8228,903.71,374.97,0.8371,883.30,375.49,0.8541,917.32,399.57,0.7619,873.36,400.09,0.7962,935.64,423.12,0.7738,861.84,425.21,0.7745,946.63,448.24,0.7436,851.90,445.62,0.7195,905.28,458.18,0.5850,881.21,456.61,0.6028,903.71,504.76,0.7363,873.36,501.10,0.7339,902.67,549.77,0.7920,888.01,534.59,0.7638
50,bottom,0,917.10,619.25,1031.17,845.62,948.16,639.58,0.7493,948.16,635.72,0.5630,948.16,635.16,0.4498,942.08,642.35,0.6871,960.32,641.24,0.6439,934.90,673.85,0.8208,981.32,662.24,0.7244,931.03,715.85,0.6750,1009.51,696.51,0.7854,928.26,739.06,0.6416,1019.45,728.56,0.7622,975.24,738.51,0.6449,999.56,734.64,0.6967,924.95,762.83,0.7327,980.21,760.62,0.6695,938.76,819.75,0.8248,992.93,799.31,0.7668
51,top,1,859.80,357.57,956.53,573.56,899.20,373.81,0.8756,902.36,370.12,0.9039,894.98,370.12,0.9007,908.16,374.34,0.9169,889.18,374.87,0.8927,920.82,399.65,0.8053,878.63,397.54,0.8329,936.11,428.13,0.7693,868.62,424.96,0.7532,948.24,455.02,0.7275,864.40,448.16,0.7139,907.64,458.18,0.6129,885.49,456.60,0.6325,905.00,505.11,0.7699,880.74,499.84,0.7297,902.89,550.99,0.7867,900.25,528.31,0.7100
51,bottom,0,919.39,617.15,1033.80,844.75,952.14,637.60,0.8260,951.59,635.37,0.5495,952.70,635.37,0.4505,943.25,642.04,0.7138,962.15,640.37,0.6533,933.81,671.49,0.8784,983.26,661.49,0.7686,928.81,713.17,0.7523,1010.49,697.05,0.7913,933.81,722.06,0.5577,1022.16,726.50,0.7746,971.04,737.06,0.6604,996.60,734.84,0.7204,927.69,765.40,0.7747,989.93,764.29,0.7056,942.70,824.30,0.8400,991.04,799.85,0.7628
52,top,1,869.54,357.89,957.24,572.85,903.95,374.05,0.8759,907.62,370.91,0.8824,899.75,370.91,0.8921,912.87,374.58,0.8884,893.97,374.58,0.8860,925.46,401.34,0.8141,881.90,397.15,0.8481,937.53,431.26,0.7280,875.08,426.01,0.7838,948.03,461.17,0.6459,875.08,449.63,0.7260,910.77,458.55,0.6061,889.78,457.50,0.6203,907.09,504.73,0.7358,890.30,505.78,0.7500,902.37,548.82,0.7931,911.29,529.40,0.7543
52,bottom,0,921.07,614.99,1038.72,846.48,956.73,636.35,0.8055,956.73,633.52,0.5411,958.99,632.96,0.4818,947.68,640.31,0.6902,966.90,638.61,0.6702,936.38,669.13,0.8582,989.51,661.78,0.7972,929.03,710.39,0.8451,1009.85,698.52,0.7838,948.81,713.21,0.5872,1025.11,725.08,0.7987,965.20,735.25,0.6564,993.46,732.99,0.7053,934.12,770.29,0.7787,994.59,769.73,0.6713,945.42,826.24,0.8526,995.16,805.33,0.6980
53,top,1,877.38,358.24,954.13,569.77,907.50,375.18,0.8588,911.11,371.57,0.8726,903.36,371.57,0.8714,916.79,375.70,0.9204,897.68,375.18,0.8627,928.15,401.52,0.8210,886.32,397.39,0.8560,936.93,431.47,0.7861,881.16,426.82,0.7685,947.26,459.87,0.7364,884.26,451.10,0.7036,914.21,460.39,0.6255,894.58,459.36,0.6353,910.59,505.84,0.7427,898.20,508.42,0.7439,902.33,549.73,0.8613,919.37,533.21,0.7631
53,bottom,0,922.15,612.83,1042.21,845.41,962.31,635.43,0.7887,961.17,632.59,0.5266,965.15,632.02,0.4987,953.22,640.54,0.6751,973.10,637.70,0.7293,940.73,667.80,0.8409,992.40,662.68,0.7990,930.51,706.41,0.8040,1009.44,700.73,0.7687,949.25,706.41,0.4921,1028.18,724.58,0.7903,962.88,734.80,0.6576,992.97,733.66,0.6750,939.03,772.28,0.7711,995.24,769.44,0.7104,945.27,827.92,0.8611,997.51,811.46,0.7235
54,top,1,880.68,358.30,951.50,571.55,910.88,375.90,0.8866,915.05,372.26,0.9207,907.24,372.26,0.8738,919.73,376.42,0.8625,900.99,375.38,0.8974,931.71,402.45,0.8148,889.02,398.81,0.8448,938.48,432.65,0.7770,885.37,426.92,0.7711,946.81,459.72,0.7095,889.54,447.75,0.7480,919.21,458.68,0.6175,899.95,457.64,0.6285,913.49,505.02,0.7246,905.16,505.02,0.7141,903.07,549.79,0.8556,925.46,534.17,0.7954
54,bottom,0,923.13,610.29,1045.59,844.45,967.78,633.61,0.7952,966.64,630.18,0.5046,971.21,630.18,0.5156,959.21,638.76,0.6580,978.07,635.90,0.7467,946.63,665.05,0.8355,996.94,662.20,0.8123,934.05,703.36,0.7870,1007.23,701.07,0.7712,953.49,702.79,0.4799,1030.10,724.51,0.7883,963.21,731.37,0.6692,992.94,730.80,0.6583,945.49,773.67,0.7876,998.65,769.67,0.7505,945.49,827.41,0.8779,997.51,817.12,0.7961
55,top,1,884.43,359.95,948.70,570.72,913.99,377.86,0.8791,917.59,373.74,0.8978,910.39,373.74,0.8613,922.74,377.34,0.8146,903.70,376.31,0.8673,935.09,403.07,0.7936,891.87,399.98,0.8379,939.72,432.92,0.7348,888.78,428.80,0.7555,945.90,458.64,0.6418,893.41,447.84,0.7383,924.28,457.10,0.6204,905.24,457.10,0.6307,917.08,503.93,0.6950,910.91,503.93,0.6896,904.73,548.69,0.8523,930.46,534.80,0.8321
55,bottom,0,924.05,609.66,1049.06,846.12,976.16,631.48,0.7137,975.59,627.44,0.4568,978.47,627.44,0.5227,966.35,635.52,0.5968,984.25,633.21,0.7056,953.07,662.65,0.8137,1001.56,662.65,0.7882,939.22,700.18,0.7756,1008.49,701.91,0.7733,953.65,703.64,0.4577,1032.16,724.42,0.7735,964.62,731.35,0.6749,994.06,730.19,0.6416,953.07,775.80,0.7923,1002.72,771.18,0.7682,946.14,827.18,0.8745,998.10,823.72,0.8083
56,top,1,886.74,360.74,950.07,570.58,916.36,378.06,0.8677,919.94,373.96,0.8869,912.26,373.96,0.8491,925.07,377.03,0.8350,906.11,377.03,0.8573,938.90,402.65,0.7790,894.33,401.11,0.8408,941.97,432.36,0.7118,892.28,429.80,0.7625,945.05,456.95,0.5811,896.38,448.75,0.6716,929.68,457.46,0.6332,909.70,457.98,0.6454,920.46,503.57,0.6944,916.87,503.57,0.6886,907.14,548.14,0.8305,932.75,535.85,0.8079
56,bottom,0,929.83,610.13,1052.68,854.26,982.32,632.06,0.7399,982.91,628.49,0.4667,984.10,628.49,0.5294,973.37,635.04,0.5934,990.66,633.85,0.6935,959.07,663.06,0.8094,1005.56,664.25,0.7888,944.77,700.61,0.8027,1009.14,703.59,0.7845,963.84,705.97,0.5237,1034.17,726.24,0.7885,965.03,731.00,0.7158,994.24,730.41,0.6347,959.67,777.50,0.8116,1009.14,774.52,0.7844,945.96,829.35,0.8632,999.60,831.73,0.8117
57,top,1,888.95,361.70,953.63,565.86,919.29,378.55,0.8578,923.28,374.56,0.8560,915.30,374.06,0.8346,928.26,377.55,0.8150,909.32,377.05,0.8459,942.72,401.48,0.7870,897.36,400.98,0.8419,946.70,430.39,0.7071,894.37,429.89,0.7882,948.70,455.81,0.5693,897.86,451.32,0.7201,933.25,458.30,0.6177,913.31,458.80,0.6263,924.77,502.66,0.7085,920.79,502.16,0.6809,912.31,546.52,0.8125,933.75,536.05,0.7939
57,bottom,0,938.66,614.90,1054.16,859.52,988.65,635.08,0.7365,990.44,631.50,0.4771,990.44,631.50,0.5285,979.69,638.07,0.5724,995.81,637.47,0.6570,965.35,664.35,0.7960,1008.35,669.12,0.7783,949.83,701.97,0.8040,1010.15,709.74,0.7817,972.52,706.75,0.5218,1036.42,730.04,0.7639,964.76,735.42,0.7084,992.23,736.02,0.6263,965.35,778.42,0.8010,1016.12,780.81,0.7598,948.03,833.96,0.8138,1004.17,838.14,0.7814
58,top,1,891.09,360.85,958.08,566.29,922.57,377.31,0.8836,926.59,373.79,0.8689,918.56,373.29,0.8512,931.60,376.80,0.8218,912.54,376.30,0.8438,946.15,400.38,0.7781,900.51,400.38,0.8252,951.16,427.46,0.7055,896.49,428.46,0.8013,955.18,452.04,0.5717,897.50,452.04,0.7798,938.12,457.55,0.6297,917.56,458.56,0.6343,930.60,499.18,0.7078,922.07,501.19,0.6819,919.06,545.83,0.7709,934.11,536.30,0.7704
58,bottom,0,938.16,619.75,1058.08,876.05,996.25,640.90,0.7379,999.38,637.77,0.4824,998.12,637.77,0.5358,987.49,644.03,0.6319,1002.50,644.03,0.6581,971.84,669.68,0.8080,1012.52,676.57,0.8044,954.95,704.72,0.8129,1010.64,717.86,0.8193,978.10,707.85,0.5210,1038.80,737.26,0.7595,965.59,742.27,0.7155,992.49,744.77,0.6739,971.22,782.94,0.7969,1023.15,792.33,0.7785,949.94,835.50,0.8203,1011.26,847.39,0.7762
59,top,1,892.95,359.45,964.81,566.31,927.36,376.02,0.8727,930.90,371.98,0.8727,923.32,371.98,0.8355,935.44,375.51,0.8404,916.76,375.01,0.8403,950.09,398.74,0.7837,904.64,399.25,0.8184,956.15,424.50,0.7050,899.08,427.53,0.8028,960.70,443.69,0.6326,897.57,454.30,0.7799,941.00,456.32,0.6288,921.30,457.83,0.6343,935.44,497.73,0.7229,923.32,501.26,0.7053,928.37,544.70,0.7548,934.94,535.61,0.7442
59,bottom,0,935.33,627.16,1062.25,886.26,1004.48,647.28,0.7208,1008.28,644.11,0.5167,1006.38,644.75,0.5546,993.73,651.07,0.6414,1007.64,651.70,0.6329,978.55,675.11,0.7878,1015.24,685.23,0.7829,960.20,709.90,0.7501,1010.17,727.61,0.7985,984.24,721.92,0.4890,1040.54,744.69,0.7521,969.06,749.12,0.7451,992.46,752.28,0.6948,975.38,790.24,0.7392,1029.15,805.42,0.7754,946.92,842.11,0.7938,1018.40,860.45,0.7711
60,top,1,893.84,356.82,972.11,566.90,931.44,374.66,0.8899,935.03,370.56,0.8763,927.34,370.56,0.8479,940.16,374.15,0.8504,920.67,374.15,0.8851,954.01,396.72,0.8029,907.85,397.23,0.8276,960.67,422.36,0.7397,902.20,425.95,0.8007,967.85,443.90,0.7145,899.13,453.65,0.7587,945.29,455.70,0.6064,923.75,456.73,0.6142,942.21,499.30,0.7171,925.80,499.30,0.7181,940.16,542.38,0.7878,932.98,535.20,0.8156
60,bottom,0,934.95,635.49,1065.84,895.92,1013.75,654.44,0.6493,1015.65,651.26,0.4949,1015.02,651.26,0.5276,1001.03,658.89,0.6035,1012.47,659.53,0.5858,986.41,681.78,0.7831,1017.56,695.77,0.7679,966.70,713.57,0.7430,1010.57,737.09,0.7752,993.40,719.93,0.4879,1042.99,751.08,0.7614,974.33,759.35,0.7192,997.22,762.53,0.7186,979.41,796.86,0.7263,1032.18,816.57,0.7922,948.89,844.54,0.8049,1027.10,875.06,0.7893
61,top,1,896.23,356.22,981.02,561.45,936.12,373.66,0.8884,939.63,369.65,0.8814,931.61,369.65,0.8647,944.64,373.16,0.8294,925.10,373.16,0.8805,958.17,395.70,0.8088,912.07,395.70,0.8281,965.68,421.76,0.7638,904.55,424.26,0.7778,974.70,445.81,0.7139,900.55,451.82,0.7268,949.65,456.33,0.5917,926.60,456.83,0.5899,950.65,498.92,0.7372,928.10,499.92,0.7352,950.65,541.01,0.8201,933.62,537.50,0.8050
61,bottom,0,934.99,641.46,1071.02,907.12,1028.95,660.79,0.6890,1028.30,658.19,0.5326,1027.00,658.19,0.6537,1008.84,665.98,0.5946,1021.17,667.27,0.6262,994.58,686.73,0.7814,1025.71,702.30,0.7776,975.12,714.62,0.7311,1013.38,741.86,0.7559,1000.41,713.97,0.4686,1047.76,756.13,0.7616,981.60,763.91,0.7358,1001.06,767.80,0.7555,982.90,800.23,0.7302,1036.08,824.23,0.8213,947.88,845.63,0.7902,1032.19,887.14,0.8068
62,top,1,899.11,355.40,989.45,561.79,940.75,372.94,0.8823,944.28,368.91,0.8799,936.22,368.91,0.8701,949.32,372.43,0.8557,929.67,372.43,0.8815,961.92,395.11,0.8021,916.07,394.61,0.8293,970.99,422.32,0.7644,908.00,422.82,0.7818,981.06,447.51,0.7180,903.47,451.04,0.7818,953.86,453.05,0.5983,929.67,454.06,0.5953,959.40,496.89,0.7539,929.67,497.90,0.7489,963.43,539.72,0.8393,934.71,537.20,0.8307
62,bottom,0,935.75,644.24,1082.10,914.87,1040.64,665.25,0.7911,1039.32,662.61,0.6155,1036.67,662.61,0.7518,1018.83,670.54,0.5631,1030.07,672.52,0.6519,1008.26,691.02,0.7870,1031.39,707.54,0.7917,985.80,714.81,0.7514,1018.83,746.52,0.7780,1019.49,718.77,0.5037,1055.83,758.41,0.7954,991.74,767.00,0.7642,1008.92,771.63,0.7781,984.48,804.00,0.7673,1041.96,828.45,0.8434,948.80,844.97,0.8121,1032.05,893.86,0.8388
63,top,1,901.99,355.38,994.71,561.71,945.33,372.91,0.8865,948.85,368.88,0.8957,941.30,368.88,0.8607,954.39,373.42,0.8485,934.24,372.91,0.8746,966.48,396.08,0.7983,920.14,394.07,0.8208,975.55,422.78,0.7497,911.07,421.27,0.7630,986.13,450.49,0.7206,907.55,448.47,0.7422,957.92,450.49,0.5847,932.23,450.99,0.5778,966.99,496.32,0.7410,931.73,497.33,0.7401,975.55,538.64,0.8218,934.24,538.13,0.8327
63,bottom,0,941.88,649.12,1092.36,918.42,1049.34,669.37,0.7940,1048.02,666.74,0.6271,1045.39,666.74,0.7189,1028.30,673.97,0.5157,1036.19,675.94,0.6443,1019.09,694.35,0.7846,1038.82,710.13,0.7873,999.37,717.36,0.7711,1026.33,750.24,0.7275,1040.13,712.10,0.5224,1067.09,756.81,0.7774,1000.68,773.25,0.7402,1019.09,777.20,0.7437,984.25,810.07,0.7416,1052.62,832.42,0.8313,954.66,845.57,0.7992,1035.53,896.86,0.7945
64,top,1,907.52,355.79,1004.65,560.85,950.58,373.21,0.8855,954.08,369.70,0.9136,946.57,369.70,0.8969,958.59,373.21,0.8675,939.56,373.21,0.9038,971.11,396.24,0.7981,925.05,394.24,0.8325,980.12,423.77,0.7541,915.53,420.27,0.7452,991.63,451.81,0.7235,913.53,444.30,0.7081,962.09,450.81,0.6047,935.56,451.31,0.6006,974.61,496.37,0.7462,933.06,495.87,0.7387,985.62,537.92,0.8553,934.06,537.92,0.8417
64,bottom,0,950.56,650.12,1099.01,918.61,1059.53,672.28,0.7788,1058.22,669.66,0.6048,1054.94,669.66,0.6817,1043.80,676.87,0.4638,1045.11,678.18,0.6145,1028.72,699.81,0.7533,1045.76,711.61,0.7766,1014.95,719.47,0.5320,1032.00,750.94,0.7235,1056.25,698.50,0.3672,1072.64,752.91,0.7411,1011.68,775.19,0.7089,1028.72,779.12,0.7289,993.32,813.87,0.6718,1062.80,836.15,0.8058,961.20,854.51,0.7710,1037.24,897.11,0.7533
65,top,1,913.34,356.79,1010.96,557.32,955.30,373.33,0.8679,958.72,369.91,0.8840,951.38,369.91,0.8893,964.11,373.82,0.8686,944.53,373.82,0.8778,976.35,397.32,0.7835,930.33,393.90,0.8153,985.16,424.74,0.7451,920.54,419.35,0.7316,996.42,453.13,0.7082,919.56,443.34,0.6646,966.56,451.18,0.6080,939.63,451.18,0.6019,980.26,497.20,0.7374,934.73,496.71,0.7259,995.44,537.34,0.8511,933.75,538.32,0.8754
65,bottom,0,955.29,649.90,1099.50,918.51,1066.09,673.38,0.8684,1064.78,670.10,0.6646,1062.15,670.75,0.7910,1048.38,676.66,0.5117,1051.66,678.62,0.7021,1036.58,701.58,0.7932,1050.35,710.10,0.8010,1033.30,733.05,0.4681,1039.20,748.79,0.7531,1065.43,741.58,0.4042,1077.89,744.20,0.7934,1023.46,777.65,0.7567,1039.20,780.92,0.7580,1009.69,817.65,0.7245,1069.37,838.63,0.8583,967.72,864.86,0.8207,1037.89,897.65,0.7675
66,top,1,919.57,356.50,1012.76,558.39,960.75,374.14,0.8893,964.20,370.69,0.8943,956.31,370.69,0.8959,969.12,374.64,0.8745,949.90,375.13,0.8812,981.45,398.30,0.7835,935.11,394.85,0.8162,989.83,425.90,0.7476,926.73,419.00,0.6956,1001.16,454.49,0.7178,927.23,442.66,0.5848,970.60,451.53,0.6076,943.49,451.04,0.6080,985.88,496.88,0.7460,936.59,495.89,0.7388,1001.16,537.30,0.8300,934.13,538.28,0.8582
66,bottom,0,967.28,649.68,1096.09,918.91,1071.12,667.95,0.8769,1069.81,665.33,0.6910,1066.52,665.98,0.8194,1056.01,674.53,0.4935,1054.69,675.84,0.7436,1043.52,701.48,0.7739,1055.35,710.02,0.8094,1042.20,733.68,0.5043,1042.86,748.14,0.7490,1074.41,729.08,0.4182,1080.98,734.34,0.8147,1034.32,777.72,0.7304,1050.09,780.35,0.7630,1022.48,823.07,0.7559,1075.73,838.85,0.8634,980.42,873.69,0.8133,1039.57,895.38,0.7574
67,top,1,922.17,357.89,1014.73,558.31,966.01,374.92,0.9434,969.43,371.01,0.9406,961.60,371.50,0.9069,974.32,375.41,0.8767,954.75,375.41,0.9131,986.07,399.39,0.7995,940.56,395.47,0.8220,995.36,426.30,0.7440,932.73,418.47,0.6869,1005.64,454.19,0.7162,933.22,443.42,0.6125,975.79,453.21,0.6457,948.39,452.72,0.6373,990.96,496.76,0.7433,938.61,496.27,0.7396,1000.26,537.86,0.8474,934.20,537.86,0.8643
67,bottom,0,982.63,645.61,1096.96,918.33,1077.08,668.78,0.9059,1075.75,666.12,0.6986,1071.75,666.12,0.8302,1061.10,676.10,0.4956,1061.76,676.77,0.7576,1050.45,702.07,0.7643,1061.10,708.73,0.8038,1051.11,733.36,0.4994,1051.11,746.68,0.7722,1080.41,710.73,0.4827,1081.74,724.71,0.7639,1043.79,776.64,0.7703,1059.77,778.64,0.7910,1037.13,824.58,0.7910,1085.07,836.57,0.8633,997.85,879.85,0.8438,1044.45,890.50,0.7783
68,top,1,921.94,360.71,1018.30,558.50,970.60,376.06,0.9420,974.47,372.20,0.9160,966.74,372.68,0.8913,979.29,376.55,0.9005,959.98,376.55,0.9046,990.88,399.72,0.7927,945.49,396.34,0.8076,1000.54,426.28,0.7356,937.77,419.04,0.6865,1010.20,454.29,0.7368,939.22,445.12,0.6134,980.26,453.32,0.6531,952.74,452.84,0.6474,993.78,496.78,0.7358,940.66,495.33,0.7463,1000.06,537.83,0.8354,933.90,537.83,0.8274
68,bottom,0,998.48,650.29,1106.96,920.83,1083.77,670.64,0.8777,1081.78,667.99,0.6405,1079.14,668.66,0.7827,1061.31,675.92,0.5343,1069.23,677.24,0.7370,1056.02,699.04,0.7533,1073.20,707.62,0.7598,1041.49,698.38,0.5047,1062.63,747.92,0.7825,1077.82,697.72,0.3578,1081.78,718.19,0.7075,1052.06,778.30,0.7680,1070.55,780.28,0.7815,1049.42,827.84,0.8108,1096.31,836.42,0.8611,1012.43,883.32,0.8526,1054.70,889.26,0.7977
69,top,1,921.88,360.12,1019.67,558.68,973.68,376.02,0.8970,977.56,372.63,0.8760,969.81,372.63,0.8900,982.41,376.51,0.8952,963.50,376.51,0.8880,994.04,399.29,0.7766,949.45,395.90,0.7922,1005.19,425.47,0.7352,941.20,419.65,0.6981,1015.37,453.10,0.7138,944.60,445.35,0.6699,984.35,452.13,0.6295,956.72,451.16,0.6474,995.50,496.25,0.7160,942.17,493.34,0.7393,1001.32,537.94,0.8244,934.42,536.48,0.8211
69,bottom,0,1011.09,649.63,1116.71,926.93,1086.92,673.19,0.8390,1084.89,670.48,0.6416,1082.85,671.16,0.7448,1067.96,677.25,0.5612,1074.05,677.93,0.7305,1059.16,700.95,0.7307,1074.73,707.04,0.7514,1045.62,705.01,0.4125,1076.76,746.98,0.6978,1082.85,692.82,0.3032,1083.53,711.10,0.5695,1061.87,780.16,0.7659,1082.18,781.51,0.7697,1059.16,831.61,0.7977,1106.55,838.38,0.8436,1027.34,889.15,0.8499,1068.64,892.54,0.7809
70,top,1,923.64,360.93,1024.67,558.90,977.05,375.81,0.8987,980.92,372.43,0.8939,973.19,372.91,0.8794,985.75,376.30,0.9112,966.42,376.78,0.8824,997.35,399.01,0.7699,952.89,395.15,0.7812,1009.44,423.66,0.7385,942.74,416.90,0.7048,1019.10,451.21,0.7545,945.15,444.45,0.6739,988.17,451.21,0.6160,959.17,449.76,0.6350,996.39,496.65,0.7179,944.67,490.85,0.7334,1001.70,538.21,0.8230,935.49,534.83,0.8085
70,bottom,0,1022.92,653.63,1128.20,938.62,1088.78,677.84,0.7179,1087.39,672.97,0.5640,1086.00,674.36,0.6827,1067.21,681.32,0.5263,1079.04,681.32,0.6996,1058.86,703.58,0.6836,1089.48,711.93,0.6912,1045.64,710.54,0.5979,1118.00,740.46,0.6746,1058.17,688.28,0.5291,1099.91,711.24,0.5846,1071.39,780.81,0.7447,1092.95,781.51,0.7614,1068.60,835.78,0.8058,1115.92,842.74,0.8368,1038.68,895.62,0.8440,1086.00,901.88,0.7908
71,top,1,925.83,358.49,1026.65,557.53,979.16,375.40,0.9043,982.56,371.51,0.9076,975.27,372.00,0.8995,987.90,375.40,0.9258,968.95,375.40,0.8843,1000.54,397.26,0.7848,955.35,393.38,0.7850,1013.17,420.59,0.7379,943.68,412.33,0.7523,1020.46,445.86,0.7343,944.65,441.00,0.7179,989.85,450.72,0.6254,961.66,448.77,0.6437,997.14,495.91,0.7298,946.60,488.62,0.7342,1001.51,536.73,0.8292,938.34,529.93,0.8122
71,bottom,0,1029.27,659.02,1151.90,946.17,1091.98,682.71,0.7255,1090.58,678.51,0.4793,1089.88,679.21,0.6919,1070.25,686.22,0.5876,1084.97,685.52,0.7012,1062.54,711.46,0.7307,1098.29,714.26,0.6145,1055.53,717.77,0.5664,1143.16,721.97,0.7096,1070.95,699.54,0.4472,1118.62,712.86,0.5239,1079.37,786.47,0.7160,1101.80,786.47,0.7366,1078.66,841.15,0.7806,1124.23,849.56,0.8009,1045.72,897.23,0.8095,1105.30,911.96,0.7839
72,top,1,926.15,357.66,1029.30,556.35,981.12,373.09,0.8672,984.52,369.69,0.8731,977.24,369.69,0.8477,989.85,373.57,0.9039,970.93,373.57,0.8643,1002.95,394.91,0.7961,957.84,391.52,0.7766,1014.11,416.26,0.7386,943.77,408.50,0.7973,1021.38,439.06,0.7323,942.80,435.18,0.7555,992.76,448.27,0.6142,964.63,445.85,0.6395,998.58,494.35,0.7282,948.62,486.59,0.7426,1002.95,536.56,0.8123,940.37,527.83,0.8071
72,bottom,0,1036.33,666.90,1163.59,952.46,1097.17,687.68,0.7733,1096.47,684.19,0.5079,1094.38,683.49,0.7465,1074.16,691.86,0.5861,1090.20,691.86,0.7351,1067.19,716.26,0.8219,1106.23,720.44,0.6524,1073.47,720.44,0.4433,1150.16,712.08,0.6366,1109.72,710.68,0.3260,1155.04,705.80,0.6816,1088.11,792.95,0.7974,1109.72,792.95,0.8042,1088.81,848.03,0.8302,1132.73,858.49,0.8698,1051.85,903.10,0.8803,1127.85,927.51,0.8457
73,top,1,926.62,356.06,1029.94,557.02,982.20,372.15,0.8687,985.64,368.72,0.8736,978.28,369.21,0.8607,991.04,372.15,0.9120,972.39,373.13,0.8807,1004.77,391.78,0.8011,960.13,390.30,0.7538,1014.10,411.89,0.7476,943.93,406.99,0.7972,1021.95,434.46,0.7732,941.97,434.46,0.7475,995.45,444.27,0.6207,966.50,442.80,0.6500,1001.34,490.89,0.7343,950.80,485.00,0.7402,1006.74,534.06,0.8038,942.46,525.23,0.8072
73,bottom,0,1040.99,671.83,1205.85,964.73,1100.54,696.71,0.7986,1096.96,694.57,0.6311,1099.82,693.85,0.7163,1080.52,702.43,0.7209,1096.96,702.43,0.7529,1072.65,727.46,0.8768,1116.99,730.32,0.7243,1085.52,733.18,0.5284,1162.75,718.17,0.7671,1109.84,713.87,0.3984,1186.35,690.99,0.8559,1094.10,804.69,0.8489,1115.56,804.69,0.8293,1099.11,856.90,0.8156,1141.30,869.05,0.8524,1057.63,906.95,0.8469,1149.88,939.13,0.8614
74,top,1,929.46,356.21,1031.16,556.17,983.73,372.71,0.8773,987.14,368.80,0.8566,979.33,369.29,0.8691,992.51,372.71,0.8956,973.48,373.20,0.8799,1005.70,390.77,0.7954,960.78,390.77,0.7422,1014.97,411.77,0.7621,943.70,408.35,0.8025,1023.76,434.71,0.7742,940.77,433.73,0.7713,998.37,441.06,0.6284,967.62,441.06,0.6477,1006.18,487.44,0.7352,952.97,485.00,0.7355,1012.53,532.84,0.7820,943.21,525.03,0.7942
74,bottom,0,1045.65,682.78,1213.06,972.01,1107.46,708.06,0.8131,1104.64,706.64,0.6202,1107.46,705.94,0.7302,1089.10,715.12,0.7244,1104.64,713.71,0.7572,1080.63,739.83,0.8923,1123.00,740.54,0.7343,1096.16,745.48,0.5140,1171.02,731.36,0.7652,1118.05,729.24,0.3799,1199.26,707.35,0.8144,1100.40,817.51,0.8224,1123.70,817.51,0.8040,1110.29,865.53,0.7990,1153.36,881.06,0.8286,1064.39,913.55,0.8761,1162.54,951.68,0.9153
75,top,1,932.16,359.10,1033.13,554.74,985.03,374.77,0.8694,988.85,370.95,0.8554,981.21,371.43,0.8598,994.11,374.29,0.8802,975.00,375.25,0.8747,1007.00,391.96,0.7894,962.11,393.40,0.7275,1016.08,412.98,0.7666,943.48,412.50,0.8172,1025.63,436.86,0.7610,940.13,436.38,0.7796,1000.32,440.21,0.6320,969.75,440.68,0.6477,1010.35,486.06,0.7313,954.94,485.58,0.7205,1019.42,529.52,0.7538,943.00,525.70,0.7566
75,bottom,0,1053.62,699.67,1209.37,974.54,1112.03,718.99,0.7309,1110.69,715.64,0.5520,1111.36,715.64,0.6208,1099.95,723.02,0.6450,1110.69,723.02,0.6384,1087.87,748.52,0.8479,1127.47,749.19,0.6726,1091.90,768.65,0.5243,1173.10,750.53,0.5893,1118.74,753.22,0.3594,1193.23,740.47,0.7907,1103.98,826.36,0.7730,1128.14,825.69,0.7601,1120.76,873.34,0.7413,1165.05,886.76,0.8228,1072.44,918.97,0.8393,1163.70,957.22,0.8737
76,top,1,932.22,362.51,1039.81,555.73,986.96,377.04,0.8642,990.26,373.74,0.8455,982.71,374.21,0.8441,995.45,377.51,0.8427,976.58,378.46,0.8563,1007.71,394.97,0.7597,964.31,396.85,0.7293,1018.56,416.67,0.7611,944.03,417.14,0.8200,1029.41,441.20,0.7321,938.84,443.08,0.7251,1001.58,440.72,0.6546,970.45,441.20,0.6515,1014.79,485.54,0.7417,956.76,487.43,0.7250,1028.47,528.94,0.7709,943.08,528.47,0.7468
76,bottom,0,1060.06,702.66,1198.55,973.77,1118.71,722.39,0.7508,1117.39,720.40,0.5258,1118.05,719.74,0.6471,1102.17,726.36,0.6095,1116.07,726.36,0.6501,1090.91,750.85,0.8304,1136.58,754.82,0.6343,1086.94,786.59,0.7094,1169.02,771.37,0.4555,1112.09,776.00,0.4691,1185.56,776.00,0.6112,1108.79,836.89,0.6933,1132.61,836.89,0.6756,1126.66,879.26,0.7268,1175.64,887.20,0.8139,1079.00,923.60,0.8292,1163.72,956.70,0.8600
77,top,1,932.75,366.03,1049.85,553.92,989.01,381.53,0.9045,992.22,377.86,0.8799,984.42,378.78,0.8636,996.81,381.53,0.8137,978.00,382.91,0.9009,1010.11,400.80,0.7722,965.61,402.63,0.7665,1020.66,421.44,0.7606,945.89,423.73,0.8036,1033.05,445.75,0.7507,939.92,448.05,0.7564,1003.23,445.75,0.6680,972.95,445.75,0.6563,1018.82,487.96,0.7431,958.73,489.79,0.7511,1035.80,529.70,0.7927,944.05,529.24,0.7709
77,bottom,0,1065.69,699.41,1194.67,973.96,1120.79,720.05,0.7515,1119.45,717.37,0.5392,1120.12,717.37,0.6270,1105.38,724.07,0.6035,1119.45,724.07,0.6497,1091.97,748.87,0.8425,1138.89,755.58,0.6777,1083.26,789.09,0.7840,1165.70,784.40,0.5972,1104.71,775.69,0.4806,1180.45,802.50,0.6794,1110.07,836.68,0.6980,1134.20,836.68,0.6845,1126.16,877.57,0.7295,1173.08,886.29,0.8204,1083.26,923.82,0.8237,1163.69,956.00,0.8632
78,top,1,932.87,372.36,1056.85,553.03,991.78,386.38,0.8990,994.42,382.41,0.8640,986.93,383.74,0.8532,999.28,386.38,0.8175,980.75,388.59,0.9034,1012.51,406.67,0.7623,967.96,408.88,0.7949,1024.86,427.40,0.7581,948.55,431.37,0.7914,1038.97,450.78,0.7775,940.17,454.75,0.7314,1004.13,450.78,0.6908,974.57,451.22,0.6755,1023.98,491.36,0.7725,959.58,493.13,0.7607,1042.06,530.18,0.8195,945.02,530.62,0.7856
78,bottom,0,1066.15,692.59,1195.71,974.35,1117.17,713.78,0.7815,1117.86,711.02,0.5446,1117.86,711.02,0.5940,1106.17,716.53,0.6590,1124.74,716.53,0.7054,1093.10,743.36,0.8720,1141.94,752.30,0.7727,1077.96,781.19,0.8262,1157.07,792.88,0.7533,1091.72,774.31,0.4541,1163.95,817.65,0.7117,1106.17,829.34,0.7241,1130.24,830.03,0.6963,1119.92,869.93,0.7292,1165.32,883.68,0.8193,1084.15,921.52,0.8386,1163.26,953.85,0.8551
79,top,1,934.20,375.99,1057.66,553.21,995.93,390.18,0.9321,998.96,386.28,0.8752,991.17,387.15,0.8707,1003.72,390.61,0.8359,984.25,393.21,0.8893,1015.84,410.51,0.7671,972.57,413.11,0.7873,1029.68,430.85,0.7886,953.53,435.61,0.7984,1045.69,452.91,0.7927,944.44,457.24,0.7134,1007.18,453.78,0.7067,976.46,454.21,0.6889,1028.38,492.72,0.7917,960.89,494.45,0.7588,1043.53,530.80,0.8388,944.88,529.93,0.8241
79,bottom,0,1061.97,683.18,1196.03,972.91,1119.80,704.26,0.8016,1120.51,702.14,0.5708,1119.10,701.43,0.5997,1108.49,707.09,0.6682,1128.29,707.09,0.7241,1092.92,732.56,0.8726,1143.15,746.70,0.8262,1072.41,769.34,0.8527,1147.39,791.27,0.7534,1093.63,762.27,0.5053,1148.10,823.10,0.5633,1100.70,822.39,0.7534,1127.58,825.22,0.7106,1109.90,863.42,0.7714,1153.76,883.22,0.8067,1083.73,919.30,0.8616,1162.24,952.54,0.8612
80,top,1,934.11,376.22,1058.61,552.73,1001.10,391.65,0.8379,1004.11,388.20,0.8234,996.79,389.06,0.8234,1008.85,392.51,0.8126,989.89,394.24,0.8472,1021.35,411.04,0.7550,977.83,415.35,0.7421,1034.71,428.71,0.7950,960.59,435.60,0.7482,1050.22,447.67,0.7585,951.54,455.43,0.6890,1011.44,455.00,0.6858,982.14,455.86,0.6724,1032.55,492.06,0.7621,963.61,493.78,0.7405,1042.90,531.27,0.8199,945.08,529.98,0.8178
80,bottom,0,1058.02,676.34,1193.94,971.77,1120.93,697.83,0.7178,1120.93,694.95,0.5395,1121.65,694.23,0.5441,1110.83,700.00,0.6826,1130.31,700.72,0.7378,1092.80,725.96,0.8124,1143.29,740.39,0.8217,1066.84,758.42,0.8391,1138.96,785.11,0.7525,1087.75,767.80,0.5905,1133.91,814.68,0.5104,1094.24,814.68,0.7453,1121.65,816.84,0.6942,1101.46,857.96,0.7718,1144.73,879.59,0.7893,1079.10,917.10,0.8231,1158.44,948.12,0.8102
81,top,1,934.35,372.12,1058.98,552.80,1006.82,389.23,0.7909,1009.90,384.82,0.8166,1002.40,386.14,0.7916,1014.76,389.23,0.8179,996.23,391.44,0.8304,1027.55,407.32,0.7723,984.32,413.49,0.7283,1039.46,421.43,0.7271,968.00,433.34,0.7012,1050.93,437.32,0.6945,960.06,456.72,0.5595,1017.40,454.52,0.6722,987.85,455.84,0.6597,1035.49,492.46,0.7503,969.32,494.22,0.7039,1044.31,530.83,0.7853,947.26,529.07,0.8008
81,bottom,0,1053.75,672.75,1181.30,965.77,1121.10,694.78,0.6914,1120.39,690.49,0.5453,1122.53,691.20,0.5345,1108.94,696.21,0.7148,1129.69,697.64,0.7403,1091.06,721.96,0.8071,1142.56,736.99,0.8233,1063.16,752.73,0.8380,1136.13,779.91,0.7473,1078.90,771.33,0.6780,1131.12,809.96,0.5571,1088.20,809.96,0.7518,1115.38,812.82,0.7021,1092.49,854.31,0.7819,1140.42,875.06,0.7997,1071.03,914.40,0.8324,1147.57,944.45,0.8172
82,top,1,936.94,366.68,1059.70,552.13,1014.17,382.89,0.8029,1016.89,379.27,0.7812,1009.64,380.18,0.7685,1021.87,383.80,0.7495,1003.30,386.06,0.8271,1033.64,399.64,0.7913,991.99,407.79,0.7238,1043.60,412.32,0.6895,974.78,428.62,0.7364,1050.84,427.71,0.7012,971.61,453.97,0.6439,1025.03,449.44,0.6567,996.06,450.80,0.6075,1037.71,491.10,0.7264,977.95,492.00,0.6641,1045.86,531.39,0.7830,951.24,528.22,0.7765
82,bottom,0,1048.12,671.96,1156.57,963.33,1120.84,694.58,0.7486,1117.99,690.32,0.5424,1123.68,690.32,0.5559,1107.32,696.01,0.7483,1127.95,696.72,0.7266,1089.54,720.19,0.8177,1140.04,736.55,0.9086,1060.38,752.20,0.8669,1134.35,781.37,0.7927,1073.18,776.39,0.7338,1130.09,814.09,0.6750,1082.43,807.69,0.7527,1109.46,811.95,0.6906,1084.56,851.08,0.8014,1136.49,872.42,0.8422,1061.09,910.12,0.8472,1132.93,942.13,0.8433
83,top,1,950.43,359.66,1060.98,550.94,1020.18,375.91,0.7855,1023.45,372.65,0.7781,1015.51,373.58,0.7621,1028.59,376.38,0.7554,1009.91,379.18,0.8331,1039.33,392.26,0.8018,999.17,400.66,0.7614,1047.74,413.27,0.5290,982.82,424.95,0.7514,1049.60,421.68,0.5054,985.16,452.97,0.6046,1030.92,444.09,0.6412,1002.90,444.56,0.6003,1039.33,486.59,0.7199,986.09,488.46,0.7061,1045.87,530.02,0.8088,965.08,521.15,0.7324
83,bottom,0,1037.14,673.17,1146.42,967.08,1116.89,695.27,0.7543,1115.46,691.68,0.5179,1119.76,691.68,0.6034,1103.98,697.42,0.7481,1125.50,697.42,0.7378,1087.47,721.10,0.8087,1136.98,737.61,0.8887,1058.77,754.11,0.8554,1134.11,782.09,0.7706,1068.10,783.53,0.7815,1128.37,814.38,0.6921,1080.30,807.93,0.7481,1106.85,812.23,0.6830,1075.99,852.41,0.7817,1132.68,873.22,0.8267,1050.16,909.10,0.8130,1116.89,939.24,0.8085
84,top,1,969.17,351.46,1063.67,549.97,1026.11,367.36,0.7976,1029.02,363.48,0.7489,1021.75,364.93,0.7464,1033.86,366.87,0.7915,1015.45,370.75,0.7594,1043.07,385.29,0.8233,1006.24,394.50,0.7983,1046.47,400.80,0.5473,990.25,420.67,0.7886,1053.74,417.27,0.5650,995.09,446.35,0.6624,1035.80,436.18,0.6238,1008.66,436.18,0.6220,1043.56,484.64,0.7560,995.09,484.64,0.7528,1048.40,529.23,0.7958,980.07,523.41,0.7578
84,bottom,0,1024.21,676.59,1143.06,968.88,1115.03,698.56,0.7771,1115.03,695.00,0.5200,1117.17,695.71,0.6026,1101.47,700.70,0.7197,1122.88,701.42,0.7881,1084.34,724.97,0.8084,1134.30,741.38,0.8900,1056.51,760.65,0.8416,1133.58,787.76,0.7580,1061.51,791.33,0.7962,1128.59,817.02,0.7128,1075.78,808.46,0.7302,1102.18,812.74,0.6889,1068.65,852.70,0.7648,1128.59,876.96,0.8261,1039.39,906.22,0.8121,1103.61,939.76,0.8108
85,top,1,989.37,345.52,1066.89,543.46,1031.51,362.34,0.8041,1033.93,358.95,0.7521,1027.16,359.92,0.7591,1038.28,361.37,0.7892,1020.40,365.24,0.8206,1047.46,379.73,0.7922,1012.67,388.43,0.8177,1050.84,399.55,0.5722,997.68,416.46,0.7869,1056.64,415.98,0.5289,1004.93,437.72,0.6602,1040.21,432.41,0.6644,1014.60,431.92,0.6468,1047.46,479.28,0.7379,1007.35,480.73,0.7369,1052.29,522.29,0.7856,997.68,522.29,0.7733
85,bottom,0,1016.28,681.39,1139.46,970.94,1110.39,703.87,0.8111,1110.39,700.34,0.5289,1111.80,701.04,0.5836,1097.67,705.99,0.7376,1119.58,706.70,0.8095,1080.70,730.73,0.8071,1131.60,746.29,0.8902,1055.25,766.79,0.8220,1131.60,792.24,0.7549,1055.25,800.01,0.7887,1127.36,822.63,0.7150,1071.51,813.44,0.7074,1098.37,818.39,0.6996,1059.49,856.56,0.7358,1123.11,881.31,0.8185,1029.80,907.46,0.7986,1098.37,944.22,0.7907
86,top,1,999.71,343.23,1072.31,538.95,1035.53,356.51,0.8263,1038.40,353.17,0.7512,1031.23,354.60,0.7731,1043.18,356.03,0.7590,1025.02,360.33,0.8534,1052.26,375.62,0.7944,1018.33,384.70,0.8238,1055.13,397.13,0.6302,1005.43,412.42,0.7685,1060.86,414.81,0.6094,1012.60,432.97,0.6541,1045.57,428.66,0.6764,1022.15,428.66,0.6574,1052.74,475.97,0.7347,1020.24,476.45,0.7182,1054.65,518.98,0.8214,1013.55,520.41,0.7934
86,bottom,0,1005.80,686.95,1136.32,970.77,1103.63,706.90,0.8649,1105.01,704.13,0.5454,1103.63,704.13,0.5836,1092.54,709.67,0.7580,1114.72,710.37,0.8019,1075.91,734.62,0.8164,1126.50,748.48,0.8974,1051.66,770.65,0.8128,1127.88,794.91,0.7819,1050.27,805.30,0.7747,1123.72,824.01,0.7344,1066.90,817.08,0.7014,1094.62,821.93,0.6955,1052.35,858.66,0.7325,1120.26,883.60,0.8249,1023.25,907.16,0.7793,1098.09,947.35,0.7942
87,top,1,1006.24,340.78,1078.22,536.21,1039.37,354.52,0.8294,1041.28,350.22,0.7658,1034.60,352.13,0.7764,1047.00,353.56,0.7116,1028.87,358.81,0.8277,1056.54,373.60,0.8066,1023.62,382.67,0.8101,1059.88,399.37,0.7143,1012.17,413.68,0.7957,1066.09,418.45,0.7214,1023.15,434.67,0.6956,1049.39,427.52,0.7025,1027.44,427.52,0.6604,1059.41,471.89,0.7632,1032.69,470.94,0.7499,1056.54,513.40,0.8446,1026.01,518.17,0.8392
87,bottom,0,1002.15,685.54,1132.06,970.49,1097.02,705.57,0.8510,1095.63,702.09,0.5615,1098.41,702.79,0.6011,1084.50,708.35,0.7761,1108.15,709.05,0.8113,1068.50,734.79,0.8213,1121.37,746.62,0.8898,1046.23,770.27,0.8004,1123.46,791.84,0.7712,1044.84,802.27,0.7704,1119.98,821.75,0.7322,1063.63,820.36,0.7194,1093.54,824.53,0.7244,1045.54,857.93,0.7498,1114.41,883.67,0.8231,1020.49,908.02,0.7881,1098.41,947.67,0.8161
88,top,1,1012.45,340.29,1083.64,537.22,1044.20,354.62,0.7992,1046.12,350.29,0.7489,1039.39,352.22,0.7414,1051.41,353.66,0.6764,1033.62,358.95,0.7914,1060.55,373.85,0.7814,1029.29,382.50,0.7950,1062.47,399.33,0.6815,1018.24,414.24,0.8143,1071.12,419.04,0.7089,1034.10,433.47,0.7295,1054.78,426.74,0.6894,1034.10,428.18,0.6182,1067.76,471.45,0.7601,1042.76,474.33,0.7658,1059.58,507.03,0.7987,1036.99,519.05,0.8212
88,bottom,0,1001.31,678.28,1128.45,969.88,1088.38,699.49,0.7547,1084.82,695.94,0.5557,1091.22,696.65,0.5866,1076.27,703.05,0.7918,1098.34,703.05,0.7633,1059.90,730.11,0.8210,1113.29,740.07,0.8825,1038.54,765.70,0.8055,1116.85,784.92,0.7649,1039.97,795.60,0.7852,1114.72,814.11,0.7479,1059.19,815.54,0.7285,1089.80,819.10,0.7325,1039.97,855.40,0.7586,1107.60,878.18,0.8118,1017.90,908.80,0.7792,1099.77,944.39,0.8330
89,top,1,1018.64,341.86,1089.19,537.82,1049.61,358.03,0.7542,1051.52,354.20,0.7252,1044.83,355.64,0.7103,1055.83,358.03,0.6623,1038.13,361.86,0.8006,1063.96,376.21,0.7889,1034.30,383.86,0.7899,1065.40,403.96,0.6987,1024.73,415.92,0.8267,1076.40,425.01,0.7045,1042.91,432.66,0.7140,1060.14,431.23,0.6814,1039.08,433.62,0.6151,1075.44,473.33,0.7686,1053.92,476.68,0.7472,1063.48,499.64,0.7700,1045.30,522.13,0.8177
89,bottom,0,998.36,670.53,1126.68,967.22,1077.73,692.11,0.7360,1074.11,688.49,0.6000,1079.90,688.49,0.5309,1067.59,694.28,0.7791,1088.60,695.01,0.7309,1051.66,723.26,0.8172,1104.53,731.23,0.8807,1030.65,760.20,0.7940,1111.05,776.86,0.7672,1032.82,788.45,0.7594,1108.88,807.28,0.7410,1054.55,808.01,0.7231,1085.70,811.63,0.7210,1035.00,853.64,0.7659,1098.01,871.02,0.7664,1016.89,908.69,0.7988,1101.63,934.77,0.8449
90,top,1,1025.24,344.67,1091.93,538.96,1052.42,361.17,0.6665,1054.32,357.85,0.6516,1047.20,358.80,0.6318,1059.54,361.65,0.6707,1043.41,364.49,0.7202,1066.18,380.62,0.7562,1039.61,386.79,0.7756,1067.60,406.24,0.6124,1032.03,418.57,0.8128,1079.93,424.74,0.6847,1055.27,432.33,0.6748,1064.28,433.27,0.6393,1042.46,436.59,0.5946,1080.41,472.17,0.7970,1061.43,476.44,0.7453,1068.08,493.99,0.7345,1047.20,522.45,0.7988
90,bottom,0,998.57,663.18,1121.85,961.45,1070.41,684.89,0.7341,1068.95,680.52,0.5640,1071.86,680.52,0.5317,1059.48,687.07,0.7203,1079.15,687.07,0.7363,1043.46,717.65,0.8251,1096.62,723.48,0.8808,1023.07,756.25,0.7963,1103.90,770.08,0.7875,1025.99,781.01,0.7157,1102.45,799.94,0.7633,1048.56,800.67,0.7224,1079.15,804.31,0.7175,1031.08,852.37,0.7832,1091.52,864.75,0.7791,1016.52,909.17,0.8323,1098.08,921.55,0.8354
91,top,1,1031.09,347.90,1100.37,539.07,1056.86,362.74,0.6472,1059.20,359.47,0.6331,1051.73,360.41,0.6252,1064.80,363.68,0.6662,1048.93,366.01,0.6598,1070.40,383.74,0.7275,1045.19,389.35,0.7664,1072.73,409.88,0.5603,1039.13,419.22,0.7859,1088.13,425.28,0.6069,1065.73,427.62,0.6084,1068.06,436.95,0.6390,1048.46,439.75,0.6083,1084.87,469.16,0.7429,1066.20,479.89,0.6924,1075.53,492.49,0.6628,1047.99,521.90,0.7373
91,bottom,0,998.71,656.50,1107.12,947.20,1060.72,680.49,0.7536,1059.30,676.23,0.5555,1062.14,676.23,0.5125,1050.78,681.91,0.7400,1071.36,682.62,0.7308,1035.88,712.43,0.8211,1089.82,716.69,0.8694,1016.01,751.46,0.8015,1099.04,763.53,0.7751,1018.85,773.46,0.7198,1097.62,794.75,0.7181,1044.40,796.88,0.7260,1075.62,799.01,0.7149,1028.07,850.82,0.8005,1086.98,857.92,0.8055,1017.43,909.02,0.8471,1091.24,909.73,0.8450
92,top,1,1036.31,346.83,1109.01,539.40,1066.08,361.31,0.6733,1067.02,358.02,0.6432,1060.91,359.90,0.6169,1070.31,364.13,0.6016,1055.74,366.01,0.6874,1074.07,384.35,0.7158,1051.51,388.11,0.7849,1076.42,409.26,0.5026,1048.22,419.14,0.7811,1096.17,418.67,0.5246,1076.42,418.20,0.6553,1070.31,438.41,0.6698,1053.39,441.23,0.6636,1088.18,467.09,0.7238,1069.84,480.72,0.7075,1080.18,492.48,0.7312,1048.22,522.10,0.7708
92,bottom,0,999.61,651.89,1103.14,938.51,1053.48,674.84,0.7448,1052.08,670.64,0.5492,1054.18,670.64,0.5096,1044.38,676.94,0.7323,1064.67,676.94,0.7397,1029.69,708.43,0.8191,1083.57,710.53,0.8721,1010.09,747.61,0.8122,1094.06,756.71,0.8037,1012.89,770.01,0.7022,1095.46,787.50,0.7635,1039.48,793.10,0.7453,1068.87,794.50,0.7246,1026.19,849.78,0.8305,1082.17,851.88,0.8294,1016.39,909.26,0.8939,1080.77,902.26,0.8467
93,top,4,1039.48,343.65,1100.84,541.33,1066.30,356.58,0.6424,1068.23,353.69,0.6238,1061.96,355.13,0.5722,1074.02,358.03,0.6406,1058.58,360.44,0.6342,1075.95,380.23,0.6646,1057.61,383.13,0.7725,1077.88,403.40,0.4961,1058.58,412.08,0.7178,1102.50,405.81,0.3919,1083.68,401.95,0.5892,1073.06,434.29,0.6406,1058.58,437.66,0.6461,1090.92,463.24,0.7504,1068.23,479.17,0.7110,1078.37,492.20,0.7481,1049.89,520.68,0.7727
93,bottom,0,997.29,648.98,1100.59,931.41,1049.63,670.91,0.7193,1047.56,666.77,0.5167,1050.32,666.77,0.5335,1038.60,672.29,0.7420,1059.97,672.29,0.7387,1024.12,703.32,0.8095,1078.59,706.77,0.8564,1004.81,744.00,0.8147,1090.31,750.89,0.8009,1007.57,766.75,0.6992,1093.07,782.61,0.7601,1035.15,788.82,0.7375,1064.80,790.20,0.7209,1023.43,848.12,0.8514,1077.21,843.98,0.8136,1016.53,908.79,0.8840,1069.63,896.38,0.8296
94,top,3,1042.77,334.75,1101.86,539.86,1071.31,350.17,0.6860,1073.32,346.67,0.6304,1066.81,348.17,0.5917,1078.32,350.67,0.6489,1062.80,353.18,0.6539,1081.33,371.20,0.7377,1062.80,374.21,0.7968,1084.33,395.24,0.5635,1066.81,401.25,0.6864,1106.87,388.73,0.4011,1084.33,386.23,0.5769,1077.82,429.79,0.6876,1062.30,432.29,0.6786,1094.85,460.34,0.7751,1064.30,476.36,0.7189,1079.83,491.88,0.7894,1051.28,518.42,0.7983
94,bottom,0,992.50,644.68,1099.05,929.63,1045.78,668.19,0.7183,1043.69,663.32,0.5113,1045.78,663.32,0.5260,1034.65,669.58,0.7530,1056.21,669.58,0.7378,1018.65,700.89,0.8116,1074.30,703.67,0.8396,999.86,739.85,0.8145,1086.13,745.41,0.8000,1004.04,763.50,0.7197,1091.00,778.11,0.7567,1031.87,785.07,0.7308,1061.78,785.76,0.7138,1022.13,846.29,0.8467,1071.52,836.55,0.7913,1016.56,908.20,0.8799,1060.39,891.51,0.8028
95,top,3,1043.65,332.12,1109.93,532.28,1075.32,337.89,0.6663,1077.77,333.98,0.6364,1070.93,334.96,0.6096,1083.14,338.38,0.6477,1066.53,340.33,0.6269,1086.07,361.83,0.6725,1066.53,360.86,0.7188,1092.43,378.94,0.5561,1071.41,380.89,0.6331,1111.48,364.77,0.6389,1082.65,357.44,0.5960,1082.65,420.96,0.6721,1064.57,421.94,0.6382,1095.85,457.61,0.7651,1063.11,462.99,0.7143,1080.21,489.86,0.7791,1052.85,508.92,0.7730
95,bottom,0,988.69,643.52,1096.43,929.08,1041.86,665.69,0.6830,1039.77,660.81,0.4987,1043.96,661.51,0.5098,1030.71,667.09,0.7426,1051.62,667.09,0.7430,1014.67,698.46,0.7969,1069.75,700.55,0.8208,995.85,736.81,0.7971,1083.00,741.69,0.7869,1000.03,758.42,0.7071,1089.27,773.06,0.7507,1028.62,782.12,0.7110,1057.20,782.82,0.6950,1020.25,845.56,0.8106,1064.17,830.23,0.7625,1016.77,906.91,0.8647,1052.32,886.70,0.8051
96,top,3,1041.19,331.87,1101.59,517.21,1081.80,335.40,0.5217,1081.34,330.42,0.4508,1078.18,332.23,0.4185,1081.34,335.40,0.4828,1072.29,336.30,0.5038,1083.15,358.48,0.5306,1068.67,356.67,0.5993,1086.32,377.03,0.5006,1075.01,386.08,0.3914,1089.04,414.58,0.2955,1073.65,423.18,0.3677,1085.87,415.49,0.5362,1067.32,416.85,0.5706,1089.94,454.40,0.6802,1063.70,457.12,0.6422,1079.99,490.60,0.6569,1049.22,498.75,0.7772
96,bottom,0,985.14,642.23,1094.23,928.99,1038.29,663.79,0.6696,1034.79,658.89,0.4929,1040.39,660.29,0.4698,1027.08,665.89,0.7608,1048.79,665.89,0.7518,1011.68,696.70,0.7951,1066.29,699.50,0.8135,992.08,733.80,0.7838,1080.29,740.80,0.7793,996.28,754.81,0.7369,1087.30,770.21,0.7459,1025.68,780.71,0.7043,1054.39,781.41,0.6961,1018.68,844.42,0.7846,1056.49,826.22,0.7215,1017.28,905.33,0.8491,1047.39,878.73,0.7937
97,top,4,1038.36,287.37,1102.69,507.91,1083.45,327.64,0.5727,1086.14,324.95,0.4616,1081.29,326.03,0.3981,1087.22,329.26,0.4461,1076.45,329.80,0.5360,1088.29,348.10,0.7031,1071.06,347.03,0.7167,1097.98,334.10,0.4989,1069.45,325.49,0.6331,1102.83,316.87,0.4207,1071.06,305.03,0.7301,1087.22,402.48,0.7591,1071.60,403.02,0.7141,1084.52,445.56,0.8007,1065.68,443.94,0.7904,1083.99,483.25,0.8704,1045.76,483.25,0.8798
97,bottom,0,981.03,642.11,1092.08,927.69,1035.86,663.58,0.6757,1033.77,658.70,0.4924,1038.65,659.40,0.4931,1024.71,664.97,0.7631,1046.32,665.67,0.7570,1008.67,695.65,0.7941,1062.36,699.14,0.8121,988.45,731.91,0.7880,1078.39,739.58,0.7892,993.33,753.52,0.7424,1084.67,768.86,0.7405,1022.61,780.02,0.7175,1050.50,780.71,0.7151,1017.04,842.77,0.7650,1048.41,825.34,0.7063,1017.04,904.82,0.8062,1042.83,867.87,0.7458
98,top,2,1033.77,258.05,1102.46,487.88,1091.68,314.05,0.5102,1094.49,312.36,0.4771,1089.44,312.36,0.4577,1094.49,314.05,0.4790,1081.02,314.61,0.5200,1093.36,330.88,0.6164,1073.16,328.64,0.6447,1091.12,311.80,0.4145,1063.63,305.63,0.6300,1077.65,296.09,0.3364,1069.80,284.31,0.7692,1089.44,385.31,0.7038,1074.29,384.19,0.6945,1084.95,429.64,0.8057,1070.92,429.08,0.7512,1082.14,469.48,0.8059,1044.55,460.50,0.7764
98,bottom,0,978.61,639.89,1090.29,926.66,1033.75,661.46,0.6808,1032.35,656.56,0.4998,1036.55,657.26,0.5009,1022.55,662.86,0.7493,1044.25,664.26,0.7570,1007.15,692.96,0.7910,1060.36,698.56,0.8054,986.14,730.07,0.7860,1076.46,739.87,0.7903,990.34,751.77,0.7317,1082.76,767.88,0.7389,1019.05,779.08,0.7226,1046.35,779.78,0.7219,1013.45,839.99,0.7573,1042.85,824.58,0.6938,1015.55,902.30,0.7870,1037.95,862.39,0.7095
99,top,,,,,,,,,,,,,,,,,,,,,,,,,,,,,,,,,,,,,,,,,,,,,,,,,,,,,,,,
99,bottom,,,,,,,,,,,,,,,,,,,,,,,,,,,,,,,,,,,,,,,,,,,,,,,,,,,,,,,,
100,top,,,,,,,,,,,,,,,,,,,,,,,,,,,,,,,,,,,,,,,,,,,,,,,,,,,,,,,,
100,bottom,,,,,,,,,,,,,,,,,,,,,,,,,,,,,,,,,,,,,,,,,,,,,,,,,,,,,,,,
101,top,,,,,,,,,,,,,,,,,,,,,,,,,,,,,,,,,,,,,,,,,,,,,,,,,,,,,,,,
101,bottom,,,,,,,,,,,,,,,,,,,,,,,,,,,,,,,,,,,,,,,,,,,,,,,,,,,,,,,,
102,top,,,,,,,,,,,,,,,,,,,,,,,,,,,,,,,,,,,,,,,,,,,,,,,,,,,,,,,,
102,bottom,,,,,,,,,,,,,,,,,,,,,,,,,,,,,,,,,,,,,,,,,,,,,,,,,,,,,,,,
103,top,,,,,,,,,,,,,,,,,,,,,,,,,,,,,,,,,,,,,,,,,,,,,,,,,,,,,,,,
103,bottom,,,,,,,,,,,,,,,,,,,,,,,,,,,,,,,,,,,,,,,,,,,,,,,,,,,,,,,,
104,top,,,,,,,,,,,,,,,,,,,,,,,,,,,,,,,,,,,,,,,,,,,,,,,,,,,,,,,,
104,bottom,,,,,,,,,,,,,,,,,,,,,,,,,,,,,,,,,,,,,,,,,,,,,,,,,,,,,,,,
105,top,,,,,,,,,,,,,,,,,,,,,,,,,,,,,,,,,,,,,,,,,,,,,,,,,,,,,,,,
105,bottom,,,,,,,,,,,,,,,,,,,,,,,,,,,,,,,,,,,,,,,,,,,,,,,,,,,,,,,,
106,top,,,,,,,,,,,,,,,,,,,,,,,,,,,,,,,,,,,,,,,,,,,,,,,,,,,,,,,,
106,bottom,,,,,,,,,,,,,,,,,,,,,,,,,,,,,,,,,,,,,,,,,,,,,,,,,,,,,,,,
107,top,,,,,,,,,,,,,,,,,,,,,,,,,,,,,,,,,,,,,,,,,,,,,,,,,,,,,,,,
107,bottom,,,,,,,,,,,,,,,,,,,,,,,,,,,,,,,,,,,,,,,,,,,,,,,,,,,,,,,,
108,top,,,,,,,,,,,,,,,,,,,,,,,,,,,,,,,,,,,,,,,,,,,,,,,,,,,,,,,,
108,bottom,,,,,,,,,,,,,,,,,,,,,,,,,,,,,,,,,,,,,,,,,,,,,,,,,,,,,,,,
109,top,,,,,,,,,,,,,,,,,,,,,,,,,,,,,,,,,,,,,,,,,,,,,,,,,,,,,,,,
109,bottom,,,,,,,,,,,,,,,,,,,,,,,,,,,,,,,,,,,,,,,,,,,,,,,,,,,,,,,,
110,top,,,,,,,,,,,,,,,,,,,,,,,,,,,,,,,,,,,,,,,,,,,,,,,,,,,,,,,,
110,bottom,,,,,,,,,,,,,,,,,,,,,,,,,,,,,,,,,,,,,,,,,,,,,,,,,,,,,,,,
111,top,,,,,,,,,,,,,,,,,,,,,,,,,,,,,,,,,,,,,,,,,,,,,,,,,,,,,,,,
111,bottom,,,,,,,,,,,,,,,,,,,,,,,,,,,,,,,,,,,,,,,,,,,,,,,,,,,,,,,,
112,top,,,,,,,,,,,,,,,,,,,,,,,,,,,,,,,,,,,,,,,,,,,,,,,,,,,,,,,,
112,bottom,,,,,,,,,,,,,,,,,,,,,,,,,,,,,,,,,,,,,,,,,,,,,,,,,,,,,,,,
113,top,4,1021.34,324.53,1123.88,478.55,1104.20,339.87,0.8758,1106.45,336.49,0.8708,1100.06,336.49,0.8075,1111.34,338.74,0.7924,1092.92,338.37,0.8372,1115.48,359.43,0.8081,1079.38,356.04,0.6421,1110.59,384.62,0.7793,1055.69,364.69,0.6061,1098.56,403.04,0.7590,1033.88,370.71,0.6773,1100.06,401.91,0.6480,1079.01,405.67,0.6256,1113.97,432.37,0.6966,1098.18,438.76,0.6929,1097.81,456.81,0.3908,1064.72,463.20,0.4863
113,bottom,0,890.15,664.25,1150.55,865.00,1083.92,688.33,0.9549,1082.23,684.10,0.7088,1083.08,684.10,0.7790,1063.58,687.49,0.6845,1075.45,690.88,0.8224,1036.45,702.74,0.9499,1078.84,723.09,0.9494,1001.70,731.57,0.9003,1096.64,764.62,0.8589,980.51,764.62,0.8451,1126.31,791.75,0.9438,1011.02,772.25,0.8495,1037.30,777.34,0.8632,968.64,808.70,0.8444,1082.23,783.27,0.9011,913.54,840.91,0.8828,1086.47,846.00,0.9114
114,top,,,,,,,,,,,,,,,,,,,,,,,,,,,,,,,,,,,,,,,,,,,,,,,,,,,,,,,,
114,bottom,,,,,,,,,,,,,,,,,,,,,,,,,,,,,,,,,,,,,,,,,,,,,,,,,,,,,,,,
115,top,,,,,,,,,,,,,,,,,,,,,,,,,,,,,,,,,,,,,,,,,,,,,,,,,,,,,,,,
115,bottom,,,,,,,,,,,,,,,,,,,,,,,,,,,,,,,,,,,,,,,,,,,,,,,,,,,,,,,,
116,top,,,,,,,,,,,,,,,,,,,,,,,,,,,,,,,,,,,,,,,,,,,,,,,,,,,,,,,,
116,bottom,,,,,,,,,,,,,,,,,,,,,,,,,,,,,,,,,,,,,,,,,,,,,,,,,,,,,,,,
117,top,,,,,,,,,,,,,,,,,,,,,,,,,,,,,,,,,,,,,,,,,,,,,,,,,,,,,,,,
117,bottom,,,,,,,,,,,,,,,,,,,,,,,,,,,,,,,,,,,,,,,,,,,,,,,,,,,,,,,,
118,top,,,,,,,,,,,,,,,,,,,,,,,,,,,,,,,,,,,,,,,,,,,,,,,,,,,,,,,,
118,bottom,,,,,,,,,,,,,,,,,,,,,,,,,,,,,,,,,,,,,,,,,,,,,,,,,,,,,,,,
119,top,,,,,,,,,,,,,,,,,,,,,,,,,,,,,,,,,,,,,,,,,,,,,,,,,,,,,,,,
119,bottom,,,,,,,,,,,,,,,,,,,,,,,,,,,,,,,,,,,,,,,,,,,,,,,,,,,,,,,,
120,top,,,,,,,,,,,,,,,,,,,,,,,,,,,,,,,,,,,,,,,,,,,,,,,,,,,,,,,,
120,bottom,,,,,,,,,,,,,,,,,,,,,,,,,,,,,,,,,,,,,,,,,,,,,,,,,,,,,,,,
121,top,,,,,,,,,,,,,,,,,,,,,,,,,,,,,,,,,,,,,,,,,,,,,,,,,,,,,,,,
121,bottom,,,,,,,,,,,,,,,,,,,,,,,,,,,,,,,,,,,,,,,,,,,,,,,,,,,,,,,,
122,top,1,1038.97,320.64,1135.19,483.22,1083.90,337.23,0.7235,1087.48,334.05,0.7098,1079.93,334.05,0.7089,1091.05,336.83,0.7028,1072.79,336.44,0.8287,1102.16,353.11,0.6847,1060.49,356.28,0.7849,1114.86,373.75,0.7115,1066.04,386.05,0.7500,1126.37,394.78,0.7256,1087.48,396.37,0.5405,1094.22,399.15,0.6147,1067.63,397.56,0.6109,1102.96,439.64,0.7272,1057.31,437.65,0.6861,1089.86,455.51,0.7278,1048.18,467.02,0.7763
122,bottom,0,1065.23,620.14,1188.26,859.58,1178.77,648.08,0.7453,1180.53,643.41,0.6609,1178.19,642.82,0.6925,1158.31,641.65,0.5130,1167.67,645.16,0.6708,1130.84,648.67,0.6344,1155.98,677.31,0.7401,1094.01,665.04,0.7226,1142.53,718.23,0.6489,1081.15,698.94,0.6383,1143.11,762.08,0.7178,1082.32,711.80,0.6843,1094.59,717.06,0.6795,1101.61,769.68,0.6248,1111.55,777.86,0.6559,1087.00,822.87,0.7164,1091.09,836.32,0.7513
123,top,1,1037.23,320.79,1135.64,487.61,1086.43,337.82,0.6944,1090.51,334.15,0.6920,1082.77,334.15,0.6844,1094.17,336.59,0.6893,1075.44,336.59,0.7939,1103.95,352.48,0.7196,1062.81,355.33,0.7958,1115.35,373.65,0.7172,1069.33,385.06,0.7622,1126.75,393.61,0.7066,1092.14,394.83,0.6064,1093.76,398.09,0.6280,1067.70,396.46,0.6158,1101.50,436.37,0.7169,1057.93,436.37,0.7083,1090.10,466.51,0.7613,1048.97,466.10,0.7737
123,bottom,0,1071.89,613.08,1195.41,856.26,1184.11,642.64,0.7787,1186.49,637.89,0.6579,1184.11,637.30,0.7035,1164.52,635.52,0.5658,1172.83,639.08,0.6865,1137.21,644.42,0.6633,1162.15,670.55,0.7408,1100.40,662.23,0.7319,1144.33,708.54,0.6992,1089.12,695.48,0.6806,1140.77,752.48,0.6978,1090.90,709.73,0.6397,1104.56,715.67,0.6819,1117.02,766.73,0.5622,1112.27,775.63,0.6834,1116.43,820.75,0.7387,1090.90,835.00,0.7946
124,top,1,1037.69,321.87,1135.78,488.52,1088.36,337.66,0.6885,1092.84,334.81,0.6597,1084.70,334.81,0.6531,1096.50,338.07,0.6863,1078.60,336.85,0.7849,1106.26,353.12,0.7477,1065.58,354.75,0.7929,1114.40,373.46,0.7028,1070.87,385.26,0.7551,1125.79,394.62,0.6985,1094.87,395.02,0.5694,1094.06,397.87,0.6387,1068.02,396.65,0.6321,1099.35,434.49,0.7189,1058.26,435.30,0.7161,1091.21,474.77,0.7800,1049.71,464.19,0.7521
124,bottom,0,1072.70,608.16,1199.62,857.14,1189.04,639.04,0.8193,1191.47,634.18,0.6722,1189.65,634.18,0.7311,1170.20,631.14,0.6343,1180.53,636.00,0.7261,1144.06,641.47,0.6945,1166.55,664.57,0.7667,1107.59,660.92,0.7564,1145.88,703.47,0.7498,1095.43,696.18,0.7238,1139.20,743.59,0.6976,1102.12,713.81,0.6289,1114.27,719.89,0.6778,1130.08,764.87,0.6903,1115.49,777.63,0.7114,1139.20,818.97,0.7173,1090.57,835.99,0.7786
125,top,1,1040.01,324.46,1133.81,506.09,1093.56,339.90,0.6835,1097.10,336.79,0.7114,1089.57,336.79,0.6926,1100.65,339.90,0.6860,1082.03,339.01,0.7826,1109.08,354.97,0.7607,1068.28,356.30,0.7605,1115.73,374.92,0.7135,1070.94,385.57,0.7497,1124.15,395.77,0.7241,1090.45,396.21,0.4691,1094.89,399.76,0.6610,1069.17,397.54,0.6368,1097.10,439.66,0.6988,1058.97,437.00,0.6795,1095.33,481.79,0.7380,1050.55,460.95,0.7420
125,bottom,0,1073.58,606.43,1205.22,857.74,1194.62,635.76,0.8861,1196.46,630.85,0.7356,1194.62,630.85,0.7570,1174.98,629.62,0.6273,1185.41,632.69,0.7297,1150.44,640.05,0.7236,1171.30,661.53,0.7923,1114.86,660.91,0.7780,1147.99,697.72,0.7337,1104.43,694.66,0.7496,1139.40,736.38,0.7025,1115.47,714.29,0.5577,1121.60,717.97,0.6976,1145.53,767.06,0.7327,1120.99,778.10,0.7346,1159.03,822.89,0.7276,1091.54,835.77,0.7632
126,top,1,1042.37,329.05,1132.25,510.20,1097.04,342.68,0.7725,1100.58,339.58,0.7957,1093.06,339.58,0.7579,1104.11,342.68,0.7200,1085.98,341.35,0.8251,1111.19,358.60,0.7981,1071.39,358.15,0.7749,1115.17,380.71,0.7064,1069.62,388.67,0.7540,1122.69,401.49,0.7184,1090.41,401.94,0.5022,1094.39,405.47,0.6598,1069.62,401.94,0.6551,1096.15,446.16,0.7096,1059.89,438.20,0.6599,1096.15,489.06,0.7394,1051.93,460.76,0.7610
126,bottom,0,1074.52,604.68,1210.46,857.70,1199.32,633.59,0.9371,1201.18,629.27,0.7719,1199.32,628.65,0.7798,1180.17,628.65,0.5991,1191.29,631.12,0.7225,1156.70,641.62,0.7467,1173.38,658.30,0.7786,1123.96,662.63,0.7961,1149.90,694.13,0.7264,1113.46,696.60,0.7725,1140.64,731.81,0.7286,1133.23,720.69,0.5503,1132.61,721.31,0.7087,1158.55,770.11,0.7617,1127.67,781.85,0.7516,1174.00,823.85,0.7801,1092.46,836.20,0.7837
127,top,1,1042.53,330.83,1130.43,516.13,1100.05,346.12,0.8026,1103.67,342.95,0.8133,1095.98,342.50,0.7704,1106.84,346.57,0.7083,1087.84,344.76,0.8264,1113.17,363.31,0.8240,1072.46,361.05,0.7821,1114.98,385.03,0.6991,1067.93,392.26,0.7625,1119.51,407.65,0.6968,1085.58,407.65,0.5673,1095.08,408.55,0.6591,1070.19,404.48,0.6609,1096.43,449.72,0.7164,1060.69,441.12,0.6469,1095.08,494.96,0.7460,1053.91,459.67,0.7320
127,bottom,0,1077.93,604.14,1218.38,859.73,1203.06,633.97,0.9347,1204.94,629.60,0.7743,1201.82,628.98,0.7908,1184.35,628.35,0.6030,1193.70,630.23,0.7243,1163.75,643.33,0.7359,1173.11,657.68,0.7350,1133.18,667.67,0.7770,1150.03,695.12,0.6788,1122.57,701.36,0.7425,1140.04,731.94,0.6989,1157.51,725.70,0.5775,1144.41,725.70,0.6770,1172.49,773.12,0.7660,1138.17,786.85,0.7740,1183.10,830.52,0.8147,1096.36,834.27,0.7814
128,top,1,1044.08,330.53,1125.65,517.78,1102.24,348.27,0.8851,1105.89,345.07,0.8905,1098.12,344.61,0.8602,1109.55,347.81,0.7926,1090.35,346.90,0.8537,1114.58,368.38,0.8206,1073.89,364.27,0.7764,1114.58,391.24,0.6960,1065.67,393.98,0.7965,1116.86,413.64,0.6955,1084.41,416.38,0.6477,1095.84,411.81,0.6644,1071.61,407.70,0.6475,1097.21,452.50,0.7208,1061.09,447.01,0.6556,1094.92,496.38,0.7596,1056.07,460.72,0.7328
128,bottom,0,1088.37,603.81,1218.92,858.09,1207.65,632.86,1.0176,1208.89,629.14,0.8509,1206.41,628.52,0.9010,1190.27,628.52,0.6153,1196.48,629.76,0.7817,1171.03,646.52,0.7649,1178.47,657.70,0.7955,1143.09,674.46,0.7365,1154.88,694.94,0.7294,1132.54,707.36,0.7985,1143.71,730.33,0.7503,1167.30,725.98,0.6629,1156.13,727.23,0.6931,1182.82,773.17,0.8380,1156.13,787.44,0.8040,1182.82,834.00,0.8670,1103.98,832.14,0.8232
129,top,1,1047.51,329.32,1123.77,512.16,1103.94,348.87,0.9059,1107.51,345.30,0.9166,1100.37,344.85,0.8890,1111.08,348.87,0.8375,1091.89,347.53,0.8732,1115.10,372.08,0.8257,1074.92,364.49,0.7888,1114.21,395.29,0.6983,1061.98,391.28,0.7979,1115.10,420.29,0.6698,1070.46,413.15,0.7011,1096.80,417.61,0.6571,1073.14,414.93,0.6499,1097.24,456.89,0.7096,1063.76,452.88,0.6679,1094.12,495.73,0.7641,1059.75,462.25,0.7747
129,bottom,0,1101.26,602.90,1220.52,852.64,1211.50,631.43,0.9571,1213.33,627.77,0.8000,1210.28,627.16,0.8427,1196.87,628.38,0.5471,1199.91,628.38,0.7475,1179.79,650.33,0.6778,1181.62,656.43,0.7831,1159.67,687.53,0.5083,1157.84,690.58,0.7385,1146.26,718.62,0.4217,1148.09,728.99,0.6973,1172.48,725.33,0.5440,1164.55,726.55,0.6105,1190.16,772.89,0.7692,1174.31,785.70,0.6588,1182.84,832.65,0.7252,1117.60,824.72,0.6587
130,top,1,1051.52,331.24,1124.31,502.63,1104.24,347.90,0.9194,1107.58,344.97,0.9029,1100.05,344.13,0.8839,1111.35,347.90,0.8010,1092.10,347.06,0.8575,1116.37,372.16,0.8210,1074.95,363.38,0.7669,1114.28,397.69,0.7006,1059.05,388.48,0.8252,1114.70,423.63,0.6724,1066.58,413.59,0.7389,1097.54,418.19,0.6946,1074.95,415.68,0.6724,1097.96,457.10,0.7283,1067.83,454.59,0.6379,1094.61,495.18,0.8194,1063.65,465.05,0.7546
130,bottom,0,1115.50,600.94,1224.92,851.07,1217.23,629.52,1.0034,1218.45,625.25,0.8379,1215.40,624.64,0.9046,1208.68,625.25,0.5753,1203.80,625.86,0.8218,1189.14,650.89,0.6879,1184.86,654.56,0.8059,1175.09,689.37,0.5285,1161.66,688.76,0.7868,1188.53,723.56,0.4248,1152.50,729.06,0.7510,1179.37,726.62,0.5605,1175.09,727.84,0.6332,1192.80,775.47,0.7627,1190.36,781.58,0.7712,1183.64,832.87,0.7437,1134.18,817.60,0.6731
131,top,1,1050.69,328.17,1124.37,507.60,1103.74,346.05,0.9251,1107.68,342.54,0.9041,1099.80,342.10,0.9000,1111.63,346.05,0.8076,1091.48,344.73,0.8897,1116.44,371.01,0.8197,1075.71,361.38,0.7562,1114.69,397.30,0.7147,1056.87,383.28,0.8134,1115.57,425.33,0.7009,1061.69,411.32,0.7192,1097.61,419.20,0.6930,1074.83,417.45,0.6709,1098.48,457.75,0.7713,1069.57,456.87,0.7072,1094.98,495.42,0.8130,1066.94,477.46,0.7330
131,bottom,0,1133.08,597.29,1230.53,850.02,1221.91,626.17,0.9889,1223.76,622.47,0.8284,1220.06,621.23,0.8909,1220.06,623.70,0.5200,1207.10,622.47,0.8357,1196.61,649.61,0.7024,1188.59,650.85,0.8360,1183.04,686.02,0.5253,1166.38,685.40,0.8200,1195.38,720.57,0.4678,1158.36,726.12,0.7786,1186.74,721.19,0.5653,1180.57,721.80,0.6514,1197.23,774.87,0.6988,1200.93,779.18,0.7631,1183.04,831.01,0.7351,1150.95,814.35,0.7150
132,top,1,1049.14,326.56,1125.68,514.99,1103.51,342.57,0.8820,1107.19,339.81,0.8697,1099.37,338.89,0.8638,1110.87,343.95,0.8148,1091.55,342.11,0.8721,1116.85,368.33,0.7895,1074.99,358.67,0.7192,1115.93,397.31,0.6864,1054.29,378.91,0.7993,1115.93,425.84,0.6827,1057.51,408.36,0.7534,1098.91,418.48,0.6519,1075.45,417.10,0.6321,1098.91,458.04,0.7611,1072.23,458.50,0.6722,1094.77,495.30,0.8231,1071.77,482.42,0.7533
132,bottom,0,1153.04,594.80,1234.85,849.16,1226.86,623.24,0.9102,1228.10,618.89,0.8319,1223.75,617.65,0.8574,1223.75,621.38,0.4704,1210.09,618.27,0.7891,1203.88,646.84,0.6703,1192.71,648.08,0.7795,1192.08,684.72,0.5191,1170.35,683.48,0.7897,1202.64,718.87,0.4893,1164.76,724.46,0.7313,1188.98,721.98,0.5157,1186.50,721.98,0.6009,1193.33,771.66,0.6708,1215.68,774.76,0.6650,1183.39,825.06,0.6048,1175.94,818.23,0.6258
133,top,1,1046.38,325.01,1125.61,515.73,1102.29,340.28,0.8515,1106.02,337.03,0.8509,1098.10,336.56,0.8614,1109.74,340.75,0.8119,1090.19,339.82,0.8567,1117.19,365.43,0.7687,1074.36,356.12,0.7014,1117.19,395.69,0.6872,1052.94,374.28,0.7933,1116.26,425.49,0.6563,1053.40,403.14,0.7428,1099.97,416.65,0.6070,1075.75,414.78,0.5968,1099.50,457.62,0.7268,1073.89,456.23,0.6981,1094.84,494.87,0.7950,1074.36,492.54,0.7732
133,bottom,0,1162.91,592.13,1239.31,850.57,1230.14,621.65,0.8485,1232.03,616.61,0.8073,1227.61,615.98,0.7761,1230.77,619.13,0.4566,1214.36,617.24,0.7266,1213.10,645.63,0.6921,1197.32,646.89,0.7732,1204.27,684.75,0.5789,1175.87,683.49,0.8099,1215.62,717.56,0.5923,1171.46,723.24,0.7344,1203.63,721.35,0.4945,1192.28,721.35,0.5829,1193.54,771.19,0.6309,1226.35,772.46,0.6326,1185.34,825.46,0.5931,1189.12,823.56,0.6127
134,top,1,1045.20,322.16,1125.79,519.38,1100.90,337.95,0.8415,1104.76,335.06,0.8354,1097.05,334.58,0.8386,1108.13,338.91,0.7942,1089.35,337.95,0.8422,1116.79,362.99,0.7806,1073.94,354.80,0.6922,1118.24,393.32,0.7170,1053.23,369.73,0.7723,1116.31,423.18,0.6616,1051.31,400.06,0.7439,1100.90,417.88,0.6052,1077.31,414.99,0.6044,1099.46,457.85,0.7349,1076.35,456.88,0.7223,1095.61,494.92,0.7648,1077.31,497.81,0.7978
134,bottom,0,1169.32,591.47,1248.47,850.72,1235.48,619.82,0.8871,1236.74,614.76,0.8440,1231.68,614.76,0.8107,1235.48,617.29,0.4715,1217.75,617.29,0.7686,1220.92,645.77,0.7322,1201.93,648.94,0.7865,1216.49,682.48,0.7261,1181.67,685.02,0.8307,1234.21,711.60,0.7843,1179.14,725.53,0.7458,1202.56,720.46,0.4915,1198.13,719.83,0.5935,1194.97,771.73,0.7209,1234.21,771.10,0.7206,1183.57,829.33,0.7465,1213.32,824.90,0.6536
135,top,1,1044.40,322.50,1127.08,523.68,1099.49,337.63,0.8404,1103.42,334.68,0.8170,1095.56,334.19,0.8031,1106.86,338.61,0.7671,1087.71,337.63,0.8480,1116.68,361.69,0.7978,1073.46,354.33,0.7009,1119.63,391.65,0.7452,1053.32,369.06,0.7859,1116.68,418.67,0.7262,1049.89,398.53,0.7563,1100.97,418.18,0.6166,1077.88,416.70,0.6235,1099.49,458.45,0.7522,1077.88,456.98,0.7529,1096.05,494.80,0.7694,1079.36,500.69,0.8075
135,bottom,0,1170.25,591.34,1269.44,850.63,1240.10,619.07,0.9136,1240.73,614.64,0.8678,1235.67,614.64,0.7855,1240.73,617.17,0.4832,1221.74,617.80,0.7646,1228.07,646.29,0.7315,1207.18,651.35,0.8135,1226.18,679.84,0.7174,1188.83,688.70,0.8102,1249.60,705.79,0.7764,1186.93,731.11,0.7668,1205.29,719.72,0.4894,1207.18,720.35,0.6235,1197.69,771.00,0.6828,1240.73,771.63,0.7540,1184.40,829.23,0.8323,1235.04,829.23,0.7179
136,top,1,1044.05,324.42,1127.40,527.43,1098.61,337.70,0.8566,1102.58,334.73,0.8312,1094.65,334.23,0.7954,1106.04,338.69,0.7768,1086.71,337.21,0.8602,1115.96,361.99,0.8332,1071.85,355.05,0.7304,1120.42,391.23,0.7567,1054.00,370.41,0.7801,1115.96,417.00,0.7528,1050.04,398.17,0.7718,1100.59,418.99,0.6318,1078.78,417.99,0.6324,1099.11,459.63,0.7297,1079.28,458.64,0.7542,1095.64,493.33,0.7652,1081.76,503.24,0.8114
136,bottom,0,1170.14,593.12,1290.83,852.53,1244.42,621.50,0.9388,1245.69,616.43,0.8737,1239.99,617.06,0.8301,1246.95,618.33,0.4752,1226.69,620.23,0.7651,1233.65,647.46,0.7327,1214.02,654.43,0.8251,1234.92,679.76,0.7110,1196.92,690.53,0.8016,1264.68,701.93,0.7725,1195.65,734.23,0.7514,1206.42,721.56,0.5746,1215.92,722.83,0.6766,1201.35,771.59,0.7290,1245.05,773.49,0.7567,1184.25,829.23,0.8858,1255.18,832.39,0.7778
137,top,1,1043.49,326.23,1126.54,526.70,1097.25,339.84,0.8700,1101.16,336.90,0.8528,1093.33,336.41,0.8011,1105.08,339.84,0.7931,1085.99,338.86,0.8683,1114.87,363.33,0.8403,1070.33,357.95,0.7429,1120.25,392.21,0.7596,1054.67,374.10,0.7858,1113.89,416.68,0.7517,1049.78,402.00,0.7745,1099.70,420.10,0.6231,1079.14,419.13,0.6222,1099.21,461.71,0.7144,1080.61,462.19,0.7508,1094.80,492.54,0.7598,1083.06,506.24,0.7923
137,bottom,0,1171.33,595.49,1307.53,854.91,1250.83,623.23,0.9365,1251.46,618.16,0.8503,1246.39,618.80,0.8409,1251.46,620.06,0.4431,1231.83,621.96,0.7750,1238.79,649.20,0.7172,1221.06,657.43,0.8032,1242.59,678.33,0.7047,1205.86,697.97,0.7299,1273.63,695.43,0.7432,1205.23,741.67,0.6920,1212.83,724.57,0.6266,1224.23,726.47,0.6970,1205.23,772.70,0.7758,1249.56,777.77,0.7773,1184.96,829.70,0.8756,1271.09,832.87,0.7872
138,top,1,1044.04,328.07,1126.55,526.06,1095.93,342.96,0.8623,1099.31,339.58,0.8788,1091.58,339.09,0.8193,1103.18,342.96,0.8444,1084.33,342.48,0.8895,1113.33,366.16,0.8477,1068.86,361.33,0.7827,1120.10,393.23,0.7758,1055.33,379.21,0.7860,1114.30,413.53,0.7483,1050.01,405.80,0.7917,1100.76,424.16,0.6402,1079.50,423.20,0.6419,1100.28,467.67,0.7252,1081.43,466.22,0.7298,1094.96,492.32,0.7877,1085.30,511.65,0.8143
138,bottom,0,1171.65,596.31,1312.56,855.91,1256.05,624.70,0.9108,1257.31,619.63,0.8415,1252.24,619.63,0.8295,1257.31,620.90,0.4261,1237.67,622.80,0.7643,1244.64,650.69,0.6903,1228.79,659.56,0.7767,1248.44,678.57,0.6640,1214.85,702.66,0.7060,1282.67,692.52,0.7287,1214.22,744.49,0.6454,1221.19,724.84,0.5907,1229.43,726.74,0.6908,1211.05,773.65,0.7359,1255.41,780.62,0.7452,1185.69,828.79,0.8347,1278.86,835.13,0.7694
139,top,1,1045.68,328.71,1126.18,530.21,1095.27,345.34,0.8262,1098.72,341.40,0.8671,1090.85,341.40,0.8160,1102.65,344.85,0.8148,1083.47,344.36,0.8642,1112.98,369.45,0.8306,1067.72,365.02,0.7886,1119.87,395.52,0.7721,1056.41,386.17,0.7349,1114.46,412.74,0.7649,1050.51,412.24,0.7650,1101.18,427.49,0.6163,1079.53,427.00,0.6196,1102.65,472.26,0.7344,1081.01,469.80,0.7120,1096.75,491.94,0.7698,1086.42,512.60,0.8082
139,bottom,0,1171.99,597.73,1313.60,856.52,1261.75,624.77,0.9149,1262.38,619.72,0.8305,1257.32,620.35,0.7950,1261.75,621.61,0.4333,1244.06,623.51,0.7479,1251.64,651.31,0.7090,1235.21,660.78,0.7825,1256.06,678.47,0.6493,1222.57,702.48,0.6872,1288.92,689.85,0.7269,1222.57,743.55,0.6270,1228.89,725.86,0.6191,1236.47,727.76,0.6975,1221.94,773.25,0.7128,1260.48,780.20,0.7571,1189.09,825.06,0.8224,1280.07,836.43,0.7833
140,top,1,1046.78,331.34,1125.92,531.89,1093.20,346.42,0.8465,1096.63,342.99,0.8737,1088.80,342.99,0.8726,1101.53,346.42,0.8524,1082.43,346.42,0.8558,1112.30,370.90,0.8215,1067.74,368.94,0.7901,1118.66,397.83,0.7542,1057.46,393.92,0.7443,1114.26,414.48,0.7230,1052.56,420.35,0.7215,1100.55,429.17,0.6251,1079.00,428.19,0.6272,1104.47,474.21,0.7405,1082.43,471.77,0.7151,1098.10,493.80,0.7730,1087.33,513.87,0.8114
140,bottom,0,1178.71,596.91,1317.76,855.96,1267.84,625.25,0.9505,1267.84,620.19,0.8474,1263.41,621.45,0.8230,1265.31,622.09,0.4199,1250.13,624.61,0.7776,1258.35,651.81,0.7464,1242.54,661.93,0.7804,1261.51,679.01,0.6691,1231.16,703.04,0.6915,1293.14,689.76,0.7526,1231.79,742.88,0.6595,1238.11,724.54,0.6278,1244.44,726.44,0.7021,1234.32,771.97,0.7491,1264.68,781.46,0.7568,1195.11,820.67,0.8354,1282.38,835.85,0.8016
141,top,1,1051.18,331.71,1124.50,533.85,1092.28,346.91,0.8735,1095.74,342.96,0.8758,1088.34,343.45,0.8953,1100.18,346.41,0.8783,1081.43,346.91,0.8518,1111.53,371.09,0.8298,1067.61,370.59,0.8150,1117.45,399.22,0.7687,1059.22,398.23,0.7651,1114.49,418.46,0.7479,1056.26,426.36,0.7221,1101.17,430.80,0.6349,1078.96,430.31,0.6285,1106.10,476.21,0.7614,1082.41,475.22,0.7216,1098.70,493.48,0.7411,1087.35,513.71,0.8207
141,bottom,0,1185.57,597.35,1320.09,856.55,1273.72,625.07,0.9341,1274.35,620.64,0.8529,1269.29,621.27,0.8158,1273.72,622.54,0.4453,1256.00,624.43,0.7878,1263.59,651.65,0.7557,1249.04,662.40,0.7885,1267.39,679.49,0.7098,1240.81,703.54,0.6956,1295.86,690.88,0.7775,1244.61,745.93,0.6822,1249.04,727.58,0.5928,1253.47,729.48,0.6863,1247.77,773.15,0.7376,1269.92,782.64,0.7570,1204.74,814.91,0.8265,1283.21,835.16,0.8073
142,top,1,1054.75,331.73,1124.35,534.59,1091.04,346.99,0.9044,1095.00,343.02,0.8773,1087.07,343.52,0.8897,1099.95,346.00,0.8749,1080.64,346.99,0.8302,1111.34,370.76,0.8240,1067.26,370.26,0.8265,1117.28,400.97,0.7806,1061.82,399.48,0.7550,1114.81,422.76,0.7681,1059.83,427.71,0.7101,1101.44,432.17,0.6346,1078.16,432.17,0.6303,1105.40,477.24,0.7424,1082.12,476.74,0.7156,1100.45,492.59,0.7625,1088.06,513.89,0.8263
142,bottom,0,1199.25,597.36,1322.38,857.35,1277.96,624.52,0.9317,1278.59,620.08,0.8592,1273.51,621.35,0.8248,1279.23,621.99,0.5152,1260.82,623.89,0.7793,1270.34,652.45,0.7481,1254.47,661.97,0.7949,1274.15,682.92,0.6993,1248.12,701.96,0.6755,1299.54,693.71,0.7671,1254.47,745.13,0.6839,1260.18,731.16,0.5392,1260.82,732.43,0.6490,1260.82,774.96,0.6765,1273.51,781.94,0.7418,1217.02,809.87,0.7614,1283.03,835.26,0.7794
143,top,1,1056.99,331.18,1124.82,534.47,1089.91,346.47,0.9207,1093.88,342.50,0.9050,1085.94,342.99,0.8881,1098.85,345.47,0.8541,1079.49,345.97,0.8381,1110.76,370.29,0.8153,1067.08,369.79,0.8169,1116.71,401.56,0.7997,1062.62,400.56,0.7581,1115.72,427.86,0.7617,1063.11,428.36,0.7052,1100.34,430.84,0.6164,1078.99,430.84,0.6122,1105.30,475.51,0.7279,1081.48,477.00,0.7087,1102.32,494.86,0.7528,1088.42,513.23,0.8319
143,bottom,0,1212.56,596.13,1322.29,857.10,1284.63,624.03,0.9470,1285.26,619.57,0.8576,1280.17,620.85,0.8598,1285.90,622.12,0.4881,1266.79,623.39,0.7852,1276.34,652.70,0.7701,1259.14,660.99,0.8042,1280.17,684.56,0.7071,1254.04,704.31,0.7042,1303.10,700.49,0.7938,1264.24,743.81,0.7163,1276.34,729.16,0.5977,1262.96,731.71,0.6437,1278.25,775.67,0.6307,1275.71,781.40,0.7291,1231.74,804.98,0.7293,1282.71,836.20,0.7510
144,top,1,1056.77,330.58,1124.97,533.71,1089.38,346.35,0.9129,1092.85,342.38,0.9045,1085.41,342.38,0.8831,1098.31,345.36,0.8279,1078.97,345.85,0.8472,1110.71,369.66,0.8147,1066.57,369.16,0.8156,1115.67,402.88,0.7581,1063.10,400.90,0.7515,1116.66,432.64,0.7294,1066.57,428.17,0.6859,1100.79,432.14,0.6309,1079.46,432.14,0.6259,1104.26,474.79,0.7220,1081.45,477.77,0.7220,1103.27,500.08,0.7527,1088.39,513.97,0.8320
144,bottom,0,1226.18,596.05,1322.24,857.29,1290.16,623.99,0.9539,1290.79,619.52,0.8646,1285.05,620.16,0.8752,1291.43,622.07,0.4523,1271.66,623.35,0.7841,1282.50,650.77,0.7816,1263.37,660.98,0.8226,1284.42,685.85,0.7194,1260.82,704.35,0.7515,1304.19,706.90,0.8223,1275.49,742.61,0.7394,1284.42,726.03,0.6417,1265.92,729.22,0.6599,1295.90,772.59,0.7175,1278.68,780.24,0.7649,1246.15,803.20,0.7894,1283.14,836.37,0.7890
145,top,1,1057.07,329.14,1124.73,537.15,1088.87,345.80,0.9036,1092.42,342.24,0.9091,1084.81,342.24,0.8734,1098.01,345.29,0.8272,1078.20,345.29,0.8589,1110.20,369.66,0.8132,1066.02,368.65,0.8255,1115.28,402.67,0.7347,1063.48,400.13,0.7507,1117.31,432.64,0.6986,1068.56,425.53,0.6977,1101.06,431.11,0.6027,1079.22,431.11,0.5978,1103.60,475.29,0.7203,1081.76,477.32,0.7147,1104.10,507.29,0.7802,1087.35,513.38,0.8372
145,bottom,0,1242.48,595.84,1320.95,857.51,1294.49,624.46,0.9652,1295.13,619.99,0.8929,1290.02,621.27,0.8576,1295.13,621.91,0.5006,1276.61,623.82,0.7904,1289.38,648.74,0.8310,1267.66,660.24,0.8447,1292.58,684.51,0.7283,1265.74,702.40,0.7889,1304.71,710.07,0.8003,1283.63,739.45,0.7617,1293.85,724.12,0.6974,1272.77,727.95,0.6856,1307.27,772.67,0.8328,1282.99,782.26,0.8030,1262.55,804.62,0.8398,1282.99,836.56,0.8289
146,top,1,1056.58,330.96,1124.38,539.37,1088.45,347.14,0.8995,1092.01,343.07,0.8891,1084.38,343.07,0.8539,1097.61,346.63,0.8114,1077.76,346.63,0.8493,1109.82,372.58,0.8114,1066.06,370.54,0.8224,1113.89,403.62,0.7274,1063.01,401.58,0.7582,1117.45,432.62,0.6570,1071.66,424.48,0.7134,1101.68,430.58,0.5962,1078.78,430.58,0.5861,1102.19,476.38,0.7245,1082.34,477.90,0.7319,1104.22,515.05,0.8219,1088.45,514.54,0.8303
146,bottom,0,1255.48,597.45,1324.77,857.56,1299.02,626.54,0.8906,1300.29,622.09,0.8920,1294.57,622.73,0.8176,1301.56,622.73,0.5548,1280.60,625.27,0.7666,1295.21,648.13,0.7988,1272.35,658.92,0.8315,1295.84,688.13,0.6526,1271.71,701.47,0.7585,1304.10,721.16,0.6060,1289.49,736.40,0.7286,1297.75,723.70,0.6615,1277.43,728.14,0.6560,1316.16,771.96,0.8171,1286.32,782.75,0.7811,1276.16,806.88,0.8019,1283.78,836.73,0.8597
147,top,1,1056.61,331.84,1124.84,545.10,1088.12,348.40,0.8939,1091.77,344.24,0.9042,1083.96,344.24,0.8526,1096.97,348.40,0.8110,1077.71,347.88,0.8622,1108.95,373.91,0.8093,1065.74,372.35,0.8219,1113.11,404.11,0.7534,1061.57,402.55,0.7925,1117.80,433.26,0.6779,1073.02,422.33,0.7217,1100.62,432.74,0.6144,1078.75,432.74,0.6083,1101.14,478.04,0.7494,1082.40,478.56,0.7361,1103.74,520.21,0.8288,1088.64,515.00,0.8257
147,bottom,0,1261.18,597.99,1333.04,857.08,1303.44,627.59,0.8317,1305.34,622.53,0.7796,1299.01,623.17,0.7390,1306.60,623.17,0.5258,1285.10,625.06,0.7444,1300.91,649.10,0.7851,1276.24,659.22,0.8256,1299.64,689.58,0.6204,1276.24,701.60,0.7546,1307.87,720.58,0.5845,1295.85,734.49,0.7129,1304.07,724.37,0.6831,1281.30,728.80,0.6632,1324.31,771.81,0.8058,1288.26,782.57,0.8114,1296.48,812.93,0.7903,1284.46,835.07,0.8365
148,top,1,1054.41,331.66,1124.89,549.36,1086.99,350.16,0.8931,1091.25,345.90,0.9012,1083.27,345.90,0.8549,1096.56,350.16,0.8189,1076.90,349.62,0.8886,1108.79,376.73,0.8048,1065.20,374.07,0.8323,1112.51,405.96,0.7677,1060.42,403.84,0.8135,1118.35,433.07,0.7110,1073.71,421.91,0.7020,1099.22,434.66,0.6195,1078.49,434.66,0.6176,1099.22,480.37,0.7528,1081.68,479.84,0.7243,1101.35,523.42,0.8155,1088.59,513.32,0.8130
148,bottom,0,1264.75,599.21,1340.34,856.02,1309.44,627.92,0.8365,1310.70,622.91,0.7802,1304.43,623.53,0.7315,1311.32,622.91,0.5078,1290.01,625.41,0.7251,1306.31,650.49,0.7694,1279.35,659.90,0.8231,1304.43,689.99,0.6056,1281.23,702.53,0.7619,1313.20,721.97,0.5850,1303.80,735.76,0.7128,1310.07,725.73,0.6723,1286.87,729.49,0.6532,1329.51,773.38,0.8117,1290.63,782.16,0.8057,1312.58,821.66,0.7631,1284.36,835.45,0.8494
149,top,0,1053.59,332.66,1126.17,552.52,1087.20,352.41,0.9024,1091.49,348.12,0.9048,1083.44,348.12,0.8566,1096.86,352.41,0.8321,1077.54,351.87,0.8775,1108.67,379.25,0.8222,1065.19,376.57,0.8394,1112.43,407.70,0.7594,1059.29,405.02,0.8265,1118.33,432.39,0.7126,1073.78,421.66,0.6637,1099.01,436.69,0.6316,1078.07,436.69,0.6320,1098.47,482.85,0.7489,1081.83,481.78,0.7305,1099.01,525.79,0.7866,1088.27,513.98,0.8034
149,bottom,1,1268.46,600.03,1351.92,855.91,1314.56,629.89,0.8135,1315.81,624.90,0.7648,1308.94,625.52,0.7121,1317.06,624.27,0.5161,1294.57,626.77,0.7202,1312.06,651.13,0.7428,1283.33,660.50,0.8081,1308.31,690.49,0.5827,1285.82,702.98,0.7618,1317.06,721.72,0.5449,1308.94,736.09,0.7130,1315.18,725.47,0.6551,1290.82,728.60,0.6352,1333.30,776.07,0.8038,1293.32,782.94,0.7850,1328.30,830.42,0.7938,1285.20,834.79,0.8257
150,top,1,1054.07,334.00,1126.96,554.35,1087.28,353.80,0.8969,1091.05,350.03,0.8987,1083.52,349.50,0.8561,1096.43,353.80,0.8385,1077.60,353.26,0.8851,1108.80,380.70,0.8066,1064.69,378.01,0.8290,1112.57,407.60,0.7177,1058.77,407.06,0.8132,1118.49,430.73,0.6827,1072.22,421.58,0.6397,1099.12,438.80,0.6349,1077.60,438.80,0.6305,1099.12,485.06,0.7479,1081.90,483.99,0.7212,1098.58,529.71,0.8077,1088.90,514.11,0.7841
150,bottom,0,1272.27,601.05,1375.04,859.45,1319.24,631.83,0.8117,1320.50,626.79,0.7681,1314.19,627.42,0.7666,1321.13,626.16,0.5437,1300.94,628.05,0.7650,1317.98,651.39,0.7181,1288.33,661.49,0.7967,1313.56,692.40,0.5635,1290.22,704.38,0.7811,1322.39,723.94,0.5407,1313.56,737.19,0.7054,1320.50,727.73,0.6341,1294.63,729.62,0.6405,1335.01,779.46,0.7769,1295.27,783.24,0.7539,1341.95,837.50,0.7817,1284.54,834.34,0.8188
151,top,1,1053.86,336.48,1127.01,554.39,1087.24,355.52,0.8832,1090.97,351.27,0.8951,1083.52,351.27,0.8445,1096.82,354.46,0.8331,1077.66,353.93,0.8702,1109.05,382.12,0.8003,1064.36,379.46,0.8243,1112.78,408.72,0.7203,1059.04,408.19,0.8032,1119.16,431.60,0.6947,1070.75,424.15,0.7234,1097.88,440.11,0.6276,1077.66,439.58,0.6264,1097.35,485.86,0.7476,1080.86,484.27,0.7135,1097.35,531.09,0.8020,1088.31,513.53,0.7823
151,bottom,0,1273.16,603.12,1378.36,860.68,1325.13,633.18,0.7782,1326.39,628.77,0.7438,1319.47,630.03,0.7287,1327.02,627.52,0.5044,1306.27,630.66,0.7302,1325.13,653.30,0.7183,1294.32,663.36,0.7871,1319.47,692.91,0.5558,1294.95,706.12,0.7541,1327.02,723.72,0.5502,1318.22,740.07,0.6918,1325.76,727.50,0.6232,1299.98,729.38,0.6163,1337.71,782.20,0.7220,1299.35,784.09,0.7355,1348.40,840.68,0.8010,1285.52,834.39,0.7992
152,top,0,1054.00,336.11,1127.22,554.92,1087.94,356.31,0.8941,1091.68,352.03,0.8895,1083.67,351.50,0.8584,1097.02,355.77,0.8322,1077.79,355.24,0.8806,1109.31,383.02,0.8067,1064.44,379.81,0.8294,1113.58,409.73,0.7388,1059.09,409.19,0.7847,1120.53,434.30,0.7194,1068.71,426.82,0.7741,1097.56,441.25,0.6346,1077.26,441.25,0.6368,1097.56,486.65,0.7546,1080.46,486.12,0.7188,1096.49,531.53,0.8261,1087.94,513.36,0.8023
152,bottom,1,1274.15,605.20,1380.20,870.29,1330.41,634.84,0.7598,1331.70,629.66,0.7173,1324.58,630.96,0.6958,1333.00,629.66,0.4988,1311.64,632.25,0.6940,1330.41,654.26,0.7254,1299.34,665.26,0.7830,1323.94,694.38,0.5638,1298.70,707.97,0.7674,1331.70,725.45,0.5522,1322.64,740.98,0.6829,1330.41,729.98,0.6382,1304.52,731.92,0.6106,1340.76,784.99,0.7146,1303.87,785.64,0.7156,1350.47,843.88,0.7871,1286.40,833.53,0.7828
153,top,0,1054.21,336.54,1126.75,554.67,1087.82,356.67,0.8938,1091.55,352.41,0.8922,1084.09,351.88,0.8550,1096.87,356.14,0.8293,1077.70,355.07,0.8729,1109.12,383.30,0.8070,1064.39,379.57,0.8261,1113.91,411.52,0.7442,1059.59,408.86,0.7530,1121.37,437.62,0.7271,1066.52,428.56,0.7142,1097.40,441.88,0.6172,1076.63,441.34,0.6196,1097.40,488.21,0.7480,1077.17,487.14,0.7225,1096.34,531.87,0.8169,1087.28,512.70,0.7812
153,bottom,3,1273.07,605.81,1377.72,872.14,1335.15,635.59,0.7868,1337.10,631.03,0.7574,1330.60,631.68,0.7034,1339.05,630.38,0.5365,1317.59,632.98,0.6734,1336.45,656.39,0.7299,1305.24,665.50,0.7920,1329.95,696.71,0.5576,1303.29,709.06,0.7798,1337.75,727.92,0.5245,1324.74,743.52,0.7179,1337.10,733.12,0.6529,1310.44,735.72,0.6175,1343.60,788.39,0.6879,1312.39,787.74,0.7261,1349.45,847.56,0.7856,1288.33,833.26,0.7625
154,top,0,1054.82,337.02,1128.02,554.50,1088.23,357.62,0.8824,1091.95,353.38,0.8943,1083.98,352.85,0.8514,1097.26,356.56,0.8161,1077.61,356.03,0.8604,1109.47,384.17,0.8091,1064.34,379.39,0.8094,1114.78,413.37,0.7510,1060.09,409.66,0.7262,1121.15,439.39,0.7249,1063.28,433.55,0.6781,1096.73,443.11,0.6135,1076.02,442.58,0.6228,1096.20,489.30,0.7490,1074.43,489.83,0.7466,1095.66,532.31,0.8044,1085.58,510.54,0.7718
154,bottom,1,1276.94,606.70,1378.35,873.73,1340.68,633.30,0.7009,1341.33,628.74,0.6844,1336.12,629.39,0.6181,1343.29,630.04,0.5363,1325.03,632.00,0.6462,1343.29,658.07,0.7155,1310.04,666.55,0.7939,1336.77,697.84,0.5339,1307.43,710.23,0.7636,1344.59,730.44,0.5299,1326.34,744.78,0.7291,1341.98,734.35,0.6490,1315.26,736.95,0.6235,1346.55,789.76,0.7034,1321.12,789.11,0.6999,1349.81,849.74,0.7597,1292.44,830.18,0.7158
