frame,player,det_idx,bbox_x1,bbox_y1,bbox_x2,bbox_y2,nose_x,nose_y,nose_s,L_eye_x,L_eye_y,L_eye_s,R_eye_x,R_eye_y,R_eye_s,L_ear_x,L_ear_y,L_ear_s,R_ear_x,R_ear_y,R_ear_s,L_shoulder_x,L_shoulder_y,L_shoulder_s,R_shoulder_x,R_shoulder_y,R_shoulder_s,L_elbow_x,L_elbow_y,L_elbow_s,R_elbow_x,R_elbow_y,R_elbow_s,L_wrist_x,L_wrist_y,L_wrist_s,R_wrist_x,R_wrist_y,R_wrist_s,L_hip_x,L_hip_y,L_hip_s,R_hip_x,R_hip_y,R_hip_s,L_knee_x,L_knee_y,L_knee_s,R_knee_x,R_knee_y,R_knee_s,L_ankle_x,L_ankle_y,L_ankle_s,R_ankle_x,R_ankle_y,R_ankle_s
0,top,1,855.60,363.79,987.12,546.30,900.87,381.53,0.8800,904.43,378.41,0.8532,897.75,378.41,0.8422,911.11,381.97,0.8753,892.40,382.86,0.8143,927.60,399.35,0.7254,882.60,403.36,0.8036,944.98,418.51,0.7608,873.69,430.09,0.7870,950.32,449.70,0.7469,862.10,457.27,0.7489,928.05,449.70,0.6454,898.64,451.03,0.6873,949.88,488.46,0.7327,874.13,488.91,0.6717,969.93,526.78,0.8314,872.80,515.64,0.7218
0,bottom,0,637.71,706.70,833.98,959.57,750.54,743.05,0.8375,747.98,740.49,0.5882,750.54,741.77,0.4768,742.23,744.33,0.7450,759.48,746.88,0.6476,723.70,766.05,0.7257,771.62,769.88,0.8224,689.20,757.74,0.7378,795.26,783.30,0.9184,663.01,727.08,0.8145,793.35,753.91,0.9087,737.12,840.80,0.6995,766.51,838.25,0.7261,691.12,885.52,0.8370,764.59,868.27,0.6678,677.70,939.19,0.8913,814.43,891.91,0.6758
1,top,1,846.76,362.43,986.31,547.55,898.82,383.21,0.8714,902.45,380.03,0.8498,895.64,380.03,0.8417,909.26,383.67,0.8560,890.64,383.67,0.8230,926.07,400.93,0.7433,881.10,405.02,0.8174,944.24,420.46,0.7695,872.92,431.36,0.7911,949.69,453.62,0.7113,862.02,459.08,0.7540,927.43,451.81,0.6714,897.45,452.72,0.6939,949.69,489.06,0.7487,870.65,488.15,0.6911,971.95,526.31,0.8562,862.93,517.22,0.7695
1,bottom,0,650.72,727.09,826.65,958.37,739.26,746.52,0.7798,739.83,743.66,0.5148,735.82,743.66,0.5042,732.39,749.96,0.6434,748.99,750.53,0.6569,717.50,773.44,0.6786,763.88,771.72,0.7559,689.44,771.72,0.3676,791.94,790.62,0.8417,671.68,765.99,0.4886,794.23,765.42,0.8277,732.39,844.45,0.6656,762.74,842.73,0.6662,685.43,887.40,0.7855,753.57,873.08,0.5229,677.98,939.51,0.8417,796.52,902.29,0.6750
2,top,1,830.95,369.66,986.12,547.21,896.41,386.71,0.9052,900.45,382.67,0.8259,893.38,382.67,0.8523,907.02,385.70,0.8765,888.33,385.70,0.8656,923.68,403.88,0.7603,879.74,407.92,0.8137,942.37,424.09,0.8165,871.66,435.71,0.7865,948.43,455.40,0.7535,860.55,463.49,0.7778,926.72,454.90,0.6954,895.90,455.91,0.6998,949.45,490.76,0.7816,869.64,488.74,0.7422,972.68,526.12,0.8399,851.45,522.08,0.8272
2,bottom,0,642.54,721.95,814.02,958.14,734.05,744.90,0.8446,732.89,742.59,0.5704,731.16,742.59,0.4842,726.55,748.94,0.7317,745.00,748.94,0.6458,714.44,774.31,0.6929,761.73,769.69,0.8127,689.07,785.26,0.5250,791.13,790.45,0.8322,659.66,788.15,0.6685,795.17,770.85,0.8249,730.59,842.35,0.6740,762.30,839.47,0.6983,684.46,886.17,0.7906,753.08,870.03,0.5554,677.54,936.92,0.8704,792.29,902.32,0.7321
3,top,1,819.21,377.65,988.74,546.49,893.49,391.43,0.8812,896.80,387.57,0.8431,890.18,388.12,0.8661,903.97,390.88,0.8910,886.31,391.43,0.8338,922.18,409.09,0.7815,878.03,414.06,0.8347,939.84,428.96,0.8174,870.31,440.00,0.7995,947.02,458.76,0.7471,857.62,469.24,0.7963,925.49,459.86,0.7149,895.14,460.97,0.7052,949.78,496.29,0.7874,866.45,493.53,0.7756,974.06,527.74,0.8388,842.72,526.09,0.8842
3,bottom,0,654.34,715.49,815.42,958.50,731.91,739.69,0.9141,733.10,737.32,0.5767,728.35,737.32,0.6546,723.61,744.44,0.7330,740.81,743.25,0.7316,710.55,776.48,0.7432,761.58,764.61,0.8002,684.45,801.99,0.6857,791.83,785.97,0.8140,667.24,817.41,0.7432,797.17,780.04,0.7888,730.73,838.77,0.7141,763.36,834.62,0.7489,686.23,884.45,0.8229,760.39,861.91,0.6426,677.92,934.29,0.8922,794.21,897.51,0.7918
4,top,1,817.18,381.37,988.69,547.00,890.66,395.52,0.8598,894.01,392.17,0.8264,887.31,392.17,0.8572,901.26,395.52,0.8626,883.40,396.07,0.8072,918.57,413.38,0.7529,875.58,418.96,0.8158,935.32,434.04,0.7773,867.77,444.65,0.7898,943.14,461.95,0.7106,853.25,470.89,0.8002,923.60,463.63,0.6842,894.01,464.19,0.6812,948.72,499.36,0.7786,863.86,495.45,0.7478,973.84,528.95,0.8457,839.29,527.83,0.8728
4,bottom,0,654.11,708.28,817.28,957.71,730.82,731.30,0.9219,730.82,728.86,0.5296,727.17,728.26,0.6889,723.52,735.56,0.7505,740.57,733.74,0.7379,710.12,773.93,0.8069,762.49,755.66,0.8188,697.94,806.81,0.7109,792.33,776.36,0.7802,688.20,833.61,0.7127,801.46,776.97,0.7192,734.48,831.17,0.7175,765.54,825.69,0.7671,693.68,881.71,0.8208,770.41,851.88,0.7549,679.06,934.09,0.8891,799.64,892.07,0.8189
5,top,1,814.51,384.39,988.86,547.08,883.52,399.33,0.8731,887.49,395.36,0.8373,880.68,395.36,0.8867,896.01,398.76,0.8668,876.71,399.33,0.7716,912.47,416.92,0.7428,871.03,420.90,0.8270,931.20,435.08,0.7703,862.52,445.87,0.8147,939.14,459.49,0.6572,845.49,466.87,0.8038,918.14,465.73,0.7032,889.76,465.73,0.6993,945.95,501.49,0.7502,857.98,494.68,0.7753,973.19,529.30,0.8204,838.12,527.03,0.8711
5,bottom,0,654.39,700.48,820.48,955.65,730.58,722.78,0.9327,729.96,720.91,0.5622,728.09,720.29,0.7196,723.11,727.77,0.7611,741.17,724.03,0.7519,713.14,768.26,0.8796,764.22,745.83,0.8370,714.38,806.88,0.7419,793.50,768.88,0.8176,713.76,842.39,0.6733,809.08,782.59,0.7022,740.55,824.33,0.7392,770.45,818.72,0.7801,701.92,877.90,0.8197,781.67,844.89,0.7414,682.61,930.86,0.8747,807.83,889.12,0.8311
6,top,1,814.32,381.36,988.68,547.76,875.96,395.88,0.9163,879.94,392.48,0.8420,872.56,392.48,0.9040,887.88,395.32,0.8678,868.58,395.88,0.8148,905.48,415.18,0.7417,863.48,418.02,0.8358,926.48,435.05,0.7815,853.83,442.42,0.8030,936.69,463.99,0.7097,832.26,461.72,0.7736,910.58,465.13,0.6932,881.64,464.56,0.7079,938.96,501.45,0.7114,848.15,490.67,0.7908,971.88,528.69,0.8176,836.80,526.99,0.8747
6,bottom,0,661.35,694.00,829.86,951.16,731.79,717.73,0.9319,729.28,715.22,0.5621,731.79,714.59,0.7034,723.63,722.75,0.6932,743.10,718.98,0.7204,716.73,763.56,0.8981,766.95,740.33,0.8359,725.52,796.84,0.7305,793.95,764.19,0.8248,731.79,815.67,0.4672,809.02,785.53,0.7920,746.86,818.81,0.7543,776.37,811.90,0.7849,707.94,870.92,0.8630,794.58,840.16,0.8085,692.24,926.17,0.9011,815.92,889.13,0.8616
7,top,1,813.36,377.07,987.05,547.66,867.41,391.69,0.8746,871.37,388.30,0.8392,864.02,388.30,0.8541,880.42,391.13,0.8682,861.19,392.26,0.8275,897.38,410.35,0.7326,856.10,413.18,0.8363,918.86,428.44,0.7478,844.23,436.36,0.7605,929.04,454.45,0.7824,822.75,451.06,0.7396,900.20,462.36,0.7139,870.80,461.23,0.7420,927.91,497.98,0.6687,836.88,487.24,0.7788,966.92,528.51,0.8067,835.19,525.69,0.8585
7,bottom,0,682.32,691.84,837.91,946.23,734.03,715.31,0.9259,732.17,712.21,0.6885,734.03,712.21,0.5684,726.58,719.66,0.8042,747.07,716.56,0.6551,720.36,761.27,0.8879,770.67,737.67,0.8495,732.79,790.47,0.6987,798.00,767.49,0.8136,745.21,808.48,0.4045,811.04,793.57,0.7757,755.15,816.55,0.7425,784.34,809.10,0.7744,711.67,861.89,0.8606,802.35,839.53,0.7961,709.81,919.65,0.8853,825.33,886.11,0.8311
8,top,1,798.43,372.06,975.65,543.46,859.93,387.95,0.8870,863.97,384.49,0.8335,856.47,384.49,0.8907,872.62,386.80,0.8435,853.58,387.95,0.8091,890.50,406.41,0.7430,848.39,409.30,0.8311,914.16,424.30,0.8009,835.12,432.95,0.8139,924.54,450.26,0.7963,809.74,445.06,0.8342,891.08,458.91,0.7306,863.39,457.18,0.7459,920.50,495.83,0.7240,829.35,487.18,0.7898,953.96,528.14,0.8073,828.20,522.37,0.8676
8,bottom,0,703.61,691.75,851.61,942.76,738.39,714.30,0.9030,737.78,711.85,0.6568,735.94,711.24,0.5905,731.03,720.43,0.7677,750.64,714.91,0.7264,724.91,760.26,0.8858,775.77,738.20,0.8118,737.16,792.13,0.6776,800.28,770.68,0.7514,750.03,811.12,0.3884,810.09,805.61,0.6523,762.29,816.03,0.7081,791.70,809.90,0.7177,716.33,857.70,0.7989,805.80,839.93,0.7346,729.81,911.63,0.8444,835.83,884.05,0.7954
9,top,1,796.31,369.83,949.22,542.12,852.36,385.29,0.8433,855.84,381.31,0.7490,849.87,381.81,0.7871,865.30,384.30,0.8120,846.88,385.79,0.7233,884.21,403.21,0.7224,841.40,407.69,0.8084,908.10,421.63,0.7812,826.97,430.59,0.7770,919.55,447.51,0.7956,800.59,442.04,0.7782,884.71,455.97,0.6988,856.34,454.48,0.7006,910.59,493.80,0.6797,823.98,483.35,0.7701,936.48,523.67,0.7732,818.01,520.68,0.7906
9,bottom,0,715.38,691.13,860.05,944.84,745.60,715.17,0.9524,744.98,712.07,0.6437,743.74,712.07,0.6554,738.16,720.74,0.7582,757.37,715.79,0.7606,730.11,759.14,0.9151,781.52,739.94,0.8608,741.26,793.83,0.7313,800.72,772.15,0.7935,753.65,806.84,0.4698,808.16,800.02,0.6217,768.51,815.51,0.7447,798.25,809.32,0.7531,727.01,863.20,0.8439,813.11,840.91,0.7816,744.36,920.19,0.9014,844.70,886.12,0.8300
10,top,1,782.86,367.52,929.14,539.82,844.57,384.15,0.8499,847.91,379.87,0.7299,841.72,380.34,0.7986,856.95,382.73,0.8042,838.86,384.15,0.6707,876.95,400.82,0.7806,834.10,407.01,0.8138,901.23,419.86,0.8258,819.81,430.82,0.8242,915.04,444.15,0.8570,793.63,439.39,0.7811,878.38,455.58,0.7732,848.86,454.62,0.7566,902.66,492.24,0.7269,818.86,485.10,0.7669,920.76,522.23,0.8281,805.53,520.81,0.8246
10,bottom,0,718.09,690.41,868.41,948.45,754.82,713.59,0.9259,753.56,709.82,0.6731,753.56,710.44,0.6567,746.00,718.63,0.8252,766.79,714.85,0.8006,736.55,757.69,0.9067,790.10,740.68,0.8702,746.00,792.34,0.7266,805.22,771.55,0.7756,758.60,808.72,0.5007,812.78,799.90,0.6258,771.20,815.65,0.7556,802.70,808.72,0.7477,736.55,867.94,0.8434,823.49,842.74,0.8051,746.00,924.01,0.9203,851.21,887.47,0.8224
11,top,1,766.05,364.00,928.39,543.14,837.18,384.34,0.8406,840.35,379.59,0.7454,834.01,380.64,0.7943,849.86,382.23,0.8181,831.37,384.34,0.6831,870.47,400.19,0.7972,826.61,408.12,0.8118,894.78,418.69,0.8200,810.76,432.96,0.8006,910.11,441.94,0.8838,780.11,439.83,0.7261,873.12,456.21,0.7766,844.05,456.21,0.7605,895.84,494.26,0.7602,814.99,486.33,0.7613,907.99,524.38,0.8760,789.09,523.85,0.8626
11,bottom,0,719.64,687.65,878.12,947.76,767.13,709.12,0.9243,766.49,705.94,0.6446,767.76,706.58,0.5897,756.97,714.20,0.8498,779.83,712.29,0.7899,746.81,751.03,0.8885,800.15,737.69,0.8408,751.25,786.59,0.7106,814.12,768.81,0.7592,763.95,807.54,0.4765,824.28,802.46,0.6617,774.75,815.16,0.7332,807.14,808.81,0.6976,743.00,865.97,0.8253,833.17,839.29,0.7986,746.81,923.12,0.8710,856.03,888.83,0.7904
12,top,1,757.63,367.94,928.95,544.85,829.35,386.69,0.8194,832.70,381.67,0.7277,826.00,382.78,0.7813,842.18,383.34,0.8401,824.33,386.13,0.6870,862.81,400.07,0.7970,819.31,410.67,0.8270,886.79,419.03,0.8130,803.14,436.88,0.8109,904.08,441.34,0.8660,774.70,440.78,0.7376,866.71,458.63,0.7768,837.16,459.18,0.7572,889.58,496.55,0.7859,807.04,492.09,0.7686,906.31,524.99,0.8925,776.37,527.78,0.8820
12,bottom,0,721.49,680.00,880.06,943.62,779.54,701.11,0.9741,778.25,697.90,0.6808,781.47,698.54,0.6532,770.53,706.26,0.8276,791.12,704.33,0.8393,758.30,741.66,0.9111,811.72,731.36,0.8844,757.65,780.28,0.7521,825.23,762.26,0.7780,765.38,807.95,0.6016,833.60,795.08,0.6840,781.47,806.67,0.7357,813.00,800.87,0.7086,752.50,861.37,0.8416,841.97,835.63,0.8355,745.43,918.65,0.8976,858.70,889.05,0.8188
13,top,1,754.75,371.28,929.29,546.97,820.43,388.11,0.8700,823.84,383.56,0.7844,817.59,384.70,0.8588,834.64,385.27,0.8208,815.89,388.11,0.6917,856.23,401.75,0.7686,811.34,412.54,0.8236,879.52,419.93,0.8213,797.14,439.81,0.7953,897.70,440.95,0.8361,771.00,442.65,0.6895,858.50,461.97,0.7420,828.95,462.54,0.7504,881.22,496.06,0.7932,799.41,494.92,0.7901,908.49,525.03,0.8947,769.87,528.44,0.8804
13,bottom,0,722.47,671.91,880.53,937.86,790.46,693.85,0.9151,789.16,691.26,0.5707,790.46,690.61,0.6440,782.02,699.05,0.7770,802.80,696.45,0.8144,768.39,733.46,0.8752,822.28,723.72,0.8347,762.54,773.71,0.7929,838.51,754.89,0.7569,763.19,806.18,0.7516,845.65,789.95,0.6545,787.87,801.63,0.7114,819.03,795.79,0.6924,761.89,854.88,0.8144,848.25,833.45,0.8165,749.56,906.17,0.8728,860.59,888.64,0.8497
14,top,1,753.48,377.11,929.27,545.02,814.48,390.68,0.8631,817.91,386.10,0.7942,811.05,387.25,0.8700,828.21,387.82,0.7997,808.76,390.68,0.7545,849.39,404.42,0.7617,804.18,415.86,0.8374,872.85,421.01,0.7985,792.16,443.33,0.8405,894.02,442.18,0.8269,768.70,446.19,0.7267,851.10,462.79,0.7422,821.35,463.36,0.7561,873.99,497.12,0.7782,793.88,495.40,0.8192,908.90,524.59,0.8639,769.27,527.45,0.8845
14,bottom,0,738.95,665.80,881.55,922.86,799.58,688.27,0.9597,798.33,685.76,0.5548,799.58,685.13,0.6773,790.80,692.66,0.7959,811.51,690.78,0.8225,776.36,726.55,0.8909,830.96,717.76,0.8578,766.32,765.46,0.8216,847.91,746.01,0.7840,762.55,797.47,0.8341,856.69,771.74,0.7482,795.82,794.33,0.7559,827.20,791.19,0.7383,767.58,847.05,0.8499,854.18,829.48,0.8432,760.04,894.12,0.9284,862.97,887.21,0.9085
15,top,1,753.05,378.27,927.11,544.99,808.35,393.07,0.9007,811.75,389.10,0.8497,804.95,390.23,0.8728,821.95,390.80,0.8383,803.25,394.20,0.7948,843.48,406.66,0.7539,798.72,418.56,0.8202,867.28,422.53,0.7571,787.95,444.06,0.7677,889.94,441.23,0.7976,782.29,446.89,0.5119,845.18,463.33,0.7325,817.42,463.33,0.7571,869.55,497.89,0.7279,789.65,494.49,0.7931,906.38,523.96,0.8392,768.69,528.49,0.8715
15,bottom,0,754.87,662.22,879.94,917.36,806.82,683.90,0.9361,805.57,681.41,0.5508,806.19,680.79,0.6612,798.10,688.26,0.7824,818.65,687.02,0.7953,781.90,721.27,0.8838,837.96,713.80,0.8362,770.69,759.27,0.8249,857.27,742.45,0.7988,763.84,792.91,0.8603,865.37,767.37,0.7707,803.70,788.55,0.7308,834.22,786.05,0.7229,771.94,835.26,0.8248,861.01,820.31,0.8146,771.31,886.96,0.8823,867.86,877.00,0.8657
16,top,1,753.42,378.98,926.21,545.35,803.81,394.67,0.9031,807.19,390.73,0.8915,800.44,391.86,0.8536,817.87,391.29,0.8759,798.75,395.79,0.7817,838.69,406.48,0.7568,794.81,421.11,0.8206,862.31,422.79,0.7410,785.25,445.85,0.8157,887.06,439.67,0.7574,767.81,459.92,0.7400,842.06,464.42,0.7256,812.25,464.98,0.7767,866.81,498.16,0.7002,786.94,494.23,0.7962,904.50,524.60,0.8383,768.38,528.54,0.8689
16,bottom,0,758.16,658.58,886.39,908.91,813.11,681.07,0.9848,811.89,679.24,0.5700,811.89,678.63,0.6857,804.55,685.96,0.7898,824.72,684.74,0.7841,787.44,718.35,0.8928,844.28,712.85,0.8541,775.22,756.85,0.8426,865.67,743.41,0.8370,766.05,790.47,0.8632,873.00,766.63,0.7941,809.44,784.97,0.7317,840.61,781.91,0.7352,777.66,823.47,0.8609,868.72,814.30,0.8239,780.72,882.14,0.9285,877.89,868.70,0.8547
17,top,1,752.85,378.55,924.02,545.35,801.10,395.09,0.8818,803.89,390.63,0.8646,797.76,392.30,0.8429,815.03,391.75,0.8554,796.65,396.76,0.7906,836.21,406.23,0.7569,792.75,421.28,0.8199,859.61,421.84,0.7324,784.39,445.80,0.8044,884.68,436.88,0.7543,773.24,463.63,0.7591,840.11,463.63,0.7171,810.58,464.74,0.7761,865.18,496.50,0.7001,786.62,494.83,0.7768,902.51,523.80,0.8476,768.23,527.70,0.8650
17,bottom,0,761.23,657.58,910.55,897.49,819.49,680.89,1.0248,817.15,678.55,0.6471,819.49,678.55,0.7090,810.70,685.58,0.8245,830.03,684.41,0.8267,794.89,716.62,0.9185,848.77,711.94,0.8825,781.42,755.87,0.8463,871.62,744.15,0.8226,770.29,789.84,0.8751,878.06,769.92,0.7340,815.97,781.05,0.7389,846.43,779.88,0.7391,784.93,816.78,0.8632,877.47,815.02,0.8501,785.52,874.77,0.9281,893.29,870.67,0.8937
18,top,1,752.92,377.33,924.17,545.48,800.63,392.28,0.8790,803.42,387.82,0.8531,797.29,389.49,0.8454,814.01,388.93,0.8313,796.17,393.95,0.7971,835.20,403.43,0.7512,792.27,419.59,0.8124,858.61,419.59,0.7299,786.14,444.68,0.7485,885.37,434.64,0.7433,780.01,463.63,0.6632,840.77,461.40,0.7089,810.67,463.07,0.7568,866.97,494.29,0.6871,787.81,494.29,0.7752,902.09,523.84,0.8477,768.30,528.30,0.8522
18,bottom,0,767.08,658.29,933.71,893.76,825.10,681.17,0.9905,824.53,678.29,0.7081,825.10,678.87,0.6890,815.33,685.19,0.8717,835.45,685.19,0.7420,800.96,717.39,0.9274,853.85,712.21,0.8672,788.88,758.20,0.8213,876.27,746.71,0.8021,775.66,792.12,0.8770,878.57,774.88,0.6890,821.65,781.20,0.7622,852.70,779.47,0.7447,792.33,809.37,0.8685,887.19,820.87,0.8617,789.46,866.28,0.9072,911.33,873.18,0.8763
19,top,1,754.27,374.20,926.64,545.24,801.74,388.46,0.8930,805.10,383.97,0.8619,798.37,385.65,0.8775,815.20,385.65,0.8256,797.25,390.14,0.8188,835.96,399.68,0.7528,793.88,417.63,0.8162,859.53,416.51,0.7342,789.95,445.13,0.7305,886.47,431.66,0.7577,788.83,464.77,0.6333,842.70,458.60,0.6926,812.40,461.40,0.7315,871.31,492.26,0.7082,789.39,493.95,0.7678,902.74,523.12,0.8538,768.63,527.61,0.8435
19,bottom,0,772.57,663.10,936.52,896.13,829.52,683.47,1.0093,829.52,681.19,0.7155,829.52,681.19,0.6693,819.85,687.45,0.8574,839.19,687.45,0.7115,806.19,721.02,0.9195,858.53,712.48,0.8894,795.95,760.27,0.7988,880.15,750.60,0.8303,781.73,793.84,0.8411,875.60,779.05,0.6881,829.52,783.03,0.7356,859.67,781.89,0.7333,800.50,806.92,0.8565,895.51,825.13,0.8795,791.97,855.85,0.8385,920.54,878.61,0.9336
20,top,1,754.42,367.20,928.05,544.91,805.06,384.84,0.9191,808.46,380.32,0.8939,801.67,381.45,0.8854,818.06,382.01,0.8588,799.98,386.53,0.8549,838.98,396.14,0.7691,796.59,414.80,0.8328,862.71,412.53,0.7478,795.46,443.06,0.7233,888.15,430.06,0.7886,799.41,465.66,0.6414,846.89,454.92,0.7024,816.37,458.88,0.7152,875.71,488.84,0.7550,793.76,491.66,0.7824,905.10,522.75,0.8719,770.02,527.84,0.8649
20,bottom,0,775.64,666.07,935.94,896.44,832.73,687.33,1.0601,832.17,685.08,0.7297,832.17,685.64,0.7130,823.73,691.27,0.8255,843.42,690.71,0.6698,811.36,725.01,0.9237,862.54,716.01,0.9099,801.23,763.82,0.8336,882.79,749.20,0.8320,786.05,794.76,0.8520,872.10,757.07,0.5176,833.85,786.88,0.7350,865.35,785.76,0.7516,807.98,804.32,0.8329,900.22,826.81,0.8804,796.73,848.75,0.8905,922.72,880.25,0.9523
21,top,1,755.91,361.02,928.02,544.76,808.91,381.73,0.9112,812.27,377.25,0.8469,804.99,378.37,0.8593,821.24,378.93,0.8517,802.75,382.86,0.8654,841.41,392.38,0.7587,799.39,411.99,0.8387,864.38,409.75,0.7425,802.19,440.56,0.7100,888.47,428.24,0.7872,807.23,464.65,0.6673,850.93,451.21,0.6915,819.56,456.25,0.6804,880.06,486.50,0.7620,796.58,490.43,0.7949,907.52,521.80,0.8737,772.49,527.96,0.8754
21,bottom,0,776.83,667.55,936.63,897.07,834.31,688.73,1.0375,833.75,687.05,0.7378,833.75,687.05,0.7161,825.35,693.21,0.8520,844.96,692.65,0.7106,813.02,727.39,0.8973,864.01,716.75,0.8798,801.81,767.18,0.8298,885.30,742.52,0.8111,786.68,795.20,0.8516,868.49,736.92,0.5349,834.87,788.47,0.7148,865.69,787.91,0.7456,811.90,803.60,0.7989,902.12,826.02,0.8532,804.05,846.19,0.8828,922.85,879.81,0.9267
22,top,1,758.71,359.55,927.33,544.38,812.83,380.06,0.9371,816.68,375.12,0.8655,808.99,376.22,0.9041,824.91,376.77,0.8718,805.70,380.61,0.8851,844.67,391.04,0.7527,802.95,410.25,0.8332,867.17,408.61,0.7620,806.80,440.44,0.7424,890.23,428.37,0.7905,812.29,466.79,0.7484,855.65,448.67,0.6780,823.81,453.07,0.6637,884.74,486.00,0.7747,799.66,488.74,0.7806,909.44,520.03,0.8661,779.35,527.71,0.8835
22,bottom,0,774.29,666.12,936.36,897.10,833.33,686.31,1.0226,832.21,684.05,0.7176,832.77,684.05,0.6827,824.31,690.82,0.8646,844.05,689.69,0.7406,811.91,725.22,0.8931,862.66,711.68,0.8504,798.94,764.69,0.8293,886.34,731.98,0.8451,783.15,790.63,0.8617,866.60,714.50,0.6693,832.77,784.43,0.7043,863.22,785.56,0.7218,811.91,797.96,0.7849,901.00,827.29,0.8358,804.01,844.20,0.8408,921.87,878.60,0.9050
23,top,1,771.44,363.06,928.75,546.25,816.81,379.38,0.9242,820.39,374.77,0.8789,813.22,375.79,0.8795,829.61,376.81,0.8746,810.15,380.40,0.8522,847.02,391.15,0.7337,806.05,409.59,0.8597,869.04,408.56,0.7516,810.15,440.83,0.7536,891.57,428.54,0.7864,816.81,468.99,0.7259,858.29,447.48,0.6602,827.05,451.07,0.6724,887.99,485.38,0.7446,803.49,484.36,0.7457,913.59,518.67,0.8526,791.20,527.37,0.8830
23,bottom,0,771.00,657.36,937.26,898.01,830.04,678.98,1.0174,828.86,676.63,0.7250,830.04,676.63,0.6727,821.23,682.51,0.8623,840.03,681.92,0.7698,807.12,716.58,0.8953,858.24,705.42,0.8001,794.79,752.42,0.8136,884.68,720.11,0.8162,779.51,781.80,0.8303,862.94,707.18,0.6108,830.04,779.45,0.6846,858.83,780.62,0.7035,806.54,792.38,0.7791,893.49,826.45,0.8150,803.60,842.90,0.8059,917.58,874.04,0.8586
24,top,1,784.98,365.46,931.59,545.78,821.54,379.74,0.9710,824.40,375.92,0.9125,817.24,376.87,0.9350,832.51,378.78,0.8167,813.90,381.65,0.8913,850.65,392.15,0.7580,809.13,410.28,0.8407,871.17,410.76,0.7346,813.42,441.78,0.7772,894.08,431.28,0.7942,819.63,470.89,0.7407,861.15,448.94,0.6766,830.13,452.28,0.7265,890.74,485.21,0.7119,808.17,483.30,0.7544,917.94,515.75,0.8295,802.92,529.11,0.9126
24,bottom,0,768.54,649.46,936.22,891.34,825.22,668.83,0.9890,824.63,667.06,0.7151,824.63,666.47,0.6418,815.77,673.56,0.8801,835.85,672.97,0.7726,801.60,707.22,0.8888,852.38,696.00,0.7894,789.78,741.47,0.7863,880.73,712.53,0.7533,775.61,770.99,0.7900,860.06,698.36,0.5486,824.04,770.40,0.6794,852.97,772.17,0.6810,803.37,792.25,0.7972,884.27,821.19,0.7784,803.37,842.45,0.7896,908.48,865.48,0.8074
25,top,0,783.19,367.77,936.28,546.57,826.84,382.42,0.9079,830.33,377.93,0.9005,822.86,378.93,0.8950,838.31,380.92,0.8522,818.87,383.42,0.8726,854.75,395.38,0.7424,812.39,411.82,0.8490,874.19,413.81,0.7377,816.38,444.21,0.7780,896.61,433.75,0.7741,822.36,473.12,0.7475,863.22,451.69,0.6796,832.33,454.68,0.7269,893.12,485.08,0.7090,812.39,486.57,0.7162,922.53,515.48,0.8308,804.92,529.93,0.8745
25,bottom,1,765.40,639.99,923.08,882.09,821.19,660.56,0.9515,819.41,659.37,0.6514,822.37,658.19,0.6288,811.14,665.28,0.8663,833.01,664.69,0.8223,795.77,698.38,0.8919,848.38,687.15,0.8110,784.54,733.26,0.7809,875.57,705.48,0.7940,771.54,762.22,0.7806,853.11,687.74,0.6172,815.28,764.59,0.6936,846.60,765.18,0.6864,802.86,790.00,0.7647,878.52,812.46,0.7935,803.46,839.65,0.8181,895.66,859.16,0.7923
26,top,1,783.88,370.27,942.36,547.11,832.68,384.92,0.9155,836.29,380.79,0.8495,829.07,381.82,0.8497,843.52,383.37,0.8604,824.94,385.95,0.8876,860.03,398.85,0.7618,817.21,414.32,0.8675,879.63,416.90,0.7340,819.78,446.31,0.7642,900.27,438.57,0.7908,824.43,475.20,0.7473,866.22,453.02,0.6937,835.26,456.11,0.7414,897.69,487.07,0.7260,814.11,489.13,0.7673,928.12,518.02,0.8250,804.82,529.89,0.8722
26,bottom,0,758.87,631.60,898.46,876.92,816.69,653.04,0.8689,813.69,651.25,0.4960,817.89,650.05,0.6094,807.71,658.43,0.8001,828.07,656.04,0.7984,791.54,689.58,0.8633,842.44,680.00,0.7990,778.36,726.11,0.7924,870.59,699.16,0.8266,766.98,752.46,0.7999,852.02,683.59,0.5849,808.30,757.85,0.7041,838.25,757.25,0.6990,802.91,786.00,0.7090,873.59,802.77,0.8210,803.51,837.51,0.7702,874.18,850.09,0.8396
27,top,0,784.34,372.49,945.59,548.40,839.77,387.48,0.8978,842.92,383.29,0.8381,836.10,383.81,0.8657,849.75,385.91,0.8932,831.38,388.01,0.9141,866.02,401.13,0.7862,822.98,415.83,0.8587,885.97,421.08,0.7386,824.55,447.32,0.7237,905.39,444.17,0.8155,825.60,475.14,0.6966,870.74,455.72,0.7083,838.72,457.82,0.7443,902.24,489.84,0.7343,818.25,490.89,0.7701,932.16,521.33,0.8138,804.61,530.26,0.8599
27,bottom,1,753.63,627.03,875.60,864.60,812.29,647.21,0.8790,814.61,644.31,0.5480,811.71,643.73,0.5930,803.01,651.85,0.8269,822.74,650.69,0.7253,787.35,682.01,0.8228,837.82,676.21,0.7634,773.43,719.13,0.7811,865.08,692.45,0.8696,761.25,740.59,0.8252,846.52,672.73,0.7215,801.27,750.45,0.6892,829.70,750.45,0.6834,800.11,782.35,0.6681,867.98,793.95,0.8176,799.53,826.44,0.7727,851.74,841.52,0.8130
28,top,1,784.81,372.79,949.05,547.58,848.22,388.54,0.8872,851.43,384.27,0.8266,845.01,384.27,0.8671,857.84,387.47,0.8325,840.20,388.54,0.8643,873.88,402.44,0.7828,829.51,416.34,0.8387,891.53,422.76,0.7397,829.51,447.89,0.7303,910.24,445.75,0.8171,831.11,477.29,0.7307,876.56,456.98,0.6960,845.01,459.65,0.7120,905.43,490.66,0.7379,823.09,492.26,0.7901,934.30,522.74,0.8230,804.92,529.69,0.8553
28,bottom,0,744.57,623.06,869.93,862.22,807.83,643.96,0.8429,809.58,639.87,0.5752,806.67,640.46,0.5596,798.49,648.05,0.7872,817.76,648.05,0.6950,783.89,677.24,0.7937,830.61,674.32,0.7706,768.71,710.53,0.7993,862.14,684.83,0.8488,754.11,726.88,0.7901,847.54,667.32,0.7852,793.82,744.39,0.6932,820.68,744.98,0.6872,796.15,772.42,0.5941,860.97,789.35,0.7760,793.24,813.88,0.7136,830.61,834.31,0.7612
29,top,1,784.60,373.42,950.70,546.61,856.30,388.65,0.8938,859.54,384.32,0.8315,853.05,384.32,0.8622,866.57,387.02,0.8809,848.73,388.11,0.8319,882.25,403.24,0.7851,838.45,415.68,0.8273,899.55,424.87,0.7679,835.21,446.50,0.7528,915.77,448.66,0.8318,834.67,476.78,0.7494,884.41,456.77,0.6970,853.59,459.47,0.6902,911.44,490.83,0.7690,830.34,493.54,0.7916,935.23,523.27,0.8160,806.55,530.30,0.8554
29,bottom,0,731.27,621.58,865.59,858.94,802.48,642.91,0.8426,804.22,638.85,0.5831,803.06,639.43,0.5545,793.21,646.39,0.7806,812.34,646.39,0.7155,779.31,674.78,0.7952,827.98,670.72,0.7809,759.60,707.81,0.8090,860.43,677.68,0.8626,739.90,711.29,0.7119,851.74,656.24,0.8877,788.58,742.58,0.7192,814.65,744.32,0.7103,789.74,765.18,0.5527,852.32,791.25,0.8092,785.10,805.16,0.7234,815.81,836.45,0.7400
30,top,1,788.05,372.71,951.80,545.87,863.53,387.33,0.9105,867.26,383.07,0.8607,860.33,383.60,0.8580,874.19,385.73,0.8636,856.07,387.33,0.8597,889.65,401.72,0.8092,845.94,414.51,0.8231,904.58,422.51,0.7886,840.61,444.36,0.7494,920.57,448.10,0.8229,839.55,474.75,0.7439,890.72,456.09,0.7058,860.33,458.76,0.6598,917.37,489.67,0.8012,836.35,493.94,0.7439,936.56,523.25,0.8498,808.10,530.18,0.8364
30,bottom,0,722.41,620.76,867.29,860.66,796.60,642.31,0.8124,797.78,638.80,0.5548,795.43,638.21,0.5434,787.82,646.41,0.7761,806.56,646.41,0.7134,774.93,673.94,0.8022,823.55,670.42,0.7688,754.43,699.71,0.8044,858.10,670.42,0.8521,733.35,695.02,0.7379,855.76,651.09,0.8899,783.72,742.46,0.7222,810.08,745.39,0.7163,781.38,756.52,0.6049,842.29,795.18,0.7944,774.35,802.79,0.7249,810.08,837.35,0.7335
31,top,1,793.21,369.64,953.37,547.31,870.16,383.92,0.9089,873.81,380.27,0.8256,866.51,380.27,0.8523,880.07,383.40,0.8478,861.82,384.44,0.8349,895.19,399.04,0.7993,850.87,411.56,0.8112,909.27,420.42,0.7861,845.14,441.27,0.7624,924.38,446.49,0.8362,842.01,472.55,0.7477,896.23,454.83,0.7058,865.99,457.43,0.6649,921.78,489.24,0.7854,841.49,494.97,0.7265,936.90,523.12,0.8560,813.86,528.34,0.7862
31,bottom,0,715.05,620.03,869.08,860.40,789.72,641.63,0.8114,789.72,638.69,0.5400,788.54,638.69,0.5458,782.09,645.74,0.7726,800.28,645.15,0.7157,769.77,672.73,0.8056,817.30,668.62,0.7474,750.40,692.09,0.8185,855.44,666.27,0.8579,731.04,683.29,0.8002,857.79,645.15,0.9388,780.33,743.15,0.7009,807.32,745.50,0.7141,770.94,753.71,0.6127,834.90,796.55,0.7621,761.55,797.14,0.7009,807.91,838.22,0.7517
32,top,1,799.24,361.56,952.68,545.55,873.46,381.13,0.9205,876.96,377.13,0.8270,869.96,377.13,0.8582,884.45,379.63,0.8832,865.47,380.63,0.8409,898.94,396.11,0.7936,854.98,407.60,0.8075,911.92,417.59,0.8161,847.99,437.57,0.7563,926.91,442.57,0.8399,843.99,469.54,0.7606,898.94,452.56,0.7041,868.97,455.05,0.6604,922.41,487.52,0.7658,846.49,493.02,0.7352,937.40,522.49,0.8521,819.02,527.48,0.8406
32,bottom,0,711.19,619.88,871.19,860.25,782.98,640.30,0.8183,781.21,637.36,0.5217,782.39,636.78,0.5922,775.35,644.41,0.7277,792.95,643.23,0.7332,763.61,670.81,0.7801,811.14,666.71,0.7201,747.18,684.31,0.7410,851.05,664.95,0.8513,730.16,672.58,0.7942,859.27,643.82,0.9420,774.17,741.82,0.6835,802.34,744.17,0.6873,760.68,757.08,0.5424,830.51,793.47,0.7829,750.11,787.01,0.6739,808.80,835.72,0.7553
33,top,1,805.95,358.61,952.62,544.19,875.94,377.40,0.9689,879.76,373.58,0.8854,872.60,373.58,0.9016,886.92,376.92,0.8882,867.83,377.40,0.8868,901.25,392.68,0.7964,857.32,404.14,0.8139,914.14,414.64,0.8217,850.16,434.21,0.7570,928.46,439.94,0.8548,844.91,465.25,0.7388,899.34,447.58,0.7209,869.26,449.97,0.6900,923.21,485.30,0.7706,849.68,489.60,0.7512,937.53,522.54,0.8554,824.38,526.36,0.8715
33,bottom,0,711.89,619.72,874.60,857.74,776.39,640.52,0.7654,774.07,637.62,0.5789,778.72,636.46,0.5895,768.84,644.01,0.7132,785.69,643.43,0.7426,756.63,670.74,0.7958,804.87,665.51,0.7495,744.43,678.30,0.7460,846.12,667.26,0.8333,730.49,665.51,0.7796,860.07,645.75,0.9217,768.26,741.05,0.6976,797.31,743.38,0.6866,754.89,761.39,0.5940,826.37,792.19,0.7644,741.53,784.64,0.6545,808.35,834.03,0.7693
34,top,1,811.30,359.69,951.39,545.21,877.70,374.92,0.8996,881.80,371.27,0.8446,874.50,371.73,0.8694,889.55,375.38,0.8272,869.94,375.83,0.8477,903.24,391.34,0.7812,858.54,401.37,0.7946,916.46,412.77,0.7997,851.25,431.93,0.7344,930.60,438.77,0.8162,846.23,462.48,0.7230,899.59,445.15,0.6942,869.49,446.98,0.6808,923.76,482.55,0.7468,852.16,488.48,0.7329,937.90,521.77,0.8295,827.99,525.42,0.8553
34,bottom,0,708.50,618.53,876.19,856.19,770.30,641.62,0.8055,768.56,638.72,0.6151,773.20,638.14,0.5839,762.17,645.11,0.7578,780.16,645.11,0.7487,751.15,671.22,0.8207,798.73,666.57,0.7693,742.45,673.54,0.7164,837.60,671.80,0.7807,730.26,659.61,0.7296,856.75,654.39,0.8705,761.59,742.00,0.7050,791.19,744.32,0.6810,745.93,761.15,0.6892,820.78,791.32,0.7683,735.48,789.00,0.7526,808.01,830.19,0.7884
35,top,1,816.79,357.21,952.46,545.59,878.64,375.05,0.8905,882.78,371.37,0.8057,875.42,371.83,0.8805,891.06,375.05,0.8199,871.75,375.51,0.8592,904.86,390.23,0.7775,860.25,400.35,0.7982,918.20,412.30,0.8008,852.43,431.16,0.7460,931.53,439.44,0.8193,847.37,461.98,0.7393,900.26,442.66,0.7004,870.37,444.04,0.6939,923.26,481.75,0.7455,854.27,486.35,0.7543,937.05,519.92,0.8283,830.81,524.52,0.8035
35,bottom,0,709.69,623.35,877.14,854.37,762.96,643.54,0.7944,761.27,639.59,0.5821,762.39,640.16,0.4927,755.06,646.92,0.7881,773.67,646.36,0.7326,744.35,671.18,0.8523,791.16,670.05,0.7857,738.71,663.28,0.6790,828.95,679.07,0.7548,727.42,654.26,0.5498,853.20,661.59,0.8048,757.32,744.50,0.7079,786.08,745.06,0.6875,737.01,748.45,0.7337,814.85,790.19,0.7611,728.55,786.80,0.8156,806.95,827.41,0.8085
36,top,0,822.24,357.89,951.01,550.66,880.04,375.21,0.8759,884.27,371.92,0.8166,877.21,371.92,0.8654,892.27,375.21,0.8191,872.98,375.68,0.8589,906.39,390.27,0.7648,861.68,400.62,0.7932,920.04,414.27,0.7809,853.68,431.68,0.7365,933.69,442.04,0.8016,847.09,463.22,0.7135,901.21,442.51,0.6855,871.09,444.39,0.6798,923.33,481.57,0.7306,855.09,486.28,0.7418,934.16,518.28,0.8194,833.44,526.75,0.7509
36,bottom,1,707.97,625.23,856.61,850.14,757.58,645.98,0.8157,755.93,642.14,0.5825,759.23,642.69,0.5108,749.34,649.28,0.7759,767.46,648.73,0.7303,739.46,671.79,0.8508,785.03,672.89,0.7803,736.17,666.30,0.6957,819.08,684.97,0.7403,725.18,653.67,0.6523,848.73,670.69,0.7355,752.09,743.17,0.6763,781.19,744.82,0.6682,729.58,743.17,0.7135,809.19,790.39,0.7724,727.93,784.90,0.8287,804.25,825.54,0.8206
37,top,0,828.76,361.43,947.76,553.92,881.21,377.78,0.8881,884.97,374.97,0.8165,877.92,374.97,0.8761,892.49,378.25,0.8318,874.16,378.72,0.8797,907.53,393.76,0.7709,862.89,403.16,0.8139,921.63,417.73,0.7777,854.43,433.24,0.7639,934.32,445.93,0.7875,847.85,464.72,0.7259,900.95,444.52,0.6960,871.81,446.40,0.6992,923.51,483.52,0.7503,856.31,488.22,0.7431,930.56,518.30,0.8338,836.10,530.05,0.7877
37,bottom,1,706.10,626.09,847.79,843.69,753.04,646.17,0.8026,750.38,642.98,0.5574,754.10,643.51,0.4977,744.01,649.36,0.7839,763.13,648.83,0.7263,736.57,671.14,0.8446,779.60,673.26,0.7781,732.85,665.83,0.6995,807.76,689.73,0.6490,721.70,655.20,0.6874,838.04,680.70,0.5705,748.26,744.45,0.6767,777.48,746.04,0.6559,730.73,737.01,0.7037,805.10,792.26,0.7736,728.07,784.29,0.8298,800.85,823.61,0.7974
38,top,1,828.42,366.31,947.22,554.35,881.39,382.29,0.8775,885.07,379.07,0.8070,878.18,379.07,0.8643,892.87,382.29,0.8136,874.51,382.74,0.8664,908.48,398.35,0.7682,863.49,407.53,0.8038,922.71,422.23,0.7792,855.22,436.92,0.7656,934.65,449.31,0.7818,847.42,467.67,0.7384,902.05,448.39,0.6821,873.13,449.77,0.6897,923.63,485.12,0.7209,857.52,490.17,0.7324,928.22,518.63,0.8209,837.32,532.40,0.8068
38,bottom,0,711.49,625.14,839.08,842.00,750.40,644.62,0.8100,748.28,640.91,0.5624,750.40,641.44,0.4821,742.46,648.33,0.7780,760.99,648.33,0.7048,734.52,671.09,0.8350,776.34,671.09,0.7979,730.81,667.92,0.6513,798.58,692.27,0.6776,718.63,659.97,0.6851,834.58,691.21,0.6903,748.28,742.57,0.6738,775.81,743.10,0.6589,730.28,735.16,0.7263,801.23,791.81,0.7786,728.16,784.92,0.8192,797.52,821.99,0.7730
39,top,1,829.63,374.47,945.87,555.09,881.58,388.94,0.8345,885.10,385.41,0.7880,878.49,385.41,0.8204,892.60,388.94,0.7971,874.52,389.82,0.8151,908.48,404.37,0.7524,864.38,413.19,0.7868,923.91,428.18,0.7593,854.24,442.29,0.7464,934.93,455.08,0.7449,845.86,472.28,0.7132,902.30,453.32,0.6699,874.08,454.20,0.6761,924.35,487.27,0.6762,858.65,492.12,0.7191,928.32,519.46,0.8155,840.13,534.45,0.8155
39,bottom,0,704.28,622.54,838.42,844.99,750.17,642.53,0.8312,749.08,639.81,0.5823,751.80,639.81,0.5350,743.11,646.33,0.7504,761.03,646.33,0.7197,734.42,670.77,0.7987,776.24,668.05,0.7984,724.10,667.51,0.5633,793.62,691.95,0.6740,713.78,662.62,0.5370,831.09,696.29,0.6572,749.08,738.11,0.6413,776.24,739.74,0.6618,730.07,735.40,0.6908,802.30,789.16,0.7542,728.45,783.73,0.7975,796.87,819.57,0.7821
40,top,1,827.96,381.53,944.85,558.28,880.79,394.82,0.8268,884.25,391.80,0.7846,877.34,391.80,0.8033,892.01,395.25,0.7735,873.89,396.54,0.8044,907.98,410.78,0.7468,863.53,419.85,0.7785,923.95,433.65,0.7644,852.75,448.76,0.7317,934.73,459.55,0.7503,842.82,477.67,0.6874,901.94,457.82,0.6469,873.46,458.68,0.6491,926.53,489.75,0.6584,858.79,494.07,0.6963,928.69,519.53,0.8053,841.09,535.92,0.8129
40,bottom,0,706.59,617.78,854.44,847.82,751.31,637.33,0.8855,751.87,634.52,0.6152,750.75,635.08,0.5250,744.01,641.26,0.7940,762.54,641.26,0.7165,736.15,668.22,0.8015,777.71,664.29,0.8272,727.16,673.83,0.5866,792.31,689.00,0.6702,715.93,669.90,0.5652,830.50,701.35,0.6829,750.19,732.80,0.6711,777.15,733.37,0.6757,732.22,735.05,0.7061,804.10,782.79,0.7559,728.28,783.91,0.8131,799.61,818.73,0.7947
41,top,1,824.83,384.68,945.05,555.52,877.01,397.53,0.8152,880.77,394.19,0.7869,873.68,394.61,0.8242,887.86,397.95,0.7988,870.34,399.62,0.7893,904.54,414.21,0.7178,860.33,423.39,0.7733,922.06,436.74,0.7612,849.90,451.33,0.7363,933.32,461.76,0.7576,839.89,479.70,0.6783,899.54,462.18,0.6221,871.18,463.43,0.6337,925.81,490.54,0.6589,856.99,495.13,0.6920,928.73,519.74,0.8110,840.31,535.59,0.8139
41,bottom,0,709.13,609.28,851.98,846.51,756.23,631.75,0.9319,756.23,628.86,0.6334,756.23,629.44,0.5841,749.28,635.81,0.7820,767.23,635.81,0.7401,740.59,663.61,0.8572,781.13,658.40,0.8472,723.79,680.41,0.6863,794.45,685.04,0.7130,716.84,676.93,0.5811,829.20,702.99,0.7755,753.33,727.32,0.6975,779.97,727.90,0.7055,734.22,738.90,0.6989,807.20,777.13,0.7830,728.43,783.50,0.8398,803.72,816.51,0.8007
42,top,1,819.16,383.97,946.15,556.03,870.89,397.33,0.8353,874.68,393.97,0.7645,867.95,393.97,0.8177,883.08,397.75,0.7998,864.17,399.01,0.7105,899.04,414.13,0.6888,854.51,422.95,0.7560,917.10,435.56,0.7450,844.85,451.94,0.7177,929.70,457.40,0.7581,834.77,480.50,0.6753,896.10,463.70,0.5981,867.53,464.54,0.6146,920.88,493.94,0.6535,852.83,495.62,0.6882,928.44,519.57,0.8080,838.13,536.79,0.8110
42,bottom,0,712.37,605.23,849.36,846.21,760.27,625.11,0.9590,760.86,622.76,0.6642,761.45,622.76,0.6308,754.39,629.23,0.7791,770.86,628.64,0.8116,743.21,658.06,0.8914,785.57,653.35,0.8628,729.68,686.30,0.7331,796.75,680.42,0.7340,724.39,688.06,0.6087,827.93,702.77,0.7986,756.74,721.01,0.7265,783.81,721.60,0.7234,739.10,744.54,0.7237,812.64,770.43,0.8153,728.51,783.37,0.8530,809.69,813.97,0.8258
43,top,1,814.99,380.65,946.96,556.78,863.78,394.76,0.8338,867.64,391.32,0.7851,860.77,391.75,0.8064,875.81,395.19,0.7849,856.90,396.48,0.7303,892.15,411.96,0.6796,847.87,420.56,0.7807,911.93,432.60,0.7434,838.41,450.66,0.7176,926.12,454.53,0.7542,830.67,479.47,0.6949,890.43,464.85,0.6162,861.63,464.85,0.6521,911.50,496.67,0.6382,846.15,498.82,0.7127,926.98,518.60,0.7848,834.54,539.67,0.8052
43,bottom,0,718.34,600.91,842.63,847.72,766.02,620.07,0.9297,764.82,617.06,0.6048,766.63,616.46,0.6682,758.19,623.08,0.7462,775.06,622.48,0.7917,746.14,653.81,0.8771,791.33,648.99,0.8800,738.30,684.55,0.7942,802.18,678.52,0.7748,730.47,696.60,0.7114,828.69,706.24,0.8310,760.00,717.69,0.7193,788.32,717.69,0.7021,743.73,746.61,0.7311,816.64,766.50,0.8127,732.28,782.77,0.8208,816.04,812.89,0.8357
44,top,1,813.83,378.31,945.86,557.25,856.69,391.76,0.8605,860.62,388.27,0.8246,853.63,389.14,0.8088,869.36,391.76,0.7991,850.14,393.51,0.7135,885.96,409.67,0.6666,841.40,417.98,0.7648,906.49,430.64,0.6802,832.66,448.12,0.6973,921.35,449.43,0.7024,825.23,478.26,0.6972,882.90,465.16,0.5951,854.50,465.59,0.6540,905.18,498.80,0.6163,840.96,500.54,0.7005,918.29,518.02,0.6522,834.41,538.99,0.8096
44,bottom,0,726.48,597.27,844.22,846.23,771.98,617.21,0.9268,770.77,614.78,0.6149,772.59,614.17,0.6796,764.08,620.25,0.7464,781.71,620.25,0.8060,750.10,650.64,0.8836,796.90,647.60,0.8977,743.41,684.67,0.8314,806.02,679.81,0.7746,735.51,705.34,0.8105,827.90,710.20,0.8022,762.86,716.89,0.7189,791.43,716.89,0.6949,747.67,744.24,0.7280,820.61,763.69,0.8180,736.73,782.53,0.8143,822.43,814.74,0.8798
45,top,1,813.07,376.60,927.97,557.75,851.50,390.22,0.8535,855.04,386.68,0.8126,848.40,387.57,0.8385,863.88,390.22,0.8287,844.87,391.99,0.7508,880.69,407.91,0.7058,835.58,416.31,0.7969,901.92,429.58,0.7307,827.18,446.83,0.7189,918.28,449.93,0.7258,820.54,477.35,0.7210,876.27,465.41,0.6584,848.40,466.73,0.6769,896.17,496.37,0.6950,838.23,507.42,0.7076,899.27,519.36,0.6828,833.81,539.27,0.8051
45,bottom,0,732.15,596.55,854.47,841.43,777.76,617.35,0.9126,776.57,614.96,0.6135,779.56,614.96,0.6749,769.39,620.94,0.7616,787.93,620.94,0.8477,753.85,650.83,0.8649,802.28,649.04,0.8722,749.07,684.91,0.8055,808.85,684.31,0.8117,739.50,709.42,0.7478,826.19,716.60,0.7365,765.81,716.00,0.7161,795.10,717.20,0.6819,752.06,741.11,0.7219,823.20,763.83,0.7995,746.08,784.75,0.7901,828.58,816.44,0.8703
46,top,1,811.06,376.69,927.49,557.30,845.91,389.83,0.8879,849.88,386.31,0.8520,842.82,387.19,0.8534,858.69,389.83,0.8688,839.73,392.04,0.7629,875.89,407.91,0.7239,831.36,416.73,0.7944,896.62,430.84,0.7196,822.54,447.15,0.7344,913.81,451.12,0.7573,815.48,477.58,0.7228,870.16,465.67,0.6556,843.26,467.88,0.6583,891.32,503.60,0.7323,837.97,512.41,0.7231,875.45,516.82,0.6239,830.92,537.11,0.8148
46,bottom,0,735.38,599.59,864.13,847.86,784.00,620.08,0.9023,782.18,617.05,0.6086,785.81,617.65,0.6596,774.90,623.11,0.7961,793.69,623.11,0.8300,759.14,652.81,0.8648,807.63,652.81,0.8773,753.69,688.57,0.8012,810.06,688.57,0.8001,743.99,716.45,0.7538,822.79,721.30,0.7100,768.84,718.88,0.7067,798.54,720.09,0.6656,757.33,740.70,0.6951,825.21,767.37,0.7792,756.11,786.77,0.7769,835.52,820.71,0.8586
47,top,1,806.66,378.43,922.05,556.95,840.82,390.98,0.8789,844.74,387.49,0.8337,837.33,388.36,0.8414,853.46,391.42,0.8670,834.72,393.59,0.7541,870.46,409.29,0.7240,826.44,418.87,0.7978,890.07,431.08,0.7445,817.72,448.95,0.7368,907.94,453.74,0.7667,810.75,478.15,0.7096,864.36,468.13,0.6764,838.21,470.30,0.6732,883.97,507.79,0.7293,835.16,515.20,0.7124,856.51,519.99,0.6498,826.87,536.99,0.7600
47,bottom,0,742.41,603.46,868.68,851.18,790.43,622.69,0.7997,787.40,619.67,0.5926,792.85,620.27,0.6286,781.36,625.11,0.7794,799.50,626.32,0.7851,766.24,655.95,0.8567,812.80,657.16,0.8491,758.98,693.45,0.7937,810.99,693.45,0.8003,748.70,724.29,0.7637,820.67,731.55,0.7366,771.08,721.88,0.7212,798.29,723.69,0.6611,764.42,747.88,0.6720,829.13,772.68,0.7779,758.98,793.84,0.7817,838.21,827.11,0.8691
48,top,1,801.28,381.28,916.58,559.89,835.38,395.14,0.8755,839.30,391.22,0.8301,832.33,392.53,0.8572,848.03,394.71,0.8629,829.27,396.89,0.7593,865.03,413.02,0.7109,821.86,422.18,0.7850,886.40,434.82,0.7393,812.27,453.14,0.7316,905.15,458.37,0.7403,804.42,481.05,0.7094,857.62,472.76,0.6742,832.76,473.63,0.6714,875.93,513.75,0.7335,830.15,515.93,0.7326,844.54,529.45,0.6780,821.86,539.04,0.7432
48,bottom,0,747.70,606.14,869.37,852.19,797.12,627.04,0.8111,795.32,623.44,0.5603,798.92,624.04,0.6423,787.51,629.44,0.7323,805.53,630.05,0.7992,772.49,659.48,0.8423,818.15,660.68,0.8433,764.08,696.72,0.7983,812.74,696.12,0.8050,753.27,729.76,0.7847,821.15,729.16,0.6985,774.89,725.56,0.7299,801.93,727.36,0.6650,770.69,750.79,0.6869,833.76,776.02,0.7993,760.48,794.04,0.7929,837.37,831.28,0.8685
49,top,1,797.30,385.24,906.32,565.02,829.43,400.08,0.8513,833.38,396.57,0.8046,826.79,397.01,0.8508,842.16,399.64,0.8479,823.72,402.27,0.7426,860.15,418.07,0.7221,816.26,427.29,0.8019,880.78,437.38,0.7602,806.61,457.57,0.7105,898.33,458.45,0.7503,799.14,485.22,0.6903,851.81,478.20,0.6614,826.36,478.20,0.6572,866.73,519.90,0.7585,821.53,517.70,0.7165,836.89,533.94,0.6728,815.82,544.04,0.7889
49,bottom,0,749.39,607.65,869.79,853.48,804.19,628.54,0.7803,802.39,624.94,0.5475,804.19,625.54,0.6014,794.59,630.94,0.7476,811.99,631.54,0.7273,780.18,660.95,0.8209,823.40,662.15,0.8253,769.98,699.36,0.7864,819.79,696.36,0.7754,757.38,734.77,0.7884,826.40,728.76,0.6943,779.58,727.56,0.7099,805.99,729.36,0.6380,774.18,753.97,0.6942,840.20,778.58,0.7989,760.98,794.18,0.7917,839.00,832.59,0.8603
50,top,1,786.65,388.68,900.92,576.92,822.64,406.05,0.8504,826.32,401.91,0.8213,819.88,402.83,0.8619,835.97,405.13,0.8427,817.59,406.97,0.7265,853.43,422.59,0.7020,810.69,433.16,0.7721,875.95,441.90,0.7454,801.04,462.12,0.7444,893.88,463.04,0.7460,792.77,489.69,0.6810,845.16,481.88,0.6370,819.88,480.96,0.6350,860.33,524.62,0.7293,813.45,513.59,0.6810,833.21,535.19,0.6351,805.64,553.11,0.7738
50,bottom,0,750.55,607.44,870.73,853.82,809.43,628.38,0.8099,808.83,624.77,0.5364,808.83,625.37,0.5663,801.01,631.38,0.8062,819.66,631.98,0.7020,787.18,660.86,0.8072,829.89,660.86,0.8196,775.15,700.56,0.7922,826.28,695.14,0.8052,760.71,736.65,0.7721,834.70,726.42,0.7229,784.17,727.62,0.7157,810.04,729.43,0.6357,778.76,756.50,0.7226,847.33,777.55,0.8291,761.91,795.59,0.7972,840.71,831.69,0.8935
51,top,3,774.77,395.75,899.45,583.51,815.11,411.70,0.8392,818.78,408.04,0.8199,812.36,408.95,0.8533,828.86,409.87,0.8285,810.07,412.16,0.7144,846.74,427.29,0.6685,804.57,438.29,0.7561,870.57,445.62,0.7006,794.94,467.63,0.7193,889.83,466.71,0.6931,784.86,494.21,0.6442,840.32,484.59,0.6066,814.19,483.67,0.6086,855.91,527.22,0.7260,805.48,515.30,0.6497,832.53,536.38,0.6482,794.48,560.68,0.7680
51,bottom,0,750.61,606.16,871.70,853.45,817.80,627.17,0.8308,819.00,622.94,0.5838,817.80,624.15,0.5524,806.93,629.58,0.7891,826.25,630.19,0.7184,793.65,659.17,0.8219,837.12,657.96,0.8502,779.76,699.62,0.8168,832.89,691.77,0.8223,765.27,737.05,0.7740,844.96,726.79,0.7116,789.42,725.58,0.7228,815.98,727.99,0.6590,784.59,759.39,0.7197,850.40,776.90,0.8527,763.46,795.61,0.7720,841.34,832.44,0.8934
52,top,1,762.20,401.20,900.35,588.08,807.10,417.08,0.8579,810.75,413.43,0.8249,804.36,414.34,0.8282,821.24,414.80,0.8422,802.08,417.99,0.7132,839.49,431.68,0.6805,797.97,443.54,0.7638,864.59,451.30,0.6929,788.85,472.28,0.7008,886.03,472.28,0.6738,778.81,498.75,0.6559,835.39,489.16,0.6321,809.84,487.80,0.6330,851.35,530.23,0.7302,797.97,520.19,0.6869,833.56,536.61,0.6568,782.92,566.73,0.7679
52,bottom,0,758.28,604.19,870.78,853.40,824.26,624.76,0.8431,824.87,621.11,0.6253,824.87,621.71,0.5447,813.31,627.19,0.7968,832.78,628.41,0.7213,799.32,657.00,0.8330,843.12,655.18,0.8547,783.50,695.94,0.8343,838.86,686.81,0.8126,770.72,733.05,0.7900,853.47,717.84,0.7866,794.45,722.71,0.7396,820.00,725.14,0.6778,790.19,760.43,0.7159,851.64,776.25,0.8598,769.51,794.50,0.7710,841.91,832.83,0.8826
53,top,1,756.53,407.95,856.89,600.32,799.66,422.42,0.7776,803.42,418.66,0.7380,796.85,420.07,0.7514,813.28,421.01,0.8102,794.97,425.24,0.7456,830.19,438.39,0.7152,790.27,452.94,0.7530,856.49,456.23,0.6513,780.88,483.94,0.6611,879.50,475.96,0.6973,769.14,509.77,0.6501,830.66,495.21,0.7008,804.83,494.74,0.6666,845.69,535.13,0.7271,789.80,531.37,0.6879,833.01,540.30,0.6010,776.18,574.58,0.6940
53,bottom,0,764.97,603.55,872.24,852.99,829.57,622.92,0.8316,829.57,619.27,0.6152,830.18,619.87,0.5449,819.82,625.36,0.7696,838.09,625.96,0.6895,805.21,655.20,0.8268,848.44,652.15,0.8606,786.33,692.95,0.8416,845.40,681.99,0.8088,774.15,729.49,0.8035,861.84,712.44,0.8065,797.90,720.96,0.7329,822.87,723.40,0.6851,797.90,756.89,0.7193,852.10,775.77,0.8474,779.02,796.48,0.7889,842.35,832.41,0.8594
54,top,1,752.98,415.13,874.03,604.03,790.91,430.72,0.8630,794.60,426.56,0.7916,788.14,428.41,0.8199,805.20,428.41,0.8529,786.30,433.48,0.7547,822.73,445.47,0.7323,783.99,460.23,0.8162,847.63,461.15,0.7127,775.23,489.75,0.7350,871.62,478.68,0.7185,762.31,516.96,0.7360,825.04,504.05,0.6956,798.75,502.20,0.6872,839.33,545.55,0.7019,783.99,540.02,0.7489,835.64,545.55,0.4755,768.77,585.68,0.7710
54,bottom,0,768.24,603.96,881.91,854.09,834.85,622.77,0.8494,835.46,619.10,0.6119,835.46,619.71,0.5463,825.08,625.21,0.7428,844.01,625.82,0.6838,810.42,652.69,0.7852,854.39,650.86,0.8515,789.05,690.55,0.8160,853.17,678.95,0.7911,776.22,726.58,0.8027,871.49,708.87,0.7655,800.65,718.03,0.6977,826.30,721.69,0.6801,804.31,753.45,0.7375,854.39,774.21,0.8174,792.71,798.64,0.7636,844.01,829.78,0.8190
55,top,1,744.44,422.76,868.02,609.57,785.25,440.45,0.8247,788.44,435.89,0.7336,782.97,437.26,0.7899,799.39,437.26,0.8215,781.14,441.36,0.7207,816.26,453.68,0.7258,777.50,469.64,0.8026,838.61,466.91,0.6948,768.83,498.38,0.7576,857.77,479.22,0.6933,755.15,524.83,0.7591,819.00,511.15,0.6641,792.55,507.96,0.6910,836.33,554.02,0.6488,777.95,540.34,0.7350,839.53,552.65,0.6107,765.18,591.42,0.8145
55,bottom,0,769.35,603.03,892.91,853.83,840.31,623.11,0.8191,840.92,619.44,0.5704,842.15,620.05,0.5293,829.90,625.56,0.7550,848.88,626.79,0.7033,813.98,652.51,0.7700,858.07,651.89,0.8411,792.55,689.24,0.8213,863.58,679.45,0.7724,778.47,724.76,0.8354,881.34,709.45,0.7892,802.96,716.18,0.7030,828.06,719.86,0.6773,811.53,752.92,0.7561,858.68,770.68,0.8141,805.41,798.85,0.7854,848.27,827.01,0.8134
56,top,1,734.28,427.47,853.50,610.10,777.40,448.79,0.7958,781.41,443.88,0.7166,775.17,444.77,0.7469,792.56,445.22,0.7716,773.38,448.34,0.5935,810.39,459.93,0.6816,773.38,476.43,0.7400,830.90,474.20,0.6236,762.68,506.30,0.6960,847.40,483.12,0.4866,747.53,532.61,0.7565,814.40,517.90,0.6265,787.21,514.77,0.6517,828.67,558.91,0.6885,774.28,537.51,0.6667,834.47,555.79,0.6948,765.36,592.35,0.7863
56,bottom,0,770.18,605.09,904.28,850.79,845.63,625.97,0.8323,846.23,622.37,0.5869,846.83,622.97,0.5320,834.83,628.36,0.7593,852.83,629.56,0.7183,816.24,654.16,0.7774,863.03,655.36,0.8331,795.24,689.55,0.8508,874.42,685.95,0.7702,779.65,725.54,0.8538,893.62,714.14,0.8008,804.24,716.54,0.7195,829.44,718.94,0.6785,818.04,751.93,0.7659,864.23,768.73,0.8216,816.84,799.32,0.8053,855.23,826.31,0.8297
57,top,1,733.05,437.94,845.67,610.45,772.09,455.96,0.7918,775.89,451.33,0.6921,769.99,452.59,0.7509,787.26,452.59,0.7126,768.73,456.80,0.5635,805.79,467.76,0.7004,769.57,482.50,0.7614,827.27,479.97,0.5965,758.62,511.98,0.7034,851.70,489.24,0.4896,742.61,537.25,0.7605,809.58,523.35,0.6896,783.89,519.98,0.6747,824.32,565.89,0.7249,773.36,536.83,0.6635,828.95,557.47,0.6708,765.36,592.00,0.7722
57,bottom,0,770.43,607.22,913.22,849.35,850.10,630.74,0.8068,851.28,627.20,0.5890,852.46,628.38,0.5257,838.87,633.11,0.7753,857.19,634.29,0.7257,819.95,656.75,0.7727,867.24,660.89,0.8153,797.49,692.22,0.8612,882.61,691.04,0.8014,780.94,727.10,0.8569,902.71,719.42,0.8156,806.95,718.82,0.7144,832.96,721.78,0.6821,824.09,753.11,0.7663,867.83,770.25,0.8304,828.23,800.99,0.8047,861.92,827.59,0.8296
58,top,1,728.34,441.94,843.11,609.71,768.52,462.33,0.7987,771.39,457.42,0.7259,765.66,459.06,0.7583,782.04,458.24,0.7363,764.43,463.15,0.5645,802.52,471.76,0.6823,765.66,490.19,0.7331,823.82,483.63,0.5745,755.01,517.63,0.6920,847.17,491.01,0.3464,739.44,540.57,0.7448,807.03,527.05,0.6668,782.45,523.78,0.6518,821.36,569.65,0.7580,771.80,537.70,0.6541,827.51,559.41,0.7155,765.66,592.18,0.7651
58,bottom,0,770.38,614.66,926.41,855.00,854.85,636.25,0.7632,854.85,632.73,0.5521,856.61,633.90,0.5070,843.70,638.01,0.7683,861.30,640.36,0.6907,823.75,662.66,0.7666,871.28,667.94,0.7821,799.69,697.27,0.8096,891.23,700.21,0.7636,782.09,731.89,0.8333,910.59,728.37,0.7989,809.08,723.68,0.6997,836.07,726.61,0.6587,830.79,756.54,0.7275,871.28,774.73,0.8051,838.42,806.41,0.7813,871.86,831.64,0.8201
59,top,5,730.64,444.79,844.81,609.60,766.40,465.23,0.8599,769.22,460.80,0.7765,762.78,462.41,0.8226,779.27,460.80,0.7694,761.17,466.43,0.6301,798.19,472.87,0.6623,763.58,494.20,0.7391,817.90,482.53,0.4834,753.52,520.76,0.7086,848.08,490.58,0.3807,738.63,542.08,0.7526,806.23,527.60,0.6538,782.49,524.38,0.6304,821.12,569.85,0.7509,771.23,536.45,0.6806,825.95,560.59,0.6736,765.59,591.17,0.7734
59,bottom,2,769.90,624.21,931.63,860.57,859.42,644.87,0.7342,858.84,640.25,0.5317,861.15,641.98,0.5242,847.30,646.60,0.7735,865.19,648.91,0.6868,827.10,670.26,0.7654,875.58,677.76,0.7730,800.56,704.30,0.8038,896.35,709.50,0.7612,780.36,737.77,0.8025,917.12,737.19,0.7840,812.68,732.58,0.7241,838.64,735.46,0.6486,839.80,760.85,0.6681,876.15,780.47,0.7841,843.26,809.33,0.7720,884.23,836.45,0.8235
60,top,1,731.23,444.67,844.51,609.58,766.13,464.72,0.8674,769.35,460.29,0.7772,762.51,461.90,0.8313,778.61,460.69,0.7730,760.90,465.92,0.6465,798.34,473.17,0.6520,762.91,494.11,0.7365,821.29,482.43,0.4595,753.65,520.68,0.7103,850.68,487.26,0.3408,739.56,543.23,0.7722,806.79,526.72,0.6516,782.64,523.90,0.6265,821.29,567.38,0.7453,770.56,536.78,0.6663,826.52,560.13,0.6667,765.33,591.94,0.7729
60,bottom,0,767.11,633.64,935.18,864.85,863.00,654.41,0.7095,860.74,650.46,0.5232,865.26,651.59,0.5053,851.14,656.67,0.7543,868.64,658.36,0.7035,830.82,679.25,0.7665,878.80,686.59,0.8061,803.73,710.86,0.8044,899.12,716.50,0.7542,778.89,741.91,0.8056,918.88,740.78,0.7818,815.02,741.34,0.7399,842.11,744.73,0.6603,846.06,763.92,0.5361,879.37,790.45,0.7753,845.50,810.21,0.7069,891.79,846.33,0.8477
61,top,0,734.88,440.95,846.18,609.11,769.59,459.75,0.8762,772.05,455.23,0.7742,765.90,456.88,0.8226,781.09,456.05,0.7868,763.84,460.98,0.6936,800.38,469.19,0.6801,765.08,487.67,0.7524,824.20,476.17,0.5053,756.04,516.82,0.6904,850.88,480.69,0.4747,742.91,541.86,0.7685,806.95,522.56,0.6624,781.91,520.51,0.6527,825.84,562.80,0.7265,771.64,537.75,0.6739,829.94,562.39,0.6445,765.49,592.36,0.7937
61,bottom,1,766.66,641.87,933.96,865.09,865.02,661.93,0.7333,863.39,658.11,0.5301,866.66,659.75,0.5273,853.03,664.65,0.7175,871.02,666.29,0.6851,833.42,687.54,0.7303,880.83,693.53,0.7821,805.62,716.42,0.7721,900.45,720.78,0.7340,778.92,746.40,0.7729,920.07,737.13,0.7729,818.16,749.67,0.7078,845.95,752.39,0.6264,849.22,772.01,0.5104,887.37,792.17,0.8218,849.22,811.25,0.7080,892.82,847.21,0.8487
62,top,0,736.39,433.98,850.85,609.74,772.17,453.21,0.9083,775.17,448.49,0.8086,768.74,450.20,0.8521,785.04,449.78,0.8466,767.02,454.07,0.7197,802.20,462.65,0.6928,766.59,482.82,0.7536,827.52,468.66,0.5153,758.44,513.28,0.6872,856.27,472.95,0.5469,746.42,541.17,0.7799,809.07,515.86,0.6419,783.32,516.29,0.6523,827.95,558.34,0.6946,773.46,536.88,0.6665,832.67,563.92,0.5935,765.30,592.24,0.7952
62,bottom,1,767.05,644.04,925.62,865.70,862.57,664.50,0.7974,861.49,661.25,0.5605,864.19,662.33,0.5817,852.83,667.74,0.7114,870.15,669.37,0.7012,834.43,690.47,0.7431,879.89,695.34,0.7781,803.04,719.16,0.7592,904.78,720.24,0.6654,778.15,747.84,0.7984,913.98,720.24,0.6183,819.28,753.25,0.6764,846.34,755.41,0.6180,851.75,773.27,0.5226,890.17,794.38,0.8241,850.12,812.24,0.6991,893.42,846.87,0.8572
63,top,4,746.92,425.30,871.64,610.09,777.70,445.97,0.9272,780.86,441.45,0.8732,774.09,442.81,0.8814,790.33,441.91,0.8877,771.38,446.87,0.7650,806.12,454.09,0.7037,769.58,476.64,0.7753,827.78,460.85,0.5908,762.36,508.67,0.7203,857.10,464.91,0.7009,751.53,538.90,0.7330,812.89,507.32,0.6278,786.72,510.48,0.6597,831.39,547.02,0.7170,776.80,537.55,0.6658,818.75,549.28,0.4726,766.42,591.23,0.8234
63,bottom,5,788.96,642.54,919.68,864.93,859.21,660.89,0.7587,859.21,656.01,0.5612,860.84,657.09,0.5480,849.44,663.07,0.7511,865.72,664.69,0.6628,830.43,687.50,0.7370,875.50,690.76,0.6807,800.57,715.73,0.7508,909.16,711.39,0.7019,775.60,742.88,0.8356,902.64,695.64,0.5744,819.03,751.57,0.6878,847.81,753.74,0.6043,846.72,770.57,0.5406,887.98,794.46,0.7983,846.72,812.37,0.6756,893.41,848.21,0.8744
64,top,3,749.88,421.94,874.65,609.62,782.48,436.97,0.9241,785.69,432.84,0.8621,778.82,434.68,0.8637,794.40,433.76,0.9059,776.07,439.72,0.7961,809.52,445.67,0.7454,773.78,469.96,0.7861,831.97,453.92,0.6234,767.82,501.57,0.7243,859.46,458.96,0.7273,758.20,533.19,0.7332,817.76,497.91,0.6762,791.19,502.95,0.6825,836.09,537.31,0.7618,780.65,540.98,0.7152,820.51,543.73,0.6746,765.99,590.46,0.8437
64,bottom,0,761.03,632.64,919.06,865.36,852.55,652.98,0.7578,851.98,649.57,0.5659,854.82,650.14,0.5526,842.32,655.82,0.7567,859.37,656.96,0.6957,824.71,680.25,0.7545,870.16,680.25,0.7659,795.73,707.52,0.7535,904.82,697.30,0.7932,772.44,733.66,0.8631,904.25,680.82,0.7998,815.05,746.73,0.6996,842.32,749.00,0.6522,842.32,767.75,0.5708,878.12,793.88,0.7950,846.30,810.93,0.7143,891.75,846.15,0.8757
65,top,1,754.03,412.91,881.12,605.06,788.02,429.23,0.9300,791.30,425.01,0.8698,783.80,426.89,0.8721,799.75,426.42,0.9134,780.51,432.05,0.8456,815.23,438.15,0.7268,778.17,463.01,0.7814,833.99,447.06,0.6402,773.01,494.44,0.7255,860.26,455.04,0.6972,764.56,527.28,0.7392,822.73,493.50,0.6758,796.46,497.73,0.6794,840.09,529.16,0.7632,785.67,539.01,0.7192,825.08,541.82,0.7297,769.25,585.45,0.8378
65,bottom,0,755.96,620.97,916.16,862.45,846.08,643.25,0.7428,846.08,639.13,0.5495,848.44,640.30,0.5215,835.47,645.61,0.7446,851.98,646.79,0.7135,817.78,670.96,0.7508,863.18,672.73,0.7166,790.07,696.31,0.7229,897.96,683.93,0.7361,767.08,721.08,0.8075,892.07,667.42,0.6885,812.47,740.53,0.6843,837.83,742.30,0.6623,837.83,761.76,0.5225,863.18,788.29,0.6946,845.49,808.92,0.6839,884.40,840.17,0.7790
66,top,1,757.86,406.66,882.55,602.92,793.38,423.33,0.9337,797.21,419.50,0.8817,789.54,420.94,0.8781,805.83,421.42,0.9205,785.71,426.21,0.8204,820.69,431.96,0.7457,782.83,456.40,0.7746,837.94,445.38,0.6485,777.56,489.94,0.7103,863.33,455.92,0.6964,769.90,524.43,0.7235,825.96,488.02,0.6720,799.13,492.33,0.6823,843.69,523.00,0.7334,789.54,534.02,0.7105,829.79,538.81,0.7435,774.69,581.93,0.7960
66,bottom,0,750.59,611.77,898.18,859.04,838.87,633.38,0.7033,837.06,629.16,0.5551,840.08,629.76,0.5165,829.21,635.80,0.7196,843.10,637.01,0.6706,810.50,662.36,0.7335,855.17,663.57,0.7325,783.33,686.51,0.7181,889.58,676.85,0.7271,760.39,711.26,0.7873,884.15,660.55,0.7587,807.48,733.59,0.6676,830.42,734.80,0.6446,838.27,761.97,0.5237,858.19,779.47,0.6907,844.91,807.24,0.6990,866.64,833.20,0.7588
67,top,3,768.36,402.13,884.91,602.20,799.77,419.62,0.9541,803.67,415.71,0.9154,795.86,417.17,0.9067,811.98,418.15,0.9562,792.44,422.06,0.8563,827.61,430.36,0.7485,787.55,452.34,0.7908,843.73,445.50,0.6981,782.18,487.02,0.7169,867.17,458.20,0.7394,775.34,520.24,0.7164,828.58,486.05,0.6698,800.74,489.47,0.6842,845.68,521.22,0.7085,792.93,529.52,0.6692,836.40,537.34,0.7450,783.16,576.90,0.7699
67,bottom,0,747.53,603.24,889.46,850.69,830.57,623.05,0.7423,829.97,619.43,0.5553,830.57,619.43,0.5058,820.91,625.47,0.7092,836.01,626.68,0.6502,800.97,652.05,0.7311,847.49,653.86,0.7033,776.20,678.03,0.7394,880.11,671.38,0.7158,755.66,706.42,0.8238,861.39,656.88,0.5143,801.58,724.55,0.6843,825.14,723.94,0.6747,839.64,763.82,0.5584,854.14,771.67,0.7628,843.26,809.13,0.6443,845.07,824.23,0.7333
68,top,1,776.04,401.56,884.99,595.05,805.95,417.53,0.9439,809.73,413.75,0.9044,802.17,414.69,0.8991,818.23,416.58,0.9396,798.39,419.89,0.8323,832.40,429.33,0.7477,793.20,449.18,0.7862,845.16,444.45,0.7245,787.53,483.66,0.6830,868.31,460.98,0.7576,780.44,519.09,0.6938,831.93,485.08,0.6613,805.01,487.44,0.6816,849.41,523.34,0.7034,798.39,524.28,0.7222,845.63,537.51,0.6920,792.25,576.72,0.7761
68,bottom,0,744.24,591.81,881.18,838.47,822.34,613.97,0.7774,822.95,609.75,0.5681,822.95,610.96,0.5260,811.50,616.38,0.7483,828.37,616.98,0.7084,792.23,642.88,0.7663,841.01,645.89,0.7879,768.75,671.18,0.7904,868.11,667.57,0.7754,752.49,699.48,0.8433,863.29,657.33,0.5531,794.64,717.55,0.6844,818.13,717.55,0.6960,833.79,757.29,0.6026,846.43,762.11,0.8108,842.22,805.47,0.7252,821.74,807.28,0.6949
69,top,1,784.28,402.40,884.27,585.34,811.94,417.94,0.9402,815.51,413.92,0.8981,808.37,414.81,0.8879,824.00,416.60,0.9125,804.35,419.73,0.8298,837.85,430.00,0.7512,798.10,448.31,0.7754,848.57,447.42,0.7013,791.40,482.70,0.6674,871.79,465.73,0.7037,786.04,517.99,0.7205,834.72,487.61,0.6516,807.48,488.95,0.6647,852.58,524.24,0.6928,804.35,523.35,0.7369,853.92,541.66,0.7200,797.65,571.58,0.7173
69,bottom,0,742.65,585.33,865.41,830.91,813.02,605.59,0.7957,813.62,602.00,0.5646,812.43,603.19,0.5060,803.43,608.59,0.7408,819.62,609.19,0.6574,783.65,635.57,0.7747,834.01,639.77,0.8005,762.66,668.55,0.7971,856.79,667.95,0.8035,748.87,695.53,0.8135,846.60,657.16,0.5134,787.24,708.72,0.6766,812.43,708.72,0.6863,827.41,753.09,0.6084,838.21,757.29,0.7957,839.41,802.25,0.7070,799.83,797.46,0.6265
70,top,1,788.14,402.75,886.22,571.99,819.41,418.78,0.9171,822.30,415.07,0.8767,815.69,416.30,0.8499,830.16,417.96,0.8316,810.74,420.85,0.8185,842.14,432.83,0.7532,803.30,448.94,0.7736,855.36,455.97,0.6842,795.86,482.82,0.6686,877.67,475.39,0.7437,790.49,516.70,0.6583,838.01,490.26,0.6500,812.39,491.50,0.6576,855.77,524.97,0.6784,807.84,528.69,0.7063,859.49,545.21,0.7673,799.17,574.55,0.7561
70,bottom,0,740.00,575.21,852.71,823.17,804.22,599.91,0.8582,804.83,596.88,0.6361,803.62,597.48,0.5521,795.75,604.14,0.7919,810.88,605.35,0.7015,776.98,630.78,0.8041,826.02,635.02,0.8201,758.21,665.29,0.7985,845.39,665.89,0.8035,746.11,692.53,0.8074,830.86,648.94,0.5469,780.61,703.43,0.7068,804.22,704.03,0.7044,821.78,746.41,0.6323,825.41,752.46,0.8022,826.02,793.02,0.7446,784.25,791.21,0.6534
71,top,1,790.27,405.86,883.57,571.09,825.63,421.10,0.9284,828.86,417.47,0.8293,822.00,418.28,0.8631,836.52,419.89,0.8143,817.56,422.72,0.8146,847.01,435.63,0.7564,807.88,450.15,0.7775,857.50,457.41,0.7514,799.41,483.23,0.6980,877.67,478.39,0.7918,794.57,517.11,0.7035,841.76,489.68,0.6725,816.75,491.70,0.6583,858.30,523.97,0.6220,812.72,528.41,0.7168,857.50,546.96,0.7884,800.21,571.97,0.7676
71,bottom,0,736.89,574.90,844.71,817.95,797.33,596.74,0.8026,799.11,593.18,0.6166,797.33,593.77,0.5342,787.83,600.30,0.7662,803.85,600.89,0.7114,769.44,628.78,0.7879,818.69,631.75,0.8220,752.23,663.79,0.7797,837.08,662.60,0.8167,743.92,688.71,0.7279,824.62,656.08,0.5658,774.18,701.77,0.7058,796.73,702.95,0.6978,813.94,742.12,0.6060,813.94,752.80,0.7611,814.53,786.03,0.7612,771.22,788.99,0.6700
72,top,1,794.92,404.66,891.03,570.88,832.02,421.62,0.9194,835.26,417.97,0.8121,828.36,418.38,0.8615,842.57,420.40,0.7774,823.49,422.84,0.8078,851.50,435.42,0.7979,813.76,450.03,0.7964,861.23,458.14,0.7602,804.02,482.49,0.7204,879.90,480.46,0.7566,798.74,515.36,0.6941,844.60,489.80,0.6919,821.06,491.02,0.6937,864.89,524.70,0.7421,817.81,527.94,0.7464,857.18,547.02,0.7525,801.58,570.15,0.7688
72,bottom,0,732.41,575.47,840.58,815.75,789.43,595.88,0.7799,792.36,592.36,0.5882,788.84,592.36,0.5252,780.04,599.40,0.7559,796.47,599.40,0.7173,763.03,628.15,0.7787,812.31,629.32,0.7912,747.19,662.17,0.7772,834.01,656.30,0.8205,740.74,683.88,0.7414,826.38,637.53,0.7251,766.55,698.54,0.7052,788.84,700.30,0.6845,804.09,737.26,0.4926,804.09,753.10,0.7406,799.40,780.67,0.6748,760.10,791.23,0.6543
73,top,1,794.16,405.44,890.57,583.47,836.71,420.56,0.8702,839.76,417.09,0.7562,833.24,417.52,0.8258,848.01,420.13,0.7889,829.32,421.87,0.8281,857.14,434.91,0.7740,819.33,448.81,0.7831,865.40,456.20,0.7764,808.90,480.98,0.6816,880.61,480.11,0.8206,802.81,514.44,0.7473,848.01,488.80,0.6839,824.98,491.41,0.6943,870.61,521.83,0.7820,823.24,526.61,0.7535,858.44,545.74,0.7575,802.38,573.12,0.7861
73,bottom,0,732.60,575.79,839.56,815.04,781.41,597.29,0.7960,780.82,594.37,0.5468,780.82,594.37,0.5745,773.23,600.79,0.7768,789.00,600.79,0.7456,756.87,628.83,0.7893,804.18,627.08,0.7531,741.10,663.29,0.7214,833.39,646.94,0.8528,735.85,672.64,0.6430,827.55,623.57,0.8188,759.21,696.58,0.7308,781.99,699.50,0.7076,793.09,739.22,0.5363,793.09,754.99,0.7292,790.75,780.69,0.6079,755.71,796.46,0.6705
74,top,1,796.78,400.56,891.92,585.89,841.63,416.31,0.8510,845.25,412.24,0.7514,838.01,413.14,0.7872,852.94,415.40,0.8012,833.94,417.21,0.8224,861.99,428.52,0.7764,823.98,444.36,0.7601,868.33,449.79,0.7701,813.58,475.58,0.6484,882.35,475.58,0.8121,806.34,509.51,0.7054,852.94,484.63,0.6834,829.41,487.80,0.6760,873.75,519.01,0.7949,828.51,526.25,0.7259,858.82,545.26,0.7420,803.17,574.21,0.7757
74,bottom,0,727.87,575.55,837.39,815.62,771.50,595.95,0.8894,772.08,593.02,0.5281,771.50,592.43,0.6485,765.05,599.47,0.7232,780.87,598.88,0.7466,751.57,627.01,0.8288,797.28,624.08,0.7747,734.57,658.08,0.8424,832.45,635.81,0.9115,732.81,653.39,0.5181,826.00,611.78,0.8830,751.57,695.00,0.7620,775.01,697.35,0.7248,770.91,719.03,0.4356,788.49,754.79,0.7544,772.67,758.30,0.5563,754.50,797.57,0.7503
75,top,1,805.86,394.98,891.65,564.49,845.44,410.62,0.8588,848.75,407.31,0.7564,842.13,407.73,0.7873,857.03,410.21,0.7766,837.58,411.87,0.7925,866.14,422.21,0.8251,828.89,437.11,0.7769,873.17,441.66,0.7643,818.13,466.91,0.6507,884.35,468.15,0.7584,811.09,501.26,0.6403,857.86,478.91,0.7038,835.51,483.05,0.6682,876.90,515.74,0.8280,833.86,524.43,0.7620,859.93,543.88,0.7350,808.61,568.71,0.7934
75,bottom,0,728.34,570.81,835.66,816.35,764.62,592.87,0.8913,762.82,589.88,0.6067,765.82,589.88,0.6508,757.43,596.47,0.7770,773.61,595.87,0.7779,745.44,623.44,0.8661,791.59,620.45,0.7883,731.65,646.82,0.8018,828.16,626.44,0.9244,728.05,642.03,0.4775,826.36,602.46,0.9251,747.83,691.78,0.7947,772.41,694.78,0.7662,757.43,715.76,0.4927,785.00,751.73,0.7773,755.63,748.73,0.6639,754.43,796.69,0.8412
76,top,1,807.88,388.86,895.46,585.04,848.32,405.53,0.8499,852.63,401.70,0.7528,844.96,402.18,0.7743,861.25,405.53,0.8151,841.13,406.49,0.8099,869.39,418.46,0.7844,831.55,432.83,0.7652,877.05,436.19,0.7676,820.54,463.01,0.7121,887.59,461.09,0.7950,814.79,497.49,0.6517,860.77,474.50,0.6955,837.78,477.38,0.6578,878.97,511.38,0.8125,839.69,519.04,0.7393,860.77,541.08,0.7612,816.23,566.46,0.7655
76,bottom,0,723.32,567.30,830.39,814.58,756.93,589.52,0.8742,755.12,585.90,0.6337,758.74,585.90,0.6336,749.69,591.94,0.7579,765.99,591.94,0.7630,739.43,620.31,0.8250,782.89,616.69,0.7549,727.35,636.61,0.6924,820.93,622.12,0.8799,737.01,632.38,0.3874,825.15,596.16,0.8631,743.65,686.11,0.7574,769.61,688.53,0.7230,743.65,707.85,0.4663,782.29,746.48,0.7527,744.26,743.46,0.6785,755.73,791.16,0.7960
77,top,1,814.43,385.86,897.91,562.39,851.00,401.29,0.8744,854.88,398.28,0.7545,847.98,398.71,0.8145,863.50,401.72,0.7781,843.68,402.59,0.7933,873.41,413.36,0.8298,835.06,428.01,0.7980,880.74,430.17,0.8027,823.85,459.90,0.6957,892.37,456.03,0.8437,819.11,493.52,0.6943,864.36,470.25,0.7349,841.09,473.26,0.6976,884.62,505.59,0.8447,846.26,514.21,0.7672,865.22,536.62,0.7546,823.85,561.18,0.7734
77,bottom,0,715.64,564.01,832.57,811.04,749.98,587.41,0.8448,748.17,584.40,0.6281,752.39,583.80,0.5935,740.93,589.22,0.7956,759.03,589.83,0.7491,730.68,616.97,0.8539,775.91,614.55,0.7794,724.05,626.62,0.6071,813.91,621.19,0.8503,733.70,614.55,0.3730,824.76,593.44,0.8700,738.52,684.51,0.7441,765.06,686.93,0.7164,730.08,709.24,0.5870,780.13,739.40,0.7670,729.47,734.57,0.6600,757.82,785.83,0.8146
78,top,1,819.51,385.30,903.99,565.05,854.29,399.26,0.8448,857.80,396.18,0.7485,851.22,396.18,0.8361,866.14,399.26,0.7694,847.27,400.57,0.8266,876.67,411.54,0.8036,837.62,426.03,0.7863,885.01,428.22,0.7827,827.52,455.43,0.6917,896.42,454.11,0.8110,822.26,487.02,0.6717,866.58,466.84,0.7164,843.76,469.91,0.6959,888.52,501.07,0.8371,850.78,510.28,0.7420,869.21,532.66,0.7378,831.03,559.87,0.7863
78,bottom,0,703.81,563.79,837.51,809.27,743.69,587.04,0.8300,741.30,583.45,0.6180,745.49,583.45,0.5919,732.91,588.84,0.8351,750.89,588.84,0.7525,723.32,614.01,0.8597,767.67,615.21,0.7946,723.32,618.81,0.5400,804.82,623.00,0.8230,749.69,610.42,0.3499,824.60,598.43,0.8207,732.31,685.33,0.7344,759.28,686.53,0.7402,723.32,710.50,0.5679,778.45,734.47,0.7899,716.72,723.69,0.6242,760.47,778.82,0.8295
79,top,1,823.43,383.61,907.74,577.44,857.07,399.13,0.8435,860.38,395.35,0.7642,853.75,396.29,0.8414,869.37,399.13,0.7796,850.44,401.02,0.8268,880.26,411.44,0.7941,840.50,425.63,0.7943,889.72,428.47,0.7689,830.09,456.39,0.7265,901.55,454.50,0.7938,825.36,488.57,0.6933,869.84,465.38,0.7141,846.66,468.22,0.7002,891.14,500.40,0.8138,854.70,508.45,0.7500,874.58,529.74,0.7668,838.14,558.61,0.7953
79,bottom,0,691.27,569.28,835.74,805.07,735.88,589.31,0.8410,735.88,585.86,0.6174,737.60,586.43,0.5751,726.09,591.61,0.7902,743.36,591.61,0.7460,717.46,614.64,0.8392,761.21,618.67,0.7614,718.03,613.49,0.5755,795.75,627.30,0.7950,745.66,602.55,0.3366,819.93,607.16,0.8056,726.09,684.30,0.7150,753.15,685.45,0.7234,714.00,709.63,0.6271,776.17,733.80,0.7813,705.94,733.80,0.6818,762.36,775.83,0.7946
80,top,1,824.05,386.06,913.46,581.32,860.17,400.27,0.8475,863.51,396.93,0.7745,856.83,397.41,0.8450,872.56,399.79,0.7780,853.97,402.17,0.8365,883.53,413.62,0.7887,843.49,426.96,0.7963,893.54,432.21,0.7687,833.00,457.95,0.7585,906.41,457.95,0.8052,827.76,490.36,0.7138,871.13,465.57,0.6811,848.25,468.91,0.6795,893.06,499.42,0.7877,859.69,508.00,0.7445,882.10,530.88,0.7582,845.87,558.05,0.7725
80,bottom,0,680.51,571.74,831.08,800.25,730.69,591.72,0.8124,729.58,588.93,0.6045,732.37,590.04,0.5866,718.98,594.51,0.7980,736.27,595.06,0.7557,712.28,615.71,0.8532,751.89,621.29,0.7745,718.42,619.05,0.5102,784.25,634.12,0.7646,745.76,619.05,0.3953,814.38,617.38,0.7695,720.65,687.67,0.7299,749.10,688.79,0.7253,704.47,699.95,0.7260,773.65,733.98,0.7936,698.34,732.86,0.7969,762.49,774.15,0.7977
81,top,1,828.25,388.21,920.54,581.90,863.99,403.25,0.8619,867.30,399.47,0.7983,860.68,400.41,0.9012,876.29,402.78,0.8208,857.85,404.67,0.8313,887.17,416.96,0.7799,847.44,429.26,0.7952,896.62,435.88,0.7465,836.57,459.99,0.7381,910.81,461.89,0.7880,831.37,491.68,0.6843,873.45,468.51,0.6722,851.23,471.34,0.6915,895.68,501.13,0.7682,863.52,510.12,0.7532,890.95,532.34,0.7727,852.65,560.24,0.7609
81,bottom,0,681.50,573.42,830.55,796.98,724.92,596.24,0.8133,723.28,592.42,0.5980,726.01,594.05,0.5728,714.55,598.97,0.7934,731.47,598.97,0.7829,708.54,616.43,0.8536,745.11,624.62,0.7751,715.64,602.24,0.5928,772.95,638.81,0.7121,716.73,576.04,0.4775,807.88,628.44,0.7059,716.73,689.02,0.7326,743.48,690.11,0.7258,700.36,689.57,0.6789,769.67,735.41,0.7701,699.81,729.96,0.7920,760.94,771.43,0.7886
82,top,1,830.42,391.76,924.12,583.08,867.93,406.14,0.8759,871.20,402.41,0.7948,864.66,403.34,0.8924,880.08,406.14,0.8217,861.86,408.01,0.8364,890.35,421.56,0.7913,851.12,432.30,0.7996,900.16,441.18,0.7408,839.44,463.60,0.7422,914.18,470.14,0.7581,833.83,496.76,0.6967,875.87,472.47,0.6772,853.45,476.21,0.7010,899.23,501.90,0.7177,867.47,513.11,0.7533,899.70,533.66,0.7823,852.05,562.62,0.7823
82,bottom,0,682.05,568.94,823.33,793.16,719.29,595.11,0.8591,717.10,591.82,0.6130,720.39,593.47,0.5576,710.53,599.49,0.7815,728.60,597.85,0.7849,704.51,616.46,0.8909,740.64,621.38,0.8195,712.18,599.49,0.6693,764.73,641.09,0.7256,714.37,568.83,0.5801,800.31,638.35,0.7468,713.82,687.07,0.6968,739.55,687.07,0.6929,699.59,685.98,0.6915,765.28,736.89,0.7562,699.59,728.68,0.7709,758.71,768.09,0.7889
83,top,1,833.50,393.83,927.11,583.71,872.89,408.11,0.8506,876.13,404.40,0.7967,869.64,404.87,0.8492,884.94,408.11,0.8141,866.40,409.50,0.7873,895.14,425.73,0.7831,855.73,434.07,0.7858,904.87,449.37,0.6986,841.36,463.74,0.7441,917.39,476.72,0.7376,836.26,496.19,0.6869,876.60,475.33,0.6528,855.73,478.11,0.6826,903.95,502.22,0.7066,871.96,513.34,0.7308,905.80,533.74,0.7661,852.95,562.02,0.7335
83,bottom,0,682.61,570.78,816.96,791.64,716.89,591.16,0.8706,716.35,588.46,0.6296,717.43,590.08,0.5550,708.80,596.01,0.7442,726.06,594.94,0.7879,702.33,615.96,0.8885,739.54,618.66,0.8186,709.88,613.27,0.5758,759.49,641.85,0.6658,716.35,622.43,0.3505,794.00,646.70,0.7042,713.66,684.44,0.6922,739.54,684.44,0.6942,700.18,683.90,0.6819,763.80,735.13,0.7694,699.64,728.66,0.7573,754.10,767.48,0.7650
84,top,1,834.84,393.30,931.98,582.75,878.78,408.01,0.8631,882.48,404.31,0.7933,875.55,404.31,0.8214,890.81,408.01,0.8157,872.31,408.93,0.7934,900.06,426.05,0.7865,860.74,432.99,0.7795,907.92,451.02,0.7017,844.09,461.20,0.7575,919.49,480.16,0.7117,837.62,494.04,0.6720,878.78,473.69,0.6624,857.97,476.93,0.6940,907.92,503.29,0.7275,873.70,513.93,0.7409,911.62,534.28,0.7656,852.42,562.49,0.7553
84,bottom,0,681.25,567.23,813.44,788.08,716.61,586.54,0.9160,716.07,584.38,0.6598,717.15,584.92,0.5400,707.99,590.85,0.8116,726.86,590.85,0.7786,700.98,614.57,0.9121,739.26,616.19,0.8371,709.06,629.13,0.5742,758.13,641.53,0.7167,733.33,625.36,0.4417,791.02,651.78,0.7630,713.92,681.43,0.7072,740.88,681.43,0.7053,700.98,684.13,0.6720,765.68,731.58,0.7801,699.36,728.34,0.7703,752.20,763.93,0.7858
85,top,1,836.92,390.72,935.57,584.04,883.89,405.26,0.8598,888.14,401.48,0.8016,881.06,401.96,0.8121,896.16,405.73,0.8308,877.28,406.68,0.7908,905.13,423.67,0.7769,865.01,428.39,0.7535,911.26,449.62,0.7142,847.08,453.87,0.7609,919.76,479.36,0.7114,840.47,485.02,0.7170,881.53,470.86,0.6405,860.76,473.70,0.6776,913.15,501.54,0.7320,870.20,512.40,0.7292,912.68,536.47,0.7669,852.27,561.95,0.7725
85,bottom,0,680.63,562.30,811.18,788.00,718.91,580.92,0.9223,719.46,578.72,0.6344,720.56,579.27,0.5316,710.09,585.33,0.8448,729.93,585.33,0.7194,702.38,610.68,0.8915,742.60,610.68,0.8617,708.44,631.62,0.5958,758.58,639.33,0.7443,732.68,627.21,0.4441,790.54,654.76,0.7879,715.60,676.25,0.7311,742.05,676.25,0.7346,702.93,686.17,0.6787,769.60,725.29,0.7957,698.52,729.15,0.7993,752.52,760.56,0.7684
86,top,1,834.33,387.72,935.66,582.91,887.86,400.97,0.8299,892.15,397.63,0.7900,885.00,397.63,0.8086,900.25,402.40,0.8340,882.14,402.87,0.7189,910.26,420.98,0.7968,867.84,423.37,0.7220,915.50,448.62,0.7162,849.26,448.15,0.7319,919.79,477.22,0.7056,841.16,478.17,0.7449,885.95,467.68,0.6242,863.55,468.64,0.6562,916.93,498.66,0.7332,863.08,507.71,0.6905,912.16,536.31,0.7590,853.07,561.09,0.7594
86,bottom,0,682.09,556.80,808.70,788.48,723.90,575.36,0.9387,723.90,573.66,0.6565,726.73,573.09,0.5705,715.99,578.75,0.7837,734.65,578.75,0.7967,704.11,604.77,0.8785,745.96,605.33,0.8387,709.76,629.09,0.6079,759.54,635.31,0.7408,733.52,625.70,0.4361,789.52,656.24,0.7840,718.25,670.95,0.7363,745.40,670.95,0.7107,705.80,693.57,0.7181,773.68,718.46,0.7901,699.58,729.21,0.7958,754.45,758.05,0.7622
87,top,1,835.15,383.83,935.63,564.14,890.67,396.07,0.8521,895.07,393.43,0.8287,888.03,392.99,0.8210,902.12,398.27,0.8382,884.07,398.27,0.7775,913.56,418.52,0.8098,869.10,418.08,0.7340,917.08,444.49,0.7336,851.49,441.41,0.7379,917.52,473.10,0.6885,840.93,469.14,0.6924,891.11,467.38,0.6523,866.02,466.94,0.6484,918.84,499.52,0.7252,861.62,503.92,0.6892,913.12,536.93,0.7973,855.02,554.54,0.7566
87,bottom,0,688.41,550.53,807.59,785.66,728.48,569.93,0.9503,728.48,568.21,0.6765,730.21,568.21,0.6107,721.02,573.38,0.7691,738.82,572.80,0.8026,708.39,600.36,0.8616,751.45,599.21,0.8434,706.10,637.10,0.7498,762.35,631.93,0.7725,723.89,638.82,0.4170,788.18,658.34,0.7894,721.60,666.37,0.7179,748.00,665.80,0.6873,711.26,695.07,0.7128,778.43,712.87,0.7941,700.93,727.79,0.7757,758.91,755.35,0.7896
88,top,1,829.89,378.49,935.42,565.66,890.88,390.28,0.7464,894.53,387.54,0.7458,887.68,387.54,0.7351,901.39,393.02,0.7804,884.03,393.02,0.7615,913.73,414.04,0.7797,868.95,410.85,0.7219,918.30,439.63,0.7413,852.50,434.15,0.7489,915.10,466.59,0.7111,839.70,461.57,0.7695,895.91,463.39,0.6353,869.86,462.94,0.6424,916.47,499.49,0.6853,864.38,499.95,0.6796,913.73,536.50,0.7923,857.52,547.93,0.7479
88,bottom,0,696.40,547.81,802.46,785.92,733.15,566.88,0.9353,732.57,565.14,0.6629,734.32,565.14,0.6412,725.60,570.37,0.7877,743.04,569.79,0.8116,711.65,597.69,0.8440,755.83,597.69,0.8552,708.16,632.57,0.7281,766.29,632.57,0.8013,705.83,651.75,0.5222,787.80,661.05,0.7863,723.27,663.96,0.6973,750.01,663.96,0.6709,713.97,695.35,0.6921,783.15,709.89,0.7785,705.25,729.65,0.7264,763.96,752.90,0.7822
89,top,1,830.18,367.02,936.08,565.50,887.50,383.88,0.7615,891.86,380.97,0.7458,885.07,380.49,0.7412,899.61,385.82,0.8080,882.16,385.82,0.7442,912.69,408.11,0.7558,867.63,403.75,0.7204,917.54,435.73,0.7028,853.57,426.04,0.7493,910.27,460.93,0.6384,838.55,451.24,0.7751,899.61,456.08,0.6316,870.05,454.63,0.6421,915.12,495.82,0.6786,865.69,494.85,0.7051,913.66,536.04,0.8188,861.81,544.76,0.7628
89,bottom,0,699.07,548.04,798.56,782.86,738.50,566.85,0.9364,737.92,565.13,0.6014,738.50,565.13,0.6800,729.90,570.29,0.7722,748.24,570.29,0.8280,716.71,597.80,0.8360,760.85,598.38,0.8870,710.41,635.64,0.7609,769.45,634.50,0.8030,705.25,660.87,0.6830,788.37,664.88,0.7726,725.31,663.73,0.6932,751.68,664.31,0.6686,718.43,690.68,0.7198,787.23,707.88,0.8124,710.41,731.95,0.7636,770.03,752.59,0.7905
90,top,1,827.51,359.59,936.27,558.32,884.81,375.98,0.7776,889.17,372.59,0.7432,882.38,372.10,0.7268,897.91,377.93,0.8120,879.47,377.44,0.7086,909.55,400.73,0.7772,866.37,395.39,0.7607,917.31,427.90,0.7598,853.27,417.71,0.7797,908.09,452.64,0.6925,838.71,441.48,0.8011,898.39,446.34,0.6542,868.31,444.40,0.6473,911.49,489.52,0.7061,865.40,488.55,0.6872,914.40,534.64,0.8241,866.85,539.49,0.7965
90,bottom,0,699.72,551.78,801.03,785.20,744.11,570.48,0.8649,744.11,568.20,0.5951,744.11,568.20,0.6265,735.56,573.33,0.7660,753.23,573.33,0.7921,721.88,600.11,0.8263,764.62,601.25,0.8634,712.77,637.72,0.7867,773.74,640.57,0.8056,707.07,667.35,0.7272,789.13,667.35,0.7446,726.44,666.21,0.6963,751.52,667.35,0.6519,725.30,689.00,0.7097,790.84,707.81,0.7993,715.05,734.02,0.7634,776.59,753.97,0.8114
91,top,1,823.90,353.17,936.78,553.88,880.83,369.24,0.7166,884.75,366.30,0.6997,878.87,365.32,0.7069,893.57,371.69,0.7838,875.93,371.20,0.6868,905.82,394.72,0.7565,863.68,387.86,0.7660,916.60,421.67,0.7440,853.39,409.42,0.7516,903.86,444.70,0.6334,837.71,431.96,0.7393,896.02,438.82,0.6616,866.62,437.35,0.6611,907.78,485.37,0.7147,864.17,484.39,0.7055,915.13,532.90,0.8186,871.03,532.41,0.7800
91,bottom,0,701.87,556.08,805.55,786.24,749.78,575.63,0.8311,749.78,572.83,0.5598,750.34,573.39,0.5949,741.35,578.44,0.7565,757.64,578.44,0.7515,726.74,604.29,0.8056,768.32,607.10,0.8439,714.94,642.50,0.7884,777.87,643.63,0.7765,707.63,674.53,0.7703,790.80,667.79,0.7283,726.74,670.60,0.7118,752.03,672.28,0.6633,732.36,694.76,0.6728,794.17,708.25,0.8001,717.75,740.84,0.7675,782.93,757.69,0.8527
92,top,1,820.90,342.56,934.37,552.42,878.15,363.46,0.7020,882.76,360.39,0.6706,876.10,359.87,0.6798,890.96,365.51,0.7788,873.03,365.00,0.6957,902.75,388.57,0.7646,861.76,380.88,0.7860,916.07,414.70,0.8191,853.05,402.91,0.7692,899.67,435.19,0.6715,837.16,423.41,0.7616,893.01,433.14,0.6731,864.83,431.60,0.6750,904.28,482.33,0.7616,862.27,482.33,0.7369,915.04,530.49,0.8100,874.56,524.34,0.7919
92,bottom,0,702.92,559.20,807.05,785.48,754.99,580.08,0.8168,756.09,577.32,0.5409,755.54,577.87,0.5480,746.15,583.40,0.7659,762.72,583.95,0.6962,731.78,608.81,0.8005,772.66,613.23,0.8034,717.97,646.93,0.7704,784.82,647.48,0.7073,709.13,678.97,0.7801,793.10,667.37,0.6704,729.57,675.66,0.7104,754.43,677.31,0.6593,738.41,699.96,0.6989,797.52,710.46,0.7910,717.97,742.50,0.7902,783.71,758.52,0.8541
93,top,1,818.42,340.96,922.84,546.00,873.63,358.38,0.7682,878.64,355.37,0.7307,872.13,354.37,0.7407,887.65,359.88,0.8136,869.63,358.38,0.6935,899.66,384.91,0.7622,860.12,375.90,0.7888,914.18,411.94,0.8146,852.61,397.42,0.7364,893.16,430.96,0.6798,837.59,417.95,0.7402,891.15,431.46,0.6532,865.62,430.46,0.6602,901.67,480.52,0.7132,861.12,479.52,0.7293,911.68,525.07,0.7890,875.14,514.56,0.7575
93,bottom,0,704.49,560.72,808.14,786.34,761.83,582.64,0.7989,762.93,578.79,0.5594,763.48,579.89,0.5395,751.91,585.40,0.7565,768.99,585.95,0.7152,737.59,610.73,0.7862,780.00,616.79,0.8088,721.62,648.74,0.7712,793.78,654.25,0.7440,711.70,681.79,0.7679,794.88,664.72,0.5563,734.29,678.49,0.7060,759.07,680.69,0.6592,739.24,702.72,0.6996,799.83,713.19,0.8050,718.31,742.93,0.7839,782.76,761.66,0.8355
94,top,1,814.40,338.29,918.52,541.23,869.93,354.54,0.8051,874.88,351.57,0.7658,868.44,350.58,0.7911,884.30,356.52,0.8513,866.46,354.54,0.7047,896.19,382.29,0.7858,858.04,373.37,0.8007,911.05,409.54,0.8394,854.57,395.66,0.7195,886.78,427.37,0.6707,835.74,415.98,0.7322,889.25,430.35,0.6659,865.47,430.35,0.6558,898.67,478.41,0.7257,858.04,479.40,0.7663,910.06,520.03,0.8071,874.39,505.66,0.7489
94,bottom,0,707.12,560.09,810.36,786.27,768.13,582.06,0.9137,769.24,579.30,0.6311,768.68,579.86,0.5649,758.19,585.38,0.7511,775.86,586.48,0.7185,743.28,611.33,0.8080,788.01,616.30,0.8354,726.16,648.33,0.7864,801.82,652.20,0.8369,715.12,683.12,0.7893,793.53,646.12,0.5539,740.52,677.04,0.7267,765.92,679.25,0.6759,738.31,705.76,0.7183,802.37,716.80,0.8201,717.33,743.86,0.7868,781.94,765.40,0.7935
95,top,1,814.54,336.20,919.13,535.33,866.35,353.60,0.8526,871.21,351.17,0.7948,864.89,349.22,0.8053,880.93,356.03,0.8480,862.94,353.60,0.6503,892.11,380.83,0.7827,857.11,372.56,0.8068,907.19,409.02,0.8351,855.17,395.90,0.6973,881.42,425.55,0.6116,833.77,414.37,0.7365,888.71,431.39,0.6720,866.35,431.39,0.6790,895.03,478.06,0.7343,855.65,476.60,0.7459,910.59,512.58,0.8236,870.24,497.51,0.7062
95,bottom,0,711.71,558.76,814.71,785.51,773.73,580.24,0.9110,773.73,578.02,0.6264,774.84,578.02,0.5449,764.32,584.11,0.7757,783.14,585.22,0.7012,749.92,610.68,0.8077,796.98,614.56,0.8356,731.10,645.56,0.7850,809.16,648.33,0.8498,720.58,679.88,0.7825,799.75,630.61,0.6441,746.60,676.01,0.7071,774.28,679.33,0.6751,736.08,710.88,0.7068,804.73,718.08,0.8325,721.69,743.54,0.7490,781.48,767.90,0.7648
96,top,1,811.12,335.24,924.88,535.17,862.14,354.18,0.8373,867.51,351.74,0.8031,861.65,349.30,0.8022,877.27,357.11,0.8823,859.21,353.69,0.6262,887.03,380.53,0.7807,855.79,374.19,0.8016,902.65,409.33,0.8604,855.79,398.11,0.6629,874.83,422.51,0.6019,831.88,412.26,0.7220,888.01,433.74,0.6875,866.53,433.25,0.6985,891.91,481.09,0.7590,852.38,473.76,0.7154,914.37,513.30,0.8309,863.12,492.80,0.6888
96,bottom,0,718.39,558.13,821.91,786.63,779.07,579.78,0.9131,779.63,577.55,0.6364,779.07,577.55,0.5482,769.59,583.68,0.7744,788.00,584.24,0.7170,755.08,609.35,0.7876,803.06,612.14,0.8529,735.00,642.26,0.7899,815.89,644.49,0.8595,726.63,676.29,0.7712,805.85,628.87,0.6340,752.85,675.17,0.7073,780.19,678.52,0.6877,739.46,711.99,0.7154,801.94,719.80,0.8417,728.31,746.02,0.7818,781.86,768.34,0.7777
97,top,1,815.79,337.42,926.12,535.73,856.92,357.18,0.8177,862.24,354.27,0.7378,856.43,352.33,0.8254,872.41,358.63,0.8560,854.98,356.21,0.6324,881.61,381.38,0.8084,854.01,376.06,0.8079,896.62,409.46,0.8122,854.01,401.23,0.6868,866.60,419.15,0.6434,828.83,409.95,0.7359,886.45,433.67,0.6981,866.11,432.22,0.7156,888.87,481.60,0.7621,848.68,470.95,0.7696,914.53,515.49,0.7711,856.43,489.83,0.6769
97,bottom,0,726.00,557.46,826.47,787.21,782.97,577.54,0.8601,783.53,574.73,0.5996,782.97,575.29,0.5272,773.43,580.90,0.7810,791.94,581.46,0.7437,759.41,606.15,0.7779,807.09,608.95,0.8385,739.22,639.24,0.7951,820.55,640.92,0.8453,731.92,673.46,0.7664,812.14,618.49,0.6701,758.29,673.46,0.7075,786.89,676.26,0.6801,747.63,713.84,0.7903,798.67,720.57,0.8165,736.97,755.35,0.8093,780.72,769.37,0.8120
98,top,5,810.77,338.05,926.49,536.45,851.19,355.88,0.8486,856.52,352.49,0.7658,851.19,351.03,0.8107,866.69,357.81,0.8324,849.74,355.39,0.5518,875.41,380.09,0.8067,852.16,375.25,0.7592,889.46,408.67,0.7987,852.16,399.47,0.5809,857.98,414.00,0.6539,827.46,404.31,0.6216,882.19,432.89,0.6581,861.85,430.47,0.6744,885.10,482.30,0.7517,848.29,465.83,0.6145,913.19,514.26,0.7739,850.23,484.72,0.6305
98,bottom,0,731.93,554.49,831.53,786.00,787.39,575.29,0.7800,786.25,571.90,0.5522,789.08,571.90,0.5055,777.21,577.55,0.7624,795.86,578.11,0.7672,761.95,604.11,0.7758,811.12,606.37,0.8381,743.86,637.46,0.8037,824.69,639.16,0.8554,738.21,671.37,0.7614,811.69,623.90,0.5710,764.21,671.94,0.7321,792.47,673.63,0.6893,756.30,715.46,0.8122,796.99,721.68,0.8284,746.12,762.94,0.8517,781.73,769.15,0.8085
99,top,5,764.50,334.20,926.53,538.31,844.99,352.40,0.8358,850.27,349.23,0.7405,844.46,348.18,0.7300,860.81,354.51,0.8051,843.41,351.87,0.5236,867.67,378.24,0.8024,847.10,372.44,0.7414,881.38,406.19,0.8431,850.79,396.17,0.5294,851.85,407.25,0.6366,827.59,397.76,0.5069,877.17,429.93,0.7163,858.18,428.88,0.7202,880.86,477.93,0.7701,846.57,458.41,0.6718,910.92,513.27,0.7715,846.05,484.26,0.7729
99,bottom,0,736.97,553.64,834.08,791.51,791.33,573.85,0.7282,789.01,570.37,0.5419,793.65,570.37,0.5124,780.88,575.59,0.7687,799.46,576.17,0.7552,764.04,603.47,0.7801,814.56,605.21,0.8283,749.52,638.89,0.7731,827.92,638.89,0.8370,743.71,673.16,0.7365,813.98,629.02,0.5073,769.26,672.00,0.7137,797.14,673.16,0.6824,764.04,717.29,0.7876,798.88,723.10,0.8232,756.49,768.40,0.8249,786.69,770.14,0.8049
100,top,1,797.70,328.75,923.31,537.01,838.64,348.48,0.7665,844.24,345.43,0.7004,838.64,343.90,0.7329,854.91,351.53,0.7641,836.61,350.00,0.5303,858.98,374.41,0.7725,842.71,371.87,0.7044,871.69,402.88,0.7438,846.78,396.27,0.4941,842.20,399.32,0.6350,824.41,392.71,0.5593,869.15,428.81,0.6840,853.39,427.80,0.6205,878.81,473.56,0.6909,844.75,451.18,0.5980,909.83,511.69,0.7167,845.25,485.25,0.7037
100,bottom,0,743.40,553.24,837.84,798.57,794.81,574.08,0.7536,792.42,570.49,0.5539,796.61,570.49,0.5123,784.63,575.88,0.7840,803.80,577.08,0.7555,767.26,604.63,0.7881,818.77,606.43,0.8294,755.28,643.56,0.7650,831.35,641.17,0.8246,749.29,677.10,0.7318,816.97,636.97,0.5005,775.05,673.51,0.7167,802.60,674.11,0.6963,770.26,722.02,0.7794,803.20,726.22,0.8139,766.06,771.74,0.8434,794.21,773.54,0.8350
101,top,2,769.89,324.59,919.34,534.44,831.80,343.96,0.7054,836.41,340.89,0.6532,830.78,339.86,0.6850,846.66,346.52,0.6706,829.24,344.47,0.4527,850.25,371.11,0.7321,836.93,368.04,0.6807,859.98,398.78,0.6884,836.93,388.53,0.4628,831.29,391.61,0.5887,814.90,381.36,0.5488,863.05,424.40,0.6634,846.66,423.88,0.6373,875.86,468.46,0.6744,838.98,452.57,0.6658,905.06,507.90,0.7338,842.05,485.36,0.7387
101,bottom,0,749.17,555.41,840.91,809.98,798.15,577.04,0.7371,796.91,573.31,0.5349,800.64,573.31,0.5129,788.20,578.90,0.7706,807.47,579.52,0.7686,771.42,608.73,0.7833,822.39,609.35,0.8098,761.48,649.13,0.7396,834.82,645.40,0.7733,754.64,682.07,0.7169,828.60,654.72,0.4861,781.37,677.10,0.7060,807.47,677.10,0.6981,775.15,727.44,0.7506,807.47,728.06,0.7788,775.77,775.92,0.7891,802.50,778.41,0.8060
102,top,1,798.57,324.24,912.46,528.47,826.10,340.59,0.7918,831.58,338.60,0.6762,825.60,336.60,0.6645,841.05,344.58,0.7151,823.60,342.09,0.5083,842.55,366.52,0.7650,831.08,363.53,0.6954,852.52,394.44,0.7053,829.59,381.98,0.4918,826.10,384.47,0.7008,810.64,372.00,0.6392,856.51,421.87,0.6995,840.56,421.37,0.6239,872.47,465.74,0.6937,828.09,448.29,0.6943,902.38,506.13,0.7468,840.06,483.69,0.7302
102,bottom,0,754.73,558.97,845.04,818.65,801.15,582.94,0.7236,798.61,578.50,0.5335,804.32,579.13,0.5036,792.27,584.84,0.7872,811.29,585.47,0.8001,775.79,614.64,0.8060,827.14,614.64,0.8136,767.55,654.58,0.7687,839.82,651.41,0.7957,760.57,685.64,0.7310,836.02,671.06,0.6458,787.84,683.11,0.7113,813.83,682.47,0.7296,778.96,735.09,0.7819,811.29,732.56,0.7996,785.93,781.38,0.8160,813.20,783.91,0.8185
103,top,1,793.77,315.03,913.38,525.68,821.18,336.01,0.7720,826.32,333.44,0.6754,820.15,332.41,0.6389,834.55,339.61,0.7348,819.12,337.56,0.5419,838.15,361.21,0.7803,824.78,357.61,0.7160,843.29,388.99,0.7133,807.29,363.79,0.5204,820.15,373.04,0.7449,797.52,341.16,0.4699,849.46,419.33,0.7229,835.58,417.79,0.6620,864.89,463.56,0.7099,822.20,448.13,0.7626,897.29,501.10,0.7624,838.66,485.16,0.7296
103,bottom,0,758.37,566.93,848.96,823.44,804.92,589.35,0.7426,803.04,585.59,0.5334,807.42,585.59,0.5155,796.15,591.22,0.7721,814.94,591.85,0.7894,780.49,623.16,0.8042,831.22,621.91,0.8174,772.35,660.74,0.7960,844.37,656.98,0.8105,764.84,689.55,0.7620,842.49,680.78,0.7064,793.02,692.68,0.7086,818.07,692.05,0.7255,783.00,744.03,0.7953,813.69,739.02,0.8007,794.90,787.24,0.7944,818.07,789.75,0.7895
104,top,1,800.84,315.98,906.15,519.33,818.24,328.29,0.7745,822.71,325.81,0.6595,816.26,324.81,0.6430,832.15,332.76,0.7597,815.76,329.78,0.5843,833.14,353.61,0.8381,820.23,349.14,0.7509,839.10,381.91,0.7321,809.80,367.51,0.4742,818.24,364.53,0.7291,803.35,351.12,0.3587,840.58,413.68,0.7202,827.18,412.69,0.6878,856.47,459.85,0.6882,816.75,446.94,0.7155,891.72,495.60,0.7691,837.61,484.18,0.7318
104,bottom,0,760.21,571.81,854.09,829.36,807.78,596.21,0.7510,805.26,591.80,0.5312,808.41,591.80,0.5196,798.98,598.09,0.7781,817.84,598.09,0.7758,784.51,630.16,0.8226,834.82,628.90,0.8236,776.97,667.26,0.8013,848.02,663.49,0.8016,768.17,692.41,0.7820,845.51,690.53,0.7012,798.35,699.33,0.7263,822.87,698.70,0.7433,788.92,754.03,0.7987,814.70,742.72,0.7682,802.12,791.76,0.7737,817.21,791.76,0.7114
105,top,1,799.84,305.65,895.04,514.73,814.77,322.90,0.7827,817.32,319.33,0.5894,811.20,319.33,0.6153,827.02,324.95,0.7217,811.20,323.92,0.6095,829.57,346.38,0.8461,818.85,345.36,0.7853,835.70,373.44,0.7483,820.39,370.38,0.4468,816.81,355.06,0.7188,808.65,364.76,0.3139,833.66,409.17,0.7599,819.88,408.15,0.7073,846.42,452.05,0.7140,811.71,444.90,0.7423,881.64,487.27,0.7815,834.68,479.10,0.7529
105,bottom,0,763.44,579.51,856.36,842.30,810.54,601.83,0.7482,807.97,597.98,0.5499,811.18,597.34,0.5550,801.56,603.76,0.7934,820.81,603.76,0.7840,787.44,636.48,0.8195,837.49,633.91,0.8205,779.74,673.05,0.8196,849.68,667.92,0.7987,770.76,696.79,0.7805,847.75,698.71,0.7031,806.05,705.13,0.7158,830.43,703.85,0.7261,797.71,761.59,0.7708,818.88,744.27,0.7282,809.26,802.01,0.7540,818.88,789.82,0.7149
106,top,1,793.74,300.57,885.56,505.43,809.64,317.98,0.7736,813.64,313.98,0.6126,807.14,313.98,0.6365,824.14,318.98,0.7409,807.14,317.48,0.5745,826.14,339.99,0.7694,814.64,338.49,0.7702,835.65,364.49,0.7326,815.64,363.99,0.4836,817.64,340.49,0.6260,808.64,379.50,0.3066,826.64,402.50,0.7160,813.14,401.00,0.6742,837.65,447.02,0.7334,802.14,438.01,0.7612,872.16,478.53,0.7916,829.15,469.52,0.7377
106,bottom,0,766.34,583.73,858.03,847.91,812.83,606.82,0.7855,810.90,602.95,0.5865,812.83,602.95,0.5685,803.80,608.76,0.8159,822.51,608.76,0.8050,789.62,641.65,0.8614,840.57,637.78,0.8570,781.23,677.77,0.8367,850.89,670.68,0.7745,772.20,701.64,0.8069,849.60,699.06,0.6234,812.19,709.37,0.7675,837.34,707.44,0.7777,808.32,770.00,0.7877,826.38,750.01,0.7102,819.28,816.44,0.7501,821.22,790.00,0.6716
107,top,1,786.41,295.04,876.23,499.09,805.42,313.37,0.8330,810.40,310.39,0.6592,805.42,309.39,0.7206,819.36,315.86,0.7709,804.42,313.37,0.5731,823.35,335.29,0.7824,810.40,334.30,0.7726,835.80,359.70,0.6949,812.89,359.70,0.4387,819.36,337.78,0.5585,805.42,381.62,0.3691,821.36,398.56,0.7006,805.91,396.57,0.6845,831.32,443.39,0.7240,793.96,433.93,0.7679,863.70,473.28,0.8122,821.85,463.82,0.7281
107,bottom,0,765.78,590.72,859.86,850.62,814.72,612.80,0.7887,812.19,608.36,0.5989,814.72,608.36,0.5565,805.84,614.71,0.7862,824.24,614.07,0.7715,791.25,647.70,0.8544,843.28,642.63,0.8544,781.73,683.87,0.8231,853.43,676.26,0.7809,772.85,706.08,0.7903,852.80,704.17,0.6314,818.53,714.33,0.7759,842.01,712.42,0.7940,815.36,775.24,0.8054,831.22,757.48,0.7205,826.78,824.74,0.7831,824.24,793.01,0.5498
108,top,1,780.10,293.04,870.86,499.43,804.32,312.09,0.7794,809.35,308.56,0.6627,803.81,307.55,0.7195,818.93,313.60,0.7532,802.30,311.58,0.5339,821.45,333.75,0.7254,807.34,333.25,0.7342,835.05,356.93,0.6489,808.35,357.44,0.4445,820.94,337.28,0.4935,801.29,377.09,0.4450,818.42,396.74,0.6845,800.28,394.72,0.6767,826.99,441.59,0.7144,786.68,430.50,0.7406,857.73,473.33,0.8138,810.87,460.73,0.7295
108,bottom,0,766.66,595.01,864.64,851.57,816.90,616.81,0.7784,814.40,612.42,0.5702,816.90,612.42,0.5508,808.76,619.31,0.7790,827.55,618.06,0.7687,794.98,652.51,0.8415,846.34,646.24,0.8408,783.70,688.21,0.8192,856.36,676.94,0.7573,773.06,710.76,0.7956,858.24,703.24,0.6197,822.54,717.65,0.7641,846.97,715.14,0.7766,819.41,777.78,0.7976,838.20,756.48,0.7325,830.68,830.40,0.7691,829.43,793.44,0.6020
109,top,1,768.87,293.96,866.88,498.74,801.88,310.86,0.7928,806.38,307.86,0.6908,800.88,307.36,0.7652,815.87,312.86,0.7562,799.38,311.86,0.5385,819.87,333.86,0.7371,802.88,332.86,0.7075,835.87,358.36,0.6458,805.88,355.86,0.3831,820.87,342.86,0.3848,796.38,374.36,0.3911,813.88,397.35,0.6829,794.38,394.85,0.7175,824.37,443.35,0.7383,778.88,430.85,0.7613,853.37,476.85,0.8574,796.88,462.35,0.7446
109,bottom,0,767.60,595.91,870.50,853.80,820.93,618.45,0.7617,818.42,614.04,0.5658,822.19,614.04,0.5207,812.12,620.97,0.7696,831.64,619.71,0.7603,798.90,654.34,0.8212,850.53,646.78,0.8372,787.56,690.22,0.8249,860.60,675.11,0.7650,774.97,713.52,0.8004,865.64,701.56,0.6677,825.97,720.45,0.7517,851.79,716.04,0.7560,820.93,779.63,0.8289,846.12,755.08,0.7279,831.64,832.52,0.8253,841.08,790.34,0.7368
110,top,1,757.20,295.83,867.16,498.29,800.32,312.54,0.7793,805.26,309.08,0.7152,799.33,308.58,0.7772,813.66,313.52,0.8100,796.36,312.04,0.6733,819.10,335.77,0.7392,794.39,331.81,0.7136,832.94,360.98,0.6426,788.95,344.17,0.4818,822.07,347.63,0.3905,791.42,376.30,0.3307,810.20,398.05,0.6481,789.44,395.08,0.6971,822.07,444.02,0.7142,774.61,429.19,0.7211,850.24,477.14,0.8371,779.56,462.80,0.7947
110,bottom,0,770.87,596.12,878.34,853.38,825.86,617.35,0.7292,822.72,613.58,0.5455,827.75,613.58,0.5368,816.44,619.87,0.7942,836.54,619.24,0.7844,803.25,653.15,0.8116,855.38,646.24,0.8194,791.32,689.58,0.8194,866.06,673.88,0.7538,778.13,714.70,0.7881,872.34,697.75,0.7295,828.38,719.10,0.7506,855.38,714.70,0.7506,822.72,777.51,0.7986,855.38,753.64,0.7525,831.52,830.89,0.8358,852.87,794.47,0.7618
111,top,1,740.78,296.81,869.28,500.22,797.08,314.59,0.7311,802.05,311.11,0.7007,795.10,310.62,0.7400,809.00,316.08,0.7696,791.62,314.59,0.6899,815.95,338.92,0.7639,787.65,334.45,0.7244,828.87,365.74,0.6356,768.78,330.48,0.8073,824.40,358.79,0.4642,786.66,311.11,0.7179,806.02,399.51,0.6280,785.17,396.53,0.6644,819.93,444.20,0.6711,769.77,427.81,0.6604,849.23,478.46,0.7579,765.30,463.07,0.8007
111,bottom,0,773.97,594.74,888.16,852.02,829.81,615.34,0.6956,826.67,611.58,0.5498,832.95,611.58,0.5327,821.64,618.48,0.7976,841.74,617.23,0.7807,807.82,650.52,0.8039,860.58,644.24,0.7966,796.52,686.95,0.8120,873.15,671.88,0.7350,783.33,713.96,0.7815,878.17,693.86,0.7326,832.32,715.22,0.7303,859.33,711.45,0.7353,824.78,773.00,0.7935,863.73,751.65,0.7688,831.06,829.54,0.8453,865.61,795.62,0.7681
112,top,1,736.67,299.22,868.65,500.93,791.83,319.80,0.7403,797.24,316.35,0.6859,790.84,315.37,0.7520,805.61,322.26,0.7946,788.38,319.31,0.6450,813.99,346.89,0.7473,781.48,336.54,0.7159,824.33,372.99,0.5982,756.37,325.22,0.8221,826.30,371.51,0.5931,770.65,307.98,0.7703,803.15,405.49,0.6635,780.99,402.53,0.6875,815.96,449.81,0.6701,763.26,434.05,0.7127,847.47,480.34,0.7353,758.83,465.57,0.8276
112,bottom,0,779.55,592.90,893.26,851.91,835.77,613.64,0.7306,832.61,610.48,0.5434,839.57,610.48,0.5498,826.29,616.81,0.7962,845.89,616.17,0.8074,812.38,649.06,0.8146,864.86,642.73,0.7961,802.89,683.83,0.8347,882.57,668.66,0.7658,788.98,714.19,0.7847,887.62,687.00,0.7107,836.41,713.55,0.7237,864.23,709.13,0.7327,826.29,771.73,0.8127,873.08,751.49,0.7853,829.45,829.27,0.8580,880.67,797.02,0.7675
113,top,1,736.47,301.92,866.30,496.58,789.98,325.59,0.7456,794.73,322.73,0.7038,788.56,322.26,0.7504,801.86,328.91,0.7976,785.23,326.54,0.7262,810.89,353.63,0.7500,774.77,340.79,0.7148,819.45,375.49,0.6028,749.11,325.59,0.8064,823.72,382.62,0.6471,748.63,305.63,0.7656,800.44,409.70,0.6865,777.62,406.85,0.6983,809.47,452.95,0.6806,757.19,437.74,0.7226,845.59,480.04,0.7037,757.66,467.21,0.8251
113,bottom,0,786.75,593.22,906.52,851.48,840.96,613.91,0.8301,839.70,610.75,0.5395,841.59,610.75,0.5607,832.13,617.69,0.7901,851.05,616.43,0.8117,817.63,648.58,0.8570,869.96,642.28,0.7910,808.17,683.26,0.8153,890.14,666.24,0.7762,794.93,714.79,0.8107,894.55,686.41,0.7422,840.96,712.26,0.7080,868.70,707.22,0.7254,826.46,769.64,0.8149,882.57,751.99,0.7828,828.35,827.65,0.8544,893.92,799.91,0.7822
114,top,1,712.86,287.02,865.07,497.02,786.91,328.96,0.7689,791.53,326.40,0.7187,785.89,325.37,0.7525,799.73,331.52,0.8115,782.81,328.45,0.6414,810.50,357.67,0.7615,772.04,344.34,0.6853,819.72,380.23,0.6127,744.87,329.98,0.7441,822.80,387.92,0.6910,726.93,306.91,0.8181,798.19,410.99,0.7130,776.66,409.45,0.7029,806.91,454.57,0.7482,754.61,439.70,0.7666,842.28,479.69,0.7320,756.66,467.38,0.8511
114,bottom,0,792.56,595.01,922.75,849.82,846.46,615.42,0.9129,844.59,612.93,0.5652,845.84,612.93,0.6158,837.13,619.15,0.7640,856.41,618.53,0.8135,822.20,649.01,0.8964,873.83,643.41,0.8050,814.11,684.47,0.8272,895.60,668.29,0.8078,801.05,717.44,0.8398,903.69,691.93,0.7899,845.22,711.84,0.7224,873.83,708.11,0.7428,826.55,769.69,0.8310,891.87,754.76,0.7949,825.93,828.79,0.8933,909.91,802.04,0.7949
115,top,1,712.34,311.38,864.62,499.13,787.49,327.93,0.7658,792.45,324.95,0.7071,786.50,324.46,0.7248,800.38,330.90,0.8075,783.03,328.92,0.6265,810.29,356.18,0.7392,773.12,343.79,0.6604,820.21,378.49,0.6724,747.83,339.33,0.6813,822.19,390.88,0.6482,730.98,331.89,0.6912,799.39,408.73,0.6616,778.07,406.74,0.6488,806.33,453.84,0.7083,756.26,435.99,0.7069,841.52,480.61,0.7276,757.25,468.21,0.7938
115,bottom,0,798.14,598.44,941.76,850.40,851.50,618.62,0.9671,850.27,616.77,0.6433,852.11,617.39,0.6658,841.66,622.93,0.7908,860.72,622.31,0.8284,826.89,652.45,0.8985,878.56,648.15,0.8261,820.13,688.13,0.8175,902.55,673.98,0.7856,806.59,721.96,0.8184,911.16,699.82,0.7516,850.27,715.19,0.7349,879.79,712.12,0.7328,826.28,767.48,0.8523,901.32,759.48,0.8002,823.20,829.60,0.9254,925.93,809.92,0.8283
116,top,1,713.21,306.57,864.71,500.29,790.44,323.04,0.7504,794.88,320.58,0.7188,788.46,319.59,0.7279,801.78,326.00,0.8432,784.52,324.52,0.6740,811.64,350.17,0.7358,775.64,341.29,0.6646,822.99,375.32,0.7750,747.53,346.22,0.6475,819.54,394.06,0.7570,720.90,349.67,0.6525,803.26,403.92,0.6518,782.05,402.44,0.6530,810.16,446.83,0.7023,762.33,433.51,0.7178,842.72,479.87,0.7412,758.38,466.56,0.7980
116,bottom,0,800.42,604.66,950.88,851.28,855.78,625.01,0.9783,854.58,622.60,0.6749,856.38,623.20,0.6837,847.35,628.62,0.7985,865.42,628.62,0.7835,832.90,658.73,0.9113,883.48,653.91,0.8529,825.68,694.85,0.8386,906.36,681.61,0.7963,811.23,728.57,0.8486,917.20,709.30,0.7419,855.78,720.14,0.7547,884.68,718.94,0.7525,827.48,770.72,0.8679,912.38,767.71,0.8462,820.26,832.74,0.9105,939.47,817.08,0.8400
117,top,1,710.57,302.80,864.70,501.01,791.65,318.62,0.7468,796.16,316.11,0.6980,789.64,315.11,0.7227,803.69,321.13,0.8092,787.13,320.12,0.6904,814.73,344.71,0.7854,779.11,339.19,0.7172,826.27,369.29,0.7996,755.02,356.25,0.6784,820.75,394.38,0.7631,732.95,374.81,0.6619,807.20,399.40,0.6977,787.13,397.89,0.6915,814.23,443.55,0.7434,771.08,431.51,0.6986,844.83,478.17,0.7374,760.04,466.13,0.7470
117,bottom,0,803.42,611.96,969.88,858.21,860.79,632.88,1.0452,861.40,630.48,0.7402,860.79,631.08,0.6978,851.78,636.49,0.8522,871.02,636.49,0.7671,838.55,666.55,0.9245,889.05,662.34,0.8610,831.94,702.02,0.8245,910.69,693.60,0.7714,816.31,737.49,0.8334,921.52,722.46,0.7397,862.00,729.08,0.7474,890.85,728.47,0.7498,828.33,775.97,0.8940,921.52,776.57,0.8250,819.31,834.89,0.9360,952.18,825.27,0.8514
118,top,1,734.21,303.13,861.53,498.55,793.57,317.83,0.7701,798.34,314.49,0.7606,791.66,314.01,0.7611,806.45,319.26,0.8189,787.85,317.83,0.7234,817.90,342.16,0.7445,780.21,340.25,0.7120,830.31,368.88,0.7828,763.52,366.02,0.6841,825.06,393.21,0.7278,748.25,394.16,0.5976,813.61,396.55,0.6456,793.10,395.12,0.6493,820.29,440.44,0.7383,775.92,429.47,0.6979,848.92,475.75,0.7771,767.33,466.21,0.7687
118,bottom,0,805.30,621.89,979.77,865.65,865.75,643.19,1.0772,865.75,641.41,0.7725,864.56,642.00,0.6964,856.23,647.36,0.9082,875.27,647.36,0.7572,844.92,678.90,0.9701,894.91,672.35,0.9167,835.40,716.39,0.8611,913.36,706.28,0.8334,819.93,749.12,0.8669,926.45,736.63,0.8235,867.54,740.20,0.7847,896.10,739.60,0.7827,830.05,783.64,0.9249,931.21,789.59,0.8799,821.12,838.99,0.9647,962.16,837.80,0.9097
119,top,1,754.33,303.18,864.83,497.02,795.86,319.18,0.8176,800.59,316.34,0.7566,793.02,315.87,0.8071,808.16,320.60,0.8352,789.23,320.12,0.6936,820.94,341.89,0.7226,781.66,344.26,0.7336,834.66,366.97,0.7559,774.56,372.65,0.6741,830.88,393.00,0.6986,767.47,404.36,0.5890,820.47,396.31,0.6553,798.70,395.37,0.6440,825.67,437.48,0.7115,776.46,426.13,0.7195,853.59,474.87,0.7625,778.35,465.40,0.7772
119,bottom,0,806.67,633.30,983.03,869.88,868.86,655.13,1.0195,868.86,652.82,0.7187,868.86,652.82,0.6474,860.77,658.60,0.8927,879.25,658.60,0.7444,849.22,692.10,0.9341,899.47,683.43,0.8846,838.25,728.49,0.8359,915.06,716.93,0.8159,822.65,760.25,0.8478,928.35,746.97,0.8174,871.17,752.17,0.7692,900.62,751.59,0.7486,831.31,793.75,0.9202,935.28,797.22,0.8754,824.38,846.89,0.9419,966.47,846.89,0.9521
120,top,1,771.97,307.53,876.33,499.58,798.83,323.38,0.9106,803.05,320.10,0.8496,795.08,320.10,0.8313,810.08,323.85,0.9293,790.86,324.79,0.7902,823.21,343.07,0.7588,784.29,348.23,0.8217,838.21,367.93,0.7829,784.29,377.77,0.6766,837.75,395.59,0.7774,783.36,406.84,0.5482,825.09,398.87,0.6806,802.11,397.93,0.7309,832.59,437.79,0.7296,781.95,428.41,0.7565,861.19,477.17,0.8013,794.61,466.39,0.8126
120,bottom,0,805.91,641.12,984.65,873.55,873.17,663.08,1.0293,872.01,660.75,0.7064,873.17,661.33,0.6862,865.03,667.15,0.8318,883.65,667.15,0.7644,853.97,699.73,0.9163,902.85,692.17,0.8929,840.59,737.55,0.8423,917.97,724.75,0.8130,827.21,767.22,0.8761,931.94,752.68,0.8021,873.17,760.24,0.7763,904.01,759.66,0.7457,835.35,800.97,0.8887,941.25,799.81,0.8641,825.46,853.92,0.9572,968.01,847.52,0.9365
121,top,1,778.29,313.70,887.55,503.76,801.83,329.39,0.9188,806.01,325.68,0.9032,798.12,326.14,0.8869,812.50,329.85,0.8700,793.48,329.85,0.8593,825.96,347.02,0.7256,786.98,353.05,0.8181,842.66,370.22,0.7492,790.23,385.07,0.6913,846.38,398.99,0.7704,795.80,414.76,0.5741,830.60,401.31,0.6763,806.47,400.84,0.7099,839.88,439.36,0.7077,784.66,432.40,0.7831,870.04,477.41,0.7822,806.47,463.49,0.7722
121,bottom,0,805.57,643.39,983.93,873.51,878.49,664.39,1.0198,876.17,662.65,0.6281,877.91,662.07,0.6792,870.36,669.61,0.7505,888.36,668.45,0.7203,857.01,701.55,0.9113,907.52,694.00,0.9088,844.24,739.29,0.8476,922.04,724.77,0.8433,830.88,771.22,0.8739,938.88,750.32,0.8465,875.01,761.35,0.7808,905.78,760.77,0.7464,834.37,802.00,0.9043,945.84,800.25,0.8905,825.66,853.09,0.9527,969.07,847.86,0.9209
122,top,1,781.67,320.91,896.02,504.15,806.19,335.58,0.9303,810.21,332.45,0.9019,802.61,332.90,0.9143,816.48,336.03,0.8282,797.24,336.93,0.8730,830.79,353.03,0.7189,790.53,358.40,0.8173,848.24,374.95,0.7452,796.35,389.27,0.7072,855.84,401.35,0.7583,804.40,415.66,0.6180,835.71,404.03,0.6729,811.56,404.92,0.6948,846.45,441.16,0.6768,789.19,438.03,0.7875,876.87,478.74,0.7550,807.08,467.55,0.7782
122,bottom,0,805.28,638.10,983.32,873.01,884.45,659.35,1.0442,883.29,657.03,0.5457,882.71,656.45,0.7282,876.91,663.98,0.7564,894.30,662.82,0.7275,861.85,698.18,0.8963,912.27,690.06,0.8816,849.09,734.69,0.8073,926.18,717.88,0.7948,837.50,765.41,0.8664,945.30,737.59,0.8329,877.49,758.45,0.7633,908.21,757.87,0.7389,838.08,802.50,0.8777,949.36,796.71,0.9205,825.91,852.92,0.9379,967.91,844.81,0.8996
123,top,1,784.79,325.61,900.57,495.86,811.09,341.32,0.8781,814.83,337.99,0.8594,807.77,337.99,0.8706,821.48,341.32,0.8005,802.36,341.74,0.8389,836.86,358.36,0.7122,795.71,363.76,0.7997,854.32,379.56,0.7287,803.61,394.94,0.7539,865.54,402.83,0.7701,811.92,422.37,0.6966,842.27,408.24,0.6583,816.50,409.07,0.7103,854.74,443.98,0.6851,794.05,443.15,0.7934,883.42,480.14,0.7968,809.43,469.34,0.7749
123,bottom,0,808.05,630.19,986.80,869.50,891.58,651.69,1.0161,892.75,648.19,0.5292,889.25,648.77,0.6845,883.99,655.78,0.7651,901.51,654.62,0.7175,868.80,689.09,0.8828,918.46,683.24,0.8722,855.94,725.31,0.8132,935.40,713.62,0.7718,845.43,750.43,0.8259,953.51,720.63,0.7582,880.48,749.85,0.7367,910.86,749.26,0.7173,846.60,800.09,0.8294,952.93,790.74,0.9145,827.90,843.33,0.8795,966.95,844.49,0.9277
124,top,1,786.44,330.73,907.76,489.69,819.85,344.25,0.8428,823.40,340.70,0.8002,816.29,341.09,0.8048,829.72,344.25,0.7434,809.98,345.04,0.8190,844.73,360.84,0.7104,801.68,367.56,0.8112,861.32,381.77,0.7067,809.58,398.76,0.7674,874.75,403.89,0.7650,819.45,427.19,0.6638,848.68,410.60,0.6405,821.03,411.79,0.7045,865.27,446.94,0.7238,799.31,444.57,0.7340,888.57,485.64,0.8105,809.98,469.85,0.7322
124,bottom,0,808.41,620.95,986.29,865.37,899.14,644.11,0.9588,902.12,641.12,0.6063,895.56,641.12,0.5861,890.19,647.69,0.7694,908.69,647.09,0.7526,874.67,678.72,0.8445,925.99,674.54,0.8962,863.34,713.33,0.8036,943.89,706.76,0.7937,852.60,733.02,0.7485,964.78,706.76,0.7154,884.82,743.16,0.7407,914.65,742.57,0.7256,857.37,794.48,0.8215,954.04,786.13,0.8911,829.92,834.46,0.7990,962.99,843.41,0.9047
125,top,1,787.74,328.00,906.61,490.62,830.11,343.80,0.8928,833.68,340.63,0.8152,826.93,340.63,0.8272,839.24,344.20,0.7677,820.58,344.60,0.8073,851.94,361.27,0.7217,809.86,368.82,0.8441,869.01,381.92,0.7142,816.61,399.78,0.7104,883.70,404.95,0.7668,825.34,428.77,0.6852,853.93,411.70,0.6787,826.14,413.68,0.7077,874.18,446.63,0.7519,808.27,445.44,0.6669,891.25,486.73,0.8291,808.27,469.66,0.7756
125,bottom,0,816.11,616.88,986.21,862.80,904.76,637.18,0.9450,907.16,634.17,0.6193,901.16,634.17,0.5816,895.15,640.18,0.7920,913.17,639.58,0.7301,880.75,672.00,0.8529,930.58,668.40,0.8907,866.34,706.82,0.7854,953.39,697.21,0.8423,858.53,714.63,0.5983,974.41,693.01,0.7820,887.95,741.04,0.7589,919.17,740.44,0.7657,868.14,787.27,0.8080,954.59,785.47,0.8742,836.32,823.90,0.8043,963.00,844.91,0.9111
126,top,1,788.18,326.26,911.33,507.33,840.03,342.53,0.8610,844.01,339.43,0.7546,836.49,339.43,0.8410,850.20,343.41,0.8103,830.75,342.97,0.8538,862.57,360.21,0.7507,821.02,368.17,0.8281,878.05,381.43,0.7640,824.11,400.00,0.6888,893.08,404.42,0.8217,830.30,428.73,0.6956,862.13,412.37,0.7047,832.96,415.91,0.6762,882.47,448.62,0.7605,818.37,450.84,0.7200,895.29,489.30,0.8603,808.20,468.52,0.7668
126,bottom,0,829.21,610.28,994.67,862.37,907.02,632.32,0.9209,909.48,629.24,0.5521,905.17,629.24,0.6137,899.63,636.01,0.7999,917.48,634.78,0.7264,885.48,666.78,0.8647,934.71,661.86,0.8569,870.09,695.09,0.7774,959.33,690.17,0.8453,867.01,693.86,0.4349,979.03,682.78,0.8453,891.02,734.48,0.7510,920.56,735.71,0.7495,877.48,778.79,0.8052,952.56,785.56,0.8654,845.47,814.49,0.8339,964.25,844.65,0.8929
127,top,1,795.31,325.50,915.16,508.30,853.01,341.48,0.9155,857.02,338.35,0.8426,849.44,338.35,0.8612,861.93,341.92,0.8089,842.30,341.48,0.9174,872.20,359.33,0.7569,830.69,366.91,0.8220,886.92,379.41,0.7818,829.80,399.49,0.6991,901.65,403.51,0.8298,833.82,428.05,0.7199,869.07,414.22,0.7038,842.30,418.24,0.6497,888.26,449.92,0.7286,826.68,453.94,0.7286,894.96,489.64,0.8276,809.27,466.43,0.7686
127,bottom,0,840.35,606.69,1004.15,861.62,909.18,628.98,0.9053,909.80,626.49,0.5272,909.18,626.49,0.6214,902.95,633.33,0.7315,919.14,632.09,0.7103,889.26,663.21,0.8515,937.81,658.23,0.8509,879.93,684.37,0.6390,963.33,683.74,0.8110,902.33,677.52,0.2709,985.11,675.65,0.8777,893.62,726.69,0.7554,921.00,729.80,0.7338,885.53,770.88,0.8082,952.12,784.57,0.8253,855.65,809.47,0.8310,963.33,841.83,0.8977
128,top,1,814.44,326.08,923.17,509.36,859.86,340.31,0.8853,863.88,337.63,0.7817,856.72,338.07,0.8554,869.70,342.10,0.8475,851.35,342.10,0.8562,881.33,358.66,0.7829,839.72,365.82,0.8435,895.20,379.24,0.7996,836.14,396.69,0.7408,909.52,402.95,0.8604,837.04,425.77,0.6948,875.96,414.59,0.7264,849.56,419.06,0.7080,890.28,451.73,0.7541,838.83,456.20,0.6943,895.65,491.10,0.8470,824.51,460.23,0.5253
128,bottom,0,852.14,605.22,1008.18,861.56,912.01,627.00,0.8773,910.14,624.49,0.6105,912.64,624.49,0.6195,905.13,630.75,0.7827,920.78,630.12,0.7576,892.61,659.54,0.8579,939.55,656.41,0.8414,894.49,679.56,0.5331,963.33,680.19,0.8068,918.90,671.43,0.3717,989.62,672.05,0.8487,895.12,725.25,0.7637,920.78,729.01,0.7437,894.49,762.80,0.7940,952.07,782.20,0.7987,865.70,807.23,0.8370,963.33,839.15,0.8814
129,top,1,831.27,326.26,929.12,508.00,869.10,339.93,0.9161,872.65,337.27,0.8057,865.55,337.27,0.8806,878.42,341.26,0.8559,859.79,341.26,0.8468,889.07,359.45,0.7569,847.36,364.33,0.8178,903.71,380.75,0.7481,841.15,395.83,0.7253,917.91,404.26,0.8279,841.15,424.67,0.6431,880.64,414.91,0.7016,855.79,418.02,0.7011,890.84,453.51,0.7416,847.81,457.95,0.7072,895.72,490.34,0.8055,836.71,478.80,0.6818
129,bottom,0,865.49,604.53,1012.90,861.41,914.74,625.73,0.9292,914.74,623.22,0.6832,915.36,623.84,0.6128,907.21,628.86,0.8434,924.77,629.49,0.8026,897.18,655.83,0.8579,939.82,654.57,0.8421,900.94,678.41,0.5540,961.77,678.41,0.7889,927.28,682.80,0.3470,992.50,670.88,0.7887,895.92,724.19,0.7646,922.26,727.95,0.7626,901.57,759.94,0.8054,952.37,780.63,0.8225,877.73,805.09,0.8352,963.03,838.96,0.8697
130,top,1,836.28,326.25,937.28,506.29,876.67,340.67,0.8832,880.19,337.59,0.7989,873.15,337.59,0.8646,885.02,341.11,0.8368,867.00,341.55,0.8704,896.89,359.13,0.7779,854.25,363.52,0.8335,911.40,381.55,0.7702,846.78,395.61,0.7234,925.02,405.72,0.8298,845.02,424.18,0.6317,883.70,414.95,0.6941,859.97,416.71,0.6876,892.49,454.07,0.7539,858.21,460.22,0.7253,895.13,490.99,0.7757,845.46,471.21,0.7457
130,bottom,0,880.28,605.50,1015.38,860.71,916.68,626.56,0.8824,918.55,622.82,0.6544,916.05,624.69,0.5972,907.33,630.30,0.8508,926.02,629.68,0.7939,902.35,655.85,0.8200,939.73,655.85,0.8277,912.94,680.77,0.5288,960.92,679.52,0.7662,934.75,683.26,0.3931,992.69,672.05,0.7443,897.99,725.01,0.7419,922.91,728.12,0.7691,907.33,759.28,0.7627,954.68,779.84,0.8054,890.51,800.40,0.8053,961.54,837.78,0.8596
131,top,0,843.09,327.18,945.05,506.76,882.67,342.87,0.8924,886.18,339.80,0.7974,879.60,339.80,0.8506,891.88,342.87,0.8277,874.34,342.87,0.8333,903.28,360.41,0.7860,860.75,364.79,0.8353,918.62,384.52,0.7837,852.42,396.36,0.7550,932.22,409.95,0.8265,848.91,425.30,0.6797,887.50,415.21,0.7173,867.33,417.41,0.7116,896.26,455.55,0.7920,870.84,457.30,0.7719,893.63,487.99,0.7792,863.38,481.86,0.7216
131,bottom,1,884.50,607.99,1012.17,860.01,918.80,628.17,0.8145,920.03,625.09,0.6341,918.80,626.94,0.5830,909.57,632.48,0.8117,926.18,631.86,0.7222,907.11,657.09,0.7990,939.72,658.32,0.8109,916.95,683.55,0.5165,960.02,681.70,0.7512,937.87,685.39,0.3743,993.86,675.55,0.7360,899.72,729.69,0.7355,923.72,731.54,0.7428,913.88,761.07,0.7408,956.95,780.76,0.8150,899.11,799.84,0.8248,959.41,837.98,0.8689
132,top,0,847.78,331.18,952.55,514.34,890.33,346.30,0.8674,893.46,343.17,0.8095,886.30,343.17,0.8700,898.38,345.85,0.8418,880.49,346.30,0.8883,910.00,364.18,0.7777,867.07,367.76,0.8230,926.10,389.67,0.7788,857.68,398.62,0.7478,939.07,415.61,0.8072,853.66,428.13,0.6998,893.01,416.50,0.7219,873.33,418.29,0.7118,902.40,455.41,0.7673,883.17,453.17,0.7846,890.33,487.60,0.7675,877.81,494.31,0.7984
132,bottom,1,884.24,609.18,1010.11,860.13,922.05,629.28,0.7458,921.44,626.83,0.6198,922.67,628.05,0.5723,914.70,634.18,0.7571,928.18,634.18,0.6665,911.03,657.46,0.7700,939.82,660.52,0.7948,917.15,685.64,0.4835,955.75,683.19,0.7201,937.37,684.42,0.3497,990.06,679.52,0.7220,900.61,729.76,0.7394,921.44,732.82,0.7329,920.22,760.39,0.7203,958.81,781.22,0.7988,899.39,800.21,0.8014,956.98,838.81,0.8329
133,top,0,853.94,333.82,956.10,517.96,896.93,351.27,0.8975,900.07,348.12,0.8543,892.88,348.12,0.8826,905.02,351.27,0.8617,887.49,351.72,0.9207,916.26,369.25,0.7807,873.10,373.74,0.8330,931.99,394.87,0.7901,862.76,403.41,0.7670,945.48,420.95,0.7863,858.27,432.64,0.7003,897.38,418.70,0.7238,878.05,419.60,0.7224,907.72,458.71,0.7835,890.63,455.11,0.7605,892.43,489.73,0.7665,887.94,498.27,0.7574
133,bottom,1,884.01,608.53,1010.53,859.66,927.65,631.09,0.6606,924.58,628.64,0.5509,928.26,629.25,0.5301,917.84,635.99,0.6975,931.33,635.38,0.6356,913.54,658.07,0.7770,942.36,659.29,0.7968,919.06,685.66,0.4866,951.56,685.04,0.7219,942.36,679.52,0.3881,990.80,685.04,0.6684,903.74,731.64,0.7533,923.97,734.70,0.7284,923.35,760.46,0.7105,960.75,783.14,0.7794,898.83,800.92,0.7916,954.62,838.32,0.8101
134,top,1,859.45,339.81,960.83,529.21,903.66,357.75,0.8870,906.90,354.51,0.8728,899.96,354.51,0.8589,911.99,356.82,0.8420,894.42,357.75,0.8970,922.62,375.78,0.7839,880.08,379.95,0.8211,937.42,401.22,0.7692,868.98,409.08,0.7595,951.29,426.65,0.8062,865.28,437.75,0.6789,903.20,422.95,0.7115,883.78,423.41,0.7103,913.84,463.64,0.7744,897.19,459.02,0.7292,887.48,494.16,0.7413,903.20,510.81,0.7189
134,bottom,0,885.13,607.55,1010.92,858.96,928.38,628.91,0.6951,927.77,625.84,0.5673,930.22,627.07,0.5038,921.63,633.82,0.6859,935.75,633.20,0.6271,916.72,657.76,0.7558,945.57,657.76,0.7384,917.33,687.83,0.5240,951.09,685.99,0.7085,943.73,681.08,0.3858,989.76,692.13,0.6669,906.90,730.19,0.7579,927.77,732.03,0.7125,924.08,760.26,0.7035,963.37,782.36,0.7629,898.92,800.16,0.7802,954.16,837.60,0.7975
135,top,1,865.58,348.88,966.45,523.15,910.91,363.69,0.9063,913.89,360.28,0.8549,906.66,360.71,0.8562,918.57,363.26,0.8032,901.13,364.11,0.8848,928.35,381.13,0.7698,886.66,386.66,0.8102,944.10,406.66,0.7687,875.17,416.44,0.7645,957.29,430.91,0.7711,873.04,444.10,0.7182,907.08,428.36,0.7245,888.79,428.78,0.7092,916.02,471.33,0.7881,903.68,462.82,0.7463,886.66,496.43,0.6844,911.34,513.45,0.7619
135,bottom,0,885.75,604.98,1007.46,856.56,932.48,625.12,0.8316,931.25,621.44,0.5807,933.09,622.67,0.6027,926.33,628.81,0.7053,939.85,628.19,0.7158,918.96,653.38,0.8086,949.67,653.99,0.8266,918.35,684.70,0.5939,950.29,682.86,0.7878,945.37,687.16,0.4216,985.91,698.21,0.7374,910.36,725.85,0.7702,931.86,727.70,0.7199,924.49,758.41,0.7373,967.49,778.68,0.7830,898.69,799.56,0.8207,956.43,833.96,0.8477
136,top,1,874.07,354.73,973.13,539.57,916.38,369.08,0.8356,919.99,365.47,0.7830,912.31,365.47,0.7899,924.95,368.63,0.7894,907.35,369.53,0.8607,934.43,385.33,0.7851,894.26,392.09,0.8162,950.67,409.69,0.7319,882.53,421.43,0.7323,963.76,431.36,0.7925,882.98,452.56,0.6521,912.77,438.12,0.7468,896.07,437.67,0.7111,916.38,476.03,0.7312,910.96,470.62,0.7307,888.40,497.24,0.6951,917.73,518.00,0.7595
136,bottom,0,886.60,601.61,1001.84,857.30,938.60,620.84,0.8845,939.23,617.72,0.5497,937.35,617.72,0.6496,931.74,625.21,0.7537,945.47,623.96,0.7373,922.37,650.80,0.8278,954.83,651.43,0.8555,920.50,681.39,0.6192,952.34,682.64,0.7809,946.72,686.39,0.4862,983.55,704.49,0.7862,915.51,721.34,0.7799,936.73,723.84,0.7346,924.87,756.30,0.7487,972.94,775.03,0.8111,899.90,798.75,0.8553,961.08,830.58,0.8453
137,top,1,876.45,355.82,976.64,546.21,924.68,372.00,0.8828,927.94,368.28,0.8203,920.50,368.74,0.8092,932.59,371.53,0.7673,913.99,372.46,0.8789,941.42,389.19,0.7658,901.91,395.70,0.8016,957.68,409.65,0.7268,890.75,424.52,0.7772,969.31,426.84,0.7787,892.61,455.66,0.6692,918.64,441.72,0.7262,902.84,440.79,0.7259,918.64,480.76,0.6406,916.32,475.18,0.7348,888.43,495.63,0.7076,919.11,525.38,0.7835
137,bottom,0,890.80,598.70,996.29,856.05,944.80,618.68,0.9148,947.31,615.54,0.5937,944.17,615.54,0.6238,936.63,622.45,0.8030,952.97,621.82,0.7574,925.95,648.84,0.8480,959.88,649.47,0.8547,922.81,680.25,0.6458,954.22,682.14,0.8156,947.31,690.93,0.4956,979.35,710.41,0.8121,920.30,717.95,0.7483,941.03,720.46,0.6931,927.21,753.76,0.7357,978.10,771.35,0.8255,903.33,796.48,0.8517,966.79,827.90,0.8702
138,top,1,877.75,357.27,984.07,550.20,932.80,373.19,0.8347,936.09,368.95,0.7681,928.09,369.89,0.7793,940.33,372.25,0.7280,921.02,373.66,0.8356,947.40,388.73,0.7491,909.72,397.68,0.7952,962.47,407.10,0.7005,900.29,430.18,0.6897,975.19,423.12,0.7836,903.59,462.21,0.6416,923.38,443.37,0.6556,908.30,442.43,0.6706,921.02,480.58,0.5308,924.79,483.41,0.7227,889.46,494.24,0.7184,921.02,530.04,0.7302
138,bottom,0,895.96,598.47,996.27,854.44,952.37,618.97,0.8959,954.87,615.22,0.6374,952.37,615.84,0.6310,942.99,622.09,0.7876,958.62,622.09,0.7438,929.87,648.96,0.8411,964.87,650.84,0.8369,926.75,680.84,0.6461,957.37,683.34,0.8096,947.99,695.83,0.4446,976.74,717.71,0.8091,923.00,716.46,0.7235,944.87,719.58,0.6662,931.12,750.83,0.7269,981.74,769.58,0.8227,908.00,795.82,0.8199,974.24,826.45,0.8796
139,top,1,879.09,355.93,990.80,550.57,940.65,372.47,0.8144,943.97,368.67,0.7814,936.37,369.14,0.7752,948.25,371.99,0.7509,928.77,372.94,0.7792,953.48,389.10,0.7563,917.36,399.08,0.7920,967.26,404.78,0.6582,908.81,430.92,0.6720,979.61,419.51,0.7641,913.56,463.70,0.6514,929.72,448.50,0.6505,916.41,449.45,0.6327,928.29,483.19,0.5232,934.00,490.32,0.6427,893.60,496.49,0.6912,921.64,530.23,0.7368
139,bottom,0,902.40,601.42,1010.47,853.49,960.13,620.99,0.8214,961.97,617.30,0.5632,960.74,617.91,0.5764,949.67,623.45,0.7422,966.28,624.07,0.7167,935.51,651.14,0.7826,970.59,654.84,0.8213,930.59,682.53,0.6457,960.74,686.84,0.7859,949.67,704.68,0.4281,973.67,723.76,0.7630,926.28,716.38,0.7135,949.05,720.07,0.6309,933.05,750.22,0.7244,984.13,771.76,0.7832,913.36,795.76,0.8047,982.90,830.23,0.8519
140,top,1,879.45,356.69,998.39,551.24,948.42,372.74,0.8126,951.27,368.94,0.8120,944.15,369.42,0.7294,955.55,372.27,0.7085,936.55,373.22,0.8169,959.82,388.89,0.7750,926.10,399.34,0.7810,971.70,405.99,0.7060,918.50,428.79,0.6641,984.52,419.29,0.7657,922.30,460.14,0.6086,937.97,449.21,0.5635,925.15,449.69,0.5833,930.37,487.69,0.5516,941.77,493.86,0.6059,893.32,500.04,0.6974,922.77,530.91,0.7235
140,bottom,0,905.01,604.78,1021.47,855.81,967.53,625.50,0.8281,969.37,621.21,0.5573,968.76,622.43,0.5663,955.89,627.33,0.7620,973.66,628.56,0.7195,941.18,654.30,0.7753,976.72,659.20,0.8264,933.82,686.78,0.6654,963.24,691.68,0.7875,951.60,708.23,0.4422,973.05,727.84,0.7570,928.31,721.10,0.7227,952.21,724.78,0.6352,936.28,754.81,0.7601,985.92,776.26,0.7643,917.28,803.84,0.8138,992.05,833.25,0.8409
141,top,1,884.79,359.73,1002.32,551.18,957.11,374.60,0.8390,959.91,370.86,0.8447,952.90,371.33,0.7557,963.65,374.60,0.6458,944.49,375.53,0.8254,965.99,390.49,0.8179,934.68,402.17,0.7817,974.40,407.78,0.7371,927.20,434.42,0.6589,988.43,421.81,0.7705,934.68,465.74,0.6590,944.96,452.19,0.5493,931.40,453.59,0.5839,941.22,494.25,0.5816,953.37,496.59,0.6868,899.62,508.27,0.7178,924.86,527.44,0.6999
141,bottom,0,904.51,607.64,1028.75,860.34,976.50,629.73,0.7760,978.35,625.41,0.5782,977.74,626.02,0.5617,964.16,631.58,0.7374,980.20,632.81,0.6834,949.36,656.87,0.7636,982.67,664.89,0.7915,937.63,688.95,0.6626,966.63,696.36,0.7744,951.21,714.87,0.4397,974.65,733.37,0.7518,932.70,724.74,0.7204,953.68,728.44,0.6657,938.25,760.52,0.7576,989.46,779.65,0.7677,916.66,807.41,0.8178,996.86,839.49,0.8461
142,top,1,892.41,363.05,1005.80,549.74,965.51,378.45,0.7967,968.25,374.81,0.7901,960.95,374.81,0.7521,972.35,378.45,0.6663,953.20,378.45,0.7552,971.89,394.86,0.8319,943.63,404.43,0.7858,977.36,415.83,0.6866,935.88,435.43,0.6696,992.40,426.77,0.7470,944.09,469.15,0.6509,951.38,455.94,0.5267,940.44,457.30,0.5637,947.73,499.69,0.5740,965.05,500.60,0.6871,906.26,517.01,0.6984,928.59,522.94,0.6424
142,bottom,0,904.98,610.38,1028.91,861.37,985.33,632.93,0.8015,985.33,629.25,0.5810,987.16,629.87,0.6079,971.23,635.38,0.7864,989.00,637.22,0.7086,957.75,659.89,0.7785,988.39,669.08,0.7942,945.50,692.37,0.6266,971.23,699.72,0.7689,957.75,720.55,0.4080,979.81,738.94,0.7299,938.14,727.91,0.7006,957.75,732.20,0.6358,942.43,763.45,0.7219,995.74,783.05,0.8093,917.31,806.95,0.8188,997.58,841.27,0.8573
143,top,1,902.93,364.98,1013.90,556.28,974.76,383.10,0.8101,977.57,379.37,0.7412,970.09,379.37,0.7668,981.30,383.10,0.6221,962.15,382.63,0.7534,978.03,400.38,0.8358,953.28,409.26,0.8178,980.37,423.27,0.6899,947.21,444.28,0.7229,998.12,435.88,0.7349,958.88,474.18,0.6954,957.48,462.50,0.5814,946.27,463.90,0.6357,957.48,506.87,0.5607,976.16,503.60,0.7159,917.78,532.56,0.6094,928.53,524.62,0.6418
143,bottom,0,907.72,613.36,1029.00,861.28,993.18,635.63,0.8394,992.58,632.00,0.5588,994.39,632.00,0.7003,977.44,637.45,0.7656,995.00,638.66,0.7985,964.13,661.66,0.7764,995.60,670.74,0.8399,953.23,693.74,0.6080,978.05,701.61,0.7738,969.57,722.79,0.4015,986.52,739.74,0.7591,943.55,728.24,0.7093,963.52,733.08,0.6390,948.39,763.95,0.7019,1002.87,783.32,0.8172,920.55,804.50,0.8115,998.63,840.82,0.8673
144,top,1,902.93,374.90,1024.40,561.90,985.58,390.33,0.8087,987.86,386.68,0.6717,981.93,386.68,0.7099,991.06,390.79,0.4870,972.79,388.96,0.7248,984.66,408.59,0.8365,962.29,415.44,0.8413,986.49,433.25,0.7146,958.64,451.05,0.7767,1008.41,447.40,0.7532,973.25,480.73,0.6714,956.36,468.40,0.5806,955.90,469.31,0.6906,959.55,515.88,0.7078,989.23,505.38,0.7409,915.27,536.88,0.7303,957.27,536.43,0.6947
144,bottom,0,913.93,614.44,1029.23,861.56,999.94,637.25,0.8756,999.94,634.23,0.5538,1000.54,634.23,0.7474,983.65,638.46,0.7292,1001.75,640.27,0.8460,968.57,661.98,0.7859,1001.75,671.03,0.8464,951.07,696.98,0.6358,986.66,702.41,0.8292,941.42,731.97,0.5953,995.11,740.41,0.7481,947.45,727.74,0.7055,968.57,733.17,0.6607,956.50,762.13,0.7302,1007.18,783.25,0.8360,926.94,801.95,0.8189,999.33,840.56,0.8687
145,top,1,901.44,382.08,1031.38,570.68,998.18,398.56,0.8458,999.56,395.34,0.6151,994.96,394.88,0.7788,997.26,399.48,0.3657,984.37,398.56,0.7595,986.21,418.36,0.7679,974.70,423.89,0.8508,994.04,441.84,0.6752,972.40,459.80,0.7336,1017.06,457.50,0.7494,990.35,485.59,0.6724,962.27,473.15,0.6490,966.41,474.54,0.7172,962.73,520.58,0.7314,1005.09,505.85,0.6618,913.00,539.92,0.7656,980.22,549.13,0.6571
145,bottom,0,924.73,615.62,1029.26,861.63,1005.82,638.33,0.8503,1006.42,634.72,0.5604,1006.42,634.72,0.7687,989.61,638.93,0.7149,1006.42,640.13,0.8343,973.39,662.35,0.7778,1007.02,670.76,0.8343,948.17,698.39,0.7592,995.01,702.59,0.8453,935.55,731.42,0.8112,1005.82,741.63,0.7799,948.77,728.42,0.7349,967.38,733.22,0.6803,966.18,759.65,0.6619,1009.43,782.47,0.8389,937.35,801.69,0.8261,999.82,841.33,0.8567
146,top,1,899.79,387.20,1042.25,578.93,1009.87,404.90,0.8255,1011.27,401.15,0.7164,1005.66,401.62,0.7520,1012.21,405.37,0.4371,994.89,405.37,0.7689,998.17,424.56,0.7604,986.00,429.70,0.8001,1000.97,448.90,0.6420,987.40,463.87,0.7093,1023.91,465.75,0.6624,1006.59,490.09,0.6734,971.95,476.04,0.5552,974.29,476.98,0.6683,966.34,523.79,0.6717,1014.55,506.94,0.5773,917.19,540.17,0.5942,1004.72,556.55,0.6022
146,bottom,0,925.17,615.01,1029.42,861.10,1010.94,638.32,0.8435,1012.74,634.71,0.5965,1010.34,634.71,0.7633,995.32,639.52,0.6897,1009.74,640.12,0.8459,976.70,662.35,0.7569,1011.54,670.76,0.8278,948.46,697.80,0.7763,1000.73,702.61,0.8345,934.04,729.04,0.8495,1013.95,739.86,0.7604,952.06,729.64,0.7408,970.69,733.85,0.6945,972.49,757.88,0.6695,1009.74,781.91,0.8401,951.46,802.34,0.8017,1000.13,841.39,0.8436
147,top,1,905.75,395.24,1060.90,583.14,1022.72,413.43,0.8927,1024.74,409.39,0.6492,1019.69,409.39,0.8141,1021.71,412.42,0.4230,1008.58,412.93,0.8190,1005.55,430.61,0.7112,1002.01,437.17,0.7946,1011.10,458.89,0.5559,1006.56,470.00,0.6711,1031.81,476.57,0.6871,1027.77,494.75,0.6361,981.81,484.14,0.6248,986.86,485.15,0.6922,968.68,528.08,0.7328,1021.71,513.43,0.6902,920.19,541.21,0.6400,1031.31,562.93,0.7795
147,bottom,0,922.31,614.18,1035.23,862.07,1014.48,638.87,0.8716,1016.90,635.24,0.5950,1015.08,635.24,0.7540,999.95,640.08,0.7362,1015.08,640.68,0.8732,980.59,661.26,0.7596,1015.08,670.34,0.8378,950.93,695.15,0.7643,1004.19,702.42,0.8497,933.38,726.02,0.8652,1019.93,738.12,0.8105,953.96,728.44,0.7452,970.90,732.07,0.7144,980.59,757.49,0.6296,1009.64,781.70,0.8519,969.69,806.51,0.8241,999.35,841.01,0.8467
148,top,1,912.26,404.84,1074.16,580.75,1036.43,422.70,0.9238,1038.53,418.48,0.6101,1033.26,417.96,0.8107,1021.67,421.12,0.4622,1022.72,420.59,0.8597,1013.76,434.82,0.7447,1017.45,445.89,0.7773,1000.59,461.70,0.4596,1024.30,476.98,0.5747,1022.72,482.78,0.3679,1050.13,502.81,0.5407,990.57,489.11,0.7044,996.37,491.74,0.7561,976.34,531.80,0.7481,1027.99,526.00,0.8064,926.27,542.34,0.7822,1050.13,568.16,0.8357
148,bottom,0,920.56,615.42,1042.73,862.78,1019.09,638.85,0.8120,1020.30,635.23,0.5885,1019.09,635.23,0.7071,1003.99,640.06,0.7251,1017.88,641.27,0.8188,984.06,660.59,0.7446,1017.28,670.86,0.8243,952.66,693.20,0.7425,1006.41,702.87,0.8428,933.33,722.19,0.8729,1025.13,736.08,0.8205,954.47,728.23,0.7294,971.98,731.85,0.6939,984.06,761.44,0.6649,1010.03,781.98,0.8171,984.67,810.96,0.7921,1000.37,840.55,0.8189
149,top,0,920.08,414.26,1091.27,595.33,1050.26,434.02,0.9138,1051.93,430.12,0.6543,1047.47,429.56,0.8248,1037.44,433.46,0.5025,1036.33,433.46,0.8687,1027.41,448.51,0.7373,1031.87,459.66,0.7963,1009.02,471.92,0.4568,1043.02,491.42,0.6349,1023.51,494.21,0.3393,1069.76,514.27,0.6762,1000.66,500.89,0.7065,1005.68,503.68,0.7664,983.95,537.11,0.7053,1037.44,538.79,0.7903,932.12,546.03,0.7401,1063.63,579.47,0.8209
149,bottom,1,918.34,616.23,1049.74,859.59,1022.07,639.28,0.8046,1023.85,636.31,0.5992,1022.07,635.71,0.6948,1007.21,640.47,0.7004,1020.28,641.66,0.7867,987.01,661.26,0.7385,1019.69,671.36,0.8185,953.14,692.75,0.7345,1008.40,704.64,0.8450,932.35,720.08,0.9121,1029.19,736.13,0.8333,956.71,729.59,0.7329,972.75,732.56,0.7151,989.98,765.24,0.6694,1013.15,780.09,0.8173,990.58,816.34,0.8245,1001.86,840.10,0.8220
150,top,0,926.40,424.99,1109.90,604.18,1062.35,443.50,0.8662,1062.95,439.32,0.6896,1058.17,440.51,0.7939,1052.20,443.50,0.5151,1046.22,445.29,0.7872,1040.25,459.03,0.6743,1046.82,470.98,0.7124,1028.30,482.33,0.4273,1065.34,500.25,0.6549,1040.85,502.04,0.4074,1089.83,525.34,0.6904,1007.40,512.19,0.6307,1015.16,515.78,0.6699,992.46,543.85,0.6583,1046.82,544.45,0.7241,942.89,549.23,0.6962,1074.30,588.06,0.7806
150,bottom,5,917.07,615.70,1051.77,859.55,1026.69,639.99,0.8203,1027.29,636.42,0.6224,1026.10,636.42,0.7447,1010.02,639.99,0.7147,1021.33,641.77,0.7961,989.18,661.42,0.7539,1019.55,672.73,0.8223,954.65,691.78,0.7385,1011.21,708.45,0.8479,930.25,717.98,0.8983,1033.83,738.22,0.8298,958.82,728.69,0.7255,973.71,732.26,0.7240,993.35,767.39,0.6964,1014.19,778.11,0.8291,992.16,817.99,0.8392,1003.47,839.43,0.8247
151,top,0,932.55,439.12,1131.66,607.70,1076.83,458.60,0.8806,1077.48,454.06,0.7345,1072.94,454.71,0.8097,1065.81,456.65,0.5421,1060.62,458.60,0.7765,1050.90,471.56,0.6747,1062.57,483.23,0.6828,1041.83,491.65,0.3897,1083.31,511.74,0.6166,1048.31,513.04,0.2803,1107.29,535.08,0.6589,1013.96,523.41,0.6597,1021.74,526.65,0.6802,997.11,553.87,0.7034,1055.44,540.26,0.7508,950.44,553.23,0.6945,1078.77,588.22,0.7823
151,bottom,5,916.64,616.37,1053.22,860.96,1029.12,640.74,0.8403,1029.71,637.15,0.6226,1028.52,637.15,0.7600,1011.80,640.14,0.7416,1024.34,642.53,0.8000,990.30,661.04,0.7472,1021.35,672.98,0.8175,955.07,691.49,0.7516,1015.38,711.80,0.8489,929.99,717.17,0.8980,1037.48,741.65,0.8274,959.85,727.32,0.7217,973.58,730.90,0.7212,994.48,766.14,0.6911,1012.99,776.88,0.8192,992.09,816.89,0.8351,1004.63,839.58,0.8196
152,top,0,944.45,452.04,1135.52,607.02,1088.50,470.44,0.8412,1088.50,466.71,0.7398,1084.77,466.71,0.8073,1077.93,470.44,0.5017,1072.95,471.68,0.7619,1059.27,484.12,0.5981,1073.57,495.94,0.6170,1046.21,498.43,0.3397,1092.23,520.20,0.5223,1053.67,513.98,0.2375,1118.36,542.59,0.6452,1020.70,528.28,0.6090,1026.92,530.15,0.6276,1003.91,564.98,0.7072,1061.76,537.61,0.7092,959.75,555.65,0.6510,1079.17,586.75,0.7303
152,bottom,5,947.85,619.35,1057.39,865.15,1031.42,641.44,0.8083,1030.22,637.84,0.5767,1031.42,637.84,0.7637,1011.62,642.64,0.7414,1027.22,644.44,0.7540,991.22,662.44,0.7211,1023.62,675.64,0.7913,956.41,690.65,0.7977,1020.02,715.25,0.8134,931.21,716.45,0.8931,1041.02,745.25,0.7773,959.41,726.65,0.7502,974.41,731.45,0.7156,992.42,762.06,0.6582,1011.62,778.86,0.7416,991.22,813.66,0.7984,1004.42,840.07,0.7882
153,top,0,950.74,464.19,1131.73,607.67,1100.15,485.26,0.8177,1100.15,481.73,0.7028,1096.62,481.14,0.7742,1086.60,483.50,0.5040,1086.01,484.08,0.7612,1062.45,491.15,0.5685,1080.12,506.47,0.6608,1034.76,501.76,0.3466,1093.67,530.04,0.4586,1030.04,515.90,0.2256,1118.42,549.48,0.6120,1023.56,530.63,0.6123,1030.63,532.98,0.6199,1009.42,573.05,0.6529,1068.93,537.11,0.6568,967.59,558.32,0.5903,1079.53,586.01,0.6398
153,bottom,5,911.92,620.89,1061.51,866.56,1032.90,644.76,0.8588,1032.30,641.16,0.5866,1032.30,641.16,0.7768,1013.71,643.56,0.7728,1028.10,647.16,0.7942,992.11,663.35,0.7404,1026.30,678.95,0.8093,956.13,692.74,0.7783,1025.10,719.73,0.8414,931.53,719.13,0.9103,1044.90,751.52,0.8078,959.13,728.13,0.7242,974.12,732.93,0.7248,992.71,762.32,0.6321,1007.71,782.11,0.7687,989.71,812.70,0.8018,1003.51,845.09,0.7947
154,top,0,956.70,466.41,1120.66,607.87,1104.86,490.17,0.8799,1105.39,485.90,0.7576,1102.73,485.90,0.8151,1088.32,486.44,0.5534,1091.52,488.04,0.7966,1071.24,492.31,0.6537,1081.38,509.39,0.7199,1034.41,499.78,0.3939,1086.71,537.67,0.5441,1028.54,514.72,0.2276,1109.13,559.02,0.6882,1029.61,530.20,0.5708,1032.27,531.80,0.6406,1017.33,575.57,0.5882,1072.30,535.54,0.5470,976.23,560.09,0.4849,1080.31,587.31,0.5420
154,bottom,5,920.68,627.66,1065.17,874.76,1033.34,648.66,0.8616,1033.34,645.64,0.5904,1032.74,645.04,0.8019,1014.04,649.26,0.7666,1029.12,651.67,0.8280,992.92,667.96,0.7441,1027.91,683.04,0.8507,956.73,695.11,0.8103,1029.12,725.88,0.8460,931.99,722.26,0.8938,1048.43,756.04,0.8094,958.54,730.70,0.7268,975.43,736.74,0.7040,992.32,762.68,0.5869,1005.59,788.62,0.7624,985.08,812.14,0.7748,1003.18,851.36,0.7677
155,top,0,966.05,464.02,1112.95,608.69,1106.45,488.06,0.8277,1106.92,484.23,0.6655,1104.53,483.76,0.7792,1091.14,482.80,0.5681,1094.97,484.23,0.7658,1073.45,489.02,0.6530,1081.58,508.14,0.7143,1037.11,498.10,0.3387,1078.23,537.79,0.5039,1076.80,517.71,0.2078,1085.88,562.18,0.4991,1029.46,527.75,0.5845,1034.72,529.18,0.6155,1026.11,574.61,0.6153,1073.45,536.84,0.5377,981.16,561.70,0.5462,1080.15,588.00,0.5991
155,bottom,1,914.10,633.19,1071.30,877.13,1034.99,656.30,0.8837,1033.80,652.73,0.6009,1033.80,652.73,0.8211,1013.55,656.30,0.7820,1029.63,659.28,0.8593,991.51,674.17,0.7244,1028.44,691.44,0.8372,955.78,700.37,0.8157,1033.80,734.32,0.8126,930.17,726.58,0.9033,1052.26,763.50,0.8201,959.35,737.30,0.7239,976.62,743.85,0.7034,991.51,766.48,0.5651,1008.19,795.06,0.7732,980.20,812.93,0.8097,1001.04,855.22,0.7997
156,top,0,969.73,458.08,1111.49,607.38,1105.21,480.59,0.8371,1106.13,477.36,0.6564,1102.90,476.90,0.7492,1093.21,474.59,0.4481,1092.75,475.97,0.7067,1075.22,482.89,0.6447,1077.52,499.04,0.7030,1061.37,493.97,0.3317,1071.99,529.04,0.4726,1069.68,515.19,0.2625,1075.68,558.11,0.3092,1030.46,523.04,0.5425,1034.15,523.96,0.6195,1033.23,572.41,0.6388,1071.99,531.81,0.5273,987.08,562.26,0.6345,1079.37,586.25,0.6460
156,bottom,1,911.02,639.73,1067.54,877.40,1032.80,663.41,0.8444,1032.80,659.34,0.5944,1032.22,659.92,0.7533,1014.81,662.25,0.7875,1029.32,666.31,0.8152,990.44,680.23,0.7321,1028.74,699.96,0.8192,954.47,705.76,0.7836,1037.44,741.16,0.7649,926.03,729.55,0.8690,1055.43,768.43,0.8106,959.69,743.48,0.7157,975.35,749.86,0.6703,993.34,772.49,0.5726,1018.87,795.12,0.7864,980.58,814.85,0.7947,1003.79,851.98,0.7727
157,top,0,972.32,448.59,1107.84,607.67,1101.40,472.11,0.8750,1102.28,467.70,0.7266,1098.31,468.14,0.8255,1098.75,467.70,0.4396,1086.84,468.14,0.7660,1073.17,475.64,0.6217,1072.28,490.20,0.6486,1054.64,490.20,0.3794,1063.02,514.90,0.4329,1063.90,518.43,0.2741,1068.75,531.22,0.3857,1030.82,515.78,0.4620,1033.90,516.22,0.5836,1037.87,566.07,0.6534,1071.84,535.19,0.6434,989.79,561.66,0.6907,1079.34,588.57,0.7292
157,bottom,1,904.38,646.76,1063.73,875.69,1031.56,669.01,0.7793,1031.56,665.65,0.4854,1032.68,665.65,0.5942,1015.35,667.33,0.8009,1030.44,672.36,0.7476,990.20,684.10,0.7185,1029.32,704.22,0.8122,954.43,707.57,0.7506,1039.94,746.69,0.7329,922.57,729.37,0.7987,1055.03,775.20,0.7587,958.90,747.25,0.6891,977.35,752.84,0.6188,992.44,772.40,0.5694,1028.21,787.49,0.7685,979.02,816.00,0.7733,1013.67,843.94,0.7638
158,top,0,975.41,438.78,1103.18,607.23,1096.27,461.03,0.8677,1097.11,456.87,0.6797,1093.36,456.87,0.7230,1092.11,459.37,0.4763,1081.72,458.54,0.7724,1069.24,468.10,0.7199,1067.99,483.08,0.7203,1053.85,486.40,0.3687,1051.77,511.36,0.5108,1064.25,498.47,0.2638,1047.61,543.38,0.4924,1042.62,509.28,0.4479,1033.47,511.36,0.5993,1040.13,559.60,0.4445,1040.13,560.02,0.4598,1079.22,559.19,0.3859,1080.47,558.77,0.4678
158,bottom,1,900.72,650.11,1055.84,861.03,1030.29,671.63,0.8219,1030.81,667.51,0.4070,1033.38,669.06,0.6723,1015.36,670.09,0.7597,1030.29,675.24,0.7791,987.03,686.56,0.7165,1029.78,708.19,0.8266,952.02,710.25,0.7414,1039.56,750.93,0.7504,921.12,733.43,0.8220,1051.92,780.29,0.7817,958.71,749.39,0.6964,981.37,753.51,0.6236,977.77,777.20,0.6874,1029.78,784.41,0.8024,978.79,817.88,0.7682,1024.63,834.36,0.8261
159,top,0,978.65,428.24,1101.03,606.69,1089.50,449.07,0.9541,1090.81,445.15,0.7436,1085.58,444.27,0.7914,1091.24,448.63,0.5325,1074.25,446.45,0.8197,1063.36,459.52,0.7596,1063.36,473.46,0.7788,1045.50,482.18,0.4829,1042.45,500.04,0.7210,1048.99,507.44,0.3501,1036.79,535.76,0.6556,1036.79,505.27,0.4345,1031.56,507.01,0.6017,1039.40,551.88,0.6066,1066.85,536.20,0.6125,991.48,557.11,0.6469,1079.05,587.60,0.7139
159,bottom,5,949.23,651.43,1052.52,868.12,1024.15,671.96,0.7947,1024.68,668.79,0.4368,1027.32,671.43,0.5677,1011.98,671.96,0.7310,1029.97,677.78,0.7886,983.94,689.42,0.7570,1031.03,711.64,0.8369,951.67,715.87,0.8495,1038.43,752.37,0.7332,921.52,740.20,0.9063,1047.43,786.76,0.7706,962.25,750.26,0.7108,988.18,755.55,0.6728,965.43,783.58,0.5933,1025.74,789.93,0.7544,973.36,817.44,0.7301,1034.20,839.66,0.7984
160,top,1,978.01,421.90,1102.55,605.36,1082.83,439.28,0.9184,1084.62,436.14,0.7335,1080.15,434.80,0.8083,1084.18,438.38,0.4539,1068.05,437.48,0.7687,1057.30,449.58,0.7068,1055.51,461.67,0.7826,1044.31,477.35,0.4680,1033.12,491.68,0.7227,1043.87,503.77,0.3773,1028.19,526.62,0.7141,1035.80,497.50,0.3828,1026.84,498.85,0.5598,1038.94,545.43,0.6129,1060.89,536.02,0.7616,991.01,554.39,0.7507,1077.01,587.08,0.7896
160,bottom,0,902.72,653.53,1052.90,871.88,1019.39,673.68,0.8702,1020.45,671.55,0.5374,1022.05,671.55,0.5384,1008.73,673.68,0.7278,1026.32,680.08,0.7446,980.47,692.87,0.8054,1029.52,714.20,0.8757,950.09,721.66,0.7810,1035.38,756.84,0.7585,920.77,746.18,0.8770,1041.78,792.56,0.7898,963.95,754.18,0.7016,991.13,759.51,0.6717,962.88,783.50,0.6338,1020.99,795.76,0.7801,961.28,822.95,0.7988,1039.11,845.34,0.8945
161,top,1,976.16,414.14,1099.57,602.19,1073.67,428.74,0.8480,1076.43,425.99,0.7274,1071.38,424.61,0.7635,1075.97,429.66,0.5335,1059.90,427.36,0.7631,1058.98,445.27,0.6727,1045.67,453.99,0.8142,1046.13,470.98,0.4631,1026.39,484.29,0.6962,1053.47,484.29,0.3796,1019.50,517.81,0.6694,1036.03,493.02,0.4893,1028.22,493.93,0.6076,1036.49,540.76,0.6208,1055.77,534.79,0.7761,990.12,551.32,0.7685,1071.84,587.59,0.8228
161,bottom,0,901.35,655.75,1050.53,872.31,1013.48,676.27,0.8936,1015.06,674.15,0.5183,1015.06,674.68,0.5721,1003.43,676.80,0.7375,1020.35,682.08,0.7272,975.41,696.89,0.8295,1025.64,715.92,0.8928,948.44,726.50,0.7880,1031.98,757.69,0.7712,920.42,750.82,0.8885,1036.74,792.58,0.8298,965.89,759.80,0.7086,993.91,764.03,0.6916,956.37,787.83,0.7257,1019.82,801.57,0.8287,943.16,833.82,0.8215,1037.80,850.21,0.9222
162,top,1,975.73,405.96,1088.83,601.12,1064.68,420.64,0.8676,1068.01,417.30,0.7561,1061.34,416.35,0.7929,1070.40,422.07,0.6094,1051.34,420.16,0.7760,1057.06,440.65,0.7459,1038.47,446.84,0.8055,1044.67,463.52,0.5340,1018.94,475.43,0.7284,1058.01,477.34,0.6178,1011.79,509.26,0.7227,1033.71,491.15,0.6079,1027.99,493.06,0.7109,1037.04,537.37,0.5972,1054.20,528.80,0.7762,992.26,547.85,0.7520,1062.30,584.07,0.7576
162,bottom,0,901.72,657.40,1050.71,870.72,1006.42,676.56,0.9532,1008.50,674.48,0.5895,1006.94,675.00,0.6549,996.00,677.60,0.7441,1013.19,682.29,0.7697,969.44,698.96,0.8766,1018.92,715.10,0.9109,946.52,727.60,0.8046,1028.29,755.21,0.7788,918.92,752.60,0.8939,1030.38,784.89,0.8043,965.27,764.06,0.7318,993.92,767.19,0.7426,948.61,790.62,0.8431,1021.52,801.56,0.8628,932.98,840.10,0.8879,1038.71,851.56,0.9192
163,top,1,973.47,401.47,1072.01,598.78,1055.98,415.82,0.8737,1059.35,412.93,0.7888,1052.13,411.49,0.8057,1062.72,417.75,0.6835,1042.97,416.30,0.8251,1055.50,436.06,0.8092,1032.37,441.84,0.8235,1047.31,458.21,0.6830,1011.66,469.29,0.7960,1059.35,478.45,0.7728,1002.99,505.42,0.7194,1030.93,492.42,0.6489,1025.15,494.34,0.7340,1036.71,538.66,0.6142,1054.53,527.58,0.8032,993.35,546.37,0.6931,1049.24,579.13,0.7568
163,bottom,0,901.13,653.85,1051.10,871.88,997.94,674.50,0.9645,997.94,672.91,0.5752,998.47,672.91,0.6346,986.76,677.16,0.6727,1005.39,679.83,0.7299,962.81,697.92,0.8734,1011.25,712.30,0.8887,944.71,725.60,0.8313,1021.89,751.15,0.7813,918.09,751.69,0.9077,1021.36,777.77,0.7668,961.21,764.99,0.7408,989.96,767.66,0.7690,936.72,793.21,0.8666,1018.70,802.79,0.8624,925.01,848.04,0.8672,1039.46,851.76,0.9074
164,top,1,985.97,397.02,1069.67,597.89,1046.94,412.12,0.8723,1049.89,409.18,0.8701,1042.53,408.20,0.8726,1054.79,413.60,0.7380,1035.17,412.61,0.8505,1050.87,432.23,0.8437,1023.90,438.12,0.8201,1045.47,458.22,0.6857,1003.79,465.58,0.7753,1058.22,480.29,0.7433,994.96,500.40,0.6607,1031.25,492.06,0.6434,1021.93,493.53,0.6972,1034.68,539.14,0.6098,1051.36,528.35,0.8105,997.41,545.52,0.6956,1046.45,580.33,0.7879
164,bottom,0,897.83,649.86,1049.62,879.41,989.98,671.05,0.9159,989.98,669.37,0.6245,992.22,669.93,0.5897,978.21,673.29,0.6938,996.14,677.21,0.7145,954.11,695.15,0.8504,1002.87,709.16,0.8619,941.22,725.97,0.8267,1012.95,747.27,0.7759,915.44,751.19,0.9125,1007.35,771.36,0.6641,953.55,762.96,0.7307,982.69,765.20,0.7401,923.85,799.38,0.8696,1010.15,804.43,0.8476,918.80,856.55,0.8972,1037.61,850.94,0.8693
165,top,1,981.07,393.53,1069.03,597.71,1038.51,409.38,0.8824,1042.00,405.89,0.9089,1034.52,405.39,0.8283,1045.99,410.88,0.7763,1026.55,409.88,0.8728,1044.99,429.82,0.8101,1014.58,434.80,0.7957,1042.00,456.24,0.6906,995.64,462.72,0.7761,1055.96,480.17,0.7042,987.17,495.62,0.6579,1030.04,491.63,0.6134,1017.08,493.13,0.6639,1032.53,537.49,0.5831,1045.99,527.52,0.7663,998.63,546.96,0.7012,1045.99,580.36,0.7462
165,bottom,0,893.42,649.78,1045.02,884.06,981.23,669.68,0.8584,981.23,667.39,0.6322,982.95,667.97,0.5343,969.22,670.83,0.6900,986.95,675.40,0.6724,946.34,693.13,0.8397,994.39,706.86,0.8480,935.47,727.45,0.8132,1002.40,746.33,0.7991,910.31,753.76,0.8901,989.24,763.49,0.5491,946.91,762.92,0.7124,974.94,765.20,0.7184,913.17,806.96,0.8912,1000.11,805.24,0.7903,911.45,861.30,0.8971,1027.56,849.86,0.8165
166,top,1,977.55,389.46,1069.87,597.34,1029.80,405.09,0.8258,1033.86,401.03,0.8680,1025.74,401.03,0.8076,1038.43,405.60,0.8697,1018.64,405.09,0.8057,1040.97,426.91,0.8122,1004.93,429.45,0.7701,1039.95,453.30,0.7049,987.17,458.89,0.7738,1050.61,477.16,0.6379,979.56,492.38,0.6645,1026.25,488.83,0.6174,1011.53,490.86,0.6362,1028.28,532.48,0.6105,1035.89,527.40,0.6978,997.83,546.69,0.6925,1044.52,579.67,0.7225
166,bottom,0,880.59,650.06,1026.62,894.17,970.29,670.20,0.8577,969.70,668.41,0.6088,971.48,669.01,0.5790,957.78,672.58,0.6627,976.25,675.56,0.6935,935.72,695.83,0.8314,984.00,705.36,0.8624,928.57,730.39,0.7853,991.15,745.29,0.8074,902.35,759.00,0.8569,976.25,755.43,0.5649,939.30,766.15,0.6848,968.50,766.75,0.6874,903.54,815.62,0.8421,992.94,804.30,0.8053,901.16,869.26,0.8631,1013.80,851.38,0.7831
167,top,1,972.27,385.08,1068.76,596.66,1022.07,399.96,0.8813,1026.20,396.86,0.8391,1017.94,396.34,0.8615,1031.88,400.99,0.8313,1011.22,400.48,0.8255,1035.50,422.69,0.7842,997.79,424.24,0.7360,1035.50,450.06,0.7339,979.71,450.58,0.7462,1046.86,475.89,0.6678,976.10,484.15,0.4791,1023.62,484.67,0.6620,1003.99,486.22,0.6273,1025.68,526.51,0.6399,1024.13,525.48,0.6717,994.18,547.69,0.7013,1039.11,576.62,0.6793
167,bottom,0,863.78,655.89,1005.81,901.80,957.01,674.98,0.9070,957.01,672.58,0.6179,957.61,672.58,0.6549,945.60,677.39,0.6755,963.01,678.59,0.7174,925.79,703.20,0.8467,972.61,709.20,0.8600,920.38,738.62,0.7817,978.02,747.03,0.7958,891.57,765.04,0.7943,958.81,747.63,0.4245,934.79,772.24,0.7064,963.01,770.44,0.7462,896.37,823.27,0.8122,982.22,803.46,0.7761,889.17,877.90,0.8959,996.63,852.69,0.8108
168,top,1,963.83,381.46,1050.17,589.57,1015.13,395.58,0.8573,1019.19,392.53,0.8992,1011.06,392.03,0.8410,1023.77,397.11,0.8525,1004.97,396.09,0.8616,1030.37,417.94,0.8244,990.23,419.46,0.7480,1032.40,445.38,0.7809,972.96,446.90,0.7241,1042.06,471.80,0.7609,966.35,478.91,0.5502,1016.65,478.91,0.6903,996.84,480.43,0.6703,1021.23,523.11,0.7248,1012.59,522.10,0.7184,989.72,549.53,0.7161,1028.85,569.35,0.6688
168,bottom,0,847.90,661.90,998.28,906.43,943.39,680.89,0.8949,942.79,679.10,0.6000,943.98,679.10,0.6235,932.64,685.66,0.6997,951.74,685.66,0.7371,915.92,711.34,0.8352,960.70,713.72,0.8721,911.75,747.75,0.8106,964.28,748.95,0.7893,878.91,768.65,0.7940,939.80,745.36,0.4624,929.66,781.18,0.7468,957.12,778.80,0.7762,890.85,834.32,0.8109,972.04,814.62,0.7459,877.12,888.05,0.8880,987.56,863.57,0.8291
169,top,1,955.10,376.88,1040.99,587.03,1007.79,391.66,0.8718,1011.90,388.58,0.9005,1004.20,388.07,0.8313,1017.54,392.68,0.8493,998.05,392.17,0.8712,1025.75,413.72,0.8293,983.68,414.75,0.7518,1029.34,440.91,0.7654,967.26,441.94,0.7506,1036.01,465.54,0.7598,960.08,473.23,0.6125,1011.39,474.77,0.6717,990.35,475.80,0.6444,1013.44,519.41,0.7298,1005.23,516.84,0.7321,987.27,552.76,0.7099,1014.98,566.09,0.7491
169,bottom,0,837.38,666.42,999.94,922.24,926.15,687.53,0.7355,925.53,685.03,0.5567,926.15,684.41,0.4661,919.28,691.90,0.7015,935.52,692.53,0.6400,904.92,720.01,0.8039,946.14,717.51,0.8320,901.17,757.48,0.7714,949.26,751.23,0.6119,863.70,770.60,0.7947,918.66,751.86,0.4663,922.41,791.21,0.7430,948.01,786.21,0.7530,886.18,841.80,0.8118,961.75,818.69,0.7509,868.07,901.75,0.8793,987.36,865.53,0.8283
170,top,1,953.22,372.62,1035.44,586.07,1001.63,387.63,0.8444,1005.27,384.50,0.8391,997.98,384.50,0.8149,1011.01,388.15,0.8696,992.25,388.15,0.8339,1020.91,408.99,0.8430,977.65,409.51,0.8011,1026.64,437.13,0.7944,962.54,436.61,0.7873,1029.77,462.15,0.7727,955.77,467.36,0.7083,1005.79,468.92,0.6884,983.39,468.92,0.6636,1007.36,516.35,0.7609,995.89,511.14,0.7508,987.03,550.74,0.7361,999.02,562.21,0.7835
170,bottom,0,827.17,673.47,999.77,928.22,905.39,693.87,0.6640,903.52,691.38,0.5501,903.52,691.38,0.5122,904.77,699.47,0.6597,919.07,698.84,0.6314,892.95,726.83,0.7457,929.65,721.86,0.8027,887.97,764.77,0.7442,930.89,751.71,0.4808,847.55,768.50,0.8156,899.17,747.36,0.4483,914.10,797.74,0.7580,937.11,793.38,0.7709,877.40,846.87,0.8348,953.28,826.97,0.7610,865.58,907.82,0.8961,986.87,866.77,0.8289
171,top,1,948.47,366.50,1029.60,574.88,994.63,383.70,0.8798,998.70,380.13,0.8835,991.07,380.64,0.8338,1004.81,384.20,0.8907,985.47,384.71,0.8507,1016.00,405.57,0.8616,971.23,406.08,0.8169,1022.61,432.54,0.8057,956.99,434.57,0.7987,1024.65,458.99,0.8091,949.86,467.13,0.7270,999.72,464.59,0.7371,977.33,464.08,0.7131,1001.25,511.39,0.7979,984.97,505.29,0.7710,989.04,551.58,0.7858,981.40,556.16,0.8080
171,bottom,0,815.66,680.14,997.69,930.59,881.00,699.59,0.7425,885.28,696.53,0.6556,883.44,695.92,0.5849,892.61,704.48,0.6172,898.12,704.48,0.5127,877.33,730.16,0.7499,910.35,725.88,0.7701,873.66,769.29,0.7325,911.57,757.06,0.3858,833.30,763.79,0.7507,879.16,763.79,0.4017,902.40,796.20,0.7063,923.19,790.08,0.7187,862.65,847.56,0.8394,943.98,830.44,0.7236,858.98,911.76,0.8547,984.94,865.90,0.7909
172,top,1,938.87,365.08,1025.04,572.90,987.53,381.21,0.8463,992.10,377.66,0.8666,984.49,377.66,0.8432,998.70,382.23,0.8976,978.91,381.72,0.8357,1010.37,403.54,0.8215,964.19,403.03,0.7772,1018.99,430.94,0.7930,951.00,432.96,0.7685,1018.99,458.33,0.7769,943.90,462.39,0.7460,994.13,461.38,0.6763,969.78,460.36,0.6468,996.16,507.55,0.7415,974.85,500.96,0.6834,986.52,549.67,0.7743,965.21,550.68,0.7241
172,bottom,0,803.17,682.65,991.57,930.56,865.48,701.73,0.7775,869.16,699.28,0.6790,867.93,699.28,0.5813,875.29,709.70,0.6876,886.33,709.70,0.5304,864.87,736.69,0.7470,894.31,728.71,0.7577,858.73,771.65,0.7503,886.33,754.47,0.3882,821.94,756.93,0.8062,864.87,729.33,0.3598,890.01,799.24,0.7015,910.25,793.72,0.7056,848.31,848.31,0.8146,935.40,834.20,0.7049,856.89,912.70,0.8362,975.87,866.09,0.7702
173,top,1,931.50,364.37,1020.57,569.24,981.54,379.77,0.8371,986.04,376.27,0.8473,978.54,376.27,0.8346,992.04,381.27,0.8669,972.53,381.27,0.8330,1004.55,402.78,0.7980,957.53,402.28,0.7766,1014.55,429.79,0.7854,945.02,430.79,0.7625,1014.55,457.80,0.7828,937.52,459.80,0.7647,989.04,459.80,0.6846,962.53,458.30,0.6716,991.04,505.82,0.7453,958.03,503.32,0.7080,985.04,547.83,0.8046,945.52,546.33,0.7497
173,bottom,0,797.95,682.93,980.79,930.93,852.44,700.37,0.8298,856.68,697.95,0.7472,854.26,697.95,0.6010,864.55,707.63,0.7233,871.82,707.63,0.4972,853.65,736.09,0.7642,880.90,728.22,0.7634,846.39,770.60,0.7935,864.55,754.86,0.3786,814.90,747.59,0.8667,853.65,746.38,0.4067,876.05,800.87,0.7188,897.24,794.82,0.7257,837.30,849.92,0.7998,921.46,835.99,0.7267,855.47,912.88,0.8074,963.24,872.32,0.8427
174,top,1,915.40,365.89,1015.95,566.95,974.02,380.03,0.8155,978.44,377.09,0.8444,970.59,377.09,0.8148,984.82,381.50,0.8722,965.19,381.01,0.8228,997.58,403.59,0.7654,950.95,402.12,0.7477,1008.87,429.61,0.7775,937.70,430.10,0.7439,1009.36,458.08,0.7988,930.33,459.55,0.7460,983.35,460.04,0.6634,956.35,459.06,0.6661,985.80,504.71,0.7188,945.55,501.27,0.6872,982.86,546.92,0.7737,930.83,537.60,0.7279
174,bottom,0,796.99,678.03,961.83,930.92,843.60,695.19,0.7904,847.92,692.72,0.7059,846.07,693.34,0.5514,854.71,701.98,0.7092,866.44,703.22,0.4889,844.22,731.62,0.7895,869.53,724.83,0.7606,838.04,766.19,0.7951,851.01,751.38,0.4477,811.49,739.65,0.8237,815.82,737.79,0.4786,862.74,798.92,0.7537,884.35,792.74,0.7522,829.40,853.25,0.8359,906.58,837.81,0.7607,855.33,912.52,0.7921,948.56,882.88,0.8596
175,top,1,894.67,366.89,1011.08,565.40,967.90,381.33,0.8662,971.78,378.42,0.8301,964.02,378.42,0.8084,978.56,383.27,0.8044,958.20,382.78,0.8160,991.65,404.59,0.7689,944.15,403.62,0.7418,1002.79,429.80,0.7556,931.06,430.77,0.7427,1005.22,459.36,0.7648,923.31,460.81,0.7431,978.08,462.27,0.6630,950.45,461.78,0.6435,981.47,504.43,0.7028,932.03,506.37,0.7018,982.44,546.60,0.8101,915.07,534.48,0.7200
175,bottom,0,794.67,665.85,945.03,931.02,836.84,690.32,0.8573,841.37,688.38,0.7439,840.07,687.73,0.6017,848.49,696.79,0.7178,856.26,697.44,0.5120,836.84,725.92,0.7950,859.50,718.80,0.7883,832.31,760.24,0.7965,841.37,745.35,0.5390,809.00,733.05,0.8321,816.12,727.22,0.5461,849.14,794.55,0.8019,871.15,788.72,0.7634,823.24,851.52,0.8734,890.57,837.28,0.7598,853.02,909.78,0.8175,931.36,885.18,0.8515
176,top,1,881.90,368.97,1007.87,566.94,960.83,383.86,0.8785,964.70,380.96,0.8480,957.45,380.47,0.8305,971.47,385.31,0.8376,951.65,384.82,0.8431,984.52,407.06,0.7778,937.63,406.09,0.7355,997.08,432.19,0.7698,924.59,433.16,0.7537,1001.43,461.19,0.7755,915.40,462.16,0.7438,971.95,465.06,0.6718,943.92,464.57,0.6482,975.82,506.14,0.7261,922.65,505.65,0.6738,981.13,546.74,0.8297,905.74,530.79,0.7135
176,bottom,0,796.48,665.08,926.61,931.21,828.41,684.44,0.8384,833.61,683.14,0.7313,832.31,681.85,0.5648,840.10,694.19,0.7051,849.85,694.19,0.5317,829.06,722.13,0.8270,849.85,716.28,0.7812,825.81,756.56,0.8155,837.50,740.97,0.5617,806.32,727.33,0.8415,810.87,721.48,0.5765,837.50,791.00,0.8222,859.60,787.10,0.7741,812.81,847.53,0.8803,875.19,835.83,0.8049,845.30,905.35,0.8357,912.22,887.81,0.8520
177,top,1,877.36,373.74,1002.24,565.83,953.40,387.71,0.8481,957.62,384.43,0.8453,950.12,384.43,0.7985,964.19,389.59,0.8063,944.49,389.12,0.8215,977.79,410.22,0.7712,931.36,409.76,0.7318,989.98,434.14,0.7665,917.29,435.55,0.7457,995.61,463.22,0.7606,907.91,464.63,0.7072,965.59,466.97,0.6724,936.99,466.03,0.6300,973.10,505.90,0.7216,914.01,500.27,0.6567,980.60,545.76,0.8299,899.47,529.35,0.7196
177,bottom,0,789.60,635.47,908.60,930.37,818.86,684.28,0.7645,823.90,682.12,0.6773,822.46,681.40,0.5466,831.10,691.48,0.6663,840.46,691.48,0.5694,821.74,719.56,0.7830,840.46,713.08,0.7425,818.86,749.80,0.7492,838.30,733.96,0.4562,802.31,720.28,0.7057,808.79,714.52,0.4087,825.34,785.80,0.8242,846.94,784.36,0.7890,802.31,843.40,0.8817,863.50,836.20,0.8177,831.82,900.27,0.8355,895.18,890.91,0.8637
178,top,1,874.45,375.94,996.24,565.98,946.48,391.16,0.8506,950.65,387.91,0.8582,943.23,387.91,0.8165,957.15,393.02,0.8121,937.66,392.55,0.8394,970.60,413.43,0.7573,923.75,413.43,0.7151,983.13,437.09,0.7425,909.83,438.95,0.7370,990.09,464.46,0.7516,900.55,465.39,0.6977,959.93,467.71,0.6690,930.70,467.25,0.6207,970.60,504.83,0.7261,907.04,497.87,0.6590,979.88,544.73,0.8203,897.76,530.35,0.7826
178,bottom,0,778.73,631.71,893.87,930.97,812.92,688.56,0.6695,815.11,685.63,0.5977,815.85,684.17,0.4707,818.04,691.48,0.6351,831.19,691.48,0.5678,805.62,713.40,0.7339,836.30,709.01,0.7266,808.54,735.31,0.5184,844.34,690.75,0.5941,802.69,706.09,0.4332,836.30,660.06,0.6955,811.46,785.73,0.8040,835.57,783.53,0.7742,791.00,842.71,0.8424,852.38,835.41,0.7988,815.11,901.16,0.8454,879.41,891.66,0.8537
179,top,0,874.25,378.50,992.97,564.74,940.43,392.96,0.8123,944.52,389.78,0.8131,936.79,390.24,0.8072,950.43,394.78,0.8038,931.34,394.33,0.7755,964.07,415.24,0.7326,916.79,414.79,0.7058,976.35,437.07,0.7296,903.60,441.16,0.7289,985.44,464.80,0.7424,893.14,468.90,0.7154,954.07,466.62,0.6329,924.97,466.62,0.5928,967.71,503.00,0.7192,901.33,500.27,0.6654,979.08,543.01,0.7871,896.33,530.28,0.7648
179,bottom,1,767.46,634.21,885.78,932.55,812.05,687.24,0.6210,811.32,684.32,0.5231,814.23,684.32,0.4361,811.32,690.15,0.6041,825.16,690.15,0.5481,797.48,713.46,0.7034,828.07,709.82,0.6547,788.74,743.32,0.4815,842.64,697.43,0.5702,788.01,741.14,0.3495,830.99,665.39,0.5983,798.94,784.84,0.7721,824.43,783.38,0.7598,780.00,843.11,0.8166,842.64,837.28,0.7901,794.57,904.29,0.8330,867.41,891.91,0.8433
180,top,0,873.59,376.98,990.68,560.13,936.16,391.64,0.8331,939.74,388.51,0.8027,932.59,388.51,0.8197,946.00,392.98,0.8102,926.77,392.54,0.7615,958.52,413.11,0.7328,912.91,413.55,0.7047,971.94,435.46,0.7358,899.94,439.94,0.7307,980.43,463.19,0.7348,888.32,466.76,0.6994,951.37,462.29,0.6313,921.85,462.74,0.6012,966.57,498.07,0.7261,900.84,497.17,0.6767,978.64,541.44,0.8085,895.02,530.71,0.7570
180,bottom,1,744.81,645.65,877.42,933.93,806.19,692.66,0.5888,806.19,689.14,0.5094,803.38,689.14,0.4413,803.38,694.77,0.5890,820.27,696.89,0.5194,785.78,718.70,0.6065,823.79,715.18,0.6246,757.63,733.48,0.6716,837.86,708.15,0.5935,781.56,713.78,0.5088,826.60,676.47,0.6659,787.89,788.38,0.7294,814.64,787.68,0.7296,768.89,846.80,0.8053,835.05,841.87,0.7227,771.70,909.44,0.8049,860.38,893.95,0.8312
181,top,1,873.31,372.53,998.98,554.57,933.48,387.99,0.8593,937.03,384.88,0.8091,929.48,384.44,0.8210,943.26,389.33,0.8024,924.14,389.33,0.8170,956.59,409.33,0.7385,910.81,409.77,0.7550,968.14,430.22,0.7566,898.81,436.88,0.7810,976.14,458.66,0.7742,887.26,465.33,0.7313,950.81,458.66,0.6463,920.59,459.99,0.6233,968.14,495.99,0.7312,899.70,496.44,0.6713,979.25,541.33,0.8455,897.48,531.10,0.7931
181,bottom,0,718.22,654.20,873.45,939.75,800.02,700.07,0.6555,797.93,697.28,0.6035,796.53,697.28,0.4215,793.74,701.46,0.6758,813.26,702.86,0.5734,777.01,719.59,0.6346,816.05,720.98,0.6689,741.46,716.80,0.7099,824.42,714.01,0.6173,769.34,715.41,0.5480,820.24,683.34,0.6519,777.71,790.70,0.7484,803.50,789.30,0.7544,756.80,850.65,0.8118,826.51,844.38,0.7956,749.13,914.79,0.8462,854.40,895.97,0.8342
182,top,1,874.40,368.91,1004.09,553.90,931.57,384.17,0.8783,935.18,381.01,0.8322,927.95,381.01,0.8803,941.05,385.53,0.8501,922.53,385.53,0.8509,955.05,404.95,0.7382,909.44,405.85,0.7704,966.80,427.98,0.7532,898.60,432.95,0.7910,974.47,455.53,0.7583,886.85,461.41,0.7551,950.08,455.53,0.6549,919.37,457.34,0.6479,968.60,492.12,0.7145,901.76,494.38,0.6653,979.89,539.09,0.8309,897.24,530.96,0.7768
182,bottom,0,693.18,669.71,866.79,945.61,791.44,707.97,0.7214,788.07,703.26,0.6622,791.44,705.95,0.4529,784.03,709.32,0.7708,802.21,712.01,0.6065,763.82,728.18,0.7382,806.25,732.22,0.7576,730.14,705.95,0.7052,814.34,727.51,0.7231,758.43,705.95,0.4622,810.97,693.15,0.7034,767.19,799.58,0.7575,794.13,799.58,0.7487,743.61,860.20,0.8124,817.71,849.42,0.8414,726.77,923.52,0.8819,848.02,898.59,0.8558
183,top,1,875.34,367.04,1000.25,549.37,929.78,381.64,0.8803,933.79,378.53,0.8261,926.22,378.08,0.8855,940.02,383.43,0.8640,921.32,382.98,0.8571,953.82,401.68,0.7456,908.41,403.46,0.7688,966.28,424.82,0.7446,898.18,430.16,0.8003,972.96,452.87,0.7582,886.60,459.10,0.7707,949.37,452.42,0.6711,919.54,454.20,0.6520,968.06,489.81,0.7187,900.85,493.37,0.6755,982.31,535.66,0.8562,894.61,529.43,0.7921
183,bottom,0,674.28,677.18,860.72,957.38,785.29,717.40,0.7989,781.87,713.30,0.6352,786.65,715.35,0.4962,776.39,718.09,0.7841,795.55,721.51,0.6669,756.55,737.24,0.7607,801.02,743.40,0.8046,729.88,720.82,0.5959,801.02,734.50,0.5385,715.51,705.09,0.6824,800.34,707.14,0.4627,757.24,809.07,0.7770,783.92,809.75,0.7737,730.56,869.95,0.8094,806.49,854.90,0.8463,707.30,929.47,0.8499,840.70,900.73,0.8719
184,top,1,875.07,366.85,1003.47,552.63,928.84,380.82,0.8956,932.47,377.65,0.8493,925.66,377.65,0.8845,938.36,382.18,0.8827,920.22,381.73,0.8411,952.88,400.32,0.7431,907.07,402.59,0.7848,966.03,424.36,0.7431,897.09,430.71,0.7968,972.38,452.94,0.7474,886.66,459.74,0.7538,949.25,450.67,0.6725,918.41,452.03,0.6665,968.30,490.13,0.7305,897.54,489.67,0.7107,985.08,532.31,0.8433,890.74,527.32,0.7908
184,bottom,0,669.31,660.61,852.51,966.34,778.83,727.64,0.8970,775.09,724.66,0.6964,780.32,726.15,0.5415,767.63,729.13,0.8066,788.53,731.37,0.6998,748.22,747.05,0.8262,794.50,754.51,0.8802,710.90,720.92,0.8296,796.74,750.78,0.7412,692.24,688.08,0.8240,793.01,717.19,0.6425,747.48,823.93,0.8336,775.09,824.67,0.8372,716.13,880.65,0.8915,793.01,861.25,0.8218,695.23,938.87,0.9603,831.82,904.54,0.9179
185,top,1,869.51,366.49,1003.83,549.57,927.28,381.15,0.9083,931.30,378.03,0.8530,924.15,378.03,0.9075,937.11,382.50,0.8846,918.79,382.50,0.8686,952.76,401.71,0.7573,906.72,403.95,0.7968,966.17,424.51,0.7549,897.34,430.77,0.8157,972.87,453.56,0.7763,886.61,459.82,0.7697,949.18,452.22,0.6876,918.34,453.11,0.6851,968.40,491.55,0.7583,895.99,489.32,0.7238,989.41,531.78,0.8742,885.27,527.76,0.8362
185,bottom,0,665.72,671.36,841.19,971.20,771.03,736.37,0.8228,767.37,733.44,0.6133,773.22,734.90,0.4748,759.31,738.56,0.8076,781.27,740.76,0.7306,738.82,754.67,0.7686,785.67,764.92,0.8143,699.29,734.90,0.8572,792.99,767.11,0.7633,684.65,699.03,0.8611,788.59,732.71,0.7666,741.01,833.73,0.7797,768.10,834.46,0.7705,705.14,887.16,0.8426,774.69,868.86,0.7374,691.97,945.73,0.9208,820.07,907.66,0.8171
186,top,1,860.75,368.47,1007.48,551.19,925.99,383.89,0.9180,929.34,380.54,0.8513,922.17,380.54,0.9054,935.55,384.36,0.8751,916.92,384.36,0.8685,951.31,403.47,0.7591,905.93,406.33,0.8023,965.64,424.96,0.7858,896.38,433.08,0.8161,973.28,453.62,0.8099,885.87,462.69,0.7781,948.44,454.10,0.7042,917.87,454.57,0.6918,968.03,492.78,0.7712,893.99,489.92,0.7552,992.38,530.99,0.8449,877.75,528.13,0.8528
186,bottom,0,665.56,707.88,831.80,969.50,764.01,740.97,0.7910,761.45,738.41,0.5431,767.84,740.97,0.4635,753.15,743.52,0.7993,773.59,746.72,0.7175,733.99,761.41,0.7389,779.33,770.35,0.7763,694.38,751.19,0.7570,793.39,777.38,0.7943,684.17,728.19,0.7889,785.08,746.08,0.7648,735.90,839.33,0.6789,765.28,841.25,0.6805,698.86,889.79,0.7848,763.37,875.10,0.6915,691.19,944.72,0.8355,809.35,912.14,0.7656
187,top,1,850.87,371.90,1007.08,551.99,923.89,388.72,0.9302,927.96,384.65,0.8495,920.33,384.65,0.8929,934.06,388.21,0.8418,915.75,387.70,0.8862,949.82,407.53,0.7651,904.56,410.58,0.7881,965.07,427.36,0.8047,895.92,436.52,0.7995,973.21,457.37,0.7927,885.75,466.01,0.7457,947.79,457.87,0.7137,917.79,458.38,0.6868,968.13,495.50,0.7830,891.34,492.45,0.7681,993.04,530.08,0.8397,872.02,530.08,0.8752
187,bottom,0,666.34,718.28,832.54,969.30,761.08,739.60,0.7391,760.47,737.77,0.4971,765.99,738.99,0.3962,750.05,742.06,0.7274,771.50,744.51,0.6647,732.28,762.28,0.6869,778.86,769.02,0.7236,694.90,764.73,0.5103,796.02,781.28,0.7254,688.16,761.67,0.4917,782.53,757.99,0.6541,732.89,839.50,0.5944,765.37,839.50,0.5773,698.57,890.36,0.7657,764.15,871.98,0.6448,691.22,944.29,0.7870,803.98,914.26,0.7254
188,top,1,849.33,377.01,1007.56,551.56,924.33,393.72,0.9331,928.45,390.11,0.8745,921.23,389.60,0.8965,935.14,393.20,0.8500,915.57,392.69,0.8716,949.56,412.26,0.7572,904.24,416.38,0.7826,966.05,433.90,0.8044,895.48,443.68,0.7624,976.86,462.74,0.7790,886.21,473.56,0.7329,946.99,462.74,0.6789,917.11,463.26,0.6563,971.20,498.28,0.7757,887.75,496.74,0.7538,992.83,532.79,0.8540,867.15,531.76,0.8584
188,bottom,0,666.28,712.03,828.52,969.06,761.21,733.24,0.8731,761.21,731.36,0.5939,764.35,731.98,0.4967,749.29,736.38,0.7766,771.88,737.63,0.7546,731.72,759.60,0.7374,783.17,762.73,0.8229,698.46,779.05,0.6653,801.37,780.93,0.8183,695.95,790.97,0.6547,784.43,760.85,0.5600,737.36,830.51,0.6275,769.99,827.37,0.6591,703.48,888.86,0.8098,773.76,864.39,0.7300,691.55,943.46,0.8640,805.76,910.20,0.7757
189,top,1,849.80,383.75,1008.30,551.63,927.50,399.07,0.9112,931.63,395.98,0.8546,924.40,395.46,0.8607,937.30,399.07,0.8783,919.24,399.07,0.8409,952.27,418.16,0.7799,905.83,422.81,0.7929,968.26,439.83,0.7963,897.57,450.15,0.7708,980.64,467.18,0.7632,890.35,479.56,0.7449,948.65,466.66,0.6801,917.70,466.66,0.6421,974.45,500.20,0.7717,887.25,498.14,0.7744,993.54,533.74,0.8641,869.20,532.19,0.8968
189,bottom,0,667.19,703.13,832.98,969.21,761.12,723.14,0.8954,762.42,721.19,0.6206,761.77,720.54,0.5273,750.08,727.69,0.8009,771.52,727.04,0.7796,731.24,756.92,0.7743,785.81,753.67,0.8007,713.05,791.35,0.7167,806.60,779.01,0.8394,712.40,811.49,0.5563,791.66,761.47,0.5737,744.88,827.08,0.6609,776.07,823.18,0.6871,711.11,884.24,0.7714,785.81,855.01,0.7588,694.22,940.11,0.8459,813.09,903.73,0.7976
190,top,1,849.60,385.35,1010.74,550.14,934.90,400.60,0.9272,938.57,396.93,0.8989,931.22,397.45,0.9012,944.34,400.60,0.8717,925.45,400.60,0.8305,957.45,418.96,0.8039,911.29,424.73,0.8027,973.19,440.47,0.7834,903.42,453.05,0.7404,985.78,467.22,0.7553,898.18,481.38,0.7259,950.63,468.79,0.6761,919.16,469.84,0.6311,981.05,499.74,0.7895,888.74,500.79,0.7318,991.55,532.79,0.8693,867.75,531.74,0.8617
190,bottom,0,670.39,694.37,838.76,960.50,762.37,715.68,0.9343,764.32,713.74,0.6717,762.37,713.09,0.5935,751.98,720.23,0.8147,772.12,718.93,0.8034,735.08,754.67,0.8209,790.31,746.87,0.8206,729.88,793.00,0.6399,811.10,776.11,0.8570,731.83,818.99,0.5023,795.51,756.62,0.6035,751.33,824.19,0.6685,783.81,820.29,0.7098,718.19,877.47,0.7919,800.70,849.53,0.7390,698.05,935.94,0.8377,820.85,897.61,0.8270
191,top,1,850.52,383.46,1010.58,547.86,945.66,398.97,0.7930,949.30,395.32,0.7732,942.01,395.84,0.7546,954.51,398.97,0.7984,935.76,400.01,0.7986,966.50,417.21,0.8037,921.17,422.94,0.7897,978.48,437.53,0.7593,913.87,454.72,0.6983,992.55,462.01,0.7649,909.71,483.90,0.6970,955.56,469.83,0.6811,925.86,470.87,0.6069,987.86,499.01,0.8119,896.16,500.57,0.7031,990.46,531.83,0.8839,868.02,531.83,0.8444
191,bottom,0,678.76,688.75,842.14,955.21,763.70,710.09,0.9554,766.31,708.14,0.6706,762.40,707.49,0.6255,753.95,715.29,0.7822,774.11,712.69,0.7872,738.33,751.07,0.8289,794.28,740.66,0.8475,742.89,784.90,0.6517,814.44,773.84,0.8678,751.34,799.86,0.4124,795.58,776.44,0.5828,758.50,820.03,0.7016,792.33,815.48,0.7330,722.72,871.42,0.8299,811.84,844.10,0.7915,709.06,928.02,0.8941,828.11,894.19,0.8483
192,top,1,849.68,379.16,1013.81,546.86,957.93,395.69,0.8017,962.73,391.42,0.8039,954.19,391.95,0.7613,968.61,394.62,0.7740,948.31,394.62,0.8065,976.09,413.85,0.8385,933.35,419.20,0.7711,985.71,434.16,0.7781,925.34,452.86,0.6939,1001.74,457.67,0.7883,921.06,483.84,0.7065,961.67,470.49,0.7376,933.88,471.56,0.6373,994.26,502.01,0.8313,906.10,504.68,0.6689,986.78,530.33,0.8650,871.91,530.86,0.7883
192,bottom,0,702.25,686.94,854.80,950.62,766.29,709.34,0.9285,763.72,706.76,0.5604,766.94,706.12,0.6785,756.64,714.49,0.7287,777.88,710.63,0.7672,743.12,748.61,0.8787,798.48,737.66,0.8397,747.62,777.58,0.5852,817.80,773.07,0.8285,763.72,794.96,0.4089,804.28,791.74,0.6263,765.01,818.14,0.7259,798.48,813.63,0.7381,725.09,863.84,0.8545,822.30,843.89,0.7851,723.16,922.43,0.8680,839.04,893.46,0.7979
193,top,1,853.34,378.50,1022.61,548.33,971.59,393.44,0.8069,975.99,389.58,0.7688,967.73,389.58,0.8037,980.95,392.89,0.7652,960.56,392.89,0.8094,986.46,413.28,0.8383,945.14,418.23,0.7705,994.73,433.66,0.7873,937.42,452.40,0.6959,1011.81,458.46,0.8015,934.12,484.91,0.7022,970.48,471.68,0.7510,944.59,473.34,0.6463,996.93,505.84,0.8161,919.79,510.25,0.6471,985.36,532.29,0.8231,879.57,527.89,0.7521
193,bottom,0,720.38,687.46,866.09,945.02,770.60,709.97,0.9132,769.34,708.08,0.6378,772.48,707.45,0.6061,761.79,715.63,0.7891,783.17,712.48,0.8066,747.96,750.84,0.8570,802.67,737.64,0.8443,752.36,781.03,0.6519,819.64,772.85,0.7754,764.31,801.15,0.4322,820.27,803.66,0.6403,773.74,816.87,0.7069,804.55,814.35,0.7138,731.61,861.52,0.8160,828.45,845.80,0.7831,739.16,917.48,0.8136,851.71,892.96,0.7854
194,top,1,870.72,379.26,1028.09,547.19,985.77,393.56,0.8527,989.36,389.46,0.7613,981.16,388.94,0.8483,993.97,393.56,0.7539,973.48,393.04,0.8213,996.53,415.07,0.8271,957.60,418.66,0.7808,1003.70,437.61,0.6744,948.89,451.95,0.6982,1021.63,463.73,0.6990,946.84,484.74,0.7156,977.07,472.44,0.7647,952.48,474.49,0.6490,999.61,508.30,0.8189,934.55,518.55,0.6879,985.77,531.35,0.8129,893.06,522.13,0.7539
194,bottom,0,728.57,690.83,881.97,950.66,776.72,711.64,0.9476,776.72,709.73,0.6737,777.36,709.73,0.6053,766.57,716.71,0.8512,789.41,714.81,0.7638,754.52,752.87,0.8876,809.71,740.82,0.8552,758.33,787.13,0.6749,822.40,776.34,0.7920,769.74,805.52,0.4666,830.01,810.60,0.7264,779.26,819.48,0.7423,811.61,816.31,0.7039,741.20,864.52,0.8454,835.72,848.66,0.7656,751.98,921.61,0.8265,864.26,889.89,0.7942
195,top,1,896.89,381.26,1038.58,546.37,1000.48,396.48,0.8379,1003.71,392.79,0.7007,996.33,392.33,0.7851,1006.01,396.94,0.6178,986.18,395.56,0.8389,1006.01,418.62,0.8239,970.96,420.46,0.7501,1016.16,444.90,0.7685,960.82,453.67,0.7010,1033.23,472.58,0.8041,961.74,486.41,0.7117,981.57,471.19,0.7206,959.43,472.12,0.6401,1002.32,509.93,0.7980,949.75,521.93,0.7256,986.18,532.53,0.7471,912.85,520.54,0.7366
195,bottom,0,731.21,692.10,891.09,952.66,786.34,714.87,0.9652,785.71,712.33,0.6691,788.89,712.33,0.5983,776.16,719.33,0.7876,797.79,718.06,0.8131,762.17,754.31,0.9014,818.15,746.04,0.8748,764.08,790.57,0.7049,827.69,779.12,0.8071,775.53,807.75,0.4253,838.50,814.75,0.7320,785.07,822.38,0.7657,818.15,819.84,0.7166,751.99,870.73,0.8551,846.14,851.64,0.8016,755.81,931.79,0.8714,874.13,893.63,0.8206
196,top,1,919.18,385.12,1043.77,547.83,1011.49,401.58,0.7939,1015.14,398.34,0.6666,1007.43,397.53,0.7078,1017.98,402.80,0.6123,997.29,400.37,0.7406,1015.14,422.27,0.7574,983.91,423.89,0.6924,1024.47,451.06,0.6821,972.15,459.18,0.6157,1042.31,479.46,0.7781,975.80,491.22,0.6669,986.75,472.15,0.6538,965.25,474.18,0.5976,1006.22,510.68,0.7512,972.96,520.01,0.5607,986.75,532.18,0.5934,933.21,524.07,0.6869
196,bottom,0,731.03,692.09,902.51,952.56,797.69,714.85,0.9182,795.79,711.67,0.6053,801.51,712.31,0.6157,788.16,719.31,0.7485,809.78,718.03,0.8284,772.26,751.10,0.8882,827.58,746.01,0.8869,770.99,787.98,0.7201,833.94,777.17,0.8206,784.98,804.52,0.4363,843.48,813.42,0.7487,791.33,823.60,0.7579,825.67,820.42,0.7026,758.90,871.92,0.8506,854.29,850.30,0.8137,757.63,932.34,0.8748,881.63,897.36,0.8371
197,top,3,944.28,392.82,1047.80,546.92,1022.38,407.04,0.7718,1025.39,404.03,0.7167,1018.61,403.28,0.7155,1028.02,407.79,0.5778,1009.21,405.54,0.7778,1024.26,426.98,0.7074,995.66,427.73,0.6938,1032.16,456.70,0.6815,984.75,461.59,0.6276,1049.46,483.04,0.7530,989.64,492.82,0.6258,991.15,471.00,0.5745,970.83,471.38,0.6122,1009.96,510.50,0.6916,990.40,516.15,0.5591,987.39,531.95,0.5426,951.27,531.57,0.6875
197,bottom,0,731.11,689.88,909.37,952.90,813.18,710.94,0.8883,813.18,707.73,0.5638,813.18,707.09,0.6265,804.83,715.44,0.7511,824.09,713.51,0.7806,786.85,746.26,0.8710,840.15,743.05,0.8558,783.00,784.79,0.7315,845.28,777.08,0.8182,804.83,802.12,0.3910,851.06,809.83,0.6885,799.05,821.39,0.7450,833.08,818.18,0.6902,767.58,871.48,0.8436,867.76,846.43,0.8168,757.95,929.27,0.8909,883.81,903.58,0.8546
198,top,1,962.22,396.97,1056.02,568.32,1033.80,411.53,0.8029,1035.89,408.19,0.7683,1030.04,407.77,0.7218,1037.57,412.37,0.5394,1019.58,410.70,0.7247,1032.13,431.19,0.7125,1005.77,432.87,0.7001,1037.57,459.22,0.6573,997.41,466.75,0.6435,1054.72,484.32,0.6408,1003.26,493.52,0.5681,995.31,473.03,0.5971,976.91,473.03,0.6901,1013.72,512.35,0.5777,1003.26,507.75,0.5566,989.46,532.01,0.5807,974.40,546.65,0.7061
198,bottom,0,732.92,685.41,917.54,948.33,832.29,705.18,0.8149,832.93,701.32,0.6026,833.58,701.32,0.5592,820.74,707.74,0.7537,839.99,707.74,0.7475,802.76,739.20,0.8336,855.40,738.55,0.8887,796.35,776.43,0.6761,857.33,772.58,0.7954,824.59,793.76,0.3638,860.54,805.31,0.6663,809.83,816.87,0.7573,843.20,813.66,0.7108,782.22,868.22,0.8263,879.15,843.18,0.8482,759.12,924.71,0.8785,888.78,903.52,0.8670
199,top,1,971.24,400.52,1057.91,570.98,1042.46,416.66,0.8341,1044.96,412.92,0.7986,1038.30,412.50,0.8188,1046.62,417.08,0.5265,1028.31,415.00,0.8007,1038.72,434.98,0.6626,1014.99,438.31,0.6425,1043.29,461.19,0.6282,1011.25,477.42,0.5506,1060.77,485.33,0.6083,1019.99,506.97,0.4508,1000.85,476.18,0.5414,983.78,477.84,0.6752,1021.24,513.22,0.5123,1010.83,505.31,0.5494,987.11,530.69,0.5701,1001.68,553.17,0.5827
199,bottom,0,738.15,678.05,918.91,942.28,848.53,699.85,0.9266,847.24,696.63,0.6418,850.46,697.27,0.6374,836.92,702.43,0.8229,856.91,703.08,0.8038,819.50,731.46,0.8883,870.46,734.69,0.9262,810.47,770.17,0.7641,870.46,770.17,0.8297,825.30,792.10,0.3786,872.40,800.49,0.6622,822.72,808.87,0.7850,854.33,806.94,0.7778,797.56,863.71,0.8281,889.81,842.42,0.9023,767.24,913.38,0.8442,891.75,904.35,0.8837
200,top,3,974.31,406.87,1065.19,549.70,1051.48,422.14,0.7850,1053.57,418.66,0.7904,1047.64,417.96,0.7807,1056.01,422.14,0.4603,1037.53,420.40,0.7477,1044.16,437.83,0.5986,1026.02,444.46,0.6340,1049.74,464.34,0.5666,1024.98,482.82,0.5989,1066.82,488.05,0.5397,1037.18,509.32,0.6228,1007.20,479.33,0.4499,992.55,480.72,0.6126,1016.96,512.80,0.4083,1021.49,507.57,0.5835,988.02,530.24,0.5942,1026.72,551.51,0.5052
200,bottom,0,759.56,669.61,918.92,936.68,864.02,693.61,0.9328,862.72,691.00,0.6480,865.98,691.00,0.6532,852.94,696.22,0.7846,872.50,696.87,0.8121,833.38,724.90,0.8508,884.88,731.42,0.8940,820.34,763.37,0.8204,883.58,766.63,0.7981,826.86,797.93,0.5936,885.54,799.23,0.6743,834.03,802.49,0.7429,865.98,801.19,0.7389,810.56,855.96,0.7921,897.93,842.27,0.8628,783.17,904.86,0.7885,893.36,904.86,0.8824
201,top,1,974.73,412.96,1086.56,577.56,1060.78,428.55,0.8259,1062.79,424.93,0.7557,1057.57,424.53,0.8182,1064.40,427.75,0.4424,1047.12,426.94,0.7354,1050.74,441.41,0.6430,1036.67,451.86,0.7017,1054.76,465.12,0.6097,1038.28,486.82,0.6830,1070.43,486.42,0.5472,1053.15,512.94,0.6937,1013.77,483.61,0.5376,1002.92,486.02,0.6775,1019.39,515.35,0.4840,1031.45,512.94,0.6381,988.45,531.02,0.6728,1051.14,561.16,0.6351
201,bottom,0,789.39,665.29,919.18,929.82,878.83,688.41,0.8521,878.18,685.18,0.6061,881.41,685.18,0.6388,866.56,690.35,0.7695,885.93,691.00,0.8212,845.89,717.48,0.8539,896.26,727.16,0.8925,829.10,755.58,0.8184,896.26,763.98,0.7968,830.39,793.04,0.7652,900.79,798.20,0.7280,843.31,793.68,0.7387,873.66,794.33,0.7240,825.87,847.29,0.8060,902.72,841.47,0.8508,804.56,894.43,0.8046,893.68,903.47,0.8991
202,top,1,977.22,418.58,1097.60,582.24,1070.57,434.88,0.8142,1071.77,431.69,0.7814,1066.98,431.29,0.7784,1072.17,434.48,0.4112,1056.59,434.88,0.7168,1057.79,447.27,0.6443,1047.80,458.86,0.7184,1062.58,470.84,0.6454,1051.39,491.62,0.6917,1081.36,495.22,0.5591,1068.58,517.59,0.6654,1024.22,490.42,0.5248,1014.23,492.82,0.6437,1028.62,520.79,0.4404,1044.20,524.38,0.6092,991.46,530.78,0.6671,1068.98,566.74,0.6648
202,bottom,0,817.41,656.95,925.79,923.74,891.14,681.57,0.8896,891.14,678.31,0.6284,894.40,678.31,0.6509,880.07,683.52,0.7956,898.96,685.47,0.8090,858.57,709.57,0.8649,908.08,721.30,0.8976,837.08,748.00,0.8476,907.42,759.08,0.8075,834.47,785.78,0.8070,913.94,792.95,0.7348,855.97,787.08,0.7475,885.28,788.39,0.7236,841.64,839.84,0.7799,906.77,842.45,0.8573,828.61,888.69,0.7307,895.05,901.07,0.8267
203,top,1,977.05,425.62,1111.06,587.84,1079.83,442.17,0.8632,1081.14,438.24,0.7367,1076.34,438.24,0.8208,1078.96,440.42,0.3866,1064.56,441.29,0.7764,1063.25,455.25,0.6904,1057.58,466.16,0.7406,1068.92,478.37,0.5800,1062.82,496.26,0.6747,1085.94,494.95,0.6437,1083.32,522.00,0.7161,1028.79,498.00,0.5606,1025.30,501.06,0.6767,1034.03,525.48,0.4026,1055.40,530.28,0.6386,994.77,533.34,0.6650,1082.88,573.47,0.6870
203,bottom,0,830.75,653.59,938.07,920.56,905.27,676.28,0.8089,905.27,672.37,0.5507,909.18,672.37,0.6474,892.23,676.93,0.7861,911.13,678.88,0.8195,870.07,703.00,0.8450,918.30,714.73,0.8976,846.61,740.15,0.8390,920.26,752.53,0.8109,838.79,777.30,0.8045,927.43,785.77,0.7481,864.86,779.91,0.7455,893.53,781.86,0.7386,858.99,832.70,0.7461,913.09,837.92,0.8570,851.17,879.63,0.6767,898.10,897.23,0.8089
204,top,1,981.81,429.50,1118.09,590.38,1087.22,450.50,0.8846,1088.10,446.95,0.7177,1083.67,447.39,0.8311,1084.56,447.84,0.3903,1072.58,449.61,0.8044,1067.25,458.48,0.6488,1066.81,473.57,0.6803,1070.80,478.00,0.4830,1075.68,502.40,0.6900,1085.89,491.75,0.6304,1094.32,527.24,0.7569,1036.65,504.17,0.4774,1030.88,507.28,0.6179,1039.75,533.45,0.5021,1065.04,525.91,0.6644,1001.16,537.00,0.6359,1087.22,574.27,0.7687
204,bottom,0,836.08,650.31,949.16,916.16,915.98,672.90,0.8012,915.98,669.00,0.5550,919.88,669.65,0.6581,903.00,673.55,0.8095,921.82,675.49,0.8500,879.64,698.21,0.8218,928.31,711.84,0.8892,855.62,735.85,0.8238,932.21,748.84,0.7754,844.59,772.20,0.8112,940.00,783.23,0.7523,873.14,773.50,0.7314,899.76,775.45,0.7214,875.09,821.53,0.7567,925.07,830.62,0.8416,869.90,876.05,0.7461,904.95,887.08,0.8035
205,top,1,992.42,440.38,1116.96,590.17,1094.42,460.55,0.9015,1095.23,456.49,0.6964,1091.17,456.90,0.8314,1075.36,457.71,0.4123,1079.42,459.74,0.8175,1069.69,467.03,0.6498,1074.15,482.44,0.6293,1051.85,482.03,0.3332,1083.47,510.00,0.6286,1068.88,493.79,0.1868,1100.50,533.11,0.6823,1037.66,508.79,0.4173,1036.44,512.03,0.5429,1046.58,542.44,0.5783,1073.34,525.41,0.6003,1007.26,541.22,0.6018,1087.93,574.06,0.7219
205,bottom,0,841.65,650.11,962.99,907.84,930.64,672.01,0.7471,929.38,667.60,0.5287,933.15,668.23,0.6918,914.28,672.64,0.7536,932.52,674.53,0.8453,892.25,694.66,0.8185,938.82,712.28,0.8461,866.46,733.67,0.8169,946.37,751.29,0.7369,850.72,768.28,0.8540,952.66,780.24,0.7125,879.67,770.80,0.7202,906.10,773.31,0.7065,892.88,812.33,0.7736,936.30,824.28,0.8356,888.48,870.85,0.7754,916.79,882.17,0.7996
206,top,1,998.60,446.86,1111.59,590.47,1100.70,470.12,0.9228,1101.44,466.07,0.6843,1097.39,466.07,0.8154,1100.33,464.60,0.3460,1085.99,466.81,0.7857,1075.69,470.85,0.6859,1076.79,488.51,0.6633,1070.91,489.98,0.2885,1080.47,513.52,0.5606,1069.07,495.50,0.1425,1095.18,536.32,0.6626,1044.43,510.57,0.3959,1042.22,513.52,0.5104,1053.62,550.66,0.5379,1077.16,524.18,0.5223,1015.01,542.20,0.4877,1088.20,574.20,0.6808
206,bottom,0,844.09,650.15,976.23,909.93,943.77,673.49,0.7701,943.14,669.69,0.5367,944.41,670.32,0.7184,926.02,674.13,0.7446,945.04,676.03,0.8742,904.45,697.59,0.8030,949.48,712.81,0.8442,876.55,733.74,0.7960,958.36,750.87,0.7438,856.89,766.72,0.8675,967.87,778.14,0.7690,887.33,768.62,0.7442,910.79,771.16,0.7270,906.99,808.58,0.7801,945.04,824.44,0.8349,908.26,860.59,0.7882,931.09,884.69,0.8081
207,top,1,1008.79,450.53,1111.53,589.72,1102.30,472.21,0.8552,1103.66,468.47,0.5413,1099.92,468.13,0.6904,1082.93,466.77,0.2846,1088.37,467.79,0.6917,1078.85,471.53,0.6560,1077.49,492.94,0.6716,1078.51,494.64,0.3183,1075.11,520.80,0.5833,1085.65,508.57,0.2441,1085.31,543.23,0.6073,1051.33,509.93,0.4016,1041.13,512.65,0.5625,1061.86,555.81,0.6452,1077.49,524.88,0.5222,1024.48,544.25,0.6383,1088.37,572.80,0.7271
207,bottom,0,849.33,653.08,990.31,913.65,955.45,676.49,0.7493,954.17,672.03,0.5315,956.08,672.67,0.6691,938.27,676.49,0.7348,956.72,678.40,0.8458,916.00,700.03,0.7441,959.90,714.66,0.8256,887.38,734.38,0.7673,969.44,753.46,0.7295,863.84,764.28,0.8832,978.98,774.46,0.7456,895.65,770.64,0.7347,916.64,773.82,0.7212,919.18,808.18,0.6691,953.54,827.26,0.8090,927.45,853.34,0.7619,943.36,888.97,0.7685
208,top,1,1016.47,448.42,1112.61,589.40,1102.40,471.76,0.8485,1103.78,468.31,0.5595,1100.34,468.66,0.6470,1104.81,467.63,0.2375,1088.63,469.00,0.6213,1080.03,469.00,0.6562,1076.24,491.72,0.5984,1067.64,485.87,0.3192,1065.23,522.35,0.5606,1078.31,506.86,0.2596,1075.21,546.79,0.4774,1054.91,508.24,0.4484,1041.83,510.65,0.6327,1065.57,553.67,0.4757,1076.93,527.17,0.3794,1029.44,541.97,0.5349,1088.98,573.98,0.5878
208,bottom,0,853.76,657.84,1002.83,907.15,964.21,680.23,0.8295,964.81,676.58,0.5933,964.21,677.19,0.6746,948.99,681.45,0.7122,964.81,682.67,0.8437,924.64,703.97,0.7469,967.86,716.76,0.8412,894.82,736.23,0.7694,978.81,759.97,0.7641,868.03,764.23,0.8940,989.77,772.75,0.7336,906.99,777.62,0.7273,924.64,780.06,0.7208,934.38,811.10,0.5632,969.68,827.54,0.8437,946.55,848.23,0.6060,945.34,884.14,0.7485
209,top,1,1023.16,444.74,1111.56,589.83,1100.65,467.70,0.8751,1102.78,464.15,0.5826,1097.82,464.51,0.6915,1103.49,465.22,0.2508,1086.13,465.57,0.5979,1078.69,465.93,0.6861,1071.61,488.24,0.6738,1067.36,483.28,0.3907,1056.03,517.29,0.6921,1071.61,505.95,0.3705,1064.53,549.16,0.5633,1054.25,504.89,0.5000,1039.38,506.66,0.7390,1067.01,550.58,0.4985,1076.92,527.20,0.6058,1035.84,539.60,0.6199,1086.84,572.54,0.6512
209,bottom,0,856.26,663.65,1023.46,907.89,975.04,686.19,0.8263,975.04,682.61,0.5312,975.64,683.81,0.7201,957.15,687.38,0.7090,973.85,689.17,0.8589,932.71,707.66,0.8008,975.64,723.16,0.8556,901.10,738.07,0.7863,986.37,767.29,0.8133,871.88,763.11,0.8755,1008.44,781.60,0.7875,917.20,783.98,0.7460,936.28,786.97,0.7205,948.21,807.84,0.5906,986.97,824.53,0.8375,957.15,847.79,0.6820,958.35,871.64,0.7717
210,top,1,1024.73,437.78,1113.11,590.48,1097.63,460.82,0.7884,1100.24,457.09,0.4878,1095.02,457.47,0.6418,1100.61,609.20,0.2337,1084.21,459.70,0.5419,1075.26,460.82,0.6947,1069.67,479.09,0.6518,1062.21,475.73,0.4288,1049.91,508.17,0.6711,1067.43,498.85,0.3259,1051.77,539.11,0.6122,1052.52,501.83,0.5616,1036.12,504.81,0.7118,1070.79,541.72,0.3001,1076.38,526.43,0.6403,1040.59,538.36,0.5124,1087.56,572.29,0.6399
210,bottom,0,858.16,671.36,1042.35,895.69,982.03,694.19,0.8276,980.83,689.99,0.5291,982.63,692.39,0.7296,964.64,694.19,0.7028,980.23,698.39,0.8318,940.06,713.38,0.8405,982.03,730.76,0.8569,907.08,740.96,0.8297,994.02,772.13,0.8064,875.31,763.14,0.8793,1019.80,794.92,0.8100,925.67,788.92,0.7707,945.46,790.72,0.7398,960.44,805.71,0.5784,999.42,817.70,0.8393,960.44,845.28,0.7049,975.43,862.07,0.7859
211,top,1,1022.06,430.31,1114.72,590.76,1090.33,452.95,0.8087,1092.29,448.64,0.6340,1087.19,448.64,0.6851,1093.85,449.82,0.3174,1077.79,449.82,0.6408,1073.48,455.69,0.5893,1064.47,471.36,0.6504,1064.08,476.45,0.4428,1044.49,498.78,0.5712,1069.96,503.88,0.2977,1039.79,532.08,0.5049,1054.29,496.04,0.5210,1036.27,498.39,0.6788,1073.88,527.77,0.3847,1073.88,526.20,0.6443,1048.02,542.66,0.4937,1087.19,573.21,0.6290
211,bottom,0,860.60,675.64,1050.22,866.89,993.06,697.81,0.8266,991.83,694.72,0.5926,992.45,695.96,0.7903,975.78,697.81,0.7123,988.74,700.28,0.8902,949.85,715.71,0.7995,991.21,734.23,0.8537,914.05,744.72,0.8341,1006.03,777.44,0.8215,880.72,764.47,0.8699,1030.10,809.53,0.8505,932.57,790.40,0.7919,954.79,791.02,0.7159,966.52,802.74,0.6043,1006.64,810.15,0.8405,961.58,842.87,0.8223,999.24,853.98,0.8214
212,top,1,1019.51,426.39,1114.66,590.95,1083.56,442.78,0.7420,1085.97,438.76,0.6188,1079.94,438.76,0.6404,1088.38,441.58,0.4425,1070.30,440.37,0.6167,1071.91,453.63,0.5281,1054.23,463.67,0.7135,1064.27,477.73,0.3375,1033.74,489.38,0.6853,1072.71,501.04,0.2694,1029.72,522.33,0.6696,1057.04,490.59,0.5789,1034.14,493.00,0.6922,1075.52,525.54,0.6739,1066.28,525.94,0.6419,1051.42,550.45,0.7018,1085.57,572.55,0.6490
212,bottom,0,870.40,677.97,1050.75,863.97,999.33,701.70,0.8610,998.74,698.76,0.5679,1000.50,699.94,0.7097,985.24,701.11,0.7612,999.91,704.63,0.8559,958.82,717.55,0.7915,1002.26,738.10,0.8665,921.24,746.90,0.8360,1014.59,780.95,0.8139,889.54,766.28,0.8600,1030.44,813.83,0.8137,938.27,789.76,0.7927,962.34,791.52,0.7101,962.34,799.74,0.5715,1011.07,805.61,0.8361,959.99,840.84,0.8287,1023.40,856.69,0.8436
213,top,1,1014.25,419.54,1109.59,588.99,1074.33,433.52,0.7883,1077.23,429.80,0.7277,1070.61,429.39,0.7126,1080.54,433.94,0.5740,1063.16,431.87,0.6700,1075.16,445.11,0.6145,1046.61,455.45,0.7517,1075.99,459.59,0.6982,1025.93,481.93,0.6942,1085.09,476.96,0.7172,1020.96,510.06,0.6812,1054.47,483.17,0.6872,1032.13,486.89,0.7300,1071.02,522.47,0.7571,1059.44,524.54,0.6808,1048.68,551.84,0.7461,1083.85,572.94,0.6421
213,bottom,0,880.01,678.74,1063.08,867.42,1009.09,703.35,0.8410,1009.09,700.37,0.5712,1010.28,702.16,0.7017,993.60,702.16,0.7199,1009.09,706.33,0.8767,967.38,719.44,0.8154,1012.67,739.71,0.8902,931.02,748.05,0.8710,1020.41,783.81,0.8157,900.03,768.91,0.8769,1032.33,817.18,0.7532,945.33,785.00,0.8034,971.55,789.17,0.7197,951.88,798.11,0.5744,1015.05,811.22,0.7770,956.65,839.23,0.8054,1049.02,852.93,0.7793
214,top,1,1007.70,407.96,1097.17,580.07,1067.56,422.58,0.8456,1070.50,419.22,0.7944,1063.78,418.80,0.7432,1074.28,422.58,0.5954,1055.80,422.58,0.7041,1071.76,437.29,0.7539,1041.09,444.85,0.7006,1072.60,454.52,0.7747,1023.02,467.54,0.7129,1085.21,478.05,0.7863,1013.36,496.53,0.6521,1052.44,479.31,0.7149,1030.59,484.35,0.6704,1066.72,520.06,0.8000,1053.28,522.17,0.7522,1047.39,555.36,0.7245,1077.23,569.23,0.7266
214,bottom,0,884.77,684.15,1073.38,872.95,1010.39,703.64,0.9146,1011.62,700.57,0.5984,1011.62,703.03,0.6398,999.34,703.64,0.7347,1015.30,707.94,0.8464,971.10,722.06,0.8547,1019.60,739.87,0.9402,938.56,750.31,0.8847,1023.90,785.30,0.8332,907.24,773.64,0.8857,1032.49,821.53,0.7726,955.13,786.53,0.7827,983.38,790.21,0.7432,946.54,798.81,0.6099,1023.28,820.91,0.7252,950.84,840.56,0.7618,1059.51,857.14,0.7494
215,top,1,1001.46,400.27,1085.43,574.24,1059.58,412.08,0.8448,1062.55,409.11,0.7939,1055.33,408.68,0.7804,1066.38,412.08,0.7120,1047.69,412.08,0.7931,1067.23,425.67,0.8258,1032.82,433.32,0.7340,1067.65,446.91,0.7693,1014.56,457.95,0.7530,1083.36,474.51,0.7695,1008.19,487.26,0.7013,1048.96,476.21,0.7039,1027.30,479.19,0.6684,1061.70,517.83,0.7635,1047.26,517.83,0.7524,1045.57,555.21,0.6945,1065.53,563.70,0.6366
215,bottom,0,888.35,684.10,1074.98,872.16,1012.04,704.01,0.8826,1013.26,701.58,0.5611,1013.26,703.41,0.6145,1000.50,705.23,0.7551,1018.12,709.48,0.8244,973.16,724.67,0.8232,1024.19,740.46,0.9141,940.96,754.44,0.8387,1026.62,784.20,0.8193,909.98,777.52,0.8520,1032.70,817.01,0.7563,966.48,793.32,0.7170,993.82,796.96,0.7073,945.22,795.14,0.7067,1030.27,819.44,0.7741,944.00,841.31,0.8210,1061.25,854.68,0.8072
216,top,1,998.94,390.17,1091.07,579.01,1051.46,404.37,0.8169,1054.69,400.68,0.8092,1047.31,401.14,0.7628,1058.84,403.90,0.7635,1039.47,405.29,0.7835,1062.99,420.04,0.7887,1022.42,426.96,0.7299,1065.29,442.63,0.7654,1007.66,452.31,0.7698,1081.43,470.76,0.7627,1002.59,481.82,0.7332,1045.01,471.22,0.7046,1021.95,473.52,0.7015,1056.99,514.55,0.7647,1040.86,512.71,0.7409,1045.01,553.74,0.6931,1054.23,561.58,0.6924
216,bottom,0,886.60,683.46,1075.35,872.79,1011.08,704.40,0.9073,1012.31,701.94,0.5607,1011.70,703.17,0.6480,999.41,705.01,0.7444,1016.61,709.31,0.8237,972.99,725.29,0.8415,1024.60,738.80,0.9424,940.43,756.01,0.8645,1026.44,782.43,0.8509,907.86,777.51,0.8799,1031.97,813.76,0.7720,972.38,798.40,0.7628,1000.02,799.63,0.7573,944.73,791.03,0.7681,1032.59,816.83,0.8058,942.88,845.71,0.8321,1062.08,854.92,0.8551
217,top,1,988.82,384.15,1085.76,575.52,1044.30,396.67,0.8034,1047.57,392.93,0.8140,1039.63,393.40,0.7787,1052.24,397.13,0.7893,1032.62,398.07,0.8098,1057.85,414.42,0.7926,1016.27,419.09,0.7302,1061.58,437.31,0.7509,1002.25,444.32,0.7421,1074.67,463.48,0.7950,995.71,474.69,0.7340,1039.16,466.75,0.7098,1016.27,467.68,0.6964,1049.44,508.80,0.7096,1034.95,506.93,0.7083,1047.10,554.58,0.6878,1042.90,557.39,0.7230
217,bottom,0,880.15,680.80,1075.29,875.95,1006.30,700.88,0.9317,1006.94,698.97,0.5763,1007.57,700.24,0.6694,994.87,702.78,0.7444,1012.65,705.96,0.8203,970.73,722.47,0.8274,1020.28,736.45,0.9319,936.43,752.96,0.8416,1022.82,777.74,0.8229,902.13,772.02,0.9039,1029.80,813.31,0.8436,972.63,798.70,0.7737,1000.58,799.34,0.7748,943.41,789.81,0.7963,1031.08,813.31,0.7945,947.23,849.52,0.8012,1062.20,853.96,0.8363
218,top,1,983.87,374.55,1072.08,575.92,1036.33,390.19,0.8427,1039.78,386.25,0.8630,1032.40,386.75,0.8126,1044.69,390.68,0.8452,1026.50,391.17,0.8503,1053.05,409.85,0.8508,1009.79,411.82,0.7762,1058.46,432.96,0.7673,995.04,437.38,0.7737,1067.80,459.01,0.7435,988.15,467.86,0.7409,1032.40,461.47,0.7118,1009.29,460.98,0.7093,1041.74,507.68,0.7586,1023.55,503.26,0.7230,1044.20,553.90,0.7990,1026.99,554.39,0.7744
218,bottom,0,877.04,675.85,1075.79,877.13,999.06,697.56,0.9224,998.41,694.33,0.6090,1001.00,696.91,0.6730,988.06,698.21,0.7654,1005.53,702.74,0.8605,963.48,719.56,0.8346,1013.94,730.55,0.9101,927.89,747.38,0.8036,1014.59,771.31,0.7996,891.67,764.20,0.8942,1023.64,804.95,0.6829,971.24,793.31,0.7752,1001.00,793.31,0.7763,940.83,794.60,0.8349,1028.17,814.01,0.8121,952.48,851.54,0.8293,1061.17,852.18,0.8794
219,top,1,975.65,369.78,1067.74,571.48,1029.57,385.44,0.8473,1033.02,381.99,0.8715,1025.63,382.48,0.8259,1038.44,386.42,0.8592,1019.73,386.42,0.8680,1047.79,406.61,0.8512,1002.98,407.11,0.7996,1054.20,429.27,0.7735,989.19,434.68,0.7783,1061.58,454.87,0.7803,982.30,463.74,0.7695,1027.60,458.81,0.7085,1003.47,457.83,0.7099,1035.48,504.12,0.7862,1011.85,500.18,0.7665,1039.42,551.88,0.8347,1009.38,551.88,0.8015
219,bottom,0,858.56,671.46,1073.50,879.44,988.42,692.89,0.9521,987.02,689.39,0.7027,991.22,691.49,0.6927,978.63,692.89,0.7736,995.42,697.09,0.8605,953.44,715.28,0.8828,1004.52,726.47,0.9274,917.06,739.77,0.8702,1003.82,765.65,0.8690,878.57,755.16,0.9310,1018.51,790.84,0.8320,964.63,792.24,0.8150,994.72,790.14,0.8336,938.75,799.94,0.8467,1024.81,816.03,0.8864,958.34,855.21,0.9255,1061.19,850.31,0.9432
220,top,1,971.13,367.52,1060.85,569.99,1022.91,382.75,0.8362,1026.86,380.28,0.8573,1019.45,379.78,0.8189,1032.30,385.22,0.8606,1013.02,385.22,0.8711,1042.19,404.99,0.8425,996.22,404.99,0.8090,1048.61,427.24,0.7626,982.87,433.66,0.7710,1054.54,451.95,0.7527,975.95,463.32,0.7492,1023.40,457.88,0.7086,998.69,456.40,0.6937,1031.31,503.36,0.7554,1002.15,501.88,0.7559,1031.81,549.33,0.8440,992.76,548.34,0.8164
220,bottom,0,847.42,668.84,1067.79,881.64,978.41,689.16,0.9249,976.98,686.29,0.6896,980.56,689.16,0.6916,968.37,689.87,0.8240,986.30,693.46,0.8729,942.54,712.11,0.8573,994.19,722.16,0.9003,908.11,735.07,0.8454,994.91,758.74,0.8411,870.81,749.42,0.9210,1007.11,775.96,0.8077,956.89,785.28,0.7659,986.30,783.13,0.8079,941.11,812.54,0.8240,1020.02,817.56,0.8737,960.48,859.89,0.8869,1052.30,849.13,0.9139
221,top,1,961.80,368.65,1052.36,568.68,1015.87,381.74,0.8186,1019.29,379.30,0.8504,1011.97,379.30,0.8070,1024.66,384.18,0.8231,1006.11,383.69,0.8400,1035.90,404.69,0.8152,989.50,403.71,0.7856,1043.71,429.11,0.7459,976.32,433.02,0.7444,1047.62,454.50,0.7458,968.50,462.81,0.7425,1018.80,458.90,0.7137,993.90,458.41,0.7057,1026.62,503.34,0.7322,989.99,504.32,0.7430,1026.13,546.80,0.8012,975.34,539.48,0.7511
221,bottom,0,848.00,666.54,1055.02,883.58,967.68,686.78,0.9259,966.33,684.76,0.6775,969.70,686.78,0.6412,956.22,688.13,0.7735,975.09,691.50,0.8209,933.31,711.04,0.8366,983.18,718.45,0.8849,906.36,733.28,0.8079,989.92,756.86,0.7771,870.64,746.08,0.8907,981.83,762.26,0.3400,950.16,780.45,0.7199,979.14,777.08,0.7870,944.09,814.14,0.8092,1009.46,816.17,0.8591,962.29,862.66,0.8993,1041.81,855.93,0.8978
222,top,1,944.15,367.25,1045.49,567.15,1007.51,382.77,0.8537,1011.41,379.84,0.8526,1004.09,379.84,0.8114,1017.76,384.24,0.8012,998.23,384.24,0.8319,1029.47,405.22,0.8001,982.62,405.22,0.7701,1037.28,430.60,0.7578,970.42,433.53,0.7418,1040.20,457.93,0.7651,961.63,462.81,0.7137,1014.34,460.86,0.6879,988.47,459.88,0.6804,1022.64,504.29,0.7326,978.71,507.71,0.7043,1024.59,547.72,0.8414,958.71,536.01,0.7446
222,bottom,0,850.42,663.06,1038.93,886.37,956.95,681.44,0.9331,955.72,679.60,0.6715,957.56,680.21,0.5671,945.90,684.51,0.7561,964.31,688.19,0.7206,925.04,708.44,0.8233,973.52,712.74,0.8616,908.47,735.44,0.8074,980.88,749.55,0.7520,874.72,747.10,0.8786,961.86,756.30,0.3212,940.99,778.39,0.7342,969.84,775.33,0.7700,943.45,816.44,0.8030,997.45,815.21,0.8404,961.86,863.07,0.8647,1021.38,860.01,0.8668
223,top,0,924.79,367.95,1039.91,567.30,999.87,383.43,0.8736,1003.76,380.51,0.8434,996.46,380.02,0.8474,1010.09,385.37,0.8183,990.62,384.89,0.8433,1022.74,406.30,0.8189,975.53,406.30,0.7751,1031.02,432.10,0.7451,963.85,434.53,0.7542,1033.45,459.84,0.7749,954.12,464.22,0.7322,1009.60,462.76,0.7038,982.83,462.76,0.6769,1018.85,505.59,0.7583,966.29,506.56,0.6811,1024.69,546.95,0.8527,941.95,533.81,0.7329
223,bottom,1,853.74,658.03,1009.82,887.00,945.75,676.92,0.6909,941.28,674.68,0.5082,946.31,674.68,0.4910,936.25,680.28,0.6851,954.70,682.51,0.5838,918.36,705.43,0.8359,963.08,708.78,0.8061,915.01,737.85,0.7833,968.67,746.24,0.7570,879.79,748.47,0.8087,948.55,741.77,0.3938,933.46,775.31,0.6761,961.41,771.39,0.7094,939.05,821.14,0.7912,979.85,817.23,0.7584,959.17,863.63,0.8256,999.42,864.19,0.8308
224,top,0,908.19,370.16,1038.03,566.78,992.31,384.95,0.8954,995.67,382.07,0.8348,988.47,381.59,0.8792,1002.39,386.39,0.8214,982.71,385.91,0.8628,1014.88,407.51,0.8344,968.31,407.99,0.7789,1024.00,433.91,0.7573,955.35,436.79,0.7348,1026.88,462.71,0.7379,946.23,466.07,0.6954,1004.32,464.15,0.7026,975.51,464.63,0.6625,1014.88,505.91,0.7403,953.43,506.39,0.6485,1024.00,546.72,0.8387,929.43,534.24,0.6869
224,bottom,1,858.47,655.45,991.40,899.49,937.45,674.40,0.6991,934.47,672.61,0.5633,938.04,672.61,0.5173,930.89,677.38,0.7186,948.17,679.16,0.6273,913.62,705.97,0.8011,955.32,705.97,0.8271,917.19,742.91,0.7665,945.79,729.81,0.5301,882.63,750.06,0.7299,912.42,719.08,0.5381,925.53,773.90,0.6787,951.75,770.32,0.7206,930.30,824.54,0.7808,962.47,817.98,0.7748,949.96,863.27,0.7767,978.56,868.03,0.7961
225,top,0,896.04,369.10,1039.02,566.72,983.45,385.89,0.9236,987.31,382.51,0.8823,979.59,382.03,0.8794,993.59,386.85,0.8405,973.81,386.85,0.8728,1006.61,408.08,0.8524,959.33,409.53,0.7935,1015.78,435.10,0.7598,946.30,437.99,0.7571,1019.16,465.01,0.7181,937.62,469.35,0.6970,996.96,465.01,0.7042,968.02,464.05,0.6680,1009.99,505.54,0.7467,939.55,502.65,0.6980,1023.98,547.52,0.8448,919.77,534.01,0.7210
225,bottom,1,861.78,657.67,972.24,892.37,924.46,675.89,0.7039,923.32,673.60,0.5946,925.61,673.60,0.5323,923.32,680.47,0.6857,938.21,680.47,0.5556,911.28,711.41,0.7636,943.37,703.97,0.7944,915.29,749.81,0.7967,921.60,721.73,0.5767,880.91,753.24,0.7563,896.38,717.14,0.6543,921.60,777.31,0.6965,945.09,773.87,0.7389,915.87,825.44,0.7756,944.52,823.15,0.7629,937.07,866.12,0.7205,960.56,873.00,0.7956
226,top,0,893.44,369.07,1038.89,566.77,974.37,385.86,0.8940,978.23,382.97,0.8899,970.51,382.97,0.8597,983.54,387.79,0.8604,964.72,387.31,0.8680,997.06,408.07,0.8336,950.24,409.52,0.7821,1006.71,434.62,0.8068,936.72,437.99,0.7754,1012.02,464.06,0.7777,928.52,467.92,0.6974,987.89,466.47,0.7166,958.44,465.51,0.6791,1004.78,505.57,0.7661,933.34,502.19,0.7385,1023.61,548.05,0.8669,913.07,535.01,0.7870
226,bottom,1,856.89,662.90,959.21,908.30,908.65,678.96,0.7393,912.84,677.16,0.6877,911.04,676.56,0.5734,917.63,686.15,0.6578,924.23,685.55,0.5064,906.25,716.10,0.7550,929.02,709.51,0.6969,911.04,756.24,0.7886,908.65,723.29,0.6208,877.49,757.44,0.7261,885.28,704.72,0.6883,915.84,783.80,0.7052,938.60,782.01,0.7386,893.67,825.15,0.7313,929.02,825.15,0.7149,918.83,872.48,0.7711,948.79,885.06,0.8341
227,top,0,892.06,372.33,1037.68,565.25,965.34,386.31,0.8696,969.61,383.00,0.8157,961.55,383.00,0.8213,975.30,387.74,0.8132,955.39,387.26,0.8109,987.62,408.59,0.7851,941.17,409.54,0.7657,997.58,434.19,0.7629,927.42,437.98,0.7755,1004.69,463.58,0.7858,919.37,469.26,0.7101,980.04,464.52,0.6816,950.65,464.52,0.6630,999.47,504.34,0.7582,926.48,499.60,0.7187,1021.28,546.53,0.8660,911.31,536.10,0.8148
227,bottom,1,853.77,667.64,953.28,908.32,897.06,687.50,0.7979,901.18,685.15,0.7012,898.83,684.56,0.6056,908.81,694.55,0.6694,915.28,693.96,0.5031,901.18,728.04,0.7712,918.80,717.47,0.6914,906.46,767.41,0.7984,897.06,718.64,0.5746,873.56,760.36,0.7714,879.43,695.14,0.6982,909.40,791.51,0.6791,930.56,788.57,0.7267,871.80,826.76,0.8168,919.39,833.81,0.7594,897.65,878.47,0.7165,947.60,891.99,0.8621
228,top,0,892.05,371.08,1035.04,564.37,957.41,385.62,0.8699,961.19,382.78,0.8434,953.63,382.31,0.8423,966.85,387.50,0.8181,947.50,387.50,0.8477,979.59,408.27,0.7732,932.40,408.74,0.7940,989.50,433.28,0.7291,919.19,437.05,0.7789,997.05,461.59,0.7240,911.16,467.73,0.6959,972.51,462.53,0.6685,942.78,462.53,0.6771,994.22,503.12,0.7477,918.71,497.46,0.7088,1017.34,545.12,0.8447,910.69,535.68,0.8203
228,bottom,1,845.03,672.93,957.38,913.18,887.13,696.28,0.8249,891.24,693.93,0.7295,888.89,693.34,0.6149,900.03,703.32,0.6979,907.66,701.56,0.4153,895.93,737.34,0.7745,909.42,725.60,0.7405,900.62,774.29,0.8349,888.89,710.35,0.4914,869.53,762.56,0.7565,875.40,686.89,0.5680,901.21,798.34,0.7163,920.56,796.58,0.7298,854.28,830.60,0.8391,917.04,841.74,0.7743,874.81,888.08,0.8229,947.54,896.29,0.8999
229,top,0,892.85,368.84,1027.11,563.02,950.50,383.44,0.8633,953.82,380.60,0.8270,946.71,380.13,0.8562,959.98,384.87,0.8505,941.02,385.34,0.8335,972.78,405.25,0.7620,925.85,406.67,0.7940,982.74,430.38,0.7165,912.57,434.17,0.8020,991.27,460.24,0.7031,904.04,463.56,0.7355,967.09,458.35,0.6752,937.23,459.30,0.6818,988.43,500.07,0.7465,915.42,498.17,0.7258,1011.66,543.21,0.8514,910.20,536.10,0.8183
229,bottom,1,820.53,677.76,957.10,921.17,878.71,703.79,0.8246,882.87,701.41,0.7318,880.50,700.81,0.6452,890.60,710.92,0.6991,894.16,709.13,0.4093,889.41,745.38,0.7188,898.32,734.69,0.6439,892.98,781.63,0.7753,885.84,766.18,0.4262,866.83,760.24,0.7191,870.39,759.05,0.2287,889.41,803.62,0.6767,909.62,801.84,0.6910,841.27,838.09,0.8330,914.96,845.81,0.7467,851.38,901.67,0.8260,947.65,896.33,0.8271
230,top,1,891.60,363.86,1020.58,560.52,945.53,379.13,0.8546,948.89,375.77,0.8157,941.69,375.77,0.8660,955.13,380.57,0.8492,935.93,380.57,0.8249,968.57,400.74,0.7698,921.52,402.18,0.7928,978.18,423.78,0.7613,908.08,429.06,0.7976,984.90,454.03,0.7689,898.96,458.35,0.7348,963.77,454.99,0.6851,934.49,456.43,0.6872,981.06,496.76,0.7265,918.16,495.80,0.7179,1003.62,539.49,0.8367,910.48,535.65,0.8067
230,bottom,0,796.37,656.77,956.82,934.24,870.49,708.79,0.8571,875.24,706.76,0.7688,871.85,704.73,0.7044,883.37,716.24,0.7507,882.01,710.82,0.4600,881.33,748.08,0.7663,880.66,735.21,0.6485,883.37,778.57,0.5503,875.91,710.15,0.4676,870.49,797.54,0.3818,867.11,677.63,0.4186,877.95,804.99,0.8257,896.91,802.96,0.7981,832.56,850.38,0.9036,912.49,845.63,0.8226,826.46,912.70,0.9327,946.37,893.73,0.8870
231,top,0,889.30,357.99,1012.83,558.34,941.28,374.03,0.8491,945.20,370.61,0.8182,937.86,370.61,0.8775,951.56,375.50,0.8544,931.99,375.50,0.8268,964.76,395.55,0.7736,918.78,397.02,0.8002,975.52,420.50,0.7707,906.06,424.41,0.8112,980.90,449.85,0.7841,895.79,452.30,0.7761,961.83,449.85,0.7023,932.97,451.32,0.6874,976.99,491.92,0.7408,920.25,492.90,0.7175,997.05,535.94,0.8424,910.47,534.47,0.8170
231,bottom,1,775.57,700.59,954.17,943.96,862.49,714.73,0.6893,868.43,714.14,0.6499,864.87,711.76,0.5562,876.16,727.21,0.6395,873.78,723.64,0.4270,872.59,756.32,0.6213,862.49,742.66,0.4766,855.36,789.60,0.4293,869.03,769.99,0.3626,845.26,783.65,0.4603,863.68,670.17,0.2891,866.06,808.01,0.6204,885.07,803.26,0.6185,829.81,860.30,0.7133,906.46,844.26,0.6764,809.02,920.90,0.7384,940.92,887.04,0.7174
232,top,0,887.12,353.99,1004.15,556.33,938.23,369.70,0.8405,941.68,366.74,0.8231,934.27,366.24,0.8601,948.11,371.18,0.8348,928.84,370.69,0.8433,961.94,390.94,0.7639,916.00,392.43,0.7983,973.79,415.15,0.7600,905.13,420.09,0.7999,978.24,446.27,0.7698,893.77,449.23,0.7646,958.97,445.78,0.7042,930.32,447.26,0.6901,972.81,488.75,0.7384,917.48,488.75,0.7157,991.08,533.21,0.8369,910.07,532.72,0.8430
232,bottom,1,768.47,711.06,950.15,952.66,853.39,724.22,0.7005,859.90,724.22,0.6197,855.76,721.85,0.5648,867.59,735.46,0.6591,866.41,733.09,0.4255,862.27,761.48,0.6056,854.58,749.65,0.4663,849.25,771.53,0.4259,865.22,725.40,0.4316,820.27,774.49,0.6167,859.90,703.52,0.4868,854.58,817.66,0.6538,871.14,812.34,0.6219,825.60,873.26,0.7271,895.38,846.64,0.6474,797.80,929.44,0.7462,934.42,881.54,0.7566
233,top,0,885.69,350.90,997.96,554.60,935.36,367.21,0.8480,939.34,364.23,0.8403,931.88,363.73,0.8658,945.31,368.71,0.8398,925.91,368.21,0.8543,959.73,388.10,0.7658,913.98,389.59,0.7904,972.66,410.98,0.7656,903.53,416.95,0.7848,975.64,441.81,0.7673,892.09,445.79,0.7684,956.25,442.31,0.7029,928.40,443.30,0.6947,969.18,486.07,0.7459,914.47,486.07,0.7265,986.09,527.85,0.8012,907.01,530.34,0.8329
233,bottom,1,769.93,720.23,941.41,968.32,845.37,738.89,0.6481,849.01,738.28,0.6037,847.19,737.07,0.5873,854.46,748.58,0.6021,859.30,746.76,0.4502,839.92,772.20,0.5294,866.57,764.93,0.5458,807.82,766.14,0.3964,852.04,758.27,0.3672,796.92,763.12,0.6261,851.43,763.72,0.4247,843.56,833.38,0.6724,861.73,827.32,0.6328,815.09,887.89,0.7310,877.48,852.15,0.5877,792.07,943.61,0.7517,925.93,879.41,0.7015
234,top,0,884.56,350.60,995.50,552.48,932.64,365.79,0.8379,936.58,362.83,0.8331,929.19,362.83,0.8649,942.49,367.26,0.8515,923.76,367.26,0.8512,956.79,386.98,0.7631,911.94,388.46,0.8038,972.07,410.14,0.7753,902.08,416.55,0.7811,974.04,440.70,0.7714,891.24,445.14,0.7687,954.32,440.70,0.7188,926.23,441.19,0.7132,966.64,485.55,0.7525,910.95,484.57,0.7442,983.89,524.49,0.7916,901.59,527.94,0.7974
234,bottom,1,752.22,729.09,928.90,978.62,836.30,749.07,0.7203,841.17,747.85,0.6919,837.51,745.42,0.6664,848.48,759.43,0.6689,841.78,755.16,0.4391,855.79,781.36,0.4963,826.55,775.88,0.4746,804.01,774.66,0.2715,800.96,772.22,0.4526,777.20,762.47,0.3848,776.59,758.82,0.4177,837.51,844.72,0.6435,849.70,840.45,0.5847,804.62,895.28,0.7341,861.27,863.60,0.6159,780.25,955.59,0.7448,911.23,880.66,0.6991
235,top,1,881.53,352.61,994.82,551.02,929.94,367.04,0.8488,933.81,364.14,0.8334,926.55,363.65,0.8754,940.11,368.50,0.8635,921.22,368.01,0.8468,954.64,387.87,0.7618,910.08,388.84,0.8103,971.60,409.67,0.7862,900.87,416.94,0.7802,972.08,440.67,0.7593,890.70,446.00,0.7876,953.19,440.67,0.7298,924.61,440.19,0.7085,963.85,483.78,0.7677,907.17,482.33,0.7423,983.22,525.44,0.7815,896.03,526.41,0.8052
235,bottom,0,726.30,715.01,913.97,980.05,825.95,760.18,0.7589,829.19,759.53,0.7070,827.90,758.24,0.6127,835.66,769.24,0.6882,842.13,767.94,0.4844,819.48,791.24,0.5519,847.31,782.82,0.5636,776.78,783.47,0.5482,844.07,759.53,0.4123,747.01,753.06,0.6320,835.01,736.24,0.6642,831.13,853.35,0.7078,844.07,848.82,0.6433,794.25,891.53,0.7251,844.72,876.00,0.5389,776.78,953.65,0.7843,893.90,888.94,0.7114
236,top,0,869.24,353.42,993.64,551.75,927.08,369.79,0.9075,931.44,366.40,0.8958,923.69,365.91,0.8898,937.25,371.24,0.8737,918.85,370.27,0.8950,952.26,390.61,0.7703,908.20,392.06,0.7977,970.18,411.91,0.8153,899.97,419.66,0.7890,970.66,441.45,0.7801,889.80,448.71,0.7845,951.78,441.93,0.7355,923.21,441.45,0.7080,962.91,484.06,0.7727,902.87,482.12,0.7521,982.28,525.70,0.7958,888.83,523.28,0.8225
236,bottom,1,749.84,725.59,900.79,979.23,819.12,765.10,0.7854,822.84,763.24,0.6882,820.36,762.62,0.6256,830.27,771.91,0.6515,833.99,772.53,0.4138,818.50,796.68,0.5986,838.94,787.39,0.5738,793.73,802.87,0.4848,836.46,765.71,0.4101,765.87,797.30,0.6104,829.03,742.18,0.5749,823.46,856.74,0.6898,838.32,851.79,0.6172,786.92,893.28,0.7618,832.13,883.99,0.5403,775.78,953.96,0.8304,883.52,898.23,0.6646
237,top,0,860.59,357.34,993.22,552.42,925.00,373.91,0.9231,928.81,370.58,0.8691,921.19,370.10,0.8834,935.00,375.34,0.8927,915.95,374.39,0.8865,950.24,394.87,0.7800,906.42,396.77,0.7940,968.34,417.25,0.8369,899.28,423.45,0.7878,968.82,448.21,0.7889,888.32,452.50,0.7627,950.72,444.88,0.7127,921.66,444.88,0.6904,962.15,485.84,0.7486,898.80,483.46,0.7344,983.10,529.66,0.8385,880.70,522.51,0.7922
237,bottom,1,734.03,744.77,893.43,978.66,813.16,766.92,0.7504,817.16,765.78,0.7224,814.30,764.64,0.6136,824.58,775.49,0.6694,829.15,773.78,0.4127,812.02,801.19,0.5810,832.00,790.91,0.5106,785.18,818.89,0.5419,829.15,772.63,0.2532,754.34,820.60,0.6011,822.30,745.79,0.3628,821.72,858.86,0.6023,837.14,852.58,0.5174,783.47,892.55,0.6996,826.86,885.13,0.5180,775.47,955.37,0.7393,877.12,906.26,0.6684
238,top,1,850.70,364.00,995.45,552.82,921.66,379.72,0.9069,925.43,375.95,0.8422,917.89,376.42,0.8602,931.55,380.66,0.8810,912.71,380.66,0.8434,947.10,400.45,0.7740,904.70,402.81,0.7819,965.48,422.13,0.8516,898.10,428.72,0.7744,968.31,452.28,0.7980,885.85,457.47,0.7427,949.46,448.98,0.7097,920.25,448.98,0.6782,962.65,489.51,0.7615,892.45,487.15,0.7169,983.39,531.91,0.8385,872.18,521.08,0.8220
238,bottom,0,747.29,739.28,894.35,978.89,808.53,763.15,0.7089,811.46,760.81,0.6347,809.12,760.22,0.6337,817.31,768.41,0.6159,816.14,767.24,0.4348,807.36,798.25,0.6121,830.18,784.79,0.4799,788.06,831.00,0.5846,844.80,783.04,0.4043,763.49,840.95,0.6751,819.65,828.66,0.3056,819.65,854.40,0.6149,836.03,849.14,0.5741,783.38,894.77,0.7497,829.01,883.65,0.5330,775.19,956.19,0.7621,876.39,911.15,0.7013
239,top,0,845.26,367.68,995.71,553.43,916.56,383.17,0.9263,920.48,379.26,0.8784,912.65,379.26,0.8917,927.34,384.15,0.9071,908.24,383.66,0.8642,943.01,406.19,0.7674,900.40,406.68,0.8039,961.13,426.27,0.8466,895.01,430.68,0.7790,965.54,457.13,0.7895,882.77,458.59,0.7527,945.95,454.19,0.7221,916.56,453.70,0.6924,961.62,492.88,0.7535,887.67,487.49,0.7255,983.17,532.06,0.8422,868.57,521.77,0.8278
239,bottom,1,753.28,733.73,894.75,979.18,804.24,755.78,0.6595,804.84,753.38,0.6248,805.44,753.38,0.5680,809.64,761.17,0.6309,818.62,759.38,0.5118,801.85,797.13,0.6733,828.21,778.55,0.5181,795.85,834.28,0.6383,844.99,780.95,0.4166,776.08,852.26,0.6713,824.62,831.29,0.2581,820.42,849.26,0.6286,838.40,843.27,0.6246,784.47,893.61,0.7663,833.01,876.83,0.5928,775.48,955.93,0.7889,876.75,910.98,0.7162
240,top,0,845.15,366.89,995.20,552.30,909.92,381.93,0.9200,913.83,378.51,0.8529,906.50,378.51,0.8954,920.18,383.40,0.9084,902.11,382.42,0.8636,935.32,405.87,0.7585,894.29,402.94,0.8467,953.88,424.92,0.8420,890.87,426.87,0.7992,958.28,454.71,0.7461,879.15,453.73,0.7881,937.28,452.76,0.7171,908.95,451.78,0.6888,954.86,492.81,0.7600,880.62,484.51,0.7260,982.70,532.37,0.8322,871.82,525.05,0.8492
240,bottom,1,754.54,725.10,896.58,979.21,805.08,747.31,0.6807,804.46,745.45,0.5666,805.08,745.45,0.5326,803.84,751.65,0.6410,818.11,748.55,0.5797,801.36,791.35,0.6936,828.66,764.68,0.6483,804.46,826.72,0.5900,846.65,773.36,0.6121,796.40,854.64,0.5801,828.04,767.78,0.3760,823.07,843.47,0.6360,841.07,836.02,0.6512,788.33,891.86,0.7727,838.58,868.91,0.6481,776.54,955.76,0.7769,878.91,910.47,0.7520
241,top,1,845.03,362.26,992.36,551.09,900.95,378.98,0.8643,905.26,375.63,0.8018,898.07,375.63,0.8158,912.46,380.90,0.8900,893.75,380.42,0.7765,925.88,403.44,0.7538,887.04,396.73,0.8932,945.55,421.67,0.8386,883.68,420.71,0.8284,948.43,452.36,0.7096,872.17,446.61,0.8208,926.84,452.84,0.7299,899.03,449.48,0.7583,944.59,493.13,0.6978,870.73,481.62,0.8290,978.64,530.53,0.8110,871.21,524.78,0.8336
241,bottom,0,756.09,714.57,893.74,977.49,802.45,738.19,0.6891,801.81,736.91,0.5966,803.09,736.27,0.5575,801.16,743.33,0.6774,817.85,740.12,0.6209,798.60,785.69,0.7653,829.41,753.60,0.7497,810.15,819.71,0.6729,848.67,765.15,0.7565,809.51,851.17,0.5447,830.69,756.81,0.4872,827.48,839.61,0.7003,845.46,829.99,0.7124,796.03,889.68,0.7941,848.67,862.72,0.6954,779.34,953.87,0.7946,878.83,907.66,0.7977
242,top,1,843.99,360.51,986.30,550.24,892.45,375.70,0.8694,897.08,371.99,0.8318,889.20,371.53,0.8206,903.56,377.09,0.8951,884.11,375.70,0.7507,914.68,399.79,0.7292,879.48,392.38,0.8876,935.99,419.24,0.8281,876.23,416.46,0.8320,934.14,448.43,0.7165,862.34,441.94,0.8214,914.68,451.21,0.7251,890.13,447.04,0.7758,929.50,492.90,0.6651,862.80,477.61,0.8285,968.42,528.57,0.7921,868.82,522.08,0.8232
242,bottom,0,756.43,705.78,894.17,974.04,801.72,729.88,0.6997,801.07,727.26,0.6376,802.38,727.26,0.5722,802.38,734.46,0.6630,818.75,731.19,0.6342,799.10,776.38,0.7389,831.85,746.91,0.7425,811.55,811.09,0.6773,850.84,760.66,0.7585,813.51,843.19,0.5551,830.54,747.56,0.5068,830.54,832.71,0.7048,849.53,822.23,0.7291,800.41,885.76,0.7780,854.77,858.90,0.7674,784.04,951.25,0.7822,881.63,905.41,0.8134
243,top,1,843.17,360.03,961.53,544.52,881.18,374.80,0.8354,886.13,371.65,0.7776,879.38,370.75,0.7864,893.79,377.05,0.8285,874.87,375.25,0.6607,906.40,399.57,0.7533,870.82,391.01,0.8889,924.87,420.74,0.8202,869.02,415.34,0.8197,918.11,449.57,0.7018,853.25,439.66,0.8149,905.05,448.22,0.7131,882.53,442.81,0.7639,910.91,491.01,0.6850,854.15,471.19,0.8335,949.19,525.24,0.8097,864.06,517.13,0.8134
243,bottom,0,761.06,699.89,897.87,969.26,803.82,724.09,0.7824,803.16,721.46,0.7111,803.82,721.46,0.6110,802.51,728.03,0.7441,820.26,724.74,0.6759,799.22,771.44,0.8068,833.41,741.19,0.8179,811.71,808.27,0.7182,854.46,760.91,0.8534,811.06,843.12,0.6461,832.10,758.94,0.5084,832.10,828.65,0.7425,854.46,818.13,0.7677,800.53,881.26,0.8417,857.75,855.62,0.8162,791.98,949.00,0.8311,884.71,904.28,0.8161
244,top,1,827.15,362.54,928.62,543.00,871.28,374.35,0.7800,876.12,371.71,0.7123,869.07,370.83,0.7538,884.05,376.99,0.7658,865.11,375.23,0.7138,895.51,399.46,0.7698,861.59,391.53,0.7663,911.37,425.90,0.8234,860.70,415.32,0.7668,898.15,449.69,0.7330,844.40,438.67,0.7671,898.59,442.64,0.6718,876.56,439.55,0.6818,892.87,483.17,0.7165,847.05,466.43,0.8114,921.50,521.50,0.6786,858.06,510.92,0.7754
244,bottom,0,779.87,697.02,902.46,965.36,809.72,719.82,0.8285,809.72,717.19,0.6768,807.10,717.85,0.5498,805.79,723.09,0.8083,823.48,721.78,0.6624,800.55,767.64,0.8265,839.86,741.44,0.8209,810.38,806.95,0.7238,859.51,764.37,0.8539,809.06,842.33,0.6654,837.89,774.85,0.4708,833.96,825.95,0.7272,858.20,818.09,0.7619,797.93,877.05,0.8509,860.82,856.09,0.7783,808.41,944.53,0.8340,889.65,903.91,0.8185
245,top,1,827.22,362.99,909.25,535.50,861.50,375.96,0.7369,865.71,373.44,0.6288,859.39,372.59,0.6982,874.13,378.49,0.7143,856.02,377.23,0.5890,885.50,401.23,0.7874,853.92,393.65,0.7574,897.72,431.98,0.7881,853.07,417.66,0.7550,878.76,450.09,0.6474,835.81,439.56,0.7843,893.08,442.51,0.7210,869.92,439.14,0.6869,878.76,479.57,0.7287,840.02,466.09,0.8133,898.98,521.26,0.7182,851.39,508.21,0.7847
245,bottom,0,785.80,694.12,908.30,965.09,814.63,717.80,0.8817,814.63,715.16,0.6854,811.99,715.82,0.5860,808.68,721.11,0.8323,826.54,719.79,0.7100,802.73,764.77,0.8598,844.40,742.28,0.8294,808.68,806.45,0.7390,865.57,772.05,0.8594,804.05,840.85,0.6812,851.02,790.57,0.6074,834.48,826.30,0.7303,858.96,818.36,0.7524,797.43,878.56,0.8635,863.59,856.73,0.7458,822.57,942.07,0.8339,894.68,902.37,0.8271
246,top,1,815.65,361.73,900.42,547.02,853.06,377.93,0.7437,856.68,375.21,0.6912,850.35,373.85,0.7412,864.82,380.19,0.7808,846.73,379.28,0.6777,874.77,404.16,0.7655,847.18,397.38,0.7475,884.73,435.38,0.7417,848.54,420.00,0.7066,860.75,447.14,0.5244,829.08,439.90,0.7398,886.53,443.97,0.7384,863.92,440.35,0.6431,868.44,480.61,0.7701,834.06,467.04,0.8047,877.94,529.47,0.7862,839.49,505.49,0.7887
246,bottom,0,792.53,693.80,915.03,969.53,820.12,717.90,0.8931,820.12,714.54,0.6703,816.76,715.21,0.6079,812.04,720.59,0.8567,832.24,719.25,0.7602,804.64,762.33,0.8835,849.74,744.83,0.8463,807.33,804.74,0.7820,872.63,777.14,0.8701,802.62,835.71,0.7581,861.18,801.37,0.7355,832.91,827.63,0.7444,859.84,820.90,0.7346,805.31,884.85,0.8422,865.22,857.92,0.7586,825.51,946.78,0.8391,898.21,903.69,0.8027
247,top,1,800.01,361.46,893.27,547.64,844.37,376.82,0.7706,848.91,373.64,0.7291,841.64,372.27,0.7835,856.64,379.09,0.7996,838.00,377.73,0.6340,863.00,405.00,0.7930,839.82,397.27,0.7722,868.00,438.18,0.7254,843.00,423.18,0.6601,835.73,444.09,0.6061,821.64,439.55,0.5264,877.55,448.64,0.7709,857.55,445.00,0.6486,858.46,484.09,0.7591,825.73,467.27,0.7392,875.73,530.91,0.7765,827.09,501.82,0.7899
247,bottom,0,794.55,692.28,917.82,969.64,827.07,717.88,0.8928,825.04,714.49,0.6547,827.75,714.49,0.5880,817.59,720.58,0.8719,839.26,719.91,0.8059,807.43,758.50,0.9067,856.87,746.32,0.8546,807.43,801.84,0.7840,879.21,778.82,0.8483,802.02,832.99,0.7774,869.05,806.58,0.7510,833.84,830.28,0.7654,862.28,825.54,0.7566,810.14,885.81,0.8467,869.05,860.08,0.7780,827.75,948.11,0.8435,901.56,908.83,0.8169
248,top,1,792.49,360.11,885.40,548.26,833.43,376.09,0.7619,838.03,373.34,0.6897,831.60,371.96,0.7492,847.21,378.39,0.7693,828.38,377.01,0.5835,852.27,402.28,0.7851,833.89,398.14,0.7127,855.94,435.81,0.7308,838.95,424.33,0.5847,823.33,436.73,0.5266,817.82,434.89,0.4505,868.80,449.59,0.7467,849.05,445.46,0.6386,850.89,488.64,0.7223,820.57,468.88,0.7213,874.78,530.90,0.7813,815.06,499.66,0.7767
248,bottom,0,796.30,688.79,922.13,969.79,834.52,712.66,0.8394,832.46,709.23,0.6399,835.89,709.23,0.5866,825.60,716.09,0.8204,845.50,715.41,0.8340,811.88,752.45,0.9141,864.71,744.22,0.8423,810.51,797.05,0.8030,884.60,777.84,0.8378,803.65,830.66,0.8052,872.94,804.59,0.7404,835.89,825.86,0.7462,864.71,821.06,0.7422,814.63,883.49,0.8214,874.31,860.16,0.7882,826.98,945.91,0.8517,901.07,912.30,0.8005
249,top,1,783.15,357.88,889.74,549.40,823.82,374.15,0.7655,827.56,371.34,0.6469,821.95,370.88,0.7302,836.91,375.55,0.7066,819.61,375.09,0.5318,842.05,399.40,0.7829,827.09,395.66,0.6941,844.39,431.19,0.6920,833.17,421.84,0.4861,812.13,430.73,0.6072,815.87,429.32,0.3146,857.95,449.90,0.7036,840.65,446.62,0.6196,844.39,491.04,0.7320,814.00,468.13,0.7060,874.32,529.85,0.7731,806.99,497.59,0.7665
249,bottom,0,798.41,684.22,920.92,965.72,842.48,707.45,0.8726,839.73,704.01,0.6170,842.48,704.01,0.6177,832.86,710.20,0.8037,853.48,710.20,0.8162,818.43,745.25,0.9033,872.03,738.37,0.8380,815.68,789.23,0.7987,889.22,775.49,0.8378,807.43,826.34,0.7790,877.53,800.23,0.6912,838.36,820.84,0.7435,868.60,816.72,0.7518,821.18,877.20,0.8128,884.41,859.33,0.7782,825.99,941.11,0.8647,905.71,911.56,0.8062
250,top,1,775.52,352.69,886.13,550.17,816.37,368.02,0.7194,821.19,365.61,0.6041,813.96,364.65,0.6938,827.94,370.43,0.6851,811.06,369.95,0.6236,831.31,393.58,0.8067,817.81,390.68,0.7312,835.17,425.40,0.7469,824.56,417.20,0.5302,803.35,422.50,0.6794,807.21,422.99,0.3005,845.78,447.09,0.6732,829.38,444.20,0.6139,840.95,489.04,0.7526,805.76,464.93,0.7280,872.29,529.05,0.8147,803.35,499.16,0.7934
250,bottom,0,799.74,677.49,920.10,961.32,850.22,702.30,0.8089,848.14,698.14,0.5585,850.91,698.83,0.5843,840.52,705.07,0.8098,861.31,705.07,0.8108,823.89,739.02,0.8989,879.32,735.56,0.8314,820.42,782.68,0.8144,895.96,773.67,0.8522,812.80,822.18,0.7617,879.32,795.85,0.6172,841.91,815.25,0.7232,872.39,811.09,0.7336,823.89,871.38,0.8161,893.18,858.21,0.8029,825.27,931.66,0.8360,907.04,912.95,0.8372
251,top,1,766.45,347.77,881.57,548.80,806.83,362.40,0.7432,810.27,359.94,0.6282,804.87,358.96,0.6820,818.12,364.85,0.7036,803.89,364.36,0.5697,821.06,387.43,0.7961,809.78,384.97,0.7081,824.99,418.35,0.7478,812.72,410.00,0.5064,794.56,410.49,0.7317,792.11,413.44,0.4081,834.81,442.40,0.7155,818.61,440.43,0.6649,840.20,486.57,0.7472,794.56,462.52,0.7790,869.16,526.32,0.8167,799.47,499.82,0.7880
251,bottom,0,807.96,668.55,921.89,951.29,857.33,698.78,0.8559,854.57,695.33,0.5872,858.02,694.64,0.6026,847.67,702.23,0.7960,868.38,702.92,0.8141,829.72,735.37,0.9235,884.95,733.30,0.8835,825.58,776.09,0.8399,900.82,774.02,0.8926,819.37,817.51,0.7751,882.87,789.90,0.6347,845.60,811.30,0.7737,876.66,808.54,0.7825,824.20,867.21,0.8436,895.99,856.17,0.8575,829.03,917.60,0.8886,907.72,914.15,0.8894
252,top,1,758.62,338.44,877.06,546.31,798.55,354.07,0.7288,803.12,351.53,0.6254,797.03,350.52,0.6749,810.73,357.11,0.7231,795.51,356.10,0.5442,813.27,378.43,0.7843,800.58,378.43,0.6708,815.81,406.34,0.7417,791.45,401.77,0.4610,787.39,391.12,0.7415,771.15,393.65,0.5715,825.45,439.33,0.7322,809.72,437.80,0.6578,838.14,480.94,0.7307,785.86,460.64,0.7656,863.51,521.54,0.7946,798.04,499.21,0.7734
252,bottom,0,815.41,666.77,922.96,943.42,863.11,696.36,0.8552,861.08,692.30,0.5711,864.46,692.30,0.6000,852.98,699.73,0.7707,874.59,700.41,0.7917,835.41,732.83,0.9098,890.12,732.15,0.8701,831.36,773.35,0.8334,904.31,772.00,0.8883,823.93,814.55,0.7540,884.04,780.11,0.5575,848.92,808.48,0.7841,880.67,806.45,0.7970,825.96,860.48,0.8546,899.58,856.43,0.8714,834.06,908.44,0.8803,908.36,914.52,0.9098
253,top,0,753.82,328.64,871.81,539.07,791.76,341.38,0.7131,796.38,339.33,0.6321,790.21,338.81,0.6624,804.60,345.49,0.7191,788.16,343.95,0.5709,806.65,366.04,0.8098,792.27,365.53,0.7121,806.65,390.19,0.7675,785.08,383.51,0.5550,785.59,375.29,0.6869,766.58,373.75,0.7298,816.42,426.66,0.7606,800.49,426.66,0.6910,825.15,472.39,0.7338,780.97,459.03,0.7911,859.57,509.38,0.7889,797.92,498.59,0.7421
253,bottom,1,818.22,668.46,922.83,934.73,867.28,695.63,0.8232,865.33,691.08,0.5415,868.58,691.08,0.5842,856.88,698.23,0.7613,877.68,698.23,0.7815,839.32,730.08,0.8915,893.28,730.08,0.8574,834.12,771.04,0.8393,905.63,769.09,0.8650,826.97,810.69,0.7634,888.73,773.64,0.5026,852.33,806.14,0.7688,884.18,804.84,0.7806,826.97,851.00,0.8484,901.73,854.90,0.8611,839.97,902.36,0.8717,908.88,914.06,0.8995
254,top,1,755.63,311.57,866.73,522.90,788.48,330.56,0.7124,793.12,327.46,0.5679,787.44,327.98,0.5794,798.79,334.17,0.6067,784.86,333.14,0.5595,799.83,354.81,0.7860,787.44,355.32,0.7388,801.89,367.71,0.5753,772.48,363.58,0.5635,790.54,340.36,0.5799,762.68,350.17,0.6190,807.57,417.24,0.8073,796.22,416.72,0.7139,812.21,463.67,0.7319,781.77,457.48,0.8115,851.94,496.17,0.8089,797.76,497.72,0.7575
254,bottom,0,819.12,667.99,923.71,931.78,869.48,693.62,0.8165,869.48,689.11,0.5465,870.77,689.11,0.5876,859.18,696.19,0.7573,879.79,696.19,0.7684,841.79,727.75,0.8792,895.24,726.46,0.8473,835.99,770.26,0.8336,906.19,765.11,0.8436,826.98,808.90,0.7734,886.87,760.60,0.4307,855.31,801.82,0.7532,886.87,801.82,0.7716,832.77,843.03,0.8311,903.62,854.63,0.8578,845.65,899.07,0.8176,908.77,912.59,0.8889
255,top,1,763.40,291.43,848.90,513.79,783.35,326.60,0.6507,786.61,323.35,0.5277,779.55,322.80,0.5739,794.21,326.60,0.6108,778.46,328.23,0.5908,799.09,342.35,0.7250,778.46,342.89,0.7522,796.92,328.78,0.6276,764.89,333.66,0.6970,791.49,307.60,0.7667,764.35,313.57,0.7089,799.09,403.15,0.7269,786.06,404.23,0.6988,803.44,449.84,0.6979,788.78,448.75,0.7563,834.92,470.47,0.7351,796.38,493.27,0.7638
255,bottom,0,818.55,667.34,923.46,932.86,869.71,690.54,0.8173,870.36,686.65,0.5619,871.00,686.01,0.5852,859.34,693.14,0.7760,879.43,692.49,0.7875,842.48,725.55,0.8848,896.29,722.31,0.8569,836.00,767.04,0.8549,906.01,759.26,0.8635,825.63,805.93,0.8119,885.27,754.72,0.4379,858.04,798.15,0.7539,888.51,797.51,0.7750,839.89,838.35,0.8114,904.71,852.61,0.8520,850.26,894.10,0.8337,907.96,911.60,0.9024
256,top,3,756.88,259.92,834.87,510.25,781.20,308.08,0.5962,786.09,306.24,0.5441,777.54,305.02,0.5484,794.65,309.30,0.6226,775.70,307.46,0.6017,796.48,325.80,0.6868,774.48,323.36,0.7421,804.43,318.47,0.6535,766.54,309.91,0.5437,794.65,287.91,0.7722,775.70,287.91,0.5812,791.59,388.75,0.6978,777.54,389.36,0.6766,790.37,437.65,0.7361,786.09,437.03,0.7103,792.82,481.04,0.6881,819.71,451.09,0.6371
256,bottom,0,818.29,663.93,922.16,930.59,868.92,687.24,0.7791,868.92,683.33,0.5422,870.87,682.68,0.5725,859.15,689.84,0.7739,879.34,689.19,0.7815,842.88,722.39,0.8603,896.26,718.49,0.8340,835.72,764.06,0.8364,907.98,754.94,0.8522,824.65,803.12,0.8010,889.75,741.27,0.4898,860.46,795.31,0.7225,891.05,794.66,0.7394,848.09,835.67,0.7463,906.03,851.29,0.8080,851.99,885.80,0.8146,907.98,908.58,0.8684
257,top,,,,,,,,,,,,,,,,,,,,,,,,,,,,,,,,,,,,,,,,,,,,,,,,,,,,,,,,
257,bottom,,,,,,,,,,,,,,,,,,,,,,,,,,,,,,,,,,,,,,,,,,,,,,,,,,,,,,,,
258,top,,,,,,,,,,,,,,,,,,,,,,,,,,,,,,,,,,,,,,,,,,,,,,,,,,,,,,,,
258,bottom,,,,,,,,,,,,,,,,,,,,,,,,,,,,,,,,,,,,,,,,,,,,,,,,,,,,,,,,
259,top,,,,,,,,,,,,,,,,,,,,,,,,,,,,,,,,,,,,,,,,,,,,,,,,,,,,,,,,
259,bottom,,,,,,,,,,,,,,,,,,,,,,,,,,,,,,,,,,,,,,,,,,,,,,,,,,,,,,,,
260,top,,,,,,,,,,,,,,,,,,,,,,,,,,,,,,,,,,,,,,,,,,,,,,,,,,,,,,,,
260,bottom,,,,,,,,,,,,,,,,,,,,,,,,,,,,,,,,,,,,,,,,,,,,,,,,,,,,,,,,
261,top,,,,,,,,,,,,,,,,,,,,,,,,,,,,,,,,,,,,,,,,,,,,,,,,,,,,,,,,
261,bottom,,,,,,,,,,,,,,,,,,,,,,,,,,,,,,,,,,,,,,,,,,,,,,,,,,,,,,,,
262,top,,,,,,,,,,,,,,,,,,,,,,,,,,,,,,,,,,,,,,,,,,,,,,,,,,,,,,,,
262,bottom,,,,,,,,,,,,,,,,,,,,,,,,,,,,,,,,,,,,,,,,,,,,,,,,,,,,,,,,
263,top,,,,,,,,,,,,,,,,,,,,,,,,,,,,,,,,,,,,,,,,,,,,,,,,,,,,,,,,
263,bottom,,,,,,,,,,,,,,,,,,,,,,,,,,,,,,,,,,,,,,,,,,,,,,,,,,,,,,,,
264,top,,,,,,,,,,,,,,,,,,,,,,,,,,,,,,,,,,,,,,,,,,,,,,,,,,,,,,,,
264,bottom,,,,,,,,,,,,,,,,,,,,,,,,,,,,,,,,,,,,,,,,,,,,,,,,,,,,,,,,
265,top,,,,,,,,,,,,,,,,,,,,,,,,,,,,,,,,,,,,,,,,,,,,,,,,,,,,,,,,
265,bottom,,,,,,,,,,,,,,,,,,,,,,,,,,,,,,,,,,,,,,,,,,,,,,,,,,,,,,,,
266,top,,,,,,,,,,,,,,,,,,,,,,,,,,,,,,,,,,,,,,,,,,,,,,,,,,,,,,,,
266,bottom,,,,,,,,,,,,,,,,,,,,,,,,,,,,,,,,,,,,,,,,,,,,,,,,,,,,,,,,
267,top,,,,,,,,,,,,,,,,,,,,,,,,,,,,,,,,,,,,,,,,,,,,,,,,,,,,,,,,
267,bottom,,,,,,,,,,,,,,,,,,,,,,,,,,,,,,,,,,,,,,,,,,,,,,,,,,,,,,,,
268,top,,,,,,,,,,,,,,,,,,,,,,,,,,,,,,,,,,,,,,,,,,,,,,,,,,,,,,,,
268,bottom,,,,,,,,,,,,,,,,,,,,,,,,,,,,,,,,,,,,,,,,,,,,,,,,,,,,,,,,
269,top,2,659.98,282.12,813.71,485.72,731.34,298.35,0.6182,735.84,295.35,0.6688,728.84,294.85,0.6459,740.35,300.35,0.7138,722.33,297.35,0.7302,745.85,321.87,0.6903,704.82,317.36,0.7844,769.37,335.88,0.6855,695.31,351.39,0.7178,797.89,343.39,0.6738,695.31,381.42,0.6453,722.83,377.91,0.6596,700.81,373.91,0.6639,714.32,422.45,0.6468,682.80,417.95,0.7097,715.83,465.49,0.7051,677.29,452.48,0.7745
269,bottom,0,794.96,699.65,997.65,886.90,912.14,721.36,0.9166,910.82,718.72,0.6019,914.12,719.38,0.5678,902.24,722.68,0.6998,919.39,723.34,0.7153,884.42,748.41,0.7940,933.25,751.71,0.8633,858.03,781.40,0.7499,950.40,788.00,0.7700,853.41,806.47,0.6294,977.46,818.35,0.8506,889.70,813.73,0.7643,920.05,813.73,0.7941,848.14,823.63,0.8137,955.02,810.43,0.8398,813.17,865.86,0.9206,972.84,863.22,0.8778
270,top,1,655.26,295.67,807.87,487.41,726.60,313.05,0.7367,730.57,310.57,0.7568,723.62,309.08,0.7182,734.55,315.04,0.7096,716.17,311.07,0.8030,740.01,334.41,0.7090,698.78,330.94,0.7820,763.36,347.33,0.7110,691.33,363.23,0.7096,790.68,356.27,0.6771,691.83,393.53,0.6187,719.64,391.54,0.6659,697.79,387.57,0.6821,712.19,435.26,0.7185,678.91,426.81,0.7169,705.24,472.02,0.8093,664.50,463.57,0.8128
270,bottom,0,793.49,701.52,1013.23,886.69,931.97,722.57,0.9090,929.83,719.71,0.6341,934.12,720.42,0.6779,922.67,724.00,0.6972,938.41,726.15,0.7396,901.21,746.89,0.7842,948.43,754.04,0.8664,876.89,783.37,0.7997,962.73,785.52,0.7762,889.77,792.67,0.4545,992.06,815.56,0.8162,897.64,814.13,0.7702,928.40,814.85,0.8040,852.57,828.44,0.7795,963.45,804.12,0.8513,814.66,865.63,0.8925,973.46,861.34,0.8493
271,top,1,652.42,308.74,797.28,485.05,722.96,322.86,0.7503,726.27,320.50,0.7754,719.19,319.56,0.7321,729.09,325.69,0.7288,710.23,322.39,0.7985,734.28,344.08,0.7282,693.73,343.14,0.7879,753.62,358.70,0.7140,686.65,375.67,0.6897,776.72,369.07,0.7137,689.01,404.91,0.6715,716.36,403.50,0.6443,692.78,398.78,0.6778,708.82,445.46,0.6994,671.56,436.98,0.6932,705.05,471.87,0.7569,664.02,467.63,0.8013
271,bottom,0,791.66,701.71,1035.91,887.40,963.08,723.79,0.9382,963.87,721.41,0.6411,965.46,723.00,0.7062,948.77,723.79,0.6524,964.67,729.36,0.7920,926.50,742.88,0.9392,967.85,754.80,0.9535,914.58,767.52,0.6290,981.36,787.40,0.8272,951.15,783.42,0.5245,1009.99,815.23,0.8825,906.63,813.64,0.8813,937.63,816.82,0.9102,861.31,835.90,0.8665,978.18,805.69,0.9268,815.99,866.91,0.9112,975.80,862.14,0.8658
272,top,1,653.77,314.18,773.87,485.53,719.68,329.58,0.8195,723.02,327.48,0.8081,716.33,325.81,0.7812,727.21,332.09,0.7580,708.38,328.32,0.7655,730.55,349.66,0.7340,689.97,350.07,0.7702,740.59,365.14,0.6951,684.12,381.45,0.6691,757.33,381.03,0.7543,684.53,410.32,0.6738,715.07,411.99,0.6663,688.72,407.81,0.7153,708.80,448.80,0.7178,669.47,440.02,0.6980,703.78,473.07,0.7455,664.04,468.47,0.8235
272,bottom,0,791.54,703.85,1058.47,884.97,994.52,726.63,0.9843,995.39,723.16,0.7031,997.13,724.03,0.8276,978.88,724.90,0.8112,994.52,730.11,0.8722,954.55,741.41,0.9502,991.04,755.31,0.9374,946.73,770.95,0.6231,1002.34,790.94,0.8359,978.88,788.33,0.5670,1031.02,818.74,0.9040,920.66,809.18,0.8688,950.20,815.27,0.8533,874.61,836.99,0.8547,996.26,807.45,0.8794,821.60,864.79,0.9343,975.40,859.58,0.9201
273,top,1,646.91,315.71,749.50,486.25,719.85,330.20,0.8567,724.02,328.12,0.8079,716.94,326.46,0.8398,727.77,333.12,0.7113,708.61,328.95,0.8237,729.01,349.77,0.7800,689.88,351.85,0.7384,732.34,368.92,0.6425,683.63,383.49,0.6723,739.42,386.41,0.7005,682.38,411.39,0.6879,716.11,410.56,0.6690,689.46,408.47,0.6130,711.94,446.36,0.6490,667.40,440.12,0.6370,706.12,468.84,0.7772,663.65,467.59,0.8121
273,bottom,0,797.11,709.00,1082.48,881.20,1024.33,733.79,0.9717,1024.33,729.15,0.7297,1025.26,731.94,0.8477,1004.82,728.22,0.8579,1020.61,735.65,0.8926,981.60,744.01,0.9065,1012.25,762.59,0.8760,974.16,774.67,0.5754,1024.33,798.82,0.7894,1001.10,791.39,0.5226,1055.91,825.76,0.8375,936.08,802.53,0.8194,963.02,810.90,0.7817,886.85,833.19,0.8550,1009.46,813.68,0.8617,831.11,859.20,0.8967,976.95,858.27,0.8480
274,top,1,651.02,312.62,738.77,484.38,722.99,327.64,0.8434,726.34,325.12,0.7738,719.63,323.86,0.8217,729.28,329.73,0.6645,710.41,325.54,0.8166,730.53,347.35,0.7116,692.79,346.93,0.7497,726.76,375.86,0.4320,684.41,378.38,0.6864,723.82,399.34,0.3397,681.05,406.47,0.6596,719.21,408.57,0.6945,690.70,408.15,0.6482,720.05,441.69,0.6826,669.73,438.76,0.6697,708.73,470.63,0.7405,664.28,467.27,0.8415
274,bottom,0,815.78,714.41,1104.45,878.16,1051.27,743.67,0.9555,1051.27,738.97,0.7291,1051.27,739.91,0.8985,1030.59,736.15,0.8093,1042.81,743.67,0.9681,1009.92,745.55,0.8346,1032.47,769.98,0.8346,1008.04,784.07,0.5179,1048.45,805.69,0.7800,1030.59,801.93,0.3967,1080.40,830.12,0.7923,952.60,792.53,0.7793,975.15,803.81,0.7304,899.98,827.30,0.8347,1019.32,821.66,0.8163,842.66,851.73,0.8422,980.79,855.49,0.7642
275,top,1,647.08,308.06,739.84,486.67,728.34,323.24,0.8122,731.39,320.19,0.8170,724.85,318.88,0.8042,734.45,324.98,0.6365,715.70,320.62,0.7588,734.01,342.42,0.6932,696.51,341.99,0.7698,727.03,370.33,0.4366,686.48,372.95,0.7008,726.60,393.00,0.3309,679.50,402.16,0.6558,723.11,401.29,0.7106,695.20,401.29,0.6649,727.91,437.48,0.7165,676.89,433.99,0.6882,715.26,469.75,0.7257,664.68,467.13,0.8228
275,bottom,0,837.98,725.30,1130.53,878.97,1074.72,753.57,0.8859,1075.68,748.80,0.6873,1074.72,748.80,0.8523,1058.54,745.95,0.6874,1066.15,752.61,0.8520,1041.39,760.23,0.7172,1053.77,775.47,0.7563,1063.30,806.90,0.5927,1071.87,807.85,0.7094,1097.58,825.94,0.5895,1101.39,830.70,0.7117,971.87,789.75,0.6140,988.06,797.37,0.6225,918.54,821.18,0.5262,1029.97,824.99,0.5881,861.40,844.99,0.6107,984.25,850.70,0.5794
276,top,2,650.17,302.43,746.74,483.95,733.47,318.73,0.8404,737.02,316.08,0.8482,730.81,314.75,0.8060,740.12,320.51,0.6754,721.51,316.08,0.7809,738.35,339.12,0.6968,702.45,336.91,0.7588,730.37,366.60,0.4223,689.60,366.16,0.7531,729.48,386.10,0.2921,679.40,394.08,0.6773,727.27,396.74,0.7388,699.35,396.29,0.6842,734.80,434.85,0.7143,680.73,433.52,0.7258,725.05,466.32,0.7464,666.11,465.87,0.8209
276,bottom,0,861.06,731.94,1150.81,878.09,1097.43,757.85,0.8606,1099.31,754.08,0.6984,1097.43,754.08,0.8367,1083.28,753.14,0.6338,1088.00,758.79,0.8494,1066.30,763.51,0.7149,1076.68,779.55,0.7285,1089.88,801.24,0.6845,1092.71,809.73,0.7098,1122.89,814.44,0.6694,1123.84,833.31,0.7694,988.96,781.43,0.6687,1005.94,794.64,0.6636,940.85,814.44,0.5825,1034.23,830.48,0.6793,883.32,836.14,0.6680,988.96,851.23,0.6606
277,top,0,656.96,300.70,754.04,484.97,739.24,316.81,0.8640,742.84,314.11,0.8457,736.09,312.76,0.8512,745.54,318.61,0.7080,727.54,314.11,0.8181,743.29,337.50,0.6510,706.85,334.35,0.7364,735.19,364.94,0.4047,692.45,363.14,0.7255,732.94,384.29,0.2473,679.41,390.59,0.7024,732.04,394.18,0.7236,703.70,393.74,0.6793,740.59,433.77,0.7124,684.36,431.07,0.7182,734.29,466.61,0.7972,667.71,464.36,0.7950
277,bottom,1,888.49,738.90,1183.67,874.94,1120.64,764.64,0.8392,1121.60,763.68,0.6478,1120.64,761.76,0.7957,1103.34,759.84,0.6629,1110.07,765.60,0.8432,1086.05,765.60,0.7247,1098.54,782.90,0.7295,1114.87,796.35,0.7065,1116.80,811.73,0.6787,1147.54,812.69,0.6555,1147.54,841.51,0.7501,1006.30,773.29,0.7418,1023.59,791.55,0.7064,968.82,809.80,0.7333,1039.93,834.79,0.7854,912.13,829.02,0.7423,992.84,849.20,0.7544
278,top,0,661.69,296.73,760.58,487.40,744.65,315.72,0.8795,747.91,312.46,0.8375,741.39,311.53,0.8587,750.70,316.65,0.6834,731.61,312.93,0.8450,746.98,336.21,0.6722,711.13,333.88,0.7375,737.20,362.74,0.4612,694.84,361.81,0.7035,737.67,383.69,0.3306,679.94,388.81,0.7077,736.27,394.39,0.7355,707.41,394.39,0.6824,746.05,433.96,0.7484,687.86,430.70,0.7346,743.72,471.67,0.8478,671.56,463.75,0.8150
278,bottom,2,912.77,746.31,1209.31,874.28,1144.05,770.71,0.8244,1142.12,769.75,0.6213,1144.05,768.78,0.7671,1126.68,765.89,0.6735,1134.40,771.68,0.8350,1110.27,769.75,0.7118,1120.88,787.12,0.7194,1138.26,797.74,0.6948,1139.23,812.22,0.6657,1173.01,814.15,0.6538,1166.25,845.04,0.7073,1030.15,770.71,0.7373,1042.70,789.06,0.7189,991.54,806.43,0.7408,1044.63,838.29,0.7998,937.48,822.84,0.7498,992.50,848.90,0.7584
279,top,0,662.69,296.34,760.92,486.48,748.48,315.75,0.8662,751.73,312.50,0.8731,745.23,311.57,0.8342,754.51,316.68,0.6768,735.95,312.96,0.8347,751.73,335.24,0.7092,716.45,333.39,0.7447,748.94,362.17,0.5318,698.35,361.24,0.6989,748.01,382.59,0.4330,680.24,387.23,0.7170,740.59,394.20,0.7268,712.27,393.73,0.6864,749.41,432.72,0.7434,692.31,430.40,0.7109,744.30,471.71,0.8645,675.14,464.29,0.8229
279,bottom,2,943.47,749.81,1229.17,874.36,1167.23,774.89,0.8362,1166.30,773.96,0.6186,1167.23,772.10,0.7905,1151.42,769.31,0.7039,1157.93,773.96,0.8454,1134.68,773.03,0.7110,1143.98,789.77,0.7436,1164.44,799.07,0.6378,1154.21,815.81,0.6215,1197.92,818.60,0.5934,1173.74,847.43,0.6994,1055.63,770.24,0.7591,1066.79,789.77,0.7401,1017.50,800.93,0.7218,1049.12,842.78,0.7505,963.56,813.95,0.7761,996.11,847.43,0.7434
280,top,0,664.71,294.57,768.55,486.03,752.62,315.04,0.8835,756.36,311.77,0.8431,749.35,310.83,0.8229,759.17,315.51,0.6750,739.53,312.70,0.8335,755.89,333.74,0.8361,720.84,334.20,0.7737,754.96,358.04,0.7135,701.67,360.85,0.7334,757.30,378.14,0.7196,682.51,386.09,0.7624,743.27,394.04,0.7361,717.10,394.50,0.7037,751.69,432.36,0.7448,698.40,432.83,0.7221,744.68,471.16,0.8678,682.04,462.75,0.8107
280,bottom,2,976.57,753.57,1244.98,871.93,1193.78,781.30,0.9243,1194.66,782.17,0.7269,1193.78,777.80,0.8771,1177.18,776.05,0.6780,1182.43,781.30,0.8984,1159.71,778.67,0.7807,1161.46,795.28,0.8160,1188.54,804.89,0.7516,1164.08,823.23,0.6272,1219.12,827.60,0.7592,1178.06,850.32,0.8277,1082.82,771.68,0.7965,1090.68,791.78,0.8212,1043.50,793.53,0.7550,1056.61,841.58,0.8231,998.07,803.14,0.8115,1001.56,845.08,0.8310
281,top,0,670.41,293.73,780.13,487.36,756.47,314.43,0.9425,759.78,311.13,0.8567,753.16,310.18,0.8723,762.14,314.43,0.6252,743.23,311.60,0.8348,758.83,332.87,0.8779,724.80,332.87,0.7656,759.31,356.98,0.7893,705.89,358.87,0.7541,766.87,376.84,0.8066,687.45,384.40,0.7983,746.07,392.91,0.7587,721.49,393.86,0.7366,751.74,434.04,0.7675,704.94,432.62,0.7470,744.65,471.86,0.8641,687.92,463.35,0.8343
281,bottom,2,990.35,754.84,1252.26,872.43,1215.08,782.94,0.8726,1216.79,781.24,0.7182,1214.23,778.68,0.8070,1197.18,774.42,0.6684,1204.00,779.53,0.8389,1181.84,781.24,0.7836,1180.98,793.17,0.8083,1200.59,810.22,0.7944,1167.34,825.57,0.7230,1225.32,834.10,0.8066,1177.57,851.15,0.8577,1105.96,776.98,0.7053,1110.22,795.73,0.7493,1069.30,792.32,0.6167,1067.59,840.06,0.7479,1026.67,793.17,0.6861,1010.47,840.92,0.7623
282,top,0,681.61,292.74,791.58,486.26,758.80,311.55,0.9199,761.63,308.71,0.9075,755.49,307.29,0.8536,764.00,312.49,0.6901,746.51,309.18,0.8267,761.63,330.44,0.9209,728.09,330.92,0.7963,764.94,354.07,0.8447,709.66,357.37,0.7977,778.17,376.74,0.8516,692.66,382.89,0.8279,747.93,391.39,0.7905,725.26,392.33,0.7633,751.24,433.91,0.7754,711.55,433.91,0.8019,744.15,470.76,0.8817,695.02,463.20,0.8546
282,bottom,1,1004.57,755.03,1251.81,870.48,1232.82,781.37,0.8782,1235.23,779.76,0.6883,1232.82,778.15,0.7846,1216.72,773.32,0.6963,1221.55,778.15,0.8482,1201.43,781.37,0.7906,1199.02,794.24,0.8303,1210.28,806.32,0.8008,1175.68,822.41,0.6776,1227.18,832.88,0.8417,1177.29,848.17,0.8653,1126.58,778.95,0.6804,1128.19,794.24,0.7079,1095.20,791.83,0.4332,1083.93,836.90,0.7569,1058.98,790.22,0.6270,1025.18,838.51,0.7396
283,top,0,688.62,290.93,802.57,487.14,761.88,309.52,0.8962,764.28,305.68,0.8920,758.05,305.20,0.8317,766.67,309.52,0.6433,748.47,307.12,0.8481,764.28,329.16,0.8598,731.22,328.68,0.7550,770.50,353.11,0.8129,713.50,355.98,0.7966,788.23,375.62,0.8452,697.69,381.85,0.8212,748.95,389.51,0.7513,728.35,389.99,0.7436,750.86,432.63,0.8166,718.29,432.63,0.8160,744.16,471.43,0.8499,701.52,463.28,0.8504
283,bottom,1,1024.07,748.41,1262.10,870.36,1248.46,776.84,0.8785,1250.01,774.52,0.6871,1249.24,774.52,0.7942,1234.51,767.54,0.6552,1238.39,772.97,0.8540,1216.69,772.19,0.7528,1217.47,790.01,0.7707,1214.37,804.74,0.7659,1190.35,814.03,0.6612,1229.87,832.63,0.8434,1178.73,847.35,0.7612,1145.41,780.72,0.6119,1143.86,792.34,0.6461,1147.73,803.96,0.1939,1106.67,836.50,0.5549,1112.09,790.01,0.3691,1043.91,844.25,0.5485
284,top,0,697.73,287.09,809.79,487.07,763.03,307.50,0.9054,765.96,304.08,0.8968,759.62,303.59,0.7778,768.41,307.50,0.6861,750.34,305.06,0.8386,766.45,327.52,0.8779,734.23,326.54,0.7825,775.73,352.42,0.7900,717.14,354.37,0.7892,796.23,374.39,0.8334,702.49,380.73,0.7950,750.34,388.06,0.7630,730.32,388.55,0.7681,750.34,431.02,0.8197,725.44,431.51,0.8282,743.99,471.06,0.8509,708.84,462.27,0.8564
284,bottom,1,1043.55,745.82,1273.17,864.08,1263.01,772.81,0.9048,1263.75,769.82,0.7064,1262.26,769.07,0.7872,1245.82,764.59,0.6513,1251.05,768.32,0.8429,1225.63,765.33,0.7601,1230.12,784.02,0.7787,1218.16,801.96,0.7414,1199.47,809.43,0.6603,1230.12,832.60,0.8256,1185.27,845.31,0.7050,1158.36,780.28,0.6187,1161.35,787.76,0.6310,1135.19,836.34,0.2345,1131.45,840.83,0.5226,1072.40,838.58,0.1480,1067.17,844.56,0.4941
285,top,0,702.82,284.58,818.35,487.95,765.06,306.33,0.9139,768.04,302.85,0.8522,761.58,302.35,0.8550,770.52,305.83,0.6738,752.15,303.84,0.8347,768.53,326.68,0.8596,736.76,325.19,0.7989,780.45,351.01,0.7795,720.87,353.00,0.8112,802.30,372.86,0.8380,706.97,380.80,0.7773,751.65,386.27,0.7856,732.78,386.27,0.7797,750.16,429.96,0.8351,732.78,430.46,0.8510,744.20,471.67,0.8614,715.41,462.23,0.8709
285,bottom,1,1059.13,743.16,1284.10,863.51,1272.67,772.58,0.8594,1274.14,768.92,0.6982,1272.67,768.19,0.7550,1261.69,763.79,0.6334,1260.22,766.72,0.8165,1237.52,763.79,0.7119,1236.79,782.83,0.6963,1224.34,800.41,0.6524,1204.57,802.60,0.5404,1231.66,831.90,0.6949,1200.17,835.56,0.5426,1173.08,779.17,0.5522,1169.42,782.83,0.6333,1233.13,793.82,0.2761,1148.91,841.42,0.5629,1192.12,840.68,0.1499,1083.00,847.27,0.4619
286,top,2,706.65,284.05,821.77,487.36,766.69,306.29,0.9607,769.67,302.82,0.8428,763.22,302.32,0.8732,772.15,305.79,0.6589,754.28,303.31,0.8360,770.66,326.15,0.8851,738.90,324.66,0.8415,783.07,349.97,0.7919,724.00,352.45,0.8379,806.40,370.82,0.8516,710.60,381.24,0.7877,753.79,386.20,0.8385,736.41,386.20,0.8272,751.30,429.39,0.8744,738.90,430.38,0.8819,743.86,471.58,0.9368,722.02,464.13,0.9126
286,bottom,0,1077.45,741.00,1296.22,861.89,1282.26,771.53,0.8066,1283.69,767.97,0.6969,1280.84,766.55,0.7571,1275.14,764.41,0.5525,1267.31,764.41,0.8157,1249.50,767.26,0.7259,1241.67,773.67,0.6741,1233.13,799.31,0.6332,1219.59,799.31,0.5600,1232.41,812.84,0.4956,1228.85,836.34,0.6829,1193.96,782.22,0.5095,1180.43,780.08,0.6619,1232.41,794.32,0.3742,1166.18,836.34,0.6544,1221.73,837.76,0.1875,1104.22,844.89,0.5688
287,top,4,707.12,284.63,825.06,487.97,768.08,306.87,0.9518,771.06,303.39,0.8488,764.60,302.90,0.8727,774.03,305.87,0.6751,755.67,303.89,0.8688,772.05,326.23,0.8809,740.77,325.24,0.8358,785.95,350.06,0.7914,725.88,353.53,0.8326,809.28,369.42,0.8738,713.47,382.82,0.7931,755.17,386.79,0.8282,738.79,387.29,0.8127,751.69,428.99,0.8465,743.75,429.99,0.8667,744.25,470.69,0.9249,728.86,467.22,0.9014
287,bottom,0,1094.85,740.20,1325.78,860.48,1287.74,771.02,0.7924,1290.00,768.77,0.7290,1286.24,766.51,0.7698,1280.22,763.50,0.5349,1272.71,763.50,0.7943,1261.43,762.75,0.6978,1245.64,775.53,0.6808,1260.68,791.32,0.5476,1235.87,816.88,0.5033,1292.25,804.10,0.4860,1250.15,838.68,0.4282,1217.08,780.04,0.5413,1193.77,778.54,0.6992,1259.17,791.32,0.4905,1180.24,831.16,0.7209,1234.37,805.60,0.1970,1120.86,841.68,0.6349
288,top,5,703.07,284.96,826.31,488.04,769.65,307.17,0.9095,772.62,303.20,0.8789,766.18,303.20,0.8413,775.60,306.18,0.7132,756.76,304.19,0.8407,773.62,327.00,0.8663,742.38,326.01,0.8114,788.49,350.80,0.7577,727.50,354.77,0.8329,811.79,370.14,0.8378,716.10,384.02,0.7863,755.77,388.98,0.7701,741.39,388.98,0.7631,752.30,429.14,0.7531,751.80,429.14,0.7865,744.86,470.29,0.7867,738.91,469.30,0.8101
288,bottom,0,1109.40,740.17,1341.60,859.83,1293.53,769.76,0.7444,1296.55,767.49,0.6905,1292.01,766.74,0.7279,1290.50,763.72,0.5236,1277.65,763.72,0.7479,1271.61,766.74,0.6337,1253.47,775.81,0.6504,1269.34,795.46,0.4186,1248.93,812.09,0.6115,1234.57,834.01,0.2936,1268.58,844.59,0.5317,1230.79,776.56,0.5575,1205.85,775.05,0.7068,1271.61,790.17,0.5161,1192.24,824.18,0.7124,1313.93,802.26,0.5049,1137.07,838.54,0.6430
289,top,,,,,,,,,,,,,,,,,,,,,,,,,,,,,,,,,,,,,,,,,,,,,,,,,,,,,,,,
289,bottom,,,,,,,,,,,,,,,,,,,,,,,,,,,,,,,,,,,,,,,,,,,,,,,,,,,,,,,,
290,top,0,686.81,285.26,823.43,487.90,772.93,308.41,0.8349,775.90,304.45,0.8557,768.97,303.96,0.8457,778.37,307.42,0.7101,760.06,305.44,0.8612,776.39,327.70,0.7733,745.22,327.70,0.7475,789.75,351.45,0.7495,730.87,356.40,0.7501,810.53,370.75,0.7487,720.98,387.57,0.6850,759.07,388.56,0.6241,747.20,390.04,0.6310,752.64,428.14,0.6706,762.04,428.14,0.7445,744.73,469.20,0.6531,751.16,469.20,0.6683
290,bottom,1,1124.07,739.84,1351.20,861.07,1301.96,776.79,0.6942,1306.40,774.58,0.6851,1299.74,772.36,0.7047,1304.92,770.88,0.5748,1288.65,766.44,0.7710,1291.61,767.92,0.6569,1264.99,773.84,0.6795,1304.18,789.36,0.4944,1257.60,809.33,0.6601,1327.10,798.23,0.4735,1270.91,844.81,0.6841,1250.20,764.96,0.5878,1225.81,763.48,0.7242,1275.34,789.36,0.3715,1208.80,813.02,0.6942,1241.33,824.85,0.2787,1154.83,832.25,0.6581
291,top,1,719.92,285.98,820.76,488.78,774.80,308.16,0.9170,778.27,304.69,0.8560,771.33,304.20,0.8605,780.74,307.67,0.7354,762.42,305.68,0.8422,778.76,326.97,0.8556,747.57,327.47,0.8096,790.15,351.23,0.7979,733.21,357.18,0.8125,809.95,371.53,0.8270,725.29,386.39,0.7474,761.43,391.34,0.7171,751.53,391.83,0.7410,754.99,429.96,0.7316,765.89,429.96,0.8413,744.60,472.04,0.8442,759.95,473.03,0.8306
291,bottom,0,1132.58,733.95,1351.31,862.00,1306.73,780.17,0.6901,1311.72,777.33,0.7167,1303.89,775.19,0.7109,1312.43,773.05,0.5950,1293.21,768.78,0.7824,1303.17,765.22,0.6519,1269.71,771.63,0.7088,1314.57,785.87,0.5025,1261.88,808.65,0.6841,1329.52,800.11,0.5162,1273.27,845.68,0.6821,1257.61,758.81,0.5709,1231.98,755.97,0.7115,1276.12,791.57,0.3688,1214.89,807.94,0.6961,1245.50,824.32,0.3765,1161.49,829.30,0.6768
292,top,0,719.74,285.80,817.35,489.70,776.51,308.11,0.9816,779.49,304.62,0.9177,773.02,304.62,0.8242,782.48,307.61,0.7041,764.56,306.11,0.7878,779.99,327.52,0.9250,749.63,327.52,0.8944,790.45,351.41,0.8751,735.19,356.89,0.8723,807.37,370.83,0.9074,727.23,387.25,0.8457,764.06,391.24,0.7995,754.61,391.73,0.8268,755.10,431.56,0.8210,768.05,431.56,0.8697,743.65,471.88,0.9154,770.04,474.87,0.8368
292,bottom,1,1141.97,727.20,1351.08,863.14,1310.51,780.19,0.6697,1315.96,776.79,0.7158,1308.47,775.43,0.6951,1315.96,773.39,0.5924,1298.26,768.62,0.7721,1311.19,765.22,0.6610,1274.43,768.62,0.7039,1321.40,785.64,0.5093,1264.90,805.38,0.6585,1331.61,801.29,0.5292,1271.71,841.46,0.6381,1262.86,753.65,0.5469,1236.32,748.20,0.6934,1280.56,785.64,0.3561,1220.66,802.66,0.6854,1251.97,820.35,0.3412,1167.56,825.80,0.6934
293,top,0,723.48,286.01,815.94,489.61,778.66,308.28,1.0071,781.64,304.80,0.9165,775.18,304.80,0.8223,784.13,307.78,0.6843,766.23,306.29,0.7807,782.64,327.66,0.9504,751.32,327.66,0.9181,791.09,351.52,0.9059,737.90,357.49,0.8850,806.00,371.40,0.9247,730.45,387.81,0.8453,767.23,391.78,0.8378,757.78,392.28,0.8605,756.79,432.05,0.8501,769.22,432.54,0.8735,743.87,470.82,0.9476,777.67,475.79,0.8352
293,bottom,1,1147.45,721.10,1351.08,862.08,1310.91,778.33,0.6407,1315.55,775.68,0.6925,1308.92,773.03,0.6792,1315.55,771.70,0.5728,1298.98,766.40,0.7546,1311.58,759.77,0.6797,1276.44,767.06,0.7076,1319.53,780.32,0.5006,1267.16,804.18,0.6775,1330.14,800.21,0.5456,1271.80,842.63,0.6261,1265.17,743.20,0.5387,1238.66,742.54,0.7146,1281.08,782.31,0.3967,1226.06,796.23,0.7039,1255.89,822.08,0.4615,1175.69,824.07,0.7211
294,top,0,726.53,286.02,814.47,490.55,779.99,308.39,1.0215,782.98,305.39,0.8769,776.99,305.39,0.8000,785.98,307.89,0.6472,768.00,306.89,0.7357,784.98,327.86,0.9819,753.02,328.86,0.9472,792.97,352.33,0.9390,740.04,358.82,0.9064,806.45,372.80,0.9471,733.55,388.78,0.8694,770.00,392.78,0.8599,761.51,393.78,0.9033,758.01,432.72,0.8741,771.50,434.72,0.8663,744.53,470.67,0.9562,781.98,478.16,0.8706
294,bottom,1,1156.76,717.44,1351.13,862.49,1307.09,776.05,0.6591,1313.42,774.15,0.6693,1306.46,770.99,0.6948,1315.32,770.35,0.5212,1298.24,763.39,0.7773,1310.89,755.80,0.6964,1278.62,765.29,0.7276,1319.75,779.21,0.5436,1267.87,803.89,0.7008,1329.87,799.46,0.5496,1271.66,843.75,0.6980,1267.23,739.98,0.5242,1240.66,738.08,0.6986,1286.21,778.58,0.3597,1231.17,789.33,0.7251,1262.80,798.19,0.2792,1183.08,819.07,0.7240
295,top,0,730.02,286.61,814.63,492.20,782.36,309.09,0.9884,785.38,305.58,0.8985,778.85,305.58,0.8105,787.38,308.59,0.7089,769.82,307.59,0.7972,786.88,327.66,0.9713,755.26,329.67,0.9218,794.91,353.26,0.9192,743.21,359.79,0.8858,807.46,374.34,0.9051,736.69,390.40,0.8420,773.33,393.42,0.8238,763.29,393.92,0.8530,760.78,431.56,0.8273,773.33,434.57,0.8455,745.22,468.71,0.9128,783.37,478.74,0.8486
295,bottom,1,1167.71,714.45,1351.51,860.75,1309.27,772.64,0.6600,1316.45,770.25,0.6643,1308.07,768.45,0.7038,1317.65,763.67,0.4553,1297.90,760.08,0.7789,1309.27,747.51,0.6828,1278.16,763.67,0.7061,1316.45,776.83,0.4947,1269.18,802.56,0.6913,1328.42,797.17,0.4900,1271.58,844.44,0.7547,1269.18,734.35,0.5402,1240.47,734.35,0.7191,1294.91,770.25,0.4417,1235.68,781.62,0.7487,1326.02,795.98,0.6020,1191.40,813.33,0.7874
296,top,0,733.84,287.46,816.59,492.46,784.23,309.39,0.9848,787.23,305.88,0.8898,781.22,305.88,0.8072,789.73,308.89,0.6807,772.21,307.88,0.7873,789.23,326.90,0.9710,757.20,330.41,0.9252,796.74,353.43,0.9206,746.19,360.94,0.8835,809.25,376.95,0.8917,739.68,391.47,0.8355,776.22,393.97,0.8215,766.71,394.97,0.8541,764.21,432.00,0.8118,775.72,435.01,0.8301,747.19,467.54,0.9061,784.73,479.05,0.8402
296,bottom,1,1188.08,709.85,1351.24,860.21,1307.90,769.62,0.6834,1314.27,767.50,0.6463,1305.24,765.91,0.7155,1319.58,760.06,0.4528,1296.74,757.41,0.6895,1307.90,742.01,0.6590,1277.62,758.47,0.6043,1312.68,771.75,0.4956,1271.25,798.30,0.6271,1327.02,794.59,0.5115,1271.25,840.26,0.7189,1268.06,729.79,0.5307,1241.51,731.38,0.7367,1298.87,769.62,0.3782,1238.32,777.59,0.7784,1327.02,795.65,0.5565,1201.68,813.18,0.7519
297,top,0,736.83,286.87,817.53,493.84,786.78,309.51,0.9855,789.31,305.97,0.8891,783.24,305.97,0.8200,791.83,309.01,0.6977,773.64,308.50,0.8047,791.83,327.20,0.9785,760.00,330.73,0.9288,798.91,355.49,0.9444,748.88,362.06,0.8877,811.03,380.25,0.8847,743.33,392.38,0.8387,779.71,393.89,0.8202,769.60,394.90,0.8470,767.58,432.29,0.8052,778.19,435.33,0.8274,748.38,467.16,0.9117,785.77,479.79,0.8505
297,bottom,1,1201.40,709.14,1351.17,858.83,1305.05,763.99,0.5846,1311.39,761.56,0.5502,1302.61,760.09,0.6180,1317.24,753.76,0.3915,1292.86,753.76,0.6319,1308.95,736.20,0.6527,1275.80,755.71,0.5955,1302.12,766.92,0.4461,1272.87,795.68,0.6172,1284.09,792.27,0.3999,1271.41,839.07,0.7380,1269.46,729.87,0.5491,1242.65,729.87,0.7728,1307.00,766.43,0.4805,1240.21,775.21,0.7950,1326.50,793.73,0.7269,1211.93,816.65,0.7817
298,top,1,739.39,286.92,821.38,490.35,788.83,309.17,0.9974,791.81,306.19,0.8786,785.35,306.19,0.8402,793.79,308.68,0.7108,776.41,308.68,0.8189,794.29,326.56,0.9621,762.51,331.03,0.9149,800.75,356.85,0.9334,752.57,362.81,0.8758,812.67,383.17,0.8665,747.11,392.61,0.8285,783.36,393.60,0.8192,772.94,394.60,0.8406,771.94,432.34,0.7800,779.89,434.33,0.8144,751.08,465.12,0.8902,785.35,478.03,0.8450
298,bottom,0,1208.13,708.76,1350.83,861.28,1302.24,757.15,0.5525,1308.74,753.90,0.5749,1299.92,752.50,0.5854,1312.92,749.25,0.4621,1292.02,747.39,0.6205,1308.28,736.71,0.5973,1274.83,744.61,0.5336,1299.45,763.65,0.4787,1272.05,794.77,0.4779,1288.77,787.80,0.5494,1271.12,838.44,0.6633,1270.65,732.99,0.5166,1244.17,729.28,0.7458,1311.06,764.58,0.5361,1242.78,776.19,0.7622,1326.39,794.31,0.7655,1218.63,819.86,0.7820
299,top,1,744.28,286.31,824.55,492.38,791.45,308.85,0.9568,793.97,305.32,0.8827,787.93,305.83,0.8341,795.98,307.84,0.7579,778.88,308.34,0.8377,796.49,326.45,0.9089,765.29,331.49,0.8852,802.52,357.65,0.8975,755.73,362.68,0.8562,814.10,384.31,0.8518,751.71,392.87,0.8069,786.42,392.87,0.7767,775.86,393.37,0.8000,777.87,432.61,0.7353,781.90,433.62,0.8112,755.23,463.81,0.8107,785.42,477.89,0.8161
299,bottom,0,1207.21,706.68,1350.54,857.98,1300.34,751.07,0.5313,1306.40,747.80,0.5124,1298.01,747.34,0.5248,1310.60,743.14,0.4612,1290.07,744.07,0.5665,1308.74,731.94,0.6164,1274.68,743.14,0.5295,1304.07,759.47,0.4929,1271.88,793.06,0.4892,1296.14,781.40,0.5337,1272.34,837.85,0.7022,1273.74,733.34,0.5149,1245.28,730.54,0.7426,1312.47,765.07,0.6360,1244.35,777.66,0.7598,1327.40,793.99,0.7760,1218.22,820.12,0.7803
300,top,1,747.60,287.40,823.55,492.22,794.08,308.80,1.0007,796.58,305.80,0.9074,790.58,306.30,0.8653,798.08,308.30,0.7166,781.08,308.30,0.8396,797.58,326.30,0.9345,768.58,331.80,0.9034,804.08,356.30,0.9111,759.08,363.31,0.8771,815.58,384.81,0.8484,756.07,393.31,0.8174,791.08,392.31,0.7991,778.58,393.81,0.8027,788.58,431.81,0.6817,783.08,434.81,0.8348,760.08,459.81,0.7800,785.58,477.82,0.8558
300,bottom,0,1207.29,705.36,1351.16,856.69,1295.62,747.30,0.5539,1299.37,742.62,0.4952,1291.87,742.15,0.4971,1308.73,736.53,0.4475,1285.31,737.00,0.4600,1309.67,728.10,0.6250,1271.26,740.28,0.5580,1310.61,753.39,0.3852,1270.33,788.52,0.5821,1308.26,767.44,0.3881,1272.20,832.54,0.7327,1275.95,731.85,0.4860,1246.91,729.50,0.7614,1312.95,765.10,0.6562,1245.97,777.74,0.7678,1327.47,794.60,0.7662,1219.28,819.43,0.7670
301,top,1,751.35,288.89,824.35,491.49,795.77,309.57,0.9805,798.24,306.10,0.9236,792.30,306.60,0.8723,800.22,308.58,0.7579,783.40,308.58,0.8573,798.73,327.37,0.8949,771.03,332.81,0.8823,805.66,357.05,0.8883,762.13,363.98,0.8512,817.04,384.75,0.8405,760.15,393.16,0.8012,794.78,393.16,0.7807,780.93,395.14,0.7712,794.78,434.21,0.7292,783.90,436.69,0.8423,764.60,457.96,0.7332,785.87,478.24,0.8687
301,bottom,0,1207.56,704.02,1350.93,852.29,1297.91,734.28,0.6062,1302.58,731.48,0.5102,1294.18,731.95,0.5428,1308.18,727.28,0.3703,1286.71,727.74,0.5233,1309.12,723.08,0.6908,1268.51,731.95,0.6068,1312.38,754.35,0.5245,1266.64,780.48,0.5553,1320.32,779.08,0.4441,1271.31,824.36,0.7071,1276.91,730.54,0.5152,1247.97,729.14,0.7661,1310.52,766.95,0.6664,1245.17,777.68,0.7785,1328.72,795.89,0.6838,1219.04,818.76,0.7725
302,top,0,757.03,289.14,825.31,493.14,798.64,309.96,0.9524,801.13,306.47,0.8989,794.65,306.97,0.8713,802.62,308.96,0.7627,785.69,308.96,0.8577,800.63,327.89,0.8777,773.74,333.87,0.8649,806.61,357.27,0.8740,766.26,365.74,0.8435,817.56,384.67,0.8028,764.77,395.12,0.7789,798.64,393.13,0.7835,784.69,395.12,0.7577,801.13,434.97,0.7878,786.68,437.46,0.8339,770.75,459.87,0.8066,786.68,478.30,0.8937
302,bottom,1,1206.71,696.45,1351.13,848.59,1292.55,726.45,0.5523,1294.90,722.22,0.4703,1288.79,723.16,0.5113,1297.72,718.46,0.3660,1278.92,720.81,0.5416,1307.60,717.05,0.7261,1262.46,726.92,0.7089,1312.77,738.20,0.4073,1262.46,775.81,0.6022,1317.00,753.72,0.4672,1269.99,816.24,0.7288,1282.68,732.09,0.5310,1249.77,728.33,0.7407,1310.89,763.59,0.7267,1243.19,777.69,0.7622,1327.81,790.86,0.7754,1218.74,819.07,0.7872
303,top,0,762.09,288.42,825.84,495.07,801.03,310.51,0.9465,803.05,306.98,0.9095,796.99,307.49,0.8725,805.07,309.50,0.7713,787.91,309.50,0.8737,802.04,328.17,0.8523,776.31,334.23,0.8778,807.08,356.93,0.8648,769.75,367.02,0.8353,817.68,383.17,0.7936,769.75,396.79,0.7608,802.04,391.74,0.7654,787.41,393.76,0.7324,806.07,433.62,0.7893,788.42,437.66,0.8322,776.81,459.86,0.7926,785.89,478.02,0.8919
303,bottom,1,1207.37,686.98,1350.66,844.77,1289.28,720.16,0.5750,1292.08,716.90,0.4545,1284.61,716.90,0.5015,1295.34,712.70,0.3310,1274.35,715.03,0.5452,1303.74,710.83,0.7510,1258.96,723.43,0.7651,1311.67,711.30,0.6156,1258.03,773.34,0.6926,1317.73,736.49,0.5941,1270.62,811.58,0.7716,1284.61,730.89,0.6163,1250.56,727.63,0.7359,1312.60,763.07,0.7173,1242.63,775.67,0.8045,1327.99,788.73,0.8336,1218.85,819.51,0.8136
304,top,0,766.51,288.60,825.80,495.64,803.73,311.24,0.9624,805.25,307.20,0.9246,800.20,307.71,0.8600,807.27,309.73,0.7259,790.09,309.73,0.8759,803.73,327.42,0.8749,778.97,333.99,0.8992,807.78,356.74,0.8667,773.41,367.86,0.8467,816.88,381.50,0.8159,774.92,397.17,0.7944,804.75,391.11,0.8046,789.58,393.63,0.7671,811.82,432.56,0.8048,789.08,439.13,0.8462,786.04,460.36,0.8046,788.07,479.56,0.8734
304,bottom,1,1207.91,680.25,1351.42,844.81,1286.67,712.08,0.6371,1290.88,708.81,0.5395,1282.94,708.81,0.5405,1294.62,704.14,0.4364,1272.66,706.94,0.5966,1302.09,705.07,0.7389,1257.24,720.49,0.7604,1311.90,705.54,0.5172,1253.51,764.87,0.6851,1317.51,723.76,0.5205,1270.79,802.24,0.7299,1289.01,729.36,0.6383,1253.97,728.43,0.7036,1314.70,763.00,0.7096,1240.89,775.14,0.7674,1329.18,788.69,0.8106,1218.47,820.45,0.8224
305,top,1,770.22,289.67,826.79,492.77,805.94,310.89,0.9665,807.93,307.42,0.9074,802.47,307.92,0.8137,809.91,310.40,0.6640,792.56,309.90,0.8418,804.95,327.75,0.8966,781.65,333.70,0.9099,808.42,357.50,0.8784,777.19,366.92,0.8548,816.85,380.81,0.8214,779.67,395.68,0.7993,807.43,391.71,0.8381,791.07,394.69,0.7902,815.86,431.88,0.8333,790.08,438.82,0.9110,797.52,462.12,0.8727,787.60,478.49,0.9184
305,bottom,0,1207.66,673.86,1348.66,845.59,1287.34,703.73,0.7066,1290.55,698.22,0.5701,1283.67,698.68,0.5595,1294.22,694.55,0.4638,1272.65,699.14,0.6291,1302.94,697.76,0.8299,1257.50,714.75,0.8161,1310.75,699.14,0.5230,1251.54,756.51,0.6651,1313.50,711.99,0.5169,1267.60,791.39,0.7634,1292.85,727.14,0.7003,1257.05,729.43,0.6876,1319.92,764.77,0.6822,1241.44,774.41,0.7987,1326.35,788.18,0.8284,1218.95,820.31,0.8625
306,top,1,773.63,289.97,828.30,492.93,808.89,311.17,0.9749,810.87,308.20,0.9077,805.92,308.70,0.7895,812.86,310.68,0.6281,795.51,310.18,0.8163,806.41,328.52,0.8852,784.12,334.46,0.9093,808.89,359.24,0.8544,781.14,368.65,0.8487,816.82,382.03,0.7970,787.09,398.38,0.8036,809.39,392.44,0.7843,791.55,395.91,0.7698,818.31,432.58,0.8251,791.05,438.52,0.9101,803.44,469.24,0.8448,787.58,478.16,0.9507
306,bottom,0,1207.15,667.49,1344.45,846.64,1290.55,693.15,0.7489,1292.79,687.79,0.6059,1286.53,689.13,0.6116,1296.36,686.89,0.4207,1275.80,691.81,0.6229,1305.30,694.49,0.8185,1258.37,710.13,0.8038,1308.43,726.67,0.4011,1250.77,747.68,0.6192,1305.75,725.33,0.2224,1264.63,782.09,0.6959,1296.36,726.67,0.6925,1261.05,731.14,0.6204,1324.07,765.11,0.7018,1242.73,774.05,0.7581,1322.28,790.14,0.8451,1219.49,820.97,0.8421
307,top,1,775.81,289.92,831.69,495.63,811.28,311.42,1.0056,813.29,307.90,0.8712,808.27,308.40,0.7824,815.30,310.91,0.5927,798.22,310.41,0.7615,807.26,331.00,0.8787,786.67,335.02,0.9210,807.76,361.14,0.7364,785.16,369.17,0.8871,814.29,387.25,0.5325,792.70,397.29,0.8453,812.28,393.78,0.7647,792.70,397.80,0.7685,819.82,434.96,0.8637,792.20,439.48,0.9273,813.29,475.14,0.8752,787.68,478.65,0.9767
307,bottom,0,1208.07,661.67,1342.60,845.90,1294.23,687.22,0.6625,1295.57,681.82,0.5420,1288.83,683.62,0.5747,1299.62,680.92,0.4474,1279.38,685.87,0.6428,1308.62,687.22,0.7784,1264.54,705.21,0.7463,1309.07,711.06,0.3970,1251.50,738.49,0.6120,1312.67,732.65,0.2850,1260.49,774.03,0.6460,1298.27,724.55,0.6734,1265.44,729.50,0.5868,1327.06,762.78,0.6893,1245.20,774.03,0.7228,1321.66,795.17,0.8053,1220.01,820.80,0.8337
308,top,1,779.05,289.70,837.80,490.36,814.80,312.14,1.0163,816.75,308.71,0.8582,811.86,309.20,0.7649,817.73,311.65,0.4998,801.08,311.16,0.7696,809.41,331.73,0.8555,790.30,335.16,0.9230,808.43,362.60,0.6726,788.83,370.93,0.8805,813.82,389.54,0.4296,798.63,397.38,0.8347,814.31,393.46,0.7598,793.73,396.89,0.7578,823.12,435.59,0.8883,794.22,439.02,0.9219,823.12,475.77,0.9049,787.85,477.23,0.9691
308,bottom,0,1207.64,657.54,1345.68,845.73,1299.63,679.96,0.7197,1301.01,674.91,0.6246,1295.04,676.75,0.6829,1304.23,676.75,0.5622,1284.93,680.42,0.7314,1314.79,682.72,0.8058,1270.69,699.72,0.7300,1311.58,707.07,0.5114,1250.93,731.42,0.6927,1305.15,724.53,0.3102,1257.82,766.80,0.7006,1298.71,722.69,0.6677,1267.01,727.75,0.6010,1330.42,762.20,0.7249,1246.80,775.53,0.7340,1323.52,804.01,0.8124,1220.61,820.55,0.8520
309,top,1,780.32,289.45,850.06,492.79,818.17,312.68,0.9651,820.16,309.20,0.7994,815.69,309.20,0.7735,819.66,312.18,0.4684,804.77,311.19,0.8377,811.72,332.54,0.8423,793.35,335.52,0.8935,810.72,363.81,0.6490,792.35,370.27,0.8514,816.18,390.62,0.4321,804.27,397.57,0.8070,817.18,395.09,0.7358,797.32,397.57,0.7385,825.12,437.29,0.8730,795.83,439.77,0.8985,830.58,478.49,0.8919,788.38,478.49,0.9824
309,bottom,0,1207.32,650.81,1349.79,845.88,1305.70,673.10,0.7679,1306.65,668.81,0.6851,1300.46,671.19,0.7201,1309.99,669.76,0.5968,1290.93,675.95,0.7692,1319.99,679.29,0.8063,1277.12,697.38,0.6940,1313.32,705.96,0.5737,1254.74,724.06,0.7187,1304.27,721.20,0.3126,1256.17,758.82,0.6244,1301.89,720.25,0.6941,1271.88,725.01,0.6257,1333.80,761.68,0.7592,1250.93,774.54,0.7518,1327.13,813.12,0.8204,1220.92,821.69,0.8578
310,top,1,780.76,290.74,849.60,494.22,820.15,313.00,0.9726,822.13,309.52,0.8494,817.17,310.02,0.7807,823.13,312.50,0.5463,806.24,312.00,0.8366,816.17,332.87,0.8391,795.81,336.84,0.9030,813.69,364.16,0.6845,796.30,371.12,0.8603,819.15,389.50,0.5246,808.72,397.94,0.8071,820.15,395.46,0.7789,798.79,397.94,0.7680,828.09,436.69,0.8619,797.79,440.17,0.8859,834.55,478.42,0.9118,788.85,477.92,0.9573
310,bottom,0,1207.96,645.63,1356.65,847.90,1312.92,665.78,0.7749,1313.91,662.33,0.6760,1307.49,664.30,0.7020,1316.87,664.30,0.5482,1298.11,670.72,0.7831,1326.75,675.66,0.8132,1284.28,692.45,0.6777,1315.88,702.82,0.5441,1260.08,718.13,0.6704,1305.02,716.15,0.3813,1258.60,753.68,0.4142,1306.99,720.10,0.6830,1275.39,723.56,0.5912,1335.64,763.07,0.7853,1253.66,774.92,0.7639,1333.17,821.34,0.8332,1222.06,820.35,0.8674
311,top,1,781.18,290.73,852.62,494.33,823.36,313.00,1.0005,824.85,309.52,0.8403,820.38,310.02,0.7779,825.35,312.50,0.5032,809.45,312.00,0.7832,818.89,332.38,0.8578,798.51,336.86,0.9249,816.40,365.19,0.6697,799.50,371.16,0.8844,821.87,391.54,0.4974,813.42,398.00,0.8274,822.87,394.52,0.7910,801.49,397.50,0.7866,829.83,437.76,0.8792,800.00,440.75,0.9125,835.29,479.52,0.9452,789.07,478.52,1.0125
311,bottom,0,1208.31,641.15,1363.57,852.43,1319.98,663.23,0.7373,1321.02,658.59,0.6522,1314.83,660.14,0.7115,1322.56,660.65,0.5437,1305.03,666.33,0.7595,1332.36,674.06,0.7968,1290.58,689.54,0.7131,1321.53,701.92,0.5749,1264.28,714.30,0.7347,1319.47,716.36,0.4170,1251.90,750.92,0.6855,1310.18,722.55,0.6720,1279.75,725.13,0.6266,1335.97,768.46,0.7888,1254.99,775.68,0.7298,1337.52,830.36,0.8255,1223.01,821.07,0.8336
312,top,0,781.95,290.68,858.75,497.82,827.43,313.34,1.0177,828.94,310.31,0.7911,824.90,310.31,0.7618,828.94,312.83,0.4569,813.77,312.33,0.7304,821.86,333.06,0.8695,802.65,336.60,0.9220,820.85,365.43,0.6970,803.15,372.00,0.8872,825.40,392.74,0.4967,818.32,398.30,0.8306,825.91,395.77,0.7819,805.68,398.30,0.7820,831.98,439.26,0.8796,803.15,441.79,0.9076,836.02,481.24,0.9260,789.50,478.71,0.9966
312,bottom,3,1210.02,635.42,1365.83,859.30,1330.01,660.45,0.7761,1330.56,656.63,0.6341,1325.64,657.72,0.7299,1332.74,659.91,0.4725,1313.07,662.09,0.7701,1338.21,675.21,0.7920,1298.31,685.59,0.7248,1327.83,703.09,0.5941,1271.53,709.10,0.7430,1327.83,718.94,0.4983,1252.40,742.99,0.7402,1317.99,726.59,0.7234,1286.29,727.68,0.6764,1338.21,776.33,0.8198,1261.69,775.23,0.7427,1338.76,835.90,0.8512,1225.07,819.51,0.8531
313,top,0,783.38,291.37,860.32,498.14,829.93,313.48,1.0093,831.44,309.94,0.7904,827.40,310.45,0.7717,831.95,312.47,0.5076,816.80,312.47,0.7307,825.38,332.16,0.8786,805.19,337.20,0.9336,823.87,364.97,0.6879,806.20,371.53,0.9057,828.41,392.73,0.5051,821.35,397.78,0.8445,828.41,397.78,0.7672,808.22,400.31,0.7864,832.96,440.69,0.8981,806.20,442.21,0.9017,836.49,482.59,0.9434,791.06,477.04,1.0021
313,bottom,4,1209.94,632.38,1365.06,858.78,1336.69,655.48,0.8066,1337.24,651.61,0.7302,1331.72,652.72,0.7557,1340.01,654.93,0.5882,1321.21,657.69,0.7780,1345.54,672.07,0.8129,1304.63,682.57,0.7109,1338.35,696.94,0.5246,1278.10,706.34,0.7087,1338.35,722.36,0.4314,1254.89,737.84,0.7472,1326.74,728.44,0.6929,1294.13,729.55,0.6408,1342.77,779.30,0.7989,1267.60,777.09,0.6824,1339.46,836.78,0.8286,1228.36,819.09,0.8161
