frame,player,det_idx,bbox_x1,bbox_y1,bbox_x2,bbox_y2,nose_x,nose_y,nose_s,L_eye_x,L_eye_y,L_eye_s,R_eye_x,R_eye_y,R_eye_s,L_ear_x,L_ear_y,L_ear_s,R_ear_x,R_ear_y,R_ear_s,L_shoulder_x,L_shoulder_y,L_shoulder_s,R_shoulder_x,R_shoulder_y,R_shoulder_s,L_elbow_x,L_elbow_y,L_elbow_s,R_elbow_x,R_elbow_y,R_elbow_s,L_wrist_x,L_wrist_y,L_wrist_s,R_wrist_x,R_wrist_y,R_wrist_s,L_hip_x,L_hip_y,L_hip_s,R_hip_x,R_hip_y,R_hip_s,L_knee_x,L_knee_y,L_knee_s,R_knee_x,R_knee_y,R_knee_s,L_ankle_x,L_ankle_y,L_ankle_s,R_ankle_x,R_ankle_y,R_ankle_s
0,top,1,890.76,377.70,983.02,586.25,929.25,398.99,0.7384,933.33,394.91,0.7550,925.69,394.40,0.7523,939.44,395.93,0.8216,919.58,395.42,0.8302,951.66,414.26,0.7776,908.38,410.19,0.8187,963.37,443.28,0.7406,895.65,434.63,0.7883,974.06,470.27,0.7383,897.69,453.98,0.7685,943.51,470.27,0.5585,921.11,470.27,0.5743,944.02,517.62,0.6625,923.14,511.51,0.6070,944.02,563.95,0.7444,932.82,541.55,0.7846
0,bottom,0,1004.88,568.91,1094.82,838.96,1052.49,590.54,0.7569,1051.17,585.26,0.5600,1054.46,585.26,0.5413,1041.28,591.20,0.8074,1061.06,592.51,0.7843,1024.80,620.86,0.8048,1076.22,626.80,0.8097,1012.93,661.08,0.8081,1084.13,668.99,0.8147,1011.61,696.02,0.7899,1088.09,703.93,0.7731,1036.66,705.91,0.7105,1060.40,707.23,0.6795,1042.60,751.40,0.7539,1056.44,759.98,0.7924,1045.23,802.83,0.7096,1045.23,818.65,0.7608
1,top,1,890.85,377.41,982.19,585.83,928.89,395.62,0.7758,932.96,392.06,0.8016,924.82,391.55,0.7954,939.06,393.59,0.8207,919.22,393.59,0.8373,950.77,411.91,0.7684,908.02,409.36,0.8129,962.98,440.91,0.7370,895.81,434.30,0.7848,973.67,468.90,0.7347,898.36,453.63,0.7756,943.13,470.43,0.5593,920.24,469.92,0.5748,943.64,517.24,0.6684,922.27,511.64,0.6077,943.64,564.56,0.7518,932.96,541.66,0.7727
1,bottom,0,1003.43,568.16,1094.63,838.92,1051.68,590.51,0.7648,1051.02,585.22,0.5570,1053.66,585.22,0.5398,1040.44,591.17,0.7968,1060.93,591.83,0.7746,1024.58,620.25,0.8073,1075.48,626.20,0.7997,1012.02,661.24,0.8130,1084.73,667.85,0.8085,1010.69,695.61,0.7933,1088.03,700.24,0.7610,1035.81,706.19,0.7092,1060.27,707.51,0.6834,1043.08,752.46,0.7494,1056.31,760.39,0.7964,1046.39,804.68,0.6881,1045.07,817.90,0.7544
2,top,1,891.08,377.16,981.68,586.93,928.19,396.00,0.7484,932.28,392.42,0.7625,924.60,391.91,0.7706,938.94,392.93,0.8071,918.97,393.44,0.8268,951.23,410.86,0.7665,908.21,408.30,0.8110,963.01,439.54,0.7390,895.41,432.88,0.7914,973.25,466.68,0.7363,898.99,453.36,0.7594,942.53,470.78,0.5729,919.48,470.78,0.5864,943.04,517.89,0.6812,921.53,511.24,0.6124,943.55,564.50,0.7625,932.79,541.97,0.7754
2,bottom,0,1002.79,567.38,1094.81,838.80,1051.45,589.78,0.7511,1050.12,584.48,0.5459,1053.44,584.48,0.5361,1040.18,590.44,0.7917,1060.06,591.11,0.7806,1024.28,620.26,0.8060,1075.30,624.90,0.7965,1011.03,661.35,0.8099,1084.58,665.32,0.8070,1010.36,695.80,0.7905,1087.89,695.80,0.7681,1036.21,705.74,0.7078,1060.72,706.40,0.6795,1042.83,752.13,0.7545,1056.75,759.41,0.7933,1046.15,804.47,0.6866,1044.82,818.39,0.7586
3,top,1,890.78,376.23,982.01,584.26,928.77,395.94,0.7087,932.33,392.38,0.7215,924.20,391.87,0.7204,938.93,392.38,0.7981,919.12,392.89,0.8116,951.12,410.66,0.7658,907.95,408.13,0.8104,962.80,438.09,0.7352,895.76,432.00,0.7864,972.96,465.01,0.7370,898.81,451.80,0.7545,941.98,472.63,0.5852,919.12,472.63,0.5960,943.00,518.85,0.6868,920.65,511.23,0.6252,943.50,565.07,0.7688,932.33,541.70,0.7865
3,bottom,0,1002.85,567.46,1095.30,838.54,1051.06,589.17,0.7470,1049.07,583.88,0.5417,1053.05,583.88,0.5305,1039.81,589.83,0.7874,1059.66,590.49,0.7784,1023.93,620.28,0.8050,1074.89,624.25,0.7943,1010.03,660.65,0.8185,1085.47,665.28,0.8111,1010.69,695.06,0.7920,1088.12,692.41,0.7619,1036.50,704.99,0.7144,1060.99,706.31,0.6866,1042.46,751.98,0.7568,1056.35,759.92,0.7960,1045.77,803.60,0.6862,1045.10,818.82,0.7576
4,top,1,891.02,376.76,981.75,583.48,928.31,396.34,0.7297,931.84,392.31,0.7362,924.27,391.80,0.7488,938.41,392.31,0.8124,918.72,392.81,0.8227,951.53,410.47,0.7650,908.12,407.95,0.8145,963.14,438.23,0.7370,896.01,431.67,0.7923,973.23,465.49,0.7249,899.54,450.85,0.7563,941.43,472.05,0.5797,918.72,471.54,0.5926,942.95,518.48,0.6801,919.73,509.90,0.6412,943.96,564.91,0.7658,932.35,541.69,0.7868
4,bottom,0,1003.14,566.50,1095.04,838.56,1050.42,588.95,0.7475,1048.43,582.97,0.5494,1051.75,582.97,0.5275,1039.13,589.61,0.7889,1059.05,589.61,0.7789,1023.85,620.17,0.7995,1074.33,623.49,0.7925,1009.24,660.02,0.8215,1086.29,664.00,0.8009,1011.23,693.23,0.7916,1087.62,689.24,0.7655,1035.81,703.86,0.7142,1060.38,704.52,0.6933,1042.45,751.68,0.7583,1056.40,758.99,0.7965,1045.11,803.49,0.6973,1045.11,818.10,0.7510
5,top,1,891.22,376.84,982.20,584.87,927.57,396.04,0.7569,931.63,391.97,0.7709,924.01,391.97,0.7846,938.23,391.97,0.8274,918.93,392.48,0.8193,951.44,410.26,0.7695,908.27,408.23,0.8155,963.63,437.17,0.7447,896.08,431.59,0.8076,973.28,463.58,0.7514,899.12,449.87,0.7909,941.28,471.71,0.5805,918.42,471.20,0.5867,943.31,517.93,0.6808,919.44,509.80,0.6455,943.82,564.65,0.7697,932.64,541.80,0.7943
5,bottom,0,1003.35,566.94,1094.57,838.14,1049.62,588.66,0.7443,1047.64,583.36,0.5485,1050.95,583.36,0.5245,1039.03,589.32,0.7928,1058.89,589.32,0.7797,1023.80,619.78,0.7921,1074.12,622.42,0.7771,1008.57,660.16,0.8130,1086.70,663.48,0.7769,1012.55,692.61,0.7772,1086.70,684.00,0.7012,1035.72,703.86,0.7142,1060.22,703.86,0.6887,1041.68,752.20,0.7604,1056.91,758.82,0.7936,1044.33,803.84,0.7038,1045.65,817.08,0.7416
6,top,1,891.44,375.47,981.10,588.15,927.96,396.14,0.7075,931.60,391.98,0.7365,923.81,391.98,0.7428,938.35,391.46,0.7888,918.10,392.50,0.7939,951.33,409.64,0.7603,907.71,408.08,0.8109,962.75,435.60,0.7567,896.81,431.44,0.7901,972.62,461.56,0.7645,899.92,449.10,0.7883,940.42,471.95,0.5885,919.14,471.43,0.6028,943.02,518.16,0.6729,918.62,510.37,0.6823,944.06,563.85,0.7651,932.64,541.52,0.7852
6,bottom,0,1001.33,567.17,1094.59,837.87,1048.62,588.19,0.7346,1046.64,582.90,0.5424,1050.61,583.56,0.5282,1038.05,589.51,0.7901,1057.21,589.51,0.7702,1022.85,619.91,0.7870,1073.08,621.89,0.7719,1006.99,659.56,0.8163,1086.95,662.21,0.7492,1014.26,689.96,0.7707,1086.29,680.05,0.6470,1035.41,702.52,0.7153,1059.86,702.52,0.6865,1041.35,751.43,0.7670,1057.21,757.37,0.8060,1044.00,804.30,0.7212,1045.98,816.85,0.7430
7,top,1,891.82,374.97,980.82,588.54,927.45,396.25,0.7164,931.63,392.07,0.7405,923.80,392.07,0.7478,938.40,391.55,0.7892,918.07,392.60,0.7843,951.44,409.28,0.7639,907.64,408.24,0.8106,962.91,435.87,0.7554,897.21,431.18,0.7850,972.82,460.90,0.7644,900.34,449.43,0.7913,940.49,471.85,0.5926,919.11,471.85,0.6071,943.10,517.73,0.6814,918.07,510.95,0.6871,943.62,564.14,0.7633,932.67,541.72,0.7847
7,bottom,0,999.78,567.57,1094.63,838.14,1048.53,588.57,0.7216,1046.55,583.29,0.5253,1050.51,583.29,0.5296,1037.30,589.90,0.7666,1057.12,589.90,0.7635,1022.11,620.94,0.7817,1072.97,621.60,0.7671,1005.59,659.92,0.8246,1087.50,661.90,0.7581,1015.50,688.32,0.7944,1085.52,675.77,0.6622,1034.66,702.19,0.7091,1059.76,702.85,0.6792,1041.26,751.74,0.7730,1057.78,757.02,0.8027,1043.24,803.92,0.7397,1047.21,815.81,0.7501
8,top,1,892.06,374.31,980.56,588.20,926.91,395.62,0.7109,931.09,390.92,0.7278,922.73,390.92,0.7424,938.40,389.88,0.7791,918.03,391.44,0.7647,951.45,409.20,0.7610,907.59,408.15,0.8057,962.94,434.78,0.7536,897.67,431.13,0.7816,972.34,460.37,0.7546,900.28,448.88,0.7862,940.49,472.38,0.5854,918.56,472.38,0.6001,943.10,517.81,0.6892,918.03,512.06,0.6888,943.62,563.76,0.7614,932.65,541.83,0.7805
8,bottom,0,998.78,568.28,1094.65,838.00,1047.38,589.22,0.7314,1046.06,583.96,0.5473,1049.35,583.96,0.5426,1037.50,590.54,0.7590,1055.94,589.88,0.7511,1021.70,620.83,0.7849,1072.40,621.49,0.7759,1004.58,659.68,0.8341,1086.89,661.66,0.7649,1015.77,686.68,0.7940,1084.91,674.17,0.6598,1033.55,701.17,0.7093,1059.23,701.17,0.6800,1041.45,751.87,0.7749,1059.23,757.14,0.8068,1042.77,803.89,0.7290,1048.69,815.74,0.7607
9,top,1,892.24,374.22,980.61,588.04,926.51,395.52,0.7281,930.16,391.34,0.7420,922.33,391.34,0.7646,937.99,389.78,0.7984,917.63,391.87,0.7572,952.08,408.57,0.7658,907.71,408.05,0.8081,963.05,434.67,0.7557,897.79,431.02,0.7834,972.44,459.73,0.7533,900.40,448.77,0.7912,940.60,472.26,0.5881,918.68,472.26,0.6017,942.69,518.20,0.6851,918.15,511.93,0.6893,943.73,564.13,0.7677,932.25,542.21,0.7890
9,bottom,0,997.87,568.64,1094.39,837.32,1046.79,588.85,0.7273,1044.82,584.26,0.5510,1048.10,584.26,0.5367,1036.95,590.82,0.7626,1055.31,590.16,0.7381,1021.21,620.99,0.7866,1072.37,620.99,0.7844,1002.84,659.03,0.8416,1087.46,660.35,0.8002,1015.96,683.96,0.7830,1083.52,672.15,0.6484,1032.36,699.70,0.7099,1058.59,699.70,0.6798,1040.88,750.87,0.7739,1059.91,756.77,0.8021,1042.85,805.31,0.7351,1050.72,814.49,0.7673
10,top,1,892.25,373.89,980.41,588.50,926.37,395.79,0.7391,930.57,391.60,0.7547,922.71,391.60,0.7769,937.90,390.03,0.8085,917.99,391.60,0.7654,951.52,408.37,0.7697,908.04,408.37,0.8142,962.53,434.04,0.7641,898.08,430.90,0.7862,971.96,459.19,0.7649,900.70,448.71,0.8015,940.52,472.81,0.5926,919.04,472.81,0.6077,943.14,518.40,0.6930,917.99,512.11,0.6947,943.67,563.98,0.7718,932.66,541.98,0.7912
10,bottom,0,997.32,568.95,1095.46,837.96,1046.39,589.83,0.7371,1045.08,585.23,0.5511,1047.05,585.23,0.5329,1037.19,591.80,0.7643,1054.93,591.14,0.7355,1020.78,621.36,0.7805,1072.66,621.36,0.7933,1001.73,658.79,0.8511,1089.08,660.11,0.8222,1016.18,681.78,0.7862,1081.86,669.96,0.6372,1031.94,700.17,0.7110,1059.53,699.51,0.6814,1041.14,750.74,0.7850,1061.50,755.99,0.7991,1043.11,806.56,0.7688,1051.64,812.48,0.7745
11,top,1,892.42,373.93,980.20,588.78,926.34,396.38,0.7437,930.54,391.65,0.7634,922.67,392.18,0.7836,937.88,390.08,0.8153,917.95,391.65,0.7707,951.52,408.44,0.7700,907.98,408.44,0.8155,962.54,433.62,0.7682,898.02,431.00,0.7901,971.98,459.32,0.7710,901.17,448.31,0.8101,940.51,472.96,0.6032,919.00,472.96,0.6186,942.60,518.60,0.7001,917.95,511.78,0.6973,943.65,564.23,0.7787,932.64,541.68,0.7954
11,bottom,0,995.52,569.27,1095.87,839.26,1045.04,589.57,0.7746,1045.04,584.96,0.5664,1045.69,584.96,0.5544,1037.13,592.21,0.7650,1054.26,591.55,0.7325,1019.99,621.87,0.7861,1072.72,620.55,0.8041,1000.87,657.47,0.8495,1089.20,658.79,0.8375,1016.03,677.90,0.7715,1077.33,659.45,0.5971,1031.85,698.99,0.7232,1059.54,698.34,0.6978,1042.40,750.41,0.7911,1063.49,755.68,0.8000,1042.40,807.10,0.7795,1051.63,812.37,0.7680
12,top,1,892.74,374.18,980.02,589.18,926.41,395.59,0.7021,930.08,391.40,0.7262,922.21,391.40,0.7422,937.95,389.30,0.7878,918.01,391.40,0.7445,951.60,408.19,0.7594,907.51,408.19,0.8112,962.10,433.91,0.7678,898.06,431.29,0.7908,972.07,458.58,0.7645,901.21,448.09,0.8094,940.05,472.76,0.6101,919.06,472.76,0.6241,942.68,518.43,0.7083,918.01,512.13,0.6979,943.73,564.09,0.7783,932.18,542.05,0.7921
12,bottom,0,994.21,569.21,1096.60,841.77,1045.41,589.71,0.7780,1045.41,585.05,0.5606,1045.41,585.05,0.5634,1036.76,592.37,0.7580,1054.06,591.04,0.7325,1019.46,621.65,0.7824,1072.69,620.98,0.7957,999.49,656.92,0.8462,1089.99,657.58,0.8478,1016.13,676.88,0.7637,1076.02,642.94,0.6116,1032.10,698.84,0.7196,1059.38,698.17,0.6990,1042.75,750.08,0.7989,1064.04,756.07,0.8101,1042.75,806.64,0.7881,1054.06,811.96,0.7827
13,top,1,893.07,374.06,979.82,589.13,926.47,395.49,0.6917,930.15,391.29,0.7193,922.27,391.29,0.7317,937.50,389.18,0.7816,917.54,391.29,0.7410,951.15,408.09,0.7595,907.57,408.61,0.8117,962.17,433.81,0.7667,898.12,431.19,0.7881,972.15,458.49,0.7611,901.27,447.99,0.8120,940.12,472.67,0.6087,919.12,472.67,0.6238,942.75,518.35,0.7039,917.54,512.05,0.7008,943.80,564.03,0.7772,932.25,541.98,0.7935
13,bottom,0,991.90,568.81,1097.22,840.87,1044.56,589.93,0.8003,1045.22,585.28,0.5545,1045.22,585.28,0.5780,1036.59,592.59,0.7583,1053.86,591.26,0.7279,1019.99,621.15,0.7987,1071.79,620.48,0.8102,998.07,655.69,0.8607,1091.05,656.35,0.8628,1014.67,674.28,0.7867,1077.77,643.07,0.6235,1031.28,697.53,0.7301,1059.17,696.87,0.7233,1043.23,750.00,0.8080,1064.49,755.98,0.8242,1043.23,807.12,0.8140,1055.19,811.77,0.7940
14,top,1,893.29,374.14,979.66,589.22,925.97,395.57,0.6959,930.17,391.37,0.7219,922.30,391.37,0.7382,937.53,389.27,0.7855,917.57,391.37,0.7438,951.18,408.17,0.7600,907.59,408.69,0.8105,962.21,433.90,0.7693,898.67,431.27,0.7885,971.66,458.58,0.7638,901.82,448.08,0.8125,940.15,472.76,0.6125,919.15,472.76,0.6260,942.78,518.44,0.7065,917.57,512.66,0.6995,943.83,564.12,0.7757,932.27,542.07,0.7925
14,bottom,0,990.62,570.22,1098.07,833.07,1044.99,589.98,0.7944,1045.63,586.13,0.5466,1045.63,585.49,0.5735,1036.00,592.55,0.7474,1053.33,591.27,0.7220,1019.32,621.43,0.8000,1071.30,620.15,0.8143,996.86,654.16,0.8827,1091.19,655.44,0.8632,1014.83,672.77,0.8045,1080.28,641.32,0.6201,1030.87,697.80,0.7321,1058.47,697.15,0.7242,1043.71,751.06,0.8310,1064.24,756.84,0.8307,1043.06,807.53,0.8549,1056.54,810.74,0.8135
15,top,1,893.39,374.41,979.56,589.21,926.51,395.81,0.7151,930.19,391.09,0.7382,922.84,391.61,0.7562,937.53,390.04,0.7984,917.60,391.61,0.7693,951.16,408.39,0.7632,907.64,408.92,0.8112,962.17,433.57,0.7710,898.72,431.47,0.7856,971.61,458.21,0.7654,901.87,448.25,0.8120,940.15,472.90,0.6111,919.17,472.37,0.6228,942.77,518.52,0.7084,917.60,512.75,0.6948,943.82,564.14,0.7772,932.28,542.12,0.7910
15,bottom,0,989.31,570.74,1098.90,835.89,1044.11,590.68,0.7864,1045.40,586.15,0.5419,1045.40,586.15,0.5738,1035.69,592.62,0.7451,1053.17,591.98,0.7225,1018.86,622.40,0.7913,1071.29,621.11,0.8051,995.55,654.12,0.8697,1092.01,655.41,0.8587,1014.33,672.25,0.7837,1081.00,639.23,0.6144,1031.16,698.14,0.7152,1058.35,697.49,0.7164,1044.11,749.93,0.8191,1064.82,757.69,0.8227,1043.46,806.25,0.8416,1057.70,811.42,0.8134
16,top,1,893.38,375.13,979.45,589.08,925.97,395.40,0.7298,930.15,391.22,0.7477,922.32,391.22,0.7748,937.46,390.18,0.8076,917.62,391.74,0.7775,951.04,407.94,0.7627,907.17,408.98,0.8131,962.01,433.53,0.7758,898.29,431.44,0.7870,971.41,458.08,0.7682,902.47,448.68,0.8009,940.60,472.70,0.6057,918.66,472.18,0.6179,942.69,518.15,0.7111,917.62,512.40,0.6932,943.73,564.11,0.7768,932.24,542.17,0.7862
16,bottom,0,989.44,570.78,1100.42,841.00,1044.27,591.10,0.7851,1044.27,587.14,0.5242,1045.59,587.14,0.5714,1035.69,593.74,0.7561,1053.51,593.08,0.7313,1019.20,623.43,0.7859,1070.66,621.45,0.7922,994.79,653.12,0.8687,1093.09,655.09,0.8552,1014.58,672.25,0.7700,1079.90,639.92,0.6108,1031.74,697.98,0.7140,1058.12,697.32,0.7118,1044.27,749.43,0.8062,1064.72,758.67,0.7965,1043.61,806.17,0.8181,1059.44,812.77,0.8115
17,top,1,893.66,374.18,979.34,589.08,926.54,395.06,0.7336,930.21,390.87,0.7564,922.86,390.87,0.7756,937.55,389.82,0.8182,917.62,391.39,0.7852,951.19,408.18,0.7655,907.12,408.71,0.8135,962.21,433.36,0.7690,898.73,431.79,0.7808,971.66,458.02,0.7603,902.40,448.58,0.8083,940.18,472.19,0.6048,919.19,472.19,0.6177,942.80,518.36,0.7046,917.62,512.59,0.6935,943.85,564.00,0.7771,932.31,541.97,0.7889
17,bottom,0,987.02,571.34,1101.37,839.60,1044.19,592.16,0.7664,1043.54,588.23,0.5198,1045.50,587.58,0.5550,1035.68,594.78,0.7467,1053.36,593.47,0.7196,1019.30,623.60,0.7805,1071.05,622.29,0.7889,994.42,653.07,0.8615,1093.97,655.04,0.8491,1014.07,671.41,0.7679,1082.18,639.97,0.6069,1031.75,700.23,0.7114,1057.95,698.92,0.7127,1044.19,749.35,0.7943,1065.15,759.83,0.7968,1043.54,805.67,0.8284,1061.22,812.88,0.8279
18,top,1,893.73,374.70,979.30,589.12,926.04,394.48,0.7544,929.71,390.30,0.7773,922.38,390.30,0.8078,937.56,389.77,0.8369,917.67,390.82,0.7965,951.17,408.10,0.7654,907.20,409.14,0.8120,962.16,433.75,0.7761,898.82,432.18,0.7803,971.59,457.30,0.7658,903.01,448.93,0.7992,940.18,472.48,0.6045,919.24,472.48,0.6164,942.80,518.55,0.7094,917.67,512.79,0.6889,943.84,564.09,0.7771,932.33,542.11,0.7868
18,bottom,0,986.59,572.13,1101.96,851.60,1044.27,592.46,0.7344,1043.59,588.37,0.5099,1044.96,588.37,0.5432,1036.09,595.19,0.7323,1053.14,594.51,0.7168,1019.71,624.53,0.7479,1071.56,623.85,0.7672,994.47,652.50,0.8423,1095.44,655.23,0.8319,1014.25,670.93,0.7111,1081.80,642.27,0.5353,1032.67,698.90,0.6827,1057.92,697.54,0.6815,1044.96,749.39,0.7684,1065.42,760.99,0.7374,1043.59,803.97,0.7820,1062.69,812.84,0.7888
19,top,1,893.83,373.66,979.31,589.20,926.57,393.56,0.7762,930.26,389.35,0.8057,922.36,389.35,0.8288,937.62,389.35,0.8511,917.63,390.40,0.8143,950.78,408.29,0.7696,907.10,408.82,0.8177,961.83,433.02,0.7760,898.68,432.50,0.7727,971.30,457.23,0.7668,903.42,449.33,0.7865,940.26,471.96,0.6005,919.21,471.96,0.6148,942.89,518.27,0.6979,917.63,512.48,0.6907,943.94,564.05,0.7730,931.84,541.95,0.7893
19,bottom,0,986.54,573.73,1102.26,851.32,1044.40,593.24,0.7253,1043.04,589.86,0.5074,1044.40,589.18,0.5341,1036.27,595.96,0.7366,1053.21,595.28,0.7125,1020.00,625.78,0.7472,1071.51,623.74,0.7636,994.25,652.21,0.8392,1095.91,655.59,0.8315,1014.58,670.50,0.7082,1081.00,641.36,0.5516,1032.20,699.65,0.6805,1057.95,698.29,0.6804,1045.08,749.12,0.7622,1065.41,761.32,0.7352,1043.72,804.02,0.7760,1062.70,814.18,0.7706
20,top,1,893.82,373.51,979.30,589.31,926.55,393.42,0.7774,930.24,389.21,0.8072,922.86,389.21,0.8278,937.62,389.74,0.8511,918.12,390.79,0.8235,950.79,408.18,0.7720,907.06,408.70,0.8197,961.85,432.94,0.7785,899.16,432.41,0.7714,971.33,456.65,0.7722,903.90,449.27,0.7838,940.78,472.45,0.6094,919.18,472.45,0.6224,942.88,518.29,0.7001,918.12,513.02,0.6951,943.94,563.60,0.7782,932.35,542.00,0.7930
20,bottom,0,986.78,574.57,1103.05,851.65,1044.24,594.05,0.7116,1042.89,590.67,0.5145,1044.92,589.99,0.5402,1036.12,596.76,0.7424,1053.71,596.08,0.7115,1019.89,625.85,0.7462,1071.98,624.49,0.7617,994.18,652.90,0.8363,1096.33,655.61,0.8354,1014.48,670.49,0.7069,1081.45,640.73,0.5640,1032.74,700.93,0.6833,1058.45,700.26,0.6817,1045.59,749.64,0.7525,1065.89,762.49,0.7384,1044.24,803.76,0.7717,1062.51,814.58,0.7791
21,top,1,893.90,373.52,979.29,589.18,926.59,392.90,0.7848,930.28,388.69,0.8185,922.91,388.69,0.8383,937.12,389.21,0.8547,918.17,390.79,0.8306,950.81,408.17,0.7703,907.11,409.22,0.8192,961.87,432.91,0.7781,899.22,432.39,0.7681,971.35,456.08,0.7724,903.95,449.23,0.7807,940.81,472.40,0.6091,919.22,472.40,0.6214,942.91,518.21,0.6919,918.17,512.94,0.6949,943.97,563.48,0.7737,932.38,541.90,0.7933
21,bottom,0,987.00,575.25,1103.70,854.28,1044.67,594.19,0.7071,1043.31,590.79,0.5082,1045.35,590.10,0.5490,1036.50,596.92,0.7406,1053.53,596.23,0.7138,1020.15,626.89,0.7467,1071.92,624.85,0.7679,994.26,652.78,0.8364,1096.44,656.18,0.8382,1015.38,671.85,0.6998,1087.59,643.24,0.5487,1033.09,701.14,0.6832,1058.30,699.78,0.6820,1046.03,749.51,0.7615,1065.79,762.45,0.7370,1043.99,803.32,0.7793,1063.06,814.90,0.7778
22,top,1,893.95,373.37,979.24,589.34,926.58,392.77,0.7785,930.27,388.56,0.8122,922.89,388.56,0.8307,937.12,389.08,0.8502,917.61,390.66,0.8272,950.83,408.06,0.7702,907.07,409.12,0.8172,961.90,432.85,0.7755,899.16,433.37,0.7669,970.87,456.05,0.7699,903.90,449.72,0.7752,940.81,472.39,0.6087,919.20,472.39,0.6198,942.92,518.26,0.6969,918.14,513.52,0.6967,943.98,563.61,0.7749,932.38,541.99,0.7928
22,bottom,0,987.79,575.86,1104.15,855.59,1045.29,594.84,0.7185,1043.92,591.43,0.5235,1045.29,590.75,0.5564,1037.09,597.58,0.7447,1054.16,596.89,0.7157,1020.70,626.94,0.7507,1071.92,625.58,0.7609,994.75,652.89,0.8355,1097.19,656.31,0.8394,1015.92,672.02,0.6944,1085.58,642.65,0.5504,1032.99,701.38,0.6842,1058.26,700.02,0.6829,1045.97,749.87,0.7566,1066.46,762.85,0.7372,1043.92,803.82,0.7768,1063.04,816.80,0.7827
23,top,1,893.98,373.61,979.35,589.30,926.66,391.94,0.7707,930.35,387.73,0.8046,922.98,388.25,0.8193,937.19,388.78,0.8414,917.71,389.83,0.8222,950.88,407.74,0.7665,906.65,409.32,0.8161,961.94,432.49,0.7726,899.28,433.01,0.7686,970.89,455.65,0.7662,904.02,449.86,0.7717,940.88,471.98,0.6061,919.29,471.98,0.6171,942.99,517.79,0.6938,918.24,513.58,0.6947,944.04,563.60,0.7673,931.93,542.01,0.7891
23,bottom,0,988.83,576.38,1104.66,854.22,1045.39,595.23,0.7049,1044.03,591.84,0.5288,1046.06,591.16,0.5550,1037.92,597.95,0.7363,1054.20,597.27,0.7052,1020.97,627.79,0.7495,1072.52,625.76,0.7604,994.51,653.57,0.8390,1097.62,656.96,0.8389,1016.90,672.56,0.6865,1086.76,643.39,0.5490,1033.18,703.09,0.6855,1058.27,701.73,0.6846,1046.74,749.89,0.7504,1066.41,763.46,0.7430,1044.03,802.80,0.7842,1063.02,817.72,0.7912
24,top,1,894.20,373.45,979.44,589.50,926.80,392.33,0.7749,930.49,388.11,0.8043,922.58,388.11,0.8210,937.35,388.64,0.8432,917.83,390.22,0.8225,950.53,407.63,0.7671,906.75,409.21,0.8163,961.61,432.42,0.7722,899.37,432.95,0.7663,971.10,455.63,0.7716,904.64,449.83,0.7678,941.04,471.98,0.6021,918.89,471.98,0.6137,943.15,517.87,0.6941,918.36,513.12,0.6877,944.20,563.76,0.7674,932.07,542.13,0.7902
24,bottom,0,989.61,576.46,1104.96,855.67,1045.92,595.41,0.6991,1044.56,592.00,0.5268,1046.60,591.32,0.5569,1038.42,598.13,0.7402,1054.10,597.45,0.7082,1021.38,628.13,0.7523,1072.51,626.08,0.7573,995.48,654.03,0.8362,1098.41,657.44,0.8345,1016.61,671.75,0.6828,1089.55,644.49,0.5474,1032.97,703.11,0.6878,1058.87,702.43,0.6865,1046.60,750.15,0.7516,1066.37,764.46,0.7430,1043.88,803.32,0.7764,1062.96,819.00,0.7904
25,top,1,894.28,373.44,979.52,589.52,926.88,392.33,0.7761,930.57,388.10,0.8045,922.66,388.10,0.8228,937.43,388.63,0.8453,917.38,390.22,0.8231,950.62,407.62,0.7667,906.83,409.21,0.8161,961.69,432.42,0.7724,899.45,432.95,0.7632,971.19,455.63,0.7727,904.19,449.83,0.7616,940.59,471.46,0.6001,918.96,471.98,0.6119,942.70,517.88,0.6939,917.91,513.13,0.6876,944.29,563.77,0.7674,932.15,542.14,0.7879
25,bottom,0,989.59,576.82,1105.81,855.18,1046.34,595.71,0.7169,1044.98,592.31,0.5252,1046.34,591.63,0.5523,1038.18,598.43,0.7368,1055.17,597.75,0.7078,1021.87,628.33,0.7493,1072.84,626.29,0.7601,996.05,654.15,0.8399,1098.67,657.55,0.8367,1017.12,671.82,0.6878,1090.51,645.32,0.5584,1033.43,703.76,0.6898,1059.25,702.41,0.6876,1047.02,749.98,0.7506,1066.73,764.93,0.7369,1044.30,802.30,0.7801,1063.33,818.61,0.7902
26,top,1,894.59,373.63,979.60,589.59,926.55,391.98,0.7758,930.24,387.76,0.8033,922.33,387.76,0.8227,937.09,388.29,0.8519,917.06,389.87,0.8259,950.80,407.80,0.7645,906.51,409.38,0.8179,961.87,432.58,0.7712,900.18,433.10,0.7614,970.83,455.25,0.7740,904.40,449.98,0.7672,941.31,471.59,0.6015,919.17,471.59,0.6139,942.89,517.99,0.6958,918.11,513.24,0.6890,943.95,563.86,0.7722,932.35,542.24,0.7856
26,bottom,0,989.21,577.33,1106.48,856.46,1046.48,596.27,0.7043,1045.12,592.87,0.5250,1047.16,592.19,0.5482,1038.99,599.00,0.7369,1055.34,598.32,0.7056,1021.95,628.30,0.7488,1073.06,626.94,0.7610,996.05,654.88,0.8359,1098.96,657.61,0.8305,1017.86,672.60,0.6816,1090.10,645.34,0.5497,1033.53,703.95,0.6908,1059.43,703.27,0.6851,1046.48,750.29,0.7475,1066.93,765.28,0.7337,1044.44,802.76,0.7779,1062.84,820.48,0.7890
27,top,1,894.82,373.55,979.49,589.47,926.62,391.90,0.7757,929.78,387.68,0.8031,922.40,388.21,0.8247,936.63,388.73,0.8548,917.13,390.31,0.8256,950.86,407.71,0.7667,906.58,409.29,0.8195,961.41,432.49,0.7710,900.26,433.54,0.7596,970.90,455.15,0.7741,904.48,450.41,0.7694,941.38,471.49,0.5999,919.24,471.49,0.6123,942.96,517.88,0.6890,918.18,513.14,0.6880,944.01,563.74,0.7689,932.41,542.13,0.7882
27,bottom,0,989.41,577.38,1107.36,856.72,1046.34,596.34,0.7146,1044.98,592.93,0.5282,1047.02,592.24,0.5469,1038.84,599.06,0.7412,1055.21,598.38,0.7043,1021.79,629.07,0.7526,1072.94,627.03,0.7592,996.56,655.67,0.8392,1099.54,658.40,0.8349,1017.70,672.72,0.6836,1089.99,645.44,0.5485,1034.07,704.09,0.6879,1059.30,703.41,0.6885,1047.02,750.47,0.7447,1066.80,766.15,0.7327,1044.30,803.66,0.7792,1063.39,820.71,0.7859
28,top,1,894.82,373.51,979.47,589.65,926.59,392.40,0.7782,930.28,388.18,0.8070,922.37,388.18,0.8294,936.62,388.71,0.8582,917.09,390.29,0.8271,950.34,407.70,0.7670,906.54,409.82,0.8196,961.42,431.98,0.7717,900.21,433.56,0.7602,970.92,454.67,0.7767,904.43,449.92,0.7682,941.37,471.56,0.5985,919.73,471.56,0.6111,942.95,517.99,0.6814,918.15,513.24,0.6882,944.00,563.37,0.7655,932.39,541.74,0.7895
28,bottom,0,989.79,577.59,1107.35,857.91,1046.52,597.30,0.7077,1045.84,593.19,0.5271,1047.20,593.19,0.5530,1038.99,599.35,0.7458,1055.42,598.67,0.7102,1021.88,629.46,0.7531,1073.90,627.41,0.7597,996.56,655.47,0.8406,1099.90,658.89,0.8384,1017.78,672.58,0.6821,1088.95,645.20,0.5490,1034.20,704.74,0.6868,1059.52,704.06,0.6856,1046.52,750.60,0.7469,1067.05,765.65,0.7438,1043.78,803.29,0.7873,1062.95,821.77,0.7938
29,top,1,894.86,373.44,979.40,589.42,926.59,392.31,0.7844,929.75,388.09,0.8149,922.37,388.62,0.8380,936.60,388.62,0.8634,917.09,390.20,0.8264,950.31,407.61,0.7717,906.55,409.71,0.8200,961.39,431.86,0.7736,900.22,433.44,0.7639,970.35,454.54,0.7796,904.97,450.32,0.7747,941.35,471.41,0.5998,919.73,471.41,0.6114,943.46,517.29,0.6722,918.68,513.07,0.6875,943.99,563.16,0.7607,932.39,541.54,0.7936
29,bottom,0,991.05,577.84,1107.45,857.58,1047.20,597.50,0.7088,1045.84,594.09,0.5259,1047.89,593.41,0.5489,1039.69,600.24,0.7427,1056.08,598.87,0.7097,1022.61,629.61,0.7547,1073.84,627.56,0.7603,997.34,656.24,0.8414,1099.79,659.66,0.8371,1018.52,673.32,0.6816,1090.23,646.68,0.5472,1034.23,704.73,0.6854,1060.18,704.73,0.6854,1046.52,751.18,0.7482,1067.01,766.20,0.7314,1043.79,803.08,0.7888,1062.91,822.21,0.7896
30,top,1,895.07,373.48,979.20,589.34,926.07,392.34,0.7875,929.76,388.13,0.8180,922.38,388.65,0.8411,936.61,388.65,0.8635,917.11,390.23,0.8265,950.31,407.63,0.7720,906.57,409.73,0.8216,961.90,432.39,0.7753,900.77,433.98,0.7643,970.86,454.53,0.7818,904.99,450.31,0.7771,941.88,471.39,0.5958,919.74,471.39,0.6079,943.46,517.77,0.6681,918.69,513.55,0.6875,943.99,563.62,0.7570,932.39,542.01,0.7937
30,bottom,0,991.46,577.97,1107.53,856.37,1047.45,597.54,0.7159,1046.77,594.15,0.5219,1048.81,593.47,0.5495,1039.98,600.26,0.7467,1056.29,599.58,0.7207,1022.30,629.49,0.7568,1074.64,628.13,0.7665,997.16,656.68,0.8462,1100.47,659.40,0.8402,1018.91,673.67,0.6816,1089.59,645.80,0.5580,1034.54,705.61,0.6965,1060.37,704.93,0.6971,1046.09,751.15,0.7477,1067.16,766.78,0.7480,1044.05,803.49,0.7882,1062.41,823.20,0.8109
31,top,1,895.13,373.64,979.24,589.47,926.12,392.50,0.7764,929.81,388.29,0.8098,922.43,388.29,0.8289,936.66,388.81,0.8530,917.16,390.39,0.8196,950.36,407.26,0.7686,906.62,409.89,0.8207,961.42,432.02,0.7769,900.83,434.13,0.7647,970.38,454.15,0.7807,905.04,449.94,0.7833,941.93,471.02,0.6013,919.79,471.54,0.6137,942.98,517.39,0.6749,918.74,513.17,0.6880,944.03,563.23,0.7616,932.44,541.63,0.7923
31,bottom,0,991.78,578.10,1107.28,855.92,1048.17,597.64,0.7114,1046.82,594.25,0.5196,1049.53,593.57,0.5530,1040.03,600.35,0.7531,1056.99,599.67,0.7278,1022.40,630.19,0.7604,1074.63,628.84,0.7708,997.30,657.32,0.8522,1100.40,660.04,0.8443,1019.01,673.60,0.6849,1090.23,646.47,0.5643,1034.61,706.16,0.6988,1060.38,705.48,0.7002,1046.14,751.60,0.7498,1067.16,767.20,0.7524,1044.10,803.15,0.7909,1062.42,823.50,0.8141
32,top,1,895.38,373.69,979.22,589.37,926.24,392.54,0.7683,929.93,388.33,0.8013,922.56,388.85,0.8178,936.78,388.85,0.8458,917.29,390.96,0.8123,950.47,407.28,0.7655,906.76,409.92,0.8196,961.53,432.03,0.7749,900.97,434.14,0.7638,970.48,454.15,0.7764,905.18,449.94,0.7805,941.52,471.53,0.6021,919.93,471.53,0.6143,943.10,517.86,0.6731,918.87,513.65,0.6891,944.15,563.15,0.7617,932.56,541.56,0.7914
32,bottom,0,991.61,578.21,1107.49,856.74,1048.87,597.80,0.7223,1048.19,594.40,0.5202,1050.23,593.72,0.5571,1040.03,600.52,0.7539,1057.03,599.84,0.7285,1022.35,630.44,0.7600,1074.03,628.40,0.7723,997.87,656.96,0.8543,1100.55,661.04,0.8427,1019.63,674.64,0.6884,1088.99,646.76,0.5675,1034.59,705.24,0.6971,1060.43,705.24,0.6982,1046.15,751.47,0.7506,1067.23,767.79,0.7494,1044.11,803.83,0.7901,1061.79,823.55,0.8080
33,top,1,895.50,373.96,979.20,589.15,926.32,392.77,0.7547,930.00,388.56,0.7889,922.12,388.56,0.8036,936.83,389.09,0.8362,917.39,391.19,0.8057,950.49,407.48,0.7622,906.88,410.11,0.8183,961.52,431.65,0.7717,901.10,434.27,0.7621,970.45,454.24,0.7733,905.30,450.03,0.7712,942.08,471.57,0.6019,920.02,472.10,0.6147,943.13,517.81,0.6703,918.96,513.60,0.6895,944.18,563.51,0.7610,932.62,541.97,0.7892
33,bottom,0,991.81,578.41,1107.40,856.56,1048.93,597.97,0.7175,1047.57,594.57,0.5159,1050.28,593.89,0.5556,1040.10,600.68,0.7620,1057.07,600.00,0.7330,1022.44,630.56,0.7614,1074.05,629.20,0.7725,997.99,657.73,0.8578,1100.54,661.12,0.8466,1019.05,674.70,0.6934,1090.35,647.54,0.5691,1034.66,705.94,0.7001,1060.47,705.94,0.6994,1046.21,751.44,0.7465,1066.58,767.74,0.7553,1043.49,803.05,0.7894,1061.83,824.10,0.8145
34,top,1,895.70,374.68,979.25,589.12,927.01,392.90,0.7706,930.15,388.71,0.7980,922.82,388.71,0.8166,936.95,389.23,0.8399,917.06,391.33,0.8152,950.57,407.56,0.7625,906.59,410.17,0.8184,961.56,432.16,0.7702,901.35,434.26,0.7602,970.98,454.15,0.7705,906.07,450.49,0.7661,942.19,471.95,0.5988,920.20,471.95,0.6103,943.24,518.02,0.6814,919.15,513.83,0.6870,944.28,563.57,0.7660,932.77,542.10,0.7864
34,bottom,0,991.69,578.62,1107.29,857.31,1048.81,598.21,0.7294,1048.13,594.13,0.5218,1050.17,594.13,0.5604,1039.96,600.93,0.7607,1056.97,600.25,0.7310,1022.95,630.87,0.7612,1074.66,629.51,0.7740,997.78,657.41,0.8612,1100.52,661.49,0.8435,1019.55,675.10,0.6943,1091.68,648.56,0.5725,1034.52,705.72,0.7000,1060.38,705.04,0.6999,1046.09,751.30,0.7506,1066.50,767.63,0.7554,1043.37,803.02,0.7951,1061.06,823.43,0.8211
35,top,1,895.71,374.84,979.31,589.08,926.53,393.04,0.7714,930.19,388.85,0.7962,922.34,388.85,0.8187,936.99,389.38,0.8403,917.11,391.47,0.8121,951.11,407.68,0.7622,906.65,410.30,0.8183,961.57,431.75,0.7713,901.42,434.36,0.7609,970.99,453.71,0.7714,906.13,450.58,0.7630,942.22,471.50,0.5947,920.25,472.02,0.6070,943.27,518.05,0.6825,919.20,513.87,0.6876,944.31,563.56,0.7649,932.80,542.11,0.7865
35,bottom,0,991.67,578.83,1107.23,854.84,1049.45,598.24,0.7168,1048.10,594.87,0.5140,1050.80,594.20,0.5587,1040.01,600.93,0.7671,1057.53,600.26,0.7356,1022.49,631.26,0.7658,1074.38,629.91,0.7785,998.24,657.54,0.8629,1099.99,662.26,0.8507,1019.80,675.06,0.6953,1093.25,648.78,0.5908,1034.62,706.73,0.7063,1060.23,706.06,0.7065,1046.08,751.88,0.7470,1066.97,768.05,0.7694,1044.06,802.42,0.7926,1060.90,825.33,0.8349
36,top,1,895.65,374.79,979.36,588.90,926.53,393.50,0.7662,930.19,389.32,0.7922,922.35,389.32,0.8131,936.98,389.84,0.8389,917.12,391.41,0.8045,951.10,407.62,0.7640,906.67,410.23,0.8165,961.55,432.18,0.7695,901.44,434.28,0.7574,970.96,454.14,0.7695,906.67,450.48,0.7618,942.73,471.39,0.6005,920.78,471.91,0.6123,943.78,517.91,0.6720,919.21,513.73,0.6838,944.30,563.39,0.7600,932.80,541.96,0.7859
36,bottom,0,991.69,579.05,1107.04,850.72,1048.70,598.82,0.7399,1048.70,594.84,0.5158,1050.69,594.17,0.5640,1040.08,601.47,0.7689,1057.99,600.81,0.7388,1022.84,631.32,0.7742,1074.57,629.99,0.7865,998.29,658.51,0.8632,1099.77,663.15,0.8577,1020.18,675.09,0.6981,1091.81,648.56,0.6151,1034.11,707.59,0.7174,1060.64,706.93,0.7191,1046.05,752.03,0.7511,1066.61,767.95,0.7790,1044.06,802.44,0.7836,1060.64,825.65,0.8379
37,top,1,895.54,374.78,979.35,588.67,926.48,393.47,0.7624,930.14,389.29,0.7884,922.31,389.29,0.8078,936.93,389.82,0.8342,917.08,391.38,0.8018,951.03,407.05,0.7665,906.64,410.18,0.8177,961.99,432.11,0.7684,901.42,434.72,0.7539,970.87,454.05,0.7683,906.64,450.39,0.7467,942.67,471.80,0.6014,920.74,471.80,0.6134,943.72,517.75,0.6660,919.69,514.10,0.6837,944.24,563.71,0.7559,932.75,541.77,0.7863
37,bottom,0,991.53,579.27,1106.93,851.77,1049.23,599.09,0.7450,1047.90,595.10,0.5197,1050.56,594.44,0.5658,1039.92,601.75,0.7739,1057.88,601.09,0.7453,1022.62,631.03,0.7725,1074.51,630.36,0.7858,998.01,658.30,0.8645,1099.79,662.96,0.8582,1019.96,674.93,0.6920,1091.81,648.99,0.6149,1033.93,707.53,0.7152,1060.54,706.87,0.7167,1045.91,751.44,0.7416,1066.53,768.07,0.7777,1043.91,802.00,0.7794,1060.54,825.95,0.8397
38,top,1,895.98,374.74,979.41,588.56,926.73,393.42,0.7764,930.38,389.25,0.7980,922.55,389.25,0.8213,937.17,389.77,0.8409,917.33,391.34,0.8082,950.74,407.52,0.7646,906.89,410.13,0.8183,961.71,431.53,0.7677,902.19,434.67,0.7496,971.10,453.98,0.7670,906.89,450.33,0.7550,943.44,471.73,0.5986,920.99,471.73,0.6113,944.48,517.67,0.6599,919.42,513.49,0.6832,944.48,563.61,0.7547,932.99,541.68,0.7838
38,bottom,0,991.57,579.36,1106.90,856.42,1049.24,598.84,0.7305,1048.56,595.46,0.5223,1050.59,594.78,0.5650,1040.44,601.55,0.7684,1058.03,600.87,0.7388,1023.53,631.31,0.7645,1074.27,630.63,0.7809,998.51,658.37,0.8608,1099.97,663.10,0.8455,1020.83,675.95,0.6891,1092.53,650.25,0.5949,1034.36,706.39,0.7052,1060.06,705.72,0.7058,1045.86,751.71,0.7486,1066.82,767.95,0.7629,1043.83,803.12,0.7950,1060.06,825.44,0.8298
39,top,1,896.00,374.78,979.51,588.50,926.80,393.46,0.7767,929.93,389.29,0.7986,922.63,389.29,0.8238,936.72,389.81,0.8439,917.41,391.37,0.8076,950.80,407.03,0.7658,906.97,410.16,0.8194,961.76,431.55,0.7677,902.28,434.68,0.7510,971.15,453.99,0.7659,907.50,450.33,0.7531,943.50,471.73,0.5976,921.06,471.73,0.6097,944.54,517.64,0.6586,919.50,512.95,0.6818,944.02,563.56,0.7534,933.06,542.17,0.7848
39,bottom,0,991.44,579.49,1106.93,856.84,1049.18,598.99,0.7257,1047.83,594.93,0.5256,1051.21,594.93,0.5687,1040.38,601.70,0.7684,1057.99,601.02,0.7408,1023.45,631.49,0.7646,1074.24,630.82,0.7805,998.40,658.58,0.8601,1099.97,663.99,0.8454,1020.74,676.18,0.6881,1092.52,651.13,0.5999,1034.29,706.65,0.7034,1060.69,706.65,0.7034,1046.47,751.35,0.7459,1066.79,768.27,0.7612,1043.77,802.81,0.7915,1060.69,825.83,0.8275
40,top,1,896.02,374.79,979.55,588.54,926.83,392.95,0.7753,930.48,388.77,0.8002,922.65,388.77,0.8229,936.74,389.30,0.8383,917.43,390.86,0.8137,950.83,407.04,0.7645,906.99,410.17,0.8200,961.79,431.57,0.7668,902.30,434.70,0.7528,971.18,454.01,0.7640,907.52,450.35,0.7550,943.53,471.75,0.5967,921.08,471.75,0.6092,944.57,517.67,0.6591,919.52,512.98,0.6826,944.05,563.60,0.7529,933.09,541.68,0.7849
40,bottom,0,991.36,579.60,1106.87,856.80,1049.12,599.09,0.7307,1048.44,595.03,0.5257,1051.15,595.03,0.5689,1040.32,601.80,0.7665,1057.92,601.12,0.7423,1023.40,630.90,0.7634,1074.84,630.22,0.7813,998.36,658.65,0.8572,1099.88,664.06,0.8446,1020.70,676.24,0.6889,1092.43,651.20,0.5996,1034.23,706.70,0.7031,1060.62,706.70,0.7029,1046.41,751.36,0.7447,1066.72,768.28,0.7603,1043.71,803.47,0.7898,1060.62,825.80,0.8276
41,top,1,896.25,374.27,979.57,588.81,926.91,393.02,0.7683,930.05,388.83,0.7930,922.72,388.83,0.8160,936.86,389.35,0.8414,917.48,390.92,0.8060,951.00,407.16,0.7693,907.00,410.30,0.8169,962.00,431.26,0.7719,902.81,434.92,0.7494,971.43,454.30,0.7663,907.53,450.64,0.7600,943.67,471.59,0.5918,921.15,471.59,0.6052,944.19,517.68,0.6619,919.57,513.49,0.6808,944.19,563.78,0.7556,932.67,541.78,0.7879
41,bottom,0,991.27,579.73,1106.86,854.03,1049.06,599.69,0.7346,1048.39,595.67,0.5233,1051.07,595.67,0.5691,1040.36,602.37,0.7692,1057.77,601.70,0.7453,1023.62,631.83,0.7647,1074.51,631.16,0.7881,998.17,658.62,0.8652,1099.29,664.65,0.8491,1019.60,676.03,0.6954,1093.26,651.25,0.6210,1034.33,707.50,0.7072,1060.45,706.83,0.7090,1046.38,751.70,0.7402,1066.47,768.44,0.7745,1044.37,802.60,0.7902,1059.78,827.37,0.8361
42,top,1,896.37,373.53,979.57,588.99,926.40,393.42,0.8004,930.08,388.68,0.8185,922.72,389.21,0.8482,936.92,389.21,0.8681,917.46,391.31,0.8186,951.12,407.09,0.7719,906.94,410.77,0.8143,962.17,431.82,0.7727,903.26,435.50,0.7471,971.11,454.44,0.7699,907.99,451.28,0.7415,943.23,471.79,0.5878,921.14,471.79,0.6021,944.29,517.56,0.6632,920.09,513.35,0.6888,944.29,563.85,0.7562,933.24,541.76,0.7900
42,bottom,0,991.14,579.94,1106.83,851.20,1049.65,599.67,0.7444,1048.99,595.70,0.5203,1050.97,595.04,0.5739,1040.38,602.32,0.7656,1058.26,601.66,0.7452,1023.16,631.46,0.7750,1074.81,631.46,0.7920,997.99,659.28,0.8675,1099.32,664.57,0.8581,1020.51,676.49,0.6947,1090.71,650.67,0.6224,1033.75,708.28,0.7172,1060.25,707.62,0.7156,1046.34,751.99,0.7458,1066.87,769.21,0.7764,1043.69,802.32,0.7785,1060.25,826.83,0.8330
43,top,1,896.61,373.24,979.60,589.12,926.51,392.64,0.7822,929.67,388.42,0.8042,922.29,388.95,0.8267,937.05,388.95,0.8696,917.55,391.05,0.8050,951.28,407.39,0.7720,907.01,410.56,0.8112,961.82,432.16,0.7713,903.32,435.33,0.7434,971.31,454.30,0.7702,908.59,451.67,0.7372,943.37,471.69,0.5851,921.24,471.69,0.6005,943.90,517.55,0.6672,919.66,513.33,0.6880,944.43,563.93,0.7611,932.83,541.79,0.7881
43,bottom,0,991.27,580.00,1106.73,855.08,1049.67,599.34,0.7251,1048.33,595.98,0.5195,1051.68,595.31,0.5763,1040.27,602.03,0.7630,1057.73,601.35,0.7418,1023.48,631.58,0.7673,1074.52,630.90,0.7858,997.96,659.11,0.8611,1099.37,664.48,0.8462,1019.45,675.90,0.6871,1091.98,651.05,0.6072,1034.22,708.14,0.7064,1060.42,706.79,0.7068,1046.31,751.79,0.7433,1066.46,768.58,0.7692,1043.63,802.83,0.7902,1059.74,826.33,0.8341
44,top,1,897.12,373.09,979.62,589.16,926.24,392.50,0.7720,929.93,388.28,0.7912,922.02,388.28,0.8121,936.79,388.81,0.8622,917.27,390.39,0.8013,951.56,407.27,0.7765,907.24,410.97,0.8098,962.11,432.07,0.7715,903.55,435.76,0.7434,971.08,454.22,0.7700,908.30,451.59,0.7404,943.64,471.63,0.5901,921.49,472.16,0.6058,944.17,518.05,0.6748,919.90,513.83,0.6936,944.17,563.95,0.7687,933.09,541.79,0.7887
44,bottom,0,991.36,580.23,1106.55,848.66,1048.95,599.76,0.7541,1048.95,595.83,0.5195,1050.92,595.83,0.5795,1039.78,602.38,0.7651,1057.47,601.73,0.7478,1022.74,631.87,0.7811,1075.16,631.87,0.7939,997.83,659.40,0.8660,1099.41,665.30,0.8595,1019.46,675.78,0.7005,1090.24,650.88,0.6394,1033.88,709.20,0.7225,1060.75,707.89,0.7214,1046.33,753.11,0.7569,1066.64,769.50,0.7889,1043.71,803.57,0.7871,1060.09,827.17,0.8409
45,top,1,897.55,373.04,979.51,589.03,925.88,391.92,0.7599,929.57,387.70,0.7793,922.18,387.70,0.7982,936.95,388.76,0.8540,917.44,390.34,0.7961,951.72,407.21,0.7777,906.89,411.43,0.8094,962.26,432.00,0.7683,903.73,435.69,0.7363,971.23,454.67,0.7653,909.00,451.51,0.7287,943.81,471.55,0.5911,921.66,472.07,0.6076,944.33,518.48,0.6768,920.08,514.26,0.6950,944.33,564.36,0.7715,932.73,541.68,0.7867
45,bottom,0,991.44,580.24,1106.49,850.24,1048.97,599.88,0.7488,1048.97,595.93,0.5184,1050.94,595.93,0.5736,1040.40,602.52,0.7614,1057.54,601.86,0.7469,1023.26,632.18,0.7761,1074.67,631.52,0.7907,998.21,659.21,0.8643,1099.06,665.14,0.8544,1019.96,675.69,0.6938,1092.47,651.96,0.6400,1033.81,708.65,0.7129,1060.17,707.99,0.7135,1045.67,752.81,0.7515,1066.76,769.29,0.7808,1043.69,802.91,0.7803,1060.17,827.30,0.8378
46,top,1,897.87,373.75,979.56,588.52,926.13,392.00,0.7354,929.80,387.80,0.7551,922.46,387.80,0.7713,936.62,389.37,0.8478,917.74,390.42,0.7994,951.30,407.20,0.7763,907.26,411.40,0.8099,962.31,432.37,0.7592,903.59,436.57,0.7290,971.23,454.92,0.7566,909.88,453.34,0.7003,943.96,472.22,0.5868,921.94,472.74,0.6061,944.49,518.36,0.6782,919.84,514.17,0.6918,944.49,564.51,0.7732,932.95,541.96,0.7812
46,bottom,0,991.36,580.40,1106.45,843.50,1048.91,600.19,0.7706,1048.91,595.69,0.5198,1050.83,595.05,0.5723,1039.91,602.11,0.7617,1057.90,601.47,0.7437,1023.21,631.66,0.7859,1074.60,631.02,0.8034,998.16,659.28,0.8631,1099.01,665.06,0.8612,1019.36,675.98,0.7085,1091.30,651.57,0.6473,1034.13,709.38,0.7285,1060.47,708.74,0.7209,1045.69,753.06,0.7711,1066.25,769.12,0.7974,1043.77,804.45,0.8173,1059.83,826.29,0.8453
47,top,1,898.04,373.82,979.58,589.63,926.17,391.10,0.7751,929.85,386.88,0.7925,922.48,387.41,0.8089,936.70,388.46,0.8581,917.21,390.04,0.8148,950.93,406.90,0.7749,907.20,411.65,0.8140,961.99,432.19,0.7641,904.04,436.94,0.7353,970.95,454.85,0.7564,909.83,453.27,0.7102,944.08,471.71,0.5968,921.95,471.71,0.6126,944.08,518.08,0.6979,920.37,514.39,0.6892,944.61,563.92,0.7823,933.01,541.79,0.7785
47,bottom,0,991.37,580.48,1106.17,842.67,1048.77,600.19,0.7719,1048.77,595.71,0.5146,1050.69,595.71,0.5668,1039.81,602.75,0.7632,1057.73,601.47,0.7495,1023.16,631.56,0.7878,1075.02,630.92,0.8074,997.56,659.72,0.8616,1098.70,665.49,0.8645,1019.32,676.37,0.7055,1090.38,651.40,0.6429,1034.05,709.65,0.7313,1060.29,709.01,0.7207,1045.57,753.18,0.7738,1066.05,768.55,0.7985,1043.65,803.75,0.8231,1059.65,826.80,0.8464
48,top,1,897.86,373.93,979.49,589.59,926.04,391.20,0.8222,929.73,386.99,0.8276,922.36,387.52,0.8605,936.57,388.57,0.8783,917.09,390.15,0.8376,951.31,407.52,0.7763,907.09,412.26,0.8168,961.84,432.80,0.7590,904.98,438.59,0.7177,970.79,454.91,0.7601,911.30,456.49,0.6543,944.47,472.28,0.5920,922.36,472.28,0.6074,943.94,518.09,0.7010,920.25,514.40,0.6885,944.47,563.89,0.7848,932.89,541.78,0.7778
48,bottom,0,991.39,580.65,1105.99,842.21,1048.69,599.68,0.7711,1048.69,595.85,0.5175,1050.61,595.21,0.5636,1039.75,602.23,0.7622,1057.63,601.59,0.7496,1023.15,631.61,0.7861,1074.87,630.97,0.8066,997.61,659.70,0.8603,1099.14,665.45,0.8624,1019.32,676.31,0.7039,1090.20,652.04,0.6396,1034.01,709.51,0.7309,1060.83,708.87,0.7195,1045.50,752.93,0.7727,1066.57,768.90,0.7998,1044.22,804.02,0.8207,1059.55,827.01,0.8462
49,top,1,898.14,373.88,979.60,589.81,926.75,391.70,0.8551,930.44,387.48,0.8561,922.53,388.01,0.8880,937.29,389.06,0.8913,917.26,391.17,0.8545,951.52,408.04,0.7752,907.77,412.78,0.8135,962.07,432.82,0.7682,905.66,438.62,0.7202,971.03,455.48,0.7649,910.93,456.54,0.6767,945.20,472.88,0.5950,923.06,472.88,0.6083,944.14,518.22,0.6934,920.42,514.00,0.6884,944.67,564.08,0.7868,933.07,541.94,0.7754
49,bottom,0,991.39,580.65,1105.89,842.39,1048.64,600.33,0.7614,1048.00,596.49,0.5124,1050.56,595.85,0.5605,1039.70,602.88,0.7636,1057.59,601.60,0.7466,1023.08,632.28,0.7860,1075.48,631.00,0.8064,998.16,659.76,0.8613,1098.48,665.51,0.8623,1019.25,675.73,0.7025,1092.09,653.37,0.6442,1033.94,710.24,0.7292,1060.78,708.96,0.7185,1046.09,753.05,0.7727,1066.53,769.03,0.7990,1044.17,803.53,0.8200,1060.14,826.54,0.8466
50,top,1,898.40,374.23,979.58,589.62,926.90,392.01,0.8644,930.58,387.80,0.8574,922.69,388.32,0.8986,937.41,389.38,0.8857,917.43,391.48,0.8489,952.14,408.83,0.7676,907.97,414.09,0.8036,962.65,434.07,0.7634,905.86,438.81,0.7266,971.07,456.16,0.7593,911.12,457.21,0.7046,945.83,473.51,0.5950,923.22,472.99,0.6025,944.25,518.73,0.7105,921.11,514.53,0.6712,944.77,563.96,0.7778,933.21,541.87,0.7668
50,bottom,0,991.14,580.54,1105.80,847.92,1048.47,600.65,0.7511,1047.16,596.73,0.5259,1049.77,596.08,0.5749,1039.33,602.61,0.7754,1057.61,601.96,0.7545,1023.01,632.64,0.7828,1075.23,631.33,0.8058,997.55,659.40,0.8706,1098.73,665.93,0.8636,1019.09,675.72,0.7045,1091.55,653.53,0.6310,1034.11,709.66,0.7286,1060.87,709.01,0.7241,1046.51,752.75,0.7599,1066.74,769.72,0.7931,1043.90,803.01,0.7778,1059.56,827.17,0.8409
51,top,1,899.28,373.89,979.11,590.34,927.57,392.28,0.8642,931.27,388.05,0.8557,923.34,388.58,0.9033,937.61,390.16,0.8867,918.05,391.75,0.8628,952.40,408.66,0.7647,909.07,415.00,0.8026,964.03,432.97,0.7495,906.43,439.84,0.7229,970.37,455.69,0.7398,911.18,457.81,0.6954,946.59,474.72,0.5961,923.87,474.72,0.6015,945.53,519.11,0.7115,921.75,515.94,0.6812,944.48,564.03,0.7871,933.38,541.83,0.7681
51,bottom,0,991.18,580.61,1105.63,849.93,1048.40,600.20,0.7475,1047.74,596.26,0.5251,1049.72,595.60,0.5692,1039.85,602.83,0.7642,1056.95,601.52,0.7449,1022.76,631.76,0.7753,1075.36,631.10,0.7976,997.77,659.38,0.8665,1098.37,665.95,0.8514,1019.47,676.47,0.6968,1093.11,655.43,0.6376,1033.94,709.35,0.7186,1060.24,708.69,0.7153,1046.43,752.75,0.7514,1066.81,769.19,0.7851,1043.80,802.06,0.7791,1059.58,827.05,0.8377
52,top,1,899.15,374.30,978.17,589.47,928.15,392.58,0.8461,931.83,388.38,0.8450,923.95,388.91,0.8931,938.13,390.48,0.8941,918.70,392.06,0.8535,952.84,408.87,0.7417,909.77,416.22,0.7996,968.08,428.31,0.7773,906.09,439.86,0.7020,969.13,452.47,0.7339,911.34,457.20,0.6621,947.06,474.53,0.6045,924.48,474.53,0.6151,945.49,519.18,0.7278,922.38,516.56,0.6954,944.44,563.31,0.7728,933.93,541.77,0.7685
52,bottom,0,991.24,580.74,1105.47,846.37,1048.36,600.07,0.7466,1047.71,596.18,0.5156,1050.30,595.53,0.5676,1039.28,602.66,0.7665,1057.44,601.37,0.7545,1023.07,632.49,0.7785,1075.59,631.20,0.8027,997.77,659.73,0.8620,1098.29,666.22,0.8585,1019.18,676.59,0.6965,1091.81,654.54,0.6272,1034.09,709.67,0.7227,1060.68,709.02,0.7175,1046.41,753.11,0.7609,1066.52,769.33,0.7910,1043.82,803.05,0.7846,1060.03,826.40,0.8360
53,top,1,899.40,374.91,982.01,585.70,928.87,392.30,0.8521,931.96,388.18,0.8437,924.76,388.70,0.8873,939.17,390.24,0.9001,919.61,392.30,0.8335,954.09,408.77,0.7275,910.35,415.97,0.7983,974.16,425.24,0.7840,905.71,439.65,0.6963,969.53,448.40,0.7221,910.86,458.17,0.6265,947.91,475.16,0.5992,925.78,475.67,0.6183,945.86,520.45,0.7329,922.70,516.84,0.6800,944.31,565.22,0.7844,933.50,541.55,0.7548
53,bottom,0,991.21,580.78,1105.42,841.79,1048.32,600.41,0.7548,1048.32,595.95,0.5117,1050.86,595.31,0.5586,1038.76,602.32,0.7577,1057.87,601.68,0.7477,1022.83,632.27,0.7826,1075.08,630.99,0.8032,997.97,659.67,0.8582,1098.02,666.04,0.8528,1019.64,676.87,0.6933,1092.92,655.21,0.6415,1034.30,710.65,0.7317,1059.79,710.65,0.7134,1045.77,753.34,0.7659,1066.16,769.27,0.7932,1043.85,803.05,0.8133,1059.79,827.26,0.8439
54,top,1,899.57,374.43,986.94,584.94,928.87,392.31,0.8318,932.46,387.69,0.8216,924.75,388.20,0.8506,940.17,390.26,0.8749,920.13,392.31,0.8000,955.08,408.25,0.7194,911.39,415.95,0.8027,978.72,420.07,0.8000,906.77,439.60,0.6543,970.49,442.17,0.7206,912.93,458.61,0.5373,947.88,476.09,0.6048,926.30,476.09,0.6308,946.85,521.31,0.7317,922.70,516.69,0.6958,945.31,563.97,0.7750,933.49,541.36,0.7685
54,bottom,0,991.05,580.79,1105.36,838.46,1048.21,600.16,0.7722,1048.84,595.76,0.5169,1050.72,595.13,0.5552,1039.40,602.68,0.7483,1057.64,601.42,0.7440,1023.04,631.62,0.7834,1075.26,630.99,0.8107,997.88,659.92,0.8528,1098.53,665.59,0.8536,1019.27,676.91,0.6924,1093.50,656.15,0.6567,1034.37,710.25,0.7362,1060.16,710.25,0.7132,1045.69,753.03,0.7725,1065.82,768.75,0.7918,1043.80,803.35,0.8174,1059.53,826.00,0.8419
55,top,1,899.98,374.65,988.09,576.24,929.76,391.77,0.8360,933.21,386.85,0.8131,925.33,387.34,0.8496,941.08,389.80,0.8565,920.41,391.77,0.8019,956.34,407.03,0.7175,912.04,415.89,0.7977,979.96,419.33,0.8064,907.12,438.53,0.6772,973.07,439.02,0.7030,912.54,456.25,0.6485,948.96,473.96,0.5730,927.30,473.96,0.6017,947.48,520.72,0.7291,923.36,516.29,0.6881,945.51,563.05,0.7700,934.19,540.41,0.7641
55,bottom,0,991.34,580.79,1105.30,838.53,1048.32,600.17,0.7732,1048.95,595.77,0.5212,1050.21,595.14,0.5603,1039.51,602.69,0.7462,1057.76,601.43,0.7437,1023.15,631.64,0.7835,1075.38,631.01,0.8105,997.98,659.95,0.8521,1098.03,665.61,0.8568,1019.37,676.94,0.6922,1092.99,655.55,0.6560,1034.48,710.29,0.7370,1060.27,709.66,0.7126,1045.80,753.08,0.7726,1065.94,768.81,0.7894,1043.91,803.42,0.8161,1059.65,826.07,0.8412
56,top,1,900.78,373.76,988.58,583.93,930.31,391.10,0.8475,933.91,386.48,0.8424,925.70,386.99,0.8623,941.60,389.05,0.8836,921.08,391.61,0.7963,957.00,407.52,0.7388,912.87,415.22,0.7985,980.09,422.40,0.8100,906.20,435.74,0.6439,977.52,439.85,0.6733,906.71,441.90,0.6167,949.81,475.25,0.5968,928.26,474.23,0.6188,947.76,521.43,0.7437,924.16,515.79,0.7029,945.71,563.51,0.7731,933.39,540.42,0.7921
56,bottom,0,991.25,580.56,1105.31,843.29,1048.28,600.32,0.7561,1048.28,595.83,0.5124,1050.85,595.19,0.5638,1039.30,602.24,0.7543,1057.90,600.96,0.7492,1023.26,631.75,0.7809,1075.22,631.11,0.8022,997.61,659.97,0.8563,1098.31,665.75,0.8596,1019.42,677.29,0.6957,1090.61,653.56,0.6341,1034.17,710.65,0.7315,1060.47,710.65,0.7144,1045.71,753.62,0.7612,1066.24,769.66,0.7894,1043.79,803.65,0.8049,1059.83,826.74,0.8386
57,top,1,901.21,373.27,992.91,581.52,931.30,389.95,0.8363,934.86,385.88,0.8390,927.23,385.88,0.8558,941.98,388.93,0.8695,921.64,389.95,0.8139,957.23,408.25,0.7430,914.01,414.35,0.7883,978.07,424.52,0.7597,907.91,435.71,0.6244,982.65,442.82,0.6419,907.91,436.72,0.6220,951.13,473.33,0.5689,929.27,472.31,0.5925,948.08,520.61,0.7345,924.69,515.53,0.6976,945.53,563.83,0.7671,933.84,539.93,0.7934
57,bottom,0,991.29,580.72,1105.33,842.52,1048.31,599.77,0.7530,1048.31,595.93,0.5131,1050.86,595.29,0.5628,1038.72,602.32,0.7558,1057.89,601.05,0.7478,1023.38,631.72,0.7806,1075.15,631.09,0.8011,997.81,659.85,0.8554,1098.16,665.60,0.8552,1019.54,677.11,0.6942,1091.77,655.37,0.6400,1034.24,710.98,0.7334,1059.81,710.98,0.7140,1045.75,753.17,0.7606,1066.20,769.15,0.7886,1043.83,803.66,0.8091,1059.81,826.67,0.8400
58,top,1,902.02,371.37,997.08,586.34,931.70,389.11,0.8590,935.38,385.44,0.8855,927.50,385.44,0.8785,942.72,388.58,0.8933,922.78,389.63,0.8480,957.94,409.05,0.7625,914.38,413.25,0.7961,976.31,426.90,0.7280,907.56,431.62,0.6721,987.33,447.37,0.7330,907.56,431.10,0.6392,951.65,474.13,0.5923,929.08,473.61,0.6169,948.50,519.79,0.7379,924.88,515.07,0.7200,945.87,563.88,0.7676,934.33,540.79,0.8016
58,bottom,0,991.15,580.79,1105.22,851.74,1048.85,599.84,0.7338,1047.53,596.53,0.5264,1050.17,595.87,0.5734,1039.59,602.49,0.7535,1056.79,601.83,0.7413,1023.05,632.25,0.7686,1075.31,630.93,0.7922,998.58,660.70,0.8510,1098.46,665.99,0.8433,1019.75,678.56,0.6889,1089.20,655.41,0.6056,1034.30,709.65,0.7210,1060.76,709.65,0.7102,1046.20,751.99,0.7406,1066.71,769.85,0.7759,1044.22,801.60,0.7841,1059.43,827.40,0.8314
59,top,1,902.19,370.59,1000.53,587.99,932.78,389.06,0.8769,937.03,384.81,0.9124,929.07,384.81,0.9104,943.93,388.53,0.9046,924.29,389.59,0.8688,958.26,410.29,0.7793,915.80,412.94,0.8016,976.31,429.93,0.7435,907.30,431.52,0.6732,989.58,449.57,0.7599,907.84,428.87,0.6794,952.42,473.98,0.6092,930.13,473.45,0.6354,948.71,519.63,0.7384,925.35,515.38,0.7291,946.05,563.15,0.7750,934.37,540.86,0.8165
59,bottom,0,991.00,581.10,1105.43,858.52,1048.21,600.60,0.7391,1046.86,596.54,0.5360,1049.57,596.54,0.5708,1039.41,603.31,0.7631,1057.02,602.64,0.7516,1023.15,633.12,0.7626,1075.98,631.08,0.7864,998.77,661.56,0.8460,1098.33,665.63,0.8386,1019.76,678.50,0.6875,1087.50,662.24,0.5743,1033.99,708.97,0.7081,1060.40,708.97,0.6908,1045.50,750.97,0.7421,1066.50,769.25,0.7528,1044.15,803.12,0.7943,1059.73,826.83,0.8169
60,top,1,902.07,371.01,1000.46,587.72,934.33,388.36,0.8994,938.04,384.13,0.9265,930.10,384.13,0.9248,944.92,388.36,0.9182,924.81,388.89,0.8825,958.14,410.58,0.7801,916.35,412.17,0.8109,976.66,432.28,0.7685,907.35,430.69,0.6784,990.95,452.91,0.7764,907.88,428.57,0.6799,952.32,474.60,0.5994,930.63,473.54,0.6240,948.09,519.05,0.7403,925.87,513.75,0.7155,945.45,563.49,0.7775,934.86,541.27,0.8235
60,bottom,0,992.80,581.96,1104.78,859.49,1048.11,601.48,0.7419,1046.76,598.09,0.5499,1049.47,597.41,0.5652,1039.98,604.19,0.7664,1056.92,603.51,0.7431,1023.72,634.00,0.7655,1075.89,632.64,0.7837,999.33,663.13,0.8383,1098.93,667.20,0.8121,1018.98,680.07,0.6990,1090.12,673.30,0.6031,1033.21,708.53,0.7168,1060.31,708.53,0.6887,1044.72,751.22,0.7304,1065.73,770.87,0.7485,1044.05,803.39,0.7888,1058.95,827.78,0.8143
61,top,1,902.30,371.28,999.06,588.46,935.30,388.67,0.8893,939.01,384.43,0.9021,931.06,384.96,0.9040,945.91,388.14,0.9232,925.76,388.67,0.8663,959.16,410.41,0.7975,917.28,410.94,0.8202,976.66,433.21,0.7567,907.73,430.56,0.6890,989.92,456.01,0.7535,908.79,428.44,0.6670,952.27,476.16,0.6032,931.06,475.10,0.6306,948.03,519.11,0.7290,926.29,512.21,0.7215,945.91,563.12,0.7744,934.77,541.38,0.8350
61,bottom,0,993.40,583.28,1104.36,859.31,1047.53,602.69,0.7198,1046.18,599.32,0.5506,1048.88,598.64,0.5604,1039.44,605.38,0.7577,1056.29,604.71,0.7429,1023.27,635.03,0.7647,1075.16,634.36,0.7788,999.68,664.69,0.8421,1098.07,669.40,0.8162,1019.23,684.23,0.7142,1089.31,676.82,0.6514,1034.05,709.17,0.7147,1060.34,709.84,0.6905,1043.49,751.62,0.7202,1064.38,771.17,0.7484,1042.81,803.51,0.7837,1057.64,828.45,0.8048
62,top,1,902.83,371.49,993.61,587.02,936.65,388.75,0.8839,940.33,384.54,0.8844,932.44,384.54,0.9106,946.64,388.23,0.9413,927.18,388.75,0.8779,959.27,411.38,0.7959,917.18,411.38,0.8290,977.16,435.58,0.7658,907.71,434.53,0.6994,987.16,461.36,0.7479,911.39,427.16,0.5954,952.96,475.04,0.6063,931.91,473.99,0.6269,948.75,518.19,0.7423,927.18,510.30,0.6948,945.59,563.97,0.7884,935.59,541.87,0.8344
62,bottom,0,995.50,584.08,1103.23,859.55,1046.68,603.45,0.7051,1045.33,599.41,0.5375,1048.02,598.74,0.5413,1037.93,605.46,0.7504,1056.09,604.79,0.7521,1023.14,636.40,0.7674,1074.92,634.38,0.7759,1000.94,668.01,0.8333,1097.79,669.35,0.8057,1019.10,686.84,0.7199,1092.41,679.44,0.7090,1034.57,709.71,0.7065,1060.80,710.38,0.6877,1041.97,752.08,0.7162,1064.16,770.91,0.7395,1041.97,803.86,0.7752,1057.44,828.07,0.7976
63,top,1,902.63,371.13,994.29,576.78,938.41,388.60,0.8766,941.93,384.59,0.8615,933.90,385.09,0.8973,947.45,388.10,0.8993,927.87,388.10,0.8710,960.00,411.70,0.7735,917.83,411.20,0.8180,976.57,437.30,0.7444,908.29,436.80,0.6665,986.11,464.42,0.7194,912.81,433.79,0.5601,953.98,473.45,0.5953,932.89,472.45,0.6177,951.47,518.64,0.7590,927.87,509.10,0.6580,947.45,563.83,0.7850,935.90,542.74,0.8107
63,bottom,0,996.24,582.14,1102.38,854.92,1044.65,602.65,0.7229,1043.32,598.66,0.5263,1045.98,597.32,0.5398,1037.32,604.65,0.7473,1055.30,603.32,0.7297,1022.01,635.95,0.7933,1074.62,633.95,0.7768,1002.03,670.58,0.8488,1096.59,669.91,0.8023,1018.68,689.23,0.7566,1091.27,681.90,0.7257,1033.99,709.21,0.7074,1061.96,709.87,0.7045,1039.32,752.49,0.7291,1065.96,770.47,0.7644,1040.65,803.11,0.7741,1059.30,824.42,0.8151
64,top,1,905.42,373.32,989.79,585.21,939.85,389.77,0.8284,943.47,386.15,0.8520,935.71,386.15,0.8527,948.64,390.28,0.8827,928.99,389.77,0.8734,960.54,412.53,0.7756,918.12,412.01,0.8174,975.03,439.95,0.7485,910.88,433.74,0.6404,983.30,469.43,0.7255,910.36,440.98,0.6269,956.92,473.57,0.6107,934.16,472.54,0.6322,953.82,517.54,0.7155,929.50,509.27,0.6764,952.78,562.03,0.7562,935.71,543.93,0.7950
64,bottom,0,997.96,580.34,1100.77,854.78,1042.67,600.98,0.6717,1039.99,597.63,0.5130,1044.01,596.29,0.5190,1035.30,603.66,0.7295,1054.06,602.32,0.7222,1021.23,634.48,0.8021,1074.16,633.14,0.7817,1003.81,671.33,0.8495,1094.26,670.66,0.8115,1016.54,691.43,0.7742,1088.90,688.75,0.7226,1034.63,708.85,0.7024,1062.77,709.52,0.6919,1037.31,754.41,0.7267,1068.13,768.48,0.7815,1040.66,804.66,0.7883,1062.77,816.72,0.7897
65,top,1,908.00,375.21,987.78,582.39,940.30,392.30,0.8161,943.84,388.26,0.8333,936.26,388.26,0.8446,949.41,392.30,0.8541,929.68,391.29,0.8437,961.55,414.05,0.7763,918.55,413.55,0.8123,974.70,441.37,0.7421,912.99,435.80,0.6173,980.26,468.68,0.6802,912.48,444.40,0.5691,959.52,471.21,0.6059,935.75,470.71,0.6321,958.01,515.72,0.7065,927.66,507.63,0.6828,957.50,561.25,0.7794,936.76,545.06,0.7660
65,bottom,0,999.25,579.58,1100.31,847.38,1041.28,601.03,0.6219,1037.36,597.10,0.4513,1043.90,596.45,0.4827,1033.44,603.64,0.7067,1052.40,601.68,0.7370,1020.36,633.72,0.8039,1073.32,631.76,0.7682,1005.32,670.98,0.8340,1093.59,669.02,0.8152,1015.78,691.90,0.7657,1087.70,687.33,0.7367,1036.05,708.90,0.6915,1062.86,709.56,0.6791,1037.36,755.98,0.7337,1068.74,765.13,0.7934,1041.28,807.63,0.8007,1066.13,808.28,0.7786
66,top,1,910.34,378.98,987.69,578.23,941.72,394.94,0.8245,945.12,391.53,0.8372,937.82,391.04,0.8604,949.99,395.42,0.8434,931.01,394.94,0.8567,962.63,417.31,0.7751,920.31,415.37,0.8238,975.77,445.53,0.7387,916.42,439.20,0.6763,981.12,474.71,0.6828,915.93,459.15,0.6797,961.66,467.90,0.5997,937.82,467.90,0.6215,959.23,510.22,0.7205,926.64,506.82,0.6951,964.58,556.44,0.7726,935.88,544.28,0.7601
66,bottom,0,999.96,579.09,1098.80,840.82,1039.16,600.69,0.6637,1035.96,596.85,0.4358,1041.08,595.57,0.4714,1031.49,603.24,0.6965,1051.30,601.32,0.7445,1019.99,633.27,0.8062,1071.75,629.44,0.7615,1006.57,670.98,0.8059,1092.20,666.50,0.8049,1015.52,691.42,0.7384,1083.89,688.87,0.7201,1036.60,706.76,0.6824,1064.08,706.12,0.6715,1037.24,755.32,0.7547,1068.55,760.44,0.7986,1040.44,807.08,0.8096,1068.55,801.97,0.8064
67,top,1,913.56,383.73,987.88,571.38,943.39,398.76,0.8483,947.05,395.55,0.8357,939.26,395.09,0.8522,951.63,399.68,0.8176,932.39,398.76,0.8250,963.55,420.29,0.7940,921.86,417.54,0.8352,976.37,449.15,0.7391,920.48,439.53,0.7040,982.33,480.76,0.6723,918.65,463.81,0.6831,963.55,467.48,0.6289,939.26,467.48,0.6512,960.80,508.71,0.7402,926.90,506.42,0.6926,972.71,553.15,0.7687,935.60,544.90,0.7698
67,bottom,0,1002.86,578.12,1097.75,830.78,1037.35,600.20,0.6799,1033.03,596.50,0.4409,1038.58,595.88,0.4801,1029.95,602.67,0.6826,1049.69,601.43,0.7449,1020.08,632.28,0.8137,1070.66,627.96,0.7617,1008.36,671.75,0.7682,1091.63,663.74,0.8146,1013.29,692.11,0.7083,1083.61,685.33,0.7278,1038.58,703.21,0.6880,1066.34,702.60,0.6876,1037.97,753.79,0.7815,1069.43,754.41,0.7748,1041.05,806.84,0.8332,1070.66,796.36,0.8130
68,top,1,914.85,387.05,990.52,575.56,943.48,402.60,0.8551,947.17,399.38,0.8167,939.34,398.92,0.8583,952.23,403.06,0.8153,933.82,402.60,0.7834,964.20,423.31,0.8082,924.61,419.63,0.8568,977.54,452.31,0.7322,925.07,441.72,0.7148,984.45,483.15,0.5996,922.77,466.58,0.6753,966.04,466.58,0.6489,941.64,466.58,0.6462,962.35,508.46,0.7373,928.30,507.08,0.6966,979.84,551.72,0.7951,935.66,545.28,0.7850
68,bottom,0,1003.18,577.94,1096.48,828.62,1036.37,600.46,0.7354,1033.31,596.79,0.4763,1037.59,595.56,0.5071,1028.41,602.91,0.6818,1047.99,601.07,0.7530,1019.84,632.28,0.8234,1069.41,626.16,0.7630,1009.44,672.07,0.7422,1090.22,661.66,0.8081,1012.50,691.65,0.6606,1080.43,681.25,0.7035,1040.65,701.44,0.6748,1068.80,699.61,0.6896,1037.59,752.24,0.7857,1069.41,747.34,0.7802,1041.26,806.10,0.8164,1072.47,795.08,0.8244
69,top,1,915.35,390.62,994.99,574.61,944.84,406.70,0.8567,948.43,403.11,0.8104,940.79,402.66,0.8548,953.37,407.15,0.8117,934.95,405.80,0.7868,965.05,427.37,0.8015,928.22,420.18,0.8576,979.42,455.67,0.6957,930.01,440.39,0.7131,987.51,488.46,0.5946,927.77,464.20,0.7013,969.09,469.14,0.6636,944.84,468.24,0.6815,964.60,510.02,0.7508,930.91,507.32,0.7188,982.12,553.59,0.8307,936.30,545.50,0.8181
69,bottom,0,1002.86,578.27,1095.34,823.78,1035.91,600.32,0.7623,1033.52,597.33,0.5038,1036.51,596.13,0.5156,1028.12,603.32,0.6882,1047.30,601.52,0.7451,1019.13,632.09,0.8306,1067.68,624.90,0.7650,1011.34,671.65,0.7221,1088.66,657.87,0.8073,1010.14,693.23,0.6541,1078.47,676.45,0.6476,1043.11,700.42,0.6709,1072.48,698.03,0.7041,1037.71,750.77,0.8068,1070.68,741.18,0.7937,1041.91,806.52,0.8430,1076.07,794.53,0.8458
70,top,1,916.30,394.32,995.51,574.95,944.88,410.11,0.8653,948.85,406.58,0.8175,941.36,406.14,0.8485,953.70,410.11,0.8595,936.06,409.23,0.7837,966.05,431.28,0.7948,929.45,421.57,0.8362,979.28,455.97,0.7046,934.30,441.42,0.6877,990.31,486.40,0.6301,935.18,463.47,0.6359,971.34,469.20,0.6562,947.09,468.32,0.6777,966.93,511.10,0.7440,934.30,504.04,0.7113,981.49,554.76,0.8005,935.62,545.50,0.7969
70,bottom,0,1001.23,578.56,1092.71,824.43,1035.57,600.05,0.7899,1034.37,597.05,0.5287,1035.57,596.44,0.5303,1028.96,603.05,0.6637,1045.77,601.25,0.7262,1019.36,632.46,0.8215,1066.18,624.66,0.7694,1012.16,671.48,0.7629,1085.99,655.27,0.8047,1009.76,694.89,0.6991,1073.99,672.08,0.5717,1045.17,699.09,0.6722,1075.19,696.69,0.7027,1037.37,750.12,0.7997,1071.58,739.31,0.8052,1041.57,805.34,0.8593,1078.19,792.74,0.8135
71,top,1,915.93,396.83,998.49,574.06,945.10,412.75,0.9054,948.99,409.29,0.8506,941.64,408.86,0.9174,954.18,412.32,0.8762,936.44,411.89,0.8098,966.73,433.95,0.7918,931.25,423.14,0.8187,982.31,458.18,0.7253,938.61,445.20,0.6093,993.99,485.44,0.6821,941.20,465.97,0.5588,974.95,471.16,0.6776,952.02,469.43,0.6677,969.33,510.11,0.7447,937.74,501.45,0.7035,982.31,554.24,0.8189,936.01,544.29,0.7821
71,bottom,0,1000.85,578.47,1091.73,826.03,1035.41,600.11,0.7913,1034.20,597.09,0.5265,1034.81,596.49,0.5383,1028.76,603.13,0.6643,1045.69,601.32,0.7282,1020.30,632.14,0.8031,1066.24,624.29,0.7578,1013.65,670.22,0.7699,1084.37,651.48,0.7821,1008.82,695.60,0.7315,1069.26,667.20,0.4909,1048.10,698.62,0.6616,1077.72,695.60,0.6858,1037.83,748.79,0.7871,1074.09,738.51,0.7907,1041.46,804.99,0.8530,1078.93,785.65,0.7935
72,top,1,917.00,398.36,1004.04,575.30,945.40,415.12,0.9006,948.86,411.23,0.8389,941.95,411.23,0.8652,954.48,414.26,0.8869,936.77,414.26,0.7772,968.30,434.13,0.7669,933.31,424.19,0.7891,985.15,457.46,0.7411,941.95,447.95,0.6209,999.40,483.81,0.7246,943.25,470.85,0.5618,977.80,470.41,0.6703,955.34,468.69,0.6901,971.32,510.16,0.7247,940.65,500.22,0.6868,982.12,555.08,0.7958,937.20,542.12,0.7810
72,bottom,0,998.37,579.40,1092.56,826.46,1035.81,600.39,0.7897,1034.61,597.38,0.5226,1035.21,596.17,0.5452,1028.57,603.41,0.6487,1046.67,601.60,0.7214,1021.94,632.36,0.7900,1065.97,623.92,0.7485,1016.51,670.36,0.7725,1081.65,647.44,0.7165,1007.46,698.10,0.7403,1058.73,663.72,0.4456,1050.29,698.71,0.6649,1079.24,695.69,0.6981,1038.23,749.37,0.7710,1076.22,737.91,0.7882,1042.45,804.86,0.8465,1079.84,781.94,0.7800
73,top,1,916.16,399.19,1006.75,576.13,946.34,415.09,0.9022,949.79,411.20,0.8601,942.45,411.20,0.8761,955.41,414.23,0.8628,937.70,414.23,0.7859,970.09,434.53,0.7575,934.24,424.59,0.7946,989.10,456.99,0.7116,941.58,443.60,0.6320,1004.65,481.61,0.7164,944.61,464.33,0.5977,979.17,468.65,0.6751,956.70,466.06,0.6911,972.69,508.39,0.7388,943.74,499.75,0.6352,982.62,554.18,0.7854,941.15,537.34,0.7670
73,bottom,0,996.41,579.77,1093.78,825.82,1036.69,600.68,0.7657,1034.29,597.67,0.5275,1035.49,596.47,0.5297,1030.08,603.68,0.6594,1048.10,601.88,0.7120,1024.07,632.51,0.7811,1067.92,624.10,0.7374,1019.27,670.96,0.7672,1079.94,644.53,0.6260,1006.05,702.20,0.7355,1056.51,664.35,0.3813,1051.71,699.19,0.6698,1080.54,696.79,0.6967,1037.29,749.05,0.7660,1076.94,737.04,0.7857,1043.30,804.32,0.8468,1080.54,781.49,0.7785
74,top,1,922.16,398.83,1009.16,576.19,947.48,415.20,0.9134,950.94,411.30,0.9059,943.58,411.73,0.9031,956.57,413.90,0.9206,938.39,414.33,0.8124,970.86,432.09,0.7450,935.35,424.29,0.8185,990.35,452.00,0.7142,940.12,441.61,0.6526,1006.80,474.09,0.7347,941.85,464.56,0.6387,981.69,466.73,0.6850,960.04,464.56,0.6954,975.19,507.43,0.7292,946.18,494.87,0.6258,982.98,554.62,0.7762,946.61,532.97,0.7605
74,bottom,0,994.81,581.05,1095.27,825.46,1038.48,601.22,0.7799,1036.09,598.23,0.5357,1036.69,597.04,0.5470,1031.32,604.20,0.6735,1049.22,602.41,0.6936,1026.54,633.44,0.7967,1067.72,623.89,0.7406,1021.17,671.63,0.7833,1077.86,640.60,0.5942,1006.26,704.45,0.7420,1056.98,662.08,0.3857,1054.59,699.68,0.6662,1083.23,696.09,0.7050,1037.29,748.61,0.7710,1076.67,733.69,0.7873,1044.45,802.91,0.8428,1079.65,780.83,0.7890
75,top,1,926.01,399.13,1016.83,576.60,948.45,415.08,0.9289,951.92,411.18,0.9240,944.55,411.61,0.8910,957.12,414.21,0.9160,939.79,414.64,0.8176,972.72,431.54,0.7317,936.32,425.91,0.8345,993.95,451.47,0.7152,939.35,441.51,0.7078,1011.71,475.30,0.7800,938.92,464.04,0.7172,985.28,465.77,0.6889,964.05,464.04,0.7131,978.35,505.20,0.7579,948.89,493.50,0.6435,984.85,553.72,0.8029,952.35,529.89,0.7853
75,bottom,0,993.13,580.52,1095.93,824.33,1039.17,601.83,0.7994,1037.39,598.26,0.5510,1037.39,597.66,0.5626,1033.22,604.21,0.6769,1049.89,602.42,0.7120,1028.46,632.78,0.8042,1067.75,623.85,0.7494,1023.70,670.28,0.7889,1076.08,653.61,0.5673,1006.44,704.21,0.7493,1053.46,672.07,0.3963,1057.03,698.85,0.6783,1084.41,695.88,0.7165,1037.39,746.47,0.7798,1075.48,732.19,0.7881,1046.32,801.24,0.8538,1079.65,779.81,0.7993
76,top,1,928.82,398.82,1024.11,575.82,950.11,415.59,0.8911,953.56,412.13,0.8879,946.22,412.13,0.8287,958.75,414.29,0.8765,941.03,415.16,0.8162,973.87,430.71,0.7173,936.71,426.39,0.8201,996.78,451.46,0.6695,937.14,442.38,0.7034,1016.22,473.06,0.7504,935.85,469.60,0.7212,987.70,463.99,0.6575,966.96,462.69,0.6907,979.92,503.31,0.7565,951.84,493.37,0.6231,988.57,553.00,0.7935,955.73,529.67,0.7837
76,bottom,0,995.50,580.14,1096.29,824.43,1039.93,600.90,0.8024,1038.14,597.92,0.5510,1038.14,596.72,0.5630,1033.96,603.88,0.6955,1050.66,602.09,0.7142,1030.98,631.31,0.8115,1068.55,622.97,0.7459,1025.61,667.10,0.7724,1076.31,652.19,0.5743,1008.32,701.69,0.7534,1055.43,671.87,0.4152,1058.42,698.11,0.6702,1084.66,695.13,0.7132,1036.35,745.23,0.7858,1074.52,730.32,0.7804,1048.28,799.50,0.8460,1079.29,780.42,0.8033
77,top,1,927.54,400.15,1030.14,576.02,951.36,416.38,0.8518,954.79,412.52,0.8475,947.07,413.38,0.8025,960.81,415.10,0.8339,942.34,415.95,0.7990,974.97,431.84,0.7205,938.91,428.84,0.8141,999.02,452.02,0.6623,937.19,444.29,0.7159,1019.63,473.06,0.7227,932.04,472.20,0.7309,989.57,464.90,0.6410,969.82,464.47,0.6794,979.27,503.97,0.7588,953.51,494.53,0.6585,995.15,551.63,0.7688,957.37,528.45,0.7727
77,bottom,0,999.14,579.12,1096.08,820.79,1041.12,598.47,0.7900,1039.94,596.11,0.5102,1039.35,594.34,0.5533,1034.63,602.01,0.6696,1051.74,599.65,0.7102,1031.68,629.16,0.8023,1067.08,618.54,0.7540,1026.37,663.38,0.7631,1077.11,628.57,0.5166,1009.26,697.01,0.7506,1057.05,663.38,0.3513,1058.23,696.42,0.6807,1084.19,693.47,0.7062,1035.81,743.03,0.7746,1073.57,730.05,0.7798,1049.38,797.31,0.8341,1079.47,780.79,0.7934
78,top,1,921.24,402.36,1035.84,575.57,952.74,417.92,0.8763,956.13,414.12,0.8481,948.52,414.96,0.8143,961.62,417.08,0.8325,943.44,417.92,0.7812,976.00,433.99,0.7003,940.90,431.88,0.8044,1001.37,452.18,0.6574,936.25,452.18,0.6920,1024.21,473.32,0.6994,926.95,476.28,0.7480,992.07,469.09,0.6388,971.35,468.25,0.6824,979.39,508.00,0.7263,953.59,495.31,0.6837,997.15,553.24,0.7679,958.24,529.14,0.7750
78,bottom,0,1000.89,577.91,1096.90,820.98,1041.77,595.59,0.7906,1041.18,593.22,0.5131,1039.99,591.44,0.5651,1035.24,598.56,0.6580,1051.86,596.78,0.6996,1031.68,625.86,0.8004,1067.29,616.36,0.7487,1026.94,658.50,0.7538,1077.38,627.05,0.4900,1010.32,692.32,0.7375,1057.20,626.45,0.3375,1057.79,692.92,0.6671,1084.50,689.36,0.6992,1034.65,742.17,0.7564,1072.63,729.71,0.7751,1048.30,796.77,0.8126,1079.16,780.15,0.7853
79,top,1,918.88,403.07,1040.76,575.29,954.17,419.80,0.8505,957.53,415.60,0.8087,949.96,416.44,0.7926,963.00,418.12,0.8190,945.34,419.38,0.7571,976.87,434.94,0.6861,942.82,433.68,0.7966,1002.94,450.92,0.6868,934.83,453.44,0.7530,1027.33,467.31,0.7003,923.47,478.25,0.6912,993.27,472.78,0.6188,973.93,471.10,0.6484,977.71,512.30,0.7009,948.70,493.38,0.7110,997.90,555.61,0.7368,957.53,529.12,0.7795
79,bottom,0,1000.91,573.45,1096.89,821.36,1042.24,592.09,0.8030,1041.63,589.07,0.5091,1040.42,587.86,0.5628,1034.98,594.51,0.6550,1051.32,593.30,0.7115,1030.74,622.36,0.8252,1067.05,613.88,0.7651,1026.50,654.43,0.7808,1084.00,624.78,0.5474,1010.16,687.72,0.7674,1061.00,622.96,0.3183,1056.16,689.54,0.6976,1083.40,687.12,0.7295,1033.77,740.98,0.7772,1073.11,729.48,0.8002,1045.87,797.87,0.8347,1079.76,780.93,0.8146
80,top,3,918.24,402.40,1043.30,576.16,955.74,419.71,0.8901,958.71,415.47,0.8772,951.50,416.74,0.8461,964.23,417.59,0.8455,946.84,419.71,0.8125,978.65,434.13,0.6897,943.44,434.13,0.8052,1005.80,446.01,0.6948,933.69,454.92,0.7543,1032.10,459.16,0.7440,921.38,479.95,0.7341,993.50,471.89,0.5972,973.14,470.19,0.6432,979.92,513.03,0.6939,943.87,491.40,0.7509,998.59,556.30,0.7672,955.32,525.76,0.7832
80,bottom,0,999.49,569.84,1101.21,819.36,1041.83,588.60,0.8488,1041.22,585.55,0.5156,1040.00,584.34,0.5755,1033.91,591.04,0.6398,1051.57,589.21,0.7118,1029.64,619.67,0.8307,1068.02,611.14,0.7888,1025.99,651.35,0.7894,1091.17,630.02,0.6079,1008.93,684.85,0.7750,1068.02,626.37,0.3686,1053.40,686.07,0.7068,1080.81,683.63,0.7346,1032.08,740.29,0.7874,1072.89,728.71,0.8141,1042.43,797.55,0.8401,1080.20,781.10,0.8356
81,top,1,920.34,400.12,1049.09,575.80,956.84,418.48,0.8676,960.27,414.19,0.8351,952.55,415.05,0.8196,966.27,415.91,0.8294,947.83,418.05,0.8381,980.86,430.49,0.7149,944.40,433.06,0.8159,1007.02,437.78,0.6422,934.96,455.37,0.7748,1034.90,450.65,0.7438,923.81,479.38,0.7403,995.44,466.52,0.6296,972.71,465.23,0.6785,991.15,510.69,0.7005,944.83,495.25,0.7212,999.30,555.73,0.7769,952.12,524.42,0.6810
81,bottom,0,998.03,566.23,1101.38,815.49,1040.57,586.19,0.8865,1039.97,583.15,0.5442,1038.14,582.54,0.6008,1033.27,588.62,0.6508,1050.31,587.41,0.7139,1029.01,617.83,0.8295,1067.35,609.31,0.7883,1024.14,650.09,0.7924,1088.65,631.83,0.6346,1006.49,683.56,0.7668,1060.66,636.70,0.2856,1051.53,684.17,0.7051,1079.52,682.34,0.7320,1030.23,738.94,0.7958,1072.83,728.59,0.8211,1038.14,796.14,0.8425,1080.13,780.93,0.8357
82,top,1,926.74,396.64,1049.98,570.16,959.55,413.92,0.8511,962.51,410.11,0.8640,954.89,411.38,0.8537,967.60,412.65,0.7863,949.80,415.19,0.8286,984.54,425.36,0.6612,945.14,433.41,0.7880,1009.96,432.99,0.6295,939.21,454.59,0.7295,1036.23,446.12,0.7292,930.74,478.32,0.6544,999.37,460.52,0.6286,972.68,462.22,0.6261,998.95,502.04,0.6347,953.19,494.41,0.6455,999.79,548.64,0.7080,944.72,533.39,0.6657
82,bottom,0,994.77,565.58,1103.69,813.61,1039.54,585.44,0.8398,1038.33,582.42,0.5267,1037.72,581.21,0.5779,1032.27,587.87,0.6541,1049.83,586.66,0.7117,1027.43,617.54,0.8247,1067.39,609.06,0.7780,1022.59,650.84,0.7975,1091.62,635.70,0.7177,1004.42,683.54,0.7954,1093.43,649.02,0.4423,1049.23,684.75,0.6929,1075.87,682.93,0.7243,1028.04,738.64,0.7980,1072.24,728.96,0.8235,1033.48,795.56,0.8473,1080.11,781.03,0.8424
83,top,1,931.72,394.00,1048.82,568.82,962.10,410.98,0.8364,965.09,407.14,0.8588,957.40,408.42,0.8355,970.21,410.56,0.8071,952.28,413.55,0.8143,986.85,421.65,0.6810,947.16,434.03,0.7812,1012.46,430.19,0.6568,945.03,454.09,0.7058,1036.36,442.57,0.7356,939.05,476.71,0.6177,998.80,459.64,0.6532,971.91,464.34,0.6837,1000.51,501.04,0.6840,959.11,504.46,0.7081,1004.78,545.00,0.7432,943.32,533.48,0.7541
83,bottom,0,989.13,565.74,1104.09,813.29,1038.15,585.56,0.8114,1037.55,581.94,0.5222,1036.34,581.33,0.5672,1032.11,587.98,0.6372,1049.03,586.17,0.7133,1026.67,618.80,0.8237,1066.56,610.34,0.7979,1020.62,653.86,0.7933,1091.34,641.17,0.7714,1000.07,685.29,0.8056,1095.57,660.51,0.6031,1047.22,685.29,0.6880,1073.81,683.47,0.7182,1024.85,739.08,0.7982,1070.79,729.41,0.8347,1027.88,794.68,0.8495,1079.85,780.78,0.8501
84,top,1,934.91,389.42,1047.12,559.37,966.53,407.18,0.8622,969.44,403.03,0.8274,961.56,404.69,0.7924,974.42,407.18,0.7812,956.16,410.50,0.8125,989.77,417.97,0.7136,950.77,433.32,0.8085,1013.00,427.10,0.6771,950.35,456.14,0.7071,1036.24,439.96,0.7185,948.28,478.13,0.6175,998.90,458.63,0.6740,971.51,463.19,0.7258,1003.46,498.04,0.7133,965.29,504.27,0.7662,1009.68,542.02,0.7965,947.45,534.97,0.8109
84,bottom,0,982.81,567.06,1101.77,820.39,1037.35,587.34,0.8538,1037.96,583.63,0.5442,1035.49,583.01,0.5765,1031.16,589.82,0.6658,1047.86,587.96,0.7366,1024.98,620.74,0.8428,1065.80,612.70,0.8174,1017.55,658.47,0.8031,1088.68,647.34,0.7948,995.29,688.16,0.8115,1094.86,670.84,0.6727,1045.39,687.54,0.6956,1071.98,685.06,0.7266,1021.26,740.73,0.8059,1068.89,729.59,0.8207,1020.65,796.39,0.8570,1079.40,780.93,0.8606
85,top,1,934.77,387.27,1044.49,555.75,970.30,405.70,0.7824,973.18,402.00,0.7404,965.77,402.82,0.7586,978.52,404.87,0.7959,961.25,408.17,0.8182,993.33,414.75,0.6993,955.90,432.02,0.7737,1011.84,423.39,0.6559,957.54,457.94,0.6651,1031.59,434.90,0.6992,959.60,483.03,0.5855,1000.32,459.99,0.6768,974.00,464.93,0.6759,1009.37,496.19,0.7021,966.18,506.06,0.7360,1011.43,532.39,0.7756,947.26,533.21,0.7734
85,bottom,0,980.54,569.61,1100.03,819.89,1036.01,590.87,0.8756,1036.01,587.21,0.5620,1033.56,586.60,0.5909,1029.29,593.32,0.6730,1046.40,592.10,0.7517,1023.18,624.48,0.8536,1064.73,616.54,0.8347,1015.23,661.14,0.8121,1086.72,651.98,0.8027,992.01,690.47,0.8346,1092.83,678.25,0.7381,1042.73,691.08,0.7153,1069.62,688.64,0.7380,1016.45,744.24,0.8335,1065.95,730.19,0.8367,1013.40,798.02,0.8892,1078.78,780.91,0.8734
86,top,1,934.98,381.83,1040.76,554.73,978.16,400.74,0.6548,980.70,396.52,0.6539,973.52,397.79,0.6775,985.34,398.21,0.7548,968.03,402.43,0.8034,998.85,409.18,0.6882,960.86,426.49,0.7451,1011.93,418.89,0.6239,961.70,450.97,0.5867,1028.40,431.13,0.7065,971.83,460.26,0.4224,1001.80,458.57,0.6588,978.59,462.37,0.6486,1018.27,493.61,0.6947,969.30,499.94,0.6338,1014.47,518.94,0.7150,947.35,532.02,0.7403
86,bottom,0,975.61,571.41,1098.26,825.33,1034.46,593.60,0.8730,1034.46,590.50,0.5791,1032.60,589.88,0.5842,1027.64,596.70,0.6697,1044.37,595.46,0.7667,1020.20,627.70,0.8471,1062.97,620.26,0.8483,1010.90,666.13,0.8057,1083.43,656.84,0.8223,989.20,691.55,0.8432,1089.63,687.83,0.7999,1039.41,694.03,0.7116,1066.07,691.55,0.7262,1012.76,747.35,0.8298,1064.83,731.85,0.8068,1005.94,801.90,0.9026,1078.47,780.82,0.8523
87,top,1,935.32,374.29,1039.71,554.13,984.88,391.76,0.6577,987.52,387.37,0.6401,980.93,388.69,0.6346,993.66,389.13,0.7129,976.10,393.52,0.7785,1004.64,404.50,0.7203,968.20,417.23,0.7340,1012.98,417.23,0.5885,962.93,440.94,0.6579,1028.79,427.33,0.6643,983.56,447.09,0.4828,1004.64,455.87,0.6600,981.37,459.38,0.6378,1026.59,492.75,0.7100,971.27,498.89,0.6349,1018.25,505.48,0.7485,947.12,531.82,0.7465
87,bottom,0,974.94,574.46,1094.87,828.04,1032.43,596.00,0.8560,1032.43,592.29,0.5757,1029.95,591.67,0.5794,1025.00,598.48,0.6699,1042.33,597.24,0.7689,1016.33,630.67,0.8273,1060.29,623.24,0.8340,1006.43,667.82,0.7785,1080.10,662.86,0.8266,986.00,692.58,0.8321,1085.67,695.06,0.7770,1033.67,698.15,0.6934,1061.52,695.68,0.7144,1009.52,749.54,0.8119,1064.00,734.06,0.7931,1000.85,803.40,0.8831,1078.24,781.11,0.8277
88,top,1,935.74,363.19,1046.70,554.23,994.95,379.42,0.6508,997.28,375.22,0.6400,990.75,376.15,0.6473,1003.35,378.95,0.7036,984.69,383.15,0.7110,1012.21,398.07,0.7255,977.69,406.47,0.7042,1015.94,414.87,0.5576,967.43,426.53,0.6394,1033.20,423.73,0.6291,992.15,434.92,0.5156,1008.94,454.04,0.6721,986.09,456.38,0.6518,1033.66,491.36,0.6201,974.89,495.09,0.6355,1023.87,499.75,0.5986,947.84,531.94,0.7356
88,bottom,0,973.96,576.02,1091.52,828.29,1029.66,596.84,0.8738,1029.66,593.15,0.5716,1027.81,592.53,0.5781,1021.65,599.92,0.7148,1039.51,598.69,0.7797,1011.80,630.71,0.8213,1057.99,625.79,0.8290,1000.10,668.90,0.7978,1077.08,666.44,0.8079,984.08,692.30,0.8301,1081.39,699.08,0.7594,1027.20,698.46,0.6839,1056.14,697.23,0.7101,1006.25,752.04,0.8084,1063.53,737.26,0.7696,1000.71,805.63,0.8662,1078.31,781.61,0.8028
89,top,1,936.55,358.41,1058.93,553.80,1006.33,371.67,0.6171,1008.23,367.38,0.6200,1001.56,368.81,0.6260,1013.48,370.72,0.6732,995.83,374.53,0.6513,1021.59,390.75,0.7513,988.68,397.91,0.7137,1023.98,409.83,0.5630,975.80,418.42,0.7201,1042.10,420.33,0.6559,1001.56,427.96,0.6059,1015.39,448.00,0.6626,992.02,450.38,0.6337,1037.81,484.25,0.6537,976.27,491.88,0.6475,1025.41,496.65,0.6447,949.08,530.05,0.7582
89,bottom,0,975.72,576.22,1090.84,828.36,1027.13,597.02,0.8783,1027.13,593.94,0.5656,1025.28,593.33,0.6019,1018.51,600.10,0.7486,1036.97,598.87,0.7899,1006.20,629.65,0.8458,1055.44,627.19,0.8283,994.50,667.20,0.8036,1073.29,667.81,0.7966,984.65,689.97,0.7910,1077.60,701.05,0.7390,1021.59,699.82,0.6996,1050.52,699.21,0.7072,1004.35,752.76,0.8243,1062.21,742.30,0.7575,1001.27,810.01,0.8889,1078.22,783.54,0.7507
90,top,1,941.06,352.70,1073.08,548.14,1019.00,366.92,0.6309,1019.95,362.63,0.6497,1013.75,364.06,0.6176,1023.77,366.44,0.6357,1007.07,370.26,0.6792,1029.02,387.44,0.7110,1000.39,392.69,0.7310,1032.36,407.48,0.5314,986.08,415.59,0.7286,1053.83,415.11,0.6269,1012.32,423.22,0.6224,1019.95,444.69,0.6480,998.01,445.65,0.6355,1039.52,482.39,0.7262,979.87,485.73,0.6523,1027.59,497.66,0.7136,954.11,522.47,0.7197
90,bottom,0,978.03,576.57,1093.43,827.72,1024.08,596.69,0.8426,1024.08,593.62,0.5284,1024.08,593.62,0.6127,1016.72,599.14,0.6971,1034.51,599.14,0.7607,1002.62,629.18,0.8428,1052.90,628.57,0.7959,988.52,666.58,0.7641,1069.45,668.42,0.7779,984.23,687.43,0.6853,1074.36,700.92,0.7268,1017.34,699.69,0.6985,1045.54,699.69,0.6906,1002.62,753.65,0.8129,1061.48,746.29,0.7562,1000.78,810.67,0.8793,1078.04,785.54,0.7484
91,top,1,951.16,350.09,1083.65,540.57,1030.43,362.56,0.6163,1030.89,359.30,0.6325,1024.85,360.69,0.5911,1034.61,363.49,0.5242,1017.87,367.21,0.6368,1036.01,385.34,0.6353,1013.22,389.06,0.6874,1041.12,404.41,0.4842,998.34,414.64,0.6902,1064.84,408.13,0.5858,1026.71,420.22,0.5837,1022.06,441.61,0.6020,1003.92,440.68,0.6040,1041.12,479.74,0.6526,988.11,480.67,0.6171,1023.45,500.67,0.6821,960.21,520.67,0.7025
91,bottom,0,974.54,575.08,1097.06,828.56,1023.42,596.62,0.7732,1021.57,593.52,0.4932,1024.66,593.52,0.5686,1014.76,599.09,0.6756,1033.33,599.71,0.7633,999.91,628.18,0.8389,1050.65,629.42,0.8051,983.82,664.69,0.7842,1066.74,669.64,0.7674,983.82,686.97,0.7247,1072.31,701.20,0.7365,1014.14,699.97,0.7028,1042.61,699.35,0.6777,1001.76,753.80,0.7917,1061.17,745.14,0.7679,1000.53,810.12,0.8749,1074.17,790.93,0.8421
92,top,3,954.03,349.09,1097.32,539.43,1039.20,361.70,0.6330,1040.14,358.43,0.6270,1034.07,359.37,0.5827,1043.87,361.23,0.5134,1026.61,364.50,0.6415,1042.93,383.15,0.6400,1023.81,385.02,0.7057,1046.20,400.41,0.4425,1012.15,413.47,0.6849,1072.32,396.68,0.4866,1042.00,412.54,0.5848,1028.01,438.19,0.6075,1010.28,436.33,0.6036,1044.33,476.91,0.6851,995.36,478.77,0.6378,1022.88,503.50,0.6948,965.97,517.95,0.7129
92,bottom,0,972.97,574.51,1092.32,828.11,1022.12,596.06,0.7698,1020.88,593.58,0.4931,1023.98,592.96,0.5541,1013.45,599.16,0.6846,1032.64,599.16,0.7585,998.59,626.40,0.8283,1048.74,629.49,0.8025,980.64,662.93,0.8154,1064.22,669.74,0.7715,982.49,685.83,0.7522,1069.79,700.07,0.7277,1010.97,698.83,0.7135,1039.45,698.83,0.6752,1002.31,753.94,0.8045,1059.89,744.03,0.7932,1000.45,810.28,0.8734,1068.55,797.28,0.8932
93,top,3,961.61,352.33,1062.08,537.73,1046.70,354.96,0.7062,1047.60,351.34,0.5964,1042.62,351.34,0.6618,1050.32,356.32,0.5423,1034.93,356.77,0.7024,1047.60,378.49,0.6663,1032.21,378.04,0.7509,1036.74,402.03,0.4416,1024.97,407.91,0.6815,1039.46,419.23,0.3605,1052.13,395.69,0.5890,1034.48,435.98,0.6383,1016.37,435.07,0.6127,1048.06,473.09,0.7075,1001.44,476.71,0.6085,1023.61,502.51,0.6899,971.56,514.28,0.7074
93,bottom,0,971.52,574.27,1080.40,827.74,1022.25,595.80,0.7722,1021.01,592.09,0.4869,1022.87,592.71,0.5291,1012.97,598.90,0.7442,1032.15,598.90,0.7474,996.88,626.12,0.8123,1048.24,629.22,0.7944,977.69,662.02,0.8272,1063.09,670.06,0.7705,980.17,686.15,0.7268,1068.66,699.15,0.7404,1008.02,699.76,0.7156,1036.48,699.15,0.6714,1001.83,753.60,0.8233,1057.52,744.32,0.8082,999.35,809.92,0.8811,1062.47,800.63,0.9024
94,top,3,971.61,329.91,1095.61,529.42,1049.20,344.91,0.6569,1050.17,341.99,0.6279,1043.84,342.97,0.5883,1055.04,344.91,0.5624,1038.97,349.78,0.6774,1055.53,368.78,0.6140,1038.97,369.75,0.7730,1056.99,386.80,0.3641,1039.46,397.52,0.7060,1079.89,369.27,0.4346,1060.40,377.55,0.6168,1042.87,429.18,0.6213,1024.84,427.23,0.6123,1049.20,471.56,0.7260,1009.74,468.63,0.6019,1024.36,501.27,0.7570,981.01,507.60,0.7522
94,bottom,0,970.22,574.28,1073.56,828.15,1021.89,596.47,0.7871,1020.65,592.75,0.5055,1023.13,592.75,0.5230,1012.59,598.95,0.7913,1031.81,599.57,0.7540,996.48,625.60,0.8242,1047.92,629.94,0.8205,976.03,663.41,0.8382,1061.56,671.46,0.7769,978.50,688.82,0.7360,1067.13,697.49,0.7567,1005.15,700.59,0.7287,1033.67,699.97,0.6886,1001.44,755.13,0.8446,1055.36,747.08,0.8338,999.58,811.53,0.8972,1056.60,804.10,0.9157
95,top,2,980.53,324.57,1075.41,522.25,1055.48,334.61,0.6278,1056.93,331.71,0.5603,1051.14,331.71,0.5626,1060.31,336.54,0.5086,1045.34,338.47,0.6090,1059.34,358.74,0.6201,1045.34,358.26,0.7528,1064.65,382.87,0.4305,1049.21,382.87,0.6701,1073.82,354.39,0.4262,1062.72,356.81,0.5419,1050.17,420.03,0.4888,1036.17,419.55,0.4896,1048.72,464.91,0.5731,1018.32,461.54,0.4993,1025.07,499.18,0.5675,989.84,498.70,0.6787
95,bottom,0,969.19,575.89,1072.30,833.18,1022.01,597.75,0.7370,1020.75,593.35,0.5090,1023.89,593.98,0.4938,1011.95,600.26,0.7834,1031.43,600.26,0.7401,994.99,627.90,0.8088,1047.13,631.67,0.8123,975.52,663.70,0.8294,1060.95,672.50,0.7776,975.52,692.60,0.7423,1066.60,698.25,0.7503,1003.79,702.65,0.7186,1032.06,702.02,0.6838,1001.28,756.04,0.8273,1052.78,752.27,0.8272,999.39,812.58,0.8841,1050.27,807.55,0.8818
96,top,1,989.69,307.08,1077.46,516.41,1056.57,324.87,0.6122,1059.13,321.29,0.5465,1051.97,321.80,0.5314,1064.24,325.38,0.5344,1048.91,329.98,0.5583,1063.22,349.40,0.6016,1049.93,346.84,0.7442,1068.33,372.90,0.4508,1057.60,364.22,0.7002,1073.95,344.80,0.3899,1067.82,340.20,0.7098,1057.08,409.19,0.4857,1048.91,409.19,0.5462,1050.95,454.67,0.5619,1027.44,452.63,0.4685,1029.49,491.47,0.5764,998.82,489.42,0.6343
96,bottom,0,967.25,577.91,1073.43,838.78,1021.62,598.80,0.7242,1019.71,594.98,0.5049,1023.53,594.98,0.4806,1012.06,601.35,0.7765,1031.81,601.98,0.7336,995.50,628.73,0.8023,1046.46,633.83,0.8116,975.12,665.04,0.8148,1061.10,673.95,0.7796,973.85,696.24,0.7541,1066.84,698.15,0.7471,1003.15,705.16,0.7139,1031.17,705.16,0.6857,1001.24,757.39,0.8193,1049.64,758.02,0.8250,999.33,813.43,0.8857,1044.55,812.80,0.8564
97,top,3,995.98,300.05,1080.66,499.29,1063.62,317.47,0.6138,1066.54,314.06,0.5304,1058.75,314.55,0.5186,1068.97,318.93,0.4872,1053.89,321.85,0.5758,1065.08,342.28,0.5523,1055.83,341.79,0.6760,1073.83,361.73,0.4486,1059.24,349.08,0.6308,1078.21,337.90,0.3581,1066.54,325.74,0.6274,1042.22,401.13,0.4917,1057.29,401.62,0.5353,1055.35,444.42,0.5313,1055.83,444.42,0.5273,1037.35,473.12,0.5209,1036.86,476.53,0.5063
97,bottom,0,966.00,580.52,1074.44,850.43,1022.86,600.82,0.6637,1019.56,596.86,0.4738,1026.15,596.86,0.5021,1011.66,603.45,0.7780,1032.08,604.11,0.7448,995.18,631.13,0.7981,1046.58,636.40,0.7989,975.41,667.37,0.8026,1061.08,676.60,0.7771,972.78,699.00,0.7558,1067.67,699.66,0.7472,1002.43,708.89,0.7070,1029.45,709.55,0.6885,1000.45,759.63,0.7826,1045.26,765.56,0.8154,999.14,813.00,0.8425,1038.67,819.59,0.8355
98,top,1,1000.68,289.06,1088.36,486.40,1074.39,323.65,0.5765,1076.80,320.76,0.5161,1071.50,320.28,0.4780,1076.80,324.13,0.4891,1064.28,325.10,0.5559,1078.25,341.96,0.6332,1061.39,342.44,0.6025,1081.14,339.55,0.4079,1061.39,335.22,0.5502,1079.69,312.09,0.3067,1068.13,311.13,0.6642,1073.43,394.47,0.6255,1058.01,393.51,0.6159,1065.24,437.83,0.6935,1045.01,433.02,0.6033,1046.93,472.52,0.6432,1012.73,452.77,0.5971
98,bottom,0,964.72,583.67,1075.46,856.45,1022.75,604.19,0.6734,1019.42,600.86,0.4825,1026.08,600.19,0.5022,1012.10,606.85,0.7836,1032.08,607.51,0.7523,995.45,634.82,0.7974,1047.39,640.15,0.8063,975.47,671.45,0.8033,1062.71,680.10,0.7734,971.48,703.41,0.7625,1068.70,702.08,0.7226,1001.44,711.40,0.7107,1028.75,712.07,0.6931,1000.11,760.68,0.7687,1040.74,771.34,0.8042,998.78,812.63,0.8239,1033.41,827.94,0.8338
99,top,,,,,,,,,,,,,,,,,,,,,,,,,,,,,,,,,,,,,,,,,,,,,,,,,,,,,,,,
99,bottom,,,,,,,,,,,,,,,,,,,,,,,,,,,,,,,,,,,,,,,,,,,,,,,,,,,,,,,,
100,top,,,,,,,,,,,,,,,,,,,,,,,,,,,,,,,,,,,,,,,,,,,,,,,,,,,,,,,,
100,bottom,,,,,,,,,,,,,,,,,,,,,,,,,,,,,,,,,,,,,,,,,,,,,,,,,,,,,,,,
101,top,,,,,,,,,,,,,,,,,,,,,,,,,,,,,,,,,,,,,,,,,,,,,,,,,,,,,,,,
101,bottom,,,,,,,,,,,,,,,,,,,,,,,,,,,,,,,,,,,,,,,,,,,,,,,,,,,,,,,,
102,top,,,,,,,,,,,,,,,,,,,,,,,,,,,,,,,,,,,,,,,,,,,,,,,,,,,,,,,,
102,bottom,,,,,,,,,,,,,,,,,,,,,,,,,,,,,,,,,,,,,,,,,,,,,,,,,,,,,,,,
103,top,,,,,,,,,,,,,,,,,,,,,,,,,,,,,,,,,,,,,,,,,,,,,,,,,,,,,,,,
103,bottom,,,,,,,,,,,,,,,,,,,,,,,,,,,,,,,,,,,,,,,,,,,,,,,,,,,,,,,,
104,top,,,,,,,,,,,,,,,,,,,,,,,,,,,,,,,,,,,,,,,,,,,,,,,,,,,,,,,,
104,bottom,,,,,,,,,,,,,,,,,,,,,,,,,,,,,,,,,,,,,,,,,,,,,,,,,,,,,,,,
105,top,1,1043.00,294.82,1154.39,488.24,1101.52,313.14,0.7456,1103.89,308.89,0.6897,1096.80,310.31,0.6501,1107.19,312.19,0.7085,1090.66,315.50,0.7812,1118.05,324.47,0.6707,1085.94,339.11,0.7422,1141.19,313.14,0.4762,1090.66,359.89,0.6171,1142.61,313.61,0.3729,1111.91,357.05,0.4021,1118.05,387.28,0.6413,1099.16,388.69,0.6377,1126.55,424.11,0.6129,1089.72,434.03,0.6296,1128.91,451.97,0.7384,1056.19,467.55,0.7324
105,bottom,0,946.75,585.90,1073.89,853.15,1018.15,607.30,0.7769,1018.15,603.39,0.5358,1020.11,603.39,0.5075,1007.06,609.26,0.7520,1026.63,609.91,0.7382,988.79,636.66,0.8107,1042.95,643.19,0.8521,967.91,673.20,0.8150,1054.04,684.95,0.7934,964.00,709.09,0.8030,1065.13,711.70,0.8068,991.40,711.70,0.7364,1020.76,714.31,0.7034,973.13,759.33,0.8112,1042.29,769.77,0.8587,959.43,813.48,0.8582,1036.42,831.75,0.8807
106,top,3,1047.69,303.90,1163.73,496.89,1106.18,320.29,0.7096,1109.01,316.05,0.6816,1101.94,317.00,0.6539,1114.19,319.35,0.7347,1096.76,321.71,0.7790,1123.15,331.60,0.6652,1092.05,344.32,0.7434,1151.89,325.01,0.6475,1092.99,371.18,0.6819,1156.60,343.38,0.5631,1104.77,352.33,0.4835,1122.67,394.27,0.6890,1103.36,397.57,0.6653,1137.28,428.19,0.6220,1100.06,443.74,0.7139,1141.99,455.05,0.7905,1065.19,474.37,0.7686
106,bottom,0,931.98,590.06,1070.94,851.94,1016.17,610.39,0.8239,1015.53,606.56,0.5871,1018.09,607.20,0.5207,1005.94,612.95,0.7615,1025.76,613.59,0.7214,986.12,639.17,0.8142,1040.46,647.48,0.8669,965.66,674.97,0.8127,1051.97,689.04,0.7876,960.54,710.77,0.7998,1062.84,716.53,0.8034,988.04,713.33,0.7095,1018.73,716.53,0.6931,968.22,762.56,0.7998,1045.58,768.96,0.8507,947.76,814.99,0.8262,1041.10,830.97,0.9130
107,top,3,1061.66,313.78,1169.58,485.44,1111.85,331.72,0.6588,1115.20,327.95,0.6231,1108.07,328.78,0.5905,1121.48,330.46,0.6646,1103.88,332.97,0.6909,1131.54,342.61,0.6215,1098.43,354.35,0.6929,1156.69,350.58,0.6975,1092.57,384.94,0.6707,1154.17,371.11,0.6196,1108.07,366.50,0.5008,1127.77,399.61,0.5844,1108.07,402.54,0.5836,1145.37,435.65,0.5872,1112.26,447.81,0.6864,1149.98,459.96,0.6586,1075.80,474.63,0.6331
107,bottom,0,922.51,595.52,1073.42,850.80,1014.79,615.34,0.8447,1014.17,611.60,0.5870,1017.91,611.60,0.5674,1004.82,617.21,0.7560,1023.52,617.84,0.7415,984.88,644.01,0.8309,1039.72,652.74,0.8660,963.06,680.16,0.8060,1049.07,695.74,0.7892,956.83,715.68,0.8002,1060.29,724.41,0.8064,985.50,718.18,0.7141,1016.66,720.67,0.7000,963.06,766.17,0.8165,1047.20,771.15,0.8619,938.13,819.76,0.8395,1049.69,832.23,0.9066
108,top,1,1082.64,324.87,1168.62,479.03,1120.74,339.47,0.6913,1123.75,335.71,0.6456,1116.60,336.09,0.6395,1129.02,339.47,0.6924,1110.95,340.60,0.7274,1138.80,356.41,0.6332,1104.18,362.43,0.6557,1157.62,374.10,0.6997,1092.13,393.29,0.6084,1151.98,389.53,0.6387,1103.80,371.84,0.4570,1132.78,411.36,0.5791,1113.96,413.99,0.5538,1149.72,439.21,0.6098,1121.11,452.38,0.6844,1151.60,460.66,0.6770,1087.24,473.46,0.6406
108,bottom,0,909.01,602.22,1089.57,854.92,1013.48,623.07,0.8642,1012.86,618.76,0.6157,1014.72,618.76,0.5415,1003.61,624.31,0.7192,1022.12,625.54,0.7237,983.25,651.45,0.8669,1036.31,660.09,0.9126,960.42,687.24,0.8493,1046.80,703.28,0.8226,954.25,721.79,0.7995,1059.75,732.27,0.8620,983.25,724.87,0.7796,1014.10,726.72,0.7589,956.11,774.84,0.8756,1046.80,774.84,0.8832,926.49,828.52,0.8776,1061.60,837.16,0.9079
109,top,1,1086.50,332.75,1168.01,479.72,1128.33,347.03,0.7534,1131.20,343.80,0.7240,1124.02,343.80,0.7022,1135.50,347.75,0.7582,1117.21,348.47,0.7767,1144.12,367.49,0.7288,1107.16,371.07,0.7189,1154.16,393.32,0.7438,1092.45,394.04,0.8058,1144.47,407.67,0.6811,1111.46,400.49,0.6040,1136.58,415.56,0.6205,1115.41,418.08,0.6260,1155.96,443.55,0.6716,1127.61,455.03,0.6795,1152.73,461.49,0.7127,1093.88,474.41,0.6890
109,bottom,0,904.83,609.72,1103.43,861.85,1013.83,632.99,0.9050,1015.12,629.76,0.6152,1015.12,630.40,0.5277,1003.48,635.58,0.7290,1020.94,637.52,0.7253,983.44,659.50,0.8658,1033.22,670.49,0.8857,960.17,694.41,0.8521,1045.51,713.16,0.8287,951.12,730.61,0.8493,1062.31,743.54,0.8853,982.15,733.20,0.7995,1011.24,735.78,0.7683,949.82,782.33,0.8951,1048.74,781.04,0.8988,918.14,836.64,0.9013,1073.95,841.17,0.9278
110,top,1,1085.09,339.66,1167.66,484.04,1130.25,354.04,0.8180,1133.42,350.87,0.8129,1126.02,350.87,0.7680,1138.36,353.69,0.7539,1119.32,354.75,0.7334,1146.11,373.78,0.7477,1108.05,374.84,0.6589,1147.52,401.63,0.7068,1091.83,393.87,0.7614,1135.54,417.14,0.6174,1100.29,409.74,0.6457,1136.60,415.73,0.5612,1113.68,419.61,0.5790,1156.69,443.93,0.6427,1127.43,454.15,0.6384,1152.81,462.26,0.7091,1095.00,474.59,0.6497
110,bottom,0,904.79,622.09,1113.82,862.80,1014.75,642.42,0.8844,1016.11,639.02,0.5888,1014.75,639.70,0.5618,1005.23,645.82,0.7441,1022.24,647.86,0.7602,984.13,668.96,0.8743,1033.80,681.88,0.8710,960.32,702.98,0.8706,1046.05,723.39,0.8391,948.07,737.68,0.8812,1069.19,751.97,0.8666,981.41,741.76,0.8093,1009.99,744.48,0.7850,948.07,788.71,0.9204,1052.18,785.31,0.8810,916.09,842.47,0.9082,1083.48,841.79,0.9092
111,top,1,1080.31,341.37,1168.94,485.01,1128.48,357.08,0.7804,1131.64,353.92,0.7587,1124.62,353.92,0.7266,1137.25,356.73,0.7672,1118.66,357.08,0.6883,1145.67,376.01,0.7574,1106.74,374.96,0.6582,1142.51,403.02,0.7412,1087.10,392.50,0.7324,1127.43,418.80,0.5916,1088.50,407.23,0.6759,1132.34,415.29,0.5704,1108.84,418.80,0.6212,1155.49,443.00,0.6663,1121.12,452.12,0.6770,1153.03,461.93,0.7329,1090.61,474.21,0.7017
111,bottom,0,904.88,632.41,1122.11,863.32,1020.57,653.11,0.8481,1022.69,650.28,0.5958,1021.98,650.99,0.5681,1010.67,654.52,0.7351,1027.64,658.06,0.7531,988.04,677.15,0.8622,1036.13,692.00,0.8655,961.88,708.97,0.8717,1049.56,734.43,0.7991,947.03,741.50,0.8756,1078.55,759.18,0.8292,983.80,748.57,0.8009,1012.08,749.99,0.7998,949.15,791.00,0.9170,1056.63,788.17,0.8716,917.33,841.92,0.9133,1091.28,841.92,0.9202
112,top,1,1071.06,339.24,1168.79,487.60,1123.91,355.83,0.8190,1127.17,352.21,0.8189,1119.93,352.57,0.7948,1132.24,355.10,0.7925,1113.41,355.83,0.7549,1141.66,374.30,0.7514,1101.09,373.21,0.6535,1136.95,401.47,0.6908,1078.63,390.96,0.6414,1121.01,417.40,0.5795,1080.08,402.92,0.5591,1128.62,412.70,0.5773,1103.99,414.87,0.6253,1150.71,439.14,0.6207,1109.42,445.66,0.5945,1152.16,461.60,0.7412,1087.69,473.55,0.7195
112,bottom,0,904.54,640.69,1128.90,862.68,1031.32,661.85,0.8443,1030.59,657.47,0.6007,1032.78,658.93,0.5989,1018.91,661.12,0.7540,1035.71,664.78,0.7610,995.54,683.03,0.8622,1042.28,699.83,0.8636,967.78,710.06,0.8819,1058.35,739.27,0.8075,948.06,743.65,0.9161,1089.75,763.37,0.8541,986.77,753.88,0.8064,1015.26,756.07,0.8096,952.45,794.05,0.9114,1063.46,791.12,0.8729,917.39,842.25,0.9225,1099.24,842.25,0.9270
113,top,1,1061.03,333.51,1168.62,485.69,1116.68,352.38,0.7992,1120.03,349.78,0.8046,1112.60,349.78,0.8028,1124.86,352.75,0.8152,1105.91,352.75,0.8016,1134.89,371.33,0.7396,1095.51,369.85,0.6512,1133.03,398.08,0.6923,1079.90,382.85,0.4599,1117.43,415.92,0.5518,1069.87,387.68,0.4543,1124.86,411.09,0.6363,1098.85,412.20,0.6242,1144.18,441.18,0.6843,1094.76,444.90,0.6413,1152.35,459.39,0.7437,1086.22,473.88,0.8209
113,bottom,0,904.23,644.20,1134.69,864.21,1048.72,667.18,0.8593,1047.97,662.68,0.6033,1048.72,663.43,0.6984,1032.22,665.68,0.6477,1044.97,667.93,0.7695,1007.46,684.44,0.8665,1052.47,704.69,0.8707,974.45,711.45,0.8930,1071.98,745.20,0.8229,952.70,742.95,0.9524,1105.73,766.96,0.8682,994.71,755.71,0.8185,1020.21,759.46,0.8345,957.95,795.47,0.8824,1069.73,793.22,0.8900,918.94,841.23,0.9070,1104.98,844.98,0.9033
114,top,1,1053.39,331.91,1167.18,489.70,1108.35,349.94,0.8217,1111.82,346.47,0.8077,1104.50,346.47,0.7897,1117.22,348.78,0.7852,1098.72,349.55,0.8209,1128.39,367.66,0.7061,1088.71,366.12,0.6582,1131.08,393.08,0.6923,1070.99,377.29,0.4125,1119.14,413.12,0.6388,1060.97,381.14,0.4626,1120.68,408.88,0.5823,1095.26,409.65,0.6056,1137.63,440.85,0.6178,1087.55,444.70,0.6315,1147.65,456.26,0.6803,1082.54,474.75,0.7948
114,bottom,0,905.95,648.84,1142.30,864.15,1057.97,669.56,0.8816,1057.21,664.94,0.6028,1058.74,665.71,0.7071,1044.90,668.79,0.6849,1056.44,670.33,0.7833,1017.97,687.26,0.9047,1064.90,707.26,0.8995,985.65,711.88,0.8891,1087.98,746.50,0.8667,958.73,740.34,0.9632,1121.83,768.04,0.8719,1004.89,758.81,0.8431,1031.82,761.88,0.8433,961.03,799.58,0.8947,1079.52,788.81,0.9147,920.26,841.90,0.9126,1108.75,844.98,0.9346
115,top,1,1046.42,328.71,1154.18,490.50,1102.67,347.98,0.8214,1105.83,344.03,0.7980,1098.33,344.43,0.8009,1110.97,346.01,0.8124,1091.61,347.19,0.8220,1122.42,365.36,0.7339,1081.74,364.18,0.6511,1128.35,388.27,0.7094,1061.20,374.05,0.4681,1121.63,408.81,0.6994,1056.46,374.45,0.4947,1114.92,408.42,0.6121,1088.85,410.39,0.6254,1132.69,441.60,0.6681,1082.92,447.13,0.6579,1138.22,456.61,0.7229,1081.74,475.57,0.7695
115,bottom,0,906.07,650.62,1164.77,864.57,1075.00,672.55,0.8657,1072.47,668.33,0.5914,1075.00,669.18,0.7457,1058.15,671.70,0.6626,1070.79,674.23,0.7721,1032.05,689.39,0.9000,1078.37,709.60,0.9046,995.84,712.12,0.8864,1103.63,746.65,0.8539,967.21,737.39,0.9384,1140.68,766.86,0.8714,1015.21,758.44,0.8644,1041.31,761.81,0.8458,968.89,802.23,0.8962,1089.31,786.23,0.9260,924.26,841.81,0.8965,1111.21,843.49,0.9501
116,top,1,1040.37,330.41,1139.13,489.13,1096.72,345.45,0.8173,1100.21,341.96,0.7958,1092.85,342.35,0.7578,1105.25,343.90,0.8176,1087.03,345.06,0.7871,1118.42,362.89,0.7574,1077.35,360.17,0.6207,1124.62,385.36,0.6901,1059.91,367.53,0.5109,1122.30,408.61,0.6483,1048.67,374.51,0.6228,1109.51,409.38,0.6044,1082.77,410.55,0.6073,1123.85,441.16,0.6361,1078.51,445.03,0.6335,1128.11,462.08,0.5885,1080.45,474.87,0.7560
116,bottom,0,909.12,652.43,1176.96,865.23,1084.89,675.13,0.8846,1082.28,670.77,0.6042,1085.77,671.64,0.7274,1069.20,674.25,0.6997,1081.41,676.87,0.8183,1043.04,690.82,0.9151,1089.25,710.00,0.9055,1007.30,710.87,0.8807,1116.28,744.01,0.8380,975.04,735.29,0.9317,1152.03,762.32,0.8259,1023.86,757.96,0.8805,1050.02,762.32,0.8556,976.78,803.29,0.8889,1097.10,783.24,0.8870,930.57,841.66,0.8828,1111.92,843.40,0.9408
117,top,1,1033.52,328.62,1130.66,492.75,1092.91,344.17,0.7817,1096.11,340.96,0.7534,1088.90,340.96,0.7361,1100.12,343.77,0.7641,1082.09,343.77,0.8170,1112.54,361.00,0.7793,1070.47,359.80,0.6539,1120.16,383.04,0.6971,1047.22,371.02,0.7017,1121.76,408.68,0.6902,1040.81,385.84,0.6705,1103.32,409.88,0.6620,1076.48,410.69,0.6386,1118.15,445.55,0.6795,1072.47,450.36,0.6228,1114.95,463.58,0.7024,1077.68,473.60,0.7624
117,bottom,0,916.36,653.25,1183.26,865.46,1094.12,675.08,0.8868,1093.25,672.47,0.6200,1094.99,672.47,0.7277,1080.22,675.95,0.7181,1090.64,678.56,0.8084,1053.29,691.59,0.8905,1098.46,709.83,0.8934,1015.06,709.83,0.8534,1128.00,740.24,0.8289,982.91,732.42,0.9154,1161.02,757.62,0.8048,1031.57,755.01,0.8428,1056.76,760.22,0.8134,984.65,803.66,0.8438,1103.68,782.81,0.8616,938.61,842.76,0.8499,1112.36,843.63,0.9210
118,top,1,1027.95,329.11,1127.72,491.46,1088.14,345.29,0.7577,1090.92,341.72,0.7308,1083.78,341.72,0.7323,1095.28,344.10,0.7316,1076.65,344.49,0.8012,1108.36,361.14,0.7610,1064.76,361.54,0.6492,1115.89,384.13,0.6363,1043.35,377.39,0.7096,1119.85,410.29,0.6012,1035.82,394.04,0.7175,1098.45,410.29,0.6383,1071.10,410.29,0.6192,1112.32,447.94,0.7480,1064.36,450.72,0.6401,1105.58,469.35,0.7879,1069.12,470.54,0.7110
118,bottom,0,926.13,656.32,1190.74,866.24,1103.22,677.73,0.8716,1101.50,673.42,0.6217,1104.94,675.14,0.7382,1088.58,676.87,0.7611,1100.64,680.31,0.8426,1061.88,691.51,0.8729,1106.67,711.32,0.8723,1023.11,708.74,0.8295,1138.54,739.74,0.8112,987.80,730.27,0.8823,1172.13,755.25,0.8128,1036.90,752.67,0.8178,1062.74,760.42,0.7794,991.24,803.49,0.8286,1108.39,781.95,0.8365,947.31,843.11,0.8509,1112.70,843.11,0.9192
119,top,1,1022.26,329.45,1126.03,494.06,1082.59,347.45,0.7847,1085.80,344.24,0.7739,1078.57,344.24,0.7480,1090.22,346.65,0.7875,1071.74,346.65,0.8405,1102.28,363.13,0.7585,1059.28,364.73,0.6764,1111.52,385.63,0.7015,1039.18,386.03,0.7300,1116.75,409.74,0.6781,1031.95,406.93,0.7299,1093.04,411.35,0.6632,1066.11,410.55,0.6496,1106.30,448.33,0.7600,1056.06,447.92,0.6300,1097.06,478.47,0.8303,1056.06,469.63,0.6786
119,bottom,0,932.12,655.45,1193.40,865.89,1110.39,677.32,0.8751,1109.54,673.92,0.6251,1112.09,674.77,0.7370,1095.93,676.47,0.7737,1107.84,680.72,0.8357,1067.87,689.23,0.8678,1112.94,710.49,0.8606,1028.74,707.09,0.8196,1145.26,738.56,0.8110,993.02,727.50,0.8711,1173.33,750.47,0.7780,1041.50,750.47,0.8106,1067.02,758.12,0.7593,997.27,802.35,0.8234,1111.24,781.09,0.8395,954.75,843.17,0.8597,1112.09,843.17,0.8963
120,top,1,1021.83,337.39,1120.97,507.40,1074.31,353.50,0.7981,1078.04,350.59,0.7611,1070.57,350.59,0.7563,1083.44,352.67,0.7929,1064.76,353.08,0.7989,1096.31,368.02,0.7415,1052.73,370.93,0.6848,1107.10,388.36,0.7166,1036.12,395.00,0.7350,1113.74,413.26,0.6905,1030.73,418.66,0.7165,1089.25,413.26,0.6603,1060.61,412.43,0.6283,1099.21,449.37,0.7287,1046.08,450.20,0.6684,1090.91,489.63,0.7879,1039.86,479.26,0.7555
120,bottom,0,936.53,653.43,1186.15,866.40,1112.53,674.60,0.9234,1113.34,670.54,0.6425,1114.16,672.16,0.7418,1099.53,673.79,0.8419,1114.16,678.66,0.8326,1073.53,685.97,0.8385,1117.41,709.54,0.8711,1034.53,704.66,0.7661,1145.03,737.98,0.7775,998.77,723.35,0.8393,1167.78,746.10,0.7522,1043.46,747.73,0.7759,1069.47,755.85,0.7248,1001.21,799.73,0.8013,1111.72,781.85,0.8267,959.77,844.42,0.8650,1112.53,843.61,0.8801
121,top,1,1005.52,343.62,1118.47,513.99,1068.23,361.01,0.7236,1071.98,358.10,0.7025,1065.32,358.10,0.7164,1077.39,361.01,0.7548,1059.08,361.01,0.7717,1090.28,374.32,0.7370,1046.61,378.48,0.7158,1101.93,393.87,0.7120,1032.88,405.51,0.7345,1109.41,417.99,0.6339,1031.22,428.39,0.6479,1084.46,415.91,0.6621,1054.09,415.08,0.6361,1092.78,453.35,0.7267,1034.54,455.84,0.7245,1086.95,495.36,0.7738,1023.73,491.20,0.7812
121,bottom,0,940.92,650.80,1174.66,865.18,1112.57,671.25,0.9627,1114.86,667.44,0.5632,1113.33,668.20,0.6768,1101.92,670.49,0.8650,1117.90,674.29,0.8813,1075.29,683.42,0.8382,1120.18,706.25,0.8542,1038.01,703.20,0.7406,1145.29,738.21,0.7316,1001.48,721.47,0.8159,1159.75,744.29,0.6525,1047.14,744.29,0.7381,1072.25,751.90,0.7126,1004.53,797.55,0.7863,1112.57,781.58,0.8372,966.48,843.97,0.8733,1112.57,843.97,0.8611
122,top,1,998.41,353.56,1112.30,520.66,1064.74,368.58,0.8111,1068.00,365.31,0.8083,1061.07,365.31,0.7922,1072.08,368.58,0.7498,1054.54,368.17,0.8148,1085.14,382.45,0.7532,1042.30,385.71,0.7182,1096.56,401.21,0.7130,1030.88,413.04,0.6956,1105.53,424.87,0.6519,1032.92,437.52,0.6623,1079.43,421.20,0.6633,1050.46,420.79,0.5968,1085.54,457.51,0.6977,1030.06,457.51,0.7062,1081.87,501.16,0.7588,1013.74,493.41,0.7747
122,bottom,0,949.81,647.93,1162.99,864.82,1113.99,668.25,0.9536,1115.38,664.78,0.5388,1115.38,666.16,0.6181,1104.28,667.55,0.8643,1119.55,671.72,0.8534,1076.52,681.43,0.8198,1122.32,703.64,0.8649,1039.05,700.17,0.7320,1140.36,739.72,0.7763,1002.97,718.90,0.8049,1150.08,744.58,0.6659,1047.38,741.80,0.7124,1073.75,750.13,0.6925,1007.82,795.93,0.7763,1112.61,782.05,0.8483,971.04,843.81,0.8641,1112.61,845.20,0.8719
123,top,1,998.51,361.01,1106.27,528.17,1061.77,376.44,0.8177,1065.45,372.77,0.8197,1058.10,372.77,0.8002,1069.53,376.44,0.7454,1050.75,375.62,0.8174,1081.36,391.13,0.7345,1038.51,392.76,0.7171,1093.61,410.72,0.7108,1028.31,420.92,0.6545,1101.36,433.17,0.6873,1034.84,440.92,0.6553,1074.42,428.27,0.6399,1045.04,427.45,0.5811,1079.73,462.14,0.6921,1025.45,461.73,0.6618,1077.69,506.22,0.7209,1013.21,493.56,0.7633
123,bottom,0,954.44,643.05,1154.11,864.54,1112.77,663.45,0.9741,1113.42,660.85,0.5349,1114.07,662.15,0.6457,1103.67,664.10,0.8153,1118.62,668.00,0.8479,1075.72,677.75,0.8344,1122.52,700.50,0.8829,1039.98,697.25,0.7563,1135.52,741.45,0.7712,1004.23,717.40,0.8087,1142.67,747.30,0.6936,1049.08,738.85,0.7122,1076.37,747.30,0.7119,1009.43,793.44,0.7892,1111.47,781.10,0.8617,973.68,844.14,0.9005,1112.77,844.79,0.8702
124,top,1,998.98,365.54,1106.76,531.85,1060.58,380.89,0.8177,1064.24,377.24,0.8522,1056.93,377.24,0.8257,1068.30,380.89,0.7993,1049.62,380.08,0.8380,1079.67,397.54,0.7305,1037.04,396.32,0.7277,1091.85,418.25,0.7009,1026.88,423.12,0.6570,1099.16,440.98,0.6675,1033.38,436.11,0.5867,1072.36,433.68,0.6417,1044.75,431.24,0.5800,1073.58,466.16,0.6592,1023.23,464.13,0.6306,1071.14,509.20,0.6558,1013.08,492.55,0.7508
124,bottom,0,956.32,639.86,1143.15,864.77,1109.94,658.66,0.9592,1109.94,656.23,0.5132,1111.16,655.62,0.6464,1101.43,662.31,0.7342,1116.02,664.13,0.7864,1074.06,673.86,0.8473,1120.28,698.19,0.9002,1038.79,695.15,0.7663,1128.80,742.58,0.7693,1004.73,717.04,0.8333,1131.84,750.49,0.6246,1049.74,735.29,0.7251,1078.32,743.80,0.7573,1010.81,791.24,0.7890,1111.16,781.51,0.9031,974.93,842.93,0.9414,1112.98,845.36,0.9020
125,top,1,999.94,365.73,1106.94,538.33,1061.45,382.50,0.8119,1065.24,378.71,0.8494,1057.65,378.71,0.8260,1069.03,382.50,0.7810,1050.07,381.66,0.8452,1080.41,400.62,0.7280,1037.01,398.52,0.7288,1093.47,423.80,0.7110,1026.47,423.80,0.7139,1100.64,449.93,0.6825,1035.32,435.60,0.5550,1071.14,440.23,0.6423,1044.17,438.55,0.5993,1071.56,471.00,0.6290,1022.68,471.42,0.6194,1062.71,513.13,0.6103,1012.99,492.91,0.7360
125,bottom,0,958.69,636.54,1141.36,864.58,1107.11,654.82,0.9265,1106.52,652.44,0.5095,1108.90,651.85,0.6762,1097.60,657.20,0.6976,1112.46,660.17,0.7907,1070.84,671.47,0.8167,1117.22,695.85,0.8769,1035.75,695.25,0.7475,1121.98,737.47,0.7221,1003.64,718.45,0.8168,1121.98,758.88,0.6828,1047.65,733.31,0.6998,1077.38,742.23,0.7297,1010.19,790.40,0.7762,1108.90,781.48,0.8856,975.70,842.13,0.9318,1113.06,845.10,0.9119
126,top,1,998.68,366.55,1108.64,543.21,1063.15,382.85,0.8647,1066.60,379.40,0.8845,1059.70,379.40,0.8501,1070.48,382.85,0.7956,1051.94,381.99,0.8879,1082.56,402.26,0.7481,1039.00,399.67,0.7364,1094.63,426.41,0.7401,1028.21,424.26,0.7439,1102.40,452.72,0.7151,1041.58,436.33,0.5939,1072.21,444.09,0.6417,1046.76,441.51,0.6046,1068.32,479.03,0.6580,1025.20,474.28,0.6324,1053.23,521.30,0.7042,1013.98,491.54,0.6888
126,bottom,0,960.90,631.86,1140.86,865.87,1101.84,651.62,0.9351,1101.84,649.28,0.5540,1103.60,648.69,0.6467,1091.88,652.79,0.6973,1108.87,656.89,0.8071,1065.52,669.78,0.8091,1114.15,692.04,0.8810,1033.30,694.97,0.7480,1115.90,736.56,0.7366,1002.84,720.16,0.8152,1114.15,761.75,0.7048,1045.02,734.22,0.6866,1076.07,741.25,0.7135,1009.28,790.46,0.7908,1107.12,782.84,0.8752,975.89,842.60,0.9214,1112.97,845.52,0.9169
127,top,1,1000.01,366.14,1111.94,545.20,1065.59,382.67,0.8654,1069.53,379.61,0.8856,1062.10,379.17,0.8530,1073.46,382.67,0.8078,1054.66,381.79,0.8894,1086.14,403.22,0.7452,1041.99,400.16,0.7232,1097.07,427.26,0.7265,1030.62,424.20,0.7186,1105.37,454.80,0.6806,1044.61,433.38,0.5893,1073.46,446.93,0.6527,1049.86,443.43,0.6248,1064.28,479.72,0.6924,1026.69,479.72,0.6541,1050.73,522.12,0.7385,1018.82,491.96,0.6285
127,bottom,0,959.83,627.92,1140.68,865.57,1095.00,648.43,0.9295,1096.17,645.49,0.5608,1096.76,645.49,0.6110,1084.99,649.02,0.7275,1102.65,652.55,0.7848,1060.26,669.03,0.8277,1109.13,689.64,0.8703,1029.65,695.53,0.7612,1110.89,736.15,0.7334,1001.39,722.02,0.8376,1109.13,764.99,0.7830,1042.60,736.15,0.6900,1073.80,741.45,0.7173,1007.87,790.90,0.8168,1105.00,784.42,0.8659,976.08,843.29,0.9248,1112.66,846.24,0.9205
128,top,1,1015.24,365.26,1115.54,545.96,1069.80,381.05,0.8287,1073.33,377.52,0.8321,1066.27,377.52,0.8591,1076.86,381.50,0.8070,1058.33,380.17,0.8567,1088.77,402.23,0.7426,1045.53,399.14,0.7484,1100.24,426.93,0.7447,1034.06,424.29,0.7495,1109.06,455.17,0.7050,1048.62,430.46,0.4963,1075.09,448.99,0.6280,1052.15,445.90,0.6382,1061.86,482.08,0.7099,1032.74,482.08,0.6933,1049.06,523.99,0.7585,1029.21,493.99,0.6165
128,bottom,0,960.86,626.05,1140.57,865.47,1086.98,645.73,0.9881,1088.74,642.80,0.6377,1087.57,642.22,0.6683,1077.04,646.90,0.7498,1095.17,649.82,0.8227,1053.64,667.96,0.8446,1103.95,689.02,0.8664,1024.98,697.21,0.7788,1105.70,735.82,0.7563,999.24,725.87,0.8677,1102.78,765.65,0.7368,1039.02,735.82,0.6856,1071.19,741.08,0.7049,1007.43,790.22,0.8314,1102.19,786.71,0.8575,977.01,845.21,0.9196,1113.31,846.96,0.9107
129,top,1,1030.48,362.86,1119.54,545.20,1074.57,378.79,0.8514,1077.68,375.23,0.8365,1070.56,375.23,0.8155,1081.69,378.79,0.7715,1062.99,377.90,0.8352,1092.82,399.72,0.7268,1049.64,396.15,0.7489,1103.95,425.54,0.7272,1038.51,421.97,0.7305,1113.74,453.14,0.6681,1052.31,426.43,0.4850,1077.68,450.47,0.6048,1056.76,446.46,0.6225,1061.21,482.96,0.6990,1035.84,482.07,0.7433,1050.53,523.03,0.7373,1050.08,494.54,0.6466
129,bottom,0,958.50,624.90,1140.59,865.77,1079.18,643.98,0.9257,1080.37,641.01,0.5761,1080.37,640.42,0.6345,1068.51,645.75,0.7157,1088.07,646.94,0.8529,1045.99,666.50,0.8358,1097.55,686.65,0.8384,1019.91,698.51,0.7775,1099.93,732.88,0.7586,997.38,728.14,0.8765,1097.55,764.30,0.7377,1035.32,737.03,0.6757,1067.33,740.59,0.6869,1004.50,789.79,0.8255,1098.15,787.42,0.8441,978.42,846.10,0.9052,1112.97,846.10,0.8849
130,top,1,1034.07,360.99,1127.64,544.90,1079.96,376.62,0.8230,1083.10,373.03,0.8093,1075.92,372.58,0.7819,1086.69,376.17,0.7250,1067.39,375.27,0.8019,1097.47,397.27,0.7147,1053.92,393.68,0.7426,1109.59,424.21,0.7262,1041.34,419.27,0.7136,1120.37,451.15,0.6577,1054.36,424.21,0.5058,1082.65,449.35,0.5976,1061.55,445.76,0.6233,1065.59,483.93,0.6750,1041.34,483.93,0.7446,1052.57,522.54,0.6950,1064.24,501.44,0.6991
130,bottom,0,958.47,620.81,1140.25,864.62,1070.79,642.12,0.9124,1070.79,639.14,0.6029,1072.58,639.14,0.6453,1059.48,644.50,0.7479,1079.12,645.69,0.8229,1038.65,665.93,0.8519,1090.43,683.19,0.8286,1014.24,699.26,0.7919,1094.60,729.62,0.7452,994.00,731.41,0.8929,1092.82,761.76,0.7301,1030.91,736.17,0.6821,1062.46,739.74,0.6949,1001.74,789.15,0.8191,1093.41,788.55,0.8469,977.93,846.89,0.9103,1112.46,846.29,0.8837
131,top,1,1036.80,360.09,1139.54,546.95,1084.97,376.42,0.8035,1088.17,373.23,0.8094,1080.87,372.32,0.7762,1091.82,376.88,0.7548,1072.66,375.05,0.8108,1102.31,397.86,0.6989,1058.51,393.30,0.7324,1114.63,424.78,0.7219,1043.46,417.03,0.7172,1127.40,451.70,0.6585,1060.34,422.04,0.5226,1086.34,449.42,0.6082,1065.36,446.22,0.6556,1071.74,485.46,0.6898,1048.48,486.82,0.7401,1059.88,522.87,0.6506,1074.48,511.00,0.6340
131,bottom,0,959.89,619.43,1138.33,864.14,1064.05,640.22,0.9185,1063.45,637.24,0.6412,1065.24,637.83,0.6001,1052.70,642.01,0.7814,1072.41,644.40,0.7640,1031.19,665.31,0.8133,1083.16,681.45,0.8113,1009.68,698.77,0.7930,1089.74,727.45,0.7292,991.16,732.23,0.8759,1089.14,761.50,0.7133,1025.81,736.41,0.6846,1058.07,739.40,0.6723,998.93,788.98,0.8115,1087.94,790.18,0.8351,977.42,846.93,0.9005,1110.65,845.74,0.8775
132,top,1,1036.04,361.48,1136.71,549.04,1090.50,377.41,0.7591,1094.16,373.75,0.7677,1086.83,373.75,0.7875,1097.37,377.87,0.7298,1078.13,375.58,0.7439,1106.98,398.93,0.7063,1063.48,393.90,0.7002,1117.52,422.75,0.6919,1043.79,412.67,0.6699,1129.42,441.52,0.6126,1057.98,414.96,0.5310,1090.96,450.22,0.5987,1069.43,447.93,0.6263,1077.68,487.77,0.6522,1055.24,492.35,0.7186,1069.43,523.95,0.5579,1083.17,518.91,0.5609
132,bottom,0,960.14,617.90,1134.14,864.75,1057.38,638.87,0.9227,1057.99,635.25,0.6623,1057.38,635.86,0.5752,1046.53,640.68,0.7695,1065.82,643.09,0.7317,1025.44,665.39,0.7915,1077.87,679.25,0.8171,1004.95,699.14,0.7854,1085.71,724.45,0.7358,988.08,733.49,0.8481,1086.31,759.40,0.7609,1021.22,736.50,0.6908,1053.77,738.91,0.6643,997.12,787.73,0.8105,1082.69,789.54,0.8198,977.23,846.19,0.8944,1108.01,845.59,0.8608
133,top,1,1037.38,363.26,1148.02,553.43,1096.42,380.81,0.7582,1100.13,377.09,0.7734,1092.70,376.63,0.7786,1103.38,381.74,0.7628,1083.88,378.95,0.7585,1112.20,403.56,0.7443,1068.56,396.59,0.7117,1122.88,427.70,0.7250,1043.95,409.13,0.6447,1138.67,445.81,0.6717,1052.77,409.59,0.5278,1095.49,453.70,0.6489,1073.67,451.84,0.6716,1083.42,490.84,0.6612,1061.60,499.20,0.7704,1079.70,531.70,0.6519,1088.06,527.06,0.5906
133,bottom,0,959.54,617.35,1123.78,865.80,1051.97,638.46,0.9227,1052.58,634.82,0.6631,1052.58,635.43,0.5606,1041.06,640.28,0.7656,1060.47,642.10,0.7415,1020.43,665.15,0.8029,1073.20,677.89,0.8332,1000.42,700.33,0.7987,1082.91,722.77,0.7502,985.25,734.30,0.8718,1084.12,757.35,0.7933,1018.01,735.51,0.6958,1050.15,737.94,0.6699,995.56,787.68,0.8195,1079.27,787.68,0.8329,976.15,845.91,0.9142,1102.93,844.09,0.8793
134,top,1,1035.84,371.12,1154.84,562.54,1102.82,385.98,0.6948,1106.56,382.24,0.7437,1098.61,381.77,0.7270,1108.89,386.91,0.6938,1089.27,383.64,0.7276,1117.77,410.28,0.7240,1072.91,400.47,0.6750,1127.59,433.65,0.6768,1045.80,407.94,0.5078,1143.95,445.80,0.5843,1049.07,407.94,0.4284,1099.08,456.08,0.6192,1078.05,455.61,0.6362,1092.07,493.94,0.6576,1068.23,506.09,0.7196,1090.20,537.87,0.6713,1097.21,531.33,0.5888
134,bottom,0,959.68,617.81,1112.28,864.61,1048.03,637.57,0.9158,1048.03,634.56,0.6400,1048.64,634.56,0.5490,1037.19,639.98,0.7784,1057.07,641.19,0.7402,1017.30,664.69,0.8144,1070.33,674.93,0.8307,998.02,700.24,0.7994,1081.17,721.32,0.7680,982.96,733.98,0.8707,1082.98,755.67,0.8069,1016.10,735.18,0.7001,1048.03,736.39,0.6726,994.41,787.60,0.8287,1076.96,784.59,0.8202,975.73,845.45,0.8915,1093.22,841.83,0.8743
135,top,1,1026.59,377.13,1156.97,562.06,1108.49,391.94,0.6844,1111.65,388.33,0.7037,1104.87,387.42,0.6778,1114.36,392.84,0.6596,1095.39,389.68,0.7335,1121.13,416.32,0.7409,1080.04,406.39,0.6578,1131.96,437.54,0.6129,1060.63,407.74,0.5302,1145.51,446.12,0.4868,1046.18,408.65,0.5162,1104.87,462.37,0.6258,1082.30,462.37,0.6212,1102.16,502.56,0.6067,1073.72,512.94,0.7013,1105.33,541.39,0.6769,1096.30,534.61,0.6624
135,bottom,0,959.73,616.48,1096.93,864.62,1045.30,636.35,0.9296,1045.30,633.32,0.6321,1046.51,633.32,0.6071,1034.39,639.38,0.8171,1053.78,639.99,0.8003,1015.61,664.22,0.8291,1068.32,673.31,0.8360,996.22,699.36,0.7698,1079.22,719.35,0.7618,981.08,733.28,0.8186,1082.25,753.88,0.7876,1015.61,735.10,0.6841,1047.11,735.71,0.6767,995.01,787.81,0.8235,1073.77,782.96,0.8178,975.63,845.36,0.8835,1084.07,842.33,0.9043
136,top,1,1022.62,380.72,1139.97,574.46,1114.87,398.13,0.8167,1118.18,394.82,0.7551,1111.56,393.87,0.8184,1120.08,398.60,0.7075,1101.63,395.76,0.8120,1125.75,421.78,0.7810,1084.60,411.37,0.6737,1132.85,440.70,0.6551,1060.01,411.37,0.5785,1144.20,444.48,0.4869,1040.61,409.48,0.6231,1109.67,470.49,0.6494,1086.97,470.02,0.6340,1113.93,510.22,0.6636,1073.72,516.85,0.6983,1117.24,550.43,0.7218,1096.90,533.40,0.6700
136,bottom,0,960.39,613.13,1097.95,864.68,1043.30,633.27,0.9483,1043.30,630.82,0.6614,1043.91,630.20,0.5805,1032.24,635.73,0.8130,1051.90,636.96,0.7720,1013.82,662.14,0.8230,1066.02,669.51,0.8404,995.40,697.76,0.7818,1078.30,716.18,0.7692,978.82,732.15,0.8346,1081.37,750.57,0.8052,1016.89,732.15,0.6805,1048.83,733.38,0.6844,994.78,787.42,0.8282,1069.71,784.96,0.7984,975.74,845.15,0.8883,1085.06,843.31,0.8954
137,top,1,1019.80,385.56,1167.52,582.34,1121.55,403.64,0.8625,1124.43,400.28,0.8089,1117.70,399.80,0.8385,1126.36,405.08,0.7178,1107.60,401.72,0.8540,1130.68,427.20,0.7788,1090.29,417.11,0.6784,1131.65,450.29,0.5755,1061.92,416.63,0.5983,1122.51,476.73,0.2836,1040.76,412.78,0.5951,1115.78,477.70,0.6228,1091.25,475.77,0.6234,1123.95,520.97,0.6587,1073.46,520.49,0.7167,1129.72,567.14,0.6312,1097.02,532.52,0.6864
137,bottom,0,959.98,606.86,1097.31,865.87,1040.66,629.50,0.9383,1041.29,626.33,0.6537,1041.29,626.33,0.5477,1029.28,632.02,0.7797,1048.88,633.29,0.7611,1012.20,657.95,0.8293,1064.06,664.28,0.8614,995.13,694.63,0.7935,1077.34,710.44,0.7658,978.69,729.41,0.8327,1080.50,746.48,0.8072,1019.16,729.41,0.6811,1051.41,730.67,0.7134,994.50,785.69,0.8305,1068.48,783.79,0.8044,974.89,844.50,0.8887,1084.29,841.34,0.9099
138,top,1,1018.89,392.48,1166.87,589.53,1126.60,412.00,0.8690,1129.49,408.63,0.8308,1122.74,407.67,0.8448,1131.42,413.45,0.7372,1112.63,409.11,0.8516,1134.79,434.16,0.8110,1094.32,424.05,0.6983,1140.09,454.40,0.6716,1065.90,423.08,0.6522,1152.13,459.21,0.5353,1041.82,417.79,0.6910,1120.82,484.74,0.6863,1096.73,482.82,0.6663,1129.01,524.73,0.7184,1073.61,525.21,0.6887,1141.05,564.23,0.7390,1093.36,532.92,0.6897
138,bottom,0,958.44,604.20,1097.38,864.50,1038.08,626.32,0.9155,1038.72,623.14,0.6628,1038.08,623.14,0.5625,1026.64,628.86,0.7699,1045.71,629.50,0.7719,1010.12,655.55,0.8404,1061.59,660.63,0.8674,994.23,692.41,0.8010,1075.57,705.75,0.7783,977.71,727.36,0.8392,1079.39,743.88,0.8049,1021.56,728.00,0.6786,1052.70,728.00,0.7321,996.77,785.83,0.8330,1066.68,782.01,0.8328,974.53,844.29,0.8795,1084.47,841.11,0.9149
139,top,1,1022.67,403.48,1167.76,595.48,1132.05,420.60,0.8722,1134.89,417.30,0.8675,1128.27,416.35,0.8920,1136.30,422.49,0.7666,1117.41,417.77,0.8722,1139.61,441.86,0.8206,1099.94,434.77,0.7015,1142.44,460.28,0.6686,1071.60,432.41,0.6361,1144.80,465.47,0.3981,1043.73,424.38,0.6640,1127.33,494.75,0.7258,1103.24,492.86,0.6717,1141.03,530.65,0.7304,1074.90,532.07,0.6451,1148.58,575.52,0.8141,1091.43,533.48,0.6820
139,bottom,0,953.72,604.48,1097.54,866.40,1035.22,626.09,0.8857,1036.50,622.26,0.6464,1036.50,622.26,0.5513,1023.71,628.01,0.7809,1043.54,628.65,0.7752,1007.73,654.87,0.8126,1060.80,659.98,0.8373,992.38,692.60,0.7812,1073.59,704.75,0.7707,976.39,726.49,0.8002,1078.07,742.47,0.7880,1023.07,729.05,0.6596,1054.41,728.41,0.6950,997.49,785.32,0.8173,1065.92,777.64,0.7921,978.31,846.07,0.9060,1083.82,834.56,0.8739
140,top,4,1074.69,411.66,1167.99,597.97,1135.44,429.31,0.7277,1138.17,426.13,0.7208,1131.80,424.76,0.7046,1140.90,431.58,0.6734,1121.80,426.58,0.7813,1143.18,452.05,0.7096,1105.42,446.14,0.6407,1148.63,467.52,0.5645,1079.04,443.41,0.5689,1159.09,471.16,0.4133,1053.57,435.22,0.5844,1132.26,502.09,0.6293,1107.70,500.27,0.6240,1148.18,532.11,0.6694,1080.86,539.84,0.5930,1150.91,579.87,0.7588,1085.41,541.66,0.5660
140,bottom,0,960.36,605.23,1096.65,868.74,1032.36,626.97,0.8600,1033.65,623.75,0.6070,1033.00,623.75,0.5461,1022.07,629.54,0.7572,1040.72,630.19,0.7974,1005.98,657.21,0.8011,1058.09,661.07,0.8422,991.19,694.52,0.7983,1071.60,704.81,0.7831,975.10,729.26,0.8339,1077.39,743.41,0.7605,1024.64,730.55,0.6673,1056.16,729.26,0.7163,997.62,785.87,0.8235,1064.53,774.94,0.7815,984.75,849.56,0.9211,1083.83,827.05,0.8411
141,top,4,1043.93,419.39,1168.09,597.40,1139.04,435.38,0.9011,1142.51,432.34,0.8386,1135.99,431.04,0.8803,1144.69,437.99,0.7740,1125.56,432.77,0.8662,1146.42,460.15,0.7915,1109.48,452.33,0.7142,1148.60,475.36,0.6045,1086.89,453.20,0.5700,1142.51,479.27,0.3390,1060.38,445.38,0.6026,1136.43,507.52,0.7045,1109.48,506.65,0.6694,1150.77,533.16,0.7257,1085.15,548.81,0.6805,1150.77,581.84,0.7982,1087.32,548.38,0.3450
141,bottom,0,962.14,608.73,1094.51,874.11,1030.27,631.27,0.7995,1030.92,627.39,0.5540,1031.57,627.39,0.5367,1019.90,634.51,0.7198,1039.34,634.51,0.7940,1005.00,662.37,0.7972,1056.19,664.97,0.8320,989.45,700.60,0.7842,1070.44,708.38,0.7949,973.90,733.65,0.8343,1076.27,746.60,0.7578,1026.38,736.24,0.6604,1056.83,734.29,0.7151,996.58,790.01,0.8424,1063.96,772.52,0.7636,994.63,851.57,0.9008,1082.10,824.35,0.8003
142,top,3,1078.58,424.31,1167.14,597.19,1141.85,440.68,0.8119,1145.23,437.73,0.8084,1138.05,436.04,0.7766,1148.18,442.79,0.6828,1127.92,438.57,0.7683,1148.61,467.70,0.6963,1112.31,457.57,0.6327,1149.87,491.33,0.4441,1094.16,459.25,0.3588,1148.18,488.80,0.1997,1074.32,455.03,0.2852,1136.79,509.90,0.6250,1111.46,510.32,0.6052,1151.14,532.27,0.6268,1089.94,552.53,0.6529,1150.72,581.66,0.7552,1087.41,548.73,0.6271
142,bottom,0,960.70,617.15,1091.06,878.55,1028.43,637.45,0.8175,1029.71,632.98,0.5698,1029.71,633.62,0.5470,1018.22,640.00,0.7052,1037.37,640.00,0.7856,1002.91,669.99,0.8019,1054.60,670.63,0.8321,987.59,707.65,0.7698,1069.28,714.03,0.7917,972.91,740.19,0.8132,1076.30,750.41,0.7722,1027.16,742.75,0.6540,1057.15,738.92,0.7072,996.52,795.72,0.8191,1063.53,774.02,0.7514,1001.63,854.43,0.8310,1078.85,821.24,0.7749
143,top,1,1082.04,426.34,1166.90,597.09,1141.56,443.35,0.8198,1144.90,440.01,0.8170,1137.39,438.76,0.7961,1148.23,445.02,0.7203,1128.22,441.68,0.7878,1149.90,471.28,0.7303,1111.96,459.19,0.6503,1153.23,493.37,0.5338,1091.53,462.52,0.5058,1168.24,498.79,0.4456,1069.44,461.27,0.4710,1137.39,509.63,0.6187,1111.13,510.88,0.6111,1150.73,532.98,0.6466,1093.20,552.99,0.6413,1150.73,581.75,0.7707,1090.28,549.65,0.6203
143,bottom,0,960.44,627.08,1088.87,882.94,1027.15,645.70,0.8019,1028.40,641.95,0.5661,1028.40,641.95,0.5504,1016.54,648.82,0.6839,1035.90,648.82,0.7788,1002.79,678.18,0.7975,1052.77,678.18,0.8153,986.55,715.66,0.7703,1069.63,720.03,0.8013,972.81,746.89,0.8052,1077.75,753.76,0.7662,1027.15,750.64,0.6692,1057.14,746.89,0.7101,997.17,803.73,0.8026,1062.76,776.87,0.6778,1005.29,860.58,0.7939,1075.25,818.10,0.7701
144,top,3,1077.80,425.11,1182.01,597.04,1139.14,443.07,0.8464,1142.92,439.72,0.8424,1135.36,438.46,0.7928,1146.70,444.75,0.7236,1126.55,441.40,0.7994,1148.37,470.78,0.7250,1110.60,459.44,0.6822,1154.25,494.28,0.6745,1091.71,464.48,0.5592,1168.52,506.88,0.6150,1069.88,468.68,0.6543,1135.78,508.14,0.6098,1109.76,509.40,0.6335,1150.05,531.64,0.6619,1091.29,552.21,0.6850,1150.89,580.75,0.7448,1088.77,550.53,0.6159
144,bottom,0,960.86,634.48,1088.91,886.02,1026.73,654.62,0.7810,1027.96,650.32,0.5222,1027.34,650.32,0.5112,1016.90,657.69,0.6552,1035.33,657.69,0.7546,1003.39,686.55,0.7911,1052.52,685.94,0.7982,985.58,722.79,0.7723,1072.17,725.24,0.7992,972.07,749.81,0.8209,1080.16,754.72,0.7732,1027.96,758.41,0.6717,1058.05,754.11,0.7146,996.64,810.60,0.7868,1062.35,776.83,0.5791,1008.31,864.65,0.7557,1068.49,817.97,0.7327
145,top,1,1079.32,423.45,1179.10,596.99,1136.41,439.46,0.8305,1139.80,436.08,0.8423,1132.60,435.23,0.8002,1143.19,440.74,0.7340,1123.70,438.62,0.7887,1146.16,468.70,0.7309,1108.45,457.26,0.6828,1151.24,495.39,0.6499,1091.93,464.04,0.5231,1163.95,514.46,0.6195,1073.28,471.24,0.6572,1133.87,504.71,0.6063,1108.02,505.13,0.6448,1147.85,529.71,0.6491,1087.69,550.04,0.6788,1150.82,580.55,0.7416,1088.54,547.08,0.5726
145,bottom,0,960.63,638.82,1094.33,885.85,1029.29,658.61,0.7673,1031.10,654.99,0.5158,1030.50,654.38,0.4965,1019.64,661.62,0.6488,1038.34,661.02,0.7237,1005.77,689.97,0.7706,1055.22,688.16,0.7933,986.47,724.95,0.7438,1073.92,726.75,0.7706,972.00,746.05,0.7293,1084.77,753.89,0.7493,1029.29,761.73,0.6361,1059.44,756.91,0.6903,996.72,812.39,0.7750,1061.25,777.41,0.5153,1007.58,864.86,0.7601,1066.08,819.03,0.7344
146,top,1,1067.87,419.47,1172.92,597.13,1131.67,435.43,0.8635,1134.71,432.39,0.8619,1127.77,431.53,0.7970,1137.74,437.16,0.7371,1119.96,434.56,0.8094,1143.38,464.06,0.7699,1106.08,450.61,0.7134,1148.15,492.69,0.6959,1092.63,460.59,0.6532,1159.43,519.58,0.7189,1075.72,471.87,0.7386,1132.10,499.19,0.6637,1105.21,498.32,0.6599,1145.55,531.29,0.7152,1085.69,535.19,0.6057,1150.76,580.74,0.7898,1090.03,539.96,0.6625
146,bottom,0,965.30,635.65,1098.29,883.21,1034.82,655.47,0.7919,1036.63,651.24,0.5420,1035.42,651.24,0.5129,1025.75,657.89,0.6544,1043.28,657.89,0.7184,1011.25,686.30,0.7841,1059.60,686.30,0.8065,990.09,720.14,0.7372,1078.94,724.37,0.7638,973.17,733.44,0.6739,1089.82,746.13,0.7839,1032.40,758.22,0.6382,1063.22,753.99,0.7161,1002.78,810.20,0.7847,1063.22,774.54,0.6139,1008.83,864.59,0.8011,1066.85,819.26,0.7554
147,top,1,1070.49,416.26,1171.63,598.02,1126.39,430.37,0.8462,1129.94,427.27,0.8421,1122.84,426.38,0.8103,1133.93,432.15,0.7992,1115.29,429.04,0.8084,1139.26,458.77,0.7483,1101.09,444.13,0.7142,1144.58,489.83,0.6647,1090.45,457.00,0.7048,1154.34,522.23,0.6653,1077.58,473.41,0.7607,1128.61,495.16,0.6347,1102.43,492.05,0.6449,1141.03,530.66,0.6964,1079.35,526.66,0.6908,1150.79,578.58,0.7359,1087.78,535.09,0.6960
147,bottom,0,972.08,627.01,1103.15,882.93,1043.24,646.88,0.7798,1043.86,642.50,0.5583,1044.49,642.50,0.5381,1034.49,648.75,0.7109,1051.36,649.38,0.7326,1018.87,676.87,0.7955,1066.98,678.12,0.8306,997.63,708.73,0.7205,1085.73,715.61,0.7712,982.01,716.23,0.6603,1094.48,738.10,0.7664,1038.24,751.85,0.6731,1067.61,748.10,0.7209,1016.37,804.96,0.7280,1067.61,769.97,0.6213,1009.50,861.19,0.7897,1069.48,818.70,0.7579
148,top,1,1069.56,410.02,1164.14,595.59,1122.29,425.78,0.8131,1125.46,422.61,0.8176,1118.21,422.61,0.7921,1128.63,426.69,0.7950,1109.15,425.33,0.8028,1134.97,453.42,0.7432,1096.47,439.38,0.7350,1139.96,486.95,0.6473,1088.76,454.33,0.7230,1149.02,519.56,0.6357,1078.80,473.35,0.7008,1124.55,490.12,0.6415,1098.73,486.04,0.6274,1135.88,528.63,0.7114,1075.17,520.92,0.7272,1148.57,575.74,0.7233,1081.97,532.70,0.7049
148,bottom,0,977.37,616.69,1107.43,875.96,1051.26,636.18,0.7924,1051.89,631.75,0.5970,1052.53,631.75,0.5480,1042.40,637.45,0.7053,1059.49,638.72,0.7265,1025.94,666.57,0.8044,1075.31,668.47,0.8361,1003.79,698.22,0.7332,1091.77,706.44,0.7838,989.23,703.91,0.6120,1100.00,728.60,0.7620,1044.93,741.26,0.6769,1074.05,738.73,0.7267,1028.47,795.69,0.7300,1069.62,767.84,0.6412,1015.18,849.50,0.7371,1069.62,817.85,0.7681
149,top,1,1060.98,407.91,1155.10,592.79,1115.71,423.62,0.8342,1118.87,420.01,0.8589,1111.65,420.01,0.7929,1122.48,424.07,0.8231,1103.52,422.72,0.7958,1130.15,449.35,0.7411,1090.43,435.36,0.7302,1135.12,483.20,0.6109,1085.47,453.86,0.6336,1142.79,516.15,0.6154,1079.60,475.98,0.5857,1121.12,486.36,0.6414,1093.14,482.30,0.6133,1132.41,523.82,0.6841,1071.93,518.40,0.6727,1144.14,571.66,0.6927,1075.54,531.94,0.6908
149,bottom,0,978.45,605.77,1112.53,870.29,1058.41,626.95,0.7821,1057.76,623.08,0.5924,1060.35,623.08,0.5304,1050.01,628.89,0.6878,1066.16,629.54,0.7192,1033.22,657.31,0.8072,1082.30,659.24,0.8281,1011.26,688.95,0.7058,1097.80,697.35,0.7813,994.47,694.76,0.6556,1104.91,719.95,0.7616,1053.24,732.22,0.6846,1081.66,730.28,0.7321,1032.58,785.82,0.7702,1070.68,765.16,0.7014,1030.64,839.42,0.7641,1070.03,816.82,0.7928
150,top,1,1048.42,406.29,1151.65,590.99,1109.95,423.34,0.8748,1113.11,419.73,0.8732,1106.35,419.73,0.8034,1117.17,424.69,0.8308,1099.13,422.89,0.8010,1126.19,449.04,0.7590,1086.96,436.41,0.7276,1131.15,481.06,0.6192,1082.90,458.06,0.6274,1140.17,514.42,0.5796,1077.49,481.06,0.5814,1117.62,484.21,0.6635,1090.11,480.60,0.6534,1128.89,520.74,0.6747,1068.02,518.93,0.6574,1136.56,569.89,0.7248,1068.02,535.17,0.7551
150,bottom,0,980.78,595.71,1118.15,865.73,1065.28,618.66,0.7560,1064.62,614.70,0.5918,1067.26,614.04,0.5757,1056.71,620.63,0.6747,1072.54,621.29,0.7307,1040.23,650.30,0.7951,1089.68,650.30,0.8115,1017.82,682.60,0.7108,1104.18,689.85,0.7813,996.07,692.49,0.6890,1110.11,711.61,0.7497,1061.99,726.77,0.6828,1089.68,726.11,0.7449,1035.62,780.83,0.7419,1071.88,763.69,0.7353,1052.10,830.27,0.7571,1071.88,813.79,0.7659
151,top,1,1039.94,408.71,1144.78,589.04,1104.69,423.59,0.8837,1107.77,420.07,0.8681,1100.73,420.07,0.8327,1111.73,424.47,0.8023,1093.68,422.71,0.7982,1121.86,448.25,0.7797,1081.36,435.92,0.7604,1127.58,480.83,0.6617,1079.59,457.93,0.5982,1137.71,512.97,0.6137,1076.07,480.39,0.5496,1114.82,483.91,0.6666,1087.52,480.83,0.6482,1122.30,519.57,0.7069,1065.07,519.57,0.6486,1130.23,565.80,0.7397,1061.54,539.82,0.7757
151,bottom,0,985.07,591.78,1123.77,847.84,1072.55,612.28,0.7568,1072.55,609.15,0.5587,1074.42,607.90,0.5866,1063.17,614.78,0.6136,1078.17,614.78,0.7066,1047.54,643.54,0.8237,1096.93,644.16,0.8316,1025.66,676.67,0.7259,1111.31,682.92,0.7948,1001.90,691.68,0.7488,1115.68,705.43,0.7703,1068.17,719.18,0.7036,1096.30,718.56,0.7661,1039.41,774.20,0.7468,1076.30,758.57,0.7153,1071.29,814.83,0.7574,1076.30,809.21,0.6562
152,top,1,1036.82,408.54,1143.22,588.36,1098.80,425.13,0.9071,1102.32,421.62,0.9098,1095.29,421.18,0.8429,1106.27,425.57,0.8526,1088.27,424.26,0.8078,1115.93,448.84,0.7620,1076.41,437.43,0.7493,1123.39,480.45,0.6246,1075.10,458.06,0.6307,1134.80,511.18,0.6466,1072.90,480.01,0.5833,1111.10,484.84,0.6693,1084.76,483.08,0.6515,1117.68,520.84,0.7240,1061.93,520.40,0.7090,1129.54,566.94,0.7683,1060.17,542.35,0.7928
152,bottom,0,992.55,586.10,1130.28,834.40,1079.00,608.40,0.8148,1079.00,605.98,0.5186,1080.81,604.77,0.5768,1069.30,611.44,0.6163,1086.27,611.44,0.7048,1054.14,638.72,0.8115,1103.24,639.93,0.8015,1032.32,671.45,0.7084,1117.79,679.33,0.7598,1008.07,690.85,0.7785,1122.04,699.94,0.7145,1074.75,715.10,0.6967,1102.64,713.88,0.7629,1045.05,767.23,0.7571,1082.63,752.68,0.7032,1083.24,801.18,0.7613,1082.63,805.42,0.6448
153,top,1,1036.59,409.51,1141.66,587.51,1093.91,425.06,0.8351,1096.95,421.59,0.8392,1090.00,421.59,0.7778,1100.43,425.50,0.8256,1081.74,424.19,0.7985,1109.12,448.53,0.7638,1070.44,437.23,0.7590,1118.68,478.95,0.6381,1070.01,458.96,0.6340,1131.72,508.07,0.6587,1067.83,481.56,0.5954,1106.51,485.04,0.6625,1080.87,483.73,0.6515,1112.60,519.80,0.7188,1058.27,519.80,0.7394,1128.24,565.87,0.7772,1060.45,542.83,0.8065
153,bottom,0,995.92,583.21,1137.66,825.06,1085.68,606.71,0.8691,1085.09,604.35,0.5740,1086.27,603.76,0.6387,1075.65,610.26,0.6728,1092.77,610.26,0.7387,1061.48,636.83,0.7904,1109.30,638.60,0.8115,1038.45,668.12,0.7020,1124.06,676.98,0.7502,1011.88,691.15,0.7940,1128.20,695.87,0.7256,1083.91,713.59,0.6933,1108.71,713.00,0.7831,1053.21,764.36,0.7817,1089.82,749.60,0.6331,1097.49,805.11,0.7361,1094.54,795.66,0.6526
154,top,1,1036.83,406.67,1139.01,586.41,1087.48,423.26,0.8393,1090.99,419.75,0.7910,1083.53,419.75,0.7467,1094.50,423.70,0.7704,1075.63,421.94,0.8260,1101.52,446.08,0.7222,1064.23,435.11,0.7612,1112.93,475.04,0.6377,1064.23,458.37,0.5863,1127.41,500.93,0.6268,1063.35,482.06,0.5825,1102.40,484.69,0.6505,1077.39,482.94,0.6327,1108.98,521.55,0.7112,1052.38,517.60,0.7830,1127.41,565.43,0.7828,1058.96,541.74,0.8132
154,bottom,0,998.31,584.30,1145.87,830.74,1091.35,605.84,0.8274,1090.74,603.43,0.5678,1092.55,602.23,0.6382,1082.32,609.45,0.6839,1099.17,608.85,0.7567,1067.28,636.53,0.8223,1113.01,637.73,0.8320,1042.61,667.81,0.7102,1129.85,674.43,0.7806,1015.54,690.07,0.8082,1135.27,690.68,0.7835,1090.74,714.74,0.7273,1114.81,712.34,0.7865,1063.67,765.28,0.7957,1099.77,738.81,0.6754,1106.39,806.20,0.7454,1105.79,783.33,0.6490
155,top,1,1035.20,404.49,1137.31,583.41,1080.58,421.00,0.8388,1084.07,417.94,0.7905,1076.65,417.50,0.7409,1087.57,421.00,0.7757,1069.22,419.69,0.8284,1096.74,443.28,0.7339,1058.30,430.17,0.7631,1107.66,469.05,0.6388,1058.30,456.38,0.4822,1121.64,493.51,0.6100,1058.74,476.91,0.4898,1096.30,481.72,0.6363,1070.10,479.53,0.6195,1104.17,521.03,0.7124,1048.25,511.86,0.7589,1126.01,563.84,0.7775,1058.30,541.12,0.7932
155,bottom,0,1000.02,583.57,1154.96,831.99,1098.11,605.29,0.8457,1097.50,602.25,0.5741,1099.32,601.65,0.6492,1089.01,608.32,0.7141,1106.60,607.71,0.7794,1073.24,635.01,0.8343,1119.94,637.43,0.8618,1047.17,666.54,0.7308,1135.71,671.40,0.7724,1019.87,688.98,0.8032,1142.99,684.74,0.8061,1095.68,713.24,0.7399,1119.94,708.39,0.7726,1074.46,767.22,0.7815,1109.63,730.22,0.6094,1110.85,807.86,0.7905,1116.91,772.68,0.6706
156,top,1,1034.59,401.29,1133.90,575.42,1074.47,417.36,0.8111,1077.45,413.96,0.7656,1070.64,413.54,0.7622,1080.85,416.94,0.7613,1063.42,415.66,0.7741,1091.05,439.89,0.7171,1052.79,426.71,0.7501,1103.38,463.27,0.6525,1051.09,451.80,0.5216,1116.13,484.95,0.6124,1052.37,473.05,0.5633,1090.62,476.88,0.6125,1065.97,474.33,0.6535,1098.28,519.39,0.7050,1046.41,508.33,0.7705,1122.51,563.17,0.7806,1057.89,541.49,0.7906
156,bottom,0,1003.62,582.53,1159.31,832.16,1106.45,603.74,0.7966,1107.06,600.08,0.5547,1107.67,600.08,0.6454,1096.70,606.79,0.6901,1113.76,606.79,0.7886,1080.24,632.38,0.8213,1125.34,636.04,0.8501,1054.04,663.47,0.7009,1140.58,668.34,0.7762,1024.78,686.63,0.7729,1149.11,681.14,0.7656,1102.18,711.00,0.7450,1125.34,706.13,0.7791,1080.24,765.85,0.7723,1119.25,724.41,0.5343,1113.15,807.91,0.8160,1128.39,768.29,0.6645
157,top,1,1034.40,397.42,1125.68,571.76,1067.70,413.94,0.8052,1071.10,410.53,0.7450,1064.29,410.11,0.7706,1074.51,413.94,0.7640,1057.06,412.24,0.7632,1086.00,436.07,0.7045,1047.27,422.45,0.7660,1100.90,458.63,0.6591,1044.71,440.75,0.5971,1111.96,481.19,0.6413,1042.16,466.72,0.6322,1086.85,473.95,0.6253,1063.01,472.67,0.6711,1090.68,513.96,0.7116,1045.56,506.72,0.7707,1114.09,557.37,0.7983,1057.91,540.77,0.7685
157,bottom,0,1007.34,581.24,1170.68,831.71,1116.52,600.08,0.7267,1116.52,596.41,0.5125,1118.36,596.41,0.6148,1104.91,603.14,0.6490,1123.25,603.14,0.7786,1085.95,630.04,0.7987,1131.81,634.32,0.8301,1060.88,661.84,0.6948,1147.10,666.12,0.7595,1030.30,684.47,0.7616,1156.88,678.35,0.7247,1106.13,706.48,0.7299,1130.59,702.81,0.7403,1086.56,762.74,0.7560,1132.42,725.44,0.5414,1112.24,804.32,0.7812,1141.60,756.01,0.6457
158,top,1,1028.03,394.21,1117.60,573.58,1063.18,412.51,0.8135,1066.68,409.01,0.7696,1059.67,408.57,0.7808,1070.18,411.64,0.7393,1052.23,409.88,0.7804,1080.69,431.34,0.6902,1041.72,421.27,0.7591,1095.58,453.68,0.6724,1036.46,437.04,0.6304,1107.41,476.45,0.6998,1032.96,459.37,0.7121,1082.01,467.69,0.6175,1057.05,468.13,0.6490,1084.20,508.86,0.7061,1044.78,505.79,0.7498,1102.59,552.21,0.7432,1056.17,539.95,0.7631
158,bottom,0,1012.64,579.92,1179.17,831.97,1126.67,598.26,0.6977,1127.91,594.57,0.4851,1129.14,594.57,0.6170,1112.52,600.72,0.6499,1132.21,601.34,0.7930,1094.06,627.80,0.8014,1140.83,633.95,0.8292,1069.45,659.18,0.7092,1153.75,663.49,0.7350,1036.83,683.18,0.7377,1166.06,675.79,0.6679,1109.44,702.87,0.7162,1135.29,700.41,0.7136,1092.21,758.86,0.7321,1145.13,723.17,0.5197,1109.44,799.48,0.7475,1150.67,741.64,0.5624
159,top,1,1017.73,392.67,1110.53,577.33,1058.26,410.61,0.8385,1061.42,407.46,0.8187,1054.66,407.00,0.7928,1065.48,410.61,0.7737,1047.90,408.36,0.8070,1076.30,429.10,0.7058,1036.62,417.82,0.7917,1092.08,450.28,0.7183,1030.31,429.55,0.6342,1103.35,472.83,0.7508,1024.90,456.60,0.6826,1079.00,463.36,0.6463,1054.21,464.26,0.6622,1078.10,504.84,0.7277,1041.13,503.48,0.7317,1090.27,549.02,0.7553,1054.21,537.75,0.7610
159,bottom,0,1025.44,578.93,1186.49,829.06,1134.05,598.35,0.7429,1134.05,594.07,0.5071,1136.50,594.68,0.6387,1120.62,600.18,0.6556,1140.16,600.79,0.7946,1101.69,627.05,0.8176,1147.49,634.38,0.8355,1078.48,658.80,0.7197,1160.92,661.86,0.7442,1044.90,682.01,0.7674,1173.14,672.24,0.6106,1113.90,702.16,0.6861,1139.55,700.33,0.7032,1098.64,754.68,0.7535,1157.87,729.64,0.5692,1107.80,794.98,0.7592,1159.09,738.80,0.6057
160,top,1,1008.63,392.95,1105.61,575.12,1053.11,410.20,0.8276,1056.67,407.09,0.7872,1050.00,406.20,0.7792,1060.68,410.20,0.7617,1042.89,407.53,0.7821,1073.13,429.33,0.7319,1032.21,417.76,0.7938,1088.70,450.23,0.7174,1023.76,432.89,0.6721,1099.37,472.03,0.7334,1015.75,458.24,0.7020,1075.80,461.35,0.6723,1051.78,460.91,0.6658,1071.35,501.83,0.7323,1035.32,497.82,0.6992,1078.91,548.53,0.7356,1049.56,533.85,0.7643
160,bottom,0,1035.11,581.24,1196.93,823.32,1140.84,602.40,0.7779,1139.66,597.67,0.4989,1142.61,598.26,0.6056,1127.84,604.17,0.6640,1147.34,604.17,0.7533,1110.70,628.99,0.8110,1155.03,636.68,0.8063,1087.65,659.73,0.7021,1170.39,659.14,0.7064,1054.55,680.41,0.7738,1185.76,668.00,0.6397,1120.16,702.87,0.6606,1146.16,701.69,0.6847,1103.61,754.88,0.7231,1162.12,728.88,0.5386,1107.15,790.93,0.7336,1166.85,737.74,0.6270
161,top,1,1001.18,393.62,1103.42,574.17,1049.66,411.16,0.8376,1052.74,408.08,0.8024,1046.13,407.19,0.8107,1056.71,411.16,0.7629,1038.64,408.96,0.7973,1069.05,429.23,0.7290,1028.06,419.98,0.7647,1084.92,449.51,0.7239,1018.80,435.40,0.6770,1096.38,472.43,0.7300,1007.78,460.53,0.7011,1071.70,461.41,0.6722,1047.89,460.09,0.6603,1065.08,502.41,0.7250,1030.70,496.23,0.7064,1066.41,550.01,0.7497,1042.60,531.50,0.7689
161,bottom,0,1045.42,586.56,1194.77,818.80,1147.31,607.43,0.7978,1146.18,602.89,0.4845,1150.15,603.46,0.6358,1134.84,609.13,0.6879,1154.68,610.26,0.7753,1118.96,632.94,0.7973,1160.35,639.18,0.8152,1097.42,659.02,0.6825,1171.69,650.52,0.5399,1062.83,680.00,0.7943,1185.30,651.09,0.3319,1125.20,707.78,0.6650,1152.41,705.51,0.6948,1106.49,756.54,0.7204,1164.32,702.68,0.5511,1107.06,786.59,0.7119,1169.42,740.10,0.7010
162,top,1,993.39,396.24,1099.30,572.25,1045.06,413.77,0.8178,1048.49,410.33,0.7913,1041.62,409.90,0.7611,1052.79,412.91,0.7776,1034.74,411.62,0.7775,1065.68,430.96,0.7466,1024.00,423.23,0.7587,1082.01,452.45,0.7237,1013.69,441.70,0.6863,1093.61,477.37,0.7449,999.94,468.77,0.7140,1068.26,464.48,0.6890,1045.06,462.76,0.6955,1057.95,501.43,0.7456,1027.01,496.71,0.7383,1056.66,553.00,0.7254,1034.31,529.79,0.7557
162,bottom,0,1054.60,591.38,1185.47,816.38,1154.10,611.59,0.8300,1155.74,607.75,0.5236,1154.10,607.20,0.6245,1143.11,612.69,0.7112,1159.59,615.44,0.7106,1124.98,634.12,0.8034,1165.08,641.81,0.7911,1104.11,660.48,0.6911,1176.07,650.60,0.7472,1072.25,679.16,0.7309,1179.36,638.51,0.6439,1131.02,708.27,0.6524,1156.29,706.62,0.6719,1109.05,757.71,0.7004,1167.28,699.48,0.5670,1109.05,786.82,0.6153,1168.38,740.13,0.7063
163,top,1,991.35,401.25,1095.49,574.18,1041.73,417.21,0.8537,1044.68,413.83,0.8200,1037.93,413.41,0.7850,1048.91,416.37,0.7492,1031.17,415.52,0.7770,1061.57,434.10,0.7581,1021.04,428.19,0.7688,1078.46,455.63,0.7250,1008.80,450.14,0.7208,1091.55,479.69,0.7245,994.87,476.32,0.6917,1065.37,468.29,0.7026,1042.15,465.76,0.6864,1050.59,503.76,0.7537,1021.89,497.42,0.7086,1049.75,555.68,0.7667,1023.15,531.20,0.7495
163,bottom,0,1061.96,595.18,1185.23,808.47,1157.44,614.35,0.8809,1159.53,610.70,0.5751,1156.40,610.18,0.6469,1147.03,613.83,0.7186,1164.21,617.47,0.6729,1127.76,635.17,0.8218,1168.90,643.51,0.8104,1107.98,660.69,0.7260,1177.75,652.36,0.6666,1078.82,679.96,0.7570,1175.67,637.26,0.5498,1134.01,707.55,0.6626,1160.05,705.99,0.6861,1112.14,758.58,0.7124,1169.42,700.26,0.5067,1115.27,778.37,0.6949,1167.86,740.88,0.6920
164,top,1,986.88,404.81,1089.03,575.00,1036.71,421.76,0.8293,1040.03,418.02,0.7749,1032.97,418.02,0.7350,1044.19,420.51,0.7159,1026.32,419.68,0.7481,1057.07,438.80,0.7543,1017.18,433.39,0.7609,1075.77,459.99,0.7298,1005.13,457.49,0.7394,1091.56,482.43,0.6737,990.17,484.92,0.7050,1060.81,473.70,0.7096,1040.03,469.96,0.6880,1041.70,509.43,0.7274,1015.93,496.14,0.7238,1047.51,557.63,0.7561,1012.61,532.70,0.7398
164,bottom,0,1069.64,596.25,1188.22,803.41,1158.77,614.36,0.8968,1160.79,610.82,0.5609,1158.77,610.82,0.6950,1148.65,614.36,0.7145,1165.85,617.39,0.7335,1128.93,634.08,0.8049,1170.91,644.20,0.8408,1109.71,660.89,0.7150,1179.00,661.39,0.6014,1083.41,682.64,0.7674,1159.78,658.87,0.3531,1135.50,705.39,0.6454,1161.80,703.37,0.6661,1115.78,758.50,0.7002,1169.39,698.82,0.4549,1119.32,773.17,0.6628,1167.37,740.29,0.6807
165,top,1,979.84,410.10,1075.76,575.66,1032.65,426.19,0.8077,1035.88,422.15,0.7880,1029.01,422.55,0.7453,1039.93,424.17,0.7361,1022.14,424.17,0.7188,1051.24,441.95,0.7288,1013.25,437.91,0.7137,1071.45,460.14,0.6764,1001.93,460.95,0.6433,1091.66,479.54,0.6598,989.81,488.84,0.6110,1059.33,477.12,0.6785,1037.10,473.07,0.6280,1033.86,508.24,0.7112,1007.99,495.71,0.7053,1045.99,555.53,0.7287,1004.76,532.89,0.7173
165,bottom,0,1071.88,593.81,1188.73,794.75,1158.27,613.33,0.9029,1159.74,609.90,0.5678,1158.76,609.90,0.7018,1147.97,613.83,0.7275,1165.63,616.77,0.7864,1128.84,632.96,0.7940,1171.52,643.75,0.8470,1110.19,659.94,0.7157,1179.37,668.28,0.7720,1084.68,683.98,0.7935,1159.74,663.86,0.5512,1135.21,700.66,0.6502,1162.20,699.68,0.6637,1117.55,753.15,0.6888,1169.06,701.64,0.4919,1122.95,765.42,0.7163,1167.59,740.40,0.7016
166,top,3,977.00,410.12,1074.50,575.69,1027.37,426.20,0.7904,1031.01,421.76,0.7413,1023.73,422.57,0.7161,1035.46,424.18,0.7154,1017.27,424.99,0.7055,1047.58,442.78,0.6970,1009.18,439.54,0.7074,1071.03,458.54,0.6048,999.07,464.61,0.6264,1096.90,475.12,0.5389,990.99,491.29,0.5879,1057.29,478.76,0.6578,1034.24,475.12,0.5911,1029.80,510.29,0.6816,1000.29,493.71,0.7035,1045.16,555.56,0.7013,1000.29,535.35,0.7181
166,bottom,0,1071.93,590.07,1186.47,792.70,1155.42,610.75,0.8647,1157.40,607.29,0.5102,1156.91,607.78,0.6423,1145.03,611.74,0.6708,1163.34,614.21,0.7931,1127.22,631.03,0.7801,1170.26,642.41,0.8047,1108.92,659.73,0.6821,1178.18,677.04,0.7187,1083.69,685.45,0.7593,1166.31,682.48,0.4440,1135.63,695.35,0.6326,1163.34,694.36,0.6492,1119.80,745.81,0.6678,1168.29,704.25,0.4714,1126.24,755.70,0.6766,1167.79,740.36,0.6512
167,top,3,980.23,406.48,1107.78,575.79,1025.32,423.04,0.7922,1028.23,418.89,0.7828,1021.17,419.72,0.7784,1031.97,421.80,0.6928,1014.11,422.63,0.7976,1044.42,438.82,0.6572,1006.22,438.82,0.7850,1069.75,450.44,0.6194,998.75,464.15,0.6388,1094.24,459.99,0.6375,995.43,487.40,0.5698,1053.56,476.60,0.5982,1031.97,474.53,0.5969,1030.30,508.57,0.7164,998.75,495.70,0.7638,1045.67,555.90,0.7314,1001.66,537.64,0.7625
167,bottom,0,1068.11,586.20,1188.50,788.55,1151.03,606.85,0.8232,1150.54,603.40,0.5060,1152.02,603.89,0.6106,1140.16,608.34,0.6356,1158.93,609.82,0.7569,1123.37,628.59,0.7852,1167.33,638.96,0.7750,1106.57,658.72,0.6970,1178.20,676.01,0.6611,1081.37,684.91,0.7524,1177.21,694.79,0.4997,1133.74,692.32,0.6322,1161.40,691.33,0.6514,1117.44,741.72,0.6516,1167.33,703.18,0.4721,1126.82,747.65,0.6616,1168.32,740.24,0.6336
168,top,3,980.89,401.34,1108.37,575.93,1022.90,417.02,0.8049,1026.31,413.19,0.7802,1018.63,414.04,0.7782,1030.14,416.60,0.7747,1012.24,417.02,0.8076,1043.36,431.94,0.6591,1003.29,435.35,0.7802,1066.80,437.91,0.5787,999.45,460.50,0.6261,1091.10,448.14,0.6810,999.45,481.39,0.5816,1050.18,472.86,0.6251,1027.58,471.16,0.6444,1039.09,509.52,0.6200,995.62,492.89,0.7304,1045.91,555.55,0.7460,1001.16,537.65,0.7686
168,bottom,0,1066.13,582.34,1197.62,783.07,1145.60,601.85,0.8496,1145.60,598.42,0.5424,1148.05,599.40,0.5409,1135.30,603.81,0.6455,1152.95,605.77,0.6834,1119.13,625.86,0.7894,1164.22,633.21,0.8012,1102.47,657.22,0.7432,1175.98,673.88,0.6758,1077.48,683.20,0.7752,1178.92,698.88,0.4987,1131.38,689.57,0.6498,1159.32,687.12,0.6655,1112.76,732.69,0.6842,1167.65,700.84,0.4899,1121.09,745.92,0.7385,1167.65,740.53,0.6617
169,top,1,980.47,393.86,1061.04,568.97,1022.89,409.59,0.7567,1025.89,405.75,0.7219,1018.62,406.17,0.7222,1030.16,409.59,0.7319,1011.78,410.02,0.7717,1042.99,422.85,0.6801,1001.09,430.97,0.7313,1069.49,427.12,0.5745,999.38,460.04,0.5901,1091.29,436.53,0.6228,1000.24,482.70,0.4398,1048.54,463.89,0.6239,1022.04,463.46,0.6134,1045.98,504.07,0.6490,994.68,495.09,0.6881,1044.70,548.10,0.7354,1000.24,537.42,0.7410
169,bottom,0,1060.50,575.55,1187.41,781.26,1139.02,596.04,0.8639,1139.53,592.52,0.5726,1140.53,593.53,0.5760,1128.48,598.55,0.6322,1146.05,600.05,0.6733,1113.41,622.65,0.8129,1159.61,628.18,0.8145,1097.34,655.30,0.7391,1173.17,670.87,0.7216,1072.73,678.90,0.7692,1177.19,700.50,0.6851,1126.97,686.44,0.6706,1156.60,683.93,0.6854,1107.38,726.61,0.6908,1165.14,702.01,0.5127,1114.92,746.70,0.7497,1167.65,740.68,0.6740
170,top,1,979.49,384.86,1105.33,565.02,1024.38,402.36,0.7108,1027.46,398.85,0.6892,1020.42,398.41,0.6966,1030.97,403.24,0.7001,1012.50,402.80,0.7855,1044.17,415.12,0.6624,1001.95,424.36,0.8057,1067.48,416.88,0.6258,1001.07,451.63,0.6582,1092.11,427.00,0.6660,1002.82,474.50,0.5518,1047.25,456.46,0.6509,1019.10,457.34,0.6907,1046.37,499.57,0.6946,997.11,493.41,0.7232,1042.41,545.75,0.7563,1000.19,539.16,0.7741
170,bottom,0,1059.97,570.83,1183.87,789.26,1132.59,590.45,0.8603,1133.12,586.18,0.5749,1134.72,587.25,0.5073,1121.92,592.58,0.6323,1139.52,594.18,0.6774,1106.45,617.65,0.8193,1154.45,620.85,0.8229,1091.52,652.31,0.7738,1168.85,665.11,0.7638,1067.52,678.44,0.7830,1175.78,697.11,0.7755,1121.92,680.04,0.6986,1151.25,677.38,0.7159,1103.25,721.10,0.7037,1160.32,701.91,0.6119,1106.45,753.10,0.7761,1167.78,739.77,0.7468
171,top,1,979.05,377.37,1105.37,559.51,1027.09,392.40,0.7599,1030.20,388.84,0.7417,1023.09,389.29,0.7576,1034.21,393.73,0.7249,1015.97,394.62,0.8049,1047.99,404.85,0.6886,1005.30,417.30,0.7873,1067.11,407.52,0.6301,1003.97,444.43,0.6696,1087.57,417.75,0.6283,1007.08,469.33,0.6221,1047.10,449.32,0.6474,1019.09,451.10,0.6791,1043.54,492.45,0.7340,1000.85,489.34,0.7487,1040.88,539.14,0.7691,999.52,536.48,0.7820
171,bottom,0,1055.16,563.89,1179.55,786.74,1125.52,584.46,0.8595,1126.61,580.65,0.5470,1127.15,580.65,0.4664,1114.64,587.18,0.6548,1132.59,588.27,0.7232,1099.40,614.93,0.8340,1148.91,616.56,0.8377,1082.54,651.38,0.8070,1164.15,659.54,0.8065,1063.50,675.86,0.8123,1171.76,690.55,0.7851,1115.73,676.41,0.7179,1144.56,673.69,0.7466,1098.86,721.02,0.7643,1157.07,707.96,0.6824,1102.67,758.01,0.8171,1167.41,741.15,0.7671
172,top,1,980.01,366.75,1105.96,556.45,1030.94,383.79,0.7280,1033.72,380.08,0.7363,1026.31,381.01,0.7500,1037.89,385.64,0.7169,1019.36,386.57,0.7838,1050.86,395.83,0.6944,1009.18,410.65,0.7579,1069.38,402.32,0.5564,1007.79,437.05,0.6273,1086.98,412.97,0.5290,1011.95,461.60,0.6004,1047.15,442.61,0.6478,1020.29,444.00,0.6627,1042.99,485.68,0.7235,1007.32,486.15,0.7406,1038.82,532.46,0.7656,997.60,532.46,0.8027
172,bottom,0,1053.57,559.79,1175.95,788.27,1118.66,580.32,0.7908,1120.34,575.85,0.5175,1119.22,575.85,0.4489,1108.06,581.99,0.6658,1126.47,583.10,0.7143,1091.89,610.44,0.8164,1142.65,612.67,0.8173,1075.71,647.25,0.7878,1158.27,654.51,0.7711,1060.65,670.12,0.8037,1167.75,685.19,0.7706,1109.18,675.15,0.6940,1137.63,674.59,0.6919,1096.91,719.21,0.7915,1152.13,714.19,0.6977,1103.04,764.40,0.8211,1164.40,740.97,0.7312
173,top,1,988.38,361.76,1103.58,551.54,1033.47,376.96,0.7776,1036.25,373.71,0.7636,1029.30,374.64,0.7951,1040.88,377.88,0.7479,1022.81,379.74,0.8093,1052.93,389.00,0.7438,1012.62,405.22,0.7689,1068.22,398.27,0.5352,1012.62,432.09,0.6558,1083.97,408.93,0.5418,1018.18,455.26,0.6075,1047.83,436.73,0.6770,1022.35,438.58,0.6886,1045.05,483.06,0.7082,1011.23,482.13,0.7404,1037.18,523.83,0.7906,998.26,526.61,0.7788
173,bottom,0,1050.20,555.94,1175.89,788.80,1111.91,576.87,0.7341,1114.18,571.75,0.4964,1111.34,572.32,0.4706,1102.81,578.57,0.6708,1121.00,579.71,0.6909,1085.76,606.43,0.8106,1136.92,610.41,0.7647,1070.41,641.67,0.7702,1151.70,649.63,0.7549,1059.61,663.84,0.7618,1164.21,680.33,0.7753,1102.24,672.37,0.6752,1131.24,671.23,0.6641,1097.13,718.99,0.7741,1146.59,715.58,0.6895,1103.95,767.88,0.8153,1159.66,743.43,0.7065
174,top,4,991.64,356.62,1101.85,544.13,1036.22,371.18,0.7975,1038.51,367.97,0.7830,1031.64,369.34,0.8061,1043.08,372.09,0.7655,1025.69,375.30,0.8208,1054.53,384.91,0.7687,1016.07,401.85,0.7683,1069.64,398.19,0.5426,1016.99,430.23,0.6403,1082.91,408.26,0.5145,1024.31,451.29,0.6031,1048.58,434.35,0.6546,1023.40,434.81,0.6899,1049.04,480.13,0.6993,1013.33,479.22,0.7489,1036.22,514.92,0.7893,1000.05,521.33,0.7727
174,bottom,0,1049.69,554.00,1172.12,789.87,1106.88,574.62,0.7740,1108.03,570.01,0.4703,1106.30,570.01,0.4881,1097.66,576.35,0.6662,1116.66,576.92,0.6946,1080.39,603.41,0.8089,1131.64,606.87,0.7506,1064.26,638.54,0.7536,1147.76,646.60,0.7446,1057.93,658.12,0.7258,1160.43,677.70,0.7786,1096.51,671.36,0.6644,1125.30,669.06,0.6422,1097.09,719.16,0.7528,1140.27,709.94,0.7146,1104.00,769.26,0.8173,1150.64,750.83,0.7635
175,top,3,991.98,352.41,1101.00,537.58,1040.61,367.69,0.7791,1042.42,364.07,0.7526,1036.09,365.43,0.7399,1046.49,368.14,0.7017,1029.31,371.30,0.8050,1056.43,382.60,0.7354,1019.82,397.07,0.7690,1065.93,397.52,0.5255,1018.01,427.81,0.6602,1080.39,407.47,0.5246,1030.21,449.51,0.5307,1049.65,432.79,0.6669,1025.69,432.33,0.6693,1053.27,477.99,0.7221,1016.20,477.54,0.7531,1037.45,505.12,0.7854,999.02,515.51,0.7929
175,bottom,0,1048.60,551.35,1164.35,789.46,1102.99,571.00,0.7766,1103.57,566.93,0.4753,1102.41,566.93,0.5069,1094.27,572.75,0.6738,1112.87,573.33,0.6830,1076.25,600.07,0.8246,1127.99,604.14,0.7731,1058.81,637.27,0.7681,1143.10,645.41,0.7527,1055.90,654.13,0.6359,1155.89,675.06,0.7845,1090.20,669.82,0.6653,1119.27,667.50,0.6438,1095.43,718.07,0.7964,1133.80,708.19,0.7303,1102.41,770.39,0.8226,1141.94,756.44,0.7902
176,top,1,987.29,351.33,1105.89,533.21,1043.04,368.55,0.7331,1045.26,365.00,0.6646,1038.60,366.33,0.6847,1050.14,369.44,0.6530,1032.82,371.66,0.7749,1058.58,382.32,0.7340,1023.94,394.75,0.7384,1063.46,396.97,0.5941,1020.39,425.84,0.7316,1078.56,407.63,0.6403,1037.71,445.37,0.6215,1050.14,431.61,0.6578,1026.16,431.17,0.6499,1058.13,480.01,0.7086,1019.50,478.68,0.7015,1040.82,496.88,0.7197,995.52,508.43,0.7426
176,bottom,0,1047.17,548.10,1158.65,788.64,1099.39,567.95,0.7538,1098.80,563.84,0.4743,1099.98,563.84,0.5169,1090.58,569.13,0.7120,1109.37,570.30,0.6997,1072.38,596.73,0.8430,1124.64,601.43,0.8012,1054.76,633.14,0.7884,1138.15,642.53,0.7625,1054.17,651.93,0.6265,1149.89,673.07,0.7874,1084.71,667.20,0.6937,1112.31,665.43,0.6641,1092.34,718.29,0.8089,1126.99,709.48,0.7467,1101.15,770.55,0.8432,1131.10,762.33,0.8303
177,top,1,982.93,351.91,1103.56,532.42,1046.77,370.77,0.6882,1049.86,366.80,0.6485,1042.36,367.68,0.6434,1053.82,368.56,0.6420,1036.63,371.65,0.7260,1059.11,384.43,0.7389,1028.26,394.12,0.7459,1063.52,400.73,0.5834,1021.21,423.21,0.7553,1081.59,408.67,0.6650,1040.60,436.43,0.5934,1048.09,435.99,0.6381,1026.06,435.99,0.6268,1063.08,478.74,0.7416,1019.89,480.06,0.7056,1046.77,491.08,0.6802,992.12,510.47,0.7679
177,bottom,0,1045.48,545.89,1149.95,793.03,1096.51,565.08,0.6334,1093.49,560.86,0.4639,1099.52,560.86,0.4937,1086.85,566.89,0.7382,1106.16,567.49,0.7103,1068.75,594.64,0.8193,1120.64,599.47,0.7931,1050.65,629.64,0.8118,1132.71,640.50,0.7585,1051.26,648.95,0.6614,1143.57,670.67,0.7737,1079.61,668.25,0.6973,1105.56,667.65,0.6518,1087.46,720.14,0.8282,1120.64,711.69,0.7773,1095.90,770.82,0.8401,1120.64,766.00,0.8342
178,top,3,980.63,350.51,1104.33,534.52,1051.01,370.64,0.7129,1054.16,366.60,0.7094,1046.97,367.49,0.6789,1059.10,369.29,0.7060,1041.58,371.99,0.7262,1062.24,386.36,0.7301,1033.94,393.10,0.7470,1065.84,402.53,0.5522,1024.51,420.50,0.7698,1086.05,406.58,0.6117,1047.42,431.28,0.6104,1048.77,438.47,0.6675,1027.65,439.37,0.6488,1064.49,473.96,0.7174,1020.92,482.05,0.7097,1052.81,488.34,0.4992,992.17,512.59,0.7592
178,bottom,0,1040.53,545.44,1143.33,801.22,1092.55,565.30,0.6837,1090.06,560.93,0.5095,1095.68,560.93,0.5214,1082.56,565.93,0.7626,1101.30,567.17,0.7372,1065.08,594.65,0.8137,1116.28,599.65,0.8122,1045.72,629.62,0.8161,1128.77,640.86,0.7597,1048.22,650.23,0.6978,1137.52,670.21,0.7484,1073.82,669.59,0.7129,1100.67,669.59,0.6720,1081.94,722.04,0.8367,1113.79,715.80,0.7753,1085.68,776.37,0.8332,1110.66,770.12,0.8035
179,top,1,982.10,351.45,1088.33,532.79,1057.79,368.18,0.7111,1060.89,364.20,0.6789,1053.37,365.52,0.6593,1064.88,367.30,0.6988,1047.61,369.95,0.7362,1065.76,385.45,0.7272,1040.08,391.65,0.7481,1059.12,403.60,0.4873,1030.79,419.10,0.7734,1082.14,402.72,0.4661,1058.68,422.64,0.6602,1051.15,437.69,0.6600,1031.23,439.46,0.6466,1064.88,464.70,0.6432,1022.82,483.30,0.6874,1061.33,487.28,0.7325,991.38,513.40,0.7692
179,bottom,0,1036.46,546.73,1137.70,806.41,1088.35,567.53,0.6807,1085.81,562.45,0.5140,1090.88,563.09,0.5203,1078.20,568.79,0.7657,1096.59,569.43,0.7231,1060.45,596.69,0.7966,1111.17,601.13,0.8029,1041.43,631.56,0.8071,1123.85,642.34,0.7596,1043.97,655.02,0.7006,1132.09,670.23,0.7405,1069.33,672.77,0.6981,1095.32,673.40,0.6603,1076.94,722.85,0.8463,1107.37,722.22,0.8029,1075.03,778.01,0.8434,1099.76,776.11,0.8099
180,top,3,979.38,347.25,1113.23,535.35,1067.43,363.23,0.6766,1068.35,359.56,0.6566,1062.38,360.94,0.6308,1071.56,363.69,0.6038,1055.95,366.91,0.7107,1073.86,381.60,0.6668,1048.14,387.57,0.7370,1073.40,395.84,0.3650,1040.33,415.13,0.7110,1095.90,392.62,0.4026,1068.35,411.45,0.5946,1056.87,434.87,0.5928,1037.58,435.79,0.6237,1066.05,459.67,0.6227,1028.40,477.12,0.6304,1063.76,487.68,0.6924,993.49,510.65,0.6953
180,bottom,0,1030.25,549.92,1133.99,812.11,1083.40,571.55,0.6878,1080.20,567.07,0.5358,1086.60,567.07,0.5459,1073.16,573.47,0.7719,1091.72,574.11,0.7315,1055.88,601.00,0.8118,1106.45,606.12,0.8102,1037.31,636.21,0.8145,1119.89,646.45,0.7689,1039.23,663.09,0.7296,1127.57,673.33,0.7413,1064.84,678.46,0.7084,1090.44,679.10,0.6787,1071.88,727.10,0.8358,1102.61,729.67,0.8054,1062.28,782.16,0.8493,1090.44,778.96,0.7941
181,top,1,985.24,347.68,1123.16,532.88,1075.45,359.35,0.6910,1075.90,355.28,0.6266,1070.48,357.09,0.6260,1078.62,358.44,0.5438,1062.79,362.51,0.7114,1078.62,378.79,0.6794,1056.46,383.31,0.7448,1084.50,389.64,0.4707,1050.13,410.89,0.7056,1101.68,381.50,0.5676,1075.90,399.14,0.5718,1064.60,431.24,0.5562,1046.51,432.60,0.5714,1072.29,456.56,0.6305,1029.78,474.19,0.5346,1065.96,484.59,0.7096,998.59,507.20,0.6987
181,bottom,0,1026.39,557.07,1129.88,823.23,1078.78,577.08,0.7215,1076.18,573.19,0.5552,1080.73,573.19,0.5587,1068.38,579.03,0.8034,1087.23,579.68,0.7552,1051.49,606.98,0.8163,1100.87,612.17,0.8095,1033.95,642.71,0.8056,1115.17,651.81,0.7791,1032.65,671.31,0.7412,1123.62,677.15,0.7200,1061.24,686.25,0.7228,1084.63,687.55,0.6983,1067.73,734.99,0.8198,1096.33,740.18,0.7979,1059.29,786.97,0.8193,1081.38,784.37,0.7905
182,top,1,989.88,337.86,1126.16,528.03,1081.70,355.41,0.6985,1084.02,352.16,0.6326,1077.52,353.08,0.6224,1085.88,355.87,0.5494,1070.09,357.73,0.6971,1081.70,374.44,0.6290,1065.91,377.23,0.7332,1087.74,379.55,0.4412,1061.74,406.48,0.6739,1103.99,370.73,0.5295,1084.49,383.73,0.4706,1071.02,429.23,0.5433,1053.38,429.23,0.6100,1081.24,453.84,0.6267,1036.20,469.62,0.5707,1069.16,484.02,0.7082,1002.77,502.59,0.7004
182,bottom,0,1020.52,561.54,1126.17,833.05,1073.35,583.95,0.7838,1072.68,579.31,0.5878,1074.01,579.97,0.5453,1064.07,585.27,0.7873,1082.63,585.94,0.7457,1048.16,613.11,0.7951,1095.88,618.42,0.7853,1030.26,649.57,0.7932,1111.79,657.53,0.7753,1026.95,680.73,0.7370,1119.08,681.39,0.7199,1055.45,693.98,0.7203,1080.64,695.97,0.7044,1066.05,737.73,0.7438,1089.25,749.66,0.7898,1059.43,788.11,0.7250,1074.01,790.76,0.7601
183,top,1,998.27,328.96,1125.18,521.51,1085.70,345.79,0.7098,1087.11,342.02,0.6367,1080.53,343.43,0.6437,1089.46,347.20,0.5381,1073.95,349.55,0.6905,1085.23,367.88,0.6315,1073.95,368.82,0.7359,1091.34,384.80,0.4219,1069.25,397.03,0.7030,1105.92,359.42,0.4810,1089.46,371.64,0.5852,1080.06,421.00,0.5691,1061.73,421.94,0.6205,1088.99,452.03,0.6900,1046.68,464.72,0.6330,1071.13,482.59,0.6776,1009.08,494.81,0.6882
183,bottom,0,1014.77,567.85,1123.00,841.44,1069.56,589.09,0.7692,1068.22,585.08,0.5878,1070.22,585.75,0.5526,1060.20,590.43,0.8190,1079.57,591.10,0.7652,1044.84,617.81,0.7976,1092.27,623.16,0.7961,1027.48,654.55,0.7945,1108.30,662.56,0.7795,1021.46,688.61,0.7594,1115.64,683.94,0.7328,1051.52,697.96,0.7303,1074.90,699.30,0.7141,1062.21,738.71,0.7000,1079.57,755.41,0.7415,1058.87,787.47,0.6765,1066.22,798.82,0.6919
184,top,1,1004.51,336.21,1106.80,510.03,1090.45,340.37,0.7277,1091.73,336.55,0.5834,1087.06,336.55,0.6033,1093.85,340.79,0.5735,1079.84,340.79,0.7384,1089.60,362.01,0.6801,1078.15,361.59,0.7931,1091.30,384.50,0.4698,1072.63,388.32,0.6994,1097.24,392.14,0.3084,1087.91,366.68,0.4263,1087.06,418.03,0.6350,1070.93,419.30,0.6350,1097.67,448.16,0.7060,1055.23,463.01,0.6148,1073.48,477.87,0.7066,1017.04,490.17,0.7140
184,bottom,0,1008.16,571.85,1119.59,844.61,1066.54,594.35,0.7839,1066.54,589.69,0.5765,1068.53,589.69,0.5505,1057.21,595.02,0.8114,1075.86,596.35,0.7767,1041.90,622.32,0.8066,1089.18,626.98,0.8000,1023.92,660.95,0.8132,1105.16,667.61,0.7868,1017.26,694.91,0.7811,1111.82,686.92,0.7141,1045.89,701.57,0.7200,1069.87,703.56,0.7094,1057.21,742.19,0.6822,1071.20,759.50,0.7000,1061.87,788.80,0.6443,1054.55,811.44,0.6959
185,top,2,1020.29,317.48,1115.06,505.01,1092.85,332.50,0.7771,1095.14,329.29,0.6563,1088.73,329.75,0.6597,1096.98,334.33,0.6263,1082.78,335.25,0.7583,1095.14,354.93,0.7564,1081.41,354.02,0.8097,1095.60,375.53,0.5639,1074.54,378.28,0.7673,1102.01,367.75,0.3676,1089.65,363.63,0.4226,1096.06,409.41,0.6702,1079.12,411.25,0.6602,1105.22,442.84,0.7428,1068.13,454.74,0.6681,1078.66,467.10,0.7256,1031.51,479.46,0.7318
185,bottom,0,1003.45,576.84,1116.82,849.45,1064.79,598.00,0.7603,1064.13,593.34,0.5848,1066.79,593.34,0.5573,1054.81,598.00,0.7918,1073.44,600.00,0.7670,1038.17,625.95,0.8040,1087.42,631.94,0.8095,1020.87,663.89,0.8074,1102.73,671.88,0.7891,1012.88,699.17,0.7776,1110.05,691.84,0.7119,1040.83,704.49,0.7239,1064.79,706.49,0.7170,1054.81,747.09,0.6521,1062.79,765.72,0.7010,1059.47,789.68,0.6371,1045.49,821.63,0.7441
186,top,3,1030.23,312.76,1125.00,496.27,1097.33,331.49,0.6941,1099.12,328.80,0.5980,1092.85,328.80,0.5957,1101.81,332.39,0.5943,1086.58,333.73,0.6600,1101.36,351.65,0.6210,1084.34,350.75,0.6991,1100.47,372.26,0.4747,1075.38,374.95,0.6975,1107.19,367.33,0.4778,1094.64,369.57,0.4512,1104.05,407.20,0.5867,1084.34,409.00,0.5992,1113.01,440.36,0.6618,1074.93,450.22,0.5968,1086.58,463.66,0.6521,1042.22,475.30,0.7028
186,bottom,0,1000.82,580.41,1117.24,850.98,1062.33,602.08,0.6938,1060.35,597.45,0.5486,1064.97,597.45,0.5076,1052.42,602.74,0.7683,1071.58,604.72,0.7479,1035.25,629.82,0.7941,1086.11,637.09,0.7910,1016.75,667.47,0.7922,1101.31,676.72,0.7625,1008.17,700.50,0.7711,1108.57,695.88,0.6912,1035.91,708.43,0.7082,1060.35,711.07,0.7002,1048.46,754.01,0.6210,1055.73,771.84,0.7075,1052.42,791.00,0.5855,1037.23,825.35,0.7662
187,top,1,1036.74,310.84,1129.62,495.69,1099.43,334.67,0.5635,1101.69,331.06,0.5310,1094.47,331.51,0.5080,1105.30,331.51,0.5777,1088.60,334.67,0.5998,1111.62,350.46,0.6218,1085.44,352.27,0.6356,1117.03,350.46,0.4923,1078.22,371.67,0.6539,1106.65,332.41,0.4758,1088.60,346.40,0.5634,1110.71,405.97,0.6068,1090.86,407.33,0.5973,1118.39,438.47,0.7095,1080.48,448.40,0.6574,1099.88,465.10,0.7618,1050.24,476.83,0.7782
187,bottom,0,997.99,583.75,1114.71,852.01,1060.28,603.92,0.6790,1058.97,599.34,0.5451,1062.24,599.34,0.5335,1049.80,604.57,0.7334,1068.79,606.54,0.7260,1032.12,631.43,0.7885,1083.20,639.29,0.7888,1013.12,668.76,0.7931,1098.92,679.89,0.7605,1004.61,702.16,0.7790,1106.78,698.89,0.6841,1031.46,710.02,0.7037,1056.35,712.64,0.6859,1040.63,759.79,0.6704,1052.42,774.20,0.7612,1043.90,801.71,0.5754,1034.73,829.22,0.7686
188,top,1,1042.64,309.84,1142.19,501.71,1102.72,333.17,0.6173,1105.06,328.96,0.5819,1098.04,329.89,0.5735,1108.81,330.83,0.5790,1092.42,334.58,0.6562,1117.71,343.01,0.6576,1088.67,352.85,0.6675,1134.11,329.89,0.6944,1083.52,374.39,0.6226,1111.62,320.52,0.5740,1091.01,350.97,0.5068,1117.71,403.43,0.5802,1096.63,405.78,0.5852,1122.86,437.16,0.6218,1085.86,447.94,0.6563,1115.84,463.86,0.7578,1055.88,477.91,0.7074
188,bottom,0,993.15,583.44,1112.03,852.23,1057.19,603.65,0.6716,1056.53,599.06,0.5331,1059.15,599.71,0.5319,1046.69,604.31,0.7328,1065.06,606.93,0.7158,1028.31,630.56,0.7824,1079.50,639.74,0.7764,1009.28,667.96,0.7874,1094.59,679.77,0.7552,1000.75,702.08,0.7753,1103.78,701.43,0.7107,1027.00,710.61,0.7033,1053.25,713.24,0.6812,1033.56,757.86,0.7131,1052.59,770.99,0.7789,1038.81,805.11,0.5980,1036.19,828.73,0.7832
189,top,1,1045.55,307.80,1156.35,501.89,1102.84,329.50,0.6353,1106.16,325.71,0.5517,1098.10,327.60,0.5696,1109.95,328.55,0.4970,1094.79,333.76,0.5855,1124.16,339.45,0.5786,1091.94,354.61,0.6104,1142.65,321.92,0.5846,1087.68,377.36,0.6337,1124.64,313.86,0.3591,1094.31,356.04,0.4548,1123.22,403.89,0.5477,1101.89,406.26,0.5800,1129.85,434.22,0.5090,1092.42,449.38,0.6507,1133.17,463.12,0.7242,1062.09,478.76,0.7028
189,bottom,0,990.48,581.63,1110.47,851.71,1054.43,601.94,0.6620,1052.45,597.33,0.5174,1056.41,597.99,0.5474,1043.22,603.26,0.7326,1061.68,604.58,0.7157,1024.76,629.64,0.7837,1075.53,638.21,0.7832,1005.64,665.90,0.7888,1091.35,679.75,0.7609,996.40,700.85,0.7836,1101.90,702.83,0.7494,1022.12,708.76,0.7060,1049.15,712.72,0.6963,1027.39,752.28,0.7279,1053.11,770.08,0.8097,1026.08,801.07,0.7608,1036.63,826.79,0.8245
190,top,1,1051.35,287.06,1172.13,499.40,1110.19,333.61,0.6211,1113.30,329.47,0.5578,1105.00,330.50,0.5472,1115.89,332.06,0.5018,1100.85,335.69,0.5596,1128.33,344.50,0.5630,1097.23,356.94,0.5882,1146.48,327.91,0.5979,1093.08,382.35,0.5467,1148.55,308.73,0.5536,1098.26,355.39,0.3796,1127.29,406.19,0.5750,1108.63,407.75,0.6065,1142.33,439.37,0.6394,1099.30,452.85,0.6750,1148.55,465.81,0.7506,1067.16,481.36,0.6972
190,bottom,0,985.29,579.79,1106.23,848.27,1051.00,599.98,0.6858,1048.38,596.05,0.5622,1052.97,596.05,0.5539,1039.20,601.95,0.7376,1057.56,603.26,0.7366,1020.85,628.82,0.7907,1071.98,637.34,0.7938,999.87,665.53,0.7975,1086.40,679.29,0.7800,992.66,700.27,0.7863,1098.20,703.54,0.7668,1019.54,707.48,0.7187,1047.07,710.75,0.7043,1019.54,754.67,0.7784,1054.93,768.44,0.8274,1014.29,807.11,0.7724,1039.20,824.15,0.8354
191,top,1,1056.50,304.49,1176.15,497.75,1116.33,336.00,0.7118,1118.21,332.70,0.6929,1111.61,333.65,0.6650,1121.99,336.48,0.6515,1105.00,339.78,0.7172,1133.31,348.74,0.6364,1101.23,361.01,0.6482,1156.43,331.76,0.6916,1096.51,387.43,0.6312,1166.34,312.41,0.6661,1100.76,364.31,0.5142,1133.78,410.08,0.6733,1113.50,413.38,0.6638,1150.77,442.17,0.6791,1110.19,456.32,0.7319,1155.96,466.23,0.8037,1074.81,480.38,0.7236
191,bottom,0,979.22,578.63,1101.68,846.98,1047.00,600.12,0.7030,1045.04,596.19,0.5209,1049.62,596.19,0.5486,1035.21,601.43,0.7507,1053.55,603.40,0.7429,1016.87,628.29,0.8037,1067.31,636.81,0.8098,995.25,664.98,0.8047,1081.72,678.08,0.7958,988.69,699.70,0.7747,1093.52,704.94,0.8027,1016.21,705.60,0.7282,1044.38,708.87,0.6995,1012.93,754.08,0.8170,1059.45,765.22,0.8196,999.83,808.46,0.8058,1042.42,822.87,0.8375
192,top,4,1075.18,323.36,1183.29,484.44,1120.97,340.19,0.7394,1122.55,335.86,0.6862,1115.86,337.43,0.7121,1126.87,339.79,0.6722,1107.99,343.73,0.7902,1137.10,353.56,0.6270,1103.67,364.96,0.7118,1161.48,340.97,0.6807,1096.59,392.10,0.6688,1178.79,325.64,0.6428,1101.70,369.29,0.5704,1137.49,410.98,0.6489,1117.83,414.52,0.6362,1157.55,441.26,0.6677,1119.40,457.39,0.7232,1159.52,467.22,0.7866,1084.79,477.84,0.7004
192,bottom,0,974.12,579.83,1096.45,845.15,1043.05,601.73,0.7751,1043.05,597.84,0.5377,1043.70,598.49,0.5262,1032.04,603.67,0.7534,1049.53,604.97,0.7164,1012.61,630.23,0.8014,1064.43,638.65,0.8213,989.94,667.15,0.8188,1076.74,682.05,0.7884,984.11,701.48,0.7837,1089.04,709.25,0.7750,1011.96,706.66,0.7387,1041.11,709.25,0.6954,1004.84,757.19,0.8413,1062.49,764.31,0.8466,985.41,812.89,0.8539,1047.59,823.90,0.8223
193,top,3,1074.15,328.00,1179.82,493.58,1124.97,342.06,0.8342,1126.58,338.02,0.7807,1120.11,339.23,0.7604,1130.63,342.47,0.6843,1112.43,345.30,0.8278,1140.33,357.02,0.6568,1105.16,367.13,0.7240,1164.18,349.74,0.6430,1093.43,394.62,0.6927,1186.82,352.98,0.6314,1101.52,376.83,0.5724,1139.52,411.60,0.6702,1118.50,416.04,0.6368,1161.75,445.96,0.6872,1124.56,458.09,0.6898,1158.92,468.19,0.7581,1089.79,480.73,0.6882
193,bottom,0,962.79,583.28,1093.27,846.93,1038.98,606.32,0.8081,1038.98,602.46,0.5602,1040.26,603.10,0.5111,1028.03,608.25,0.7553,1046.70,609.54,0.7073,1009.37,634.64,0.8101,1060.22,643.01,0.8415,986.20,670.05,0.8353,1071.80,684.85,0.7886,979.76,704.16,0.8006,1084.68,716.39,0.7946,1007.44,709.31,0.7498,1037.69,711.89,0.6969,996.49,760.80,0.8325,1064.08,764.67,0.8686,971.39,814.87,0.8442,1053.78,825.82,0.8408
194,top,1,1081.06,327.78,1193.59,490.04,1125.84,342.36,0.8633,1128.22,338.40,0.8135,1121.09,339.19,0.8500,1132.18,342.76,0.7480,1113.56,344.34,0.8633,1143.67,358.21,0.6632,1104.45,367.71,0.7935,1171.79,362.17,0.7391,1088.61,392.67,0.7713,1183.28,381.97,0.7181,1102.07,374.84,0.6285,1138.91,411.68,0.6908,1118.31,414.85,0.6844,1161.10,445.35,0.6852,1123.86,455.65,0.7354,1159.12,467.14,0.7839,1092.17,481.40,0.7540
194,bottom,0,941.52,590.61,1093.38,851.18,1035.26,612.75,0.8239,1033.36,608.93,0.5951,1037.81,608.93,0.5606,1025.09,614.65,0.7721,1043.53,615.93,0.7699,1005.36,640.74,0.8321,1057.53,650.28,0.8723,981.83,676.36,0.8146,1067.71,691.63,0.7944,974.19,710.08,0.7860,1080.43,723.44,0.8139,1004.09,715.17,0.7385,1034.63,717.08,0.7170,986.92,767.33,0.8151,1064.53,768.60,0.8656,957.65,820.13,0.8313,1063.89,831.58,0.9383
195,top,1,1076.47,324.41,1184.79,493.78,1125.26,339.22,0.8356,1128.15,335.08,0.8083,1120.71,335.50,0.7972,1132.29,338.39,0.7425,1113.27,340.04,0.8269,1143.45,358.65,0.6697,1102.93,363.20,0.7629,1167.85,374.36,0.7597,1086.80,384.29,0.6020,1174.05,395.86,0.7105,1093.83,382.22,0.4502,1136.01,407.85,0.6656,1114.92,410.75,0.6585,1156.68,441.76,0.6577,1119.06,448.79,0.6955,1158.75,466.16,0.7792,1090.53,476.49,0.7234
195,bottom,0,924.21,600.66,1101.69,856.16,1031.66,621.74,0.8722,1031.04,617.38,0.6174,1034.16,617.38,0.5977,1022.31,622.99,0.7552,1039.77,624.24,0.7843,1001.72,649.19,0.8643,1052.87,659.79,0.9022,978.64,683.50,0.8118,1063.48,699.09,0.8135,969.29,717.18,0.8027,1076.58,732.15,0.8413,1001.10,723.42,0.7616,1031.04,724.67,0.7522,977.40,775.81,0.8411,1063.48,773.94,0.8772,946.21,827.59,0.8645,1073.46,836.94,0.8915
196,top,1,1072.95,319.33,1174.68,489.85,1124.65,334.65,0.8991,1127.98,330.90,0.8418,1120.48,331.32,0.8144,1132.56,335.07,0.8063,1113.41,335.90,0.8316,1142.96,357.96,0.7091,1101.33,357.96,0.7245,1156.29,382.11,0.7585,1081.77,378.36,0.7540,1162.95,406.26,0.7257,1090.09,388.35,0.6761,1131.72,405.42,0.6481,1109.66,406.26,0.6409,1150.04,439.56,0.6890,1110.49,444.56,0.7093,1156.70,465.37,0.7861,1085.93,475.36,0.7582
196,bottom,0,913.30,609.95,1110.30,866.12,1029.12,632.87,0.9315,1028.48,629.66,0.6481,1031.68,629.66,0.5853,1019.50,634.79,0.7519,1036.81,636.71,0.7693,998.34,659.80,0.8975,1050.28,670.70,0.9038,975.25,695.07,0.8477,1061.18,711.74,0.8232,963.07,727.13,0.8181,1075.29,745.73,0.8825,997.69,733.55,0.8016,1027.83,735.47,0.7872,967.55,785.49,0.8757,1064.39,781.64,0.9028,934.21,839.36,0.9025,1081.06,845.77,0.9293
197,top,1,1069.19,318.93,1173.24,489.20,1124.95,332.15,0.8447,1128.28,328.82,0.8171,1120.80,329.24,0.8059,1132.85,333.39,0.7711,1113.31,334.23,0.7836,1140.75,357.09,0.7126,1100.43,353.76,0.6458,1145.32,384.11,0.6241,1079.23,374.55,0.7320,1149.90,412.38,0.6274,1085.88,394.09,0.7162,1126.62,404.06,0.5900,1104.17,404.06,0.5925,1146.15,437.32,0.6620,1101.26,441.06,0.7122,1151.97,464.34,0.7809,1080.06,473.90,0.7840
197,bottom,0,910.33,625.33,1118.96,872.27,1028.23,644.21,0.9464,1028.91,640.81,0.6584,1030.27,641.49,0.5536,1018.72,647.61,0.7598,1035.70,649.64,0.7239,996.99,671.38,0.8624,1048.60,682.92,0.8893,972.54,705.33,0.8402,1058.79,725.03,0.8155,958.96,736.57,0.8348,1075.77,755.59,0.8972,993.59,745.40,0.7849,1022.80,747.44,0.7698,959.64,795.66,0.8627,1064.90,790.22,0.8845,929.08,850.67,0.8795,1085.28,852.71,0.9107
198,top,1,1062.68,319.45,1164.86,494.45,1124.88,333.46,0.8757,1128.29,330.47,0.8434,1120.18,330.04,0.8041,1132.14,335.17,0.7778,1112.91,334.74,0.8495,1138.12,357.39,0.7682,1098.81,352.69,0.6749,1137.27,384.30,0.6294,1079.16,372.34,0.7807,1136.84,411.22,0.6462,1082.15,397.55,0.7380,1121.88,405.24,0.6191,1098.39,405.24,0.6371,1144.10,435.15,0.7304,1094.97,440.28,0.7579,1142.82,465.91,0.7991,1073.60,474.46,0.8104
198,bottom,0,911.06,632.77,1123.55,875.66,1028.37,652.54,0.9308,1029.06,649.08,0.6538,1029.75,650.46,0.5489,1018.69,656.00,0.7655,1035.98,658.07,0.7212,998.63,679.51,0.8466,1049.12,690.58,0.8757,973.04,714.10,0.8595,1060.19,733.46,0.8007,955.75,743.84,0.8758,1077.48,761.13,0.8650,993.79,752.14,0.7603,1022.84,755.60,0.7463,957.13,799.17,0.8792,1065.03,799.86,0.8777,927.39,852.43,0.8844,1090.62,857.97,0.8991
199,top,1,1054.89,322.62,1151.04,496.22,1124.16,336.94,0.8918,1127.55,333.97,0.8546,1119.92,333.55,0.8677,1132.21,338.21,0.7782,1112.29,337.37,0.9133,1136.02,360.68,0.7975,1097.45,354.74,0.6955,1129.67,389.50,0.5954,1078.80,374.24,0.7797,1124.16,414.93,0.6124,1079.23,403.06,0.7875,1118.65,404.76,0.6257,1092.79,404.76,0.6300,1141.96,436.12,0.7658,1088.13,440.78,0.7496,1130.51,467.91,0.8262,1065.67,478.08,0.8452
199,bottom,0,910.83,632.83,1122.12,876.04,1032.98,654.02,0.9018,1032.29,649.89,0.6413,1035.04,650.58,0.5775,1023.35,656.08,0.7833,1040.54,658.15,0.7351,1003.40,680.84,0.8707,1054.30,691.85,0.8787,977.96,715.23,0.8490,1064.62,735.18,0.8135,958.01,744.12,0.8895,1081.12,762.00,0.8675,998.59,754.44,0.7566,1028.85,757.19,0.7420,960.76,799.83,0.8720,1070.81,797.77,0.8989,927.75,852.79,0.8967,1091.44,858.29,0.9183
200,top,1,1044.42,327.59,1145.52,500.07,1122.34,343.08,0.9027,1126.13,340.13,0.9106,1118.13,339.29,0.9514,1129.92,344.35,0.8095,1110.13,342.66,0.9228,1133.29,365.40,0.8187,1094.13,360.35,0.7036,1124.45,393.61,0.6501,1078.55,380.56,0.7443,1115.18,418.46,0.6283,1077.28,409.62,0.7382,1113.50,407.51,0.6307,1088.23,407.51,0.6343,1137.08,434.88,0.8188,1082.34,442.46,0.7214,1121.50,469.41,0.8035,1058.33,479.52,0.8222
200,bottom,0,910.57,628.24,1122.39,874.93,1039.92,649.54,0.9123,1039.23,645.40,0.6475,1041.99,646.09,0.6477,1028.89,652.29,0.7721,1046.13,652.98,0.7888,1010.28,677.81,0.8923,1061.30,687.46,0.8992,985.45,710.90,0.8374,1071.64,729.52,0.8657,963.39,739.86,0.8695,1089.57,759.86,0.8863,1009.59,751.58,0.7885,1039.92,752.96,0.8151,969.59,800.54,0.8467,1080.61,791.58,0.9198,930.98,851.56,0.9170,1094.40,854.32,0.9452
201,top,1,1050.89,328.80,1139.48,489.23,1119.08,348.69,0.9243,1122.60,345.56,0.8664,1115.16,345.56,0.8877,1126.91,349.09,0.7497,1107.33,349.09,0.8746,1130.05,371.02,0.8247,1091.66,365.15,0.6944,1120.25,398.83,0.6861,1076.78,384.34,0.7707,1107.33,423.12,0.6444,1074.43,411.76,0.7430,1110.85,409.02,0.6383,1085.00,408.62,0.6358,1129.66,442.70,0.7767,1076.38,444.27,0.7281,1114.77,472.86,0.7826,1052.88,480.30,0.8198
201,bottom,0,914.04,621.76,1125.59,875.20,1048.05,643.12,0.8947,1046.68,640.37,0.6178,1049.43,639.68,0.6345,1037.72,647.25,0.7369,1054.25,647.25,0.8093,1018.44,671.35,0.8901,1069.40,681.68,0.9121,992.96,705.79,0.8295,1081.11,723.69,0.8734,970.92,734.71,0.8545,1100.39,751.93,0.8408,1021.20,750.55,0.7837,1052.18,751.24,0.8255,980.57,799.44,0.8309,1092.81,784.98,0.9218,939.94,850.40,0.8772,1103.14,847.65,0.9460
202,top,1,1032.20,337.33,1137.64,506.10,1113.76,354.14,0.9054,1117.47,350.84,0.9135,1110.05,350.43,0.9168,1121.59,354.14,0.8256,1102.22,353.31,0.8932,1125.71,375.98,0.8274,1086.15,369.38,0.7169,1115.41,403.58,0.6776,1070.91,388.34,0.7414,1101.81,427.07,0.6470,1067.20,415.53,0.7310,1105.52,412.23,0.6729,1078.74,411.00,0.6311,1123.24,446.43,0.7047,1067.61,447.67,0.6966,1115.00,475.28,0.8052,1045.78,485.99,0.8087
202,bottom,0,930.13,619.11,1129.73,874.95,1057.22,641.12,0.9430,1056.57,637.87,0.5902,1058.52,637.87,0.6181,1047.47,645.02,0.6737,1065.02,644.37,0.8070,1026.68,667.76,0.8807,1079.31,678.16,0.9490,1001.34,700.25,0.8026,1092.31,718.44,0.8669,977.95,729.49,0.8698,1112.45,747.68,0.8454,1031.88,747.68,0.7594,1063.07,747.03,0.8048,991.59,796.41,0.8310,1102.05,781.47,0.8911,957.16,851.64,0.8907,1111.80,839.95,0.9058
203,top,1,1024.35,339.15,1136.53,510.14,1106.32,355.76,0.8910,1109.66,352.84,0.8885,1102.15,352.42,0.8957,1113.84,357.02,0.8505,1095.05,355.76,0.9069,1120.10,378.31,0.8235,1078.35,371.63,0.7073,1111.33,405.44,0.6754,1062.07,389.58,0.6969,1097.97,428.82,0.6621,1056.64,414.21,0.6944,1100.06,415.04,0.6575,1072.93,413.37,0.6472,1118.43,447.19,0.6957,1057.48,450.53,0.7055,1114.67,475.16,0.8022,1039.11,490.60,0.8277
203,bottom,0,962.09,617.74,1146.11,871.67,1067.74,640.56,0.9166,1068.36,636.84,0.6231,1069.60,637.46,0.5291,1055.96,642.42,0.6802,1075.18,644.28,0.7240,1035.50,667.21,0.8543,1088.20,677.75,0.9126,1008.85,698.83,0.8585,1103.70,718.67,0.8393,985.29,727.35,0.9169,1123.53,744.08,0.8441,1039.22,744.08,0.7334,1073.94,743.46,0.7546,1002.03,793.68,0.8439,1110.51,783.14,0.8519,980.33,851.95,0.8885,1126.01,837.69,0.8849
204,top,1,1021.41,338.46,1135.93,510.99,1096.78,355.23,0.8117,1100.15,352.28,0.8232,1092.99,351.86,0.7777,1103.94,356.07,0.8133,1085.41,355.23,0.8505,1111.10,377.55,0.8029,1070.24,371.23,0.6687,1106.47,404.51,0.6471,1052.13,387.24,0.7212,1096.78,427.68,0.6332,1043.71,411.67,0.6927,1095.09,417.57,0.6276,1066.87,415.88,0.6311,1110.68,448.32,0.6517,1049.18,452.11,0.7052,1115.73,473.59,0.7364,1036.55,491.70,0.8146
204,bottom,0,971.61,620.77,1164.36,875.98,1077.40,641.08,0.8497,1078.65,636.69,0.5838,1078.03,637.94,0.4988,1065.48,642.33,0.7193,1084.93,644.22,0.7095,1044.14,668.06,0.8229,1097.48,679.35,0.8691,1017.79,699.43,0.8386,1114.42,719.51,0.8215,992.69,727.04,0.8959,1137.00,745.24,0.8469,1047.91,745.24,0.7157,1081.16,744.61,0.7133,1012.14,794.18,0.8443,1118.18,787.27,0.8286,999.60,851.90,0.8794,1140.77,843.74,0.8609
205,top,1,1019.83,337.85,1136.07,513.45,1086.52,354.05,0.8316,1089.95,351.05,0.8309,1082.66,350.62,0.8040,1094.24,354.91,0.8159,1075.38,354.05,0.8249,1102.81,376.35,0.7831,1061.23,369.91,0.6762,1100.24,402.50,0.6522,1042.79,385.35,0.7117,1096.81,428.22,0.6273,1032.08,405.50,0.7468,1087.81,419.22,0.6229,1060.37,416.64,0.6478,1103.67,450.94,0.6679,1044.94,451.80,0.6880,1114.82,471.95,0.7309,1035.08,493.38,0.8059
205,bottom,0,976.25,622.06,1173.01,879.60,1087.44,643.23,0.8409,1086.80,640.02,0.5683,1090.00,640.66,0.4921,1074.63,645.15,0.7169,1094.48,647.07,0.7177,1052.85,669.49,0.8324,1106.01,681.66,0.8727,1025.95,700.87,0.8363,1123.31,722.01,0.8360,999.05,727.77,0.8946,1147.01,746.35,0.8480,1056.05,748.27,0.7249,1090.00,747.63,0.7287,1022.75,799.51,0.8462,1126.51,795.03,0.8503,1008.02,858.44,0.9231,1152.13,851.39,0.8888
206,top,1,1007.82,336.55,1120.79,513.18,1078.97,353.71,0.8212,1082.42,350.69,0.7961,1075.09,350.26,0.7695,1086.30,354.57,0.7752,1067.33,353.28,0.8454,1094.49,375.27,0.7963,1052.67,369.23,0.6833,1095.79,402.44,0.6619,1034.12,383.90,0.7251,1096.65,430.04,0.6184,1022.05,402.44,0.7583,1081.56,419.26,0.6812,1053.53,417.53,0.6565,1099.67,453.75,0.6739,1042.75,453.75,0.7413,1105.71,470.57,0.7433,1034.55,493.86,0.8298
206,bottom,0,982.21,625.00,1176.21,879.89,1096.26,646.35,0.8428,1095.63,642.56,0.5698,1100.05,643.19,0.5481,1083.63,648.24,0.7041,1103.84,649.51,0.7423,1062.16,672.24,0.8423,1114.58,684.24,0.8862,1033.74,703.19,0.8286,1131.63,724.03,0.8417,1005.95,730.34,0.8900,1155.63,748.66,0.8714,1064.69,751.82,0.7136,1099.42,750.55,0.7306,1031.85,804.86,0.8422,1133.52,796.02,0.8614,1009.74,859.81,0.8930,1153.73,852.23,0.9019
207,top,1,998.04,337.89,1108.29,513.04,1072.84,354.06,0.8424,1075.83,351.06,0.8292,1068.99,350.64,0.8225,1080.10,354.06,0.7850,1060.86,353.20,0.8824,1088.23,374.58,0.7892,1046.32,368.60,0.6736,1092.50,399.81,0.6958,1026.23,383.13,0.7132,1095.07,426.32,0.6543,1014.25,401.09,0.7316,1074.97,419.05,0.6788,1047.61,417.77,0.6328,1092.08,454.54,0.7114,1038.63,454.97,0.6930,1092.93,471.22,0.7244,1033.50,493.45,0.8020
207,bottom,0,977.26,625.88,1181.23,877.85,1104.48,647.63,0.8673,1103.15,644.31,0.6064,1107.13,644.97,0.6335,1091.20,650.28,0.7186,1110.45,651.61,0.7870,1069.95,673.52,0.8767,1122.40,685.47,0.8852,1042.07,704.73,0.7963,1137.67,723.98,0.8677,1012.85,732.61,0.8685,1160.91,745.23,0.8433,1073.27,753.19,0.7438,1105.80,751.87,0.7811,1040.74,806.31,0.8358,1139.00,791.70,0.8657,1007.54,858.76,0.8757,1154.27,850.13,0.8925
208,top,1,994.41,337.64,1101.25,511.93,1066.98,354.58,0.8545,1070.38,351.60,0.8428,1063.15,351.17,0.8312,1074.64,354.58,0.8074,1055.49,353.73,0.9195,1083.58,374.15,0.7860,1041.88,369.05,0.6704,1089.53,398.83,0.7205,1020.60,383.09,0.7444,1093.79,423.51,0.6787,1007.84,403.09,0.7492,1069.53,417.98,0.6691,1041.45,416.70,0.6256,1084.43,457.98,0.6928,1032.09,455.00,0.6806,1080.17,479.25,0.7287,1030.39,492.44,0.7502
208,bottom,0,977.14,626.70,1181.35,875.85,1110.49,647.57,0.9018,1109.16,644.91,0.5755,1112.49,644.91,0.6240,1098.53,650.90,0.6749,1117.80,652.23,0.7963,1075.92,672.83,0.8660,1127.78,684.80,0.9041,1048.67,704.74,0.7831,1142.40,722.69,0.8667,1019.42,732.66,0.8536,1165.00,738.64,0.7983,1077.25,752.60,0.7506,1110.49,751.94,0.7992,1044.68,805.78,0.8089,1142.40,789.83,0.8797,1006.79,854.98,0.8556,1155.03,849.66,0.9171
209,top,1,991.49,338.75,1098.80,512.98,1061.31,356.11,0.8741,1064.71,352.70,0.8516,1057.48,352.70,0.8524,1069.39,356.11,0.8045,1050.67,355.26,0.8720,1078.75,374.82,0.7896,1035.78,371.00,0.6793,1086.40,399.07,0.7235,1014.09,386.31,0.7539,1092.78,425.44,0.6932,1002.18,407.15,0.7596,1063.43,418.21,0.6774,1034.93,416.94,0.6501,1078.75,457.35,0.7755,1025.15,454.79,0.6874,1071.94,489.67,0.7789,1024.30,493.08,0.7622
209,bottom,0,981.34,626.08,1179.27,873.78,1116.39,648.13,0.9397,1118.32,644.91,0.5511,1117.68,644.91,0.6203,1104.79,650.06,0.6977,1122.19,652.64,0.7680,1080.95,672.61,0.8562,1132.50,685.50,0.9072,1052.60,704.83,0.7672,1146.67,721.58,0.8460,1023.61,731.24,0.8392,1165.36,726.73,0.6800,1081.60,749.29,0.7346,1113.17,749.29,0.7852,1046.16,804.70,0.7843,1143.45,789.23,0.8577,1008.15,849.80,0.8336,1155.05,849.15,0.9089
210,top,1,987.53,341.88,1099.02,518.21,1055.33,359.02,0.7995,1059.20,356.00,0.7895,1051.88,355.57,0.7768,1063.94,359.88,0.7710,1045.86,358.59,0.8387,1073.84,376.67,0.7838,1031.22,374.08,0.6749,1082.45,399.91,0.7409,1009.27,391.30,0.7506,1090.19,425.74,0.7008,997.64,414.55,0.7654,1058.34,419.71,0.6766,1029.07,417.56,0.6652,1072.11,458.89,0.7665,1017.88,455.44,0.6953,1065.66,498.92,0.8035,1012.71,491.17,0.7126
210,bottom,0,986.10,626.15,1174.67,873.79,1120.29,647.46,0.9348,1122.74,643.77,0.5838,1120.29,643.77,0.6201,1109.85,648.07,0.6649,1126.42,650.53,0.7188,1084.07,671.40,0.8381,1135.63,684.90,0.8786,1056.45,700.86,0.7746,1149.14,720.50,0.8396,1025.76,726.64,0.8520,1142.38,703.93,0.5680,1083.46,744.44,0.7194,1115.37,746.28,0.7716,1049.08,800.91,0.7902,1143.61,789.25,0.8704,1011.02,845.72,0.8316,1154.66,848.79,0.9209
211,top,1,981.78,347.54,1094.51,527.23,1050.87,364.12,0.8032,1054.38,361.05,0.7861,1046.92,361.05,0.7636,1059.20,365.00,0.7452,1040.34,363.68,0.8276,1068.85,380.35,0.7689,1026.74,379.04,0.6662,1077.19,402.73,0.7393,1004.36,399.22,0.7348,1086.40,427.73,0.7157,993.84,424.66,0.7439,1052.62,422.03,0.6467,1023.67,420.27,0.6410,1063.59,459.32,0.7413,1009.19,458.88,0.6951,1062.71,505.38,0.7747,996.47,495.29,0.7519
211,bottom,0,996.24,625.17,1174.28,872.54,1122.10,644.98,0.9559,1125.12,641.36,0.6307,1121.49,641.36,0.6406,1111.23,645.58,0.7059,1129.34,648.00,0.7337,1085.86,669.14,0.8164,1137.80,683.63,0.8571,1056.87,696.92,0.7433,1147.46,720.47,0.8290,1026.08,721.68,0.8405,1137.80,704.16,0.5380,1084.05,741.61,0.7004,1115.45,744.02,0.7409,1050.84,796.56,0.7762,1143.23,789.92,0.8344,1017.02,839.44,0.8075,1154.71,849.71,0.8753
212,top,1,965.80,353.53,1088.22,529.23,1046.32,369.74,0.8449,1049.75,366.74,0.8070,1042.45,366.31,0.7970,1054.04,370.17,0.7764,1035.16,368.89,0.8563,1062.19,385.62,0.8085,1021.01,385.62,0.7212,1070.77,406.21,0.7630,999.99,408.35,0.7174,1081.06,429.37,0.7257,991.84,434.52,0.7205,1048.46,425.51,0.6790,1018.43,424.65,0.6575,1055.75,466.69,0.7323,998.70,464.97,0.7087,1057.47,511.73,0.8057,982.40,501.01,0.7500
212,bottom,0,1004.90,622.47,1173.78,872.15,1121.03,641.86,0.9378,1124.08,638.81,0.6184,1120.42,638.20,0.6490,1109.45,643.08,0.7048,1128.96,645.51,0.8024,1085.68,666.24,0.8152,1136.88,680.26,0.8621,1057.03,693.06,0.7329,1141.15,719.88,0.8509,1025.33,715.61,0.8458,1127.74,702.20,0.5036,1083.85,739.39,0.6769,1115.55,742.44,0.7283,1052.15,791.20,0.7942,1142.37,790.59,0.8382,1023.50,838.75,0.8269,1154.56,849.11,0.8912
213,top,1,954.02,360.02,1083.61,537.14,1039.57,377.23,0.8501,1043.03,374.20,0.8176,1035.68,373.77,0.8135,1047.36,377.66,0.7924,1028.33,377.23,0.8330,1056.01,393.23,0.8206,1014.93,394.53,0.7334,1064.65,413.55,0.7464,995.03,419.17,0.7024,1074.60,435.61,0.6906,987.25,445.98,0.6608,1042.60,433.88,0.6737,1012.76,433.01,0.6459,1049.52,474.96,0.7519,990.28,472.79,0.7069,1049.95,517.77,0.7925,967.36,506.96,0.7579
213,bottom,0,1008.17,618.34,1173.49,869.84,1117.84,638.48,0.9466,1118.46,634.79,0.6133,1118.46,634.79,0.6467,1106.18,639.09,0.7335,1126.44,641.55,0.7941,1084.07,663.04,0.8242,1134.42,677.16,0.8717,1054.60,690.67,0.7573,1138.11,718.30,0.8102,1023.28,711.55,0.8443,1115.39,712.78,0.4477,1082.84,736.72,0.6688,1114.16,739.18,0.7160,1052.14,787.69,0.8333,1140.56,790.14,0.8443,1030.04,842.34,0.8668,1154.07,847.86,0.9098
214,top,1,945.50,367.79,1073.72,546.04,1030.94,385.98,0.8315,1034.42,382.50,0.8043,1027.02,382.50,0.8133,1039.20,386.41,0.8082,1020.06,385.98,0.8426,1049.21,402.51,0.8140,1007.43,404.69,0.7202,1057.48,420.79,0.7502,989.16,429.93,0.7151,1065.75,442.12,0.7287,982.19,455.61,0.6587,1037.03,443.42,0.6606,1007.43,441.68,0.6335,1041.82,480.41,0.7231,981.76,483.03,0.7140,1041.82,525.67,0.7571,956.95,512.62,0.7409
214,bottom,0,1006.64,615.31,1173.40,868.75,1114.15,636.22,0.9284,1114.15,632.51,0.6101,1116.01,632.51,0.6371,1102.39,637.46,0.7600,1121.58,638.70,0.7829,1080.74,660.97,0.8308,1131.48,673.96,0.8733,1051.04,688.20,0.7503,1135.81,716.66,0.7475,1020.72,708.00,0.8335,1117.86,720.37,0.3615,1081.36,733.98,0.6776,1112.91,736.46,0.7277,1053.51,785.34,0.8357,1138.90,790.91,0.8480,1034.95,842.88,0.8842,1154.37,848.45,0.9044
215,top,1,938.46,380.65,1067.22,546.21,1021.28,395.53,0.8051,1024.64,392.17,0.8018,1017.51,392.17,0.8077,1030.08,395.95,0.8275,1011.22,395.11,0.7996,1042.66,412.29,0.7861,999.91,414.39,0.6846,1052.30,431.15,0.7225,984.40,438.28,0.6936,1061.10,453.37,0.6646,973.50,462.59,0.6502,1031.34,452.95,0.6595,1004.94,452.11,0.6245,1033.02,484.80,0.6898,981.46,486.06,0.6191,1040.14,526.72,0.7441,951.29,517.50,0.7554
215,bottom,0,1003.39,612.62,1173.41,868.08,1108.98,633.08,0.9030,1108.36,629.34,0.6201,1110.85,629.34,0.6033,1097.75,634.33,0.8013,1117.09,636.20,0.7651,1077.17,658.65,0.8146,1127.69,670.50,0.8637,1047.86,685.47,0.7343,1133.93,716.03,0.8041,1016.68,706.67,0.8130,1112.10,719.77,0.4308,1079.04,732.87,0.6609,1110.23,734.74,0.6981,1053.47,784.63,0.8237,1136.42,790.24,0.8334,1039.13,843.25,0.9246,1153.88,848.24,0.8901
216,top,1,936.07,387.54,1064.97,547.95,1014.78,403.55,0.7293,1017.30,399.78,0.7269,1010.17,400.19,0.7281,1021.92,403.13,0.7227,1003.46,403.97,0.7993,1034.92,419.08,0.7602,992.13,422.43,0.6990,1044.15,437.12,0.7295,977.86,447.61,0.6907,1055.90,456.84,0.7198,965.70,473.62,0.5808,1026.53,457.68,0.6694,998.84,457.68,0.6476,1028.63,484.53,0.6624,980.38,492.08,0.6424,1039.12,526.90,0.7402,950.17,523.55,0.7558
216,bottom,0,997.90,608.40,1172.85,867.74,1103.74,630.43,0.8919,1102.47,627.27,0.6258,1105.64,627.27,0.5837,1092.97,631.70,0.8074,1111.97,634.23,0.7481,1072.71,656.39,0.8127,1123.36,667.79,0.8622,1045.48,683.62,0.7249,1130.96,713.38,0.8086,1013.83,706.41,0.8007,1108.80,718.44,0.4225,1076.51,732.37,0.6654,1108.17,734.27,0.6993,1053.08,785.56,0.8185,1132.86,790.62,0.8386,1042.95,845.71,0.9320,1153.12,848.24,0.8914
217,top,1,933.20,390.64,1059.10,547.09,1008.45,406.57,0.7791,1011.31,402.88,0.7654,1004.35,403.29,0.7571,1015.41,406.57,0.7155,997.38,407.39,0.8007,1028.12,422.96,0.7602,985.49,426.24,0.6991,1035.91,440.59,0.7173,971.97,452.06,0.6915,1049.84,459.44,0.7112,961.72,476.65,0.6225,1021.15,460.26,0.6666,993.69,461.90,0.6443,1028.94,485.26,0.6632,979.76,494.28,0.6104,1040.00,526.65,0.7549,948.20,523.78,0.7708
217,bottom,0,994.11,607.53,1172.81,868.94,1098.14,628.46,0.8693,1096.86,625.27,0.6372,1098.78,625.27,0.5388,1087.29,629.10,0.7599,1105.80,631.65,0.6915,1067.50,655.27,0.8080,1118.56,665.48,0.8512,1040.70,683.99,0.7269,1128.14,710.79,0.7939,1010.06,707.60,0.7900,1110.27,719.09,0.4192,1073.25,732.49,0.6666,1103.88,733.77,0.6838,1052.83,785.46,0.8081,1129.41,791.21,0.8413,1043.89,846.73,0.9238,1151.75,848.01,0.8762
218,top,1,933.45,392.41,1052.83,547.85,1004.41,406.79,0.7739,1007.13,403.29,0.7867,1000.14,403.68,0.7529,1011.02,407.56,0.7113,992.75,407.95,0.8153,1021.90,423.50,0.7606,981.09,428.94,0.7005,1028.89,442.15,0.7062,967.88,453.81,0.6892,1041.72,461.58,0.7224,958.55,480.23,0.5963,1015.29,460.80,0.6451,988.87,464.30,0.6332,1034.33,481.79,0.6638,978.76,494.22,0.5945,1044.05,525.31,0.7263,948.84,522.59,0.7044
218,bottom,0,993.52,604.20,1172.54,867.58,1093.32,625.29,0.8132,1093.32,621.43,0.6200,1093.32,621.43,0.5408,1082.39,625.93,0.7226,1100.39,627.86,0.6870,1061.81,652.94,0.7661,1113.89,662.58,0.8129,1037.37,682.52,0.7321,1124.18,708.88,0.7910,1008.44,709.53,0.7864,1106.18,721.74,0.4643,1067.60,728.82,0.6440,1098.46,730.74,0.6453,1050.23,786.69,0.8031,1125.47,789.26,0.8191,1043.16,846.49,0.8962,1148.62,844.56,0.8486
219,top,1,934.83,390.61,1056.72,545.17,1003.32,404.41,0.8085,1005.70,400.84,0.8304,998.95,401.63,0.7797,1009.27,405.21,0.7927,991.41,406.79,0.8325,1017.60,421.47,0.7743,978.32,428.22,0.7451,1021.57,441.31,0.7078,965.23,455.20,0.7262,1033.47,461.94,0.7098,959.67,481.38,0.6992,1010.46,457.18,0.6507,985.46,462.34,0.6952,1037.83,479.00,0.7715,976.34,492.49,0.6627,1047.75,519.47,0.7502,947.37,525.03,0.7933
219,bottom,0,994.56,600.90,1167.79,864.38,1088.89,621.36,0.8332,1089.53,617.50,0.6128,1088.25,617.50,0.5696,1077.31,622.00,0.7454,1096.61,624.57,0.7120,1058.01,649.66,0.7901,1109.47,659.31,0.8163,1034.21,683.11,0.7407,1121.70,705.62,0.8164,1008.48,712.06,0.8304,1104.97,723.63,0.5720,1063.80,728.14,0.6542,1094.68,730.07,0.6504,1047.72,785.39,0.8120,1119.77,786.03,0.8201,1042.58,846.50,0.8923,1142.92,841.99,0.8371
220,top,1,936.04,385.05,1066.29,546.22,1001.59,399.49,0.8845,1004.56,396.10,0.8388,997.35,396.53,0.8301,1008.80,400.34,0.8148,990.99,401.61,0.8669,1016.43,418.15,0.7593,978.27,423.66,0.7621,1018.55,439.35,0.6737,966.40,449.53,0.7444,1029.57,458.86,0.5934,965.97,474.12,0.6148,1008.37,456.74,0.6330,984.20,460.55,0.6824,1038.48,474.12,0.7463,977.42,489.81,0.6894,1048.23,517.79,0.7609,947.74,524.15,0.7753
220,bottom,0,997.67,596.54,1156.29,862.71,1085.43,617.86,0.8254,1085.43,613.96,0.5913,1085.43,614.61,0.5385,1074.39,619.16,0.7518,1093.88,621.76,0.7087,1055.54,645.80,0.8112,1106.88,655.55,0.8352,1034.10,680.89,0.7642,1119.87,701.68,0.8238,1010.70,712.73,0.8401,1102.98,723.13,0.6541,1058.79,727.03,0.6686,1090.63,727.68,0.6590,1045.14,784.86,0.8219,1113.37,782.26,0.8177,1042.54,845.94,0.8870,1132.22,840.10,0.8213
221,top,1,935.92,378.12,1064.62,545.76,1001.11,391.98,0.8126,1004.46,388.21,0.7828,996.92,389.04,0.7856,1009.49,393.23,0.8087,991.47,394.91,0.8500,1015.77,412.09,0.7718,980.16,417.95,0.7592,1015.77,431.36,0.7131,967.17,441.83,0.7047,1027.92,451.05,0.6776,973.88,458.17,0.4971,1006.97,453.56,0.6510,983.93,457.75,0.6782,1038.81,471.58,0.7624,976.39,490.43,0.6989,1043.84,513.47,0.7949,947.90,523.52,0.7532
221,bottom,0,1001.77,594.76,1142.17,863.12,1083.10,615.60,0.7996,1081.79,611.67,0.5841,1083.10,611.67,0.5158,1071.97,616.25,0.7564,1091.62,618.87,0.7102,1052.97,643.11,0.8288,1104.07,653.60,0.8465,1033.97,681.11,0.7853,1117.83,698.80,0.8210,1013.66,713.22,0.8440,1103.41,720.43,0.7252,1055.59,723.70,0.6821,1087.04,725.01,0.6642,1042.48,781.36,0.8264,1108.00,780.05,0.8126,1039.86,842.29,0.8791,1121.76,837.70,0.8877
222,top,1,936.35,369.89,1056.00,546.67,1001.35,384.48,0.7503,1004.81,380.59,0.7300,997.47,381.46,0.7418,1010.42,384.91,0.7974,992.72,387.07,0.7794,1016.89,405.19,0.7724,982.80,410.37,0.7439,1016.46,425.05,0.7018,969.85,433.68,0.7708,1031.13,443.17,0.7052,983.66,451.81,0.5099,1005.67,449.22,0.6354,984.09,451.37,0.6363,1040.20,471.23,0.7539,978.48,487.63,0.7065,1033.72,504.46,0.7638,947.84,523.02,0.7626
222,bottom,0,1007.36,592.77,1125.52,858.42,1080.06,614.04,0.8330,1078.12,610.80,0.5951,1079.41,610.80,0.5231,1069.68,615.99,0.7626,1089.14,617.93,0.7145,1050.23,642.58,0.8527,1102.76,651.66,0.8639,1033.37,682.14,0.7933,1116.38,697.71,0.8214,1015.85,715.22,0.7992,1102.76,720.41,0.7585,1052.82,721.70,0.6884,1083.95,723.00,0.6805,1037.26,776.83,0.8270,1100.81,778.78,0.8141,1035.96,837.79,0.8837,1112.49,837.79,0.8883
223,top,1,936.61,363.03,1054.30,547.02,1004.89,376.86,0.6469,1008.03,372.82,0.6618,1000.85,373.72,0.6375,1013.42,378.21,0.7250,996.35,379.56,0.7477,1018.81,397.08,0.7810,986.47,402.02,0.7561,1021.96,416.39,0.6597,973.00,425.38,0.7519,1041.72,428.97,0.6662,994.11,440.65,0.5632,1006.24,444.69,0.6546,985.57,447.39,0.6516,1039.93,469.40,0.7403,977.04,486.92,0.6738,1025.55,499.50,0.7577,947.84,522.40,0.7605
223,bottom,0,1007.86,593.87,1120.00,858.43,1076.85,615.05,0.8320,1075.56,611.82,0.5850,1076.85,611.82,0.5299,1066.52,616.99,0.7535,1085.89,618.28,0.7044,1048.43,644.12,0.8524,1100.10,651.87,0.8612,1033.58,684.17,0.7989,1114.31,697.08,0.8026,1016.78,718.40,0.7978,1104.63,719.69,0.7707,1051.01,722.27,0.6734,1082.02,724.21,0.6841,1030.99,773.95,0.8217,1094.94,781.05,0.8111,1029.05,834.66,0.8919,1105.27,839.18,0.8882
224,top,1,935.00,352.46,1072.66,545.78,1009.96,367.94,0.6353,1012.80,363.69,0.6266,1005.72,364.64,0.6245,1018.46,368.41,0.7317,1001.00,370.30,0.7109,1024.12,387.76,0.7540,992.03,392.95,0.7540,1029.79,406.64,0.5801,979.76,416.55,0.7502,1053.38,414.19,0.6784,1002.89,430.71,0.5854,1008.55,440.62,0.6488,987.31,441.57,0.6500,1037.34,469.41,0.7322,975.04,483.10,0.6991,1015.63,499.62,0.7250,948.61,520.86,0.7458
224,bottom,0,1008.38,596.42,1118.39,856.65,1072.91,616.62,0.8444,1072.28,613.45,0.6124,1071.64,613.45,0.5431,1062.75,619.17,0.7394,1081.81,620.44,0.6869,1045.60,646.48,0.8422,1097.69,652.84,0.8533,1032.89,687.14,0.7983,1112.94,698.58,0.7925,1017.01,722.09,0.7781,1104.68,722.09,0.7583,1048.77,723.99,0.6749,1080.54,726.53,0.6915,1024.63,773.55,0.8314,1091.34,782.44,0.8050,1020.18,833.27,0.8906,1104.68,839.62,0.8914
225,top,1,941.39,345.80,1041.58,538.82,1012.69,357.96,0.7264,1015.52,353.72,0.6860,1008.45,354.66,0.7263,1022.12,357.96,0.7472,1004.68,360.78,0.7690,1027.77,379.16,0.7781,997.14,384.35,0.7710,1021.17,399.90,0.4173,986.77,410.26,0.7478,1015.52,399.90,0.2846,1011.75,416.39,0.6035,1009.86,436.65,0.7244,988.19,436.65,0.6661,1034.84,469.64,0.8000,973.11,478.12,0.6584,1011.28,502.15,0.7632,952.85,515.35,0.7750
225,bottom,0,993.03,598.89,1116.77,857.59,1068.79,618.98,0.8733,1066.90,616.45,0.6355,1068.79,615.82,0.5286,1058.69,622.13,0.7778,1077.63,622.13,0.6899,1042.27,649.92,0.8645,1093.42,654.34,0.8633,1031.53,689.71,0.7746,1109.84,699.82,0.8038,1015.74,725.71,0.7736,1102.90,724.45,0.7439,1045.42,726.34,0.6626,1078.27,729.50,0.7023,1018.27,774.98,0.8279,1090.90,781.92,0.8126,1009.42,836.24,0.9011,1104.16,840.03,0.9078
226,top,1,947.86,338.28,1041.06,523.49,1019.78,349.49,0.7081,1022.04,346.33,0.6778,1014.81,347.23,0.6599,1026.11,351.30,0.6556,1008.02,352.20,0.7253,1027.92,373.46,0.6460,1002.60,374.36,0.7438,1017.52,393.35,0.3814,994.01,403.75,0.7460,1030.18,382.50,0.2665,1017.97,394.26,0.6208,1012.09,431.34,0.6492,991.29,429.08,0.6285,1031.08,467.51,0.7659,977.27,468.87,0.6158,1009.83,502.78,0.7499,955.57,512.73,0.7878
226,bottom,0,971.55,601.48,1115.26,858.04,1063.45,621.40,0.8556,1061.57,618.26,0.5918,1064.70,617.64,0.5881,1052.80,624.53,0.7793,1072.22,623.90,0.7234,1037.77,652.72,0.8509,1089.76,656.47,0.8602,1027.12,694.06,0.7902,1106.04,701.57,0.8060,1013.34,729.13,0.7646,1099.78,726.63,0.7525,1042.78,728.51,0.6639,1075.35,730.39,0.6901,1012.71,776.11,0.7950,1091.01,782.37,0.8114,997.06,836.87,0.8831,1104.17,840.63,0.8799
227,top,4,953.87,326.45,1041.32,522.17,1020.53,337.82,0.6974,1023.40,334.47,0.6677,1016.23,334.95,0.6574,1028.18,339.73,0.6936,1010.98,341.64,0.6889,1031.52,360.28,0.7137,1007.63,363.62,0.7132,1037.74,373.66,0.4322,999.03,392.77,0.7042,1060.19,361.71,0.3727,1011.93,371.75,0.5036,1017.19,421.44,0.6442,997.12,419.53,0.6205,1027.22,462.06,0.7727,985.65,457.76,0.6591,1010.98,501.24,0.7579,960.81,501.72,0.7489
227,bottom,0,957.98,602.32,1115.66,861.26,1057.68,623.06,0.8633,1056.42,619.90,0.5892,1059.58,619.26,0.5983,1046.93,626.22,0.7860,1067.16,625.59,0.7496,1032.39,654.67,0.8423,1084.86,657.83,0.8739,1022.91,695.13,0.7755,1100.67,703.34,0.7908,1009.00,729.89,0.7851,1096.24,727.37,0.7316,1038.71,729.89,0.6787,1071.59,731.16,0.6984,1006.47,778.57,0.7907,1089.92,782.37,0.8212,984.98,838.00,0.8375,1103.83,841.16,0.9102
228,top,1,957.37,314.00,1044.45,520.27,1019.54,328.00,0.6523,1022.56,325.98,0.5793,1016.01,325.48,0.5648,1028.10,330.01,0.6256,1012.99,331.02,0.6096,1032.13,350.66,0.6894,1010.47,351.16,0.7281,1042.20,355.19,0.4501,1002.42,377.35,0.7022,1045.73,349.15,0.4456,1019.04,356.20,0.4944,1020.55,411.59,0.6471,1000.91,409.58,0.6249,1022.56,456.91,0.7409,991.84,450.37,0.6730,1011.99,498.71,0.7515,964.65,491.16,0.7867
228,bottom,0,953.30,603.74,1116.56,862.32,1051.97,623.81,0.8867,1050.08,621.29,0.6261,1053.24,620.66,0.5768,1041.24,627.60,0.8429,1061.44,626.97,0.7559,1026.72,656.01,0.8543,1079.12,659.16,0.8719,1015.99,695.78,0.7724,1094.90,703.36,0.7831,1002.73,731.76,0.7751,1091.12,726.71,0.7019,1033.04,731.76,0.6837,1065.86,733.03,0.7093,999.58,781.01,0.8125,1086.70,782.27,0.8248,976.22,840.35,0.8239,1103.74,840.98,0.8876
229,top,3,959.33,303.57,1054.07,515.31,1024.80,319.49,0.6457,1027.38,316.39,0.6043,1021.18,316.39,0.5854,1031.00,320.01,0.5498,1014.46,322.59,0.6674,1034.10,341.20,0.6716,1009.80,342.75,0.7058,1043.92,347.40,0.4349,1003.60,361.88,0.7763,1055.30,328.79,0.4492,1015.49,335.00,0.7494,1024.80,401.68,0.6533,1006.70,399.62,0.6421,1018.59,449.24,0.7239,997.40,443.04,0.7104,1014.97,492.67,0.7952,970.00,479.23,0.7779
229,bottom,0,942.97,603.85,1115.91,861.00,1045.13,625.07,0.8814,1043.25,622.56,0.6269,1046.39,621.93,0.5672,1034.46,628.21,0.8153,1053.92,628.21,0.7385,1018.77,656.46,0.8471,1072.13,659.60,0.8533,1007.47,696.64,0.7783,1087.19,704.17,0.7765,996.16,731.80,0.7818,1085.94,726.15,0.6942,1026.30,733.05,0.6729,1058.94,733.68,0.7043,993.03,782.65,0.8151,1082.17,783.27,0.8172,970.43,841.66,0.8299,1103.52,840.40,0.8649
230,top,1,961.70,297.06,1044.61,506.36,1022.07,310.24,0.6667,1024.11,307.69,0.5794,1018.49,307.69,0.5846,1027.18,311.26,0.5496,1012.36,313.31,0.6745,1031.77,333.24,0.7005,1009.29,335.28,0.6621,1041.48,331.70,0.5072,1005.20,349.59,0.6875,1047.10,317.91,0.5299,1014.91,326.08,0.6988,1028.20,395.58,0.6729,1011.33,394.04,0.6650,1019.00,441.06,0.7417,1001.63,436.97,0.6828,1014.91,483.47,0.8287,973.52,469.16,0.8352
230,bottom,0,943.83,605.84,1115.58,860.47,1037.16,626.85,0.9266,1038.41,623.12,0.6715,1036.54,623.74,0.5739,1026.60,629.34,0.7976,1045.87,629.96,0.7676,1010.43,657.93,0.8247,1063.89,661.66,0.8619,998.00,696.48,0.7647,1078.81,704.56,0.7570,988.05,732.53,0.7715,1081.30,727.56,0.6991,1019.14,734.40,0.6784,1051.46,734.40,0.7088,987.43,784.75,0.8385,1076.95,785.37,0.8328,968.78,843.18,0.8606,1102.44,840.70,0.8820
231,top,1,967.79,288.63,1051.13,490.25,1027.18,307.24,0.5869,1030.14,304.77,0.5471,1023.74,304.28,0.4922,1030.14,306.74,0.5032,1015.86,309.70,0.5931,1035.06,328.89,0.6831,1012.91,328.40,0.6395,1041.46,345.63,0.5211,1006.02,343.17,0.6060,1042.44,315.60,0.3886,1014.88,318.56,0.5561,1033.09,388.45,0.6931,1014.88,386.98,0.6863,1021.77,433.74,0.7900,1005.52,429.80,0.7053,1012.91,474.10,0.8183,977.47,461.80,0.8257
231,bottom,0,943.84,606.49,1116.57,861.17,1029.58,626.88,0.8842,1030.82,622.53,0.6003,1027.72,623.15,0.6022,1020.25,628.75,0.7938,1038.91,629.37,0.7990,1002.22,657.35,0.8360,1055.70,661.70,0.8256,988.54,695.90,0.7856,1071.24,705.23,0.7632,980.46,730.10,0.7848,1075.59,728.24,0.7179,1011.55,735.08,0.7009,1043.88,735.70,0.7098,981.70,784.20,0.8361,1070.62,786.06,0.8411,967.40,843.89,0.8866,1100.46,840.16,0.8720
232,top,1,972.17,285.56,1052.41,488.56,1026.17,303.80,0.6303,1028.15,300.82,0.5680,1021.71,301.32,0.5581,1031.62,303.30,0.5633,1016.75,305.78,0.6811,1040.04,322.13,0.7155,1014.27,323.62,0.6953,1045.49,340.97,0.5571,1003.37,342.45,0.6772,1044.01,328.08,0.4332,1012.78,318.17,0.5583,1037.07,382.60,0.6523,1018.73,380.12,0.6518,1024.68,429.19,0.7691,1007.33,425.72,0.6957,1013.28,465.86,0.8215,982.06,458.93,0.8254
232,bottom,0,944.16,605.37,1115.31,860.68,1023.50,625.19,0.8622,1024.13,621.45,0.5754,1022.26,621.45,0.6352,1014.78,627.06,0.7415,1033.48,627.68,0.7782,997.32,655.11,0.8454,1050.31,660.72,0.7985,981.12,692.51,0.8049,1063.39,701.86,0.7737,972.39,725.54,0.8010,1070.87,727.41,0.7476,1004.80,734.27,0.7239,1037.22,735.52,0.7051,977.38,784.14,0.8221,1063.39,785.38,0.8000,966.78,843.97,0.8765,1095.81,838.99,0.8572
233,top,,,,,,,,,,,,,,,,,,,,,,,,,,,,,,,,,,,,,,,,,,,,,,,,,,,,,,,,
233,bottom,,,,,,,,,,,,,,,,,,,,,,,,,,,,,,,,,,,,,,,,,,,,,,,,,,,,,,,,
234,top,,,,,,,,,,,,,,,,,,,,,,,,,,,,,,,,,,,,,,,,,,,,,,,,,,,,,,,,
234,bottom,,,,,,,,,,,,,,,,,,,,,,,,,,,,,,,,,,,,,,,,,,,,,,,,,,,,,,,,
235,top,,,,,,,,,,,,,,,,,,,,,,,,,,,,,,,,,,,,,,,,,,,,,,,,,,,,,,,,
235,bottom,,,,,,,,,,,,,,,,,,,,,,,,,,,,,,,,,,,,,,,,,,,,,,,,,,,,,,,,
236,top,1,988.04,246.35,1077.05,500.92,1026.95,304.02,0.7101,1027.57,300.30,0.6755,1021.98,302.16,0.7022,1032.54,304.02,0.6645,1017.63,308.38,0.7447,1044.35,314.59,0.7492,1015.76,331.99,0.7322,1062.38,292.22,0.8213,1016.38,353.75,0.6950,1066.11,266.11,0.7780,1020.74,328.26,0.5669,1047.46,381.09,0.6778,1030.68,380.47,0.6848,1039.38,420.87,0.7293,1022.60,427.09,0.7734,1026.95,453.81,0.9052,998.98,466.24,0.8416
236,bottom,0,942.27,595.97,1096.86,858.88,1009.94,617.02,0.7845,1009.94,613.17,0.5267,1009.94,613.17,0.6252,999.67,618.95,0.6830,1020.21,620.23,0.7615,981.69,647.83,0.8535,1036.25,653.61,0.8159,962.44,685.06,0.8021,1047.81,695.97,0.7673,952.81,714.59,0.8144,1056.15,727.43,0.7581,988.11,724.86,0.7181,1022.13,724.86,0.6972,964.36,770.43,0.8200,1051.02,774.28,0.7896,955.38,831.41,0.8857,1076.69,830.13,0.8376
237,top,1,990.04,239.42,1091.61,501.74,1028.02,311.02,0.6682,1029.94,307.82,0.6620,1023.53,309.10,0.6445,1035.06,311.02,0.6465,1019.69,314.86,0.6840,1045.95,320.63,0.7385,1019.69,336.00,0.7175,1063.24,301.42,0.7732,1015.85,356.49,0.7212,1074.13,276.44,0.7398,1020.33,328.95,0.6667,1049.15,384.03,0.6697,1033.14,384.67,0.6866,1044.67,422.46,0.6848,1028.02,431.42,0.7514,1034.42,453.84,0.8687,1004.32,471.13,0.7932
237,bottom,0,934.24,599.47,1095.04,857.42,1007.71,619.50,0.8092,1008.97,615.72,0.5319,1007.08,615.72,0.6100,997.63,622.02,0.6671,1017.79,622.02,0.7641,979.37,650.36,0.8463,1033.53,656.03,0.8065,959.85,686.88,0.8088,1045.50,698.85,0.7719,949.77,717.74,0.8283,1054.94,730.97,0.7657,985.67,726.56,0.7051,1019.05,727.19,0.6808,959.22,769.38,0.8286,1049.90,775.05,0.7963,947.25,826.69,0.8454,1076.98,831.10,0.8497
238,top,5,1002.81,288.98,1101.70,505.86,1031.08,316.93,0.6749,1033.19,313.23,0.6588,1026.84,314.29,0.6458,1037.96,316.93,0.6770,1021.55,320.64,0.6934,1048.02,326.99,0.6595,1021.02,341.82,0.6765,1071.32,317.99,0.5430,1015.19,365.12,0.7322,1090.38,310.58,0.5910,1022.60,337.06,0.6378,1049.61,395.83,0.6069,1034.25,396.89,0.6456,1048.55,432.37,0.6059,1035.84,441.37,0.6796,1043.79,458.84,0.7221,1009.37,481.61,0.7605
238,bottom,0,915.93,603.64,1093.82,856.43,1004.88,624.50,0.8358,1006.73,620.18,0.5600,1003.03,620.18,0.5498,995.00,626.35,0.7592,1014.75,627.58,0.7661,976.49,654.74,0.8479,1031.42,660.29,0.8509,956.12,691.77,0.8260,1043.76,704.73,0.7956,946.86,723.25,0.8397,1053.02,734.36,0.8058,983.28,729.42,0.7308,1015.99,730.04,0.7074,954.27,773.86,0.8483,1048.70,777.56,0.8530,933.90,831.87,0.8933,1077.09,832.49,0.9024
239,top,1,1002.03,310.32,1071.79,504.37,1032.65,327.28,0.6575,1035.96,323.02,0.6347,1028.38,323.96,0.5862,1042.12,326.81,0.6543,1025.07,330.12,0.6521,1049.70,338.65,0.6386,1023.64,350.49,0.6728,1074.81,326.81,0.4491,1013.22,377.97,0.6767,1083.81,341.49,0.4084,1026.01,351.91,0.5173,1050.17,402.13,0.6268,1034.54,403.55,0.6281,1051.12,441.93,0.5659,1045.44,447.61,0.6870,1049.70,464.67,0.6352,1012.27,482.19,0.6604
239,bottom,0,897.95,608.60,1094.11,857.73,1003.05,631.00,0.8931,1004.33,627.80,0.6078,1004.33,627.80,0.5271,992.20,634.19,0.7659,1011.35,634.83,0.7680,974.96,661.01,0.8578,1027.96,666.12,0.8943,954.52,698.04,0.8252,1042.00,710.81,0.8073,944.31,729.97,0.8352,1051.58,740.83,0.8556,981.98,733.80,0.7586,1013.91,734.44,0.7534,949.41,780.42,0.8680,1047.11,781.06,0.8733,920.68,836.61,0.9325,1076.49,835.97,0.9141
240,top,4,1004.83,320.68,1080.46,505.01,1038.59,336.79,0.6760,1041.29,333.19,0.6299,1034.99,333.64,0.5996,1046.24,337.69,0.6059,1029.59,338.59,0.6964,1052.99,349.39,0.6310,1025.54,360.64,0.6974,1079.99,351.19,0.5974,1012.49,390.34,0.6740,1084.94,373.69,0.6519,1029.14,372.79,0.3818,1051.19,405.64,0.6219,1034.99,407.89,0.6167,1057.49,442.54,0.4908,1049.84,452.00,0.6323,1049.84,465.05,0.5311,1017.44,483.05,0.5569
240,bottom,0,897.77,618.95,1096.10,858.77,1000.81,638.79,0.8518,1000.81,635.56,0.5521,1001.46,635.56,0.5218,990.48,642.67,0.7415,1009.20,643.31,0.7669,973.05,669.14,0.8683,1025.34,674.30,0.8784,953.04,706.58,0.8378,1040.19,718.85,0.8059,942.06,738.86,0.8546,1051.17,749.19,0.8718,979.51,740.80,0.7660,1010.50,741.44,0.7555,944.00,785.99,0.8893,1047.30,784.70,0.8963,914.30,838.29,0.9141,1076.35,839.58,0.9286
241,top,1,1006.27,329.08,1088.75,504.11,1044.09,343.52,0.7572,1046.65,339.68,0.7104,1039.39,340.53,0.6819,1051.35,343.10,0.6194,1032.55,345.23,0.7770,1058.19,359.76,0.6593,1026.57,368.73,0.7088,1078.70,374.72,0.7072,1012.89,396.08,0.7016,1080.84,394.37,0.7144,1030.84,394.37,0.4845,1052.21,414.88,0.6042,1033.41,417.02,0.5976,1062.89,445.65,0.5441,1053.49,454.62,0.6260,1051.35,465.73,0.4550,1021.01,484.53,0.5386
241,bottom,0,896.72,626.16,1096.26,858.18,997.79,647.33,0.8817,998.44,644.08,0.5548,997.79,644.08,0.5502,988.05,650.58,0.7420,1006.88,651.23,0.7557,971.16,677.21,0.8868,1022.47,681.11,0.8888,952.97,714.89,0.8535,1038.06,725.93,0.8076,938.03,748.66,0.9085,1050.40,755.16,0.9038,977.00,746.06,0.7858,1008.18,746.06,0.7826,939.98,786.34,0.9171,1045.86,783.74,0.9059,913.35,838.95,0.9390,1076.39,838.30,0.9468
242,top,1,1006.32,332.73,1078.68,503.70,1047.93,348.51,0.7685,1050.01,344.75,0.7535,1043.34,345.17,0.7189,1053.77,348.09,0.6779,1035.40,349.76,0.7678,1060.03,366.87,0.7429,1027.06,371.88,0.7046,1070.05,390.25,0.7034,1013.28,394.84,0.7611,1070.05,412.37,0.6783,1024.13,406.52,0.6202,1051.27,418.21,0.5720,1034.15,421.13,0.5615,1065.88,446.60,0.6694,1052.52,454.94,0.6576,1050.85,467.05,0.5175,1021.21,484.58,0.6060
242,bottom,0,896.84,631.97,1096.02,858.09,999.02,651.66,0.9034,1000.32,648.42,0.5302,999.67,649.07,0.5259,988.65,654.90,0.6974,1007.45,655.55,0.7396,971.14,680.19,0.9122,1022.36,686.03,0.9070,952.34,721.04,0.8713,1037.28,730.12,0.8505,936.78,756.05,0.9403,1051.54,756.70,0.9056,977.63,749.57,0.7979,1007.45,749.57,0.7963,938.07,786.53,0.9289,1047.65,782.64,0.9234,912.79,839.70,0.9492,1074.88,838.40,0.9565
243,top,1,1005.81,333.58,1073.52,503.25,1048.78,351.31,0.8063,1051.26,348.00,0.8469,1044.22,348.00,0.7543,1055.41,351.31,0.7697,1036.77,352.56,0.8442,1062.03,370.78,0.8016,1027.24,372.02,0.7176,1062.86,398.53,0.7013,1011.50,393.56,0.8007,1056.65,420.07,0.6646,1019.37,410.54,0.7140,1049.61,418.83,0.5628,1029.72,420.07,0.5883,1064.93,446.58,0.7012,1049.19,452.38,0.6572,1049.61,466.05,0.6181,1018.95,484.69,0.7002
243,bottom,0,897.11,631.71,1096.65,858.11,1004.03,651.38,0.8967,1005.32,648.13,0.5418,1005.97,648.78,0.5003,992.98,654.63,0.6737,1011.82,655.93,0.7203,974.80,678.66,0.9123,1025.46,685.81,0.9286,954.66,718.93,0.8727,1039.75,731.27,0.8607,938.42,754.01,0.9413,1057.94,754.66,0.8931,979.34,750.76,0.7937,1009.87,750.76,0.8065,941.67,787.13,0.9228,1049.49,780.64,0.9258,913.74,839.75,0.9526,1074.82,837.15,0.9540
244,top,1,1000.89,333.41,1071.43,497.21,1047.75,350.93,0.8763,1050.55,347.73,0.8643,1043.36,347.73,0.7720,1054.55,350.53,0.7744,1036.56,351.33,0.8330,1062.15,370.52,0.8027,1025.36,370.12,0.7012,1058.55,397.72,0.7343,1006.57,390.92,0.8206,1047.75,417.71,0.6548,1012.16,406.11,0.7479,1048.15,415.31,0.6030,1026.16,416.11,0.6046,1060.95,446.90,0.7046,1040.96,448.50,0.7015,1048.15,465.70,0.6918,1016.16,484.49,0.7280
244,bottom,0,896.63,628.58,1096.73,857.18,1012.31,649.74,0.9315,1011.01,646.48,0.5825,1014.92,647.13,0.5300,1001.24,652.34,0.6580,1019.48,653.64,0.7312,981.05,675.79,0.9318,1031.85,684.91,0.9279,959.55,714.22,0.8713,1046.18,729.85,0.8643,940.66,748.74,0.9194,1072.24,748.09,0.8477,984.96,749.40,0.7785,1017.52,748.74,0.7945,946.52,789.78,0.9031,1053.35,775.45,0.9130,914.61,838.63,0.9360,1078.10,832.77,0.9438
245,top,1,998.46,333.42,1070.49,499.23,1045.40,348.72,0.8410,1048.24,345.08,0.8538,1040.95,345.48,0.7700,1051.88,347.91,0.7869,1033.66,348.72,0.8304,1060.78,368.96,0.7751,1021.92,367.34,0.6807,1058.76,394.87,0.7082,1002.49,385.97,0.7479,1047.43,411.06,0.6219,1005.33,400.13,0.7247,1046.21,413.49,0.6079,1024.35,413.49,0.6058,1053.90,444.66,0.6162,1032.04,444.66,0.7035,1049.45,463.69,0.7478,1016.66,480.29,0.6710
245,bottom,0,898.59,625.61,1104.94,856.02,1022.59,647.44,0.9325,1021.25,644.76,0.5864,1025.28,645.43,0.6072,1011.17,649.46,0.7215,1028.64,650.80,0.7704,991.02,672.97,0.9249,1040.06,684.39,0.9244,966.84,707.23,0.8755,1056.85,726.71,0.9108,945.34,740.81,0.9118,1085.06,740.81,0.8855,993.04,747.53,0.7987,1023.26,746.86,0.8220,952.73,790.52,0.8859,1059.54,771.71,0.9142,916.46,838.21,0.9398,1083.05,828.81,0.9294
246,top,1,992.54,330.01,1070.46,501.06,1042.36,346.22,0.8343,1044.87,342.88,0.8645,1037.77,342.88,0.7706,1048.63,346.22,0.8185,1030.67,346.63,0.8546,1058.23,367.10,0.7896,1017.72,365.43,0.6978,1058.65,393.41,0.7162,998.10,381.30,0.7453,1048.21,411.36,0.6663,998.93,395.08,0.7290,1044.45,412.20,0.5890,1021.90,411.78,0.5752,1049.88,445.61,0.5961,1022.73,449.78,0.6926,1049.46,462.31,0.7742,1016.05,484.86,0.7362
246,bottom,0,897.85,625.12,1121.14,856.31,1035.66,647.68,0.8882,1034.21,643.32,0.5938,1037.84,644.77,0.6821,1021.85,647.68,0.7387,1039.30,649.86,0.8158,1001.50,670.21,0.9132,1050.20,683.29,0.9115,976.06,701.47,0.8769,1068.37,724.72,0.9230,950.62,734.90,0.9160,1098.17,733.45,0.9046,1000.77,746.53,0.8237,1030.57,745.80,0.8342,959.34,790.87,0.8897,1066.92,771.97,0.9430,918.64,838.11,0.9250,1090.17,829.39,0.9157
247,top,1,987.64,329.19,1066.72,503.99,1039.13,344.04,0.8612,1042.55,341.05,0.8688,1035.29,341.05,0.8304,1046.39,344.04,0.8311,1028.46,344.04,0.8640,1055.78,364.95,0.7935,1015.66,362.81,0.6814,1057.91,391.41,0.7285,993.90,376.04,0.7525,1051.51,411.46,0.7340,992.19,390.55,0.7602,1041.69,413.17,0.5892,1018.65,413.60,0.5876,1050.23,444.75,0.5976,1018.22,452.01,0.6872,1048.09,461.82,0.7758,1015.23,485.72,0.7606
247,bottom,0,900.09,624.54,1132.98,856.80,1047.62,647.43,0.9200,1046.10,642.88,0.6208,1049.13,644.39,0.7265,1033.97,646.67,0.7145,1049.13,648.94,0.7770,1011.99,669.41,0.9376,1059.75,683.81,0.9243,983.18,698.97,0.8889,1079.46,723.23,0.9577,955.13,730.06,0.9331,1112.05,725.51,0.9156,1008.20,745.98,0.8649,1038.52,746.73,0.8637,964.99,791.46,0.8980,1074.15,776.30,0.9523,922.53,837.70,0.9350,1098.41,831.64,0.9235
248,top,1,983.63,327.95,1064.59,504.31,1037.89,342.93,0.8190,1040.90,339.92,0.8307,1034.01,339.92,0.8207,1044.77,343.36,0.8327,1027.12,343.36,0.8760,1053.82,364.46,0.8001,1013.77,360.15,0.6911,1057.26,389.86,0.7370,991.38,372.64,0.7794,1054.25,412.25,0.7251,987.94,390.72,0.8023,1039.61,413.54,0.6275,1015.50,413.97,0.6196,1050.37,447.99,0.6797,1016.36,453.59,0.7301,1043.48,463.49,0.7812,1014.64,486.74,0.7923
248,bottom,0,899.68,626.08,1148.02,856.85,1058.61,647.69,0.9441,1057.00,643.65,0.6649,1059.42,644.46,0.7336,1044.87,648.50,0.7358,1060.23,649.31,0.8294,1022.24,669.52,0.9513,1069.93,684.07,0.9407,992.33,697.00,0.8934,1090.95,720.45,0.9497,960.80,724.49,0.9507,1124.09,718.83,0.9487,1014.96,747.93,0.8872,1045.68,749.55,0.8728,971.31,792.39,0.9241,1080.44,776.23,0.9621,926.85,835.24,0.9336,1099.84,832.81,0.9216
249,top,1,981.25,328.43,1063.89,501.95,1036.55,342.75,0.8116,1039.94,340.21,0.8015,1032.73,339.78,0.7794,1043.75,344.02,0.7941,1025.96,343.60,0.8598,1052.22,364.35,0.7813,1011.98,359.69,0.6569,1056.03,389.77,0.7122,989.52,372.83,0.7834,1055.61,413.92,0.6993,984.86,394.43,0.7785,1035.70,413.49,0.6152,1011.55,413.49,0.6227,1049.68,449.08,0.7097,1012.82,451.20,0.7010,1042.05,469.84,0.7801,1011.98,484.67,0.7029
249,bottom,0,903.78,628.41,1155.86,856.20,1066.75,649.58,0.9733,1064.29,646.30,0.6461,1067.57,647.12,0.7235,1055.26,650.40,0.7734,1070.85,651.22,0.8610,1032.28,670.09,0.9425,1080.70,683.22,0.9497,1001.10,695.53,0.8715,1099.57,716.86,0.9565,965.00,720.97,0.9405,1129.93,714.40,0.9249,1022.44,747.22,0.8850,1051.98,748.87,0.8756,976.49,791.53,0.8979,1085.62,772.66,0.9223,933.00,834.20,0.9170,1099.57,831.74,0.9042
250,top,1,980.42,329.66,1063.78,502.53,1034.76,344.77,0.8359,1037.71,341.82,0.8139,1030.96,341.82,0.7860,1041.94,345.19,0.7754,1023.79,344.77,0.8610,1050.38,364.61,0.7831,1010.28,361.65,0.6463,1054.60,390.35,0.6966,988.34,376.42,0.7872,1057.13,415.25,0.6910,983.27,401.75,0.7786,1033.07,413.56,0.6037,1008.17,413.14,0.6248,1049.95,449.86,0.7502,1006.91,452.39,0.6922,1041.94,478.56,0.7862,1004.37,483.20,0.6670
250,bottom,0,910.34,631.46,1156.91,856.12,1076.17,650.68,0.9620,1076.17,647.47,0.6673,1076.97,647.47,0.7497,1064.13,650.68,0.7969,1078.57,652.29,0.8849,1040.05,669.94,0.9268,1086.60,683.59,0.9170,1007.94,694.02,0.8387,1109.88,711.68,0.8781,971.82,718.10,0.9067,1133.96,711.68,0.8514,1027.21,744.59,0.8272,1056.10,747.00,0.8141,981.46,791.95,0.8543,1090.61,772.68,0.8878,939.72,834.49,0.8947,1100.25,831.28,0.8913
251,top,1,974.67,333.77,1065.01,508.06,1033.45,349.00,0.8437,1036.43,345.60,0.8108,1029.62,345.60,0.7941,1040.69,349.00,0.7666,1022.39,348.15,0.8534,1047.92,367.30,0.7890,1008.35,365.60,0.6518,1052.60,392.40,0.6961,986.65,383.47,0.7883,1056.86,417.94,0.6765,982.39,410.70,0.7593,1031.33,414.53,0.6195,1004.94,414.11,0.6247,1048.35,450.70,0.7816,1000.69,453.26,0.6951,1046.22,489.85,0.8242,993.03,483.89,0.6849
251,bottom,0,920.09,631.12,1151.31,855.55,1080.86,651.51,0.9990,1082.37,648.50,0.6599,1082.37,648.50,0.7563,1070.32,651.51,0.8050,1086.13,653.77,0.8369,1046.24,670.33,0.9199,1092.15,686.13,0.9202,1011.61,692.91,0.8158,1113.98,710.22,0.8268,975.48,715.49,0.8975,1133.55,713.23,0.7663,1031.18,741.83,0.8163,1059.03,745.60,0.8059,987.53,790.76,0.8378,1092.90,774.20,0.9164,946.88,834.41,0.9026,1099.68,832.91,0.9065
252,top,1,966.84,340.10,1067.37,516.04,1031.71,354.62,0.8280,1035.15,351.61,0.8155,1027.85,351.18,0.7984,1039.02,355.05,0.7895,1020.55,354.19,0.8728,1045.46,371.80,0.7916,1004.65,372.23,0.6830,1049.75,395.85,0.7150,985.75,394.14,0.7827,1056.63,423.77,0.7078,982.32,422.49,0.7544,1029.57,416.90,0.6414,1001.65,416.04,0.6372,1046.75,452.98,0.7576,992.63,456.42,0.7204,1049.32,498.08,0.8296,978.02,492.93,0.7548
252,bottom,0,926.02,628.75,1137.25,855.24,1084.58,649.85,0.9932,1084.58,647.10,0.4915,1085.95,649.17,0.5732,1074.95,651.23,0.7753,1092.14,653.98,0.7680,1049.51,667.04,0.8782,1096.95,684.23,0.9297,1014.44,691.80,0.8006,1117.58,713.80,0.8567,978.69,712.43,0.8708,1126.52,708.99,0.6366,1033.70,737.18,0.7951,1061.89,741.31,0.8166,991.06,790.13,0.8262,1092.14,771.56,0.9073,950.50,836.19,0.9094,1100.39,833.44,0.9201
253,top,1,951.93,346.10,1073.00,521.10,1028.28,362.25,0.8826,1032.12,359.68,0.8406,1024.86,359.26,0.8571,1035.97,363.10,0.8415,1018.45,361.39,0.9317,1042.38,378.48,0.8561,1003.50,379.34,0.7845,1047.50,400.70,0.7590,985.12,404.12,0.7869,1055.62,426.76,0.7706,984.70,433.17,0.7070,1027.42,422.06,0.7169,999.65,421.64,0.7005,1045.37,457.52,0.7855,984.70,461.80,0.7709,1051.77,504.09,0.8478,964.19,500.25,0.8606
253,bottom,0,931.16,626.03,1118.76,854.67,1086.03,648.14,0.9394,1086.03,645.09,0.5087,1087.86,645.09,0.5962,1076.86,650.58,0.6867,1092.74,652.41,0.7193,1052.44,664.63,0.8926,1100.07,686.00,0.9178,1017.63,689.05,0.7919,1109.84,718.37,0.8744,982.82,709.21,0.8370,1111.06,696.38,0.6547,1035.34,734.24,0.7486,1064.04,738.52,0.8102,993.20,788.59,0.8160,1092.13,770.88,0.9210,955.34,836.23,0.9449,1100.07,831.95,0.9722
254,top,1,944.28,354.74,1072.86,524.08,1026.98,370.77,0.9021,1030.33,367.42,0.8793,1023.64,367.00,0.8720,1034.52,370.77,0.8460,1016.52,369.51,0.9230,1040.38,386.25,0.8391,1001.87,388.35,0.7639,1045.82,407.18,0.7390,984.29,415.13,0.7905,1055.03,430.62,0.7820,986.80,443.18,0.7312,1024.89,428.53,0.7094,997.27,427.69,0.6778,1044.14,462.01,0.7940,979.27,465.78,0.7360,1052.93,506.38,0.8423,955.00,500.10,0.8070
254,bottom,0,935.57,623.80,1119.00,854.42,1087.59,644.77,0.9281,1087.59,641.78,0.5435,1089.38,642.38,0.6403,1078.04,647.15,0.7440,1094.16,649.54,0.7597,1052.96,661.49,0.8609,1100.13,682.98,0.9113,1018.33,686.56,0.7671,1100.73,718.81,0.9077,983.10,706.27,0.8301,1106.70,694.92,0.5748,1035.64,732.54,0.7173,1066.69,737.32,0.7838,996.83,784.49,0.7924,1091.18,771.95,0.8750,959.81,834.65,0.9200,1099.53,832.86,0.9635
255,top,1,945.06,361.20,1072.73,528.74,1027.60,376.40,0.8534,1030.92,373.07,0.8549,1023.86,372.66,0.8328,1034.66,377.23,0.8093,1015.96,375.57,0.8742,1040.48,393.44,0.8112,1001.42,395.51,0.7485,1045.47,412.14,0.7372,986.87,423.36,0.7334,1059.60,433.33,0.7777,992.69,445.80,0.6793,1025.11,435.83,0.6661,998.09,435.83,0.6236,1041.31,466.16,0.7262,975.23,474.48,0.7154,1050.87,509.39,0.7921,955.29,499.83,0.7448
255,bottom,0,940.75,619.66,1119.68,854.37,1086.72,642.07,0.9748,1086.13,638.58,0.5784,1088.46,639.16,0.7100,1077.40,642.65,0.7221,1093.71,646.73,0.7468,1052.35,658.96,0.8550,1099.53,680.51,0.9237,1018.57,683.43,0.7874,1093.71,722.45,0.9071,984.78,703.23,0.8207,1104.19,706.14,0.4077,1036.04,729.44,0.7345,1068.08,734.10,0.8025,998.18,782.45,0.8197,1089.63,773.13,0.8759,963.23,833.13,0.9520,1099.53,833.13,0.9743
256,top,1,943.93,360.96,1076.78,539.01,1028.61,378.26,0.8486,1032.09,374.78,0.8660,1025.13,374.35,0.8378,1036.44,379.13,0.8158,1017.74,377.39,0.8775,1042.96,396.52,0.8097,1003.83,398.25,0.7583,1049.48,413.90,0.7082,989.92,424.77,0.7497,1065.13,429.99,0.7422,996.44,442.16,0.5438,1028.18,439.55,0.6754,1002.53,437.81,0.6343,1041.65,474.33,0.7206,978.19,475.20,0.6949,1045.13,520.40,0.8056,956.45,498.67,0.6999
256,bottom,0,942.13,616.78,1119.23,854.79,1085.30,638.16,0.9352,1084.14,634.09,0.6351,1087.04,634.09,0.6994,1076.00,638.16,0.7597,1092.85,641.65,0.7604,1050.44,655.59,0.8274,1098.08,677.68,0.8964,1017.89,681.74,0.7630,1092.85,720.10,0.8114,984.77,702.66,0.8088,1077.75,732.30,0.5251,1035.33,727.65,0.7194,1066.71,732.88,0.7725,998.14,781.11,0.8008,1088.79,774.72,0.8477,964.43,832.83,0.9178,1099.83,833.41,0.9541
257,top,1,945.22,361.97,1097.06,540.81,1033.00,378.24,0.8718,1035.97,374.78,0.8648,1029.05,374.29,0.8536,1039.43,378.24,0.7788,1021.63,377.75,0.9457,1046.84,397.52,0.8103,1008.29,398.51,0.7848,1057.22,413.83,0.6742,992.47,424.21,0.8082,1076.00,424.21,0.7152,1004.83,437.06,0.6602,1031.52,444.97,0.7205,1004.83,443.48,0.6931,1044.37,479.57,0.7247,980.12,480.06,0.7427,1048.32,525.53,0.8003,958.86,497.85,0.7015
257,bottom,0,946.20,613.90,1119.28,855.62,1082.31,635.03,0.9127,1082.31,631.49,0.6286,1084.67,631.49,0.6708,1071.69,635.03,0.7727,1089.39,639.16,0.7915,1047.49,653.91,0.8074,1095.88,675.16,0.8774,1015.62,681.06,0.7661,1090.57,720.60,0.8146,984.94,702.90,0.8015,1075.23,738.30,0.5348,1034.51,725.91,0.6996,1065.79,730.04,0.7530,999.10,780.79,0.8013,1088.21,775.48,0.8457,966.05,834.50,0.9008,1100.01,833.32,0.9213
258,top,1,946.71,361.49,1106.40,541.05,1037.99,376.94,0.8304,1041.11,373.30,0.8456,1033.83,372.78,0.8176,1044.23,376.94,0.7635,1026.04,376.42,0.9091,1051.51,397.21,0.8066,1012.00,396.69,0.7838,1066.06,413.84,0.7324,994.85,421.64,0.7819,1089.97,416.44,0.7180,1006.80,426.84,0.5877,1034.87,446.07,0.7201,1008.88,445.03,0.7055,1046.83,477.26,0.7480,984.97,480.90,0.7584,1048.91,524.56,0.7941,962.10,496.49,0.6910
258,bottom,0,950.48,610.21,1119.30,855.98,1077.49,632.29,0.9258,1078.09,629.29,0.6176,1079.29,628.69,0.6102,1067.29,632.29,0.7945,1085.29,636.49,0.7842,1045.09,652.69,0.8365,1093.69,673.69,0.8731,1015.09,680.29,0.7906,1088.29,719.90,0.7658,985.09,704.30,0.8293,1075.69,739.10,0.4676,1032.49,725.90,0.7109,1064.89,730.10,0.7601,998.29,781.70,0.8365,1087.69,775.70,0.8452,968.89,837.50,0.8998,1099.69,833.90,0.9313
259,top,1,950.97,359.02,1111.42,541.55,1042.69,374.55,0.8696,1045.82,370.90,0.8775,1039.03,370.38,0.8407,1048.96,375.08,0.7577,1030.68,374.03,0.9535,1055.22,394.40,0.7952,1015.01,393.88,0.7607,1074.55,411.64,0.7521,996.73,416.34,0.6828,1099.09,407.46,0.7485,1012.92,414.77,0.4882,1039.03,445.06,0.7283,1012.40,443.50,0.7169,1049.48,477.44,0.7641,988.89,479.53,0.7677,1048.96,523.41,0.7985,966.43,500.95,0.6852
259,bottom,0,949.55,609.55,1118.79,856.68,1072.18,630.55,0.9628,1073.39,627.53,0.6415,1072.78,626.93,0.6476,1061.32,631.76,0.7851,1080.63,634.17,0.8147,1039.60,652.87,0.8393,1090.28,672.78,0.8616,1013.05,681.83,0.7814,1086.06,719.24,0.7538,984.09,707.78,0.8181,1075.80,742.77,0.5077,1030.55,725.88,0.7018,1063.13,730.10,0.7504,998.57,782.59,0.8253,1086.66,776.56,0.8410,972.63,839.30,0.8721,1099.93,833.87,0.9142
260,top,1,958.12,355.03,1116.56,542.23,1047.14,371.78,0.8558,1050.24,368.69,0.8686,1043.53,367.66,0.8316,1053.33,372.81,0.7728,1034.76,371.27,0.9375,1059.52,392.93,0.7849,1018.26,390.35,0.7618,1081.70,410.46,0.7961,997.11,409.95,0.7427,1104.39,400.66,0.8237,1014.65,399.12,0.4837,1041.47,443.99,0.7306,1014.65,441.41,0.7472,1051.78,477.00,0.7702,990.92,478.03,0.7916,1050.75,522.39,0.8265,974.93,501.24,0.7651
260,bottom,0,947.53,608.01,1119.66,861.10,1066.34,630.75,0.9239,1067.58,627.66,0.6064,1067.58,627.04,0.6033,1055.22,631.98,0.7577,1075.61,633.84,0.8322,1034.83,653.61,0.8275,1085.50,671.53,0.8415,1010.11,685.12,0.7607,1084.88,720.34,0.7586,982.31,712.93,0.8179,1076.23,744.44,0.5788,1028.03,727.14,0.6765,1061.40,730.85,0.7338,998.37,783.99,0.8082,1085.50,776.57,0.8279,975.51,842.07,0.8523,1099.71,834.04,0.9024
261,top,1,966.65,352.87,1121.87,542.35,1051.84,370.81,0.8139,1055.37,367.27,0.8161,1048.30,366.26,0.8142,1057.40,371.32,0.7423,1039.21,368.79,0.8959,1063.46,392.03,0.7619,1021.02,386.98,0.7394,1087.21,410.22,0.8049,998.79,402.14,0.6405,1108.43,397.08,0.8143,998.28,403.15,0.5962,1044.26,442.05,0.7307,1017.48,439.53,0.7501,1055.37,473.38,0.7721,993.23,476.91,0.7624,1055.37,518.85,0.7959,983.12,502.18,0.7805
261,bottom,0,947.89,607.66,1119.15,863.19,1059.72,630.00,0.9538,1059.10,626.88,0.6204,1060.34,626.25,0.6272,1048.49,631.87,0.7498,1069.70,633.12,0.8111,1029.78,654.33,0.8269,1080.93,669.92,0.8376,1006.69,687.39,0.7607,1083.43,718.58,0.7535,981.12,717.33,0.8379,1075.32,746.03,0.6500,1025.41,727.94,0.6671,1059.10,730.43,0.7169,996.71,784.71,0.8225,1083.43,776.60,0.8280,975.50,843.35,0.8595,1099.65,833.99,0.8910
262,top,1,972.34,353.08,1128.12,545.97,1057.33,369.91,0.8346,1060.37,366.36,0.8287,1053.78,365.35,0.8188,1062.40,371.43,0.7366,1043.64,367.88,0.8938,1066.46,392.73,0.7633,1024.37,385.63,0.7335,1090.29,411.50,0.8028,998.51,398.31,0.6456,1113.11,395.78,0.8271,999.52,397.80,0.6250,1046.68,441.42,0.7356,1020.31,438.88,0.7609,1058.34,475.90,0.7480,993.43,478.94,0.7483,1063.42,521.03,0.8081,987.86,506.33,0.8338
262,bottom,0,948.34,606.54,1118.33,862.28,1055.19,627.65,0.8823,1054.56,623.90,0.6112,1057.68,623.90,0.6065,1043.32,629.52,0.7774,1063.93,630.77,0.7833,1025.22,653.25,0.8410,1076.42,666.98,0.8380,1004.62,687.58,0.7670,1082.03,713.81,0.7508,980.27,720.68,0.8499,1075.79,745.02,0.6895,1023.35,726.92,0.6567,1056.44,729.42,0.6956,993.38,782.49,0.8135,1080.16,776.87,0.8335,974.02,842.42,0.8561,1099.52,833.68,0.8735
263,top,1,974.73,353.67,1134.79,548.74,1061.01,370.45,0.8364,1064.14,367.33,0.8250,1057.37,366.28,0.8123,1066.22,372.54,0.7267,1047.99,368.89,0.8830,1070.91,394.42,0.7648,1027.67,385.56,0.7445,1092.79,413.70,0.7994,1004.22,395.98,0.6064,1117.28,398.59,0.8171,996.93,397.02,0.7008,1049.55,442.87,0.7410,1022.98,440.27,0.7661,1061.01,479.86,0.7713,996.41,478.82,0.7441,1073.00,522.59,0.8061,989.11,511.12,0.8388
263,bottom,0,948.40,604.69,1118.38,861.29,1050.93,624.61,0.8887,1050.30,621.48,0.6229,1052.81,620.86,0.5751,1039.65,626.49,0.7718,1059.70,627.75,0.7789,1020.86,651.55,0.8424,1072.86,663.45,0.8533,1003.32,686.63,0.7673,1079.75,709.81,0.7448,980.77,721.09,0.8652,1075.36,743.01,0.6994,1020.86,726.10,0.6596,1054.06,727.98,0.6835,988.91,778.72,0.8235,1077.87,775.59,0.8334,971.37,839.49,0.8700,1099.17,833.22,0.8659
264,top,1,975.76,353.88,1143.37,551.47,1063.93,373.01,0.8713,1067.75,369.74,0.8380,1061.20,368.10,0.8491,1069.93,374.65,0.7374,1051.92,370.29,0.9102,1073.20,397.57,0.7721,1030.65,388.29,0.7768,1094.48,416.66,0.8045,1007.73,398.11,0.6784,1119.58,403.57,0.8150,994.09,398.66,0.7454,1052.47,446.13,0.7648,1025.73,442.85,0.7843,1065.57,486.50,0.7829,1001.73,480.50,0.7812,1081.39,531.25,0.8730,992.45,511.60,0.8745
264,bottom,0,945.70,602.10,1118.99,857.10,1046.67,622.52,0.8719,1046.04,618.78,0.6216,1048.53,618.78,0.5340,1035.46,623.76,0.7412,1055.38,625.63,0.7428,1016.78,649.91,0.8347,1069.08,660.49,0.8736,999.35,686.64,0.7939,1076.55,706.56,0.7572,979.43,721.51,0.8701,1074.68,738.94,0.7174,1018.03,724.00,0.6713,1051.65,726.49,0.6893,983.79,773.18,0.8279,1077.17,775.05,0.8456,966.98,834.19,0.9020,1099.59,832.32,0.8678
265,top,1,973.90,359.69,1135.42,553.92,1066.75,376.89,0.8543,1070.43,374.26,0.8453,1063.59,372.68,0.8374,1072.53,378.99,0.7100,1055.18,374.78,0.9357,1076.74,402.12,0.7921,1034.15,391.61,0.7305,1095.14,420.53,0.7493,1008.39,401.07,0.6792,1117.75,413.69,0.7469,991.04,401.07,0.7088,1055.18,449.97,0.7250,1028.89,446.82,0.7639,1068.33,489.40,0.7464,1004.71,483.62,0.7819,1084.63,530.41,0.8200,994.19,513.06,0.8494
265,bottom,0,943.83,602.01,1118.91,856.70,1041.94,621.78,0.8816,1042.57,618.05,0.6279,1042.57,618.05,0.5182,1030.13,623.65,0.7337,1050.65,624.89,0.7370,1012.10,650.39,0.8232,1065.57,658.47,0.8745,996.55,687.07,0.7791,1073.03,705.73,0.7656,977.90,723.14,0.8789,1073.65,738.06,0.7538,1014.58,723.76,0.6600,1048.78,726.25,0.6805,979.76,770.39,0.8234,1076.14,774.12,0.8416,961.73,830.08,0.8772,1099.77,830.71,0.8755
266,top,5,973.12,364.80,1102.82,552.36,1069.56,381.19,0.8646,1073.23,377.99,0.8190,1066.82,377.07,0.8081,1075.06,383.48,0.7574,1056.74,378.44,0.8995,1079.64,406.83,0.7878,1036.14,395.39,0.6829,1094.29,424.24,0.7253,1012.78,403.17,0.6296,1118.10,422.86,0.5326,991.26,404.09,0.6795,1057.66,451.71,0.6851,1032.01,449.88,0.6775,1069.11,488.80,0.7198,1011.41,486.97,0.7066,1084.68,530.47,0.7994,995.38,513.53,0.7837
266,bottom,0,936.87,603.07,1118.73,854.45,1037.62,623.81,0.9002,1038.23,619.51,0.6374,1037.62,619.51,0.5314,1025.96,625.04,0.7497,1045.60,626.88,0.7529,1007.55,652.65,0.8334,1061.56,660.02,0.8876,992.20,690.71,0.8101,1069.53,705.44,0.7793,975.02,725.69,0.8788,1072.60,737.96,0.7632,1011.84,725.08,0.6928,1046.21,727.53,0.7099,976.25,771.72,0.8443,1075.06,773.56,0.8588,953.54,827.57,0.9000,1100.22,830.64,0.9209
267,top,1,972.10,365.31,1119.39,553.61,1071.63,383.23,0.8881,1074.99,379.87,0.8636,1067.80,378.43,0.8124,1077.39,385.14,0.7693,1058.69,380.35,0.8764,1081.22,410.56,0.8077,1037.59,398.09,0.6809,1093.69,428.29,0.6563,1014.10,406.24,0.6474,1100.40,434.53,0.5053,990.13,407.20,0.6504,1059.65,452.75,0.6952,1034.24,450.35,0.6779,1070.20,491.10,0.7527,1016.02,490.62,0.7369,1085.54,531.38,0.8026,996.36,514.12,0.7682
267,bottom,0,925.49,606.62,1118.27,854.88,1032.55,626.58,0.9412,1033.17,623.45,0.6494,1033.80,624.07,0.5380,1021.25,629.09,0.7675,1041.33,630.98,0.7637,1003.05,655.45,0.8524,1056.39,662.98,0.8737,989.25,694.36,0.8135,1067.69,709.42,0.7853,971.05,729.50,0.8322,1069.57,740.79,0.7866,1009.33,727.61,0.7115,1043.21,729.50,0.7297,972.93,775.31,0.8536,1073.34,774.68,0.8715,945.32,832.41,0.9242,1100.32,831.78,0.9283
268,top,1,971.16,366.59,1107.01,554.34,1071.17,384.37,0.8901,1074.83,381.16,0.8664,1068.42,379.79,0.8641,1077.59,386.21,0.7862,1058.79,381.16,0.8873,1081.25,412.79,0.7994,1039.08,398.58,0.6793,1088.59,431.59,0.6196,1015.25,407.29,0.6444,1095.00,443.96,0.5996,990.49,410.50,0.7054,1059.71,454.50,0.6858,1034.50,451.75,0.6574,1071.17,492.55,0.7398,1016.16,492.09,0.6883,1085.84,531.97,0.7902,997.37,514.09,0.7441
268,bottom,0,915.00,610.11,1118.26,857.86,1028.54,631.43,0.9400,1028.54,628.78,0.6923,1029.87,629.44,0.5607,1017.29,635.40,0.7823,1036.48,636.72,0.7950,999.43,660.54,0.8996,1051.70,666.50,0.8905,984.87,700.24,0.8233,1064.93,713.48,0.8030,966.35,735.31,0.8254,1067.58,745.24,0.8083,1006.05,732.66,0.7304,1040.45,732.66,0.7587,969.65,780.97,0.8774,1072.87,777.00,0.8932,937.23,837.21,0.9415,1099.34,833.24,0.9423
269,top,1,970.27,366.98,1097.61,554.96,1070.20,382.95,0.9481,1073.87,380.19,0.9726,1066.98,378.82,0.9476,1076.16,385.24,0.8523,1058.26,380.65,0.8814,1079.83,412.78,0.8059,1039.45,397.18,0.6918,1083.51,437.10,0.6160,1015.13,407.27,0.6305,1088.10,456.38,0.5397,989.88,413.24,0.7032,1059.64,454.08,0.7004,1033.48,451.33,0.6553,1071.11,493.09,0.7359,1012.83,490.80,0.7036,1084.88,531.64,0.8003,995.85,513.74,0.7479
269,bottom,0,915.33,618.69,1118.32,857.68,1023.43,638.41,0.9606,1024.75,635.11,0.6193,1024.75,635.77,0.5545,1012.86,642.37,0.7604,1032.02,643.70,0.7888,995.68,668.14,0.8775,1047.22,672.77,0.8932,981.80,706.47,0.8294,1061.76,719.68,0.8017,961.98,742.15,0.8704,1065.06,750.08,0.7886,1004.27,739.51,0.7485,1037.31,739.51,0.7570,965.28,787.08,0.8853,1072.99,779.15,0.9024,935.55,840.60,0.9486,1099.42,835.32,0.9549
270,top,1,972.52,365.73,1095.92,554.50,1068.32,382.23,0.9985,1071.55,379.47,0.9825,1065.10,378.08,0.9677,1074.31,383.61,0.8793,1055.88,379.93,0.8890,1078.00,411.73,0.8150,1038.37,395.13,0.7374,1077.08,438.92,0.7037,1014.40,406.66,0.6976,1079.38,464.72,0.6611,991.36,416.33,0.7480,1058.64,452.28,0.7183,1030.99,448.59,0.6777,1070.17,492.37,0.7529,1008.87,487.77,0.7239,1085.37,532.47,0.8163,992.28,512.65,0.7695
270,bottom,0,914.95,625.91,1120.78,858.32,1021.22,644.29,0.9380,1021.22,641.61,0.5995,1020.55,641.61,0.5753,1011.17,648.31,0.7883,1029.93,648.98,0.8022,995.09,674.45,0.8719,1046.01,679.14,0.8931,977.67,713.31,0.8476,1059.41,723.36,0.8188,956.90,749.49,0.8943,1065.44,752.84,0.7861,1002.46,744.13,0.7751,1033.28,744.13,0.7635,962.93,787.01,0.9005,1073.48,776.96,0.8980,934.12,841.95,0.9362,1099.61,835.92,0.9390
271,top,1,975.12,364.68,1095.47,554.51,1064.96,381.74,0.9759,1068.67,378.49,0.9398,1061.25,377.57,0.9388,1070.98,382.66,0.8561,1052.44,379.42,0.9268,1075.15,411.86,0.8239,1035.30,393.32,0.7407,1069.13,441.52,0.6688,1013.05,406.30,0.7268,1068.20,470.26,0.6046,992.19,420.67,0.7755,1055.69,450.33,0.7233,1027.88,445.69,0.7032,1069.59,491.58,0.7482,1004.71,485.09,0.7418,1084.89,532.82,0.7982,989.88,512.43,0.7632
271,bottom,0,915.00,627.84,1122.30,858.61,1020.67,646.73,0.9319,1021.35,644.03,0.5949,1020.67,644.03,0.5821,1010.55,650.10,0.7860,1030.12,650.78,0.8066,994.36,675.75,0.8703,1046.32,680.47,0.8929,977.49,714.88,0.8502,1059.14,724.33,0.7938,955.22,750.65,0.8895,1066.56,751.32,0.6761,1001.78,747.95,0.7678,1034.17,747.27,0.7592,961.97,787.09,0.9095,1076.68,778.99,0.8878,934.30,841.74,0.9444,1100.97,835.67,0.9318
272,top,1,976.44,365.48,1094.43,553.45,1059.76,381.90,0.9393,1063.43,378.69,0.9033,1056.08,377.77,0.8867,1066.64,382.82,0.8878,1048.28,380.07,0.9219,1071.23,410.82,0.8197,1031.76,392.46,0.7551,1063.43,441.11,0.6446,1012.95,406.69,0.7152,1059.76,469.56,0.6183,994.59,423.67,0.7613,1054.25,447.99,0.7172,1025.34,443.40,0.6929,1068.02,488.84,0.7420,1002.39,481.03,0.7498,1083.16,531.52,0.8065,987.25,511.32,0.7387
272,bottom,0,915.69,625.38,1122.37,857.72,1022.39,643.32,0.9587,1022.39,641.30,0.6081,1021.04,641.30,0.5946,1012.30,647.36,0.7999,1031.14,648.03,0.8199,996.15,673.60,0.8592,1047.95,677.64,0.8809,978.66,712.62,0.8305,1060.07,720.69,0.7813,956.46,747.61,0.8805,1066.12,748.95,0.6701,1003.55,746.26,0.7499,1036.52,745.59,0.7402,965.87,789.32,0.8800,1078.23,776.54,0.8826,934.93,841.80,0.9269,1101.11,835.74,0.9307
273,top,1,972.30,368.53,1090.17,551.57,1054.02,383.19,0.9126,1058.49,380.51,0.8803,1050.45,379.17,0.8658,1061.62,384.53,0.8670,1042.85,381.40,0.8931,1066.98,410.90,0.8211,1027.66,393.02,0.7568,1058.05,440.84,0.6424,1012.02,408.22,0.6899,1052.68,471.67,0.6283,997.27,429.22,0.7094,1053.13,445.75,0.7128,1022.30,441.28,0.6987,1067.43,486.86,0.7358,999.95,479.71,0.7382,1080.39,531.10,0.7804,983.42,514.57,0.7321
273,bottom,0,915.06,616.60,1122.24,857.03,1022.70,635.65,0.9667,1022.70,632.95,0.6106,1021.35,633.63,0.5981,1011.91,639.70,0.8210,1031.46,640.37,0.8277,996.39,666.67,0.8480,1048.33,669.37,0.8684,982.23,705.79,0.8292,1060.47,715.23,0.7740,959.30,740.86,0.8773,1061.81,744.23,0.6352,1007.18,740.86,0.7178,1040.91,739.51,0.7300,971.44,788.75,0.8589,1078.68,776.61,0.8884,938.39,840.68,0.9169,1100.93,834.61,0.9316
274,top,1,965.04,369.80,1084.97,550.55,1048.83,386.04,0.9443,1052.36,383.39,0.9311,1044.86,382.07,0.9263,1056.33,387.81,0.8946,1037.80,384.72,0.9236,1062.51,412.96,0.8376,1022.36,396.63,0.7908,1053.25,443.85,0.6904,1008.68,419.14,0.6328,1046.63,473.41,0.6639,1000.29,442.52,0.5264,1051.48,446.05,0.7405,1021.03,442.52,0.6990,1066.04,486.21,0.7397,996.32,482.68,0.7368,1075.31,529.90,0.7839,979.11,517.54,0.7728
274,bottom,0,919.14,608.01,1121.29,856.50,1021.53,628.29,0.9062,1022.85,625.65,0.5649,1021.53,625.00,0.5773,1011.00,631.58,0.7903,1030.74,632.23,0.8320,995.87,659.21,0.8286,1048.51,661.19,0.8430,983.37,696.72,0.8272,1058.38,704.62,0.7430,960.99,731.60,0.8577,1057.07,734.23,0.5418,1008.37,735.55,0.7098,1043.25,734.23,0.7257,975.47,783.58,0.8334,1076.81,776.34,0.8638,947.17,837.54,0.8882,1099.84,833.59,0.9194
275,top,1,958.34,373.37,1084.71,550.30,1042.69,390.99,0.9269,1046.15,387.97,0.9416,1038.81,387.10,0.9141,1050.47,392.29,0.8840,1032.33,389.70,0.8889,1057.38,416.05,0.8343,1018.07,400.93,0.8098,1048.74,445.42,0.6698,1009.43,423.82,0.5759,1043.13,473.93,0.6382,1006.41,443.69,0.5044,1050.04,448.44,0.7370,1020.23,446.28,0.6823,1064.29,488.61,0.7489,994.31,484.73,0.7429,1074.66,530.08,0.7912,976.17,521.01,0.7958
275,bottom,0,933.14,600.03,1118.83,851.16,1020.47,620.14,0.9075,1021.08,616.46,0.5649,1018.02,616.46,0.6141,1010.66,622.59,0.7153,1030.28,622.59,0.7483,995.33,652.02,0.8556,1046.22,652.64,0.8229,983.07,690.03,0.8361,1056.64,695.55,0.7657,959.77,723.14,0.8490,1050.51,722.53,0.3960,1010.05,726.82,0.6837,1043.77,726.21,0.7087,975.71,775.25,0.8428,1071.36,771.58,0.8299,962.23,834.11,0.8713,1098.95,826.14,0.8820
276,top,1,955.91,378.59,1083.75,549.58,1034.86,394.79,0.8814,1038.62,391.45,0.8687,1031.52,391.03,0.8612,1043.21,396.04,0.8577,1025.68,393.95,0.8170,1052.39,418.16,0.8308,1013.57,406.06,0.8153,1044.88,448.64,0.6711,1011.48,431.52,0.5683,1039.87,476.19,0.6440,1010.65,453.23,0.3862,1047.80,451.14,0.7322,1017.74,449.47,0.6751,1062.41,490.38,0.7520,992.70,486.63,0.7505,1074.10,530.46,0.8032,976.00,522.94,0.8215
276,bottom,0,942.71,594.88,1118.77,853.43,1019.38,614.96,0.9036,1019.38,611.80,0.5510,1018.75,611.80,0.6389,1009.91,617.48,0.6749,1029.48,617.48,0.7081,994.13,647.78,0.8817,1045.26,647.78,0.8471,980.24,685.65,0.8128,1054.72,690.70,0.7705,956.25,718.48,0.8222,1047.78,719.74,0.3690,1011.17,721.00,0.6969,1043.36,720.37,0.7188,976.45,770.24,0.8555,1063.56,766.45,0.7784,983.40,830.83,0.8825,1097.65,815.68,0.8174
277,top,1,955.84,381.95,1084.22,550.05,1027.14,398.72,0.8418,1030.48,395.80,0.8486,1023.79,394.96,0.8002,1035.49,399.56,0.8452,1017.94,398.30,0.7932,1046.78,420.45,0.8241,1007.91,409.59,0.7391,1041.34,452.63,0.6471,1009.58,440.93,0.3886,1038.42,480.63,0.6179,1007.49,453.88,0.2639,1044.27,453.05,0.7217,1013.76,452.21,0.6759,1059.31,491.49,0.7393,989.94,487.31,0.7286,1073.52,530.35,0.7899,976.15,524.09,0.8233
277,bottom,0,936.78,592.54,1111.81,852.43,1018.59,612.71,0.8400,1019.85,609.54,0.5446,1017.32,608.91,0.5811,1009.07,614.62,0.6655,1028.74,615.25,0.7240,992.57,645.71,0.8425,1043.33,645.71,0.8084,976.71,683.78,0.8092,1052.85,685.05,0.7493,953.23,712.33,0.8451,1033.81,693.30,0.3476,1010.97,720.58,0.6746,1042.70,718.04,0.7206,979.25,771.34,0.8348,1058.56,759.92,0.7601,992.57,830.35,0.8550,1090.28,806.24,0.8354
278,top,1,956.44,384.66,1084.52,549.51,1019.23,400.79,0.8597,1022.56,397.46,0.8135,1015.47,397.04,0.7831,1027.57,401.21,0.8361,1009.64,400.38,0.8299,1039.66,421.64,0.8192,1000.88,410.38,0.7581,1040.07,451.24,0.6349,1002.13,438.73,0.4034,1038.82,480.43,0.6342,1001.72,451.66,0.2790,1039.66,454.99,0.7041,1008.80,453.33,0.6793,1056.33,492.10,0.7443,985.04,487.93,0.7409,1072.59,530.04,0.8205,975.03,524.62,0.8316
278,bottom,0,933.44,590.15,1098.77,853.06,1019.32,611.21,0.8276,1021.24,606.71,0.5574,1019.96,607.36,0.5338,1008.40,612.49,0.6860,1027.66,613.77,0.7454,992.36,643.30,0.8076,1041.14,643.30,0.8251,975.67,681.17,0.7886,1051.41,680.53,0.7666,948.71,707.48,0.8513,1026.38,681.81,0.3113,1010.97,718.40,0.6877,1041.14,715.19,0.7124,984.66,772.31,0.8363,1055.90,753.06,0.7818,994.28,832.00,0.8120,1079.65,797.34,0.7979
279,top,1,956.92,383.67,1084.56,550.10,1012.01,400.41,0.8580,1015.34,397.09,0.8621,1008.27,396.67,0.8383,1020.32,400.00,0.8483,1002.87,400.00,0.8403,1032.79,421.60,0.8047,993.73,410.38,0.8252,1038.19,449.85,0.6255,992.07,429.91,0.4859,1042.34,479.77,0.6173,992.07,451.93,0.5084,1032.79,456.50,0.7151,1004.53,454.01,0.7120,1052.73,494.31,0.7544,979.19,487.66,0.7534,1071.84,530.04,0.8190,974.62,525.47,0.8131
279,bottom,0,931.60,588.93,1090.43,853.39,1020.06,609.46,0.8194,1020.70,605.59,0.5802,1020.70,605.59,0.5231,1009.73,610.75,0.6980,1027.16,612.04,0.7103,992.94,640.45,0.8114,1041.36,641.74,0.8331,976.15,676.61,0.7563,1049.76,678.55,0.7421,949.68,701.15,0.8014,1023.93,677.90,0.3564,1011.66,717.93,0.7019,1040.72,714.70,0.7339,986.48,772.17,0.8030,1053.63,749.57,0.7724,994.23,831.57,0.8139,1071.71,798.64,0.7885
280,top,0,955.95,381.72,1084.70,550.56,1003.56,399.08,0.8931,1007.33,395.73,0.8729,1000.21,395.31,0.8220,1011.94,398.67,0.8650,995.18,398.25,0.8371,1026.19,420.04,0.7805,986.80,409.14,0.8278,1037.51,448.54,0.6746,985.12,428.84,0.5546,1043.38,477.04,0.6528,985.12,451.47,0.5188,1027.45,456.08,0.6989,998.53,452.73,0.7189,1046.31,495.48,0.7342,975.90,487.09,0.7504,1069.78,529.84,0.7956,974.22,525.23,0.8106
280,bottom,1,931.90,586.49,1069.06,852.33,1021.25,607.77,0.8154,1019.95,603.88,0.5437,1023.20,603.88,0.6317,1010.22,609.72,0.7264,1029.04,610.37,0.7896,993.99,638.28,0.8399,1041.37,640.22,0.8636,978.41,673.33,0.7530,1048.51,674.62,0.7894,950.51,698.64,0.8028,1021.90,677.22,0.4340,1013.46,715.51,0.7382,1041.37,712.27,0.7692,988.80,770.68,0.8177,1049.81,748.61,0.8074,993.99,829.74,0.8561,1062.14,795.99,0.7990
281,top,0,955.64,380.54,1082.07,548.92,997.46,397.65,0.8711,1000.75,394.36,0.8754,993.75,394.36,0.8186,1005.28,397.24,0.8735,987.99,397.24,0.8312,1018.86,416.58,0.7445,980.17,407.12,0.8267,1033.67,441.27,0.6467,979.76,428.93,0.5993,1041.49,469.26,0.6000,980.17,449.92,0.5427,1021.33,454.86,0.6670,993.34,451.97,0.7241,1038.20,494.78,0.7087,972.35,486.96,0.7416,1066.60,528.11,0.7860,974.41,524.82,0.8074
281,bottom,3,933.61,586.51,1061.13,851.07,1023.21,607.05,0.7622,1023.21,603.18,0.5491,1025.79,603.18,0.6546,1012.87,608.99,0.7196,1032.25,610.28,0.8174,996.08,636.76,0.8402,1043.87,639.99,0.8790,979.93,672.29,0.7588,1046.46,674.87,0.7239,951.51,698.12,0.7974,1018.68,681.33,0.4452,1014.81,714.92,0.7568,1041.94,712.98,0.7922,989.62,769.82,0.8093,1045.17,748.50,0.7787,994.79,829.24,0.8502,1051.62,792.43,0.7738
282,top,0,957.33,378.65,1075.48,547.24,992.12,395.03,0.8834,995.41,391.74,0.8768,988.01,391.74,0.8191,1000.35,394.62,0.8680,982.65,395.03,0.8606,1013.94,413.97,0.7708,974.42,405.74,0.8386,1031.63,435.78,0.7396,973.19,427.14,0.6177,1043.57,464.59,0.7116,973.60,451.83,0.5432,1016.41,453.48,0.6834,990.06,451.42,0.7581,1029.17,492.17,0.6862,971.95,486.82,0.7647,1060.86,526.74,0.7928,974.01,525.51,0.7907
282,bottom,3,936.31,586.87,1059.97,851.33,1024.61,607.40,0.7376,1024.61,603.53,0.5783,1027.19,602.88,0.6460,1014.93,609.34,0.7226,1034.30,610.63,0.8025,998.79,637.10,0.8297,1044.63,640.98,0.8578,982.64,671.97,0.7430,1045.27,674.55,0.6581,954.24,699.08,0.7757,1015.57,683.59,0.4549,1016.22,715.87,0.7513,1042.04,713.93,0.7745,990.39,770.75,0.8035,1040.75,749.44,0.7392,994.91,830.15,0.8357,1046.56,792.06,0.7603
283,top,0,956.93,376.28,1063.93,547.23,987.48,394.14,0.8610,990.82,390.39,0.8623,983.30,390.39,0.7863,995.41,392.47,0.8554,977.88,392.89,0.8303,1008.76,411.67,0.7606,969.95,403.33,0.8532,1029.21,431.70,0.7321,967.86,420.02,0.6844,1042.98,458.42,0.7272,965.78,442.97,0.7080,1013.35,451.32,0.6662,986.64,450.07,0.7311,1022.95,490.97,0.7000,971.20,487.21,0.7497,1050.08,518.93,0.7009,974.12,525.19,0.7961
283,bottom,3,940.71,588.19,1090.97,852.08,1026.79,608.68,0.6753,1024.86,604.81,0.5657,1030.66,604.81,0.5165,1018.42,610.61,0.7005,1035.81,612.54,0.7144,1001.67,638.32,0.8088,1046.77,642.83,0.8312,986.20,673.75,0.7540,1044.83,675.04,0.5503,956.57,704.03,0.7871,1017.13,682.77,0.3964,1017.77,718.20,0.6757,1043.54,715.63,0.7322,993.29,771.03,0.7746,1036.46,743.97,0.7266,995.87,830.95,0.8119,1045.48,792.29,0.7710
284,top,0,953.93,375.98,1055.54,545.01,982.86,393.23,0.8490,986.16,389.10,0.8614,978.74,389.52,0.7976,990.70,391.58,0.8851,973.37,392.41,0.8189,1004.32,409.74,0.7330,965.53,402.72,0.8388,1027.02,428.72,0.7207,963.06,417.58,0.7006,1041.05,453.89,0.7652,959.75,440.27,0.7037,1008.86,447.70,0.6651,984.10,448.53,0.7179,1015.05,485.25,0.6936,969.66,486.91,0.7523,1038.99,519.92,0.7537,973.78,523.63,0.7930
284,bottom,3,946.44,588.72,1091.18,851.48,1029.71,609.12,0.7063,1027.15,605.91,0.5545,1032.92,605.27,0.5188,1019.45,611.04,0.7159,1038.69,612.97,0.7253,1004.05,637.99,0.8078,1047.67,644.40,0.8073,989.94,674.55,0.7457,1043.82,675.83,0.5216,962.35,704.70,0.7791,1018.81,682.25,0.3931,1018.16,718.17,0.6670,1043.82,716.25,0.7035,996.35,770.14,0.7676,1035.49,743.19,0.7165,996.35,829.80,0.8119,1043.18,791.95,0.7899
285,top,0,948.38,375.13,1046.59,554.62,979.51,393.01,0.8263,982.58,389.06,0.8108,975.13,389.50,0.7741,986.53,391.69,0.8114,969.00,392.13,0.7948,1000.11,409.22,0.7135,961.99,402.65,0.7977,1023.34,428.06,0.7333,957.60,417.98,0.6339,1039.99,451.73,0.7750,953.66,441.21,0.6637,1006.25,445.15,0.6786,981.71,446.47,0.7115,1008.44,485.91,0.7075,965.93,485.47,0.7524,1028.16,524.91,0.7630,972.50,521.84,0.7650
285,bottom,1,955.27,588.36,1091.22,850.77,1030.29,608.09,0.7078,1029.01,604.25,0.5647,1034.14,604.25,0.5315,1021.32,609.37,0.7091,1039.90,612.58,0.7289,1006.59,637.56,0.8101,1047.59,643.33,0.7948,993.77,674.72,0.7568,1041.18,674.72,0.5315,968.79,706.11,0.7979,1019.40,683.69,0.4135,1019.40,716.36,0.6592,1045.03,713.80,0.6900,997.62,768.90,0.7617,1034.78,742.63,0.7041,997.62,827.84,0.8113,1043.75,791.96,0.7889
286,top,0,941.38,376.82,1046.49,557.64,976.28,394.83,0.8293,978.92,390.86,0.7953,971.86,391.30,0.7655,982.90,392.63,0.8211,966.12,393.51,0.7993,997.47,409.40,0.7166,959.06,403.66,0.8140,1021.30,427.94,0.7271,954.20,418.23,0.7077,1038.52,450.02,0.7624,948.46,441.19,0.7162,1004.09,443.39,0.6927,979.37,443.83,0.7073,1003.20,485.77,0.7207,962.15,481.80,0.7168,1018.21,531.68,0.7624,968.77,518.88,0.7431
286,bottom,4,961.44,586.77,1091.58,849.06,1030.99,607.14,0.7078,1030.35,602.65,0.5569,1032.91,602.65,0.5574,1022.67,608.42,0.7013,1039.96,611.62,0.7157,1007.30,635.95,0.8117,1047.64,642.36,0.7935,996.41,673.73,0.7635,1041.88,673.09,0.5474,972.72,706.39,0.7998,1020.75,683.34,0.4319,1020.11,713.43,0.6629,1045.08,712.15,0.6897,998.34,766.58,0.7761,1034.84,741.61,0.7231,998.98,826.13,0.8170,1043.80,790.91,0.7932
287,top,3,936.82,377.77,1027.67,558.98,972.07,396.26,0.7978,975.17,392.28,0.8090,968.09,392.72,0.8340,979.59,394.49,0.8141,962.34,395.38,0.7980,994.63,411.75,0.7033,954.82,405.99,0.8118,1017.64,429.44,0.7223,949.07,425.02,0.6857,1036.22,450.23,0.7449,941.10,449.79,0.7330,1001.27,445.37,0.6791,977.38,444.93,0.6686,998.17,486.51,0.7105,958.36,480.76,0.7001,1007.90,535.17,0.7600,964.55,516.59,0.7357
287,bottom,4,963.00,584.61,1091.20,846.41,1031.57,605.57,0.7140,1030.93,601.74,0.5412,1033.49,601.10,0.5494,1022.63,606.85,0.6908,1039.88,610.05,0.7128,1008.56,633.70,0.8093,1046.91,640.73,0.7816,997.70,671.41,0.7421,1041.80,671.41,0.5219,974.69,703.37,0.7892,1020.71,682.91,0.4176,1020.71,711.68,0.6524,1045.64,710.40,0.6825,997.70,764.73,0.7823,1034.77,740.44,0.7202,998.34,822.89,0.8172,1043.72,790.93,0.7969
288,top,2,929.55,382.55,1014.64,561.63,969.47,399.51,0.7774,972.97,395.58,0.7594,965.54,395.58,0.7384,977.34,397.76,0.7611,959.85,397.76,0.7581,992.21,414.81,0.7055,951.98,409.13,0.7603,1014.07,431.86,0.7230,944.55,428.80,0.7163,1033.30,450.66,0.7543,935.81,455.47,0.7557,999.20,448.48,0.6923,976.47,447.60,0.6605,993.08,488.26,0.7149,955.48,482.58,0.7121,998.33,538.98,0.7607,960.73,517.56,0.7255
288,bottom,4,963.06,583.05,1058.54,845.69,1031.32,603.44,0.7397,1029.39,600.23,0.5450,1035.16,599.59,0.6246,1022.34,606.00,0.7330,1040.29,607.28,0.7670,1008.87,631.65,0.8215,1047.99,638.06,0.8431,997.33,668.20,0.7374,1041.58,668.84,0.5804,973.61,697.70,0.7993,1017.21,679.10,0.4720,1019.77,709.24,0.7086,1044.78,708.60,0.7690,996.69,762.46,0.7912,1034.52,739.38,0.7642,997.97,817.61,0.8296,1043.50,790.03,0.7624
289,top,2,931.93,387.74,1011.96,562.71,967.25,403.46,0.7749,970.66,400.05,0.7581,963.40,399.19,0.7426,975.36,402.61,0.7629,957.42,401.33,0.7391,989.89,420.12,0.6970,949.31,413.29,0.7760,1009.96,435.93,0.6628,940.34,433.79,0.6968,1028.76,450.88,0.6467,928.38,462.41,0.6695,996.29,453.87,0.6808,974.94,452.59,0.6675,986.04,492.74,0.7087,953.58,486.33,0.7118,992.02,543.57,0.7695,957.85,517.94,0.7481
289,bottom,4,957.37,581.40,1090.05,844.67,1032.07,601.84,0.7711,1032.07,597.99,0.5676,1032.71,597.99,0.5367,1022.43,603.13,0.6938,1039.14,605.70,0.6970,1008.29,629.48,0.8253,1046.85,634.62,0.7945,994.79,664.19,0.7502,1039.14,665.47,0.5075,968.43,691.83,0.8249,1016.00,677.69,0.4459,1020.50,706.61,0.6729,1044.92,705.97,0.7051,995.43,759.32,0.7835,1033.35,739.39,0.7698,996.72,812.67,0.8169,1044.28,790.81,0.8001
290,top,0,925.82,391.10,1037.60,564.94,965.15,407.14,0.8158,968.55,403.75,0.7966,961.33,403.75,0.7556,973.22,406.29,0.7962,954.97,405.87,0.7997,987.22,424.12,0.6845,946.48,419.45,0.7824,1006.32,441.09,0.6568,936.29,438.12,0.7091,1027.12,456.37,0.6384,923.56,461.04,0.6586,992.32,461.04,0.6339,971.52,460.19,0.6894,980.43,500.09,0.7283,951.15,489.90,0.7163,993.17,545.93,0.7485,958.36,520.46,0.7606
290,bottom,4,955.21,578.80,1056.76,842.85,1031.13,599.30,0.8248,1029.84,596.08,0.5116,1031.77,596.08,0.6613,1020.17,601.24,0.7460,1038.86,601.88,0.7937,1007.92,627.02,0.8406,1047.24,630.89,0.8532,991.16,659.90,0.7170,1038.86,661.19,0.5487,962.79,685.04,0.7790,1013.72,670.86,0.4673,1018.88,703.74,0.7228,1044.02,703.74,0.7626,993.74,755.95,0.8040,1033.06,737.90,0.8042,994.38,808.81,0.8546,1044.66,791.41,0.8080
291,top,2,930.86,395.81,1036.07,565.79,961.89,411.08,0.8295,965.62,407.76,0.8389,958.15,407.76,0.7938,970.60,410.25,0.8540,952.76,409.84,0.8159,983.46,428.51,0.6801,944.04,424.78,0.7841,1005.46,447.60,0.6538,930.35,445.94,0.7072,1027.45,464.20,0.6400,915.41,467.94,0.6488,989.27,465.03,0.6201,968.94,463.79,0.6447,974.33,501.96,0.6993,944.46,491.17,0.7535,991.35,546.78,0.7324,958.15,518.98,0.7661
291,bottom,3,946.77,576.99,1055.63,841.96,1030.31,596.91,0.7672,1030.31,593.68,0.5021,1030.31,593.68,0.6299,1018.66,598.20,0.6892,1038.07,599.50,0.7866,1007.02,624.73,0.8194,1045.83,628.61,0.8487,988.91,653.84,0.7149,1034.19,652.55,0.5372,959.79,675.83,0.7561,1011.55,631.20,0.3891,1018.66,700.42,0.7185,1043.25,699.77,0.7508,991.49,752.82,0.7937,1032.90,736.64,0.8168,993.43,805.86,0.8469,1043.89,791.63,0.8177
292,top,3,927.42,396.98,1034.36,565.06,958.73,414.13,0.8054,962.43,410.44,0.7969,955.04,410.44,0.7578,966.94,412.08,0.8289,949.71,412.90,0.8062,981.71,429.72,0.6856,941.91,426.85,0.7773,1003.46,449.01,0.6447,927.96,447.37,0.7311,1025.62,466.66,0.6242,912.77,468.30,0.6651,986.64,467.89,0.6210,966.53,466.25,0.6268,971.04,502.36,0.6667,936.57,490.05,0.7316,991.15,546.27,0.7030,954.63,515.90,0.6935
292,bottom,0,941.89,574.53,1055.28,841.94,1029.27,593.98,0.7645,1029.93,590.72,0.4979,1029.27,590.72,0.6189,1017.52,595.94,0.6939,1037.76,596.59,0.8070,1005.77,621.40,0.8263,1045.59,625.32,0.8606,984.88,651.43,0.7246,1027.31,635.11,0.5722,952.23,669.06,0.7541,1007.73,614.87,0.5997,1016.87,699.09,0.7304,1041.68,699.09,0.7490,990.10,751.33,0.7978,1032.54,736.31,0.8126,991.41,804.86,0.8577,1044.29,790.50,0.8181
293,top,3,923.82,396.73,1034.79,566.15,954.90,413.60,0.8763,958.21,409.47,0.8787,950.77,409.88,0.8432,962.76,411.54,0.8605,945.39,413.19,0.8440,978.48,428.91,0.6954,938.36,428.08,0.7975,1001.64,448.35,0.6639,924.30,450.42,0.7474,1024.80,465.72,0.6705,909.41,472.75,0.6808,984.27,466.55,0.6452,963.17,464.48,0.6600,970.62,501.29,0.7063,930.91,490.12,0.7613,990.89,545.55,0.7294,946.22,512.04,0.7130
293,bottom,0,935.92,572.07,1054.00,840.70,1027.10,592.93,0.7503,1027.75,589.65,0.4944,1027.10,588.99,0.6095,1015.95,594.24,0.7011,1036.93,595.55,0.8359,1004.80,620.47,0.8148,1044.80,623.09,0.8762,981.84,649.33,0.7347,1025.13,631.62,0.6016,949.71,663.10,0.7439,1006.11,611.95,0.6633,1015.29,697.21,0.7427,1040.21,697.21,0.7452,988.40,750.98,0.8041,1033.00,737.87,0.8055,989.06,805.42,0.8633,1044.80,790.99,0.8239
294,top,1,907.38,395.25,1032.80,566.51,950.44,411.89,0.8279,953.79,407.71,0.8238,946.26,408.55,0.8304,958.38,410.22,0.8103,939.99,411.47,0.8250,975.53,426.53,0.6941,933.72,428.20,0.7789,996.85,444.92,0.7027,921.59,453.28,0.7175,1021.10,461.65,0.6982,908.63,477.12,0.6591,981.38,463.32,0.6453,959.22,462.06,0.6666,977.20,500.11,0.6853,926.61,492.17,0.7441,991.41,543.18,0.7509,933.30,513.91,0.6752
294,bottom,0,930.57,571.22,1053.41,834.31,1023.46,591.00,0.7603,1023.46,587.79,0.5338,1024.75,587.15,0.5882,1014.47,592.93,0.7271,1035.03,594.21,0.8427,1002.91,619.90,0.8145,1043.38,621.83,0.8928,977.86,649.45,0.7605,1023.46,630.18,0.6190,944.46,661.01,0.7715,1004.19,613.48,0.7007,1013.83,698.91,0.7520,1038.88,698.27,0.7514,986.85,750.94,0.8261,1033.10,738.09,0.8128,985.57,806.82,0.8944,1044.02,791.40,0.8630
295,top,1,894.46,393.64,1029.16,565.32,945.59,411.08,0.8396,948.66,407.13,0.8261,941.20,408.01,0.8164,953.92,409.32,0.8037,935.50,411.52,0.8261,971.46,424.23,0.7028,928.93,429.49,0.7712,991.63,441.33,0.6945,920.59,454.49,0.7108,1016.18,458.43,0.7038,910.95,479.04,0.6843,980.67,459.31,0.6779,955.23,459.75,0.6612,983.30,495.70,0.6695,927.61,491.32,0.6818,991.19,540.87,0.6991,909.63,522.45,0.7123
295,bottom,0,925.09,572.05,1052.94,832.48,1021.44,591.63,0.7505,1021.44,587.81,0.5473,1023.98,587.81,0.5801,1012.54,593.54,0.7399,1033.52,594.81,0.8487,1000.46,620.88,0.8100,1041.79,622.15,0.9043,976.30,649.49,0.7686,1023.35,631.05,0.6181,941.33,659.66,0.7773,1002.37,614.52,0.6885,1012.54,700.36,0.7514,1037.34,699.72,0.7506,984.56,752.49,0.8395,1032.89,738.51,0.8091,982.02,810.35,0.8975,1044.33,791.92,0.8700
296,top,1,886.61,392.53,1026.01,558.21,943.60,410.48,0.8259,945.87,405.94,0.7933,939.07,406.85,0.8096,950.41,408.21,0.8003,932.26,410.93,0.8005,968.11,421.37,0.7310,925.91,430.45,0.7989,988.08,439.97,0.7554,920.46,455.40,0.7198,1012.58,457.67,0.7641,912.75,481.72,0.6975,977.64,458.58,0.7079,951.77,461.76,0.7117,983.54,492.61,0.7263,928.18,496.70,0.7008,996.70,537.09,0.7469,897.77,525.29,0.7746
296,bottom,0,924.77,573.37,1053.13,833.69,1018.18,593.58,0.7606,1017.55,590.40,0.5443,1019.45,590.40,0.5987,1009.92,595.49,0.7493,1030.89,596.76,0.8447,998.48,623.45,0.8262,1039.16,623.45,0.8969,974.33,652.05,0.7675,1021.36,633.62,0.5986,940.01,659.04,0.7809,1001.02,618.37,0.6339,1010.56,702.26,0.7608,1035.98,701.62,0.7555,982.59,755.01,0.8376,1032.16,739.12,0.8025,977.51,813.48,0.8771,1044.24,791.87,0.8634
297,top,1,884.17,392.46,1021.79,554.00,942.23,410.96,0.7834,944.47,406.48,0.7640,937.30,407.38,0.7733,948.95,408.27,0.7751,931.48,410.96,0.7792,965.52,421.71,0.7186,924.31,432.01,0.7767,986.58,438.29,0.7555,920.28,457.55,0.6949,1010.77,456.65,0.7608,916.24,480.84,0.6867,973.14,458.44,0.7141,946.26,462.92,0.7115,982.54,492.49,0.7443,925.20,498.31,0.7270,1002.26,534.60,0.8027,895.19,528.33,0.8166
297,bottom,0,924.61,577.07,1054.00,839.13,1014.26,597.42,0.7673,1011.70,594.22,0.5714,1016.82,594.22,0.6359,1007.22,599.34,0.7440,1026.41,599.98,0.8534,995.70,628.13,0.8402,1037.29,626.21,0.8905,970.75,656.28,0.7847,1020.02,642.84,0.5632,939.40,659.48,0.7927,1000.18,626.85,0.4742,1008.50,706.18,0.7670,1034.09,705.54,0.7669,980.35,758.00,0.8337,1030.89,741.37,0.8083,973.31,817.50,0.8748,1044.33,792.55,0.8730
298,top,1,883.99,390.53,1022.41,548.72,943.29,408.34,0.8016,945.54,403.84,0.7772,939.23,404.74,0.7743,950.05,406.54,0.7802,932.92,408.80,0.7784,966.27,420.51,0.7182,924.81,431.33,0.7819,986.55,436.73,0.7552,921.66,457.91,0.6942,1009.08,451.15,0.7177,918.95,481.79,0.6797,970.77,460.16,0.7099,943.29,463.32,0.7007,985.19,493.51,0.7399,922.56,499.37,0.7059,1004.57,527.76,0.7964,895.07,527.30,0.7982
298,bottom,0,925.04,580.48,1054.28,840.61,1010.62,600.67,0.8057,1007.44,597.50,0.6216,1014.43,597.50,0.6713,1003.63,603.85,0.7559,1022.68,603.85,0.8443,992.83,632.43,0.8449,1035.38,629.25,0.8969,966.80,661.01,0.7924,1019.51,654.02,0.5680,938.85,662.91,0.7814,996.64,649.57,0.4935,1006.17,709.91,0.7701,1032.21,709.27,0.7775,978.23,761.98,0.8433,1030.30,743.57,0.8059,972.51,821.05,0.8850,1043.64,792.47,0.8741
299,top,1,883.71,387.79,1026.82,546.20,947.35,404.57,0.7313,949.68,400.38,0.7269,943.15,400.85,0.7173,954.80,402.71,0.7694,937.10,405.04,0.7660,969.71,417.15,0.6959,927.78,428.33,0.7690,989.74,431.13,0.6871,924.05,453.02,0.6999,1013.49,445.10,0.6780,924.99,476.31,0.6758,969.71,460.01,0.6758,942.69,462.34,0.6758,985.54,485.63,0.7100,924.99,496.34,0.6753,1001.85,521.03,0.7613,895.17,526.62,0.7918
299,bottom,0,925.46,582.40,1054.02,842.04,1007.49,603.19,0.7925,1003.05,598.76,0.6680,1011.29,599.39,0.6529,999.88,605.09,0.7747,1018.90,605.09,0.8299,989.11,634.89,0.8346,1032.85,632.35,0.8993,963.75,664.05,0.7777,1020.17,657.71,0.5596,939.03,667.21,0.7268,993.55,651.37,0.4959,1002.42,710.95,0.7670,1027.78,710.32,0.7738,976.43,764.83,0.8418,1030.31,747.08,0.8013,973.26,823.78,0.8924,1044.26,792.72,0.8580
300,top,1,883.58,381.57,1040.63,545.76,952.91,397.72,0.7060,955.97,393.63,0.7088,949.84,394.14,0.6984,962.11,396.69,0.7618,945.24,398.74,0.7784,975.91,412.03,0.7200,933.48,421.23,0.7915,998.41,424.81,0.6947,930.41,447.31,0.6836,1023.46,436.06,0.6932,931.44,472.36,0.6660,971.82,457.02,0.6990,944.73,458.55,0.7035,991.76,485.14,0.7490,927.86,493.32,0.7155,992.78,512.74,0.8179,896.67,523.99,0.7989
300,bottom,0,925.42,583.65,1053.81,842.31,1005.40,602.47,0.8465,1002.24,598.68,0.6467,1006.66,599.31,0.5936,996.56,604.37,0.7432,1014.24,604.37,0.7604,983.93,634.68,0.8218,1030.03,633.41,0.8750,960.56,665.62,0.7244,1033.19,666.88,0.6788,939.09,671.94,0.7365,1003.51,669.41,0.4631,998.45,708.56,0.7243,1024.98,707.93,0.7391,975.09,764.77,0.8109,1030.66,749.61,0.7792,973.19,823.50,0.8546,1044.55,793.82,0.8494
301,top,0,883.62,371.97,1050.48,545.97,961.62,390.53,0.6968,965.42,386.73,0.6991,958.36,386.73,0.6937,971.40,389.45,0.7361,954.56,390.53,0.7658,983.89,405.20,0.7247,940.98,414.97,0.7777,1006.70,416.06,0.7065,938.26,442.13,0.6275,1032.77,424.21,0.6995,939.35,465.49,0.5650,975.20,453.54,0.7185,949.13,454.62,0.7139,995.84,484.50,0.7706,929.03,489.93,0.7529,983.89,508.39,0.7878,896.44,524.15,0.8130
301,bottom,1,928.01,583.70,1054.83,842.32,1002.15,601.89,0.8722,1002.15,598.10,0.6570,1002.15,598.73,0.5566,992.68,603.78,0.7004,1009.10,604.41,0.7159,978.79,634.09,0.8166,1026.14,632.82,0.8400,957.95,665.66,0.6964,1037.51,668.18,0.8167,938.38,680.18,0.7305,1014.78,670.08,0.4623,993.94,707.33,0.6923,1022.36,706.70,0.7036,973.11,764.15,0.7990,1032.46,752.79,0.7506,971.21,823.51,0.8407,1045.09,794.46,0.8021
302,top,1,888.03,366.69,1066.59,546.38,972.08,383.30,0.7307,974.99,379.81,0.7204,968.60,380.39,0.7092,980.80,382.13,0.7502,963.36,383.88,0.7981,992.43,397.83,0.7334,950.58,407.71,0.7768,1017.42,407.13,0.7094,944.76,433.28,0.6587,1043.00,413.52,0.7198,950.58,450.14,0.6212,980.80,449.56,0.7370,953.48,447.82,0.7352,995.33,485.02,0.8074,930.81,484.43,0.7493,976.73,510.01,0.7680,901.17,520.47,0.8310
302,bottom,0,931.22,581.65,1059.42,842.51,998.50,600.63,0.8594,1000.41,596.81,0.5852,997.87,597.45,0.5420,988.95,602.54,0.7138,1006.78,603.81,0.7514,975.58,633.11,0.7780,1023.98,633.11,0.8113,953.92,666.86,0.7235,1038.62,670.68,0.7920,939.91,686.61,0.7404,1016.34,672.59,0.4687,990.86,708.89,0.6738,1020.16,708.26,0.7027,971.76,763.66,0.7972,1032.26,754.11,0.7580,971.12,823.53,0.8406,1044.99,794.23,0.7817
303,top,3,894.85,362.82,1067.25,540.59,983.30,375.38,0.7377,985.54,372.02,0.7180,978.81,372.58,0.6979,990.03,375.94,0.7170,973.19,377.63,0.7582,1000.69,391.66,0.7459,960.29,401.20,0.7496,1023.14,399.51,0.6803,952.43,424.77,0.6387,1049.52,401.20,0.7200,956.36,439.36,0.4969,985.54,445.53,0.6893,959.73,441.04,0.6824,995.08,484.25,0.7809,936.16,480.32,0.7271,972.63,514.56,0.7660,909.22,516.24,0.8117
303,bottom,0,930.78,579.59,1065.80,843.15,996.36,600.69,0.8199,997.00,596.83,0.5292,995.72,596.83,0.5341,986.71,602.62,0.7393,1006.01,603.27,0.7514,971.91,632.87,0.7850,1023.39,632.22,0.8128,951.32,666.33,0.7652,1038.83,671.47,0.8215,940.38,691.42,0.7957,1019.52,678.55,0.5061,988.00,709.44,0.6830,1018.88,708.15,0.7046,971.91,763.49,0.8182,1033.04,753.84,0.8041,971.91,822.69,0.8488,1045.91,801.45,0.8584
304,top,5,907.60,352.82,1071.26,533.14,989.96,369.46,0.6831,992.63,365.73,0.6559,986.24,365.73,0.6327,999.02,370.53,0.7011,981.97,371.06,0.7044,1008.61,387.04,0.7576,970.79,395.03,0.7654,1028.86,391.30,0.6040,960.13,419.01,0.7918,1052.83,389.70,0.6779,973.98,432.86,0.6302,992.10,438.72,0.6804,967.06,433.92,0.6813,994.76,482.94,0.7876,946.81,478.14,0.7755,972.92,514.90,0.7804,921.24,512.77,0.7919
304,bottom,0,934.18,578.20,1067.79,843.13,995.16,600.06,0.7856,994.52,596.83,0.5204,995.16,596.18,0.5388,986.75,602.65,0.7314,1004.86,602.65,0.7533,970.58,631.76,0.7972,1023.62,632.40,0.7849,950.53,666.68,0.7697,1038.50,672.50,0.8079,941.48,696.44,0.7923,1019.09,682.21,0.4807,986.75,709.37,0.6743,1018.45,707.43,0.6787,972.52,763.06,0.8200,1033.97,753.35,0.8037,971.23,821.91,0.8530,1046.91,807.04,0.8804
305,top,5,925.60,348.57,1022.03,532.01,998.89,361.92,0.7250,1002.03,358.79,0.7198,994.86,359.23,0.7161,1006.51,363.26,0.7454,988.59,364.61,0.8068,1014.57,379.39,0.7532,978.74,387.45,0.7417,1035.62,381.18,0.4773,968.89,414.76,0.6885,1059.35,379.83,0.4750,994.42,420.59,0.4948,998.00,435.81,0.6407,973.37,432.23,0.6205,995.76,477.46,0.6951,960.38,473.88,0.6184,973.37,513.29,0.6973,938.89,500.30,0.6710
305,bottom,0,935.52,577.82,1064.06,843.33,995.25,599.73,0.7767,993.96,595.84,0.5040,995.25,595.84,0.5326,986.18,602.32,0.7499,1004.97,602.32,0.7609,970.62,631.49,0.8078,1023.12,632.14,0.7971,950.53,667.14,0.7959,1038.68,672.33,0.8199,943.39,700.20,0.7859,1025.72,689.18,0.5794,986.18,708.63,0.6840,1016.64,706.68,0.6758,973.86,764.37,0.8234,1034.79,754.65,0.8259,971.92,822.71,0.8671,1046.46,811.69,0.9027
306,top,3,952.57,335.51,1063.37,532.21,1005.57,352.23,0.6922,1007.49,348.38,0.6992,1001.25,348.87,0.6661,1012.29,352.23,0.6867,995.00,353.67,0.7447,1020.45,371.92,0.6732,987.80,378.64,0.7482,1036.30,373.36,0.3694,982.04,409.37,0.7431,1050.71,370.48,0.5617,1008.93,404.57,0.5702,1005.57,432.42,0.6433,983.48,429.06,0.6707,999.32,476.12,0.7093,975.79,471.80,0.7084,976.27,510.22,0.7902,957.55,492.93,0.6684
306,bottom,0,938.26,578.00,1060.99,842.74,995.10,599.84,0.7646,993.80,596.61,0.5063,995.74,596.61,0.5225,986.05,603.08,0.7710,1005.44,603.08,0.7649,970.54,632.16,0.8150,1023.54,633.46,0.7987,951.14,668.36,0.7792,1039.05,673.53,0.8112,945.97,703.91,0.7747,1031.29,694.21,0.7092,985.40,709.72,0.6934,1015.13,708.43,0.6695,974.41,764.66,0.8173,1035.82,756.26,0.8171,971.18,822.84,0.8794,1045.51,813.79,0.8932
307,top,3,969.55,325.32,1062.82,530.14,1014.18,343.23,0.7570,1015.18,339.73,0.7195,1009.18,341.23,0.6822,1019.18,343.23,0.6609,1001.68,346.73,0.7978,1024.68,362.73,0.6964,997.18,370.23,0.7934,1028.18,368.73,0.3784,997.18,401.23,0.7486,1047.19,363.23,0.4809,1023.68,385.23,0.6231,1014.18,424.23,0.6635,993.68,422.73,0.6880,1008.68,467.73,0.7161,990.18,465.73,0.7033,986.18,501.24,0.7249,979.68,494.24,0.5377
307,bottom,0,940.91,579.10,1059.72,843.33,996.45,600.90,0.7454,994.51,597.03,0.4946,997.09,597.03,0.5053,986.77,603.48,0.7710,1006.77,603.48,0.7690,970.64,632.51,0.8212,1024.18,635.09,0.7933,953.22,669.93,0.7664,1039.67,674.44,0.7908,948.06,706.70,0.7646,1035.80,696.38,0.6946,985.48,711.21,0.6970,1015.15,709.28,0.6773,975.16,764.76,0.8275,1036.44,758.95,0.8199,970.64,822.82,0.8890,1045.47,816.37,0.9030
308,top,2,980.64,321.98,1061.30,525.38,1021.46,337.77,0.7277,1022.46,334.29,0.6880,1016.99,335.29,0.6746,1024.94,338.27,0.5816,1009.05,341.25,0.7365,1027.42,359.12,0.6534,1007.06,363.10,0.7806,1029.41,385.44,0.4106,1011.53,392.89,0.7003,1046.29,356.64,0.3656,1033.88,370.05,0.6600,1020.97,418.22,0.6452,1003.09,418.71,0.6213,1018.48,462.41,0.7312,1001.60,460.92,0.6785,997.13,495.68,0.7305,990.18,491.71,0.6034
308,bottom,0,945.05,581.34,1059.02,846.68,997.50,601.94,0.7355,995.55,598.70,0.5112,998.15,598.05,0.5146,988.43,604.53,0.7595,1008.51,604.53,0.7625,971.59,633.68,0.8332,1025.35,636.92,0.7814,956.04,673.20,0.7795,1041.55,676.44,0.7739,950.21,708.18,0.7688,1040.25,697.81,0.6892,985.84,712.71,0.6939,1014.99,711.42,0.6767,975.47,765.19,0.8066,1037.01,763.24,0.8225,970.94,822.19,0.8800,1045.44,818.95,0.9089
309,top,3,991.27,322.12,1052.60,517.29,1029.08,335.84,0.7296,1030.51,332.03,0.6844,1024.79,332.98,0.6638,1033.37,335.84,0.6068,1017.65,337.27,0.7381,1031.94,355.85,0.6727,1015.74,359.19,0.8116,1029.56,381.58,0.4464,1021.94,384.92,0.7688,1036.71,406.36,0.3076,1039.57,360.14,0.7581,1028.13,415.89,0.6536,1010.50,416.84,0.6353,1031.94,457.34,0.7431,1009.55,458.30,0.7220,1007.16,489.27,0.7587,998.59,487.36,0.6818
309,bottom,0,947.68,583.00,1059.19,850.47,998.87,603.77,0.7597,997.56,599.85,0.5257,998.87,599.85,0.5330,989.72,606.38,0.7678,1009.97,605.73,0.7561,973.40,636.42,0.8540,1026.94,639.03,0.8018,960.34,676.90,0.7936,1043.92,678.86,0.8012,953.16,711.51,0.7792,1044.57,701.06,0.7019,986.46,714.77,0.7053,1015.19,714.12,0.6975,976.66,766.36,0.8092,1037.39,767.67,0.8381,970.79,823.82,0.8877,1045.23,823.82,0.9167
310,top,3,992.50,322.44,1058.49,510.59,1036.98,336.59,0.7524,1038.82,332.91,0.6882,1032.84,333.37,0.6247,1041.57,335.67,0.5886,1025.04,337.05,0.7537,1038.36,355.88,0.6809,1023.66,355.42,0.7963,1034.68,380.69,0.4726,1027.33,378.39,0.7775,1039.28,402.74,0.3630,1043.41,354.50,0.7787,1036.52,415.60,0.6349,1019.98,416.06,0.6381,1048.46,453.72,0.7955,1016.31,457.86,0.7674,1026.41,484.04,0.6928,999.77,486.80,0.8116
310,bottom,0,950.60,585.00,1060.37,855.46,1002.18,606.00,0.7568,999.54,602.04,0.5352,1002.18,602.04,0.5392,992.94,607.98,0.7795,1012.75,607.98,0.7731,976.43,638.35,0.8421,1029.26,641.65,0.7990,963.89,678.63,0.8023,1046.42,680.61,0.8030,956.62,712.97,0.7632,1049.07,704.38,0.7355,987.66,716.93,0.7023,1017.37,716.93,0.7006,977.75,768.43,0.7865,1037.18,772.39,0.8209,970.49,823.24,0.8607,1045.10,829.84,0.9123
311,top,1,992.94,317.56,1072.46,508.39,1042.95,334.71,0.6713,1045.75,331.44,0.6190,1039.22,331.91,0.5577,1048.54,334.24,0.5674,1032.23,336.57,0.7090,1043.42,356.60,0.6857,1030.84,353.81,0.7748,1040.62,379.90,0.4612,1029.91,374.31,0.7295,1046.21,401.33,0.3565,1046.68,351.01,0.6528,1043.88,415.77,0.6336,1025.71,416.24,0.6488,1064.38,448.39,0.7909,1021.05,456.77,0.7050,1042.95,479.14,0.7123,999.16,487.06,0.8470
311,bottom,0,952.53,587.13,1062.75,859.46,1004.98,608.28,0.7332,1002.98,604.29,0.5286,1006.31,604.29,0.5299,995.67,610.94,0.7804,1016.28,610.27,0.7816,979.71,640.19,0.8388,1032.24,644.18,0.7982,967.75,680.75,0.8077,1049.52,682.74,0.8088,959.77,715.32,0.7726,1053.51,706.68,0.7456,989.69,719.31,0.7014,1018.94,719.31,0.7063,978.38,769.84,0.7945,1036.89,776.49,0.8109,971.07,822.36,0.8598,1044.87,836.32,0.8918
312,top,1,993.01,317.24,1084.74,505.59,1048.53,333.70,0.6531,1051.29,330.02,0.6301,1044.85,330.48,0.5754,1054.97,334.16,0.6319,1037.95,335.08,0.6835,1051.75,356.69,0.6218,1036.11,353.47,0.7166,1048.07,381.06,0.4302,1028.76,372.33,0.7411,1053.59,401.30,0.3417,1043.93,356.23,0.5618,1051.29,415.55,0.6233,1031.51,416.01,0.6319,1077.50,445.44,0.7394,1023.70,455.56,0.6611,1060.95,475.34,0.7474,999.32,486.37,0.7982
312,bottom,0,953.26,590.03,1065.56,863.12,1008.74,610.57,0.7537,1006.74,606.57,0.5518,1009.41,605.90,0.5394,999.41,612.57,0.7878,1019.41,612.57,0.7951,984.07,641.90,0.8291,1036.74,645.91,0.8148,971.40,682.57,0.8124,1053.41,685.91,0.7956,962.74,717.91,0.7909,1058.08,711.91,0.7445,991.41,721.24,0.7023,1020.74,721.91,0.7063,978.74,770.58,0.7902,1037.41,779.92,0.8112,970.74,823.25,0.8593,1043.41,840.59,0.8791
313,top,1,993.09,315.32,1096.60,505.33,1052.27,334.25,0.6172,1054.59,330.54,0.5913,1047.63,331.00,0.5824,1060.15,332.85,0.6383,1042.52,336.10,0.6575,1063.86,351.87,0.6302,1041.13,353.73,0.6737,1061.54,375.07,0.3783,1030.46,372.75,0.7225,1062.01,394.55,0.2614,1046.24,354.66,0.5443,1060.62,411.25,0.6252,1039.28,412.18,0.6136,1087.06,441.87,0.7535,1027.22,453.00,0.6860,1076.39,472.48,0.8019,1000.31,485.01,0.7933
313,bottom,0,952.39,590.41,1069.15,864.20,1012.78,611.66,0.7608,1012.11,608.32,0.5417,1014.78,607.65,0.5491,1002.08,614.34,0.7758,1022.80,614.34,0.8140,987.37,642.41,0.8331,1039.51,647.09,0.8385,974.67,681.85,0.8142,1056.22,687.87,0.7879,964.65,717.95,0.7981,1061.57,714.60,0.7256,992.72,721.29,0.7076,1022.80,721.96,0.7149,978.68,771.42,0.8061,1037.51,781.45,0.8186,967.99,822.89,0.8870,1043.52,842.28,0.8841
314,top,1,992.38,317.50,1115.29,505.40,1061.64,335.30,0.6113,1063.01,332.09,0.6001,1056.59,332.09,0.5861,1067.14,334.38,0.6018,1050.17,337.59,0.6577,1074.02,352.73,0.6038,1045.58,355.94,0.6761,1087.78,344.93,0.6023,1033.19,376.13,0.7351,1070.35,336.22,0.4910,1047.87,361.45,0.5765,1069.89,412.37,0.6305,1048.33,412.83,0.6279,1095.12,440.81,0.7399,1031.82,453.20,0.6896,1094.21,470.17,0.7910,1002.00,483.47,0.7731
314,bottom,0,955.47,590.57,1073.27,864.84,1015.04,611.86,0.7992,1013.70,607.85,0.5483,1015.71,607.85,0.5512,1005.00,614.54,0.7921,1025.08,614.54,0.8056,989.59,642.67,0.8337,1041.82,647.35,0.8329,975.53,682.17,0.8199,1058.56,688.20,0.7872,966.16,716.32,0.7940,1065.26,716.32,0.7302,993.61,720.34,0.7129,1023.74,722.35,0.7092,977.54,771.90,0.8117,1037.81,781.95,0.8259,964.15,822.79,0.8521,1043.16,842.88,0.8842
315,top,1,993.57,322.40,1133.55,507.11,1064.93,337.74,0.6734,1068.12,333.19,0.6471,1061.28,333.64,0.6269,1074.50,336.38,0.6953,1057.18,339.57,0.7304,1084.07,351.42,0.7255,1051.26,359.62,0.7340,1101.38,336.38,0.7930,1038.95,383.31,0.6817,1080.42,325.44,0.6498,1056.72,373.29,0.5156,1079.51,412.48,0.6763,1057.64,413.39,0.6636,1100.01,442.10,0.6717,1038.95,453.95,0.6729,1109.58,466.71,0.7784,1007.97,484.93,0.7489
315,bottom,0,953.15,590.58,1075.32,864.09,1016.24,611.81,0.7742,1014.90,607.14,0.5454,1017.57,607.14,0.5463,1006.22,613.82,0.7744,1026.25,613.82,0.7903,990.20,642.53,0.8356,1042.95,647.20,0.8445,974.84,681.26,0.8234,1059.64,687.94,0.7993,966.82,713.98,0.8014,1067.65,715.98,0.7782,993.53,720.66,0.7202,1024.25,723.33,0.7131,974.84,772.07,0.8298,1038.94,781.42,0.8316,960.81,823.49,0.8566,1044.28,842.85,0.8978
316,top,1,1002.40,321.73,1140.21,503.37,1073.99,339.87,0.6637,1076.68,335.84,0.6423,1069.51,336.73,0.6265,1081.62,339.87,0.6811,1064.57,343.46,0.7243,1092.83,353.78,0.6957,1058.29,365.00,0.6972,1113.92,334.04,0.7417,1043.49,388.77,0.6834,1105.40,317.89,0.5772,1056.05,374.42,0.4702,1086.55,413.00,0.6715,1065.92,414.34,0.6584,1106.74,446.64,0.6859,1050.22,457.86,0.6600,1118.41,466.38,0.7766,1017.02,483.88,0.7026
316,bottom,0,946.25,590.54,1077.24,863.23,1016.40,611.71,0.7773,1015.74,607.72,0.5528,1017.07,607.72,0.5364,1005.75,613.71,0.7696,1026.39,614.37,0.7773,989.77,642.33,0.8176,1043.70,646.99,0.8410,973.13,679.62,0.8048,1059.68,688.27,0.7924,966.47,711.57,0.7866,1068.33,716.23,0.7978,993.77,720.23,0.7154,1024.39,722.89,0.7110,973.80,770.16,0.8201,1041.04,780.14,0.8279,957.82,824.08,0.8602,1045.03,841.39,0.9002
317,top,1,1023.03,317.31,1142.35,486.51,1081.04,345.73,0.6696,1083.93,341.19,0.6371,1076.08,342.43,0.6242,1088.88,343.67,0.6492,1070.71,347.80,0.6975,1101.69,357.71,0.6439,1063.69,370.93,0.6558,1125.24,340.77,0.7561,1048.81,395.30,0.6708,1129.37,314.75,0.7417,1059.97,379.19,0.4161,1093.84,416.37,0.6265,1074.01,418.02,0.6343,1116.56,446.94,0.6624,1065.75,462.64,0.6972,1121.93,469.25,0.7025,1030.64,480.81,0.7004
317,bottom,0,940.60,591.72,1077.94,858.57,1016.44,612.44,0.8025,1016.44,607.88,0.5779,1015.79,608.53,0.5405,1006.01,614.39,0.7512,1024.91,615.04,0.7386,988.42,643.06,0.8142,1042.50,648.27,0.8481,970.83,679.54,0.8108,1058.78,688.66,0.8039,964.97,712.11,0.7857,1069.21,717.98,0.8163,992.98,719.93,0.7166,1024.26,721.89,0.7060,972.14,770.75,0.8215,1045.10,776.61,0.8438,952.59,827.43,0.8624,1047.71,839.15,0.9266
318,top,3,1043.65,332.56,1139.10,480.33,1091.01,346.92,0.7381,1092.46,342.95,0.6566,1085.96,344.03,0.6456,1096.06,347.28,0.6020,1077.66,350.17,0.7268,1102.92,362.07,0.5690,1069.73,372.17,0.6439,1130.70,350.89,0.5620,1052.05,399.23,0.6132,1147.65,329.24,0.4885,1065.40,377.95,0.3918,1097.87,419.80,0.6057,1078.03,422.32,0.6016,1124.57,448.66,0.6855,1080.91,464.89,0.6854,1123.48,468.14,0.6680,1043.39,481.13,0.6615
318,bottom,0,932.88,594.76,1077.95,860.25,1015.79,614.72,0.8130,1016.43,610.83,0.6015,1015.79,611.48,0.5084,1006.06,617.32,0.7535,1025.51,617.96,0.7043,987.91,645.19,0.8049,1042.36,650.37,0.8536,968.47,680.19,0.7713,1057.92,690.56,0.7992,963.28,713.89,0.7688,1068.94,720.38,0.8126,991.80,722.32,0.7056,1024.21,723.62,0.6941,969.76,772.88,0.8044,1049.49,775.47,0.8458,947.08,829.27,0.8528,1052.08,838.34,0.9258
319,top,3,1045.70,330.69,1140.70,484.27,1095.82,347.49,0.8117,1096.95,343.36,0.7407,1090.58,344.49,0.6993,1100.32,347.86,0.6596,1082.33,350.11,0.7936,1106.32,363.98,0.6189,1073.33,372.23,0.7007,1132.95,357.98,0.5939,1054.58,397.73,0.6139,1153.94,350.49,0.4673,1065.08,393.98,0.3599,1099.57,420.60,0.6354,1079.33,422.85,0.6265,1126.57,449.10,0.7184,1087.58,464.10,0.7282,1123.20,468.22,0.7630,1053.08,482.09,0.6771
319,bottom,0,924.54,598.93,1078.48,860.93,1015.58,619.91,0.8307,1014.30,616.08,0.5989,1017.50,616.08,0.5104,1005.98,621.83,0.7694,1025.17,622.47,0.7267,987.44,649.34,0.8203,1041.80,655.73,0.8643,966.33,682.60,0.7740,1056.51,696.03,0.7851,961.21,716.50,0.7898,1068.03,726.73,0.8117,990.63,726.09,0.7078,1022.61,727.37,0.7079,967.61,776.62,0.8162,1052.68,776.62,0.8546,941.38,832.27,0.8487,1057.15,839.95,0.9003
320,top,3,1044.43,329.42,1174.26,489.05,1097.09,347.95,0.7606,1098.78,343.73,0.7265,1092.44,343.73,0.7149,1102.16,347.11,0.6971,1083.99,348.38,0.8275,1108.92,362.75,0.6450,1073.42,369.93,0.7799,1137.66,368.24,0.6461,1053.98,390.64,0.7371,1159.64,376.69,0.6776,1057.79,399.94,0.6228,1100.47,418.53,0.7033,1080.19,420.65,0.7231,1125.41,448.12,0.6935,1089.06,457.84,0.7771,1123.72,468.40,0.7456,1056.52,480.24,0.7396
320,bottom,0,918.84,606.00,1089.71,864.11,1016.25,627.30,0.8380,1015.61,623.52,0.5981,1018.14,623.52,0.5118,1006.16,629.19,0.7395,1024.44,630.45,0.7260,987.26,655.66,0.8262,1040.82,662.59,0.8874,963.31,688.43,0.7967,1055.31,704.18,0.8182,958.90,721.19,0.7838,1067.92,734.43,0.8358,989.78,732.54,0.7441,1020.66,733.17,0.7312,963.31,784.21,0.8473,1054.68,780.43,0.8573,936.22,838.40,0.8789,1064.77,844.07,0.8876
321,top,1,1036.83,325.61,1160.42,496.40,1096.12,340.96,0.8070,1099.04,337.21,0.7482,1091.54,337.62,0.7396,1102.38,341.38,0.6441,1083.61,343.04,0.8094,1109.88,362.64,0.6346,1071.52,364.72,0.7427,1132.40,379.74,0.6317,1051.51,385.99,0.7503,1148.66,399.33,0.6345,1056.10,401.00,0.7312,1097.79,412.26,0.6513,1075.69,413.51,0.6554,1122.39,443.53,0.6790,1085.28,450.62,0.7112,1123.22,468.13,0.7699,1053.18,478.14,0.7247
321,bottom,0,919.64,614.72,1101.52,868.93,1016.79,635.70,0.8829,1018.65,631.35,0.6056,1016.16,631.97,0.5336,1006.86,637.56,0.7580,1024.85,638.80,0.7466,987.62,664.24,0.8103,1040.37,672.93,0.8506,962.79,694.65,0.8080,1055.26,713.89,0.8073,956.59,728.79,0.8229,1068.30,743.68,0.8361,988.86,739.96,0.7379,1019.89,739.96,0.7162,960.31,791.47,0.8503,1055.88,787.13,0.8570,931.14,847.95,0.9082,1074.50,848.57,0.9126
322,top,1,1034.84,321.83,1144.32,498.13,1094.75,336.37,0.7690,1097.76,333.36,0.7467,1090.44,333.36,0.7198,1102.07,337.67,0.7332,1082.70,338.10,0.7565,1109.38,360.91,0.6733,1071.07,359.19,0.6743,1122.30,386.73,0.6444,1049.55,380.28,0.7428,1131.76,412.99,0.5737,1053.43,401.37,0.7211,1095.18,409.12,0.6174,1073.23,409.55,0.6185,1116.70,440.11,0.6719,1078.82,444.84,0.7022,1121.86,466.79,0.7768,1049.12,475.40,0.7102
322,bottom,0,917.17,623.28,1106.19,873.57,1018.45,643.21,0.8942,1020.29,638.90,0.6122,1017.83,639.52,0.5193,1007.99,645.06,0.7394,1027.06,646.29,0.7341,988.92,671.51,0.8198,1041.21,679.51,0.8660,964.30,703.51,0.8130,1055.98,721.97,0.8022,955.08,735.50,0.8275,1070.13,750.88,0.8499,988.92,747.81,0.7356,1020.91,748.42,0.7056,958.77,797.64,0.8525,1058.44,793.34,0.8654,930.46,853.02,0.9050,1078.75,854.87,0.9099
323,top,1,1031.14,319.18,1140.26,501.81,1094.62,333.80,0.8222,1097.74,330.23,0.8309,1090.16,330.68,0.7683,1102.20,334.69,0.7665,1082.58,335.14,0.8456,1108.00,359.22,0.7636,1070.54,353.87,0.6884,1111.12,390.43,0.6545,1047.80,374.82,0.7806,1112.46,418.96,0.5945,1050.92,399.34,0.7323,1092.39,405.59,0.6076,1069.65,404.70,0.6172,1110.23,436.80,0.6491,1071.43,439.47,0.7292,1117.81,465.33,0.7748,1045.13,473.36,0.7857
323,bottom,0,918.03,626.83,1104.09,878.02,1022.10,647.56,0.9371,1022.71,643.88,0.6495,1023.32,644.49,0.5292,1011.67,649.40,0.7181,1030.68,650.63,0.7329,992.66,676.38,0.8279,1045.40,684.97,0.8856,969.97,709.50,0.8141,1059.51,727.28,0.8137,955.25,739.55,0.8560,1073.00,757.33,0.8574,993.28,751.20,0.7236,1026.39,751.81,0.7169,960.16,799.03,0.8565,1061.96,799.03,0.8685,930.72,853.61,0.8949,1075.45,859.74,0.9270
324,top,1,1027.65,318.55,1132.95,501.49,1094.15,333.20,0.8223,1097.72,330.52,0.7938,1089.68,330.07,0.7540,1102.19,335.43,0.7776,1082.98,334.99,0.8252,1105.76,359.11,0.7730,1069.58,352.41,0.6763,1100.85,390.37,0.6427,1046.80,372.06,0.7905,1094.59,414.04,0.6013,1048.59,399.30,0.7207,1089.24,403.77,0.5800,1065.12,403.32,0.5954,1109.33,433.25,0.6762,1064.67,437.71,0.7330,1109.78,464.96,0.7823,1040.55,474.34,0.7955
324,bottom,0,918.10,627.52,1107.35,881.39,1027.60,647.85,0.8984,1027.60,644.13,0.6282,1029.46,644.13,0.5656,1018.30,649.71,0.7437,1036.28,650.33,0.7543,1000.33,676.98,0.8439,1053.01,683.80,0.8597,977.39,711.69,0.7760,1065.41,727.18,0.8160,959.42,740.20,0.8543,1075.95,757.55,0.8269,1002.81,753.84,0.7059,1035.04,754.46,0.7178,967.48,802.18,0.8194,1067.89,802.18,0.8638,932.77,852.39,0.8488,1077.19,863.54,0.9055
325,top,1,1023.16,321.81,1119.12,501.39,1094.38,336.19,0.8906,1098.33,333.56,0.8344,1090.43,332.68,0.8493,1102.27,338.38,0.7942,1082.98,336.63,0.9004,1104.46,361.18,0.8120,1068.51,352.41,0.6949,1095.26,390.12,0.6304,1045.71,371.70,0.8020,1083.42,415.99,0.6043,1046.59,401.08,0.7501,1085.17,403.71,0.6057,1061.06,402.83,0.6276,1108.41,432.21,0.7606,1058.43,438.35,0.7314,1097.89,465.97,0.8275,1035.19,476.93,0.8061
325,bottom,0,920.78,624.79,1108.51,881.13,1034.05,645.32,0.9084,1033.42,641.56,0.6208,1035.92,641.56,0.6111,1024.03,647.82,0.7523,1042.18,647.82,0.7783,1006.51,675.98,0.8680,1060.33,680.99,0.8814,985.86,709.78,0.7740,1072.22,724.80,0.8377,964.58,739.19,0.8547,1080.98,756.09,0.8093,1011.52,754.84,0.7299,1044.06,754.84,0.7553,976.47,804.28,0.7967,1077.85,801.77,0.8999,938.30,851.84,0.8790,1078.48,863.10,0.9185
326,top,1,1020.34,325.47,1114.54,496.46,1092.90,340.84,0.8649,1096.66,338.33,0.8015,1089.15,337.08,0.8259,1100.42,342.92,0.7641,1082.05,340.42,0.8763,1103.34,364.63,0.8430,1067.02,355.86,0.7147,1090.82,393.02,0.6586,1045.32,373.40,0.8134,1075.79,416.81,0.6018,1045.32,402.62,0.7484,1082.05,405.54,0.6679,1058.26,405.12,0.6718,1105.84,433.51,0.8036,1052.83,440.19,0.7547,1086.64,466.90,0.8038,1031.12,477.34,0.8536
326,bottom,0,925.51,620.46,1108.21,881.02,1039.12,642.60,0.9009,1038.49,639.42,0.6074,1041.03,638.78,0.6381,1028.95,645.78,0.7521,1048.03,645.14,0.8096,1011.13,674.40,0.8514,1065.21,678.22,0.8893,992.05,708.76,0.7744,1077.93,720.84,0.8205,969.79,738.65,0.8244,1087.47,750.74,0.7825,1020.04,752.65,0.7288,1052.48,752.65,0.7656,985.69,800.36,0.7855,1083.02,800.99,0.8920,950.07,851.89,0.8474,1078.56,862.70,0.8702
327,top,1,1015.03,330.55,1109.89,496.58,1091.24,347.49,0.8651,1094.89,344.25,0.8613,1087.59,343.84,0.8647,1098.94,347.49,0.7922,1079.49,346.68,0.8492,1100.97,369.38,0.8203,1064.49,360.87,0.6776,1089.21,396.94,0.6919,1044.62,376.68,0.7970,1071.38,419.65,0.6327,1044.22,407.48,0.7325,1079.08,407.89,0.6375,1055.16,407.89,0.6324,1098.94,439.51,0.7679,1047.06,443.97,0.7190,1079.49,471.53,0.7723,1025.57,482.88,0.7616
327,bottom,0,957.50,617.73,1108.15,880.66,1045.02,639.43,0.9052,1045.66,635.58,0.6367,1046.30,635.58,0.5310,1034.75,641.35,0.7530,1053.36,641.99,0.7687,1016.77,670.88,0.8434,1070.05,674.09,0.8846,997.52,706.83,0.7953,1084.18,717.10,0.8153,975.69,737.00,0.8748,1095.73,742.77,0.8099,1027.05,747.91,0.7204,1059.78,748.55,0.7461,995.59,795.41,0.8058,1085.46,798.62,0.8497,971.84,851.90,0.8055,1080.32,859.60,0.9145
328,top,1,1008.54,333.38,1105.90,509.13,1086.83,353.03,0.8700,1090.26,350.03,0.8945,1082.54,349.60,0.9015,1094.55,353.89,0.8345,1075.67,352.60,0.8774,1098.41,374.49,0.8344,1060.22,366.76,0.6636,1087.26,401.52,0.7062,1042.63,380.07,0.7612,1069.23,422.11,0.6375,1042.20,409.67,0.7371,1076.53,412.25,0.6490,1052.07,409.67,0.6325,1092.40,446.14,0.7471,1040.92,444.85,0.6973,1077.82,472.74,0.7723,1021.61,483.47,0.7686
328,bottom,0,967.15,615.06,1117.28,878.33,1050.57,636.14,0.9075,1052.50,631.64,0.6460,1050.57,632.29,0.5452,1039.64,638.07,0.7375,1058.93,639.36,0.7485,1021.65,668.28,0.8246,1075.00,672.14,0.8785,1001.72,704.28,0.8234,1090.42,713.27,0.8303,981.15,733.84,0.8693,1105.20,736.41,0.8588,1032.57,743.48,0.6957,1065.35,744.77,0.7279,1004.29,789.76,0.8131,1089.14,795.55,0.8314,997.22,850.82,0.8458,1085.92,852.11,0.9045
329,top,1,1002.40,340.53,1102.13,509.09,1080.25,356.50,0.8742,1083.95,353.21,0.9080,1076.55,352.80,0.9008,1088.07,356.50,0.8478,1069.55,355.27,0.8825,1094.24,377.08,0.8183,1054.73,369.26,0.6539,1086.01,404.24,0.7354,1037.86,382.02,0.7824,1069.55,424.81,0.6665,1037.04,411.64,0.7302,1072.84,412.88,0.6217,1047.33,410.00,0.6125,1088.89,447.45,0.7253,1036.22,447.03,0.6750,1076.96,472.96,0.7589,1017.29,488.60,0.7915
329,bottom,0,970.76,613.32,1132.31,878.41,1055.42,634.55,0.8323,1058.65,630.02,0.5814,1055.42,630.66,0.5386,1045.06,636.49,0.7122,1063.83,637.78,0.7235,1025.65,665.61,0.8398,1079.36,670.79,0.8602,1005.58,701.21,0.8393,1097.49,709.62,0.8439,985.52,730.33,0.8685,1116.25,727.74,0.8523,1037.94,742.63,0.7026,1070.30,741.98,0.7285,1011.41,791.17,0.8378,1091.66,790.52,0.8203,1019.82,851.36,0.7967,1096.19,843.59,0.8075
330,top,1,1000.32,340.42,1098.78,510.94,1072.45,356.16,0.9157,1076.20,352.83,0.8966,1068.29,352.41,0.9319,1080.36,356.58,0.8392,1061.21,355.74,0.9119,1088.68,377.81,0.8224,1047.05,370.31,0.6713,1082.86,405.28,0.7255,1031.65,383.22,0.7566,1068.70,428.60,0.7033,1032.48,411.94,0.7006,1070.37,414.03,0.6122,1042.89,411.11,0.6107,1083.69,446.91,0.7052,1029.98,449.00,0.6878,1077.44,473.14,0.7836,1013.33,490.63,0.7898
330,bottom,0,973.25,614.84,1146.95,876.68,1061.38,634.53,0.7997,1063.93,630.06,0.5536,1060.74,630.06,0.5531,1050.51,636.45,0.7227,1069.69,637.73,0.7417,1030.69,664.58,0.8486,1085.03,672.25,0.8248,1009.60,698.46,0.8220,1105.48,709.32,0.8175,990.42,726.58,0.8624,1129.78,719.55,0.8146,1042.84,745.12,0.7027,1074.80,743.20,0.7114,1020.46,794.34,0.8360,1097.17,787.95,0.7726,1030.69,854.43,0.8378,1109.96,835.26,0.7414
331,top,1,1001.47,341.08,1097.99,510.93,1065.07,355.09,0.8225,1068.81,352.19,0.8380,1061.34,352.19,0.8131,1072.95,355.09,0.8117,1054.29,354.68,0.8534,1081.25,376.66,0.7850,1040.19,370.02,0.6423,1078.34,404.86,0.6615,1024.43,384.12,0.7157,1069.22,429.32,0.6277,1024.85,413.15,0.6969,1064.24,416.05,0.5909,1037.29,413.15,0.6185,1077.10,448.40,0.6142,1023.19,449.64,0.6883,1077.93,472.86,0.7671,1011.99,492.77,0.8090
331,bottom,0,976.17,613.88,1157.56,878.51,1067.51,634.43,0.8247,1069.45,629.91,0.5652,1066.86,629.91,0.5794,1057.17,636.37,0.7341,1075.26,637.66,0.7667,1036.50,663.50,0.8594,1090.12,671.90,0.8270,1013.89,697.74,0.8377,1113.38,708.72,0.8263,993.86,723.58,0.8513,1139.22,712.60,0.8048,1048.77,744.90,0.7083,1080.43,742.97,0.7202,1026.81,797.23,0.8244,1103.69,783.67,0.7888,1031.33,858.61,0.9030,1124.36,830.18,0.7621
332,top,1,999.28,337.02,1098.29,511.51,1057.30,353.12,0.8953,1060.71,350.14,0.9000,1053.47,350.14,0.8398,1064.97,353.97,0.8574,1046.22,353.12,0.8716,1074.34,375.27,0.7837,1031.31,370.16,0.6826,1073.92,401.26,0.6428,1018.11,385.50,0.7198,1071.36,424.27,0.6202,1018.53,412.76,0.7163,1058.15,418.30,0.6382,1031.31,416.17,0.6390,1071.36,449.83,0.6352,1020.24,452.81,0.7141,1078.18,471.98,0.7623,1010.44,493.71,0.8318
332,bottom,0,980.34,614.40,1168.78,878.85,1074.56,634.28,0.7852,1077.14,629.76,0.5502,1073.92,629.76,0.5713,1063.59,636.22,0.7245,1082.31,637.51,0.7584,1042.93,662.69,0.8404,1096.51,673.02,0.7935,1020.33,696.26,0.8224,1121.05,707.24,0.7787,997.73,720.80,0.8407,1148.81,709.18,0.7696,1054.55,745.33,0.7008,1086.18,743.39,0.7046,1030.01,796.33,0.8210,1112.65,782.13,0.7809,1031.95,857.02,0.8982,1138.48,828.62,0.8224
333,top,1,999.05,335.95,1087.19,513.63,1051.37,352.78,0.9040,1054.84,349.74,0.9253,1047.46,349.31,0.8569,1059.17,353.21,0.8554,1040.09,352.35,0.8790,1068.28,373.60,0.7960,1025.34,369.26,0.7124,1071.32,400.06,0.6910,1012.32,386.18,0.7304,1071.32,426.52,0.6411,1012.76,413.51,0.7257,1054.84,418.28,0.6490,1027.51,416.55,0.6346,1068.28,452.98,0.6454,1017.53,453.42,0.6964,1072.19,470.34,0.7444,1010.59,494.19,0.8301
333,bottom,0,984.93,613.51,1178.14,878.88,1082.18,634.12,0.7980,1084.77,629.58,0.5373,1080.88,630.23,0.5612,1071.81,636.06,0.7251,1089.95,638.00,0.7562,1050.43,661.33,0.8318,1104.21,672.34,0.7886,1027.76,694.37,0.8165,1126.23,706.03,0.7702,1002.49,719.64,0.8241,1152.80,706.68,0.7096,1060.80,744.90,0.6975,1093.19,742.96,0.6978,1033.59,798.03,0.8157,1121.70,783.78,0.7702,1031.65,857.63,0.9094,1154.09,831.72,0.8327
334,top,1,999.67,336.10,1076.43,511.26,1046.18,351.41,0.8406,1049.60,348.42,0.8594,1042.33,348.42,0.8034,1053.87,351.84,0.8170,1035.48,351.41,0.8424,1063.71,372.37,0.7878,1019.66,368.94,0.7045,1068.41,398.88,0.6891,1007.69,386.48,0.7306,1070.98,427.53,0.5994,1007.26,412.56,0.7340,1050.88,418.12,0.6368,1023.51,417.27,0.6262,1065.42,455.33,0.6632,1015.81,454.90,0.6808,1062.00,471.15,0.7551,1009.83,494.24,0.8363
334,bottom,0,992.08,613.68,1184.94,880.34,1091.11,633.73,0.7799,1093.07,629.17,0.5326,1089.81,629.82,0.5529,1079.39,635.03,0.7103,1097.62,637.63,0.7312,1058.56,662.37,0.8267,1111.30,672.14,0.7920,1035.77,694.27,0.8064,1130.18,704.04,0.7641,1007.78,718.36,0.8118,1156.22,705.34,0.6650,1068.98,746.36,0.6915,1101.53,743.75,0.6937,1038.38,798.44,0.8143,1130.18,784.12,0.7681,1031.87,858.34,0.8528,1163.38,829.69,0.8299
335,top,1,997.50,334.74,1078.32,511.48,1043.09,351.48,0.8231,1046.11,348.03,0.8291,1038.77,348.03,0.8143,1049.99,349.75,0.8038,1031.44,349.75,0.8293,1060.35,370.47,0.7701,1016.33,368.74,0.7115,1066.82,395.49,0.7159,1003.82,386.86,0.7353,1071.57,420.95,0.6732,1002.09,412.32,0.7608,1047.40,417.50,0.6216,1021.08,417.07,0.6196,1062.94,458.06,0.7427,1012.88,456.77,0.6889,1053.44,477.48,0.7746,1007.70,493.87,0.8220
335,bottom,0,996.19,615.39,1186.23,880.26,1100.26,635.31,0.7976,1101.55,630.78,0.5753,1099.61,632.08,0.5133,1087.97,636.60,0.7161,1106.73,639.19,0.6885,1066.63,664.41,0.7870,1119.01,672.82,0.7865,1043.36,696.74,0.7558,1133.89,703.21,0.7478,1013.61,718.73,0.7786,1157.81,701.27,0.6621,1078.27,745.89,0.6557,1109.96,743.95,0.6676,1045.94,798.91,0.7959,1139.06,784.68,0.7630,1033.66,857.11,0.8359,1169.45,829.30,0.8156
336,top,1,992.26,335.27,1078.68,511.88,1039.78,351.57,0.8328,1043.23,348.12,0.8454,1035.90,348.12,0.8320,1047.11,350.27,0.8366,1029.00,350.27,0.8495,1057.89,370.54,0.7853,1013.91,368.81,0.7342,1064.79,393.82,0.7490,1000.11,387.79,0.7687,1071.69,418.83,0.7249,998.39,412.79,0.7896,1044.09,417.97,0.6640,1017.36,417.54,0.6284,1058.32,458.50,0.7242,1008.30,456.78,0.6896,1050.13,486.10,0.7639,1003.56,493.43,0.7800
336,bottom,0,1001.88,618.08,1185.80,879.59,1108.52,637.74,0.8221,1107.89,634.55,0.5935,1110.44,635.19,0.5159,1096.39,639.66,0.7489,1116.19,641.57,0.7087,1075.96,666.47,0.8136,1127.04,674.13,0.8289,1051.06,698.39,0.7578,1137.25,700.95,0.7539,1019.78,718.19,0.7815,1159.60,697.76,0.6577,1088.09,747.56,0.6797,1118.74,745.00,0.7065,1053.62,800.55,0.7897,1144.28,782.03,0.7957,1035.74,856.73,0.8356,1171.73,829.92,0.8329
337,top,1,988.00,339.20,1078.56,515.80,1037.16,354.20,0.8107,1040.61,351.18,0.8174,1033.28,350.75,0.8130,1044.92,353.77,0.8037,1026.38,352.48,0.8289,1055.27,371.88,0.7635,1011.29,371.02,0.7193,1062.60,394.73,0.7346,995.77,390.85,0.7911,1070.79,419.74,0.7342,994.04,415.43,0.7799,1041.47,417.58,0.6477,1013.45,415.43,0.6371,1055.27,459.41,0.7568,1003.53,455.96,0.6939,1049.23,493.04,0.7514,996.20,490.88,0.7368
337,bottom,0,1005.91,620.02,1185.62,877.89,1116.54,640.67,0.8645,1115.91,636.89,0.5925,1118.43,637.52,0.6104,1103.95,642.55,0.7458,1122.84,643.81,0.7644,1083.80,668.37,0.8393,1132.91,675.29,0.8375,1058.62,698.59,0.7256,1143.61,696.70,0.7548,1025.88,716.84,0.7817,1156.83,691.66,0.6107,1093.88,750.21,0.6920,1124.72,747.69,0.7144,1061.14,803.09,0.7850,1148.02,779.80,0.8131,1039.73,856.61,0.8408,1172.57,829.54,0.8527
338,top,1,976.19,341.51,1076.85,519.77,1034.35,357.96,0.8508,1037.83,354.48,0.8600,1030.87,354.48,0.8113,1042.19,357.52,0.8294,1023.91,356.65,0.8682,1051.76,374.50,0.7795,1009.11,374.93,0.7317,1060.03,397.13,0.7575,993.01,397.56,0.7808,1068.74,421.07,0.7245,989.53,424.55,0.7310,1038.71,419.76,0.6684,1009.98,418.02,0.6565,1051.33,459.80,0.7777,996.49,458.93,0.7165,1050.02,502.89,0.8267,986.04,494.18,0.7278
338,bottom,0,1008.28,622.23,1186.02,876.09,1121.94,641.32,0.9513,1121.32,638.22,0.5914,1123.18,638.22,0.6728,1110.17,643.18,0.7355,1130.00,645.04,0.7867,1090.33,667.35,0.8476,1139.30,676.65,0.8257,1063.68,697.72,0.7036,1147.35,695.86,0.7106,1030.84,713.83,0.7813,1149.83,684.08,0.4425,1097.77,747.92,0.6895,1128.14,746.06,0.7274,1065.54,803.08,0.7926,1151.69,778.91,0.8219,1043.85,855.76,0.8616,1173.38,830.35,0.8681
339,top,1,959.75,348.72,1074.40,527.44,1032.35,364.34,0.8332,1035.84,361.29,0.8165,1028.42,360.85,0.8089,1039.76,364.78,0.7545,1021.00,363.47,0.8524,1049.36,380.49,0.7821,1007.04,380.92,0.7181,1056.78,401.43,0.7510,990.46,404.48,0.7518,1065.94,424.56,0.7270,986.53,432.85,0.6909,1034.97,424.12,0.6639,1007.04,422.37,0.6485,1047.62,462.95,0.7306,990.02,462.95,0.7007,1051.98,509.64,0.8234,972.57,500.91,0.7263
339,bottom,0,1008.56,620.31,1185.10,873.85,1125.92,640.00,0.9781,1128.40,637.52,0.6100,1126.54,637.52,0.7010,1114.78,641.85,0.7096,1135.21,643.71,0.8464,1093.74,666.00,0.8411,1142.64,675.28,0.8701,1065.88,696.33,0.7241,1148.83,698.80,0.7727,1034.93,709.94,0.7924,1134.59,687.04,0.3436,1099.31,743.99,0.6890,1130.26,743.37,0.7191,1066.50,799.08,0.7830,1152.54,778.65,0.8093,1043.60,851.69,0.8520,1173.59,830.03,0.8832
340,top,1,948.89,356.08,1071.50,536.61,1029.59,371.41,0.8665,1033.56,368.33,0.8356,1026.06,367.89,0.8552,1037.52,371.86,0.8050,1018.57,370.09,0.8871,1045.90,387.72,0.8105,1004.47,388.16,0.7477,1054.27,409.32,0.7520,987.72,413.73,0.7520,1063.53,432.68,0.7506,984.63,442.38,0.7108,1031.79,430.48,0.6753,1003.59,428.71,0.6341,1044.57,469.26,0.7380,982.87,469.26,0.7116,1051.63,515.98,0.7848,963.04,508.05,0.7309
340,bottom,0,1010.48,617.14,1184.70,868.74,1127.69,637.29,0.9524,1130.15,633.61,0.5935,1128.31,633.61,0.6768,1116.64,637.91,0.7081,1136.29,640.36,0.8126,1095.14,661.86,0.8367,1144.28,674.15,0.8710,1068.72,691.34,0.7036,1145.51,703.02,0.7428,1036.78,706.70,0.8113,1120.93,694.42,0.3578,1098.21,739.87,0.6984,1130.15,739.87,0.7318,1065.65,791.47,0.7975,1151.65,778.57,0.8117,1043.54,842.45,0.8441,1173.15,830.17,0.8981
341,top,1,948.18,364.46,1069.53,539.91,1027.27,379.80,0.8661,1031.13,376.80,0.8427,1023.85,375.94,0.8448,1035.84,380.22,0.8138,1016.99,378.08,0.8787,1043.98,397.36,0.8010,1002.86,396.07,0.7460,1051.26,416.63,0.7141,985.30,422.20,0.7508,1060.68,439.76,0.7035,983.58,450.47,0.7157,1028.13,438.91,0.6727,1001.15,435.91,0.6324,1042.27,476.17,0.7381,979.30,475.31,0.6955,1048.69,519.00,0.7517,957.46,510.44,0.7473
341,bottom,0,1014.44,612.69,1184.95,870.92,1127.43,632.74,0.9627,1128.69,628.96,0.5952,1128.06,628.96,0.6655,1115.45,634.00,0.7045,1136.26,635.89,0.7695,1094.65,657.96,0.8167,1143.82,670.57,0.8579,1068.17,688.22,0.7189,1143.82,705.87,0.7483,1037.28,705.24,0.8012,1117.98,705.24,0.3293,1097.17,732.98,0.6694,1128.06,734.24,0.7095,1063.76,785.94,0.8044,1150.13,778.37,0.7972,1042.95,835.74,0.8115,1172.82,829.44,0.8627
342,top,1,949.47,370.68,1062.53,544.64,1026.81,386.31,0.8532,1030.21,383.33,0.8448,1022.56,382.91,0.8281,1034.03,387.15,0.8155,1015.34,385.88,0.8746,1042.95,404.99,0.8119,1001.33,403.72,0.7355,1048.90,424.95,0.7387,985.19,427.93,0.7451,1058.66,448.74,0.7199,982.22,455.96,0.6857,1026.39,447.04,0.6694,999.63,445.34,0.6227,1038.28,481.02,0.7275,976.69,482.29,0.6881,1041.67,524.34,0.7559,958.43,510.32,0.7529
342,bottom,0,1020.26,607.92,1184.40,866.09,1126.29,629.22,0.9538,1125.65,626.07,0.6000,1127.55,626.07,0.6318,1113.68,631.12,0.7317,1133.85,632.38,0.7451,1093.51,653.81,0.8272,1143.30,668.30,0.8625,1067.67,684.69,0.7647,1143.30,706.12,0.7731,1037.41,702.34,0.8358,1118.72,708.64,0.3376,1095.40,725.66,0.6756,1125.65,728.18,0.7243,1061.36,780.50,0.8188,1147.72,777.98,0.8276,1043.09,832.81,0.8362,1172.30,829.66,0.8582
343,top,1,949.63,377.04,1063.86,550.05,1025.33,392.59,0.8349,1028.71,389.21,0.8408,1021.53,389.21,0.8311,1033.35,393.01,0.8069,1014.35,392.17,0.8613,1043.49,410.75,0.8001,1000.83,410.75,0.7317,1048.56,430.60,0.7175,986.47,436.09,0.7127,1058.27,454.25,0.7238,982.25,462.70,0.6236,1027.02,453.41,0.6671,1000.41,451.72,0.6247,1034.20,484.66,0.6933,978.87,485.09,0.6318,1040.53,529.44,0.7419,960.28,506.63,0.7213
343,bottom,0,1021.50,606.55,1183.41,862.53,1122.45,627.05,0.9147,1121.83,623.30,0.6113,1123.70,623.30,0.6008,1111.20,628.30,0.7471,1129.95,630.17,0.7391,1090.58,651.42,0.8149,1139.95,663.92,0.8617,1065.58,683.29,0.7208,1141.83,706.42,0.7946,1036.21,700.79,0.8219,1118.08,705.17,0.4032,1092.45,725.79,0.6536,1123.08,728.29,0.6915,1058.08,778.29,0.8057,1146.20,777.66,0.8116,1043.08,833.91,0.8420,1172.45,829.54,0.8390
344,top,3,949.70,382.12,1061.75,550.19,1025.01,396.81,0.8072,1027.47,393.53,0.8307,1020.49,393.53,0.8067,1031.98,396.81,0.7627,1012.29,396.81,0.8379,1042.24,414.45,0.7673,999.16,415.68,0.6944,1048.80,436.20,0.7108,986.44,444.41,0.6785,1059.88,459.59,0.6830,979.46,469.84,0.6016,1026.65,456.30,0.6182,1001.62,455.48,0.5841,1030.75,485.03,0.6739,982.33,487.90,0.5218,1039.37,528.93,0.7389,963.05,503.49,0.6592
344,bottom,0,1018.74,604.50,1183.52,859.96,1117.35,625.58,0.9089,1116.72,621.84,0.6263,1119.22,622.46,0.5579,1106.12,626.83,0.7581,1124.83,629.32,0.7043,1086.79,651.15,0.8050,1136.06,663.00,0.8473,1062.46,683.58,0.7100,1140.42,707.28,0.7679,1033.15,701.05,0.8283,1116.72,711.03,0.3696,1091.78,725.37,0.6515,1121.71,727.86,0.6931,1055.60,777.14,0.8182,1144.17,777.14,0.8099,1041.26,834.52,0.8513,1172.23,828.90,0.8482
345,top,3,964.07,385.27,1065.02,549.92,1022.19,399.66,0.7561,1025.00,396.84,0.7861,1018.17,396.84,0.7670,1028.62,400.06,0.7455,1010.53,400.06,0.8079,1039.87,416.54,0.7429,997.67,418.95,0.7022,1047.51,439.05,0.7256,986.01,446.29,0.6573,1060.37,461.56,0.7082,977.97,471.61,0.5817,1027.01,457.14,0.6021,1002.09,455.53,0.6106,1031.83,486.08,0.6715,990.43,487.69,0.5723,1039.87,529.90,0.7211,965.51,509.80,0.6513
345,bottom,0,1015.03,604.99,1183.92,858.10,1111.21,625.25,0.8766,1111.21,621.55,0.6312,1111.83,621.55,0.5219,1100.71,626.49,0.7450,1118.63,628.96,0.6718,1082.17,651.83,0.8093,1131.61,662.33,0.8277,1058.07,684.58,0.7302,1137.17,708.68,0.7725,1027.79,701.88,0.8301,1116.78,718.57,0.3794,1090.20,728.45,0.6459,1119.87,729.69,0.6817,1053.74,777.27,0.8236,1143.35,778.51,0.8092,1039.53,836.60,0.8564,1171.77,829.80,0.8640
346,top,1,958.38,387.74,1070.47,550.52,1019.20,402.36,0.7904,1022.38,398.79,0.7850,1014.82,399.58,0.7924,1025.95,402.76,0.7560,1007.27,403.16,0.8021,1036.68,419.06,0.7434,994.95,423.03,0.7243,1047.41,440.91,0.7409,983.43,450.45,0.6672,1062.12,463.17,0.6837,975.48,475.89,0.6175,1027.94,456.81,0.6222,1002.50,456.81,0.6302,1037.48,485.03,0.6485,995.75,489.80,0.6153,1042.25,529.14,0.7293,970.71,521.99,0.6806
346,bottom,0,1009.69,604.88,1184.16,857.77,1104.34,625.75,0.8601,1104.95,621.43,0.6157,1103.72,622.04,0.5370,1093.84,626.98,0.7430,1111.75,629.45,0.7074,1076.55,653.53,0.8003,1126.56,662.79,0.8106,1053.71,686.25,0.7297,1133.36,708.48,0.7399,1023.45,704.78,0.8312,1118.54,723.92,0.4278,1087.05,730.71,0.6423,1117.30,731.33,0.6789,1050.62,778.25,0.8362,1142.00,780.10,0.8094,1040.12,838.14,0.8553,1171.64,830.11,0.8642
347,top,1,960.04,388.94,1074.15,552.76,1017.49,404.46,0.7850,1020.29,400.46,0.7516,1013.09,401.26,0.7629,1024.29,403.66,0.7153,1005.89,405.26,0.8179,1035.09,419.66,0.7063,993.89,425.26,0.7487,1046.69,440.85,0.7597,981.90,452.05,0.6714,1064.68,461.25,0.7310,975.10,476.85,0.6027,1025.89,458.05,0.6077,1000.69,460.05,0.6568,1046.69,482.45,0.6934,999.49,496.04,0.7367,1047.49,528.04,0.7252,971.90,533.24,0.7469
347,bottom,0,1004.94,605.74,1183.70,859.78,1096.80,625.47,0.8265,1097.42,620.51,0.5764,1094.94,621.13,0.5548,1086.88,626.71,0.7210,1104.24,628.57,0.7106,1069.51,654.00,0.7916,1120.99,662.06,0.7941,1048.43,687.49,0.7320,1129.05,707.33,0.7236,1018.66,708.58,0.8255,1119.13,730.90,0.5017,1082.54,730.28,0.6430,1112.93,730.90,0.6684,1048.43,779.28,0.8385,1138.36,779.90,0.7916,1039.74,840.06,0.8601,1170.61,829.52,0.8444
348,top,1,958.58,387.94,1074.31,552.51,1016.04,403.53,0.7282,1019.26,399.51,0.6866,1012.03,400.31,0.7187,1023.28,403.12,0.6900,1005.20,404.33,0.7998,1033.72,419.19,0.6812,993.14,426.43,0.7384,1047.38,439.69,0.7255,981.49,453.75,0.6933,1067.47,456.56,0.6789,975.46,479.06,0.6563,1023.68,460.18,0.5957,1000.78,463.39,0.6375,1051.00,478.26,0.6831,1001.58,497.54,0.6985,1048.99,525.27,0.7593,970.24,534.91,0.7444
348,bottom,0,1003.17,603.53,1184.73,859.71,1090.20,624.04,0.8561,1091.45,619.67,0.5690,1088.32,620.29,0.5969,1080.82,625.92,0.7013,1099.58,627.17,0.7449,1063.31,652.81,0.8188,1113.97,660.32,0.7691,1043.29,687.21,0.7605,1123.98,707.85,0.7390,1017.02,711.61,0.8258,1116.47,734.12,0.5589,1077.07,729.74,0.6369,1107.09,731.00,0.6552,1044.54,779.15,0.8084,1133.98,779.15,0.7694,1039.54,839.82,0.8510,1167.76,827.94,0.8269
349,top,1,958.84,385.06,1084.15,552.68,1017.40,400.12,0.7805,1019.45,396.44,0.7398,1012.49,397.25,0.7269,1023.95,399.30,0.6644,1005.95,401.76,0.7922,1034.18,416.49,0.6733,995.71,424.26,0.7207,1050.96,434.09,0.7020,983.44,449.64,0.6370,1073.88,446.36,0.6665,981.80,469.69,0.5043,1023.13,460.28,0.6212,1001.44,463.55,0.6443,1055.05,478.28,0.7067,1000.63,496.70,0.6907,1047.69,522.07,0.7529,970.34,533.94,0.7482
349,bottom,0,1003.84,601.27,1183.01,859.39,1085.23,620.67,0.8334,1085.86,616.89,0.5573,1083.97,616.89,0.6271,1075.78,622.57,0.6786,1094.69,623.20,0.7241,1057.50,650.29,0.8526,1108.55,657.22,0.8056,1039.86,684.95,0.7768,1120.52,702.60,0.7473,1015.91,713.94,0.8357,1115.48,727.81,0.6559,1070.74,729.07,0.6605,1101.62,730.33,0.6627,1043.01,779.48,0.8148,1128.71,778.85,0.7773,1038.60,840.61,0.8492,1162.11,827.37,0.8141
350,top,3,958.65,380.04,1065.62,554.42,1019.37,394.86,0.7329,1022.35,391.03,0.7237,1014.68,391.88,0.7038,1026.61,393.58,0.6949,1008.30,396.14,0.7719,1037.67,410.61,0.7218,997.66,420.40,0.6975,1055.98,423.81,0.5800,991.27,445.10,0.6083,1078.12,431.47,0.5192,990.42,468.51,0.5467,1025.75,458.72,0.6160,1003.62,461.70,0.6069,1056.83,478.30,0.7290,999.78,494.05,0.6131,1041.51,517.04,0.7717,969.56,533.65,0.7343
350,bottom,0,1007.67,596.35,1173.87,859.73,1082.41,616.80,0.7991,1083.70,612.94,0.5475,1081.77,612.94,0.6236,1072.13,618.73,0.6694,1091.42,619.37,0.7415,1053.48,646.38,0.8394,1105.56,653.45,0.7990,1036.76,683.67,0.7659,1117.14,698.46,0.7515,1016.83,715.82,0.8267,1113.28,721.61,0.6720,1065.05,727.40,0.6619,1096.56,728.04,0.6555,1041.90,779.48,0.8124,1122.28,774.34,0.7726,1038.69,840.57,0.8762,1151.86,826.42,0.7973
351,top,1,959.83,370.63,1106.67,552.42,1024.65,386.96,0.7402,1026.56,383.14,0.7218,1019.87,383.61,0.6977,1031.34,386.96,0.7104,1013.18,389.35,0.7787,1042.33,402.73,0.7340,1001.70,415.16,0.7652,1061.93,414.21,0.6604,998.36,441.93,0.6429,1087.26,419.46,0.6760,998.84,467.74,0.5917,1031.82,456.27,0.6839,1009.35,457.22,0.7018,1056.19,482.08,0.7483,997.88,491.16,0.7049,1036.12,517.93,0.7385,971.11,532.27,0.8112
351,bottom,0,1010.49,592.02,1157.98,858.95,1080.33,612.75,0.8160,1081.63,609.49,0.5728,1079.02,608.84,0.6022,1069.90,614.70,0.7070,1089.45,616.01,0.7669,1051.65,642.72,0.8267,1103.79,649.24,0.7961,1036.01,681.17,0.8070,1115.52,694.86,0.7688,1018.42,714.41,0.8182,1110.95,718.97,0.6788,1060.78,722.88,0.6740,1092.71,723.53,0.6609,1042.53,778.27,0.8090,1115.52,771.76,0.7861,1038.62,838.88,0.9082,1137.67,825.20,0.8109
352,top,3,965.45,364.53,1114.42,550.86,1026.84,380.59,0.6987,1030.24,376.71,0.6905,1023.45,377.20,0.6920,1036.54,380.59,0.7497,1018.60,383.02,0.7628,1046.72,394.65,0.7306,1007.93,407.26,0.7834,1068.54,401.93,0.5855,1004.05,430.54,0.6464,1094.24,403.87,0.6377,1015.20,444.60,0.4816,1036.54,451.39,0.6781,1012.29,450.90,0.6878,1054.00,483.88,0.7437,997.26,487.76,0.6969,1033.14,520.73,0.7553,976.41,528.01,0.8145
352,bottom,0,1013.77,588.45,1140.98,858.96,1078.69,609.45,0.8359,1079.35,605.49,0.5859,1078.03,605.49,0.5824,1068.13,610.78,0.7622,1087.94,612.76,0.7808,1050.30,639.17,0.8272,1102.47,646.44,0.8300,1036.43,680.12,0.8098,1114.36,691.35,0.7925,1021.24,714.46,0.8103,1110.39,713.14,0.6682,1057.56,721.06,0.6995,1089.26,721.72,0.6922,1041.71,777.20,0.8145,1109.07,771.92,0.7953,1037.75,837.96,0.8913,1123.60,827.39,0.8692
353,top,4,969.33,358.13,1062.29,544.77,1032.22,372.62,0.7131,1034.95,368.98,0.7133,1028.11,369.89,0.7026,1041.33,372.62,0.7468,1023.10,375.36,0.7594,1050.90,389.03,0.7318,1013.99,399.51,0.7297,1074.14,392.22,0.2981,1008.07,424.57,0.7084,1102.84,389.48,0.2510,1024.47,433.22,0.5221,1040.42,444.16,0.6458,1016.27,443.25,0.6043,1050.90,482.44,0.7089,1003.96,482.89,0.6540,1034.49,519.34,0.7436,979.81,522.08,0.7815
353,bottom,0,1015.26,587.13,1121.51,857.11,1076.96,608.09,0.8152,1076.96,604.13,0.6032,1076.96,604.79,0.5563,1066.41,609.41,0.7676,1086.18,610.73,0.7376,1049.27,637.75,0.8324,1100.69,643.68,0.8570,1036.09,679.27,0.8139,1113.21,688.50,0.7787,1022.91,713.55,0.7834,1109.91,710.25,0.6860,1055.21,718.82,0.6955,1087.50,719.48,0.6991,1038.73,774.85,0.8190,1100.69,770.89,0.7954,1034.11,835.49,0.8766,1108.60,828.24,0.8833
354,top,3,976.64,350.65,1061.82,539.89,1037.25,364.88,0.6939,1039.56,361.19,0.7098,1033.09,362.11,0.7084,1045.10,363.96,0.7477,1027.55,367.19,0.7447,1054.34,381.05,0.7287,1019.69,391.22,0.7385,1048.34,384.29,0.2939,1013.22,418.94,0.6926,1039.56,424.94,0.2314,1034.94,422.63,0.4934,1045.10,437.88,0.6528,1022.00,436.96,0.6269,1049.72,479.00,0.6829,1015.07,478.54,0.6874,1034.48,517.81,0.7186,988.27,512.73,0.7291
354,bottom,0,1015.15,587.33,1117.95,855.35,1075.71,608.14,0.8040,1074.40,604.22,0.5847,1075.71,604.87,0.5397,1065.24,609.45,0.7525,1084.87,610.76,0.7279,1048.23,637.59,0.8449,1099.92,643.48,0.8680,1035.14,680.12,0.8128,1113.01,689.28,0.7853,1022.71,715.45,0.7790,1109.08,708.91,0.6745,1053.46,718.72,0.6920,1084.22,720.03,0.7046,1033.83,772.38,0.8198,1094.03,772.38,0.7983,1028.60,832.58,0.8811,1097.96,831.27,0.8886
355,top,1,987.03,340.76,1100.21,539.68,1039.74,355.23,0.6761,1042.65,351.34,0.6681,1035.85,352.32,0.6561,1047.99,354.26,0.7233,1030.99,357.17,0.7488,1056.73,374.17,0.6879,1025.65,382.43,0.7583,1066.45,375.14,0.4293,1023.71,411.56,0.7033,1083.44,369.80,0.5213,1051.39,405.25,0.5518,1049.45,432.45,0.6448,1028.57,431.48,0.6319,1051.39,474.21,0.7012,1024.68,474.21,0.7165,1036.34,517.44,0.7838,998.94,505.78,0.7779
355,bottom,0,1011.58,589.75,1117.26,855.06,1073.49,610.35,0.7704,1072.19,606.46,0.5672,1073.49,607.11,0.5132,1063.12,612.29,0.7316,1082.56,612.94,0.7055,1046.28,640.14,0.8245,1098.75,645.32,0.8397,1034.62,682.89,0.8065,1112.35,689.37,0.7730,1022.32,717.22,0.7738,1109.11,708.15,0.6851,1051.46,720.46,0.6711,1081.26,722.40,0.6888,1029.44,771.63,0.8093,1089.68,774.87,0.8113,1021.02,829.92,0.8663,1096.80,832.51,0.8773
356,top,1,1001.15,334.31,1085.89,538.01,1046.50,346.14,0.7472,1048.00,341.67,0.7445,1042.03,343.16,0.7245,1051.97,345.65,0.6893,1034.57,348.13,0.7716,1059.93,365.04,0.6706,1030.59,374.49,0.7947,1062.92,390.40,0.4308,1034.07,404.33,0.7205,1079.33,363.05,0.3357,1059.93,390.90,0.6101,1054.46,425.71,0.6622,1034.57,426.21,0.6551,1055.46,469.97,0.7276,1033.57,466.49,0.7441,1042.03,512.25,0.8104,1010.70,495.34,0.7636
356,bottom,0,996.53,593.08,1117.20,854.15,1070.89,613.35,0.8195,1068.34,610.16,0.6025,1071.53,610.16,0.5198,1061.33,615.26,0.7808,1080.45,615.90,0.7000,1044.76,643.31,0.8475,1097.02,647.77,0.8540,1033.28,685.37,0.7805,1111.04,691.11,0.7819,1020.53,719.79,0.7695,1107.22,710.23,0.6596,1047.94,722.98,0.6643,1078.54,724.89,0.6983,1023.08,772.70,0.8084,1089.37,773.97,0.7962,1012.25,830.70,0.8857,1097.02,831.34,0.8949
357,top,1,1008.29,325.81,1091.60,531.19,1050.95,341.25,0.7694,1051.95,337.74,0.7206,1046.44,339.25,0.7198,1054.96,341.75,0.6415,1039.42,344.76,0.7839,1059.98,360.81,0.6797,1036.41,368.33,0.7978,1062.48,386.38,0.4489,1043.43,395.91,0.7063,1078.53,354.29,0.3328,1065.49,371.34,0.6224,1058.97,420.48,0.7004,1038.92,420.98,0.6782,1063.99,463.10,0.7613,1040.42,464.60,0.7517,1048.94,505.72,0.8057,1018.86,493.68,0.7957
357,bottom,0,981.22,594.92,1114.95,855.07,1067.14,615.75,0.8630,1064.60,612.57,0.6004,1069.05,612.57,0.5715,1056.34,618.93,0.8238,1076.67,618.93,0.7465,1041.10,646.24,0.8542,1093.82,650.68,0.8613,1030.30,687.52,0.7915,1107.79,693.87,0.7893,1017.60,722.45,0.7782,1104.61,714.20,0.6843,1044.28,724.99,0.6741,1076.03,726.90,0.7097,1016.96,773.26,0.8172,1090.00,773.26,0.8115,1000.45,832.33,0.8855,1096.99,831.70,0.9284
358,top,1,1014.47,321.65,1084.19,524.61,1056.27,337.90,0.7585,1056.76,334.43,0.7246,1051.81,335.42,0.6937,1060.23,338.40,0.5901,1043.38,341.37,0.7377,1060.23,359.21,0.6855,1041.40,362.18,0.7941,1061.22,383.99,0.4554,1048.83,386.46,0.7478,1068.16,408.27,0.3179,1064.69,362.68,0.7076,1062.21,419.17,0.6791,1043.38,420.65,0.6745,1073.11,459.30,0.7968,1044.87,463.76,0.7833,1055.28,500.43,0.7646,1024.55,496.47,0.8285
358,bottom,0,970.14,597.03,1112.68,853.23,1062.68,618.17,0.8736,1060.17,615.04,0.5810,1063.93,614.42,0.5922,1051.42,621.30,0.8029,1072.06,620.67,0.7457,1037.03,649.45,0.8492,1089.57,652.57,0.8669,1026.40,690.10,0.7774,1103.96,696.98,0.7588,1013.89,722.63,0.7876,1103.33,718.25,0.7017,1041.41,726.38,0.6884,1073.94,727.63,0.7137,1011.39,775.17,0.8057,1088.95,772.67,0.8152,989.49,833.97,0.8625,1096.45,832.09,0.9270
359,top,3,1015.79,360.02,1092.22,518.62,1061.75,340.20,0.4036,1063.69,340.20,0.3515,1057.49,340.20,0.3223,1067.17,340.20,0.3879,1048.97,340.20,0.4208,1065.24,359.56,0.5218,1047.04,359.17,0.6089,1066.40,340.20,0.3731,1046.65,381.63,0.6117,1068.72,409.12,0.2739,1059.04,361.88,0.3993,1065.62,423.06,0.5837,1045.49,423.06,0.5981,1084.21,455.58,0.7018,1047.42,462.94,0.6763,1064.07,493.92,0.6318,1024.19,496.63,0.7325
359,bottom,0,955.29,600.25,1110.93,854.48,1057.31,619.98,0.8987,1056.07,616.88,0.5839,1057.93,616.26,0.6217,1046.14,622.47,0.7636,1067.87,622.47,0.7692,1031.87,651.64,0.8457,1084.62,654.74,0.8851,1020.69,691.36,0.7891,1099.52,700.05,0.7740,1008.28,723.02,0.7898,1099.52,721.16,0.6700,1036.83,728.61,0.6935,1069.73,729.85,0.7198,1005.80,778.26,0.7839,1087.73,772.67,0.8223,979.11,835.36,0.8479,1097.04,832.26,0.9311
360,top,1,1014.06,325.23,1100.53,516.69,1064.31,337.76,0.6162,1066.18,333.55,0.5723,1060.10,334.49,0.5357,1069.45,337.29,0.5915,1053.56,338.23,0.6352,1068.51,358.79,0.6663,1050.75,355.99,0.7264,1068.98,378.89,0.4552,1044.68,376.56,0.7100,1075.06,403.67,0.3192,1059.17,353.18,0.5400,1070.85,417.22,0.6536,1051.22,418.16,0.6404,1093.76,453.22,0.7727,1048.41,463.03,0.7499,1076.46,485.47,0.8013,1024.11,497.62,0.8528
360,bottom,0,949.17,602.59,1111.34,859.30,1052.19,621.90,0.8668,1050.93,618.76,0.5992,1054.07,618.14,0.6109,1041.53,624.40,0.7578,1061.59,623.78,0.7537,1025.87,654.49,0.8479,1079.14,656.99,0.8807,1013.33,693.34,0.7809,1092.93,701.49,0.7660,1002.68,724.05,0.7818,1096.06,723.43,0.7086,1031.51,730.95,0.6939,1065.35,731.57,0.7234,999.54,779.83,0.7840,1084.15,774.19,0.8274,971.34,837.49,0.8267,1096.06,832.48,0.9122
361,top,1,1013.96,318.63,1107.39,516.52,1070.34,340.76,0.7248,1072.75,336.89,0.6912,1065.99,337.38,0.6465,1076.62,338.34,0.6790,1057.29,339.31,0.7475,1075.17,357.18,0.6637,1052.94,355.74,0.7270,1079.03,368.30,0.4700,1043.28,375.06,0.7141,1078.55,342.69,0.4283,1057.29,352.35,0.5089,1075.65,413.71,0.7088,1054.88,415.16,0.6687,1099.81,447.53,0.8050,1048.11,461.05,0.7544,1087.73,478.45,0.8166,1023.96,497.29,0.8850
361,bottom,0,943.62,602.88,1112.12,857.76,1046.54,623.92,0.8459,1045.91,620.80,0.6152,1049.02,620.18,0.5917,1035.96,627.03,0.7685,1055.25,626.41,0.7498,1019.16,655.65,0.8531,1072.67,660.63,0.8648,1005.47,693.61,0.7800,1085.74,702.94,0.7664,996.13,725.34,0.7765,1091.34,726.59,0.7536,1025.38,732.19,0.6933,1058.98,732.19,0.7305,993.02,783.21,0.8068,1079.52,775.75,0.8302,966.89,839.22,0.8403,1096.32,833.62,0.8835
362,top,1,1016.62,316.26,1114.30,514.20,1068.36,339.85,0.6401,1070.77,336.46,0.6421,1064.01,336.46,0.6029,1076.09,336.95,0.6709,1058.21,340.33,0.6907,1082.37,355.31,0.6329,1053.38,357.24,0.6743,1096.87,355.31,0.6955,1044.20,374.64,0.7207,1079.96,336.46,0.6541,1057.73,350.48,0.6197,1079.96,413.78,0.6741,1058.69,414.75,0.6706,1103.15,446.16,0.7682,1050.00,457.27,0.7372,1095.90,474.18,0.8367,1024.38,496.90,0.8178
362,bottom,0,946.67,605.30,1111.83,858.51,1041.00,626.20,0.8863,1041.00,622.49,0.6540,1041.62,622.49,0.5510,1030.49,628.05,0.7725,1049.65,628.67,0.7510,1012.56,655.87,0.8377,1065.73,662.05,0.8806,997.73,692.34,0.7885,1079.33,703.47,0.7520,989.69,724.49,0.7737,1086.75,728.82,0.7731,1018.74,732.53,0.6908,1050.89,732.53,0.7152,989.07,784.46,0.8295,1076.24,777.65,0.8278,965.58,841.95,0.8816,1095.40,833.29,0.8832
363,top,1,1017.10,316.16,1128.19,517.05,1073.14,338.13,0.6272,1075.10,334.21,0.6059,1067.74,335.19,0.5727,1080.00,336.66,0.6362,1062.34,341.07,0.6604,1089.81,351.86,0.6599,1057.93,357.26,0.6850,1110.90,343.03,0.7159,1047.63,377.37,0.6921,1088.34,332.73,0.4862,1056.95,352.84,0.6116,1085.40,412.19,0.6571,1064.31,412.68,0.6399,1104.52,443.58,0.7106,1055.48,454.37,0.7239,1105.02,471.54,0.8299,1027.03,493.12,0.7870
363,bottom,0,945.05,604.35,1113.21,858.32,1035.95,625.31,0.8906,1037.19,620.97,0.6527,1035.33,621.59,0.5782,1025.41,626.55,0.7848,1044.63,628.41,0.7658,1006.81,654.45,0.8158,1059.51,661.27,0.8491,990.68,690.41,0.7766,1073.15,704.05,0.7657,983.86,722.04,0.7747,1082.45,731.34,0.8029,1013.01,731.34,0.7019,1045.25,731.34,0.7023,985.10,784.66,0.8458,1071.91,779.08,0.8382,965.26,842.94,0.8967,1094.85,833.64,0.8834
364,top,1,1018.73,316.14,1132.54,516.37,1076.12,336.58,0.6865,1077.59,332.67,0.6439,1071.23,333.65,0.6323,1082.48,335.60,0.6207,1065.86,340.98,0.6939,1094.21,351.24,0.6485,1061.46,359.06,0.6754,1119.14,338.53,0.6297,1052.66,380.08,0.6966,1112.78,328.76,0.5097,1060.97,357.60,0.6085,1090.79,413.32,0.6469,1070.26,413.81,0.6398,1105.45,446.08,0.6499,1061.95,456.34,0.7338,1110.83,470.52,0.7654,1031.15,492.03,0.7278
364,bottom,0,945.33,602.58,1112.29,857.96,1031.93,623.03,0.8581,1033.80,618.67,0.6175,1031.31,618.67,0.5821,1021.95,624.28,0.7855,1040.66,625.52,0.7701,1002.63,651.71,0.8326,1055.62,659.19,0.8445,985.79,688.50,0.7998,1068.09,700.97,0.7946,978.93,721.54,0.8173,1078.69,729.02,0.8263,1008.86,729.65,0.7288,1041.28,730.27,0.7123,982.67,783.27,0.8537,1067.47,780.77,0.8363,963.35,841.87,0.9131,1093.03,833.77,0.8868
365,top,1,1026.08,309.57,1148.74,515.55,1082.38,336.62,0.7233,1082.88,332.60,0.6637,1077.35,334.11,0.6807,1086.40,338.13,0.5574,1069.81,341.65,0.6669,1096.96,355.73,0.6092,1064.78,360.76,0.6466,1124.62,346.68,0.5879,1056.73,383.39,0.6585,1133.17,332.60,0.5200,1063.77,364.28,0.5119,1093.95,411.05,0.6333,1075.84,412.06,0.6479,1108.53,446.25,0.6239,1072.32,456.31,0.6781,1111.55,471.90,0.6810,1039.13,485.98,0.6204
365,bottom,0,943.93,600.87,1113.91,858.25,1028.92,620.85,0.8283,1029.55,616.45,0.5821,1028.29,616.45,0.5813,1019.50,622.74,0.7813,1038.35,623.99,0.7824,1000.02,650.38,0.8260,1053.43,658.55,0.8161,981.79,686.83,0.8122,1064.74,700.65,0.7837,974.25,719.50,0.8292,1075.42,729.56,0.8015,1005.67,728.30,0.7281,1037.72,728.93,0.6882,980.54,780.46,0.8325,1064.74,780.46,0.8296,961.69,838.89,0.9082,1090.50,833.24,0.8727
366,top,3,1034.76,312.66,1166.67,502.84,1084.93,339.49,0.7334,1086.32,335.78,0.7246,1080.29,336.71,0.7008,1090.04,340.42,0.6156,1072.39,342.74,0.7252,1101.18,357.60,0.6282,1067.29,362.25,0.7201,1129.04,349.71,0.6925,1058.93,385.46,0.6622,1150.86,333.46,0.7328,1066.82,367.35,0.5557,1097.47,414.71,0.6716,1078.43,415.64,0.6900,1116.50,450.00,0.7011,1082.61,457.43,0.7390,1111.86,474.14,0.7472,1051.04,482.50,0.7303
366,bottom,0,943.75,601.51,1114.23,857.87,1027.12,620.79,0.7974,1028.37,616.41,0.5548,1026.49,616.41,0.5790,1017.73,622.67,0.7337,1036.50,623.92,0.7692,998.33,651.46,0.8121,1052.15,658.97,0.7902,978.93,686.50,0.8056,1062.79,700.27,0.7588,970.79,719.67,0.8081,1072.80,730.31,0.7843,1002.71,727.81,0.7130,1035.25,728.44,0.6711,978.30,776.63,0.8105,1062.79,781.01,0.7962,958.90,833.58,0.8673,1088.45,834.21,0.8497
367,top,1,1050.58,326.55,1132.84,496.24,1088.40,339.73,0.7197,1089.64,336.00,0.6850,1083.01,336.41,0.6491,1093.37,340.14,0.6499,1075.55,342.63,0.7403,1101.65,358.37,0.6351,1069.75,361.27,0.7240,1128.58,356.30,0.5187,1057.74,384.05,0.6556,1150.95,354.64,0.4160,1068.93,366.66,0.4892,1099.17,413.88,0.6684,1079.70,415.54,0.6405,1121.54,449.51,0.7179,1090.47,455.31,0.6728,1112.84,472.71,0.7521,1058.15,484.72,0.6899
367,bottom,0,940.12,602.76,1111.95,858.93,1024.78,623.89,0.8364,1026.03,620.14,0.5647,1023.53,620.14,0.5796,1015.40,625.77,0.7507,1034.16,627.02,0.7719,996.01,653.29,0.8150,1051.05,660.79,0.8096,975.38,687.06,0.8135,1061.06,703.32,0.7775,967.24,721.46,0.8217,1071.06,733.34,0.7920,1000.39,727.71,0.7204,1032.29,728.34,0.6809,975.38,776.50,0.8202,1062.31,780.87,0.8108,952.23,831.53,0.8677,1088.58,838.41,0.8735
368,top,1,1050.52,322.21,1161.87,503.32,1089.83,337.60,0.7723,1091.60,334.06,0.7498,1084.53,334.94,0.7185,1095.58,338.48,0.7073,1076.57,340.69,0.8176,1104.87,356.61,0.6646,1070.38,359.71,0.7571,1130.95,366.34,0.6316,1056.23,380.93,0.6974,1149.97,380.49,0.6851,1069.94,366.34,0.5862,1098.68,412.77,0.6932,1079.22,414.09,0.7002,1121.23,448.14,0.6978,1093.37,451.23,0.7104,1112.38,472.46,0.7456,1066.84,483.51,0.7251
368,bottom,0,931.51,607.33,1108.17,861.05,1022.93,628.26,0.8893,1024.79,624.55,0.5988,1021.69,624.55,0.5580,1013.02,630.12,0.7813,1031.61,631.36,0.7683,993.82,657.38,0.8319,1047.09,664.19,0.8517,971.52,691.45,0.8197,1058.86,706.94,0.8093,964.09,725.52,0.8559,1068.77,737.91,0.8358,998.16,729.86,0.7396,1029.75,730.47,0.7094,972.14,778.79,0.8552,1061.96,783.75,0.8578,944.88,833.92,0.8997,1087.98,841.36,0.9001
369,top,1,1047.90,318.32,1152.49,505.46,1089.68,334.68,0.7528,1091.97,331.02,0.7490,1084.66,331.48,0.7266,1096.08,335.13,0.7341,1076.89,336.50,0.8075,1106.13,355.69,0.6833,1068.67,356.15,0.7379,1126.69,376.71,0.6756,1054.05,376.25,0.6830,1139.94,400.01,0.6635,1065.47,369.40,0.5310,1097.91,407.78,0.6600,1077.81,409.60,0.6709,1118.47,444.33,0.6951,1091.06,445.70,0.7259,1112.07,470.82,0.7530,1070.95,483.16,0.7457
369,bottom,0,922.36,613.26,1107.55,866.55,1021.76,634.16,0.9499,1023.61,630.45,0.6504,1021.14,631.07,0.5661,1011.24,636.02,0.7663,1029.79,637.25,0.7683,991.46,663.23,0.8511,1045.25,670.65,0.8910,969.19,698.47,0.8303,1057.00,713.93,0.8226,961.16,731.25,0.8608,1068.13,746.09,0.8720,995.78,735.58,0.7539,1027.94,735.58,0.7348,967.96,785.05,0.8832,1061.95,788.14,0.8728,937.66,838.22,0.9096,1086.68,846.88,0.9369
370,top,1,1045.80,313.07,1136.70,503.43,1088.92,327.85,0.7957,1092.18,324.59,0.7947,1084.28,324.59,0.7535,1097.75,328.77,0.7555,1077.77,329.24,0.8362,1106.58,353.87,0.7528,1068.47,350.15,0.7473,1115.88,380.83,0.7037,1051.74,371.07,0.7174,1124.71,407.32,0.6307,1070.33,371.07,0.5249,1097.29,403.60,0.6590,1075.91,404.99,0.6542,1114.49,441.24,0.7172,1085.67,441.71,0.7451,1111.70,469.59,0.8104,1069.40,483.54,0.7513
370,bottom,0,922.38,621.23,1108.37,867.93,1021.43,642.26,0.9443,1023.85,639.24,0.6418,1021.43,639.84,0.5557,1011.74,644.68,0.7416,1029.30,645.90,0.7549,990.55,671.32,0.8499,1045.04,677.98,0.8956,968.76,705.83,0.8367,1055.94,722.18,0.8164,959.07,738.52,0.8420,1069.26,752.45,0.8777,994.79,742.16,0.7529,1025.67,742.76,0.7355,965.12,789.99,0.8852,1063.20,789.99,0.8875,933.64,843.26,0.9062,1085.60,849.92,0.9375
371,top,1,1044.28,307.48,1132.85,494.69,1090.86,321.10,0.8488,1093.60,317.45,0.8313,1085.83,318.36,0.8238,1098.17,322.47,0.7630,1078.06,324.30,0.8478,1105.02,349.90,0.7699,1068.46,344.41,0.7379,1106.85,378.69,0.6383,1050.18,365.89,0.7299,1108.22,409.77,0.5934,1066.17,374.58,0.5664,1095.43,400.63,0.6450,1073.49,400.17,0.6518,1109.14,438.11,0.6700,1078.97,439.02,0.7410,1110.51,470.10,0.8040,1067.09,482.90,0.7514
371,bottom,0,922.84,629.12,1108.22,867.85,1024.58,649.52,0.9314,1025.79,645.90,0.6382,1024.58,647.10,0.5228,1014.32,651.93,0.6972,1032.43,653.74,0.6984,993.81,676.67,0.8540,1046.31,685.12,0.8992,970.87,712.88,0.8486,1057.17,729.17,0.8204,958.81,746.07,0.8519,1072.26,758.14,0.8893,993.20,747.28,0.7832,1023.98,747.88,0.7523,967.25,791.33,0.8936,1063.81,788.92,0.9069,934.06,842.02,0.9031,1084.93,849.26,0.9402
372,top,1,1042.72,303.92,1129.98,505.68,1090.29,319.58,0.8270,1093.74,315.64,0.8412,1085.86,316.13,0.8466,1098.17,320.57,0.7791,1077.48,321.55,0.8659,1103.59,348.64,0.7569,1066.65,341.75,0.7402,1099.16,378.20,0.6694,1047.44,362.44,0.7818,1092.75,407.26,0.6013,1059.75,377.71,0.6660,1091.77,397.90,0.6264,1069.60,397.90,0.6171,1103.59,433.86,0.6428,1070.59,437.80,0.6983,1106.55,468.83,0.7886,1062.71,483.12,0.7398
372,bottom,0,920.21,633.79,1106.83,865.38,1030.53,654.21,0.9603,1029.92,651.18,0.6392,1032.35,651.78,0.5912,1020.81,657.86,0.6990,1037.82,659.07,0.7279,1001.37,680.34,0.9174,1051.18,689.45,0.9104,976.46,717.39,0.8656,1061.51,733.79,0.8411,961.27,752.63,0.8860,1076.69,761.74,0.9179,997.12,748.98,0.8156,1026.88,750.20,0.7948,969.78,792.11,0.8996,1064.55,786.04,0.9247,934.55,838.89,0.9382,1083.38,846.78,0.9765
373,top,1,1040.50,303.71,1120.50,503.74,1090.27,319.73,0.8154,1093.68,315.82,0.8647,1085.38,315.82,0.8029,1098.08,321.20,0.7885,1077.57,320.71,0.8658,1102.47,347.57,0.7873,1065.85,340.73,0.7073,1096.61,378.33,0.6829,1044.85,361.24,0.7985,1086.85,405.68,0.6549,1054.62,382.24,0.7387,1087.34,394.45,0.6273,1065.36,394.45,0.6242,1101.01,432.05,0.6999,1064.87,435.96,0.7026,1099.06,468.68,0.7868,1056.08,478.93,0.7487
373,bottom,0,920.92,636.44,1103.87,867.02,1038.60,657.04,0.9406,1038.01,654.06,0.5622,1039.79,653.47,0.5863,1029.07,660.61,0.6072,1046.34,661.21,0.7657,1009.42,682.05,0.9281,1059.44,693.37,0.9489,986.79,718.98,0.8473,1068.97,737.44,0.8664,970.11,753.52,0.8231,1085.65,764.24,0.9108,1002.87,751.73,0.8104,1031.45,753.52,0.8354,972.50,794.61,0.8812,1068.38,782.70,0.9416,934.38,841.06,0.9210,1080.88,845.83,0.9947
374,top,1,1036.59,304.87,1110.95,502.21,1088.70,321.16,0.8799,1091.59,318.27,0.8694,1083.88,317.79,0.8158,1095.93,323.08,0.7842,1076.17,323.08,0.8754,1101.23,348.14,0.8000,1063.65,341.87,0.7186,1095.45,378.49,0.6941,1042.45,363.07,0.7969,1086.29,404.51,0.6959,1051.12,388.13,0.7701,1084.85,395.83,0.6242,1062.68,395.35,0.6141,1100.26,434.38,0.7338,1060.28,436.79,0.7182,1087.26,465.21,0.7385,1048.71,479.18,0.7679
374,bottom,0,921.03,639.03,1107.55,865.98,1050.72,657.79,0.9741,1051.32,654.75,0.5858,1053.15,654.75,0.6015,1041.00,661.43,0.6859,1056.18,662.65,0.7456,1020.97,683.29,0.9104,1069.54,694.22,0.9686,996.68,719.11,0.8493,1078.65,737.93,0.8894,982.72,752.51,0.8062,1095.65,764.04,0.9281,1010.65,751.90,0.8208,1037.97,754.33,0.8487,976.04,796.83,0.8721,1073.18,784.08,0.9632,935.36,842.97,0.9217,1078.65,847.83,0.9701
375,top,1,1025.28,310.22,1106.72,503.89,1085.86,325.73,0.8448,1089.17,322.89,0.8461,1081.60,322.42,0.8353,1093.90,327.62,0.8152,1074.04,325.73,0.8577,1099.10,350.79,0.7877,1060.33,345.11,0.7080,1094.84,379.63,0.6751,1040.94,365.92,0.7985,1086.80,405.63,0.7157,1046.61,392.40,0.7636,1083.97,400.43,0.6282,1060.80,399.49,0.6151,1096.73,437.79,0.7628,1055.60,437.79,0.7293,1077.82,464.26,0.7502,1040.94,476.08,0.7507
375,bottom,0,922.20,639.09,1121.81,865.29,1061.64,659.28,1.0063,1061.64,656.03,0.5746,1064.24,656.03,0.6940,1051.89,662.52,0.6970,1068.14,663.17,0.7347,1031.75,684.62,0.9238,1081.13,696.31,0.9669,1008.36,719.05,0.8457,1089.58,739.85,0.8954,997.96,751.54,0.8077,1107.77,763.89,0.9052,1020.05,752.84,0.8318,1047.34,754.79,0.8552,979.77,797.68,0.8361,1077.88,785.98,0.9618,938.18,841.86,0.9072,1077.88,849.01,0.9314
376,top,1,1018.40,315.27,1104.25,502.79,1082.38,330.74,0.8401,1086.05,328.00,0.8582,1078.26,327.08,0.8239,1090.17,331.66,0.8012,1070.94,330.74,0.8653,1097.03,354.55,0.7886,1057.20,349.51,0.7145,1094.29,384.31,0.7042,1039.35,369.66,0.7601,1086.50,409.49,0.7169,1043.01,397.58,0.7178,1080.55,404.45,0.6325,1058.12,403.08,0.6258,1092.00,441.99,0.7780,1051.25,441.07,0.7199,1073.69,467.17,0.7182,1032.03,477.70,0.7582
376,bottom,0,918.80,641.79,1139.44,865.94,1071.50,661.21,1.0121,1070.78,658.34,0.6190,1073.65,659.06,0.7494,1060.72,664.08,0.7760,1079.40,664.80,0.8022,1041.33,686.35,0.9263,1092.33,697.12,0.9540,1018.35,722.26,0.8303,1100.23,741.65,0.9073,1015.47,751.71,0.6214,1122.49,764.64,0.8965,1028.40,750.99,0.8161,1057.13,754.58,0.8143,986.02,799.83,0.8374,1083.71,787.62,0.9438,942.93,842.93,0.9159,1078.68,847.96,0.9568
377,top,1,1010.13,318.97,1102.68,502.14,1078.76,334.53,0.8355,1081.89,331.85,0.8327,1074.74,331.40,0.8248,1086.37,335.87,0.8129,1067.14,334.98,0.8875,1094.42,358.23,0.7900,1054.17,353.31,0.7030,1093.08,387.30,0.7178,1038.52,371.65,0.7497,1085.47,412.34,0.7376,1041.20,401.16,0.7315,1078.32,407.42,0.6254,1055.06,405.19,0.6099,1088.60,444.10,0.7458,1046.57,442.75,0.7216,1073.40,468.69,0.7393,1025.10,478.53,0.7571
377,bottom,0,927.28,643.47,1154.13,868.79,1081.32,663.82,0.9883,1082.06,660.87,0.6404,1083.54,660.87,0.7693,1069.51,666.03,0.7631,1087.97,666.03,0.8178,1050.31,689.67,0.9361,1099.05,698.53,0.9562,1030.37,725.11,0.8388,1108.65,741.36,0.9132,1036.28,744.31,0.4828,1135.97,763.51,0.8690,1037.02,756.86,0.8193,1064.34,759.82,0.8007,994.92,801.17,0.8456,1087.23,786.40,0.9208,953.57,844.74,0.8970,1078.37,848.43,0.9080
378,top,1,1012.12,320.33,1099.44,487.93,1073.37,335.80,0.8664,1076.65,333.34,0.8442,1069.28,332.52,0.8516,1081.97,337.43,0.8250,1061.51,336.62,0.8990,1090.15,359.12,0.8153,1047.60,355.03,0.6999,1090.15,388.58,0.7308,1037.37,373.44,0.6955,1083.60,414.36,0.7358,1039.41,400.45,0.7010,1075.42,410.27,0.6582,1050.05,409.04,0.6386,1086.06,445.86,0.7596,1040.64,445.86,0.7587,1072.96,468.78,0.7469,1018.95,481.87,0.8038
378,bottom,0,971.16,643.80,1166.46,867.26,1088.52,662.71,0.8628,1089.79,659.53,0.5474,1090.43,660.17,0.6180,1076.44,666.53,0.7181,1095.51,667.16,0.7365,1059.91,688.14,0.8367,1107.59,698.95,0.8636,1042.74,726.92,0.8068,1115.22,741.54,0.8436,1065.63,731.37,0.4499,1145.10,759.98,0.8316,1045.92,756.17,0.7408,1073.26,760.62,0.6741,1005.23,805.12,0.7809,1091.06,787.95,0.7750,969.63,850.89,0.8696,1078.98,847.71,0.8581
379,top,1,1004.86,321.51,1095.16,488.37,1067.53,335.28,0.8656,1071.19,332.84,0.8578,1063.86,332.43,0.8575,1076.08,336.91,0.8376,1055.71,336.10,0.8842,1085.45,358.91,0.8047,1041.86,354.43,0.7253,1085.86,387.83,0.7159,1034.12,376.02,0.6701,1081.38,413.90,0.6814,1035.35,400.87,0.6789,1071.60,409.83,0.6335,1045.53,409.01,0.6165,1080.56,445.27,0.6720,1033.31,446.08,0.7497,1072.82,468.08,0.7667,1016.20,481.52,0.7713
379,bottom,0,990.31,641.57,1174.15,867.22,1095.40,662.83,0.8109,1097.19,658.05,0.5265,1098.39,659.24,0.5615,1081.03,664.63,0.6451,1101.38,665.83,0.6805,1066.07,686.77,0.8099,1112.75,698.14,0.8134,1057.70,723.28,0.5971,1118.14,740.03,0.8454,1082.83,724.47,0.3991,1153.45,755.59,0.8102,1051.71,759.78,0.7374,1079.84,763.97,0.6512,1019.40,806.46,0.7517,1093.00,792.10,0.7688,991.27,851.94,0.7228,1079.24,848.95,0.8254
380,top,1,1002.74,318.24,1092.57,497.04,1061.19,334.31,0.9186,1064.68,331.69,0.8750,1056.82,331.25,0.8509,1069.05,336.05,0.8303,1049.40,335.62,0.8958,1079.52,357.88,0.8032,1036.31,353.08,0.7687,1080.83,387.56,0.6894,1029.32,374.90,0.7013,1078.21,415.06,0.6868,1030.63,400.66,0.7160,1066.43,408.51,0.6519,1040.24,407.20,0.6573,1075.59,441.25,0.6033,1026.27,445.62,0.7433,1073.41,467.88,0.8074,1013.17,484.90,0.8247
380,bottom,0,992.13,638.79,1180.53,883.54,1103.50,660.59,0.7299,1104.73,656.30,0.5330,1106.57,656.91,0.5796,1087.56,662.43,0.6771,1107.18,663.04,0.7112,1074.07,684.51,0.8244,1115.77,695.55,0.8163,1081.43,713.95,0.4789,1118.84,735.41,0.8190,1102.28,712.11,0.3993,1155.63,747.06,0.7823,1059.35,758.72,0.6991,1087.56,762.40,0.6261,1034.82,808.39,0.7627,1094.31,796.13,0.7529,1011.51,855.00,0.7536,1079.59,850.10,0.8127
381,top,1,1001.47,318.62,1093.08,498.77,1055.19,332.60,0.8445,1058.71,330.84,0.8272,1051.23,330.40,0.7833,1062.67,334.80,0.8322,1043.32,333.92,0.8766,1073.22,355.47,0.8220,1030.12,351.95,0.7826,1076.30,384.50,0.6774,1023.52,375.27,0.7154,1075.86,411.77,0.6462,1025.28,399.89,0.7225,1062.23,406.93,0.6530,1035.84,405.17,0.6672,1071.46,444.76,0.6407,1021.76,445.64,0.7533,1075.42,467.19,0.7969,1011.65,486.10,0.8419
381,bottom,0,1026.02,634.51,1181.51,875.29,1107.88,656.73,0.7743,1111.41,652.03,0.5484,1110.23,652.62,0.6012,1094.36,657.32,0.6278,1110.23,658.50,0.6743,1081.43,680.83,0.7817,1117.87,692.00,0.8067,1094.95,701.41,0.5189,1120.22,731.98,0.7925,1123.16,689.65,0.6243,1157.85,737.85,0.7906,1065.56,754.90,0.7072,1093.77,759.02,0.6700,1053.21,809.57,0.7630,1097.30,798.99,0.7826,1033.81,861.30,0.7647,1080.25,849.54,0.8129
382,top,1,1000.46,316.56,1087.11,501.06,1050.09,332.23,0.8676,1053.24,329.53,0.8477,1046.03,329.08,0.8023,1057.30,333.58,0.8673,1037.93,333.13,0.8875,1067.66,353.85,0.8269,1024.41,351.60,0.8169,1072.16,383.58,0.7046,1017.66,375.93,0.7367,1073.51,410.61,0.6581,1019.46,400.70,0.7424,1058.65,406.56,0.6818,1031.17,405.21,0.6937,1068.11,447.10,0.6763,1019.01,446.65,0.7680,1071.26,466.47,0.7358,1011.35,487.19,0.8752
382,bottom,0,1052.24,630.94,1180.08,868.34,1112.68,652.27,0.7512,1115.58,648.21,0.5121,1114.42,648.79,0.5747,1098.77,653.43,0.5347,1113.84,654.59,0.6532,1089.50,676.03,0.7968,1121.38,689.94,0.7757,1110.37,690.52,0.5795,1118.48,727.61,0.7732,1130.07,676.03,0.7283,1157.89,729.93,0.7890,1071.53,750.80,0.6902,1099.93,756.01,0.6970,1069.79,809.34,0.7422,1102.83,800.64,0.7931,1061.68,853.97,0.7256,1082.55,848.75,0.8173
383,top,1,1001.08,316.28,1080.02,500.12,1045.93,332.79,0.8547,1049.07,330.55,0.8503,1041.44,330.10,0.7857,1053.11,334.59,0.8691,1033.36,334.14,0.9069,1063.88,353.89,0.8315,1019.45,352.99,0.8165,1068.82,382.61,0.7412,1012.72,376.78,0.7560,1071.51,409.54,0.6744,1014.51,400.57,0.7555,1055.36,405.50,0.7009,1027.98,405.05,0.6918,1064.78,447.24,0.7156,1017.21,445.90,0.7728,1062.99,467.89,0.7715,1011.37,485.84,0.8664
383,bottom,0,1063.12,628.76,1179.94,894.52,1118.29,650.04,0.7051,1120.88,645.50,0.5270,1120.23,645.50,0.5487,1105.31,651.34,0.5579,1118.29,652.64,0.6106,1096.23,674.70,0.7452,1124.78,688.32,0.7561,1113.75,683.13,0.6315,1118.29,725.96,0.7134,1131.26,669.51,0.7227,1158.52,720.77,0.7292,1078.06,755.80,0.7017,1104.01,759.05,0.6523,1086.49,812.25,0.7207,1109.20,803.82,0.6494,1083.90,860.91,0.6977,1093.63,842.75,0.6626
384,top,1,1000.06,318.72,1077.00,501.79,1040.32,334.27,0.8908,1043.89,331.59,0.8484,1036.30,331.59,0.8350,1047.92,335.61,0.8983,1029.14,335.61,0.9188,1059.54,354.38,0.8265,1015.73,354.38,0.8188,1066.24,382.99,0.7704,1007.69,379.86,0.7657,1069.82,408.91,0.7308,1010.82,404.44,0.7924,1051.94,406.68,0.7148,1025.12,406.23,0.6988,1062.22,449.14,0.7878,1015.73,446.91,0.7643,1054.62,470.60,0.8103,1011.26,486.69,0.8747
384,bottom,0,1072.26,629.77,1176.70,902.39,1129.14,652.27,0.6715,1131.14,647.61,0.5298,1128.47,648.27,0.5729,1112.50,653.60,0.5213,1123.81,655.60,0.6000,1101.18,675.56,0.7238,1126.48,688.21,0.7401,1116.49,687.54,0.5610,1119.82,726.15,0.7157,1135.13,663.58,0.5315,1157.09,715.50,0.7015,1086.54,758.09,0.6878,1111.17,760.09,0.6147,1100.52,812.67,0.6597,1116.49,811.34,0.6400,1097.86,863.25,0.6155,1099.19,858.59,0.5861
385,top,1,997.53,320.44,1076.55,503.12,1037.04,336.41,0.9206,1040.61,333.29,0.8683,1033.03,333.29,0.8669,1045.07,336.85,0.8818,1026.34,337.30,0.9029,1056.22,356.03,0.7964,1012.51,356.92,0.7864,1063.80,382.79,0.7605,1003.59,384.13,0.7801,1068.71,408.66,0.7323,1008.05,407.77,0.7417,1048.64,406.88,0.6822,1021.88,406.88,0.6656,1057.56,449.69,0.7672,1014.74,448.35,0.7353,1047.74,475.11,0.8050,1010.73,487.60,0.8501
385,bottom,0,1081.04,633.28,1174.66,905.56,1135.16,655.08,0.7056,1135.83,650.43,0.5769,1133.17,651.09,0.6167,1119.21,656.41,0.5235,1127.85,658.41,0.6321,1106.58,680.34,0.6991,1128.52,690.31,0.7217,1111.90,712.25,0.4767,1121.87,728.20,0.7191,1144.47,709.59,0.4309,1155.77,714.24,0.7226,1095.94,762.77,0.6392,1119.21,763.44,0.5945,1111.90,816.62,0.6747,1129.85,813.29,0.6222,1105.91,873.78,0.6674,1107.91,863.15,0.5920
386,top,1,995.25,324.65,1076.28,508.10,1033.97,338.89,0.8752,1037.56,336.21,0.8593,1029.94,335.76,0.8447,1042.48,339.34,0.8457,1023.67,339.34,0.8926,1053.23,358.15,0.7753,1010.24,359.50,0.7805,1061.74,384.13,0.7400,999.94,386.82,0.7847,1067.56,410.55,0.7351,1005.76,411.45,0.7422,1046.51,407.42,0.6453,1019.20,407.42,0.6235,1052.78,449.96,0.7433,1012.93,449.96,0.7141,1043.38,484.45,0.8112,1010.69,488.48,0.8426
386,bottom,0,1091.13,636.72,1173.16,907.74,1140.08,659.08,0.7292,1140.74,655.11,0.5680,1138.10,655.11,0.6094,1123.54,661.07,0.5185,1131.48,662.39,0.6315,1110.31,687.54,0.7130,1131.48,692.83,0.7425,1114.94,717.97,0.5015,1124.20,731.87,0.7332,1149.34,709.37,0.4703,1156.62,713.34,0.7292,1104.35,768.92,0.6833,1127.51,768.26,0.6240,1118.91,823.18,0.7740,1148.68,806.64,0.6786,1112.29,883.39,0.7645,1124.86,856.26,0.6873
387,top,0,991.73,325.55,1075.68,511.96,1031.43,340.93,0.8864,1035.07,337.75,0.8588,1027.79,337.75,0.8407,1040.08,341.39,0.8536,1021.87,340.93,0.8821,1051.00,360.50,0.7760,1007.76,361.87,0.7863,1060.56,386.44,0.7453,997.30,390.08,0.8018,1067.38,412.38,0.7433,1004.12,413.75,0.7562,1043.72,408.74,0.6482,1016.87,408.29,0.6324,1047.81,451.52,0.7482,1011.86,450.61,0.6970,1039.62,491.12,0.8079,1010.95,488.39,0.8158
387,bottom,1,1096.45,640.61,1172.79,911.54,1147.19,661.64,0.7498,1147.19,657.68,0.6301,1143.88,658.34,0.6601,1131.31,664.29,0.5342,1135.28,665.61,0.6363,1116.76,688.10,0.7186,1133.96,696.70,0.7361,1104.19,705.30,0.6122,1128.00,735.73,0.7578,1139.25,708.61,0.4558,1157.11,713.24,0.7633,1111.47,770.78,0.7009,1131.97,770.12,0.6627,1124.70,825.02,0.7973,1163.06,808.49,0.7682,1114.11,885.87,0.8098,1135.94,863.39,0.7777
388,top,1,990.18,328.21,1075.48,516.08,1030.54,343.25,0.8826,1034.21,340.04,0.8530,1026.87,339.58,0.8325,1038.79,343.71,0.8391,1019.99,343.25,0.8733,1049.34,362.52,0.7706,1006.23,363.89,0.7979,1058.98,386.37,0.7359,996.14,391.87,0.8066,1066.77,412.51,0.7222,1003.02,416.64,0.7412,1040.63,410.68,0.6293,1014.94,409.76,0.6204,1041.55,453.33,0.7368,1010.82,451.50,0.6578,1035.58,496.45,0.8080,1010.82,489.57,0.7950
388,bottom,0,1098.02,641.17,1183.91,911.13,1152.83,662.79,0.7805,1152.17,659.49,0.6480,1149.53,660.81,0.6988,1135.04,666.08,0.5391,1141.63,667.40,0.6398,1121.85,691.13,0.7180,1140.31,699.03,0.7514,1103.40,705.63,0.6945,1132.40,737.92,0.7767,1124.49,693.10,0.4339,1161.40,710.90,0.7628,1117.90,772.85,0.7104,1138.99,771.53,0.6583,1129.10,825.58,0.8020,1175.24,811.08,0.8134,1114.60,886.87,0.8368,1151.51,868.42,0.7492
389,top,1,988.03,328.55,1076.18,520.09,1029.77,344.82,0.8972,1033.51,341.55,0.8479,1026.03,341.08,0.8390,1037.72,345.29,0.8333,1019.48,344.35,0.8926,1048.00,363.99,0.7696,1004.98,364.46,0.7980,1058.29,387.84,0.7375,994.23,392.52,0.8142,1066.71,413.56,0.7275,1002.18,416.84,0.7237,1037.25,413.56,0.6201,1012.93,412.16,0.6092,1036.78,455.65,0.7344,1009.66,453.78,0.6452,1030.70,499.61,0.7776,1011.06,488.85,0.7956
389,bottom,0,1098.64,643.76,1195.28,909.15,1157.98,665.01,0.7673,1157.98,661.13,0.6143,1155.39,662.42,0.6531,1139.84,667.61,0.5499,1148.91,668.90,0.6286,1126.23,689.63,0.7500,1146.96,701.30,0.7540,1106.79,706.48,0.7020,1137.89,740.17,0.7803,1123.64,694.17,0.3817,1163.16,709.72,0.7105,1125.58,773.21,0.7219,1148.91,772.57,0.6965,1130.77,826.99,0.8094,1186.49,814.03,0.8642,1115.22,889.84,0.8557,1168.34,874.29,0.7863
390,top,1,984.98,329.81,1076.24,525.14,1029.66,346.40,0.8969,1032.99,343.07,0.8509,1025.84,342.59,0.8461,1037.76,346.40,0.8609,1019.64,345.45,0.8875,1047.30,365.96,0.7826,1004.38,365.00,0.7864,1057.31,388.85,0.7421,991.03,391.71,0.8151,1066.38,413.65,0.7410,997.70,413.65,0.7683,1033.95,415.55,0.6195,1010.10,414.12,0.6072,1032.52,459.43,0.7561,1007.24,454.66,0.6613,1025.84,503.78,0.7967,1009.63,486.61,0.7820
390,bottom,0,1100.65,643.37,1206.67,913.50,1163.55,665.66,0.7311,1162.89,662.37,0.5752,1162.23,663.68,0.6417,1143.76,668.30,0.6280,1156.30,669.62,0.6786,1131.23,690.06,0.7592,1155.64,702.60,0.7157,1110.79,707.87,0.7093,1146.40,741.51,0.7637,1112.77,695.34,0.3908,1166.19,709.19,0.7197,1133.21,771.84,0.7373,1157.61,771.18,0.7178,1133.87,827.24,0.8025,1195.21,817.35,0.8606,1114.09,889.23,0.8768,1185.31,880.00,0.8296
391,top,1,982.25,331.27,1076.71,525.80,1029.96,347.33,0.8859,1033.76,344.00,0.8482,1026.16,343.53,0.8482,1038.03,347.33,0.8698,1019.98,346.38,0.8664,1047.53,367.75,0.7833,1003.83,365.85,0.7718,1057.03,390.07,0.7425,988.16,389.59,0.8351,1065.58,414.29,0.7352,993.86,410.97,0.7771,1031.86,417.62,0.5978,1007.63,415.24,0.5962,1029.01,461.78,0.7485,1002.88,457.03,0.6672,1024.73,503.58,0.7690,1008.11,485.06,0.7422
391,bottom,0,1095.48,645.33,1224.02,918.04,1164.41,667.17,0.6649,1166.41,664.51,0.4911,1165.08,666.50,0.5270,1150.43,669.83,0.6342,1164.41,669.83,0.6496,1136.45,688.47,0.7666,1167.07,699.79,0.7149,1116.47,709.11,0.7301,1161.08,738.41,0.6010,1107.82,699.79,0.5122,1171.73,708.45,0.5356,1140.44,769.70,0.6990,1167.74,769.70,0.6981,1136.45,827.62,0.7501,1203.69,822.30,0.8224,1115.14,889.54,0.8414,1203.03,885.55,0.8505
392,top,1,979.40,331.76,1072.55,525.86,1030.24,347.78,0.8636,1033.56,344.46,0.8524,1026.45,343.99,0.8456,1037.82,347.78,0.8604,1019.82,347.30,0.8634,1047.30,368.63,0.7938,1003.23,366.26,0.7529,1055.83,389.95,0.7487,984.75,388.06,0.8415,1064.36,413.17,0.7515,989.49,406.54,0.8023,1029.29,419.34,0.6075,1005.13,417.44,0.6113,1026.92,462.93,0.7565,996.60,460.56,0.6916,1024.08,504.16,0.7730,1006.07,481.41,0.7946
392,bottom,0,1094.60,649.31,1242.87,920.66,1174.70,671.04,0.6783,1176.02,668.39,0.5238,1174.70,668.39,0.5702,1156.81,673.03,0.6445,1170.72,673.69,0.6589,1142.90,691.58,0.7551,1174.04,704.16,0.6786,1121.70,713.44,0.7127,1176.02,739.94,0.5099,1110.44,706.15,0.5446,1180.00,703.50,0.4505,1148.86,774.38,0.7012,1176.02,774.38,0.6704,1140.25,829.37,0.7701,1211.80,828.71,0.8296,1115.74,888.99,0.8280,1215.77,892.30,0.8583
393,top,1,977.26,332.83,1070.66,525.79,1029.62,349.22,0.8604,1033.39,345.92,0.8733,1025.85,345.45,0.8538,1037.63,348.75,0.8301,1019.25,347.81,0.8487,1046.58,369.48,0.7932,1002.76,366.65,0.7242,1054.11,389.74,0.7461,982.04,385.02,0.8389,1062.12,412.82,0.7483,984.86,402.93,0.8243,1028.20,422.24,0.6114,1003.71,419.89,0.6168,1027.26,466.52,0.7304,990.99,462.75,0.6884,1024.43,504.21,0.7668,1001.82,481.13,0.7817
393,bottom,0,1100.48,655.60,1258.59,927.05,1174.23,676.67,0.6478,1176.22,674.02,0.4125,1175.56,674.02,0.5035,1161.64,679.33,0.5961,1179.54,679.99,0.6943,1148.39,697.22,0.7513,1190.80,707.82,0.6641,1127.18,722.40,0.7118,1208.03,742.95,0.6675,1116.58,711.80,0.5965,1191.46,710.47,0.4915,1157.00,778.73,0.7021,1186.16,779.40,0.6700,1145.74,831.09,0.7654,1219.96,835.73,0.8077,1117.90,888.75,0.7988,1229.24,898.69,0.8359
394,top,1,974.51,334.26,1068.67,523.65,1028.06,349.89,0.8530,1031.76,346.65,0.8780,1024.37,345.73,0.8555,1035.93,349.43,0.8296,1017.43,348.04,0.8492,1045.63,369.31,0.7929,1001.71,366.54,0.7012,1052.11,388.73,0.7414,978.59,383.18,0.8456,1059.51,411.39,0.7533,980.90,402.60,0.8046,1028.53,422.02,0.6110,1002.63,419.25,0.6091,1028.99,467.79,0.7408,987.38,462.71,0.6999,1025.29,503.40,0.7736,995.70,481.66,0.7603
394,bottom,0,1105.00,662.94,1272.23,937.67,1183.25,682.26,0.6450,1184.59,679.57,0.4353,1183.25,680.24,0.5370,1167.82,686.28,0.5369,1183.92,688.29,0.6684,1153.07,707.07,0.7318,1193.31,717.81,0.5985,1133.62,734.57,0.7266,1232.21,736.59,0.6792,1125.57,719.82,0.5684,1215.45,710.43,0.6299,1165.14,783.54,0.6760,1191.97,783.54,0.6458,1151.73,835.86,0.7403,1225.51,843.23,0.7546,1121.54,888.84,0.7945,1240.93,907.62,0.7910
395,top,1,970.72,334.03,1067.94,523.46,1026.27,351.05,0.8391,1029.97,347.81,0.8751,1022.57,347.35,0.8373,1034.13,351.05,0.8304,1015.63,349.66,0.8534,1043.38,370.94,0.7888,1000.37,367.70,0.6882,1049.39,388.51,0.7302,975.86,383.89,0.8397,1056.79,412.10,0.7568,977.25,405.16,0.7776,1027.19,423.19,0.6418,1000.37,420.88,0.6283,1032.74,468.05,0.7455,983.72,462.50,0.6902,1027.66,502.74,0.7780,986.50,489.33,0.7574
395,bottom,0,1106.63,672.46,1279.59,946.56,1185.75,691.74,0.7184,1188.43,689.06,0.4654,1185.75,689.06,0.5526,1174.37,695.75,0.5641,1189.10,696.42,0.6936,1159.65,718.50,0.7850,1201.14,728.54,0.6565,1138.91,747.95,0.7971,1246.65,733.23,0.6047,1132.22,727.87,0.6885,1244.64,717.83,0.7665,1171.70,792.11,0.6781,1198.47,792.78,0.6780,1159.65,840.97,0.7223,1231.92,855.69,0.7650,1122.85,891.15,0.7913,1249.99,919.93,0.7896
396,top,1,962.87,338.50,1065.38,526.00,1024.65,353.52,0.8618,1028.31,350.31,0.8911,1020.53,349.86,0.8282,1031.98,353.98,0.8368,1013.21,352.60,0.8758,1041.13,372.74,0.8068,999.47,369.54,0.6872,1047.08,391.51,0.7460,974.30,386.48,0.8297,1055.32,414.86,0.7700,973.38,409.82,0.7663,1026.48,423.10,0.6350,998.56,421.27,0.6284,1035.18,464.30,0.7477,981.62,462.46,0.7087,1032.89,501.83,0.6761,977.50,496.34,0.7393
396,bottom,0,1106.73,683.58,1287.89,952.04,1190.76,701.80,0.7112,1194.04,699.83,0.4637,1190.10,699.83,0.5158,1181.58,707.04,0.5721,1194.04,707.04,0.6470,1163.89,729.98,0.8113,1209.11,737.19,0.6332,1144.88,760.79,0.8092,1247.78,738.50,0.4893,1139.63,735.22,0.7310,1268.10,726.70,0.7023,1177.65,807.32,0.6716,1204.52,807.32,0.6921,1169.13,847.30,0.6759,1240.57,865.65,0.7725,1125.87,893.18,0.7577,1251.06,933.16,0.8176
397,top,1,953.11,342.98,1064.87,529.85,1022.68,358.86,0.8498,1026.33,356.12,0.8227,1018.57,355.67,0.8003,1030.43,359.77,0.7673,1010.82,358.40,0.8488,1039.10,376.65,0.8035,997.13,374.37,0.6964,1045.95,398.10,0.7573,974.32,392.62,0.7777,1055.07,422.28,0.7442,969.76,416.35,0.7703,1026.78,425.47,0.6706,997.59,424.10,0.6622,1039.10,465.62,0.7561,979.34,464.25,0.7192,1040.47,503.48,0.7425,966.56,503.03,0.7488
397,bottom,0,1111.77,688.55,1311.48,952.34,1196.02,709.28,0.7692,1196.02,706.68,0.5652,1196.67,707.33,0.6443,1183.02,714.48,0.6959,1197.97,715.13,0.7186,1167.42,737.23,0.8604,1215.52,743.73,0.6806,1149.21,770.39,0.8601,1262.33,746.33,0.6400,1146.61,742.43,0.8314,1297.44,729.43,0.7908,1179.12,816.55,0.7186,1206.42,816.55,0.7201,1177.17,851.65,0.7372,1248.03,867.90,0.7989,1132.31,895.21,0.7975,1251.93,934.21,0.8768
398,top,1,942.33,349.08,1063.89,535.63,1020.87,364.93,0.8696,1024.51,362.20,0.8313,1016.77,361.29,0.8380,1028.61,365.84,0.8008,1009.03,364.02,0.8656,1037.27,382.69,0.8249,995.36,380.87,0.7194,1044.55,405.01,0.7625,974.41,400.00,0.7941,1054.57,429.15,0.7714,968.04,425.05,0.7523,1024.06,431.88,0.6973,995.36,430.97,0.6712,1041.36,468.32,0.7641,975.78,471.51,0.7608,1050.47,510.22,0.7885,955.28,511.59,0.7877
398,bottom,0,1116.51,688.07,1325.80,952.49,1195.95,709.23,0.8119,1196.63,707.19,0.6459,1197.31,707.87,0.6280,1184.37,715.36,0.7750,1199.36,715.36,0.7261,1166.66,735.80,0.8692,1215.71,742.61,0.7235,1150.99,772.59,0.8449,1255.90,756.24,0.6388,1151.67,748.06,0.7616,1302.23,749.43,0.8000,1178.24,816.87,0.7478,1206.17,817.55,0.7481,1177.56,851.62,0.7752,1249.09,867.97,0.8112,1136.68,897.26,0.8305,1252.50,934.73,0.8977
399,top,1,935.48,356.51,1072.08,542.53,1019.22,371.86,0.9037,1022.85,368.69,0.8613,1015.58,368.69,0.8637,1026.94,372.77,0.8152,1007.86,371.86,0.8965,1035.11,390.03,0.8543,993.33,389.58,0.7480,1041.47,412.28,0.7813,973.80,410.92,0.7915,1052.82,435.90,0.7629,966.08,439.08,0.7471,1022.40,438.17,0.6951,992.88,437.26,0.6825,1042.83,476.77,0.7556,972.90,479.04,0.7545,1058.73,519.00,0.8447,948.83,518.09,0.8209
399,bottom,0,1112.74,682.16,1310.28,952.41,1195.02,703.80,0.7971,1196.34,701.82,0.5825,1197.00,702.48,0.6332,1183.14,707.76,0.6799,1198.32,708.42,0.6970,1165.99,729.53,0.8779,1213.49,738.77,0.7092,1149.49,768.46,0.7940,1251.76,762.52,0.6287,1154.77,755.26,0.6071,1288.05,773.73,0.6591,1174.56,812.00,0.7640,1202.27,815.30,0.7471,1173.90,846.97,0.7779,1241.86,866.77,0.7818,1134.98,895.14,0.8333,1251.10,934.06,0.8787
400,top,1,932.00,366.28,1075.92,544.82,1016.61,380.59,0.8751,1020.35,377.31,0.8501,1012.86,376.84,0.8435,1024.57,381.53,0.8204,1006.30,380.59,0.9020,1033.47,399.33,0.8330,991.78,399.80,0.7789,1040.50,422.29,0.7847,975.38,422.29,0.7931,1052.68,446.65,0.7756,965.07,448.99,0.7690,1020.82,448.52,0.7209,992.24,448.05,0.6976,1042.37,482.72,0.7878,973.04,485.06,0.7795,1062.52,520.67,0.8378,945.86,521.61,0.8270
400,bottom,0,1113.03,673.28,1281.80,950.79,1190.64,695.51,0.7925,1192.67,692.80,0.5314,1190.64,692.80,0.5701,1182.51,698.22,0.6277,1198.77,699.57,0.6975,1164.22,721.25,0.8598,1213.68,734.12,0.7402,1147.28,759.19,0.7872,1238.74,766.64,0.6902,1150.67,757.84,0.4839,1265.17,791.71,0.7661,1167.60,805.26,0.7571,1194.71,809.33,0.7335,1163.54,839.82,0.7710,1229.26,864.88,0.7672,1129.66,890.63,0.8104,1248.23,932.63,0.8460
401,top,1,931.31,374.42,1076.18,544.34,1014.59,388.64,0.8955,1018.36,385.34,0.8765,1011.29,385.34,0.8798,1022.61,388.64,0.8498,1004.22,388.17,0.9195,1030.63,408.92,0.8226,989.12,407.98,0.7882,1039.59,432.03,0.8070,974.98,432.50,0.7887,1053.73,456.08,0.7295,962.71,458.91,0.7293,1018.36,455.14,0.7431,990.07,455.61,0.7146,1044.30,487.21,0.7988,970.73,490.98,0.8023,1063.64,523.05,0.8513,943.85,523.52,0.8458
401,bottom,0,1108.90,665.78,1278.22,947.69,1190.12,689.73,0.7726,1192.19,686.29,0.5548,1190.81,686.98,0.5673,1180.49,691.79,0.6815,1197.69,693.17,0.7256,1161.21,715.20,0.8323,1212.83,731.03,0.7774,1141.94,751.67,0.8034,1226.60,769.57,0.7439,1148.83,762.00,0.5991,1241.05,801.23,0.7431,1159.84,798.48,0.7593,1187.37,803.30,0.7287,1152.95,834.96,0.8055,1218.34,861.80,0.7499,1123.36,887.26,0.8385,1242.43,925.81,0.8123
402,top,1,930.95,380.52,1076.01,544.98,1012.92,395.23,0.8900,1016.23,391.92,0.8816,1009.15,391.45,0.8481,1020.48,395.23,0.8329,1001.59,394.29,0.8898,1028.03,416.95,0.7940,985.07,414.59,0.7786,1038.42,440.56,0.7896,972.79,438.20,0.7746,1054.00,464.17,0.7416,959.57,464.17,0.7148,1016.23,460.86,0.7176,987.90,461.34,0.7049,1043.14,490.61,0.8047,964.76,492.97,0.7655,1062.98,522.72,0.8587,939.74,524.61,0.8519
402,bottom,0,1101.29,662.93,1263.73,945.19,1190.78,686.91,0.7550,1192.85,682.77,0.6014,1191.47,684.15,0.5680,1177.69,687.60,0.7381,1196.29,690.35,0.7232,1158.39,711.03,0.8112,1210.08,730.32,0.8229,1135.65,747.55,0.8177,1213.52,771.67,0.7387,1142.54,766.16,0.6560,1219.04,806.81,0.7122,1152.19,792.34,0.7321,1178.38,797.86,0.7117,1142.54,830.93,0.8088,1211.46,857.12,0.7876,1115.67,881.93,0.8390,1227.99,922.59,0.8290
403,top,1,930.35,383.40,1075.59,544.31,1011.95,398.13,0.9133,1014.79,394.82,0.9049,1008.64,394.35,0.8511,1018.10,398.13,0.8149,1000.13,397.19,0.8923,1026.61,420.35,0.7882,982.64,417.52,0.7837,1037.48,444.94,0.7852,970.82,442.10,0.7720,1053.09,469.52,0.7223,958.53,469.05,0.7063,1014.79,464.32,0.7167,986.89,463.85,0.6986,1042.21,492.69,0.8119,963.25,492.22,0.7567,1061.60,521.53,0.8643,939.61,524.84,0.8602
403,bottom,0,1090.71,663.31,1241.40,945.11,1190.13,686.57,0.7609,1190.13,682.44,0.5705,1193.57,683.13,0.6324,1175.00,688.63,0.7674,1195.64,690.69,0.7709,1155.05,710.65,0.8138,1205.27,731.29,0.8496,1130.28,746.42,0.8243,1201.83,773.94,0.7447,1134.41,769.13,0.7126,1199.77,805.59,0.6785,1145.42,792.52,0.7192,1171.56,798.02,0.6568,1133.03,830.36,0.7744,1208.02,855.12,0.8149,1104.82,879.20,0.8212,1208.02,920.48,0.8305
404,top,1,930.91,383.36,1074.55,544.74,1011.61,398.58,0.9190,1014.89,395.31,0.8980,1007.87,394.84,0.8588,1018.63,398.58,0.8155,999.92,397.65,0.8963,1027.51,421.96,0.7909,983.09,417.29,0.7845,1038.74,446.75,0.7783,971.40,441.13,0.7605,1053.70,472.00,0.7509,959.24,467.32,0.6970,1014.89,464.98,0.7007,986.36,465.45,0.6942,1042.94,493.51,0.8005,962.98,493.51,0.7314,1059.31,523.43,0.8753,939.60,525.30,0.8576
404,bottom,0,1079.12,665.75,1216.95,945.35,1187.63,688.83,0.8038,1187.63,684.73,0.5787,1189.67,685.41,0.6556,1172.61,690.19,0.7909,1193.09,692.24,0.8319,1150.08,712.72,0.8401,1201.28,733.88,0.8778,1126.19,748.90,0.8033,1193.09,776.20,0.6927,1126.19,772.79,0.7491,1186.26,805.55,0.6049,1139.16,793.95,0.7234,1165.78,800.09,0.6755,1124.83,831.49,0.7401,1202.64,856.07,0.8162,1094.79,878.59,0.8189,1188.31,918.19,0.8331
405,top,1,930.88,381.62,1074.83,544.32,1013.17,396.90,0.9004,1016.45,393.15,0.8793,1009.42,392.68,0.8542,1020.19,395.96,0.8215,1001.45,395.49,0.9217,1030.04,419.39,0.7862,985.05,416.11,0.7707,1041.28,444.23,0.7937,974.27,439.07,0.7437,1055.81,470.47,0.7552,963.02,462.03,0.6810,1016.91,463.91,0.6896,989.73,464.38,0.6715,1046.91,493.90,0.7905,965.84,494.84,0.6873,1055.81,523.89,0.8705,940.06,525.30,0.8527
405,bottom,0,1065.94,670.34,1207.49,945.38,1181.71,693.04,0.8336,1182.38,688.34,0.6213,1183.05,689.68,0.6473,1167.60,693.71,0.8001,1188.42,697.74,0.7979,1146.12,717.88,0.8134,1197.15,737.36,0.8725,1121.27,754.82,0.7870,1185.06,781.00,0.6967,1115.90,778.99,0.7614,1177.68,804.51,0.5623,1133.36,797.79,0.7203,1160.22,804.51,0.6852,1114.56,835.39,0.7080,1195.81,858.90,0.7855,1083.00,879.04,0.8030,1173.65,920.00,0.8233
406,top,1,931.73,376.80,1075.31,543.72,1016.61,391.56,0.8939,1019.88,387.82,0.8612,1012.87,387.82,0.8649,1023.62,391.56,0.7787,1004.45,391.09,0.9061,1033.90,414.46,0.7853,988.56,412.59,0.7452,1045.58,440.63,0.7810,977.81,436.43,0.6706,1059.14,466.80,0.7606,969.40,461.20,0.5721,1022.68,461.20,0.7047,994.64,462.13,0.6516,1050.72,497.18,0.7448,968.47,493.45,0.6522,1057.73,522.89,0.8373,941.36,524.29,0.8185
406,bottom,0,1054.47,675.91,1204.35,947.16,1173.12,696.97,0.8695,1174.44,693.00,0.6148,1174.44,693.66,0.6310,1161.86,698.29,0.7702,1182.39,700.94,0.7913,1139.34,722.80,0.8141,1191.66,741.34,0.8647,1114.84,757.89,0.7875,1181.06,781.07,0.6905,1106.23,783.06,0.7931,1171.79,805.57,0.5525,1128.08,800.28,0.7086,1155.90,807.56,0.6954,1104.91,838.02,0.7120,1189.67,863.85,0.8049,1073.12,880.41,0.7885,1169.80,924.78,0.8383
407,top,1,932.34,372.20,1075.41,543.37,1020.64,386.53,0.9065,1023.44,383.27,0.8802,1016.45,382.80,0.9052,1027.16,387.00,0.8279,1008.07,386.07,0.9291,1038.34,409.35,0.8150,992.70,407.95,0.7693,1048.59,434.97,0.7697,983.39,430.31,0.7377,1059.77,455.92,0.7380,977.80,451.27,0.7320,1029.49,459.18,0.7224,1001.55,459.18,0.6828,1054.18,494.58,0.7487,975.00,491.79,0.6760,1059.30,521.13,0.8479,945.66,523.92,0.8105
407,bottom,0,1049.64,677.88,1203.00,946.85,1164.41,698.76,0.8890,1165.72,694.16,0.6107,1165.06,694.82,0.6342,1153.24,700.07,0.7898,1173.60,702.70,0.8129,1131.57,725.03,0.8177,1183.45,742.10,0.8795,1107.28,759.17,0.8011,1175.57,782.81,0.6740,1095.46,786.10,0.8098,1166.38,807.77,0.5608,1121.07,803.17,0.6883,1151.27,809.74,0.6927,1096.11,839.29,0.7426,1184.76,864.24,0.8223,1067.22,884.60,0.7952,1170.32,925.31,0.8692
408,top,1,940.36,366.88,1076.42,540.85,1025.22,383.00,0.8780,1028.32,379.46,0.8607,1020.79,379.02,0.8683,1031.86,384.33,0.7936,1012.38,383.00,0.9055,1042.94,405.59,0.7965,997.32,403.82,0.7399,1055.34,433.94,0.7517,987.13,427.74,0.7305,1069.07,460.51,0.7524,983.59,448.99,0.6866,1036.29,455.19,0.6870,1008.39,455.19,0.6479,1057.99,494.17,0.7222,982.26,490.18,0.6480,1062.87,517.64,0.8155,957.90,523.40,0.7771
408,bottom,0,1039.59,676.68,1203.93,947.50,1152.84,696.38,0.8786,1153.50,692.41,0.5816,1154.16,692.41,0.6251,1140.28,698.36,0.7452,1162.76,699.69,0.8388,1121.10,723.49,0.8062,1173.34,739.36,0.8706,1097.30,758.53,0.7834,1168.05,781.01,0.6821,1084.74,785.64,0.7916,1158.79,810.11,0.5625,1113.17,798.87,0.6753,1144.90,806.14,0.6899,1088.70,836.56,0.7647,1175.32,861.68,0.8262,1061.59,882.84,0.8097,1170.03,925.16,0.8927
409,top,1,959.87,365.76,1087.54,541.15,1030.13,381.51,0.8260,1033.12,378.09,0.8470,1025.84,377.66,0.8268,1036.55,381.94,0.7658,1016.85,380.66,0.8311,1047.25,403.35,0.7480,1002.29,401.64,0.7481,1059.67,431.19,0.7433,990.73,425.62,0.7275,1075.52,457.73,0.7034,988.16,442.32,0.6559,1041.26,453.88,0.6739,1013.86,453.02,0.6497,1061.38,492.85,0.7202,986.88,487.71,0.6994,1068.66,518.11,0.7505,975.75,522.82,0.7763
409,bottom,0,1040.25,670.65,1202.06,946.10,1139.98,692.04,0.7715,1135.95,688.00,0.5779,1143.34,688.00,0.5641,1128.55,694.05,0.8058,1149.40,696.74,0.7838,1109.05,720.28,0.8074,1161.50,733.73,0.8543,1087.53,754.58,0.7539,1158.81,776.77,0.7020,1073.41,782.82,0.7768,1152.09,811.06,0.6378,1105.01,794.92,0.6770,1135.95,802.32,0.6629,1079.46,833.25,0.7839,1163.52,858.14,0.8169,1059.96,883.02,0.7953,1169.57,920.68,0.8743
410,top,1,982.85,365.55,1090.62,542.74,1036.30,382.33,0.8812,1038.90,378.44,0.8495,1031.98,378.44,0.8139,1042.36,382.77,0.7397,1022.89,381.90,0.8463,1053.17,405.69,0.7456,1008.18,401.80,0.7778,1066.58,432.51,0.7663,994.34,424.73,0.7527,1083.89,457.60,0.7595,992.61,440.30,0.6532,1046.68,454.58,0.6794,1019.43,454.14,0.6761,1064.42,491.78,0.7332,992.18,491.35,0.7271,1076.10,515.57,0.7661,996.94,521.63,0.7802
410,bottom,0,1039.53,665.94,1198.82,939.81,1125.86,686.54,0.7793,1125.19,682.52,0.5693,1127.20,683.19,0.5421,1115.16,688.54,0.7806,1135.89,690.55,0.7677,1096.44,715.29,0.7889,1149.26,726.65,0.8507,1075.71,750.06,0.7635,1149.93,771.45,0.7299,1062.34,780.81,0.8112,1146.59,810.90,0.6905,1095.77,790.84,0.6584,1127.20,797.53,0.6500,1072.37,828.28,0.7613,1151.27,854.36,0.7886,1059.67,883.78,0.7976,1167.98,915.87,0.8406
411,top,1,987.82,367.47,1100.30,546.83,1042.31,384.90,0.8406,1045.37,380.96,0.8158,1037.93,380.52,0.7734,1048.88,384.46,0.6913,1028.73,383.59,0.8204,1058.95,407.23,0.7320,1013.41,403.29,0.7608,1072.96,433.94,0.7622,997.65,422.56,0.6792,1092.67,458.90,0.7266,995.46,428.69,0.7054,1051.50,454.08,0.6493,1023.92,453.65,0.6688,1069.46,490.43,0.6714,1000.27,496.12,0.6756,1086.10,522.39,0.7468,1012.10,521.95,0.7778
411,bottom,0,1039.37,659.91,1193.42,937.46,1113.68,681.45,0.7772,1113.01,677.39,0.5649,1114.36,677.39,0.5732,1104.20,682.81,0.7721,1124.53,684.84,0.7704,1085.22,711.27,0.8155,1138.76,720.76,0.8241,1064.90,746.51,0.7735,1142.82,765.48,0.7664,1052.70,775.65,0.8026,1142.14,806.82,0.7361,1087.93,787.16,0.6945,1119.11,792.59,0.6850,1066.25,828.50,0.7852,1141.47,850.86,0.7548,1058.80,885.42,0.8419,1161.12,909.14,0.8227
412,top,1,988.19,372.19,1113.38,551.20,1049.04,389.14,0.7989,1052.10,385.21,0.7725,1045.10,384.77,0.7427,1055.59,388.27,0.6784,1035.93,386.96,0.7999,1065.21,411.00,0.7198,1019.32,405.75,0.7482,1080.07,435.91,0.7393,999.65,422.80,0.6048,1101.48,457.76,0.7175,997.90,426.29,0.6081,1056.90,456.01,0.6317,1029.81,456.88,0.6512,1077.45,492.28,0.6707,1007.52,502.34,0.7127,1097.55,529.00,0.7516,1016.26,524.63,0.7591
412,bottom,0,1035.85,654.53,1182.43,934.81,1104.35,676.29,0.7442,1102.98,672.18,0.5383,1104.35,672.18,0.5627,1094.08,677.66,0.7495,1114.61,679.71,0.7584,1075.61,705.71,0.8132,1129.67,714.61,0.8119,1055.76,741.29,0.7619,1137.19,760.45,0.7630,1044.13,770.72,0.7870,1138.56,801.51,0.7463,1080.40,783.04,0.6759,1111.19,787.14,0.6633,1062.61,826.15,0.7579,1135.14,843.94,0.7541,1057.82,883.63,0.8377,1149.51,900.73,0.7989
413,top,1,984.45,376.47,1124.25,553.77,1057.54,392.76,0.8057,1060.72,388.67,0.7613,1053.44,388.21,0.7645,1063.00,392.31,0.6886,1043.88,390.49,0.8144,1071.19,414.61,0.7410,1026.14,409.15,0.7638,1087.12,438.73,0.7626,1007.93,421.89,0.6692,1110.33,457.39,0.7403,997.46,424.62,0.6596,1063.00,459.21,0.6550,1034.78,460.12,0.6646,1085.75,497.43,0.6972,1012.03,503.80,0.6741,1108.51,534.75,0.7943,1017.03,526.10,0.7895
413,bottom,0,1027.47,648.74,1165.53,926.13,1096.50,669.60,0.7672,1097.18,665.54,0.5499,1096.50,665.54,0.5574,1084.99,670.95,0.7401,1105.98,672.31,0.7716,1068.06,700.08,0.8063,1121.56,706.85,0.8143,1049.09,735.97,0.7637,1131.04,753.58,0.7723,1036.23,765.09,0.8044,1135.10,792.18,0.7316,1074.83,777.28,0.6556,1105.98,779.99,0.6475,1059.93,824.01,0.7692,1127.65,838.91,0.7635,1057.22,881.57,0.8518,1137.13,893.76,0.8343
414,top,1,980.82,379.39,1133.63,564.26,1065.68,396.72,0.8106,1068.66,392.74,0.8231,1061.70,392.24,0.7934,1071.15,396.72,0.7010,1052.25,394.73,0.8598,1078.61,418.60,0.7437,1033.84,413.63,0.6921,1096.02,442.48,0.7436,1012.46,422.58,0.6574,1119.90,458.89,0.7288,997.04,425.07,0.6857,1070.16,462.87,0.6597,1042.30,463.37,0.6435,1092.04,500.18,0.6980,1017.43,500.68,0.6887,1116.91,539.48,0.7809,1016.43,526.05,0.7807
414,bottom,0,1020.28,640.08,1146.75,913.75,1090.20,661.32,0.8443,1090.87,657.32,0.6050,1090.87,657.98,0.5744,1078.17,663.33,0.7642,1098.22,664.00,0.7954,1062.80,692.06,0.8142,1114.92,697.40,0.8793,1042.76,730.14,0.7811,1126.95,744.17,0.7762,1030.07,757.54,0.7941,1132.29,782.92,0.7712,1070.82,770.23,0.7162,1101.56,772.90,0.7041,1058.13,821.68,0.8064,1117.59,833.03,0.8101,1056.12,882.48,0.8756,1124.27,885.82,0.8973
415,top,1,978.44,383.43,1142.80,568.52,1075.07,401.61,0.8329,1077.21,397.33,0.8297,1070.79,397.33,0.7951,1078.81,401.07,0.6536,1060.09,398.93,0.8811,1086.30,422.47,0.7698,1042.43,416.59,0.7166,1102.89,446.02,0.7668,1018.36,425.15,0.7143,1125.89,459.39,0.7586,998.02,426.22,0.6950,1077.74,467.42,0.6892,1048.85,467.95,0.6734,1100.21,506.47,0.7644,1023.71,502.73,0.7325,1121.61,546.06,0.8226,1016.22,526.27,0.8303
415,bottom,0,1014.92,631.11,1135.09,913.22,1083.96,653.70,0.7534,1083.27,648.88,0.5810,1086.02,649.57,0.5136,1073.63,655.08,0.7581,1093.60,655.77,0.7571,1057.79,684.70,0.8135,1110.13,688.83,0.8584,1037.81,721.89,0.7746,1121.84,734.29,0.7744,1024.04,749.44,0.7888,1127.35,771.48,0.7527,1066.74,763.21,0.6951,1097.04,765.28,0.7028,1055.72,818.31,0.7949,1108.75,823.82,0.8048,1055.72,879.61,0.8429,1114.26,878.23,0.8725
416,top,1,980.94,387.93,1147.07,570.61,1083.47,406.27,0.8511,1085.64,401.94,0.8254,1079.15,401.94,0.8074,1087.80,404.64,0.6855,1068.87,403.56,0.8556,1094.83,426.28,0.8100,1052.11,420.87,0.7232,1109.43,448.45,0.7587,1027.23,427.90,0.7360,1130.52,460.35,0.7196,1002.35,428.44,0.7332,1085.10,471.70,0.7281,1056.43,472.24,0.7103,1108.89,508.48,0.7729,1032.64,504.69,0.6865,1128.36,551.20,0.8195,1018.04,525.78,0.8007
416,bottom,0,1009.99,624.70,1130.83,909.51,1078.75,645.42,0.7277,1076.67,641.25,0.5736,1080.84,641.25,0.4939,1069.02,647.51,0.7572,1089.18,647.51,0.7496,1053.03,677.41,0.8026,1106.57,680.89,0.8513,1034.25,714.26,0.7543,1118.39,726.78,0.7822,1019.65,742.77,0.7828,1123.95,763.63,0.7633,1064.15,756.68,0.6918,1094.05,758.76,0.6909,1053.03,813.69,0.7889,1101.70,816.48,0.8027,1053.03,874.88,0.8264,1106.57,871.41,0.8515
417,top,1,995.54,393.11,1150.69,574.20,1091.30,410.42,0.7924,1093.82,406.89,0.7656,1087.26,405.88,0.7376,1096.85,410.42,0.6830,1077.66,407.90,0.8221,1102.41,432.14,0.7946,1059.48,426.08,0.7014,1116.05,453.86,0.7440,1034.73,433.15,0.6292,1136.75,460.93,0.6956,1007.46,431.13,0.5983,1092.81,476.58,0.6908,1064.53,476.58,0.6613,1117.56,507.90,0.6873,1040.79,506.38,0.6050,1132.21,553.35,0.8151,1021.09,527.09,0.7417
417,bottom,0,1005.99,617.67,1126.16,899.21,1075.01,639.53,0.7267,1072.95,635.40,0.5566,1077.07,635.40,0.4886,1064.01,640.90,0.7533,1084.64,641.59,0.7369,1047.52,672.52,0.7998,1102.51,674.58,0.8466,1029.65,709.64,0.7655,1114.19,719.95,0.7780,1015.90,737.82,0.7907,1119.69,757.07,0.7676,1061.27,751.57,0.6919,1090.82,753.63,0.6981,1048.89,809.30,0.7983,1095.63,809.30,0.8128,1050.27,869.79,0.8410,1100.44,866.36,0.8640
418,top,1,999.55,397.77,1151.13,573.98,1099.52,413.83,0.8585,1101.98,410.38,0.8700,1095.57,409.39,0.7944,1104.45,414.82,0.7312,1085.21,411.86,0.8384,1109.39,436.04,0.8005,1065.96,431.10,0.6929,1120.24,455.78,0.7475,1042.28,439.00,0.5874,1138.50,463.67,0.7471,1017.11,437.02,0.5722,1100.01,480.45,0.7012,1071.89,480.45,0.6530,1122.71,508.57,0.7257,1047.71,509.56,0.6004,1132.58,553.47,0.8095,1025.01,528.80,0.7178
418,bottom,0,1002.25,613.96,1123.44,893.68,1070.36,636.36,0.7241,1068.99,631.58,0.5422,1073.09,632.26,0.4889,1059.43,637.72,0.7575,1080.60,638.41,0.7561,1043.72,668.45,0.8027,1099.04,670.50,0.8453,1025.97,706.01,0.7741,1110.65,714.89,0.7841,1012.31,734.01,0.7946,1115.43,752.45,0.7659,1058.06,746.99,0.6898,1088.11,749.04,0.6973,1043.04,804.35,0.8016,1090.84,802.99,0.8032,1045.09,865.13,0.8484,1095.62,861.72,0.8482
419,top,1,1003.24,399.76,1154.80,573.80,1106.15,417.71,0.9071,1109.11,414.26,0.8918,1102.21,413.77,0.8406,1111.09,418.21,0.7360,1091.85,415.74,0.8641,1114.05,439.91,0.8055,1074.58,433.50,0.7085,1124.90,457.67,0.7523,1051.89,441.39,0.6520,1139.70,467.05,0.7565,1024.26,439.91,0.6522,1104.18,481.85,0.7056,1076.55,481.85,0.6626,1124.90,508.49,0.7432,1052.87,511.94,0.6056,1132.79,553.38,0.8048,1029.19,531.68,0.7337
419,bottom,0,1000.49,612.01,1120.56,880.26,1065.76,634.15,0.7605,1065.11,630.22,0.5521,1067.73,630.22,0.5230,1055.29,635.46,0.7308,1075.59,636.77,0.7551,1038.91,666.89,0.7959,1093.92,668.20,0.8440,1021.89,706.19,0.8045,1106.37,712.73,0.7808,1009.44,734.35,0.7941,1112.26,750.06,0.7840,1055.94,744.17,0.6763,1085.41,745.48,0.7276,1037.60,801.15,0.8366,1086.72,797.87,0.8206,1038.26,862.05,0.8610,1093.27,857.47,0.8814
420,top,1,1009.56,401.67,1158.46,572.87,1110.67,420.38,0.9338,1114.06,416.50,0.9052,1106.79,415.53,0.8622,1116.97,420.87,0.7577,1097.10,417.96,0.8786,1119.40,443.65,0.8247,1079.65,434.44,0.7330,1128.12,461.58,0.7693,1056.38,442.68,0.6874,1144.60,470.79,0.7327,1030.69,441.71,0.6741,1106.79,482.43,0.7132,1079.65,481.46,0.6830,1127.15,509.09,0.7412,1054.44,513.93,0.6341,1132.97,554.65,0.8174,1033.11,532.84,0.7788
420,bottom,0,998.03,614.35,1116.27,883.02,1061.09,635.21,0.7909,1061.09,631.27,0.5612,1061.74,631.27,0.5500,1050.59,637.17,0.7452,1070.92,637.83,0.7704,1035.50,668.00,0.8053,1089.95,669.97,0.8501,1018.45,707.36,0.8046,1102.41,713.92,0.8002,1006.64,735.56,0.7913,1108.31,750.65,0.7969,1052.56,745.40,0.6775,1083.39,746.72,0.7299,1031.57,801.81,0.8430,1083.39,795.25,0.8206,1030.26,864.13,0.8832,1090.60,852.32,0.8682
421,top,1,1012.10,402.24,1158.00,573.01,1113.07,420.66,0.9327,1116.39,417.34,0.8942,1109.27,416.39,0.8772,1119.72,421.61,0.7797,1099.77,418.29,0.8813,1121.62,444.88,0.8154,1082.20,433.96,0.7146,1130.17,465.78,0.7697,1059.88,441.56,0.6261,1145.36,475.75,0.7258,1033.75,443.93,0.6476,1108.32,481.45,0.7099,1080.30,479.08,0.6701,1127.32,509.00,0.7404,1056.08,511.37,0.6422,1133.02,554.59,0.8132,1036.60,532.27,0.7746
421,bottom,0,993.56,617.15,1113.10,891.50,1056.67,639.12,0.7991,1056.00,635.10,0.5719,1057.34,635.10,0.5539,1045.96,641.13,0.7456,1066.72,641.80,0.7835,1031.22,672.61,0.8018,1085.48,673.95,0.8502,1013.81,711.46,0.7966,1098.87,716.81,0.8173,1003.09,739.59,0.7741,1105.57,752.98,0.7823,1050.65,748.29,0.6699,1081.46,748.96,0.7208,1026.53,805.23,0.8100,1080.79,793.17,0.8066,1020.51,868.19,0.8766,1086.15,844.08,0.7977
422,top,1,1013.61,401.39,1152.60,573.31,1114.32,419.03,0.9296,1117.94,415.41,0.9106,1110.70,414.51,0.9030,1120.20,420.39,0.7954,1101.20,417.22,0.8859,1122.92,444.37,0.8170,1084.46,432.60,0.7056,1129.70,466.99,0.7376,1063.65,439.39,0.6335,1142.82,478.30,0.7170,1036.95,444.37,0.6927,1108.89,479.66,0.7029,1081.29,476.49,0.6386,1126.54,509.07,0.7100,1055.95,509.07,0.6491,1132.87,553.41,0.8063,1037.40,531.69,0.7641
422,bottom,0,991.38,624.96,1110.94,893.65,1053.13,645.17,0.8077,1052.48,641.23,0.5801,1052.48,641.23,0.5601,1041.98,647.79,0.7416,1062.97,648.45,0.7874,1026.89,679.28,0.7995,1081.99,680.59,0.8333,1010.49,717.32,0.7813,1094.46,722.57,0.8065,1000.00,744.22,0.7717,1102.99,757.34,0.7795,1047.88,754.06,0.6719,1078.71,754.06,0.7192,1019.68,809.16,0.8011,1078.06,791.45,0.7420,1015.09,873.45,0.8875,1082.65,836.05,0.7448
423,top,1,1012.89,399.35,1151.93,573.13,1113.64,416.99,0.8917,1116.81,413.37,0.8733,1109.57,412.92,0.8621,1119.53,416.99,0.7765,1100.06,415.18,0.8459,1122.69,442.79,0.8111,1083.77,428.76,0.7030,1128.58,465.87,0.7151,1064.76,437.36,0.6355,1138.54,481.71,0.7041,1039.87,444.60,0.6842,1108.21,476.28,0.6866,1079.70,472.21,0.6286,1124.96,510.23,0.7159,1054.80,505.25,0.6398,1132.20,553.68,0.8041,1036.25,530.14,0.7642
423,bottom,0,989.59,632.95,1109.18,895.41,1050.03,653.33,0.8468,1050.67,649.48,0.5808,1048.75,649.48,0.5476,1039.13,656.53,0.7371,1059.64,657.17,0.7875,1025.04,686.00,0.8191,1076.30,688.57,0.8443,1007.74,721.89,0.7850,1092.32,729.58,0.7982,997.48,746.88,0.7795,1101.93,760.33,0.7748,1045.54,760.97,0.6856,1075.66,760.97,0.7380,1012.86,814.80,0.8204,1075.02,792.37,0.6745,1015.43,876.95,0.8778,1077.58,832.10,0.7061
424,top,1,1012.36,396.84,1150.99,573.27,1111.91,412.40,0.9028,1114.62,408.79,0.8669,1107.40,408.34,0.8509,1117.33,413.30,0.7596,1097.47,411.04,0.8635,1121.39,439.47,0.8097,1081.68,425.03,0.7111,1127.71,466.10,0.7122,1064.98,434.96,0.6401,1138.09,487.76,0.6901,1041.96,445.79,0.6930,1106.04,473.32,0.6868,1077.16,468.81,0.6293,1121.84,508.97,0.7166,1053.70,502.20,0.6567,1132.22,553.65,0.8202,1033.39,527.48,0.7685
424,bottom,0,987.79,640.34,1108.73,897.16,1048.89,659.02,0.8281,1050.14,655.26,0.5568,1048.26,655.26,0.5229,1038.23,662.16,0.7197,1057.67,662.78,0.7653,1023.81,691.00,0.8039,1074.60,692.25,0.8192,1005.00,726.11,0.7580,1091.53,732.38,0.7819,995.59,744.92,0.7157,1101.56,759.97,0.7829,1043.25,764.99,0.6707,1072.71,764.36,0.7200,1010.01,818.28,0.7998,1071.46,792.57,0.5497,1015.03,877.85,0.8350,1072.09,830.19,0.6438
425,top,1,1012.97,392.44,1150.04,573.44,1108.28,408.87,0.9372,1111.40,405.30,0.8732,1104.26,404.86,0.8830,1114.53,409.76,0.7670,1094.89,407.09,0.8667,1119.88,436.53,0.7976,1079.28,419.58,0.7265,1125.68,464.64,0.7048,1065.00,432.07,0.6877,1134.61,494.09,0.7049,1044.92,447.24,0.7304,1104.26,468.66,0.6793,1075.26,463.31,0.6383,1118.10,508.37,0.7368,1052.51,497.66,0.6701,1131.93,552.54,0.8205,1031.98,525.77,0.7850
425,bottom,0,987.05,639.27,1111.79,897.26,1051.31,659.30,0.8063,1051.94,654.89,0.5345,1051.31,654.89,0.5282,1040.60,661.82,0.7084,1059.50,662.45,0.7619,1026.12,689.53,0.7855,1075.87,692.05,0.7992,1008.48,722.29,0.7121,1091.62,730.47,0.7769,997.14,734.88,0.6357,1101.70,755.04,0.7545,1041.86,763.23,0.6441,1072.72,762.60,0.6912,1011.63,818.02,0.7824,1068.32,787.79,0.5626,1014.15,875.34,0.8169,1064.54,828.73,0.6756
426,top,1,1013.35,390.43,1145.45,572.22,1103.81,406.32,0.9720,1107.36,403.21,0.9095,1100.26,402.32,0.9318,1110.47,407.20,0.8337,1091.39,404.54,0.9129,1117.13,433.83,0.8027,1075.41,416.52,0.7729,1121.57,463.13,0.7161,1064.31,432.50,0.6628,1131.33,494.64,0.6972,1048.78,452.47,0.6983,1101.15,465.79,0.6958,1073.19,460.46,0.6558,1114.91,506.62,0.7542,1049.22,495.97,0.7029,1130.00,551.45,0.8010,1031.47,524.82,0.8079
426,bottom,0,988.57,631.77,1112.77,893.46,1055.78,652.73,0.8063,1056.42,648.25,0.5527,1055.78,648.25,0.5381,1046.19,654.64,0.7048,1064.08,655.28,0.7599,1030.86,683.39,0.8084,1081.33,686.59,0.8356,1011.69,715.98,0.7174,1094.11,724.92,0.7685,1001.47,721.09,0.6075,1103.70,746.64,0.7470,1046.83,758.14,0.6696,1075.58,756.87,0.7162,1020.64,813.73,0.7681,1068.56,779.23,0.6196,1013.61,869.95,0.7917,1061.53,825.23,0.7259
427,top,1,1012.92,387.81,1138.54,571.93,1100.01,404.80,0.9669,1103.60,402.10,0.9169,1096.41,400.75,0.9693,1107.20,406.15,0.8274,1087.87,403.45,0.9407,1114.39,432.67,0.8125,1072.14,415.14,0.7922,1118.89,462.34,0.7102,1062.70,437.16,0.6577,1126.53,495.60,0.6965,1052.36,463.24,0.5671,1100.01,464.13,0.7020,1072.14,458.74,0.6473,1113.04,504.59,0.7661,1048.31,494.70,0.7071,1125.63,548.64,0.7732,1030.78,524.82,0.7974
427,bottom,0,991.62,624.69,1117.92,888.89,1061.22,643.91,0.7894,1061.87,639.39,0.5840,1061.87,640.04,0.5587,1052.19,645.84,0.7046,1069.61,646.49,0.7396,1036.71,675.51,0.8141,1085.73,678.09,0.8361,1014.78,708.41,0.7466,1098.63,716.80,0.7815,1004.46,709.70,0.6507,1108.31,735.50,0.7189,1052.84,751.63,0.6732,1081.22,750.34,0.7246,1030.26,805.17,0.7330,1069.61,776.79,0.6711,1018.00,860.00,0.7708,1062.51,823.23,0.7509
428,top,1,1012.61,388.44,1135.00,568.06,1096.17,405.46,0.9631,1099.68,402.39,0.9166,1092.67,401.95,0.9385,1103.19,406.33,0.8122,1083.90,404.58,0.9091,1111.08,431.33,0.8003,1068.55,416.86,0.7821,1115.91,462.46,0.7020,1062.85,440.98,0.5973,1123.80,496.23,0.6830,1055.83,469.48,0.4427,1098.37,463.78,0.7084,1069.42,459.83,0.6389,1110.65,503.68,0.7688,1047.06,495.79,0.6968,1118.54,548.41,0.7792,1030.40,528.24,0.7795
428,bottom,0,997.54,613.64,1120.61,877.55,1067.45,634.77,0.7820,1067.45,629.61,0.5857,1067.45,630.90,0.5321,1057.79,636.70,0.7021,1075.18,637.35,0.7193,1042.32,666.99,0.7894,1091.94,668.92,0.8071,1019.77,699.85,0.7257,1104.18,706.93,0.7382,1006.24,697.27,0.6627,1111.91,723.69,0.6412,1057.79,743.02,0.6546,1086.78,743.66,0.7049,1034.59,795.21,0.7269,1069.38,775.88,0.6890,1028.79,848.04,0.7549,1061.65,823.56,0.7599
429,top,1,1011.93,390.73,1132.66,568.48,1091.83,407.14,0.9446,1094.86,404.10,0.9324,1087.92,403.66,0.9108,1098.77,407.57,0.8334,1079.67,406.27,0.8909,1107.45,431.87,0.7988,1065.35,418.85,0.7628,1112.22,461.81,0.6832,1063.18,442.29,0.5342,1119.60,494.79,0.6071,1060.15,465.72,0.3198,1096.60,465.29,0.6914,1067.52,462.68,0.6313,1108.32,504.77,0.7218,1046.26,498.70,0.6615,1116.56,549.04,0.7513,1031.07,531.24,0.7854
429,bottom,0,999.12,605.98,1126.98,872.27,1072.80,626.66,0.7536,1072.80,622.11,0.5778,1073.45,622.76,0.5181,1065.00,628.61,0.6702,1080.60,629.26,0.7103,1048.10,658.51,0.7800,1097.51,659.81,0.7950,1025.34,691.67,0.7158,1109.86,698.17,0.7437,1011.69,692.32,0.6126,1117.01,713.12,0.6895,1064.35,735.23,0.6506,1092.95,735.88,0.7101,1035.74,788.54,0.7374,1068.90,772.94,0.6986,1046.80,839.25,0.6621,1062.40,822.99,0.7532
430,top,1,1011.99,391.84,1128.70,568.65,1086.31,408.59,0.8903,1089.77,405.57,0.8855,1082.86,404.71,0.8686,1093.65,409.45,0.8151,1075.09,408.16,0.8556,1103.15,432.76,0.7834,1060.85,421.11,0.7468,1108.33,462.55,0.6770,1059.98,445.71,0.5358,1117.39,493.62,0.5819,1058.69,468.59,0.3138,1094.08,467.29,0.6596,1064.73,465.57,0.6253,1104.01,504.42,0.7110,1043.58,502.69,0.6621,1116.10,548.44,0.7417,1033.65,532.90,0.8013
430,bottom,0,999.62,597.77,1133.53,862.14,1078.84,619.58,0.7767,1079.49,615.71,0.5714,1079.49,615.71,0.5016,1070.45,621.52,0.6487,1085.94,622.81,0.6862,1053.67,651.21,0.7988,1103.37,652.50,0.8124,1031.08,684.13,0.7064,1116.27,691.87,0.7298,1016.23,686.71,0.5914,1122.73,703.49,0.6799,1070.45,727.37,0.6633,1098.20,727.37,0.7250,1040.11,780.94,0.7250,1073.03,768.68,0.6807,1064.64,826.77,0.7193,1064.64,817.73,0.6051
431,top,1,1012.57,393.30,1125.46,567.59,1081.36,408.53,0.9159,1084.34,405.13,0.9034,1077.95,404.70,0.8697,1088.17,409.38,0.8352,1070.29,407.68,0.8518,1098.38,433.21,0.7706,1056.68,421.30,0.7182,1104.76,462.15,0.6830,1054.97,444.70,0.5703,1113.70,490.23,0.6054,1051.14,468.11,0.4075,1090.29,468.53,0.6373,1061.36,466.83,0.6140,1102.21,505.55,0.6921,1040.08,504.28,0.6695,1115.82,548.11,0.7489,1032.42,532.79,0.8133
431,bottom,0,1002.88,592.88,1140.41,842.99,1085.08,615.35,0.8166,1085.08,612.29,0.5785,1085.69,611.07,0.5119,1075.92,616.57,0.6432,1093.02,617.79,0.6742,1060.04,645.88,0.7844,1108.89,647.71,0.8118,1035.01,678.24,0.6823,1122.33,686.79,0.6956,1018.52,683.74,0.6248,1127.82,692.90,0.5644,1075.31,719.77,0.6628,1104.62,720.38,0.7219,1045.39,772.28,0.7219,1076.53,766.78,0.6274,1078.36,810.14,0.6475,1067.37,816.25,0.5692
432,top,1,1012.75,390.71,1126.16,568.04,1075.95,407.51,0.8686,1078.98,404.48,0.8849,1072.05,404.04,0.8129,1082.88,408.37,0.8649,1063.83,407.51,0.8617,1093.27,431.75,0.7612,1052.14,420.49,0.7292,1100.63,460.33,0.6509,1050.84,440.41,0.5779,1109.72,485.87,0.6649,1047.37,463.36,0.4841,1086.77,468.98,0.6361,1057.77,466.39,0.6359,1100.19,506.65,0.7011,1034.82,502.32,0.7085,1115.78,547.78,0.7695,1031.79,533.06,0.8055
432,bottom,0,1003.98,589.06,1148.50,836.03,1090.71,611.86,0.8038,1090.71,608.84,0.5754,1091.31,607.64,0.5460,1081.66,614.27,0.6443,1097.94,614.87,0.6699,1064.78,642.61,0.7677,1113.62,643.81,0.7997,1040.66,673.35,0.7018,1129.29,682.40,0.7102,1018.36,683.00,0.6920,1134.12,684.81,0.4927,1082.87,716.77,0.6455,1109.40,717.37,0.7129,1051.52,766.81,0.7210,1082.87,760.18,0.6074,1088.90,804.79,0.6117,1076.24,807.81,0.5295
433,top,1,1012.04,389.72,1125.64,567.06,1070.57,405.65,0.8524,1074.03,402.62,0.8292,1066.67,402.19,0.8090,1077.06,406.52,0.8148,1058.01,405.22,0.8336,1087.45,429.47,0.7498,1046.32,418.21,0.7500,1095.25,456.31,0.6535,1044.59,440.72,0.5604,1106.94,480.99,0.6360,1041.56,464.97,0.4607,1081.82,467.13,0.6356,1053.25,464.54,0.6260,1096.11,506.97,0.7020,1030.74,499.60,0.7153,1114.30,546.80,0.7744,1031.17,532.94,0.8015
433,bottom,0,1004.67,589.61,1154.24,835.55,1096.87,609.91,0.7694,1096.27,606.31,0.5485,1098.07,605.71,0.5287,1087.26,612.91,0.6205,1102.87,612.91,0.6741,1069.85,641.13,0.7522,1118.48,642.33,0.7794,1044.03,669.95,0.6624,1135.89,677.16,0.7224,1021.21,680.76,0.6558,1171.32,672.95,0.3955,1089.06,716.18,0.6441,1114.28,714.98,0.7029,1059.64,766.62,0.7147,1093.26,749.21,0.6280,1098.67,805.05,0.6007,1089.06,799.04,0.5357
434,top,1,1011.90,386.70,1124.42,565.73,1065.10,402.78,0.8378,1068.60,400.16,0.8084,1061.61,399.29,0.7619,1071.66,404.09,0.7575,1053.30,402.34,0.8140,1081.71,425.51,0.7229,1040.63,415.02,0.7770,1090.45,451.30,0.6439,1038.88,439.06,0.5745,1102.26,474.03,0.6206,1034.94,465.28,0.4974,1076.03,464.85,0.6281,1048.93,462.23,0.6390,1090.02,505.93,0.6825,1027.95,497.63,0.7139,1112.31,546.15,0.7747,1030.57,532.60,0.8087
434,bottom,0,1002.08,587.10,1158.80,835.53,1102.88,608.20,0.7392,1102.27,604.56,0.5766,1104.70,603.96,0.6102,1092.57,611.24,0.6477,1108.34,611.24,0.7447,1075.58,637.92,0.7689,1122.89,640.35,0.8162,1048.90,664.61,0.6949,1141.09,670.68,0.7508,1019.18,678.56,0.7188,1154.43,666.43,0.4485,1093.78,714.95,0.6901,1118.65,713.74,0.7265,1068.91,768.33,0.7559,1104.09,736.18,0.5788,1105.91,809.57,0.7245,1102.27,781.67,0.6408
435,top,1,1011.18,384.51,1119.98,564.77,1060.74,400.26,0.8391,1063.82,397.62,0.7970,1057.22,396.74,0.7600,1066.90,401.14,0.7630,1049.30,398.94,0.8222,1077.90,422.71,0.7321,1036.10,412.15,0.8015,1087.59,447.79,0.6508,1033.01,436.79,0.6570,1098.15,468.92,0.6280,1029.05,462.32,0.6362,1073.06,463.20,0.6584,1047.10,461.44,0.6698,1081.86,503.24,0.7265,1026.85,496.20,0.7163,1107.83,544.17,0.7846,1029.93,532.29,0.8260
435,bottom,0,1000.59,584.50,1164.89,835.91,1109.75,607.08,0.7874,1109.75,602.79,0.5839,1111.59,602.79,0.6598,1098.70,609.54,0.6846,1115.28,609.54,0.8049,1080.90,634.71,0.8013,1127.55,637.77,0.8612,1053.28,661.10,0.7296,1144.74,664.78,0.7800,1020.14,675.22,0.7418,1158.24,660.49,0.5681,1098.09,713.89,0.7461,1122.64,712.05,0.7660,1075.99,769.13,0.7523,1113.43,731.07,0.5818,1109.14,809.64,0.7903,1115.28,770.36,0.6421
436,top,1,1011.18,382.86,1114.53,566.22,1057.48,398.43,0.8444,1060.17,395.30,0.8077,1053.45,394.85,0.7845,1063.30,398.43,0.7459,1045.39,396.64,0.8187,1074.49,419.92,0.7224,1032.41,408.73,0.7973,1084.34,441.86,0.6353,1027.94,429.77,0.6825,1094.19,461.55,0.6492,1023.46,455.29,0.7010,1070.02,460.21,0.6422,1044.50,459.76,0.6615,1076.28,500.50,0.7039,1027.94,495.13,0.7088,1101.35,543.03,0.7759,1030.17,531.84,0.8101
436,bottom,0,1002.58,581.08,1175.63,835.46,1118.29,603.94,0.7561,1117.67,600.21,0.5486,1120.16,599.59,0.6644,1106.49,605.80,0.6702,1123.26,605.80,0.8099,1086.62,631.88,0.8045,1133.82,634.99,0.8695,1056.19,659.21,0.7213,1149.97,657.97,0.7774,1020.17,674.12,0.7599,1163.63,654.24,0.6000,1103.39,708.27,0.7645,1128.23,707.03,0.7572,1082.27,765.41,0.7416,1125.74,734.98,0.4606,1108.36,805.78,0.7719,1127.61,763.55,0.6129
437,top,1,1009.84,380.99,1105.48,564.74,1053.63,396.60,0.8365,1056.32,393.46,0.7918,1049.59,393.02,0.7747,1059.91,396.60,0.7172,1041.51,395.26,0.8192,1071.57,417.24,0.7080,1029.40,406.92,0.7736,1082.34,438.32,0.6391,1023.12,426.66,0.6638,1092.65,458.96,0.6517,1017.74,449.99,0.6945,1067.53,456.72,0.6460,1042.41,457.61,0.6547,1072.47,498.44,0.7071,1028.95,493.05,0.7057,1095.35,541.95,0.7709,1030.75,532.08,0.8135
437,bottom,0,1007.70,579.18,1181.40,834.58,1126.35,601.51,0.7552,1125.73,597.14,0.5233,1128.85,597.14,0.6576,1112.63,602.75,0.6607,1131.34,603.38,0.8249,1093.30,628.94,0.8075,1140.69,633.30,0.8621,1064.62,655.13,0.7416,1153.79,652.63,0.7790,1027.21,671.34,0.7722,1168.75,650.14,0.6358,1106.40,703.14,0.7358,1132.59,701.27,0.7287,1088.32,761.13,0.7405,1138.20,730.57,0.4449,1105.15,799.78,0.7578,1138.82,752.40,0.5529
438,top,1,1006.56,378.97,1098.84,563.86,1050.90,395.13,0.8270,1053.61,391.52,0.7985,1047.29,391.07,0.7989,1057.22,395.13,0.6994,1038.71,392.88,0.8063,1067.60,414.99,0.6843,1026.52,405.06,0.7791,1079.79,434.86,0.6777,1019.30,424.93,0.6883,1090.62,455.17,0.6746,1013.43,446.14,0.7452,1066.25,452.46,0.6197,1040.97,454.27,0.6234,1068.50,495.34,0.7209,1029.23,491.28,0.6982,1086.56,538.23,0.7623,1030.59,531.00,0.7796
438,bottom,0,1009.88,577.65,1186.63,829.71,1134.56,600.30,0.7443,1135.18,595.99,0.5133,1136.41,595.99,0.6498,1119.79,601.53,0.6411,1138.26,601.53,0.8021,1099.49,627.38,0.8008,1147.49,631.07,0.8331,1071.18,655.68,0.7247,1156.72,649.53,0.7494,1031.18,672.30,0.7707,1172.10,646.45,0.6388,1109.95,701.22,0.6847,1137.02,700.61,0.6956,1095.18,754.76,0.7565,1148.10,724.60,0.5960,1101.33,792.91,0.7833,1151.18,739.37,0.5717
439,top,1,1001.67,378.91,1097.28,566.34,1048.10,395.29,0.7891,1051.30,391.63,0.7756,1043.98,391.17,0.7753,1054.51,395.29,0.7035,1036.20,393.00,0.8028,1065.49,414.51,0.6824,1024.30,404.44,0.7712,1078.76,434.18,0.6776,1016.53,422.29,0.6892,1089.28,455.23,0.6665,1009.20,446.08,0.7439,1065.49,449.28,0.6225,1040.78,451.12,0.6208,1064.57,492.30,0.7025,1028.88,489.55,0.6816,1078.76,537.60,0.7417,1028.88,528.45,0.7473
439,bottom,0,1005.05,579.72,1189.79,825.06,1137.71,601.36,0.7540,1137.71,597.15,0.5437,1140.72,597.15,0.6007,1125.68,602.56,0.7128,1143.73,603.77,0.8228,1106.44,628.42,0.8091,1152.75,631.43,0.8223,1079.38,657.29,0.6989,1160.56,644.66,0.6875,1039.09,672.32,0.7491,1173.79,639.25,0.6110,1115.46,701.19,0.6907,1142.52,701.19,0.7007,1099.83,752.91,0.7560,1157.56,734.26,0.5674,1101.63,788.99,0.7713,1158.76,739.08,0.6285
440,top,0,998.29,381.90,1096.89,565.40,1045.80,397.04,0.7973,1048.93,393.91,0.7866,1041.77,393.46,0.7648,1052.07,397.49,0.6932,1033.70,395.70,0.8166,1064.17,416.76,0.6881,1022.50,406.00,0.7665,1078.05,436.02,0.6862,1013.54,423.48,0.6936,1088.36,456.18,0.6441,1004.58,449.01,0.7222,1065.06,449.46,0.6221,1039.97,449.91,0.6233,1061.93,492.92,0.6883,1026.53,488.88,0.6810,1071.33,541.30,0.7174,1026.53,526.07,0.7340
440,bottom,1,1032.04,583.47,1198.85,818.84,1142.45,604.62,0.7406,1141.87,600.59,0.4747,1144.75,600.02,0.5904,1130.96,606.34,0.6185,1149.92,606.91,0.7695,1113.14,632.20,0.7630,1156.24,632.77,0.7758,1087.28,660.36,0.6631,1163.71,637.37,0.5626,1047.06,675.30,0.7249,1176.35,633.92,0.4955,1122.91,706.33,0.6585,1151.07,704.03,0.6727,1103.37,754.60,0.6502,1160.84,718.39,0.4937,1103.37,787.35,0.6689,1162.56,740.23,0.6486
441,top,1,992.78,384.55,1096.02,566.84,1043.51,399.60,0.8143,1046.63,396.48,0.7961,1039.51,396.04,0.7742,1049.74,400.04,0.7246,1031.94,397.82,0.8167,1062.20,418.73,0.7021,1020.81,409.39,0.7641,1076.89,439.65,0.7012,1010.58,428.52,0.6877,1088.01,461.01,0.7005,999.90,454.78,0.7362,1063.98,451.66,0.6383,1039.95,451.22,0.6325,1058.64,493.94,0.7017,1024.82,489.49,0.6749,1064.43,543.78,0.7179,1024.82,525.54,0.7332
441,bottom,0,1036.94,587.42,1200.94,815.04,1147.28,607.87,0.7668,1148.95,603.98,0.4601,1147.84,602.87,0.5958,1136.17,608.43,0.6325,1153.39,609.54,0.7112,1118.94,632.88,0.7747,1160.62,633.43,0.7790,1095.60,660.66,0.6418,1168.40,630.65,0.5691,1057.81,676.22,0.7412,1177.85,627.32,0.6266,1130.05,704.56,0.6499,1156.73,701.79,0.6600,1107.27,756.80,0.6496,1162.84,713.46,0.3324,1106.71,784.59,0.6791,1160.62,740.13,0.5051
442,top,1,990.44,387.17,1092.39,567.42,1041.41,403.81,0.8104,1044.49,400.29,0.7725,1037.45,399.85,0.7540,1047.57,403.81,0.7434,1029.53,402.05,0.8004,1060.77,422.73,0.7181,1018.97,414.37,0.7684,1076.18,445.62,0.7241,1008.85,434.61,0.7331,1088.50,468.06,0.6957,996.09,461.46,0.7438,1062.97,456.18,0.6585,1040.09,454.42,0.6673,1054.61,496.66,0.7190,1023.81,490.06,0.6730,1058.13,547.71,0.7434,1022.93,525.71,0.7346
442,bottom,0,1055.48,590.43,1188.68,811.08,1150.63,608.64,0.8533,1154.40,604.87,0.5141,1150.09,604.33,0.6328,1140.93,609.18,0.6465,1157.63,610.79,0.7009,1123.16,632.34,0.7785,1163.02,635.57,0.7838,1102.15,658.74,0.6380,1166.79,637.19,0.6141,1067.67,677.05,0.7148,1174.87,626.41,0.6118,1133.93,701.83,0.6593,1160.33,700.22,0.6737,1111.84,756.24,0.6402,1161.94,753.55,0.2945,1111.84,781.56,0.6416,1161.94,740.62,0.3592
443,top,1,990.54,392.75,1092.51,567.73,1039.39,408.90,0.8388,1042.38,405.91,0.7989,1035.97,405.06,0.7635,1045.79,409.33,0.7422,1028.28,407.19,0.7804,1058.61,428.55,0.7399,1017.60,420.44,0.7861,1076.12,452.05,0.7273,1005.64,441.80,0.7398,1090.22,475.97,0.6869,993.25,470.42,0.7214,1062.45,463.58,0.6903,1039.81,460.59,0.6919,1049.21,500.32,0.7670,1021.44,493.49,0.7079,1054.34,549.45,0.7806,1020.16,528.09,0.7463
443,bottom,0,1059.00,590.01,1178.71,805.10,1152.46,607.76,0.8679,1155.09,604.61,0.5772,1150.89,603.56,0.6570,1143.53,607.76,0.6785,1160.34,610.38,0.6859,1124.10,630.86,0.7884,1165.59,634.02,0.7849,1103.10,657.65,0.6625,1165.06,636.64,0.5472,1073.69,676.55,0.6961,1167.17,630.86,0.3499,1135.66,701.76,0.6675,1161.91,699.13,0.6893,1115.18,755.84,0.6382,1162.96,707.01,0.3433,1115.70,777.37,0.6543,1160.86,740.09,0.4663
444,top,1,987.72,400.42,1089.22,568.35,1037.65,414.69,0.8239,1040.52,411.82,0.7879,1033.96,411.00,0.7539,1044.21,415.10,0.6911,1026.17,413.46,0.7815,1055.69,433.55,0.7229,1015.92,428.22,0.7634,1073.73,455.28,0.6977,1002.80,452.41,0.6983,1091.35,477.01,0.6729,989.68,477.83,0.6625,1060.61,469.22,0.6909,1039.29,466.76,0.6666,1042.16,501.61,0.7081,1017.56,494.64,0.6742,1052.00,550.81,0.7492,1019.61,527.44,0.7668
444,bottom,0,1064.53,585.35,1179.39,797.30,1153.01,605.43,0.8952,1155.60,601.81,0.5655,1151.97,601.81,0.6910,1142.66,605.43,0.6924,1159.74,608.53,0.7321,1125.07,628.20,0.7789,1164.91,633.89,0.7871,1103.85,654.59,0.6676,1166.46,649.41,0.5423,1079.01,676.32,0.7181,1144.73,640.10,0.2489,1135.41,698.05,0.6940,1161.81,694.43,0.7054,1118.34,754.46,0.6567,1163.36,700.64,0.4221,1119.37,775.16,0.5999,1160.77,737.38,0.5764
445,top,3,987.94,403.97,1099.21,569.71,1035.89,419.67,0.7591,1038.72,416.43,0.7436,1031.84,415.62,0.7459,1042.36,419.26,0.6978,1024.96,417.64,0.7560,1054.50,437.07,0.6816,1014.85,432.62,0.7791,1075.95,457.70,0.6895,1001.09,458.11,0.7272,1096.18,477.53,0.7159,987.74,485.62,0.6435,1059.76,473.48,0.6346,1038.72,470.25,0.6493,1037.91,504.24,0.7079,1011.20,495.33,0.7227,1050.86,551.58,0.7229,1018.08,524.87,0.7582
445,bottom,0,1068.15,580.30,1179.98,798.26,1151.20,600.95,0.8805,1152.80,597.76,0.5272,1150.67,596.69,0.6589,1141.09,601.48,0.6766,1158.65,603.61,0.7756,1123.53,623.83,0.7650,1166.10,632.88,0.7960,1104.38,650.44,0.6746,1171.43,659.48,0.6946,1080.96,674.38,0.7459,1151.74,659.48,0.4834,1134.71,692.48,0.6823,1160.78,689.28,0.6984,1118.21,750.48,0.6692,1162.91,697.80,0.3982,1123.53,769.10,0.6297,1161.31,737.17,0.5418
446,top,3,988.88,405.08,1110.01,570.25,1035.33,419.92,0.7709,1038.56,416.29,0.7354,1031.70,416.29,0.7598,1042.19,419.52,0.6828,1024.04,418.71,0.7752,1054.28,436.05,0.6516,1015.17,432.83,0.7730,1077.27,452.99,0.6550,1003.07,457.83,0.7129,1100.66,471.54,0.6608,991.78,482.42,0.6633,1058.72,473.55,0.6054,1037.75,470.33,0.6195,1035.33,504.20,0.7204,1006.30,494.93,0.7291,1050.66,551.78,0.7202,1015.98,522.75,0.7519
446,bottom,0,1068.04,574.85,1179.76,799.69,1148.60,594.51,0.8888,1149.70,591.21,0.5203,1147.50,590.11,0.6504,1138.72,595.05,0.6521,1156.28,596.70,0.7364,1121.15,618.66,0.7570,1166.16,627.99,0.7913,1104.14,645.55,0.6465,1171.65,663.12,0.7006,1079.99,670.80,0.7156,1161.22,675.20,0.4865,1133.23,683.43,0.6475,1161.22,681.23,0.6769,1115.67,745.46,0.6810,1160.13,739.42,0.3303,1126.09,766.31,0.6405,1121.15,784.43,0.3930
447,top,3,991.00,402.64,1114.79,569.40,1034.98,417.63,0.8083,1037.83,413.96,0.8171,1030.91,413.96,0.7877,1041.49,416.81,0.7316,1023.58,416.81,0.8082,1052.89,432.28,0.6683,1014.22,431.47,0.8103,1078.14,445.72,0.6469,1004.85,457.53,0.7273,1101.75,459.56,0.6791,996.71,481.14,0.6810,1057.78,470.55,0.6318,1036.20,467.70,0.6634,1039.05,503.94,0.7229,1003.22,493.76,0.7406,1051.67,551.57,0.7615,1012.18,520.63,0.7650
447,bottom,0,1064.24,567.90,1185.42,800.17,1146.95,587.07,0.8608,1145.81,584.23,0.5326,1146.95,583.10,0.6278,1135.61,588.20,0.6534,1153.19,589.33,0.7185,1120.30,612.02,0.7982,1163.96,622.22,0.8077,1102.72,639.24,0.6679,1171.90,660.22,0.7005,1077.77,663.62,0.7553,1172.47,679.50,0.5676,1129.94,678.93,0.6863,1157.16,677.23,0.7039,1111.79,741.31,0.7261,1158.86,698.78,0.3669,1125.97,763.99,0.7192,1161.12,735.64,0.5765
448,top,3,989.62,397.92,1117.14,569.29,1034.55,413.74,0.7978,1037.48,409.55,0.7735,1030.79,410.39,0.7598,1041.25,412.90,0.7395,1023.26,413.74,0.8232,1055.89,427.12,0.6800,1013.22,429.63,0.8010,1079.32,438.84,0.6425,1006.94,454.32,0.6801,1103.58,451.81,0.7168,1002.34,477.75,0.6435,1058.40,463.94,0.6318,1032.46,461.85,0.6744,1050.03,501.59,0.6795,1005.69,494.90,0.6769,1052.12,550.54,0.7581,1002.34,526.28,0.7540
448,bottom,0,1060.55,559.54,1182.34,800.75,1143.82,579.45,0.8486,1142.65,577.09,0.5565,1144.41,576.50,0.6124,1132.05,581.21,0.6802,1150.30,582.39,0.7438,1117.32,603.59,0.8260,1161.49,615.96,0.8194,1102.01,630.09,0.7271,1170.32,656.00,0.7392,1074.33,655.41,0.7737,1173.27,685.45,0.6502,1127.33,671.90,0.6977,1154.42,670.72,0.7155,1106.13,734.32,0.7469,1156.78,697.22,0.4573,1124.98,763.77,0.7619,1160.31,736.68,0.6436
449,top,4,982.70,393.95,1119.72,566.90,1034.71,410.40,0.6904,1037.83,406.83,0.6677,1030.69,406.39,0.6762,1041.40,409.96,0.6982,1023.56,409.96,0.7885,1055.22,422.45,0.6664,1013.30,428.69,0.7924,1080.20,432.70,0.6515,1008.39,456.79,0.6807,1105.18,443.41,0.6961,1007.05,481.32,0.5745,1056.56,458.13,0.6231,1030.25,459.02,0.6587,1056.56,498.71,0.6608,1010.62,499.16,0.7021,1058.35,545.54,0.7146,992.34,531.72,0.7733
449,bottom,0,1057.54,553.07,1179.90,800.87,1140.50,572.31,0.8267,1139.89,569.28,0.5615,1141.71,569.28,0.6026,1129.61,574.12,0.6734,1146.55,575.33,0.7311,1114.48,597.72,0.8363,1158.04,609.82,0.8189,1098.15,624.33,0.7367,1168.93,652.77,0.7765,1070.32,649.74,0.7918,1171.35,683.02,0.7103,1122.35,666.68,0.6868,1148.97,666.08,0.7161,1101.17,728.39,0.7482,1151.99,701.77,0.6273,1124.16,762.27,0.7349,1161.07,736.86,0.6667
450,top,1,980.75,389.10,1123.32,562.61,1037.65,406.70,0.7859,1039.97,402.99,0.7686,1033.47,403.45,0.7568,1043.68,406.24,0.7288,1026.04,407.63,0.8074,1057.14,418.77,0.6879,1014.44,428.51,0.8021,1082.20,427.58,0.6641,1011.19,454.50,0.6884,1108.19,436.40,0.7049,1012.58,477.71,0.5892,1056.21,458.68,0.6642,1029.29,460.54,0.6888,1059.46,498.13,0.7060,1014.90,500.91,0.7492,1067.35,540.83,0.7489,991.70,531.54,0.7763
450,bottom,0,1052.88,546.54,1175.47,802.47,1138.55,567.66,0.8284,1137.92,564.53,0.5546,1139.80,564.53,0.6090,1127.30,569.53,0.6908,1144.79,570.16,0.7550,1110.43,592.65,0.8342,1157.29,606.40,0.8360,1093.56,619.52,0.7459,1165.41,648.88,0.7757,1066.06,646.39,0.8103,1169.79,678.25,0.6989,1116.05,664.51,0.6895,1142.29,664.51,0.7165,1096.06,725.74,0.7653,1147.92,706.99,0.6506,1121.05,763.23,0.7341,1157.29,738.24,0.5796
451,top,1,981.20,384.56,1126.48,554.73,1040.60,402.02,0.7754,1042.49,398.23,0.7547,1036.34,398.71,0.7382,1046.27,401.07,0.7274,1029.25,402.96,0.7693,1059.52,414.31,0.7020,1016.95,425.66,0.7885,1085.53,420.93,0.6496,1014.59,451.20,0.7018,1114.85,425.66,0.6806,1018.37,474.37,0.6094,1055.26,457.35,0.6812,1030.19,459.71,0.7138,1062.83,493.76,0.7435,1016.95,499.44,0.7547,1075.12,533.96,0.7721,992.36,531.60,0.8074
451,bottom,0,1049.91,545.43,1174.41,802.68,1135.40,564.78,0.8161,1134.77,562.27,0.5632,1136.66,561.64,0.6025,1124.10,566.03,0.6927,1141.68,567.29,0.7468,1107.14,591.15,0.8460,1154.24,603.72,0.8403,1088.93,620.04,0.7622,1163.03,647.68,0.7868,1061.92,647.05,0.8161,1168.06,676.57,0.7324,1110.91,662.12,0.6858,1137.91,662.12,0.7139,1092.07,724.30,0.7683,1142.94,705.46,0.6780,1114.05,761.35,0.7334,1151.10,741.88,0.5908
452,top,3,980.40,379.90,1135.71,552.47,1044.41,395.91,0.7745,1045.92,391.87,0.7579,1040.36,392.38,0.7452,1049.97,394.90,0.7346,1033.28,396.93,0.7829,1062.10,408.55,0.7160,1021.15,421.70,0.7825,1088.39,412.60,0.6462,1020.65,446.47,0.6896,1115.18,413.61,0.6697,1029.74,463.66,0.6454,1057.55,456.07,0.6967,1030.76,456.58,0.7425,1068.67,490.96,0.7642,1017.11,496.52,0.7636,1077.27,524.83,0.7920,992.33,529.38,0.8246
452,bottom,0,1047.31,546.79,1179.98,803.43,1132.44,565.47,0.7917,1132.44,562.33,0.5586,1134.32,562.33,0.5679,1121.16,566.72,0.6950,1138.70,567.97,0.7278,1102.36,592.41,0.8300,1151.23,603.69,0.8122,1084.19,623.11,0.7617,1160.01,646.29,0.7472,1059.13,650.05,0.8035,1166.27,673.86,0.7095,1106.75,662.58,0.6590,1135.57,663.21,0.6674,1088.58,723.98,0.7744,1138.70,702.05,0.6535,1106.12,762.83,0.7259,1143.09,745.91,0.6313
453,top,3,978.53,372.02,1088.96,548.27,1048.80,387.86,0.7174,1050.96,384.42,0.7306,1044.93,384.85,0.7051,1055.26,388.72,0.7400,1038.05,390.01,0.8189,1066.88,400.77,0.7251,1026.43,414.97,0.7034,1091.83,402.92,0.4621,1026.86,439.49,0.6152,1115.93,402.06,0.2924,1041.92,451.97,0.4211,1060.85,452.83,0.6729,1035.04,454.12,0.6329,1075.05,488.11,0.6953,1016.96,493.28,0.6382,1074.62,521.68,0.7653,990.72,528.99,0.7935
453,bottom,0,1045.57,549.20,1172.16,778.30,1127.32,569.22,0.8266,1126.21,565.87,0.5515,1129.56,565.87,0.5776,1116.14,570.90,0.7084,1135.15,571.46,0.7289,1098.24,595.51,0.8208,1147.46,605.58,0.7952,1080.34,627.95,0.7421,1157.53,648.09,0.7221,1055.73,655.36,0.8165,1163.12,673.26,0.6912,1104.39,666.55,0.6483,1132.92,665.99,0.6993,1085.93,724.72,0.7575,1132.92,700.11,0.7043,1094.88,762.20,0.7639,1135.15,750.45,0.7561
454,top,3,985.31,362.96,1136.93,548.58,1056.68,379.76,0.7604,1058.16,376.31,0.7189,1052.24,376.80,0.7037,1062.11,381.74,0.6719,1045.33,383.71,0.7919,1072.48,392.10,0.7286,1033.98,406.91,0.7591,1093.21,393.58,0.5727,1032.50,432.08,0.7149,1112.95,392.10,0.6296,1049.77,439.98,0.4741,1067.54,440.96,0.6597,1040.89,440.96,0.6828,1078.40,482.92,0.7444,1022.63,485.38,0.7226,1074.45,524.87,0.7949,998.94,522.89,0.7682
454,bottom,0,1041.42,553.97,1167.55,803.49,1122.76,572.13,0.8104,1121.54,569.08,0.5768,1124.59,569.69,0.5839,1111.80,574.56,0.7330,1130.07,575.78,0.7603,1094.74,601.37,0.8388,1144.08,609.29,0.8295,1075.86,634.87,0.7548,1155.05,651.32,0.7528,1053.32,661.67,0.8088,1159.92,676.29,0.7063,1100.83,672.03,0.6649,1129.46,672.03,0.6993,1083.17,728.68,0.7769,1128.85,705.53,0.6827,1084.99,766.45,0.7829,1128.85,756.09,0.7399
455,top,1,996.56,354.26,1134.85,545.47,1061.51,370.97,0.6976,1062.91,367.24,0.6700,1057.31,368.17,0.6654,1067.11,370.51,0.6675,1050.77,373.77,0.7812,1077.85,384.51,0.7391,1040.97,399.91,0.7696,1101.19,385.44,0.4820,1041.43,426.52,0.6797,1110.06,383.11,0.4250,1067.58,426.06,0.4534,1072.71,437.73,0.6455,1045.64,437.73,0.6618,1082.51,480.21,0.7618,1029.76,483.48,0.7393,1075.51,523.15,0.7994,1008.29,521.29,0.7558
455,bottom,0,1040.52,559.37,1163.87,808.89,1118.03,578.13,0.7879,1116.81,574.47,0.5463,1119.86,575.08,0.5231,1107.06,579.96,0.7288,1125.95,581.18,0.7361,1090.62,607.37,0.8100,1139.96,614.68,0.8084,1072.34,641.49,0.7558,1151.54,654.89,0.7214,1052.24,667.68,0.7701,1156.41,678.04,0.6738,1097.32,678.04,0.6516,1125.34,678.04,0.6760,1080.26,734.69,0.7543,1125.34,709.72,0.6879,1074.17,772.46,0.7812,1127.78,760.28,0.7456
456,top,1,1007.06,346.87,1124.99,543.61,1067.47,361.66,0.7375,1069.39,358.30,0.7249,1063.62,359.26,0.7229,1072.75,361.66,0.6493,1055.94,365.02,0.7926,1079.47,377.99,0.7037,1048.73,391.92,0.7708,1089.56,381.83,0.3956,1051.13,419.30,0.6399,1106.37,377.99,0.4181,1079.47,414.98,0.4937,1076.59,432.27,0.6595,1051.13,432.75,0.6563,1086.68,473.10,0.7232,1040.57,477.90,0.7249,1079.47,519.69,0.7594,1020.39,514.41,0.7487
456,bottom,0,1038.92,562.75,1159.75,812.48,1111.53,582.74,0.7994,1110.92,579.09,0.5447,1112.75,579.70,0.5036,1101.16,584.57,0.7172,1119.46,585.79,0.7278,1085.31,612.01,0.8114,1134.09,617.50,0.8235,1067.02,647.98,0.7499,1148.11,658.35,0.7261,1051.17,671.76,0.7750,1152.99,680.30,0.6481,1093.24,683.34,0.6709,1120.67,682.73,0.6826,1075.56,740.66,0.7725,1123.11,713.83,0.6554,1066.41,779.07,0.7851,1127.38,761.38,0.7136
457,top,1,1022.56,339.63,1124.78,537.15,1072.71,357.86,0.7259,1074.63,354.48,0.6702,1068.37,354.97,0.6756,1078.01,357.38,0.6455,1061.13,359.31,0.8002,1082.83,374.26,0.6821,1056.31,384.38,0.7937,1092.96,373.29,0.3536,1063.06,413.80,0.7181,1109.84,369.92,0.4717,1085.73,397.89,0.6333,1078.97,428.75,0.6989,1057.76,430.19,0.6835,1091.51,468.77,0.7432,1051.00,476.01,0.7662,1087.17,514.59,0.7937,1032.20,506.39,0.7830
457,bottom,0,1039.58,565.68,1154.49,809.57,1104.77,585.81,0.8114,1104.77,582.24,0.5315,1105.37,582.83,0.5016,1094.06,587.59,0.7107,1113.11,588.79,0.7183,1078.58,616.18,0.7890,1128.00,619.75,0.8319,1061.31,651.31,0.7639,1142.29,661.43,0.7240,1050.00,675.72,0.7423,1147.05,679.89,0.6019,1088.70,685.84,0.6810,1116.68,684.65,0.6849,1068.45,744.79,0.7735,1120.26,715.61,0.6777,1063.09,785.28,0.8526,1127.40,762.05,0.7523
458,top,1,1032.56,334.04,1121.51,529.59,1079.42,349.70,0.8006,1079.90,345.88,0.7315,1074.65,347.31,0.7324,1083.24,350.17,0.5617,1066.53,353.99,0.7829,1084.19,372.14,0.6254,1064.62,377.39,0.7632,1079.90,397.44,0.4081,1071.30,405.08,0.7354,1102.34,415.58,0.2563,1093.27,382.64,0.6918,1081.81,428.95,0.6821,1061.28,431.81,0.6928,1098.99,461.41,0.7618,1060.80,474.78,0.7666,1095.17,508.20,0.8079,1040.75,502.47,0.8157
458,bottom,0,1039.07,566.72,1148.36,815.15,1097.35,586.01,0.7873,1097.96,582.37,0.5344,1097.96,582.37,0.5173,1087.65,587.22,0.6873,1105.84,588.43,0.7209,1071.27,616.33,0.7858,1121.61,619.37,0.8280,1055.50,651.51,0.7686,1134.96,661.22,0.7316,1048.22,673.35,0.7344,1141.02,679.41,0.6142,1082.19,687.90,0.6789,1110.09,687.30,0.6677,1062.17,746.13,0.7801,1117.37,718.83,0.6995,1063.39,788.58,0.8477,1127.68,763.11,0.7623
459,top,1,1033.73,331.32,1122.46,525.42,1084.73,347.33,0.7704,1085.68,343.54,0.7123,1080.47,344.49,0.6644,1089.47,347.33,0.5667,1071.46,350.65,0.7411,1086.63,369.61,0.6169,1072.41,370.08,0.7672,1085.68,393.77,0.3927,1074.78,395.20,0.7192,1097.05,414.63,0.2710,1095.63,372.92,0.6537,1086.63,426.95,0.6527,1066.72,428.84,0.6630,1109.85,460.59,0.8155,1067.67,474.81,0.7686,1103.69,501.82,0.8430,1043.03,504.67,0.8519
459,bottom,0,1037.11,566.44,1144.15,819.32,1090.01,586.07,0.7253,1090.63,581.75,0.5077,1091.25,581.75,0.5110,1080.75,587.92,0.6832,1099.27,588.54,0.7223,1063.46,616.94,0.7872,1114.09,620.03,0.7895,1046.18,652.75,0.7942,1128.29,660.16,0.7298,1044.94,674.36,0.7330,1135.70,678.68,0.6743,1073.96,691.03,0.6771,1102.36,691.64,0.6614,1058.53,746.59,0.7945,1114.09,726.22,0.6827,1062.85,792.28,0.8132,1125.82,761.41,0.7021
460,top,1,1033.70,329.38,1133.25,525.75,1091.63,347.02,0.7532,1092.11,343.19,0.6774,1087.31,344.15,0.6156,1094.98,346.54,0.5339,1077.25,349.42,0.7071,1090.19,368.12,0.6164,1077.25,366.68,0.7311,1086.36,390.65,0.3422,1070.06,387.29,0.7458,1100.74,364.76,0.3396,1094.03,367.16,0.5689,1091.63,425.17,0.6571,1071.49,428.04,0.6628,1117.04,455.37,0.7659,1071.97,476.46,0.7556,1113.68,494.68,0.8382,1043.69,505.71,0.7972
460,bottom,0,1031.22,566.01,1138.44,820.02,1083.59,586.35,0.7379,1084.83,582.01,0.5036,1084.21,582.01,0.5139,1073.67,587.59,0.6906,1092.89,588.83,0.7159,1056.31,616.74,0.7956,1107.16,620.46,0.7891,1038.32,652.08,0.8010,1122.04,659.53,0.7477,1038.32,674.41,0.7518,1130.72,678.75,0.7234,1066.23,691.77,0.6998,1095.38,691.77,0.6826,1055.69,747.59,0.8087,1110.26,732.70,0.7129,1060.03,795.96,0.8256,1123.28,761.23,0.7044
461,top,1,1034.34,326.31,1144.07,526.91,1095.57,343.84,0.6382,1096.06,340.90,0.5833,1090.67,340.90,0.5467,1098.51,343.35,0.5248,1081.86,346.29,0.6519,1095.57,364.90,0.5929,1080.39,363.92,0.6718,1090.18,386.94,0.3275,1067.17,379.59,0.7189,1105.37,357.07,0.3233,1092.63,366.37,0.5454,1097.53,426.12,0.6547,1077.45,429.06,0.6524,1124.96,453.55,0.7699,1072.55,475.59,0.7237,1122.02,485.87,0.8088,1044.64,505.46,0.7799
461,bottom,0,1023.14,565.31,1136.89,819.59,1077.53,585.68,0.7118,1076.91,581.95,0.4988,1078.77,581.95,0.4993,1068.22,587.54,0.7170,1087.46,588.78,0.7250,1050.84,616.10,0.7992,1101.12,619.82,0.7846,1030.97,650.86,0.8129,1116.02,658.93,0.7450,1032.21,674.45,0.7565,1125.95,678.18,0.7362,1060.77,691.83,0.6957,1090.57,691.83,0.6787,1053.32,748.33,0.8160,1105.47,731.56,0.7556,1059.53,797.99,0.8126,1117.26,771.29,0.7713
462,top,1,1034.24,327.99,1150.35,525.78,1098.57,344.80,0.6192,1100.50,341.42,0.5910,1093.74,341.42,0.5808,1104.37,343.83,0.5876,1085.53,346.25,0.6558,1103.40,366.04,0.5673,1081.67,364.11,0.6562,1103.88,384.39,0.3921,1066.70,379.08,0.6573,1108.71,358.32,0.3540,1088.43,369.91,0.4427,1102.92,424.47,0.6387,1082.15,426.89,0.6450,1128.03,451.51,0.6975,1072.98,473.24,0.6900,1128.99,477.59,0.7436,1044.00,504.63,0.7681
462,bottom,0,1016.45,563.73,1131.33,821.76,1072.63,583.13,0.7024,1072.63,579.35,0.5220,1074.52,579.35,0.4985,1063.81,585.65,0.7291,1082.71,586.28,0.7413,1046.17,614.00,0.7909,1097.20,618.41,0.7922,1026.01,647.39,0.8093,1111.06,658.73,0.7534,1024.75,673.85,0.7451,1122.40,679.52,0.7764,1056.25,690.85,0.6945,1085.23,690.85,0.6649,1050.58,747.55,0.7948,1101.61,730.54,0.7700,1060.66,799.84,0.8060,1112.95,780.31,0.8039
463,top,1,1034.16,327.68,1158.12,525.24,1099.03,344.94,0.6460,1100.96,341.57,0.6353,1094.69,342.05,0.6264,1105.79,343.50,0.6073,1087.46,346.87,0.6869,1112.06,363.76,0.6028,1082.64,365.20,0.6817,1129.90,375.33,0.5886,1072.99,386.43,0.6850,1119.29,353.14,0.5972,1090.83,381.12,0.5151,1109.16,424.05,0.6408,1086.98,425.01,0.6514,1127.97,452.99,0.6600,1077.33,468.90,0.7146,1136.66,474.21,0.7111,1046.94,500.26,0.7638
463,bottom,0,1011.49,560.35,1125.42,821.01,1068.46,581.86,0.7456,1068.46,577.41,0.5242,1070.37,578.05,0.4993,1058.91,583.77,0.7646,1078.00,585.04,0.7593,1042.37,611.77,0.7981,1092.64,616.86,0.8039,1021.37,646.14,0.8135,1107.27,658.23,0.7685,1018.18,675.41,0.7685,1118.73,680.50,0.7873,1051.28,688.14,0.7093,1079.91,688.14,0.6811,1045.55,744.13,0.8218,1097.09,730.77,0.7935,1057.64,798.23,0.8224,1107.27,784.86,0.8326
464,top,1,1036.93,332.01,1158.05,522.46,1101.67,347.73,0.6719,1102.60,344.01,0.6671,1096.56,344.94,0.6549,1106.32,345.87,0.6124,1088.65,349.59,0.7105,1115.62,364.47,0.6362,1083.07,369.58,0.7126,1144.91,362.61,0.5454,1082.61,392.37,0.6990,1144.45,357.03,0.5497,1099.81,384.46,0.5292,1113.76,422.59,0.6296,1092.37,423.52,0.6333,1128.64,455.60,0.6444,1086.33,467.69,0.7036,1138.40,474.20,0.6393,1050.52,496.05,0.6966
464,bottom,0,1003.37,558.95,1124.34,819.20,1065.13,579.79,0.7546,1065.13,575.98,0.5326,1067.03,575.98,0.5090,1055.59,581.70,0.7569,1074.02,582.97,0.7539,1038.44,609.02,0.8129,1088.63,614.74,0.8182,1018.11,644.60,0.8020,1103.88,657.31,0.7767,1012.39,675.73,0.7856,1114.68,681.45,0.7900,1046.06,684.63,0.7047,1075.93,685.26,0.6878,1037.80,739.27,0.8358,1093.08,732.28,0.8039,1051.15,795.82,0.8248,1104.52,787.56,0.8455
465,top,1,1042.94,322.08,1192.81,518.87,1107.63,350.23,0.7078,1108.11,346.32,0.6674,1102.26,347.30,0.6825,1111.53,349.74,0.5958,1093.97,352.66,0.7210,1122.75,367.79,0.6531,1088.60,375.59,0.7555,1151.05,362.91,0.6634,1095.43,397.06,0.6887,1167.63,343.88,0.7183,1112.02,382.91,0.5692,1116.90,427.31,0.6691,1097.38,427.31,0.6957,1133.48,459.51,0.6495,1098.36,468.78,0.7318,1135.92,478.53,0.7227,1058.84,488.78,0.6717
465,bottom,0,1000.36,558.66,1117.53,820.18,1061.50,580.24,0.7916,1062.14,575.77,0.5447,1063.41,576.41,0.5320,1051.28,582.15,0.7652,1070.44,582.79,0.7761,1034.68,609.61,0.8226,1084.48,614.08,0.8346,1014.89,645.36,0.8099,1100.45,657.50,0.7805,1007.86,676.65,0.8060,1110.02,684.95,0.7870,1041.70,685.59,0.7090,1071.07,685.59,0.7035,1029.57,738.59,0.8378,1089.59,735.39,0.8161,1041.06,794.77,0.8327,1102.36,791.58,0.8820
466,top,3,1050.46,327.66,1203.82,512.33,1111.17,352.60,0.7186,1111.67,347.61,0.6906,1105.18,349.10,0.6828,1116.16,350.60,0.5993,1097.19,355.59,0.7581,1125.14,369.07,0.6367,1093.69,376.56,0.7714,1154.60,368.57,0.6241,1103.18,399.02,0.6589,1178.06,354.59,0.6982,1120.15,382.55,0.5157,1118.16,429.48,0.6563,1098.19,429.98,0.6920,1141.62,458.43,0.6562,1109.67,469.91,0.7340,1136.63,477.90,0.7114,1067.24,485.39,0.6843
466,bottom,0,996.02,560.41,1118.59,827.02,1057.96,581.76,0.8642,1058.61,577.85,0.5733,1057.96,577.85,0.5610,1048.19,584.36,0.7720,1066.42,585.01,0.7864,1029.97,612.35,0.8318,1082.04,616.91,0.8336,1011.74,648.80,0.8127,1097.01,659.87,0.7915,1003.93,680.70,0.8129,1106.77,689.16,0.7669,1037.13,687.20,0.7139,1068.37,687.86,0.7066,1020.85,739.28,0.8378,1087.25,738.63,0.8132,1028.01,798.51,0.8765,1102.22,794.60,0.8703
467,top,3,1058.29,336.38,1181.32,503.65,1114.91,353.86,0.6808,1115.31,349.36,0.6459,1109.60,350.59,0.6235,1118.58,353.45,0.5890,1101.84,356.31,0.6801,1123.48,373.87,0.5796,1097.75,375.91,0.7335,1145.94,381.63,0.5026,1107.15,400.41,0.6689,1168.81,379.58,0.5945,1124.71,382.44,0.6095,1118.58,429.00,0.6352,1099.80,431.45,0.6681,1146.35,457.17,0.7338,1116.95,470.24,0.6728,1137.37,478.41,0.6998,1078.56,485.35,0.6501
467,bottom,0,991.90,566.02,1119.57,827.82,1053.82,586.99,0.8623,1054.46,583.15,0.5698,1053.82,583.15,0.5720,1044.87,588.90,0.7618,1062.76,589.54,0.7708,1025.69,617.67,0.8316,1076.83,621.50,0.8228,1007.80,652.82,0.8000,1093.44,664.96,0.7704,1000.13,685.42,0.8110,1103.03,695.64,0.7714,1033.36,691.81,0.7088,1064.68,693.09,0.7015,1012.27,741.66,0.8266,1085.77,744.22,0.8077,1010.35,802.38,0.9276,1103.03,800.46,0.8992
468,top,3,1072.56,334.46,1171.75,503.73,1114.72,352.56,0.6755,1115.54,348.84,0.6611,1109.76,349.67,0.6254,1118.43,352.97,0.5922,1101.90,354.62,0.6798,1121.74,372.39,0.5696,1098.19,373.63,0.7115,1138.27,389.75,0.4842,1106.86,400.08,0.6832,1155.63,403.80,0.5259,1125.46,380.66,0.6207,1118.85,430.66,0.5553,1099.84,432.73,0.6472,1146.54,452.15,0.7092,1117.20,467.86,0.6841,1138.27,476.95,0.6779,1082.48,490.59,0.6698
468,bottom,0,972.20,573.04,1122.35,832.65,1049.81,593.83,0.8949,1051.08,590.03,0.6009,1049.81,590.03,0.5858,1040.30,595.73,0.7972,1058.05,597.00,0.8021,1021.92,624.25,0.8277,1073.26,628.69,0.8440,1003.54,660.38,0.8097,1088.47,671.79,0.7754,995.93,691.44,0.8044,1099.25,703.48,0.8286,1028.26,699.04,0.7261,1059.95,699.68,0.7310,1004.17,747.85,0.8306,1084.67,751.02,0.8309,992.13,806.79,0.8995,1103.68,806.79,0.8991
469,top,2,1072.46,329.48,1158.56,506.08,1113.78,347.51,0.8088,1115.08,344.06,0.7659,1108.61,344.92,0.7268,1118.53,347.51,0.5964,1100.85,350.09,0.7844,1120.25,369.49,0.6302,1096.54,369.92,0.7461,1130.17,396.22,0.5277,1102.58,397.09,0.7117,1141.81,419.94,0.4798,1120.25,380.70,0.6610,1118.96,426.83,0.5978,1098.70,429.42,0.6147,1145.69,449.25,0.7432,1113.78,464.34,0.7236,1137.50,475.98,0.7297,1081.45,491.07,0.6666
469,bottom,0,969.49,584.43,1124.17,838.80,1046.21,603.56,0.8951,1047.45,599.83,0.6005,1045.59,599.83,0.5866,1036.90,605.42,0.7830,1054.91,606.66,0.7953,1018.89,633.99,0.8316,1070.43,639.58,0.8263,1000.26,670.01,0.8062,1084.09,681.19,0.7788,992.18,702.30,0.8234,1095.89,713.48,0.8250,1023.86,706.65,0.7146,1056.15,707.27,0.7025,995.91,758.19,0.8149,1084.72,760.06,0.8139,976.04,812.22,0.8214,1103.97,816.57,0.8754
470,top,1,1061.30,326.35,1157.66,509.73,1110.82,341.03,0.8040,1113.06,337.45,0.7659,1105.90,338.34,0.7278,1117.54,342.37,0.6447,1097.84,344.16,0.7936,1118.88,366.55,0.6973,1093.81,364.31,0.7695,1122.91,396.10,0.6303,1093.36,392.52,0.7250,1126.49,422.96,0.5561,1113.51,381.77,0.6243,1117.09,421.17,0.5975,1096.05,422.96,0.6127,1140.82,446.69,0.6914,1105.90,460.12,0.6952,1137.24,474.45,0.7500,1075.01,490.56,0.7423
470,bottom,0,941.10,594.59,1125.63,850.50,1042.11,616.34,1.0263,1042.74,613.21,0.7340,1042.11,612.59,0.5829,1032.74,618.21,0.7568,1049.61,619.46,0.7775,1014.00,646.95,0.8780,1066.48,651.95,0.9293,994.63,681.94,0.8462,1078.97,691.93,0.8289,986.51,713.18,0.8084,1092.72,725.67,0.8951,1019.62,715.05,0.7754,1050.86,715.68,0.7762,987.76,767.53,0.8757,1080.85,770.03,0.8855,958.39,819.39,0.9027,1105.84,826.89,0.9350
471,top,1,1055.80,321.32,1158.16,512.17,1106.52,335.67,0.8300,1110.24,331.94,0.7955,1102.32,332.41,0.7768,1115.37,336.60,0.7105,1094.87,337.53,0.8202,1117.70,361.29,0.6971,1089.28,358.50,0.7860,1115.84,391.12,0.6086,1086.01,387.85,0.7577,1114.90,420.94,0.5176,1109.78,378.53,0.6327,1112.11,413.95,0.6085,1090.21,415.34,0.6181,1131.68,443.30,0.6651,1096.27,454.95,0.7177,1136.80,474.05,0.7925,1069.71,489.90,0.7230
471,bottom,0,937.08,608.64,1127.49,854.59,1035.38,629.97,0.9355,1036.62,626.87,0.6485,1034.14,626.87,0.5532,1026.70,632.44,0.7553,1043.44,633.06,0.7597,1007.49,659.72,0.8618,1060.79,664.68,0.8860,987.65,693.81,0.8504,1072.57,704.35,0.8188,979.60,723.56,0.8348,1088.07,738.44,0.8861,1015.55,726.66,0.7544,1047.16,727.90,0.7584,981.46,771.29,0.8872,1079.39,779.34,0.8975,947.99,821.49,0.8899,1105.42,835.75,0.9437
472,top,1,1052.47,319.75,1158.52,511.19,1101.76,331.34,0.8027,1105.96,328.07,0.7730,1097.55,328.54,0.7749,1112.04,332.75,0.7455,1091.94,333.21,0.8061,1117.18,357.99,0.7335,1084.46,353.78,0.8243,1112.97,387.43,0.6416,1077.45,381.35,0.8056,1111.57,416.88,0.5720,1105.96,379.95,0.6062,1107.83,410.33,0.6495,1083.53,410.80,0.6798,1126.06,442.58,0.6994,1084.93,449.59,0.7400,1134.94,472.96,0.8133,1064.83,486.05,0.7969
472,bottom,0,938.21,619.73,1127.71,853.81,1024.94,639.31,0.9676,1024.94,636.84,0.5765,1024.32,636.84,0.6468,1017.54,643.01,0.7630,1033.58,642.39,0.7679,999.65,668.92,0.8766,1050.23,672.00,0.8435,976.83,703.46,0.8596,1062.57,711.48,0.8059,970.66,732.45,0.8104,1079.22,746.64,0.8518,1008.90,734.30,0.7547,1039.74,736.15,0.7398,976.21,771.31,0.8773,1074.90,782.42,0.8664,948.45,823.74,0.8824,1105.13,836.70,0.9156
473,top,1,1050.57,313.28,1152.35,511.73,1097.59,329.17,0.8541,1101.46,325.29,0.8451,1093.71,325.78,0.8272,1107.76,330.14,0.7855,1088.38,330.62,0.8513,1114.06,355.82,0.7748,1079.18,350.97,0.8026,1111.15,385.37,0.6910,1069.00,378.59,0.7924,1111.64,415.89,0.6179,1094.68,381.49,0.5441,1100.98,406.20,0.6362,1076.75,405.23,0.6530,1119.39,439.63,0.6765,1073.36,447.39,0.7194,1127.63,472.58,0.7708,1058.34,488.57,0.8237
473,bottom,0,938.23,624.21,1128.23,854.84,1014.06,644.28,0.9050,1013.44,640.57,0.6266,1017.15,641.19,0.6565,1004.78,647.37,0.7480,1022.72,647.37,0.8176,987.46,673.35,0.9066,1036.94,677.06,0.8400,963.96,710.46,0.8485,1047.46,718.50,0.8014,963.34,737.05,0.7876,1064.16,751.28,0.8483,997.36,736.43,0.7884,1027.05,738.29,0.7432,970.15,771.69,0.8411,1067.25,786.53,0.8088,950.35,824.26,0.9060,1104.98,837.25,0.9008
474,top,1,1043.81,313.44,1137.90,506.94,1092.74,328.46,0.8903,1096.99,325.15,0.8571,1088.49,325.62,0.8583,1103.61,329.88,0.8760,1082.82,331.29,0.8196,1110.22,354.92,0.7953,1073.85,350.66,0.7676,1109.28,386.10,0.6746,1061.09,377.59,0.7902,1110.69,417.28,0.6175,1087.55,388.93,0.5897,1095.58,403.58,0.6155,1070.07,402.63,0.6302,1114.95,437.12,0.6783,1063.45,444.20,0.6979,1115.42,472.08,0.7818,1051.64,488.61,0.8024
474,bottom,0,937.92,627.06,1124.22,854.88,1000.75,646.98,0.9529,1001.96,643.34,0.6744,1001.96,643.94,0.6318,991.05,650.61,0.8457,1008.63,650.61,0.8181,974.07,675.48,0.9289,1022.58,679.72,0.8913,951.63,713.08,0.8806,1031.07,719.75,0.8315,957.09,736.73,0.8116,1048.66,751.89,0.8243,983.16,739.76,0.7977,1011.06,741.58,0.7537,964.97,773.11,0.8504,1052.29,790.09,0.7638,948.60,825.87,0.9408,1098.99,834.97,0.8629
475,top,1,1035.04,315.83,1121.38,495.32,1087.41,330.20,0.9305,1091.36,327.13,0.9102,1083.47,327.13,0.8669,1097.93,331.51,0.8221,1077.77,332.39,0.8621,1106.26,356.05,0.8282,1067.25,351.67,0.7722,1107.13,385.42,0.7116,1054.54,378.84,0.8015,1109.32,414.78,0.6164,1074.70,395.93,0.6588,1091.36,404.26,0.6485,1064.62,403.38,0.6358,1111.08,440.63,0.7613,1055.86,441.95,0.7258,1103.19,472.62,0.7994,1043.59,485.77,0.8144
475,bottom,0,934.10,631.57,1109.86,854.70,986.51,650.45,0.9651,987.65,647.59,0.6453,986.51,647.59,0.6570,978.50,654.46,0.7451,995.09,653.88,0.7755,961.91,678.49,0.9470,1009.40,684.21,0.9004,940.17,715.67,0.9520,1014.54,721.39,0.8565,949.89,737.41,0.8221,1034.00,754.01,0.8280,968.20,742.56,0.8351,995.66,744.85,0.7910,962.48,772.89,0.8568,1039.15,790.62,0.7944,949.32,827.24,0.9600,1080.91,839.25,0.8668
476,top,1,1015.19,318.84,1115.59,499.19,1081.24,334.61,0.8724,1085.20,331.52,0.8243,1077.28,331.96,0.8173,1091.81,335.93,0.8223,1071.99,336.81,0.8369,1101.49,359.70,0.8160,1060.55,355.30,0.7488,1104.58,388.76,0.6976,1046.02,380.40,0.7662,1107.66,417.82,0.6595,1059.22,398.89,0.6513,1085.64,405.94,0.6484,1059.22,404.17,0.6039,1105.02,443.80,0.7530,1048.66,444.24,0.7071,1092.25,473.74,0.8022,1032.81,485.63,0.7914
476,bottom,0,923.03,633.31,1084.52,859.19,971.79,653.60,0.9042,973.44,650.29,0.5917,971.79,650.29,0.5811,964.07,656.36,0.7289,981.16,655.81,0.7620,949.73,681.17,0.8887,996.60,683.93,0.8363,929.87,720.33,0.8787,1001.01,724.74,0.7973,941.45,740.18,0.7493,1020.87,755.62,0.7771,953.04,746.80,0.7922,982.82,747.35,0.7208,958.00,776.03,0.8081,1025.83,788.71,0.7739,949.73,827.87,0.8595,1052.85,842.76,0.8157
477,top,1,1006.21,323.75,1112.95,497.16,1074.82,339.75,0.8677,1078.63,336.36,0.8216,1071.01,336.79,0.8191,1085.83,339.75,0.8319,1065.51,341.02,0.8098,1096.41,363.46,0.7900,1054.50,360.50,0.7131,1102.34,391.82,0.7102,1038.84,384.63,0.7676,1105.73,420.61,0.6763,1046.88,406.64,0.7388,1080.33,408.76,0.6557,1054.50,407.49,0.6090,1099.38,447.29,0.7579,1041.80,446.02,0.7319,1088.79,476.08,0.8116,1021.90,485.39,0.7934
477,bottom,0,913.22,634.76,1048.39,857.33,958.53,655.30,0.8800,957.98,652.58,0.6079,959.61,653.12,0.5370,949.29,658.56,0.7023,968.31,658.56,0.7157,937.33,683.55,0.9158,981.89,685.73,0.8287,918.86,723.22,0.8685,990.04,727.03,0.7972,928.10,743.33,0.7650,1010.69,755.83,0.8148,941.14,751.48,0.7828,970.48,750.93,0.6953,953.64,779.73,0.7902,1012.87,790.06,0.8478,948.75,829.73,0.8421,1018.84,845.49,0.7983
478,top,1,994.06,329.14,1111.41,507.05,1066.63,345.12,0.8586,1070.54,341.65,0.8210,1062.72,342.08,0.8002,1077.92,344.26,0.8336,1057.51,346.43,0.8022,1090.52,366.41,0.7814,1047.95,365.10,0.6799,1097.90,394.64,0.7019,1031.88,385.52,0.7558,1100.51,422.87,0.6697,1035.79,412.01,0.7482,1074.45,413.75,0.6580,1048.39,412.45,0.6264,1094.86,451.10,0.7387,1032.32,448.93,0.7074,1087.04,478.03,0.7888,1010.17,486.72,0.7856
478,bottom,0,900.97,636.28,1019.13,871.61,945.68,656.27,0.7352,942.81,652.25,0.4813,947.98,652.25,0.4978,935.92,659.14,0.6737,952.58,659.14,0.6404,925.00,686.15,0.8389,967.52,686.15,0.7772,907.19,725.22,0.7859,979.58,728.66,0.7678,909.49,747.62,0.6808,1004.29,752.79,0.7666,931.32,757.39,0.7436,958.90,757.39,0.6898,950.86,782.09,0.7236,998.54,797.03,0.7536,948.56,830.93,0.7703,986.48,843.57,0.7620
479,top,1,982.16,329.81,1101.79,509.01,1057.29,348.53,0.8897,1060.79,344.60,0.8478,1053.35,345.47,0.8524,1068.23,347.66,0.8689,1048.54,349.41,0.8477,1082.23,368.66,0.8087,1038.92,368.22,0.6891,1090.10,396.22,0.7446,1024.92,385.72,0.7076,1092.73,423.78,0.7011,1027.10,412.41,0.6982,1068.23,415.91,0.6996,1040.23,415.03,0.6467,1090.54,451.35,0.7652,1022.73,451.35,0.7225,1087.04,478.47,0.8304,999.54,486.35,0.7898
479,bottom,0,883.20,636.67,1013.00,844.59,931.35,656.36,0.7296,928.30,653.83,0.5187,933.38,653.32,0.4544,920.69,659.41,0.6844,938.45,658.40,0.6400,911.04,685.81,0.8402,955.71,685.30,0.7940,894.29,724.39,0.7201,965.36,725.91,0.7706,891.25,748.75,0.6590,993.79,744.18,0.7844,923.23,761.44,0.7633,945.05,760.43,0.7065,948.61,783.78,0.6865,983.13,807.64,0.7817,947.08,829.97,0.7309,956.73,839.11,0.6797
480,top,1,975.70,331.40,1101.08,505.07,1046.45,349.97,0.8736,1050.26,346.58,0.8356,1043.05,347.00,0.8542,1057.05,349.12,0.8678,1037.97,350.82,0.8513,1071.46,368.63,0.7731,1027.79,369.05,0.6730,1079.52,395.34,0.7371,1018.46,389.83,0.6172,1081.64,421.63,0.6736,1021.01,414.00,0.6448,1061.71,416.54,0.6629,1033.73,416.12,0.6244,1082.49,450.46,0.7211,1010.83,452.58,0.7301,1087.57,478.87,0.7941,989.21,489.47,0.8036
480,bottom,0,860.65,636.16,1007.74,855.98,919.71,657.52,0.7418,915.41,654.30,0.5133,920.24,653.77,0.5195,907.90,661.28,0.5833,921.85,659.67,0.6161,897.70,687.04,0.8809,941.71,684.35,0.8592,879.99,724.07,0.7767,951.37,723.53,0.8050,871.94,750.36,0.7545,986.79,735.87,0.8108,913.80,759.49,0.7628,934.73,760.02,0.7890,949.76,792.22,0.5181,963.71,816.91,0.8196,945.47,835.16,0.3961,926.68,846.43,0.5918
481,top,0,964.15,331.46,1102.64,512.67,1034.30,349.93,0.8759,1037.90,346.33,0.8355,1030.24,346.78,0.8337,1044.22,349.48,0.8671,1025.28,350.83,0.8497,1059.09,369.32,0.7675,1014.91,369.77,0.7242,1067.21,395.92,0.7347,1009.95,393.66,0.6156,1069.46,422.52,0.6616,1011.76,416.66,0.6340,1052.33,418.01,0.6564,1024.83,417.56,0.6435,1072.17,449.57,0.7373,999.58,453.62,0.7475,1086.59,477.97,0.8121,981.10,492.40,0.8183
481,bottom,1,838.96,636.58,997.24,870.62,903.81,656.47,0.7760,900.39,653.04,0.5847,905.53,653.61,0.6179,894.10,661.04,0.6921,906.10,659.32,0.7191,884.39,686.18,0.9068,927.24,684.46,0.9201,867.24,722.18,0.8184,938.10,722.75,0.7910,853.53,749.03,0.8027,976.38,726.18,0.8542,903.24,758.74,0.7749,922.67,759.32,0.7855,938.10,794.17,0.4829,941.53,822.17,0.7886,944.95,831.88,0.4950,900.96,851.31,0.6501
482,top,0,959.76,337.15,1103.55,511.40,1021.83,350.79,0.8497,1025.57,347.51,0.8467,1018.08,347.98,0.8280,1031.66,350.79,0.8892,1012.93,352.19,0.8332,1046.63,369.98,0.7522,1003.57,371.85,0.7635,1054.59,397.13,0.7248,999.83,395.72,0.6809,1056.00,423.81,0.6743,1000.76,418.66,0.6953,1042.42,419.13,0.6361,1014.80,418.66,0.6566,1063.95,450.96,0.7560,990.46,452.36,0.7799,1084.08,476.24,0.8083,978.76,494.49,0.8303
482,bottom,1,814.66,637.75,985.91,883.25,888.90,656.81,0.7760,886.50,653.81,0.5565,889.50,655.01,0.6649,877.51,661.61,0.7191,891.29,659.21,0.6850,871.52,686.18,0.8615,910.47,684.38,0.8355,855.33,720.34,0.7734,925.46,720.94,0.7571,833.16,748.51,0.8252,963.22,713.75,0.8166,893.69,759.90,0.7515,909.87,759.90,0.7626,930.25,795.26,0.5479,922.46,825.83,0.7735,942.24,828.23,0.6301,880.51,860.60,0.7050
483,top,1,956.13,336.53,1098.50,511.44,1007.39,353.08,0.8122,1011.10,349.37,0.7892,1003.68,349.84,0.7852,1018.51,352.62,0.8320,999.05,354.47,0.7602,1034.73,371.16,0.7442,991.63,373.94,0.7944,1044.00,398.96,0.7298,988.85,398.96,0.7235,1045.39,426.30,0.6898,988.39,423.06,0.7198,1033.80,418.89,0.6250,1005.07,418.42,0.6728,1056.05,450.40,0.7262,981.44,453.18,0.7990,1079.22,475.89,0.8104,977.27,494.89,0.8527
483,bottom,0,796.09,639.91,964.65,896.56,875.99,659.21,0.6968,873.48,657.33,0.4881,874.73,657.33,0.5788,865.33,664.22,0.6427,879.12,662.34,0.6722,860.32,687.40,0.8229,897.29,686.15,0.7805,841.52,721.24,0.7555,912.96,719.99,0.7520,815.83,743.17,0.7750,946.79,701.81,0.8346,883.50,760.72,0.7511,897.29,761.97,0.7533,912.96,798.31,0.6278,904.18,824.63,0.7846,938.65,829.64,0.7538,860.95,867.87,0.7229
484,top,1,956.30,331.99,1089.97,511.71,997.25,354.27,0.9032,1000.76,350.33,0.8901,992.86,350.76,0.8508,1007.34,352.96,0.8867,987.59,354.71,0.8240,1023.57,372.70,0.7380,981.01,375.77,0.8167,1034.98,401.22,0.7458,977.94,401.66,0.7501,1037.17,427.99,0.7009,977.94,426.23,0.7370,1026.20,419.65,0.6220,996.81,419.65,0.6948,1049.90,453.44,0.7180,974.43,454.75,0.8280,1071.84,475.38,0.8077,976.18,495.56,0.8875
484,bottom,0,779.80,644.50,964.31,900.55,864.55,661.25,0.6214,861.42,660.00,0.4447,864.55,660.00,0.5724,852.05,666.88,0.6367,865.80,665.00,0.6358,848.30,690.01,0.7838,883.93,686.88,0.7441,827.67,722.52,0.7442,907.06,721.26,0.7196,798.91,736.89,0.7262,923.31,695.64,0.7946,869.55,762.52,0.7313,885.18,763.77,0.7544,905.18,800.65,0.6079,891.43,827.53,0.7590,924.56,835.66,0.7596,847.67,870.04,0.7081
485,top,0,954.67,326.77,1077.68,511.18,986.01,355.49,0.8503,989.61,350.99,0.8639,981.51,351.89,0.7850,996.81,353.69,0.8542,977.01,355.04,0.7977,1013.47,373.05,0.7325,971.15,377.55,0.8131,1026.98,400.96,0.7145,967.55,404.12,0.7555,1034.63,429.33,0.6756,968.45,427.53,0.7457,1017.07,421.22,0.6383,989.16,421.67,0.6839,1040.49,455.44,0.6954,969.80,456.34,0.8026,1060.75,475.25,0.7914,975.65,495.96,0.8388
485,bottom,3,763.79,644.96,925.25,898.57,852.57,662.18,0.7362,850.09,660.94,0.5454,851.95,659.70,0.6321,838.33,668.99,0.7045,853.19,665.89,0.7236,834.61,690.66,0.8017,871.76,689.42,0.7610,815.42,721.61,0.7359,900.86,714.18,0.8508,784.46,725.95,0.7388,902.10,679.51,0.7929,860.00,763.10,0.7404,875.47,763.72,0.7754,892.19,805.20,0.5715,885.38,825.01,0.7936,903.34,842.97,0.6890,840.80,873.93,0.7319
486,top,1,949.86,327.63,1062.63,511.77,979.27,354.51,0.8619,982.87,350.47,0.8493,974.78,350.92,0.8064,989.16,352.72,0.8586,970.28,354.96,0.7856,1004.90,371.15,0.7057,962.64,378.34,0.8020,1021.53,396.77,0.7253,958.14,402.62,0.7336,1032.32,422.85,0.6661,956.80,419.70,0.7381,1010.74,420.15,0.6308,983.77,422.40,0.6767,1033.22,456.57,0.6972,966.24,457.91,0.7586,1047.61,476.80,0.7234,975.23,496.13,0.8317
486,bottom,0,754.91,644.45,901.45,899.37,837.52,661.13,0.7086,834.40,659.89,0.5344,836.27,658.64,0.6303,822.58,667.98,0.7043,837.52,664.87,0.7152,820.71,690.38,0.7883,858.05,685.40,0.7225,802.66,717.77,0.7623,894.15,699.10,0.7304,775.28,712.17,0.7737,876.73,668.60,0.8437,852.45,761.95,0.7409,866.77,762.58,0.7607,876.10,801.79,0.5301,875.48,822.32,0.7789,872.37,848.46,0.6460,838.14,875.85,0.7404
487,top,0,939.85,334.95,1050.33,511.34,972.27,352.52,0.8707,975.71,348.65,0.8192,967.96,349.51,0.8057,982.17,351.23,0.8685,963.23,353.82,0.7861,998.54,368.03,0.7155,955.90,376.21,0.8019,1016.62,390.85,0.7435,950.31,397.74,0.7003,1029.54,415.40,0.7265,948.15,409.37,0.6891,1004.13,418.84,0.6369,979.16,421.43,0.6689,1022.65,457.60,0.7141,964.09,458.46,0.7349,1038.59,479.13,0.6570,975.71,496.35,0.7484
487,bottom,1,747.92,644.69,893.15,897.58,819.92,660.00,0.6155,816.21,659.38,0.4278,820.54,657.53,0.5212,808.81,667.41,0.6104,824.24,663.09,0.6563,806.95,688.40,0.7289,845.85,679.76,0.6534,793.37,713.10,0.7548,884.13,677.29,0.7446,769.29,698.28,0.7109,856.35,658.76,0.7258,843.38,759.40,0.6927,860.67,756.93,0.7266,860.05,808.18,0.6476,867.46,814.97,0.7387,850.17,860.66,0.6306,838.44,876.71,0.7068
488,top,0,933.29,333.25,1037.80,512.64,966.28,350.24,0.8252,970.22,345.86,0.8212,962.34,347.18,0.8333,976.35,348.93,0.8257,957.52,351.56,0.8098,992.99,365.57,0.6795,950.07,373.02,0.7681,1012.26,386.15,0.7468,941.75,401.04,0.5837,1025.84,409.37,0.7546,943.50,397.54,0.5226,998.69,417.69,0.6204,973.72,420.31,0.6388,1014.45,458.85,0.7057,962.34,458.42,0.7347,1025.40,485.57,0.6422,974.16,496.08,0.6918
488,bottom,1,744.63,642.58,876.50,900.91,804.89,658.22,0.5572,799.84,658.22,0.3478,806.78,655.69,0.4758,794.17,668.94,0.6003,808.67,662.00,0.6357,794.80,687.23,0.7073,832.01,672.72,0.6667,784.08,707.41,0.7517,863.54,649.39,0.7645,765.15,684.71,0.7456,833.90,647.50,0.6265,831.38,749.04,0.7022,852.82,747.15,0.7494,841.47,802.65,0.7358,859.76,810.84,0.7808,823.18,860.04,0.7507,839.58,875.81,0.8298
489,top,0,927.88,331.11,1032.43,512.24,961.14,347.38,0.8491,964.68,342.96,0.8379,957.16,344.29,0.8736,971.31,346.06,0.8471,952.30,348.71,0.8073,987.67,362.86,0.6968,945.22,370.82,0.7790,1007.13,381.88,0.7686,935.49,396.47,0.6424,1022.16,405.31,0.7614,938.59,388.95,0.5000,992.98,415.93,0.6264,968.22,419.02,0.6410,1007.13,458.82,0.7186,958.05,459.26,0.7445,1015.53,492.43,0.7807,970.87,493.31,0.7141
489,bottom,1,741.06,621.94,869.69,899.10,795.23,656.32,0.7043,790.49,654.96,0.5288,793.20,652.93,0.6257,781.69,669.17,0.6123,794.55,662.41,0.6966,787.11,689.47,0.6616,821.62,671.88,0.6792,776.96,698.95,0.6214,837.86,637.37,0.7083,758.69,669.17,0.7767,829.06,631.96,0.5741,822.97,751.72,0.7595,846.65,749.02,0.7490,823.65,807.21,0.8316,853.42,813.98,0.8115,797.26,856.60,0.7799,839.21,876.23,0.8910
490,top,1,921.85,330.77,1029.63,516.77,956.67,346.57,0.8628,960.30,342.03,0.8342,952.58,343.39,0.8837,967.11,345.21,0.8489,947.59,347.93,0.8164,984.37,361.56,0.7055,940.78,369.73,0.7760,1003.44,381.08,0.7636,929.88,393.34,0.6490,1018.43,402.88,0.7682,933.06,389.26,0.5141,987.09,414.69,0.6328,961.21,417.41,0.6478,997.99,457.82,0.7237,949.86,460.55,0.7259,1006.62,496.42,0.7707,961.21,488.70,0.7493
490,bottom,0,741.03,580.67,870.04,899.76,782.94,660.75,0.8048,777.49,659.20,0.6055,781.39,658.42,0.6943,768.92,672.44,0.6783,784.50,666.21,0.7366,773.60,691.14,0.7526,809.43,671.66,0.7698,770.48,680.23,0.5877,820.34,629.59,0.7888,753.34,657.64,0.6880,805.54,596.87,0.8127,811.77,753.46,0.8475,837.48,751.12,0.8586,805.54,810.33,0.8514,847.60,817.34,0.8697,771.26,858.63,0.7895,840.59,876.55,0.9241
491,top,1,913.13,331.25,1024.70,524.26,951.95,347.18,0.8344,955.72,342.94,0.7989,948.18,343.88,0.8412,963.26,346.24,0.8379,943.47,348.59,0.7916,980.70,362.73,0.7014,936.40,369.80,0.7820,999.07,382.05,0.7564,926.51,388.65,0.6609,1013.68,401.84,0.7514,923.21,397.60,0.6751,980.23,413.15,0.6522,954.31,415.50,0.6487,990.12,458.86,0.7068,940.64,460.27,0.6967,999.55,500.32,0.7378,951.01,485.72,0.6109
491,bottom,0,729.57,568.85,875.43,903.01,772.31,661.69,0.8242,764.97,661.69,0.6246,768.23,660.06,0.7114,759.26,679.64,0.7252,769.86,670.67,0.7100,764.15,693.51,0.7876,792.71,674.75,0.8098,773.94,669.03,0.5265,807.39,633.14,0.8508,751.92,648.64,0.3884,801.68,592.35,0.9410,800.05,754.69,0.8728,825.34,751.43,0.8755,785.36,814.25,0.8383,844.92,815.06,0.9066,748.65,864.83,0.8832,844.10,878.70,0.9848
492,top,1,906.12,332.80,1022.83,529.26,947.69,349.49,0.8512,951.05,345.17,0.8166,943.37,346.61,0.8502,958.24,348.05,0.8506,939.05,350.93,0.8075,976.47,365.32,0.7138,932.34,372.03,0.7943,994.69,385.94,0.7704,923.23,392.18,0.7301,1010.52,406.57,0.7459,916.03,405.61,0.7437,975.03,417.60,0.6656,947.69,419.04,0.6690,983.66,462.69,0.7016,931.86,459.81,0.7244,993.25,505.38,0.7598,935.70,488.59,0.7052
492,bottom,0,706.69,587.97,878.77,906.16,756.99,664.72,0.8908,750.78,663.95,0.7209,751.56,664.72,0.7895,746.89,682.59,0.6915,752.33,675.60,0.7346,751.56,701.23,0.8097,781.07,681.04,0.8155,770.20,676.38,0.4837,802.05,642.97,0.8133,794.28,660.84,0.3779,803.60,607.24,0.8677,788.84,761.83,0.8987,815.25,757.16,0.8849,767.09,819.31,0.8195,842.44,815.43,0.9300,727.47,870.58,0.8889,849.43,876.02,1.0617
493,top,1,899.65,336.74,1017.29,532.25,942.72,352.88,0.8609,946.06,349.06,0.8313,938.90,350.01,0.8623,953.22,352.40,0.8705,934.60,354.78,0.7821,970.88,369.58,0.7145,927.44,377.22,0.7793,989.97,391.06,0.7534,917.90,399.65,0.7272,1006.20,413.49,0.7356,908.83,417.31,0.7347,969.45,422.56,0.6755,941.76,423.52,0.6586,976.13,465.04,0.6801,922.67,460.75,0.7365,985.20,509.43,0.7464,920.28,492.25,0.7484
493,bottom,0,687.32,615.77,880.48,914.35,740.90,676.86,0.9138,737.25,676.13,0.7003,739.44,675.40,0.6607,734.34,688.52,0.6823,740.90,681.96,0.6785,735.79,708.93,0.8970,770.78,687.79,0.8658,762.76,697.27,0.6392,798.48,660.09,0.7883,793.38,676.13,0.4517,810.88,638.22,0.8351,775.16,771.62,0.9188,802.13,765.79,0.9196,748.19,827.75,0.8449,838.58,815.36,0.8911,708.82,880.96,0.9093,853.88,873.67,0.9478
494,top,1,884.89,342.87,1011.81,541.23,938.18,359.24,0.8236,941.57,355.36,0.8312,933.82,355.85,0.8535,948.84,358.75,0.8938,929.46,360.69,0.7849,966.27,376.67,0.7332,923.17,382.97,0.7757,985.64,399.43,0.7706,913.97,407.18,0.7158,1000.65,420.74,0.7533,905.25,426.07,0.7468,964.33,427.04,0.6731,937.70,428.01,0.6669,968.69,468.69,0.6971,914.45,464.33,0.7326,977.41,514.21,0.7184,903.31,497.75,0.7293
494,bottom,0,670.28,642.92,882.08,927.39,726.17,689.31,0.9345,725.48,689.31,0.5734,728.26,685.84,0.5584,717.84,696.26,0.6990,733.12,687.92,0.7522,722.01,719.87,0.9210,762.29,695.56,0.8526,733.12,738.62,0.5628,792.84,682.37,0.5920,762.98,704.59,0.3671,813.68,669.17,0.6814,759.51,783.07,0.8753,787.29,776.82,0.8646,729.64,842.80,0.8835,832.43,818.49,0.8904,692.84,895.58,0.8869,857.43,874.05,0.9403
495,top,0,865.86,350.45,1004.95,542.64,933.06,366.77,0.8480,936.34,362.55,0.8295,928.83,363.49,0.8286,942.91,366.30,0.8477,924.61,368.65,0.8267,960.74,385.07,0.7591,918.98,391.17,0.7437,979.98,408.07,0.7972,909.13,415.10,0.6990,995.46,429.18,0.7726,901.15,434.34,0.7030,959.33,434.34,0.6596,932.59,434.81,0.6600,960.27,476.10,0.7189,906.78,469.53,0.7075,973.41,520.68,0.8055,886.13,505.20,0.7924
495,bottom,1,655.27,676.47,883.69,942.54,715.94,697.98,0.9256,715.20,696.49,0.5714,715.20,695.00,0.5682,709.25,705.41,0.7284,723.38,697.23,0.8321,711.48,731.43,0.9100,753.86,709.13,0.7978,719.66,758.20,0.6281,783.61,704.67,0.5103,751.63,724.00,0.3415,811.86,700.21,0.6274,744.20,796.87,0.8237,772.45,790.17,0.7930,712.23,858.58,0.8253,823.76,823.63,0.8181,680.25,912.86,0.8250,860.19,870.48,0.8659
496,top,1,853.80,357.22,998.71,541.62,925.79,375.84,0.8065,928.62,371.12,0.7950,921.54,372.06,0.7734,935.69,373.95,0.8589,917.77,376.78,0.7698,955.03,393.29,0.7898,912.58,400.36,0.7404,974.37,416.87,0.7598,903.14,425.36,0.7195,989.94,439.99,0.6720,898.90,446.12,0.6267,953.14,440.93,0.6683,927.20,441.87,0.6857,952.67,481.50,0.7678,897.96,480.08,0.7179,972.01,522.53,0.8081,870.60,513.10,0.7836
496,bottom,0,650.07,685.94,880.05,949.93,710.41,708.64,0.9619,708.92,706.39,0.6152,709.66,705.64,0.6043,702.93,714.63,0.7599,718.65,708.64,0.8311,701.43,743.82,0.9139,747.84,725.11,0.7861,702.93,782.75,0.7895,785.27,731.10,0.4814,712.66,761.04,0.4508,806.23,731.85,0.5550,730.62,808.95,0.8405,760.57,803.71,0.8070,700.68,866.60,0.8465,815.22,834.41,0.7921,673.73,930.23,0.8842,859.39,871.09,0.8608
497,top,1,850.32,363.34,990.28,541.40,918.48,381.75,0.7822,921.21,377.19,0.7633,913.92,378.56,0.7526,928.04,379.47,0.8343,910.73,382.66,0.7748,947.64,398.61,0.7757,904.81,404.98,0.7404,966.77,421.84,0.7789,897.06,429.13,0.7387,981.81,446.44,0.7198,897.97,452.37,0.6656,945.36,446.44,0.6630,919.84,447.81,0.6657,946.72,482.44,0.7373,892.96,481.98,0.6906,970.42,521.62,0.7831,864.72,514.33,0.7688
497,bottom,0,649.10,693.53,869.29,952.86,706.87,715.68,0.9665,708.31,712.81,0.6754,704.72,712.81,0.6578,698.99,722.13,0.7377,716.19,717.11,0.8050,693.25,754.39,0.9184,744.14,737.90,0.7981,691.82,795.96,0.8566,781.42,757.25,0.6265,696.84,773.02,0.5787,785.00,760.84,0.3945,719.06,819.61,0.8071,751.31,814.59,0.7706,692.54,874.09,0.8492,803.64,845.42,0.7992,671.03,932.86,0.9230,853.09,881.97,0.8298
498,top,1,850.67,363.34,982.83,540.83,909.38,380.58,0.7758,911.98,376.25,0.7733,905.05,377.98,0.7997,919.35,379.72,0.8138,901.15,382.75,0.7374,938.85,400.08,0.7351,895.08,405.72,0.7289,957.92,423.05,0.7393,889.88,429.55,0.7005,972.65,448.19,0.7024,895.52,450.35,0.6309,937.12,449.05,0.6516,911.55,449.05,0.6401,942.32,483.29,0.7097,885.55,480.69,0.6746,967.88,519.25,0.7555,863.88,513.62,0.7712
498,bottom,0,647.97,696.39,862.17,951.90,704.17,716.77,0.9628,704.17,713.28,0.7035,701.38,713.28,0.6350,696.50,723.04,0.7409,713.24,718.86,0.7966,689.53,755.81,0.8991,742.52,741.17,0.8403,688.83,799.74,0.8541,765.53,771.85,0.7509,678.37,807.41,0.7121,776.69,789.28,0.7580,715.33,825.54,0.7788,749.49,819.26,0.7406,688.14,874.35,0.8500,794.82,855.52,0.7994,671.40,931.52,0.9209,834.56,905.03,0.8629
499,top,1,851.29,362.63,980.49,541.09,899.34,377.79,0.8013,903.26,373.87,0.7817,895.85,374.74,0.7858,910.67,377.79,0.8567,891.50,380.41,0.7929,929.40,397.84,0.7426,885.40,402.63,0.8005,948.57,420.93,0.7350,883.22,427.03,0.7091,963.82,447.51,0.7137,891.50,445.33,0.6931,928.53,447.51,0.6422,901.52,447.51,0.6558,938.12,484.10,0.6923,877.55,478.00,0.7193,966.87,519.40,0.7761,863.17,512.86,0.7887
499,bottom,0,648.51,692.28,861.36,951.22,702.28,713.66,0.9438,700.89,710.89,0.7088,699.51,710.89,0.6548,693.27,719.90,0.7323,714.06,714.36,0.8457,689.81,753.16,0.8758,741.77,736.53,0.8303,689.81,794.73,0.8171,761.86,776.02,0.8248,674.56,818.98,0.7809,752.86,798.19,0.5324,716.83,820.37,0.7305,752.16,815.52,0.7117,692.58,873.02,0.8376,793.04,860.55,0.7476,671.79,930.53,0.9309,836.00,905.59,0.8489
500,top,1,850.37,355.55,979.05,539.72,889.08,371.20,0.9093,892.68,367.15,0.8661,885.03,368.05,0.8514,901.22,370.75,0.8972,881.43,373.90,0.7927,919.20,392.78,0.7599,876.49,396.83,0.8221,937.64,414.81,0.7077,877.39,421.56,0.7589,952.03,439.09,0.6797,887.73,438.19,0.6808,919.65,442.69,0.6226,893.57,443.14,0.6794,929.99,483.61,0.6779,871.99,475.51,0.7036,961.47,515.53,0.7724,861.20,512.83,0.8118
500,bottom,0,648.85,685.55,862.09,950.73,702.71,706.38,0.9522,701.33,704.30,0.6794,700.63,703.61,0.6555,693.00,713.32,0.7356,713.82,707.08,0.8151,691.61,746.64,0.9013,742.97,729.29,0.8383,692.30,788.29,0.8199,763.10,765.39,0.8294,676.34,818.83,0.7966,748.53,786.21,0.5447,724.23,813.98,0.7253,756.86,808.42,0.7182,696.47,868.81,0.8208,797.12,853.54,0.7873,673.56,929.90,0.9254,837.38,902.83,0.8887
501,top,3,851.25,348.08,958.88,534.55,879.57,365.74,0.8992,883.67,361.64,0.8326,876.38,362.55,0.8411,892.77,365.74,0.9014,873.19,368.02,0.7640,909.61,387.14,0.7774,870.01,389.41,0.8429,930.56,411.27,0.7712,873.19,415.82,0.6863,941.94,436.76,0.6752,880.48,434.03,0.5887,911.89,439.04,0.6781,887.31,439.49,0.7216,920.09,480.92,0.7429,869.10,473.18,0.7626,949.68,512.33,0.7950,860.90,514.15,0.8114
501,bottom,0,650.61,677.58,862.53,947.83,704.14,700.26,0.9425,702.07,696.81,0.6646,702.07,696.81,0.6418,695.17,706.47,0.7420,715.87,700.26,0.8320,693.79,740.96,0.9133,744.84,722.33,0.8319,695.86,780.28,0.7987,769.68,754.76,0.8681,681.38,814.08,0.7899,754.50,778.90,0.6265,729.67,807.88,0.7096,762.09,800.98,0.7061,701.38,863.75,0.7961,803.48,845.13,0.7914,678.62,925.15,0.9042,837.28,896.87,0.8652
502,top,1,850.70,343.16,949.75,535.45,872.06,359.50,0.8512,876.28,355.27,0.7957,868.77,356.21,0.7952,885.20,359.03,0.8924,865.95,361.38,0.7483,901.63,381.09,0.7763,865.48,382.50,0.8110,922.29,406.91,0.7841,868.30,406.91,0.6252,930.74,434.61,0.6615,870.18,426.63,0.5307,904.45,432.73,0.6546,881.44,433.67,0.6984,908.20,476.39,0.7408,865.95,469.82,0.7360,934.96,508.31,0.7788,861.26,513.01,0.8186
502,bottom,0,654.05,672.67,858.91,946.50,707.01,695.27,0.9606,705.67,692.59,0.6615,703.00,691.26,0.6436,698.32,700.61,0.7350,718.38,695.27,0.8116,696.98,736.05,0.9012,747.12,716.66,0.8036,698.99,774.15,0.7855,775.20,748.75,0.8444,686.96,808.92,0.7792,761.83,772.15,0.6151,735.09,802.23,0.6721,766.51,793.54,0.6604,706.34,857.72,0.8029,807.29,835.66,0.7803,686.29,919.89,0.8826,835.37,888.47,0.8421
503,top,1,848.91,334.78,929.58,532.23,865.14,353.00,0.8270,869.48,349.63,0.7838,862.73,349.63,0.7881,878.64,353.97,0.8595,860.32,354.93,0.7027,892.14,375.66,0.7739,859.84,375.66,0.8296,912.87,402.17,0.8477,863.70,396.87,0.5622,916.72,431.58,0.7543,860.81,413.74,0.6098,898.41,427.24,0.6830,875.75,428.20,0.7283,891.18,465.80,0.7515,862.25,465.32,0.7132,916.24,505.81,0.7348,859.84,511.11,0.8324
503,bottom,0,669.51,669.37,858.35,941.43,710.79,691.82,0.9634,709.47,689.16,0.6825,708.14,687.83,0.6300,702.16,697.13,0.7651,722.09,691.82,0.7904,700.83,732.33,0.9065,751.31,713.74,0.8061,704.15,772.19,0.7864,779.87,745.62,0.8642,692.86,805.40,0.7800,767.25,770.19,0.6361,739.36,798.76,0.6876,771.24,789.46,0.6627,710.13,852.56,0.8267,807.77,830.64,0.7787,702.16,915.66,0.8556,836.33,882.45,0.8364
504,top,1,841.04,331.18,911.00,528.25,857.74,348.40,0.8372,862.07,345.03,0.7697,856.30,345.52,0.8031,871.69,349.85,0.8220,854.37,350.81,0.6078,883.24,371.02,0.7881,855.81,371.02,0.8113,902.00,398.92,0.8730,860.15,394.11,0.6742,902.49,429.23,0.7456,851.97,410.47,0.6077,889.98,422.50,0.6960,869.77,422.98,0.7314,878.91,462.43,0.7751,858.70,461.95,0.7650,896.23,502.85,0.7797,860.15,506.22,0.8115
504,bottom,0,689.28,668.04,857.72,940.87,715.55,690.55,0.9240,713.55,687.89,0.6663,714.22,686.56,0.6215,706.89,695.88,0.7894,726.87,691.22,0.7871,704.89,731.85,0.8847,754.85,713.20,0.7859,707.56,773.15,0.7965,784.16,747.84,0.8516,698.23,803.12,0.7861,772.83,771.82,0.6629,742.19,796.46,0.6949,774.83,787.80,0.6752,712.89,851.08,0.8421,807.47,829.10,0.7631,717.55,911.70,0.8741,838.78,878.39,0.8265
505,top,1,832.97,328.90,903.09,524.84,852.72,344.11,0.8328,856.07,341.24,0.7329,851.77,341.72,0.7890,866.12,347.46,0.7873,850.33,347.94,0.5781,877.12,368.98,0.8323,853.20,368.51,0.8074,891.95,398.17,0.8450,855.59,391.47,0.7427,887.65,423.52,0.7305,845.55,406.78,0.7186,885.25,422.09,0.6648,864.20,421.13,0.7246,868.03,460.83,0.7648,854.64,460.83,0.7847,879.51,503.89,0.7847,864.20,501.50,0.8116
505,bottom,0,695.29,668.74,855.67,940.76,720.36,691.85,0.8822,718.37,689.19,0.6416,719.03,687.86,0.6100,712.39,696.50,0.7919,731.65,691.85,0.7721,708.40,732.36,0.8723,759.54,715.76,0.7723,711.72,772.87,0.7977,788.10,750.96,0.8239,704.42,803.42,0.7873,779.46,776.86,0.6589,744.93,798.11,0.6950,777.47,789.47,0.6771,718.37,853.23,0.8091,808.02,829.32,0.7621,735.63,910.35,0.8475,840.56,875.81,0.8365
506,top,1,822.86,327.59,896.36,528.10,847.37,342.67,0.8891,851.28,340.22,0.7514,846.39,340.22,0.8351,861.07,346.09,0.7976,845.41,346.09,0.5722,868.91,367.14,0.8504,849.82,366.16,0.8122,880.66,398.96,0.8448,851.77,391.13,0.7462,869.40,421.48,0.7207,840.51,406.79,0.6967,877.72,421.48,0.6468,859.61,420.01,0.6429,860.59,462.60,0.7517,847.86,459.66,0.7696,864.01,507.15,0.7494,866.95,499.80,0.7430
506,bottom,0,700.94,671.91,854.55,941.39,725.77,694.15,0.8558,724.46,690.86,0.6305,723.80,690.20,0.6068,717.88,698.75,0.7680,737.62,694.15,0.7582,712.61,733.62,0.8581,764.59,719.15,0.7651,715.25,775.07,0.7937,791.56,756.65,0.8142,709.33,805.34,0.7703,784.99,781.65,0.6445,750.12,802.05,0.6826,781.70,793.49,0.6762,725.12,857.31,0.7959,808.67,830.99,0.7471,743.54,915.87,0.8240,839.59,873.76,0.8153
507,top,1,821.75,326.61,889.65,529.46,843.32,342.86,0.9006,846.78,340.38,0.7312,842.33,340.38,0.8139,856.69,345.83,0.7408,840.84,345.83,0.5998,860.65,366.63,0.8685,848.27,366.13,0.7943,869.07,399.81,0.8465,851.24,394.36,0.6836,849.76,422.09,0.6995,835.89,406.25,0.6353,868.57,422.59,0.6894,856.69,421.10,0.5488,854.21,465.18,0.7634,841.83,459.24,0.7683,863.62,511.24,0.8079,866.59,496.87,0.7401
507,bottom,0,707.85,673.12,850.20,941.82,732.45,695.95,0.8465,731.14,692.01,0.6285,731.14,691.36,0.5944,724.58,699.89,0.7602,744.26,695.95,0.7481,717.36,734.66,0.8508,769.84,722.19,0.7669,718.67,777.30,0.7585,795.43,762.21,0.8068,714.08,805.50,0.7574,788.21,787.14,0.5910,754.10,804.85,0.6702,785.59,796.98,0.6622,731.14,859.95,0.7826,811.17,835.03,0.7437,745.57,919.65,0.8258,836.10,873.07,0.7941
508,top,1,817.41,326.70,881.81,529.25,839.72,341.43,0.8435,843.18,338.96,0.7106,838.73,338.96,0.7410,852.08,344.40,0.6766,839.72,344.89,0.5294,852.58,366.16,0.8832,848.62,364.67,0.7017,854.06,400.28,0.8200,849.12,394.34,0.5441,829.34,420.55,0.7013,834.28,404.23,0.5398,860.49,422.53,0.7539,857.03,421.54,0.5709,850.60,466.05,0.7657,838.73,457.64,0.7136,863.46,512.04,0.8209,861.97,497.70,0.7251
508,bottom,0,711.35,673.63,849.05,941.37,739.02,695.07,0.8459,737.06,691.81,0.6301,737.71,690.50,0.6078,731.17,699.00,0.7770,751.44,695.73,0.7620,723.33,733.64,0.8427,775.62,721.87,0.7778,723.33,776.78,0.7520,799.81,763.05,0.7928,718.75,804.23,0.7551,794.58,785.93,0.5626,758.63,804.89,0.6605,790.00,797.04,0.6665,735.75,860.45,0.7846,812.23,836.92,0.7376,745.55,919.28,0.8279,833.80,876.79,0.7865
509,top,3,799.59,323.75,879.29,528.90,837.44,338.68,0.7209,839.94,336.68,0.6716,836.43,336.18,0.6056,849.46,341.18,0.6539,846.45,341.18,0.5096,842.44,365.72,0.8495,861.98,362.72,0.7645,839.44,398.28,0.7792,869.49,384.26,0.6973,815.90,417.31,0.6696,855.47,405.79,0.3712,846.95,425.82,0.7050,857.97,425.32,0.5753,844.95,468.90,0.7066,843.95,467.39,0.5968,861.98,509.46,0.7505,856.97,501.95,0.6208
509,bottom,0,715.12,670.47,847.25,941.39,747.46,692.17,0.8157,746.13,688.20,0.6162,746.13,687.54,0.5631,739.52,695.48,0.7936,760.02,693.49,0.7551,730.92,729.87,0.8311,783.83,719.29,0.7616,729.60,773.52,0.7364,805.66,761.62,0.7736,723.64,801.30,0.7700,800.37,782.12,0.5230,765.31,801.30,0.6346,796.40,792.70,0.6620,741.50,857.52,0.7864,814.26,832.39,0.7423,746.13,918.37,0.8342,834.10,876.04,0.7807
510,top,1,794.14,321.73,879.92,527.14,839.03,337.17,0.6178,840.04,335.17,0.5818,837.03,335.17,0.5105,844.05,339.18,0.6134,846.06,339.68,0.5751,832.51,362.25,0.8417,860.60,361.75,0.7976,828.00,393.34,0.7655,871.13,382.31,0.7373,807.44,412.40,0.7435,854.08,389.33,0.5464,839.03,419.42,0.7030,853.08,419.42,0.6711,835.52,464.05,0.6869,843.05,460.54,0.6598,855.58,504.67,0.6903,854.08,498.15,0.6479
510,bottom,0,716.43,665.80,846.46,940.49,756.63,687.80,0.8079,753.28,684.44,0.6465,757.97,683.10,0.5568,748.58,691.15,0.8045,769.37,689.14,0.8003,739.86,724.68,0.8640,791.50,714.62,0.7898,736.51,768.27,0.7454,812.96,756.20,0.7904,729.13,796.44,0.7581,809.61,780.34,0.5546,772.05,796.44,0.6372,802.90,788.39,0.6945,749.92,854.11,0.7866,818.33,827.96,0.7825,747.24,915.81,0.8424,835.76,876.91,0.7912
511,top,1,786.07,318.58,878.84,523.09,837.95,335.45,0.6610,838.45,333.96,0.5589,835.95,333.46,0.5096,837.45,337.45,0.5465,841.94,337.95,0.5636,824.47,359.92,0.8173,857.42,360.92,0.7910,817.98,390.87,0.7097,868.91,382.89,0.7493,800.50,409.35,0.7274,851.43,390.87,0.6092,831.46,414.34,0.6964,847.44,415.34,0.6736,822.47,462.77,0.6757,839.45,458.28,0.6684,846.94,490.73,0.6478,850.43,502.22,0.6015
511,bottom,0,717.63,659.88,847.05,939.05,764.62,682.24,0.7538,760.53,678.15,0.5934,765.98,676.79,0.5604,757.12,685.65,0.7213,776.21,682.92,0.7508,748.26,718.36,0.8439,800.06,709.50,0.7914,743.49,761.30,0.7812,821.87,751.07,0.8092,733.27,791.29,0.7659,819.15,775.61,0.6349,778.25,790.60,0.6586,808.24,783.11,0.7091,759.17,849.22,0.7672,822.55,824.68,0.7870,749.63,909.88,0.8399,836.18,875.12,0.7890
512,top,1,782.30,319.83,871.33,515.07,834.92,334.03,0.6771,833.96,332.60,0.5364,833.01,332.12,0.5226,831.58,335.94,0.5740,838.73,336.89,0.5440,816.80,358.82,0.7624,852.08,360.25,0.7298,810.13,387.89,0.6720,862.56,385.03,0.7031,796.31,405.53,0.6944,845.40,392.66,0.5361,823.95,412.68,0.6470,842.54,413.16,0.6540,806.32,457.49,0.7199,836.35,453.67,0.7305,833.96,484.66,0.6112,852.08,493.71,0.7047
512,bottom,0,723.36,653.71,847.25,934.14,772.30,675.48,0.7415,769.56,671.38,0.5564,773.66,670.69,0.5764,764.76,678.91,0.7027,784.62,676.17,0.7222,755.18,711.77,0.8189,807.21,703.55,0.7911,750.39,754.22,0.7878,829.81,743.26,0.8047,738.75,785.03,0.7676,829.12,769.28,0.7089,783.93,786.40,0.6615,815.43,779.55,0.7144,765.45,843.91,0.7626,823.64,822.68,0.7872,755.18,904.15,0.8090,835.97,875.40,0.7963
513,top,1,784.29,319.34,865.78,511.67,828.80,334.28,0.7156,827.86,332.87,0.4953,827.39,332.40,0.5095,822.69,337.09,0.5866,833.49,337.56,0.6100,809.07,359.16,0.7438,845.70,360.10,0.7448,804.38,388.27,0.6658,857.44,385.93,0.7397,794.05,399.54,0.6719,839.12,391.09,0.5684,816.59,409.87,0.6500,837.72,410.81,0.6586,793.11,451.66,0.7460,836.31,453.54,0.7027,819.40,480.30,0.6307,853.21,493.45,0.7697
513,bottom,0,731.19,646.27,847.64,931.10,777.59,669.08,0.7122,774.81,664.91,0.5674,778.98,663.52,0.5645,771.34,672.56,0.7238,790.81,669.77,0.7099,761.60,705.24,0.8070,813.75,697.59,0.7994,756.04,747.66,0.8045,837.40,737.92,0.8039,742.82,779.65,0.7710,837.40,764.35,0.7659,789.42,782.43,0.6671,819.32,776.86,0.7133,769.94,838.75,0.7813,824.18,819.98,0.7966,763.69,898.56,0.8189,836.01,875.61,0.8317
514,top,1,781.03,318.93,863.83,507.69,818.28,335.89,0.6868,815.98,334.51,0.4994,814.59,334.51,0.5209,814.59,338.65,0.6283,827.50,339.12,0.5902,801.69,359.85,0.7251,839.94,361.24,0.7104,795.70,392.11,0.7229,851.46,386.58,0.7405,798.92,387.97,0.4549,834.41,392.57,0.5507,809.52,407.32,0.6572,832.11,408.24,0.6750,785.10,440.04,0.7034,835.33,452.48,0.7203,802.15,480.60,0.6765,851.92,489.81,0.7615
514,bottom,0,737.29,641.18,853.92,927.03,783.04,662.68,0.7216,780.95,658.49,0.5607,784.44,657.79,0.5766,776.07,665.47,0.6982,796.30,663.38,0.7105,766.99,697.57,0.8082,819.33,691.29,0.7903,760.71,740.14,0.8065,843.76,728.98,0.7712,746.76,772.24,0.7640,846.55,755.49,0.7348,793.51,774.34,0.6659,823.52,770.15,0.7077,774.67,831.56,0.7863,823.52,818.30,0.7991,774.67,893.67,0.8114,836.08,874.13,0.8214
515,top,1,767.98,317.46,873.07,508.78,810.25,334.65,0.6005,806.98,333.25,0.4530,807.45,333.25,0.4711,807.91,338.39,0.5793,820.52,338.85,0.5520,793.90,359.87,0.7146,831.73,359.87,0.6847,788.30,390.23,0.7157,845.75,385.56,0.6758,796.24,382.76,0.3652,832.67,400.04,0.5289,804.64,407.05,0.5867,826.13,407.98,0.6056,778.49,435.07,0.6546,833.60,450.02,0.6649,781.29,478.98,0.6693,850.42,485.99,0.7118
515,bottom,0,742.73,632.64,861.66,921.01,786.00,655.02,0.7302,783.19,650.10,0.5645,788.11,649.39,0.5724,779.67,657.14,0.7081,798.67,655.02,0.7374,771.22,690.23,0.8273,822.61,682.48,0.7843,764.18,733.17,0.8144,847.96,719.80,0.7777,750.10,763.45,0.7864,853.59,747.25,0.7565,798.67,767.67,0.6647,826.84,764.85,0.7004,778.96,825.40,0.7969,824.02,815.54,0.8086,784.59,887.36,0.8083,835.99,873.28,0.8292
516,top,1,745.42,319.05,868.81,507.51,803.43,335.07,0.6589,803.43,332.77,0.4472,799.29,332.77,0.5027,800.21,338.29,0.5822,811.71,338.29,0.5238,785.03,358.53,0.6528,825.98,359.91,0.6350,775.37,384.76,0.6271,839.32,385.22,0.7082,788.25,374.18,0.4129,835.18,403.16,0.6601,797.45,405.46,0.5508,818.62,406.84,0.5579,773.53,438.59,0.6881,831.04,451.93,0.6532,765.70,475.40,0.7086,849.44,485.52,0.6832
516,bottom,0,746.32,624.70,868.24,914.91,788.15,647.24,0.7075,785.32,642.98,0.5762,790.99,642.28,0.5600,781.78,649.36,0.7289,801.62,647.94,0.7590,773.98,682.66,0.8467,825.00,674.87,0.7892,767.61,725.88,0.8155,850.50,708.17,0.7844,753.44,754.22,0.7939,858.30,737.22,0.7824,802.32,759.89,0.6802,829.96,757.05,0.7075,783.19,817.99,0.7955,824.29,810.90,0.8167,791.70,879.63,0.8068,837.04,871.12,0.8534
517,top,1,738.89,323.34,865.94,506.45,796.16,336.21,0.6470,796.16,334.42,0.3940,792.58,334.42,0.4829,791.24,338.89,0.5484,803.31,339.34,0.4844,777.83,359.46,0.5746,818.06,360.80,0.5838,763.52,378.68,0.4993,832.82,385.84,0.6257,776.49,366.61,0.3167,834.16,407.74,0.6251,790.34,409.08,0.5177,812.70,409.53,0.5321,769.78,444.40,0.5978,826.56,453.34,0.5851,756.81,472.12,0.6376,846.67,480.17,0.6014
517,bottom,0,747.07,617.33,872.30,904.65,790.05,641.04,0.7127,787.24,636.83,0.5761,792.85,635.43,0.5527,784.44,643.14,0.7181,803.38,641.04,0.7646,776.72,676.11,0.8566,827.93,667.69,0.7961,770.41,718.90,0.8304,853.18,702.77,0.8012,756.38,745.56,0.7902,861.60,731.53,0.8086,805.48,753.27,0.6905,832.84,751.17,0.7246,785.14,810.79,0.8095,827.23,804.48,0.8187,798.47,871.82,0.8263,839.15,864.80,0.8579
518,top,1,739.35,325.96,858.07,502.27,789.24,338.36,0.6376,787.09,336.64,0.4218,786.23,337.07,0.4946,786.23,340.94,0.5499,796.13,341.80,0.4684,771.59,361.17,0.6004,810.77,363.32,0.6206,750.07,370.64,0.5515,826.26,387.43,0.6304,766.00,359.45,0.3674,832.72,409.81,0.6508,783.65,410.67,0.5464,805.60,411.10,0.5584,764.28,445.97,0.6255,821.53,454.15,0.6102,753.52,475.24,0.6388,839.18,476.53,0.6189
518,bottom,0,748.76,612.43,874.34,893.62,791.64,635.64,0.7057,788.21,631.52,0.5819,793.70,630.83,0.5341,786.84,637.70,0.7055,805.37,635.64,0.7398,777.91,672.02,0.8627,830.09,663.10,0.7947,772.42,714.58,0.8328,855.49,698.79,0.8021,758.01,739.98,0.8267,864.41,727.63,0.8216,810.18,747.53,0.6922,836.95,744.79,0.7180,786.84,803.83,0.8141,830.09,796.28,0.8135,800.57,864.24,0.8447,844.50,856.69,0.8866
519,top,1,727.34,328.08,850.23,492.91,782.75,342.89,0.5973,780.33,340.08,0.4175,779.13,340.08,0.4703,780.74,344.90,0.5724,791.20,346.11,0.4492,765.04,364.22,0.6182,804.08,367.44,0.6390,740.09,365.02,0.5829,820.98,391.18,0.6730,734.06,356.98,0.6911,831.84,412.51,0.7251,777.52,413.31,0.5251,799.65,414.52,0.5395,754.58,438.26,0.6315,815.75,456.77,0.6104,748.95,472.47,0.6465,831.04,478.50,0.5645
519,bottom,0,751.45,609.96,877.79,887.24,791.60,633.51,0.7143,789.57,629.45,0.6352,792.96,628.78,0.5359,789.57,635.55,0.7136,806.50,633.51,0.7136,780.10,670.07,0.8560,832.22,659.92,0.7974,774.00,712.04,0.8327,856.59,696.47,0.8040,759.79,735.74,0.8321,866.07,724.90,0.8180,813.27,744.54,0.6967,840.35,741.15,0.7260,787.54,799.37,0.8313,834.25,789.89,0.8026,799.73,859.62,0.8286,854.56,849.46,0.8864
520,top,1,701.84,329.83,846.01,494.42,778.62,345.49,0.6737,776.27,343.61,0.5271,775.80,344.08,0.4355,774.40,347.37,0.6196,787.07,349.24,0.5768,762.19,366.14,0.6182,799.74,369.89,0.6975,734.04,364.26,0.6081,818.04,393.83,0.7405,713.39,355.81,0.7208,831.65,412.60,0.7680,773.46,415.41,0.5902,794.57,417.29,0.6115,750.93,431.84,0.6889,806.78,457.18,0.6344,748.58,471.26,0.7413,820.86,475.01,0.6031
520,bottom,0,752.56,610.20,879.18,882.65,794.58,633.34,0.7557,792.59,629.35,0.6207,794.58,628.69,0.5660,789.93,636.00,0.7074,807.89,634.01,0.7229,781.28,669.93,0.8575,833.16,659.95,0.8041,775.96,712.50,0.8446,857.11,695.87,0.8209,761.33,736.44,0.8481,867.75,725.80,0.8385,817.20,742.43,0.7050,843.81,739.10,0.7424,787.27,795.64,0.8352,839.15,785.66,0.8029,797.25,856.84,0.8329,863.10,844.20,0.8938
521,top,3,693.16,331.36,847.21,487.51,774.70,346.75,0.6606,772.69,344.24,0.5582,772.69,345.25,0.4875,772.19,347.25,0.6378,783.72,348.76,0.6249,759.15,367.81,0.6459,797.77,370.82,0.7186,730.07,366.81,0.5902,817.32,393.89,0.7396,702.99,361.29,0.6444,833.37,411.44,0.7720,768.68,418.96,0.6223,791.25,419.97,0.6323,749.62,428.49,0.7164,797.77,455.57,0.5744,748.62,470.11,0.7354,807.29,470.11,0.5442
521,bottom,0,753.87,612.86,885.03,882.03,796.45,635.07,0.7823,794.48,630.47,0.6396,796.45,630.47,0.5532,791.19,637.70,0.7271,809.59,635.73,0.7348,783.31,671.87,0.8842,834.57,661.36,0.8149,778.05,713.93,0.8528,858.22,697.50,0.8279,763.59,736.93,0.8538,868.74,727.07,0.8363,819.45,742.84,0.7063,846.39,738.24,0.7418,787.91,794.10,0.8507,846.39,784.90,0.8126,791.19,856.53,0.8675,873.34,840.76,0.8869
522,top,4,732.99,330.81,851.14,484.86,774.38,345.15,0.6716,771.68,342.46,0.5632,771.68,342.46,0.4609,770.53,346.69,0.6480,783.60,348.61,0.4839,759.38,365.92,0.6213,796.30,368.61,0.6395,731.30,372.45,0.4677,818.22,389.76,0.6633,718.23,374.76,0.3710,836.29,407.07,0.7284,766.68,415.14,0.5831,787.45,418.60,0.5527,749.76,427.45,0.6884,787.45,448.60,0.5116,747.45,468.98,0.7334,795.53,461.68,0.6231
522,bottom,0,754.54,616.49,899.08,882.38,800.20,639.08,0.8464,798.90,635.18,0.6364,798.90,634.54,0.5414,794.35,641.68,0.7682,812.53,640.38,0.7396,785.27,676.08,0.8767,835.25,665.69,0.8001,781.37,717.63,0.8222,859.27,701.40,0.8048,765.14,742.30,0.8137,870.30,731.26,0.8088,820.32,746.19,0.6791,848.88,741.00,0.7302,788.51,796.82,0.8497,854.73,786.44,0.7909,785.27,857.20,0.9048,885.24,837.72,0.8667
523,top,3,683.24,327.31,854.89,485.54,772.98,342.73,0.6472,772.42,339.38,0.5695,771.86,341.05,0.4814,772.98,342.73,0.6340,783.59,343.29,0.6033,757.89,365.64,0.6262,797.00,366.75,0.6696,728.28,379.60,0.5840,820.47,385.19,0.6935,702.58,390.22,0.6454,838.35,402.51,0.7789,766.27,415.36,0.6200,786.95,419.28,0.6245,749.51,428.77,0.6712,778.01,443.30,0.4980,747.28,470.12,0.7414,791.42,462.30,0.6899
523,bottom,0,755.09,622.56,910.35,884.19,803.98,644.78,0.9141,803.34,640.95,0.6673,802.70,641.59,0.5697,796.31,647.98,0.8086,815.47,646.70,0.7108,788.65,681.83,0.9269,837.19,671.61,0.8531,784.81,723.99,0.8474,860.83,708.66,0.8266,765.65,750.18,0.8413,871.05,738.04,0.7949,821.22,752.10,0.7232,849.97,746.35,0.7723,787.37,802.56,0.8902,865.30,790.42,0.8101,782.90,864.52,0.9515,896.60,837.69,0.8799
524,top,1,687.92,324.65,858.57,485.78,770.47,338.55,0.5784,771.03,336.33,0.5729,769.91,336.33,0.5078,773.25,340.22,0.6350,782.69,340.22,0.5720,760.47,362.44,0.6540,797.13,362.44,0.6524,738.81,383.55,0.5724,819.35,377.99,0.6839,717.70,398.55,0.6439,838.80,395.77,0.7782,768.25,412.44,0.5951,787.69,415.77,0.5897,749.36,431.32,0.6803,772.14,436.32,0.5425,747.14,469.65,0.7160,787.13,464.65,0.6770
524,bottom,0,756.62,630.69,924.84,886.55,807.62,652.43,0.9286,807.62,648.68,0.6649,805.75,648.68,0.5744,800.13,654.92,0.8121,818.24,653.67,0.7214,792.63,689.28,0.8966,840.73,679.29,0.8491,790.13,730.51,0.8362,863.84,716.14,0.8014,768.27,756.74,0.8226,873.84,744.25,0.7770,823.86,759.87,0.7030,852.60,754.87,0.7319,788.26,806.72,0.8748,872.59,793.60,0.7750,787.01,867.93,0.8961,906.94,834.83,0.8783
525,top,1,727.83,319.28,854.53,485.15,769.73,334.57,0.6497,770.97,331.68,0.5802,768.91,332.51,0.5305,774.27,337.04,0.6061,778.81,337.87,0.4931,762.72,358.49,0.7005,796.54,356.84,0.6559,751.58,384.89,0.5889,819.64,373.34,0.6413,739.62,403.86,0.6445,839.03,390.66,0.7184,771.79,410.46,0.5709,793.65,412.53,0.5517,751.17,435.62,0.6830,771.79,435.21,0.6195,746.22,470.27,0.7440,783.34,469.86,0.6955
525,bottom,0,757.61,636.90,935.08,886.18,811.66,658.08,0.9344,811.66,654.43,0.6566,809.22,654.43,0.6127,804.96,661.12,0.8054,822.61,659.91,0.7441,798.27,695.81,0.8982,845.13,685.47,0.8452,796.44,736.59,0.8285,867.65,721.98,0.7955,772.10,765.80,0.8169,876.77,749.98,0.7777,829.30,763.37,0.6896,857.30,759.11,0.7075,786.70,804.75,0.8938,877.99,796.23,0.7682,786.70,867.44,0.8697,916.33,837.01,0.8918
526,top,1,733.19,317.24,849.91,486.79,769.20,332.47,0.6660,771.68,329.99,0.5786,767.95,330.82,0.5316,776.65,333.71,0.5699,779.96,335.37,0.4927,766.71,355.65,0.7368,796.93,352.34,0.7125,764.23,382.97,0.6077,816.80,367.24,0.6727,762.57,405.74,0.5718,835.01,385.45,0.7671,772.51,411.12,0.5484,794.03,413.19,0.5038,755.95,439.27,0.6844,773.33,436.37,0.6634,744.77,471.14,0.7047,782.86,471.55,0.7295
526,bottom,0,758.16,641.86,945.81,885.87,817.17,663.08,0.9418,816.55,659.41,0.6513,814.72,659.41,0.6369,809.84,666.74,0.8166,828.16,664.30,0.7497,804.95,700.34,0.9278,850.76,688.73,0.8704,804.95,740.04,0.8143,872.14,725.38,0.8281,778.68,775.47,0.8387,878.86,752.87,0.7617,833.66,766.92,0.7232,863.59,762.64,0.7318,788.46,806.01,0.9125,887.41,800.51,0.8192,787.23,868.93,0.9172,925.28,843.27,0.9215
527,top,1,735.71,315.08,847.73,487.83,768.94,330.60,0.7821,772.74,328.07,0.6890,767.25,328.07,0.6918,782.02,331.45,0.6508,773.16,332.71,0.4507,772.32,354.22,0.7495,797.20,350.00,0.7231,775.69,380.79,0.6432,815.34,363.92,0.7193,782.86,403.14,0.6037,831.36,383.32,0.7595,776.11,409.89,0.5372,795.93,411.16,0.3909,760.93,440.26,0.6534,776.53,440.26,0.6887,746.59,471.47,0.6474,783.70,474.84,0.6919
527,bottom,0,758.78,643.11,946.31,887.43,822.02,664.55,0.9436,820.80,660.89,0.6565,818.97,660.89,0.5978,814.09,668.21,0.8559,833.01,665.77,0.6870,811.03,703.01,0.9359,854.99,688.97,0.8917,814.70,741.46,0.8356,875.74,726.81,0.8473,790.89,780.53,0.8463,880.62,751.84,0.7320,837.28,767.71,0.7299,867.80,763.44,0.7499,793.94,808.00,0.9187,896.50,797.62,0.8497,787.23,870.26,0.9332,932.51,844.63,0.9269
528,top,3,739.24,313.56,840.59,487.03,770.86,328.72,0.7987,775.52,325.76,0.7279,768.74,326.18,0.7209,784.41,329.57,0.7159,768.32,330.42,0.4287,777.63,352.01,0.8064,797.54,348.20,0.7344,786.95,379.97,0.7494,812.78,363.45,0.7602,800.08,402.41,0.7140,825.49,382.08,0.7849,780.17,409.61,0.5964,798.38,411.73,0.4187,763.66,441.80,0.7299,781.02,441.37,0.7110,751.38,473.98,0.7491,783.99,474.41,0.8057
528,bottom,0,760.31,641.32,946.39,886.21,826.09,663.21,0.8689,824.28,658.97,0.6230,824.28,658.37,0.5221,818.22,665.63,0.8061,838.21,663.82,0.6372,816.40,701.37,0.8984,859.41,685.02,0.8632,823.07,740.14,0.8016,878.79,726.21,0.8174,806.11,778.91,0.8025,877.58,754.07,0.4310,842.45,764.37,0.6821,874.55,759.52,0.7051,802.47,807.98,0.8516,901.81,792.84,0.8202,789.75,869.16,0.8986,932.10,843.11,0.9069
529,top,3,746.26,312.59,856.79,486.69,772.62,328.23,0.8515,776.45,324.83,0.8115,769.65,324.83,0.7693,785.80,329.08,0.7390,766.25,329.08,0.5612,781.97,352.03,0.8021,798.98,348.63,0.6474,796.00,379.23,0.7433,811.73,369.88,0.6287,811.73,399.64,0.7044,830.00,394.96,0.5115,788.77,408.99,0.5618,802.80,410.26,0.3419,767.95,436.61,0.7230,783.67,437.89,0.7783,762.42,472.32,0.7336,784.95,472.32,0.8209
529,bottom,0,766.03,637.17,945.98,884.61,827.61,658.80,0.8419,825.80,654.57,0.6401,825.80,653.97,0.4898,821.57,661.22,0.8084,841.51,658.80,0.6393,819.76,697.46,0.8793,861.44,679.94,0.8382,830.63,733.10,0.7809,878.35,719.21,0.7733,822.78,773.58,0.7658,872.92,748.20,0.4162,844.53,760.29,0.6202,875.94,754.85,0.6756,809.49,807.40,0.8251,904.93,791.09,0.8011,796.80,866.60,0.8533,932.72,842.44,0.8866
530,top,8,756.11,309.13,869.34,487.86,774.76,328.25,0.8929,778.69,324.75,0.7967,771.71,324.75,0.7815,784.80,329.12,0.8161,767.78,329.12,0.6600,787.85,352.24,0.7994,781.74,350.06,0.6174,803.56,378.86,0.6902,790.47,376.24,0.4299,821.02,400.24,0.5894,784.80,399.37,0.1169,794.40,406.79,0.5842,806.62,406.35,0.4586,773.02,434.28,0.7487,786.98,436.46,0.7540,776.07,473.11,0.7813,786.11,472.68,0.7996
530,bottom,0,775.90,630.36,946.30,879.78,826.39,652.77,0.8852,826.39,648.51,0.6766,823.34,647.90,0.5379,822.13,654.59,0.8258,839.79,652.16,0.6836,822.13,692.35,0.8850,862.93,674.08,0.8367,836.74,727.67,0.7975,875.71,711.23,0.7507,829.43,769.69,0.8018,859.27,740.46,0.3940,848.92,755.68,0.6373,878.76,750.20,0.7174,811.77,801.35,0.8470,903.12,792.22,0.8118,809.95,861.03,0.8483,931.74,842.76,0.8781
531,top,3,764.06,311.77,880.39,491.85,777.38,330.15,0.8868,781.34,326.63,0.8135,774.31,326.63,0.8032,787.93,330.59,0.7720,771.23,331.91,0.7177,793.21,353.45,0.7959,781.78,351.25,0.7050,810.80,381.15,0.6686,792.77,375.43,0.5028,830.58,403.13,0.6199,786.18,398.74,0.2386,805.52,406.65,0.5659,804.64,404.89,0.4492,783.10,434.35,0.6881,783.10,434.79,0.5759,788.37,474.36,0.7463,788.37,470.40,0.4393
531,bottom,0,794.77,624.58,948.23,875.19,824.39,646.48,0.9092,825.00,643.42,0.6659,821.33,642.20,0.5615,820.72,649.54,0.7480,838.46,644.65,0.7390,823.78,686.86,0.8917,859.87,667.28,0.8531,838.46,723.57,0.8131,870.28,702.77,0.7001,831.73,763.96,0.8197,849.47,727.25,0.4000,849.47,749.27,0.7178,875.17,744.38,0.7658,809.70,795.77,0.8551,895.97,789.65,0.7641,826.83,852.06,0.8785,932.07,839.83,0.8898
532,top,3,769.04,319.55,858.11,503.13,779.96,333.35,0.8708,783.55,330.67,0.7983,777.27,331.11,0.7711,790.72,334.25,0.6954,774.14,335.15,0.6971,799.23,355.76,0.8172,782.65,354.87,0.7906,816.26,383.10,0.7612,791.17,379.07,0.5760,835.98,405.06,0.7738,788.93,403.72,0.3062,804.61,409.99,0.5834,798.79,408.65,0.5332,787.58,443.61,0.7051,788.48,443.61,0.6790,806.40,479.46,0.6837,794.30,476.77,0.6848
532,bottom,0,798.21,619.23,946.89,868.25,821.48,641.60,0.8636,820.87,637.95,0.6622,818.44,637.35,0.5363,819.05,644.03,0.7506,836.07,639.17,0.7241,823.91,683.55,0.8715,856.13,660.45,0.8602,836.68,721.25,0.7777,865.86,696.32,0.7497,828.78,760.76,0.8334,846.41,720.03,0.4128,846.41,743.13,0.7393,869.51,738.27,0.7514,808.71,792.99,0.8520,885.32,784.47,0.7505,845.80,839.80,0.7871,931.52,831.90,0.8460
533,top,3,772.54,323.44,861.64,491.15,785.15,337.69,0.9116,788.43,334.41,0.8661,781.88,334.82,0.8797,795.39,338.10,0.7779,777.37,338.91,0.7149,804.81,360.62,0.7909,781.88,356.93,0.8458,823.64,388.46,0.7678,786.79,383.95,0.7062,841.66,409.75,0.7989,783.11,406.88,0.5742,810.54,411.39,0.6387,797.44,409.75,0.6570,795.39,445.78,0.7662,784.74,443.32,0.7647,818.73,480.17,0.6374,799.48,476.08,0.7352
533,bottom,0,802.46,614.05,945.34,857.04,816.95,638.25,0.9027,814.57,634.69,0.7327,814.57,634.10,0.5386,815.17,640.63,0.7809,832.37,635.29,0.6910,820.51,680.97,0.8833,851.35,656.64,0.8728,832.37,722.49,0.7433,861.44,691.65,0.7360,821.10,755.72,0.8316,841.27,711.22,0.4617,844.83,739.70,0.7606,865.59,734.36,0.7676,813.39,792.50,0.8727,870.93,782.41,0.7892,861.44,831.65,0.7439,925.51,816.82,0.8318
534,top,1,765.99,328.36,865.95,504.65,789.71,343.77,0.9169,793.59,340.32,0.8580,785.84,340.75,0.8163,800.04,343.77,0.8732,781.97,345.06,0.7298,811.23,365.29,0.8135,781.97,360.55,0.8632,829.74,391.11,0.7634,784.55,385.95,0.7843,847.82,415.21,0.8102,777.23,410.48,0.7577,817.26,414.35,0.6986,801.34,413.06,0.7530,808.65,450.51,0.6840,786.27,446.63,0.8299,836.20,490.96,0.6876,798.32,478.48,0.7981
534,bottom,0,797.97,612.85,934.87,859.00,815.34,634.36,0.9122,813.54,630.76,0.6913,811.73,630.16,0.5783,811.13,637.37,0.7516,827.96,631.96,0.7262,816.54,678.23,0.8633,847.19,653.59,0.8516,824.35,720.90,0.7333,858.61,688.45,0.7381,809.93,757.56,0.8630,839.98,710.08,0.4896,844.18,735.32,0.7514,862.81,729.32,0.7779,823.15,794.82,0.8661,858.61,779.20,0.7931,870.63,835.08,0.7617,914.50,806.24,0.8179
535,top,1,764.12,333.13,868.58,493.41,795.62,348.32,0.8900,799.14,344.79,0.8055,791.70,345.18,0.7841,804.62,349.10,0.7633,787.01,348.71,0.6929,817.14,369.45,0.7718,784.27,365.53,0.8133,836.31,394.88,0.7469,783.88,390.58,0.7799,854.31,419.14,0.7754,775.66,414.05,0.7828,823.79,417.97,0.6595,803.05,416.01,0.7200,822.62,457.10,0.7212,786.22,450.05,0.8221,847.27,491.92,0.7554,797.96,479.40,0.7663
535,bottom,0,783.40,611.34,917.57,859.44,810.51,632.42,0.9303,811.11,628.78,0.7242,805.06,628.78,0.6288,807.48,635.45,0.7940,822.62,631.21,0.7027,811.72,676.03,0.8575,840.79,651.80,0.8504,815.35,717.82,0.7644,851.09,682.69,0.6291,794.15,757.19,0.8262,832.31,705.71,0.4370,843.82,734.18,0.7289,859.57,728.12,0.7665,827.47,793.54,0.8213,849.88,772.94,0.7667,873.50,837.15,0.7970,898.94,800.20,0.8038
536,top,1,769.15,336.83,871.63,520.59,800.65,352.44,0.8179,804.69,348.86,0.8149,797.06,348.86,0.8110,810.97,352.44,0.8389,792.13,352.89,0.7841,823.98,373.98,0.7222,787.64,369.94,0.7939,843.72,397.31,0.7132,787.19,393.27,0.7007,861.66,421.98,0.7551,779.12,417.05,0.7032,829.36,419.29,0.6633,806.93,419.74,0.6364,833.85,458.77,0.7059,788.09,450.70,0.7181,856.28,496.01,0.7587,797.96,479.41,0.7665
536,bottom,0,766.56,608.29,898.17,858.84,803.62,630.80,0.9015,803.00,626.52,0.7715,801.17,626.52,0.6154,803.00,633.86,0.7823,820.13,630.80,0.6728,806.06,672.39,0.8559,835.42,648.54,0.8589,807.90,713.38,0.8339,843.38,680.35,0.5643,782.21,747.63,0.7962,821.97,704.20,0.4156,842.76,732.95,0.7651,858.67,726.83,0.7780,826.86,792.29,0.8068,841.54,766.59,0.6863,872.74,836.33,0.8353,881.30,797.18,0.7724
537,top,1,779.93,338.53,881.34,522.14,806.88,354.13,0.8821,810.47,350.54,0.8587,802.85,350.99,0.8368,816.74,354.13,0.9024,797.92,355.02,0.8176,830.64,374.75,0.7552,792.54,372.51,0.8065,851.26,398.06,0.7029,792.99,394.02,0.7225,870.09,422.26,0.7433,788.05,415.99,0.7263,835.12,419.57,0.6699,810.47,420.92,0.6931,843.64,460.81,0.7261,795.23,451.85,0.6602,863.81,499.36,0.7905,798.81,479.19,0.7764
537,bottom,0,754.45,605.21,888.72,858.04,798.13,627.30,0.8650,798.13,622.98,0.7423,797.51,622.98,0.6541,798.75,631.63,0.6886,814.18,627.30,0.7410,801.21,667.43,0.8442,829.61,643.97,0.8638,799.98,707.55,0.8574,833.31,671.13,0.5388,771.59,736.56,0.7539,803.07,662.49,0.4304,840.10,729.77,0.7359,855.53,721.75,0.7626,827.14,789.65,0.7981,825.29,747.67,0.5398,871.58,835.33,0.8716,859.85,796.44,0.7025
538,top,1,785.58,338.97,893.59,523.00,812.18,355.50,0.9347,815.78,351.91,0.9275,808.14,352.35,0.9051,822.07,355.50,0.9103,803.20,356.40,0.8737,836.89,375.27,0.7342,798.25,373.92,0.7953,858.91,397.28,0.6861,799.60,395.94,0.6466,879.13,420.65,0.7219,798.70,418.40,0.6104,841.39,420.20,0.6482,816.23,422.44,0.6613,849.02,457.04,0.7252,806.34,453.90,0.6214,865.65,501.07,0.7894,800.05,479.06,0.7418
538,bottom,0,743.98,601.87,890.24,857.14,792.80,622.31,0.8888,792.18,619.20,0.7475,793.42,619.20,0.6846,793.42,627.92,0.7392,809.63,622.31,0.6970,795.92,664.69,0.8401,823.96,639.14,0.8617,794.05,703.95,0.8672,810.25,650.36,0.6026,762.88,727.01,0.7494,790.93,644.75,0.7804,839.54,723.90,0.7489,850.76,717.04,0.7204,828.32,786.22,0.7506,815.86,735.74,0.6011,871.95,833.59,0.8564,833.93,798.06,0.6244
539,top,1,784.47,337.91,900.57,523.22,816.73,356.82,0.9100,820.35,352.75,0.8659,812.66,353.20,0.8632,827.59,356.37,0.8962,808.13,358.18,0.8513,842.52,374.92,0.7172,803.61,375.37,0.7427,865.59,395.28,0.6837,806.78,397.99,0.4586,886.40,416.09,0.7174,808.59,417.90,0.4195,847.04,421.52,0.6416,822.61,423.78,0.6468,854.28,459.07,0.7143,814.02,455.45,0.6454,866.50,502.95,0.7912,803.61,478.07,0.7508
539,bottom,0,735.31,597.49,891.43,856.56,788.07,620.13,0.8928,787.44,616.97,0.7462,788.70,617.60,0.6768,788.70,626.46,0.7414,804.52,621.40,0.7144,791.23,661.24,0.8252,819.70,636.58,0.8594,789.34,700.46,0.8630,808.31,649.23,0.5468,754.55,720.07,0.7674,786.17,639.11,0.6729,836.77,718.80,0.7387,846.26,713.11,0.6911,827.29,781.42,0.7614,809.58,732.08,0.6905,869.66,830.75,0.8713,817.17,789.64,0.7520
540,top,1,793.29,340.99,907.82,522.23,820.91,357.27,0.8731,824.45,353.29,0.8560,816.92,354.17,0.8334,831.53,355.94,0.8411,812.06,358.60,0.8190,845.69,373.20,0.7092,809.40,376.30,0.7221,871.35,392.23,0.6702,811.17,394.44,0.3856,892.59,411.25,0.7079,816.04,424.53,0.3464,852.32,420.55,0.6185,827.54,422.32,0.6325,855.42,462.14,0.7417,820.91,454.18,0.5875,866.04,502.41,0.7191,813.39,478.07,0.6833
540,bottom,0,729.70,595.95,886.92,856.19,782.90,618.06,0.8774,782.26,614.88,0.7573,784.17,615.52,0.6672,784.17,625.05,0.7364,799.42,620.60,0.7083,786.71,659.99,0.8218,814.03,636.48,0.8509,785.44,699.38,0.8562,801.96,651.10,0.5147,748.59,715.27,0.7876,778.45,639.03,0.6323,830.55,719.08,0.7340,840.72,712.73,0.6630,825.47,780.71,0.7559,807.04,733.69,0.6880,867.40,827.73,0.8486,794.97,783.89,0.7273
541,top,1,804.91,341.58,912.54,522.43,824.73,356.94,0.8631,827.82,352.97,0.8458,819.87,353.85,0.8898,834.88,354.73,0.8535,815.01,358.27,0.8120,850.34,372.84,0.7064,815.46,375.04,0.7343,875.95,388.73,0.6971,817.66,398.00,0.4926,898.02,406.39,0.7168,817.22,420.96,0.4752,856.52,422.29,0.6406,833.56,423.17,0.6685,855.19,462.91,0.7662,824.73,457.17,0.6126,865.79,501.32,0.7624,826.94,481.45,0.7431
541,bottom,0,728.20,598.75,883.52,855.32,777.67,619.30,0.8875,777.05,616.17,0.8024,778.30,616.79,0.6659,781.43,625.56,0.7440,794.59,621.80,0.6287,784.56,661.27,0.8262,808.37,638.09,0.8295,783.31,700.10,0.8685,789.58,646.23,0.6124,746.35,715.13,0.8126,765.15,642.47,0.6829,824.65,720.15,0.7471,834.05,713.88,0.6668,822.77,781.53,0.7682,800.85,739.56,0.6978,865.37,825.38,0.8357,783.31,785.29,0.7568
542,top,3,809.64,343.70,918.13,521.37,827.45,356.63,0.8983,830.92,352.29,0.8577,823.55,353.59,0.8878,837.86,354.46,0.8604,819.21,357.49,0.8223,854.78,371.81,0.6926,820.51,375.71,0.7838,880.37,386.12,0.7094,821.38,396.10,0.6625,901.62,403.04,0.7398,817.91,418.65,0.6604,860.85,422.99,0.6540,840.46,422.99,0.6847,856.51,462.46,0.7642,830.49,455.09,0.6780,866.92,500.20,0.7496,839.60,484.59,0.7450
542,bottom,0,728.41,602.75,881.22,853.38,774.22,622.82,0.8812,773.61,619.76,0.7935,773.61,620.37,0.6412,777.28,628.33,0.7870,791.35,624.66,0.5875,783.40,663.82,0.8111,804.82,641.79,0.8182,784.62,702.36,0.8585,784.01,652.19,0.6146,747.91,718.88,0.7988,755.86,650.97,0.7529,820.11,721.33,0.7398,825.01,716.44,0.6202,816.44,784.97,0.7972,790.13,739.69,0.7176,861.72,824.13,0.8307,776.06,786.80,0.7563
543,top,5,810.52,343.05,881.30,517.41,830.59,357.44,0.7754,833.99,353.18,0.7510,826.33,354.46,0.7722,841.23,355.31,0.7584,822.07,358.71,0.7095,858.68,371.91,0.6353,823.78,377.02,0.7196,882.95,385.53,0.6842,823.35,395.75,0.6452,903.38,401.71,0.7602,817.39,418.74,0.6802,866.35,421.29,0.6187,845.91,421.72,0.6092,858.68,459.60,0.7150,835.70,454.92,0.6534,870.60,496.21,0.7456,849.32,488.98,0.7024
543,bottom,0,734.95,605.13,876.00,849.33,770.30,625.88,0.9338,770.90,622.30,0.8277,769.11,622.30,0.6486,772.69,629.45,0.7825,787.00,626.47,0.6169,781.63,666.42,0.7986,801.31,645.55,0.8176,787.00,703.98,0.8375,785.80,659.86,0.5383,751.82,724.85,0.7858,753.61,659.86,0.7437,815.02,724.25,0.6759,820.38,717.69,0.5562,808.46,788.64,0.7502,779.25,734.98,0.7086,857.94,824.41,0.8098,775.07,786.85,0.7347
544,top,4,810.82,343.00,891.03,523.27,834.20,360.08,0.7797,837.72,355.67,0.7648,830.24,356.99,0.7566,844.76,357.87,0.7849,825.40,360.96,0.7080,861.49,373.72,0.6549,825.40,376.80,0.7726,885.69,387.80,0.7152,826.28,399.25,0.7139,907.26,404.09,0.7625,818.80,424.33,0.6856,872.05,420.81,0.6521,853.12,421.25,0.6637,862.37,459.10,0.7152,840.36,455.58,0.7052,877.77,496.07,0.7285,857.09,492.55,0.7074
544,bottom,0,738.26,607.54,873.35,847.48,768.90,628.51,0.8926,768.90,625.58,0.7765,765.97,625.58,0.6545,769.49,632.03,0.8101,784.72,628.51,0.5851,778.86,668.93,0.7981,797.60,650.19,0.7882,787.64,705.25,0.8149,780.03,665.42,0.5966,754.26,732.19,0.7780,747.81,671.86,0.7465,810.49,727.51,0.6647,817.52,720.48,0.5187,801.70,790.77,0.7875,772.41,735.12,0.7116,853.25,822.40,0.7692,774.17,786.67,0.7714
545,top,1,813.88,348.08,926.29,528.56,837.04,363.86,0.8167,840.57,360.33,0.7964,833.07,360.77,0.8329,848.06,361.21,0.7915,829.11,363.86,0.7234,863.92,377.96,0.6717,829.11,379.72,0.7961,889.47,392.94,0.6888,830.43,402.63,0.7592,910.18,408.80,0.7137,822.06,427.30,0.7260,878.02,420.69,0.6299,858.63,421.58,0.6591,866.56,461.23,0.7416,844.53,456.38,0.7592,886.83,498.68,0.7081,860.39,496.48,0.7217
545,bottom,0,737.12,608.16,868.23,844.08,766.96,630.51,0.8860,766.39,627.05,0.7442,763.51,627.05,0.6143,766.39,632.81,0.7947,782.52,629.93,0.5749,777.33,669.10,0.7777,795.19,651.82,0.7622,789.43,704.81,0.7803,781.36,671.98,0.5198,761.78,734.19,0.7510,746.80,679.47,0.6411,807.28,727.85,0.6334,814.77,721.51,0.4755,796.34,791.78,0.7557,771.00,735.91,0.5862,849.33,818.28,0.7328,774.45,786.02,0.5829
546,top,1,819.56,353.94,928.71,534.24,839.80,369.69,0.8549,843.32,366.17,0.8257,835.84,366.61,0.8749,851.25,367.05,0.8118,832.32,369.69,0.7035,866.21,384.22,0.6807,833.64,385.54,0.8000,892.18,400.07,0.6762,834.52,411.51,0.7713,912.87,415.47,0.6949,826.16,435.28,0.7422,884.70,422.96,0.6364,865.33,424.72,0.6645,872.82,465.66,0.7249,848.61,459.49,0.7794,896.15,506.15,0.7259,862.25,502.19,0.7384
546,bottom,0,735.25,609.28,863.87,843.08,764.17,632.00,0.8858,763.60,628.57,0.7524,761.89,628.57,0.6266,765.31,634.28,0.7975,780.15,631.43,0.5851,776.16,669.67,0.7777,792.71,653.69,0.7654,789.29,704.49,0.7829,777.87,673.66,0.5363,766.45,736.45,0.7131,749.33,685.08,0.6803,806.41,728.46,0.6158,811.55,722.75,0.4547,791.57,792.39,0.7566,767.03,733.03,0.6011,845.22,813.51,0.7221,773.87,785.54,0.5878
547,top,0,827.07,360.02,932.04,540.37,843.01,377.10,0.8472,846.53,373.14,0.7950,839.49,374.02,0.8466,854.02,374.90,0.7972,835.97,376.66,0.7118,870.31,392.95,0.6963,836.85,392.95,0.8038,895.85,409.24,0.6369,839.49,418.49,0.7694,916.98,424.21,0.6502,832.44,443.59,0.6627,890.56,429.50,0.6316,870.75,430.38,0.6593,882.64,469.13,0.7029,852.70,464.72,0.7599,904.21,515.36,0.7799,866.79,507.87,0.7557
547,bottom,1,741.17,610.58,858.01,840.90,764.73,632.39,0.8466,763.60,629.02,0.6948,761.35,629.02,0.5803,764.16,634.08,0.7854,779.35,631.83,0.5620,775.41,669.51,0.7735,792.28,653.76,0.7550,789.47,703.25,0.7676,779.91,675.13,0.5197,768.66,733.61,0.6880,752.35,684.69,0.6315,806.34,728.55,0.5995,813.65,722.93,0.4355,787.22,790.97,0.7507,767.54,731.36,0.5704,841.76,810.09,0.6956,773.16,785.34,0.5299
548,top,1,831.21,366.89,930.76,548.43,847.74,384.53,0.8394,850.85,380.54,0.8026,843.75,381.42,0.8337,857.94,382.31,0.8016,840.21,384.97,0.7268,874.34,401.37,0.6988,841.10,401.37,0.7963,900.04,417.33,0.6693,843.31,426.19,0.7884,920.43,434.61,0.6984,836.66,452.78,0.7042,893.40,437.71,0.6184,873.01,439.49,0.6575,890.74,477.16,0.6720,853.95,471.40,0.7444,909.35,523.26,0.7575,867.25,508.63,0.7716
548,bottom,0,745.99,610.54,856.50,839.19,766.07,631.64,0.8575,764.96,628.85,0.6695,762.72,628.85,0.5596,764.96,633.87,0.7806,779.47,632.20,0.5848,776.12,667.36,0.7948,793.43,655.08,0.7702,788.96,701.42,0.7591,788.40,684.67,0.5276,769.42,731.00,0.7017,765.52,684.11,0.5962,807.38,727.66,0.6043,816.32,723.19,0.4611,783.38,789.06,0.7857,768.86,732.68,0.5424,837.53,806.93,0.6839,772.21,786.27,0.4979
549,top,1,835.09,377.62,933.26,553.08,852.05,392.96,0.7931,855.48,389.53,0.7528,848.20,390.39,0.8032,862.76,391.67,0.7796,844.77,394.24,0.7189,879.47,410.09,0.6849,846.05,410.09,0.7830,906.45,426.80,0.6545,846.05,434.94,0.7000,928.30,445.22,0.6671,838.34,460.21,0.6808,898.74,447.79,0.6198,878.18,447.79,0.6275,897.03,486.77,0.6686,854.19,473.92,0.6954,917.59,529.18,0.7650,867.47,509.47,0.7488
549,bottom,0,745.57,608.49,851.76,838.30,767.81,630.82,0.8771,766.68,627.46,0.7076,764.44,627.46,0.6030,767.25,632.51,0.7688,781.27,631.38,0.6004,777.91,665.61,0.7752,796.42,653.26,0.7647,788.57,699.27,0.7220,800.35,689.73,0.4898,768.93,729.01,0.6994,781.27,717.79,0.4291,808.20,727.32,0.5924,816.62,722.84,0.4711,779.59,786.80,0.7633,766.68,732.37,0.5659,834.57,803.07,0.6730,772.86,786.24,0.5374
550,top,1,836.87,385.61,944.21,554.23,855.55,401.58,0.8553,858.84,397.47,0.8380,851.85,398.70,0.9176,866.25,399.11,0.8453,848.55,402.00,0.6898,884.78,417.64,0.6931,851.02,419.70,0.7921,911.54,434.10,0.6727,848.97,444.81,0.7014,934.18,451.81,0.7263,839.09,467.45,0.6854,902.89,457.98,0.6275,882.31,456.33,0.6425,899.19,496.68,0.6805,853.49,477.74,0.7240,924.30,536.20,0.7812,866.25,507.38,0.7701
550,bottom,0,745.83,606.32,850.36,834.12,771.95,627.90,0.8542,770.29,624.56,0.6578,768.62,624.56,0.5809,770.84,630.12,0.7316,786.41,628.45,0.5905,779.74,662.94,0.7627,801.99,650.70,0.7418,788.08,697.42,0.7170,809.22,686.85,0.4678,768.06,726.89,0.6935,788.64,716.33,0.3941,808.66,726.34,0.5661,817.56,722.44,0.4739,779.18,783.06,0.7211,767.51,735.79,0.5301,832.02,798.64,0.6533,772.51,786.96,0.5732
551,top,1,834.38,392.50,945.41,554.27,857.90,407.04,0.8696,861.06,403.48,0.8593,854.35,404.67,0.9599,868.96,405.06,0.8405,851.19,408.61,0.7303,887.52,421.65,0.6951,853.95,427.18,0.7910,913.98,437.05,0.7017,850.00,451.66,0.6965,939.66,454.82,0.7090,837.37,476.54,0.6887,905.69,461.93,0.6372,883.57,461.14,0.6565,897.00,499.06,0.7052,853.95,480.10,0.7221,924.65,536.97,0.7712,863.83,505.77,0.7693
551,bottom,0,747.05,602.36,847.81,832.84,776.61,624.19,0.7838,774.36,620.25,0.6110,774.36,620.25,0.5440,774.92,626.44,0.6963,792.36,624.19,0.6343,782.80,659.64,0.7679,809.81,646.70,0.7653,787.86,695.65,0.7224,823.88,683.27,0.6150,766.48,725.48,0.6999,801.93,709.16,0.4216,808.68,723.79,0.5871,822.19,720.41,0.5352,778.86,777.25,0.7100,774.36,736.17,0.5059,828.38,798.07,0.6497,772.67,787.94,0.5347
552,top,1,836.39,395.29,944.15,554.32,859.99,411.13,0.8213,862.71,406.47,0.8338,855.72,408.41,0.8870,870.47,406.86,0.8085,852.22,412.30,0.7269,889.11,421.23,0.6521,854.94,430.16,0.7550,916.67,435.59,0.6693,848.73,455.39,0.6600,944.24,451.12,0.7323,837.86,479.08,0.6660,908.13,460.44,0.5872,884.84,460.44,0.5932,898.42,497.71,0.6710,854.94,480.24,0.6996,924.44,536.15,0.7335,863.09,508.97,0.7540
552,bottom,0,747.15,596.92,843.90,835.58,783.87,618.94,0.8175,782.71,615.45,0.5694,781.54,614.87,0.6137,780.96,621.86,0.6648,797.27,618.94,0.7036,787.37,655.65,0.7721,817.67,643.42,0.7693,787.95,692.94,0.7414,833.98,678.96,0.7289,765.81,722.66,0.7376,827.57,708.67,0.4153,812.42,720.33,0.6408,828.15,718.00,0.6060,780.38,773.35,0.6789,778.04,730.81,0.5477,825.24,802.48,0.6676,773.38,785.58,0.6160
553,top,1,834.98,395.20,948.99,554.10,860.95,411.03,0.8110,862.50,406.37,0.8231,856.68,409.09,0.8682,869.87,405.59,0.8062,853.19,412.97,0.7121,890.05,418.40,0.6639,854.74,430.04,0.7656,918.37,430.81,0.6546,848.15,455.64,0.6644,947.08,442.84,0.7594,837.67,482.02,0.6647,910.61,455.64,0.6051,887.72,456.42,0.5924,904.79,492.88,0.6837,856.68,478.53,0.7168,925.35,534.78,0.7639,860.56,517.71,0.6990
553,bottom,0,749.02,593.27,852.93,837.05,790.86,615.76,0.8265,790.26,611.60,0.6230,789.07,611.00,0.6651,788.48,618.14,0.6880,803.95,614.57,0.7261,792.05,651.47,0.7959,825.97,639.57,0.8049,789.07,691.35,0.7912,842.04,676.47,0.8250,764.67,721.70,0.7534,846.80,712.18,0.7864,815.26,716.35,0.6899,834.30,714.56,0.6728,786.10,767.53,0.7196,789.67,746.70,0.5588,824.19,805.03,0.6852,776.57,783.60,0.5836
554,top,1,840.24,394.44,962.11,552.96,860.32,409.04,0.8261,862.70,404.28,0.8028,855.95,407.05,0.8053,869.84,403.88,0.8068,852.38,411.02,0.7468,888.88,414.99,0.6549,853.57,429.67,0.7640,917.44,425.30,0.6188,848.02,455.85,0.6385,946.40,434.43,0.7191,839.29,481.24,0.6400,913.08,449.90,0.6270,888.88,453.86,0.6337,914.66,485.60,0.6510,862.30,479.65,0.7543,924.98,531.62,0.7422,860.71,522.50,0.7321
554,bottom,0,754.07,590.60,864.28,836.86,798.95,611.53,0.8240,799.56,606.72,0.6127,797.15,606.72,0.6777,795.95,613.93,0.6579,809.78,610.93,0.6980,795.95,648.80,0.8023,834.43,637.38,0.8047,791.14,688.48,0.7797,851.86,674.65,0.8258,765.89,717.34,0.7817,857.87,710.12,0.7958,818.79,714.33,0.6842,839.24,712.53,0.6940,792.94,766.64,0.7216,800.76,751.61,0.5812,827.21,809.32,0.7221,784.53,783.47,0.5660
555,top,1,839.60,390.21,963.85,551.19,861.68,407.60,0.8385,863.30,402.34,0.8103,856.83,405.17,0.8183,870.18,401.94,0.7940,852.38,409.62,0.7631,889.19,411.24,0.6609,852.78,429.44,0.7684,918.71,420.54,0.6176,848.74,456.14,0.6502,948.24,427.82,0.7002,841.05,482.83,0.6620,913.86,446.43,0.6732,888.78,452.50,0.6735,918.71,483.24,0.6620,868.15,481.62,0.7247,932.06,530.16,0.7575,860.47,523.69,0.7666
555,bottom,0,753.93,588.91,876.38,837.02,806.67,609.38,0.8211,806.67,605.14,0.6001,804.25,604.53,0.6703,802.43,612.41,0.6613,817.58,609.38,0.7081,799.40,646.94,0.7840,842.41,636.64,0.7882,790.92,686.92,0.7883,859.98,672.38,0.8297,766.09,715.99,0.7935,868.46,708.12,0.8045,823.03,714.78,0.6769,844.23,713.57,0.6880,800.01,769.30,0.7262,809.10,757.18,0.5557,832.11,813.52,0.7269,800.01,787.47,0.4249
556,top,1,840.93,385.29,968.04,545.83,863.52,403.91,0.8339,865.18,398.94,0.7933,858.14,401.01,0.7871,871.80,399.36,0.7894,854.01,405.15,0.7645,890.83,408.05,0.6749,854.01,427.91,0.7847,919.80,416.32,0.6161,850.28,454.80,0.6680,948.76,421.29,0.6947,844.49,481.28,0.6882,914.00,445.28,0.6824,888.76,451.49,0.6978,921.45,481.28,0.7046,868.90,482.11,0.7563,940.90,522.25,0.7299,860.21,523.49,0.8039
556,bottom,0,755.71,585.71,888.13,838.23,813.29,608.39,0.8273,813.29,603.46,0.5667,810.82,602.84,0.6460,808.36,611.48,0.6761,824.39,608.39,0.7011,803.42,644.77,0.7795,848.43,634.90,0.7746,792.33,685.46,0.7797,867.54,671.28,0.8225,768.28,711.97,0.7879,878.64,707.65,0.7933,828.70,715.05,0.6661,850.90,713.20,0.6770,806.51,766.84,0.7251,816.99,755.74,0.5608,834.25,816.16,0.7189,815.14,792.11,0.5278
557,top,1,842.57,381.56,975.16,542.84,868.29,398.32,0.8385,870.02,393.58,0.7949,863.12,395.30,0.7783,875.63,394.44,0.7813,857.51,400.05,0.8211,893.33,403.93,0.6759,857.07,424.22,0.7886,921.81,410.84,0.6363,854.05,450.55,0.6704,951.16,415.16,0.6705,849.74,474.72,0.6583,914.04,445.80,0.6873,888.15,451.84,0.7154,925.70,479.46,0.6548,868.73,479.89,0.7468,947.71,518.74,0.7179,859.66,523.49,0.8296
557,bottom,0,759.20,584.17,897.78,838.67,819.79,606.41,0.8127,819.79,602.06,0.5678,817.93,600.82,0.6246,814.82,609.52,0.7094,831.60,606.41,0.7401,806.75,641.21,0.7876,853.97,632.51,0.7817,794.32,682.84,0.8114,875.09,671.03,0.8363,771.95,708.93,0.8059,886.90,706.45,0.8063,835.33,713.28,0.6738,857.70,711.42,0.6937,812.34,763.61,0.7635,830.36,751.18,0.6444,835.95,818.29,0.7557,827.25,795.92,0.6527
558,top,1,842.11,377.48,964.98,540.56,873.55,395.03,0.8322,875.95,390.23,0.7645,868.75,392.63,0.7807,881.55,389.03,0.7595,863.55,395.83,0.8004,898.75,398.23,0.6655,861.15,418.62,0.7736,927.14,404.63,0.5961,859.15,443.42,0.6852,957.54,406.63,0.5691,856.35,467.82,0.6963,913.95,445.02,0.6416,887.55,450.22,0.6700,930.74,475.82,0.6480,865.95,479.42,0.7283,949.14,513.41,0.6831,859.55,522.61,0.8057
558,bottom,0,766.68,579.87,903.83,839.38,825.75,602.55,0.7901,825.75,598.12,0.5779,825.75,597.49,0.6337,821.32,605.72,0.7325,837.79,603.19,0.7525,811.18,637.40,0.7925,859.96,629.16,0.7733,798.51,677.31,0.8176,881.51,667.18,0.8312,777.60,704.56,0.8162,894.18,703.92,0.8204,840.96,710.26,0.6892,865.03,707.73,0.7219,821.32,762.21,0.7907,844.76,749.54,0.7094,837.79,819.87,0.7648,840.32,798.96,0.7004
559,top,1,843.21,367.84,953.86,538.43,880.62,388.16,0.6904,883.12,383.58,0.6683,876.04,384.83,0.7018,888.95,383.16,0.7069,870.63,388.16,0.8025,905.61,391.91,0.6361,866.46,411.90,0.7416,933.93,396.49,0.5710,866.88,438.14,0.5813,964.75,395.66,0.4620,865.21,461.46,0.5457,916.44,442.72,0.6265,888.95,447.72,0.6185,932.68,471.04,0.7028,868.55,477.29,0.6989,944.76,506.03,0.5750,858.97,521.44,0.7483
559,bottom,0,775.12,576.26,908.64,839.70,832.88,598.64,0.7421,830.95,594.14,0.5536,833.52,592.86,0.5806,827.73,601.22,0.7332,845.10,598.64,0.7416,816.15,633.38,0.8049,866.97,625.66,0.7797,803.29,671.97,0.8245,888.83,664.89,0.8198,784.64,698.98,0.8285,901.05,702.84,0.8185,845.74,707.34,0.6873,872.11,704.12,0.7330,830.95,760.08,0.8211,858.60,743.36,0.7603,838.67,818.61,0.8228,858.60,798.67,0.7684
560,top,1,841.94,357.53,992.76,538.48,885.44,378.29,0.7112,888.87,373.38,0.7614,882.00,374.37,0.7037,896.24,375.84,0.7960,879.54,378.78,0.7865,915.38,385.17,0.7195,874.64,403.82,0.8210,943.86,388.11,0.6516,876.60,430.82,0.7084,972.82,385.66,0.6736,875.62,452.43,0.6209,921.27,439.17,0.7063,892.80,442.12,0.7300,935.51,470.10,0.7352,872.18,476.97,0.7634,936.49,502.01,0.5606,858.93,519.68,0.8663
560,bottom,0,782.26,571.57,916.22,839.92,840.07,595.68,0.7651,838.10,591.75,0.5847,840.73,590.44,0.5788,834.17,598.96,0.7615,851.86,596.34,0.7567,822.38,629.75,0.8291,873.48,622.54,0.7988,808.62,668.40,0.8335,894.45,660.54,0.8317,792.24,695.92,0.8332,906.24,697.23,0.8239,853.17,703.78,0.7153,880.69,700.51,0.7483,840.07,759.47,0.8329,870.86,743.75,0.8132,840.73,819.09,0.8634,876.76,800.09,0.8204
561,top,1,843.34,350.97,1004.53,536.99,899.28,366.85,0.7549,900.33,363.17,0.7838,894.55,364.22,0.7618,904.00,366.85,0.7831,888.26,371.04,0.8312,922.36,377.34,0.7335,883.01,396.75,0.8134,951.75,378.91,0.6861,886.68,425.09,0.6846,980.61,374.19,0.7060,887.21,448.18,0.5940,927.09,435.58,0.7038,899.28,436.63,0.7376,936.53,470.74,0.7766,879.86,474.41,0.7720,928.14,502.22,0.6686,858.35,515.86,0.8315
561,bottom,0,793.05,572.39,921.95,839.69,849.02,595.10,0.7802,847.71,591.18,0.5597,850.32,590.53,0.5393,842.49,598.36,0.7211,859.46,595.75,0.7236,828.79,629.03,0.8452,881.00,622.51,0.8228,814.43,668.84,0.8285,901.88,661.01,0.8343,800.73,692.33,0.8219,914.28,697.55,0.8114,859.46,703.43,0.7228,888.18,699.51,0.7504,847.06,760.20,0.8467,884.26,746.50,0.8358,845.76,820.89,0.8849,896.66,802.62,0.8537
562,top,1,851.23,345.02,1005.49,534.73,905.26,361.04,0.7417,907.77,357.53,0.7556,901.75,358.53,0.7309,913.30,361.54,0.7683,896.73,366.06,0.7851,930.87,372.59,0.7051,892.21,390.67,0.7961,957.48,372.59,0.6636,894.21,415.77,0.6104,983.59,365.56,0.6638,901.24,423.81,0.4839,931.87,433.35,0.6650,906.27,432.85,0.6919,934.89,472.51,0.7361,885.18,473.02,0.7533,920.83,505.66,0.7443,864.09,510.68,0.8100
562,bottom,0,801.81,575.51,929.39,844.36,857.07,596.38,0.8217,855.75,593.10,0.5598,857.07,592.44,0.5458,849.85,599.66,0.7285,867.57,597.69,0.7568,836.72,630.51,0.8342,889.23,625.92,0.8290,821.62,668.58,0.7875,910.23,665.30,0.8323,809.15,692.21,0.7899,922.71,699.43,0.8276,864.29,706.00,0.7226,893.82,702.72,0.7404,852.47,763.10,0.8408,899.08,751.94,0.8233,853.78,824.15,0.8616,916.80,806.42,0.8354
563,top,1,860.93,339.43,1003.82,529.33,915.17,356.24,0.6784,917.49,352.98,0.7048,911.45,353.91,0.6997,922.61,357.64,0.6760,905.40,361.36,0.8052,938.42,368.80,0.7079,900.28,386.01,0.7937,959.35,368.33,0.6758,900.75,412.98,0.7819,983.07,359.96,0.6782,918.89,420.43,0.6190,937.03,431.12,0.6092,911.91,427.87,0.6611,931.91,472.05,0.7312,892.84,467.87,0.7425,918.42,507.87,0.7520,873.31,506.47,0.7898
563,bottom,0,810.71,578.50,950.78,849.17,865.55,600.84,0.8382,863.56,596.87,0.5381,865.55,596.87,0.5634,857.62,603.48,0.7313,875.46,602.16,0.7621,844.40,635.20,0.8855,897.27,631.23,0.8571,829.20,671.54,0.7533,918.41,670.22,0.8228,819.29,692.69,0.7310,929.64,703.92,0.7821,868.85,709.21,0.7342,898.59,705.91,0.7542,856.96,766.70,0.8544,913.79,757.45,0.8222,860.92,828.16,0.8785,935.59,807.67,0.8471
564,top,1,873.61,332.08,1006.18,527.77,924.61,350.62,0.6617,926.52,347.75,0.6820,920.31,348.71,0.7047,931.78,353.01,0.6834,914.58,355.88,0.7768,945.15,365.91,0.6979,909.32,381.20,0.7636,961.40,364.95,0.6192,909.32,409.38,0.6998,980.99,354.44,0.7230,931.78,409.38,0.5164,942.29,427.54,0.6193,918.40,424.20,0.6697,933.21,467.67,0.7158,905.02,462.42,0.7171,918.40,505.89,0.7830,890.21,496.81,0.7170
564,bottom,0,821.75,584.35,972.33,850.33,875.61,606.30,0.9288,873.66,603.05,0.6387,875.61,603.05,0.6211,866.52,608.89,0.8049,885.35,608.89,0.8199,852.23,641.36,0.9059,905.48,638.12,0.8861,836.65,677.73,0.7572,925.61,675.78,0.8263,828.85,696.56,0.6600,937.30,707.60,0.7797,874.96,714.09,0.7611,903.53,710.85,0.7535,860.67,770.59,0.8513,928.86,761.50,0.8172,861.97,832.28,0.9324,955.48,812.80,0.8378
565,top,1,896.77,327.40,995.60,526.30,934.05,345.75,0.6749,935.50,342.84,0.6773,929.68,343.81,0.7083,939.87,347.21,0.7081,923.36,350.61,0.7894,951.04,360.81,0.7103,918.51,375.37,0.7899,962.21,363.23,0.5533,922.88,404.51,0.7063,980.66,352.55,0.6626,946.67,398.20,0.5504,949.10,422.96,0.6631,926.28,421.02,0.6967,939.39,465.21,0.7206,917.05,462.78,0.6988,920.93,505.03,0.7974,904.91,489.49,0.6862
565,bottom,0,826.06,589.57,995.80,850.98,884.77,611.78,0.9703,884.77,607.95,0.6596,886.04,608.59,0.6056,875.83,613.70,0.7845,895.62,613.70,0.7663,861.15,644.97,0.9025,914.13,643.05,0.8547,847.75,681.34,0.7480,932.63,681.34,0.8064,840.09,699.21,0.6471,946.04,710.70,0.7630,880.94,717.08,0.7625,911.57,713.89,0.7392,864.98,771.97,0.8526,943.48,766.86,0.7878,862.43,833.88,0.9609,973.48,816.01,0.8189
566,top,3,912.85,322.29,990.39,525.17,942.21,337.55,0.6782,942.70,335.07,0.6854,936.76,336.06,0.6909,947.66,341.02,0.6843,931.31,344.48,0.7416,957.07,356.37,0.6985,927.35,369.25,0.7756,965.98,367.76,0.4981,936.76,397.98,0.6937,982.33,348.94,0.5834,961.52,381.63,0.6624,957.56,418.29,0.6535,934.78,417.29,0.6716,949.14,460.39,0.6849,928.34,459.89,0.6816,928.83,497.53,0.6439,919.92,480.69,0.5372
566,bottom,0,825.11,594.53,1015.15,849.45,895.86,614.94,0.9891,895.23,611.21,0.6448,896.48,611.83,0.5986,886.52,617.43,0.7724,906.44,617.43,0.7662,871.58,647.93,0.8996,923.86,647.31,0.8733,858.51,687.76,0.7267,942.54,686.51,0.8083,851.05,707.05,0.6306,955.61,715.77,0.7743,889.01,720.12,0.7704,919.51,718.26,0.7523,869.72,772.40,0.8506,955.61,771.78,0.8086,862.87,833.40,0.9270,988.59,821.57,0.8341
567,top,3,924.70,319.98,985.61,518.20,950.31,335.37,0.6950,951.28,331.98,0.6888,945.47,333.44,0.6576,955.15,337.31,0.6531,939.18,340.70,0.7490,961.93,353.76,0.7182,936.76,364.89,0.7633,966.77,372.15,0.5004,948.86,392.48,0.7385,982.73,347.95,0.5383,969.18,373.12,0.7046,964.83,415.22,0.6488,943.05,415.70,0.6451,959.51,457.81,0.6248,938.21,457.32,0.6486,936.76,495.07,0.6972,931.44,478.13,0.5719
567,bottom,0,842.91,596.33,1027.31,850.40,907.20,617.30,0.9752,907.20,614.19,0.6467,907.82,614.81,0.5953,897.90,619.78,0.8234,917.12,620.40,0.7542,883.01,650.17,0.9084,935.11,650.17,0.8701,869.98,688.01,0.6969,953.10,689.25,0.7979,863.16,713.44,0.6557,965.51,718.40,0.7871,897.90,724.60,0.7497,930.15,722.12,0.7457,876.81,774.23,0.8577,966.13,774.23,0.8198,863.78,834.39,0.9230,1000.86,828.81,0.8651
568,top,4,930.00,320.24,1003.04,516.44,960.29,334.99,0.7002,960.77,331.16,0.6742,955.03,332.60,0.6596,964.61,335.95,0.6307,947.84,338.83,0.7354,968.44,354.63,0.6709,946.40,361.34,0.7413,972.75,376.67,0.4299,958.86,385.29,0.7153,987.12,349.84,0.4395,978.02,365.17,0.6801,970.35,414.03,0.6284,949.76,414.99,0.6129,973.71,456.18,0.6954,948.32,456.18,0.6914,953.59,492.11,0.7492,936.34,481.57,0.6798
568,bottom,0,842.40,597.70,1037.76,855.67,919.73,619.85,0.9587,917.82,616.67,0.6244,920.37,616.67,0.6602,911.46,622.39,0.7791,929.27,622.39,0.8152,894.93,653.56,0.8948,947.08,652.28,0.8843,883.48,694.89,0.7925,964.25,689.80,0.8046,876.49,723.51,0.7278,975.69,718.42,0.7870,908.92,726.69,0.7487,941.35,724.14,0.7315,884.12,775.65,0.8551,977.60,778.20,0.8355,864.41,834.79,0.9224,1010.67,835.43,0.8728
569,top,1,933.65,320.50,1015.67,510.46,970.49,336.64,0.6984,971.42,332.93,0.6371,966.31,333.86,0.6168,974.20,336.64,0.6160,957.97,338.96,0.6923,973.73,357.51,0.6104,956.58,359.37,0.7499,976.52,378.38,0.3726,963.53,381.63,0.6508,989.97,347.77,0.3851,982.55,358.90,0.6403,976.52,417.34,0.5982,957.04,417.80,0.6189,988.58,453.51,0.7019,953.33,457.69,0.7311,970.02,487.37,0.7136,938.95,484.12,0.7522
569,bottom,0,843.11,602.31,1042.34,863.01,931.70,622.41,0.9510,931.05,619.17,0.5489,931.05,619.17,0.6593,923.92,626.30,0.7706,942.07,625.00,0.7937,907.70,657.43,0.8910,960.88,656.13,0.8493,897.32,697.64,0.7716,977.75,695.69,0.8044,889.54,728.77,0.7688,987.47,720.34,0.7785,923.27,731.37,0.7262,955.05,728.77,0.7233,894.08,779.36,0.8684,988.77,783.25,0.8628,865.55,835.13,0.9032,1016.66,842.27,0.8931
570,top,1,932.82,317.21,1014.69,507.13,980.71,339.84,0.6537,982.10,335.66,0.5837,976.07,335.66,0.5612,984.42,339.84,0.5449,967.73,340.30,0.6745,981.17,359.77,0.6045,964.95,358.38,0.7282,983.03,379.71,0.4022,969.12,374.61,0.5457,990.91,347.26,0.3106,989.06,350.50,0.6581,984.42,418.20,0.6388,964.48,419.13,0.6231,1003.43,452.05,0.7898,956.60,459.00,0.7068,988.59,485.90,0.7387,938.52,486.83,0.7695
570,bottom,0,842.71,607.15,1042.84,865.19,945.38,628.02,0.8782,946.69,624.77,0.5631,944.73,624.77,0.5585,935.61,631.28,0.7900,953.85,630.63,0.8017,920.63,661.25,0.8342,972.75,660.60,0.8507,909.55,700.34,0.7685,990.34,699.04,0.8114,901.74,734.87,0.7519,999.46,723.79,0.8008,935.61,733.56,0.7135,966.23,730.96,0.7364,904.99,783.07,0.8069,998.80,785.03,0.8714,869.16,833.24,0.8237,1017.70,846.92,0.8864
571,top,1,933.50,322.01,1025.26,503.85,997.14,340.57,0.6166,998.03,337.02,0.5733,992.70,336.13,0.5298,999.36,341.01,0.5704,981.16,338.79,0.6361,994.47,359.66,0.6077,974.05,355.66,0.7257,990.03,380.08,0.3854,965.17,375.20,0.7158,998.91,362.32,0.3998,983.38,364.10,0.4867,990.92,415.60,0.6736,969.61,417.82,0.6396,1016.67,447.56,0.7800,960.29,456.44,0.7027,1009.12,480.41,0.8018,938.98,484.85,0.7899
571,bottom,0,856.97,608.95,1042.87,864.29,956.16,629.40,0.9079,957.40,626.28,0.6213,954.91,625.66,0.5485,946.18,631.89,0.7784,964.26,631.89,0.7571,931.22,662.44,0.8455,982.96,662.44,0.8794,920.62,702.34,0.7795,1000.42,701.71,0.8222,913.14,739.12,0.7630,1011.01,725.40,0.8331,944.94,735.37,0.7129,975.48,732.88,0.7410,914.39,784.62,0.7954,1007.90,784.00,0.8792,877.61,833.87,0.8583,1019.12,846.34,0.9018
572,top,1,934.19,318.94,1046.99,499.57,1001.18,341.34,0.5868,1004.26,338.26,0.5905,996.33,336.93,0.5311,1007.35,340.46,0.5997,988.39,339.58,0.5995,1005.59,357.66,0.5356,981.33,355.01,0.6413,1002.06,377.06,0.2871,965.90,370.45,0.7093,1004.26,360.75,0.2464,983.54,356.78,0.5318,1000.29,414.55,0.6164,979.13,414.99,0.6036,1028.08,445.86,0.7216,964.58,452.03,0.6551,1028.96,477.61,0.7533,939.88,482.90,0.7202
572,bottom,0,868.14,608.92,1043.10,864.17,964.97,629.36,0.8866,965.59,625.62,0.6436,964.35,625.62,0.5408,955.00,631.85,0.7640,973.07,631.23,0.7215,938.79,661.76,0.8486,991.77,661.76,0.8892,928.20,701.65,0.7826,1007.97,701.02,0.8039,922.59,739.04,0.7720,1020.43,725.33,0.8220,950.64,735.30,0.7074,981.79,733.43,0.7391,923.21,783.91,0.7711,1011.71,783.29,0.8681,887.69,833.76,0.8467,1019.19,845.60,0.9281
573,top,1,932.61,318.87,1067.55,496.05,1008.86,337.62,0.5861,1011.50,333.66,0.5775,1004.47,333.22,0.5405,1015.89,338.05,0.5703,997.00,337.18,0.6269,1018.09,356.50,0.5983,986.90,354.75,0.6411,1023.36,363.09,0.5555,970.65,369.68,0.7209,1018.97,338.49,0.4962,985.58,353.87,0.5867,1010.62,412.73,0.6153,987.34,412.29,0.5882,1037.86,445.23,0.6878,968.01,448.75,0.6989,1045.76,472.47,0.7804,942.10,479.50,0.7634
573,bottom,0,877.20,606.20,1041.86,863.85,971.48,625.58,0.8504,971.48,621.80,0.6388,972.74,622.43,0.5410,961.42,628.09,0.7630,979.66,628.09,0.7253,944.44,658.29,0.8456,997.27,659.54,0.8742,933.11,697.29,0.7989,1013.63,697.91,0.7879,929.34,734.40,0.7515,1025.58,721.19,0.8030,955.13,733.14,0.7007,985.95,731.88,0.7249,931.23,782.20,0.7681,1012.37,782.83,0.8437,897.89,835.67,0.8422,1018.66,845.11,0.8999
574,top,1,934.93,317.77,1082.84,495.69,1017.07,338.84,0.6021,1019.48,334.99,0.5607,1012.74,334.99,0.5325,1022.85,338.84,0.5689,1005.51,338.84,0.6482,1029.11,357.62,0.6613,993.48,356.17,0.6667,1048.37,354.25,0.6972,978.07,373.51,0.6611,1032.48,340.76,0.5695,990.59,359.06,0.5508,1019.96,412.51,0.6558,996.85,412.02,0.6395,1044.52,443.32,0.7210,976.14,447.65,0.7320,1059.92,469.80,0.7909,947.74,476.06,0.7876
574,bottom,0,887.42,601.73,1042.49,864.19,976.49,620.82,0.8131,976.49,616.98,0.6239,977.77,617.62,0.5294,966.24,622.74,0.7618,984.82,623.38,0.7059,948.94,652.86,0.8275,1001.48,656.06,0.8547,936.12,693.87,0.8057,1017.50,695.79,0.7904,932.28,729.11,0.7605,1030.32,718.22,0.7695,958.55,729.76,0.6836,988.67,729.11,0.7048,936.76,779.10,0.7677,1012.38,782.30,0.8361,907.29,832.92,0.8374,1019.42,843.82,0.9037
575,top,1,937.72,318.63,1090.96,497.75,1022.82,337.85,0.5217,1025.31,334.36,0.4905,1018.33,334.36,0.4749,1028.80,339.85,0.5073,1012.84,340.35,0.5658,1038.28,357.81,0.6411,1001.37,360.30,0.6323,1063.72,347.83,0.5892,986.90,379.26,0.6570,1064.22,340.85,0.4151,995.88,366.29,0.5009,1029.30,413.68,0.6615,1006.36,413.18,0.6521,1051.75,445.60,0.7165,984.41,449.59,0.6717,1069.71,470.54,0.7903,951.98,476.53,0.7683
575,bottom,0,896.51,596.80,1044.50,863.66,978.97,616.87,0.8161,980.27,612.96,0.6247,978.32,612.96,0.5279,969.20,618.82,0.7828,988.09,619.48,0.7154,952.26,648.79,0.8215,1004.38,651.40,0.8540,938.58,687.88,0.8050,1020.02,691.79,0.8058,934.02,721.76,0.7783,1033.05,714.59,0.8179,960.08,724.37,0.6926,990.05,725.02,0.6922,940.53,774.53,0.7856,1012.85,778.44,0.8353,915.12,829.26,0.8465,1020.02,840.98,0.9394
576,top,1,944.60,318.20,1097.73,490.94,1033.13,339.27,0.6040,1035.12,335.78,0.5650,1028.64,336.28,0.5547,1038.11,339.27,0.5788,1021.66,340.27,0.6686,1049.08,358.21,0.6616,1012.69,362.20,0.6699,1073.01,348.74,0.6201,996.74,383.63,0.6840,1081.48,338.77,0.5574,1003.22,369.68,0.5133,1038.61,416.54,0.7019,1017.18,417.03,0.6780,1060.54,447.44,0.7492,997.73,454.42,0.7253,1073.51,471.37,0.8323,959.35,478.35,0.7268
576,bottom,0,900.23,592.59,1046.15,858.77,982.28,613.26,0.8115,983.58,609.36,0.6152,982.28,609.36,0.5075,971.89,615.21,0.7714,991.38,615.86,0.7080,954.99,644.45,0.8067,1007.63,648.35,0.8446,939.39,682.79,0.7832,1021.92,689.29,0.7909,934.84,716.59,0.7736,1034.92,712.69,0.8018,960.84,720.48,0.6913,990.73,720.48,0.6764,942.64,770.52,0.7863,1016.08,773.12,0.8355,919.90,825.11,0.8452,1023.22,836.81,0.9273
577,top,3,955.92,319.90,1115.66,490.34,1043.07,341.68,0.7501,1044.63,338.04,0.7181,1038.39,338.04,0.6589,1047.75,340.64,0.6814,1030.59,341.68,0.7501,1056.59,360.40,0.7085,1020.71,363.52,0.7135,1082.07,354.16,0.6980,1004.07,385.88,0.7449,1099.75,340.12,0.7355,1011.35,373.40,0.6583,1046.71,419.16,0.7411,1025.39,419.68,0.7303,1070.11,449.84,0.7380,1010.83,458.67,0.7339,1075.31,473.23,0.8522,969.75,477.39,0.7651
577,bottom,0,905.72,590.02,1051.48,855.93,985.74,611.32,0.8368,987.69,606.77,0.6112,985.74,607.42,0.5358,974.70,613.26,0.7693,994.18,614.56,0.7251,957.17,641.83,0.8222,1009.76,647.02,0.8540,939.65,680.13,0.8071,1022.74,687.92,0.8138,934.45,712.59,0.7923,1036.37,711.94,0.8550,961.72,719.08,0.7318,992.23,719.08,0.7116,944.19,768.42,0.8257,1020.15,770.37,0.8666,921.47,822.95,0.8698,1028.58,832.69,0.9435
578,top,4,974.73,327.68,1092.20,488.01,1052.26,342.08,0.7420,1053.43,338.56,0.6765,1047.17,338.56,0.7033,1056.17,343.65,0.6075,1036.99,343.65,0.7812,1062.43,362.83,0.6560,1029.16,362.83,0.6597,1072.22,388.27,0.2848,1011.55,385.53,0.6323,1057.34,359.70,0.2186,1019.38,372.61,0.4614,1051.86,419.59,0.6457,1030.34,419.98,0.6029,1076.52,452.47,0.7379,1022.51,463.82,0.6879,1074.96,473.21,0.7868,984.93,475.95,0.6192
578,bottom,0,908.85,590.76,1054.80,855.20,988.28,612.58,0.8232,989.57,608.06,0.5941,988.28,608.06,0.5274,977.30,613.87,0.7682,996.03,615.16,0.7204,958.58,641.63,0.8085,1011.52,648.09,0.8323,939.86,678.43,0.7893,1025.08,689.41,0.7941,934.69,710.07,0.7724,1037.99,714.59,0.8652,962.46,719.75,0.7312,993.44,720.40,0.7024,945.02,768.17,0.8237,1024.43,768.82,0.8590,921.14,822.40,0.8508,1034.12,830.15,0.9197
579,top,1,977.63,327.23,1129.38,496.15,1058.44,342.54,0.7354,1060.42,339.08,0.7159,1054.00,339.08,0.6674,1063.38,343.03,0.6207,1045.60,343.52,0.7678,1069.80,362.30,0.6678,1033.25,362.30,0.7360,1096.48,368.72,0.6885,1013.98,382.55,0.6675,1117.72,377.11,0.6821,1026.83,375.63,0.4698,1054.00,418.11,0.7031,1032.26,416.63,0.7047,1077.21,451.70,0.7745,1032.26,460.10,0.7932,1074.74,473.44,0.8173,994.23,477.88,0.7389
579,bottom,0,906.72,595.45,1064.46,851.75,990.59,615.35,0.8476,991.84,610.97,0.5843,990.59,611.60,0.5293,979.95,616.60,0.7668,998.73,618.48,0.7283,960.56,643.51,0.8249,1013.74,652.27,0.8434,939.28,679.18,0.8009,1026.88,692.94,0.7994,935.53,709.84,0.7916,1039.40,721.10,0.8649,963.69,720.47,0.7389,994.35,720.47,0.6998,946.17,768.66,0.8587,1028.14,771.16,0.8759,921.14,823.72,0.8927,1041.90,832.48,0.9138
580,top,1,985.47,324.13,1122.53,495.40,1063.37,338.83,0.7439,1065.15,334.81,0.7380,1058.46,335.26,0.6798,1068.27,341.50,0.6085,1049.53,341.50,0.7591,1074.52,362.92,0.6504,1037.93,359.35,0.7037,1095.93,381.66,0.6538,1016.97,378.09,0.6383,1108.87,400.84,0.6497,1033.92,377.64,0.4273,1054.89,415.12,0.6262,1033.03,413.78,0.6491,1076.30,450.36,0.7334,1035.70,457.95,0.7358,1074.97,473.12,0.7937,1001.80,475.35,0.7088
580,bottom,0,905.17,600.81,1077.20,853.40,993.03,621.04,0.8526,994.27,616.72,0.5774,991.80,617.34,0.5359,983.17,622.27,0.7603,1001.67,623.50,0.7302,963.43,648.79,0.8222,1015.85,658.65,0.8268,940.62,682.09,0.8143,1028.19,699.36,0.7834,935.68,712.31,0.8184,1040.52,727.72,0.8475,964.67,723.41,0.7456,995.50,724.02,0.6966,946.78,772.12,0.8607,1031.27,775.21,0.8675,920.27,825.78,0.8750,1051.62,835.03,0.9039
581,top,1,995.17,321.42,1106.84,492.20,1067.26,337.59,0.7249,1069.77,334.26,0.6905,1062.68,333.42,0.6614,1073.52,339.26,0.6728,1055.17,338.43,0.7548,1079.77,365.11,0.7321,1042.25,355.94,0.6812,1089.36,390.96,0.6797,1018.90,374.28,0.7055,1096.45,415.98,0.6619,1031.41,380.96,0.5862,1056.84,411.39,0.6004,1034.33,409.31,0.5803,1075.60,448.08,0.7229,1038.91,451.84,0.7029,1074.77,471.43,0.7827,1008.89,472.68,0.7161
581,bottom,0,903.42,607.89,1087.87,858.23,995.03,628.55,0.8524,996.87,624.27,0.5466,993.81,624.89,0.5239,986.48,630.39,0.7177,1003.59,631.61,0.7010,966.31,656.05,0.8377,1017.03,665.83,0.8280,941.25,690.28,0.8033,1029.87,708.00,0.7965,935.14,717.17,0.8033,1043.31,735.51,0.8319,965.09,729.39,0.7606,996.25,730.62,0.7136,947.36,775.23,0.8686,1034.76,780.12,0.8537,919.25,829.01,0.9008,1060.43,839.40,0.9098
582,top,1,1002.77,318.49,1094.51,489.63,1072.46,333.87,0.8500,1076.22,330.94,0.7802,1068.28,330.11,0.7617,1079.56,336.79,0.6816,1059.09,335.12,0.7887,1081.23,365.20,0.7762,1046.97,353.09,0.6906,1080.81,396.54,0.6149,1021.90,371.47,0.7555,1081.23,424.53,0.6049,1033.18,386.93,0.6747,1054.91,408.65,0.6077,1032.76,406.15,0.5993,1073.29,443.75,0.7257,1040.28,442.92,0.7310,1074.13,470.91,0.8060,1013.96,470.49,0.7847
582,bottom,0,903.69,617.08,1089.88,863.11,998.00,637.67,0.8627,1000.42,633.42,0.5694,996.18,634.03,0.5318,989.51,640.09,0.7311,1006.48,641.30,0.7036,969.51,664.33,0.8383,1019.82,675.24,0.8345,945.87,697.67,0.8203,1031.33,716.46,0.8030,935.57,726.15,0.8227,1048.30,744.94,0.8467,967.69,737.67,0.7675,997.39,738.88,0.7264,948.30,778.28,0.8542,1039.82,784.94,0.8566,917.99,829.19,0.8829,1062.85,843.13,0.9039
583,top,1,1009.61,322.34,1093.48,490.76,1076.63,335.41,0.9327,1079.92,332.12,0.8707,1072.11,331.71,0.8592,1083.62,338.29,0.7381,1063.47,336.23,0.8874,1082.80,366.25,0.8014,1050.31,352.27,0.7153,1075.40,396.27,0.6705,1023.59,369.95,0.8101,1069.64,422.18,0.6548,1033.87,392.16,0.7754,1056.07,405.32,0.6204,1031.81,402.85,0.6423,1070.46,439.45,0.6968,1041.27,439.03,0.7410,1073.75,469.87,0.8371,1018.65,469.87,0.8499
583,bottom,0,904.97,623.46,1090.36,863.47,1004.30,643.29,0.8610,1006.11,639.67,0.5855,1004.30,640.27,0.5227,994.65,646.30,0.7105,1010.94,647.51,0.6872,975.34,671.05,0.8352,1024.82,679.50,0.8614,951.80,705.44,0.8375,1033.27,721.74,0.8350,938.52,735.01,0.8519,1050.77,745.88,0.8419,972.92,743.46,0.7592,1001.89,745.27,0.7258,951.80,780.88,0.8453,1045.34,783.90,0.8787,919.21,828.55,0.8793,1062.84,844.24,0.9116
584,top,1,1014.20,323.30,1094.07,496.96,1078.73,338.05,0.9321,1082.54,334.66,0.8615,1074.91,333.82,0.8516,1085.93,340.17,0.7634,1066.01,337.63,0.8595,1084.24,366.89,0.7956,1050.74,353.74,0.6923,1071.52,394.02,0.7064,1024.46,371.13,0.8047,1059.22,417.34,0.6646,1033.78,398.26,0.7409,1056.68,403.35,0.5769,1030.82,399.11,0.6098,1070.67,439.39,0.6231,1039.72,435.15,0.7321,1073.64,470.76,0.7896,1024.03,473.73,0.8182
584,bottom,0,908.30,624.03,1091.36,861.73,1011.75,644.56,0.8666,1012.34,640.98,0.5812,1013.54,640.98,0.5134,1002.21,646.94,0.6636,1018.90,648.13,0.6558,983.15,671.97,0.8557,1031.41,679.72,0.8994,959.31,708.32,0.8672,1037.37,720.83,0.8748,945.60,741.69,0.8506,1055.84,744.07,0.8444,981.95,743.48,0.7671,1009.96,744.07,0.7412,959.31,783.40,0.8474,1052.87,779.23,0.8984,920.58,828.09,0.8635,1064.19,842.40,0.9089
585,top,1,1017.49,326.45,1093.96,491.00,1079.43,341.24,0.9324,1083.04,338.02,0.8589,1075.41,337.62,0.8574,1086.26,343.24,0.7414,1066.97,340.43,0.8568,1085.05,369.36,0.8041,1051.31,356.10,0.6861,1069.38,395.07,0.7029,1025.20,372.17,0.7853,1054.12,418.77,0.6428,1031.62,400.69,0.6804,1057.33,404.71,0.6288,1032.83,401.49,0.6414,1071.79,441.26,0.6502,1038.05,435.64,0.7444,1074.21,470.99,0.8040,1029.61,476.62,0.8175
585,bottom,0,912.23,619.13,1092.59,860.75,1020.11,641.42,0.8707,1020.11,637.88,0.5636,1021.88,637.88,0.5520,1010.08,644.37,0.5980,1025.42,644.96,0.6689,991.20,669.15,0.9098,1038.98,676.82,0.9511,968.79,706.31,0.8758,1043.11,717.52,0.8803,958.17,742.30,0.8140,1060.22,739.35,0.8735,991.20,739.35,0.8084,1020.11,740.53,0.8164,974.69,783.00,0.7909,1060.22,777.69,0.9566,928.08,823.70,0.8818,1067.89,841.40,0.9278
586,top,1,1018.53,329.42,1094.18,493.98,1076.85,345.01,0.9292,1080.86,342.20,0.9060,1072.83,340.99,0.8673,1085.28,346.22,0.8332,1065.60,344.21,0.8609,1085.28,371.53,0.8177,1051.13,359.07,0.6820,1069.21,396.44,0.6996,1025.02,373.13,0.8102,1051.53,418.13,0.6175,1028.64,402.46,0.7337,1058.36,406.08,0.6473,1034.26,403.67,0.6211,1072.83,443.04,0.6433,1035.87,437.82,0.6614,1074.43,471.16,0.7928,1032.25,479.60,0.7852
586,bottom,0,927.55,617.19,1091.94,860.55,1026.38,637.87,0.8298,1026.98,634.31,0.5796,1028.16,634.31,0.5646,1016.88,640.25,0.6375,1032.92,640.84,0.6574,998.46,666.98,0.8324,1045.99,673.52,0.8863,978.85,703.82,0.8361,1048.36,713.92,0.8382,974.10,738.28,0.7328,1066.19,737.09,0.8214,997.86,738.87,0.7571,1024.60,740.06,0.7313,991.92,779.28,0.7158,1066.78,775.71,0.8825,944.39,817.89,0.8217,1069.16,839.28,0.8741
587,top,1,1017.81,331.11,1094.17,493.43,1073.43,348.07,0.8971,1076.99,344.90,0.9037,1069.46,344.11,0.8584,1082.15,348.86,0.8361,1062.73,347.28,0.8634,1084.52,373.43,0.8080,1048.06,361.54,0.6602,1069.86,399.19,0.7032,1024.29,374.62,0.8125,1051.63,420.19,0.5925,1027.46,403.95,0.7536,1060.35,407.51,0.6367,1035.78,405.14,0.5945,1073.03,443.97,0.6368,1033.40,439.22,0.6793,1075.01,470.92,0.7782,1034.59,483.60,0.7358
587,bottom,0,951.23,614.40,1092.24,859.34,1033.70,636.40,0.7955,1035.49,632.82,0.5583,1035.49,632.82,0.5148,1022.33,639.39,0.6344,1040.27,639.99,0.6143,1004.99,665.11,0.8353,1051.04,670.49,0.8802,987.05,702.18,0.8468,1054.03,713.55,0.8583,987.65,734.48,0.7413,1073.76,735.67,0.8303,1001.40,738.66,0.7818,1026.52,739.86,0.7183,1010.37,773.94,0.7433,1071.97,775.14,0.8644,967.92,815.80,0.8297,1070.77,839.13,0.8836
588,top,1,1017.63,333.83,1094.42,495.04,1069.40,349.50,0.8821,1072.95,346.74,0.8622,1065.47,346.35,0.8214,1077.27,350.68,0.8090,1058.78,349.50,0.8676,1082.78,373.50,0.7926,1044.61,363.27,0.6551,1071.76,399.87,0.6989,1023.75,375.08,0.7940,1054.45,421.52,0.6310,1026.90,404.60,0.7642,1060.74,409.71,0.6181,1035.56,408.14,0.5899,1072.55,443.56,0.6123,1032.01,443.56,0.6471,1075.31,471.11,0.7665,1035.56,487.25,0.7320
588,bottom,0,976.88,614.53,1096.41,857.65,1039.61,635.19,0.8576,1043.77,631.63,0.5868,1038.43,632.22,0.5845,1031.30,638.75,0.6892,1046.14,638.75,0.5850,1012.31,664.87,0.8345,1057.42,670.80,0.8302,996.29,702.26,0.8484,1059.79,714.13,0.8537,1002.82,720.66,0.6096,1080.57,737.28,0.8206,1004.00,738.47,0.7823,1029.52,740.25,0.7066,1024.78,770.52,0.7433,1076.41,776.45,0.8368,994.51,819.19,0.8268,1074.63,840.55,0.9101
589,top,1,1016.35,331.06,1094.46,501.54,1063.73,350.53,0.8975,1067.48,347.62,0.9229,1059.98,347.62,0.8540,1072.06,350.95,0.8878,1054.16,350.95,0.8677,1079.96,373.84,0.7926,1040.42,363.85,0.6843,1071.64,401.73,0.7014,1022.94,376.34,0.7632,1057.49,424.62,0.6863,1026.69,405.06,0.7923,1060.82,409.64,0.6414,1035.01,407.56,0.6343,1071.22,444.19,0.6708,1030.85,442.94,0.6838,1075.80,469.99,0.7779,1035.84,487.06,0.7622
589,bottom,0,997.93,616.53,1105.02,862.56,1046.67,637.43,0.7955,1049.67,633.83,0.5541,1046.67,633.83,0.6138,1039.46,640.44,0.6560,1051.47,640.44,0.6453,1019.64,665.67,0.8277,1062.88,672.87,0.8292,1004.62,705.91,0.8317,1065.29,717.32,0.8395,1022.64,713.12,0.5535,1086.91,738.95,0.7656,1010.63,739.55,0.7778,1032.85,741.35,0.6986,1038.86,770.78,0.7003,1080.30,780.39,0.7912,1016.63,820.63,0.8002,1076.70,844.66,0.8049
590,top,1,1014.97,330.70,1095.36,508.75,1059.08,350.17,0.8785,1062.55,347.13,0.9170,1055.16,347.13,0.8459,1067.33,350.17,0.9118,1049.08,350.17,0.8543,1075.59,371.91,0.8022,1034.73,364.08,0.7214,1072.12,398.42,0.6728,1021.69,377.99,0.7199,1063.42,419.72,0.6093,1026.04,406.25,0.7633,1060.38,411.03,0.6461,1034.30,408.86,0.6407,1071.25,445.81,0.6606,1031.69,447.11,0.7176,1076.46,468.41,0.7779,1036.91,489.27,0.7829
590,bottom,0,1004.85,620.33,1111.75,869.92,1053.42,640.92,0.7877,1055.25,637.27,0.5728,1053.42,637.27,0.6162,1044.28,643.97,0.6643,1058.30,643.97,0.6620,1026.61,668.95,0.8004,1068.05,676.88,0.8012,1011.99,707.95,0.8211,1069.27,721.36,0.8254,1033.32,708.56,0.5342,1093.03,740.86,0.7453,1018.08,743.90,0.7642,1038.19,745.73,0.6916,1049.77,773.15,0.7088,1085.11,784.73,0.7732,1039.41,821.29,0.7960,1079.63,849.93,0.7881
591,top,1,1013.61,330.70,1095.05,509.18,1054.76,348.04,0.8721,1058.25,344.99,0.8756,1050.41,344.99,0.8299,1063.04,348.04,0.9058,1043.87,348.04,0.8480,1072.19,370.26,0.7891,1029.93,362.86,0.7448,1070.89,397.72,0.6942,1019.90,380.72,0.6787,1066.09,423.42,0.6170,1024.70,408.17,0.7306,1059.12,411.66,0.6361,1032.98,410.79,0.6292,1070.89,446.95,0.6579,1032.11,448.26,0.7093,1076.12,467.43,0.7608,1036.90,489.22,0.7736
591,bottom,0,1013.83,625.79,1118.28,876.49,1061.16,645.87,0.7641,1063.00,642.20,0.5711,1061.16,642.20,0.6266,1050.15,648.93,0.6328,1061.77,648.93,0.6438,1034.23,672.80,0.7784,1070.34,682.59,0.7731,1020.16,710.75,0.7801,1072.18,727.27,0.7996,1044.03,711.97,0.4698,1098.50,743.80,0.7270,1026.28,749.30,0.7440,1042.80,751.75,0.6808,1059.94,779.29,0.7033,1092.99,791.54,0.7670,1050.15,825.81,0.8369,1085.03,855.19,0.7728
592,top,0,1011.65,328.70,1089.02,508.72,1051.21,346.19,0.8965,1054.73,343.12,0.8821,1046.82,342.68,0.8547,1059.12,346.19,0.9139,1040.23,346.19,0.8737,1069.23,368.17,0.8012,1026.16,362.89,0.7649,1070.11,396.29,0.6867,1017.81,383.11,0.6840,1068.35,422.66,0.6434,1023.53,408.16,0.7466,1058.25,412.12,0.6676,1032.76,412.12,0.6344,1070.11,448.59,0.6718,1032.32,450.79,0.6999,1072.31,466.61,0.7596,1036.71,489.91,0.7901
592,bottom,1,1020.78,634.71,1123.00,879.14,1067.71,652.49,0.7386,1068.91,649.51,0.5377,1066.52,649.51,0.5984,1056.38,656.07,0.5853,1065.92,656.07,0.6091,1040.86,678.75,0.7626,1073.09,688.89,0.7208,1030.71,714.55,0.6878,1074.28,734.84,0.7687,1069.50,702.62,0.3957,1102.92,747.38,0.6957,1033.10,756.33,0.7070,1049.81,758.72,0.6587,1067.12,784.38,0.6017,1099.94,799.89,0.7429,1052.20,826.75,0.7678,1089.79,861.96,0.7415
593,top,1,1008.78,329.27,1081.83,505.98,1047.46,345.14,0.8864,1050.92,341.69,0.8591,1043.15,342.12,0.8751,1055.66,344.71,0.8859,1036.68,345.57,0.8646,1066.45,365.42,0.7861,1022.44,362.40,0.7711,1069.47,393.03,0.6763,1014.68,384.83,0.7027,1070.33,420.64,0.6203,1022.01,409.86,0.7294,1056.09,411.15,0.6457,1030.64,411.15,0.6268,1067.74,449.12,0.6733,1031.93,450.41,0.7111,1069.47,468.10,0.7570,1036.68,489.24,0.7912
593,bottom,0,1027.33,639.38,1128.89,887.94,1075.68,659.29,0.7687,1076.29,655.65,0.5651,1073.86,655.65,0.6694,1061.12,662.32,0.5625,1070.22,663.53,0.6301,1049.59,685.99,0.7541,1076.29,696.91,0.7391,1048.98,718.15,0.5094,1075.68,741.82,0.7627,1082.36,702.37,0.5597,1109.06,750.31,0.6843,1039.27,763.05,0.7162,1055.66,766.09,0.6773,1072.65,788.54,0.5783,1104.81,806.75,0.7637,1052.01,827.99,0.7463,1093.28,868.04,0.7593
594,top,0,1006.47,327.34,1080.20,508.45,1045.55,344.06,0.8902,1049.08,340.52,0.8411,1041.12,340.96,0.8775,1053.51,343.61,0.8740,1034.49,344.06,0.8803,1064.12,363.51,0.7917,1020.34,362.19,0.7876,1068.98,390.04,0.7421,1011.50,385.62,0.7646,1072.52,416.57,0.7139,1021.23,409.94,0.7467,1054.83,410.38,0.6419,1030.07,410.82,0.6327,1065.89,450.62,0.7221,1031.84,450.62,0.7221,1065.89,473.61,0.7472,1036.70,488.64,0.8224
594,bottom,1,1032.85,643.09,1134.63,894.69,1082.51,663.24,0.7676,1082.51,659.55,0.5948,1080.06,660.17,0.6865,1067.77,666.92,0.5315,1075.14,668.77,0.6177,1056.71,690.27,0.7223,1079.44,701.32,0.7167,1053.03,720.36,0.4935,1076.99,744.94,0.7383,1088.66,698.87,0.6294,1113.23,752.31,0.6957,1047.50,767.05,0.6916,1059.79,769.51,0.6801,1077.60,788.55,0.5434,1108.31,810.66,0.7533,1054.26,826.02,0.7293,1095.41,872.09,0.7433
595,top,0,1004.47,326.52,1081.43,509.66,1043.40,343.42,0.8812,1046.98,340.29,0.8318,1039.37,340.29,0.8496,1051.45,342.98,0.8473,1031.77,343.42,0.8737,1062.18,362.65,0.7830,1018.36,362.65,0.7912,1069.33,388.58,0.7351,1009.42,387.24,0.7632,1074.25,415.85,0.6856,1020.15,411.38,0.7390,1053.68,409.15,0.6077,1028.64,409.60,0.6049,1063.07,451.18,0.7086,1031.33,452.52,0.7159,1063.07,479.34,0.7504,1036.69,490.07,0.8037
595,bottom,1,1037.71,644.74,1143.09,896.46,1090.40,664.89,0.8221,1089.78,661.82,0.6292,1086.71,661.82,0.7019,1075.65,669.20,0.5686,1079.95,671.04,0.6407,1063.97,688.86,0.7468,1085.48,704.84,0.7310,1047.99,718.36,0.7127,1083.02,747.25,0.7460,1089.17,701.77,0.5765,1120.51,752.16,0.7230,1051.68,769.99,0.7367,1064.59,771.83,0.7367,1077.49,792.11,0.5630,1112.52,812.39,0.7584,1052.29,827.14,0.7566,1095.93,875.08,0.7656
596,top,1,1001.95,327.97,1081.26,510.31,1041.61,343.91,0.8613,1044.72,340.79,0.8158,1037.16,340.79,0.8268,1049.17,343.91,0.8216,1030.48,343.91,0.8370,1060.75,362.61,0.7633,1016.23,363.05,0.7945,1068.76,388.42,0.7086,1006.89,389.31,0.7979,1075.88,416.47,0.6397,1018.90,411.57,0.7541,1051.85,409.79,0.5943,1027.81,410.24,0.5914,1059.41,452.53,0.7031,1031.37,453.86,0.6887,1060.75,488.58,0.7639,1036.71,490.81,0.7894
596,bottom,0,1039.48,646.06,1150.90,897.07,1097.03,665.55,0.8097,1096.41,662.48,0.6145,1093.35,663.10,0.6828,1081.09,669.84,0.5300,1086.00,672.29,0.6231,1070.06,688.22,0.7337,1090.90,705.38,0.7329,1052.29,716.41,0.7606,1090.90,747.67,0.7105,1087.22,702.32,0.4685,1130.73,748.89,0.7589,1057.81,768.50,0.7369,1069.45,771.57,0.7459,1074.35,790.56,0.5315,1116.02,816.92,0.7627,1054.74,825.49,0.7710,1095.19,876.97,0.7591
597,top,1,1000.55,328.38,1083.49,514.60,1039.74,345.56,0.8904,1042.93,341.93,0.8624,1035.65,341.93,0.8533,1047.47,345.56,0.8287,1028.83,345.11,0.8685,1057.93,363.29,0.7858,1015.19,364.66,0.8123,1068.38,388.30,0.7317,1005.65,392.85,0.8308,1076.11,414.21,0.6876,1017.47,413.30,0.7333,1049.74,407.85,0.6010,1026.56,409.21,0.6019,1054.75,452.86,0.7004,1030.65,454.22,0.6782,1058.84,494.68,0.8008,1037.02,491.05,0.7780
597,bottom,0,1042.83,644.29,1159.12,897.18,1100.98,663.92,0.7923,1099.74,660.84,0.5909,1096.65,661.45,0.6791,1084.92,668.25,0.5600,1090.48,670.10,0.6419,1074.43,687.38,0.7463,1096.65,702.20,0.7634,1056.52,712.08,0.7977,1098.51,744.19,0.7575,1077.51,702.82,0.4576,1136.17,738.63,0.7661,1062.70,766.41,0.7589,1075.05,769.50,0.7484,1068.87,791.11,0.6027,1120.12,819.51,0.7696,1058.38,826.30,0.7750,1096.04,878.78,0.7697
598,top,1,998.16,330.16,1084.51,519.57,1038.56,347.17,0.8630,1041.80,343.94,0.8547,1034.40,343.47,0.8345,1046.42,347.17,0.8223,1027.93,346.71,0.8677,1057.06,365.67,0.7695,1014.05,366.60,0.8065,1067.69,390.18,0.7226,1003.88,395.27,0.8291,1076.48,415.61,0.6842,1016.36,417.00,0.7493,1047.35,411.45,0.6008,1024.69,412.38,0.6047,1051.97,455.84,0.7160,1030.24,455.38,0.6851,1054.28,499.31,0.7514,1036.71,491.91,0.7541
598,bottom,0,1040.30,640.95,1158.15,897.23,1102.98,657.72,0.7760,1101.73,655.85,0.5816,1099.23,656.47,0.7030,1087.97,663.98,0.5659,1094.22,665.23,0.6688,1077.96,682.75,0.7201,1098.60,695.89,0.7707,1061.69,701.52,0.7736,1101.11,737.81,0.7822,1081.71,689.63,0.4776,1138.65,723.42,0.7490,1066.69,764.09,0.7277,1079.21,767.22,0.7090,1072.32,792.24,0.6938,1120.50,817.90,0.7550,1055.43,835.42,0.7952,1097.35,877.96,0.7760
599,top,1,996.99,329.71,1085.57,524.46,1037.48,348.63,0.8747,1040.81,345.30,0.8734,1033.68,344.83,0.8431,1045.56,348.63,0.8451,1027.02,347.68,0.9021,1055.55,368.60,0.7892,1013.23,367.65,0.8154,1066.96,392.85,0.7462,1002.30,396.65,0.8475,1076.94,418.53,0.7025,1013.71,419.95,0.7435,1044.14,415.67,0.6025,1022.74,416.62,0.5958,1047.47,459.42,0.7292,1029.87,459.42,0.6291,1049.84,502.68,0.7461,1037.01,488.90,0.7333
599,bottom,0,1036.36,630.86,1152.73,896.69,1103.63,646.96,0.7416,1102.33,645.01,0.5999,1100.39,646.31,0.7058,1088.06,654.74,0.5914,1096.49,656.04,0.6795,1080.92,673.57,0.7048,1101.04,689.14,0.7799,1064.69,681.35,0.5384,1102.98,728.08,0.7963,1088.06,694.98,0.3323,1136.08,706.66,0.8141,1072.48,757.94,0.6645,1086.11,761.18,0.7251,1078.32,791.68,0.7150,1115.96,816.35,0.7804,1052.36,841.66,0.8240,1096.49,878.65,0.7767
600,top,1,994.68,332.92,1085.86,529.07,1037.39,351.50,0.8951,1040.75,347.67,0.9031,1033.56,347.19,0.8520,1045.53,350.54,0.8485,1026.86,349.59,0.9199,1054.63,371.62,0.8102,1012.49,369.22,0.8315,1065.65,395.08,0.7561,1000.52,397.95,0.8339,1075.22,419.02,0.7356,1008.66,420.46,0.7497,1041.22,418.07,0.6191,1020.15,419.02,0.6047,1043.62,464.04,0.7327,1027.34,463.08,0.6328,1045.53,505.70,0.7439,1035.96,488.46,0.7586
600,bottom,0,1036.76,621.94,1142.79,896.36,1103.18,639.22,0.6833,1101.17,637.21,0.5652,1101.17,637.88,0.6292,1087.10,645.25,0.5580,1097.15,645.92,0.7416,1081.07,666.69,0.6999,1100.50,679.42,0.7933,1064.32,668.03,0.5062,1103.85,717.61,0.8167,1118.59,689.47,0.3749,1130.65,690.14,0.8579,1078.39,747.09,0.7415,1093.80,749.77,0.7411,1080.40,791.98,0.7848,1108.54,812.75,0.8176,1050.92,844.91,0.8421,1096.48,877.07,0.8087
601,top,0,990.53,335.33,1084.16,529.87,1036.40,353.28,0.8872,1040.20,349.48,0.8714,1032.60,349.00,0.8497,1044.95,352.33,0.8562,1025.95,351.38,0.8970,1053.50,374.18,0.7958,1011.23,370.85,0.7991,1063.95,398.40,0.7552,997.93,397.93,0.8238,1074.40,423.10,0.7548,1002.20,422.62,0.7477,1037.82,421.67,0.6030,1016.93,423.10,0.5984,1040.20,464.90,0.7171,1023.10,464.90,0.6248,1042.57,510.02,0.7790,1033.55,488.64,0.7199
601,bottom,1,1034.79,613.05,1130.54,897.62,1106.28,631.67,0.6445,1102.81,627.50,0.5228,1101.42,628.89,0.5773,1088.92,636.53,0.5881,1096.56,636.53,0.6532,1080.58,658.77,0.6742,1100.73,668.49,0.7527,1062.51,656.68,0.6733,1102.12,710.87,0.7875,1077.10,629.59,0.5366,1122.26,676.83,0.8045,1081.97,738.66,0.6861,1099.34,742.14,0.6793,1083.36,791.47,0.7878,1102.12,806.75,0.7652,1050.70,841.49,0.8177,1100.03,869.28,0.8078
602,top,1,987.76,337.10,1083.31,529.56,1036.01,354.86,0.9218,1039.77,351.57,0.8800,1032.25,351.10,0.8741,1044.46,353.92,0.8967,1026.14,352.98,0.9118,1052.45,376.94,0.8172,1009.69,371.77,0.8030,1062.79,400.91,0.7753,994.66,396.21,0.8127,1073.13,425.34,0.7613,994.66,417.82,0.7142,1035.54,424.87,0.6391,1013.45,425.81,0.6201,1036.95,468.57,0.7548,1017.21,473.27,0.7194,1041.64,511.79,0.8033,1031.78,487.36,0.6753
602,bottom,0,1032.88,604.92,1126.46,892.08,1099.30,628.61,0.5748,1096.49,625.11,0.4775,1097.20,625.81,0.4999,1086.68,631.42,0.5790,1098.60,630.72,0.6187,1079.67,651.75,0.6866,1107.01,655.25,0.6881,1060.04,653.15,0.7163,1106.31,700.12,0.6203,1069.15,622.30,0.7341,1113.32,661.56,0.6280,1083.87,731.67,0.6901,1104.21,733.07,0.6781,1086.68,789.86,0.8130,1104.21,801.78,0.7806,1050.22,839.64,0.7736,1095.09,865.58,0.8029
603,top,1,977.48,338.85,1081.28,530.81,1034.07,356.10,0.8248,1037.82,352.35,0.8209,1030.32,351.88,0.8263,1041.57,355.16,0.8410,1023.76,354.22,0.8508,1050.00,378.59,0.7837,1006.89,372.50,0.7628,1059.84,402.50,0.7618,990.95,394.53,0.7842,1070.62,426.86,0.7474,986.73,414.21,0.8018,1031.72,427.80,0.6263,1009.23,428.27,0.6319,1035.00,471.85,0.7358,1006.89,471.85,0.7308,1041.57,511.69,0.7987,1023.76,486.38,0.6590
603,bottom,0,1032.89,595.79,1132.29,891.35,1094.86,625.95,0.6178,1094.13,623.06,0.4686,1095.58,623.79,0.5330,1084.03,630.28,0.5927,1096.30,628.84,0.6481,1078.26,650.48,0.7095,1104.24,652.65,0.6537,1060.22,655.54,0.7350,1115.06,688.73,0.4977,1065.27,622.34,0.7763,1113.62,658.42,0.4126,1088.36,723.36,0.6990,1110.01,723.36,0.6750,1089.08,786.14,0.8302,1107.12,797.69,0.7939,1052.28,836.65,0.7993,1090.53,860.47,0.8318
604,top,1,968.79,338.87,1077.77,531.18,1030.32,355.68,0.8065,1034.08,352.39,0.8429,1027.03,351.45,0.8198,1038.30,355.21,0.8258,1019.99,353.80,0.8341,1046.75,378.21,0.7735,1002.62,372.58,0.7465,1056.61,401.69,0.7528,986.66,391.36,0.7672,1066.94,426.10,0.7371,980.08,407.79,0.7720,1028.91,428.45,0.6115,1005.91,427.51,0.6135,1033.14,473.05,0.7198,998.86,472.58,0.7251,1041.12,511.55,0.7706,1013.42,485.73,0.7125
604,bottom,0,1034.03,601.05,1147.87,892.43,1097.35,622.25,0.6311,1096.64,618.69,0.4956,1095.93,620.83,0.6090,1080.28,627.94,0.5194,1095.22,627.94,0.7058,1077.43,652.84,0.6851,1107.31,654.26,0.6744,1061.78,659.24,0.7068,1139.32,672.05,0.6802,1063.20,625.10,0.7846,1112.29,647.15,0.5901,1091.66,728.96,0.6883,1113.00,731.09,0.6818,1089.53,786.58,0.7755,1108.73,798.67,0.7607,1053.24,837.80,0.7877,1088.10,861.27,0.8176
605,top,1,963.44,338.58,1070.62,530.24,1025.45,355.34,0.8331,1029.66,352.06,0.8616,1022.17,351.59,0.8179,1033.87,355.34,0.8289,1015.16,353.93,0.8354,1043.23,377.79,0.7697,998.78,372.18,0.7317,1053.06,401.19,0.7429,981.00,389.02,0.7549,1062.88,426.46,0.7227,973.98,404.47,0.7802,1026.39,428.33,0.6031,1002.05,426.46,0.6160,1030.60,472.78,0.6908,989.89,470.44,0.6979,1039.95,510.68,0.7457,1001.59,489.16,0.7406
605,bottom,0,1035.89,604.39,1153.86,897.31,1092.73,629.28,0.5325,1090.58,624.99,0.3543,1095.59,624.99,0.5185,1076.28,633.57,0.5372,1096.31,629.99,0.6749,1076.28,657.88,0.6791,1114.18,651.45,0.6290,1066.27,662.89,0.6415,1148.51,646.44,0.7345,1064.84,630.71,0.7026,1111.32,637.86,0.5995,1094.16,729.40,0.6741,1117.05,732.26,0.6674,1090.58,788.76,0.7571,1110.61,800.20,0.7384,1054.11,840.25,0.7714,1088.44,863.85,0.7974
606,top,1,955.13,339.23,1067.38,530.17,1020.58,355.45,0.8549,1024.77,352.19,0.8720,1016.85,352.19,0.8339,1029.43,355.45,0.8497,1010.32,354.05,0.8478,1039.22,377.83,0.7793,995.40,372.23,0.7156,1049.48,401.13,0.7437,975.82,387.62,0.7555,1058.80,426.31,0.7238,968.83,403.00,0.7909,1023.37,429.11,0.6158,998.20,426.31,0.6392,1029.43,473.39,0.7096,980.95,470.13,0.7084,1039.69,510.69,0.7544,990.74,492.51,0.7195
606,bottom,0,1036.69,607.68,1154.61,903.30,1095.65,633.52,0.6453,1094.93,628.47,0.4144,1097.09,629.91,0.5965,1075.44,639.29,0.5719,1097.09,636.40,0.7328,1076.88,663.83,0.7361,1118.02,655.89,0.7175,1071.11,660.94,0.6616,1149.06,629.91,0.7769,1064.61,632.80,0.6852,1132.46,625.58,0.5381,1096.37,733.84,0.7097,1118.75,736.00,0.7031,1092.04,793.74,0.7774,1112.25,805.29,0.7740,1055.23,842.82,0.8038,1089.88,868.08,0.8214
607,top,1,948.21,342.08,1063.44,531.46,1016.00,358.17,0.8787,1019.69,354.47,0.8837,1011.83,354.47,0.8402,1024.32,358.17,0.8324,1004.90,356.78,0.8625,1035.41,378.98,0.7922,991.03,374.35,0.7117,1045.12,401.63,0.7460,972.53,388.69,0.7573,1055.30,427.52,0.7078,962.36,406.25,0.7884,1021.08,429.37,0.6340,994.73,426.14,0.6652,1028.02,471.91,0.7322,973.92,467.29,0.7036,1039.58,509.36,0.7207,976.23,498.26,0.6436
607,bottom,0,1037.36,582.35,1167.83,911.56,1097.77,637.65,0.7454,1094.56,634.43,0.5457,1096.17,632.83,0.7705,1079.29,644.88,0.6854,1096.97,640.86,0.7897,1077.68,670.60,0.7616,1118.67,661.76,0.7624,1072.05,671.40,0.6831,1148.41,634.43,0.8208,1064.82,637.65,0.6882,1155.64,607.91,0.8063,1098.58,742.13,0.8027,1121.08,742.94,0.7997,1095.36,800.80,0.8246,1115.46,812.86,0.8426,1055.98,848.22,0.8656,1093.76,875.55,0.9069
608,top,1,942.74,344.65,1060.46,532.74,1011.24,361.55,0.8698,1014.92,358.33,0.8780,1007.11,358.33,0.8277,1019.97,361.55,0.8428,1000.68,361.09,0.8617,1031.45,382.21,0.7882,986.91,377.62,0.7093,1041.55,404.71,0.7542,969.45,393.69,0.7539,1051.66,429.05,0.7424,957.06,412.98,0.7760,1018.13,432.72,0.6379,989.66,429.51,0.6652,1028.24,472.22,0.7511,967.62,466.25,0.7343,1040.18,513.09,0.7651,958.89,506.20,0.7896
608,bottom,0,1038.32,576.93,1183.19,923.55,1098.91,644.46,0.7725,1095.52,641.08,0.5752,1097.22,641.08,0.8279,1079.45,651.23,0.7165,1095.52,648.69,0.7833,1076.06,677.47,0.8165,1120.07,668.16,0.7832,1073.52,674.93,0.6360,1155.61,640.23,0.8943,1065.91,642.77,0.5662,1170.84,604.69,0.8637,1100.60,748.55,0.8747,1122.60,748.55,0.8620,1099.76,808.63,0.8580,1120.07,819.63,0.8692,1058.29,856.02,0.8977,1098.91,884.79,0.9277
609,top,1,926.94,349.17,1056.54,540.72,1007.64,367.32,0.8993,1011.38,364.04,0.8667,1003.90,363.58,0.8481,1016.06,368.25,0.8324,996.89,367.32,0.8642,1027.28,387.89,0.8170,982.86,383.69,0.7426,1038.04,410.81,0.7730,966.49,400.99,0.7543,1049.26,434.66,0.7258,953.86,420.16,0.7731,1014.66,435.59,0.6587,986.13,433.26,0.6721,1028.22,475.81,0.7513,961.35,471.13,0.7217,1041.31,517.90,0.7767,944.51,509.48,0.7435
609,bottom,0,1040.85,603.27,1185.88,934.45,1097.20,652.43,0.7924,1093.96,650.01,0.5627,1097.20,648.39,0.8085,1080.22,659.71,0.7402,1098.81,655.67,0.8323,1079.41,688.01,0.8163,1120.64,676.69,0.7908,1071.32,698.52,0.7410,1163.50,654.86,0.9145,1069.71,662.94,0.7259,1176.43,624.94,0.9216,1102.86,760.77,0.8611,1123.88,759.97,0.8624,1103.66,819.80,0.8472,1123.88,831.12,0.8631,1060.81,866.69,0.8590,1106.09,898.22,0.9056
610,top,1,914.15,358.09,1055.33,545.12,1002.66,374.86,0.9109,1006.34,371.18,0.8645,998.53,371.18,0.8939,1011.85,374.86,0.8761,992.09,374.86,0.8778,1023.34,395.08,0.8227,979.22,391.86,0.7561,1034.83,418.52,0.7746,964.52,409.33,0.7343,1047.70,444.25,0.7026,951.19,429.55,0.7383,1011.85,442.42,0.6843,982.44,440.12,0.6745,1026.10,481.48,0.7482,956.71,479.18,0.7283,1041.72,521.92,0.8289,929.59,516.40,0.8154
610,bottom,0,1044.29,636.96,1188.02,947.03,1097.23,664.82,0.7341,1093.44,663.30,0.5354,1097.98,662.54,0.6741,1082.09,672.39,0.7574,1099.50,669.36,0.7907,1079.82,698.88,0.7659,1122.97,686.77,0.7412,1068.46,720.83,0.8342,1167.63,678.44,0.7686,1072.25,686.77,0.7736,1177.47,658.00,0.8668,1103.28,770.80,0.7763,1124.48,770.04,0.7822,1107.07,832.12,0.7864,1128.27,843.47,0.8086,1063.16,877.54,0.8025,1113.12,910.84,0.8615
611,top,1,905.87,365.08,1052.55,547.15,999.74,383.54,0.9020,1003.08,379.72,0.8707,995.44,379.72,0.9048,1007.86,383.07,0.8720,988.76,383.07,0.9068,1019.32,404.55,0.8012,974.91,401.69,0.7374,1030.77,426.99,0.8003,962.02,421.74,0.6852,1045.10,452.77,0.7391,951.52,441.79,0.6202,1006.90,450.39,0.7011,977.78,448.48,0.6780,1023.14,484.76,0.7494,952.95,485.24,0.7170,1040.80,525.35,0.8211,920.96,522.01,0.8001
611,bottom,0,1048.73,656.76,1189.00,955.29,1094.82,678.48,0.6744,1091.17,676.29,0.4980,1098.46,675.56,0.5415,1085.34,683.58,0.7349,1102.10,681.39,0.7061,1080.97,713.46,0.7666,1121.78,702.53,0.6781,1066.39,740.43,0.8205,1169.16,706.17,0.5020,1072.95,701.80,0.7735,1177.17,699.61,0.7201,1105.02,786.34,0.7591,1125.43,785.61,0.7726,1111.58,846.84,0.7683,1133.44,857.77,0.7909,1067.12,890.57,0.7752,1123.24,927.01,0.8509
612,top,1,901.84,377.46,1053.45,546.59,996.89,393.43,0.8991,1000.35,389.48,0.8540,992.95,389.48,0.8813,1005.78,392.44,0.8858,986.53,391.95,0.8896,1016.14,414.65,0.8216,972.22,410.70,0.7541,1027.49,437.84,0.7974,959.88,431.92,0.7187,1044.76,461.04,0.7631,949.02,454.13,0.6391,1002.82,459.06,0.7353,974.19,457.58,0.7062,1022.06,489.66,0.7890,948.53,492.62,0.7441,1041.80,526.68,0.8340,916.94,524.70,0.8450
612,bottom,0,1054.78,673.29,1189.68,982.30,1096.58,694.26,0.6602,1094.32,691.24,0.5036,1100.35,691.24,0.4899,1088.28,698.03,0.7146,1107.14,696.52,0.6836,1079.98,727.45,0.7624,1129.77,718.40,0.6617,1064.14,764.42,0.7885,1175.79,735.75,0.6026,1070.93,737.26,0.5723,1178.06,731.98,0.5344,1104.12,802.14,0.7270,1126.00,800.63,0.7442,1116.19,862.49,0.7071,1137.32,873.81,0.7802,1071.68,903.99,0.7478,1133.55,943.97,0.8078
613,top,1,901.88,384.52,1053.06,547.16,996.17,400.88,0.8925,999.61,396.94,0.8749,992.72,396.94,0.8751,1004.53,400.38,0.8542,985.83,399.40,0.8520,1014.87,423.02,0.7936,969.59,418.59,0.7496,1027.66,447.63,0.7955,958.77,440.74,0.7037,1047.35,469.77,0.7720,948.43,466.82,0.6436,999.61,464.85,0.7316,971.56,464.36,0.6630,1020.28,492.41,0.7992,945.48,495.36,0.7176,1040.46,526.86,0.8309,913.98,524.40,0.8161
613,bottom,0,1055.64,691.56,1185.61,989.89,1101.69,713.26,0.7388,1100.23,710.35,0.5241,1103.15,709.62,0.5456,1093.68,716.90,0.6913,1110.43,714.72,0.7020,1084.94,748.22,0.7899,1133.74,739.48,0.6961,1066.00,785.37,0.8005,1167.24,758.42,0.5700,1071.10,765.70,0.6422,1174.52,766.43,0.6864,1103.15,824.70,0.7415,1125.72,822.51,0.7485,1119.17,880.05,0.6685,1142.48,894.62,0.7819,1073.28,915.74,0.7551,1135.19,963.08,0.8020
614,top,1,900.96,387.51,1053.18,547.22,999.37,403.94,0.8927,1002.84,399.97,0.8836,995.41,399.97,0.8704,1007.30,403.44,0.8445,987.48,402.95,0.8396,1017.21,426.24,0.7899,971.62,421.28,0.7500,1031.08,450.02,0.8017,960.22,444.08,0.6863,1049.91,472.82,0.7795,950.31,472.32,0.6560,1000.36,467.37,0.7055,972.12,466.87,0.6554,1023.16,494.12,0.7841,944.86,497.59,0.6705,1038.52,527.82,0.8259,913.65,525.34,0.8053
614,bottom,0,1053.11,708.76,1180.75,990.61,1108.67,732.01,0.7831,1108.67,727.89,0.5233,1108.67,727.20,0.5891,1099.73,734.77,0.6819,1117.62,732.70,0.7287,1089.40,766.42,0.8049,1136.88,761.60,0.7642,1070.14,802.89,0.7995,1169.23,793.26,0.7287,1061.88,800.14,0.7406,1171.98,801.51,0.7289,1100.41,845.55,0.7388,1122.43,844.87,0.7604,1123.81,893.72,0.7279,1147.21,908.17,0.8351,1077.02,926.06,0.7949,1132.07,971.48,0.7854
615,top,1,901.96,386.35,1059.18,546.82,1004.62,403.12,0.8982,1008.21,399.54,0.9010,1001.04,399.54,0.8933,1012.81,402.61,0.8604,993.36,402.10,0.8517,1023.56,425.13,0.8123,977.50,420.01,0.7661,1036.87,449.69,0.8117,966.75,441.51,0.7295,1055.29,473.75,0.8020,954.98,467.09,0.6800,1005.14,467.61,0.7360,976.99,466.58,0.6822,1028.68,493.71,0.8041,948.33,498.31,0.7004,1039.42,528.00,0.8467,914.04,525.95,0.8119
615,bottom,0,1045.95,720.95,1173.33,990.63,1114.25,741.89,0.7608,1114.90,737.94,0.5383,1113.59,738.60,0.5227,1105.03,745.18,0.6445,1122.81,743.86,0.6584,1091.86,774.15,0.7510,1141.24,776.78,0.7628,1076.72,807.07,0.7037,1160.33,814.97,0.6828,1058.28,824.19,0.7366,1164.94,832.75,0.6482,1095.15,855.13,0.6655,1115.56,855.79,0.6654,1124.12,898.59,0.6861,1156.38,909.12,0.7893,1080.01,934.14,0.7320,1132.68,970.35,0.7211
616,top,1,902.80,384.59,1065.35,546.07,1012.11,401.30,0.8900,1015.29,397.60,0.8746,1008.41,397.60,0.8882,1020.05,400.24,0.8641,1000.47,399.19,0.8564,1030.63,421.94,0.8428,985.13,417.18,0.7786,1043.33,448.40,0.8225,972.96,438.87,0.7527,1059.74,473.79,0.8095,960.79,463.74,0.7068,1012.64,466.92,0.7797,984.07,466.39,0.7032,1037.51,497.08,0.8196,953.91,497.61,0.6859,1040.16,528.82,0.8495,918.46,525.65,0.8239
616,bottom,0,1042.64,722.75,1168.27,990.57,1117.22,746.16,0.7234,1116.57,741.58,0.5186,1117.22,742.24,0.5200,1105.45,748.12,0.6315,1123.76,748.12,0.6463,1090.41,774.93,0.7350,1140.11,780.16,0.7673,1070.80,808.28,0.7120,1150.57,825.93,0.6712,1054.45,831.16,0.7516,1155.15,854.70,0.6712,1089.11,857.32,0.6402,1111.99,857.97,0.6223,1115.91,896.55,0.6667,1155.15,909.62,0.7710,1077.99,934.47,0.7188,1132.91,971.09,0.7268
617,top,1,910.85,382.13,1066.13,545.50,1020.84,399.11,0.8604,1024.38,395.07,0.8370,1017.30,395.07,0.8708,1026.91,397.60,0.7771,1007.70,396.59,0.9048,1036.51,419.84,0.8191,992.03,413.27,0.7420,1047.63,445.62,0.7772,979.90,432.48,0.7254,1062.80,472.41,0.7545,970.80,453.71,0.6668,1020.84,464.32,0.7557,993.04,462.81,0.6852,1044.09,497.18,0.8239,963.72,492.12,0.6546,1042.07,527.00,0.8094,928.34,524.98,0.8080
617,bottom,0,1039.29,720.05,1167.44,990.15,1111.94,741.68,0.7791,1111.94,736.41,0.5714,1111.94,737.06,0.5338,1100.07,743.66,0.6848,1120.51,743.66,0.6742,1085.56,772.67,0.7569,1137.00,778.61,0.8277,1064.46,803.66,0.7005,1139.63,824.77,0.7275,1050.61,823.45,0.6758,1142.27,859.06,0.6158,1085.56,852.46,0.6463,1111.28,854.44,0.6185,1106.66,888.07,0.6830,1148.86,907.85,0.7781,1073.69,929.61,0.7639,1132.38,970.50,0.7542
618,top,1,929.69,381.34,1073.04,544.81,1029.83,399.14,0.8314,1032.63,394.94,0.7873,1025.63,394.48,0.7936,1034.96,397.28,0.7272,1016.30,396.34,0.8354,1042.90,419.21,0.8082,998.10,411.27,0.7091,1052.70,446.27,0.7498,983.17,429.47,0.7249,1067.63,473.80,0.7515,975.70,451.41,0.6908,1028.90,461.67,0.7358,1000.90,459.34,0.6758,1048.03,494.34,0.7526,971.03,489.20,0.7167,1048.50,527.00,0.7538,946.77,522.34,0.7706
618,bottom,0,1035.06,711.04,1167.10,990.09,1102.44,732.02,0.7497,1099.72,727.25,0.5591,1102.44,727.93,0.5331,1092.22,734.06,0.7317,1112.66,734.06,0.7134,1078.60,763.36,0.7702,1130.37,767.45,0.8049,1061.56,792.65,0.6907,1131.74,811.05,0.6953,1046.58,809.69,0.6433,1130.37,850.56,0.5479,1082.00,842.39,0.6685,1110.62,843.75,0.6339,1096.31,879.18,0.6958,1137.19,900.98,0.7594,1073.83,922.78,0.7657,1132.42,966.38,0.7962
619,top,1,955.01,383.44,1076.19,542.00,1036.90,400.00,0.7813,1039.66,396.45,0.7420,1032.95,395.66,0.7101,1042.42,399.21,0.6931,1023.09,396.85,0.7663,1049.52,420.51,0.7861,1005.34,411.44,0.6683,1057.80,447.73,0.7047,986.41,427.61,0.7390,1072.00,475.74,0.7090,980.10,446.15,0.7060,1035.71,461.14,0.6855,1008.89,459.17,0.6262,1051.10,493.09,0.6973,977.73,488.75,0.6950,1060.17,521.10,0.6972,966.29,523.47,0.7484
619,bottom,0,1031.43,699.55,1165.60,988.64,1092.16,720.58,0.7898,1091.46,716.35,0.5892,1092.87,716.35,0.5675,1083.69,723.41,0.7355,1102.75,722.70,0.7404,1068.87,754.46,0.8058,1123.22,756.58,0.8044,1048.40,789.04,0.7128,1123.92,798.92,0.7358,1040.64,796.81,0.5933,1121.81,834.21,0.5215,1078.75,830.68,0.6979,1107.69,831.39,0.6660,1085.81,872.33,0.7561,1125.33,893.50,0.7676,1071.70,922.44,0.7481,1134.51,957.02,0.8178
620,top,1,967.33,384.34,1089.13,551.45,1044.55,403.84,0.6933,1047.82,400.17,0.6904,1041.70,399.35,0.6389,1049.04,402.21,0.6419,1031.09,399.35,0.7360,1055.57,421.79,0.7791,1011.91,412.41,0.6658,1064.14,452.39,0.7175,990.29,427.91,0.7581,1077.60,480.54,0.7295,984.17,444.64,0.7207,1043.33,461.78,0.6907,1015.59,460.14,0.6597,1058.83,495.23,0.6575,984.98,492.38,0.6694,1077.19,529.10,0.7254,980.90,525.02,0.7505
620,bottom,0,1028.97,690.42,1140.65,957.27,1084.81,711.79,0.8463,1084.81,707.88,0.5937,1086.11,707.88,0.5440,1075.04,714.40,0.7647,1095.23,713.74,0.7545,1061.36,744.36,0.8162,1114.78,746.32,0.8591,1039.86,778.89,0.7705,1119.34,789.32,0.7202,1037.90,782.15,0.6160,1119.99,822.54,0.4824,1073.73,821.24,0.7504,1103.70,821.24,0.7165,1077.64,872.05,0.8188,1121.29,883.13,0.8007,1066.57,927.43,0.8079,1127.16,945.67,0.8846
621,top,1,967.65,388.64,1107.59,557.85,1053.56,406.74,0.7635,1056.29,402.64,0.7253,1050.37,401.73,0.7125,1057.66,405.83,0.6298,1039.44,402.64,0.7759,1063.13,425.87,0.7738,1019.85,414.48,0.6748,1068.59,456.85,0.6743,997.08,427.69,0.6948,1080.44,482.36,0.7026,987.05,441.36,0.6946,1050.37,463.68,0.6713,1022.59,462.77,0.6669,1069.96,500.12,0.6755,994.80,496.02,0.6800,1092.74,533.38,0.7507,984.78,525.18,0.8018
621,bottom,0,1024.60,679.21,1138.57,970.43,1079.45,701.82,0.7797,1078.03,696.84,0.5944,1080.16,696.84,0.5374,1070.21,703.24,0.7767,1090.12,703.24,0.7394,1055.28,734.53,0.8010,1107.89,737.37,0.8252,1035.37,767.23,0.7438,1115.71,782.87,0.7643,1035.37,768.65,0.5355,1119.27,819.84,0.6759,1068.08,815.58,0.7316,1097.23,814.87,0.7059,1073.76,869.61,0.8194,1118.56,873.88,0.8023,1066.65,929.33,0.7832,1117.84,932.89,0.8284
622,top,1,966.81,391.78,1117.86,563.18,1061.02,412.08,0.6991,1063.48,407.66,0.6833,1058.07,407.17,0.6567,1064.46,410.12,0.6247,1047.74,406.67,0.7412,1069.87,428.31,0.7954,1027.58,417.49,0.6723,1073.31,458.30,0.7003,1004.47,429.78,0.6585,1083.64,482.89,0.6933,993.65,440.11,0.6437,1058.56,467.15,0.7085,1030.04,465.68,0.6774,1076.26,506.00,0.7565,1005.45,496.66,0.6771,1105.27,538.94,0.7967,984.31,525.67,0.7905
622,bottom,0,1020.77,670.53,1130.36,954.52,1076.26,692.58,0.7473,1074.18,687.03,0.5709,1078.34,687.72,0.5428,1065.86,693.27,0.7685,1085.96,693.96,0.7495,1049.91,723.09,0.8062,1103.30,727.94,0.8363,1029.80,755.67,0.7350,1110.92,772.31,0.8014,1034.66,753.59,0.4797,1117.86,809.06,0.7693,1062.39,808.37,0.7281,1090.12,807.67,0.7105,1070.02,865.22,0.8391,1114.39,864.53,0.8236,1065.16,924.85,0.7933,1107.46,917.92,0.8320
623,top,1,968.14,397.15,1121.89,563.96,1069.54,415.49,0.7860,1072.54,411.49,0.7904,1066.53,410.49,0.7334,1073.04,413.99,0.6896,1056.02,409.99,0.7542,1077.04,433.51,0.8137,1035.00,421.50,0.7118,1078.55,461.54,0.6969,1014.48,432.51,0.6836,1086.05,483.06,0.6739,997.46,441.02,0.6845,1066.03,471.05,0.7031,1037.50,470.55,0.6721,1082.05,508.09,0.7421,1012.48,503.58,0.6159,1110.08,541.62,0.8188,987.45,525.10,0.7477
623,bottom,0,1015.66,659.69,1128.46,948.84,1074.18,681.43,0.7575,1074.18,676.49,0.5752,1076.30,676.49,0.5646,1062.18,682.14,0.7445,1081.94,682.84,0.7493,1045.23,712.49,0.8259,1099.59,718.14,0.8380,1024.06,747.08,0.8134,1106.65,763.32,0.8126,1042.41,745.67,0.5345,1115.83,798.62,0.7958,1055.82,797.91,0.7386,1084.77,797.91,0.7155,1064.29,858.62,0.8410,1108.06,852.27,0.8377,1062.88,916.51,0.8219,1098.18,907.33,0.8213
624,top,1,970.12,400.29,1121.58,563.67,1076.91,419.36,0.8251,1079.38,415.42,0.8067,1073.46,414.43,0.8128,1080.36,417.39,0.6850,1062.61,413.44,0.8263,1082.33,435.63,0.8209,1041.90,425.77,0.6922,1083.32,464.23,0.7104,1020.70,435.14,0.6628,1091.70,483.46,0.6215,999.99,442.04,0.6638,1071.49,473.10,0.7448,1043.88,473.60,0.6885,1084.80,506.63,0.7501,1019.72,507.62,0.6034,1110.44,541.64,0.8183,990.63,526.35,0.7070
624,bottom,0,1011.96,649.16,1125.73,941.76,1069.56,671.88,0.7706,1068.85,666.88,0.5464,1070.28,667.59,0.5280,1058.13,673.31,0.7529,1078.13,674.02,0.7261,1040.99,703.31,0.8269,1095.28,709.74,0.8380,1019.56,739.03,0.8070,1103.85,754.74,0.8134,1033.84,744.74,0.5796,1113.85,791.17,0.7818,1048.84,788.32,0.7329,1078.85,788.32,0.6936,1055.99,848.32,0.8280,1102.42,841.18,0.8306,1055.27,904.04,0.8048,1093.13,897.61,0.8154
625,top,1,973.34,402.84,1122.27,564.29,1082.23,422.00,0.8475,1084.65,418.12,0.8115,1079.32,417.15,0.8117,1085.62,420.54,0.7079,1068.17,416.67,0.8474,1087.56,439.94,0.8263,1048.78,427.33,0.6906,1088.53,467.57,0.7390,1026.48,437.03,0.6540,1097.74,484.54,0.6016,1004.66,442.36,0.6806,1076.41,473.87,0.7633,1049.26,473.87,0.7031,1087.56,506.84,0.7516,1027.44,507.81,0.5720,1110.83,541.26,0.8191,996.42,527.68,0.7004
625,bottom,0,1007.84,644.19,1120.46,928.58,1064.15,665.57,0.7733,1064.84,660.71,0.5557,1064.84,661.41,0.5530,1053.73,667.66,0.7397,1073.87,667.66,0.7071,1034.99,698.21,0.8182,1090.53,703.76,0.8276,1014.85,735.01,0.8150,1099.56,747.50,0.7874,1030.13,741.95,0.5744,1110.67,785.69,0.7592,1043.32,780.14,0.7208,1074.56,780.14,0.6731,1047.49,839.85,0.8195,1096.78,830.13,0.8194,1042.63,891.92,0.7946,1089.84,891.92,0.8277
626,top,1,980.54,403.10,1123.27,565.28,1085.36,423.79,0.8590,1088.61,419.61,0.7863,1082.57,418.68,0.8060,1090.00,421.93,0.7019,1071.88,417.75,0.8499,1090.93,441.91,0.8272,1053.30,427.51,0.6957,1093.25,466.53,0.7549,1029.60,436.33,0.6778,1103.01,483.72,0.6650,1008.70,443.30,0.6869,1079.78,473.50,0.7342,1052.37,472.57,0.6758,1089.54,506.49,0.7578,1031.00,506.49,0.6243,1111.84,542.26,0.8273,1002.19,528.32,0.7251
626,bottom,0,1004.10,641.91,1115.94,913.70,1059.36,663.01,0.7543,1060.02,658.37,0.5333,1060.02,659.03,0.5449,1048.74,665.67,0.7502,1068.65,665.67,0.7215,1030.16,695.53,0.8285,1085.24,700.83,0.8210,1010.92,733.35,0.8252,1095.19,744.63,0.7875,1026.18,744.63,0.6169,1105.80,781.79,0.7686,1039.45,775.15,0.7122,1070.64,775.15,0.6581,1036.80,830.89,0.8219,1090.54,822.93,0.8097,1028.83,887.95,0.8075,1085.90,885.96,0.8545
627,top,1,986.54,404.50,1122.96,564.67,1086.72,424.19,0.8562,1090.72,420.20,0.7699,1084.05,418.86,0.7929,1092.49,423.31,0.7355,1073.84,419.31,0.7873,1093.38,443.73,0.8263,1056.08,427.75,0.6905,1096.49,468.16,0.7291,1033.43,435.30,0.6762,1106.26,484.14,0.6598,1012.56,443.73,0.6877,1082.28,470.82,0.7350,1053.86,468.60,0.6630,1090.27,505.90,0.7524,1032.99,505.90,0.6489,1112.03,542.32,0.8401,1007.67,527.22,0.7442
627,bottom,0,999.41,641.60,1108.01,912.63,1053.05,661.98,0.7964,1053.71,658.01,0.5757,1053.05,658.67,0.5490,1043.12,665.29,0.7556,1062.97,665.29,0.7452,1025.26,695.72,0.8332,1080.84,699.69,0.8353,1007.39,734.76,0.8278,1090.10,743.37,0.7949,1023.93,747.34,0.5941,1100.03,781.08,0.7821,1035.84,773.14,0.7026,1068.27,773.14,0.6668,1024.59,828.73,0.7984,1084.81,818.80,0.8107,1014.67,888.94,0.8428,1084.15,879.68,0.8663
628,top,1,990.90,405.03,1123.44,564.12,1087.80,421.58,0.8744,1091.25,418.13,0.8063,1084.78,416.83,0.8117,1093.84,421.15,0.7405,1075.72,417.70,0.7535,1095.57,442.72,0.8202,1058.89,425.03,0.6823,1099.45,465.59,0.7104,1037.75,431.94,0.6468,1108.51,484.14,0.6924,1019.20,442.72,0.6552,1083.49,466.88,0.7042,1055.87,463.43,0.6437,1090.82,504.42,0.7363,1036.03,501.83,0.6388,1111.96,541.96,0.8203,1011.00,526.43,0.7369
628,bottom,0,980.17,643.02,1103.74,910.87,1047.19,663.82,0.8334,1048.50,660.55,0.6126,1047.19,660.55,0.5379,1036.72,667.09,0.7372,1057.00,667.09,0.7468,1019.72,697.82,0.8208,1075.31,700.44,0.8699,1004.03,739.67,0.8271,1084.46,743.59,0.7956,1018.41,754.71,0.6382,1094.92,780.21,0.7949,1031.49,773.68,0.6897,1064.19,772.37,0.6822,1013.18,827.95,0.7990,1079.88,813.56,0.7786,998.80,889.42,0.8909,1081.19,870.46,0.8234
629,top,1,992.20,402.95,1123.64,564.16,1086.58,419.81,0.8908,1090.43,416.38,0.8463,1083.59,415.10,0.8535,1093.43,419.38,0.7736,1075.03,415.53,0.7780,1096.42,441.20,0.8149,1058.35,422.80,0.6795,1101.13,465.16,0.6815,1039.09,430.93,0.6785,1110.97,487.83,0.6568,1021.55,445.05,0.6969,1083.59,465.16,0.6996,1056.21,461.73,0.6414,1090.86,503.24,0.7461,1037.38,499.81,0.6547,1111.83,542.60,0.8193,1012.14,525.48,0.7372
629,bottom,0,970.18,645.65,1101.71,908.19,1042.99,667.31,0.8907,1044.92,664.11,0.6611,1041.71,664.75,0.5381,1032.10,671.16,0.7467,1052.61,671.16,0.7599,1014.79,701.28,0.8257,1069.92,704.49,0.8705,1001.33,743.59,0.8327,1080.81,747.43,0.7868,1015.43,758.97,0.5955,1091.07,783.33,0.8027,1027.61,776.92,0.6957,1059.66,775.64,0.6883,1003.25,830.12,0.8111,1076.32,810.89,0.7382,987.23,889.73,0.8951,1077.61,859.60,0.7696
630,top,1,993.06,400.85,1123.65,563.88,1084.71,416.05,0.9130,1088.53,412.64,0.8616,1081.73,411.79,0.8683,1091.51,416.05,0.7799,1072.38,412.22,0.8044,1096.19,439.43,0.8144,1056.23,420.72,0.7024,1101.71,464.08,0.7020,1040.50,430.07,0.6957,1111.07,490.86,0.6632,1023.07,449.20,0.7306,1083.86,461.96,0.7025,1056.23,457.71,0.6407,1091.51,501.92,0.7471,1036.67,495.97,0.6794,1111.92,542.30,0.8276,1012.44,524.45,0.7838
630,bottom,0,971.85,650.38,1098.71,906.83,1039.67,670.91,0.8881,1042.17,667.78,0.6355,1038.41,668.41,0.5423,1029.02,675.30,0.7281,1049.68,674.67,0.7610,1012.12,703.47,0.8288,1066.59,707.23,0.8686,998.97,746.04,0.8312,1078.48,751.05,0.7914,1012.74,759.82,0.6051,1089.75,782.36,0.8155,1023.39,780.48,0.7045,1055.32,779.23,0.6934,997.09,832.45,0.8175,1071.60,809.91,0.6673,985.82,890.67,0.9008,1074.10,846.22,0.7386
631,top,1,995.62,397.19,1122.85,563.66,1082.43,412.08,0.9463,1086.16,409.18,0.8930,1079.11,407.94,0.9076,1089.06,412.91,0.8092,1070.83,408.77,0.8975,1094.85,436.11,0.7962,1055.09,417.88,0.7486,1101.48,463.03,0.7121,1043.91,427.41,0.6772,1110.18,492.43,0.6596,1033.14,442.73,0.6649,1083.26,460.54,0.7067,1055.09,456.81,0.6611,1092.37,501.13,0.7557,1035.63,493.26,0.7180,1111.83,541.72,0.8212,1012.85,523.91,0.7974
631,bottom,0,970.30,650.60,1097.54,909.72,1039.62,671.99,0.8588,1041.51,668.82,0.6111,1038.98,668.82,0.5359,1028.86,675.15,0.7282,1049.11,675.15,0.7526,1012.41,703.62,0.8073,1065.55,708.05,0.8439,997.86,744.10,0.8055,1077.57,750.43,0.7577,1008.62,759.29,0.5839,1088.96,781.43,0.8033,1021.27,780.16,0.6895,1053.53,778.90,0.6810,997.23,832.67,0.8154,1065.55,810.53,0.5747,986.48,890.24,0.8875,1068.08,839.63,0.6838
632,top,1,1000.02,394.13,1122.22,563.25,1078.88,408.50,0.9000,1082.18,406.02,0.9019,1075.57,404.79,0.8551,1085.07,409.74,0.7867,1066.90,406.02,0.8528,1092.50,432.45,0.7781,1051.63,416.76,0.7630,1100.76,461.76,0.7163,1042.13,434.93,0.6288,1108.60,492.73,0.6829,1035.52,460.52,0.5419,1081.77,460.52,0.6977,1054.10,456.40,0.6617,1092.91,500.99,0.7479,1031.39,493.14,0.7214,1112.32,542.69,0.8077,1015.29,523.70,0.7817
632,bottom,0,968.55,644.80,1098.37,909.36,1041.86,666.64,0.8725,1043.15,663.41,0.6210,1041.86,662.76,0.5401,1031.52,669.86,0.7532,1050.90,670.51,0.7531,1014.09,698.93,0.8087,1067.69,704.74,0.8344,999.88,737.04,0.7816,1079.32,744.79,0.7507,1008.27,754.47,0.5515,1089.65,776.43,0.7794,1023.13,773.85,0.6779,1054.13,773.85,0.6886,999.88,831.33,0.7722,1059.94,805.50,0.5123,986.96,886.88,0.8625,1056.71,837.15,0.6766
633,top,1,1003.43,388.46,1121.75,563.14,1074.96,405.44,0.8881,1078.37,402.45,0.8516,1071.55,401.60,0.8266,1081.36,406.71,0.7767,1063.87,402.88,0.8331,1089.03,429.32,0.7645,1048.95,414.82,0.7563,1097.56,458.74,0.6852,1043.83,435.29,0.5944,1105.24,489.02,0.6505,1041.27,460.87,0.4774,1080.50,459.59,0.6949,1052.78,456.18,0.6681,1092.87,500.96,0.7620,1030.18,492.01,0.7107,1112.06,542.33,0.7832,1018.24,524.84,0.7681
633,bottom,0,966.77,638.24,1099.68,907.44,1047.03,658.49,0.8521,1047.68,654.54,0.6029,1049.65,655.20,0.5381,1037.17,661.12,0.7634,1055.57,661.77,0.7496,1019.42,690.69,0.8208,1073.31,697.92,0.8513,1002.34,728.81,0.7541,1083.17,736.70,0.7706,1004.31,741.95,0.4962,1091.72,766.27,0.7756,1027.31,766.93,0.6939,1056.88,767.58,0.7036,1003.65,823.45,0.7441,1057.54,797.16,0.6432,986.56,876.68,0.7840,1047.68,837.91,0.7211
634,top,0,1006.05,387.22,1121.30,562.91,1070.97,402.57,0.8660,1073.97,399.57,0.8796,1067.11,399.14,0.8129,1077.40,403.43,0.8112,1059.39,400.86,0.8109,1085.55,426.59,0.7758,1046.09,413.30,0.7500,1094.13,456.19,0.6578,1043.09,435.60,0.6017,1102.71,485.36,0.6515,1039.66,460.91,0.5172,1079.55,459.62,0.6854,1051.67,456.62,0.6689,1093.70,501.66,0.7374,1029.36,492.22,0.7066,1112.15,542.84,0.7965,1021.64,526.97,0.7791
634,bottom,1,968.98,628.27,1101.54,901.70,1053.28,649.49,0.8410,1052.62,646.16,0.5965,1055.95,646.16,0.5881,1043.27,652.16,0.7707,1061.29,652.83,0.7797,1026.58,680.87,0.8165,1077.98,686.21,0.8691,1006.55,714.91,0.6992,1088.66,727.60,0.7847,999.88,728.93,0.5849,1095.34,756.97,0.7732,1032.59,756.30,0.7073,1062.63,758.31,0.7230,1009.22,813.05,0.7321,1057.96,789.68,0.6827,991.87,864.45,0.7341,1047.28,836.41,0.7567
635,top,1,1005.85,384.61,1121.38,562.60,1066.22,399.73,0.8405,1069.70,396.69,0.8276,1062.74,396.25,0.8141,1073.17,400.60,0.8074,1054.92,398.43,0.8129,1081.86,424.50,0.7696,1042.76,410.59,0.7385,1089.69,452.75,0.6503,1040.58,431.02,0.5537,1098.81,481.86,0.6187,1039.71,456.22,0.4689,1077.08,459.70,0.6641,1049.27,457.09,0.6585,1091.42,501.85,0.7179,1027.98,492.72,0.6845,1112.28,542.26,0.7877,1027.11,529.23,0.7947
635,bottom,0,975.36,618.43,1106.82,894.81,1057.96,640.56,0.7933,1055.94,636.52,0.5733,1060.66,637.19,0.5529,1047.84,642.59,0.7786,1066.06,643.26,0.7475,1032.32,671.60,0.8114,1082.93,676.33,0.8721,1010.73,704.67,0.7112,1093.72,718.16,0.7930,995.88,718.16,0.7100,1099.80,745.83,0.7794,1037.72,745.15,0.6997,1066.73,747.85,0.7181,1015.45,801.16,0.7362,1057.29,786.31,0.7162,1002.63,850.41,0.7400,1044.47,837.59,0.7924
636,top,1,1005.55,382.08,1122.13,563.22,1062.51,397.47,0.8575,1066.05,394.82,0.8336,1058.98,393.93,0.8014,1069.15,398.80,0.7251,1050.57,396.14,0.8185,1077.99,422.24,0.7517,1038.19,409.41,0.7584,1085.51,449.65,0.6767,1036.42,431.96,0.5446,1094.80,477.96,0.6236,1035.54,456.29,0.4703,1073.57,459.38,0.6263,1046.15,457.61,0.6370,1087.28,500.07,0.6684,1026.69,492.99,0.7034,1111.16,540.31,0.7847,1028.90,530.58,0.8070
636,bottom,0,984.64,608.39,1111.83,882.53,1062.29,630.34,0.8076,1060.95,626.33,0.5799,1062.96,627.00,0.5085,1052.92,633.02,0.7433,1070.32,633.69,0.7026,1036.19,662.47,0.7944,1087.05,665.15,0.8448,1015.44,693.26,0.6874,1098.43,706.64,0.7760,996.70,707.98,0.7037,1104.46,732.74,0.7592,1044.22,738.10,0.6685,1073.00,740.78,0.6946,1020.79,793.65,0.7463,1056.94,783.61,0.7264,1014.77,842.51,0.7682,1045.56,835.82,0.7960
637,top,1,1005.61,381.29,1120.90,562.35,1057.51,396.67,0.8541,1060.60,393.57,0.8446,1053.53,392.69,0.7892,1064.14,397.11,0.7628,1045.57,394.46,0.8245,1074.30,419.21,0.7473,1033.19,407.72,0.8091,1082.26,446.18,0.6594,1030.98,432.47,0.6143,1089.78,472.26,0.6044,1030.54,455.90,0.5409,1069.88,459.00,0.6252,1042.48,457.23,0.6540,1084.91,500.55,0.6736,1023.91,492.59,0.7034,1110.11,539.89,0.7818,1028.33,529.73,0.8167
637,bottom,0,982.40,598.99,1114.63,872.38,1065.87,620.88,0.7981,1064.53,617.54,0.5737,1068.54,617.54,0.5320,1057.19,623.55,0.7270,1073.88,623.55,0.7107,1039.84,652.92,0.7743,1090.56,654.92,0.8255,1019.15,684.29,0.6563,1103.25,694.97,0.7762,997.79,698.97,0.6746,1107.92,719.67,0.7529,1051.18,730.35,0.6700,1079.88,732.35,0.7120,1027.16,783.74,0.7539,1059.19,779.07,0.6957,1027.16,835.14,0.7470,1049.18,830.46,0.7893
638,top,1,1005.55,378.96,1116.39,561.55,1053.39,394.47,0.8381,1056.51,391.80,0.8470,1049.82,390.91,0.7994,1060.07,395.36,0.7716,1041.80,393.58,0.8071,1071.22,418.10,0.7370,1028.87,406.95,0.8176,1077.46,441.72,0.6521,1027.09,430.13,0.6580,1085.04,464.01,0.6252,1024.86,455.10,0.5622,1065.87,458.22,0.6233,1039.12,455.99,0.6620,1079.24,499.67,0.6682,1021.74,490.76,0.6920,1105.99,538.90,0.7614,1027.53,529.10,0.8213
638,bottom,0,983.35,591.00,1119.98,857.31,1071.17,612.98,0.7987,1069.87,609.07,0.5712,1073.12,608.42,0.5889,1061.42,614.93,0.6702,1077.02,614.93,0.7185,1043.86,644.83,0.7913,1094.58,646.13,0.8270,1021.11,677.99,0.6924,1108.23,685.80,0.7834,997.70,696.85,0.7480,1112.78,707.90,0.7319,1056.87,720.25,0.6899,1086.77,722.86,0.7293,1033.46,770.97,0.7892,1064.67,769.67,0.7531,1038.01,827.53,0.7800,1056.87,819.73,0.7855
639,top,1,1004.75,378.39,1111.54,562.07,1049.62,393.55,0.8336,1052.76,390.86,0.8333,1046.04,389.96,0.8037,1056.35,394.00,0.7736,1037.96,392.65,0.8046,1068.01,415.97,0.7453,1024.51,406.11,0.8130,1074.29,439.29,0.6209,1021.37,430.32,0.6623,1080.57,459.92,0.6096,1019.58,455.43,0.5913,1061.73,456.33,0.6193,1035.27,455.88,0.6507,1072.94,498.48,0.6638,1020.48,490.86,0.6876,1098.05,538.39,0.7638,1027.20,528.98,0.8153
639,bottom,0,986.04,583.75,1125.09,846.56,1074.17,606.72,0.8246,1072.89,602.88,0.5708,1076.10,602.88,0.5901,1065.19,609.29,0.6763,1081.87,609.29,0.7299,1048.51,638.16,0.7947,1099.20,639.45,0.8252,1025.41,670.25,0.6989,1112.67,677.95,0.7858,1002.31,691.42,0.7648,1117.16,698.48,0.7388,1062.62,712.59,0.6867,1092.14,714.52,0.7360,1041.45,761.36,0.8072,1070.96,760.72,0.7873,1045.30,819.74,0.8080,1068.40,808.84,0.7785
640,top,1,1005.38,377.54,1099.28,562.16,1046.02,392.77,0.8448,1049.18,390.07,0.8273,1042.42,389.62,0.8099,1052.78,393.22,0.7674,1034.75,391.87,0.8235,1064.95,413.96,0.7406,1020.78,405.84,0.8188,1071.71,437.40,0.6108,1016.72,428.38,0.6782,1077.57,457.68,0.5856,1013.57,454.52,0.6112,1058.64,454.07,0.6463,1033.40,453.62,0.6612,1066.30,494.64,0.6866,1020.33,491.48,0.7187,1087.04,534.30,0.7601,1027.54,528.89,0.8129
640,bottom,0,989.38,580.74,1129.49,835.83,1079.36,602.41,0.8502,1078.12,599.30,0.5653,1081.23,598.67,0.6181,1070.02,604.90,0.6610,1086.21,604.90,0.7521,1053.21,633.55,0.8112,1103.03,634.80,0.8571,1030.16,665.31,0.7175,1116.73,674.03,0.7867,1005.88,688.35,0.7993,1121.71,690.84,0.6921,1068.15,707.66,0.6950,1098.05,709.53,0.7499,1046.98,756.24,0.8253,1078.74,751.88,0.7973,1048.85,814.78,0.8455,1081.23,801.08,0.7858
641,top,1,1002.93,376.13,1085.15,558.06,1042.71,392.47,0.8382,1046.26,389.81,0.8000,1039.15,389.36,0.7986,1050.26,392.92,0.7836,1031.60,391.58,0.8215,1061.81,412.90,0.7437,1017.83,405.35,0.7971,1069.36,434.22,0.6451,1012.95,428.45,0.6668,1076.02,455.99,0.6503,1010.28,455.54,0.6185,1056.48,451.55,0.6400,1030.71,452.43,0.6456,1061.81,492.85,0.7085,1020.50,490.63,0.6987,1075.13,534.60,0.7266,1027.61,528.83,0.7872
641,bottom,0,993.21,578.07,1136.79,829.62,1085.27,600.06,0.8559,1084.04,596.99,0.5635,1086.50,596.37,0.6499,1074.83,602.51,0.6855,1091.41,602.51,0.7696,1057.63,631.38,0.8182,1107.38,632.61,0.8517,1033.07,663.31,0.7412,1122.73,670.07,0.7681,1009.11,687.26,0.7986,1128.26,684.19,0.6964,1072.37,706.30,0.6894,1103.08,706.30,0.7378,1051.49,754.21,0.8059,1088.95,747.45,0.7768,1053.33,811.32,0.8298,1094.48,793.51,0.7376
642,top,1,1000.40,375.29,1082.56,564.06,1041.02,392.25,0.8305,1044.24,389.49,0.8062,1037.33,389.03,0.7889,1047.93,393.17,0.7878,1029.03,391.33,0.8371,1059.45,412.53,0.7489,1015.67,405.16,0.8087,1067.75,433.27,0.6411,1010.60,425.89,0.7164,1074.66,455.85,0.6570,1005.53,452.16,0.6962,1054.84,450.78,0.6291,1029.96,452.16,0.6360,1057.15,492.72,0.7057,1020.74,490.42,0.6883,1062.22,541.11,0.7409,1028.11,529.13,0.7878
642,bottom,0,995.98,576.60,1144.21,828.06,1090.97,599.81,0.8864,1089.74,596.13,0.5844,1092.19,596.13,0.6644,1080.53,602.26,0.7085,1097.72,602.26,0.7850,1062.73,629.28,0.8352,1112.45,632.35,0.8753,1037.56,662.43,0.7618,1129.64,670.41,0.7825,1012.39,686.98,0.8133,1133.94,677.77,0.6693,1077.46,703.56,0.7094,1108.16,701.72,0.7425,1055.97,752.67,0.8281,1102.02,739.17,0.7870,1057.20,810.38,0.8557,1108.77,790.12,0.8167
643,top,1,996.53,375.45,1080.69,564.95,1039.07,392.48,0.8417,1042.31,389.24,0.8171,1034.91,388.78,0.8093,1045.55,392.94,0.8080,1027.04,391.55,0.8498,1057.11,411.91,0.7514,1014.09,405.43,0.8136,1067.29,433.65,0.6775,1008.53,425.79,0.7120,1073.77,457.71,0.7007,1002.52,452.16,0.6959,1052.49,452.62,0.6224,1028.43,453.55,0.6369,1052.02,494.72,0.7050,1021.49,491.02,0.6743,1052.49,542.38,0.7517,1027.97,529.88,0.7850
643,bottom,0,1000.21,577.01,1152.14,829.37,1097.74,599.07,0.8800,1097.13,595.37,0.5736,1098.98,595.37,0.6506,1087.27,600.91,0.7003,1104.52,601.53,0.7695,1068.17,628.64,0.8432,1118.07,632.34,0.8842,1042.91,660.68,0.7666,1138.41,669.30,0.7916,1018.88,685.94,0.8171,1140.25,671.15,0.5953,1081.11,701.96,0.7209,1111.91,700.11,0.7323,1058.31,753.71,0.8270,1114.99,733.38,0.7457,1057.08,809.78,0.8668,1123.62,778.97,0.7516
644,top,1,995.03,375.83,1082.49,561.52,1037.40,392.06,0.8592,1040.57,388.88,0.8294,1033.77,388.43,0.7970,1044.20,392.51,0.7750,1025.61,390.70,0.8465,1055.53,412.00,0.7605,1013.37,404.75,0.8232,1067.32,435.58,0.7050,1007.48,425.15,0.7438,1075.48,460.51,0.7259,999.77,450.99,0.7450,1049.19,455.98,0.6279,1026.97,455.98,0.6500,1046.92,496.78,0.7222,1021.53,491.79,0.6794,1046.92,543.93,0.7831,1028.33,529.87,0.7831
644,bottom,0,1003.77,577.65,1160.36,829.32,1105.41,598.42,0.8754,1105.41,595.35,0.5545,1105.41,594.73,0.6371,1094.36,600.88,0.6846,1111.56,600.88,0.7489,1075.31,627.91,0.8326,1124.46,633.44,0.8712,1050.12,659.86,0.7553,1145.35,667.85,0.7818,1024.31,686.90,0.7960,1149.65,669.08,0.5471,1086.37,701.03,0.7151,1115.86,699.19,0.7333,1061.18,753.87,0.7930,1125.69,734.21,0.7026,1058.10,806.71,0.8359,1136.14,766.77,0.6937
645,top,1,990.00,376.88,1083.24,557.22,1036.18,392.20,0.8587,1039.26,388.68,0.8166,1032.21,388.68,0.7899,1042.34,392.20,0.7698,1023.85,390.44,0.8434,1052.91,411.58,0.7545,1012.40,403.65,0.8427,1066.11,433.15,0.7286,1007.56,423.90,0.7856,1075.36,458.69,0.7383,998.31,447.24,0.8144,1046.30,456.48,0.6236,1025.17,455.60,0.6590,1042.78,494.79,0.7098,1019.89,491.27,0.6972,1046.30,542.78,0.7822,1027.81,528.69,0.7928
645,bottom,0,1020.02,577.61,1169.91,827.21,1113.24,600.04,0.8902,1113.85,596.38,0.5433,1115.07,596.38,0.5945,1102.88,601.87,0.6967,1119.95,602.48,0.7166,1082.78,628.07,0.8302,1132.13,634.16,0.8763,1058.40,659.76,0.7525,1151.63,668.29,0.7611,1030.98,688.40,0.7862,1158.34,669.51,0.5771,1091.92,701.80,0.6955,1121.77,699.97,0.7176,1065.71,753.60,0.7807,1134.57,737.75,0.6610,1060.84,801.74,0.8342,1144.93,760.30,0.6866
646,top,1,989.14,376.51,1084.12,565.48,1033.86,392.57,0.8223,1037.09,389.34,0.8228,1030.17,388.88,0.7861,1040.32,392.57,0.7509,1022.33,390.26,0.8569,1050.93,412.41,0.7216,1011.25,402.72,0.8305,1065.23,432.24,0.7086,1007.10,421.17,0.7589,1075.38,457.16,0.7425,997.87,444.70,0.7787,1044.93,454.85,0.6160,1023.71,453.47,0.6478,1040.32,496.83,0.7335,1016.33,489.45,0.7010,1046.32,543.89,0.7785,1026.02,526.82,0.8046
646,bottom,0,1027.61,581.54,1179.49,824.44,1121.34,602.18,0.8513,1121.93,598.03,0.5361,1123.11,598.62,0.5534,1110.66,603.96,0.6733,1127.86,604.55,0.7128,1089.91,630.65,0.8239,1138.53,635.98,0.8708,1066.19,662.08,0.7578,1153.36,670.38,0.7589,1038.31,690.54,0.7687,1167.00,676.31,0.7003,1098.21,703.59,0.6826,1127.86,701.81,0.6993,1071.52,755.18,0.7766,1140.31,732.05,0.6277,1067.37,796.10,0.8280,1149.80,762.29,0.6973
647,top,1,989.11,377.03,1084.63,566.44,1032.25,392.66,0.8094,1035.49,389.89,0.8306,1028.55,388.96,0.7945,1038.26,392.20,0.7625,1021.15,389.89,0.8592,1048.90,412.55,0.7133,1010.05,401.45,0.8379,1064.16,431.97,0.7306,1005.43,420.41,0.7577,1075.26,456.48,0.7733,997.10,443.99,0.7933,1043.35,454.17,0.6344,1022.54,452.78,0.6659,1039.19,497.17,0.7466,1012.83,487.92,0.7047,1046.12,543.88,0.7859,1022.54,523.99,0.8105
647,bottom,0,1029.60,583.76,1183.68,818.13,1128.38,605.39,0.8782,1128.95,601.38,0.5370,1129.52,601.96,0.6208,1116.36,607.68,0.6768,1135.25,608.82,0.7697,1096.34,632.86,0.8298,1144.97,639.72,0.8491,1074.59,664.90,0.7619,1158.13,674.63,0.7970,1046.56,693.51,0.8019,1171.30,684.35,0.7283,1103.78,705.52,0.6635,1134.10,701.52,0.6813,1079.17,757.02,0.7370,1144.40,722.69,0.6783,1075.17,792.50,0.8231,1150.12,762.74,0.7696
648,top,1,989.16,378.08,1085.01,565.54,1030.68,393.09,0.8293,1033.88,390.35,0.8448,1027.02,388.98,0.8212,1036.63,392.64,0.7462,1019.24,390.35,0.8596,1046.24,412.77,0.7069,1007.79,400.87,0.8383,1063.17,431.99,0.7257,1003.22,420.10,0.7589,1075.07,457.17,0.7677,995.44,443.89,0.7788,1043.03,453.50,0.6478,1021.98,451.67,0.6809,1038.00,495.61,0.7557,1008.71,485.08,0.7117,1045.78,542.75,0.7801,1019.69,521.24,0.8088
648,bottom,0,1038.12,584.84,1186.65,815.21,1134.32,606.10,0.8461,1134.88,602.72,0.5324,1136.01,602.72,0.6129,1121.39,608.35,0.6712,1141.07,609.47,0.7731,1101.14,632.53,0.8194,1150.07,641.53,0.8291,1080.33,665.72,0.7529,1161.32,676.96,0.7771,1054.45,694.40,0.7882,1173.13,688.21,0.6304,1107.32,706.77,0.6552,1137.70,702.27,0.6615,1085.39,759.64,0.7299,1146.13,720.83,0.6496,1082.58,789.45,0.7993,1149.51,762.46,0.7535
649,top,1,986.53,379.35,1083.22,565.18,1028.52,394.23,0.7914,1031.70,391.51,0.7996,1024.89,390.60,0.7919,1034.42,394.23,0.7369,1017.18,391.51,0.8405,1044.40,412.38,0.7109,1005.84,402.85,0.8402,1060.73,432.34,0.7341,1000.39,422.36,0.7573,1073.44,457.29,0.7785,992.23,445.04,0.7733,1043.04,452.30,0.6543,1021.26,450.49,0.6823,1036.23,493.59,0.7451,1006.74,484.06,0.7194,1046.22,541.23,0.7612,1015.36,520.36,0.7934
649,bottom,0,1042.66,585.96,1189.53,814.19,1138.94,606.47,0.8197,1140.05,602.57,0.5274,1140.61,603.12,0.6062,1126.12,607.58,0.6613,1146.18,609.25,0.7652,1106.06,630.43,0.8082,1153.43,642.69,0.8067,1084.89,663.86,0.7416,1162.90,676.67,0.7593,1059.26,693.39,0.7775,1172.93,687.26,0.6272,1111.08,704.54,0.6620,1139.50,702.31,0.6782,1090.46,757.47,0.6842,1145.63,721.25,0.5977,1090.46,787.56,0.7525,1149.53,761.37,0.7142
650,top,1,982.16,380.36,1081.22,564.47,1026.30,396.90,0.8102,1028.99,394.20,0.8009,1022.70,392.86,0.7920,1032.14,396.90,0.7505,1015.06,394.20,0.8311,1043.38,415.33,0.7236,1003.37,406.34,0.8398,1058.66,436.91,0.7128,997.08,427.02,0.7552,1072.14,462.08,0.7370,988.99,451.74,0.7669,1042.48,454.44,0.6641,1020.45,452.19,0.6868,1035.28,493.09,0.7593,1005.17,485.00,0.7144,1047.42,541.19,0.7705,1008.77,521.41,0.7621
650,bottom,0,1044.85,586.37,1193.31,810.99,1143.21,607.10,0.8237,1144.31,603.26,0.5284,1144.31,603.80,0.5986,1130.05,608.19,0.6443,1149.24,610.39,0.7526,1109.76,628.48,0.8102,1155.83,643.29,0.7995,1087.82,662.48,0.7537,1166.24,677.29,0.7695,1061.50,691.00,0.7676,1178.86,687.71,0.6278,1110.86,702.51,0.6602,1139.92,700.87,0.6685,1093.31,754.61,0.6916,1145.95,718.42,0.6149,1094.41,784.77,0.7584,1149.24,761.19,0.7199
651,top,1,975.32,384.73,1069.32,566.29,1023.21,400.16,0.8015,1026.31,397.50,0.7828,1019.66,396.61,0.7468,1029.86,400.60,0.7943,1011.68,398.38,0.8124,1041.82,420.10,0.7566,1000.60,411.24,0.8151,1057.34,444.93,0.7223,993.95,432.07,0.7322,1072.41,470.19,0.6557,985.97,458.67,0.7519,1041.82,457.34,0.6756,1020.10,455.12,0.6807,1034.73,496.35,0.7475,1003.70,488.37,0.6931,1047.14,543.33,0.7791,1001.04,523.83,0.7548
651,bottom,0,1044.83,588.72,1195.46,810.23,1146.10,607.54,0.7955,1149.35,604.30,0.4943,1147.73,604.84,0.5724,1133.12,608.08,0.5921,1152.59,611.33,0.7356,1110.95,627.55,0.7856,1156.92,643.23,0.7797,1089.86,658.38,0.7196,1168.82,675.68,0.7333,1061.74,684.87,0.7569,1180.17,683.25,0.6098,1110.95,699.48,0.6359,1140.15,698.39,0.6391,1094.19,750.85,0.6890,1146.64,717.32,0.6179,1096.35,780.60,0.7481,1149.35,761.13,0.7060
652,top,1,971.44,390.34,1060.94,566.57,1020.06,405.31,0.8152,1023.50,402.30,0.8005,1016.62,401.44,0.7530,1026.95,405.31,0.8209,1009.31,403.16,0.7795,1039.85,424.24,0.8010,998.55,417.36,0.7945,1055.34,449.63,0.7263,990.37,439.73,0.7243,1072.12,475.01,0.6757,981.77,467.70,0.7328,1041.57,461.24,0.6903,1019.20,459.52,0.6991,1033.40,500.40,0.7620,1000.70,492.65,0.6847,1048.03,546.00,0.7997,995.97,526.21,0.7563
652,bottom,0,1043.83,589.01,1194.79,809.87,1148.42,609.39,0.8238,1151.66,606.16,0.5174,1150.04,607.24,0.5692,1135.48,609.39,0.6003,1154.35,613.17,0.7495,1112.83,627.19,0.7830,1157.05,642.82,0.7964,1089.11,655.76,0.7187,1168.91,672.48,0.7454,1058.91,680.57,0.7557,1184.01,678.95,0.6353,1109.60,695.67,0.6513,1138.18,696.20,0.6433,1093.96,749.05,0.7195,1147.88,716.69,0.6404,1096.12,777.63,0.7454,1149.50,761.45,0.7161
653,top,1,971.25,396.47,1073.09,566.52,1018.02,411.75,0.8245,1021.34,408.43,0.7861,1014.28,407.60,0.7573,1024.66,411.75,0.7659,1007.22,410.09,0.7985,1037.95,430.02,0.7507,996.43,424.62,0.8230,1054.97,454.10,0.7269,988.13,447.87,0.7220,1072.40,478.18,0.6967,979.41,474.02,0.7083,1040.02,467.38,0.6862,1017.60,466.14,0.6836,1030.06,502.25,0.7566,998.51,496.44,0.7149,1046.25,547.09,0.7814,995.19,526.75,0.7491
653,bottom,0,1049.29,589.13,1194.83,811.45,1149.74,609.65,0.7614,1152.46,605.85,0.4727,1151.92,606.93,0.5370,1137.26,609.11,0.5967,1154.09,612.90,0.7379,1113.92,625.93,0.7606,1156.80,643.30,0.7928,1087.87,650.90,0.7022,1170.37,670.98,0.7098,1056.93,674.78,0.7218,1187.74,674.78,0.6126,1109.58,691.06,0.6425,1136.72,692.15,0.6093,1091.67,745.88,0.7177,1148.12,715.49,0.6499,1094.93,776.28,0.7512,1149.20,761.62,0.7148
654,top,3,970.54,402.53,1076.35,566.20,1017.45,418.03,0.7838,1020.24,414.84,0.7595,1013.45,414.04,0.7422,1023.44,417.63,0.7295,1006.26,416.43,0.7778,1036.23,434.82,0.7388,995.87,430.02,0.8183,1055.01,457.99,0.7329,986.68,454.00,0.7121,1073.79,481.97,0.7418,977.89,478.37,0.6823,1040.22,471.98,0.6679,1017.05,470.38,0.6652,1027.44,502.35,0.7194,993.47,497.95,0.7205,1044.22,546.70,0.7479,995.07,526.32,0.7524
654,bottom,0,1034.04,588.19,1192.87,811.79,1148.39,607.18,0.8128,1151.12,603.36,0.5053,1150.58,605.00,0.5321,1137.48,606.64,0.6143,1153.85,611.01,0.7105,1114.00,624.65,0.7588,1156.04,642.12,0.8181,1087.25,644.85,0.6685,1169.68,667.78,0.7016,1053.41,665.05,0.6841,1184.97,670.51,0.5844,1109.09,687.43,0.6601,1135.84,688.52,0.6199,1088.89,741.47,0.7180,1147.85,715.82,0.6625,1092.17,774.77,0.7214,1148.94,761.67,0.7498
655,top,3,970.50,406.59,1066.89,566.82,1017.91,422.16,0.7791,1020.65,418.63,0.7223,1014.00,418.63,0.6973,1024.17,421.76,0.6760,1006.57,420.20,0.7544,1035.52,437.41,0.7175,996.00,434.28,0.7759,1055.47,458.93,0.7118,985.83,458.15,0.6838,1074.25,483.97,0.7052,975.66,479.66,0.6820,1040.21,475.36,0.6306,1015.96,473.79,0.5931,1027.69,503.53,0.6693,990.14,500.40,0.7189,1044.51,547.34,0.7314,994.05,526.22,0.7427
655,bottom,0,1028.97,583.00,1189.49,811.78,1145.53,603.56,0.8417,1148.33,600.21,0.4979,1147.77,601.32,0.5514,1136.04,602.44,0.6234,1151.12,607.47,0.7118,1112.58,619.76,0.7731,1154.47,638.75,0.8407,1084.65,640.98,0.6723,1168.44,666.12,0.7510,1048.35,656.62,0.7102,1181.84,667.79,0.6639,1108.67,682.87,0.6713,1136.04,683.99,0.6447,1084.65,738.17,0.7305,1146.09,715.27,0.6814,1088.56,774.47,0.7452,1148.89,761.07,0.7581
656,top,5,971.10,409.29,1057.69,566.44,1020.15,425.71,0.7410,1023.60,422.25,0.7467,1017.08,421.87,0.6830,1026.67,425.32,0.7356,1009.79,423.41,0.7277,1037.41,440.67,0.7573,998.66,436.83,0.7260,1057.36,461.39,0.7058,987.15,457.55,0.6749,1076.93,482.11,0.7674,977.18,478.65,0.6700,1040.10,478.65,0.6695,1015.16,477.12,0.5915,1030.12,506.28,0.7310,990.61,502.82,0.7296,1045.47,547.33,0.7455,994.44,526.61,0.7343
656,bottom,0,1024.91,577.72,1187.15,810.33,1141.24,597.48,0.8878,1144.65,594.64,0.5234,1141.81,595.21,0.5654,1131.58,597.48,0.6474,1146.92,600.89,0.6974,1109.44,617.36,0.7736,1152.03,633.26,0.8482,1081.61,635.53,0.6778,1167.36,662.22,0.7432,1044.13,646.89,0.7311,1179.29,664.49,0.5964,1107.73,679.83,0.6759,1134.99,680.39,0.6576,1081.04,736.05,0.7268,1144.65,713.90,0.6889,1085.02,775.23,0.7477,1149.19,760.47,0.7475
657,top,1,970.53,410.78,1086.15,566.80,1026.05,425.94,0.7843,1029.10,422.51,0.7412,1022.24,422.13,0.7216,1032.15,425.94,0.6786,1014.63,424.03,0.7611,1042.43,443.08,0.6853,1003.96,436.98,0.7434,1062.62,463.65,0.6686,991.77,455.27,0.7176,1082.05,483.84,0.6723,979.58,475.84,0.7123,1043.20,479.65,0.6099,1018.82,477.36,0.6030,1033.29,508.22,0.7013,995.20,504.03,0.6933,1044.72,548.21,0.7232,994.44,526.50,0.7576
657,bottom,0,1021.97,571.12,1185.22,800.07,1136.58,591.69,0.9080,1139.37,588.34,0.5077,1137.69,589.46,0.5541,1126.52,592.25,0.6577,1142.72,595.04,0.6821,1106.39,611.25,0.8185,1148.31,628.02,0.8814,1079.56,630.82,0.6920,1165.08,658.76,0.7647,1041.55,640.32,0.7697,1175.70,659.88,0.6105,1106.39,675.53,0.7175,1133.22,675.53,0.7308,1077.33,735.34,0.7755,1142.17,712.98,0.7153,1080.12,778.38,0.8033,1148.87,760.49,0.8044
658,top,1,970.60,409.07,1086.14,567.22,1032.24,425.60,0.7578,1035.71,421.74,0.7468,1028.76,421.35,0.6958,1039.19,425.21,0.7169,1020.65,423.28,0.7240,1047.29,442.97,0.7000,1010.61,434.87,0.6945,1066.99,462.67,0.6456,1001.35,449.15,0.6393,1086.29,481.97,0.6573,989.38,461.51,0.6390,1047.29,479.65,0.5918,1021.81,477.72,0.5971,1035.32,509.77,0.7154,1004.82,504.75,0.5870,1044.20,549.54,0.7188,994.01,525.99,0.6895
658,bottom,0,1018.19,565.55,1182.48,810.55,1130.84,586.37,0.8526,1133.83,582.18,0.4968,1131.44,583.37,0.5621,1119.47,586.37,0.6403,1137.42,588.16,0.7225,1101.53,607.90,0.7937,1144.00,622.25,0.8402,1075.81,627.04,0.6469,1163.14,653.96,0.7391,1038.72,634.82,0.7468,1174.50,653.96,0.5929,1103.92,676.09,0.6841,1130.24,675.49,0.6813,1074.01,735.30,0.7588,1140.41,712.58,0.6995,1075.81,783.76,0.7901,1148.18,759.23,0.7331
659,top,2,973.52,406.05,1109.62,567.00,1038.91,423.17,0.8025,1042.90,419.63,0.7495,1035.37,419.18,0.7521,1046.44,423.17,0.6858,1028.28,421.40,0.8004,1054.42,442.22,0.6691,1017.65,434.25,0.7116,1074.80,463.05,0.6245,1007.90,447.54,0.6704,1097.40,484.31,0.5621,996.38,458.17,0.6772,1053.09,480.32,0.6069,1028.72,477.22,0.6295,1035.81,513.55,0.7228,1012.33,505.14,0.5434,1044.67,549.88,0.7514,998.15,524.63,0.6578
659,bottom,0,1015.65,560.29,1179.03,813.50,1123.92,580.56,0.8236,1123.30,576.24,0.5211,1125.16,577.47,0.5667,1112.18,581.18,0.6768,1130.72,582.42,0.7219,1095.49,603.44,0.8053,1139.38,617.04,0.8297,1070.76,625.07,0.6515,1158.54,648.56,0.7486,1034.29,632.49,0.7550,1170.91,650.42,0.6157,1100.43,677.00,0.6829,1127.01,675.76,0.6900,1072.00,735.73,0.7859,1137.52,714.71,0.7092,1072.61,791.37,0.8101,1148.65,759.22,0.7620
660,top,1,993.31,403.81,1116.93,566.70,1045.46,421.27,0.7592,1048.68,417.24,0.6985,1041.84,416.44,0.7282,1052.30,420.87,0.6989,1035.00,418.85,0.7412,1060.75,439.38,0.6858,1025.34,432.13,0.7703,1084.90,461.11,0.6830,1013.27,446.62,0.7028,1107.43,483.24,0.7074,1003.21,457.48,0.7509,1058.74,481.63,0.6215,1035.40,476.40,0.6694,1035.81,515.83,0.7538,1016.49,508.19,0.6498,1044.66,550.44,0.7490,1011.26,527.10,0.7077
660,bottom,0,1009.19,556.32,1174.75,812.67,1117.63,576.22,0.7904,1117.00,571.84,0.5280,1118.88,572.47,0.5788,1106.36,576.85,0.6730,1123.26,577.47,0.7068,1090.09,600.63,0.8031,1133.90,612.52,0.8230,1066.31,624.41,0.6991,1152.05,642.56,0.7474,1030.01,630.67,0.7629,1165.82,645.69,0.6184,1096.35,676.36,0.6793,1122.63,675.11,0.7039,1071.31,734.57,0.7669,1133.90,717.04,0.7204,1073.19,792.77,0.7978,1148.29,759.60,0.7894
661,top,1,1004.70,400.37,1122.36,566.84,1052.15,416.95,0.7705,1055.81,412.88,0.7267,1048.90,412.48,0.7671,1059.47,416.95,0.7242,1041.18,414.92,0.7574,1066.79,434.83,0.6735,1031.83,429.14,0.7795,1092.39,456.78,0.6674,1022.08,443.37,0.7151,1115.15,481.98,0.6622,1013.14,455.15,0.7363,1062.72,481.57,0.6259,1041.59,475.48,0.6850,1037.52,514.90,0.7334,1022.89,505.14,0.7423,1044.84,549.85,0.7165,1033.05,531.56,0.6001
661,bottom,0,1004.21,554.27,1173.29,813.99,1110.31,573.16,0.8197,1109.68,569.36,0.5448,1111.58,569.99,0.5678,1100.16,574.43,0.7189,1116.65,575.06,0.6966,1084.31,600.43,0.7968,1128.06,608.67,0.8257,1061.48,625.16,0.6895,1151.53,640.38,0.7482,1024.07,632.13,0.7688,1170.55,637.84,0.5752,1091.92,675.25,0.6707,1117.28,673.98,0.6900,1070.36,733.59,0.7614,1129.33,719.00,0.7149,1072.90,794.46,0.7876,1147.09,759.59,0.7731
662,top,1,1014.53,394.92,1129.51,567.43,1059.80,412.95,0.7981,1063.59,408.73,0.7402,1056.43,408.73,0.7642,1066.96,412.10,0.6978,1048.43,410.84,0.7526,1076.23,431.48,0.6851,1038.74,426.42,0.8042,1101.08,454.22,0.6981,1028.64,443.27,0.7319,1120.03,480.33,0.7285,1022.74,454.64,0.7299,1070.33,479.91,0.6125,1050.12,473.60,0.6847,1042.11,516.14,0.7598,1029.90,506.45,0.8333,1045.48,551.09,0.7643,1049.70,532.14,0.7620
662,bottom,0,996.43,553.58,1170.13,815.53,1103.74,571.99,0.8589,1102.46,568.16,0.5697,1104.38,568.16,0.6021,1094.15,573.27,0.7407,1110.78,573.27,0.6945,1078.80,600.77,0.8141,1123.57,607.17,0.8291,1057.06,626.35,0.7281,1146.59,636.59,0.7532,1019.96,633.39,0.7738,1156.18,637.87,0.6121,1087.75,675.60,0.6949,1112.69,674.96,0.7074,1071.13,734.43,0.7708,1124.21,719.72,0.7298,1072.40,795.19,0.8213,1142.75,758.10,0.7726
663,top,1,1024.85,390.73,1133.78,567.12,1067.26,409.16,0.7949,1070.70,405.28,0.7310,1063.81,404.85,0.7654,1075.01,408.30,0.7415,1056.92,407.01,0.7490,1085.34,428.54,0.7019,1046.16,423.80,0.8132,1106.45,451.36,0.7318,1037.11,444.47,0.7352,1123.67,478.92,0.7287,1032.81,459.98,0.7060,1078.02,478.49,0.6082,1057.35,472.46,0.6670,1051.32,515.10,0.7513,1039.27,509.93,0.8089,1046.59,549.55,0.7604,1064.67,534.48,0.7019
663,bottom,0,992.37,552.24,1165.96,815.68,1098.46,571.40,0.8797,1097.18,567.54,0.5803,1099.10,566.90,0.6135,1088.81,572.05,0.7342,1104.89,572.69,0.6768,1074.02,600.99,0.8187,1118.40,604.85,0.8339,1053.44,628.65,0.7451,1142.84,633.15,0.7441,1016.13,638.94,0.7409,1151.85,635.72,0.6196,1084.31,675.60,0.6937,1109.40,674.96,0.7064,1070.80,735.41,0.7597,1119.04,718.69,0.7172,1072.09,795.23,0.8077,1136.41,757.93,0.7311
664,top,1,1032.85,389.21,1136.08,568.71,1074.82,407.09,0.7615,1078.33,403.15,0.7145,1071.32,403.15,0.7301,1082.27,406.65,0.7307,1064.75,404.90,0.7755,1093.67,427.25,0.7227,1053.35,422.43,0.8004,1111.20,452.23,0.7479,1045.03,445.66,0.6793,1126.97,480.28,0.6948,1042.83,462.75,0.6241,1085.34,481.59,0.6100,1064.75,476.33,0.6469,1059.49,516.65,0.7172,1050.72,515.77,0.7495,1049.85,549.95,0.5903,1081.40,538.12,0.5911
664,bottom,0,992.16,550.68,1161.96,815.45,1093.87,569.30,0.8099,1092.58,566.07,0.5652,1094.51,565.42,0.5586,1083.53,570.59,0.6845,1099.69,571.24,0.6254,1069.30,600.97,0.8200,1114.55,602.91,0.8082,1051.21,630.71,0.7242,1138.47,631.36,0.7272,1013.71,645.58,0.7288,1150.10,634.59,0.6143,1081.59,673.37,0.6811,1106.80,672.08,0.6860,1070.60,734.78,0.7602,1113.91,716.68,0.7061,1072.54,794.89,0.7980,1128.13,758.70,0.6978
665,top,1,1042.17,389.56,1137.49,569.78,1083.23,407.07,0.7766,1086.31,403.55,0.7363,1079.27,403.11,0.7111,1090.71,406.63,0.7244,1072.23,404.87,0.7903,1100.83,427.31,0.7318,1060.35,422.91,0.7931,1115.79,454.15,0.7475,1052.87,446.67,0.6592,1129.87,484.07,0.6755,1050.67,460.75,0.6114,1093.35,482.31,0.6242,1073.11,478.79,0.6450,1068.27,518.39,0.6923,1059.91,519.27,0.7453,1060.79,549.19,0.5536,1092.47,539.95,0.5717
665,bottom,0,992.82,550.80,1158.11,815.46,1087.74,568.12,0.7389,1087.74,564.89,0.5438,1089.03,564.89,0.4959,1078.70,570.05,0.6525,1094.85,570.70,0.6440,1065.13,601.07,0.8253,1111.00,600.42,0.8047,1048.97,634.02,0.7418,1134.27,630.15,0.7441,1013.43,652.12,0.7485,1147.83,635.96,0.6620,1079.99,674.09,0.6772,1105.19,672.15,0.7007,1070.94,735.47,0.7519,1108.42,716.09,0.6813,1072.23,795.56,0.7750,1116.82,761.96,0.7076
666,top,1,1050.68,393.12,1141.35,563.43,1091.44,409.67,0.7887,1094.77,406.35,0.6930,1087.70,405.93,0.6921,1098.92,408.84,0.6925,1079.80,407.59,0.7663,1107.65,429.63,0.7003,1068.15,424.64,0.7823,1120.96,458.32,0.7169,1059.42,447.92,0.6714,1133.85,490.33,0.6506,1056.51,462.89,0.6367,1101.42,484.51,0.6160,1081.46,482.43,0.6535,1076.89,521.10,0.7317,1069.82,524.01,0.7341,1079.38,553.53,0.3754,1101.42,548.13,0.4698
666,bottom,0,993.54,547.69,1152.59,815.77,1081.57,566.54,0.6883,1081.57,563.92,0.5393,1082.23,563.27,0.5020,1075.03,569.81,0.6413,1090.74,569.81,0.6297,1061.94,601.23,0.8303,1108.41,599.26,0.7919,1048.19,636.57,0.7471,1131.31,630.02,0.7318,1014.82,658.82,0.7583,1143.75,639.19,0.6676,1079.61,673.87,0.6845,1104.48,671.91,0.7023,1071.10,734.74,0.7657,1102.52,714.45,0.6762,1072.41,794.30,0.7744,1107.75,764.19,0.6827
667,top,1,1054.86,397.57,1146.47,575.08,1098.93,415.25,0.7506,1102.40,411.78,0.6375,1095.46,411.35,0.6674,1106.30,414.81,0.6553,1087.23,412.21,0.7469,1114.10,435.18,0.7475,1075.96,429.55,0.8023,1127.10,465.52,0.7001,1063.39,450.79,0.6994,1139.23,498.46,0.6619,1059.06,462.05,0.7278,1109.76,484.16,0.6186,1088.53,482.86,0.6469,1084.63,527.49,0.6783,1081.16,530.96,0.6207,1111.50,555.23,0.4038,1107.60,558.70,0.4522
667,bottom,0,998.27,548.84,1150.12,815.45,1079.40,567.58,0.7199,1080.05,564.33,0.5379,1080.05,564.33,0.5418,1070.94,570.84,0.6484,1086.56,570.19,0.6716,1059.23,602.73,0.8381,1104.79,599.48,0.7877,1046.86,640.48,0.7897,1128.87,629.42,0.7427,1016.26,665.87,0.7649,1139.94,642.44,0.7604,1078.75,676.28,0.6828,1103.49,674.98,0.7015,1070.94,736.17,0.7689,1096.33,715.34,0.6595,1072.89,795.40,0.7875,1098.93,765.46,0.6499
668,top,1,1055.15,405.34,1151.53,574.52,1106.64,422.19,0.7315,1110.77,418.89,0.6197,1103.75,418.48,0.6258,1114.08,422.19,0.6758,1095.08,419.72,0.6673,1120.68,442.43,0.7599,1082.27,436.65,0.7798,1133.07,473.82,0.6861,1067.40,450.69,0.7198,1145.88,506.04,0.6657,1061.21,457.71,0.7751,1116.55,489.10,0.6291,1094.25,488.69,0.6886,1095.49,529.17,0.5865,1089.29,535.77,0.5605,1113.66,558.90,0.4926,1116.55,560.97,0.4932
668,bottom,0,1002.15,547.77,1146.80,814.76,1076.43,569.15,0.7975,1077.08,565.89,0.5344,1075.78,564.58,0.5406,1067.95,571.75,0.6679,1085.55,570.45,0.7254,1058.18,603.70,0.8311,1102.50,599.13,0.7919,1047.09,642.15,0.8013,1125.32,630.42,0.7277,1017.76,671.49,0.7558,1136.40,645.41,0.7288,1079.03,676.05,0.6834,1102.50,673.44,0.7065,1068.60,736.02,0.7805,1091.42,717.77,0.6822,1072.52,794.69,0.8075,1094.03,767.31,0.7257
669,top,1,1055.19,412.50,1159.71,600.12,1116.16,431.65,0.6863,1120.28,427.98,0.6373,1113.41,427.07,0.6106,1123.03,431.19,0.6368,1104.71,427.52,0.6896,1128.98,450.43,0.7236,1090.96,442.18,0.6806,1139.06,482.03,0.6673,1076.76,449.51,0.5654,1151.43,511.81,0.6365,1064.85,453.63,0.5771,1123.94,493.49,0.6308,1102.42,494.86,0.6688,1113.41,531.05,0.6830,1094.17,537.46,0.6907,1124.40,570.90,0.7010,1116.62,560.36,0.6670
669,bottom,0,1005.53,549.61,1142.41,815.21,1073.97,569.58,0.7763,1073.97,566.34,0.5535,1073.33,565.69,0.5654,1066.19,572.18,0.6645,1083.05,570.88,0.7458,1057.76,604.60,0.8319,1100.56,598.76,0.7988,1047.39,645.45,0.8086,1122.61,633.13,0.7538,1020.80,675.28,0.7948,1132.33,648.69,0.6933,1077.86,678.52,0.6954,1100.56,675.93,0.7117,1062.30,736.88,0.7917,1086.29,719.37,0.7045,1072.03,793.94,0.8038,1092.78,768.00,0.7497
670,top,1,1051.56,420.36,1167.39,602.38,1126.81,439.38,0.6711,1130.81,435.38,0.6219,1124.58,434.05,0.6235,1133.03,438.05,0.6158,1115.25,433.60,0.6671,1138.36,459.38,0.7566,1100.59,445.16,0.6708,1147.25,491.37,0.7018,1083.26,448.27,0.5825,1159.25,520.26,0.6611,1066.81,450.93,0.6572,1131.25,497.15,0.6663,1107.70,497.59,0.6522,1131.69,538.48,0.6534,1097.92,538.03,0.7182,1138.36,577.14,0.7453,1119.70,560.25,0.6794
670,bottom,0,1009.24,549.95,1139.20,814.30,1071.64,571.12,0.8397,1072.29,567.89,0.5811,1069.70,567.24,0.5811,1064.54,573.70,0.6724,1080.68,572.41,0.7659,1057.44,605.97,0.8362,1098.75,600.16,0.8119,1048.41,645.98,0.8138,1120.04,634.36,0.7884,1023.24,675.02,0.8097,1128.43,652.43,0.7379,1076.80,678.90,0.7149,1099.39,676.96,0.7392,1056.15,735.04,0.7968,1083.26,721.49,0.7230,1070.99,792.48,0.7969,1092.29,771.83,0.7395
671,top,1,1050.93,424.55,1174.35,607.47,1138.54,444.11,0.7540,1142.56,440.54,0.6305,1136.31,439.20,0.6594,1144.34,443.22,0.6188,1126.48,436.07,0.7011,1147.47,464.66,0.7592,1111.30,447.24,0.6973,1154.61,495.47,0.7030,1088.08,449.47,0.5120,1167.12,524.94,0.6206,1067.09,449.47,0.5781,1139.43,501.27,0.6693,1114.87,499.93,0.6613,1146.13,543.25,0.6839,1104.15,538.79,0.7444,1155.51,585.68,0.7262,1119.34,557.99,0.7183
671,bottom,0,1013.50,549.27,1136.17,812.78,1069.05,570.37,0.8301,1069.69,567.16,0.5819,1067.76,566.51,0.5936,1061.97,573.59,0.6809,1078.70,571.66,0.7612,1055.54,605.11,0.8235,1096.71,599.32,0.8218,1049.10,645.00,0.8155,1117.30,634.71,0.7965,1025.30,672.66,0.7978,1125.02,655.29,0.7570,1073.55,679.10,0.7006,1096.71,677.17,0.7278,1050.39,733.78,0.7915,1083.20,719.63,0.7584,1069.69,791.04,0.7896,1091.56,771.74,0.7989
672,top,1,1051.69,427.07,1183.76,616.86,1148.31,450.15,0.8636,1152.48,446.44,0.7257,1145.99,444.59,0.7735,1155.26,448.76,0.7127,1136.26,442.27,0.7845,1158.04,471.00,0.7986,1120.51,454.32,0.7191,1164.06,501.12,0.7399,1092.24,451.54,0.5866,1175.18,530.77,0.7005,1067.22,448.76,0.6382,1146.92,509.92,0.6917,1121.90,506.68,0.6632,1158.04,548.84,0.7172,1108.46,540.04,0.6972,1170.55,590.54,0.6964,1119.12,558.11,0.7655
672,bottom,0,1021.12,547.90,1128.99,812.50,1067.31,569.09,0.8328,1067.31,566.50,0.5666,1065.37,565.21,0.5939,1060.20,572.32,0.6724,1077.00,570.38,0.7542,1052.45,603.32,0.8262,1093.79,599.45,0.8178,1048.57,642.08,0.8239,1113.17,634.98,0.8040,1029.19,667.28,0.7935,1120.92,656.94,0.7098,1070.54,677.61,0.6923,1095.08,675.03,0.7277,1045.34,731.88,0.8122,1084.10,719.60,0.7769,1066.01,788.72,0.7836,1091.85,772.57,0.8078
673,top,1,1059.67,431.51,1197.70,623.58,1161.04,457.21,0.8460,1164.32,452.99,0.7179,1158.70,452.05,0.7507,1166.20,455.33,0.7152,1148.38,450.64,0.7890,1166.20,478.78,0.7947,1130.56,460.02,0.7278,1172.29,508.79,0.7679,1102.90,455.80,0.6385,1184.49,538.33,0.7289,1075.23,450.64,0.7046,1154.48,519.57,0.7123,1128.69,515.35,0.6638,1167.61,558.02,0.7097,1111.81,544.43,0.6281,1184.02,597.41,0.8166,1117.43,558.02,0.6891
673,bottom,0,1024.07,547.65,1127.46,812.77,1064.11,568.23,0.8157,1063.46,565.00,0.5537,1062.82,564.35,0.5897,1057.64,571.47,0.6602,1073.82,569.53,0.7045,1048.58,601.24,0.8155,1091.30,598.01,0.8180,1046.64,640.08,0.8036,1110.07,635.55,0.7899,1029.81,664.03,0.7795,1117.19,661.44,0.6815,1068.00,675.68,0.6714,1092.59,673.09,0.7111,1040.81,730.70,0.7894,1083.53,720.34,0.7771,1061.52,787.66,0.7645,1090.65,770.83,0.8091
674,top,1,1095.81,443.46,1215.62,630.06,1170.29,464.32,0.7202,1174.39,461.59,0.6665,1168.01,459.31,0.6481,1175.76,463.87,0.6130,1158.45,457.95,0.7534,1175.76,486.65,0.7341,1138.86,469.79,0.6888,1181.23,514.44,0.7188,1113.80,463.87,0.6051,1193.07,539.04,0.6930,1086.92,456.12,0.6038,1161.64,529.93,0.6737,1135.21,526.74,0.6905,1180.31,565.46,0.6872,1114.71,554.53,0.6158,1193.53,608.74,0.7508,1114.71,561.82,0.6070
674,bottom,0,1022.33,548.24,1119.68,809.24,1061.44,569.14,0.8618,1061.44,566.59,0.5683,1060.17,565.32,0.6054,1054.44,572.33,0.6768,1071.00,570.41,0.7379,1045.51,603.55,0.8387,1088.21,598.45,0.8385,1043.60,641.14,0.8178,1106.69,637.32,0.7916,1028.31,664.08,0.7684,1112.42,663.45,0.6661,1065.27,675.55,0.6895,1091.39,673.00,0.7300,1036.59,730.99,0.8161,1082.47,720.16,0.8028,1055.07,787.06,0.7949,1089.48,770.50,0.8147
675,top,1,1086.67,454.55,1220.33,634.69,1180.77,476.89,0.8142,1185.17,474.25,0.7366,1178.13,472.05,0.7506,1187.80,477.33,0.6859,1169.77,471.17,0.7824,1184.73,499.32,0.7447,1150.42,481.73,0.6790,1189.56,519.11,0.6855,1123.15,472.05,0.6136,1200.12,534.94,0.6881,1094.57,461.94,0.6951,1170.65,537.58,0.6966,1143.83,533.62,0.6665,1191.76,567.49,0.7145,1119.64,560.45,0.6106,1200.12,614.55,0.7940,1114.80,567.05,0.6682
675,bottom,0,1019.80,552.81,1117.47,813.07,1058.47,573.01,0.8297,1058.47,569.84,0.5374,1057.20,569.20,0.5810,1050.85,576.19,0.6423,1068.00,574.29,0.7180,1041.95,606.06,0.8209,1085.16,601.61,0.8085,1040.04,644.18,0.7961,1103.58,641.64,0.7818,1026.07,668.32,0.7582,1109.30,668.96,0.6744,1064.19,678.49,0.6615,1090.88,675.31,0.7105,1032.42,731.86,0.7919,1078.80,719.16,0.7712,1048.30,789.05,0.7915,1088.97,770.62,0.8126
676,top,1,1092.45,466.86,1221.11,635.17,1192.38,491.12,0.6828,1195.31,487.35,0.6654,1189.87,486.10,0.6505,1195.31,489.87,0.6157,1179.82,485.26,0.7024,1192.80,509.97,0.7263,1159.30,494.47,0.6317,1196.57,526.72,0.5710,1132.91,481.91,0.5915,1202.01,531.75,0.6310,1105.69,468.93,0.7119,1176.05,541.80,0.6701,1150.08,539.29,0.6422,1196.57,566.09,0.7108,1123.28,568.60,0.5873,1201.18,614.67,0.7770,1113.23,572.79,0.6245
676,bottom,0,1011.89,558.39,1112.02,812.48,1054.51,578.74,0.8605,1055.13,576.26,0.5479,1052.03,575.02,0.6104,1046.45,582.46,0.6312,1063.20,581.22,0.7409,1038.38,614.10,0.8137,1081.19,606.65,0.7999,1035.28,652.56,0.8189,1100.42,645.74,0.7934,1021.01,674.27,0.7749,1106.00,676.13,0.6859,1063.82,683.58,0.6744,1091.11,680.48,0.7297,1029.08,735.07,0.8033,1075.60,719.56,0.7547,1039.00,792.76,0.7827,1090.49,773.53,0.8431
677,top,1,1098.78,476.49,1220.46,636.63,1197.65,499.13,0.8176,1202.00,495.56,0.7716,1195.27,493.98,0.7440,1204.77,498.34,0.6416,1186.16,492.79,0.7739,1200.81,516.95,0.7730,1166.75,499.53,0.6578,1203.98,535.57,0.5947,1144.97,491.21,0.4797,1204.38,532.00,0.5455,1120.41,482.49,0.4038,1179.82,543.89,0.6583,1155.26,540.32,0.6426,1198.44,565.67,0.6808,1130.71,570.03,0.5854,1200.81,615.18,0.7902,1116.84,575.18,0.6418
677,bottom,0,1001.78,568.93,1112.92,811.87,1050.23,587.79,0.8773,1051.42,585.42,0.5599,1047.86,584.23,0.6357,1043.11,591.35,0.6211,1059.13,590.76,0.7413,1034.22,621.60,0.8110,1077.52,615.67,0.7848,1031.84,661.34,0.7900,1098.27,654.22,0.8079,1018.80,682.10,0.7703,1103.61,685.66,0.6938,1063.87,691.00,0.6605,1090.56,688.62,0.7360,1025.32,740.22,0.7989,1073.36,726.58,0.7364,1029.47,797.76,0.7997,1088.78,777.00,0.8408
678,top,1,1098.31,479.10,1220.57,634.61,1201.22,505.11,0.8675,1206.00,501.53,0.7878,1198.84,499.94,0.7533,1209.18,503.52,0.6612,1189.68,498.35,0.7649,1206.80,522.63,0.7746,1171.38,503.12,0.6986,1208.79,548.10,0.6450,1149.09,496.36,0.5284,1203.21,544.12,0.3856,1124.02,489.99,0.4609,1181.72,544.91,0.6981,1155.85,540.53,0.6717,1200.83,567.60,0.6913,1133.97,570.78,0.6111,1201.22,614.56,0.8291,1119.64,577.55,0.6603
678,bottom,0,991.17,579.52,1109.02,821.46,1044.78,597.71,0.8840,1046.55,594.76,0.5880,1042.42,594.16,0.6172,1038.28,601.25,0.6148,1053.64,599.48,0.7365,1031.19,632.56,0.8120,1073.72,623.70,0.7821,1025.88,673.91,0.7677,1094.99,662.09,0.8173,1014.65,693.40,0.7388,1100.89,692.81,0.7370,1064.27,699.31,0.6698,1090.26,696.35,0.7454,1021.74,744.79,0.7922,1070.77,733.57,0.7207,1018.20,803.27,0.8277,1090.26,779.05,0.8351
679,top,1,1101.93,479.85,1221.42,634.18,1204.07,504.90,0.8542,1208.74,500.62,0.8068,1201.35,499.06,0.7802,1211.85,502.56,0.6829,1192.01,497.51,0.7844,1208.74,523.57,0.7696,1173.34,502.95,0.6678,1211.46,545.74,0.6126,1149.23,498.67,0.5994,1214.57,563.63,0.5476,1122.39,495.56,0.7475,1181.90,544.57,0.6510,1157.01,539.13,0.6276,1201.74,565.19,0.6658,1135.61,569.08,0.5982,1201.74,613.42,0.8037,1123.94,576.86,0.6381
679,bottom,0,980.98,586.01,1104.76,826.96,1037.58,605.30,0.8030,1038.76,602.95,0.5563,1035.81,601.77,0.5761,1031.70,609.42,0.6089,1046.99,607.07,0.7239,1025.23,640.01,0.7983,1068.17,628.83,0.7679,1020.52,680.60,0.7640,1091.11,667.07,0.8018,1011.11,704.72,0.7479,1097.58,700.01,0.7565,1062.29,706.48,0.6763,1086.41,703.54,0.7326,1019.34,749.43,0.7788,1068.17,734.72,0.6877,1008.17,808.25,0.8129,1089.35,779.43,0.8163
680,top,1,1103.46,477.36,1224.39,633.57,1204.47,499.96,0.8263,1208.80,495.63,0.7661,1201.32,494.45,0.7201,1211.56,497.20,0.6747,1192.66,493.27,0.7857,1209.98,520.43,0.7882,1174.95,499.56,0.6822,1213.92,548.77,0.6968,1151.33,499.96,0.6353,1217.07,574.36,0.7715,1124.95,503.11,0.7765,1183.21,540.90,0.6547,1157.62,534.21,0.6297,1201.72,565.70,0.6761,1135.97,566.09,0.6049,1201.32,613.33,0.8080,1127.71,575.15,0.6490
680,bottom,0,977.08,590.69,1103.14,827.85,1030.85,611.42,0.8079,1032.00,609.10,0.5134,1030.27,607.95,0.5882,1024.48,616.05,0.5796,1041.27,613.16,0.7369,1019.27,645.58,0.7888,1062.11,633.42,0.7571,1015.21,685.53,0.7444,1088.17,672.21,0.7805,1006.53,713.32,0.7390,1093.96,704.06,0.7186,1057.48,709.27,0.6717,1083.53,706.37,0.7282,1015.79,751.54,0.7801,1068.48,736.48,0.6949,1006.53,810.59,0.8284,1089.32,779.91,0.8076
681,top,1,1108.50,469.40,1224.62,633.42,1201.40,492.55,0.8003,1205.80,488.14,0.7473,1199.00,486.94,0.7195,1209.41,490.94,0.6955,1190.19,486.54,0.7510,1209.81,515.77,0.7830,1171.37,495.35,0.6673,1214.61,549.41,0.6981,1148.94,499.35,0.6463,1218.22,580.24,0.7628,1126.92,507.36,0.7772,1184.18,536.59,0.6746,1156.55,528.59,0.6435,1200.20,563.42,0.6712,1131.72,561.82,0.6742,1201.80,613.08,0.8011,1130.52,574.63,0.7172
681,bottom,0,978.11,596.02,1102.47,827.36,1026.17,615.11,0.8264,1026.17,612.85,0.5179,1026.17,611.72,0.5863,1018.26,619.63,0.5976,1035.20,616.80,0.7020,1011.48,649.56,0.8425,1056.67,637.14,0.7714,1008.66,687.97,0.7744,1083.21,674.41,0.8297,1002.44,716.77,0.7769,1091.68,706.61,0.7878,1051.58,710.56,0.6846,1079.82,704.91,0.7249,1010.92,751.23,0.8296,1075.87,739.37,0.7450,1005.83,811.10,0.8682,1089.43,778.90,0.8220
682,top,1,1108.06,460.30,1223.09,633.04,1198.05,480.04,0.9106,1202.69,477.09,0.8940,1195.10,476.24,0.8490,1206.90,481.30,0.7829,1187.93,477.93,0.7746,1208.59,507.87,0.7822,1171.06,489.32,0.6745,1212.39,542.87,0.6959,1149.13,494.38,0.6855,1215.76,575.77,0.7463,1129.73,508.72,0.7938,1183.71,532.33,0.6847,1155.88,525.58,0.6392,1198.89,563.96,0.6754,1130.15,555.53,0.6739,1201.42,612.88,0.7991,1128.47,573.66,0.7400
682,bottom,0,980.72,598.88,1101.39,827.48,1024.31,618.86,0.7735,1024.87,616.07,0.5340,1025.43,614.96,0.5351,1016.50,623.33,0.5851,1031.57,620.54,0.6720,1007.57,653.46,0.8628,1055.01,641.19,0.7906,1002.55,694.21,0.7465,1081.80,679.14,0.8487,998.64,721.55,0.7991,1090.17,708.72,0.8081,1043.29,713.74,0.6867,1073.98,708.16,0.7226,1007.01,750.02,0.8684,1077.89,745.55,0.7378,1004.78,810.85,0.9019,1091.84,784.62,0.8138
683,top,1,1107.61,451.64,1220.44,633.83,1195.16,470.23,0.8950,1199.61,466.67,0.8939,1191.60,466.23,0.8518,1204.50,470.67,0.8009,1184.04,468.01,0.8120,1207.17,499.14,0.7747,1166.25,480.46,0.6775,1208.95,531.61,0.6950,1144.01,494.25,0.6265,1210.29,565.42,0.7394,1130.22,513.82,0.5750,1180.04,528.94,0.6908,1152.02,521.38,0.6523,1196.50,564.53,0.7167,1127.55,552.07,0.6719,1200.95,612.12,0.8044,1124.00,572.98,0.7404
683,bottom,0,979.14,601.73,1103.82,828.65,1024.86,622.12,0.7865,1024.86,619.35,0.5290,1025.97,618.24,0.5234,1015.99,626.55,0.5969,1031.51,623.78,0.6620,1004.91,657.02,0.9112,1053.67,644.83,0.8516,998.27,698.02,0.7836,1079.15,681.95,0.8624,996.05,724.61,0.8488,1090.23,709.10,0.8464,1037.60,718.52,0.7310,1069.18,712.98,0.7673,1005.47,751.76,0.8843,1074.72,747.32,0.8140,1003.81,811.59,0.9483,1094.66,790.54,0.8691
684,top,1,1102.16,442.53,1218.70,633.14,1192.07,460.59,0.8935,1196.26,457.33,0.8861,1188.35,456.40,0.8638,1200.91,462.45,0.7798,1180.44,459.66,0.8216,1202.77,488.04,0.7891,1160.89,475.48,0.7061,1203.70,518.29,0.7001,1139.95,497.35,0.6511,1203.24,550.86,0.6948,1131.58,521.55,0.5637,1176.25,522.94,0.7008,1148.79,517.36,0.6538,1193.00,563.89,0.7263,1125.53,549.93,0.7049,1199.98,611.82,0.8172,1118.55,572.27,0.7345
684,bottom,0,979.51,602.42,1107.30,828.72,1027.38,623.30,0.8159,1026.83,620.54,0.4945,1028.49,619.44,0.5268,1017.99,628.28,0.5994,1035.67,626.07,0.6964,1005.28,657.56,0.9252,1056.11,648.72,0.8714,996.99,697.89,0.8124,1077.66,689.60,0.8320,995.34,724.41,0.8341,1093.13,709.49,0.8341,1032.91,722.20,0.7263,1063.85,718.89,0.7714,1005.28,754.80,0.8622,1072.13,751.48,0.8200,1003.62,812.81,0.9480,1094.23,800.10,0.8801
685,top,1,1098.21,433.19,1217.43,631.66,1187.86,451.51,0.9213,1192.22,448.12,0.9106,1183.99,447.63,0.9134,1196.58,452.48,0.8493,1176.23,451.02,0.8994,1200.46,478.16,0.7815,1158.30,469.92,0.7056,1199.01,506.75,0.7126,1140.38,490.27,0.6806,1197.55,536.79,0.6715,1131.65,514.98,0.6025,1174.78,518.86,0.6796,1147.64,513.53,0.6199,1188.83,561.99,0.7294,1125.35,547.45,0.7043,1198.52,610.93,0.8133,1113.73,573.13,0.7255
685,bottom,0,979.06,602.98,1111.93,831.37,1030.44,624.06,0.8137,1030.44,620.71,0.5042,1032.67,620.15,0.5732,1020.96,629.07,0.6349,1039.36,626.29,0.7437,1008.13,656.95,0.8856,1059.99,651.94,0.8331,998.10,695.99,0.7833,1077.83,690.97,0.8006,996.98,720.52,0.7939,1098.46,706.58,0.8129,1029.88,722.75,0.7076,1061.11,719.96,0.7236,1006.46,757.88,0.8259,1071.14,756.77,0.7970,1004.23,813.08,0.9142,1088.43,808.07,0.8760
686,top,1,1094.60,426.78,1216.55,630.58,1184.43,445.59,0.9321,1188.41,441.61,0.8954,1179.96,441.61,0.8927,1192.89,446.09,0.8353,1172.00,446.09,0.8762,1196.87,471.96,0.7696,1154.58,464.99,0.6911,1194.88,500.82,0.7156,1137.17,488.38,0.6687,1192.89,529.67,0.6175,1129.70,515.74,0.5233,1173.49,514.25,0.6636,1146.12,511.27,0.5968,1187.92,557.54,0.7298,1125.23,549.08,0.6992,1196.87,608.78,0.7996,1109.80,576.44,0.7237
686,bottom,0,978.88,601.08,1118.47,835.23,1034.95,622.11,0.8297,1034.95,618.68,0.5180,1036.67,618.68,0.5983,1025.24,626.69,0.6076,1042.96,624.40,0.7100,1012.09,654.13,0.8814,1063.54,651.84,0.8242,1001.80,693.57,0.7887,1080.69,691.29,0.8143,1001.23,715.87,0.7022,1104.70,704.43,0.8053,1028.67,721.58,0.6994,1061.25,721.01,0.6982,1007.51,759.89,0.8151,1067.54,758.74,0.7770,1003.51,813.05,0.8975,1079.54,810.76,0.8250
687,top,1,1095.18,423.95,1209.41,627.26,1179.10,441.22,0.9587,1183.07,437.75,0.9142,1174.63,437.75,0.9233,1188.53,441.72,0.8652,1167.18,442.22,0.8979,1193.99,467.53,0.7930,1149.81,462.07,0.7187,1191.51,497.31,0.7326,1133.43,488.38,0.7072,1190.02,527.10,0.6321,1126.48,517.17,0.5549,1171.65,512.21,0.6673,1143.85,510.72,0.6176,1187.04,553.90,0.7517,1124.50,552.41,0.7147,1191.01,605.52,0.7972,1108.61,577.73,0.7469
687,bottom,0,977.36,597.65,1128.30,840.48,1039.79,620.06,0.8352,1040.38,617.09,0.5230,1040.98,616.50,0.5994,1030.90,625.39,0.5878,1048.68,622.43,0.7220,1017.85,652.07,0.8481,1068.84,652.07,0.7991,1006.00,690.01,0.7668,1084.85,691.20,0.8090,1008.37,707.21,0.6445,1110.34,703.06,0.8070,1032.08,717.29,0.6932,1062.91,718.47,0.6839,1010.74,763.53,0.7852,1064.69,765.31,0.7452,1001.85,814.51,0.8490,1069.43,812.14,0.7776
688,top,1,1095.69,422.91,1200.31,623.51,1173.96,439.95,0.9576,1177.87,436.03,0.8991,1169.06,436.03,0.9163,1183.75,440.93,0.8595,1161.71,441.42,0.9072,1191.10,467.87,0.8077,1144.57,461.50,0.7346,1188.65,497.74,0.7224,1129.39,488.93,0.7144,1188.16,528.11,0.6605,1123.51,517.33,0.5838,1170.53,514.39,0.6707,1141.63,513.90,0.6267,1184.73,552.59,0.7472,1124.98,555.04,0.7135,1186.69,603.04,0.8015,1106.86,579.04,0.7342
688,bottom,0,978.67,598.21,1136.13,853.21,1045.57,619.88,0.7716,1046.82,616.76,0.5270,1047.44,616.14,0.5862,1037.48,624.24,0.6075,1054.29,621.75,0.7057,1023.16,652.87,0.8371,1073.59,652.87,0.8082,1011.33,691.47,0.7895,1087.91,692.09,0.7998,1014.45,696.45,0.5716,1115.92,702.05,0.8152,1034.37,717.00,0.7130,1064.25,718.86,0.7052,1014.45,769.29,0.7855,1062.38,773.65,0.7413,998.88,813.49,0.7894,1058.02,817.85,0.7566
689,top,1,1093.43,421.38,1199.29,624.46,1168.67,439.13,0.9544,1172.64,435.16,0.9409,1164.21,435.16,0.9239,1178.59,440.12,0.8536,1157.27,440.12,0.9150,1186.52,467.39,0.8050,1140.90,462.43,0.7469,1186.02,496.15,0.7174,1125.53,488.22,0.7389,1186.52,525.90,0.6639,1119.58,515.48,0.6475,1167.68,516.97,0.6886,1139.42,516.97,0.6493,1182.06,556.14,0.7428,1123.55,558.62,0.7318,1187.51,603.24,0.8139,1106.69,578.45,0.7370
689,bottom,0,987.75,602.12,1143.53,857.79,1050.66,623.22,0.7492,1052.53,619.47,0.5132,1053.16,619.47,0.5793,1043.79,625.71,0.5893,1058.77,624.46,0.6412,1028.19,654.43,0.8246,1078.12,655.67,0.8207,1017.58,694.37,0.8337,1091.23,695.00,0.7873,1026.94,693.13,0.5026,1121.82,703.74,0.8004,1037.55,718.72,0.7079,1067.51,722.46,0.6755,1016.95,772.40,0.8013,1059.40,783.01,0.7789,999.48,819.84,0.8034,1046.91,833.57,0.7885
690,top,1,1091.51,421.97,1198.46,624.27,1162.76,438.67,0.9251,1166.71,434.72,0.9002,1158.32,434.72,0.8594,1172.64,439.16,0.8561,1151.90,439.66,0.8764,1181.53,466.32,0.7908,1136.59,462.37,0.7399,1182.52,495.46,0.7070,1120.78,488.55,0.7404,1184.49,524.60,0.6501,1116.34,516.21,0.6745,1164.74,518.68,0.6725,1137.08,519.66,0.6457,1178.57,556.21,0.7347,1121.77,560.65,0.7136,1186.47,603.62,0.8096,1106.46,578.93,0.7279
690,bottom,0,987.23,604.27,1147.51,861.59,1057.32,626.76,0.7318,1059.83,622.99,0.5091,1059.20,622.99,0.5524,1049.15,629.90,0.5594,1064.23,628.65,0.6656,1033.44,656.92,0.8122,1081.82,660.06,0.8170,1023.39,695.24,0.8335,1092.50,699.01,0.7824,1040.35,691.47,0.4778,1124.54,705.29,0.8023,1040.35,723.51,0.7064,1069.25,727.28,0.6855,1021.51,775.65,0.8154,1057.95,787.59,0.8054,1003.92,829.05,0.8338,1041.61,841.61,0.8242
691,top,1,1092.35,419.62,1198.15,623.66,1155.21,436.46,0.9191,1159.20,432.97,0.9006,1151.23,432.97,0.8580,1165.17,437.46,0.8660,1144.75,437.96,0.8714,1175.64,462.86,0.8093,1129.31,460.87,0.7410,1177.63,492.75,0.7155,1114.37,487.77,0.7351,1182.11,522.64,0.6682,1114.37,513.17,0.6441,1161.69,515.66,0.6768,1133.29,516.66,0.6595,1175.64,556.01,0.7494,1117.35,560.50,0.7215,1186.59,603.34,0.8011,1106.89,580.92,0.7429
691,bottom,0,1000.35,606.63,1148.02,861.46,1064.23,628.91,0.6952,1065.48,624.55,0.5046,1066.72,625.17,0.5522,1054.28,631.39,0.5501,1068.59,630.77,0.6543,1039.97,657.52,0.8161,1085.39,663.12,0.8240,1031.88,694.23,0.8161,1090.36,702.94,0.7804,1054.90,689.25,0.4675,1124.58,707.92,0.7949,1044.33,726.58,0.7037,1071.08,731.56,0.6842,1028.77,780.71,0.8093,1060.50,790.04,0.8222,1013.84,837.32,0.8547,1040.59,843.54,0.8411
692,top,1,1094.10,416.17,1196.92,620.84,1148.01,432.56,0.9034,1152.00,428.57,0.8297,1143.51,429.07,0.8441,1158.00,432.56,0.8757,1137.51,433.56,0.8372,1168.49,458.55,0.7828,1122.52,456.55,0.7328,1171.99,490.03,0.7076,1108.53,483.53,0.7351,1178.99,518.01,0.6796,1111.03,507.51,0.6615,1156.50,511.51,0.6475,1127.52,511.51,0.6448,1170.49,554.98,0.7277,1113.03,558.98,0.6928,1186.48,601.45,0.7751,1106.53,581.46,0.7520
692,bottom,0,1012.43,607.39,1144.67,866.04,1069.71,629.36,0.6964,1070.97,626.20,0.5304,1071.61,626.20,0.5531,1059.61,631.89,0.5361,1072.24,631.26,0.6476,1046.35,657.15,0.8150,1086.76,664.09,0.8069,1040.66,691.88,0.7310,1086.76,704.51,0.7680,1068.45,688.72,0.4568,1124.02,710.19,0.7969,1046.98,728.50,0.6860,1073.50,732.29,0.6792,1038.14,785.97,0.8189,1066.55,791.65,0.8216,1022.35,840.91,0.8480,1043.19,844.06,0.8206
693,top,1,1092.69,412.42,1192.84,619.66,1140.74,429.02,0.8492,1144.79,424.97,0.7855,1136.19,424.97,0.7978,1150.35,429.52,0.8060,1129.10,429.52,0.8265,1159.97,453.30,0.7826,1114.94,453.30,0.7657,1166.04,483.66,0.7217,1100.27,480.62,0.7453,1174.13,510.47,0.6636,1109.37,504.40,0.6566,1149.85,507.44,0.6375,1121.51,507.44,0.6421,1165.03,553.98,0.7302,1107.85,556.01,0.6644,1184.25,600.03,0.7511,1104.82,581.81,0.7355
693,bottom,0,1022.27,608.15,1143.17,873.70,1076.88,629.41,0.6937,1076.24,626.17,0.5472,1076.88,626.17,0.5745,1064.57,632.66,0.5348,1074.94,632.66,0.6483,1053.55,657.29,0.7943,1086.61,666.37,0.7749,1056.79,685.17,0.5322,1084.66,707.21,0.7568,1089.20,670.26,0.6209,1122.27,713.05,0.7505,1050.30,733.14,0.6830,1075.59,737.03,0.6598,1048.36,790.85,0.8064,1071.70,796.68,0.7750,1032.80,844.66,0.7998,1048.36,844.01,0.7722
694,top,1,1088.11,408.06,1189.44,610.51,1133.83,424.77,0.8262,1137.29,420.82,0.7740,1129.38,420.82,0.7723,1142.73,425.26,0.7606,1121.97,425.26,0.7877,1152.61,448.99,0.7533,1107.64,448.00,0.7508,1161.01,478.15,0.7017,1092.81,474.20,0.7339,1169.91,505.33,0.6506,1103.68,489.52,0.5912,1143.72,501.38,0.6241,1115.05,501.38,0.6332,1159.53,549.82,0.7209,1104.18,551.30,0.6575,1179.30,593.80,0.7517,1104.67,581.94,0.7534
694,bottom,0,1024.96,612.55,1142.88,889.80,1083.92,632.72,0.6885,1082.56,630.02,0.5319,1083.24,630.69,0.6253,1069.70,636.78,0.5847,1079.86,636.78,0.6708,1060.23,661.83,0.7659,1088.66,671.31,0.7790,1068.35,690.26,0.5946,1080.53,711.92,0.7395,1094.75,673.34,0.6205,1119.79,718.01,0.7285,1054.14,740.35,0.6953,1077.15,743.05,0.6444,1058.20,799.23,0.7176,1080.53,799.23,0.7168,1039.92,852.71,0.7405,1053.46,847.29,0.6892
695,top,0,1082.63,404.55,1189.78,616.43,1127.93,421.52,0.8255,1131.55,417.38,0.7997,1123.79,417.38,0.7893,1136.72,421.00,0.7858,1116.55,421.52,0.8054,1147.58,443.76,0.7615,1101.55,444.28,0.7580,1156.89,470.14,0.7176,1086.55,467.56,0.7902,1165.17,497.04,0.6843,1095.86,485.14,0.7228,1138.79,499.11,0.6202,1109.82,499.11,0.6282,1153.79,545.66,0.7009,1102.06,547.73,0.6973,1172.93,590.67,0.7497,1104.65,582.39,0.7646
695,bottom,1,1031.24,618.25,1141.60,899.53,1090.54,639.40,0.6950,1090.54,636.65,0.5560,1089.17,637.34,0.6550,1075.43,643.52,0.5694,1085.05,645.58,0.6945,1066.50,668.93,0.7483,1089.85,678.54,0.7617,1073.37,697.77,0.5891,1079.55,719.06,0.7419,1100.15,678.54,0.6670,1119.38,725.24,0.7158,1057.58,749.96,0.6730,1077.49,751.33,0.6506,1066.50,806.27,0.7105,1096.03,802.84,0.7107,1045.90,864.64,0.7519,1063.76,846.10,0.7228
696,top,0,1077.79,400.16,1179.67,606.89,1122.17,417.22,0.8185,1126.21,413.18,0.7677,1118.13,413.18,0.7818,1131.76,417.22,0.7506,1110.56,417.73,0.7955,1143.37,439.93,0.7470,1096.43,439.93,0.7548,1153.96,465.67,0.7118,1081.79,462.14,0.7875,1162.54,492.93,0.6426,1096.43,483.84,0.7299,1134.28,492.42,0.6103,1105.51,493.43,0.5929,1149.42,542.89,0.7394,1101.98,544.91,0.7129,1164.06,589.83,0.7706,1104.50,581.75,0.7616
696,bottom,1,1033.16,626.62,1141.43,904.15,1097.46,647.49,0.6830,1096.78,644.10,0.5726,1095.43,645.45,0.6416,1082.55,652.23,0.5472,1089.33,654.26,0.6972,1071.71,680.01,0.7532,1090.68,688.14,0.7480,1076.46,705.76,0.5961,1079.84,728.12,0.7463,1104.24,685.43,0.6988,1118.47,735.57,0.7479,1063.58,760.64,0.6862,1081.88,761.32,0.6977,1071.04,816.20,0.7485,1108.30,810.78,0.7442,1045.97,877.86,0.7908,1069.68,856.18,0.7696
697,top,1,1074.03,393.98,1166.22,602.99,1117.58,411.74,0.8525,1121.66,408.16,0.7892,1113.49,407.65,0.8008,1127.27,411.74,0.7871,1106.35,411.22,0.8377,1139.52,434.19,0.7973,1091.55,433.17,0.7828,1150.23,460.21,0.7158,1078.29,454.60,0.7722,1157.89,487.26,0.6734,1090.02,475.52,0.7055,1129.82,488.79,0.6149,1101.25,489.81,0.5880,1142.58,538.28,0.7505,1102.27,539.81,0.7459,1151.26,582.68,0.7837,1104.31,581.15,0.7996
697,bottom,0,1031.80,637.81,1144.07,904.48,1105.51,657.87,0.7877,1102.91,653.96,0.6068,1102.26,655.91,0.6938,1087.28,662.42,0.5288,1093.79,664.38,0.7170,1075.56,689.77,0.8267,1093.14,698.88,0.8197,1082.07,714.51,0.6257,1080.77,738.60,0.8109,1109.42,693.67,0.7469,1121.14,745.11,0.8313,1067.75,771.80,0.7649,1087.93,771.80,0.7861,1075.56,825.84,0.8190,1119.18,819.98,0.8657,1048.22,885.73,0.8875,1076.87,866.85,0.7903
698,top,1,1071.58,387.87,1157.02,598.91,1113.27,405.80,0.8728,1117.39,401.68,0.8069,1109.15,401.68,0.8129,1123.57,404.77,0.7931,1102.45,404.77,0.8231,1136.46,427.96,0.7911,1086.99,425.89,0.7907,1146.24,452.69,0.7066,1076.69,447.02,0.7464,1152.43,481.54,0.6840,1084.93,469.69,0.6916,1124.61,483.08,0.5894,1097.30,483.60,0.5716,1134.39,532.03,0.7265,1100.39,533.58,0.7299,1138.00,577.89,0.7750,1102.97,578.92,0.8121
698,bottom,0,1030.45,643.62,1148.35,912.61,1112.38,665.82,0.8234,1109.76,661.88,0.6058,1108.44,663.19,0.7373,1095.31,670.42,0.5381,1098.59,671.07,0.7384,1082.83,697.34,0.8449,1096.62,706.54,0.8613,1089.40,722.30,0.6388,1083.49,745.94,0.8488,1115.67,698.66,0.7815,1122.23,753.16,0.8551,1073.64,780.09,0.7863,1092.03,780.09,0.8172,1081.52,830.00,0.8394,1128.14,828.03,0.9060,1045.40,888.44,0.9163,1090.06,879.25,0.8189
699,top,1,1072.00,381.94,1154.02,598.85,1110.89,400.37,0.8761,1114.60,396.66,0.8440,1106.12,396.13,0.8078,1119.36,400.37,0.7760,1098.71,399.31,0.8351,1132.60,422.61,0.7893,1082.82,419.43,0.7937,1143.19,448.56,0.7239,1076.47,442.74,0.6699,1147.96,478.22,0.6869,1082.82,466.57,0.6372,1119.36,478.75,0.5845,1093.94,479.28,0.5724,1126.25,526.41,0.7393,1096.59,526.94,0.7385,1124.66,570.89,0.7787,1100.30,575.66,0.8009
699,bottom,0,1029.34,648.99,1150.75,924.22,1118.27,669.02,0.8096,1116.25,665.66,0.6299,1113.56,666.33,0.7214,1099.45,675.07,0.5164,1102.81,676.41,0.6505,1089.37,703.29,0.8217,1103.48,711.35,0.8441,1096.09,727.48,0.6427,1088.03,751.00,0.8276,1120.95,700.60,0.7984,1127.00,759.06,0.8285,1080.64,783.92,0.7910,1096.76,784.59,0.8092,1085.34,832.30,0.8345,1135.06,835.66,0.8894,1045.70,888.74,0.8915,1103.48,892.78,0.8110
700,top,1,1068.47,377.78,1151.04,598.12,1107.07,395.96,0.8664,1110.83,391.66,0.8523,1102.76,391.66,0.8019,1115.67,394.89,0.7905,1095.77,394.35,0.8560,1128.05,418.56,0.7849,1079.63,414.79,0.7838,1139.88,444.92,0.7474,1074.79,437.92,0.6558,1143.11,473.97,0.7116,1079.63,459.98,0.5114,1114.60,478.81,0.5890,1089.85,478.81,0.5903,1117.83,523.99,0.7300,1091.47,522.92,0.7166,1112.45,563.26,0.7600,1095.23,571.87,0.7689
700,bottom,0,1030.21,652.91,1157.11,937.46,1126.31,675.69,0.7895,1124.23,672.22,0.6038,1122.14,672.92,0.7077,1106.17,679.17,0.5130,1112.42,681.25,0.6530,1097.83,708.34,0.8101,1110.33,715.99,0.8259,1103.39,735.44,0.5950,1094.36,754.20,0.8015,1127.01,701.40,0.7300,1132.56,763.23,0.7963,1088.80,785.46,0.7916,1104.08,786.85,0.7929,1088.10,834.78,0.8199,1138.82,843.12,0.8841,1047.12,887.58,0.8818,1116.59,904.25,0.8394
701,top,1,1065.83,376.87,1145.70,592.66,1103.13,394.15,0.8537,1107.35,389.93,0.8430,1098.92,389.93,0.8006,1112.09,393.09,0.7864,1091.54,392.57,0.8401,1124.20,416.80,0.7816,1075.74,412.59,0.7940,1135.79,444.20,0.7409,1071.52,439.98,0.6513,1139.48,474.23,0.7097,1073.10,467.90,0.5395,1108.93,476.33,0.5823,1084.69,475.81,0.5823,1109.45,522.17,0.7148,1084.69,519.53,0.7016,1104.18,559.57,0.7433,1088.38,567.48,0.7579
701,bottom,0,1030.51,658.24,1164.98,944.05,1134.73,683.22,0.8497,1133.33,679.03,0.6400,1130.54,680.43,0.7600,1119.38,684.61,0.4987,1120.07,687.41,0.7071,1107.51,713.92,0.8066,1116.59,721.60,0.8574,1113.10,741.83,0.6196,1100.54,759.97,0.8500,1136.12,699.97,0.6490,1138.91,766.95,0.8209,1098.44,789.98,0.8279,1112.40,791.37,0.8268,1090.77,837.43,0.8388,1139.61,852.08,0.9181,1047.51,887.67,0.9076,1131.24,919.07,0.8995
702,top,1,1062.94,377.15,1140.68,592.31,1100.23,394.38,0.8582,1103.91,390.18,0.8438,1096.03,390.18,0.8167,1108.64,392.80,0.7997,1088.68,392.80,0.8511,1120.20,416.97,0.7862,1072.39,412.77,0.7984,1132.28,444.28,0.7518,1068.19,440.61,0.6718,1135.43,473.70,0.7149,1069.24,469.50,0.5512,1104.44,475.27,0.5914,1080.80,474.22,0.5946,1102.86,520.97,0.7362,1078.70,518.87,0.7326,1096.56,559.84,0.7727,1079.22,563.52,0.7717
702,bottom,0,1032.76,666.07,1179.23,952.12,1143.01,691.77,0.8668,1141.61,688.28,0.6583,1139.52,688.97,0.7810,1129.04,692.47,0.4994,1128.34,695.26,0.7296,1117.17,721.10,0.7688,1124.15,729.48,0.8505,1122.06,751.13,0.5943,1108.09,767.89,0.8331,1145.10,701.55,0.5360,1146.50,771.38,0.8184,1107.39,796.53,0.7961,1120.66,798.62,0.8148,1094.82,841.92,0.7997,1141.61,860.78,0.8836,1048.73,887.31,0.8760,1144.41,929.22,0.8884
703,top,1,1057.71,378.97,1136.64,584.58,1095.17,395.93,0.8747,1099.68,391.42,0.8517,1091.65,391.42,0.8163,1104.70,394.43,0.8146,1084.63,394.43,0.8323,1117.25,419.53,0.7738,1069.06,415.01,0.7942,1128.30,447.64,0.7193,1064.55,443.62,0.6717,1131.31,478.26,0.6570,1065.55,472.23,0.5680,1099.68,477.76,0.5859,1076.09,476.75,0.5814,1097.17,522.93,0.7601,1071.57,519.92,0.7242,1091.15,561.08,0.8095,1068.56,561.08,0.7947
703,bottom,0,1035.22,676.77,1182.84,964.86,1150.53,700.55,0.8774,1149.82,697.03,0.6898,1146.31,697.03,0.8195,1137.87,701.25,0.5044,1136.46,704.77,0.7677,1127.32,730.79,0.7160,1131.54,738.53,0.8320,1130.13,759.63,0.5468,1117.47,776.51,0.7637,1154.04,778.62,0.5363,1156.86,780.73,0.7538,1114.66,801.83,0.7334,1128.02,806.05,0.7627,1101.29,848.25,0.7316,1147.71,870.05,0.8532,1052.76,887.64,0.7973,1149.12,938.98,0.8675
704,top,1,1049.13,380.82,1133.97,581.54,1092.04,397.38,0.8741,1095.96,393.46,0.8355,1088.12,392.97,0.8114,1100.86,396.40,0.8039,1081.26,396.40,0.8217,1113.11,421.39,0.7788,1065.58,417.47,0.7887,1123.89,448.83,0.7005,1061.17,445.40,0.6746,1127.33,480.69,0.6370,1061.17,473.34,0.5752,1096.45,478.24,0.6076,1071.95,476.77,0.6003,1094.49,524.30,0.7692,1064.11,520.87,0.7339,1090.08,562.53,0.8085,1059.21,559.59,0.7923
704,bottom,0,1039.90,686.48,1187.50,967.21,1158.94,708.96,0.8971,1158.25,706.22,0.6691,1154.83,706.22,0.8379,1143.86,711.02,0.5013,1145.23,713.76,0.7877,1134.95,741.86,0.7343,1139.06,747.34,0.8452,1134.95,772.02,0.5524,1127.41,785.73,0.7785,1164.42,784.35,0.6033,1165.11,785.73,0.7785,1121.24,813.14,0.7585,1134.26,815.88,0.7695,1106.85,858.38,0.7342,1156.88,880.99,0.8746,1057.50,890.59,0.7772,1146.60,948.16,0.8711
705,top,1,1038.03,381.47,1128.24,582.13,1088.52,398.03,0.8318,1091.95,394.11,0.8272,1084.60,394.11,0.8290,1096.85,397.54,0.7700,1076.77,397.54,0.7948,1108.61,423.51,0.7836,1061.58,418.61,0.7836,1117.92,451.43,0.7270,1056.68,445.06,0.6774,1123.31,480.33,0.6699,1056.68,469.56,0.5746,1092.93,475.92,0.6337,1067.46,474.45,0.6238,1091.95,522.95,0.7317,1057.17,520.50,0.7061,1089.50,562.63,0.7967,1050.31,553.33,0.7831
705,bottom,0,1039.25,691.76,1191.99,966.92,1164.66,713.79,0.9213,1163.99,710.43,0.6711,1161.30,711.11,0.8668,1153.91,717.15,0.5040,1151.90,719.17,0.8331,1141.15,746.71,0.7635,1146.52,752.76,0.8471,1141.15,778.96,0.5496,1135.77,791.72,0.8106,1170.03,785.67,0.5771,1172.05,787.02,0.7970,1127.04,819.93,0.7775,1141.15,822.62,0.7947,1116.29,867.63,0.7265,1169.36,883.08,0.8703,1064.57,898.53,0.7750,1146.52,948.24,0.8587
706,top,1,1028.64,381.17,1119.97,579.59,1084.48,397.54,0.8339,1087.87,393.67,0.8718,1080.12,393.67,0.8276,1092.23,397.54,0.7747,1072.85,397.06,0.8185,1104.34,422.73,0.7871,1056.87,418.37,0.7788,1111.12,449.86,0.7050,1052.02,444.05,0.6508,1116.45,476.50,0.6665,1052.51,466.33,0.5519,1089.32,474.57,0.5949,1063.65,474.08,0.5936,1091.26,522.04,0.6988,1052.51,517.68,0.6791,1089.32,562.25,0.7693,1043.30,547.23,0.7646
706,bottom,0,1048.20,691.70,1194.23,966.97,1169.60,711.73,0.9089,1168.26,708.37,0.6701,1165.57,709.04,0.8558,1159.52,716.43,0.5194,1158.18,719.12,0.8276,1145.41,746.00,0.7697,1153.47,752.05,0.8369,1143.39,780.28,0.5422,1142.72,791.70,0.7893,1175.65,777.59,0.4930,1178.34,781.62,0.7532,1132.64,821.95,0.7559,1147.42,824.63,0.7715,1121.88,871.00,0.7534,1174.30,884.45,0.8561,1069.47,908.64,0.8079,1146.75,948.29,0.8322
707,top,1,1023.72,380.10,1115.14,581.89,1079.78,395.27,0.8415,1083.22,391.82,0.8738,1075.34,391.82,0.8323,1087.66,395.27,0.7689,1067.95,394.28,0.8340,1099.48,419.90,0.7942,1052.19,416.45,0.7586,1104.41,448.48,0.7190,1046.28,440.59,0.6674,1110.32,475.57,0.6901,1047.75,463.26,0.6239,1085.69,472.12,0.6094,1059.58,471.63,0.6188,1089.14,518.93,0.6923,1047.75,514.98,0.6753,1089.63,561.79,0.7645,1038.39,543.07,0.7682
707,bottom,0,1059.77,688.70,1195.22,966.56,1174.30,710.95,0.8953,1173.62,706.88,0.6821,1170.23,707.56,0.8496,1164.13,714.34,0.5076,1161.41,716.37,0.8224,1149.88,742.83,0.7646,1158.70,748.94,0.8488,1141.06,775.39,0.5585,1149.20,786.92,0.8239,1177.69,765.90,0.4693,1181.09,769.97,0.8349,1138.35,820.84,0.7737,1152.59,822.88,0.7934,1128.85,871.04,0.7662,1174.98,883.93,0.8683,1076.62,914.46,0.8362,1147.85,947.70,0.8390
708,top,1,1022.18,376.39,1109.14,582.79,1074.73,392.42,0.8030,1078.26,388.89,0.8638,1070.70,388.89,0.8344,1082.29,392.92,0.7519,1062.64,391.91,0.8270,1093.37,415.60,0.8084,1046.51,414.09,0.7527,1097.41,442.30,0.6846,1039.96,437.77,0.6851,1100.93,469.51,0.6346,1044.50,461.45,0.6565,1081.78,470.02,0.5840,1056.08,470.02,0.5976,1086.32,515.87,0.6752,1043.99,512.35,0.6786,1089.34,560.72,0.7727,1034.92,539.56,0.7485
708,bottom,0,1069.90,685.25,1192.41,966.06,1178.46,707.74,0.8928,1177.78,705.00,0.6447,1175.03,705.68,0.8017,1166.81,710.48,0.5340,1166.81,713.22,0.8109,1154.47,736.53,0.7620,1164.06,745.45,0.8255,1137.33,735.16,0.6003,1153.78,781.09,0.7935,1174.35,748.19,0.4086,1179.83,759.16,0.8084,1143.50,816.06,0.7781,1157.89,818.80,0.7861,1135.27,867.48,0.7834,1177.78,879.82,0.8599,1086.60,914.78,0.8428,1149.67,944.26,0.8427
709,top,1,1023.60,375.98,1100.92,582.17,1069.81,391.49,0.7781,1073.33,387.96,0.8254,1065.28,387.46,0.8247,1076.86,390.98,0.7858,1057.73,390.48,0.8149,1087.93,413.13,0.8240,1041.12,412.12,0.7719,1089.94,439.31,0.6780,1029.54,436.79,0.7315,1093.47,465.99,0.6723,1037.59,460.95,0.7330,1076.86,467.50,0.6015,1051.18,467.50,0.6054,1082.90,513.30,0.6921,1041.12,509.78,0.6696,1088.94,559.61,0.7705,1034.57,536.96,0.7395
709,bottom,0,1080.85,678.08,1197.23,965.72,1181.18,702.52,0.8183,1179.77,700.41,0.5122,1179.07,701.11,0.7059,1160.81,705.33,0.5157,1173.45,706.03,0.7549,1153.79,728.50,0.7539,1174.86,736.22,0.8025,1135.53,729.20,0.6008,1159.41,771.34,0.6672,1154.49,703.22,0.4028,1161.51,776.25,0.4256,1146.77,808.55,0.7436,1165.03,810.66,0.7739,1139.74,863.33,0.7971,1185.39,873.16,0.8447,1097.61,916.70,0.8379,1155.90,937.06,0.8196
710,top,1,1019.77,375.82,1099.65,580.66,1064.21,391.23,0.8001,1067.21,387.73,0.8117,1059.71,387.73,0.8253,1071.21,390.73,0.8213,1052.21,391.23,0.8232,1081.72,411.23,0.8131,1036.21,412.23,0.7677,1083.72,435.73,0.6619,1023.21,435.73,0.7302,1087.22,462.24,0.6393,1033.21,458.24,0.7149,1072.22,465.24,0.6070,1046.21,465.24,0.5983,1079.72,511.25,0.6889,1038.21,506.24,0.6628,1088.22,556.25,0.7582,1034.71,538.75,0.7570
710,bottom,0,1092.86,674.03,1205.77,961.36,1184.39,698.44,0.8072,1182.99,695.64,0.5718,1180.88,695.64,0.7017,1163.34,701.25,0.4822,1171.76,701.95,0.6802,1155.63,724.40,0.6978,1171.76,733.52,0.7032,1134.58,727.90,0.6273,1162.64,775.61,0.6852,1152.12,695.64,0.4712,1178.08,741.23,0.4503,1150.02,804.37,0.7022,1171.76,806.47,0.7242,1142.30,860.49,0.7702,1194.21,868.90,0.8230,1107.93,918.01,0.8571,1167.55,932.74,0.8083
711,top,1,1011.14,376.43,1102.61,577.69,1058.84,392.06,0.8147,1062.28,388.12,0.8177,1054.42,388.12,0.8118,1066.21,391.56,0.8184,1047.54,391.56,0.8174,1075.55,411.22,0.8118,1031.82,412.20,0.7723,1077.02,433.33,0.6860,1015.60,435.79,0.7985,1081.94,457.90,0.6980,1029.36,453.97,0.7014,1067.69,463.79,0.6134,1041.65,464.78,0.5959,1076.04,509.00,0.7046,1035.75,505.07,0.6818,1086.36,554.20,0.7647,1034.77,539.95,0.7744
711,bottom,0,1102.01,672.05,1212.46,946.53,1185.38,698.72,0.7406,1184.04,695.37,0.5310,1183.37,696.04,0.6507,1164.61,700.73,0.5136,1178.01,700.73,0.6522,1153.88,720.16,0.6629,1176.00,724.18,0.6474,1134.45,727.53,0.6392,1175.33,759.70,0.4500,1148.52,698.72,0.5694,1181.36,719.49,0.3858,1154.55,802.59,0.7061,1180.02,803.93,0.7298,1145.84,860.22,0.7818,1200.79,866.25,0.8427,1117.03,920.53,0.8962,1178.68,928.57,0.8180
712,top,1,1005.75,375.79,1100.80,572.05,1054.71,391.99,0.8286,1058.07,387.68,0.8280,1050.40,388.16,0.8142,1062.38,391.51,0.8083,1043.22,391.51,0.8112,1071.00,410.20,0.8017,1026.92,410.68,0.7666,1072.44,431.76,0.6886,1010.63,432.24,0.8005,1077.71,454.28,0.7132,1024.53,446.61,0.6808,1062.86,460.98,0.6065,1036.51,461.94,0.5768,1072.44,506.50,0.7232,1033.15,505.06,0.6900,1082.50,551.06,0.7629,1035.07,540.04,0.7602
712,bottom,0,1112.35,674.34,1218.12,956.64,1183.84,697.64,0.6842,1184.53,693.50,0.5158,1182.46,694.88,0.5900,1167.99,700.39,0.5371,1181.09,701.08,0.6238,1154.21,723.14,0.6214,1185.22,727.96,0.6218,1134.91,734.85,0.6123,1201.76,763.11,0.5625,1148.01,705.91,0.6317,1190.05,726.58,0.4965,1160.41,803.77,0.6924,1187.29,804.46,0.7020,1149.38,861.67,0.7584,1206.59,867.18,0.8252,1125.95,923.00,0.8646,1192.11,931.96,0.8014
713,top,1,998.60,373.91,1096.26,567.75,1051.22,389.43,0.8185,1054.53,385.65,0.8207,1046.96,386.12,0.8213,1058.79,388.96,0.8387,1039.39,389.43,0.8336,1067.31,407.41,0.8100,1024.72,407.41,0.7376,1068.73,425.40,0.7112,1004.84,427.29,0.8136,1074.41,450.01,0.7174,1019.98,442.91,0.6484,1057.84,455.21,0.6016,1032.29,456.63,0.5717,1067.31,500.64,0.7222,1031.34,502.06,0.6943,1077.72,545.60,0.7636,1034.18,539.45,0.7702
713,bottom,0,1115.86,675.84,1237.96,966.37,1184.00,697.69,0.6273,1184.71,693.43,0.5069,1182.58,694.14,0.5558,1164.85,700.53,0.5285,1183.29,699.82,0.6799,1153.50,724.64,0.6596,1197.48,728.19,0.6446,1137.19,746.63,0.7385,1229.40,751.59,0.6493,1146.41,714.00,0.6593,1203.15,734.57,0.4519,1165.56,804.79,0.6896,1191.80,804.08,0.6807,1154.92,864.37,0.7321,1209.54,869.34,0.7944,1131.52,926.08,0.8317,1208.12,937.43,0.7692
714,top,1,994.32,370.53,1085.07,562.14,1047.65,387.28,0.7895,1050.92,383.53,0.8206,1043.44,383.53,0.8043,1055.13,387.28,0.7764,1035.95,386.81,0.8315,1064.49,404.12,0.8237,1020.98,404.59,0.7417,1066.83,422.36,0.7190,999.00,425.17,0.8226,1072.44,445.28,0.7310,1013.97,438.73,0.6577,1053.73,450.90,0.6077,1028.47,452.30,0.5793,1063.55,497.21,0.7183,1027.06,497.68,0.6925,1071.97,540.71,0.7640,1031.74,538.84,0.7654
714,bottom,0,1119.33,679.33,1254.31,967.78,1181.89,702.43,0.6753,1183.30,699.61,0.4482,1183.30,699.61,0.5807,1164.28,708.06,0.6348,1186.11,705.95,0.7329,1155.13,733.42,0.7647,1202.31,734.82,0.6406,1143.16,755.25,0.7577,1246.68,734.82,0.7397,1150.20,723.56,0.6943,1218.51,726.37,0.5900,1167.80,810.88,0.7012,1195.27,810.88,0.7057,1162.88,867.92,0.7723,1214.99,876.37,0.8036,1133.30,926.37,0.8514,1216.40,946.79,0.8374
715,top,1,992.36,368.36,1080.96,564.01,1044.78,384.98,0.7906,1048.12,381.64,0.8324,1040.48,381.64,0.8004,1052.42,384.98,0.7846,1032.84,384.50,0.8298,1062.45,401.70,0.8225,1018.03,401.70,0.7569,1065.32,419.85,0.7148,996.54,421.76,0.8309,1070.09,441.82,0.7063,1007.04,436.57,0.6885,1050.03,448.03,0.6370,1022.81,448.51,0.6097,1060.06,494.36,0.7281,1021.37,493.89,0.6895,1067.23,537.83,0.7424,1027.11,536.88,0.7392
715,bottom,0,1120.43,683.92,1264.84,972.27,1184.18,706.31,0.7299,1184.89,703.49,0.4878,1184.18,702.79,0.6711,1165.88,710.53,0.6249,1184.89,709.83,0.7265,1155.32,737.28,0.8575,1204.60,739.40,0.6603,1150.39,765.44,0.6577,1235.57,730.24,0.5354,1154.62,728.84,0.4360,1251.76,718.98,0.7146,1170.81,816.83,0.7199,1197.56,817.54,0.7362,1170.10,871.74,0.7704,1219.38,881.60,0.7994,1136.31,926.65,0.8440,1218.68,951.99,0.8346
716,top,1,988.45,367.63,1079.11,560.50,1040.84,384.48,0.7848,1044.14,381.19,0.8278,1036.60,381.19,0.7864,1048.85,384.48,0.8277,1029.54,384.48,0.8191,1058.73,400.97,0.8005,1014.94,400.49,0.7486,1063.44,418.39,0.7251,993.28,420.27,0.8237,1069.09,440.05,0.7260,1000.35,436.28,0.6996,1046.49,446.17,0.6316,1017.77,446.17,0.6031,1056.38,491.38,0.7121,1014.94,490.90,0.6787,1063.91,533.28,0.7396,1017.77,532.81,0.7147
716,bottom,0,1123.25,680.97,1298.06,974.93,1188.41,708.81,0.8158,1185.54,705.94,0.6418,1188.41,705.22,0.7201,1166.88,713.84,0.7672,1185.54,713.84,0.7511,1155.40,741.82,0.8742,1206.35,741.82,0.7070,1157.55,769.10,0.6515,1251.57,727.47,0.7332,1162.57,728.91,0.4282,1278.12,700.20,0.8775,1172.62,822.21,0.7760,1199.89,822.21,0.7859,1175.49,871.73,0.8351,1221.42,883.21,0.8264,1140.33,926.99,0.8496,1217.83,953.54,0.8824
717,top,1,985.09,367.08,1078.84,557.28,1037.07,385.10,0.8447,1040.79,381.38,0.8424,1033.36,381.84,0.8376,1045.43,384.63,0.8439,1026.39,384.63,0.8325,1055.64,401.35,0.7908,1011.53,401.35,0.7409,1061.22,418.99,0.7319,990.63,420.85,0.8325,1069.11,443.14,0.7282,995.74,439.89,0.6415,1043.11,444.53,0.6444,1013.85,444.53,0.6108,1054.25,490.50,0.7164,1007.82,490.04,0.7056,1062.61,531.83,0.7360,1004.10,529.97,0.7163
717,bottom,0,1128.15,685.39,1301.27,973.50,1188.68,706.35,0.8199,1185.87,702.84,0.6682,1187.98,702.84,0.7084,1166.88,710.57,0.7662,1185.87,710.57,0.7481,1155.62,738.71,0.8813,1206.27,738.71,0.6991,1159.14,769.66,0.6379,1254.10,731.67,0.7628,1190.79,742.93,0.3934,1280.83,710.57,0.8708,1173.21,823.11,0.7521,1200.64,823.11,0.7635,1176.02,870.24,0.8308,1221.74,882.90,0.8143,1144.37,922.99,0.8600,1217.52,952.54,0.8714
718,top,1,979.34,369.25,1076.81,554.45,1033.50,386.79,0.8658,1036.66,383.18,0.8435,1029.43,383.18,0.8218,1041.64,386.34,0.8305,1022.65,386.34,0.8375,1052.49,402.62,0.7948,1008.18,403.52,0.7463,1059.72,421.61,0.7514,988.29,422.51,0.8560,1067.86,444.21,0.7354,989.19,445.12,0.7032,1040.73,443.76,0.6675,1009.99,442.86,0.6472,1052.94,490.78,0.7408,1000.49,489.88,0.7350,1061.53,530.57,0.7640,989.64,530.57,0.7669
718,bottom,0,1127.35,679.94,1283.27,971.02,1183.99,701.12,0.7664,1181.86,698.27,0.5724,1185.41,697.56,0.6297,1165.52,704.67,0.7141,1184.70,703.96,0.7093,1154.15,734.52,0.8846,1201.05,732.39,0.7042,1155.57,769.34,0.7246,1240.13,735.94,0.5276,1183.99,750.15,0.4489,1266.43,732.39,0.7611,1172.62,819.09,0.7326,1200.34,819.80,0.7412,1173.33,865.28,0.7997,1220.95,879.49,0.8275,1145.62,920.00,0.8245,1217.39,949.14,0.8642
719,top,1,964.21,374.36,1076.39,553.80,1029.06,390.04,0.8457,1032.13,386.54,0.8426,1025.12,386.54,0.8137,1037.39,390.04,0.8073,1018.55,390.92,0.8239,1048.78,406.69,0.8069,1004.53,408.00,0.7347,1056.66,425.97,0.7691,985.69,427.28,0.8228,1067.62,450.06,0.7181,983.06,455.76,0.7641,1037.82,447.87,0.6438,1007.16,447.00,0.6442,1051.84,492.56,0.7520,994.02,490.80,0.7454,1060.61,529.80,0.7653,975.18,531.11,0.7660
719,bottom,0,1129.41,675.11,1263.77,969.12,1176.49,695.78,0.8060,1177.21,693.63,0.5785,1179.36,692.91,0.6248,1165.72,700.09,0.7202,1182.95,698.65,0.7344,1152.09,729.52,0.8747,1204.48,726.65,0.6947,1148.50,767.56,0.7729,1238.22,743.16,0.5741,1164.29,751.77,0.4919,1256.16,752.49,0.7164,1170.03,810.63,0.7166,1199.46,810.63,0.7157,1169.31,858.72,0.7846,1221.71,873.79,0.8152,1143.47,915.43,0.8260,1219.56,943.42,0.8483
720,top,1,956.12,379.96,1076.56,554.94,1025.31,394.40,0.8412,1028.73,390.99,0.8515,1021.04,391.41,0.8315,1033.43,394.83,0.8190,1015.06,395.68,0.8517,1045.82,411.92,0.8062,1001.39,413.63,0.7378,1055.21,431.99,0.7674,984.30,433.70,0.7633,1068.03,453.78,0.7713,977.89,460.19,0.6934,1033.85,452.50,0.6717,1004.38,452.50,0.6633,1050.51,493.08,0.7335,989.43,493.08,0.7161,1057.78,528.54,0.7735,966.79,532.81,0.8114
720,bottom,0,1128.21,670.07,1246.88,963.92,1172.48,692.88,0.8126,1173.20,690.01,0.5525,1173.91,689.30,0.6173,1163.15,697.19,0.6870,1181.81,695.04,0.7393,1149.52,728.04,0.8799,1206.20,724.45,0.7669,1143.07,768.21,0.8325,1232.74,758.17,0.7291,1151.67,756.02,0.5302,1239.92,775.39,0.6943,1168.18,804.08,0.7326,1199.02,804.80,0.7283,1163.15,853.59,0.7848,1221.98,869.37,0.8324,1140.91,912.41,0.8189,1219.83,938.24,0.8620
721,top,1,956.00,384.12,1076.98,554.55,1024.40,399.85,0.8293,1027.31,396.10,0.8364,1020.24,396.93,0.8176,1032.30,400.26,0.7763,1013.58,401.51,0.8293,1044.37,417.74,0.7750,999.85,420.24,0.7307,1054.36,436.05,0.7667,984.45,441.04,0.7557,1069.75,457.68,0.7742,971.56,468.50,0.6774,1030.64,456.85,0.6771,1001.93,456.85,0.6590,1049.78,493.47,0.7499,989.03,496.79,0.7385,1052.28,528.83,0.8063,966.56,535.07,0.8273
721,bottom,0,1123.91,668.21,1242.03,956.56,1170.30,692.71,0.8700,1170.30,689.90,0.5587,1170.30,689.19,0.6354,1161.15,696.94,0.7119,1182.26,694.12,0.7774,1148.47,728.61,0.9027,1206.90,725.80,0.8243,1138.62,770.15,0.8848,1223.09,765.22,0.8068,1149.18,758.89,0.5322,1223.09,794.08,0.7521,1166.07,806.76,0.7569,1197.05,806.76,0.7398,1156.22,853.22,0.7893,1222.39,868.71,0.8566,1136.51,912.35,0.8545,1220.98,934.88,0.9236
722,top,1,955.82,387.62,1081.20,555.05,1023.82,403.89,0.8227,1027.09,400.21,0.7995,1019.73,401.03,0.8021,1032.41,403.89,0.7794,1013.19,405.53,0.8118,1043.85,421.06,0.7646,1000.52,425.15,0.7279,1054.07,436.19,0.7591,984.17,444.77,0.7207,1070.42,455.81,0.7619,969.46,471.34,0.6194,1028.73,458.67,0.6639,1000.93,459.08,0.6573,1048.76,494.23,0.7308,989.90,498.73,0.7386,1048.35,528.97,0.8035,967.00,534.70,0.8112
722,bottom,0,1112.18,670.62,1242.26,958.01,1169.51,693.63,0.8809,1169.51,690.83,0.5521,1168.10,690.12,0.6003,1159.68,698.54,0.7383,1181.43,696.44,0.7768,1146.35,730.82,0.8687,1205.29,728.71,0.8507,1136.53,774.32,0.8884,1215.11,773.62,0.8054,1147.75,763.80,0.5319,1208.80,798.18,0.6150,1166.00,808.00,0.7486,1197.57,808.00,0.7369,1149.86,855.01,0.7820,1222.13,869.74,0.8408,1130.21,909.04,0.8383,1222.83,935.70,0.9286
723,top,1,954.56,387.62,1082.69,553.96,1026.55,402.81,0.8041,1029.47,399.05,0.8083,1022.38,399.89,0.7893,1034.06,403.64,0.7704,1015.71,405.31,0.8392,1045.32,420.32,0.7735,1003.19,424.49,0.7287,1056.16,434.50,0.8245,984.84,443.68,0.7377,1072.43,453.69,0.8196,971.08,469.54,0.6785,1030.30,458.69,0.6774,1002.78,458.69,0.6734,1049.91,492.89,0.7455,992.77,497.06,0.7218,1047.82,530.01,0.8266,966.91,535.02,0.8258
723,bottom,0,1103.80,675.35,1241.06,963.41,1167.51,697.01,0.9069,1168.92,694.19,0.5542,1165.40,693.49,0.5884,1157.66,701.93,0.7632,1179.47,699.82,0.7632,1144.30,734.98,0.8503,1203.38,732.17,0.8561,1135.86,780.70,0.8666,1208.30,778.59,0.7840,1142.90,775.77,0.5224,1182.28,779.99,0.4307,1164.70,810.23,0.7250,1197.05,810.23,0.7351,1144.30,858.06,0.7915,1220.96,872.83,0.8345,1120.39,909.40,0.8197,1224.48,940.34,0.9380
724,top,1,955.05,382.83,1078.76,553.50,1028.15,399.41,0.7561,1031.07,394.83,0.7567,1023.57,396.08,0.7719,1036.07,399.41,0.7740,1017.74,401.08,0.8507,1047.32,413.58,0.7885,1006.49,419.83,0.7179,1057.32,424.41,0.8010,988.57,437.33,0.7640,1069.82,443.58,0.7848,976.90,463.16,0.7593,1033.57,456.08,0.6974,1006.07,456.08,0.6546,1051.49,493.16,0.7436,996.07,496.08,0.6930,1049.41,530.25,0.8104,967.74,534.41,0.8039
724,bottom,0,1095.05,681.65,1241.13,966.76,1163.91,703.08,0.8860,1164.61,699.60,0.5460,1161.82,698.91,0.5713,1153.47,707.26,0.7574,1175.75,705.17,0.7445,1142.33,739.98,0.8114,1200.11,736.50,0.8314,1135.37,778.96,0.7369,1202.89,777.56,0.6778,1130.50,795.66,0.6846,1172.96,789.40,0.3938,1163.22,815.15,0.6995,1195.93,815.15,0.7039,1138.85,861.09,0.7641,1219.60,877.80,0.8063,1115.19,904.95,0.7782,1225.17,942.53,0.8780
725,top,1,960.63,373.82,1075.63,551.28,1032.86,393.66,0.7587,1035.89,389.33,0.7297,1028.09,390.20,0.7386,1040.22,392.36,0.7424,1022.46,394.10,0.8510,1051.06,405.80,0.8073,1010.33,413.16,0.7304,1060.15,416.63,0.7069,993.00,428.32,0.7574,1068.39,432.66,0.7057,985.20,454.75,0.6285,1037.19,449.55,0.6901,1009.90,449.12,0.6631,1051.92,490.71,0.7526,1000.37,492.01,0.7133,1049.32,530.14,0.8328,971.77,530.57,0.7882
725,bottom,0,1085.29,684.98,1241.27,967.81,1158.45,705.56,0.9218,1159.14,702.11,0.5641,1155.68,701.42,0.6163,1148.78,709.70,0.7385,1169.49,707.63,0.7471,1138.42,743.54,0.8296,1194.35,738.01,0.8318,1132.90,782.21,0.7872,1197.81,773.92,0.6239,1124.61,802.23,0.7589,1166.73,787.73,0.4180,1160.52,818.11,0.6913,1192.97,818.11,0.6984,1134.28,862.30,0.7690,1215.07,880.95,0.8123,1112.18,907.88,0.8087,1222.66,944.47,0.9029
726,top,1,970.15,364.55,1077.96,550.06,1034.47,380.77,0.8422,1037.64,376.69,0.8065,1029.94,378.05,0.8092,1043.08,381.22,0.7517,1024.51,383.94,0.8290,1053.49,397.52,0.8204,1014.09,405.22,0.7494,1059.84,409.30,0.6366,995.98,423.34,0.7992,1069.80,425.15,0.6693,996.43,451.87,0.6759,1040.36,442.81,0.6700,1012.73,442.81,0.6371,1051.23,483.58,0.7342,1002.77,489.01,0.7272,1050.78,528.41,0.8120,981.48,526.60,0.7741
726,bottom,0,1084.13,684.42,1241.73,965.59,1149.89,704.88,0.8904,1147.83,702.13,0.5460,1148.51,700.76,0.6416,1140.28,709.00,0.6997,1161.56,706.94,0.7660,1131.35,741.95,0.8530,1184.90,736.45,0.8143,1129.29,781.76,0.8199,1186.27,770.78,0.5486,1119.68,803.73,0.7777,1158.12,784.50,0.4304,1154.69,816.77,0.6730,1187.64,817.45,0.6863,1128.61,860.70,0.7622,1208.92,879.92,0.8017,1110.07,909.44,0.8331,1221.28,942.39,0.9019
727,top,1,984.39,358.26,1080.20,547.71,1037.85,373.43,0.7992,1041.08,369.27,0.7885,1033.22,370.65,0.7816,1046.63,372.97,0.7788,1027.21,376.20,0.7949,1055.42,390.54,0.8139,1017.49,397.94,0.7762,1061.43,405.81,0.6344,998.99,417.83,0.8211,1071.61,421.99,0.6732,1005.93,444.66,0.6735,1041.55,438.65,0.6675,1016.57,438.18,0.6284,1053.11,480.74,0.7311,1010.09,482.12,0.7300,1053.11,525.14,0.7892,993.44,522.83,0.7927
727,bottom,0,1085.68,679.47,1241.79,960.17,1140.43,701.95,0.9195,1137.69,698.52,0.6489,1140.43,697.84,0.6333,1131.52,705.38,0.8081,1152.77,704.01,0.8391,1123.30,738.96,0.9034,1175.38,732.10,0.8580,1123.30,777.33,0.8143,1176.75,767.05,0.5410,1113.02,800.63,0.7868,1150.03,781.45,0.4357,1146.60,812.97,0.6868,1179.49,813.66,0.7024,1121.93,857.52,0.7726,1202.79,876.02,0.7848,1106.85,910.28,0.8728,1220.61,934.27,0.8753
728,top,1,996.38,352.99,1085.72,540.65,1040.13,367.56,0.8006,1043.34,363.90,0.7533,1035.55,364.81,0.7672,1048.38,367.56,0.7831,1030.05,370.31,0.8323,1057.54,384.51,0.7659,1021.81,391.84,0.7512,1064.87,402.84,0.6268,1003.48,414.29,0.7848,1075.87,420.25,0.6750,1012.19,436.74,0.5472,1044.26,433.99,0.6496,1020.43,433.99,0.6469,1054.34,477.52,0.7486,1019.52,477.06,0.7324,1054.34,520.13,0.7945,1006.23,519.67,0.7939
728,bottom,0,1085.21,674.60,1238.41,954.70,1131.04,697.03,0.9636,1128.99,693.61,0.6649,1130.35,692.92,0.5975,1122.15,699.76,0.8265,1144.03,698.39,0.7648,1113.94,733.95,0.9033,1165.92,727.12,0.8551,1115.31,774.30,0.8255,1168.65,764.04,0.5535,1106.42,797.55,0.7996,1139.25,777.72,0.4461,1137.88,807.81,0.7188,1170.02,808.49,0.7271,1114.63,854.31,0.8097,1195.32,873.46,0.7869,1105.74,910.39,0.9025,1217.89,926.80,0.8789
729,top,1,1002.39,347.07,1088.41,538.21,1042.13,361.44,0.8023,1044.93,357.24,0.7430,1037.47,359.11,0.7503,1050.06,360.51,0.6969,1031.87,365.64,0.8081,1060.33,379.64,0.7858,1026.27,386.64,0.7605,1066.40,399.71,0.6866,1008.07,413.71,0.8356,1078.06,416.98,0.7372,1021.60,432.84,0.7605,1047.26,427.24,0.6845,1025.33,427.24,0.6243,1057.06,472.51,0.7631,1028.60,472.97,0.7243,1052.86,513.11,0.8119,1018.33,516.84,0.7954
729,bottom,0,1086.04,668.89,1236.20,955.26,1121.97,691.12,0.9204,1120.57,688.32,0.6301,1120.57,687.62,0.5911,1112.88,694.62,0.8168,1133.85,693.22,0.7928,1105.89,729.57,0.8865,1156.93,721.88,0.8538,1107.29,768.73,0.8261,1167.41,764.53,0.6603,1098.90,792.50,0.8111,1143.64,779.21,0.4649,1130.36,802.98,0.7009,1161.12,802.28,0.7033,1110.08,853.32,0.7985,1183.49,865.91,0.7426,1105.19,909.95,0.9049,1210.06,919.04,0.8578
730,top,1,1006.16,343.70,1093.58,536.94,1044.68,361.07,0.7747,1046.57,356.82,0.7185,1039.49,358.23,0.7243,1051.29,359.65,0.6814,1033.36,363.42,0.8040,1061.19,377.11,0.7967,1027.22,385.13,0.7613,1065.91,396.92,0.7248,1012.60,412.02,0.8285,1079.59,415.79,0.7711,1028.64,429.94,0.7532,1048.93,428.53,0.6830,1029.11,429.47,0.6328,1060.72,469.10,0.7769,1036.66,470.52,0.7379,1050.34,508.26,0.8062,1028.64,514.87,0.8017
730,bottom,0,1083.14,663.67,1219.78,946.29,1114.89,686.30,0.9000,1113.51,682.85,0.6092,1113.51,682.16,0.5558,1105.23,689.06,0.8066,1127.31,687.68,0.7854,1097.64,723.56,0.8767,1149.39,715.97,0.8400,1099.02,763.58,0.8097,1161.81,759.44,0.7516,1091.43,787.04,0.7854,1143.18,781.52,0.4595,1123.86,797.39,0.6948,1153.53,796.70,0.6984,1107.30,849.83,0.7992,1172.85,859.49,0.7515,1105.92,909.17,0.8891,1199.07,911.93,0.8371
731,top,1,1011.57,342.59,1096.49,537.88,1044.49,358.71,0.7634,1046.88,354.90,0.7273,1040.20,356.80,0.7554,1052.12,358.71,0.7471,1034.48,362.52,0.7788,1061.66,375.87,0.8124,1029.24,383.98,0.7898,1064.04,397.80,0.7381,1017.80,412.11,0.8362,1079.77,415.92,0.7663,1037.34,424.98,0.7123,1050.69,427.36,0.6815,1030.67,429.27,0.6402,1064.04,469.32,0.7873,1043.06,470.75,0.7527,1050.22,499.35,0.8154,1036.39,516.04,0.7853
731,bottom,0,1076.32,657.69,1200.13,937.70,1109.51,680.11,0.8983,1107.46,677.38,0.6288,1110.20,676.69,0.5643,1099.26,682.85,0.7770,1121.13,681.48,0.7979,1090.37,718.39,0.8787,1142.33,710.19,0.8274,1090.37,758.73,0.7837,1156.00,754.63,0.7783,1084.90,780.60,0.7333,1139.59,775.14,0.4685,1116.35,792.91,0.7015,1145.74,792.23,0.7069,1106.09,851.02,0.8196,1160.78,853.07,0.7546,1106.09,910.49,0.8866,1184.71,902.97,0.8292
732,top,1,1015.47,344.72,1098.38,538.84,1048.87,361.69,0.7212,1050.29,357.90,0.7107,1043.66,359.32,0.7032,1054.56,361.69,0.7163,1037.02,364.06,0.7544,1061.67,378.28,0.8001,1031.34,385.39,0.7917,1064.04,401.97,0.7203,1022.33,413.82,0.8138,1082.52,418.09,0.7327,1043.66,422.35,0.6394,1052.66,429.93,0.7063,1034.18,431.83,0.6653,1068.78,470.22,0.7548,1051.24,476.38,0.7581,1053.61,495.33,0.6995,1039.87,522.35,0.7722
732,bottom,0,1069.48,652.39,1182.45,933.36,1102.64,675.58,0.7640,1098.53,671.46,0.6002,1105.39,670.78,0.5396,1094.41,677.64,0.7372,1114.99,676.26,0.7829,1084.81,712.62,0.8610,1136.26,705.07,0.8128,1082.07,754.46,0.7380,1149.98,750.35,0.7719,1076.58,772.30,0.6463,1134.89,770.24,0.5292,1111.56,788.76,0.6909,1139.69,788.08,0.7131,1104.02,849.81,0.8294,1147.92,847.07,0.7708,1105.39,909.49,0.8599,1169.87,893.72,0.7841
733,top,1,1020.31,345.80,1101.93,539.13,1048.85,359.86,0.6615,1050.74,356.56,0.6702,1044.13,358.44,0.6917,1055.46,361.75,0.6789,1037.99,364.58,0.7207,1062.07,380.63,0.7573,1033.75,386.77,0.7723,1064.43,405.65,0.6230,1027.14,416.50,0.8056,1084.72,417.45,0.6213,1052.15,418.39,0.6258,1053.57,433.49,0.6732,1035.63,436.33,0.6767,1071.03,469.84,0.7406,1056.87,476.45,0.7159,1058.29,493.44,0.6323,1041.30,522.23,0.7342
733,bottom,0,1063.51,648.62,1166.19,931.66,1095.50,671.29,0.6754,1091.36,666.45,0.5712,1099.65,666.45,0.5255,1088.59,672.67,0.7078,1108.63,671.29,0.7475,1078.23,708.60,0.8321,1130.05,701.00,0.8011,1072.70,749.37,0.7381,1145.25,744.53,0.7761,1069.24,768.03,0.6732,1131.43,768.72,0.5320,1107.25,785.30,0.6829,1134.89,783.92,0.7080,1101.03,848.87,0.8333,1136.27,841.27,0.7712,1105.87,909.68,0.8423,1155.62,893.10,0.7749
734,top,1,1023.52,345.38,1103.83,539.54,1051.83,362.35,0.7314,1053.72,359.03,0.7194,1047.09,359.98,0.7516,1057.99,363.30,0.6933,1040.45,365.67,0.8015,1062.73,381.79,0.8025,1036.66,387.00,0.8248,1066.52,405.49,0.6501,1032.39,417.81,0.8141,1089.27,412.60,0.6558,1054.20,412.12,0.6052,1055.14,434.88,0.7072,1038.55,437.72,0.7236,1071.26,468.06,0.7310,1059.88,478.01,0.7194,1061.78,493.65,0.6526,1041.40,522.09,0.7671
734,bottom,0,1055.76,643.93,1147.80,929.95,1089.21,668.23,0.6746,1086.42,663.34,0.5622,1092.71,662.64,0.5426,1082.93,669.63,0.7278,1103.88,668.23,0.7309,1072.46,705.24,0.8261,1124.13,698.26,0.8009,1064.08,747.14,0.7606,1139.49,742.95,0.8097,1062.68,762.50,0.6161,1128.32,767.39,0.5528,1100.39,781.35,0.7183,1128.32,779.96,0.7315,1098.99,846.30,0.8459,1124.83,835.82,0.7848,1105.28,909.14,0.8508,1139.49,888.89,0.7651
735,top,1,1026.42,344.20,1080.99,541.33,1051.30,360.95,0.6567,1053.22,357.58,0.6043,1045.52,359.02,0.5816,1057.55,360.95,0.5820,1041.19,364.32,0.6445,1061.40,381.16,0.7024,1039.26,384.53,0.7677,1065.74,403.78,0.5431,1037.82,414.85,0.7312,1093.17,401.86,0.4937,1053.70,396.08,0.6053,1056.11,434.10,0.6925,1042.15,437.47,0.6665,1073.44,464.91,0.7552,1060.44,478.38,0.7211,1061.89,494.26,0.6733,1041.67,520.73,0.7325
735,bottom,0,1048.43,643.58,1140.64,930.01,1084.74,667.21,0.6663,1081.95,662.32,0.5667,1086.84,661.62,0.5563,1077.75,668.61,0.7193,1098.73,667.21,0.7347,1067.26,702.88,0.8117,1119.01,697.28,0.7925,1056.07,744.14,0.7568,1134.39,741.34,0.7952,1056.07,754.63,0.6136,1125.30,767.21,0.5653,1094.53,781.90,0.6974,1121.81,780.50,0.7286,1097.33,846.23,0.8235,1114.11,832.95,0.7690,1105.02,909.17,0.8439,1123.90,881.20,0.7544
736,top,4,1028.04,338.78,1105.07,543.53,1050.56,353.68,0.6524,1052.56,350.68,0.6134,1046.06,352.18,0.6205,1057.06,353.68,0.6206,1041.06,357.18,0.6950,1063.05,374.17,0.7491,1042.56,376.17,0.7963,1073.55,393.17,0.6079,1037.56,403.17,0.7396,1097.05,385.67,0.6135,1051.06,382.17,0.6750,1057.56,429.16,0.6980,1042.56,431.16,0.7085,1073.55,461.65,0.7387,1055.06,471.65,0.7043,1059.06,493.14,0.7842,1042.56,518.14,0.8000
736,bottom,0,1040.94,642.67,1135.72,929.40,1079.23,666.33,0.6758,1075.03,661.43,0.6000,1080.63,661.43,0.5589,1072.23,668.43,0.7388,1093.23,666.33,0.7562,1061.73,702.04,0.8207,1113.53,696.44,0.7981,1049.13,741.24,0.7410,1129.63,739.14,0.7621,1049.13,748.94,0.6234,1125.43,768.54,0.6333,1090.43,781.14,0.7050,1116.33,780.44,0.7335,1093.93,846.24,0.8070,1106.53,834.34,0.7386,1103.73,906.44,0.7920,1109.33,882.64,0.6738
737,top,3,1026.06,328.76,1103.83,536.56,1051.25,343.88,0.5749,1052.26,340.33,0.5351,1046.18,341.85,0.5585,1057.34,343.88,0.5699,1039.07,347.94,0.6373,1063.42,365.19,0.6614,1038.57,367.22,0.6879,1076.62,375.33,0.5397,1035.52,385.48,0.6265,1094.37,362.14,0.6767,1045.16,362.14,0.5234,1060.38,424.04,0.6760,1043.64,426.58,0.6707,1073.57,459.04,0.7467,1049.73,467.67,0.7242,1058.86,492.02,0.8314,1040.09,513.84,0.8211
737,bottom,0,1034.13,642.86,1131.90,928.81,1073.94,666.46,0.7309,1070.45,661.57,0.6391,1075.33,660.87,0.5960,1067.66,668.55,0.7669,1087.20,666.46,0.7781,1055.79,702.06,0.8301,1107.45,697.17,0.8197,1041.82,741.85,0.7664,1124.90,741.16,0.7960,1043.22,746.74,0.6599,1120.71,772.57,0.6972,1085.81,781.65,0.7026,1110.24,781.65,0.7277,1092.09,846.57,0.7928,1094.88,836.10,0.6862,1105.35,907.31,0.7989,1094.18,884.97,0.6817
738,top,5,1027.05,323.61,1082.42,526.64,1056.22,345.32,0.5481,1057.71,343.34,0.5100,1052.26,343.34,0.4940,1059.69,342.84,0.5474,1048.29,347.80,0.5623,1064.65,360.69,0.6252,1040.86,361.68,0.6166,1075.56,353.75,0.4906,1028.96,361.68,0.5743,1082.99,341.85,0.4043,1030.94,339.87,0.5660,1061.68,415.21,0.6815,1045.32,415.71,0.6482,1067.13,454.87,0.7148,1049.28,457.34,0.7173,1059.20,491.55,0.7629,1036.89,502.95,0.7773
738,bottom,0,1026.50,642.79,1126.61,931.14,1069.52,665.88,0.7687,1066.70,661.65,0.6039,1069.52,660.95,0.5961,1062.48,668.69,0.7761,1082.19,666.58,0.7939,1050.51,701.08,0.8318,1101.90,697.56,0.8234,1035.02,741.20,0.7739,1119.50,741.91,0.8092,1036.43,744.72,0.6079,1118.09,771.48,0.7486,1078.67,784.15,0.7012,1103.31,782.04,0.7232,1088.53,845.40,0.7381,1082.19,829.20,0.6617,1106.13,907.35,0.8124,1077.26,871.44,0.7448
739,top,3,1019.21,291.44,1087.12,509.95,1043.56,321.74,0.5465,1046.23,318.54,0.5385,1039.83,319.60,0.5048,1051.56,321.74,0.5949,1039.83,326.01,0.5254,1063.30,335.61,0.6193,1034.49,340.94,0.6382,1080.90,329.21,0.5096,1019.55,337.21,0.6743,1081.44,321.74,0.6188,1023.29,314.80,0.7022,1062.23,400.16,0.6341,1043.03,400.69,0.6343,1062.23,444.97,0.7304,1047.29,445.50,0.7465,1062.76,484.98,0.8231,1036.62,486.58,0.7889
739,bottom,0,1021.67,641.43,1123.63,925.93,1065.70,664.21,0.7927,1064.31,660.04,0.5781,1065.70,659.35,0.6136,1058.06,666.99,0.7816,1077.51,665.60,0.7760,1044.17,698.94,0.8372,1097.65,696.86,0.8263,1028.89,738.53,0.7692,1115.02,739.92,0.8190,1029.59,745.48,0.5973,1114.32,769.79,0.7369,1071.26,782.98,0.6893,1096.96,780.90,0.7187,1083.76,844.10,0.7446,1074.73,828.13,0.7194,1105.29,904.53,0.8115,1064.31,871.19,0.7563
740,top,1,1018.54,294.64,1079.27,488.56,1039.91,311.59,0.5711,1042.27,308.75,0.5357,1036.12,309.22,0.5410,1047.01,311.59,0.5847,1033.75,314.43,0.5585,1061.21,325.32,0.6289,1031.86,329.58,0.6396,1077.78,318.22,0.4853,1012.45,325.32,0.6594,1072.58,312.06,0.4650,1012.92,304.02,0.6526,1062.16,388.29,0.6246,1042.27,389.24,0.6257,1062.63,432.32,0.7068,1044.17,431.85,0.7334,1061.69,473.51,0.7770,1036.59,466.88,0.7412
740,bottom,0,1014.60,639.37,1117.68,924.90,1061.96,661.54,0.7996,1060.56,658.05,0.5747,1061.26,657.35,0.6137,1053.59,664.32,0.7965,1073.11,662.93,0.7841,1039.65,695.69,0.8235,1091.23,695.00,0.8196,1023.62,734.73,0.7325,1108.66,737.52,0.8214,1022.22,746.58,0.5717,1109.36,767.49,0.7672,1062.65,780.04,0.6836,1088.45,777.95,0.7066,1074.50,839.99,0.7302,1067.53,828.14,0.7139,1099.60,897.85,0.7756,1057.77,869.27,0.7296
741,top,,,,,,,,,,,,,,,,,,,,,,,,,,,,,,,,,,,,,,,,,,,,,,,,,,,,,,,,
741,bottom,,,,,,,,,,,,,,,,,,,,,,,,,,,,,,,,,,,,,,,,,,,,,,,,,,,,,,,,
742,top,,,,,,,,,,,,,,,,,,,,,,,,,,,,,,,,,,,,,,,,,,,,,,,,,,,,,,,,
742,bottom,,,,,,,,,,,,,,,,,,,,,,,,,,,,,,,,,,,,,,,,,,,,,,,,,,,,,,,,
743,top,,,,,,,,,,,,,,,,,,,,,,,,,,,,,,,,,,,,,,,,,,,,,,,,,,,,,,,,
743,bottom,,,,,,,,,,,,,,,,,,,,,,,,,,,,,,,,,,,,,,,,,,,,,,,,,,,,,,,,
744,top,,,,,,,,,,,,,,,,,,,,,,,,,,,,,,,,,,,,,,,,,,,,,,,,,,,,,,,,
744,bottom,,,,,,,,,,,,,,,,,,,,,,,,,,,,,,,,,,,,,,,,,,,,,,,,,,,,,,,,
745,top,,,,,,,,,,,,,,,,,,,,,,,,,,,,,,,,,,,,,,,,,,,,,,,,,,,,,,,,
745,bottom,,,,,,,,,,,,,,,,,,,,,,,,,,,,,,,,,,,,,,,,,,,,,,,,,,,,,,,,
746,top,,,,,,,,,,,,,,,,,,,,,,,,,,,,,,,,,,,,,,,,,,,,,,,,,,,,,,,,
746,bottom,,,,,,,,,,,,,,,,,,,,,,,,,,,,,,,,,,,,,,,,,,,,,,,,,,,,,,,,
747,top,,,,,,,,,,,,,,,,,,,,,,,,,,,,,,,,,,,,,,,,,,,,,,,,,,,,,,,,
747,bottom,,,,,,,,,,,,,,,,,,,,,,,,,,,,,,,,,,,,,,,,,,,,,,,,,,,,,,,,
748,top,,,,,,,,,,,,,,,,,,,,,,,,,,,,,,,,,,,,,,,,,,,,,,,,,,,,,,,,
748,bottom,,,,,,,,,,,,,,,,,,,,,,,,,,,,,,,,,,,,,,,,,,,,,,,,,,,,,,,,
749,top,,,,,,,,,,,,,,,,,,,,,,,,,,,,,,,,,,,,,,,,,,,,,,,,,,,,,,,,
749,bottom,,,,,,,,,,,,,,,,,,,,,,,,,,,,,,,,,,,,,,,,,,,,,,,,,,,,,,,,
750,top,,,,,,,,,,,,,,,,,,,,,,,,,,,,,,,,,,,,,,,,,,,,,,,,,,,,,,,,
750,bottom,,,,,,,,,,,,,,,,,,,,,,,,,,,,,,,,,,,,,,,,,,,,,,,,,,,,,,,,
751,top,3,993.67,303.80,1102.71,481.79,1010.39,318.05,0.8766,1014.30,314.14,0.7797,1006.91,315.01,0.8319,1020.82,317.62,0.8663,1003.43,319.36,0.7531,1032.11,340.65,0.8055,1003.00,341.95,0.7567,1039.07,372.37,0.7795,995.18,365.85,0.7633,1018.64,394.97,0.7591,998.22,343.26,0.6560,1047.76,387.15,0.6507,1025.16,390.62,0.6617,1070.36,424.95,0.7030,1018.64,424.95,0.6082,1092.95,464.06,0.8569,1018.21,458.85,0.8152
751,bottom,0,870.52,661.38,1093.89,874.84,1000.38,682.31,0.9142,998.20,678.67,0.6579,1002.56,679.40,0.6225,990.20,683.76,0.7842,1007.65,684.49,0.7941,970.57,712.85,0.8957,1022.92,716.48,0.9054,956.03,753.57,0.8589,1040.37,755.02,0.8330,941.49,789.19,0.8528,1052.74,776.11,0.7908,980.02,781.20,0.8057,1009.11,781.20,0.8363,933.49,814.64,0.8812,1043.28,801.56,0.8936,892.04,858.27,0.9208,1078.91,850.27,0.9273
752,top,1,987.96,317.81,1108.01,485.30,1010.37,332.04,0.8317,1013.64,328.36,0.6966,1005.87,328.77,0.7060,1019.36,331.63,0.7986,1002.19,332.86,0.6879,1029.99,354.94,0.8226,1003.82,354.53,0.7164,1035.31,385.60,0.7806,992.78,378.24,0.7638,1016.09,406.87,0.7693,998.10,354.12,0.6269,1045.53,397.05,0.6551,1024.27,399.92,0.6538,1067.61,434.26,0.6896,1017.32,435.90,0.6160,1095.01,467.79,0.8185,1024.27,462.89,0.7910
752,bottom,0,869.80,668.15,1094.20,874.52,1000.99,689.52,0.9198,999.53,685.87,0.6199,1003.18,685.87,0.6034,990.03,690.26,0.7145,1008.30,690.99,0.7364,970.31,715.82,0.9007,1022.17,723.13,0.9084,953.51,756.73,0.8816,1038.24,764.76,0.8402,937.44,792.52,0.8084,1057.97,781.56,0.8118,976.16,787.41,0.7884,1006.83,788.14,0.8259,930.87,810.05,0.8797,1039.70,800.55,0.8837,892.15,856.07,0.9554,1076.23,849.49,0.9580
753,top,1,985.73,327.53,1107.56,496.74,1008.63,341.91,0.8220,1011.94,338.19,0.7229,1004.50,339.01,0.7347,1017.31,341.49,0.7829,999.96,343.15,0.7093,1028.46,365.87,0.7787,1000.37,360.91,0.7318,1035.07,393.55,0.7614,993.76,387.35,0.7401,1016.90,414.62,0.7301,999.55,365.87,0.6949,1045.40,404.70,0.6354,1024.33,407.18,0.6098,1061.51,443.95,0.6396,1010.70,441.06,0.6711,1094.98,474.93,0.7638,1023.92,464.19,0.7280
753,bottom,0,869.83,669.92,1095.15,874.00,1005.23,691.28,0.8624,1002.29,686.88,0.5933,1007.43,687.61,0.6307,992.76,691.28,0.7411,1010.36,692.75,0.7681,972.22,715.48,0.8917,1023.56,725.02,0.9012,953.89,755.09,0.8895,1038.96,767.56,0.8541,936.28,790.30,0.8302,1063.17,786.63,0.8543,978.09,788.83,0.7729,1006.69,788.83,0.8241,930.42,810.10,0.8873,1041.17,801.30,0.8744,892.28,855.57,0.9544,1076.37,849.70,0.9604
754,top,1,987.03,331.06,1101.94,497.66,1005.03,350.90,0.8311,1008.69,346.43,0.7841,1000.96,347.24,0.7766,1015.20,348.87,0.8303,996.89,350.90,0.6857,1026.18,372.06,0.7937,998.93,366.77,0.7708,1037.57,399.31,0.7737,997.30,393.21,0.8272,1019.67,418.42,0.7043,1000.15,373.28,0.6785,1045.30,407.85,0.6526,1024.15,409.88,0.6386,1053.84,448.52,0.6855,1007.88,441.61,0.7094,1090.04,478.62,0.7821,1023.33,464.39,0.7525
754,bottom,0,871.26,668.64,1095.72,875.01,1011.25,689.26,0.8307,1007.60,685.61,0.6003,1013.45,685.61,0.6677,997.37,689.99,0.7321,1015.64,691.45,0.8119,976.18,714.10,0.8809,1028.79,725.79,0.9271,955.73,752.83,0.8873,1044.86,768.90,0.8863,936.00,786.44,0.8247,1073.36,787.90,0.8913,981.30,788.63,0.7659,1009.06,789.36,0.8186,933.81,811.28,0.8671,1044.13,801.05,0.8590,893.62,855.85,0.9384,1077.74,850.01,0.9445
755,top,1,988.39,336.90,1100.60,497.58,1004.49,353.30,0.8019,1008.41,349.38,0.7595,1000.96,350.16,0.7414,1014.68,352.12,0.7702,996.64,353.69,0.6461,1026.45,375.66,0.7859,997.82,368.60,0.8017,1044.89,398.80,0.7516,1000.56,396.45,0.7146,1025.67,418.42,0.6536,1002.92,389.78,0.5373,1044.50,409.39,0.6632,1023.71,410.18,0.6797,1048.81,450.19,0.7058,1006.84,441.95,0.7063,1088.43,475.30,0.7640,1023.31,464.31,0.7003
755,bottom,0,871.77,664.60,1105.22,876.18,1017.37,686.80,0.8998,1014.33,682.24,0.6259,1019.65,683.00,0.7336,1003.69,686.80,0.7662,1021.93,688.32,0.8448,983.18,709.60,0.8968,1034.09,721.76,0.9348,958.86,746.07,0.9035,1051.57,765.07,0.8947,936.82,779.51,0.8815,1081.97,786.35,0.9044,983.18,784.07,0.8023,1012.81,784.83,0.8513,938.34,812.95,0.8820,1049.29,800.03,0.8958,895.02,855.51,0.9519,1077.41,850.19,0.9779
756,top,1,988.61,337.03,1096.71,497.46,1007.02,353.40,0.8345,1010.15,349.48,0.7937,1002.71,349.88,0.7909,1015.63,351.44,0.7790,998.01,353.01,0.7007,1028.95,373.38,0.7152,997.23,367.89,0.7878,1050.10,392.18,0.7342,1000.75,395.31,0.7040,1031.30,413.72,0.6778,1010.15,391.00,0.5709,1043.44,407.06,0.6276,1022.68,407.84,0.6665,1047.75,447.01,0.7080,1008.19,440.35,0.6996,1084.57,472.47,0.7541,1023.86,464.24,0.7077
756,bottom,0,874.12,662.17,1109.48,875.93,1023.98,681.71,0.9186,1021.68,677.88,0.6250,1025.51,678.64,0.7231,1011.72,681.71,0.7511,1028.57,684.01,0.8335,990.27,703.93,0.9022,1040.07,719.25,0.9381,964.22,738.40,0.8787,1057.69,759.86,0.8947,938.94,770.58,0.8790,1086.80,781.31,0.8524,987.20,777.48,0.8098,1016.32,778.24,0.8437,942.77,811.95,0.8730,1052.33,797.40,0.9006,897.56,854.86,0.9407,1078.37,850.26,0.9705
757,top,1,990.09,336.07,1089.98,494.76,1010.59,351.49,0.8133,1014.08,348.00,0.7677,1006.72,348.00,0.8031,1019.50,349.94,0.7830,1001.68,350.32,0.7592,1031.13,367.37,0.6493,997.03,365.43,0.7765,1055.53,383.64,0.7282,998.19,392.94,0.7263,1038.10,406.11,0.6690,1010.59,389.07,0.6414,1043.14,404.18,0.5880,1021.44,406.50,0.6221,1047.40,440.98,0.6796,1011.37,440.21,0.6811,1078.39,471.59,0.7455,1024.15,464.23,0.7018
757,bottom,0,876.26,656.83,1115.12,875.13,1032.23,677.34,0.9040,1031.45,673.45,0.6045,1033.79,674.23,0.7474,1019.79,677.34,0.7492,1035.34,678.90,0.8549,996.47,699.89,0.9042,1046.23,714.66,0.9340,966.92,732.55,0.8756,1064.11,754.32,0.8925,940.48,764.43,0.9005,1092.88,774.53,0.8502,991.02,772.20,0.8220,1020.57,772.98,0.8384,946.70,810.30,0.8610,1054.78,794.75,0.9147,900.05,852.29,0.9308,1078.88,849.95,0.9607
758,top,1,989.22,333.80,1079.94,495.68,1014.82,347.95,0.8059,1018.38,344.40,0.7855,1010.87,344.79,0.7796,1023.51,347.16,0.8078,1004.94,347.56,0.7839,1034.58,362.18,0.6573,997.83,362.97,0.7835,1059.08,377.59,0.7621,995.45,390.24,0.7421,1044.85,399.72,0.6500,1010.87,391.82,0.6242,1040.90,402.09,0.5811,1019.96,404.86,0.5901,1049.99,438.45,0.6612,1015.61,438.06,0.6155,1070.54,471.65,0.7277,1025.09,462.56,0.7083
758,bottom,0,879.03,653.30,1119.23,872.54,1038.23,674.56,0.9112,1039.01,670.65,0.6203,1040.57,670.65,0.7716,1025.72,674.56,0.7500,1040.57,675.35,0.8617,1000.70,696.46,0.9089,1051.52,711.31,0.9313,970.20,726.17,0.8718,1071.07,746.50,0.8927,941.27,756.66,0.9016,1099.22,767.61,0.8534,994.44,767.61,0.8318,1024.15,769.17,0.8379,949.09,809.05,0.8661,1056.99,794.20,0.9326,903.74,848.93,0.9184,1079.67,849.71,0.9376
759,top,1,987.27,331.07,1072.36,496.22,1019.33,346.31,0.8213,1022.96,342.68,0.8004,1015.70,342.68,0.8151,1027.80,345.10,0.8380,1010.06,345.50,0.8009,1039.09,361.23,0.6478,999.58,361.23,0.7565,1061.67,377.36,0.7866,991.92,385.42,0.7353,1048.77,400.34,0.6627,1002.80,397.92,0.6694,1041.51,404.37,0.6017,1019.33,406.79,0.5957,1053.60,442.27,0.6665,1016.51,438.64,0.5596,1064.89,474.53,0.7251,1022.56,460.01,0.7464
759,bottom,0,882.37,650.28,1116.87,871.84,1040.84,670.98,0.9662,1041.60,667.93,0.6626,1043.13,667.93,0.7501,1029.39,670.98,0.7870,1045.42,672.51,0.8466,1004.96,692.36,0.9199,1055.34,707.63,0.9340,973.67,720.60,0.8470,1077.48,741.21,0.8948,941.60,749.61,0.8951,1100.38,758.77,0.8541,996.57,763.35,0.8191,1026.34,765.64,0.8259,951.53,804.57,0.8590,1059.16,793.12,0.9253,908.78,847.32,0.9299,1079.77,848.85,0.9195
760,top,1,986.55,329.61,1069.62,501.09,1023.06,346.27,0.8162,1026.41,342.92,0.8009,1019.29,342.92,0.7989,1031.43,345.85,0.8382,1013.43,345.85,0.8333,1043.16,362.18,0.6826,1002.13,362.60,0.7613,1063.25,380.60,0.8080,990.82,385.63,0.7654,1053.62,404.47,0.7281,992.92,405.30,0.7321,1041.06,406.14,0.6285,1016.78,409.07,0.6245,1052.37,444.66,0.6851,1015.52,445.08,0.5566,1059.07,478.57,0.6867,1019.71,458.47,0.7398
760,bottom,0,893.68,647.43,1101.14,871.62,1041.98,668.36,0.9720,1041.98,666.33,0.5344,1044.01,667.01,0.6420,1031.17,670.38,0.7260,1048.73,671.06,0.8111,1007.54,688.62,0.8821,1058.19,703.47,0.9352,975.12,716.98,0.8159,1079.80,737.24,0.8412,942.71,743.32,0.8881,1092.63,752.10,0.7579,998.76,758.18,0.7972,1028.47,761.55,0.8218,955.54,800.05,0.8521,1058.19,792.62,0.9211,915.02,847.32,0.9444,1079.80,850.02,0.9310
761,top,1,973.76,333.61,1069.18,497.91,1025.88,349.18,0.8136,1029.09,345.97,0.7917,1022.27,345.97,0.7825,1034.71,348.78,0.8446,1017.06,348.38,0.8116,1046.34,365.22,0.7127,1005.02,364.82,0.6941,1062.79,386.08,0.7822,992.19,387.28,0.7182,1057.57,410.55,0.7147,984.17,411.75,0.7160,1041.13,410.15,0.6020,1016.26,412.15,0.5967,1049.55,447.85,0.6693,1013.45,447.85,0.5801,1051.55,477.94,0.6797,1018.66,457.08,0.6361
761,bottom,0,906.84,642.44,1094.14,871.78,1041.95,663.83,0.9395,1041.95,662.00,0.5244,1041.95,662.61,0.5622,1032.80,667.48,0.6331,1048.66,668.70,0.6565,1009.63,684.56,0.8520,1058.41,696.75,0.9325,974.27,712.60,0.7857,1077.31,733.33,0.7895,943.17,738.21,0.8810,1079.14,744.31,0.5965,999.88,751.02,0.7574,1030.97,755.89,0.8094,957.81,796.74,0.8521,1058.41,793.09,0.8867,926.10,850.40,0.9444,1079.14,851.01,0.9541
762,top,1,961.60,337.41,1069.71,499.72,1028.34,353.58,0.8464,1031.90,350.41,0.8093,1024.37,350.01,0.7992,1037.05,352.79,0.8133,1018.83,352.79,0.8113,1048.94,370.22,0.7577,1007.33,370.22,0.7345,1063.21,395.18,0.7620,993.07,393.60,0.7392,1061.23,421.34,0.6673,978.01,417.38,0.7391,1041.81,414.21,0.6476,1016.45,415.79,0.6147,1046.56,454.62,0.6834,1013.67,454.23,0.5722,1042.60,481.97,0.6978,1016.45,460.57,0.6135
762,bottom,0,918.99,639.05,1094.91,869.65,1040.16,659.86,0.9461,1041.88,658.15,0.5130,1040.73,657.00,0.6275,1030.43,661.58,0.6192,1047.03,663.87,0.6825,1006.95,681.05,0.8317,1057.34,693.65,0.9190,973.16,707.97,0.7992,1070.51,730.87,0.8189,942.81,733.73,0.9111,1067.08,740.03,0.5815,998.36,747.48,0.6920,1032.15,752.63,0.7632,961.14,793.86,0.8638,1057.91,795.01,0.8635,937.66,849.98,0.9357,1079.67,850.55,0.9476
763,top,1,956.17,342.51,1072.26,500.69,1029.66,359.42,0.8343,1033.13,355.95,0.8159,1025.80,355.95,0.8154,1038.15,358.65,0.8112,1019.62,358.65,0.8307,1050.51,376.03,0.7702,1008.03,376.41,0.7319,1064.03,401.13,0.7466,993.74,397.65,0.7241,1064.80,425.84,0.6593,977.52,417.73,0.7210,1040.47,418.89,0.6365,1016.53,419.28,0.6192,1043.17,460.60,0.6319,1011.89,458.67,0.5796,1041.24,486.09,0.6420,1010.74,468.71,0.6401
763,bottom,0,928.31,634.36,1094.13,869.54,1036.48,654.34,0.9263,1037.06,652.05,0.5161,1037.63,651.47,0.6046,1025.00,656.64,0.6086,1045.09,657.22,0.7190,1003.76,677.31,0.8355,1054.86,688.79,0.8900,972.18,704.30,0.8162,1064.04,729.56,0.8561,942.90,729.56,0.8959,1054.28,738.17,0.5890,997.44,745.06,0.6716,1031.32,749.65,0.7158,964.14,792.14,0.8470,1057.73,795.59,0.8549,949.79,850.70,0.8981,1079.54,850.13,0.9212
764,top,1,958.01,347.24,1072.69,503.26,1029.83,365.07,0.7737,1032.87,361.64,0.7621,1026.02,362.02,0.7526,1037.44,364.68,0.7935,1019.92,365.07,0.7979,1050.40,381.44,0.7286,1008.88,381.82,0.6692,1064.49,406.96,0.7051,994.78,398.20,0.6682,1067.16,434.39,0.6576,979.17,416.49,0.6993,1040.11,424.10,0.6130,1016.88,423.72,0.6003,1042.78,465.62,0.6291,1011.54,461.43,0.6308,1041.25,485.05,0.6390,1004.31,480.10,0.6065
764,bottom,0,927.55,630.15,1094.52,870.01,1033.29,650.53,0.8881,1032.71,647.02,0.5277,1035.05,647.60,0.5882,1020.99,652.29,0.6812,1040.90,653.46,0.7500,1000.50,673.95,0.8042,1051.44,686.25,0.8688,968.88,702.06,0.7843,1057.30,727.83,0.8686,941.94,727.24,0.8717,1038.56,735.44,0.5532,995.81,745.40,0.6487,1029.78,748.32,0.6805,965.95,792.83,0.8334,1056.13,795.76,0.8506,954.82,852.56,0.8843,1079.55,850.22,0.8912
765,top,1,961.05,351.56,1074.73,508.12,1027.06,368.30,0.7989,1030.50,364.86,0.7972,1023.24,364.86,0.7732,1035.85,367.53,0.7465,1017.51,367.92,0.7932,1049.23,384.35,0.7073,1006.42,384.35,0.6545,1063.76,410.73,0.6737,996.10,397.35,0.6707,1068.34,437.10,0.6064,982.34,415.70,0.6968,1040.06,426.40,0.6114,1016.36,424.49,0.6010,1043.50,471.12,0.6173,1012.15,460.42,0.6622,1041.20,483.73,0.6119,999.16,491.00,0.6409
765,bottom,0,926.45,627.24,1095.12,870.38,1029.19,647.30,0.8473,1028.00,643.15,0.5519,1031.56,643.74,0.5591,1017.32,647.89,0.7130,1036.31,649.68,0.7270,996.54,671.05,0.7843,1047.00,683.51,0.8643,966.86,698.95,0.7568,1051.75,725.66,0.8379,940.15,725.07,0.8550,1032.16,731.00,0.4980,994.76,744.65,0.6404,1028.00,746.44,0.6646,966.27,793.33,0.8277,1055.31,795.71,0.8364,952.02,852.10,0.8830,1079.65,850.32,0.8691
766,top,1,967.26,352.08,1074.58,516.77,1024.54,368.88,0.8246,1028.16,365.26,0.8350,1020.92,365.67,0.8089,1033.39,368.08,0.8139,1014.89,368.48,0.8181,1046.66,386.17,0.7136,1004.44,384.16,0.7199,1061.54,413.52,0.6893,996.40,398.64,0.6920,1068.37,440.05,0.5748,984.74,417.54,0.7193,1039.82,427.99,0.6199,1015.70,425.18,0.6396,1043.44,470.61,0.6013,1009.26,461.77,0.6933,1041.43,482.68,0.6590,998.00,499.16,0.7387
766,bottom,0,925.00,623.16,1095.30,870.27,1022.82,643.55,0.8324,1022.22,639.33,0.5728,1024.63,639.93,0.5155,1011.36,644.16,0.7499,1030.66,646.57,0.6927,990.85,668.29,0.7607,1042.73,679.75,0.8418,962.49,697.25,0.7593,1048.16,723.19,0.8229,937.76,725.00,0.8394,1027.04,731.63,0.5077,992.66,744.30,0.6383,1025.23,746.11,0.6563,964.30,794.38,0.8220,1053.59,796.19,0.8332,952.84,852.29,0.8751,1079.53,849.88,0.8584
767,top,1,976.36,353.18,1073.29,530.08,1022.23,369.07,0.8445,1025.69,365.62,0.8547,1018.35,365.62,0.8381,1030.87,368.64,0.8375,1012.73,368.64,0.8943,1044.26,387.21,0.7396,1002.80,385.49,0.7634,1058.51,414.85,0.7404,997.18,401.03,0.6913,1067.15,442.93,0.6535,987.68,421.76,0.7494,1039.08,430.83,0.6456,1014.89,428.67,0.6794,1042.53,471.86,0.6226,1007.98,461.07,0.6522,1041.67,483.52,0.6645,998.48,506.85,0.7252
767,bottom,0,922.38,619.44,1094.08,870.80,1017.44,640.18,0.8306,1018.05,635.89,0.5849,1018.05,636.50,0.5160,1005.78,640.80,0.7489,1024.80,643.25,0.7073,985.53,666.57,0.7710,1037.69,675.78,0.8403,959.14,696.03,0.7747,1044.44,721.19,0.8246,935.82,725.48,0.8480,1025.42,735.30,0.5473,989.82,742.67,0.6451,1022.96,743.89,0.6663,962.82,792.37,0.8250,1050.58,796.67,0.8310,952.39,852.51,0.8757,1078.19,850.06,0.8612
768,top,1,983.01,355.12,1072.99,534.54,1020.11,370.37,0.8592,1023.62,367.30,0.8597,1016.17,367.30,0.8807,1028.44,370.37,0.8380,1010.04,370.81,0.8927,1041.58,389.20,0.7569,1000.84,387.89,0.8139,1056.47,418.11,0.7485,997.34,406.29,0.7161,1066.11,446.59,0.6568,989.01,428.19,0.7591,1038.51,434.76,0.6664,1014.86,433.01,0.6868,1040.70,474.62,0.5861,1007.41,466.74,0.6817,1042.02,482.50,0.6581,999.97,514.04,0.7338
768,bottom,0,921.64,617.49,1093.62,871.84,1011.98,637.24,0.7911,1012.60,632.89,0.5489,1011.98,633.51,0.5404,1000.80,638.48,0.7378,1020.05,640.96,0.7408,981.55,665.18,0.7780,1033.71,673.25,0.8163,956.09,695.61,0.7820,1041.16,719.83,0.8138,934.36,726.04,0.8469,1025.64,735.97,0.5401,987.14,741.56,0.6484,1020.05,743.42,0.6620,961.68,793.10,0.8128,1047.99,794.34,0.8118,952.36,852.09,0.8735,1075.94,848.37,0.8461
769,top,1,985.73,358.12,1071.60,539.71,1018.46,374.43,0.9010,1021.57,370.88,0.8671,1014.47,371.33,0.9107,1026.00,373.54,0.8424,1008.27,374.43,0.8919,1038.86,392.61,0.7856,998.96,392.61,0.8215,1053.93,421.42,0.7575,996.74,412.56,0.6537,1064.57,449.35,0.6840,991.42,432.51,0.6249,1037.97,439.16,0.6856,1014.47,437.83,0.7025,1040.19,483.49,0.5941,1006.94,474.62,0.7002,1041.52,483.49,0.6052,1002.06,520.73,0.7856
769,bottom,0,921.27,614.42,1092.68,871.46,1007.60,635.00,0.7818,1008.23,630.61,0.5331,1006.98,631.24,0.5525,996.93,636.89,0.7428,1016.39,638.77,0.7660,978.11,663.24,0.7846,1030.82,671.40,0.8018,954.26,695.88,0.7816,1038.98,717.84,0.8064,933.55,726.00,0.8428,1025.80,737.92,0.5775,985.01,740.43,0.6542,1017.64,741.69,0.6515,960.54,793.15,0.8126,1045.26,791.26,0.7986,951.75,852.13,0.8812,1070.36,845.23,0.8564
770,top,1,985.82,362.85,1070.34,540.91,1017.65,377.97,0.9252,1020.69,374.50,0.8797,1013.73,374.93,0.9251,1025.04,377.54,0.8576,1006.78,378.41,0.9098,1038.08,396.67,0.8086,997.65,397.54,0.8342,1052.86,425.79,0.7908,995.91,420.58,0.7293,1063.73,455.79,0.7194,990.69,444.92,0.6542,1037.21,444.92,0.7156,1014.17,442.75,0.7289,1038.51,492.74,0.7459,1005.47,478.40,0.7298,1041.12,482.74,0.5791,1001.56,524.48,0.8100
770,bottom,0,921.58,611.75,1090.23,872.40,1004.00,632.62,0.7669,1004.63,628.16,0.5190,1004.00,628.16,0.5470,993.81,634.53,0.7283,1013.54,635.80,0.7618,974.72,661.89,0.7939,1027.54,668.26,0.7948,951.81,696.89,0.7829,1037.09,715.35,0.7925,934.63,726.80,0.8288,1026.90,738.89,0.5966,983.00,738.89,0.6635,1016.09,739.53,0.6504,960.09,792.35,0.8184,1041.54,785.98,0.7909,951.81,852.16,0.8769,1064.45,841.35,0.8343
771,top,1,985.29,365.00,1070.64,540.75,1018.10,379.93,0.9101,1021.53,376.50,0.8872,1014.23,376.50,0.9161,1025.82,379.93,0.8370,1007.80,379.93,0.9037,1039.12,399.67,0.7777,997.50,400.96,0.8025,1051.99,427.99,0.7717,994.07,423.70,0.7414,1063.58,457.60,0.7139,990.21,447.73,0.7089,1037.41,448.16,0.6810,1013.81,446.01,0.6964,1035.69,497.93,0.6774,1004.80,479.91,0.7031,1037.41,487.20,0.5692,1001.79,524.10,0.7972
771,bottom,0,922.35,608.79,1081.74,872.81,1001.40,630.57,0.7609,1001.40,626.06,0.5107,1000.76,626.06,0.5268,991.09,632.51,0.7424,1011.07,634.44,0.7662,972.40,660.87,0.7889,1025.90,666.67,0.7930,951.77,696.32,0.7708,1036.21,714.37,0.7725,935.01,729.20,0.8200,1026.54,740.80,0.6487,981.42,737.58,0.6545,1014.30,737.58,0.6430,960.79,792.37,0.8035,1039.43,783.34,0.7877,951.77,851.03,0.9013,1058.13,838.78,0.8308
772,top,1,984.53,366.30,1072.33,541.12,1021.60,381.15,0.8589,1024.59,377.74,0.8624,1017.33,377.74,0.8586,1028.86,381.15,0.7982,1010.50,381.15,0.8862,1041.23,400.78,0.7538,998.55,402.06,0.7771,1053.19,429.38,0.7403,991.73,424.68,0.7354,1064.28,457.97,0.7159,988.31,446.45,0.6997,1038.25,449.01,0.6526,1012.64,446.88,0.6632,1036.54,492.97,0.6111,1004.96,483.16,0.6909,1035.26,497.67,0.6299,1001.54,524.13,0.7848
772,bottom,0,925.12,607.85,1071.93,872.08,1000.46,629.01,0.7777,1001.11,625.14,0.5169,1000.46,625.14,0.5136,988.85,631.59,0.7604,1009.49,632.88,0.7879,970.79,659.98,0.7873,1024.98,665.14,0.8074,952.08,697.39,0.7987,1036.59,711.58,0.7751,936.60,730.94,0.8308,1029.49,739.32,0.6691,980.47,737.39,0.6548,1013.37,736.74,0.6397,961.76,792.22,0.8080,1036.59,781.25,0.7957,952.08,850.92,0.9057,1052.07,836.73,0.8513
773,top,1,983.14,365.53,1075.18,541.15,1025.30,380.88,0.8680,1028.73,377.88,0.8742,1021.44,377.45,0.8319,1032.59,381.31,0.7800,1013.72,380.88,0.8873,1044.59,401.46,0.7602,1000.86,401.04,0.7632,1055.31,429.76,0.7294,989.71,422.90,0.6979,1066.46,456.77,0.7011,986.71,439.20,0.5910,1038.59,448.63,0.6483,1012.86,447.77,0.6378,1038.16,490.22,0.6673,1004.29,485.93,0.7021,1035.16,506.94,0.6636,1002.57,524.52,0.7972
773,bottom,0,928.36,606.87,1057.37,870.38,999.94,627.98,0.7977,999.30,624.12,0.5721,1000.58,624.76,0.4974,988.36,629.91,0.7512,1008.30,631.84,0.7487,970.35,658.86,0.8009,1024.39,663.36,0.8401,954.26,696.81,0.8106,1037.25,709.68,0.7876,939.47,730.91,0.8417,1031.46,739.27,0.7114,981.28,736.06,0.6825,1012.81,734.77,0.6696,962.63,792.67,0.8311,1033.39,781.73,0.8165,952.33,851.21,0.9014,1044.97,835.77,0.8812
774,top,1,978.31,365.70,1081.01,544.32,1030.97,381.74,0.8236,1034.46,378.25,0.8209,1027.04,377.82,0.7992,1037.51,381.74,0.7468,1018.32,380.44,0.8043,1047.98,402.24,0.7401,1003.93,400.06,0.7443,1058.44,431.02,0.7266,989.97,420.56,0.6906,1071.09,458.06,0.6924,984.74,430.15,0.6802,1040.56,446.29,0.6369,1013.96,446.29,0.6175,1041.87,484.66,0.6349,1005.24,487.28,0.6735,1038.82,519.99,0.7384,1002.19,524.35,0.7543
774,bottom,0,929.99,607.04,1047.81,869.02,999.77,628.02,0.7772,997.85,624.18,0.5659,1001.05,624.18,0.4846,988.26,629.94,0.7418,1009.37,630.58,0.7210,970.99,658.08,0.7961,1024.72,662.56,0.8317,955.64,696.46,0.7955,1038.15,708.61,0.7644,941.57,732.91,0.7837,1033.67,736.75,0.7109,981.86,736.11,0.6585,1013.84,734.83,0.6680,963.32,792.39,0.8072,1029.19,783.44,0.7942,953.08,849.96,0.8807,1037.51,835.25,0.8539
775,top,1,973.94,365.78,1084.14,550.88,1034.92,383.32,0.7887,1038.08,379.70,0.8135,1030.85,379.25,0.8227,1041.24,383.32,0.7707,1022.72,381.06,0.8043,1051.18,403.20,0.7555,1006.90,400.49,0.7252,1061.13,431.22,0.7373,991.53,418.11,0.6899,1074.23,457.88,0.7158,981.14,428.51,0.6668,1042.60,446.58,0.6348,1015.48,446.58,0.6216,1044.86,487.71,0.6335,1006.45,490.42,0.6639,1043.50,530.18,0.7442,1002.38,522.95,0.7514
775,bottom,0,930.36,606.86,1047.58,868.27,999.82,627.79,0.7542,997.91,624.60,0.5594,1001.74,624.60,0.4714,988.33,630.35,0.7402,1010.03,630.99,0.7297,972.38,658.43,0.7889,1025.99,661.62,0.8302,957.70,697.36,0.7823,1039.39,707.57,0.7606,944.30,734.38,0.7730,1036.20,737.57,0.7319,983.87,736.29,0.6488,1015.78,735.65,0.6742,964.72,793.09,0.7993,1025.35,783.52,0.7795,952.59,849.89,0.8808,1034.92,834.57,0.8221
776,top,1,967.64,368.99,1087.78,560.03,1038.44,385.69,0.7646,1042.17,382.42,0.8121,1035.17,381.49,0.7674,1044.97,386.62,0.7034,1026.31,382.89,0.8192,1053.36,405.28,0.7772,1009.52,401.55,0.7156,1063.16,433.26,0.7380,993.20,416.47,0.6370,1077.15,458.92,0.7242,979.67,424.87,0.6435,1044.50,450.05,0.6310,1018.38,450.05,0.6305,1047.77,491.10,0.6662,1008.12,492.96,0.6898,1049.17,537.27,0.7187,1002.06,522.35,0.7598
776,bottom,0,930.14,606.19,1049.75,868.57,1000.19,626.56,0.7862,998.27,622.72,0.5960,1000.83,623.36,0.4999,989.30,628.48,0.7584,1010.44,629.13,0.7247,973.93,657.31,0.7977,1027.10,659.87,0.8345,959.84,695.74,0.7700,1040.55,704.71,0.7652,947.03,732.26,0.7728,1039.27,736.74,0.7404,986.10,734.82,0.6481,1018.13,734.18,0.6908,966.24,792.47,0.7947,1025.82,783.50,0.7872,952.79,850.12,0.8855,1035.42,835.38,0.8326
777,top,1,962.79,371.09,1090.82,564.67,1043.35,389.90,0.7603,1047.13,386.59,0.7685,1040.04,385.64,0.7424,1049.02,389.90,0.6682,1030.59,386.59,0.7707,1056.11,408.80,0.7771,1012.16,404.07,0.6827,1064.14,435.27,0.7333,993.72,418.25,0.6279,1078.79,459.84,0.7413,977.66,425.34,0.6445,1046.18,454.64,0.6400,1020.66,454.64,0.6324,1049.96,496.70,0.7013,1009.79,495.76,0.6667,1053.74,540.18,0.7297,1002.23,521.28,0.7462
777,bottom,0,929.70,603.45,1050.21,868.10,1000.29,624.00,0.7687,998.35,620.77,0.6023,1001.58,620.77,0.5017,989.95,626.58,0.7705,1010.63,626.58,0.7383,975.09,655.01,0.8059,1028.08,657.59,0.8307,960.88,693.78,0.7755,1041.00,702.18,0.7684,948.60,729.96,0.7734,1041.64,735.13,0.7459,988.66,732.54,0.6460,1020.32,732.54,0.7025,967.99,791.34,0.7941,1027.43,782.30,0.7845,953.13,849.49,0.8818,1035.83,834.63,0.8370
778,top,1,960.68,377.28,1091.43,571.05,1046.87,394.69,0.7616,1050.18,391.85,0.7894,1044.03,390.43,0.7405,1052.55,394.69,0.7297,1034.10,390.90,0.7838,1059.17,413.61,0.7978,1015.65,408.40,0.6913,1066.27,438.68,0.7427,994.83,421.18,0.6443,1078.57,459.50,0.7778,975.44,425.44,0.6558,1048.77,461.39,0.6441,1023.22,461.39,0.6362,1053.97,504.92,0.6893,1009.50,500.66,0.6477,1056.33,549.39,0.7380,1003.35,521.95,0.7194
778,bottom,0,930.58,601.66,1051.75,868.46,999.64,622.38,0.7407,998.33,618.47,0.5885,1002.24,618.47,0.5184,989.21,624.33,0.7462,1010.06,624.33,0.7505,974.88,652.99,0.8147,1027.64,654.95,0.8273,961.86,692.72,0.7915,1041.32,699.24,0.7795,950.13,727.25,0.7817,1043.28,734.41,0.7584,992.47,731.15,0.6495,1023.08,730.50,0.7102,970.98,790.43,0.8007,1026.99,780.01,0.7932,955.34,849.05,0.8732,1035.46,834.07,0.8622
779,top,1,960.53,381.41,1095.32,576.84,1052.26,399.92,0.8837,1054.64,396.58,0.8814,1048.44,395.63,0.8401,1056.07,399.44,0.6919,1037.47,396.58,0.8323,1061.32,419.01,0.8039,1018.86,414.71,0.6909,1067.05,440.00,0.7321,996.91,425.21,0.6354,1078.02,457.65,0.7514,974.96,427.59,0.6544,1051.30,468.63,0.6378,1026.01,468.63,0.6346,1057.03,509.18,0.6857,1011.70,505.84,0.6607,1057.98,557.38,0.7930,1005.50,523.50,0.7284
779,bottom,0,932.43,601.67,1052.15,868.36,998.15,621.72,0.7436,997.50,617.82,0.5745,1000.75,617.82,0.5308,988.38,623.68,0.7585,1009.22,623.68,0.7590,974.71,652.98,0.8074,1026.80,654.28,0.8177,961.69,692.04,0.7930,1041.12,697.90,0.7934,949.97,725.25,0.7793,1044.38,734.36,0.7771,995.55,729.81,0.6493,1024.85,729.16,0.7018,972.76,788.41,0.8129,1026.15,776.03,0.7979,961.69,849.61,0.8803,1035.26,832.03,0.8776
780,top,1,960.36,385.86,1096.97,577.58,1054.88,404.96,0.9758,1057.68,402.15,0.9313,1051.13,400.74,0.9446,1059.56,405.42,0.7474,1040.37,402.15,0.8945,1063.77,425.08,0.8252,1021.64,420.40,0.6948,1069.85,446.61,0.7266,999.64,429.30,0.6156,1083.43,460.19,0.6863,977.18,431.17,0.6563,1053.94,474.23,0.6456,1027.73,474.23,0.6379,1059.56,509.80,0.6845,1012.75,512.61,0.6390,1056.75,557.54,0.7990,1006.67,526.18,0.7446
780,bottom,0,941.92,602.47,1052.53,869.99,997.22,622.59,0.7475,995.92,618.67,0.5412,999.18,618.67,0.5444,987.43,625.20,0.7740,1008.33,624.55,0.7983,974.37,654.59,0.7988,1025.96,655.25,0.8094,961.30,693.78,0.8051,1040.33,697.70,0.8052,950.20,726.44,0.7799,1045.56,734.93,0.7709,997.88,730.36,0.6575,1026.62,729.05,0.6980,973.71,788.48,0.8226,1025.31,772.81,0.7887,969.79,851.18,0.8470,1036.41,826.36,0.8518
781,top,3,962.45,393.68,1100.39,578.28,1058.01,410.26,0.9446,1061.16,407.11,0.8964,1054.40,405.75,0.9221,1062.52,411.16,0.7199,1043.59,406.66,0.8573,1065.67,430.54,0.8050,1023.76,425.13,0.6742,1070.63,448.57,0.7268,1002.12,435.05,0.5817,1084.15,460.74,0.6983,979.14,436.40,0.6041,1055.30,476.06,0.6344,1029.62,476.51,0.6131,1059.81,511.67,0.6672,1014.74,517.98,0.6272,1056.21,558.54,0.7675,1008.88,526.99,0.6899
781,bottom,0,942.89,604.44,1052.48,874.23,996.37,625.39,0.7328,994.39,621.43,0.5393,998.34,621.43,0.5216,987.15,628.02,0.7519,1007.57,627.36,0.7895,974.63,658.32,0.7889,1026.01,658.32,0.7930,961.46,697.18,0.7887,1040.50,701.13,0.7895,949.60,729.46,0.7758,1045.77,738.68,0.7570,999.00,733.41,0.6504,1027.33,731.43,0.7011,973.97,790.71,0.8038,1025.35,770.29,0.7451,976.61,850.65,0.8195,1039.18,821.01,0.8068
782,top,3,966.83,397.70,1105.40,578.50,1059.57,413.68,0.9419,1062.73,410.97,0.9277,1055.96,409.62,0.8983,1064.53,415.03,0.7183,1046.04,410.97,0.8126,1065.89,434.88,0.7819,1026.64,427.21,0.6636,1072.20,451.57,0.7223,1004.99,437.13,0.6003,1087.54,462.84,0.6743,981.09,438.94,0.6308,1055.96,477.28,0.6239,1030.70,477.73,0.6142,1059.57,511.56,0.6722,1017.17,519.22,0.6511,1056.41,558.01,0.7447,1010.86,527.79,0.6816
782,bottom,0,943.09,608.31,1053.43,878.96,996.94,630.65,0.7599,995.62,626.68,0.5350,997.60,626.02,0.5056,987.03,633.95,0.7241,1007.51,633.29,0.7956,974.47,663.03,0.7955,1025.35,663.03,0.7929,961.26,702.01,0.7900,1041.21,705.98,0.7838,949.36,733.73,0.7790,1047.16,743.64,0.7449,1000.90,738.35,0.6541,1029.32,736.37,0.7123,973.81,795.18,0.7911,1026.01,772.05,0.7592,983.06,853.33,0.8188,1041.21,818.31,0.7994
783,top,3,966.24,401.02,1107.31,577.88,1060.65,415.98,0.9500,1063.87,413.22,0.9419,1056.98,411.84,0.8965,1065.70,417.81,0.7330,1046.87,413.68,0.8341,1066.62,437.56,0.7803,1028.51,428.37,0.6746,1073.51,455.01,0.7201,1006.47,438.48,0.6146,1088.66,466.49,0.7186,981.67,441.69,0.6631,1056.06,478.43,0.6402,1030.80,478.43,0.6230,1059.73,511.95,0.6780,1017.95,519.30,0.6329,1056.98,558.33,0.7562,1011.98,528.48,0.6794
783,bottom,0,943.22,617.49,1055.80,881.47,997.57,638.63,0.7857,997.57,634.76,0.5393,998.86,634.12,0.5182,987.91,641.85,0.7179,1007.89,641.21,0.7887,974.37,671.50,0.7971,1024.00,670.21,0.7894,960.84,708.88,0.7831,1041.40,713.39,0.7920,949.24,739.81,0.7923,1048.49,747.55,0.7549,1002.73,744.97,0.6644,1030.44,743.03,0.7171,974.37,801.68,0.7951,1027.87,774.61,0.7411,984.69,859.04,0.8080,1042.69,817.79,0.7740
784,top,1,967.11,402.71,1103.94,577.73,1060.91,417.62,0.9531,1064.03,414.94,0.8996,1057.35,413.61,0.9023,1066.26,419.40,0.7590,1047.10,414.94,0.8426,1067.59,439.44,0.7803,1029.29,428.31,0.6696,1073.83,457.70,0.7222,1007.91,437.66,0.5954,1088.97,469.29,0.7006,982.52,444.79,0.6186,1056.90,477.30,0.6547,1030.18,475.97,0.6185,1059.13,513.83,0.6805,1018.15,519.62,0.6418,1056.90,558.81,0.7520,1014.14,527.64,0.6655
784,bottom,0,942.98,626.50,1058.15,881.98,998.07,646.33,0.7733,998.07,642.59,0.5163,998.70,641.97,0.5072,988.72,649.45,0.7002,1008.68,648.83,0.7556,975.62,678.14,0.7946,1024.89,677.52,0.7690,961.27,716.19,0.7767,1042.98,718.06,0.7976,949.42,744.26,0.7909,1051.71,750.50,0.7557,1002.44,751.74,0.6561,1031.75,748.62,0.7177,974.37,807.25,0.7926,1030.51,777.32,0.6941,986.22,862.77,0.7721,1041.11,816.61,0.7306
785,top,1,975.71,402.25,1107.44,577.56,1060.02,418.29,0.8449,1063.02,415.29,0.8833,1056.58,414.00,0.8050,1065.16,419.15,0.7176,1047.15,415.72,0.7768,1068.16,439.73,0.7544,1030.00,427.30,0.6901,1075.02,460.75,0.6787,1011.56,437.16,0.6560,1089.60,476.61,0.6457,990.55,446.17,0.6369,1057.44,474.47,0.6428,1030.00,471.47,0.6320,1058.73,513.49,0.6629,1017.56,517.78,0.6487,1057.01,558.95,0.7378,1016.70,525.50,0.7108
785,bottom,0,943.76,631.36,1062.14,882.23,1001.11,650.83,0.7403,1001.11,646.55,0.5097,1002.33,646.55,0.5105,991.92,653.90,0.6894,1011.52,653.90,0.7399,977.84,682.07,0.7941,1026.83,682.07,0.7723,963.14,719.43,0.7792,1045.82,721.27,0.7925,950.89,744.54,0.7622,1056.23,751.28,0.7810,1002.95,757.40,0.6529,1032.35,753.12,0.7102,974.16,808.85,0.7870,1030.51,776.39,0.6391,985.19,862.75,0.7484,1037.25,814.98,0.7256
786,top,1,972.76,400.52,1094.91,577.71,1058.92,417.31,0.9385,1062.38,414.28,0.9005,1055.46,412.98,0.9171,1064.55,418.61,0.7734,1045.94,414.71,0.8798,1068.01,439.80,0.7739,1028.64,426.82,0.6943,1074.50,463.16,0.6569,1010.90,438.07,0.6811,1085.31,480.47,0.6681,987.98,452.78,0.6990,1056.76,473.54,0.6510,1029.51,469.65,0.6289,1058.49,513.78,0.6828,1016.10,515.07,0.6485,1056.76,558.76,0.7584,1018.26,523.72,0.7141
786,bottom,0,945.94,630.49,1068.72,882.22,1006.72,650.04,0.7245,1006.72,645.73,0.5085,1007.95,645.73,0.5216,996.89,653.11,0.7036,1016.55,653.11,0.7464,982.14,681.38,0.8005,1031.92,681.38,0.7968,966.77,717.64,0.7698,1050.97,719.48,0.7686,955.71,736.69,0.7223,1061.41,746.52,0.7764,1006.72,755.13,0.6561,1036.22,751.44,0.7090,977.83,807.37,0.7890,1031.92,773.56,0.6076,985.21,862.68,0.7783,1035.60,815.97,0.7306
787,top,1,990.65,399.63,1090.83,577.64,1056.82,416.06,0.8724,1060.30,413.01,0.9052,1053.78,411.71,0.8487,1062.47,416.93,0.7612,1045.52,413.45,0.8029,1067.69,437.79,0.7610,1028.57,424.75,0.7297,1073.34,461.69,0.6245,1013.36,437.79,0.7051,1082.46,484.29,0.6186,993.80,455.61,0.7242,1056.39,469.95,0.6466,1029.01,464.73,0.6334,1057.69,512.54,0.6734,1016.40,509.93,0.6264,1056.82,558.61,0.7413,1018.58,523.41,0.7828
787,bottom,0,953.38,625.88,1076.67,881.59,1013.78,644.48,0.7513,1014.40,640.11,0.5235,1015.03,640.11,0.5354,1004.41,646.98,0.6999,1022.52,646.98,0.7431,988.81,676.95,0.8050,1038.75,676.32,0.7961,973.20,711.28,0.7582,1056.85,713.16,0.7802,960.71,726.89,0.6831,1066.84,737.50,0.7719,1013.15,748.74,0.6648,1041.25,745.62,0.7249,988.81,803.68,0.7529,1035.63,771.84,0.6504,985.68,859.86,0.7943,1036.25,815.54,0.7346
788,top,1,997.56,396.07,1091.28,577.67,1055.50,413.72,0.8961,1058.61,411.06,0.8984,1052.40,409.73,0.8463,1061.27,415.05,0.7760,1044.42,411.50,0.8699,1067.03,436.77,0.7639,1027.57,423.03,0.7426,1072.79,463.37,0.6555,1016.49,436.77,0.7195,1079.00,489.53,0.6244,1000.97,456.72,0.6962,1055.50,468.70,0.6611,1028.46,463.37,0.6419,1057.28,513.03,0.7041,1016.04,505.05,0.6312,1057.28,558.25,0.7594,1018.70,523.23,0.7832
788,bottom,0,958.81,617.72,1080.53,878.87,1021.58,636.72,0.7707,1022.22,632.25,0.5461,1022.22,632.89,0.5663,1012.02,638.63,0.6931,1029.87,639.27,0.7638,997.36,669.23,0.7833,1046.45,668.60,0.8020,980.14,702.39,0.7336,1063.66,704.30,0.7726,967.39,713.87,0.6206,1073.87,730.44,0.7562,1020.31,741.92,0.6684,1048.36,739.37,0.7171,999.91,796.75,0.7301,1038.80,768.70,0.6947,987.15,852.22,0.7683,1037.52,817.15,0.7670
789,top,1,1000.23,395.79,1086.07,577.83,1053.82,411.70,0.8911,1057.37,409.04,0.9033,1051.15,407.70,0.8455,1059.59,412.59,0.7726,1042.70,409.48,0.8689,1065.82,435.26,0.7723,1026.26,421.93,0.7650,1071.15,464.59,0.6720,1017.82,438.37,0.6960,1076.04,495.26,0.5962,1005.82,459.26,0.6492,1054.26,467.26,0.6569,1027.59,461.92,0.6505,1056.48,512.15,0.6910,1016.48,501.03,0.5897,1057.37,557.92,0.7473,1017.37,525.03,0.7874
789,bottom,0,966.23,607.64,1089.68,873.20,1027.96,629.55,0.7422,1027.31,624.37,0.5197,1028.60,624.37,0.5557,1018.88,631.50,0.7021,1037.03,631.50,0.7689,1005.26,661.32,0.7789,1054.54,660.02,0.7812,987.76,695.04,0.7399,1070.75,695.68,0.7489,974.79,704.11,0.6276,1080.47,721.62,0.7046,1027.96,733.94,0.6607,1056.48,731.99,0.7053,1007.21,786.45,0.7390,1041.57,764.41,0.6798,996.83,841.56,0.7640,1037.03,816.28,0.7898
790,top,1,999.09,392.57,1077.74,577.48,1052.86,409.18,0.8758,1056.02,406.02,0.8938,1049.70,405.12,0.8668,1058.28,410.54,0.7848,1041.13,407.38,0.8450,1064.60,434.01,0.7621,1024.42,419.57,0.7611,1067.31,462.45,0.6291,1019.01,438.07,0.6384,1069.57,490.89,0.5042,1013.14,459.29,0.4866,1052.41,467.42,0.6283,1026.23,462.45,0.6277,1055.57,511.21,0.6901,1015.85,500.37,0.5850,1056.47,557.25,0.7341,1016.30,526.56,0.7762
790,bottom,0,970.94,600.44,1095.44,865.86,1034.49,620.40,0.7516,1035.14,615.86,0.5314,1034.49,615.86,0.5412,1026.06,622.99,0.6722,1042.91,622.99,0.7546,1012.45,653.44,0.7796,1061.70,650.85,0.7773,995.61,688.44,0.7341,1077.90,686.49,0.7551,980.70,696.86,0.6158,1087.62,712.41,0.7145,1035.78,726.02,0.6620,1064.30,724.73,0.7043,1010.51,776.57,0.7427,1043.56,762.31,0.7173,1011.16,831.65,0.7324,1038.38,814.80,0.7735
791,top,1,997.85,388.98,1074.77,577.41,1051.03,407.29,0.8608,1054.25,404.07,0.8593,1047.81,403.15,0.8369,1056.55,408.67,0.7334,1039.07,404.99,0.8347,1062.07,432.59,0.7720,1023.43,417.87,0.7567,1065.29,461.57,0.6379,1019.29,439.49,0.6021,1068.51,493.77,0.5526,1015.61,462.95,0.4960,1051.03,466.63,0.6288,1025.73,462.49,0.6352,1054.71,510.34,0.6666,1016.07,497.91,0.6178,1056.55,557.26,0.7418,1016.07,528.74,0.7666
791,bottom,0,974.54,592.08,1104.11,855.40,1040.61,613.17,0.7391,1041.25,608.67,0.5386,1040.61,608.67,0.5105,1032.90,615.74,0.6291,1048.97,615.10,0.7389,1020.04,645.95,0.7801,1068.90,642.74,0.7746,1003.32,680.67,0.7385,1086.26,680.03,0.7784,985.32,696.10,0.7148,1095.26,706.39,0.7473,1043.18,718.60,0.6696,1072.11,717.31,0.7111,1014.25,770.67,0.7349,1047.68,760.39,0.7194,1025.82,823.39,0.7298,1039.97,813.75,0.7692
792,top,1,997.66,388.50,1072.41,574.75,1048.68,405.23,0.8688,1051.86,402.05,0.8669,1045.49,401.14,0.8432,1054.13,406.14,0.7369,1036.85,402.96,0.8358,1060.04,431.15,0.7585,1021.39,416.14,0.7372,1062.77,458.43,0.6273,1019.12,437.06,0.5863,1065.50,487.08,0.5442,1017.30,457.52,0.4474,1049.13,466.16,0.6189,1024.12,462.52,0.6333,1053.22,508.45,0.6690,1015.48,498.90,0.6166,1056.86,556.65,0.7419,1016.85,530.28,0.7562
792,bottom,0,980.60,585.49,1111.83,844.65,1047.48,606.88,0.7625,1048.11,603.08,0.5160,1047.48,602.45,0.5025,1039.26,610.04,0.6386,1056.34,609.41,0.7360,1027.23,639.78,0.7744,1075.32,635.99,0.7665,1008.89,677.11,0.7337,1093.04,673.95,0.7745,991.17,694.83,0.7234,1101.89,699.89,0.7460,1050.65,713.18,0.6645,1080.38,711.91,0.7154,1021.54,761.89,0.7227,1053.18,756.83,0.7047,1039.89,813.14,0.7327,1044.95,807.45,0.6786
793,top,1,996.72,386.71,1069.44,572.17,1046.67,402.92,0.8540,1049.84,400.20,0.8367,1043.50,399.29,0.8322,1051.65,404.28,0.6820,1033.99,401.56,0.8219,1057.53,428.73,0.7630,1019.05,414.69,0.7459,1059.80,455.89,0.6270,1016.33,437.33,0.6078,1062.51,484.42,0.5922,1012.71,459.52,0.5045,1047.57,465.86,0.5941,1022.67,462.23,0.6273,1051.65,507.51,0.6600,1014.97,499.82,0.6349,1056.63,556.41,0.7486,1017.69,531.51,0.7870
793,bottom,0,983.41,580.43,1119.84,838.17,1054.77,602.33,0.7640,1056.03,599.18,0.4930,1054.77,598.55,0.5059,1046.59,605.47,0.6362,1062.95,605.47,0.7377,1034.01,635.68,0.7664,1081.83,631.27,0.7653,1015.76,670.92,0.7326,1100.71,669.66,0.7867,996.88,694.20,0.7554,1110.15,695.46,0.7627,1058.55,707.41,0.6586,1086.87,706.78,0.7170,1028.35,753.35,0.7257,1061.07,750.20,0.7437,1049.11,802.43,0.7577,1054.77,802.43,0.7241
794,top,1,996.13,385.45,1068.26,572.70,1043.62,401.36,0.8444,1046.82,398.62,0.8527,1040.42,397.70,0.8252,1048.65,402.73,0.7016,1031.28,399.53,0.8260,1055.97,426.05,0.7900,1015.74,413.70,0.7636,1058.25,453.48,0.6736,1012.54,435.19,0.6600,1061.45,480.91,0.6418,1009.34,458.05,0.5981,1046.37,465.36,0.6128,1021.22,462.62,0.6361,1050.48,507.42,0.6776,1014.36,501.02,0.6224,1055.97,555.88,0.7527,1018.48,532.56,0.7926
794,bottom,0,987.29,579.41,1129.67,828.05,1062.73,599.93,0.7660,1064.55,596.89,0.4961,1062.73,596.29,0.4746,1053.62,602.97,0.6078,1070.62,602.97,0.7106,1040.87,633.32,0.7709,1089.44,630.28,0.7812,1021.45,667.31,0.7399,1108.25,668.52,0.7656,1002.02,692.80,0.7647,1118.57,692.80,0.7615,1065.15,704.94,0.6442,1094.29,705.55,0.7175,1034.20,749.26,0.7573,1071.22,744.40,0.7308,1057.87,799.64,0.7569,1068.80,794.78,0.7120
795,top,1,996.30,383.94,1066.98,572.83,1039.94,400.45,0.7758,1043.17,397.68,0.8034,1036.71,396.76,0.7486,1045.93,401.37,0.7774,1027.95,398.14,0.7794,1054.69,424.43,0.7754,1012.73,412.44,0.7779,1056.54,452.10,0.6569,1009.50,436.88,0.6661,1059.77,478.38,0.6201,1006.74,460.40,0.6168,1045.47,464.09,0.6095,1020.11,461.32,0.6243,1049.62,506.97,0.6738,1012.73,499.60,0.6259,1056.08,556.78,0.7634,1018.26,532.34,0.7895
795,bottom,0,991.56,578.55,1138.60,826.65,1071.14,600.24,0.7485,1072.96,596.60,0.4887,1071.14,596.00,0.4520,1061.45,602.66,0.6201,1079.62,603.27,0.7000,1048.12,632.34,0.7656,1096.58,629.92,0.7803,1027.53,665.65,0.7288,1115.36,667.47,0.7428,1006.94,691.09,0.7690,1127.47,690.49,0.7592,1072.35,704.42,0.6318,1101.43,703.81,0.7086,1041.46,749.24,0.7600,1084.47,738.34,0.7117,1065.08,800.12,0.7601,1082.04,783.77,0.7172
796,top,1,996.19,383.35,1066.17,575.55,1038.22,398.74,0.7576,1041.97,395.93,0.7826,1034.93,394.99,0.7525,1043.85,399.21,0.7227,1025.55,396.39,0.7714,1052.76,421.26,0.7592,1010.06,411.41,0.7718,1056.52,449.42,0.6524,1005.37,436.28,0.6596,1059.80,476.64,0.6323,1004.43,460.21,0.6053,1043.85,461.62,0.6016,1018.51,460.21,0.6125,1048.54,506.20,0.6789,1011.00,499.63,0.6330,1055.58,554.53,0.7310,1017.10,532.01,0.7593
796,bottom,0,994.45,579.08,1150.60,827.99,1079.82,600.23,0.7572,1081.03,597.19,0.5108,1080.42,596.58,0.4797,1070.09,602.66,0.6408,1088.32,603.27,0.7086,1056.12,631.83,0.7788,1104.12,631.22,0.7933,1034.24,662.21,0.7443,1122.96,666.47,0.7608,1011.76,690.17,0.7932,1136.94,688.95,0.8209,1077.39,701.71,0.6569,1107.16,699.89,0.7065,1050.65,752.76,0.7666,1098.05,730.88,0.7060,1068.88,803.80,0.7563,1098.05,777.06,0.7175
797,top,1,995.24,380.72,1065.79,575.85,1036.23,397.78,0.7627,1039.56,394.92,0.7768,1032.42,394.44,0.7651,1041.47,398.25,0.7308,1023.37,395.87,0.7840,1051.00,418.26,0.7638,1007.17,411.12,0.7813,1056.24,445.42,0.6636,1002.40,436.36,0.6739,1060.05,472.57,0.6473,1000.98,458.28,0.6172,1042.42,460.66,0.6245,1018.13,460.18,0.6300,1047.66,504.96,0.6985,1010.50,498.77,0.6382,1053.85,552.60,0.7290,1017.17,532.12,0.7697
797,bottom,0,998.98,579.38,1161.34,827.92,1090.47,600.50,0.7495,1090.47,596.25,0.5322,1091.69,596.85,0.4886,1080.77,602.32,0.6431,1098.36,602.92,0.7080,1064.38,630.23,0.7868,1113.53,632.05,0.8069,1040.72,660.57,0.7170,1134.77,666.64,0.7500,1017.66,686.66,0.7531,1147.51,684.84,0.7688,1081.37,701.83,0.6645,1111.71,698.80,0.6835,1057.10,754.01,0.7443,1112.93,722.46,0.5971,1069.84,803.77,0.7472,1115.96,770.40,0.6690
798,top,1,993.14,381.17,1066.97,572.59,1034.73,396.96,0.7694,1038.00,394.16,0.7761,1030.99,393.22,0.7740,1040.34,397.43,0.7401,1021.64,395.09,0.7893,1050.15,417.53,0.7471,1005.75,410.05,0.7876,1057.16,444.16,0.6769,1000.61,434.35,0.7067,1062.77,471.27,0.6673,997.34,459.58,0.6930,1042.21,459.58,0.6142,1017.44,459.12,0.6239,1046.88,502.11,0.7104,1010.89,498.84,0.6311,1050.62,548.84,0.7363,1017.44,532.49,0.7747
798,bottom,0,1002.76,576.82,1172.37,826.40,1102.79,599.25,0.7349,1100.97,594.98,0.5205,1107.06,594.98,0.5398,1091.83,601.07,0.6710,1110.71,601.68,0.7336,1073.55,627.27,0.7985,1123.51,631.54,0.8282,1049.17,656.52,0.7236,1144.23,664.44,0.7505,1024.80,682.11,0.7531,1160.07,681.50,0.7627,1088.78,699.17,0.6815,1119.85,695.52,0.6940,1063.80,751.57,0.7623,1129.60,715.02,0.6112,1071.11,803.97,0.7663,1136.31,758.28,0.6797
799,top,1,990.82,381.23,1069.95,557.43,1034.26,396.20,0.8013,1037.27,393.19,0.7827,1030.81,392.76,0.7618,1039.42,396.20,0.7619,1021.35,394.05,0.8127,1048.88,416.42,0.7760,1005.86,409.10,0.8174,1058.35,443.09,0.7070,999.84,432.33,0.7346,1064.80,468.90,0.6949,995.97,458.57,0.7137,1042.00,458.57,0.6295,1017.48,459.00,0.6342,1045.44,500.30,0.7286,1013.18,499.01,0.6367,1046.30,547.62,0.7812,1017.48,533.42,0.7866
799,bottom,0,1005.22,574.23,1184.00,825.11,1116.66,596.15,0.7233,1114.82,591.87,0.4930,1119.11,592.48,0.5580,1104.41,597.99,0.6576,1122.17,597.99,0.7385,1085.42,623.10,0.8006,1133.81,629.84,0.8394,1059.09,652.50,0.7113,1155.25,662.92,0.7494,1030.91,679.45,0.7633,1172.40,678.23,0.7295,1097.67,694.15,0.6834,1127.69,691.09,0.6996,1072.56,747.44,0.7375,1143.00,711.92,0.5943,1070.72,798.28,0.7791,1152.80,743.15,0.6458
800,top,1,988.21,380.25,1073.31,569.28,1033.53,394.92,0.8085,1036.30,392.15,0.7871,1029.84,391.69,0.7883,1039.07,395.38,0.7602,1021.07,393.54,0.8335,1048.30,416.15,0.7488,1005.38,408.31,0.8045,1059.37,441.07,0.7025,999.38,431.38,0.7369,1067.22,466.92,0.6937,994.30,456.30,0.7641,1041.37,458.15,0.6051,1017.38,458.15,0.6163,1042.30,500.61,0.7175,1014.15,496.45,0.6381,1045.07,547.68,0.7648,1017.38,532.91,0.7726
800,bottom,0,1016.32,573.05,1197.40,824.43,1130.80,594.40,0.7154,1128.34,590.11,0.4777,1133.25,590.72,0.5775,1117.29,596.24,0.6516,1134.48,596.86,0.7476,1097.04,620.79,0.8097,1146.75,630.61,0.8397,1070.04,650.25,0.7235,1166.39,660.69,0.7502,1041.19,676.03,0.7459,1184.80,676.03,0.7248,1105.63,692.60,0.6974,1135.70,690.76,0.7049,1081.70,745.38,0.7161,1152.89,711.01,0.6020,1071.88,790.18,0.7423,1169.46,734.33,0.6880
801,top,1,988.46,379.28,1076.82,568.26,1032.64,395.34,0.8228,1035.87,392.11,0.8025,1028.95,391.65,0.7881,1038.64,395.34,0.7135,1020.65,393.03,0.8401,1047.41,415.18,0.7331,1005.42,406.87,0.8172,1059.86,438.25,0.7090,999.89,428.10,0.7341,1069.09,463.16,0.7082,993.89,452.55,0.7765,1040.95,457.16,0.6104,1016.96,456.24,0.6258,1040.49,500.53,0.7313,1013.73,494.99,0.6370,1044.64,547.13,0.7743,1016.96,531.44,0.7730
801,bottom,0,1031.06,573.77,1216.09,818.72,1144.65,595.66,0.7072,1142.85,590.84,0.4925,1147.67,591.44,0.5671,1129.60,596.26,0.6615,1147.67,598.06,0.7107,1109.12,620.35,0.8000,1157.91,630.59,0.8264,1080.81,650.47,0.7576,1178.38,659.50,0.7602,1051.29,676.37,0.7831,1196.45,672.75,0.7401,1115.14,694.44,0.6981,1144.05,693.23,0.6909,1091.05,745.03,0.7469,1163.93,714.31,0.6590,1076.59,785.39,0.7953,1183.20,737.20,0.7515
802,top,1,986.17,379.45,1077.72,568.26,1031.48,395.03,0.8331,1034.71,392.27,0.8281,1027.79,391.35,0.8040,1037.47,395.49,0.7469,1019.50,393.19,0.8722,1046.23,414.39,0.7330,1005.67,405.17,0.8264,1060.06,436.06,0.7114,1000.14,425.46,0.7292,1070.66,460.49,0.7076,994.15,450.81,0.7833,1040.70,456.80,0.6145,1018.12,455.42,0.6363,1038.40,498.29,0.7355,1013.97,492.75,0.6521,1044.39,546.22,0.7766,1015.81,530.55,0.7735
802,bottom,0,1044.73,577.54,1229.19,811.06,1156.77,600.03,0.7276,1154.37,594.62,0.4720,1159.77,595.82,0.5464,1141.76,600.63,0.6748,1158.57,602.43,0.6928,1121.94,622.84,0.7830,1167.58,631.85,0.8022,1092.52,651.67,0.7667,1191.00,658.27,0.7364,1060.70,675.68,0.8146,1212.01,670.28,0.7044,1124.95,696.10,0.6944,1154.37,695.50,0.6748,1098.53,743.54,0.7501,1172.98,715.31,0.5948,1082.91,785.57,0.7688,1190.40,735.73,0.6780
803,top,1,987.15,378.82,1079.17,569.55,1030.36,395.03,0.8413,1033.62,391.77,0.8621,1027.10,391.30,0.8132,1036.42,394.56,0.7356,1018.72,392.23,0.8725,1045.73,413.65,0.7086,1005.22,404.80,0.8194,1060.17,433.21,0.7230,1000.10,423.43,0.7107,1071.34,457.89,0.7627,994.04,448.58,0.7552,1040.61,456.49,0.6307,1018.26,454.63,0.6499,1039.21,498.87,0.7392,1013.13,490.49,0.6654,1044.33,545.90,0.7913,1014.53,528.20,0.7805
803,bottom,0,1055.65,583.53,1237.73,805.13,1165.66,604.83,0.7660,1162.69,600.09,0.5176,1169.80,601.28,0.5812,1153.80,606.02,0.7195,1170.40,608.39,0.7175,1133.65,627.36,0.8132,1179.29,636.25,0.8384,1105.20,652.25,0.7525,1201.22,655.21,0.7366,1074.38,673.59,0.7989,1224.33,663.51,0.6640,1133.65,696.70,0.7277,1161.51,697.29,0.7007,1106.39,745.89,0.7729,1182.25,703.81,0.6824,1089.79,785.01,0.7955,1198.25,738.19,0.7723
804,top,1,986.41,378.70,1080.62,568.70,1028.41,395.31,0.8200,1031.66,392.06,0.8444,1025.17,391.60,0.8189,1034.44,394.85,0.7350,1017.28,392.53,0.8551,1044.65,413.40,0.7096,1003.83,404.59,0.8236,1059.95,431.49,0.7357,999.65,424.07,0.7407,1072.01,456.07,0.7756,994.09,450.04,0.7710,1041.40,454.68,0.6230,1018.67,452.36,0.6554,1040.01,497.82,0.7391,1011.25,488.54,0.6673,1045.11,545.60,0.7858,1013.11,525.19,0.7742
804,bottom,0,1063.52,589.61,1238.32,799.34,1174.82,611.40,0.8269,1173.68,606.85,0.5116,1177.67,608.55,0.6134,1162.87,612.54,0.6937,1179.94,614.81,0.7604,1145.23,630.74,0.7812,1187.34,642.12,0.8241,1117.35,653.50,0.6767,1207.25,653.50,0.5966,1084.92,673.42,0.7457,1230.01,652.37,0.5224,1144.09,696.18,0.6817,1170.84,697.89,0.6607,1113.37,747.39,0.7337,1189.05,698.46,0.5936,1095.73,781.53,0.7478,1196.44,736.58,0.7745
805,top,1,985.10,378.80,1081.07,567.62,1027.09,395.30,0.8200,1029.86,392.53,0.8325,1023.40,391.61,0.8272,1032.62,394.84,0.7354,1015.57,392.99,0.8453,1043.69,413.74,0.7147,1002.66,405.44,0.8433,1059.82,432.18,0.7489,998.51,427.11,0.7490,1072.73,456.61,0.7844,992.98,453.85,0.7752,1041.84,453.39,0.6392,1019.26,451.54,0.6699,1040.46,496.72,0.7447,1010.04,488.42,0.6783,1046.45,545.13,0.7804,1010.96,523.46,0.7699
805,bottom,0,1066.18,594.93,1237.06,801.20,1185.55,616.29,0.8523,1186.10,611.84,0.4908,1186.66,614.07,0.6229,1173.31,617.41,0.6874,1188.33,620.19,0.7339,1153.84,632.98,0.7523,1194.45,645.78,0.8010,1125.47,653.56,0.6394,1213.92,657.46,0.7149,1094.32,672.48,0.7376,1225.04,646.89,0.7346,1149.95,698.62,0.6467,1176.65,700.29,0.6419,1119.35,749.80,0.6765,1193.34,697.51,0.6115,1101.00,778.17,0.7021,1195.56,736.45,0.7720
806,top,1,981.90,381.12,1083.14,567.56,1025.69,396.96,0.8011,1028.42,394.23,0.8130,1021.59,393.32,0.8109,1031.15,396.51,0.7142,1013.85,395.14,0.8378,1042.99,415.17,0.7146,1001.11,408.34,0.8420,1060.28,435.20,0.7405,997.47,430.64,0.7408,1073.94,460.23,0.7499,992.01,458.86,0.7313,1042.53,452.49,0.6346,1019.32,450.67,0.6690,1040.25,496.19,0.7399,1008.39,487.54,0.6770,1047.99,544.44,0.7624,1007.94,523.50,0.7504
806,bottom,0,1079.19,598.13,1226.32,791.39,1190.11,618.13,0.8703,1191.07,614.78,0.4968,1192.03,614.78,0.5325,1179.57,618.13,0.7034,1195.38,622.44,0.7088,1158.50,633.94,0.7321,1199.21,648.30,0.7918,1132.16,652.61,0.6537,1216.45,664.11,0.7755,1101.99,671.77,0.7515,1222.68,644.95,0.6535,1152.76,697.63,0.6280,1179.10,700.51,0.6230,1124.50,749.36,0.6868,1195.86,696.20,0.6524,1105.82,773.78,0.6717,1195.38,737.38,0.7561
807,top,1,978.11,382.05,1083.48,565.35,1023.19,398.97,0.7948,1025.87,395.83,0.7941,1019.16,394.94,0.7752,1028.56,398.97,0.7268,1011.11,397.62,0.8040,1041.09,417.31,0.6965,999.47,412.84,0.8336,1059.44,437.45,0.7255,995.44,437.90,0.7054,1075.55,462.96,0.7220,989.63,467.43,0.7292,1043.33,454.46,0.6525,1020.95,453.56,0.6554,1037.96,496.07,0.7544,1005.29,487.57,0.7064,1050.49,543.96,0.7646,1003.50,523.82,0.7512
807,bottom,0,1078.14,595.91,1222.71,795.12,1191.77,616.24,0.8522,1192.25,613.32,0.5185,1194.20,613.32,0.5575,1181.55,615.27,0.7095,1197.12,620.62,0.7384,1160.15,631.32,0.7204,1201.49,648.34,0.7762,1133.89,650.28,0.6653,1216.57,671.20,0.7776,1105.68,670.23,0.7036,1214.62,654.66,0.5756,1154.32,692.60,0.6107,1181.07,694.54,0.6101,1127.57,747.56,0.6366,1197.60,692.11,0.6146,1109.57,771.87,0.6306,1196.63,736.37,0.7519
808,top,1,976.12,387.04,1086.96,566.52,1020.15,402.73,0.7816,1023.22,399.23,0.7729,1016.64,398.79,0.7848,1026.28,402.29,0.7665,1008.76,401.85,0.7997,1039.87,420.70,0.6932,998.24,418.51,0.8035,1060.02,440.85,0.6878,992.54,445.23,0.6944,1077.11,463.64,0.7312,987.29,473.72,0.6815,1043.81,457.94,0.6462,1021.90,456.63,0.6378,1036.36,500.44,0.7399,1001.31,489.49,0.6941,1050.38,546.45,0.7544,999.55,525.86,0.7355
808,bottom,0,1083.73,590.00,1220.95,791.53,1191.70,610.07,0.8627,1193.17,606.63,0.5172,1194.16,607.12,0.5657,1181.37,609.09,0.7003,1198.09,614.01,0.7302,1160.21,626.80,0.7296,1201.54,643.04,0.7872,1132.66,647.47,0.6864,1212.36,678.46,0.6682,1106.58,667.64,0.7337,1209.90,682.40,0.4062,1153.81,686.83,0.6239,1181.86,688.30,0.6375,1130.20,743.41,0.6775,1196.62,692.24,0.6112,1112.97,770.47,0.6620,1196.13,737.01,0.7382
809,top,1,976.80,389.55,1090.39,567.04,1018.00,405.49,0.8436,1020.60,401.59,0.8177,1013.66,402.03,0.8093,1024.06,404.63,0.7401,1005.86,405.49,0.8293,1037.50,422.83,0.6818,996.76,423.69,0.7839,1059.60,441.03,0.6790,990.26,450.13,0.7136,1080.40,459.23,0.7192,985.50,478.29,0.6265,1044.00,463.56,0.6445,1022.33,462.69,0.6348,1032.73,500.82,0.7301,995.03,489.13,0.7318,1050.50,547.62,0.7521,998.50,524.66,0.7244
809,bottom,0,1086.70,582.66,1220.16,789.21,1188.73,602.23,0.8596,1191.25,599.20,0.4922,1188.73,599.70,0.5772,1179.65,602.73,0.6531,1195.29,606.26,0.6897,1158.47,620.38,0.7186,1200.83,636.52,0.7672,1131.75,641.56,0.6752,1209.91,674.84,0.5819,1106.03,663.24,0.7177,1210.92,690.47,0.4009,1152.42,679.38,0.6239,1180.66,680.89,0.6324,1129.73,735.86,0.6635,1194.78,693.50,0.5044,1115.10,766.62,0.7073,1196.29,736.36,0.7415
810,top,1,975.94,389.82,1092.95,566.77,1014.14,406.15,0.8258,1017.16,402.70,0.8149,1010.25,403.13,0.8100,1021.05,406.15,0.8082,1003.34,406.58,0.8309,1034.01,423.43,0.6611,995.13,426.02,0.7910,1059.07,437.25,0.6733,989.52,451.94,0.7140,1082.82,453.67,0.6917,984.33,479.59,0.6694,1042.65,465.33,0.6375,1021.05,463.61,0.6424,1031.42,501.62,0.7137,989.95,487.80,0.7351,1050.43,548.28,0.7551,996.43,521.49,0.7505
810,bottom,0,1084.24,575.04,1219.34,794.32,1185.52,593.67,0.9100,1187.13,590.99,0.5319,1185.52,590.99,0.6171,1176.95,594.20,0.6885,1192.48,596.88,0.7044,1156.07,612.94,0.7523,1198.37,630.61,0.7970,1129.84,633.28,0.6663,1206.93,672.90,0.6469,1104.14,657.38,0.7230,1210.15,699.67,0.5254,1149.11,671.29,0.6529,1176.95,672.37,0.6482,1126.09,729.11,0.7119,1191.94,693.24,0.5101,1111.64,764.98,0.7506,1195.16,736.61,0.7611
811,top,3,976.38,390.00,1079.46,567.53,1011.45,405.51,0.7754,1014.05,401.61,0.7557,1007.11,402.48,0.7694,1017.95,405.08,0.7334,999.75,406.38,0.8094,1032.25,420.68,0.6566,992.38,426.32,0.7795,1057.39,431.09,0.6306,989.34,451.46,0.7070,1082.96,442.79,0.6953,984.58,477.03,0.6673,1042.22,462.73,0.6420,1019.25,461.43,0.6288,1035.29,500.87,0.7124,989.34,487.00,0.7237,1050.89,547.68,0.7566,991.08,520.37,0.7212
811,bottom,0,1081.10,567.14,1218.41,798.66,1183.66,586.81,0.9341,1184.23,584.55,0.5503,1183.66,583.98,0.6052,1174.06,587.37,0.7220,1190.45,590.20,0.7146,1153.14,606.03,0.7907,1196.10,625.81,0.8168,1128.27,626.94,0.6997,1204.58,669.90,0.7264,1102.27,651.24,0.7563,1206.27,699.29,0.7004,1144.66,665.38,0.6504,1172.36,668.20,0.6531,1120.92,723.03,0.7468,1185.93,696.46,0.5821,1107.92,763.16,0.8039,1194.97,736.59,0.7834
812,top,1,974.46,387.10,1091.49,566.93,1009.71,402.82,0.7761,1012.34,399.30,0.7709,1004.88,400.18,0.7282,1016.29,401.50,0.7832,998.29,403.26,0.7965,1030.34,415.11,0.6583,990.39,424.33,0.7769,1055.81,423.45,0.5613,988.63,451.11,0.6719,1081.27,432.67,0.6580,987.75,476.14,0.5986,1041.32,458.14,0.6489,1016.29,458.57,0.6557,1044.39,498.97,0.6661,989.07,489.31,0.6790,1050.10,545.51,0.7317,986.44,525.31,0.7410
812,bottom,0,1081.51,560.78,1215.96,799.93,1180.26,579.93,0.9798,1182.01,578.18,0.5691,1180.85,578.18,0.6083,1169.75,581.68,0.7535,1187.27,584.01,0.7949,1148.15,599.78,0.8196,1192.52,619.63,0.8173,1123.04,622.55,0.7311,1200.70,664.59,0.7514,1100.86,647.07,0.7935,1203.62,696.70,0.7460,1139.39,661.67,0.6599,1167.42,665.17,0.6645,1114.87,717.72,0.7600,1181.43,699.62,0.6682,1103.19,761.51,0.8028,1193.11,736.99,0.7913
813,top,1,974.88,382.39,1092.64,561.24,1008.00,398.89,0.7896,1010.62,394.97,0.7668,1003.20,396.28,0.7537,1014.98,398.02,0.7735,996.65,400.20,0.8356,1029.39,410.68,0.6453,988.35,422.91,0.7911,1052.54,415.92,0.5943,988.79,449.55,0.6727,1075.68,422.04,0.6161,989.66,476.18,0.5879,1039.87,454.35,0.6552,1013.67,456.53,0.6684,1047.30,494.52,0.6720,990.53,492.77,0.6745,1052.97,539.93,0.7040,987.91,528.14,0.7747
813,bottom,0,1077.88,555.37,1211.58,800.08,1176.40,574.37,0.9969,1178.19,572.58,0.5463,1177.59,572.58,0.5985,1166.24,576.16,0.7574,1183.57,578.55,0.7962,1143.54,596.47,0.8349,1188.94,614.40,0.8294,1120.24,619.18,0.7384,1196.71,658.61,0.7897,1098.73,645.46,0.8213,1199.10,692.66,0.7805,1134.58,658.61,0.6787,1163.25,662.19,0.6972,1110.68,715.36,0.7767,1175.80,698.64,0.7017,1098.13,761.96,0.8181,1190.14,738.07,0.7857
814,top,1,975.33,376.96,1094.90,553.85,1006.61,395.87,0.7859,1009.21,391.55,0.7554,1002.30,392.42,0.7342,1014.39,393.71,0.7731,997.11,396.73,0.8164,1029.07,404.51,0.6857,988.91,420.49,0.7947,1053.69,409.26,0.6090,991.07,445.97,0.6433,1076.58,414.87,0.6268,993.66,469.72,0.5673,1038.57,450.72,0.6644,1011.37,454.61,0.7177,1047.21,491.31,0.7015,991.93,490.02,0.7330,1055.85,535.37,0.7611,988.48,529.75,0.7868
814,bottom,0,1070.24,552.62,1201.85,795.78,1172.26,571.50,0.9517,1173.44,569.13,0.5542,1173.44,569.13,0.5673,1162.76,572.69,0.7207,1180.57,575.66,0.7318,1139.61,594.06,0.7894,1185.91,612.46,0.8533,1116.45,618.99,0.7107,1192.44,655.20,0.7611,1096.86,646.30,0.8005,1195.41,690.23,0.7625,1128.92,657.58,0.6404,1159.20,659.95,0.6444,1107.55,715.76,0.7840,1173.44,694.98,0.6747,1092.11,760.87,0.8249,1180.57,740.69,0.7648
815,top,1,974.66,369.41,1096.80,553.48,1008.77,389.09,0.7905,1011.47,384.60,0.7466,1003.83,385.95,0.7286,1016.86,386.85,0.7670,998.88,390.44,0.7809,1032.14,396.73,0.7131,991.69,414.71,0.7986,1054.61,401.23,0.6080,994.84,442.12,0.7063,1074.38,407.52,0.5711,997.09,467.28,0.6325,1038.88,444.37,0.6638,1010.12,448.41,0.7232,1046.97,487.51,0.7127,993.04,485.71,0.7485,1057.30,533.79,0.7746,988.10,528.40,0.8014
815,bottom,0,1066.97,552.35,1197.39,795.93,1167.86,570.67,0.9020,1169.05,568.29,0.5466,1169.05,568.29,0.5552,1157.15,571.86,0.6855,1175.59,574.24,0.7323,1133.96,595.05,0.7658,1182.72,609.92,0.8329,1111.96,623.00,0.7125,1188.67,653.33,0.7373,1095.90,647.98,0.7660,1191.05,689.01,0.7668,1125.64,660.46,0.6270,1155.96,661.65,0.5971,1106.01,717.55,0.7548,1170.24,691.98,0.6452,1085.79,762.75,0.8186,1170.24,743.12,0.7944
816,top,3,973.83,362.79,1148.01,549.02,1012.16,381.06,0.7859,1014.42,376.52,0.7616,1008.19,377.65,0.7606,1020.09,378.79,0.7801,1003.08,382.76,0.7913,1034.27,388.43,0.7324,995.71,408.84,0.8061,1054.12,395.23,0.5280,998.55,436.62,0.6930,1072.26,402.60,0.5636,1001.95,457.60,0.5845,1039.94,437.76,0.6981,1011.02,441.73,0.7620,1047.31,481.42,0.7512,996.28,484.25,0.7457,1055.25,527.91,0.7577,988.34,525.65,0.8036
816,bottom,0,1060.08,551.94,1194.54,798.21,1162.78,571.66,0.9171,1163.38,569.25,0.5700,1164.59,569.25,0.5791,1151.96,572.86,0.7444,1171.20,575.27,0.7878,1130.31,596.31,0.8029,1179.01,611.94,0.8622,1108.07,626.97,0.7102,1183.82,655.23,0.7463,1093.64,651.62,0.7640,1187.43,690.10,0.7820,1123.70,664.85,0.6710,1154.36,665.45,0.6438,1103.26,721.37,0.7530,1166.99,694.91,0.6819,1080.41,766.46,0.7861,1161.58,745.42,0.7834
817,top,3,974.88,355.09,1146.96,544.75,1014.42,372.06,0.7752,1017.22,367.57,0.7623,1010.50,368.14,0.7621,1024.51,371.50,0.7969,1006.58,373.74,0.7751,1037.95,380.46,0.7447,999.30,400.62,0.7999,1054.75,390.54,0.5265,1003.22,426.95,0.6793,1072.12,398.38,0.5114,1013.30,445.44,0.5135,1042.43,429.75,0.6965,1016.10,434.23,0.7476,1048.59,473.45,0.7557,1002.66,479.61,0.7604,1052.51,518.82,0.7457,989.22,523.30,0.8015
817,bottom,0,1057.98,553.98,1191.95,800.10,1155.61,574.29,0.9179,1155.61,571.89,0.5646,1156.21,571.89,0.5758,1145.40,576.09,0.7404,1165.22,577.30,0.8077,1125.57,599.53,0.8199,1174.24,612.15,0.8767,1102.73,633.18,0.7358,1179.04,657.21,0.7724,1090.72,656.01,0.7410,1184.45,692.06,0.7734,1120.16,669.23,0.6810,1150.20,669.83,0.6659,1097.93,725.11,0.7823,1164.62,699.87,0.7021,1078.70,770.17,0.8392,1160.42,750.34,0.8269
818,top,1,981.83,350.90,1094.57,543.08,1018.96,364.88,0.7102,1022.71,362.54,0.7038,1015.21,363.01,0.7320,1027.88,364.88,0.7767,1010.05,369.11,0.8332,1041.01,375.67,0.7688,1003.01,394.44,0.7857,1054.15,386.93,0.5526,1005.82,420.25,0.7224,1071.51,394.91,0.5447,1017.55,436.67,0.6379,1044.30,428.22,0.6430,1017.08,431.51,0.6895,1051.34,473.27,0.7224,1006.29,476.55,0.7501,1049.93,512.68,0.7462,993.62,518.78,0.7579
818,bottom,0,1057.93,556.34,1189.21,799.47,1149.69,576.40,0.9301,1148.50,574.03,0.5930,1149.09,574.62,0.6230,1139.00,579.37,0.7440,1159.78,579.97,0.8031,1121.19,601.93,0.8191,1169.87,614.39,0.8610,1098.04,637.54,0.7450,1175.80,659.51,0.7707,1089.14,660.10,0.7020,1181.14,695.12,0.7946,1116.44,671.38,0.6674,1147.31,673.16,0.6641,1092.11,726.58,0.8124,1162.74,700.46,0.6976,1081.42,774.07,0.8812,1159.78,751.51,0.8109
819,top,1,990.51,346.19,1094.79,535.40,1022.33,360.42,0.7213,1025.10,357.18,0.7073,1018.17,358.11,0.7413,1031.10,359.03,0.7748,1014.01,363.19,0.8004,1044.50,372.43,0.7770,1007.08,389.98,0.7937,1055.59,386.75,0.5748,1009.39,415.39,0.7482,1074.06,395.06,0.5768,1025.56,432.94,0.6887,1046.35,426.01,0.6469,1020.02,427.86,0.6720,1055.12,472.21,0.7421,1010.78,473.59,0.7087,1049.12,502.69,0.7875,998.31,514.24,0.7876
819,bottom,0,1058.61,558.36,1186.49,801.17,1144.48,578.40,0.8430,1142.70,576.03,0.5638,1146.26,576.03,0.5691,1133.22,581.36,0.7497,1153.97,581.95,0.7801,1116.62,603.29,0.8034,1165.23,615.74,0.8393,1095.28,638.86,0.7490,1171.75,660.80,0.7465,1088.17,662.57,0.6975,1178.27,694.59,0.7708,1112.47,674.43,0.6435,1143.30,675.62,0.6247,1088.76,726.60,0.7956,1159.30,699.92,0.6761,1082.83,778.17,0.8807,1159.90,750.31,0.7901
820,top,1,994.78,342.31,1096.66,528.84,1029.78,355.88,0.7265,1032.05,352.24,0.7051,1025.68,353.61,0.7122,1036.15,355.43,0.7056,1018.85,359.07,0.8091,1047.08,370.46,0.7555,1012.02,386.39,0.7779,1055.28,386.85,0.6235,1012.93,413.26,0.7480,1074.41,394.59,0.6751,1033.42,428.29,0.6377,1046.63,424.19,0.6359,1022.04,426.01,0.6630,1058.92,472.01,0.7043,1016.57,472.01,0.7109,1050.73,494.78,0.7468,1001.54,510.26,0.8023
820,bottom,0,1059.64,556.53,1181.31,803.79,1139.79,576.94,0.8359,1138.58,574.52,0.5744,1142.81,574.52,0.5505,1128.92,580.56,0.7791,1148.84,581.16,0.7955,1111.42,602.89,0.8104,1160.31,614.97,0.8453,1090.29,639.11,0.7764,1167.56,659.64,0.7425,1087.27,665.07,0.6866,1173.59,694.04,0.7756,1109.61,674.73,0.6440,1139.79,675.93,0.6295,1087.27,727.85,0.8012,1153.67,701.89,0.7168,1083.05,782.78,0.8772,1158.50,750.18,0.7914
821,top,1,993.86,341.30,1099.17,532.77,1035.76,355.70,0.6584,1037.16,351.49,0.6335,1031.09,353.83,0.6742,1041.37,354.29,0.6709,1025.01,358.03,0.7619,1049.78,369.72,0.7567,1018.00,383.74,0.7443,1055.86,388.42,0.5623,1016.13,412.73,0.7772,1076.90,394.50,0.5652,1042.30,421.61,0.5895,1047.45,428.62,0.6651,1025.01,429.09,0.6713,1061.94,472.09,0.7294,1020.80,473.03,0.7073,1053.52,488.92,0.7153,1001.64,510.42,0.8014
821,bottom,0,1061.79,555.16,1177.10,804.05,1135.25,574.48,0.7830,1133.42,572.05,0.5598,1137.68,572.05,0.4961,1124.92,577.52,0.7599,1144.36,578.73,0.7554,1106.69,601.22,0.8029,1155.91,612.16,0.8411,1086.63,637.07,0.7785,1163.20,657.12,0.7489,1086.63,661.38,0.6978,1169.88,691.76,0.7735,1106.69,674.74,0.6528,1136.46,675.96,0.6389,1086.03,730.04,0.8179,1148.01,703.30,0.7119,1083.60,785.95,0.8765,1158.95,750.09,0.8003
822,top,5,991.50,340.80,1075.16,533.01,1041.78,353.85,0.6548,1043.18,349.63,0.6539,1036.62,351.03,0.6243,1046.47,352.91,0.6201,1029.58,356.19,0.7285,1050.69,372.62,0.6921,1023.01,381.07,0.7532,1054.45,391.39,0.4689,1019.25,410.63,0.7562,1077.44,392.80,0.4036,1046.47,413.91,0.5826,1047.88,428.46,0.6685,1026.76,430.34,0.6464,1063.83,467.88,0.7569,1023.95,474.45,0.7179,1055.39,484.30,0.7354,1001.89,511.99,0.8013
822,bottom,0,1060.83,553.56,1174.05,805.31,1130.35,573.10,0.7577,1128.50,570.03,0.5629,1132.80,570.64,0.4794,1119.90,575.56,0.7593,1139.56,576.79,0.7353,1101.46,598.92,0.8031,1150.63,609.98,0.8330,1082.40,636.41,0.7913,1159.85,654.85,0.7533,1084.86,661.61,0.7149,1165.38,688.04,0.7720,1104.53,673.90,0.6529,1133.42,674.52,0.6436,1085.48,729.22,0.8187,1143.87,704.63,0.7183,1082.40,786.99,0.8787,1158.00,749.50,0.7935
823,top,4,990.59,337.09,1106.22,533.35,1047.93,352.81,0.6251,1048.41,348.50,0.6216,1043.14,349.93,0.5872,1052.24,351.37,0.5925,1035.95,354.72,0.7222,1056.55,371.49,0.6653,1029.72,377.72,0.7559,1059.43,392.58,0.4400,1024.45,407.91,0.7595,1082.90,385.87,0.4535,1053.20,403.12,0.5620,1051.76,428.03,0.6649,1032.59,429.47,0.6365,1063.74,464.45,0.7016,1028.28,472.11,0.7275,1057.99,483.13,0.6958,1002.89,509.97,0.7464
823,bottom,0,1063.09,551.10,1169.74,806.66,1125.77,571.57,0.7268,1124.52,568.45,0.5566,1128.27,568.45,0.4944,1115.17,573.44,0.7586,1133.88,575.31,0.7400,1097.07,597.77,0.7989,1146.36,606.51,0.8326,1078.35,634.58,0.8028,1156.97,650.18,0.7745,1082.10,659.54,0.7353,1162.58,683.87,0.7514,1102.69,672.64,0.6529,1131.39,673.27,0.6470,1083.35,729.42,0.8194,1140.75,706.33,0.7104,1081.47,787.44,0.8793,1155.72,748.76,0.7695
824,top,1,991.88,333.62,1106.80,533.45,1052.27,348.16,0.6682,1053.25,343.76,0.6643,1047.39,345.72,0.6457,1057.64,347.67,0.6229,1040.56,351.57,0.7199,1061.54,369.62,0.6508,1036.66,374.01,0.7579,1063.98,388.65,0.4164,1032.75,403.29,0.6928,1088.86,374.99,0.4475,1056.66,390.11,0.5783,1055.68,425.24,0.6501,1037.63,427.19,0.6397,1065.93,460.37,0.7070,1030.32,468.66,0.6723,1055.20,483.30,0.7156,1004.95,507.69,0.7512
824,bottom,0,1064.18,548.45,1166.61,806.41,1121.06,569.74,0.7199,1119.80,566.59,0.5423,1124.21,566.59,0.5296,1111.62,571.63,0.7610,1129.88,573.52,0.7502,1092.72,597.45,0.8030,1143.10,604.38,0.8223,1075.72,633.35,0.7922,1154.44,647.20,0.7823,1079.50,660.43,0.7528,1160.11,679.95,0.7415,1100.28,673.02,0.6543,1129.25,673.02,0.6499,1083.28,728.44,0.8208,1138.70,705.77,0.7175,1081.39,787.01,0.8750,1151.92,749.22,0.7521
825,top,1,997.96,329.92,1111.02,529.22,1058.87,345.39,0.6821,1059.84,341.99,0.6486,1054.49,342.96,0.6361,1063.74,345.39,0.6195,1047.19,348.31,0.7052,1066.17,365.34,0.6560,1045.25,368.26,0.7649,1070.55,382.86,0.4874,1039.41,398.43,0.7305,1088.07,366.80,0.6301,1057.90,382.37,0.5981,1061.79,421.30,0.6547,1044.27,422.27,0.6408,1069.09,457.79,0.7007,1032.60,464.60,0.6442,1054.49,484.07,0.7340,1008.27,505.47,0.7428
825,bottom,0,1062.79,547.36,1164.36,806.80,1117.37,568.77,0.7304,1116.11,564.97,0.5400,1119.91,564.97,0.5267,1107.87,570.67,0.7613,1126.87,571.93,0.7559,1089.50,597.27,0.8056,1140.81,603.60,0.8265,1073.04,634.01,0.7884,1152.21,645.41,0.7852,1076.20,661.88,0.7326,1157.28,676.45,0.7288,1099.01,672.64,0.6553,1128.14,672.01,0.6607,1083.17,729.65,0.8230,1137.01,708.12,0.7160,1081.27,787.29,0.8725,1145.88,751.82,0.7337
826,top,1,1000.95,329.59,1087.12,525.04,1062.65,340.47,0.6745,1064.08,336.17,0.6077,1057.87,338.08,0.5830,1067.89,339.99,0.5889,1052.15,342.85,0.6505,1069.33,360.03,0.6715,1050.72,362.42,0.7458,1071.71,382.46,0.4501,1044.99,390.57,0.7235,1087.46,353.83,0.4794,1060.74,373.87,0.5789,1066.46,418.72,0.6536,1049.28,420.16,0.6350,1075.05,454.04,0.7383,1036.40,461.19,0.6507,1055.49,482.67,0.7173,1010.63,501.27,0.7663
826,bottom,0,1062.44,546.95,1161.52,806.62,1114.52,567.11,0.7324,1113.25,563.30,0.5373,1116.42,563.94,0.5140,1104.37,569.01,0.7485,1124.02,570.28,0.7544,1087.89,596.27,0.8058,1139.24,601.34,0.8226,1072.67,634.94,0.7687,1151.29,644.45,0.7709,1072.67,664.11,0.7313,1155.72,673.62,0.7194,1098.67,671.08,0.6541,1127.19,670.45,0.6654,1084.08,729.40,0.8159,1134.17,707.22,0.7227,1081.55,787.10,0.8676,1138.61,754.13,0.7500
827,top,1,1004.79,318.50,1089.31,515.80,1065.84,332.85,0.6701,1067.28,329.96,0.6079,1061.02,330.44,0.5930,1070.17,332.85,0.5981,1055.24,335.74,0.6736,1072.58,353.56,0.7037,1054.76,354.53,0.7534,1077.40,372.83,0.5678,1048.49,379.58,0.7503,1085.10,349.23,0.5565,1060.06,355.97,0.6332,1072.10,411.85,0.6947,1056.68,412.81,0.6747,1079.32,450.39,0.7793,1045.12,456.17,0.6862,1057.17,482.18,0.7422,1014.78,493.26,0.7851
827,bottom,0,1061.82,545.42,1161.16,807.63,1112.77,567.06,0.7449,1111.49,562.58,0.5267,1114.69,563.22,0.5081,1102.53,568.34,0.7518,1122.37,569.62,0.7687,1086.52,596.50,0.8052,1137.73,600.34,0.8163,1073.08,634.91,0.7613,1151.18,643.24,0.7722,1068.60,666.92,0.7545,1155.02,672.04,0.7092,1099.33,670.12,0.6516,1127.49,669.48,0.6572,1084.60,729.02,0.8138,1131.97,707.89,0.7100,1081.40,787.27,0.8541,1133.89,757.18,0.7730
828,top,1,1011.36,312.19,1092.79,509.63,1070.87,332.34,0.6055,1072.80,329.45,0.5657,1066.05,328.96,0.5365,1075.21,330.89,0.5642,1058.34,333.78,0.6129,1077.14,352.58,0.6730,1054.97,353.55,0.6595,1081.00,364.63,0.5230,1049.66,370.42,0.6643,1083.89,335.71,0.5398,1059.79,343.91,0.6342,1078.10,407.05,0.7143,1061.23,408.02,0.6912,1082.92,445.14,0.7938,1053.04,451.40,0.7082,1060.27,477.43,0.7700,1021.70,485.63,0.8092
828,bottom,0,1058.49,545.81,1160.13,806.38,1111.22,566.04,0.7678,1109.95,562.22,0.5445,1112.49,562.86,0.5213,1101.04,567.31,0.7665,1121.40,568.58,0.7638,1085.77,596.57,0.7967,1136.66,599.12,0.8203,1073.68,635.38,0.7716,1150.66,642.38,0.7690,1065.41,670.37,0.7272,1153.20,669.10,0.7082,1098.49,670.37,0.6497,1127.12,669.73,0.6698,1084.50,728.26,0.8160,1129.67,709.81,0.7289,1081.32,786.78,0.8539,1132.21,757.52,0.7720
829,top,1,1019.66,306.15,1097.95,503.44,1072.77,327.73,0.5995,1075.18,324.84,0.5788,1067.96,323.87,0.5314,1079.04,326.76,0.5921,1060.73,329.17,0.6182,1080.96,347.96,0.6620,1057.36,348.92,0.6341,1082.41,367.23,0.5074,1049.65,362.89,0.6971,1082.41,340.73,0.3628,1059.77,341.21,0.6155,1082.41,401.42,0.6997,1064.10,402.87,0.6535,1088.19,438.51,0.7861,1059.29,447.18,0.6940,1065.07,468.86,0.7506,1030.87,476.08,0.7656
829,bottom,0,1055.41,545.17,1160.10,804.99,1109.66,565.34,0.7486,1108.39,560.90,0.5520,1110.93,561.53,0.5293,1100.14,566.61,0.7510,1119.81,567.24,0.7548,1086.19,595.79,0.8060,1135.03,597.69,0.8243,1074.77,635.12,0.7885,1149.62,640.82,0.7757,1064.62,671.27,0.7463,1153.43,666.83,0.7057,1098.24,670.64,0.6499,1126.79,670.00,0.6851,1084.29,727.09,0.8196,1128.05,709.33,0.7342,1081.75,786.08,0.8630,1131.86,757.54,0.7735
830,top,1,1027.46,304.14,1103.87,488.99,1073.79,323.00,0.6170,1075.59,318.94,0.6015,1068.82,319.39,0.5788,1081.01,320.75,0.6038,1062.50,324.36,0.6384,1086.87,339.70,0.6168,1060.25,343.76,0.6211,1096.80,340.60,0.6759,1052.12,360.46,0.7031,1083.26,320.30,0.6542,1059.34,336.99,0.6288,1087.32,397.02,0.6523,1068.37,397.92,0.6206,1091.39,434.92,0.7564,1064.31,441.69,0.6924,1071.98,466.06,0.7488,1039.04,474.19,0.7773
830,bottom,0,1055.97,543.20,1160.06,805.26,1108.65,564.18,0.7438,1107.37,559.70,0.5398,1109.93,560.34,0.5422,1099.06,565.46,0.7495,1118.89,566.10,0.7679,1084.98,594.89,0.8060,1134.24,596.81,0.8142,1075.38,633.92,0.7827,1149.60,639.04,0.7810,1064.51,670.39,0.7521,1153.44,663.99,0.7110,1097.78,669.75,0.6478,1125.93,669.11,0.6750,1083.06,725.41,0.8152,1126.57,709.42,0.7297,1081.14,784.91,0.8546,1131.69,756.76,0.7666
831,top,1,1036.06,303.34,1115.85,491.72,1073.66,319.81,0.6597,1075.50,315.67,0.6407,1068.14,316.59,0.6224,1080.09,318.43,0.6392,1062.16,322.57,0.6656,1090.67,334.07,0.6623,1060.78,341.42,0.6645,1114.13,327.63,0.7108,1056.18,360.74,0.7209,1092.05,316.13,0.5763,1060.78,334.99,0.6683,1092.05,393.39,0.6282,1072.74,394.77,0.6051,1095.27,433.41,0.7457,1069.98,440.76,0.6936,1081.01,464.22,0.7596,1046.52,474.34,0.7947
831,bottom,0,1055.97,542.14,1160.04,804.17,1107.36,562.48,0.7362,1105.44,558.01,0.5442,1108.64,558.01,0.5450,1097.77,563.76,0.7419,1117.60,563.76,0.7642,1083.69,593.19,0.8107,1132.95,594.47,0.8105,1074.10,631.57,0.7905,1148.94,636.69,0.7871,1064.50,667.40,0.7536,1152.78,661.64,0.6965,1097.13,668.04,0.6396,1124.64,667.40,0.6596,1081.77,723.05,0.7992,1125.91,708.34,0.7297,1079.22,783.19,0.8504,1131.67,757.60,0.7805
832,top,1,1036.99,304.20,1126.15,496.34,1075.48,324.74,0.6464,1077.82,320.52,0.6085,1070.78,321.46,0.5897,1082.98,320.99,0.6297,1064.69,325.68,0.6728,1094.24,332.25,0.6793,1062.81,344.45,0.6809,1117.69,316.77,0.7055,1060.93,362.27,0.7063,1104.56,309.26,0.5024,1064.69,341.63,0.6301,1095.65,392.29,0.6045,1076.41,394.17,0.5910,1098.93,432.17,0.6693,1075.48,442.49,0.7171,1092.36,462.19,0.7812,1050.14,474.39,0.8010
832,bottom,0,1056.18,538.98,1158.10,803.92,1105.20,560.19,0.7271,1102.61,555.67,0.5513,1105.85,555.67,0.5405,1096.14,561.49,0.7409,1115.55,561.49,0.7640,1081.91,591.24,0.8101,1131.72,592.54,0.8034,1072.86,628.76,0.7969,1147.89,633.29,0.7905,1063.16,664.98,0.7629,1151.77,658.51,0.6978,1096.14,666.28,0.6416,1123.31,666.28,0.6636,1079.33,721.26,0.8068,1123.31,707.03,0.7400,1076.74,781.41,0.8533,1131.72,757.48,0.7778
833,top,1,1041.74,279.70,1132.61,496.68,1078.17,324.09,0.6375,1080.82,321.44,0.5899,1074.47,322.50,0.5720,1084.53,322.50,0.5607,1069.70,326.74,0.6436,1095.12,334.69,0.5546,1065.46,344.22,0.6064,1119.49,323.03,0.5535,1065.46,362.76,0.4337,1123.20,305.55,0.6274,1071.82,339.98,0.3117,1098.83,396.13,0.6074,1080.29,398.78,0.6154,1104.13,432.69,0.6231,1081.88,443.81,0.7315,1104.13,461.82,0.7839,1054.34,474.53,0.8184
833,bottom,0,1056.03,536.82,1157.26,798.58,1103.45,558.42,0.7658,1100.89,554.58,0.5700,1102.81,554.58,0.5438,1094.50,560.34,0.7479,1113.68,560.97,0.7856,1080.44,589.09,0.8253,1129.65,591.01,0.8172,1071.50,627.44,0.8097,1146.27,632.55,0.8001,1063.19,663.22,0.7611,1149.46,656.83,0.7129,1095.14,665.14,0.6498,1121.98,665.14,0.6777,1076.61,720.10,0.8237,1122.62,707.96,0.7773,1074.05,780.81,0.8762,1131.57,758.45,0.8170
834,top,1,1046.42,274.09,1148.02,497.76,1081.93,329.68,0.6618,1083.57,325.31,0.6611,1077.02,326.95,0.6514,1087.94,324.76,0.6305,1071.01,330.77,0.7211,1099.41,336.23,0.6788,1067.19,349.88,0.7187,1125.62,324.76,0.7329,1067.73,362.44,0.6821,1139.27,301.28,0.7384,1074.29,342.78,0.5542,1103.77,399.03,0.6687,1083.02,402.30,0.6939,1113.60,435.61,0.6888,1088.48,445.44,0.7900,1114.15,462.37,0.8399,1059.54,474.38,0.8214
834,bottom,0,1050.46,537.47,1154.30,796.63,1100.48,558.23,0.7664,1099.85,554.43,0.5662,1100.48,554.43,0.5643,1091.63,559.49,0.7247,1110.61,560.13,0.7756,1077.07,589.86,0.8330,1127.06,590.50,0.8275,1069.48,628.46,0.8092,1143.51,631.62,0.7974,1061.89,663.89,0.7567,1146.67,657.56,0.7058,1093.52,664.52,0.6469,1121.36,663.89,0.6849,1073.91,718.94,0.8348,1121.36,707.55,0.7794,1070.11,779.04,0.8807,1132.12,758.16,0.8244
835,top,1,1049.21,312.08,1150.50,493.78,1083.44,331.96,0.6368,1086.10,328.85,0.6272,1079.45,329.29,0.5879,1089.65,330.18,0.6373,1074.12,334.17,0.7353,1101.18,343.49,0.6662,1070.13,355.02,0.7016,1122.47,336.39,0.6642,1070.58,364.34,0.5981,1140.66,321.75,0.7178,1078.56,343.93,0.5611,1106.06,401.16,0.6392,1087.43,406.04,0.6354,1118.48,436.64,0.6428,1096.30,444.63,0.7143,1115.82,464.14,0.7589,1063.48,475.23,0.7463
835,bottom,0,1039.16,540.47,1151.75,798.48,1096.71,559.87,0.7544,1096.71,556.09,0.5579,1097.34,556.09,0.5579,1087.89,561.76,0.7263,1106.16,561.76,0.7600,1074.03,591.36,0.8137,1123.80,591.36,0.8139,1067.74,630.42,0.7937,1140.81,632.94,0.7938,1059.55,665.69,0.7442,1143.95,660.02,0.6965,1091.67,666.32,0.6286,1120.02,665.69,0.6823,1069.62,719.86,0.8280,1120.65,706.01,0.7688,1065.22,778.45,0.8478,1131.99,755.77,0.8073
836,top,1,1057.40,316.92,1135.37,491.98,1088.26,334.36,0.6603,1089.97,330.51,0.6403,1083.56,330.94,0.6269,1093.82,333.50,0.6638,1076.72,336.07,0.7381,1104.08,348.46,0.6411,1071.17,358.29,0.6813,1131.43,344.62,0.4690,1071.60,370.69,0.5172,1142.12,342.05,0.3516,1078.43,347.61,0.5155,1108.35,402.31,0.6552,1089.97,407.02,0.6198,1123.31,439.50,0.6971,1101.09,446.34,0.7285,1116.04,465.57,0.7787,1069.03,475.40,0.7436
836,bottom,0,1031.01,544.27,1149.78,796.97,1093.48,563.89,0.7621,1093.48,560.18,0.5643,1093.48,560.18,0.5361,1084.84,565.74,0.7125,1102.73,565.74,0.7433,1071.27,595.35,0.8082,1121.24,595.35,0.7966,1065.72,634.84,0.7839,1137.28,636.07,0.7934,1057.08,670.00,0.7268,1142.22,664.45,0.7184,1089.78,669.39,0.6245,1120.01,668.15,0.6946,1065.72,722.44,0.8089,1119.39,707.02,0.7717,1060.16,779.82,0.8482,1134.82,756.99,0.8145
837,top,1,1060.47,316.57,1151.41,492.53,1089.62,331.52,0.7605,1091.77,327.65,0.7548,1084.89,328.94,0.7114,1095.63,332.38,0.7587,1077.59,334.52,0.8232,1108.52,349.56,0.6711,1070.72,356.86,0.7778,1136.87,356.43,0.7064,1069.86,373.19,0.6585,1144.61,374.91,0.7164,1078.45,348.70,0.6021,1109.38,402.83,0.6760,1089.62,407.13,0.6715,1123.99,441.49,0.6993,1102.08,445.79,0.7375,1116.68,465.98,0.7707,1072.86,476.72,0.7623
837,bottom,0,1021.07,549.93,1147.64,802.10,1089.90,570.12,0.7691,1090.51,567.04,0.5826,1090.51,567.04,0.5266,1082.51,572.58,0.6780,1098.52,571.97,0.7141,1068.35,602.14,0.8031,1116.99,600.29,0.7917,1063.43,642.77,0.7588,1133.61,642.15,0.7808,1054.19,677.24,0.6891,1138.53,669.86,0.6900,1090.51,674.78,0.6143,1121.30,672.93,0.6940,1060.96,727.11,0.7785,1116.37,708.03,0.7632,1053.58,784.36,0.8383,1137.30,757.89,0.8261
838,top,1,1057.74,312.78,1145.18,490.18,1089.33,328.28,0.8510,1091.50,324.82,0.8132,1085.00,325.69,0.8261,1096.26,329.15,0.8045,1078.07,332.18,0.8550,1109.69,348.21,0.7274,1071.58,353.41,0.7802,1132.65,368.56,0.7809,1063.35,372.46,0.7406,1137.84,392.39,0.7283,1076.77,352.54,0.6578,1107.53,400.62,0.7012,1087.60,403.65,0.6947,1122.25,439.16,0.7038,1098.43,442.63,0.7515,1116.19,465.15,0.8041,1072.01,475.98,0.7859
838,bottom,0,1015.86,559.83,1148.62,807.29,1085.86,579.05,0.8067,1087.07,576.03,0.5789,1084.05,576.03,0.5300,1077.41,582.07,0.6412,1093.11,581.46,0.7089,1064.72,612.27,0.7719,1111.24,606.84,0.7586,1060.49,652.15,0.7320,1129.97,647.31,0.7541,1049.62,683.56,0.6852,1136.01,675.10,0.6980,1091.91,681.14,0.6030,1120.90,679.33,0.6876,1056.26,730.68,0.7542,1114.26,713.16,0.7394,1046.60,788.08,0.8201,1137.22,760.29,0.8148
839,top,1,1053.96,309.09,1137.34,494.17,1089.32,323.46,0.8354,1092.03,319.84,0.8350,1084.80,320.75,0.8273,1097.46,323.91,0.8239,1078.48,327.07,0.8438,1111.01,346.95,0.7583,1071.70,348.76,0.7595,1121.86,372.26,0.7598,1059.05,372.26,0.7398,1127.28,398.02,0.6626,1075.32,360.96,0.6115,1106.04,398.02,0.6630,1085.26,400.27,0.6618,1116.44,434.16,0.6616,1092.94,440.94,0.7319,1115.08,462.63,0.8113,1068.09,473.02,0.7481
839,bottom,0,1010.73,568.08,1148.97,810.75,1078.07,588.10,0.7750,1079.25,584.55,0.5472,1076.29,583.36,0.5518,1070.96,590.47,0.6003,1086.36,589.88,0.7173,1060.89,621.28,0.7717,1105.32,614.76,0.7319,1054.96,662.16,0.7369,1126.06,652.09,0.7574,1041.93,693.56,0.7117,1133.17,682.30,0.7127,1093.47,687.63,0.6136,1119.54,685.86,0.6908,1051.41,732.66,0.7530,1111.25,719.03,0.7160,1039.56,790.72,0.8262,1136.72,761.69,0.8052
840,top,1,1049.95,305.04,1134.83,490.26,1090.58,318.97,0.8463,1093.75,315.35,0.8463,1086.06,315.81,0.8183,1099.63,319.42,0.7940,1079.73,321.68,0.8511,1110.93,343.84,0.7575,1071.59,343.84,0.7475,1114.55,371.43,0.6925,1056.67,368.26,0.7263,1115.46,400.37,0.6162,1072.95,370.97,0.5140,1104.15,396.75,0.6540,1081.54,397.20,0.6580,1112.29,432.47,0.6550,1085.16,436.99,0.7486,1114.10,462.32,0.7988,1063.45,471.36,0.7668
840,bottom,0,1009.82,574.99,1149.80,809.87,1068.34,594.37,0.7725,1068.91,590.93,0.5037,1067.76,590.35,0.5713,1062.03,597.81,0.5913,1077.51,596.09,0.6829,1054.00,628.77,0.7765,1097.58,618.45,0.7250,1048.27,670.06,0.7620,1120.52,654.58,0.7652,1035.08,698.73,0.7499,1129.12,686.69,0.7087,1090.70,693.57,0.6330,1115.36,691.28,0.7052,1045.97,733.71,0.7960,1108.48,723.39,0.6979,1036.80,792.21,0.8601,1136.00,761.81,0.7875
841,top,1,1048.07,304.31,1134.39,493.48,1092.15,317.15,0.8192,1095.85,313.92,0.8092,1087.54,314.38,0.8217,1101.85,318.08,0.8097,1081.07,320.39,0.8345,1110.17,343.02,0.7305,1070.91,342.09,0.7076,1108.78,372.11,0.6794,1053.82,366.57,0.7432,1103.70,398.90,0.6377,1067.68,382.73,0.6100,1099.54,395.20,0.5897,1076.91,395.20,0.5997,1111.09,429.84,0.6796,1077.84,434.92,0.6891,1111.55,462.17,0.7722,1058.44,472.33,0.7781
841,bottom,0,1009.61,579.01,1149.73,810.00,1059.37,598.63,0.7462,1059.37,594.69,0.5588,1060.50,594.69,0.5166,1053.16,601.45,0.6360,1069.52,600.33,0.6584,1045.83,631.91,0.7906,1089.82,622.32,0.7236,1040.19,671.38,0.7115,1114.07,658.41,0.7677,1030.04,701.27,0.7682,1124.79,689.99,0.7158,1083.62,694.51,0.6245,1110.12,691.12,0.6816,1040.76,732.29,0.8151,1108.43,723.83,0.6954,1036.81,792.07,0.8767,1136.63,762.75,0.8032
842,top,1,1043.57,304.06,1126.14,493.21,1092.71,318.75,0.8281,1096.40,315.05,0.8688,1088.09,315.51,0.8319,1101.95,319.21,0.8236,1082.09,320.59,0.8709,1109.33,344.14,0.7859,1070.54,340.45,0.7057,1103.79,374.62,0.6711,1051.61,364.46,0.7825,1095.02,400.94,0.6102,1059.92,386.17,0.6942,1094.09,393.56,0.6232,1072.39,392.63,0.6276,1109.80,428.65,0.7377,1071.01,432.81,0.7029,1104.25,462.36,0.7649,1053.00,472.98,0.7871
842,bottom,0,1009.55,582.83,1146.09,810.21,1052.84,602.15,0.8138,1053.39,598.82,0.5980,1052.28,598.82,0.5195,1045.07,604.37,0.7002,1060.61,603.82,0.6480,1036.74,634.35,0.8287,1081.15,624.91,0.7577,1030.63,674.87,0.7401,1107.79,660.99,0.7434,1023.42,704.29,0.7717,1119.45,691.53,0.6948,1075.04,697.08,0.6248,1102.24,692.64,0.6923,1033.96,732.05,0.8259,1113.35,727.05,0.7145,1035.07,792.56,0.8855,1133.89,762.03,0.8251
843,top,1,1039.19,308.20,1118.25,495.29,1092.42,322.27,0.8953,1095.62,319.07,0.8891,1087.86,319.07,0.8323,1101.10,323.18,0.8368,1081.46,324.09,0.8870,1107.95,346.47,0.8167,1068.67,342.82,0.7160,1100.65,376.16,0.6826,1049.49,365.20,0.8165,1089.23,402.66,0.6436,1055.88,391.69,0.7388,1090.60,394.43,0.6497,1068.67,394.43,0.6493,1108.41,428.23,0.7707,1065.93,433.72,0.7255,1094.71,462.95,0.7657,1047.66,474.82,0.8043
843,bottom,0,1008.80,584.51,1144.56,810.84,1046.29,605.40,0.8218,1047.40,602.08,0.5832,1046.29,601.53,0.5161,1039.66,608.16,0.6861,1054.58,607.06,0.6768,1030.27,637.45,0.8328,1076.13,628.05,0.7645,1020.87,677.78,0.7427,1100.99,664.52,0.7243,1018.11,707.62,0.7621,1115.91,691.60,0.7073,1066.74,699.33,0.6328,1096.02,695.47,0.6680,1029.72,731.93,0.8289,1110.94,731.38,0.7380,1034.69,792.16,0.8796,1133.60,766.19,0.7798
844,top,1,1034.13,312.38,1117.62,488.13,1090.89,327.74,0.8860,1094.32,324.74,0.8600,1086.60,324.31,0.8164,1099.90,328.60,0.8150,1079.73,329.03,0.8907,1105.91,351.34,0.8371,1067.29,346.20,0.7156,1099.04,379.23,0.7371,1048.41,365.93,0.8123,1087.03,403.69,0.7035,1051.84,393.82,0.7598,1088.31,397.68,0.6503,1065.14,398.54,0.6618,1103.76,431.15,0.7943,1059.99,435.87,0.7548,1086.60,465.05,0.7673,1042.40,474.92,0.8509
844,bottom,0,1004.16,585.15,1143.15,810.08,1043.46,608.11,0.8566,1044.00,605.36,0.5760,1042.91,605.36,0.5119,1035.77,611.95,0.6847,1051.69,610.30,0.6575,1024.78,639.41,0.8863,1072.01,631.17,0.8038,1013.80,678.95,0.7722,1097.27,670.71,0.7423,1012.70,710.80,0.7955,1114.29,693.77,0.7252,1058.28,703.66,0.6765,1089.03,699.81,0.7001,1028.63,732.76,0.8391,1105.51,733.31,0.7742,1034.67,792.62,0.8894,1131.32,774.50,0.8105
845,top,1,1024.67,318.71,1111.82,498.78,1087.15,333.13,0.8403,1090.66,330.49,0.8502,1083.19,329.61,0.8330,1096.38,334.45,0.8304,1077.04,333.57,0.8514,1102.97,355.99,0.7980,1063.85,350.27,0.7004,1096.82,384.56,0.6846,1046.26,366.98,0.7732,1084.51,408.74,0.6918,1049.34,395.12,0.7563,1084.95,400.83,0.6417,1061.21,400.39,0.6343,1098.58,437.76,0.7261,1055.49,437.32,0.7190,1084.95,468.09,0.7361,1037.47,477.77,0.7971
845,bottom,0,1000.29,589.60,1143.52,808.86,1041.93,609.83,0.9003,1043.54,607.16,0.5771,1041.93,607.16,0.5300,1034.44,614.11,0.6633,1049.96,612.51,0.6771,1021.59,641.41,0.8882,1069.77,633.92,0.8290,1008.74,680.49,0.7969,1091.71,673.00,0.7536,1008.21,713.68,0.8361,1114.20,696.55,0.7411,1051.57,703.51,0.6829,1082.61,699.76,0.6874,1028.55,735.09,0.7965,1099.74,734.56,0.7809,1034.44,792.90,0.8914,1125.97,782.73,0.8304
846,top,1,1025.56,320.37,1108.48,490.37,1083.21,336.06,0.8525,1086.53,333.16,0.8573,1079.06,333.16,0.8155,1091.92,336.48,0.8282,1072.83,336.89,0.8730,1099.81,359.30,0.8091,1059.14,353.91,0.6951,1094.83,387.53,0.7136,1043.36,368.43,0.7324,1082.79,411.18,0.7088,1047.10,398.32,0.7199,1082.38,404.96,0.6436,1058.31,404.54,0.6382,1096.07,439.82,0.7347,1049.18,441.07,0.7281,1083.62,468.46,0.7225,1033.82,480.08,0.7935
846,bottom,0,997.75,590.52,1134.83,811.28,1042.04,611.43,0.8820,1043.11,608.74,0.5784,1043.65,608.74,0.5312,1031.80,615.74,0.6743,1051.20,614.13,0.6577,1019.94,642.15,0.9061,1068.45,636.76,0.8360,1006.47,679.88,0.7868,1089.46,675.57,0.7599,1004.85,715.45,0.8368,1114.26,696.05,0.7544,1046.89,707.91,0.6859,1078.69,704.67,0.7010,1028.56,737.55,0.7756,1093.78,738.63,0.7977,1033.41,793.06,0.8736,1116.41,789.29,0.8199
847,top,1,1024.47,322.51,1103.82,483.01,1077.08,336.15,0.9208,1080.61,333.41,0.8874,1073.16,333.80,0.8446,1085.70,337.33,0.8233,1066.89,337.33,0.8411,1094.71,359.66,0.8061,1053.57,353.00,0.7036,1092.75,387.09,0.7038,1040.64,368.67,0.6968,1082.57,411.38,0.7111,1043.77,396.89,0.7414,1079.04,406.29,0.6655,1053.57,405.11,0.6565,1091.58,440.77,0.7203,1042.60,441.95,0.7374,1083.74,467.81,0.7946,1031.23,483.48,0.7998
847,bottom,0,997.04,590.56,1131.24,813.56,1041.82,611.68,0.9072,1042.36,608.96,0.6139,1043.45,608.96,0.5598,1032.02,616.04,0.6596,1051.62,614.95,0.7173,1019.50,642.17,0.8783,1069.58,639.45,0.8252,1004.80,679.19,0.7822,1087.01,678.65,0.7559,1004.25,714.04,0.8119,1114.23,693.89,0.7627,1041.27,708.59,0.6744,1073.94,706.96,0.6670,1027.66,740.71,0.7764,1087.55,743.43,0.7769,1033.65,794.07,0.8569,1102.79,791.89,0.8536
848,top,1,1018.49,319.41,1101.60,497.86,1070.94,335.01,0.9583,1074.42,332.83,0.9463,1066.58,332.39,0.8824,1079.22,337.19,0.8718,1060.05,336.75,0.9353,1089.24,359.40,0.8180,1045.67,352.43,0.7585,1089.67,387.72,0.7012,1037.39,372.48,0.6858,1082.27,412.12,0.7283,1040.01,396.87,0.7157,1075.73,407.76,0.6840,1048.72,405.59,0.6843,1086.62,442.62,0.6501,1036.08,443.93,0.7558,1084.01,467.45,0.8097,1028.68,485.75,0.8464
848,bottom,0,997.36,589.99,1133.29,818.45,1042.46,611.07,0.8067,1043.02,608.28,0.5993,1045.25,608.28,0.5435,1032.98,615.53,0.6680,1052.50,614.42,0.7261,1020.15,641.19,0.8255,1069.79,640.07,0.8027,1005.09,676.89,0.7720,1084.85,679.12,0.7454,1005.65,707.56,0.7588,1113.29,691.95,0.7451,1038.00,708.12,0.6504,1069.79,707.56,0.6389,1028.51,744.38,0.7575,1079.83,748.28,0.7700,1032.98,795.13,0.8469,1088.75,795.69,0.7983
849,top,1,1018.75,317.80,1102.49,486.87,1064.34,333.40,0.9428,1068.05,330.51,0.9170,1060.21,330.93,0.8765,1073.42,334.64,0.9109,1054.02,335.05,0.8824,1083.74,357.35,0.8073,1040.40,350.74,0.7805,1086.21,387.07,0.6721,1033.38,371.79,0.6981,1081.67,413.90,0.6655,1035.03,396.56,0.7229,1071.77,406.88,0.6819,1044.52,404.81,0.6909,1080.85,442.38,0.7046,1032.55,444.44,0.7679,1085.39,466.73,0.8147,1028.43,484.89,0.8173
849,bottom,0,998.68,587.72,1134.62,830.23,1044.75,610.10,0.7325,1044.16,607.14,0.5900,1047.71,606.55,0.5456,1036.46,614.25,0.6591,1053.63,613.06,0.7082,1021.66,640.30,0.8140,1071.39,640.89,0.8224,1005.08,676.41,0.7839,1084.42,679.97,0.7703,1008.04,701.87,0.7431,1114.61,692.40,0.7489,1037.05,708.98,0.6615,1067.84,708.98,0.6491,1028.76,748.64,0.7422,1072.57,755.16,0.7410,1031.13,795.41,0.8143,1073.76,797.19,0.7385
850,top,1,1018.54,316.70,1098.33,495.69,1059.75,331.91,0.9348,1063.24,329.29,0.9062,1055.82,329.29,0.8646,1068.05,333.22,0.9352,1048.82,333.22,0.9091,1078.98,355.07,0.8114,1035.28,350.26,0.8092,1082.91,383.03,0.7176,1029.16,372.98,0.7188,1081.16,409.69,0.6885,1030.91,396.58,0.7165,1067.61,407.07,0.7035,1041.83,405.32,0.7059,1078.10,445.52,0.6766,1030.91,444.65,0.7470,1081.60,466.94,0.7704,1027.85,485.73,0.8693
850,bottom,0,999.10,588.01,1138.58,840.03,1047.92,610.04,0.6957,1047.92,606.34,0.5483,1051.00,606.96,0.5530,1039.31,613.11,0.6635,1055.92,613.11,0.6830,1023.92,640.18,0.8049,1073.15,642.03,0.8223,1006.70,676.49,0.7973,1084.84,681.41,0.7755,1013.46,696.17,0.6976,1116.22,693.10,0.7556,1036.85,710.33,0.6789,1066.38,711.56,0.6653,1028.85,754.01,0.6991,1065.15,763.24,0.7450,1024.54,794.62,0.7619,1059.61,803.85,0.7145
851,top,1,1018.49,313.86,1089.04,491.27,1053.77,330.24,0.9615,1057.23,327.64,0.9143,1049.87,327.64,0.8900,1062.86,331.54,0.9339,1043.37,331.97,0.9078,1074.99,353.19,0.8209,1030.81,349.73,0.8173,1080.62,380.04,0.7405,1025.18,372.68,0.7384,1080.19,406.90,0.7240,1026.05,397.37,0.7136,1063.73,406.03,0.7120,1038.61,404.73,0.7043,1074.12,444.15,0.7220,1030.38,444.58,0.7484,1075.42,466.23,0.8169,1027.78,486.16,0.8793
851,bottom,0,1001.29,591.93,1142.50,845.97,1053.29,613.51,0.6657,1052.67,609.17,0.5207,1056.39,609.79,0.5605,1040.88,615.99,0.6429,1056.39,615.99,0.6584,1026.00,643.28,0.8140,1073.75,645.76,0.8288,1008.63,679.87,0.8067,1084.30,686.08,0.7825,1024.76,691.66,0.6154,1119.03,694.76,0.7807,1035.30,715.85,0.7014,1064.45,718.33,0.6934,1025.38,761.74,0.7651,1058.87,771.05,0.7853,1019.79,800.82,0.7757,1045.22,815.08,0.7694
852,top,1,1015.69,312.19,1084.89,503.67,1049.82,329.39,0.9184,1053.56,326.12,0.8788,1045.62,326.12,0.8690,1058.71,329.86,0.8926,1039.54,329.86,0.9193,1071.33,351.83,0.8050,1026.92,349.02,0.8110,1077.40,379.41,0.7544,1021.31,372.87,0.7284,1078.34,406.99,0.7246,1022.71,398.58,0.7525,1060.58,406.52,0.6888,1035.80,405.59,0.6821,1068.99,445.32,0.7072,1030.19,444.86,0.7591,1069.46,466.36,0.7513,1028.32,487.40,0.8448
852,bottom,0,1003.49,596.23,1142.84,850.86,1057.00,617.24,0.6668,1056.38,612.89,0.5637,1058.24,614.13,0.5937,1044.57,620.97,0.6166,1056.38,620.97,0.6589,1029.03,647.08,0.7888,1073.79,651.43,0.8139,1013.48,682.51,0.8127,1081.87,691.22,0.7782,1032.13,685.00,0.5607,1119.17,698.06,0.7810,1033.38,719.19,0.6983,1061.35,721.68,0.6883,1024.67,762.09,0.7700,1053.89,777.01,0.8076,1012.24,809.33,0.8082,1031.51,827.36,0.8439
853,top,1,1012.52,311.19,1082.11,504.37,1046.84,328.55,0.9422,1050.62,325.72,0.8909,1042.60,325.72,0.8691,1055.33,329.49,0.9020,1036.47,329.49,0.9364,1068.07,350.24,0.8105,1023.73,348.36,0.8335,1075.61,377.60,0.7620,1018.07,372.41,0.7451,1076.56,404.01,0.7307,1019.96,397.41,0.7479,1059.11,405.90,0.6779,1033.64,404.95,0.6745,1064.29,446.93,0.7148,1028.92,445.51,0.7595,1063.35,473.81,0.6894,1028.45,487.96,0.8454
853,bottom,0,1001.94,602.73,1140.40,850.75,1061.48,621.38,0.6704,1060.87,617.74,0.5594,1060.87,618.35,0.6279,1047.55,626.22,0.5623,1056.63,625.62,0.6372,1031.81,651.65,0.8048,1072.38,658.31,0.8057,1017.88,684.35,0.8110,1077.22,698.28,0.7676,1033.62,683.75,0.4502,1115.37,700.70,0.7748,1034.23,719.47,0.7026,1059.66,722.50,0.6824,1025.15,766.71,0.7868,1052.39,778.82,0.8060,1008.19,818.78,0.8093,1031.20,831.50,0.8388
854,top,0,1008.36,311.92,1081.69,505.85,1043.61,329.35,0.9105,1046.92,326.03,0.8716,1039.35,325.56,0.8449,1052.13,329.82,0.8601,1032.72,329.82,0.9188,1065.39,350.65,0.8075,1020.41,349.70,0.8176,1072.49,378.11,0.7493,1015.20,373.85,0.7310,1074.38,405.10,0.7196,1017.09,398.00,0.7387,1056.39,406.52,0.6595,1032.24,406.05,0.6522,1059.23,447.24,0.7350,1028.46,445.82,0.7420,1056.86,476.59,0.8043,1028.46,487.01,0.8549
854,bottom,1,996.31,607.18,1132.55,852.19,1066.82,624.41,0.6569,1065.03,620.82,0.5097,1064.43,622.02,0.6392,1050.07,629.79,0.5247,1058.45,629.79,0.6398,1035.12,654.32,0.7993,1070.41,663.89,0.7701,1033.32,686.02,0.5738,1070.41,702.77,0.7476,1065.03,685.42,0.3947,1110.48,702.17,0.7353,1035.12,726.10,0.6783,1059.64,729.68,0.6453,1026.74,772.75,0.7974,1054.26,782.32,0.8033,1006.41,824.19,0.8155,1030.33,833.16,0.7997
855,top,1,1006.28,314.55,1078.83,507.84,1040.67,330.50,0.8906,1043.97,327.67,0.8786,1036.42,327.67,0.8401,1049.16,331.92,0.8381,1030.29,331.45,0.8845,1062.85,352.21,0.7938,1017.55,351.27,0.8102,1070.87,380.05,0.7345,1011.88,376.75,0.7199,1072.29,406.95,0.7080,1015.19,400.82,0.6955,1053.41,406.01,0.6368,1029.82,406.01,0.6284,1054.35,447.06,0.7176,1027.46,446.59,0.7212,1051.05,481.98,0.7688,1028.40,487.17,0.8369
855,bottom,0,994.03,608.50,1121.27,855.69,1065.49,627.08,0.6833,1066.10,622.86,0.4995,1064.29,624.07,0.6218,1048.60,630.71,0.5431,1060.06,631.91,0.6671,1039.54,654.85,0.7729,1066.70,666.92,0.7739,1054.63,665.71,0.5681,1063.08,706.14,0.6950,1073.34,651.83,0.6470,1101.10,702.52,0.7345,1034.72,732.09,0.6648,1059.46,735.11,0.6450,1030.49,779.16,0.7801,1057.04,785.20,0.7907,1006.96,827.44,0.8250,1032.91,834.68,0.8141
856,top,1,1004.07,318.52,1075.80,513.73,1038.50,333.68,0.8976,1041.84,330.82,0.8656,1034.21,330.34,0.8406,1046.60,335.11,0.8423,1028.02,334.63,0.8905,1059.47,354.17,0.7948,1015.15,353.69,0.8200,1069.00,381.81,0.7406,1008.96,380.38,0.7313,1069.96,408.50,0.7246,1013.72,404.69,0.6886,1050.89,405.64,0.6155,1027.07,405.64,0.6136,1049.46,449.48,0.7351,1026.59,448.53,0.7110,1046.60,489.99,0.8008,1028.02,487.61,0.8116
856,bottom,0,998.20,609.47,1110.37,870.02,1068.28,628.43,0.6629,1067.01,623.98,0.5346,1064.46,625.89,0.6076,1048.56,633.52,0.5009,1058.10,634.15,0.6564,1042.20,659.60,0.7449,1064.46,669.14,0.7574,1056.83,673.59,0.5342,1054.92,706.67,0.6742,1074.64,650.06,0.5614,1090.54,702.22,0.7162,1035.20,737.84,0.6287,1060.01,740.38,0.6141,1034.56,787.45,0.7108,1060.01,788.73,0.6933,1011.03,833.89,0.7768,1037.75,833.25,0.7573
857,top,1,1001.29,320.91,1074.78,517.46,1035.16,336.65,0.8704,1039.00,333.77,0.8375,1031.32,333.77,0.8319,1044.28,338.09,0.8491,1025.56,337.61,0.8898,1057.71,358.24,0.8005,1013.56,356.80,0.8187,1067.31,385.60,0.7429,1006.37,383.20,0.7516,1067.79,412.47,0.7150,1011.64,406.71,0.7161,1048.11,409.11,0.6169,1025.56,409.11,0.6115,1045.72,451.82,0.7317,1026.04,451.34,0.6976,1041.88,494.52,0.7662,1028.92,488.77,0.8000
857,bottom,0,1002.48,614.02,1099.73,883.09,1067.53,634.25,0.5865,1065.55,630.97,0.4697,1065.55,632.28,0.5193,1051.76,638.85,0.4841,1058.33,640.16,0.6335,1044.53,666.44,0.6896,1061.61,673.67,0.7420,1060.96,678.26,0.5319,1046.50,711.11,0.7094,1078.69,650.02,0.5788,1082.63,703.23,0.7172,1034.68,743.30,0.6451,1058.33,744.61,0.6258,1037.31,798.48,0.7145,1063.58,791.91,0.6887,1013.66,844.46,0.7302,1043.22,834.61,0.7123
858,top,0,999.33,323.91,1071.65,522.01,1034.04,339.29,0.8902,1037.91,336.87,0.8436,1030.17,336.39,0.8521,1042.75,340.74,0.8664,1024.37,340.26,0.9030,1054.84,361.54,0.8078,1011.80,359.60,0.8389,1065.00,388.62,0.7652,1004.54,387.17,0.7748,1066.93,416.19,0.7350,1010.34,411.35,0.7501,1044.68,413.29,0.6307,1023.89,413.29,0.6292,1040.81,454.88,0.7382,1025.82,453.91,0.6922,1037.43,499.37,0.7946,1030.17,488.25,0.7810
858,bottom,1,1003.78,620.65,1094.38,897.66,1070.04,642.16,0.5640,1068.01,638.77,0.4222,1066.66,638.77,0.4971,1053.81,646.21,0.4665,1058.55,648.24,0.5922,1046.37,673.26,0.6349,1057.87,680.03,0.7106,1063.96,684.76,0.5110,1045.02,715.87,0.7249,1081.54,656.36,0.5948,1076.13,707.08,0.7129,1036.23,746.30,0.6429,1055.84,747.66,0.6326,1038.26,806.49,0.7238,1073.42,795.00,0.7196,1015.94,859.24,0.6985,1046.37,834.90,0.7094
859,top,1,998.20,327.39,1071.23,527.18,1033.25,342.91,0.8845,1036.67,339.98,0.8506,1029.35,339.49,0.8516,1041.55,344.37,0.8640,1023.50,342.91,0.8979,1053.25,365.83,0.8004,1010.82,362.90,0.8211,1063.50,392.66,0.7427,1003.50,390.71,0.7291,1065.93,420.46,0.7323,1008.87,416.07,0.6556,1042.52,416.56,0.6200,1022.04,416.56,0.6211,1039.11,458.99,0.7133,1024.96,456.07,0.6437,1033.74,502.89,0.7581,1029.84,488.26,0.7492
859,bottom,0,1003.54,629.64,1095.35,901.73,1072.03,654.08,0.6622,1070.04,651.43,0.4703,1068.05,651.43,0.5809,1056.09,656.08,0.4919,1059.41,658.07,0.6427,1050.11,683.31,0.6576,1055.42,689.29,0.7591,1070.04,680.65,0.5467,1040.15,723.83,0.7698,1081.33,660.06,0.5651,1070.04,713.87,0.7126,1038.82,755.72,0.7022,1057.42,755.72,0.7008,1038.82,815.50,0.7896,1083.32,801.55,0.8158,1013.58,873.30,0.8290,1048.78,847.39,0.7818
860,top,1,997.87,329.88,1070.04,530.05,1032.49,345.42,0.9027,1036.40,342.98,0.8572,1029.07,342.49,0.8630,1041.29,346.89,0.8969,1022.72,345.42,0.9082,1051.55,369.37,0.8227,1010.01,364.97,0.8466,1062.30,395.76,0.7679,1002.68,393.31,0.7535,1065.72,424.59,0.7413,1006.59,417.75,0.7005,1039.33,421.17,0.6330,1019.78,420.68,0.6371,1036.40,465.64,0.7336,1023.20,462.22,0.6525,1031.02,508.65,0.7454,1030.05,488.61,0.7539
860,bottom,0,1003.19,640.43,1101.58,903.82,1076.18,663.45,0.7243,1074.90,660.24,0.5220,1072.32,660.88,0.6402,1056.25,667.31,0.4946,1062.68,667.95,0.6357,1047.89,693.67,0.7046,1058.82,696.89,0.7207,1049.17,719.40,0.4244,1037.60,732.26,0.6713,1076.82,682.10,0.3378,1062.68,723.90,0.5690,1040.17,765.69,0.6856,1060.75,765.69,0.6722,1040.81,824.21,0.7932,1092.26,810.71,0.8387,1015.09,879.51,0.8656,1052.39,857.65,0.7701
861,top,1,995.58,333.32,1069.71,531.94,1033.13,349.23,0.9041,1036.52,346.32,0.8715,1029.25,345.83,0.8765,1040.89,349.71,0.9031,1022.94,349.23,0.8874,1051.07,373.47,0.8017,1009.37,367.65,0.8252,1061.25,399.66,0.7509,1001.61,394.32,0.7547,1065.13,428.27,0.7115,1003.55,417.60,0.6880,1036.52,424.87,0.6265,1017.13,424.39,0.6312,1033.61,467.54,0.7216,1020.04,465.60,0.6585,1027.79,511.67,0.7709,1028.28,487.42,0.6767
861,bottom,0,998.56,649.63,1108.30,903.77,1080.11,670.60,0.7813,1077.63,667.50,0.5704,1075.77,667.50,0.6859,1057.15,674.32,0.4489,1065.22,674.32,0.6517,1052.19,699.76,0.6353,1058.39,702.86,0.7121,1050.33,729.54,0.3990,1036.68,738.85,0.6160,1074.52,734.51,0.2932,1058.39,730.16,0.4798,1043.50,772.98,0.6626,1062.74,772.98,0.6464,1045.36,828.20,0.7423,1098.72,817.65,0.8035,1013.10,882.18,0.8101,1057.77,866.67,0.7065
862,top,1,994.70,337.51,1070.31,535.67,1033.47,351.93,0.8964,1036.86,349.03,0.8649,1029.60,348.54,0.8482,1041.70,352.90,0.8812,1022.83,351.45,0.8891,1051.37,377.09,0.8113,1009.28,369.35,0.8213,1060.57,403.70,0.7472,1001.06,395.96,0.7699,1065.40,433.21,0.7007,1001.06,419.18,0.7284,1035.41,425.95,0.6301,1014.12,424.50,0.6457,1031.06,469.49,0.7380,1012.67,463.20,0.7089,1026.70,514.97,0.7883,1026.22,482.55,0.7111
862,bottom,0,997.93,655.22,1113.82,909.30,1082.54,675.57,0.8217,1080.68,672.47,0.6237,1078.20,673.09,0.7249,1063.93,679.91,0.4223,1068.28,680.53,0.6564,1057.11,704.72,0.6314,1060.83,709.07,0.7177,1045.33,732.02,0.3997,1037.88,746.28,0.6341,1076.34,742.56,0.3149,1058.35,732.64,0.5014,1048.43,777.30,0.6754,1067.04,777.30,0.6670,1046.57,829.40,0.7265,1104.87,825.06,0.7779,1012.45,883.37,0.8024,1068.90,872.82,0.7202
863,top,1,991.63,338.98,1069.09,536.14,1032.76,353.81,0.8924,1036.61,350.92,0.8562,1029.39,350.44,0.8504,1040.95,354.77,0.8871,1022.66,353.33,0.8771,1050.09,378.84,0.8009,1008.70,371.14,0.8132,1059.24,407.24,0.7476,1000.03,397.61,0.7634,1065.01,435.64,0.6878,998.11,421.68,0.6796,1034.21,426.49,0.6394,1012.07,424.57,0.6553,1030.36,469.81,0.7588,1006.29,465.96,0.7480,1025.54,515.54,0.7857,1021.69,480.40,0.6940
863,bottom,0,996.17,659.49,1119.98,916.06,1085.01,681.29,0.7924,1082.51,678.16,0.5947,1080.63,678.78,0.7029,1067.47,685.05,0.4514,1071.23,685.05,0.6400,1059.33,708.22,0.6420,1065.59,712.61,0.6951,1045.55,738.92,0.4298,1048.06,750.19,0.5768,1079.38,752.70,0.3031,1066.22,733.90,0.4949,1054.95,781.51,0.6885,1074.99,780.88,0.6824,1048.06,831.62,0.7431,1110.07,832.87,0.7777,1011.73,884.24,0.8374,1079.38,880.48,0.7614
864,top,1,990.23,340.13,1069.74,536.54,1032.86,355.86,0.9006,1036.22,352.50,0.8818,1029.03,352.02,0.8615,1040.54,355.86,0.8899,1022.31,354.90,0.8738,1049.65,379.84,0.7875,1007.45,372.16,0.7951,1058.76,408.13,0.7221,998.34,398.06,0.7535,1064.51,436.42,0.6724,995.94,422.99,0.6653,1033.34,427.79,0.6253,1010.81,426.35,0.6452,1029.51,472.38,0.7515,1001.70,467.59,0.7501,1025.67,515.06,0.7822,1018.00,480.53,0.6825
864,bottom,0,995.37,664.20,1124.93,922.82,1087.30,683.65,0.7371,1084.77,680.49,0.5326,1083.51,681.12,0.6586,1067.10,688.70,0.4633,1076.57,688.07,0.6342,1060.78,711.43,0.6299,1074.67,713.32,0.6425,1048.79,712.06,0.4330,1063.31,753.73,0.4341,1082.25,700.06,0.3250,1072.78,712.69,0.3553,1059.52,783.41,0.6851,1082.25,784.04,0.6895,1048.15,832.66,0.7104,1113.19,837.71,0.7731,1011.53,884.43,0.8299,1092.35,891.37,0.8000
865,top,1,987.40,339.75,1068.29,537.15,1031.70,355.07,0.8726,1035.08,352.18,0.8720,1027.85,351.70,0.8557,1039.41,355.56,0.8678,1021.10,354.59,0.8703,1048.57,379.17,0.7815,1006.16,372.91,0.7856,1057.73,407.61,0.7333,996.04,397.00,0.7503,1063.03,435.56,0.6866,993.63,422.06,0.6985,1032.18,429.29,0.6243,1009.53,427.36,0.6394,1028.81,473.15,0.7505,998.45,468.33,0.7423,1025.44,514.60,0.7632,1013.39,481.82,0.7152
865,bottom,0,994.91,669.16,1128.87,938.56,1090.17,688.10,0.7487,1087.54,684.81,0.5741,1086.23,686.13,0.6841,1071.10,694.68,0.4920,1078.34,694.68,0.6524,1065.18,718.35,0.6254,1077.68,722.30,0.6305,1048.74,719.67,0.4770,1082.28,759.13,0.4630,1048.74,701.91,0.3676,1080.97,726.90,0.3437,1066.50,787.41,0.6937,1088.20,788.07,0.7007,1051.37,834.11,0.7087,1114.51,843.98,0.7986,1011.91,884.75,0.8182,1102.01,905.14,0.8196
866,top,0,984.84,339.69,1067.56,537.52,1029.58,354.57,0.8853,1033.44,351.67,0.8794,1026.20,351.19,0.8514,1037.79,355.05,0.8738,1019.92,354.08,0.8672,1047.93,378.72,0.7923,1004.46,372.92,0.7889,1057.11,405.28,0.7412,994.32,395.62,0.7576,1060.97,431.36,0.7157,991.90,421.22,0.6968,1031.51,428.95,0.6454,1007.84,426.53,0.6620,1028.13,472.90,0.7577,994.80,467.59,0.7266,1025.71,514.92,0.7645,1005.91,484.49,0.7561
866,bottom,1,996.55,677.39,1139.57,947.06,1091.76,693.72,0.7240,1089.13,690.42,0.5642,1087.81,691.74,0.6675,1072.67,700.30,0.5017,1078.59,700.96,0.6472,1064.77,724.00,0.6767,1085.83,727.29,0.6436,1050.94,731.24,0.5261,1086.49,745.73,0.5104,1054.89,706.88,0.4044,1114.80,760.87,0.6138,1071.35,792.47,0.7118,1093.73,793.13,0.7220,1057.52,839.22,0.7064,1114.14,852.38,0.7958,1014.07,885.30,0.7804,1110.85,917.56,0.8433
867,top,1,983.70,339.70,1065.34,536.99,1027.89,354.05,0.8862,1031.74,350.68,0.8657,1024.03,350.68,0.8519,1036.08,354.53,0.8565,1017.29,353.57,0.8561,1047.64,377.17,0.7869,1002.36,372.36,0.7723,1054.86,402.22,0.7439,991.76,394.51,0.7550,1059.20,428.71,0.7341,990.32,420.04,0.6926,1031.26,428.23,0.6438,1005.73,426.30,0.6498,1029.81,472.06,0.7464,992.24,468.69,0.7181,1025.96,514.93,0.7707,998.02,489.88,0.7536
867,bottom,0,999.94,686.28,1153.06,960.97,1094.61,703.58,0.7365,1092.60,699.56,0.5852,1090.58,700.90,0.6710,1070.46,709.62,0.4970,1081.87,710.29,0.6627,1065.10,731.08,0.6508,1093.27,739.80,0.5762,1057.72,741.14,0.4339,1142.89,749.19,0.4484,1101.98,743.15,0.3194,1138.87,746.50,0.5458,1074.49,801.49,0.6638,1096.62,804.85,0.6777,1067.11,845.76,0.6715,1114.73,865.20,0.7732,1016.82,886.66,0.7335,1116.74,932.27,0.7988
868,top,0,978.91,337.37,1063.59,536.74,1025.63,353.33,0.8727,1029.53,349.93,0.8730,1021.74,349.93,0.8739,1034.39,353.33,0.8448,1014.92,353.33,0.8448,1046.08,376.21,0.7833,1000.32,372.32,0.7601,1052.89,401.03,0.7316,990.10,394.71,0.7361,1057.27,427.32,0.7269,988.15,421.48,0.7105,1031.47,427.32,0.6470,1004.22,425.37,0.6444,1032.93,471.61,0.7259,991.07,467.23,0.6786,1028.07,513.47,0.7695,989.61,497.90,0.7410
868,bottom,1,1002.72,693.50,1186.92,967.57,1097.50,713.44,0.8049,1096.16,711.43,0.6072,1093.48,711.43,0.7466,1077.42,718.79,0.5138,1086.12,720.80,0.7186,1069.40,740.20,0.7056,1102.85,749.57,0.6260,1108.87,748.90,0.4397,1140.32,750.24,0.5452,1132.29,747.56,0.2969,1169.76,744.89,0.6600,1078.09,814.48,0.7485,1097.50,818.49,0.7496,1076.09,855.29,0.6960,1120.25,880.05,0.7869,1023.89,888.08,0.7294,1112.89,946.96,0.8094
869,top,1,965.79,338.88,1064.56,535.63,1023.34,354.64,0.8362,1026.70,351.76,0.8740,1019.02,351.76,0.8370,1031.99,355.60,0.8379,1012.29,355.12,0.8464,1044.00,375.77,0.7941,998.84,373.85,0.7457,1050.72,400.75,0.7348,987.80,396.43,0.7287,1056.48,427.65,0.7305,985.39,423.33,0.6921,1031.03,426.69,0.6292,1003.65,425.73,0.6406,1036.79,469.92,0.7188,990.68,467.04,0.7169,1032.95,511.71,0.7299,981.07,504.51,0.7574
869,bottom,0,1010.87,701.34,1214.40,968.61,1103.36,719.03,0.8882,1101.37,717.04,0.7062,1100.05,717.71,0.8432,1084.15,726.98,0.6047,1092.76,728.31,0.7319,1076.86,747.52,0.7525,1110.65,759.45,0.6617,1098.72,760.11,0.3641,1157.69,758.78,0.6762,1115.95,756.80,0.2854,1196.12,740.23,0.8434,1079.51,827.03,0.7720,1096.74,830.34,0.7535,1082.82,866.12,0.6560,1128.54,889.30,0.7816,1033.79,893.28,0.7656,1110.65,951.58,0.7941
870,top,1,959.29,342.49,1064.51,539.29,1021.99,358.25,0.8507,1025.35,354.89,0.8686,1017.67,354.89,0.8346,1030.64,358.73,0.8276,1010.94,358.73,0.8511,1042.65,378.43,0.7949,997.49,376.99,0.7384,1049.38,403.42,0.7388,985.96,399.09,0.7374,1056.10,429.84,0.7485,982.59,427.44,0.7153,1030.16,426.96,0.6533,1002.29,426.96,0.6546,1040.73,469.24,0.7292,987.40,468.76,0.7069,1039.29,512.00,0.7577,972.50,510.56,0.7823
870,bottom,0,1017.73,702.45,1207.37,969.52,1106.68,720.57,0.8780,1105.38,717.96,0.6579,1103.42,718.62,0.8171,1087.12,727.09,0.5906,1096.25,729.05,0.7235,1079.30,748.61,0.7525,1110.60,760.35,0.6385,1092.99,763.61,0.3800,1158.20,771.43,0.6010,1115.16,766.22,0.2960,1190.15,760.35,0.7597,1079.30,830.77,0.7304,1098.86,834.68,0.7106,1089.73,870.54,0.6440,1136.68,888.15,0.7654,1042.78,899.89,0.7605,1111.90,950.09,0.7738
871,top,1,951.15,348.51,1063.63,540.65,1020.06,363.43,0.8809,1023.81,360.15,0.8789,1016.31,360.15,0.8447,1029.44,364.37,0.8223,1009.74,363.90,0.8690,1041.17,383.13,0.8166,996.13,383.13,0.7540,1048.20,408.46,0.7346,983.00,406.12,0.7242,1056.18,435.20,0.7172,979.25,435.20,0.7037,1028.50,432.39,0.6649,1000.36,431.92,0.6589,1045.39,472.26,0.7469,985.81,474.61,0.7284,1047.74,514.01,0.7872,966.58,515.42,0.7939
871,bottom,0,1025.40,697.82,1195.52,969.85,1108.47,719.60,0.9190,1106.47,716.94,0.6562,1104.48,717.61,0.8452,1087.88,724.25,0.6052,1097.84,725.58,0.7578,1078.58,743.51,0.8166,1112.45,758.79,0.7171,1095.85,762.77,0.4631,1149.64,782.69,0.6602,1116.44,766.09,0.4296,1179.53,786.68,0.7504,1079.24,829.85,0.7761,1099.17,833.83,0.7628,1091.86,870.36,0.7128,1134.37,887.63,0.7985,1048.03,906.23,0.7977,1111.79,950.73,0.8199
872,top,1,950.62,354.58,1073.11,544.61,1018.36,369.80,0.8716,1022.07,366.55,0.8678,1014.19,366.55,0.8624,1028.10,370.26,0.8779,1008.15,370.26,0.8642,1039.70,389.28,0.8089,995.63,389.75,0.7447,1047.13,416.19,0.7482,981.25,413.87,0.7466,1056.87,444.03,0.7217,976.14,443.57,0.7195,1026.71,437.07,0.6867,998.88,437.07,0.6875,1047.13,474.19,0.7547,984.49,479.29,0.7410,1055.94,517.33,0.7910,963.62,520.12,0.7834
872,bottom,0,1031.06,691.22,1178.07,969.36,1108.64,710.78,0.8019,1107.28,708.06,0.5830,1105.92,708.74,0.7159,1090.98,715.53,0.5638,1100.49,716.89,0.6850,1078.08,736.58,0.7765,1115.43,754.24,0.7327,1069.93,770.53,0.6449,1138.52,789.55,0.6915,1101.85,766.46,0.4371,1163.64,810.60,0.7616,1077.40,820.78,0.7608,1097.09,824.86,0.7368,1090.98,862.88,0.7131,1129.69,884.61,0.8021,1052.28,906.34,0.8119,1112.03,949.12,0.8069
873,top,1,950.75,363.36,1080.39,550.31,1017.85,378.79,0.8983,1021.50,375.59,0.8659,1013.75,375.59,0.8721,1026.98,378.79,0.8854,1008.27,379.70,0.8686,1037.94,399.33,0.7724,995.03,399.33,0.7551,1045.24,424.43,0.7419,979.97,423.52,0.7720,1056.19,451.36,0.7567,973.58,452.73,0.7619,1025.16,445.88,0.6687,997.31,445.88,0.6800,1049.80,480.11,0.7661,983.62,485.59,0.7431,1062.58,523.47,0.7865,962.63,526.67,0.8000
873,bottom,0,1035.84,682.99,1155.83,968.73,1107.00,705.87,0.7753,1108.39,702.38,0.6284,1106.30,703.08,0.6462,1092.35,707.96,0.6306,1104.90,709.36,0.7077,1078.39,729.59,0.8308,1116.07,749.82,0.7486,1061.65,758.89,0.8289,1127.93,790.98,0.7720,1086.77,754.00,0.5186,1142.57,819.58,0.7944,1075.60,814.00,0.7401,1095.14,817.49,0.7164,1087.46,854.46,0.7574,1125.13,879.57,0.8282,1055.37,904.69,0.8603,1111.18,946.55,0.8277
874,top,1,946.32,373.01,1080.91,550.53,1018.43,388.17,0.8567,1021.94,384.66,0.8540,1014.49,385.10,0.8590,1027.19,388.60,0.8550,1007.92,389.92,0.8554,1037.27,410.07,0.7685,994.77,409.19,0.7578,1045.59,435.92,0.7542,979.88,433.29,0.7656,1059.61,460.89,0.7392,971.12,461.33,0.7331,1022.81,454.32,0.6767,996.96,454.76,0.6806,1049.98,482.36,0.7632,986.89,491.56,0.7368,1062.24,524.85,0.8184,958.41,530.11,0.8230
874,bottom,0,1038.18,677.48,1144.45,966.97,1104.74,699.25,0.7678,1106.16,695.72,0.5652,1106.86,697.13,0.5433,1092.02,701.37,0.6715,1109.69,703.49,0.7037,1077.89,722.57,0.8176,1116.76,744.48,0.7930,1055.98,750.84,0.8521,1119.59,784.77,0.7025,1075.77,735.30,0.5727,1125.24,815.86,0.7471,1072.23,808.80,0.7408,1094.14,813.04,0.7053,1081.42,850.50,0.7876,1121.00,874.52,0.8207,1055.27,904.91,0.8445,1111.81,942.37,0.8346
875,top,1,947.25,380.97,1082.18,550.22,1020.43,394.88,0.8281,1023.50,391.37,0.8526,1016.48,391.81,0.8304,1028.33,396.20,0.8292,1009.89,397.08,0.8521,1038.88,417.28,0.7643,996.27,417.28,0.7521,1047.22,441.44,0.7384,982.66,440.56,0.7637,1062.59,466.92,0.7288,969.48,468.23,0.7018,1023.06,461.64,0.6691,997.59,462.08,0.6864,1051.61,485.36,0.7850,989.68,496.34,0.7623,1061.71,524.89,0.8388,958.50,531.48,0.8194
875,bottom,0,1035.45,672.87,1144.52,965.94,1107.16,694.19,0.7814,1107.16,690.61,0.5654,1108.59,691.33,0.5656,1094.99,696.34,0.6815,1111.45,698.48,0.6814,1078.54,717.80,0.8144,1118.60,742.13,0.8346,1051.35,744.27,0.8660,1113.59,785.77,0.7733,1074.24,734.97,0.6021,1115.74,817.26,0.7495,1069.23,805.09,0.7467,1089.98,809.39,0.7061,1076.39,847.31,0.8067,1117.89,870.92,0.8223,1053.49,903.83,0.8501,1112.88,940.32,0.8541
876,top,1,946.15,382.12,1082.16,549.67,1023.90,399.04,0.7842,1026.99,395.50,0.7990,1019.91,395.50,0.8020,1031.86,399.04,0.7783,1013.71,399.93,0.8680,1042.05,419.41,0.7736,1000.43,419.85,0.7223,1050.90,441.54,0.7322,984.93,441.99,0.7560,1065.51,465.89,0.7018,971.21,467.67,0.7128,1025.67,462.35,0.6674,1000.43,462.79,0.6795,1054.00,485.37,0.7610,992.46,497.77,0.7178,1061.53,526.11,0.8332,957.93,532.30,0.8056
876,bottom,0,1032.45,670.03,1140.06,963.85,1107.06,692.12,0.8283,1108.49,689.25,0.5710,1108.49,689.25,0.6232,1094.86,694.99,0.7097,1112.08,696.43,0.7130,1076.21,715.80,0.8240,1119.25,740.18,0.8561,1047.52,743.77,0.8759,1112.08,783.94,0.7823,1074.06,743.05,0.5866,1113.51,815.51,0.7428,1066.89,803.31,0.7534,1088.41,808.33,0.7241,1071.19,847.07,0.8209,1117.10,868.59,0.8486,1049.67,902.30,0.8504,1110.65,938.89,0.8599
877,top,1,946.64,380.55,1081.33,549.84,1029.77,395.92,0.7864,1032.40,392.41,0.7841,1024.94,392.85,0.7904,1037.22,396.80,0.7993,1018.37,397.24,0.8679,1047.74,416.53,0.7957,1005.65,417.84,0.7168,1056.51,438.01,0.7155,989.87,439.77,0.7445,1070.54,460.81,0.7090,975.40,466.51,0.7044,1030.21,460.81,0.6959,1005.21,461.25,0.6824,1057.39,484.49,0.7820,994.25,496.76,0.6989,1062.65,525.70,0.8243,959.62,531.40,0.8117
877,bottom,0,1028.53,669.69,1135.71,961.88,1104.94,691.66,0.8240,1106.37,688.81,0.5585,1107.08,688.81,0.6388,1093.53,694.51,0.7304,1111.36,695.94,0.7248,1074.98,716.63,0.8190,1118.50,739.46,0.8730,1045.73,745.88,0.8664,1112.79,782.97,0.7857,1071.42,755.86,0.5942,1113.50,815.07,0.7277,1065.00,803.66,0.7401,1088.54,809.36,0.7124,1067.14,847.17,0.7880,1117.07,869.29,0.8458,1044.31,901.39,0.8305,1106.37,937.77,0.8510
878,top,1,950.48,374.78,1083.51,550.44,1034.32,391.59,0.7858,1036.92,387.70,0.7689,1029.99,388.13,0.7907,1042.98,391.16,0.8086,1024.36,392.46,0.8748,1053.81,409.35,0.8121,1012.23,411.95,0.7366,1061.17,429.70,0.7471,997.08,432.73,0.7044,1072.86,451.79,0.7518,984.52,456.98,0.6213,1036.05,456.55,0.7236,1011.80,456.55,0.6691,1062.47,482.97,0.7927,997.08,492.49,0.6699,1062.90,525.84,0.8184,962.00,528.44,0.8099
878,bottom,0,1021.35,674.27,1131.12,962.44,1103.68,694.53,0.8330,1105.79,691.02,0.5684,1104.38,691.02,0.6555,1091.01,697.35,0.7072,1108.60,697.35,0.7536,1072.72,721.27,0.8111,1117.75,740.97,0.8759,1043.87,751.52,0.8518,1114.93,785.99,0.7972,1066.39,767.70,0.6184,1114.23,816.95,0.7298,1063.57,807.10,0.7504,1086.79,812.73,0.7042,1063.57,848.61,0.7911,1117.75,871.12,0.8445,1038.25,902.08,0.8404,1102.27,940.07,0.8318
879,top,1,958.42,365.47,1084.10,548.63,1040.04,380.58,0.8327,1043.17,377.00,0.8168,1035.57,377.45,0.8482,1048.99,381.48,0.8134,1029.76,382.82,0.8781,1059.72,400.26,0.8234,1018.58,404.73,0.7465,1064.19,415.91,0.7255,1002.93,424.85,0.7514,1072.69,434.24,0.7592,993.98,450.34,0.6675,1043.62,450.34,0.7079,1017.68,449.90,0.6542,1063.30,480.75,0.8014,1001.59,487.91,0.6857,1063.74,524.13,0.8084,972.07,522.34,0.7747
879,bottom,0,1013.05,680.31,1129.81,964.64,1099.20,700.30,0.8424,1099.89,696.83,0.5468,1100.59,696.83,0.6452,1086.70,703.08,0.7333,1106.14,703.08,0.7745,1070.04,727.37,0.8121,1116.55,744.03,0.8828,1041.58,759.31,0.8529,1116.55,790.54,0.7696,1059.63,781.52,0.6978,1116.55,819.01,0.7110,1061.71,811.37,0.7577,1086.01,816.92,0.7197,1059.63,850.94,0.7910,1116.55,875.93,0.8611,1031.86,903.69,0.8191,1100.59,943.26,0.8390
880,top,1,971.67,357.16,1087.47,543.41,1044.58,374.35,0.7716,1048.21,370.71,0.7591,1040.48,371.62,0.7535,1053.67,373.90,0.7560,1035.03,376.17,0.8198,1063.22,391.18,0.8061,1024.57,397.09,0.7403,1066.86,409.82,0.6748,1007.29,420.28,0.7386,1077.32,425.73,0.6995,1005.02,448.01,0.6192,1048.21,441.19,0.6717,1022.30,441.65,0.6298,1063.22,479.39,0.7463,1008.66,482.57,0.6860,1064.58,523.49,0.8263,984.56,517.58,0.7539
880,bottom,0,1011.04,682.27,1130.33,965.89,1095.61,703.60,0.8185,1095.61,700.14,0.5635,1097.00,700.14,0.6308,1083.15,706.37,0.7610,1102.54,706.37,0.7519,1066.53,731.99,0.8136,1115.00,746.53,0.8770,1038.83,766.61,0.8467,1117.08,792.23,0.7655,1054.07,791.54,0.7105,1117.08,820.62,0.7261,1060.99,813.01,0.7414,1085.23,818.54,0.7155,1056.84,851.78,0.7917,1115.00,879.48,0.8559,1027.06,905.10,0.8275,1099.77,945.95,0.8306
881,top,1,988.24,347.96,1091.06,541.71,1049.11,363.47,0.7783,1052.42,359.69,0.7574,1044.38,360.63,0.7534,1057.62,363.00,0.7673,1038.70,366.31,0.7822,1066.61,381.92,0.8253,1030.19,389.01,0.7612,1069.92,399.89,0.6882,1013.16,413.61,0.7735,1079.85,416.92,0.6950,1016.47,437.26,0.6547,1053.37,432.53,0.6854,1028.29,432.06,0.6591,1063.77,475.58,0.7343,1016.94,477.94,0.7028,1065.19,521.93,0.8183,1000.86,512.00,0.7407
881,bottom,0,1007.44,681.62,1129.95,965.48,1088.79,703.66,0.8517,1088.10,700.19,0.5827,1090.87,700.88,0.6036,1077.70,705.74,0.7767,1097.80,707.12,0.7480,1061.07,732.07,0.8395,1111.66,745.93,0.9042,1034.74,768.11,0.8632,1113.74,790.98,0.7668,1047.21,794.44,0.7550,1113.74,819.39,0.7473,1056.91,816.62,0.7587,1083.94,821.47,0.7303,1052.76,852.66,0.7915,1111.66,878.99,0.8577,1025.73,907.40,0.8462,1099.88,946.21,0.8498
882,top,1,1005.53,340.40,1097.95,540.38,1052.71,356.42,0.7857,1056.13,353.00,0.7366,1048.81,354.46,0.7556,1061.01,356.42,0.7874,1042.95,359.35,0.8166,1069.80,375.46,0.7866,1034.65,381.80,0.7906,1074.20,396.94,0.6693,1018.54,407.68,0.7789,1085.91,414.51,0.6475,1026.35,431.11,0.5748,1057.11,427.21,0.6805,1034.16,426.23,0.6826,1064.92,470.17,0.7342,1031.23,469.68,0.7043,1069.31,516.06,0.7832,1014.63,510.20,0.7581
882,bottom,0,1006.97,677.27,1131.72,964.02,1081.24,699.53,0.7995,1080.54,694.63,0.6086,1081.94,695.33,0.5400,1070.04,700.93,0.7549,1090.35,701.63,0.7273,1053.24,729.64,0.8377,1105.05,740.14,0.9022,1029.44,765.34,0.8682,1108.55,783.54,0.7876,1042.04,793.34,0.7463,1108.55,813.65,0.7376,1053.24,812.95,0.7618,1081.94,817.15,0.7219,1046.94,852.15,0.7891,1104.35,875.95,0.8488,1025.24,908.86,0.8325,1100.15,944.56,0.8574
883,top,1,1017.33,333.60,1105.82,533.76,1056.20,350.60,0.7783,1059.13,346.70,0.7272,1051.80,347.67,0.7181,1064.51,350.60,0.7283,1046.43,353.05,0.8369,1072.33,369.17,0.8048,1039.10,376.02,0.8054,1077.70,390.19,0.7080,1025.42,403.38,0.8397,1089.92,409.24,0.7273,1034.21,425.86,0.7262,1062.07,422.93,0.7044,1040.08,421.46,0.7137,1068.91,467.88,0.7630,1042.03,463.98,0.7321,1070.37,511.86,0.8603,1029.32,507.96,0.7900
883,bottom,0,1007.30,671.85,1130.74,960.05,1074.65,693.52,0.7493,1074.65,688.60,0.5937,1076.06,688.60,0.5831,1061.98,694.93,0.7497,1082.39,695.64,0.7513,1045.10,724.48,0.8387,1098.57,732.93,0.8811,1022.58,761.77,0.8630,1103.50,776.55,0.8062,1035.25,789.22,0.7519,1102.79,806.81,0.7529,1047.91,808.21,0.7637,1077.46,811.73,0.7162,1038.77,853.24,0.7944,1096.46,870.13,0.8200,1022.58,908.83,0.8308,1100.68,938.38,0.8477
884,top,1,1024.56,331.70,1114.00,529.86,1061.05,347.57,0.7643,1063.47,343.69,0.7057,1056.22,345.15,0.7051,1068.31,347.57,0.7134,1050.41,350.47,0.7988,1075.57,366.43,0.8057,1043.15,373.21,0.8073,1080.40,388.20,0.6916,1031.06,400.78,0.8220,1095.89,408.04,0.7044,1042.67,417.23,0.7400,1065.41,421.59,0.7042,1046.06,421.59,0.7021,1074.12,463.68,0.7830,1051.38,464.16,0.7434,1071.21,506.73,0.8527,1041.22,507.22,0.8221
884,bottom,0,1005.91,664.05,1126.13,955.35,1063.88,687.38,0.7165,1062.46,683.11,0.5781,1064.59,682.40,0.5163,1054.64,688.80,0.7511,1075.26,689.51,0.7422,1036.86,720.09,0.8413,1091.62,725.78,0.8536,1016.23,756.36,0.8529,1097.31,769.87,0.8102,1026.90,782.68,0.7655,1097.31,800.46,0.7634,1042.55,801.88,0.7545,1072.42,804.72,0.7170,1031.17,851.66,0.8126,1089.48,863.75,0.8046,1021.21,910.69,0.8653,1100.86,928.47,0.8405
885,top,1,1029.82,328.70,1117.23,530.87,1064.15,345.87,0.7581,1066.61,342.42,0.6927,1059.21,343.90,0.7048,1072.04,346.86,0.6905,1053.29,349.82,0.7586,1079.45,365.62,0.8208,1047.36,371.54,0.8182,1083.89,387.83,0.7151,1036.51,401.15,0.8480,1100.18,406.09,0.7283,1053.78,417.44,0.7340,1070.07,421.39,0.7108,1049.83,421.88,0.7027,1080.93,461.86,0.8025,1060.69,461.86,0.7760,1073.52,503.82,0.8424,1052.30,508.26,0.8490
885,bottom,0,1003.26,658.49,1119.59,947.89,1057.19,681.66,0.7529,1056.48,677.42,0.5697,1057.19,676.72,0.5323,1047.30,683.08,0.7374,1068.49,683.08,0.7465,1030.34,714.87,0.8414,1085.45,719.82,0.8443,1010.56,751.61,0.8434,1091.81,765.04,0.7938,1019.74,777.05,0.7482,1091.81,796.12,0.7562,1037.41,797.54,0.7456,1068.49,800.36,0.7183,1026.81,850.53,0.8097,1085.45,858.30,0.8036,1021.16,909.88,0.8587,1094.64,919.06,0.8364
886,top,1,1035.29,334.31,1123.22,531.33,1066.75,346.24,0.6963,1069.15,342.39,0.6484,1062.42,344.32,0.6787,1074.92,346.24,0.6772,1056.17,349.61,0.7285,1081.18,365.96,0.7719,1051.36,372.22,0.7853,1085.99,389.05,0.7008,1042.22,401.56,0.8033,1104.75,405.89,0.6898,1061.46,414.06,0.6826,1073.96,422.24,0.6804,1054.24,424.16,0.6482,1086.47,459.76,0.7474,1066.75,462.64,0.7405,1074.92,495.35,0.7994,1061.94,510.26,0.7843
886,bottom,0,999.09,653.43,1103.39,945.31,1051.24,676.09,0.7307,1049.82,671.10,0.5628,1051.95,671.10,0.5318,1041.26,676.80,0.7698,1061.93,677.51,0.7452,1024.16,709.58,0.8229,1079.74,713.14,0.8619,1004.92,747.35,0.8397,1086.87,758.75,0.8177,1012.76,771.58,0.7526,1086.87,790.11,0.7862,1033.43,792.24,0.7316,1064.07,794.38,0.7104,1024.87,847.83,0.7971,1080.46,852.81,0.7989,1020.60,909.11,0.8418,1086.16,909.82,0.8554
887,top,1,1039.88,332.23,1130.50,532.98,1069.99,348.30,0.6673,1072.45,344.87,0.6547,1065.58,346.34,0.6837,1077.84,349.28,0.6670,1060.19,352.71,0.7241,1083.23,368.89,0.7748,1055.78,373.79,0.7772,1088.13,392.41,0.6638,1047.94,403.20,0.7987,1110.18,405.65,0.6716,1070.48,412.02,0.6179,1077.35,424.76,0.6755,1058.23,427.21,0.6638,1093.03,460.05,0.7470,1074.90,465.93,0.7182,1079.80,490.44,0.8119,1064.60,512.49,0.7927
887,bottom,0,994.01,647.68,1093.03,937.33,1045.64,670.88,0.7362,1044.23,666.63,0.5332,1047.06,667.34,0.5147,1035.04,672.29,0.7550,1056.25,673.00,0.7559,1018.77,703.40,0.8233,1073.93,706.94,0.8723,999.68,743.00,0.8465,1082.41,751.49,0.8163,1006.75,766.34,0.7336,1083.12,785.43,0.7760,1029.38,788.26,0.7392,1059.79,789.68,0.7234,1023.01,847.66,0.8103,1075.34,846.95,0.8172,1020.89,909.89,0.8796,1077.46,902.11,0.8606
888,top,1,1044.77,334.00,1133.94,533.01,1074.29,351.39,0.6746,1076.24,348.47,0.6595,1070.41,349.45,0.6776,1081.10,352.36,0.6442,1064.58,354.79,0.7235,1085.47,370.82,0.7700,1059.23,375.68,0.7990,1089.84,393.66,0.6498,1052.92,405.32,0.8213,1113.16,402.41,0.6726,1078.18,406.29,0.6170,1079.64,426.70,0.6659,1063.12,430.10,0.6767,1096.64,458.77,0.7399,1079.64,468.00,0.7329,1083.04,487.43,0.7609,1065.06,511.73,0.8140
888,bottom,0,989.46,643.64,1088.21,931.52,1040.24,666.70,0.7348,1038.84,662.48,0.5337,1041.65,663.18,0.5038,1029.70,668.10,0.7510,1051.49,668.80,0.7598,1013.54,700.43,0.8258,1069.76,703.24,0.8596,995.96,739.79,0.8346,1078.20,747.52,0.8038,1001.59,760.17,0.7008,1079.60,780.55,0.7755,1026.19,783.37,0.7391,1055.71,784.07,0.7192,1021.27,845.22,0.8304,1069.06,841.00,0.8140,1020.56,907.06,0.8688,1068.36,894.41,0.8554
889,top,5,1049.57,332.54,1140.79,535.03,1078.37,349.74,0.7268,1080.35,346.28,0.6979,1074.42,347.76,0.6828,1084.30,351.72,0.6426,1067.50,354.19,0.7661,1088.75,371.00,0.7747,1063.54,374.95,0.8049,1093.20,393.25,0.6433,1058.10,405.11,0.8097,1117.43,397.70,0.5979,1080.35,400.17,0.5647,1082.33,427.36,0.6755,1066.51,430.32,0.7054,1098.15,457.02,0.7373,1081.34,470.37,0.7287,1088.75,483.72,0.7484,1065.52,511.90,0.8000
889,bottom,0,985.40,642.17,1084.32,928.50,1036.26,664.40,0.7400,1034.86,659.50,0.5204,1036.96,660.20,0.4973,1025.07,665.10,0.7499,1046.74,665.80,0.7580,1009.00,697.25,0.8246,1064.92,700.05,0.8537,990.82,737.10,0.8260,1075.41,744.09,0.7925,997.81,756.67,0.6985,1076.80,776.95,0.7693,1023.68,781.14,0.7387,1052.34,781.84,0.7251,1020.18,845.45,0.8447,1061.42,837.76,0.7938,1020.88,907.67,0.8651,1060.73,891.59,0.8556
890,top,5,1054.51,334.00,1109.11,533.51,1081.81,348.52,0.6923,1083.76,345.60,0.6537,1076.94,346.57,0.6313,1087.66,350.96,0.6298,1070.12,352.42,0.7124,1091.07,369.95,0.7317,1067.69,372.39,0.7812,1095.94,391.38,0.5495,1063.30,402.58,0.7867,1119.81,389.92,0.5545,1082.30,391.38,0.6553,1085.71,425.96,0.6762,1071.10,429.37,0.6529,1098.86,456.16,0.6960,1080.84,470.29,0.7221,1089.12,482.47,0.6762,1065.74,511.69,0.7525
890,bottom,0,979.42,639.55,1080.93,927.11,1031.58,663.28,0.7164,1029.47,657.66,0.5077,1032.98,658.36,0.4949,1020.34,663.98,0.7558,1042.81,664.68,0.7605,1004.90,696.27,0.8195,1059.66,697.68,0.8317,986.65,735.59,0.8252,1072.30,741.91,0.7758,992.96,753.84,0.6887,1073.00,774.20,0.7677,1020.34,779.11,0.7368,1049.13,779.82,0.7168,1018.94,843.70,0.8428,1054.04,831.77,0.7686,1020.34,906.19,0.8615,1051.94,888.63,0.8451
891,top,1,1054.60,328.40,1143.33,532.44,1086.51,346.73,0.6973,1087.51,343.75,0.6338,1082.03,344.74,0.6397,1090.50,348.23,0.6216,1075.06,351.22,0.7200,1094.48,366.66,0.7440,1073.06,368.65,0.7753,1102.45,387.58,0.6273,1068.58,397.05,0.7600,1125.87,379.11,0.6978,1086.51,379.61,0.6938,1091.49,423.94,0.7254,1075.55,427.43,0.7095,1101.46,455.82,0.7430,1078.54,470.27,0.7530,1089.00,481.73,0.7924,1066.59,510.12,0.8438
891,bottom,0,976.10,640.49,1078.34,927.49,1027.22,662.77,0.7103,1023.71,657.17,0.5101,1028.62,658.57,0.4913,1016.71,664.18,0.7592,1038.43,663.48,0.7569,1001.29,695.71,0.8124,1057.35,696.41,0.8167,982.37,735.65,0.8203,1069.26,740.55,0.7705,990.08,753.16,0.7168,1070.66,772.78,0.7486,1018.11,777.69,0.7233,1046.84,777.69,0.7202,1017.41,842.85,0.8012,1046.84,827.44,0.7557,1020.91,905.91,0.8478,1044.03,884.89,0.8270
892,top,5,1055.95,325.91,1145.21,529.13,1088.18,342.68,0.6694,1089.17,339.70,0.6271,1083.22,341.19,0.6067,1092.64,344.66,0.6461,1077.26,347.64,0.6597,1097.11,362.53,0.8028,1078.26,364.01,0.8054,1107.03,380.39,0.7041,1070.81,392.29,0.7633,1127.87,367.49,0.7889,1081.23,372.45,0.5499,1094.63,419.58,0.7266,1078.75,422.06,0.7142,1106.54,451.33,0.7203,1079.75,466.71,0.7576,1089.67,480.11,0.7787,1066.35,506.90,0.8330
892,bottom,0,972.97,640.45,1075.31,928.43,1024.14,662.11,0.6887,1019.92,657.18,0.5168,1025.55,657.89,0.5102,1013.59,663.51,0.7855,1035.39,663.51,0.7764,998.13,695.85,0.8155,1052.97,696.56,0.8098,978.44,735.23,0.8191,1066.32,740.15,0.7889,987.58,752.80,0.7272,1068.43,770.38,0.7594,1015.00,776.71,0.7304,1043.12,776.71,0.7232,1015.70,840.69,0.7940,1041.01,824.52,0.7307,1020.62,904.67,0.8214,1036.09,874.43,0.7598
893,top,1,1054.85,321.70,1143.10,525.17,1092.51,336.00,0.6825,1093.51,332.03,0.6268,1087.55,333.52,0.6109,1096.49,338.49,0.6192,1079.60,340.47,0.6655,1099.47,358.85,0.6948,1077.11,360.34,0.6756,1110.40,370.28,0.6007,1071.15,382.70,0.7052,1125.30,355.38,0.7025,1083.08,354.88,0.6439,1098.48,414.99,0.6578,1083.08,417.47,0.6347,1108.41,449.76,0.7078,1082.08,460.69,0.7099,1091.02,479.07,0.7326,1064.70,502.42,0.7962
893,bottom,0,970.16,639.54,1072.98,925.83,1020.87,661.77,0.7195,1017.38,657.58,0.5116,1022.27,657.58,0.5239,1010.39,663.87,0.8015,1032.05,663.87,0.8082,995.71,695.32,0.8262,1049.53,697.42,0.8166,975.44,734.46,0.8369,1062.81,740.05,0.8023,983.83,751.93,0.7581,1065.60,769.41,0.7776,1012.48,777.09,0.7350,1039.74,777.09,0.7367,1014.58,840.00,0.8059,1034.15,826.02,0.7294,1020.87,904.30,0.7987,1029.96,865.86,0.6799
894,top,3,1052.59,314.20,1133.17,520.22,1090.37,331.71,0.6378,1091.88,328.18,0.6056,1085.34,328.69,0.5839,1095.90,331.20,0.6247,1078.30,333.72,0.6368,1101.94,351.32,0.6732,1074.27,353.84,0.6600,1112.00,361.38,0.6098,1069.75,370.94,0.7351,1124.07,341.26,0.7521,1080.31,346.29,0.6872,1100.93,408.66,0.6789,1083.83,410.17,0.6427,1106.97,448.90,0.7215,1085.84,453.43,0.7105,1089.86,479.58,0.7433,1063.21,495.68,0.7527
894,bottom,0,967.58,639.10,1071.21,926.04,1017.99,660.67,0.7011,1015.89,655.77,0.5176,1019.39,656.47,0.5338,1008.18,662.77,0.7833,1029.90,662.77,0.8041,992.77,694.30,0.8232,1046.71,696.40,0.8238,973.15,734.23,0.8282,1060.02,738.43,0.8069,980.86,752.45,0.7728,1064.23,767.86,0.7841,1009.58,776.96,0.7261,1036.90,778.37,0.7275,1011.68,839.31,0.7910,1029.20,826.70,0.7303,1020.79,903.77,0.7616,1022.19,868.04,0.6394
895,top,3,1055.65,307.13,1117.79,504.61,1087.20,319.57,0.6377,1088.65,315.23,0.6194,1082.86,316.19,0.5642,1093.95,319.57,0.6456,1078.04,322.94,0.5783,1101.67,341.75,0.6251,1076.11,342.23,0.6200,1109.38,356.21,0.5044,1067.43,359.59,0.7269,1118.06,331.14,0.5547,1073.22,331.62,0.6673,1102.63,401.05,0.6222,1085.76,402.49,0.6238,1103.11,443.96,0.7054,1087.20,448.30,0.6981,1091.06,477.71,0.7622,1063.10,486.38,0.8014
895,bottom,0,966.51,636.97,1067.19,924.28,1016.15,659.98,0.6899,1013.35,655.07,0.5132,1018.96,655.77,0.5241,1005.63,662.08,0.8068,1027.38,662.08,0.8275,990.90,692.25,0.8233,1044.21,695.75,0.8279,971.96,732.23,0.8208,1057.54,737.84,0.8103,977.57,752.57,0.7743,1062.45,767.30,0.7899,1006.33,775.02,0.7348,1032.99,776.42,0.7331,1008.44,835.34,0.7887,1023.87,826.22,0.7420,1018.96,899.17,0.7580,1013.35,875.32,0.6209
896,top,3,1055.59,301.08,1124.00,496.03,1087.89,313.84,0.5401,1089.79,310.51,0.5116,1083.13,310.98,0.4872,1094.08,313.84,0.5449,1079.80,317.17,0.5203,1102.64,335.26,0.5986,1078.85,334.78,0.5943,1112.16,340.97,0.6059,1067.90,346.68,0.5800,1111.21,316.69,0.7183,1069.33,320.98,0.5491,1104.55,394.27,0.6043,1087.41,395.22,0.5973,1101.22,437.58,0.7166,1089.79,439.49,0.6838,1093.60,473.28,0.7839,1065.52,475.66,0.7725
896,bottom,0,964.19,633.87,1066.19,921.07,1014.49,656.87,0.7551,1012.39,652.66,0.5471,1015.19,652.66,0.5527,1004.67,658.27,0.8112,1025.71,658.97,0.8093,989.95,688.42,0.8253,1041.84,693.33,0.8292,970.32,728.39,0.8081,1055.16,735.40,0.8092,972.42,752.93,0.7823,1060.07,766.25,0.7906,1003.97,770.46,0.7292,1029.92,771.16,0.7381,1002.57,830.76,0.7968,1020.80,820.94,0.7581,1014.49,891.76,0.7628,1013.09,865.82,0.6527
897,top,1,1055.90,295.25,1127.87,490.59,1099.04,317.09,0.4605,1099.99,313.28,0.4304,1093.79,313.75,0.3916,1101.90,313.75,0.4671,1087.59,319.48,0.4934,1109.53,335.69,0.5890,1080.44,334.74,0.5804,1119.55,332.83,0.6708,1065.66,341.41,0.5689,1104.76,310.42,0.6613,1068.52,315.18,0.5166,1106.67,390.54,0.6355,1089.50,391.01,0.6120,1100.47,432.03,0.7419,1091.41,432.98,0.6743,1095.22,467.32,0.7892,1067.09,469.70,0.7953
897,bottom,0,960.30,631.20,1065.54,915.27,1012.92,653.94,0.7674,1011.53,649.09,0.5590,1014.31,649.09,0.5275,1002.52,655.33,0.7900,1023.32,656.02,0.8056,987.26,685.15,0.8127,1039.97,690.01,0.8245,968.53,724.69,0.8098,1053.15,733.01,0.7964,967.84,752.43,0.7704,1058.69,764.91,0.7713,999.74,764.91,0.7175,1026.79,766.30,0.7177,995.58,825.94,0.7887,1019.86,815.54,0.7659,1005.99,877.26,0.7527,1013.61,863.39,0.7605
898,top,3,1059.09,289.96,1132.28,486.10,1084.67,306.15,0.5858,1085.63,302.79,0.5535,1080.36,304.71,0.5708,1090.90,305.67,0.5265,1076.53,311.89,0.5687,1105.26,320.03,0.5871,1078.45,330.09,0.5949,1126.33,313.81,0.6523,1067.91,341.10,0.4609,1106.70,302.79,0.4511,1064.08,311.41,0.4604,1109.09,384.68,0.5855,1092.33,385.16,0.6019,1102.39,426.34,0.6760,1093.77,427.30,0.6937,1092.81,461.30,0.7824,1069.35,465.13,0.7773
898,bottom,0,956.49,626.48,1062.90,909.16,1010.39,649.81,0.7452,1007.63,644.98,0.5407,1013.15,644.98,0.4947,1000.03,651.19,0.7874,1020.74,652.57,0.8030,984.85,681.55,0.8125,1036.61,685.69,0.8273,966.91,720.89,0.8024,1049.72,729.17,0.7997,964.15,751.26,0.7729,1056.62,762.99,0.7501,996.58,761.61,0.7088,1024.19,762.30,0.7147,988.99,820.96,0.8075,1017.29,811.99,0.7851,999.34,866.51,0.7694,1013.15,864.44,0.7642
899,top,,,,,,,,,,,,,,,,,,,,,,,,,,,,,,,,,,,,,,,,,,,,,,,,,,,,,,,,
899,bottom,,,,,,,,,,,,,,,,,,,,,,,,,,,,,,,,,,,,,,,,,,,,,,,,,,,,,,,,
900,top,,,,,,,,,,,,,,,,,,,,,,,,,,,,,,,,,,,,,,,,,,,,,,,,,,,,,,,,
900,bottom,,,,,,,,,,,,,,,,,,,,,,,,,,,,,,,,,,,,,,,,,,,,,,,,,,,,,,,,
901,top,,,,,,,,,,,,,,,,,,,,,,,,,,,,,,,,,,,,,,,,,,,,,,,,,,,,,,,,
901,bottom,,,,,,,,,,,,,,,,,,,,,,,,,,,,,,,,,,,,,,,,,,,,,,,,,,,,,,,,
902,top,,,,,,,,,,,,,,,,,,,,,,,,,,,,,,,,,,,,,,,,,,,,,,,,,,,,,,,,
902,bottom,,,,,,,,,,,,,,,,,,,,,,,,,,,,,,,,,,,,,,,,,,,,,,,,,,,,,,,,
903,top,1,1063.18,294.11,1135.14,490.13,1083.84,311.72,0.6722,1086.24,307.41,0.6180,1080.02,310.28,0.6113,1090.54,309.80,0.6405,1074.75,316.98,0.6603,1103.95,322.72,0.5961,1078.10,337.56,0.6070,1128.35,320.81,0.5492,1073.79,348.57,0.4641,1131.70,307.89,0.6377,1069.97,320.81,0.4886,1114.95,387.81,0.6112,1097.24,390.68,0.6437,1116.87,427.06,0.7004,1103.95,431.36,0.7527,1109.21,457.69,0.7438,1079.54,466.78,0.7744
903,bottom,0,922.93,612.43,1053.01,876.16,995.05,634.84,0.8260,995.70,630.98,0.6016,993.76,631.62,0.5233,984.11,638.06,0.7420,1004.71,638.70,0.7265,968.01,667.68,0.8173,1023.38,670.90,0.8611,950.62,706.31,0.7976,1035.61,714.04,0.7930,943.54,740.43,0.8040,1044.63,746.87,0.8324,977.67,743.01,0.6781,1010.50,744.30,0.7107,953.20,790.66,0.8196,1025.31,788.72,0.7960,941.61,849.25,0.8792,1030.46,843.45,0.8389
904,top,1,1062.95,302.10,1137.70,488.52,1085.31,315.21,0.7042,1087.58,311.11,0.6499,1081.21,312.93,0.6517,1091.68,314.75,0.6404,1074.38,319.30,0.7393,1103.97,328.41,0.5606,1075.29,341.15,0.6140,1131.73,327.04,0.6647,1070.29,359.81,0.4538,1131.28,344.79,0.5951,1069.83,329.77,0.4243,1114.89,391.67,0.6025,1097.14,394.86,0.6266,1120.35,429.90,0.6863,1106.24,433.54,0.7240,1116.26,460.85,0.7454,1083.49,467.68,0.7476
904,bottom,0,904.03,615.13,1052.37,870.20,992.52,638.05,0.8657,991.28,634.31,0.6324,993.77,634.31,0.5178,981.94,640.54,0.7778,1001.86,641.78,0.7413,965.12,669.81,0.8666,1019.30,674.79,0.8907,948.31,707.79,0.7916,1033.00,717.76,0.8287,940.21,742.67,0.8077,1043.59,750.14,0.8595,975.09,744.53,0.7216,1008.09,745.16,0.7543,947.06,791.24,0.8306,1026.15,788.75,0.8226,927.76,848.53,0.8959,1037.98,843.55,0.9029
905,top,1,1062.67,306.91,1141.07,487.67,1086.87,323.15,0.7129,1089.07,319.18,0.6929,1082.01,320.50,0.6923,1093.93,322.71,0.7123,1075.39,326.68,0.8251,1109.37,338.15,0.6494,1072.74,348.30,0.6989,1134.09,347.86,0.7430,1069.21,369.93,0.7491,1130.11,366.40,0.6797,1073.18,340.80,0.6308,1115.11,395.52,0.6637,1096.13,399.50,0.6495,1124.38,434.80,0.6865,1108.93,438.33,0.7244,1116.87,462.60,0.7565,1087.31,467.90,0.7469
905,bottom,0,889.93,621.09,1064.89,867.63,990.05,643.24,0.9137,989.45,639.63,0.6403,991.26,639.63,0.4944,979.22,645.65,0.7560,999.08,646.25,0.7431,962.97,674.54,0.8891,1015.93,679.35,0.9197,944.31,713.66,0.8085,1030.38,722.09,0.8422,934.68,747.97,0.8202,1042.42,753.99,0.8714,970.79,746.77,0.7388,1003.29,748.58,0.7638,940.09,793.72,0.8734,1027.37,789.51,0.8587,911.80,846.69,0.9069,1046.63,844.28,0.9310
906,top,1,1060.88,313.23,1139.53,487.04,1088.75,327.15,0.7821,1090.87,323.75,0.7320,1083.65,325.03,0.7921,1095.96,328.00,0.7513,1076.86,332.24,0.8630,1111.66,346.67,0.7037,1071.35,355.15,0.7740,1131.60,367.46,0.7851,1067.11,382.31,0.7305,1123.97,387.40,0.7355,1076.44,359.40,0.6348,1115.06,401.83,0.6581,1094.69,405.23,0.6315,1125.66,441.72,0.7185,1109.11,444.69,0.7636,1115.90,465.06,0.7653,1092.57,471.85,0.7219
906,bottom,0,881.79,630.25,1067.63,867.70,985.60,650.37,0.9797,986.21,647.34,0.6394,986.81,647.95,0.4946,975.92,654.00,0.6629,994.07,655.21,0.6907,958.98,683.04,0.9209,1012.22,687.27,0.9107,940.83,721.76,0.8301,1027.34,729.01,0.8608,929.34,755.63,0.8577,1040.05,759.26,0.8944,968.06,750.19,0.7684,998.91,752.00,0.7847,932.97,796.77,0.9036,1027.95,794.96,0.9139,900.30,845.17,0.9326,1053.36,848.19,0.9340
907,top,1,1057.53,317.77,1135.53,486.20,1088.72,331.67,0.8582,1091.59,328.38,0.8246,1083.78,329.21,0.8777,1097.35,332.08,0.8064,1078.44,335.79,0.8591,1112.57,354.29,0.7575,1069.80,360.46,0.7922,1125.72,381.02,0.7979,1065.28,388.83,0.7091,1115.44,400.75,0.6870,1078.44,369.09,0.6151,1113.39,404.46,0.6193,1090.77,408.57,0.6052,1125.31,444.34,0.7370,1107.22,446.40,0.7901,1116.27,465.31,0.7959,1092.83,473.13,0.7180
907,bottom,0,877.08,638.61,1067.90,866.72,977.46,658.25,0.9790,978.70,655.14,0.6004,976.22,655.76,0.5297,968.14,663.22,0.6904,986.15,663.22,0.7387,952.61,691.17,0.9140,1005.41,692.41,0.9276,934.60,731.54,0.8693,1021.56,734.65,0.8496,921.55,765.71,0.9389,1035.85,765.09,0.9398,963.79,755.77,0.7805,994.85,757.63,0.7980,927.77,797.39,0.9075,1025.29,798.01,0.9202,894.22,838.38,0.8960,1053.24,849.57,0.9356
908,top,1,1056.12,318.99,1133.89,488.92,1087.12,333.02,0.8749,1090.44,329.70,0.8551,1082.97,330.53,0.8808,1096.66,334.26,0.8216,1077.99,336.75,0.8457,1110.77,356.66,0.7387,1068.87,360.81,0.7731,1118.65,385.70,0.7256,1060.57,387.36,0.7434,1102.47,408.11,0.5628,1077.58,384.04,0.5959,1111.60,406.86,0.6430,1088.36,410.59,0.6312,1124.46,443.37,0.7195,1099.15,444.61,0.7637,1116.57,466.18,0.7969,1087.95,471.58,0.7842
908,bottom,0,877.29,642.88,1068.67,866.43,966.13,662.45,0.9174,964.26,659.96,0.5159,964.88,658.72,0.5721,958.65,667.44,0.7576,976.10,666.19,0.6920,943.70,694.85,0.9267,995.41,696.72,0.8952,926.26,734.72,0.8711,1012.23,737.21,0.8528,914.42,770.23,0.9622,1025.94,768.36,0.9296,954.92,761.51,0.7990,986.07,762.75,0.8009,923.77,793.90,0.9412,1020.95,798.89,0.9277,892.62,836.89,0.9200,1052.72,849.35,0.9407
909,top,1,1052.40,318.33,1132.04,486.63,1083.59,332.22,0.8658,1086.88,328.93,0.8447,1079.07,329.34,0.8741,1093.45,333.04,0.8385,1074.14,335.51,0.8293,1107.01,355.23,0.7368,1064.69,358.93,0.7490,1111.94,385.22,0.7244,1056.47,382.35,0.7488,1095.92,407.00,0.5917,1074.14,389.33,0.6219,1107.01,404.13,0.6058,1083.18,407.00,0.5814,1120.98,440.70,0.6713,1089.35,441.52,0.7609,1116.05,465.35,0.8063,1082.77,469.46,0.7840
909,bottom,0,876.21,643.05,1069.84,865.23,954.11,663.38,0.9078,951.59,660.23,0.5706,956.63,659.60,0.5769,945.29,666.53,0.7414,962.94,665.90,0.7453,929.53,695.52,0.9043,980.59,696.78,0.8952,913.14,736.49,0.8648,995.71,737.75,0.8726,907.47,770.53,0.9189,1010.84,768.01,0.8731,943.40,762.96,0.8520,973.65,763.59,0.8248,917.56,792.59,0.9304,1015.25,800.78,0.8998,891.08,837.97,0.9435,1051.18,848.68,0.9451
910,top,1,1050.16,315.69,1131.63,487.29,1078.32,329.85,0.8765,1082.10,326.91,0.8231,1074.14,327.33,0.8738,1088.38,331.10,0.8406,1069.11,333.20,0.8058,1102.62,352.89,0.7305,1060.31,355.40,0.7605,1106.81,381.80,0.7209,1053.61,375.93,0.7364,1088.80,402.33,0.6216,1065.34,391.01,0.6934,1102.62,402.74,0.6035,1077.07,404.42,0.5965,1114.35,437.94,0.6739,1077.91,438.36,0.7274,1115.61,464.75,0.8323,1077.91,470.62,0.7600
910,bottom,0,877.38,641.30,1067.74,864.55,940.34,661.21,0.9083,938.48,656.88,0.5975,942.20,657.50,0.5663,931.04,663.69,0.8044,949.01,664.31,0.7659,915.55,691.58,0.9192,965.13,694.06,0.8969,900.06,731.86,0.8463,978.14,735.57,0.8286,900.68,767.18,0.8448,996.11,764.08,0.8586,928.57,760.98,0.8269,957.69,761.60,0.7710,909.98,787.63,0.8956,1001.69,803.74,0.8308,890.77,837.82,0.9646,1046.92,847.73,0.9080
911,top,1,1044.89,313.11,1132.94,487.10,1071.92,327.47,0.9099,1075.75,324.07,0.8698,1067.67,325.34,0.8947,1082.54,328.74,0.8791,1063.00,330.87,0.8259,1096.56,349.56,0.7583,1054.93,352.11,0.7811,1102.93,378.44,0.7521,1050.26,372.07,0.6921,1085.94,398.41,0.6147,1059.18,391.61,0.6872,1096.98,402.66,0.6354,1070.22,404.35,0.6326,1110.15,437.49,0.6997,1066.82,439.61,0.6934,1116.10,462.98,0.8359,1072.77,468.92,0.7784
911,bottom,0,877.70,638.15,1059.69,863.93,926.63,657.44,0.8655,927.81,653.88,0.5030,927.81,653.88,0.5648,918.93,660.40,0.7015,934.33,660.40,0.7982,902.34,686.46,0.9575,950.92,691.80,0.8858,884.57,726.16,0.8739,960.99,732.08,0.8279,892.86,757.55,0.8550,982.91,758.74,0.7669,914.78,758.74,0.8419,941.44,759.33,0.7888,907.08,785.40,0.8885,987.65,802.58,0.7980,890.49,836.35,0.9489,1032.08,846.42,0.8547
912,top,1,1040.34,309.44,1131.52,491.92,1065.43,326.28,0.9698,1069.44,322.71,0.9515,1061.42,324.05,0.9469,1076.13,327.17,0.9288,1056.97,329.84,0.8529,1090.38,348.11,0.7835,1048.95,350.78,0.8251,1097.51,377.51,0.7906,1046.72,373.95,0.6977,1080.14,398.45,0.6101,1053.85,394.89,0.6999,1091.27,401.57,0.6579,1063.65,402.91,0.6480,1105.53,438.55,0.7268,1058.75,439.89,0.6857,1115.78,463.05,0.7943,1067.22,470.18,0.7727
912,bottom,0,867.32,631.95,1043.44,865.29,914.67,652.88,0.9192,916.39,649.44,0.5726,914.10,650.01,0.5562,907.22,655.74,0.6788,923.27,655.74,0.7463,891.74,680.97,0.9187,940.47,687.28,0.8496,871.67,721.10,0.9020,948.50,728.56,0.8132,884.29,744.61,0.8034,970.86,751.49,0.7469,902.06,754.35,0.8032,929.00,755.50,0.7594,903.21,784.74,0.8342,973.72,798.50,0.7633,890.02,836.91,0.8847,1009.27,847.23,0.8296
913,top,1,1032.65,310.82,1126.77,487.48,1059.87,325.83,0.9775,1063.75,322.81,0.9560,1055.99,324.11,0.9282,1070.22,327.12,0.8795,1050.81,329.71,0.8374,1083.16,347.83,0.8102,1042.62,349.55,0.8668,1091.36,377.16,0.8031,1039.60,372.41,0.7487,1078.42,400.88,0.7004,1043.48,395.70,0.7610,1084.89,403.03,0.7071,1056.85,404.33,0.6948,1099.55,437.97,0.7449,1052.11,440.13,0.7165,1112.06,461.26,0.8309,1061.60,473.77,0.8397
913,bottom,0,856.44,626.35,1013.22,865.09,904.52,648.38,0.8795,905.69,644.30,0.5810,903.94,645.47,0.5457,895.78,650.71,0.7069,913.27,650.71,0.7351,881.21,676.94,0.8872,930.17,681.02,0.8445,861.39,715.99,0.8914,938.33,722.99,0.8184,876.55,729.98,0.7552,959.89,746.30,0.7769,889.37,748.63,0.7621,916.76,749.22,0.7133,896.36,785.35,0.8198,959.89,794.10,0.8003,889.37,837.23,0.8379,982.04,850.63,0.7979
914,top,1,1027.16,311.91,1117.27,494.09,1053.09,328.28,0.9386,1056.65,324.72,0.9143,1049.09,326.05,0.9092,1063.32,329.17,0.8984,1043.75,331.84,0.8279,1076.22,350.07,0.7778,1036.64,351.85,0.8403,1086.01,378.98,0.7591,1033.97,375.42,0.7307,1077.11,405.23,0.7049,1035.30,399.44,0.7400,1077.11,404.34,0.6344,1050.87,405.23,0.6288,1092.23,439.47,0.7054,1047.31,444.37,0.6837,1106.91,462.60,0.7190,1056.65,476.39,0.8174
914,bottom,0,848.20,622.38,965.55,857.75,892.51,643.52,0.8923,891.36,640.65,0.5281,894.23,641.22,0.5835,884.46,646.40,0.6723,901.13,645.82,0.7057,870.67,673.98,0.8939,917.79,675.70,0.8355,852.28,710.18,0.8767,928.14,716.50,0.8130,869.52,716.50,0.6626,951.12,740.06,0.8235,878.72,746.38,0.7545,905.72,746.96,0.6947,887.34,787.76,0.8210,942.50,788.33,0.8435,886.76,837.18,0.8399,945.37,851.54,0.7784
915,top,1,1020.17,317.24,1107.66,492.32,1046.39,332.12,0.9256,1050.24,329.12,0.9010,1042.54,329.98,0.8714,1056.65,332.97,0.8845,1037.41,334.68,0.8215,1068.61,353.49,0.7690,1030.15,354.77,0.8226,1081.01,382.12,0.7592,1027.15,379.56,0.7301,1075.88,409.48,0.7060,1028.44,403.50,0.7329,1070.32,408.63,0.6463,1045.96,409.05,0.6679,1081.86,447.09,0.7131,1042.54,447.52,0.7229,1098.11,459.92,0.8228,1056.65,476.59,0.7789
915,bottom,0,826.84,618.91,959.03,865.27,881.51,641.05,0.8441,880.91,638.04,0.5164,882.71,638.64,0.5767,874.29,644.66,0.6979,890.53,642.85,0.7134,862.86,670.52,0.8679,909.18,673.53,0.8358,843.62,709.01,0.8738,918.80,713.83,0.8238,859.86,707.21,0.5635,942.26,735.48,0.8311,869.48,745.70,0.7503,895.94,746.30,0.6860,877.90,788.41,0.8234,928.42,789.01,0.8437,879.10,837.73,0.7964,917.00,850.96,0.7954
916,top,1,1014.83,321.98,1097.74,491.90,1040.10,336.83,0.8784,1043.84,333.93,0.8420,1036.37,334.34,0.8292,1049.65,337.66,0.8349,1030.56,338.49,0.8261,1061.68,358.40,0.7314,1023.51,359.23,0.8171,1076.61,385.37,0.7539,1020.19,383.71,0.7445,1074.95,413.58,0.6962,1021.44,406.11,0.7591,1063.34,412.33,0.6343,1041.35,412.33,0.6457,1068.73,452.99,0.6583,1040.10,451.75,0.7328,1088.64,462.12,0.7736,1056.70,477.05,0.7425
916,bottom,0,825.15,621.31,952.42,872.02,870.42,641.38,0.8416,870.42,637.71,0.5677,872.26,638.93,0.5812,863.69,643.83,0.7168,878.99,643.22,0.6801,852.06,671.37,0.9033,897.97,673.82,0.8819,834.92,708.71,0.8748,908.37,714.83,0.8418,848.39,700.14,0.5678,935.30,731.97,0.8369,859.40,746.66,0.7733,885.72,746.66,0.7459,871.65,787.67,0.8277,913.88,791.95,0.8015,866.14,841.53,0.7771,889.40,849.49,0.7562
917,top,1,1007.42,327.39,1085.19,494.34,1032.86,341.58,0.8366,1036.52,337.91,0.7866,1029.19,338.32,0.8002,1043.05,341.17,0.8260,1024.30,341.99,0.7715,1054.87,362.37,0.7074,1016.55,363.18,0.8017,1072.39,387.64,0.7590,1012.07,387.64,0.7431,1074.43,416.58,0.7024,1016.15,405.98,0.7471,1056.50,415.76,0.5988,1037.34,415.76,0.6087,1054.46,457.74,0.6211,1038.56,457.33,0.6572,1077.69,465.49,0.7375,1057.72,478.53,0.6940
917,bottom,0,817.89,625.72,945.56,863.47,859.09,644.76,0.8244,858.51,641.28,0.5642,860.25,642.44,0.5025,850.38,647.66,0.6983,867.80,647.08,0.6350,841.10,673.78,0.8935,886.37,676.68,0.8604,825.43,710.93,0.8816,895.08,717.31,0.8350,836.45,698.16,0.6389,926.42,731.24,0.8309,848.64,748.66,0.7945,873.60,749.24,0.7717,865.48,788.71,0.7981,899.14,799.73,0.8060,848.64,845.01,0.8348,864.31,848.49,0.7562
918,top,1,1001.45,330.07,1077.62,493.97,1027.13,343.59,0.8780,1031.13,339.59,0.8246,1023.53,339.99,0.8478,1037.53,343.19,0.8438,1018.32,343.59,0.8007,1049.54,364.00,0.7081,1010.32,364.40,0.8063,1067.94,387.61,0.8080,1005.92,390.41,0.7606,1071.54,416.42,0.7336,1012.32,405.21,0.7381,1049.14,416.82,0.6314,1031.93,417.62,0.6378,1042.33,456.03,0.5922,1036.73,457.63,0.6387,1061.54,470.44,0.6370,1055.94,479.24,0.6775
918,bottom,0,806.54,632.03,939.20,865.59,848.92,649.02,0.7335,848.92,646.17,0.5834,849.49,646.74,0.4681,839.23,653.01,0.6865,855.76,652.44,0.6211,831.82,676.39,0.8630,874.01,680.95,0.8051,815.28,712.31,0.8457,882.56,722.01,0.8146,828.96,699.77,0.5647,917.92,731.13,0.8418,840.37,755.65,0.8057,862.04,755.65,0.7616,859.76,794.42,0.7348,882.56,808.11,0.7925,838.66,845.74,0.8174,844.93,848.59,0.8163
919,top,1,995.59,329.31,1071.81,502.18,1021.88,343.57,0.9012,1025.68,339.77,0.8229,1018.08,340.20,0.8766,1031.59,343.15,0.8467,1012.60,343.99,0.8481,1043.83,363.41,0.7200,1004.58,364.25,0.8252,1062.82,386.20,0.8144,999.51,390.84,0.8091,1066.20,414.06,0.7411,1008.80,402.24,0.6988,1042.98,416.17,0.6329,1027.37,418.28,0.6234,1032.01,450.35,0.5853,1032.43,454.57,0.5897,1052.27,483.27,0.5968,1054.38,479.47,0.6174
919,bottom,0,796.97,638.10,931.32,871.01,839.13,654.47,0.7252,840.83,651.63,0.5896,839.69,652.77,0.4859,828.32,659.02,0.7072,844.81,659.02,0.6483,822.64,680.06,0.8323,861.30,686.89,0.8205,803.30,713.04,0.8113,872.11,727.26,0.7882,818.09,697.12,0.5476,909.64,730.10,0.8358,832.30,759.67,0.8067,849.36,759.67,0.7522,852.77,801.75,0.6907,866.42,817.67,0.7890,842.54,848.94,0.7012,825.48,855.77,0.7401
920,top,1,987.99,327.82,1067.02,505.58,1015.79,342.49,0.9312,1019.26,339.01,0.8289,1011.88,339.45,0.9071,1026.21,342.05,0.8944,1007.11,342.92,0.8721,1038.79,362.88,0.7678,998.43,362.88,0.8728,1056.59,385.45,0.8373,993.22,388.92,0.8430,1060.93,413.66,0.7974,1003.64,402.81,0.7003,1034.45,415.83,0.7052,1021.43,417.13,0.6756,1025.77,451.42,0.7088,1030.98,452.29,0.6745,1030.98,495.26,0.7400,1053.98,473.99,0.7302
920,bottom,0,784.46,641.37,921.53,874.32,831.38,658.88,0.7303,830.81,656.61,0.5727,830.81,657.75,0.5503,817.16,664.57,0.7171,835.36,665.14,0.7358,810.91,685.04,0.8468,849.58,690.73,0.8391,791.57,713.48,0.8115,858.68,731.68,0.7793,803.51,686.75,0.6408,899.63,726.56,0.8066,823.42,762.96,0.7996,838.77,764.67,0.7600,847.87,803.91,0.5280,850.15,823.82,0.7420,839.34,851.69,0.7108,810.91,861.92,0.6964
921,top,1,982.24,326.23,1062.24,506.65,1010.79,341.56,0.9275,1014.31,338.03,0.8288,1007.27,338.47,0.9081,1020.92,341.56,0.8666,1001.54,342.00,0.8690,1033.70,362.70,0.7514,992.29,361.38,0.8648,1049.11,386.49,0.8084,986.56,387.81,0.8484,1054.40,414.68,0.7802,998.02,403.22,0.7544,1027.09,415.12,0.6896,1012.99,416.00,0.6819,1017.40,453.44,0.7012,1025.77,451.23,0.6967,1015.64,498.37,0.7609,1050.43,472.82,0.7798
921,bottom,0,773.13,643.59,904.95,907.42,820.36,660.21,0.7401,819.07,658.92,0.5372,821.01,659.57,0.6105,806.83,667.30,0.7158,824.23,666.01,0.7675,799.11,686.62,0.8295,837.11,693.71,0.8435,780.43,712.38,0.8829,846.77,733.64,0.8137,793.95,678.89,0.7709,884.77,720.76,0.8352,815.21,764.56,0.7396,828.09,765.85,0.7585,840.97,796.76,0.5882,833.24,826.39,0.6933,837.11,849.58,0.8246,795.24,872.12,0.7093
922,top,0,973.86,326.68,1056.80,510.88,1005.88,342.78,0.9007,1009.03,339.63,0.8123,1001.83,340.08,0.8800,1015.33,342.78,0.8506,995.99,343.68,0.8776,1027.47,363.91,0.7762,986.09,362.11,0.8707,1041.41,389.55,0.8078,979.80,389.10,0.8395,1048.16,417.43,0.7760,992.39,407.09,0.7557,1019.82,416.08,0.6841,1006.33,416.53,0.6683,1010.83,453.41,0.6599,1018.92,451.61,0.6870,1001.83,500.63,0.7126,1045.01,470.50,0.8123
922,bottom,1,763.35,642.80,887.60,908.62,813.80,664.08,0.7219,811.20,662.79,0.5159,813.80,662.79,0.6298,798.22,670.57,0.7007,813.80,668.63,0.7777,791.08,689.39,0.7736,826.78,694.59,0.8200,770.31,710.81,0.8709,835.21,734.82,0.7736,782.00,675.76,0.7036,870.26,714.05,0.8266,804.71,766.62,0.7348,819.64,768.57,0.7938,829.37,804.91,0.6518,820.93,828.28,0.7071,837.16,851.64,0.8260,781.35,878.25,0.7684
923,top,1,967.13,323.94,1050.82,524.33,999.68,344.88,0.8859,1003.59,341.45,0.8108,996.25,341.45,0.8604,1010.44,344.88,0.8942,990.87,344.39,0.8729,1021.69,367.87,0.8051,979.62,363.47,0.8799,1033.43,393.80,0.8159,973.26,389.89,0.8292,1041.26,422.17,0.7464,983.53,410.43,0.7870,1011.42,420.71,0.6944,996.74,420.71,0.6831,1002.12,459.85,0.7447,1010.44,455.93,0.7001,995.76,504.37,0.8107,1038.33,467.67,0.7991
923,bottom,0,750.95,648.05,864.10,910.82,804.32,667.17,0.6827,802.39,665.24,0.4595,803.03,664.60,0.6439,787.00,672.30,0.6775,803.68,671.02,0.7595,781.86,692.83,0.7459,814.58,699.24,0.7951,759.41,710.79,0.8089,825.49,736.45,0.7700,768.39,672.30,0.7833,848.58,707.58,0.8258,797.26,769.17,0.6938,810.73,770.45,0.7461,819.71,810.23,0.5645,810.73,831.40,0.7132,829.98,850.64,0.7297,768.39,881.44,0.7423
924,top,1,961.44,325.54,1043.73,526.68,994.73,347.54,0.9416,998.65,344.59,0.8579,990.80,344.59,0.8712,1005.04,348.03,0.8926,985.39,347.05,0.8979,1014.86,370.62,0.8578,974.10,365.71,0.9090,1026.65,398.61,0.8334,967.72,391.74,0.8488,1034.50,426.60,0.7718,972.14,414.33,0.8145,1002.58,424.15,0.7387,988.34,424.15,0.7236,994.23,464.42,0.7609,998.65,459.51,0.6854,990.80,507.63,0.8547,1028.61,466.87,0.7807
924,bottom,0,737.30,647.45,847.44,911.75,794.95,671.19,0.6728,794.31,669.90,0.4887,793.02,668.61,0.6367,776.24,676.36,0.6236,793.02,674.42,0.7164,771.08,695.71,0.7017,803.34,701.52,0.7315,749.14,711.85,0.7623,818.18,735.72,0.7497,756.24,673.77,0.7386,829.15,697.65,0.8219,788.50,769.92,0.6783,800.76,771.86,0.7335,807.86,813.16,0.5530,803.34,832.51,0.7095,813.67,855.10,0.7063,762.69,884.14,0.7365
925,top,1,955.74,326.46,1035.93,527.25,988.97,349.40,0.9506,992.40,345.97,0.8952,985.05,345.97,0.9011,998.77,349.40,0.8751,979.17,348.91,0.9155,1008.58,373.42,0.8359,967.89,367.05,0.8907,1019.85,401.86,0.8132,962.01,393.52,0.8454,1027.69,429.80,0.7508,962.99,419.01,0.7818,996.32,424.89,0.7173,980.64,424.89,0.7018,986.03,464.60,0.7455,986.03,463.13,0.6713,988.97,507.74,0.8605,1016.91,468.52,0.7457
925,bottom,0,723.32,649.89,822.76,911.10,781.33,672.09,0.5767,781.33,670.17,0.3863,782.61,668.90,0.4724,765.39,677.19,0.5329,785.16,674.64,0.6353,760.29,696.96,0.6546,797.91,698.87,0.6751,740.52,709.71,0.7638,815.77,729.48,0.7292,743.70,673.36,0.7788,808.75,692.49,0.6872,778.14,770.93,0.6727,795.36,771.57,0.6926,794.72,819.40,0.5892,797.91,829.60,0.7375,793.45,863.40,0.5974,760.92,885.72,0.7151
926,top,0,948.04,327.07,1029.65,528.13,981.97,349.55,0.9643,985.90,346.61,0.9186,978.53,346.12,0.9315,992.28,350.04,0.8968,973.13,349.55,0.9511,1002.09,373.12,0.8527,961.84,367.23,0.8967,1012.89,401.59,0.8257,955.95,392.26,0.8389,1021.24,429.56,0.7627,954.97,416.80,0.7906,989.33,426.13,0.7335,972.64,425.64,0.7198,982.95,466.87,0.7564,972.64,466.38,0.7372,987.86,508.59,0.8866,1003.57,475.70,0.7156
926,bottom,1,706.25,648.89,821.29,911.96,762.49,669.96,0.5199,754.14,667.39,0.3554,761.85,666.75,0.4873,748.36,675.74,0.5477,766.34,671.24,0.6295,750.29,696.29,0.6015,781.11,688.59,0.6580,732.30,706.57,0.7409,813.23,711.71,0.6837,729.73,670.60,0.7860,789.46,695.01,0.5290,773.41,768.87,0.6633,792.03,767.58,0.6892,783.68,819.61,0.6967,792.68,826.03,0.7479,768.91,872.91,0.6076,763.77,885.76,0.6777
927,top,0,936.47,330.29,1022.77,528.08,973.83,347.57,0.8716,977.69,344.19,0.9085,970.45,344.19,0.8999,983.97,348.06,0.8616,965.14,348.06,0.8932,995.07,372.20,0.7941,955.48,364.96,0.8396,1006.66,399.72,0.7790,950.17,387.65,0.7601,1014.87,428.70,0.7110,945.82,412.28,0.7533,982.04,426.77,0.6585,963.69,426.28,0.6755,976.72,466.85,0.7212,957.89,466.36,0.7872,987.35,507.89,0.8427,990.25,476.99,0.7340
927,bottom,3,721.99,649.02,815.12,911.75,750.60,671.34,0.5862,743.54,668.14,0.3789,752.52,668.14,0.4967,733.28,677.76,0.6315,752.52,673.27,0.6151,738.41,698.28,0.6687,771.76,690.59,0.6295,725.58,700.21,0.6951,807.04,686.74,0.7226,718.52,669.42,0.7127,774.33,681.61,0.4511,766.63,764.35,0.6880,788.44,764.99,0.7088,769.84,816.95,0.7488,784.59,826.57,0.7183,746.75,869.54,0.7438,762.78,886.22,0.7900
928,top,0,927.64,329.00,1016.48,527.37,966.25,345.86,0.8552,970.12,342.47,0.8746,962.37,342.47,0.8617,976.42,345.86,0.8462,957.53,345.86,0.8694,988.52,370.56,0.7489,948.81,363.29,0.8027,1001.12,397.68,0.7570,943.48,385.57,0.7184,1009.35,426.73,0.6821,938.16,409.30,0.7151,975.45,424.80,0.6404,956.08,423.34,0.6505,970.12,465.96,0.7225,947.84,464.51,0.7542,984.65,503.25,0.7180,971.57,485.33,0.6072
928,bottom,1,677.80,644.36,802.17,912.05,736.07,674.30,0.5929,732.15,672.34,0.3794,736.72,671.03,0.5196,722.34,683.45,0.5363,738.03,675.60,0.6547,726.26,698.48,0.6521,760.90,686.06,0.6676,719.07,684.10,0.5956,784.43,660.57,0.6517,704.04,661.88,0.6245,771.36,662.53,0.3158,758.29,765.14,0.7239,782.47,765.14,0.7156,754.37,819.38,0.7473,780.51,826.57,0.7668,726.92,869.70,0.7363,762.21,886.04,0.8021
929,top,0,922.74,327.60,1010.63,526.67,958.43,344.51,0.8497,962.80,341.11,0.8380,955.02,341.11,0.8733,969.12,344.51,0.8630,950.16,344.51,0.8514,981.27,367.84,0.7381,942.39,362.49,0.8055,995.36,395.54,0.7689,937.04,387.28,0.7257,1003.63,425.19,0.6915,930.72,410.61,0.6943,969.60,424.22,0.6530,948.71,422.27,0.6709,964.74,466.01,0.7521,935.58,461.64,0.7960,982.73,501.49,0.7658,956.48,491.77,0.7335
929,bottom,1,664.21,625.20,797.07,911.89,724.34,675.45,0.7106,720.14,674.75,0.5402,722.24,673.35,0.6052,712.44,686.65,0.5727,724.34,681.75,0.6621,721.54,701.35,0.6419,748.14,692.95,0.6580,711.74,678.25,0.4792,762.13,667.05,0.7184,690.74,659.36,0.5476,757.24,646.06,0.7173,749.54,764.35,0.7866,774.03,763.65,0.7593,738.34,823.84,0.7927,776.13,827.34,0.8046,706.14,877.74,0.8047,762.83,886.14,0.8813
930,top,1,912.41,329.95,1005.92,528.02,951.91,344.84,0.8350,955.78,341.46,0.8255,948.04,341.94,0.8454,962.07,344.36,0.8566,942.72,345.33,0.8281,975.12,368.54,0.7312,935.47,364.19,0.7928,989.15,395.62,0.7670,930.15,389.81,0.7215,997.85,423.66,0.7232,922.41,413.03,0.6855,963.52,425.12,0.6617,942.24,423.18,0.6822,959.17,466.22,0.7527,925.80,459.93,0.7590,978.51,502.00,0.7592,935.95,499.59,0.7668
930,bottom,0,655.95,591.57,789.38,916.40,716.32,676.26,0.6983,712.36,673.88,0.5761,715.53,674.68,0.6552,702.84,688.16,0.5982,715.53,681.02,0.6868,709.98,704.81,0.6576,740.11,689.74,0.6797,695.70,678.64,0.5959,752.01,654.06,0.8061,678.26,660.40,0.7170,745.67,617.58,0.8707,739.32,765.08,0.8300,765.49,763.50,0.8063,723.46,826.15,0.7744,774.22,829.32,0.8437,689.36,883.25,0.7838,763.91,889.59,0.9336
931,top,1,897.38,331.80,1001.07,536.76,943.72,346.71,0.8575,947.72,343.21,0.8631,939.72,343.71,0.8472,954.23,346.21,0.8777,935.21,347.71,0.8458,968.74,370.73,0.7551,928.71,367.23,0.7738,982.75,398.25,0.7754,923.20,391.75,0.7267,992.76,426.77,0.7543,913.69,416.77,0.7091,958.23,426.27,0.6804,935.71,424.27,0.6858,954.73,467.81,0.7752,916.70,462.30,0.7620,973.24,509.34,0.7509,917.20,503.84,0.7604
931,bottom,0,651.36,603.40,785.69,922.38,702.95,683.45,0.7009,699.83,681.89,0.5475,702.95,681.12,0.6065,691.27,695.13,0.6414,706.06,686.57,0.6724,697.50,713.05,0.6580,730.20,694.36,0.7020,686.59,694.36,0.5539,748.12,661.65,0.7877,671.80,670.99,0.6301,746.56,623.49,0.8393,730.20,771.45,0.8315,758.24,768.34,0.8063,708.40,831.42,0.7288,771.48,830.64,0.8483,674.91,888.27,0.7850,764.47,891.38,0.9647
932,top,1,877.15,334.45,993.97,540.33,936.06,350.94,0.8544,940.08,346.92,0.8407,932.54,347.42,0.8228,946.62,350.94,0.8746,927.52,351.94,0.8183,961.19,374.56,0.7646,920.98,372.55,0.7684,976.27,401.20,0.7805,914.95,396.17,0.7503,987.33,429.85,0.7328,905.40,420.30,0.7502,953.15,428.85,0.6419,929.53,427.84,0.6588,950.64,470.56,0.7435,908.92,463.53,0.7506,963.71,514.80,0.7779,896.86,506.75,0.8142
932,bottom,0,643.16,628.87,786.73,934.92,685.80,690.74,0.7131,685.06,689.24,0.4857,686.55,687.00,0.5162,679.08,698.96,0.6025,696.26,689.99,0.6716,683.56,719.88,0.7031,720.92,697.46,0.7144,673.85,730.34,0.6861,748.57,678.04,0.7511,667.12,692.23,0.6275,758.28,651.14,0.7898,718.68,777.41,0.7720,748.57,770.69,0.7695,694.77,838.68,0.7206,769.49,829.71,0.8113,661.89,896.21,0.8170,767.25,893.23,0.9151
933,top,0,858.48,340.99,989.74,545.37,928.10,356.36,0.8287,932.09,352.86,0.8073,924.61,353.36,0.8267,939.08,357.35,0.8912,919.62,358.35,0.7891,954.05,379.81,0.8119,913.13,378.81,0.8091,970.51,407.75,0.7737,906.64,403.26,0.7461,981.49,436.19,0.7190,896.66,427.71,0.7378,947.56,433.20,0.6341,923.11,433.20,0.6361,947.06,477.11,0.7277,899.16,472.12,0.7238,954.54,526.51,0.8187,878.20,510.54,0.8019
933,bottom,1,629.03,666.30,791.69,945.84,673.51,697.56,0.8440,672.83,697.56,0.6073,671.46,696.19,0.5236,666.68,705.07,0.7284,684.43,696.19,0.6924,670.10,729.63,0.7900,713.09,706.43,0.7452,664.64,751.47,0.7615,744.49,700.29,0.5547,666.00,718.03,0.6141,764.96,688.00,0.6462,706.27,789.69,0.7414,737.66,783.55,0.7574,681.02,853.16,0.7512,764.28,835.42,0.8104,648.94,913.22,0.8157,772.47,898.21,0.8771
934,top,1,842.98,349.07,982.72,547.92,920.62,363.54,0.8318,924.50,360.14,0.8321,916.73,360.62,0.8469,931.78,364.99,0.8605,912.36,365.96,0.8296,946.83,387.32,0.8135,905.08,388.29,0.8008,964.79,415.48,0.7660,898.28,412.08,0.7261,976.45,444.12,0.6244,886.63,436.36,0.6874,941.98,439.75,0.6316,917.70,440.24,0.6371,942.46,480.53,0.7424,891.97,479.08,0.6344,951.20,529.57,0.8421,862.84,512.58,0.7905
934,bottom,0,622.05,685.91,796.27,956.27,666.91,705.58,0.8606,666.91,704.92,0.6064,663.61,702.94,0.5329,659.65,712.18,0.7025,678.14,703.60,0.6556,661.63,740.56,0.8055,706.52,718.12,0.7502,655.69,773.56,0.7692,740.18,718.12,0.4565,658.99,743.86,0.5797,769.22,718.78,0.5317,693.98,799.31,0.7105,723.68,793.37,0.7057,668.89,865.97,0.7459,758.00,841.55,0.7741,641.83,928.02,0.8280,777.80,901.62,0.8411
935,top,1,835.58,356.89,968.37,548.35,912.73,373.63,0.8452,916.47,369.89,0.8680,908.99,370.35,0.8365,923.48,374.09,0.8774,903.85,375.96,0.8453,939.37,395.60,0.8228,897.30,398.40,0.7589,957.13,421.77,0.7728,887.49,423.17,0.7305,968.82,449.82,0.6391,876.74,450.28,0.6943,935.16,447.95,0.6618,910.39,448.88,0.6643,932.83,485.34,0.7229,883.28,485.34,0.6190,949.65,528.35,0.8212,851.49,519.00,0.7524
935,bottom,0,620.10,692.82,802.26,961.99,661.24,714.38,0.9143,659.92,712.40,0.6230,657.95,712.40,0.5863,654.01,720.29,0.6586,670.44,713.06,0.6661,653.35,749.86,0.8785,701.98,731.46,0.7825,649.41,789.29,0.7986,730.24,738.69,0.5156,653.35,764.32,0.6429,757.84,749.21,0.5857,682.26,813.61,0.7219,713.15,807.03,0.7336,658.61,877.35,0.8136,749.29,849.75,0.8027,639.55,941.75,0.8990,781.50,903.64,0.8435
936,top,1,830.03,362.60,964.29,548.20,903.05,378.82,0.8159,906.22,374.74,0.7852,898.97,375.65,0.7826,913.93,378.37,0.8212,894.44,381.09,0.7397,930.69,400.12,0.7950,887.65,404.65,0.7496,947.91,424.13,0.7314,877.22,429.12,0.7315,960.60,451.32,0.6075,869.52,456.31,0.7021,928.43,451.32,0.6660,902.60,452.23,0.6565,927.07,489.84,0.7511,877.22,488.93,0.6136,949.27,529.26,0.8142,847.32,520.65,0.7429
936,bottom,0,620.94,698.68,800.23,963.84,658.15,719.27,0.8904,655.56,717.32,0.6115,656.21,716.03,0.5700,650.38,725.74,0.6602,667.86,717.32,0.6392,647.79,756.16,0.8682,700.88,740.63,0.7878,645.20,799.54,0.8379,731.95,762.64,0.6731,648.44,776.88,0.6805,740.37,785.30,0.6786,673.69,825.43,0.7459,707.35,819.61,0.7290,652.32,881.75,0.8112,742.95,860.39,0.7682,639.38,943.90,0.8975,779.85,911.53,0.8506
937,top,1,829.41,363.32,962.72,548.11,893.35,381.73,0.7877,896.96,377.67,0.7488,888.84,378.57,0.7475,903.73,380.82,0.8141,884.33,383.53,0.7529,920.42,402.03,0.7696,877.11,406.54,0.7412,938.92,426.39,0.7646,867.19,431.80,0.7259,954.71,453.01,0.6823,864.48,457.07,0.6439,918.62,452.11,0.6483,893.35,452.56,0.6551,922.68,490.00,0.7551,868.99,488.20,0.6562,948.39,528.80,0.8014,845.53,521.13,0.7603
937,bottom,0,620.41,699.11,795.02,963.45,656.73,720.28,0.8790,654.79,718.34,0.5858,654.79,717.05,0.5746,648.99,726.08,0.6870,668.35,718.34,0.6831,646.40,757.71,0.8868,700.62,743.51,0.8478,645.11,799.66,0.8498,725.79,778.36,0.8174,654.15,791.91,0.5605,719.98,799.66,0.7114,672.86,829.99,0.7547,706.42,825.47,0.7294,650.28,882.91,0.8263,736.76,866.13,0.7613,638.66,944.22,0.9028,770.96,919.05,0.8504
938,top,1,830.03,365.43,959.80,547.39,882.92,383.55,0.7267,886.47,379.11,0.7035,878.92,380.00,0.6964,893.13,381.33,0.7981,874.48,384.00,0.7121,910.90,400.44,0.7383,866.04,405.77,0.7696,928.23,424.43,0.7704,856.71,430.65,0.7647,943.78,449.30,0.7418,859.82,455.08,0.6752,909.57,451.97,0.6455,883.36,452.41,0.6632,920.23,490.62,0.7401,859.37,486.62,0.7163,947.33,528.38,0.7929,843.38,521.27,0.7635
938,bottom,0,621.05,695.33,792.93,963.54,656.57,716.81,0.9087,654.60,714.19,0.6107,654.60,713.54,0.6291,648.71,722.05,0.6827,668.35,714.85,0.7246,647.40,754.79,0.8972,700.44,740.38,0.8672,646.09,793.42,0.8325,719.43,778.36,0.8610,664.42,794.73,0.5874,704.37,794.73,0.5897,674.90,826.82,0.7601,707.64,821.58,0.7379,651.98,881.17,0.8203,735.14,864.80,0.7650,639.54,944.03,0.9141,769.85,917.18,0.8485
939,top,1,829.27,362.61,956.65,548.60,873.43,379.32,0.7409,876.61,375.23,0.7250,868.44,376.14,0.7165,882.97,377.05,0.7741,862.54,380.23,0.7847,900.68,396.57,0.7280,855.27,402.93,0.7822,915.66,418.37,0.7225,848.01,429.72,0.7755,931.56,441.53,0.7311,856.18,449.70,0.7558,901.13,448.79,0.6200,873.89,449.70,0.6593,917.93,489.20,0.7196,852.55,483.76,0.7185,943.82,526.89,0.7782,842.56,520.99,0.7796
939,bottom,0,620.59,687.53,794.77,962.40,658.02,708.87,0.9057,656.68,706.18,0.6050,655.34,705.51,0.6154,649.97,714.23,0.6634,670.10,708.20,0.7449,647.95,745.77,0.8863,700.30,733.70,0.8663,647.28,784.70,0.8025,719.76,773.29,0.8534,663.39,790.74,0.5435,700.30,785.37,0.5599,678.15,820.26,0.7463,711.03,814.22,0.7451,655.34,876.63,0.8145,738.55,859.19,0.7732,640.57,941.73,0.8872,772.10,913.54,0.8451
940,top,1,829.94,356.76,947.33,544.87,863.84,375.50,0.7783,867.05,371.37,0.7631,859.24,372.28,0.7606,874.86,374.12,0.8147,854.65,375.96,0.8105,890.93,390.65,0.7435,846.38,398.46,0.8054,904.71,411.78,0.7033,840.41,426.02,0.8000,920.78,431.99,0.7209,852.35,441.17,0.7174,892.31,443.01,0.6162,864.75,444.39,0.6573,911.14,482.96,0.7117,848.22,481.13,0.7358,934.10,519.25,0.7560,842.25,520.16,0.7792
940,bottom,0,619.51,681.08,794.23,958.58,660.80,701.95,0.9317,660.12,699.24,0.6283,657.41,698.56,0.5881,651.99,706.69,0.6724,672.99,701.95,0.7380,648.60,739.21,0.8842,702.13,727.01,0.8636,648.60,776.47,0.7977,722.45,765.63,0.8560,664.86,787.31,0.5529,702.80,780.53,0.5690,681.80,814.41,0.7235,715.00,806.95,0.7283,658.77,870.64,0.8102,744.81,853.02,0.7848,643.19,936.35,0.8712,773.26,907.90,0.8603
941,top,1,827.95,350.04,937.59,542.38,854.60,368.26,0.7660,857.88,364.50,0.7539,850.37,365.91,0.7583,865.40,367.32,0.8386,846.14,371.07,0.8183,882.77,384.69,0.7490,839.57,393.61,0.8106,895.92,405.35,0.6669,834.87,420.38,0.7970,912.82,424.14,0.6727,848.49,430.71,0.7028,885.12,436.35,0.6142,858.35,439.16,0.6407,905.78,480.49,0.7369,847.08,478.61,0.7343,923.62,517.59,0.7419,841.92,519.46,0.8017
941,bottom,0,621.87,674.81,792.42,955.80,663.93,696.62,0.9585,663.93,693.88,0.6407,660.50,693.88,0.5932,655.70,701.43,0.6987,676.28,695.94,0.7427,650.21,735.04,0.8740,704.40,721.32,0.8692,650.21,771.40,0.7891,725.67,759.74,0.8344,668.73,779.63,0.5220,705.78,775.52,0.5411,685.20,809.13,0.7226,718.81,800.90,0.7244,662.56,866.07,0.8135,748.31,846.86,0.7906,648.15,931.93,0.8833,775.06,902.43,0.8214
942,top,1,823.51,342.03,924.77,540.57,847.48,360.84,0.8090,850.87,356.47,0.7810,843.11,357.93,0.7848,859.11,359.87,0.8529,839.24,363.26,0.8095,875.59,376.83,0.7667,833.42,387.50,0.8199,888.68,397.19,0.6769,830.03,414.64,0.8371,907.10,416.58,0.6822,843.60,421.91,0.7179,878.98,427.24,0.6054,852.32,430.64,0.6195,895.95,474.26,0.7438,846.51,477.65,0.7336,910.98,513.52,0.7869,841.66,519.83,0.8138
942,bottom,0,627.47,671.61,793.72,953.16,667.98,692.79,0.9166,667.98,690.04,0.6195,665.92,690.04,0.5658,659.73,697.60,0.6963,680.35,692.79,0.7427,653.55,731.28,0.8714,708.54,718.22,0.8560,652.86,770.46,0.7830,728.47,757.40,0.8267,675.54,780.08,0.5473,709.22,773.89,0.5462,687.91,806.20,0.7133,721.60,797.95,0.7185,665.92,862.56,0.7945,751.84,843.32,0.7782,655.61,928.55,0.9038,777.96,898.31,0.8211
943,top,1,820.02,336.84,913.99,539.27,840.32,354.04,0.7934,843.78,350.08,0.7905,835.87,351.57,0.7892,852.18,351.57,0.8462,833.40,356.51,0.8073,868.98,369.36,0.7655,828.95,379.74,0.8022,883.81,391.10,0.6820,826.48,406.92,0.7842,902.59,411.37,0.6476,840.81,414.83,0.6336,873.43,424.21,0.5996,847.23,427.18,0.6150,887.27,470.18,0.7352,844.76,473.14,0.7144,899.13,510.21,0.7710,840.81,517.62,0.7918
943,bottom,0,643.09,669.35,797.03,953.70,672.86,692.12,0.9059,672.16,688.65,0.6070,670.77,688.65,0.5917,664.53,696.98,0.6751,685.35,692.12,0.7345,657.58,730.30,0.8835,713.12,718.50,0.8585,654.11,769.87,0.8135,732.56,758.07,0.8493,676.33,776.82,0.5629,713.82,774.04,0.5742,690.91,805.28,0.7300,723.53,798.34,0.7315,668.69,860.82,0.8159,754.77,842.07,0.7781,664.53,926.77,0.8991,782.54,895.53,0.8362
944,top,1,815.88,328.45,907.37,536.50,837.76,346.12,0.7878,840.80,342.06,0.7843,833.18,344.09,0.7812,846.90,343.58,0.8242,828.10,348.66,0.8529,862.64,360.34,0.7316,824.04,373.04,0.7804,875.85,381.17,0.6917,822.52,400.47,0.7974,892.10,400.47,0.6109,836.23,409.11,0.6610,867.22,415.71,0.5850,842.33,418.76,0.6042,878.39,462.95,0.7165,840.30,465.49,0.7108,884.99,503.58,0.7447,836.23,511.71,0.7504
944,bottom,0,650.61,671.01,802.61,953.01,678.41,693.59,0.8950,678.41,690.15,0.5996,677.04,689.46,0.5856,669.46,697.72,0.6757,690.12,693.59,0.7471,661.89,730.77,0.8831,716.97,721.13,0.8399,656.38,771.39,0.8280,736.94,761.06,0.8378,677.04,777.59,0.6108,721.79,779.65,0.5813,692.87,807.19,0.7274,725.92,801.68,0.7311,670.84,862.96,0.8123,758.28,845.06,0.7771,674.28,926.99,0.8655,788.57,896.01,0.8478
945,top,2,806.11,324.25,901.87,531.64,832.21,340.35,0.7366,835.25,336.81,0.7212,827.66,338.83,0.7254,840.82,337.82,0.7931,822.59,343.90,0.8324,856.01,353.52,0.7621,819.56,368.20,0.7947,868.16,374.78,0.7480,819.05,396.05,0.7985,884.87,393.52,0.6704,832.72,404.15,0.6671,862.09,412.76,0.6091,837.78,415.29,0.6206,870.19,459.34,0.7125,835.25,461.36,0.7247,872.22,502.88,0.7358,831.20,508.96,0.7545
945,bottom,0,652.83,673.62,809.13,953.57,685.18,696.04,0.8860,684.50,692.62,0.5914,683.82,691.94,0.5734,675.62,700.14,0.6680,696.80,696.72,0.7418,666.73,733.63,0.8890,722.09,726.11,0.8479,659.21,776.69,0.8708,741.23,767.12,0.8405,679.72,778.06,0.6620,726.19,784.89,0.5896,694.75,811.55,0.7413,728.24,806.08,0.7427,674.25,867.59,0.8106,760.36,847.77,0.7685,680.40,930.47,0.9062,792.49,896.30,0.8421
946,top,3,803.66,320.07,895.70,528.30,825.79,335.73,0.7497,828.84,332.68,0.7342,821.21,334.20,0.7380,835.44,333.69,0.7895,817.14,339.79,0.8365,851.20,349.45,0.7789,814.60,364.70,0.8112,862.90,371.82,0.7525,815.11,393.17,0.8080,878.66,389.61,0.6813,828.84,400.29,0.6724,855.78,409.44,0.6373,832.90,411.98,0.6387,861.37,457.23,0.7266,829.85,457.23,0.7224,859.34,498.41,0.7638,824.77,505.01,0.7623
946,bottom,0,655.33,678.99,813.37,953.62,690.77,699.64,0.8750,690.10,695.62,0.6045,688.76,695.62,0.5691,682.05,702.99,0.6915,703.51,700.98,0.7406,671.32,736.52,0.8859,727.65,731.15,0.8457,661.94,780.77,0.8769,745.08,773.39,0.8441,683.39,783.45,0.6822,731.00,792.84,0.5702,696.80,815.63,0.7266,731.00,810.94,0.7286,676.02,872.63,0.8055,763.85,851.17,0.7621,680.71,934.98,0.9163,794.03,898.11,0.8458
947,top,5,801.78,320.39,932.73,526.09,820.05,332.34,0.7199,822.06,329.83,0.7066,815.03,331.84,0.7309,829.09,332.84,0.7250,811.51,338.37,0.7438,846.16,347.91,0.7944,810.51,362.97,0.8144,858.22,372.01,0.7182,811.51,393.11,0.8268,874.79,389.09,0.6227,826.08,399.64,0.6701,850.68,408.17,0.6644,828.59,410.68,0.6466,855.20,455.38,0.7331,825.57,455.38,0.7179,849.18,493.05,0.7656,816.03,499.07,0.7389
947,bottom,0,657.98,679.91,814.46,953.96,698.75,701.86,0.8716,697.41,697.85,0.5991,697.41,697.85,0.5487,689.39,704.54,0.7199,710.80,703.20,0.7489,677.34,736.65,0.8769,733.54,733.31,0.8382,666.64,780.81,0.8522,749.60,776.13,0.8373,688.05,780.81,0.6511,738.90,793.52,0.5551,700.76,816.94,0.7072,734.21,812.92,0.7023,678.68,873.14,0.8156,767.67,853.74,0.7595,680.69,936.03,0.9171,793.09,901.91,0.8493
948,top,1,797.29,319.35,927.98,518.73,816.39,334.83,0.7131,818.34,330.93,0.7199,811.52,333.37,0.7037,824.18,333.37,0.6595,807.63,339.70,0.7160,840.73,349.43,0.7867,806.17,364.03,0.7886,852.41,373.28,0.7311,806.66,392.75,0.8114,869.94,389.83,0.6591,821.26,397.62,0.6630,845.11,411.25,0.6556,824.18,413.69,0.6630,848.03,456.03,0.7230,821.26,456.03,0.7193,838.30,489.14,0.7984,808.12,494.00,0.7627
948,bottom,0,659.38,677.35,815.11,953.60,708.92,699.47,0.9224,706.89,695.42,0.6361,709.59,695.42,0.5762,698.80,702.17,0.7510,721.06,702.17,0.7682,685.98,733.87,0.8640,741.96,732.52,0.8424,674.52,777.03,0.8200,756.13,775.68,0.8127,693.40,775.68,0.5780,747.36,793.22,0.5268,705.54,814.80,0.7011,739.27,811.43,0.6961,684.64,872.80,0.8091,770.29,853.25,0.7713,681.26,934.85,0.9150,794.57,902.48,0.8356
949,top,3,791.39,320.07,926.87,517.38,812.88,337.79,0.7278,814.81,333.94,0.7320,808.07,336.35,0.7301,821.07,336.83,0.6643,803.73,342.13,0.7259,835.52,353.21,0.7710,801.32,366.70,0.7910,847.57,375.85,0.6700,802.77,395.12,0.7679,866.35,392.71,0.6205,815.29,397.53,0.6538,839.38,414.39,0.6451,820.11,416.31,0.6665,841.79,458.22,0.7405,817.22,457.74,0.7231,828.78,483.76,0.7795,801.80,493.39,0.7591
949,bottom,0,658.85,670.95,816.32,953.82,718.94,693.61,0.8779,716.17,690.15,0.5940,719.63,690.15,0.6212,709.96,697.06,0.7562,730.68,696.37,0.8052,696.15,728.14,0.8540,751.40,727.45,0.8464,683.72,768.88,0.7802,763.83,771.64,0.7808,694.08,770.26,0.4930,758.30,793.05,0.5970,712.03,809.63,0.6980,744.49,806.17,0.6917,692.00,869.71,0.8076,774.88,848.30,0.7813,682.34,931.86,0.8873,795.59,901.48,0.8493
950,top,3,787.84,323.44,924.31,519.40,809.19,343.43,0.7279,811.10,339.61,0.7507,804.40,341.52,0.7565,816.36,342.00,0.6824,800.09,346.30,0.7388,830.24,357.79,0.7549,796.75,370.70,0.7863,841.24,380.75,0.6803,798.66,400.37,0.7671,861.33,393.67,0.6092,813.01,395.11,0.6854,833.11,418.07,0.6663,814.93,419.98,0.6885,835.98,458.74,0.7622,814.45,461.13,0.7570,817.80,483.14,0.8064,798.66,497.49,0.8095
950,bottom,0,660.47,664.13,817.66,951.21,729.95,686.41,0.8832,729.25,682.21,0.5748,728.55,682.21,0.6286,722.24,689.22,0.7348,741.17,688.52,0.7482,706.82,720.06,0.8263,762.89,721.46,0.8079,693.51,761.41,0.7979,774.11,764.91,0.7833,708.23,764.21,0.5143,769.20,790.85,0.6728,720.14,802.06,0.7016,752.38,797.86,0.6871,701.22,862.34,0.7817,781.12,845.52,0.7798,684.40,922.61,0.8555,797.94,900.89,0.8514
951,top,4,784.22,326.53,904.98,520.61,803.85,343.02,0.6983,805.75,340.18,0.7221,799.59,342.08,0.7385,811.91,343.50,0.6953,796.27,347.76,0.7460,825.65,360.08,0.7361,792.95,372.40,0.7982,834.65,381.88,0.6675,793.43,401.78,0.7606,856.45,392.78,0.6325,806.22,393.25,0.6820,828.02,420.73,0.6685,810.01,423.10,0.6556,831.33,458.64,0.7007,811.91,464.80,0.7722,810.48,478.54,0.7377,798.16,499.86,0.7915
951,bottom,0,661.82,657.30,816.99,946.06,741.52,680.42,0.8687,742.22,676.19,0.5943,740.11,676.19,0.5374,731.65,682.53,0.7528,751.39,682.53,0.7478,717.55,713.55,0.8040,772.54,715.67,0.8385,701.33,753.74,0.7761,784.52,759.38,0.7938,716.84,762.20,0.5166,779.59,781.23,0.6917,728.83,796.74,0.7111,760.55,793.22,0.7014,710.50,856.67,0.7825,785.93,843.98,0.7978,690.76,912.36,0.8398,798.62,901.08,0.8630
952,top,3,779.60,328.21,914.83,520.56,803.07,343.62,0.7522,804.48,339.86,0.7455,797.91,343.15,0.7611,808.71,345.49,0.6528,792.74,348.31,0.7769,821.86,361.46,0.7426,788.98,372.26,0.8061,833.60,384.47,0.6040,788.98,401.85,0.7965,854.73,393.39,0.4688,801.66,390.58,0.7334,822.32,421.10,0.6748,805.42,423.45,0.7027,824.20,458.20,0.7261,812.46,462.43,0.7739,799.31,469.47,0.7482,797.91,499.99,0.8284
952,bottom,0,674.40,651.65,818.91,937.26,751.54,674.52,0.8448,751.54,670.34,0.5838,750.84,670.34,0.5159,741.08,677.31,0.7537,761.30,676.62,0.7541,726.43,707.30,0.7943,781.52,710.78,0.8295,709.00,747.74,0.8003,795.47,753.32,0.7923,724.34,764.48,0.6257,789.89,777.03,0.7274,736.20,791.67,0.7003,767.57,789.58,0.6970,718.07,851.64,0.7799,789.19,841.87,0.8186,700.63,905.33,0.8283,798.25,899.75,0.8775
953,top,3,777.77,326.57,913.90,520.82,799.84,343.07,0.7883,801.26,339.27,0.7902,794.62,342.59,0.8003,806.00,343.54,0.7092,789.88,347.81,0.8137,818.33,360.14,0.8084,785.13,369.15,0.8089,826.39,381.48,0.7255,784.66,399.50,0.8276,849.16,388.12,0.6554,796.04,387.17,0.7558,817.38,419.90,0.6651,801.73,421.79,0.6970,816.91,458.78,0.6917,811.69,460.68,0.7735,793.20,465.90,0.7628,797.94,499.10,0.8276
953,bottom,0,697.42,647.68,816.32,932.83,759.66,669.12,0.7739,759.66,664.95,0.5331,758.96,665.64,0.5192,749.21,671.21,0.7307,769.40,671.21,0.7237,734.60,701.84,0.7894,789.59,705.32,0.8125,715.80,742.22,0.8116,804.91,747.09,0.7922,727.63,762.41,0.7347,803.52,771.46,0.7580,743.65,786.08,0.6906,774.97,784.69,0.6859,728.33,846.64,0.7961,790.98,840.38,0.8061,713.01,898.16,0.8210,798.64,899.55,0.8838
954,top,4,773.04,325.84,863.66,519.70,797.53,341.83,0.7777,798.95,338.05,0.7615,792.79,340.41,0.7384,803.21,339.94,0.7095,785.69,344.67,0.8550,814.09,356.98,0.7724,781.91,365.97,0.8084,823.56,377.81,0.7053,780.01,395.32,0.7953,845.80,383.01,0.7449,789.95,382.07,0.7074,813.15,419.46,0.6344,800.37,420.88,0.6586,811.73,457.80,0.5987,808.89,460.16,0.7601,788.06,462.06,0.6725,797.53,500.39,0.7707
954,bottom,0,714.51,642.48,820.51,928.84,767.51,664.71,0.7635,766.11,660.52,0.5585,766.81,660.52,0.5258,757.03,666.81,0.7399,777.30,666.11,0.7487,741.65,697.57,0.8199,797.58,701.77,0.8227,722.77,737.42,0.8470,812.96,743.02,0.8130,731.86,762.59,0.7801,812.96,768.88,0.7709,750.73,780.77,0.7212,780.10,780.07,0.7100,738.15,840.89,0.8295,794.08,839.50,0.8355,726.96,894.03,0.8103,798.27,900.32,0.8607
955,top,2,768.55,321.43,824.12,521.54,791.93,335.50,0.7365,793.89,332.57,0.7494,787.05,334.52,0.7150,798.29,335.50,0.7052,781.19,340.87,0.8102,810.01,353.08,0.7435,780.21,361.88,0.7698,817.34,375.07,0.6365,776.30,391.19,0.7620,838.84,376.54,0.5975,784.61,374.58,0.6304,809.03,416.11,0.6124,796.33,418.06,0.6227,806.10,452.26,0.6113,806.10,456.17,0.7534,785.58,459.10,0.6212,796.82,497.70,0.7662
955,bottom,0,724.04,639.16,828.72,922.57,774.30,660.48,0.7069,772.22,656.32,0.5253,775.68,656.32,0.5314,763.92,662.55,0.7390,784.68,662.55,0.7673,748.70,693.00,0.8208,804.74,698.53,0.8137,729.33,731.74,0.8244,820.66,739.35,0.7970,734.86,759.42,0.7906,822.04,764.95,0.7597,756.31,776.72,0.7337,785.37,777.41,0.7172,748.70,834.15,0.8266,796.44,838.99,0.8621,741.78,892.27,0.7937,798.52,899.88,0.8749
956,top,3,766.20,318.33,819.08,520.70,788.19,332.06,0.7407,790.17,329.10,0.7687,783.25,331.08,0.7466,795.11,332.06,0.7249,778.31,337.50,0.8131,806.47,349.85,0.7265,777.32,358.74,0.7850,809.93,372.58,0.5173,772.38,387.40,0.7771,807.96,370.11,0.3620,782.26,370.60,0.6186,803.51,414.08,0.6173,791.16,416.05,0.6183,798.57,449.16,0.6009,800.54,454.59,0.7061,780.78,460.03,0.6090,795.60,497.08,0.7673
956,bottom,0,729.71,634.86,837.16,919.90,779.96,656.99,0.6876,776.48,652.81,0.4873,782.05,652.81,0.5210,769.52,659.07,0.7457,791.09,659.07,0.7640,754.21,689.69,0.8123,810.58,694.57,0.8007,736.12,728.66,0.8138,826.58,736.32,0.7756,737.51,758.59,0.7850,829.37,760.68,0.7212,761.86,773.20,0.7287,791.09,773.90,0.7120,759.08,829.57,0.8043,798.05,836.53,0.8639,756.99,885.94,0.7987,798.75,898.47,0.8608
957,top,5,761.31,317.80,818.08,516.79,786.78,332.77,0.7080,788.73,329.37,0.7157,781.93,330.34,0.6850,792.61,330.82,0.6626,775.61,336.17,0.7533,803.79,349.77,0.6883,774.64,356.09,0.7246,813.02,368.23,0.6001,768.32,383.29,0.7464,835.37,361.43,0.6187,775.12,359.00,0.6249,799.41,408.07,0.5797,787.76,410.01,0.6060,793.10,444.99,0.6120,797.47,449.85,0.7130,777.55,461.99,0.6442,795.53,495.03,0.7626
957,bottom,0,735.05,632.97,843.40,918.52,785.74,655.14,0.6667,780.86,650.95,0.4770,788.53,650.26,0.5089,774.59,657.23,0.7474,796.20,656.53,0.7609,759.95,687.20,0.8018,815.72,692.08,0.7877,743.21,726.24,0.7975,832.45,733.22,0.7739,741.12,757.62,0.7786,835.94,756.22,0.7110,768.31,770.17,0.7277,796.20,770.86,0.7081,769.71,823.85,0.7730,800.38,835.00,0.8533,770.40,878.92,0.7954,798.29,898.44,0.8472
958,top,5,757.87,318.76,838.66,516.55,784.74,333.64,0.6511,785.71,329.77,0.6229,779.43,331.22,0.6398,790.05,331.22,0.6100,772.67,336.53,0.7282,800.68,349.57,0.7110,770.74,357.30,0.7357,812.27,364.54,0.6033,763.98,380.96,0.7828,831.10,354.88,0.6253,770.74,354.40,0.6791,796.33,408.00,0.6158,782.33,408.48,0.6283,788.61,445.67,0.6086,794.40,448.56,0.7212,774.12,464.50,0.7520,793.92,494.44,0.7984
958,bottom,0,738.00,631.16,849.39,918.37,790.19,654.16,0.6836,785.98,649.25,0.5082,791.59,648.55,0.5141,780.37,655.56,0.7711,800.71,654.86,0.7663,764.95,686.41,0.8046,821.04,690.62,0.7897,748.82,725.68,0.8019,837.17,729.89,0.7899,744.61,759.34,0.7870,841.38,753.73,0.6892,774.76,769.16,0.7281,802.81,768.45,0.7221,779.67,821.05,0.7724,804.21,832.97,0.8378,783.88,872.23,0.7219,798.60,897.48,0.8338
959,top,5,752.33,318.27,810.59,512.50,781.93,333.35,0.6492,782.88,330.03,0.6375,776.72,330.98,0.6305,787.15,332.40,0.6001,770.08,336.67,0.6710,798.05,349.00,0.6956,768.18,356.59,0.6804,811.33,360.38,0.6296,759.17,378.40,0.7487,827.93,347.58,0.6905,766.76,352.32,0.7025,793.79,406.85,0.6007,780.03,408.75,0.6032,787.15,444.79,0.6238,792.84,445.26,0.7072,769.60,465.65,0.7033,790.47,490.79,0.7511
959,bottom,0,742.07,630.75,853.51,917.32,794.29,653.00,0.6710,790.80,648.11,0.5399,797.09,647.41,0.5391,785.20,654.40,0.7866,805.49,654.40,0.7903,770.51,685.89,0.8144,825.08,688.68,0.7949,755.11,725.06,0.8019,841.87,728.56,0.7969,748.12,760.05,0.7949,846.77,750.25,0.7278,780.30,767.74,0.7336,806.89,767.04,0.7328,788.70,822.31,0.7596,806.19,830.71,0.8248,798.49,874.79,0.6612,797.79,897.87,0.7802
960,top,3,748.54,318.06,806.36,511.54,780.28,333.08,0.6330,780.76,330.24,0.6180,775.09,331.19,0.6144,784.53,332.13,0.5562,768.00,335.91,0.6196,794.45,348.66,0.6437,765.64,354.33,0.6491,807.68,358.58,0.5529,754.30,373.70,0.7405,821.38,340.63,0.5678,760.44,347.25,0.7344,790.68,408.66,0.5722,776.50,410.07,0.5972,789.26,444.56,0.5877,792.57,445.03,0.6769,769.89,467.23,0.6544,783.12,489.90,0.6876
960,bottom,0,745.33,631.01,858.23,918.86,798.27,652.65,0.6903,794.75,648.43,0.5689,799.67,647.73,0.5516,789.13,654.76,0.8104,809.51,654.06,0.8129,775.08,686.38,0.8242,829.89,687.79,0.8061,761.02,725.74,0.8156,846.06,727.14,0.7955,751.89,762.28,0.8023,850.98,748.93,0.7328,785.62,767.90,0.7322,812.32,766.50,0.7328,797.57,823.42,0.7366,808.81,831.15,0.7956,810.22,871.91,0.6949,797.57,897.21,0.7904
961,top,3,744.12,315.45,825.70,507.75,775.05,328.04,0.6505,775.52,324.28,0.6692,769.89,326.63,0.6712,780.22,328.97,0.6640,763.78,334.61,0.7046,791.48,345.88,0.7176,762.85,351.51,0.7486,803.22,351.51,0.5986,748.76,367.00,0.8363,813.55,333.67,0.7259,752.99,340.71,0.8366,790.07,402.21,0.6585,775.05,403.62,0.6405,792.89,443.52,0.5877,791.01,443.52,0.7166,769.89,467.47,0.6844,775.05,484.84,0.7457
961,bottom,0,750.06,631.34,862.57,917.34,802.12,653.55,0.6890,799.33,648.66,0.5614,802.82,647.96,0.5577,792.35,654.94,0.7932,813.30,654.24,0.8068,779.78,687.06,0.8223,834.24,687.06,0.8134,766.51,726.86,0.8300,850.30,726.16,0.8044,756.74,763.87,0.7978,855.19,749.21,0.7426,792.35,768.06,0.7276,817.49,767.36,0.7331,806.31,823.92,0.7306,812.60,830.20,0.7883,818.18,864.42,0.7060,799.33,895.14,0.8109
962,top,3,739.33,310.65,802.79,488.89,766.71,325.35,0.6263,769.32,321.44,0.6383,761.92,322.74,0.6002,774.98,324.48,0.6705,758.44,330.14,0.6067,787.16,342.32,0.6368,758.88,346.68,0.6558,795.43,354.51,0.3978,744.08,360.17,0.7632,799.78,329.71,0.3811,747.13,332.75,0.7668,787.60,398.02,0.6034,770.62,400.20,0.5852,790.64,440.67,0.6363,785.42,441.11,0.7270,773.24,472.87,0.6704,766.27,475.92,0.7482
962,bottom,0,754.96,630.67,867.38,915.71,804.91,653.50,0.6994,801.43,649.32,0.5764,805.60,648.63,0.5803,796.56,654.89,0.7854,816.74,654.19,0.7960,783.33,687.60,0.8159,837.61,686.21,0.8099,771.50,727.26,0.8243,854.31,725.87,0.8034,761.07,764.84,0.7846,859.88,750.92,0.7426,798.64,768.32,0.7147,824.39,766.93,0.7229,814.65,822.60,0.7183,818.13,828.86,0.7622,824.39,862.96,0.7061,801.43,890.80,0.8059
963,top,3,740.20,308.59,803.75,493.05,758.92,315.26,0.6175,760.72,312.11,0.6073,755.32,313.91,0.6056,767.02,316.16,0.6190,751.26,321.11,0.5880,780.08,333.27,0.6345,754.86,340.03,0.6585,787.29,344.08,0.5207,740.45,353.54,0.7143,788.64,322.46,0.6116,739.10,325.62,0.6795,786.39,393.17,0.5598,771.08,395.87,0.5510,785.49,438.20,0.5817,777.38,439.55,0.7000,769.28,468.82,0.6876,759.37,471.52,0.6727
963,bottom,0,758.67,631.12,871.36,910.76,808.19,653.51,0.6829,804.77,649.41,0.5644,810.23,648.73,0.5950,799.31,655.56,0.7826,819.11,654.19,0.7872,787.70,688.33,0.8342,840.27,685.60,0.8143,776.10,727.93,0.8345,857.34,723.15,0.7927,765.86,766.16,0.7902,864.17,749.09,0.7503,805.45,768.21,0.7149,831.40,766.84,0.7303,819.79,820.78,0.7416,825.94,826.24,0.7707,830.03,861.74,0.7125,806.14,885.64,0.7984
964,top,1,721.18,298.92,802.71,489.77,754.02,312.80,0.5080,754.96,310.94,0.4957,749.83,311.87,0.4809,761.48,313.27,0.4817,749.36,318.86,0.4596,774.52,327.25,0.5218,751.69,335.63,0.5747,782.45,338.43,0.4352,736.78,347.28,0.6413,771.26,317.00,0.3729,733.52,322.12,0.5847,786.17,388.75,0.5647,770.33,390.15,0.5686,783.84,431.15,0.6996,769.87,433.02,0.6869,770.80,464.23,0.7176,750.76,465.17,0.7059
964,bottom,0,764.02,630.84,877.46,884.03,810.23,652.97,0.6528,805.91,648.64,0.4766,811.47,648.02,0.5161,802.82,655.44,0.7455,823.22,653.59,0.7404,791.69,687.59,0.8229,844.23,682.64,0.8028,779.95,728.38,0.8032,861.54,722.82,0.8098,770.67,767.33,0.8135,868.96,748.16,0.7832,810.85,763.62,0.7115,837.43,762.38,0.7149,820.13,813.69,0.7798,836.20,820.49,0.8010,831.25,863.14,0.7376,815.80,870.56,0.7600
965,top,1,726.58,297.93,803.49,487.15,747.02,312.16,0.5916,748.40,308.93,0.5241,742.86,311.24,0.5529,753.49,309.39,0.5421,740.09,316.78,0.6107,772.43,320.02,0.5695,744.71,334.80,0.6497,785.36,325.10,0.7035,735.47,347.27,0.6770,764.57,312.62,0.5372,729.93,322.33,0.6741,785.82,384.23,0.5867,767.35,387.00,0.5973,783.98,426.73,0.7235,762.26,428.11,0.6613,773.81,462.30,0.7599,741.48,459.53,0.7595
965,bottom,0,769.82,628.11,881.83,895.70,814.07,650.84,0.6570,810.15,646.27,0.5344,816.03,645.61,0.5062,806.88,653.45,0.7404,826.48,650.19,0.7372,795.12,685.47,0.8159,849.35,680.24,0.7859,784.01,727.93,0.7769,865.68,719.44,0.7946,776.17,765.82,0.7804,874.17,746.88,0.7409,816.03,761.25,0.6856,843.47,759.94,0.6958,822.56,812.21,0.7787,845.43,816.78,0.7858,832.36,863.82,0.6778,827.79,859.25,0.7281
966,top,,,,,,,,,,,,,,,,,,,,,,,,,,,,,,,,,,,,,,,,,,,,,,,,,,,,,,,,
966,bottom,,,,,,,,,,,,,,,,,,,,,,,,,,,,,,,,,,,,,,,,,,,,,,,,,,,,,,,,
967,top,,,,,,,,,,,,,,,,,,,,,,,,,,,,,,,,,,,,,,,,,,,,,,,,,,,,,,,,
967,bottom,,,,,,,,,,,,,,,,,,,,,,,,,,,,,,,,,,,,,,,,,,,,,,,,,,,,,,,,
968,top,,,,,,,,,,,,,,,,,,,,,,,,,,,,,,,,,,,,,,,,,,,,,,,,,,,,,,,,
968,bottom,,,,,,,,,,,,,,,,,,,,,,,,,,,,,,,,,,,,,,,,,,,,,,,,,,,,,,,,
969,top,,,,,,,,,,,,,,,,,,,,,,,,,,,,,,,,,,,,,,,,,,,,,,,,,,,,,,,,
969,bottom,,,,,,,,,,,,,,,,,,,,,,,,,,,,,,,,,,,,,,,,,,,,,,,,,,,,,,,,
970,top,,,,,,,,,,,,,,,,,,,,,,,,,,,,,,,,,,,,,,,,,,,,,,,,,,,,,,,,
970,bottom,,,,,,,,,,,,,,,,,,,,,,,,,,,,,,,,,,,,,,,,,,,,,,,,,,,,,,,,
971,top,1,696.00,283.95,806.98,483.96,723.17,324.38,0.7053,725.61,319.50,0.6622,717.80,322.43,0.6181,730.01,320.48,0.6114,714.87,328.29,0.6500,745.14,325.85,0.6548,719.26,350.75,0.6304,760.28,310.22,0.5666,725.61,363.45,0.3926,773.47,298.50,0.5256,721.71,342.94,0.2227,769.56,389.82,0.6558,745.63,394.70,0.6555,793.98,421.07,0.7488,727.57,428.39,0.6703,790.56,460.62,0.8115,709.99,458.18,0.7796
971,bottom,0,802.28,613.03,945.25,876.32,842.27,635.40,0.8353,840.99,631.54,0.6082,842.27,631.54,0.5542,834.56,637.33,0.7721,853.84,636.68,0.7321,823.63,668.82,0.8813,876.34,664.32,0.8465,810.13,709.32,0.7790,896.91,704.82,0.7892,808.85,731.17,0.7094,908.48,737.60,0.8157,850.63,743.39,0.7039,881.48,740.17,0.7137,831.34,795.45,0.8201,902.05,789.03,0.7858,828.13,855.88,0.9217,925.19,844.31,0.8455
972,top,1,696.04,307.57,806.93,483.35,719.30,330.66,0.7520,721.01,326.37,0.7223,714.58,328.51,0.7271,728.74,328.08,0.7142,712.00,335.38,0.7222,747.19,333.66,0.6615,713.72,357.26,0.7373,768.65,323.36,0.5579,718.87,377.00,0.7190,784.96,323.79,0.5692,717.15,352.11,0.6613,765.22,393.31,0.6557,740.33,401.47,0.6574,791.39,419.92,0.7675,722.73,435.80,0.6942,793.97,464.55,0.8236,710.29,462.40,0.7616
972,bottom,0,805.05,618.95,956.93,876.04,847.72,639.54,0.8634,847.10,635.77,0.6315,847.10,635.77,0.5653,840.19,642.05,0.7786,858.39,641.42,0.7306,828.27,672.80,0.8967,880.36,667.78,0.8539,815.71,712.97,0.7589,901.70,707.32,0.7896,812.57,732.43,0.7178,915.51,741.22,0.8185,856.51,746.24,0.7200,887.89,742.47,0.7244,832.66,797.71,0.8386,910.49,788.92,0.7798,827.64,859.22,0.9132,939.99,839.13,0.8270
973,top,1,696.64,321.11,809.67,483.93,719.76,335.34,0.7775,721.35,330.97,0.7387,714.60,333.75,0.7688,728.11,332.96,0.7638,711.02,341.70,0.8063,746.40,343.29,0.6314,711.02,365.55,0.7826,773.43,339.32,0.6651,718.17,391.39,0.7409,786.15,352.44,0.6112,721.35,366.35,0.6461,760.71,398.15,0.6204,735.66,406.10,0.6492,788.93,422.80,0.7596,715.79,441.48,0.6569,795.69,467.32,0.8174,708.63,464.14,0.7391
973,bottom,0,805.77,624.74,969.55,877.17,853.77,645.57,0.9424,853.77,641.87,0.6571,851.92,642.49,0.6070,845.75,648.65,0.7951,863.63,648.03,0.7342,834.04,678.85,0.9263,887.05,674.53,0.8662,823.57,718.91,0.7953,908.62,713.36,0.7999,815.56,739.24,0.7802,922.79,744.79,0.8132,861.78,749.72,0.7338,893.82,746.02,0.7323,834.04,796.56,0.8477,919.09,789.78,0.7903,828.50,856.96,0.8888,952.37,834.15,0.8729
974,top,1,695.50,325.75,808.80,484.57,719.58,345.44,0.7698,721.52,340.02,0.7243,714.93,342.34,0.7165,728.89,340.40,0.7880,711.82,346.61,0.7501,748.66,351.65,0.6446,711.44,371.81,0.8064,771.93,358.63,0.7467,718.03,400.89,0.7278,785.50,377.63,0.7511,724.62,386.55,0.5776,759.91,401.67,0.6472,734.31,407.49,0.6658,786.66,426.87,0.7773,712.60,441.22,0.6870,794.42,471.08,0.8071,708.33,464.10,0.7752
974,bottom,0,807.74,631.92,970.02,874.29,860.48,652.51,0.9306,861.07,649.55,0.6162,859.29,649.55,0.5673,852.79,655.47,0.7858,869.95,654.88,0.6727,841.54,688.02,0.9325,893.61,680.32,0.8665,832.07,727.66,0.8105,916.10,718.79,0.8111,818.47,748.37,0.7866,930.89,751.33,0.8019,869.35,753.70,0.7336,900.71,751.33,0.7447,836.81,789.79,0.8688,926.16,790.98,0.7993,826.75,850.74,0.9176,959.30,832.99,0.8659
975,top,1,694.97,330.20,805.92,486.60,724.48,344.63,0.8238,727.15,340.81,0.7844,719.52,343.10,0.8034,733.65,343.87,0.7783,714.94,349.21,0.8171,753.12,357.61,0.6870,714.17,375.18,0.8052,769.16,373.65,0.6744,719.14,403.43,0.7246,779.08,391.60,0.5987,731.74,401.14,0.6096,761.90,403.82,0.6564,735.17,408.40,0.6713,785.96,432.83,0.7357,713.03,440.85,0.6846,790.54,474.45,0.7920,708.83,464.15,0.8037
975,bottom,0,806.41,639.80,977.61,865.27,866.37,661.14,0.9188,865.26,658.91,0.5993,865.82,658.35,0.5319,859.13,665.04,0.7697,875.85,663.37,0.6264,849.66,694.57,0.9465,899.25,687.33,0.8839,839.62,736.93,0.8018,923.77,724.67,0.8198,824.02,760.33,0.8502,938.82,758.66,0.8431,876.40,757.55,0.7334,906.50,755.88,0.7631,841.85,782.63,0.8837,932.69,793.77,0.8476,827.36,840.58,0.9363,963.90,837.80,0.8772
976,top,1,694.78,332.46,801.17,486.20,730.71,348.90,0.8116,733.34,344.77,0.7990,726.20,346.65,0.8286,739.72,348.15,0.8196,720.95,352.28,0.8682,757.73,362.41,0.6926,718.32,376.30,0.8090,771.24,382.30,0.6230,723.20,405.20,0.7105,771.62,401.44,0.5853,738.59,407.83,0.6021,763.36,407.45,0.6487,734.84,410.45,0.6422,785.51,434.47,0.7114,714.19,442.36,0.7126,789.64,473.88,0.8127,707.81,464.13,0.7842
976,bottom,0,810.03,647.17,976.96,859.28,871.76,667.91,0.9601,870.67,665.74,0.6477,871.22,665.19,0.5763,864.70,672.26,0.7217,882.08,670.63,0.6178,854.37,701.60,0.9413,904.91,692.36,0.8776,844.59,742.90,0.7976,929.90,732.03,0.8237,832.09,771.15,0.8722,946.20,764.09,0.9001,880.45,761.37,0.7332,911.43,759.74,0.7593,847.85,784.74,0.8780,934.25,793.43,0.8302,827.75,837.45,0.9418,963.59,836.36,0.8913
977,top,1,695.04,332.98,802.47,485.89,739.79,352.32,0.7276,742.78,348.59,0.7354,735.69,350.08,0.7719,748.75,350.83,0.7932,730.83,353.81,0.8190,764.81,365.39,0.7085,723.74,375.47,0.7928,776.38,386.29,0.7060,727.10,403.09,0.7300,768.54,407.20,0.6958,745.39,410.56,0.5642,766.30,408.32,0.6601,737.93,411.30,0.6589,786.83,435.94,0.7397,716.27,442.66,0.7182,789.82,474.40,0.7941,708.44,463.94,0.7856
977,bottom,0,816.70,651.86,977.76,860.74,875.73,671.89,0.9627,874.68,669.27,0.6380,875.21,669.27,0.5555,868.39,675.56,0.7264,885.69,673.99,0.5922,857.38,705.44,0.9460,908.24,695.48,0.8933,847.42,748.43,0.8278,931.83,735.33,0.8226,838.51,782.51,0.9061,948.61,766.78,0.9178,882.55,763.11,0.7276,914.00,761.02,0.7417,851.09,793.52,0.8823,936.55,793.00,0.8592,830.12,843.33,0.9649,964.33,837.04,0.9209
978,top,1,695.12,334.71,804.85,485.82,751.09,350.87,0.7574,754.04,347.55,0.7496,747.03,348.29,0.7806,758.84,350.50,0.8116,740.76,352.34,0.8500,773.23,366.36,0.7533,731.54,373.74,0.7619,782.82,386.65,0.7447,732.65,399.57,0.7468,773.97,405.84,0.7307,752.20,409.53,0.5382,769.91,408.05,0.6678,741.87,410.63,0.6729,789.46,436.83,0.7447,720.84,442.36,0.7197,790.57,475.20,0.7945,709.03,463.02,0.7658
978,bottom,0,815.79,652.57,978.71,859.51,879.75,672.24,0.9489,877.63,669.59,0.6156,878.69,669.06,0.5958,872.86,677.02,0.6968,889.30,674.90,0.6181,860.66,705.66,0.9416,912.10,697.70,0.8831,849.52,749.68,0.8549,932.79,738.01,0.8443,843.69,786.80,0.9114,949.76,767.18,0.9310,881.87,763.47,0.7537,913.69,761.87,0.7323,855.35,797.41,0.8402,941.27,792.10,0.8746,829.90,844.61,0.9418,965.14,837.18,0.9218
979,top,1,695.65,331.89,806.44,487.96,762.09,348.58,0.8091,764.76,345.15,0.7862,758.28,345.53,0.7846,768.57,348.58,0.7698,751.43,349.34,0.8585,781.91,365.73,0.7257,740.38,370.30,0.7147,791.43,385.54,0.7669,738.85,393.92,0.7168,781.53,404.59,0.7424,755.24,406.88,0.6038,776.57,405.74,0.6275,749.14,407.26,0.6066,793.72,438.88,0.7325,727.80,437.36,0.6497,791.05,476.22,0.8085,709.51,460.98,0.7519
979,bottom,0,818.27,651.99,983.45,859.07,884.73,672.19,0.9353,883.12,668.96,0.5559,884.73,668.42,0.5907,877.20,677.03,0.6841,895.48,674.88,0.6499,864.30,705.52,0.9311,915.91,700.15,0.8888,852.47,749.61,0.8527,932.05,740.47,0.8455,847.63,786.18,0.9111,951.40,766.82,0.8982,880.96,765.75,0.7855,912.69,763.59,0.7457,857.31,797.47,0.8332,944.41,790.48,0.8862,830.42,844.25,0.9227,968.07,837.80,0.9557
980,top,1,697.87,329.71,807.89,487.57,771.38,346.21,0.8276,774.07,342.74,0.8135,767.52,343.12,0.8051,778.31,346.21,0.8213,760.97,346.59,0.8496,790.65,364.32,0.7422,749.41,365.86,0.7174,800.67,384.75,0.7779,744.01,388.22,0.7587,789.49,402.86,0.7595,759.81,402.48,0.6229,783.71,405.17,0.6326,756.73,404.40,0.6292,797.20,443.33,0.7009,733.61,434.08,0.6455,791.80,476.47,0.8021,712.79,461.06,0.7505
980,bottom,0,816.86,650.83,1001.07,860.05,892.18,672.09,0.8584,889.78,669.09,0.5009,893.97,667.89,0.5681,883.78,675.69,0.6993,901.77,673.89,0.7362,869.39,703.27,0.8997,920.36,701.47,0.8900,855.60,746.44,0.8494,931.15,742.84,0.8544,850.80,781.82,0.8603,953.94,766.83,0.8391,880.18,765.63,0.8000,910.76,765.03,0.7682,859.79,796.81,0.8238,949.74,789.02,0.8884,831.61,842.98,0.8840,974.92,839.39,0.9260
981,top,1,710.98,327.00,817.03,487.76,778.92,341.84,0.8181,781.67,338.70,0.7693,775.39,338.70,0.7738,787.16,342.23,0.8220,769.11,342.23,0.8460,798.54,361.07,0.7618,758.90,360.68,0.7254,810.71,381.09,0.7925,749.48,380.69,0.7513,797.37,400.71,0.7653,764.01,397.57,0.6771,790.69,403.46,0.6108,764.40,401.50,0.6168,798.94,444.28,0.6763,740.85,432.50,0.6446,792.26,476.85,0.8267,721.62,463.51,0.7285
981,bottom,0,815.32,650.54,1004.69,861.68,902.60,672.27,0.7735,905.07,669.19,0.4821,905.69,667.96,0.5602,892.74,675.97,0.6671,910.00,674.12,0.7041,877.33,700.63,0.8367,925.41,702.48,0.8453,858.22,741.31,0.8416,932.81,745.63,0.8560,855.14,775.22,0.8194,959.32,767.82,0.8059,879.80,765.36,0.7605,909.38,767.20,0.7328,861.30,796.79,0.7880,953.77,786.93,0.8843,831.10,841.79,0.9110,978.43,841.79,0.9071
982,top,1,720.92,321.71,825.83,489.49,786.48,338.01,0.7473,789.76,335.14,0.7045,782.79,335.14,0.7093,793.85,338.83,0.7862,777.06,338.42,0.8274,806.96,356.85,0.7245,766.00,355.22,0.6850,818.43,376.11,0.7763,754.94,373.24,0.7465,806.55,394.54,0.7631,767.64,391.26,0.6921,797.95,401.50,0.5963,772.14,398.64,0.5929,799.59,442.06,0.6778,750.43,431.00,0.6690,793.03,475.24,0.7779,735.28,462.95,0.7059
982,bottom,0,816.21,650.29,1000.95,864.46,915.20,671.38,0.7312,918.20,667.17,0.5211,917.00,667.17,0.5575,901.36,674.99,0.6035,918.80,674.39,0.6206,885.73,698.44,0.8592,933.24,705.06,0.8513,862.88,737.53,0.8644,936.24,747.15,0.8717,861.67,770.00,0.8197,964.51,763.99,0.8184,883.92,766.40,0.7928,911.59,768.80,0.7826,865.28,797.06,0.8296,960.30,784.44,0.8806,831.01,842.17,0.9216,975.93,846.98,0.9000
983,top,1,738.97,316.70,830.48,489.75,792.33,331.82,0.7339,795.71,329.29,0.7108,788.95,329.29,0.7142,799.94,333.09,0.7826,783.04,332.25,0.8171,811.77,350.41,0.7074,771.21,349.57,0.6941,826.13,369.00,0.8008,760.65,367.31,0.7596,814.72,390.12,0.7670,772.48,386.75,0.6955,803.74,398.57,0.5590,778.39,395.19,0.5767,802.47,440.40,0.6627,761.49,431.11,0.6895,794.44,473.78,0.7459,750.93,464.90,0.7560
983,bottom,0,816.08,647.81,996.63,865.87,927.51,670.44,0.7888,928.69,665.15,0.5401,928.10,666.33,0.6378,911.64,672.20,0.5918,928.10,672.79,0.6450,895.19,696.30,0.8565,940.44,706.29,0.8834,872.26,732.15,0.8471,942.20,748.02,0.8750,871.68,762.13,0.7350,975.12,762.13,0.8100,890.48,767.42,0.7764,917.52,769.18,0.7529,869.32,800.33,0.7932,966.89,780.94,0.9087,830.53,842.65,0.9041,969.83,847.94,0.9055
984,top,1,753.71,311.31,836.03,488.31,799.19,327.21,0.7805,802.65,324.19,0.7340,795.30,324.19,0.7093,806.97,328.07,0.8153,788.82,327.21,0.8417,818.64,344.50,0.7447,777.15,344.50,0.7439,830.74,365.24,0.7820,766.35,361.78,0.7980,822.53,387.28,0.7582,777.59,382.52,0.7831,810.43,396.78,0.5884,786.23,394.62,0.6007,806.11,439.13,0.7340,773.70,433.94,0.7280,797.46,471.54,0.8004,764.19,468.51,0.7595
984,bottom,0,816.87,645.05,1005.41,869.78,936.31,667.19,0.8308,938.76,662.89,0.5098,938.76,663.51,0.6089,922.19,670.26,0.5516,939.99,670.87,0.6452,906.23,694.20,0.8441,951.65,703.40,0.8965,883.52,728.57,0.8563,952.26,747.59,0.8786,886.59,753.12,0.5837,984.79,759.25,0.8420,897.03,764.78,0.8069,924.03,767.85,0.7815,873.09,800.37,0.7920,972.52,789.94,0.9107,831.97,841.49,0.8896,959.01,852.54,0.8987
985,top,1,766.86,306.43,840.94,495.70,805.29,322.97,0.7913,809.44,320.20,0.7578,801.59,319.74,0.7654,814.07,323.89,0.8360,795.58,322.97,0.8428,826.08,341.45,0.7255,783.57,340.99,0.7306,836.71,363.17,0.7409,772.48,359.01,0.7743,829.31,386.28,0.7309,783.10,380.73,0.7719,818.22,394.60,0.6123,794.66,393.67,0.6211,812.22,437.11,0.7266,786.80,433.41,0.7193,803.90,471.30,0.7665,779.41,471.30,0.7425
985,bottom,0,820.64,644.18,1022.40,873.77,948.44,665.06,0.8656,950.42,661.77,0.5644,950.42,663.09,0.6673,934.65,668.34,0.6494,952.39,669.65,0.7013,919.55,691.33,0.8698,962.89,702.49,0.8832,895.90,725.48,0.8589,964.21,744.52,0.9079,912.98,736.64,0.5427,999.67,756.35,0.8462,907.73,762.26,0.8358,932.68,766.85,0.7929,878.17,801.66,0.7832,978.00,794.44,0.8911,836.80,837.78,0.8893,956.33,855.52,0.8719
986,top,1,774.93,306.25,847.36,498.05,811.61,322.08,0.7893,815.36,319.27,0.7673,807.40,318.80,0.7662,820.51,322.55,0.8193,801.31,321.61,0.8235,832.22,340.34,0.7292,789.14,339.87,0.7395,842.99,362.82,0.7308,778.84,358.60,0.7744,836.90,386.70,0.6913,789.14,380.61,0.7464,825.19,394.19,0.6059,802.25,394.19,0.6161,819.57,435.40,0.7076,798.04,434.46,0.7013,813.02,469.58,0.7274,793.35,473.32,0.7239
986,bottom,0,827.77,643.64,1038.61,874.36,963.39,665.66,0.8086,964.08,662.91,0.5366,965.45,663.60,0.7054,946.23,667.72,0.6641,964.76,668.40,0.7252,932.51,689.68,0.8616,975.06,702.03,0.8912,909.17,721.94,0.8130,977.80,743.90,0.9176,929.07,723.31,0.5073,1015.55,750.76,0.8679,917.41,762.43,0.8293,943.49,767.23,0.7872,884.46,802.23,0.8192,982.61,796.74,0.9094,846.03,838.61,0.8902,957.21,855.77,0.8310
987,top,1,781.59,306.11,853.08,502.33,818.77,323.26,0.7498,822.60,320.39,0.7300,814.94,319.91,0.7432,827.87,323.74,0.7977,808.23,322.78,0.8162,839.85,341.46,0.7157,795.78,340.98,0.7381,848.47,365.89,0.7121,785.72,362.06,0.7575,843.20,390.81,0.6922,796.26,384.58,0.7274,832.66,396.08,0.6095,809.19,396.08,0.6150,827.87,436.32,0.7093,807.75,436.79,0.7260,824.04,469.37,0.6631,806.32,474.64,0.7378
987,bottom,0,840.52,642.08,1049.87,873.99,977.91,665.35,0.7964,978.59,661.26,0.5542,977.91,662.62,0.7265,957.46,666.71,0.6613,975.18,668.76,0.7322,944.51,687.84,0.8407,984.72,702.15,0.8524,924.07,719.19,0.7693,988.81,741.68,0.8911,941.79,717.83,0.4963,1027.66,743.72,0.8945,927.48,759.40,0.8071,952.69,764.85,0.7662,896.81,802.33,0.8311,986.09,797.56,0.8907,857.97,843.22,0.8831,957.46,855.49,0.8166
988,top,1,787.17,308.54,858.51,506.18,825.74,325.81,0.7892,829.60,322.92,0.7469,821.88,322.43,0.7747,834.42,326.29,0.8136,815.12,325.33,0.8376,846.00,343.18,0.7527,802.58,343.66,0.7687,853.72,368.76,0.7410,791.96,366.82,0.7712,851.31,392.88,0.7512,802.58,389.50,0.7295,839.25,400.12,0.6472,815.61,400.60,0.6409,839.25,439.68,0.7293,816.57,439.68,0.7444,836.84,472.01,0.7512,818.02,479.25,0.7397
988,bottom,0,857.38,639.46,1056.38,874.86,988.62,661.29,0.7883,989.92,656.75,0.5219,987.97,656.75,0.7249,966.60,663.23,0.6249,984.09,665.82,0.7025,956.23,683.96,0.8596,993.15,699.51,0.8418,938.74,715.05,0.7891,995.10,737.73,0.8522,961.41,714.41,0.5711,1034.61,737.73,0.9007,938.09,757.81,0.8141,963.36,762.99,0.7753,912.83,801.86,0.8695,987.32,799.27,0.8617,877.85,853.03,0.8731,958.17,855.63,0.8522
989,top,1,794.21,316.67,867.03,511.10,834.42,330.82,0.7575,837.74,327.97,0.7414,830.14,327.49,0.7424,841.54,331.29,0.7915,823.02,330.34,0.8257,853.40,348.38,0.7254,808.78,348.85,0.7613,861.00,374.01,0.7154,798.34,372.59,0.7610,858.15,400.12,0.7109,808.78,396.32,0.7169,846.76,403.44,0.6425,822.55,405.34,0.6337,850.56,444.27,0.7237,824.92,446.16,0.7271,850.56,481.29,0.7312,827.77,488.89,0.7704
989,bottom,0,900.90,634.54,1058.84,874.34,998.02,657.84,0.7240,997.44,652.57,0.5328,996.85,653.74,0.6758,978.12,659.01,0.5688,991.58,660.77,0.6677,966.99,678.92,0.8185,998.61,694.14,0.8037,963.48,709.36,0.4766,998.61,732.19,0.7845,991.58,712.29,0.4386,1037.25,729.27,0.8248,949.43,752.69,0.7678,974.02,757.96,0.7425,931.28,801.86,0.8141,988.65,802.45,0.7810,903.76,858.07,0.8625,958.79,855.14,0.8386
990,top,1,800.48,321.52,879.04,508.83,841.13,336.06,0.8170,844.33,332.86,0.7755,837.02,332.86,0.7959,848.45,335.60,0.7974,829.70,335.15,0.8417,859.42,353.44,0.7587,815.98,354.35,0.7887,866.28,379.50,0.7291,805.46,380.42,0.7864,865.83,404.20,0.7153,816.90,404.66,0.7276,853.94,406.94,0.6256,829.24,408.77,0.6090,862.17,449.01,0.7373,831.07,452.21,0.7369,864.91,488.34,0.8130,831.07,492.46,0.7716
990,bottom,0,927.38,631.20,1057.15,873.94,1005.30,652.42,0.7305,1005.30,647.67,0.5561,1003.52,648.86,0.6653,985.74,654.19,0.5851,998.19,656.56,0.6772,977.45,675.53,0.7755,1003.52,690.94,0.7816,982.19,700.42,0.5067,999.97,727.68,0.7137,1008.85,684.42,0.4874,1037.89,721.75,0.7549,959.67,750.79,0.7095,983.37,756.12,0.6849,951.37,802.35,0.7701,992.26,803.53,0.7658,930.04,853.32,0.7035,960.85,854.50,0.8170
991,top,1,807.14,323.85,896.73,513.38,849.62,340.42,0.8456,852.39,337.18,0.8310,845.45,337.18,0.8018,856.56,340.88,0.7791,838.05,340.42,0.8760,866.28,358.92,0.7421,824.17,360.31,0.7870,872.75,384.37,0.7165,812.60,385.76,0.7982,873.22,409.82,0.6809,824.63,408.90,0.7227,861.19,410.75,0.6291,836.20,412.60,0.6029,875.53,452.85,0.7516,835.27,456.09,0.7238,882.93,493.11,0.8272,831.11,494.03,0.7480
991,bottom,0,951.53,627.83,1056.89,872.74,1013.18,648.04,0.7236,1013.18,643.86,0.5778,1010.79,645.05,0.6826,995.24,650.43,0.5558,1004.21,652.83,0.6586,987.47,673.75,0.7318,1008.40,687.50,0.7512,1000.02,683.92,0.5898,1001.82,725.77,0.7536,1018.56,669.57,0.6684,1038.29,716.21,0.7737,970.73,750.29,0.7119,991.65,754.47,0.6512,971.32,800.51,0.7433,1000.62,804.10,0.7452,959.37,850.14,0.7237,967.14,852.53,0.8059
992,top,1,814.41,327.93,912.25,513.99,857.42,343.28,0.8063,860.60,339.65,0.7910,853.79,339.65,0.7693,864.69,343.28,0.7546,846.52,342.83,0.8422,873.78,359.63,0.7499,831.99,362.36,0.7766,878.32,385.07,0.7278,820.63,388.71,0.8105,881.95,410.51,0.6841,834.26,411.87,0.7378,868.78,414.15,0.6265,843.34,415.96,0.5973,885.13,453.21,0.7284,837.89,457.30,0.7098,896.49,494.55,0.8128,831.08,491.82,0.7549
992,bottom,0,960.63,626.21,1056.58,888.55,1024.62,647.86,0.6910,1023.34,644.65,0.6106,1020.78,645.29,0.6440,1006.04,651.70,0.5283,1012.45,654.26,0.6496,998.36,676.04,0.6791,1014.37,686.93,0.7222,1009.89,695.25,0.4571,1005.40,724.71,0.7218,1029.10,662.59,0.4772,1039.99,712.54,0.7132,982.99,752.25,0.5949,998.36,753.54,0.6181,991.95,804.77,0.5871,1009.25,806.70,0.6100,978.50,856.65,0.6269,979.14,857.93,0.6339
993,top,0,822.21,328.67,934.89,518.32,866.97,345.25,0.8195,870.22,341.54,0.7796,863.27,342.00,0.8205,874.38,344.78,0.7891,855.86,344.78,0.8461,882.72,360.99,0.7929,841.05,363.77,0.8106,886.42,387.38,0.7444,830.40,390.16,0.8258,890.59,413.31,0.6933,844.75,412.38,0.7946,878.09,417.94,0.6364,851.23,418.86,0.6506,895.68,457.76,0.7407,840.58,458.22,0.7296,909.57,498.96,0.8198,831.79,492.48,0.7403
993,bottom,3,972.82,628.61,1058.94,901.14,1034.51,648.44,0.7317,1032.51,645.78,0.6519,1029.85,646.45,0.6771,1015.88,653.10,0.5331,1020.54,656.43,0.6775,1007.23,678.38,0.6751,1019.87,688.36,0.7184,1011.89,707.66,0.4748,1009.23,725.62,0.7286,1034.51,664.41,0.4054,1042.49,712.32,0.7305,996.58,754.23,0.5564,1007.23,755.56,0.6246,1007.23,806.80,0.5459,1023.86,808.13,0.5723,991.26,858.03,0.6296,994.59,864.02,0.6361
994,top,0,824.02,328.04,941.48,520.46,876.17,344.39,0.8056,878.99,341.10,0.7799,872.41,341.10,0.7920,883.69,344.86,0.7808,865.84,344.86,0.8474,893.08,363.18,0.7502,851.74,363.65,0.8022,896.37,389.49,0.7242,840.47,390.90,0.8131,900.60,415.80,0.6689,857.85,412.51,0.7370,886.98,418.14,0.6314,859.73,418.14,0.6375,904.83,460.43,0.7545,845.17,457.61,0.7311,920.33,502.24,0.8296,833.42,492.37,0.7486
994,bottom,1,987.29,632.13,1091.28,907.36,1041.97,652.83,0.7208,1040.63,650.14,0.5921,1037.27,650.81,0.6701,1025.85,657.53,0.4470,1027.86,659.55,0.6310,1015.10,685.75,0.6232,1025.17,692.47,0.6924,1012.41,716.66,0.4784,1013.08,728.76,0.7108,1041.97,709.94,0.4176,1045.33,714.65,0.6719,1007.03,756.31,0.5927,1019.80,757.65,0.6185,1016.44,813.42,0.6350,1044.66,810.06,0.6313,1006.36,871.88,0.6626,1009.05,863.82,0.6199
995,top,0,826.35,330.73,944.90,524.79,886.57,347.21,0.8380,890.36,343.42,0.7999,882.31,343.42,0.8145,895.10,346.74,0.8138,875.68,346.27,0.8533,903.63,366.17,0.7569,861.94,365.22,0.7795,905.53,390.80,0.7357,851.99,391.75,0.8157,910.74,415.91,0.6869,867.62,412.60,0.7056,896.05,420.65,0.6443,869.04,420.18,0.6376,912.63,463.77,0.7348,851.51,458.08,0.7223,926.85,504.04,0.8163,836.35,489.83,0.7378
995,bottom,1,999.24,639.88,1087.87,910.40,1050.82,658.90,0.7720,1049.50,656.26,0.6338,1046.20,656.92,0.7140,1032.99,663.53,0.4735,1036.29,666.17,0.6706,1023.08,692.59,0.6558,1032.99,697.87,0.7196,1019.78,722.97,0.5118,1019.78,734.86,0.7249,1047.52,713.72,0.4815,1049.50,719.00,0.6929,1017.14,763.25,0.6419,1033.65,763.25,0.6568,1026.38,819.39,0.7506,1063.37,812.13,0.7022,1011.85,881.47,0.7951,1031.01,867.60,0.7250
996,top,1,828.38,332.89,948.35,527.26,895.96,349.40,0.8403,899.28,345.60,0.8452,891.68,346.08,0.8301,904.02,349.40,0.8090,884.57,349.40,0.8703,913.99,369.33,0.7800,872.23,369.33,0.7774,916.84,395.90,0.7349,862.74,395.43,0.7921,923.00,421.53,0.6627,877.45,413.46,0.6847,906.40,422.00,0.6204,878.87,422.00,0.6160,923.00,466.14,0.7302,860.37,459.49,0.7251,931.55,509.32,0.8302,840.91,490.81,0.7555
996,bottom,0,1001.79,644.19,1091.75,908.90,1059.70,664.09,0.8182,1057.76,660.86,0.6770,1055.17,662.15,0.7395,1039.66,668.62,0.5211,1044.83,671.20,0.6843,1031.26,697.70,0.6912,1041.60,702.22,0.7511,1028.68,726.78,0.5216,1026.09,740.35,0.7087,1054.53,718.38,0.5201,1055.17,723.55,0.6735,1027.38,769.43,0.6882,1043.54,768.79,0.6987,1033.85,825.01,0.7660,1081.67,816.61,0.8031,1014.46,886.41,0.8339,1053.23,873.48,0.7133
997,top,1,834.25,334.26,949.66,529.71,905.80,351.82,0.8727,909.14,348.00,0.8394,901.98,348.48,0.8262,913.43,352.30,0.7468,894.34,352.30,0.8726,923.45,372.82,0.7774,880.98,372.82,0.7627,927.27,399.06,0.7282,872.87,398.59,0.7811,934.90,427.22,0.6677,887.19,415.76,0.6859,914.86,424.83,0.6450,887.66,424.83,0.6249,930.61,466.34,0.7158,870.01,462.05,0.6962,933.95,510.72,0.8391,848.06,489.73,0.7371
997,bottom,0,1001.07,650.02,1107.69,910.55,1070.28,671.52,0.8218,1067.74,668.34,0.6452,1065.83,669.61,0.7228,1048.02,675.33,0.5067,1054.38,676.61,0.6624,1041.66,701.41,0.7392,1050.56,707.14,0.7583,1028.30,698.23,0.4831,1035.93,744.03,0.7145,1061.38,713.50,0.3386,1062.65,728.13,0.6245,1039.11,775.20,0.7253,1056.29,774.56,0.7229,1039.75,827.99,0.7709,1097.63,820.36,0.8345,1013.67,888.42,0.8513,1076.01,880.79,0.7763
998,top,1,844.32,336.03,953.91,529.82,914.26,353.44,0.8669,917.57,349.65,0.8277,910.00,349.65,0.8288,921.35,353.91,0.7407,902.90,353.44,0.8794,931.76,374.73,0.7884,889.18,374.73,0.7628,937.91,401.22,0.7403,882.08,400.28,0.7801,946.90,428.19,0.6836,895.33,416.84,0.6965,923.24,426.77,0.6303,896.75,427.25,0.6131,935.55,469.35,0.6987,878.30,466.04,0.6890,933.65,511.93,0.8604,857.95,492.06,0.7381
998,bottom,0,1000.68,655.49,1128.66,917.72,1081.32,675.20,0.7598,1078.76,672.00,0.5946,1076.83,672.64,0.6788,1059.55,679.69,0.4851,1065.95,679.69,0.6295,1049.30,702.73,0.6819,1063.39,710.42,0.6913,1032.02,700.17,0.5442,1047.38,747.55,0.6472,1065.95,687.37,0.3303,1069.79,732.18,0.5095,1049.30,777.64,0.6788,1068.51,776.36,0.6673,1043.54,831.42,0.7062,1111.41,825.02,0.7818,1013.45,887.76,0.8125,1100.52,887.76,0.7901
999,top,0,857.45,337.07,963.89,529.29,921.00,352.46,0.8422,924.28,349.18,0.8595,916.77,349.18,0.8267,928.50,352.93,0.7532,909.26,352.46,0.8647,939.30,374.05,0.7719,896.12,374.52,0.7419,946.81,400.80,0.7230,888.62,399.39,0.7875,956.66,428.49,0.6838,901.29,416.29,0.7175,930.38,427.08,0.5915,904.57,426.61,0.5964,938.83,470.72,0.6859,887.21,466.97,0.6716,934.60,511.55,0.8206,869.84,494.65,0.7253
999,bottom,1,999.43,658.45,1153.39,921.96,1092.49,679.55,0.7203,1090.56,676.33,0.5701,1089.27,676.33,0.6108,1070.62,682.12,0.4989,1078.98,681.48,0.5872,1059.68,704.00,0.6393,1074.48,706.57,0.6329,1042.31,704.64,0.5215,1064.18,747.10,0.4702,1037.81,694.35,0.3370,1078.34,727.80,0.5108,1060.32,777.98,0.6667,1082.20,777.34,0.6459,1047.46,835.24,0.7160,1123.37,831.38,0.8029,1014.00,887.99,0.7746,1123.37,897.00,0.8050
1000,top,1,871.09,333.90,971.73,527.75,926.62,350.84,0.8129,929.93,347.53,0.8209,922.83,347.53,0.8363,934.19,351.32,0.8081,915.73,351.32,0.8448,945.55,372.14,0.7470,902.01,373.09,0.7490,953.12,396.75,0.7352,893.49,397.22,0.7889,963.06,422.78,0.7279,905.79,414.26,0.7330,936.56,426.09,0.5932,911.47,425.62,0.5990,941.76,470.11,0.6913,896.33,466.79,0.7148,936.08,510.34,0.7904,882.60,497.08,0.7161
1000,bottom,0,1001.63,664.54,1176.41,933.45,1103.46,684.76,0.7286,1102.15,680.82,0.6260,1098.87,681.48,0.6389,1081.14,686.73,0.5096,1087.71,686.08,0.6394,1069.98,705.77,0.6444,1085.08,708.40,0.6071,1050.94,714.96,0.6010,1081.80,714.31,0.3897,1039.13,705.11,0.5644,1090.33,707.08,0.3285,1072.61,779.30,0.7376,1095.58,779.96,0.6953,1052.26,836.41,0.7566,1133.66,839.70,0.8321,1016.80,887.62,0.8494,1144.82,904.03,0.8276
1001,top,1,886.36,333.52,978.95,526.56,932.18,349.45,0.8568,935.48,345.68,0.8403,927.94,346.15,0.8170,939.73,349.45,0.7994,921.35,349.45,0.8504,951.51,370.19,0.7562,908.15,371.13,0.7583,959.52,393.75,0.7243,898.72,394.69,0.7861,969.42,418.73,0.7111,910.03,413.07,0.7303,943.02,425.80,0.6125,917.57,425.33,0.6118,948.68,469.63,0.6972,904.85,466.33,0.7251,939.25,508.28,0.8022,895.42,500.26,0.7290
1001,bottom,0,1004.09,672.02,1190.32,943.55,1113.78,693.10,0.7973,1111.79,689.12,0.6591,1109.14,689.79,0.6811,1090.58,694.43,0.4976,1099.20,695.09,0.6585,1081.30,714.31,0.6622,1097.21,720.94,0.6238,1059.42,726.25,0.6124,1103.17,728.24,0.3895,1049.48,717.63,0.5443,1107.15,721.61,0.2983,1084.61,788.56,0.7472,1107.81,789.89,0.7275,1062.07,840.27,0.7684,1142.28,849.55,0.8393,1020.31,889.99,0.8730,1158.86,915.84,0.8260
1002,top,1,897.00,332.72,987.11,527.79,936.82,348.81,0.8257,940.15,345.48,0.8284,933.01,345.48,0.8014,944.44,348.34,0.7815,925.86,348.81,0.8500,956.34,368.34,0.7414,913.01,370.72,0.7568,964.92,392.15,0.7279,903.96,393.10,0.7694,976.35,417.39,0.6993,912.53,412.15,0.7347,949.68,423.58,0.6172,924.44,424.06,0.6019,957.30,467.87,0.7137,913.96,465.49,0.7133,946.34,504.55,0.7569,904.91,504.07,0.7309
1002,bottom,0,1005.03,680.83,1194.43,948.49,1123.26,701.61,0.7469,1119.99,697.04,0.5532,1119.99,697.69,0.6565,1100.38,702.92,0.5180,1110.84,704.23,0.6664,1089.28,724.48,0.7090,1123.91,732.98,0.6005,1068.37,736.90,0.5821,1144.17,757.16,0.6575,1059.22,730.37,0.3770,1126.52,737.55,0.4779,1093.85,800.94,0.7542,1120.64,802.90,0.7619,1070.98,847.99,0.7460,1152.01,861.06,0.8414,1023.93,893.07,0.8352,1163.12,929.67,0.8358
1003,top,1,902.92,333.10,994.39,534.22,942.76,350.68,0.8278,945.71,347.24,0.8324,938.34,347.24,0.8114,950.13,350.68,0.7959,931.47,350.68,0.8641,961.42,369.83,0.7472,918.21,371.30,0.7784,971.73,393.89,0.7344,908.39,394.38,0.7790,983.52,418.44,0.7195,915.26,415.49,0.7403,956.02,423.84,0.6327,930.00,423.84,0.6185,965.84,469.50,0.7270,922.14,466.56,0.7127,955.53,505.84,0.6861,913.30,509.77,0.7542
1003,bottom,0,1008.06,687.32,1195.07,950.69,1133.07,706.48,0.8066,1131.78,703.26,0.5370,1129.86,703.91,0.6780,1109.92,709.69,0.4485,1120.21,710.34,0.5985,1098.99,727.70,0.7454,1129.21,741.84,0.6490,1078.42,748.27,0.6483,1167.79,759.20,0.5677,1074.56,741.20,0.3988,1172.94,748.27,0.6643,1102.21,804.86,0.6950,1126.64,807.43,0.7363,1084.20,855.65,0.6853,1162.65,867.23,0.8382,1030.83,896.80,0.7912,1163.29,934.74,0.8298
1004,top,1,907.25,336.06,1000.60,539.28,948.47,353.32,0.8574,951.45,350.34,0.8562,944.00,349.85,0.8499,955.42,353.82,0.8228,937.06,353.82,0.9218,966.83,373.17,0.7482,923.66,374.66,0.7939,977.74,396.98,0.7399,912.75,397.48,0.7873,990.15,422.29,0.7326,917.21,419.31,0.7575,961.87,426.25,0.6578,936.56,427.25,0.6317,974.77,467.93,0.7244,928.13,470.91,0.6882,971.79,497.20,0.6152,920.69,517.54,0.7849
1004,bottom,0,1021.32,688.54,1228.29,951.29,1140.98,708.74,0.8509,1139.63,706.05,0.6459,1136.93,706.05,0.7227,1120.09,712.11,0.5750,1126.15,714.81,0.6607,1106.61,728.96,0.8099,1139.63,745.80,0.6875,1088.42,754.56,0.7750,1176.68,763.99,0.6125,1084.38,753.21,0.5517,1207.00,759.95,0.8116,1107.29,811.83,0.7522,1128.85,814.52,0.7374,1097.85,859.67,0.7215,1169.95,867.75,0.8412,1041.93,898.07,0.7929,1164.56,932.43,0.8768
1005,top,1,913.92,343.12,1005.92,544.72,954.51,358.28,0.8621,957.46,355.32,0.8685,950.08,355.32,0.8441,961.89,358.28,0.8124,942.69,358.77,0.9230,973.21,376.98,0.7627,928.91,379.44,0.7907,983.54,401.59,0.7470,917.59,403.56,0.7867,996.34,427.18,0.7433,920.54,428.17,0.7157,967.79,429.64,0.6694,941.22,431.12,0.6396,985.02,470.00,0.7323,935.31,474.93,0.6906,986.99,506.92,0.6288,926.94,522.67,0.7509
1005,bottom,0,1033.41,686.76,1253.74,951.34,1147.88,708.60,0.9259,1145.72,705.73,0.7245,1143.57,705.73,0.8341,1128.51,712.90,0.5936,1132.81,713.62,0.7583,1111.30,727.96,0.8323,1149.31,747.33,0.6851,1091.93,760.96,0.8446,1188.04,773.15,0.7050,1105.56,754.50,0.5058,1231.79,774.58,0.8567,1108.43,812.60,0.8121,1131.38,815.47,0.7721,1106.99,859.22,0.7878,1171.54,867.82,0.8160,1053.92,897.95,0.8136,1165.09,933.81,0.8177
1006,top,1,917.97,348.15,1023.05,549.00,961.20,365.21,0.8302,964.14,361.78,0.8430,956.78,361.78,0.8399,968.06,365.21,0.8218,949.43,365.70,0.8837,978.85,384.34,0.7774,935.21,386.30,0.7919,989.15,408.85,0.7331,923.44,411.31,0.7716,1001.40,433.86,0.7306,924.42,436.80,0.7374,973.45,434.35,0.6439,945.99,436.31,0.6368,995.03,475.05,0.7251,941.09,480.94,0.7167,1005.82,513.79,0.7629,931.77,526.54,0.7865
1006,bottom,0,1044.19,683.88,1257.27,951.02,1154.20,705.78,0.9342,1152.12,703.69,0.7099,1150.03,703.69,0.8444,1131.31,707.86,0.6081,1139.63,709.94,0.7653,1116.74,723.12,0.8564,1156.97,744.62,0.7068,1098.01,760.57,0.7432,1190.96,778.61,0.7575,1099.40,765.43,0.5434,1233.96,785.54,0.8944,1109.11,809.82,0.8220,1133.39,813.98,0.7784,1113.97,855.60,0.8099,1170.15,867.39,0.8233,1064.03,897.22,0.8528,1164.60,932.59,0.8586
1007,top,1,921.56,354.88,1046.30,548.91,968.30,372.32,0.9072,971.61,369.00,0.8520,964.51,369.00,0.8644,975.40,372.79,0.8185,955.98,372.79,0.9485,985.35,391.74,0.7803,941.77,393.63,0.8442,994.82,416.84,0.7465,931.35,420.16,0.7848,1007.61,442.42,0.7082,930.40,447.16,0.6976,979.67,442.90,0.6758,953.14,444.79,0.6807,1006.19,480.79,0.7376,945.09,486.00,0.7532,1027.04,517.74,0.7564,931.35,529.58,0.8154
1007,bottom,0,1055.13,679.38,1241.03,950.70,1159.34,700.45,0.8075,1159.34,697.13,0.6742,1156.69,697.80,0.7197,1136.16,702.43,0.6284,1148.08,705.75,0.6569,1120.92,718.99,0.7963,1161.99,743.50,0.6994,1101.71,757.41,0.6527,1189.81,783.25,0.7686,1098.40,768.67,0.5744,1222.27,791.19,0.8205,1107.01,805.10,0.7836,1133.51,809.74,0.7336,1115.62,850.15,0.7813,1166.63,866.05,0.8068,1073.23,895.85,0.8216,1163.98,932.28,0.8419
1008,top,1,923.26,361.98,1060.77,547.85,975.68,378.68,0.8998,978.86,375.05,0.8837,971.60,375.05,0.8495,982.94,379.14,0.8060,963.88,379.14,0.9329,992.47,398.65,0.7974,949.82,400.46,0.8471,1000.19,422.70,0.7709,938.02,426.33,0.7917,1012.89,447.66,0.7490,935.75,453.55,0.7185,987.03,449.02,0.6886,958.89,450.38,0.6983,1015.61,485.32,0.7390,946.64,489.40,0.7528,1041.48,519.35,0.8164,931.21,530.24,0.8531
1008,bottom,0,1062.33,673.79,1218.01,949.21,1163.71,697.87,0.7355,1163.03,693.16,0.6203,1161.69,693.83,0.6898,1142.19,698.54,0.6149,1154.96,701.23,0.6725,1124.71,714.68,0.8015,1168.41,742.24,0.7362,1105.21,747.62,0.7021,1182.53,783.26,0.8074,1095.12,767.12,0.6841,1206.07,789.98,0.7773,1107.90,800.07,0.7590,1132.77,806.12,0.7353,1115.29,844.45,0.7661,1163.03,864.62,0.8073,1078.31,894.88,0.8351,1163.03,931.86,0.8502
1009,top,1,921.36,367.10,1070.12,548.28,984.12,384.09,0.8536,987.51,380.70,0.8455,980.24,380.70,0.8176,991.87,384.57,0.8349,972.98,383.61,0.8873,1001.07,404.43,0.7657,958.45,404.91,0.8145,1009.30,428.64,0.7494,946.35,429.61,0.7645,1021.89,453.82,0.7259,943.44,455.27,0.6817,995.26,453.82,0.7044,968.14,455.76,0.7136,1025.28,488.20,0.7596,950.71,490.62,0.7604,1049.97,522.09,0.8194,932.31,529.84,0.8399
1009,bottom,0,1063.97,670.10,1197.20,948.42,1165.92,693.07,0.7934,1167.28,689.67,0.5621,1165.24,689.67,0.7264,1144.18,695.11,0.6481,1163.20,697.15,0.7573,1127.19,712.10,0.8215,1171.36,739.28,0.8103,1105.44,744.71,0.7482,1176.79,781.41,0.8309,1088.46,763.74,0.7400,1189.02,784.80,0.7270,1109.52,797.03,0.7418,1135.34,803.15,0.7195,1112.92,839.84,0.7665,1161.16,863.62,0.8241,1079.62,895.56,0.8491,1163.20,930.89,0.8601
1010,top,1,922.65,370.95,1072.72,548.03,994.76,387.19,0.8767,998.17,383.28,0.8285,990.36,383.28,0.8332,1002.08,386.70,0.7582,983.03,386.70,0.9006,1011.85,408.19,0.7736,968.86,408.19,0.7998,1019.67,432.13,0.7500,955.67,432.62,0.7593,1032.86,455.09,0.7263,947.86,458.51,0.6610,1005.01,456.56,0.6999,977.17,458.02,0.7129,1033.35,491.24,0.7803,957.63,493.68,0.7616,1053.87,524.46,0.8222,933.69,528.86,0.8262
1010,bottom,0,1063.64,667.19,1194.00,948.47,1164.53,691.09,0.7976,1167.28,686.28,0.5589,1165.22,686.96,0.6537,1148.05,691.09,0.7152,1169.34,693.83,0.8430,1128.82,709.63,0.8554,1176.21,736.41,0.8583,1104.79,740.53,0.7554,1170.71,777.61,0.8426,1079.38,758.39,0.7585,1170.71,768.00,0.5635,1113.71,792.72,0.7384,1139.12,798.22,0.7314,1108.91,839.42,0.7905,1160.41,862.08,0.8252,1079.38,896.42,0.8504,1162.47,930.76,0.8730
1011,top,1,924.76,372.84,1077.94,547.13,1005.34,390.18,0.8661,1008.33,385.69,0.8295,1000.85,385.69,0.8019,1012.32,388.18,0.8520,993.37,388.68,0.8595,1022.79,409.13,0.7799,979.91,410.62,0.7652,1033.26,435.06,0.7750,963.45,434.56,0.7872,1046.23,459.49,0.7403,949.99,460.49,0.7115,1015.31,457.99,0.7140,988.39,459.99,0.7071,1044.23,494.89,0.7701,965.95,499.88,0.7359,1057.70,525.31,0.8547,938.52,527.30,0.7993
1011,bottom,0,1056.91,663.45,1193.89,948.50,1164.37,687.67,0.7892,1165.07,682.80,0.5568,1166.46,682.80,0.6474,1148.37,687.67,0.7859,1170.64,690.45,0.8706,1128.88,707.85,0.8725,1178.29,732.90,0.8921,1102.43,739.17,0.7804,1169.24,772.57,0.8582,1071.12,753.09,0.7622,1156.02,766.31,0.4830,1115.66,792.06,0.7516,1142.80,796.93,0.7458,1105.22,841.47,0.7883,1160.89,861.65,0.8261,1078.77,897.84,0.8481,1162.28,930.55,0.8855
1012,top,1,929.89,376.52,1078.25,545.00,1016.62,390.73,0.8433,1019.52,386.87,0.8144,1011.80,386.87,0.8006,1023.39,389.77,0.7894,1004.55,390.73,0.8692,1033.53,411.02,0.7905,991.03,411.98,0.7438,1046.09,436.13,0.8054,973.16,434.20,0.7801,1059.61,460.76,0.7695,955.77,457.38,0.7684,1024.35,460.76,0.7336,997.31,463.66,0.6965,1055.26,495.54,0.7995,980.89,505.68,0.6964,1057.68,524.03,0.8671,944.66,528.38,0.7763
1012,bottom,0,1050.03,660.01,1194.31,947.66,1162.90,683.75,0.8091,1162.90,679.54,0.5685,1164.31,680.24,0.6212,1148.86,684.45,0.8118,1170.63,687.26,0.8707,1129.19,706.92,0.8652,1179.76,729.40,0.9035,1100.40,736.42,0.7653,1170.63,768.72,0.8538,1066.69,749.06,0.7732,1156.58,762.40,0.4899,1117.25,791.90,0.7423,1144.64,796.11,0.7587,1103.21,841.76,0.7862,1160.79,860.72,0.8196,1078.63,898.64,0.8444,1162.90,929.54,0.9072
1013,top,1,935.94,376.79,1081.50,546.93,1026.72,392.21,0.8629,1029.57,387.94,0.8120,1021.98,388.42,0.8238,1033.83,391.26,0.8192,1014.40,392.21,0.8903,1044.25,413.06,0.7808,1001.61,413.53,0.6965,1057.52,439.12,0.7902,981.23,433.91,0.6971,1072.21,463.76,0.7470,959.91,454.28,0.6813,1031.93,463.28,0.7200,1006.35,466.13,0.6672,1060.84,496.45,0.7640,995.92,510.19,0.7014,1058.00,523.94,0.8376,950.91,528.20,0.7037
1013,bottom,0,1044.62,656.37,1192.86,947.05,1161.32,681.06,0.7871,1160.61,676.10,0.5809,1163.45,676.81,0.6222,1147.84,681.06,0.8450,1169.84,684.61,0.8779,1128.67,704.48,0.8466,1181.19,725.77,0.8985,1099.58,734.29,0.7527,1171.96,764.81,0.8379,1061.97,747.06,0.7615,1149.26,762.68,0.4652,1119.45,789.64,0.7391,1147.13,794.61,0.7586,1104.55,839.32,0.8003,1161.32,859.19,0.8149,1081.13,895.38,0.8129,1163.45,928.74,0.9266
1014,top,1,946.21,376.59,1088.17,545.37,1035.21,392.58,0.8737,1038.45,388.43,0.8255,1030.59,388.89,0.8255,1042.61,391.20,0.8145,1023.20,392.58,0.8720,1051.39,413.84,0.7761,1010.26,413.38,0.6781,1066.64,439.72,0.7981,989.46,431.40,0.6668,1081.42,466.06,0.7613,968.66,448.04,0.6553,1037.06,463.75,0.6915,1013.03,466.06,0.6526,1063.86,499.34,0.7661,1007.95,510.89,0.7355,1057.86,524.75,0.7843,962.20,525.22,0.6731
1014,bottom,0,1040.82,655.13,1194.24,948.42,1159.78,678.62,0.7682,1158.34,674.32,0.5861,1162.64,675.04,0.6576,1146.89,680.05,0.8450,1167.65,682.20,0.8853,1128.27,704.39,0.8431,1181.26,720.86,0.8849,1098.20,733.04,0.7519,1173.38,762.39,0.8433,1059.53,746.64,0.7682,1149.75,758.81,0.4751,1120.39,788.17,0.7494,1147.60,793.18,0.7643,1106.79,836.15,0.7981,1162.64,858.34,0.8127,1083.16,892.00,0.7991,1164.79,927.08,0.9364
1015,top,1,964.69,374.78,1091.77,546.16,1041.62,391.85,0.8586,1044.13,387.67,0.7878,1037.02,388.09,0.7705,1048.74,390.60,0.7240,1029.07,392.27,0.8357,1057.94,413.19,0.7598,1018.19,411.10,0.6574,1073.42,440.39,0.7604,996.44,427.42,0.6862,1087.65,467.16,0.7471,976.77,441.64,0.6645,1042.46,463.82,0.6578,1018.61,465.49,0.6149,1065.47,501.89,0.7420,1016.94,510.68,0.7061,1057.94,524.06,0.7696,978.03,520.72,0.6716
1015,bottom,0,1039.72,654.17,1193.59,947.05,1157.41,677.62,0.7522,1153.83,672.62,0.5870,1160.27,673.33,0.6316,1145.25,679.05,0.8413,1166.71,680.48,0.8896,1126.66,704.08,0.8289,1181.01,719.81,0.8735,1097.35,733.40,0.7488,1173.86,762.00,0.8512,1059.45,747.70,0.7646,1150.26,759.14,0.4619,1120.94,787.02,0.7361,1148.83,792.03,0.7487,1107.36,834.22,0.7674,1163.13,857.10,0.8114,1085.90,885.70,0.7745,1165.99,925.74,0.9417
1016,top,1,970.94,373.53,1096.14,542.16,1044.65,389.92,0.8695,1047.53,385.80,0.8211,1040.12,386.21,0.7824,1052.47,388.68,0.7328,1032.71,389.92,0.8520,1064.00,411.33,0.7785,1020.77,408.86,0.6817,1077.18,438.50,0.7641,999.78,423.27,0.7142,1090.35,464.85,0.7605,980.02,437.67,0.7050,1046.71,463.20,0.6453,1022.01,463.20,0.6074,1066.06,503.13,0.7567,1020.36,506.84,0.6915,1057.83,522.90,0.7915,996.07,521.25,0.6479
1016,bottom,0,1040.03,652.73,1193.67,946.83,1153.47,676.28,0.7282,1150.60,671.98,0.5963,1156.34,671.98,0.6226,1142.70,678.44,0.8109,1163.52,679.87,0.8621,1124.75,704.29,0.8398,1180.03,717.21,0.8835,1098.90,734.44,0.7581,1174.29,761.73,0.8646,1059.41,750.96,0.7721,1148.44,763.16,0.4862,1121.16,787.58,0.7361,1149.88,792.60,0.7514,1108.23,832.09,0.7828,1164.24,856.50,0.8218,1088.85,885.94,0.7797,1166.39,924.71,0.9479
1017,top,1,971.66,369.47,1095.47,542.80,1046.69,387.16,0.8462,1050.07,382.93,0.8120,1042.45,382.93,0.7939,1054.73,386.74,0.7469,1034.84,386.74,0.8416,1067.00,408.32,0.7788,1021.72,405.36,0.6847,1080.12,435.83,0.7325,1003.10,418.48,0.7093,1090.70,464.60,0.7139,983.63,433.29,0.7135,1052.61,462.49,0.6180,1027.22,461.64,0.5895,1065.73,503.96,0.7086,1018.33,503.96,0.6705,1059.38,520.46,0.8031,1012.83,524.69,0.6303
1017,bottom,0,1039.78,653.57,1193.77,947.38,1149.06,676.38,0.7424,1146.90,672.08,0.5780,1153.36,672.79,0.6023,1139.01,678.53,0.7895,1161.25,679.97,0.8501,1122.52,705.79,0.8593,1177.75,716.55,0.8895,1098.13,737.35,0.7540,1174.88,762.46,0.8992,1060.11,756.00,0.7866,1149.77,764.61,0.5422,1121.08,787.56,0.7325,1149.77,791.87,0.7431,1107.45,832.75,0.7764,1165.55,856.42,0.8272,1090.24,887.98,0.7631,1166.99,924.57,0.9510
1018,top,1,970.75,368.04,1097.05,550.34,1048.59,384.86,0.8691,1051.70,380.86,0.8323,1044.58,380.86,0.8225,1056.15,384.42,0.7628,1036.57,384.86,0.8632,1069.06,405.78,0.8058,1022.77,403.11,0.7237,1082.41,435.16,0.7598,1003.63,416.91,0.7444,1091.31,463.64,0.7171,984.50,432.48,0.7440,1057.49,462.30,0.6253,1032.12,460.08,0.6333,1065.94,502.81,0.6666,1017.43,505.03,0.7278,1063.27,517.94,0.7805,1029.45,529.51,0.7191
1018,bottom,0,1041.49,655.96,1193.82,947.81,1146.15,678.61,0.7582,1141.88,674.34,0.5551,1150.43,675.05,0.6122,1135.46,680.75,0.8034,1157.55,682.18,0.8219,1119.79,708.54,0.8657,1174.65,717.09,0.8889,1098.41,741.32,0.7603,1175.37,764.12,0.8985,1060.65,761.98,0.7978,1150.43,767.68,0.5624,1120.50,790.48,0.7299,1149.71,794.05,0.7399,1108.39,834.66,0.7760,1167.53,857.46,0.8272,1092.00,890.24,0.7840,1166.82,924.44,0.9512
1019,top,1,972.70,367.63,1097.96,560.90,1049.96,384.05,0.9171,1053.26,380.28,0.8826,1045.71,380.28,0.8645,1057.51,383.58,0.7905,1038.16,384.52,0.9084,1070.72,406.23,0.8203,1025.42,402.93,0.7563,1083.46,435.48,0.7870,1005.13,418.97,0.7667,1091.95,464.26,0.7386,985.79,434.07,0.7550,1062.22,462.38,0.6401,1036.74,460.96,0.6634,1067.89,503.90,0.6194,1020.70,504.37,0.7924,1067.41,515.69,0.7613,1040.05,534.10,0.8004
1019,bottom,0,1040.78,661.04,1193.87,948.31,1141.87,682.64,0.7410,1136.26,678.43,0.5670,1146.78,678.43,0.5929,1131.35,684.74,0.8045,1153.80,685.44,0.8043,1117.33,713.50,0.8459,1172.03,719.11,0.8632,1096.99,746.46,0.7360,1175.54,766.10,0.8918,1060.52,768.20,0.7793,1150.99,772.41,0.5485,1120.83,794.85,0.7139,1150.29,797.66,0.7284,1108.21,836.94,0.7632,1168.52,860.08,0.8135,1095.58,886.73,0.7840,1165.72,926.01,0.9352
1020,top,1,981.10,369.72,1099.62,562.61,1051.19,385.17,0.8598,1054.49,381.40,0.8903,1046.95,381.40,0.8283,1059.19,384.70,0.7961,1039.42,385.17,0.8746,1072.38,408.71,0.7960,1027.17,405.89,0.7405,1084.62,438.85,0.7563,1008.81,422.84,0.7163,1093.10,468.99,0.7397,991.38,436.97,0.6683,1067.20,463.81,0.6274,1042.71,462.87,0.6566,1069.56,510.43,0.5943,1027.64,507.14,0.7490,1070.03,514.67,0.6036,1050.72,538.69,0.7629
1020,bottom,0,1039.14,664.98,1194.13,949.29,1136.07,685.66,0.7397,1131.21,681.50,0.6210,1140.93,681.50,0.5522,1127.04,687.75,0.8005,1147.87,688.44,0.7719,1113.86,717.59,0.8283,1167.30,721.06,0.8594,1092.34,751.60,0.7163,1173.55,767.57,0.8703,1058.33,773.12,0.7889,1150.64,775.90,0.5325,1120.80,796.72,0.7123,1149.95,799.50,0.7227,1107.61,838.37,0.7417,1165.92,861.97,0.8157,1097.89,888.35,0.7899,1165.22,928.60,0.9391
1021,top,1,993.67,373.50,1099.00,563.07,1052.35,389.61,0.8019,1055.59,385.44,0.8105,1048.19,385.44,0.8011,1060.22,388.22,0.7800,1040.78,388.68,0.8035,1073.64,412.75,0.7822,1029.21,409.97,0.7544,1085.67,443.29,0.7244,1013.48,427.56,0.7103,1094.47,474.30,0.6874,1001.91,439.59,0.6415,1071.33,468.75,0.6353,1047.72,466.90,0.6646,1072.25,521.97,0.6330,1034.77,511.33,0.7174,1074.57,517.34,0.5548,1060.68,540.94,0.7664
1021,bottom,0,1034.75,665.75,1194.61,949.38,1129.91,686.39,0.7503,1126.45,682.23,0.6362,1132.68,682.23,0.5427,1121.60,688.47,0.7751,1140.99,689.16,0.7350,1108.45,718.93,0.8234,1161.77,719.63,0.8385,1089.06,752.86,0.7307,1170.08,764.64,0.8495,1054.44,775.72,0.8008,1148.61,777.79,0.5117,1118.83,795.10,0.7081,1148.61,797.87,0.7084,1107.06,835.96,0.7232,1163.15,862.27,0.8076,1097.37,887.20,0.7794,1164.54,928.05,0.9447
1022,top,1,1004.73,379.88,1099.46,562.25,1053.43,395.82,0.8211,1056.99,391.37,0.7887,1049.42,391.37,0.7646,1061.44,394.93,0.7365,1041.85,394.48,0.7997,1073.46,417.64,0.7431,1031.17,416.30,0.7729,1085.93,447.47,0.7233,1020.93,431.44,0.7055,1094.39,477.30,0.6725,1013.80,443.01,0.6426,1074.36,471.06,0.6044,1050.76,470.17,0.6350,1073.91,520.93,0.7139,1043.19,517.81,0.7327,1082.37,522.26,0.7275,1066.34,544.08,0.7588
1022,bottom,0,1030.66,664.05,1193.88,946.53,1121.24,684.60,0.7367,1119.17,681.15,0.6190,1124.68,680.46,0.5055,1114.34,686.67,0.7437,1133.65,686.67,0.7172,1101.93,717.70,0.8201,1155.03,716.32,0.8394,1082.62,753.56,0.7439,1164.68,761.84,0.8365,1049.51,776.32,0.8110,1144.68,779.77,0.4754,1114.34,793.56,0.6962,1143.99,795.63,0.7077,1103.99,835.63,0.7341,1160.55,857.70,0.8143,1097.10,890.11,0.7958,1165.37,923.22,0.9297
1023,top,1,1006.34,386.58,1104.35,564.17,1054.91,404.70,0.8068,1058.38,400.37,0.7349,1050.58,400.37,0.7270,1063.15,402.97,0.7193,1043.64,402.97,0.7628,1075.29,424.65,0.7427,1033.67,424.22,0.7716,1087.43,453.70,0.6907,1025.00,441.99,0.6865,1095.67,485.35,0.6327,1016.33,454.56,0.6724,1078.76,474.08,0.5866,1054.05,474.94,0.6227,1075.29,523.94,0.7186,1046.68,522.63,0.7457,1087.86,532.17,0.7516,1066.19,546.91,0.7311
1023,bottom,0,1025.76,659.41,1194.21,945.84,1114.18,680.25,0.7594,1112.78,676.75,0.5777,1116.28,676.75,0.5035,1105.79,683.05,0.7406,1126.07,683.05,0.7475,1095.30,715.21,0.8285,1147.05,711.02,0.8457,1075.72,751.58,0.7476,1160.33,756.47,0.8153,1044.25,774.65,0.8071,1146.35,774.65,0.4915,1109.98,789.34,0.7058,1140.05,790.74,0.7090,1100.89,833.39,0.7510,1157.54,851.58,0.7910,1096.00,890.04,0.7951,1166.63,913.11,0.8904
1024,top,1,1013.52,395.54,1108.54,568.88,1057.65,413.23,0.8257,1061.45,409.42,0.7316,1053.84,409.00,0.7487,1066.53,411.54,0.7016,1047.07,411.54,0.7511,1078.38,432.69,0.7741,1037.33,432.27,0.7931,1089.38,461.47,0.6912,1028.45,449.20,0.7170,1097.85,491.94,0.6514,1021.25,460.63,0.7082,1083.46,477.98,0.6247,1059.34,479.25,0.6562,1077.96,522.83,0.6864,1047.91,526.22,0.7594,1095.31,544.84,0.7524,1067.38,548.22,0.7111
1024,bottom,0,1022.39,655.59,1189.63,936.52,1108.07,676.72,0.7668,1106.01,673.29,0.5707,1109.44,672.60,0.5110,1099.15,678.77,0.7352,1119.73,678.77,0.7771,1088.87,712.38,0.8310,1140.99,707.58,0.8387,1068.98,748.73,0.7677,1156.08,751.48,0.8474,1040.17,771.37,0.8196,1143.05,776.17,0.6164,1106.01,786.46,0.7029,1135.51,787.14,0.7071,1098.47,834.47,0.7919,1154.02,848.18,0.7864,1095.73,890.71,0.8433,1165.68,903.74,0.8749
1025,top,1,1020.39,402.32,1108.55,579.22,1063.18,420.37,0.8152,1066.63,416.48,0.7570,1059.29,416.05,0.7495,1071.38,419.07,0.7529,1051.95,418.21,0.7818,1081.32,438.94,0.7568,1042.88,436.78,0.7566,1092.11,467.01,0.6209,1033.38,452.76,0.6367,1099.46,495.09,0.5410,1028.62,460.54,0.6600,1086.50,484.72,0.6547,1064.47,485.59,0.6656,1084.34,521.87,0.6629,1050.22,529.64,0.7362,1099.02,555.99,0.7200,1069.22,549.08,0.6894
1025,bottom,0,1020.22,651.39,1184.17,937.50,1102.89,672.21,0.7488,1100.80,668.71,0.5554,1104.29,668.02,0.5117,1093.81,675.00,0.7333,1114.07,674.30,0.7779,1083.33,707.83,0.8243,1134.32,702.94,0.8252,1064.47,744.15,0.7506,1151.79,746.25,0.8300,1035.14,765.81,0.7996,1142.01,773.49,0.6773,1102.19,782.57,0.7023,1132.23,782.57,0.7015,1096.60,834.26,0.7810,1150.39,844.04,0.7809,1095.91,891.54,0.8373,1161.57,894.33,0.8562
1026,top,1,1023.35,409.46,1115.01,581.77,1069.18,425.78,0.7629,1072.97,422.00,0.7181,1065.40,421.58,0.7223,1078.02,425.36,0.7832,1058.24,424.52,0.7471,1088.11,445.56,0.7511,1049.83,443.03,0.7015,1096.11,474.58,0.5309,1034.27,456.92,0.4956,1098.21,489.73,0.3244,1033.42,458.18,0.5652,1092.74,490.57,0.6642,1070.02,491.41,0.6452,1094.42,527.59,0.5802,1054.88,529.27,0.7001,1103.26,566.29,0.6823,1069.18,548.20,0.6817
1026,bottom,0,1018.19,644.63,1171.79,928.06,1098.45,665.94,0.7613,1097.07,662.48,0.5561,1099.83,661.79,0.5020,1089.45,668.71,0.7303,1108.83,668.02,0.7747,1079.07,701.23,0.8471,1130.28,696.39,0.8407,1059.70,736.52,0.7549,1148.96,737.91,0.8393,1032.02,757.97,0.7946,1140.66,769.04,0.7046,1099.83,776.66,0.7103,1129.59,775.96,0.7013,1095.68,832.71,0.8218,1145.50,837.55,0.8127,1096.37,890.83,0.8418,1155.88,888.06,0.8667
1027,top,1,1026.57,414.00,1119.37,587.36,1078.05,430.42,0.6824,1081.43,427.03,0.6674,1074.24,426.61,0.6272,1084.82,430.00,0.7578,1066.62,429.15,0.7082,1094.98,451.58,0.7583,1056.89,447.35,0.6679,1101.75,481.21,0.5631,1040.38,456.66,0.4890,1109.37,509.57,0.4451,1035.30,459.20,0.5471,1096.25,494.33,0.6545,1073.81,495.60,0.6331,1100.90,531.15,0.6339,1060.69,529.03,0.7117,1108.10,570.51,0.7317,1070.01,547.66,0.7020
1027,bottom,0,1017.59,638.68,1159.76,919.51,1095.53,658.42,0.8103,1094.84,654.99,0.5839,1096.22,654.31,0.5024,1085.93,660.48,0.7132,1105.13,659.79,0.7414,1075.65,692.02,0.8530,1127.07,687.90,0.8561,1056.45,727.67,0.7523,1146.27,729.04,0.8164,1031.08,746.87,0.7808,1140.10,763.32,0.7101,1097.59,768.81,0.7112,1127.07,767.44,0.6997,1094.16,829.14,0.8325,1139.41,829.14,0.8199,1095.53,889.48,0.8660,1147.64,879.88,0.8441
1028,top,1,1031.63,418.49,1123.83,600.11,1086.15,436.14,0.7774,1089.70,432.59,0.7661,1083.05,432.15,0.7052,1092.80,436.14,0.7682,1074.63,434.37,0.7380,1101.23,457.87,0.7569,1064.87,450.77,0.6713,1107.88,487.57,0.6191,1049.80,456.54,0.5097,1114.09,516.84,0.5495,1038.71,461.86,0.5525,1100.34,499.99,0.6389,1076.84,499.99,0.6155,1108.77,538.12,0.6682,1064.87,531.47,0.6763,1113.64,578.91,0.7311,1070.19,546.99,0.7024
1028,bottom,0,1017.84,626.68,1152.50,909.79,1093.46,647.97,0.8208,1092.08,644.51,0.5980,1094.15,643.82,0.5194,1084.48,650.04,0.7143,1103.14,649.35,0.7381,1073.42,682.53,0.8720,1124.57,678.38,0.8668,1053.37,718.47,0.7643,1144.61,719.85,0.8280,1029.88,735.06,0.8080,1140.46,755.10,0.7192,1096.92,759.94,0.7225,1125.26,757.87,0.7166,1093.46,823.53,0.8522,1133.55,820.76,0.8184,1094.85,884.35,0.8786,1139.08,872.60,0.8565
1029,top,1,1035.63,426.66,1132.12,607.96,1092.73,442.51,0.7366,1096.27,438.96,0.6885,1089.19,438.08,0.6339,1100.25,441.62,0.7542,1081.66,440.29,0.6930,1108.22,465.52,0.7944,1071.48,455.34,0.6677,1114.42,496.06,0.6789,1055.55,459.77,0.5098,1119.29,525.28,0.6473,1045.81,461.98,0.4094,1103.79,509.79,0.6722,1079.45,508.90,0.6497,1113.97,549.62,0.6854,1067.50,539.44,0.5832,1119.73,589.90,0.6808,1071.48,546.52,0.6149
1029,bottom,0,1018.12,617.47,1151.06,905.73,1092.33,638.44,0.8332,1092.33,634.92,0.5985,1092.33,634.92,0.5189,1083.89,640.55,0.7025,1101.48,639.85,0.7182,1071.92,672.92,0.8830,1122.59,668.70,0.8591,1051.51,708.82,0.7603,1143.71,710.22,0.8388,1029.70,722.89,0.7698,1142.30,742.60,0.7690,1094.44,748.93,0.7266,1123.30,746.82,0.7234,1091.63,815.79,0.8409,1128.93,811.57,0.8136,1094.44,875.61,0.8690,1131.74,867.16,0.8590
1030,top,1,1038.88,428.43,1138.11,619.49,1102.95,451.19,0.7265,1106.22,446.99,0.6798,1099.22,446.53,0.6049,1108.09,449.79,0.7429,1088.96,447.46,0.6826,1113.68,474.98,0.7884,1077.30,459.59,0.6983,1119.75,506.23,0.6627,1061.91,463.32,0.5616,1123.94,536.08,0.6475,1048.85,467.05,0.5992,1108.09,517.43,0.6885,1082.90,516.96,0.6691,1116.48,557.07,0.7057,1070.77,544.95,0.5606,1124.88,600.92,0.7430,1075.43,551.48,0.6304
1030,bottom,0,1018.45,608.24,1149.32,901.86,1091.06,631.03,0.7753,1091.06,627.45,0.5819,1091.77,626.73,0.5102,1081.74,632.47,0.7087,1101.09,631.75,0.6989,1070.27,664.73,0.8509,1122.60,661.86,0.8304,1050.19,700.57,0.7441,1142.67,702.00,0.8115,1030.84,714.19,0.7328,1142.67,734.26,0.7779,1091.06,741.43,0.7064,1119.73,740.00,0.7118,1088.90,807.38,0.8106,1124.75,803.80,0.7836,1093.21,864.01,0.8404,1124.75,859.71,0.8419
1031,top,1,1032.50,440.29,1141.71,627.40,1109.49,463.49,0.7871,1112.69,459.38,0.7606,1105.38,458.93,0.7050,1115.88,461.21,0.7525,1096.24,458.01,0.7496,1119.99,485.42,0.7861,1082.53,471.72,0.6718,1124.56,515.57,0.7137,1063.35,472.17,0.5320,1129.59,545.72,0.6597,1045.08,476.74,0.5423,1112.23,525.17,0.6882,1086.19,526.08,0.6408,1124.56,558.51,0.7444,1072.03,558.06,0.5750,1129.59,609.22,0.7811,1073.86,558.97,0.5555
1031,bottom,0,1019.21,603.70,1147.88,887.67,1089.79,625.74,0.7517,1089.09,621.59,0.5606,1090.48,621.59,0.4995,1080.08,627.13,0.6882,1099.49,626.44,0.6706,1068.29,659.02,0.8335,1122.37,656.94,0.8277,1049.58,695.07,0.7453,1140.40,698.54,0.8117,1032.24,708.25,0.7510,1141.78,731.12,0.7869,1088.40,736.67,0.6983,1117.52,735.28,0.7000,1086.32,801.84,0.8306,1120.98,799.07,0.7876,1091.87,857.30,0.8484,1120.29,856.61,0.8612
1032,top,1,1053.46,448.55,1142.76,630.46,1114.99,473.33,0.7740,1118.09,469.33,0.7550,1111.88,468.44,0.6953,1121.20,471.11,0.7443,1103.44,467.56,0.7588,1126.09,497.76,0.7571,1089.23,479.10,0.6983,1129.20,528.40,0.6545,1073.68,478.66,0.5014,1134.53,558.16,0.6218,1057.25,481.32,0.4095,1116.76,531.07,0.7275,1091.89,531.95,0.7051,1130.09,564.37,0.7321,1071.91,567.93,0.6012,1127.86,610.56,0.7629,1071.46,564.82,0.5939
1032,bottom,0,1022.27,601.62,1147.13,880.88,1088.79,621.94,0.7453,1088.10,618.53,0.5367,1088.79,617.84,0.5012,1078.56,623.30,0.7026,1098.33,623.30,0.6872,1066.29,656.03,0.8057,1120.15,653.98,0.7995,1048.56,691.48,0.7085,1138.56,696.25,0.7971,1033.56,705.11,0.6859,1140.60,730.34,0.7861,1085.38,733.07,0.6752,1115.38,732.39,0.6871,1082.65,797.84,0.8366,1116.74,793.75,0.7875,1090.15,856.47,0.8448,1116.06,851.70,0.8385
1033,top,3,1061.16,459.30,1145.59,629.03,1119.13,486.56,0.7896,1123.27,481.59,0.7381,1115.81,481.18,0.7068,1127.83,482.84,0.7468,1107.94,480.76,0.7301,1130.73,505.21,0.7577,1093.85,489.88,0.6930,1134.46,537.12,0.6422,1084.73,488.64,0.2963,1139.02,568.20,0.7047,1083.90,492.78,0.1293,1121.20,535.88,0.6694,1095.50,536.71,0.6578,1130.73,565.71,0.6198,1077.27,569.03,0.6140,1127.83,609.64,0.7299,1070.64,570.27,0.6024
1033,bottom,0,1025.32,600.78,1145.61,876.41,1086.81,620.84,0.7402,1084.12,616.80,0.5291,1086.81,616.13,0.4947,1076.72,622.18,0.7367,1097.58,622.18,0.7165,1064.61,655.16,0.8017,1117.77,653.81,0.7948,1047.78,691.49,0.7381,1135.94,695.53,0.7967,1035.67,704.28,0.6597,1139.30,729.85,0.7842,1084.12,733.22,0.6728,1113.73,733.22,0.6953,1080.08,798.49,0.8450,1112.38,791.09,0.7873,1084.79,858.38,0.8319,1113.06,844.92,0.8104
1034,top,3,1036.01,466.97,1148.65,609.51,1123.50,496.07,0.7639,1126.80,491.67,0.7354,1120.20,491.31,0.6976,1130.83,492.04,0.6747,1111.76,489.47,0.7113,1135.23,510.74,0.7466,1099.30,494.61,0.6605,1138.53,541.17,0.6261,1076.93,490.94,0.5774,1142.56,573.81,0.7123,1055.30,499.01,0.6977,1124.23,533.84,0.7149,1100.03,532.37,0.6172,1131.20,562.44,0.6665,1083.53,567.21,0.5289,1128.26,608.27,0.7710,1072.53,571.61,0.5882
1034,bottom,0,1027.59,600.93,1143.10,884.96,1085.35,622.29,0.7208,1081.88,618.82,0.5355,1087.43,618.13,0.4730,1075.64,624.37,0.7599,1097.13,623.68,0.7535,1063.16,656.96,0.7907,1116.55,656.27,0.7929,1046.52,691.63,0.7359,1133.19,699.26,0.7860,1036.11,706.19,0.6933,1138.05,733.93,0.7716,1083.27,736.70,0.6641,1112.39,736.01,0.6839,1077.72,799.80,0.8087,1108.92,790.79,0.7744,1079.80,862.21,0.8445,1107.54,840.02,0.7726
1035,top,3,1051.46,470.11,1150.17,629.22,1124.51,499.95,0.7661,1129.56,495.29,0.6976,1121.79,494.90,0.7046,1133.45,496.45,0.7163,1115.19,492.95,0.7434,1138.49,513.15,0.8133,1101.20,496.06,0.7441,1141.60,545.01,0.6608,1081.39,494.90,0.7015,1144.32,575.31,0.7721,1061.97,505.39,0.7607,1125.29,534.13,0.7425,1100.04,531.41,0.6758,1133.45,564.04,0.6617,1088.00,565.98,0.5593,1127.62,609.10,0.7633,1075.57,572.20,0.6583
1035,bottom,0,1030.05,604.75,1142.53,884.79,1084.24,627.17,0.6987,1080.82,623.07,0.5245,1085.61,623.07,0.4885,1074.67,629.22,0.7651,1095.86,629.22,0.7604,1061.68,661.36,0.7864,1114.32,660.67,0.7879,1045.27,696.91,0.7342,1131.42,702.38,0.7900,1037.75,710.58,0.6986,1136.89,737.93,0.7565,1082.19,739.98,0.6728,1110.22,739.98,0.6916,1075.35,802.20,0.7910,1106.12,788.53,0.7393,1081.51,863.05,0.8191,1102.02,830.23,0.7606
1036,top,1,1058.85,472.31,1152.18,629.90,1130.14,500.70,0.7560,1134.37,496.47,0.7186,1127.45,495.70,0.7069,1137.45,496.47,0.6985,1118.98,493.39,0.7144,1141.30,513.40,0.7956,1103.98,495.70,0.7174,1145.15,545.33,0.6505,1085.51,495.31,0.7344,1146.69,576.11,0.7665,1067.81,511.09,0.8034,1127.83,530.71,0.7479,1102.05,528.02,0.6841,1133.99,563.03,0.6733,1091.28,563.42,0.6179,1127.83,608.05,0.7720,1076.66,573.81,0.6630
1036,bottom,0,1032.62,608.16,1140.84,884.48,1083.35,631.64,0.6998,1079.98,627.59,0.5291,1085.38,626.92,0.5108,1073.91,634.34,0.7706,1094.82,633.66,0.7756,1061.09,665.37,0.8017,1112.36,665.37,0.8094,1044.23,702.47,0.7708,1129.23,707.19,0.8007,1038.83,717.31,0.6799,1135.30,742.95,0.7507,1080.66,744.30,0.6779,1107.64,743.62,0.6995,1072.56,803.66,0.7979,1102.24,787.47,0.7318,1080.66,861.00,0.8216,1097.52,829.30,0.7611
1037,top,3,1062.90,470.72,1156.15,629.63,1130.47,498.58,0.7787,1135.13,494.31,0.7553,1127.37,493.54,0.6824,1139.01,495.09,0.7591,1120.00,491.60,0.6310,1143.66,510.61,0.7993,1105.65,493.92,0.6987,1147.54,543.97,0.6686,1088.96,495.86,0.7465,1148.71,575.39,0.7690,1074.61,513.32,0.7848,1130.86,527.67,0.7446,1103.71,524.96,0.6683,1133.97,561.81,0.6775,1090.90,561.43,0.6118,1127.76,607.98,0.7491,1080.43,569.96,0.6375
1037,bottom,0,1033.96,610.39,1139.26,881.93,1083.96,632.79,0.7610,1081.97,628.82,0.5418,1083.96,628.82,0.4986,1074.01,636.11,0.7631,1094.56,635.45,0.7833,1060.75,665.94,0.7865,1112.46,665.94,0.8005,1044.18,703.73,0.7620,1127.05,709.03,0.7837,1040.20,721.63,0.6368,1133.01,746.16,0.7524,1079.98,743.51,0.6512,1107.16,742.84,0.6732,1068.04,801.85,0.7407,1097.88,781.29,0.7106,1076.00,850.90,0.7670,1093.90,829.69,0.7727
1038,top,1,1071.10,468.29,1156.46,628.74,1132.97,496.42,0.7746,1137.28,491.72,0.7731,1129.45,491.33,0.6938,1141.20,491.72,0.7449,1120.83,488.97,0.6601,1145.12,506.99,0.7775,1105.55,489.76,0.6853,1149.43,541.07,0.6795,1089.88,493.28,0.7689,1149.82,573.58,0.7457,1081.66,514.44,0.7382,1132.19,523.45,0.7120,1104.77,521.49,0.6633,1133.76,561.83,0.6567,1092.63,558.31,0.6406,1127.88,608.06,0.7566,1081.66,568.88,0.6609
1038,bottom,0,1033.61,610.30,1137.87,873.27,1084.46,632.00,0.7263,1083.17,628.15,0.4913,1085.10,627.51,0.4573,1074.18,634.57,0.7155,1094.73,634.57,0.7492,1060.70,664.10,0.7776,1112.70,664.74,0.8083,1045.93,700.70,0.7739,1125.55,707.12,0.7711,1040.80,723.17,0.7057,1130.68,744.36,0.7563,1077.39,741.79,0.6409,1105.00,741.14,0.6679,1065.20,796.36,0.7642,1094.73,781.59,0.7377,1072.26,834.88,0.7770,1093.44,830.39,0.7779
1039,top,1,1073.95,463.88,1156.15,628.53,1133.54,489.93,0.7644,1137.97,485.51,0.7991,1130.33,485.11,0.7160,1141.99,486.31,0.7717,1123.09,482.29,0.7049,1146.41,501.99,0.7555,1103.80,485.91,0.6631,1150.03,535.35,0.6488,1090.13,495.96,0.5015,1150.43,569.92,0.6948,1088.92,522.89,0.4116,1131.53,521.28,0.6775,1105.81,520.08,0.6352,1133.95,561.08,0.6523,1094.55,553.44,0.6346,1127.92,607.31,0.7195,1083.70,569.12,0.6575
1039,bottom,0,1034.58,608.30,1136.60,860.20,1083.75,629.70,0.7548,1081.90,626.01,0.4704,1083.75,625.40,0.4451,1073.91,631.55,0.7152,1094.20,631.55,0.7363,1059.76,660.45,0.8000,1111.42,661.68,0.8154,1046.23,698.58,0.7619,1124.33,705.34,0.7643,1041.93,725.02,0.7349,1129.25,739.78,0.7661,1075.75,734.25,0.6578,1103.42,733.63,0.6971,1062.84,787.75,0.7845,1094.20,779.76,0.7722,1070.83,825.27,0.8030,1092.97,830.80,0.8146
1040,top,1,1077.28,456.13,1157.30,628.94,1135.85,481.36,0.8130,1140.07,477.56,0.8149,1132.90,477.14,0.7477,1143.87,478.41,0.7792,1124.89,475.45,0.7138,1148.09,496.55,0.7188,1105.90,480.52,0.6927,1152.31,528.61,0.5958,1093.24,495.28,0.6358,1151.46,564.05,0.5931,1092.40,518.06,0.5436,1133.75,518.49,0.7071,1107.17,516.38,0.6728,1134.17,561.52,0.6608,1094.51,553.08,0.6299,1127.84,607.93,0.7464,1087.34,572.07,0.6548
1040,bottom,0,1035.66,603.30,1134.17,852.72,1083.09,625.10,0.7816,1081.87,620.84,0.4671,1082.48,620.23,0.4669,1073.35,626.93,0.7116,1093.44,626.32,0.7472,1059.34,656.16,0.8191,1110.49,657.98,0.8324,1045.94,694.52,0.7713,1123.28,700.61,0.7713,1041.68,723.75,0.7630,1127.54,734.71,0.7637,1073.96,728.01,0.6705,1101.36,728.01,0.7168,1062.99,779.77,0.7930,1094.05,777.94,0.7980,1069.08,818.74,0.8245,1092.22,829.10,0.8374
1041,top,1,1080.13,449.27,1158.21,629.49,1137.65,475.58,0.8452,1141.61,471.62,0.8231,1134.57,470.74,0.7661,1145.13,473.38,0.7429,1126.21,469.42,0.7545,1148.65,492.74,0.7255,1106.41,476.90,0.7380,1151.73,522.66,0.6024,1094.09,494.94,0.6329,1152.17,556.98,0.5781,1094.09,517.38,0.5106,1134.13,517.38,0.7207,1106.85,514.74,0.6987,1135.01,560.50,0.6649,1095.41,554.34,0.6384,1127.97,608.02,0.7487,1091.01,573.26,0.6560
1041,bottom,0,1035.16,598.35,1132.86,847.96,1082.18,619.56,0.7652,1081.57,615.29,0.4492,1082.79,614.68,0.4644,1072.43,621.38,0.7060,1092.54,621.38,0.7481,1058.41,650.03,0.8201,1108.38,651.85,0.8289,1045.62,688.42,0.7699,1121.79,695.73,0.7709,1040.74,718.89,0.7429,1125.45,726.20,0.7650,1071.82,723.76,0.6770,1099.24,724.37,0.7108,1062.07,772.52,0.7841,1093.76,776.17,0.8124,1067.55,815.79,0.8379,1091.93,827.36,0.8551
1042,top,1,1084.81,442.81,1160.37,629.03,1138.96,468.63,0.8817,1143.05,464.54,0.8459,1135.78,463.63,0.7947,1146.69,466.81,0.7406,1127.14,463.63,0.7433,1150.32,485.45,0.7884,1106.68,473.18,0.7659,1152.14,515.00,0.6775,1095.31,495.00,0.6378,1153.96,549.55,0.5626,1095.77,515.46,0.5210,1134.87,515.46,0.7385,1107.13,514.55,0.7020,1135.32,563.65,0.7114,1097.13,558.19,0.6642,1128.05,608.66,0.7667,1093.49,578.20,0.6125
1042,bottom,0,1033.07,590.90,1130.39,846.28,1081.11,613.22,0.7496,1081.11,609.48,0.4569,1082.35,608.86,0.4611,1071.75,615.71,0.6956,1090.46,615.09,0.7321,1056.79,644.39,0.8198,1106.67,646.26,0.8334,1043.70,684.30,0.7725,1121.01,689.29,0.7650,1039.33,715.47,0.7495,1124.75,717.97,0.7537,1069.88,718.59,0.6817,1097.32,719.21,0.6943,1061.78,766.60,0.7780,1093.58,772.21,0.8297,1064.90,815.23,0.8493,1092.33,826.46,0.8597
1043,top,1,1087.96,436.77,1161.27,627.98,1140.49,461.88,0.8628,1144.22,457.68,0.8313,1137.22,457.21,0.7851,1147.49,460.01,0.7725,1128.35,456.75,0.8017,1152.16,479.15,0.7966,1109.68,467.48,0.7467,1153.09,509.03,0.7018,1095.67,485.22,0.6400,1154.49,540.77,0.6173,1096.61,510.43,0.5271,1135.35,514.63,0.7039,1108.28,513.23,0.6779,1134.42,562.25,0.7191,1100.34,556.18,0.6686,1127.88,608.00,0.7674,1097.54,582.32,0.5893
1043,bottom,0,1033.61,582.91,1129.05,848.98,1080.03,606.81,0.7213,1079.38,602.91,0.4625,1081.98,602.27,0.4623,1069.64,608.76,0.7100,1090.42,608.76,0.7267,1055.35,638.64,0.8079,1106.01,639.94,0.8184,1043.00,678.27,0.7666,1119.66,682.81,0.7655,1037.16,710.75,0.7392,1122.25,710.10,0.7201,1067.69,713.99,0.6798,1094.97,714.64,0.7030,1060.54,763.36,0.7645,1093.02,770.51,0.8136,1062.49,816.63,0.8457,1091.72,825.07,0.8320
1044,top,1,1088.34,430.73,1162.85,628.18,1140.54,456.66,0.8964,1144.39,452.32,0.8634,1136.68,451.84,0.8072,1148.25,454.73,0.8261,1128.00,451.84,0.8399,1154.03,475.94,0.8114,1111.13,463.41,0.7772,1153.55,504.39,0.7199,1096.67,483.66,0.6698,1153.55,532.83,0.6401,1096.67,504.39,0.5167,1136.20,514.99,0.7187,1109.20,513.54,0.6948,1134.27,563.68,0.7523,1102.94,557.89,0.6817,1128.00,608.03,0.7920,1101.49,585.37,0.7423
1044,bottom,0,1030.44,578.06,1127.90,846.95,1078.52,602.22,0.7499,1077.86,598.94,0.5038,1080.49,598.28,0.4843,1068.67,604.85,0.7273,1088.36,604.19,0.7390,1053.57,633.07,0.8196,1104.12,635.70,0.8243,1041.76,675.09,0.7831,1119.22,677.71,0.7828,1035.19,707.25,0.7622,1121.19,703.97,0.7138,1066.04,709.22,0.6959,1094.27,709.88,0.7107,1059.48,763.05,0.7984,1092.30,768.30,0.8345,1059.48,817.54,0.8554,1091.65,825.41,0.8434
1045,top,1,1086.64,425.33,1163.24,627.81,1141.75,451.43,0.8749,1145.21,447.48,0.8538,1138.29,446.98,0.8040,1148.67,448.96,0.8194,1129.39,446.49,0.8241,1154.60,471.70,0.8177,1111.60,459.84,0.7925,1155.10,497.41,0.7111,1097.76,478.62,0.6921,1155.10,524.10,0.6660,1094.30,499.38,0.6218,1138.29,512.73,0.6977,1110.61,511.25,0.6658,1133.84,563.15,0.7577,1106.65,557.22,0.6778,1127.91,607.15,0.8168,1104.18,591.82,0.7637
1045,bottom,0,1026.68,576.92,1127.13,846.97,1076.91,599.20,0.7632,1077.57,595.90,0.5114,1078.89,595.24,0.5092,1067.02,601.18,0.7357,1087.46,600.52,0.7424,1051.85,630.19,0.8097,1103.28,632.83,0.8256,1039.33,671.07,0.7857,1117.78,675.02,0.7826,1032.07,704.69,0.7432,1119.76,699.42,0.6902,1063.72,706.01,0.6845,1091.41,707.33,0.6994,1057.79,762.05,0.7925,1090.75,766.67,0.8140,1056.47,816.11,0.8538,1091.41,824.68,0.8421
1046,top,1,1088.48,425.58,1164.61,627.21,1141.32,448.62,0.8442,1145.26,444.19,0.8150,1137.38,443.69,0.7453,1149.69,445.66,0.7860,1128.52,443.69,0.8020,1156.08,467.81,0.7953,1111.78,458.46,0.7493,1157.07,493.90,0.7070,1098.98,476.68,0.6760,1157.07,519.99,0.6593,1093.57,496.86,0.6343,1139.84,515.56,0.6582,1112.77,513.59,0.6484,1133.93,563.31,0.7337,1109.81,558.88,0.6980,1128.03,607.62,0.8095,1106.37,597.28,0.7376
1046,bottom,0,1023.25,576.44,1125.33,847.05,1075.61,597.44,0.7657,1074.95,594.14,0.5209,1076.27,594.14,0.5072,1065.70,599.43,0.7423,1085.52,598.77,0.7263,1051.17,628.50,0.8012,1102.04,631.80,0.8225,1037.29,668.80,0.7848,1115.91,671.44,0.7717,1028.70,703.81,0.7439,1119.22,694.56,0.6493,1061.74,703.81,0.6852,1088.82,705.14,0.6924,1057.11,761.95,0.7911,1089.49,765.92,0.8104,1053.81,815.47,0.8389,1091.47,824.72,0.8493
1047,top,1,1088.00,424.66,1165.89,628.13,1141.35,446.91,0.8270,1145.33,442.44,0.7962,1137.38,441.94,0.7342,1149.30,443.43,0.7451,1128.44,441.45,0.7859,1157.25,465.29,0.8046,1112.54,457.84,0.7640,1158.74,489.63,0.6909,1099.13,477.71,0.6937,1159.24,513.98,0.6245,1093.66,496.59,0.6725,1141.85,513.48,0.6257,1114.53,511.49,0.6171,1134.40,565.64,0.7236,1112.04,561.67,0.7094,1128.44,607.37,0.8083,1109.56,602.90,0.7637
1047,bottom,0,1020.62,576.53,1124.73,844.30,1073.33,597.32,0.7908,1073.33,594.05,0.5231,1073.98,594.05,0.5089,1063.52,599.28,0.7517,1083.79,599.28,0.7428,1048.48,628.70,0.7973,1100.13,631.31,0.8090,1034.76,668.57,0.7874,1114.51,670.54,0.7564,1025.60,703.22,0.7457,1118.43,692.11,0.6514,1059.60,703.88,0.6897,1087.05,705.18,0.6913,1055.67,763.37,0.8012,1088.36,765.33,0.8164,1053.71,815.01,0.8626,1090.98,823.51,0.8478
1048,top,1,1088.19,423.41,1167.39,629.87,1141.40,446.50,0.8393,1145.43,442.47,0.8110,1137.37,441.46,0.7370,1149.47,442.97,0.7569,1128.30,441.46,0.8042,1158.54,464.64,0.8074,1112.67,458.09,0.7681,1160.56,488.84,0.6821,1100.07,479.26,0.6916,1161.06,512.53,0.6357,1094.02,497.91,0.6841,1142.41,517.06,0.6236,1115.70,515.05,0.6101,1134.85,567.47,0.7312,1114.69,564.44,0.7266,1129.31,607.29,0.8057,1113.68,607.79,0.8072
1048,bottom,0,1016.81,575.93,1124.33,844.78,1071.88,596.81,0.7754,1071.23,593.52,0.5213,1073.20,593.52,0.4949,1062.04,598.78,0.7548,1082.39,598.78,0.7358,1046.29,627.66,0.7915,1099.45,631.59,0.8145,1031.85,669.01,0.7835,1112.58,671.63,0.7705,1023.31,703.79,0.7393,1117.83,692.64,0.6765,1057.44,704.45,0.6887,1084.35,705.11,0.6913,1054.82,762.87,0.7882,1086.98,764.84,0.8206,1055.47,814.72,0.8428,1090.26,821.28,0.8666
1049,top,1,1088.99,423.20,1169.13,632.32,1141.31,446.58,0.8678,1145.39,441.99,0.8434,1137.23,441.48,0.7596,1149.99,441.99,0.7839,1128.55,440.97,0.8380,1159.18,463.43,0.8262,1113.74,458.84,0.7736,1162.24,488.96,0.7125,1100.47,481.81,0.7202,1162.75,511.93,0.7022,1093.83,500.19,0.7303,1142.84,520.10,0.6695,1117.82,518.06,0.6576,1135.18,567.58,0.7421,1118.33,566.56,0.7506,1129.57,605.88,0.7917,1117.82,610.98,0.8177
1049,bottom,0,1013.71,574.91,1124.27,841.81,1070.29,596.28,0.7809,1069.64,592.37,0.5119,1071.60,593.03,0.4885,1060.52,598.24,0.7539,1080.72,598.24,0.7394,1044.88,626.91,0.7981,1097.66,632.12,0.8034,1029.24,668.61,0.7823,1110.04,671.87,0.7632,1020.77,703.80,0.7346,1117.21,694.68,0.7042,1054.66,705.10,0.6907,1082.68,705.75,0.6920,1054.00,762.44,0.7974,1085.93,761.79,0.8061,1055.31,814.57,0.8450,1089.84,815.22,0.8647
1050,top,1,1089.49,423.37,1171.65,637.05,1142.04,446.74,0.8577,1145.69,442.04,0.8427,1137.87,442.04,0.7482,1150.39,441.52,0.7800,1129.00,442.04,0.8237,1160.30,463.43,0.8385,1114.39,461.35,0.7974,1163.95,489.52,0.7310,1100.31,484.30,0.7458,1166.04,512.99,0.7171,1093.53,502.56,0.7601,1143.61,521.34,0.6939,1119.09,519.77,0.6887,1135.78,568.81,0.7537,1120.65,567.77,0.7736,1129.00,606.37,0.7812,1122.74,614.72,0.8227
1050,bottom,0,1011.67,573.55,1124.17,840.15,1068.57,595.55,0.7654,1067.27,591.64,0.5127,1069.87,591.64,0.4923,1058.81,596.85,0.7463,1078.33,597.50,0.7411,1042.54,626.14,0.8134,1095.26,630.70,0.8190,1027.56,668.45,0.7885,1107.62,671.70,0.7816,1019.75,703.60,0.7512,1115.43,697.09,0.7194,1052.95,703.60,0.6931,1081.59,704.25,0.6946,1052.95,762.18,0.7990,1085.49,758.92,0.7869,1055.55,814.90,0.8501,1088.75,807.09,0.8384
1051,top,1,1088.89,420.39,1173.98,642.93,1142.30,447.99,0.8865,1146.11,443.10,0.8682,1137.96,443.10,0.7861,1150.45,442.56,0.8532,1129.27,442.56,0.8951,1160.78,463.75,0.8499,1115.14,461.57,0.8101,1165.12,490.91,0.7478,1101.56,484.93,0.7564,1167.84,515.36,0.7420,1093.41,505.04,0.8094,1144.48,525.14,0.7329,1121.66,523.51,0.7433,1136.87,570.78,0.7571,1123.83,568.06,0.7930,1128.72,605.00,0.7543,1126.01,617.50,0.8135
1051,bottom,0,1010.87,572.04,1121.29,839.86,1067.38,594.14,0.7669,1066.73,589.56,0.5191,1068.69,590.21,0.4919,1056.92,595.44,0.7536,1077.19,596.10,0.7404,1040.58,625.52,0.8148,1093.54,629.45,0.8158,1026.19,666.72,0.7836,1104.66,671.29,0.7779,1019.65,700.72,0.7396,1113.16,699.41,0.7366,1051.04,703.99,0.7001,1079.15,703.99,0.6997,1052.35,762.18,0.7887,1084.39,755.64,0.7708,1054.96,814.49,0.8473,1086.35,801.41,0.8311
1052,top,1,1087.85,420.39,1176.45,645.76,1142.61,448.34,0.9195,1146.46,443.94,0.8737,1138.20,444.49,0.8025,1150.86,442.84,0.8509,1129.40,443.94,0.9011,1161.31,463.20,0.8685,1116.74,464.30,0.8171,1166.26,491.81,0.7786,1101.34,487.41,0.7927,1170.67,517.67,0.7614,1092.54,507.22,0.8169,1145.91,525.92,0.7491,1123.90,524.82,0.7602,1137.65,572.14,0.7313,1126.65,569.39,0.8138,1125.55,607.36,0.7572,1131.60,620.56,0.8195
1052,bottom,0,1012.52,570.19,1117.55,835.45,1065.69,593.38,0.7527,1065.04,588.19,0.4965,1067.63,588.84,0.4836,1055.32,594.02,0.7583,1075.40,595.32,0.7482,1039.13,623.17,0.8155,1091.59,627.70,0.8217,1025.53,664.61,0.7742,1101.95,669.79,0.7779,1020.35,696.99,0.7351,1110.37,700.88,0.7546,1050.14,703.47,0.7132,1078.64,703.47,0.7162,1051.44,761.11,0.8145,1082.52,752.04,0.7546,1055.32,813.56,0.8447,1082.52,796.72,0.8490
1053,top,1,1086.77,422.91,1178.07,647.05,1143.91,449.61,0.8614,1147.20,445.24,0.8165,1139.54,445.24,0.7705,1151.03,444.14,0.8161,1129.69,445.24,0.8882,1161.97,464.39,0.8382,1117.65,466.03,0.7823,1167.99,492.84,0.7741,1101.78,489.01,0.7866,1172.37,519.11,0.7777,1091.38,509.81,0.8114,1147.74,527.32,0.7242,1125.86,526.23,0.7295,1139.54,572.74,0.7181,1129.69,572.19,0.7868,1127.50,606.67,0.7754,1135.16,621.99,0.8065
1053,bottom,0,1014.74,569.13,1114.38,834.70,1065.21,591.04,0.7447,1063.91,586.50,0.4834,1067.15,587.15,0.4894,1054.83,592.34,0.7713,1074.93,593.63,0.7590,1038.62,621.52,0.8122,1090.50,626.05,0.8145,1025.66,663.01,0.7636,1099.57,668.20,0.7732,1021.12,693.49,0.7081,1106.71,701.92,0.7546,1049.00,701.92,0.6945,1077.53,701.27,0.6972,1050.94,759.62,0.7892,1080.77,747.30,0.7079,1054.83,811.49,0.8365,1080.12,793.34,0.8219
1054,top,1,1084.33,423.77,1180.00,648.49,1143.14,450.54,0.8939,1146.43,446.15,0.8373,1138.75,446.15,0.7798,1151.37,445.05,0.8601,1129.97,446.15,0.8743,1162.89,464.26,0.8748,1117.90,466.45,0.8139,1168.92,493.88,0.8078,1101.99,491.69,0.8156,1173.31,520.77,0.7988,1090.47,515.28,0.8008,1149.17,527.90,0.7468,1128.32,527.35,0.7487,1140.39,575.08,0.7463,1132.71,573.43,0.7951,1127.23,607.45,0.7717,1138.20,623.91,0.8417
1054,bottom,0,1016.81,567.93,1109.90,832.04,1064.00,589.72,0.7771,1064.00,584.57,0.4996,1065.93,585.85,0.5022,1053.68,590.37,0.7843,1074.32,591.66,0.7696,1037.56,620.03,0.8128,1089.15,625.83,0.8162,1025.31,660.65,0.7650,1097.53,668.39,0.7615,1024.02,687.73,0.6540,1103.33,703.85,0.7453,1048.52,698.70,0.7048,1076.25,698.70,0.6997,1051.10,756.73,0.7876,1078.83,744.48,0.7018,1054.97,811.54,0.8239,1078.18,791.55,0.8045
1055,top,1,1083.37,423.83,1180.93,648.92,1143.14,451.20,0.8718,1146.44,446.80,0.8112,1138.74,447.35,0.7950,1151.93,445.70,0.8358,1129.95,447.35,0.8908,1164.02,464.93,0.8730,1118.41,468.23,0.8076,1169.52,494.06,0.7943,1103.02,493.51,0.7967,1173.91,521.54,0.7750,1090.39,519.89,0.7801,1150.83,528.68,0.7167,1129.95,528.68,0.7090,1141.49,576.49,0.7517,1133.80,575.94,0.8035,1127.75,607.26,0.7867,1139.84,624.30,0.8467
1055,bottom,0,1018.77,566.08,1106.26,830.72,1063.16,588.57,0.7899,1061.87,583.40,0.4986,1065.10,584.69,0.4999,1052.82,589.21,0.7956,1072.85,590.50,0.7687,1036.03,618.93,0.8262,1088.36,624.75,0.8276,1025.04,660.93,0.7890,1095.47,668.04,0.7632,1026.33,685.48,0.6010,1099.99,705.51,0.7602,1048.30,698.40,0.7262,1075.44,697.76,0.7096,1050.89,757.20,0.7907,1076.73,744.27,0.7040,1055.41,812.76,0.8468,1075.44,792.73,0.8073
1056,top,1,1082.98,424.04,1182.41,648.82,1144.22,450.82,0.8592,1146.97,446.43,0.7982,1139.83,446.98,0.7805,1151.91,445.33,0.8023,1130.50,446.98,0.8826,1165.08,465.09,0.8464,1118.98,469.48,0.7809,1170.56,494.72,0.7668,1104.16,496.37,0.7604,1174.96,524.36,0.7225,1091.54,524.90,0.7579,1153.00,529.84,0.6917,1131.05,529.84,0.6818,1144.77,577.04,0.7458,1135.44,575.94,0.7849,1128.86,606.12,0.7829,1140.38,625.33,0.8406
1056,bottom,0,1020.11,565.08,1104.53,832.14,1062.98,587.12,0.7984,1062.32,581.90,0.5149,1063.63,583.20,0.5091,1052.54,587.77,0.7896,1072.10,589.07,0.7691,1036.24,617.11,0.8042,1087.75,623.63,0.8178,1025.81,658.84,0.7747,1092.97,667.31,0.7423,1030.38,681.66,0.5151,1096.23,705.13,0.7313,1047.98,696.65,0.7050,1074.71,696.00,0.6997,1050.59,756.64,0.7725,1075.36,743.60,0.6901,1055.15,811.41,0.8315,1073.41,791.85,0.7801
1057,top,1,1085.91,423.34,1184.37,648.75,1146.15,451.30,0.8615,1148.90,446.90,0.8127,1141.20,447.45,0.7822,1152.75,445.79,0.8189,1131.84,448.00,0.8899,1165.96,465.06,0.8382,1119.74,470.01,0.7809,1171.46,495.32,0.7694,1105.98,498.62,0.7699,1176.42,525.59,0.7295,1094.42,527.79,0.7641,1154.96,530.54,0.6942,1132.94,530.54,0.6827,1149.45,578.42,0.7646,1136.25,576.22,0.7881,1129.64,604.28,0.7875,1140.65,625.19,0.8512
1057,bottom,0,1021.08,564.06,1100.64,832.32,1062.17,586.19,0.8092,1062.17,580.30,0.5273,1062.82,581.61,0.5164,1051.69,586.19,0.7911,1071.99,587.50,0.7596,1035.97,616.32,0.7987,1087.06,622.87,0.8219,1025.49,656.93,0.8000,1090.33,665.44,0.7490,1034.66,678.54,0.5493,1093.61,704.74,0.7246,1047.11,696.22,0.7027,1073.30,695.57,0.6951,1050.38,756.48,0.7726,1074.61,743.38,0.6967,1054.97,811.49,0.8373,1071.34,791.19,0.7616
1058,top,1,1090.16,426.28,1185.36,648.43,1146.43,452.21,0.8479,1149.15,447.87,0.8024,1141.55,448.41,0.7677,1152.94,446.78,0.8103,1132.33,448.41,0.8895,1165.96,464.14,0.8329,1120.40,470.11,0.7926,1172.47,495.05,0.7726,1107.93,499.39,0.7658,1177.35,526.51,0.7296,1098.71,530.85,0.7440,1156.20,529.76,0.7115,1133.96,530.31,0.6955,1153.48,579.66,0.7631,1136.13,576.41,0.7992,1130.71,601.35,0.7721,1140.47,626.30,0.8342
1058,bottom,0,1021.46,561.89,1101.05,833.47,1061.92,584.97,0.8289,1061.92,579.66,0.5648,1062.58,580.99,0.5317,1051.98,584.97,0.7900,1071.87,586.29,0.7540,1036.73,614.80,0.7976,1085.79,622.76,0.8141,1026.12,656.57,0.8285,1089.10,665.86,0.7559,1040.70,671.82,0.5252,1090.43,704.31,0.7229,1047.33,695.03,0.7098,1072.53,695.69,0.6932,1050.65,756.03,0.7684,1073.19,744.76,0.7441,1054.63,811.72,0.8369,1068.55,791.83,0.7845
1059,top,1,1096.65,426.88,1186.56,648.06,1147.55,453.23,0.7841,1150.25,448.37,0.7593,1142.15,448.91,0.7354,1154.03,447.29,0.7738,1133.51,448.91,0.8828,1166.99,465.11,0.8025,1121.63,470.51,0.7741,1173.47,495.89,0.7634,1110.29,500.75,0.7462,1178.87,526.67,0.7302,1103.81,532.61,0.7206,1158.35,531.53,0.6856,1134.59,532.61,0.6848,1160.51,579.05,0.7672,1136.75,578.51,0.7814,1135.13,601.73,0.6969,1140.53,626.57,0.8169
1059,bottom,0,1021.79,561.58,1099.87,833.22,1062.16,584.66,0.8041,1062.82,578.69,0.5528,1062.82,580.01,0.5286,1052.21,584.66,0.7785,1072.10,585.98,0.7438,1036.95,614.50,0.7920,1086.03,621.80,0.8127,1026.34,654.29,0.8056,1088.02,664.24,0.7533,1041.60,671.54,0.5259,1088.68,704.03,0.7257,1047.56,694.75,0.7094,1072.10,695.41,0.6842,1050.22,754.44,0.7654,1072.10,745.15,0.7490,1054.86,810.81,0.8286,1068.12,790.25,0.7504
1060,top,0,1104.04,427.91,1188.63,649.03,1149.04,454.26,0.7521,1152.27,449.40,0.7124,1143.64,449.94,0.7067,1156.05,448.32,0.7602,1135.54,449.94,0.8159,1169.01,465.59,0.7802,1123.12,470.99,0.7515,1174.95,496.90,0.7450,1112.33,501.22,0.7356,1180.89,527.67,0.7374,1109.63,532.53,0.7090,1159.83,532.53,0.6796,1135.54,534.69,0.6763,1165.77,577.88,0.7510,1137.16,579.50,0.7610,1142.02,598.39,0.7102,1140.40,625.93,0.8153
1060,bottom,1,1021.73,560.98,1098.78,832.53,1062.91,584.05,0.8253,1063.57,578.75,0.5699,1064.23,580.07,0.5470,1052.96,584.05,0.7873,1072.19,585.38,0.7506,1037.71,613.22,0.8038,1086.11,620.51,0.8240,1027.11,653.66,0.8082,1088.76,662.94,0.7669,1045.67,665.59,0.4718,1088.76,703.38,0.7169,1047.66,694.76,0.7176,1072.19,695.43,0.6947,1050.31,755.09,0.7724,1071.53,745.81,0.7626,1054.95,810.78,0.8260,1066.88,790.23,0.7419
1061,top,0,1107.62,429.33,1189.34,650.51,1150.10,456.23,0.7515,1153.34,451.37,0.7323,1144.70,451.91,0.7315,1157.66,449.21,0.7898,1136.60,451.37,0.8197,1170.08,466.48,0.7740,1124.72,470.80,0.7413,1175.48,497.80,0.7533,1113.92,501.04,0.7397,1181.96,529.12,0.7454,1114.46,530.74,0.7082,1161.44,532.36,0.6705,1136.60,534.52,0.6611,1169.54,577.18,0.7811,1137.14,579.34,0.7617,1147.40,602.02,0.7564,1139.84,625.78,0.8206
1061,bottom,1,1022.18,559.82,1099.08,827.20,1063.89,583.84,0.8307,1063.89,577.97,0.5676,1065.20,579.28,0.5324,1053.45,583.84,0.7895,1072.38,585.15,0.7589,1038.44,611.91,0.8105,1086.09,619.75,0.8313,1026.69,653.04,0.8208,1088.70,662.18,0.7628,1044.31,668.71,0.4767,1089.35,702.00,0.7314,1046.92,693.51,0.7247,1072.38,693.51,0.7099,1049.53,753.57,0.7972,1071.08,745.08,0.7715,1054.76,809.71,0.8369,1066.51,790.12,0.7813
1062,top,0,1109.58,430.34,1190.69,647.98,1151.73,456.80,0.7322,1155.45,452.01,0.7057,1146.42,452.55,0.6999,1159.70,449.89,0.7739,1138.45,451.48,0.8157,1170.86,467.42,0.7566,1126.23,471.14,0.7346,1176.70,498.77,0.7447,1115.60,502.49,0.7493,1183.61,529.59,0.7436,1122.51,530.65,0.7348,1162.89,531.19,0.6619,1137.92,533.31,0.6523,1172.99,577.94,0.7750,1137.38,579.54,0.7526,1151.73,606.11,0.7566,1140.57,626.83,0.8140
1062,bottom,1,1022.22,559.12,1099.32,829.98,1064.74,582.13,0.8192,1065.40,576.84,0.5717,1066.06,578.16,0.5327,1054.82,582.13,0.7827,1074.00,583.45,0.7565,1038.95,610.56,0.7961,1087.22,619.16,0.8225,1027.71,651.56,0.8134,1089.87,662.15,0.7552,1042.92,672.06,0.5100,1090.53,701.16,0.7314,1047.54,691.90,0.7088,1072.67,692.57,0.6886,1050.19,750.76,0.7792,1071.35,744.15,0.7767,1054.16,806.97,0.8216,1065.40,790.44,0.7756
1063,top,0,1112.00,432.01,1192.79,646.57,1153.97,458.09,0.7199,1157.63,452.86,0.6876,1148.73,453.38,0.6874,1161.82,450.76,0.7437,1140.87,452.86,0.8139,1172.82,469.09,0.7756,1127.77,472.24,0.7535,1178.06,501.05,0.7441,1117.30,503.14,0.7495,1184.87,531.95,0.7221,1127.77,526.72,0.7040,1163.92,533.00,0.6881,1138.77,535.10,0.6732,1175.44,578.58,0.7746,1138.25,580.15,0.7669,1159.20,610.53,0.7630,1140.35,625.72,0.8208
1063,bottom,1,1023.35,557.71,1100.78,825.45,1065.33,580.46,0.8191,1065.99,575.23,0.5513,1067.29,576.53,0.5169,1054.88,580.46,0.7733,1074.48,581.76,0.7556,1039.19,608.56,0.8037,1087.56,617.06,0.8220,1028.07,650.40,0.8311,1091.48,660.86,0.7532,1041.80,671.31,0.5032,1092.79,700.08,0.7354,1047.68,691.58,0.7123,1073.18,692.23,0.6971,1049.65,748.45,0.7923,1071.87,743.22,0.7821,1054.22,804.66,0.8429,1065.33,790.93,0.8104
1064,top,1,1115.18,434.22,1193.47,646.61,1156.92,460.04,0.7275,1160.55,454.86,0.6843,1151.73,455.38,0.6761,1164.18,452.78,0.7256,1143.95,453.82,0.7969,1174.55,470.41,0.7751,1129.43,471.97,0.7719,1179.73,501.53,0.7335,1120.10,501.53,0.7302,1185.95,533.16,0.7034,1130.99,524.86,0.6571,1165.73,532.64,0.6775,1139.29,534.19,0.6591,1175.58,577.75,0.7590,1138.77,579.30,0.7571,1166.25,618.71,0.7918,1140.32,625.45,0.8108
1064,bottom,0,1023.50,555.59,1102.69,824.31,1065.72,579.08,0.8054,1065.72,573.83,0.5349,1068.34,575.14,0.4965,1055.22,579.08,0.7816,1074.90,580.39,0.7640,1039.48,607.29,0.8026,1089.34,615.16,0.8182,1028.32,649.27,0.8119,1093.27,658.46,0.7463,1039.48,675.52,0.5584,1095.24,697.17,0.7443,1048.66,689.95,0.7153,1074.25,690.61,0.6972,1049.32,746.37,0.8035,1071.62,742.43,0.7902,1054.57,801.48,0.8324,1065.06,791.64,0.8129
1065,top,1,1118.05,436.86,1194.49,648.68,1159.37,462.61,0.7573,1163.51,457.96,0.7279,1154.72,457.96,0.7025,1167.13,455.89,0.7505,1146.44,456.41,0.8097,1176.44,472.96,0.7816,1131.96,472.44,0.7662,1181.61,504.50,0.7348,1122.14,500.88,0.7474,1186.78,537.08,0.6927,1133.00,521.57,0.6591,1166.61,532.94,0.6722,1140.75,533.98,0.6596,1175.40,577.93,0.7600,1139.20,578.97,0.7470,1174.89,625.51,0.8125,1141.27,626.03,0.8091
1065,bottom,0,1024.34,554.57,1105.67,820.46,1066.30,577.81,0.8015,1065.01,572.61,0.5212,1068.25,573.91,0.4934,1055.92,577.81,0.7797,1075.39,579.11,0.7763,1040.34,605.72,0.8156,1089.67,613.51,0.8261,1028.65,647.27,0.8168,1096.16,656.36,0.7359,1035.79,674.53,0.6245,1098.76,694.01,0.7472,1049.43,687.52,0.7155,1076.04,688.16,0.7037,1048.13,744.64,0.8062,1072.15,742.69,0.8088,1053.97,796.58,0.8300,1065.01,792.03,0.8264
1066,top,1,1119.75,439.98,1196.92,652.40,1162.48,463.73,0.7121,1166.11,459.59,0.6755,1158.33,459.59,0.6437,1169.74,458.55,0.7241,1150.04,458.55,0.7737,1180.12,476.70,0.7709,1134.48,473.07,0.7558,1184.26,508.85,0.7242,1124.62,501.59,0.7318,1187.89,541.01,0.6547,1133.96,522.86,0.6644,1168.19,532.19,0.6547,1140.18,533.23,0.6419,1174.93,582.50,0.7497,1139.14,580.42,0.7199,1182.19,631.25,0.7985,1140.70,627.61,0.7524
1066,bottom,0,1024.63,553.55,1108.08,819.92,1066.36,576.83,0.7977,1065.71,571.63,0.5170,1068.31,572.28,0.5033,1055.95,576.83,0.7533,1075.46,577.48,0.7823,1040.35,604.79,0.8252,1090.42,611.95,0.8267,1029.29,646.42,0.8099,1097.57,653.57,0.7562,1033.84,674.38,0.6677,1101.48,689.99,0.7487,1050.10,686.74,0.7186,1076.76,688.04,0.7130,1046.85,742.01,0.8117,1072.21,742.01,0.8129,1053.35,791.44,0.8288,1065.06,791.44,0.8225
1067,top,1,1121.98,441.28,1196.14,653.74,1164.25,465.56,0.7049,1168.91,461.41,0.6833,1160.10,461.93,0.6476,1172.55,461.41,0.7355,1152.32,461.41,0.7758,1182.40,480.60,0.7647,1136.24,474.89,0.7522,1186.03,513.80,0.7075,1125.86,499.27,0.6996,1189.14,545.95,0.6619,1131.57,523.65,0.6778,1168.91,536.62,0.6378,1140.91,536.10,0.6217,1176.18,584.34,0.7387,1139.35,582.78,0.7136,1184.99,632.58,0.7818,1140.91,627.91,0.7557
1067,bottom,0,1023.88,553.13,1111.46,815.11,1066.39,575.38,0.8014,1066.39,570.27,0.5126,1067.03,570.91,0.4989,1056.80,575.38,0.7316,1075.98,576.66,0.7722,1040.80,604.17,0.8180,1090.69,609.92,0.8155,1029.29,645.10,0.8004,1099.01,652.14,0.7592,1031.85,674.52,0.7057,1103.49,686.68,0.7496,1051.04,686.04,0.7167,1077.90,687.32,0.7244,1045.28,741.04,0.8314,1072.79,741.04,0.8213,1052.96,788.38,0.8270,1065.11,790.93,0.8250
1068,top,1,1124.97,444.58,1196.44,658.08,1167.48,470.53,0.6452,1171.65,466.36,0.6235,1163.31,466.89,0.5968,1175.82,465.84,0.6533,1156.01,465.32,0.6553,1184.68,484.09,0.7077,1138.81,478.87,0.6790,1188.33,518.49,0.6745,1129.95,508.06,0.6113,1190.41,550.81,0.6087,1132.03,533.61,0.5272,1170.61,538.30,0.5999,1142.98,537.78,0.5827,1176.34,584.17,0.6903,1140.37,581.56,0.6694,1185.20,634.21,0.7201,1140.90,627.95,0.7141
1068,bottom,0,1023.42,552.22,1114.48,811.37,1066.42,574.87,0.7778,1065.16,569.81,0.4930,1067.05,569.81,0.4912,1056.93,574.87,0.7307,1076.54,575.50,0.7736,1041.75,603.34,0.8225,1092.36,609.04,0.8172,1029.09,644.47,0.8059,1100.59,650.16,0.7717,1029.72,673.57,0.7499,1105.65,683.06,0.7446,1051.24,686.22,0.7249,1077.81,686.86,0.7312,1044.91,736.84,0.8253,1072.75,739.37,0.8289,1050.60,784.92,0.8382,1065.16,789.98,0.8402
1069,top,1,1124.21,452.27,1199.32,660.22,1169.38,477.04,0.6179,1173.95,472.98,0.5882,1165.32,472.98,0.5636,1178.52,471.97,0.6306,1158.72,470.95,0.6024,1187.66,489.23,0.6787,1141.46,480.60,0.6499,1190.70,521.72,0.6273,1131.81,504.46,0.6087,1192.23,555.23,0.5720,1130.29,530.86,0.5964,1171.41,540.00,0.5968,1144.51,539.49,0.5726,1177.00,586.19,0.6611,1141.46,582.64,0.6531,1184.61,635.44,0.7077,1140.95,627.83,0.7173
1069,bottom,0,1022.35,550.96,1116.13,811.56,1066.69,573.73,0.7550,1065.42,568.65,0.4898,1067.97,568.65,0.4971,1057.15,574.37,0.7211,1076.24,575.01,0.7669,1041.88,603.00,0.8270,1092.14,608.09,0.8223,1029.79,643.72,0.8109,1101.05,648.17,0.7760,1027.88,673.62,0.7565,1107.41,678.71,0.7245,1051.42,685.08,0.7269,1078.78,686.35,0.7337,1044.43,734.70,0.8080,1072.42,739.16,0.8316,1049.52,783.69,0.8378,1064.78,790.05,0.8324
1070,top,1,1124.46,459.79,1201.34,659.58,1170.70,481.16,0.5273,1176.56,478.72,0.4999,1167.29,478.23,0.4592,1180.95,478.72,0.5342,1162.41,476.28,0.4568,1191.19,497.25,0.6411,1144.85,484.08,0.5751,1193.63,529.93,0.5831,1133.63,505.06,0.4573,1194.60,564.56,0.5306,1132.17,527.01,0.4677,1174.12,541.64,0.5619,1146.31,540.18,0.5479,1178.51,587.00,0.6468,1142.41,583.10,0.6379,1184.36,636.27,0.6938,1140.95,628.46,0.7023
1070,bottom,0,1021.06,550.16,1117.29,815.32,1066.59,572.69,0.7356,1064.64,567.51,0.4909,1067.88,568.16,0.5080,1056.88,573.99,0.7232,1076.30,573.99,0.7625,1041.34,602.47,0.8319,1091.18,606.35,0.8189,1030.33,642.61,0.8048,1102.19,645.20,0.7818,1026.45,673.68,0.7555,1108.66,673.03,0.7037,1051.05,684.04,0.7151,1078.24,685.33,0.7232,1043.93,733.88,0.7928,1072.41,738.41,0.8183,1047.16,785.67,0.8324,1064.64,790.20,0.8380
1071,top,1,1129.09,466.34,1202.49,659.00,1175.20,493.05,0.5831,1180.37,488.82,0.6094,1171.43,487.88,0.5916,1185.07,488.35,0.6594,1164.85,485.06,0.6607,1193.54,501.05,0.7286,1148.85,486.00,0.6720,1195.42,533.51,0.6224,1137.57,501.52,0.4369,1196.36,569.25,0.5835,1137.10,523.16,0.3958,1176.14,541.50,0.6454,1148.85,539.62,0.6252,1181.31,588.07,0.6721,1143.21,581.95,0.6588,1185.07,635.57,0.7327,1140.86,626.64,0.7270
1071,bottom,0,1019.09,550.11,1117.20,812.93,1066.86,571.80,0.7326,1064.94,567.30,0.5050,1067.50,567.30,0.4976,1056.60,573.08,0.7287,1077.13,572.44,0.7578,1041.84,601.95,0.8240,1091.89,605.80,0.8113,1030.29,642.38,0.8091,1102.79,643.66,0.7578,1024.51,673.17,0.7499,1109.21,667.40,0.6485,1050.82,683.44,0.7143,1077.77,685.37,0.7205,1044.40,734.13,0.7891,1072.64,737.98,0.8126,1045.05,788.03,0.8443,1064.30,789.31,0.8191
1072,top,1,1129.23,471.45,1203.82,660.38,1177.14,498.11,0.5645,1182.21,493.96,0.5761,1172.99,493.04,0.5520,1185.90,493.96,0.6311,1167.45,491.19,0.5938,1195.13,506.87,0.7408,1151.31,491.65,0.6668,1196.97,538.24,0.6127,1141.62,506.41,0.4912,1198.35,574.68,0.5856,1143.93,527.63,0.3954,1178.06,541.47,0.6644,1150.84,538.24,0.6590,1182.21,588.06,0.6778,1143.46,581.60,0.6764,1185.44,636.49,0.7299,1140.24,626.80,0.7311
1072,bottom,0,1016.24,549.55,1116.77,811.44,1066.51,571.80,0.7291,1064.59,566.68,0.5123,1067.79,566.68,0.4976,1056.92,572.44,0.7318,1076.10,572.44,0.7571,1041.57,601.85,0.8223,1092.08,605.05,0.8179,1030.06,642.77,0.8121,1102.95,641.49,0.7671,1022.39,674.74,0.7535,1109.35,664.51,0.6524,1051.16,683.69,0.7230,1078.02,684.33,0.7343,1044.13,733.57,0.8083,1072.26,737.40,0.8292,1043.49,787.27,0.8464,1064.59,789.19,0.8281
1073,top,1,1126.48,474.91,1205.63,659.90,1178.70,498.76,0.4800,1185.02,495.15,0.4896,1175.54,494.24,0.4468,1187.28,496.95,0.5539,1169.67,494.24,0.4805,1195.86,511.86,0.7149,1153.86,497.86,0.6197,1198.12,542.57,0.5826,1147.09,507.79,0.4648,1200.38,577.34,0.5893,1145.73,546.18,0.2820,1179.60,542.57,0.6406,1152.96,538.05,0.6417,1183.22,588.63,0.6371,1144.38,580.50,0.6658,1185.47,636.51,0.7117,1139.41,626.12,0.7395
1073,bottom,0,1014.34,549.18,1115.50,811.46,1066.84,570.82,0.7249,1065.56,565.70,0.5243,1068.12,565.70,0.4896,1056.59,571.47,0.7259,1076.44,571.47,0.7641,1041.87,601.56,0.8114,1093.09,604.76,0.8226,1029.70,642.54,0.8124,1103.34,641.90,0.7601,1020.73,675.20,0.7582,1108.46,662.39,0.6164,1050.83,682.88,0.7223,1077.72,683.52,0.7232,1044.43,732.83,0.8008,1072.60,737.31,0.8234,1043.79,787.26,0.8517,1064.92,789.18,0.8275
1074,top,1,1116.86,474.29,1207.83,659.52,1175.46,506.30,0.4800,1182.25,502.69,0.4532,1165.51,502.69,0.4113,1184.05,502.69,0.5542,1164.16,500.88,0.4785,1196.26,514.45,0.7017,1156.02,501.78,0.6082,1199.88,545.20,0.5566,1152.85,518.52,0.3856,1203.05,581.38,0.5857,1147.88,549.72,0.2906,1182.25,541.58,0.6299,1155.56,536.60,0.5969,1183.60,587.71,0.6408,1145.61,578.21,0.6685,1185.41,634.74,0.7287,1139.28,622.08,0.7344
1074,bottom,0,1013.90,548.70,1114.63,811.02,1066.18,570.99,0.7418,1065.54,565.86,0.5392,1068.10,565.86,0.4903,1057.22,570.99,0.7328,1076.43,571.63,0.7594,1041.85,601.09,0.8089,1092.44,604.29,0.8315,1029.68,642.71,0.8031,1102.69,642.71,0.7596,1020.07,675.38,0.7564,1106.53,660.01,0.5863,1050.81,682.42,0.7219,1077.71,683.06,0.7255,1044.41,732.37,0.8016,1072.59,736.86,0.8224,1044.41,786.17,0.8503,1064.90,789.37,0.8203
1075,top,1,1115.64,474.80,1212.38,661.93,1178.63,516.28,0.6230,1183.65,512.63,0.5835,1175.43,512.17,0.5441,1188.22,510.80,0.6771,1169.49,506.69,0.5734,1197.82,518.11,0.7238,1160.81,501.66,0.6116,1202.38,548.72,0.5819,1157.15,484.30,0.3482,1205.13,582.98,0.6381,1153.96,545.52,0.2810,1183.20,541.41,0.6330,1156.70,535.93,0.6097,1184.57,586.64,0.6553,1145.73,576.59,0.6813,1185.94,635.07,0.7505,1139.79,618.16,0.7425
1075,bottom,0,1013.56,548.13,1112.32,811.26,1066.79,569.84,0.7287,1065.51,565.34,0.5377,1069.36,565.34,0.4900,1057.16,570.48,0.7385,1076.43,571.13,0.7589,1041.74,600.68,0.7997,1091.85,603.89,0.8244,1029.53,641.79,0.8041,1102.13,642.43,0.7548,1019.25,675.84,0.7554,1104.70,659.78,0.5984,1050.09,681.62,0.7089,1077.07,682.26,0.7133,1044.31,732.37,0.7948,1071.93,736.87,0.8236,1044.95,786.98,0.8393,1064.87,789.55,0.8249
1076,top,1,1116.27,475.61,1214.80,658.33,1177.14,518.34,0.6044,1181.60,515.22,0.5560,1173.12,514.77,0.5160,1186.95,513.44,0.6334,1167.77,508.98,0.5206,1198.55,519.68,0.7122,1161.08,502.73,0.6061,1203.46,550.46,0.5680,1158.40,490.24,0.2826,1207.47,585.26,0.6574,1149.92,543.33,0.2569,1184.72,541.99,0.6334,1157.95,536.19,0.6149,1185.17,587.94,0.6604,1145.46,576.78,0.6569,1186.06,634.78,0.7340,1140.11,612.03,0.7320
1076,bottom,0,1012.09,547.89,1110.28,811.02,1066.33,569.60,0.7379,1066.33,565.11,0.5508,1068.90,565.11,0.5046,1056.69,570.25,0.7358,1075.96,570.25,0.7535,1041.92,599.80,0.8073,1090.74,602.37,0.8252,1029.07,640.27,0.8131,1100.38,641.55,0.7477,1018.79,674.32,0.7627,1102.30,659.54,0.5584,1050.27,680.74,0.7093,1076.61,681.38,0.7184,1044.49,732.13,0.8036,1072.11,736.63,0.8255,1045.13,786.09,0.8319,1064.40,789.95,0.8272
1077,top,1,1120.90,474.54,1215.88,659.63,1176.53,519.19,0.5728,1181.05,515.12,0.5348,1171.56,515.58,0.5224,1186.47,512.41,0.5968,1167.04,511.06,0.5216,1199.12,521.90,0.7043,1161.61,505.63,0.5887,1205.45,553.98,0.5860,1161.16,489.37,0.2552,1209.97,587.42,0.6641,1151.22,544.95,0.2074,1185.11,542.69,0.6158,1158.90,536.36,0.6127,1186.02,588.33,0.6376,1145.35,575.22,0.6177,1186.02,635.32,0.7161,1140.38,608.21,0.7015
1077,bottom,0,1012.31,547.63,1108.12,811.00,1066.00,569.37,0.7381,1065.36,564.22,0.5632,1068.58,564.22,0.5098,1056.36,569.37,0.7409,1075.65,570.01,0.7575,1041.57,599.59,0.8082,1091.08,602.80,0.8290,1029.35,640.09,0.8111,1099.44,642.02,0.7577,1019.07,674.82,0.7643,1100.08,660.03,0.5718,1049.93,680.60,0.7051,1076.29,681.25,0.7179,1044.14,732.04,0.8064,1071.79,736.54,0.8190,1045.43,786.69,0.8219,1064.07,789.91,0.8180
1078,top,1,1122.62,478.96,1220.89,663.45,1179.86,525.26,0.5793,1184.37,521.21,0.5633,1175.36,520.76,0.5233,1188.87,518.06,0.5959,1171.76,516.71,0.4856,1200.58,525.26,0.7206,1164.10,505.90,0.6083,1206.89,556.34,0.5952,1164.10,487.43,0.4315,1212.74,589.22,0.6883,1165.90,482.93,0.1565,1186.17,543.73,0.6293,1160.04,536.07,0.6479,1186.17,587.42,0.6416,1146.53,569.41,0.6145,1186.17,635.62,0.7431,1142.93,600.48,0.7260
1078,bottom,0,1012.21,547.49,1105.53,810.22,1065.28,568.52,0.7441,1064.64,564.03,0.5675,1067.85,564.03,0.5029,1055.66,569.17,0.7386,1074.91,569.81,0.7506,1040.91,599.31,0.8100,1090.30,601.24,0.8291,1028.72,639.73,0.8044,1098.00,642.93,0.7571,1018.46,674.36,0.7663,1098.00,661.53,0.5527,1049.25,680.14,0.6998,1076.19,680.78,0.7142,1043.47,732.73,0.8111,1071.06,736.58,0.8215,1044.12,787.90,0.8258,1064.00,790.46,0.8156
1079,top,3,1126.67,476.60,1225.62,664.31,1183.02,524.16,0.5050,1186.68,520.96,0.4840,1179.81,520.04,0.5019,1190.35,518.21,0.5160,1175.69,517.29,0.4438,1201.35,527.37,0.6922,1165.60,507.21,0.5926,1208.68,558.99,0.5641,1163.31,495.29,0.4054,1215.56,591.07,0.6720,1165.60,485.67,0.2529,1186.68,545.25,0.5328,1161.94,535.16,0.5924,1185.77,587.41,0.6374,1148.19,561.74,0.5940,1186.23,635.53,0.7382,1145.90,593.82,0.6971
1079,bottom,0,1012.50,547.20,1103.23,810.17,1064.93,568.26,0.7466,1064.28,563.76,0.5722,1066.85,563.76,0.4974,1055.30,568.90,0.7363,1074.56,569.54,0.7405,1040.53,598.43,0.8070,1090.61,601.64,0.8255,1028.97,639.52,0.7947,1097.03,643.37,0.7563,1018.70,673.55,0.7562,1094.46,664.56,0.6062,1048.23,680.61,0.6913,1075.84,681.25,0.7062,1042.46,733.26,0.8115,1070.70,737.11,0.8162,1043.74,788.47,0.8229,1063.64,790.40,0.8094
1080,top,3,1128.32,477.50,1227.19,667.58,1182.40,525.20,0.5033,1185.65,521.49,0.4824,1180.54,520.56,0.4828,1189.82,519.63,0.5228,1176.37,518.71,0.4211,1201.89,529.38,0.7062,1166.16,508.96,0.5990,1210.24,560.94,0.5639,1164.30,496.43,0.4417,1218.13,592.49,0.6885,1166.16,486.69,0.3039,1186.58,546.09,0.5525,1161.52,535.88,0.6302,1186.58,588.78,0.6466,1149.45,564.18,0.6030,1186.11,636.11,0.7456,1148.99,589.24,0.7159
1080,bottom,0,1013.26,546.89,1100.30,810.45,1064.50,568.64,0.7753,1063.86,564.14,0.5949,1065.79,564.14,0.5138,1054.85,568.64,0.7445,1073.51,569.29,0.7438,1040.69,598.24,0.8134,1089.60,601.46,0.8347,1029.11,639.42,0.7961,1094.75,643.93,0.7738,1018.82,674.17,0.7609,1090.24,669.02,0.6407,1047.77,679.96,0.6810,1075.44,680.60,0.7088,1040.69,734.01,0.8203,1070.29,736.59,0.8188,1042.62,789.99,0.8246,1064.50,790.64,0.8069
1081,top,3,1130.36,479.82,1230.62,665.33,1181.39,526.38,0.4538,1184.11,521.85,0.4346,1180.03,521.40,0.4376,1190.00,520.49,0.4725,1174.15,519.13,0.3996,1201.77,530.00,0.6819,1165.09,511.88,0.5502,1210.38,562.61,0.5499,1163.28,501.47,0.3485,1219.89,593.86,0.6711,1165.09,495.58,0.1623,1186.83,545.40,0.5362,1162.37,535.89,0.5967,1186.83,588.43,0.6312,1151.05,562.16,0.5774,1186.38,635.98,0.7042,1152.41,584.80,0.6959
1081,bottom,0,1014.35,546.95,1099.26,810.25,1063.24,568.03,0.7750,1061.95,564.17,0.5857,1064.52,564.17,0.5221,1054.24,568.67,0.7541,1072.88,569.32,0.7518,1040.74,598.24,0.8065,1089.59,601.46,0.8389,1029.17,639.38,0.7976,1093.45,643.24,0.7752,1018.88,674.10,0.7611,1087.02,671.52,0.6265,1047.81,679.88,0.6743,1075.45,680.52,0.7030,1039.45,733.88,0.8233,1069.66,736.45,0.8170,1040.74,790.45,0.8291,1064.52,790.45,0.8109
