frame,player,det_idx,bbox_x1,bbox_y1,bbox_x2,bbox_y2,nose_x,nose_y,nose_s,L_eye_x,L_eye_y,L_eye_s,R_eye_x,R_eye_y,R_eye_s,L_ear_x,L_ear_y,L_ear_s,R_ear_x,R_ear_y,R_ear_s,L_shoulder_x,L_shoulder_y,L_shoulder_s,R_shoulder_x,R_shoulder_y,R_shoulder_s,L_elbow_x,L_elbow_y,L_elbow_s,R_elbow_x,R_elbow_y,R_elbow_s,L_wrist_x,L_wrist_y,L_wrist_s,R_wrist_x,R_wrist_y,R_wrist_s,L_hip_x,L_hip_y,L_hip_s,R_hip_x,R_hip_y,R_hip_s,L_knee_x,L_knee_y,L_knee_s,R_knee_x,R_knee_y,R_knee_s,L_ankle_x,L_ankle_y,L_ankle_s,R_ankle_x,R_ankle_y,R_ankle_s
0,top,1,836.60,359.97,918.50,576.16,874.38,383.08,0.7921,878.61,379.39,0.8091,870.69,378.86,0.7541,884.41,379.39,0.8234,865.41,377.81,0.7999,897.08,396.28,0.7898,856.44,392.06,0.8312,913.44,421.09,0.8185,848.52,421.09,0.7917,907.11,451.17,0.7967,842.71,450.65,0.7923,884.94,456.45,0.6981,867.52,456.45,0.7044,881.77,500.26,0.7912,871.22,500.26,0.7657,884.94,550.40,0.8079,882.83,538.79,0.8061
0,bottom,0,926.66,586.56,1029.50,833.77,992.56,609.98,0.7409,988.94,606.35,0.5472,997.39,608.17,0.5619,979.89,611.18,0.7963,1000.41,613.60,0.7638,962.39,635.32,0.7853,1013.08,641.96,0.8157,941.26,656.45,0.7090,1024.55,657.05,0.8275,937.04,662.48,0.6264,1012.48,641.96,0.5743,972.65,710.77,0.6890,998.00,712.58,0.6997,971.44,748.79,0.6827,1001.62,762.67,0.7807,970.84,782.59,0.7453,985.32,813.37,0.7731
1,top,0,836.35,358.39,920.65,576.05,874.78,383.79,0.7900,879.03,380.07,0.8035,871.06,379.54,0.7646,884.87,380.07,0.8516,865.74,379.01,0.8149,897.10,398.14,0.7979,856.18,393.36,0.8307,914.63,421.52,0.8268,847.68,421.52,0.7930,906.66,451.28,0.8012,841.83,450.22,0.7766,884.87,458.19,0.7137,867.87,458.72,0.7236,882.22,501.23,0.8058,872.12,501.23,0.7704,884.87,551.18,0.8316,883.28,538.96,0.8065
1,bottom,1,926.71,586.43,1029.43,833.78,992.56,610.46,0.7414,988.94,606.84,0.5490,997.39,608.05,0.5601,979.88,611.07,0.7986,1000.41,613.48,0.7642,962.37,635.83,0.7817,1013.10,641.87,0.8154,941.84,656.36,0.7063,1024.57,656.96,0.8233,937.00,663.00,0.6270,1012.49,642.47,0.5699,972.63,711.31,0.6879,998.00,712.52,0.6989,971.43,749.36,0.6824,1001.62,763.25,0.7821,970.82,782.57,0.7452,985.32,813.37,0.7734
2,top,1,835.42,359.78,922.02,576.23,875.55,385.04,0.8198,879.78,381.34,0.8306,871.85,380.81,0.7847,885.59,381.34,0.8656,866.56,380.29,0.8367,897.74,399.84,0.7929,856.52,394.55,0.8244,915.71,422.03,0.8299,847.01,421.50,0.7905,906.20,451.63,0.8102,840.67,448.98,0.7575,885.06,459.02,0.6950,868.15,459.55,0.7060,882.42,501.83,0.7939,871.85,501.30,0.7718,886.12,552.56,0.8310,882.95,538.82,0.8122
2,bottom,0,927.07,586.73,1029.49,834.06,992.77,610.16,0.7409,989.15,606.53,0.5436,997.60,607.74,0.5603,980.09,611.36,0.7941,1000.02,613.18,0.7661,961.97,635.52,0.7857,1012.70,642.16,0.8153,940.84,656.65,0.7160,1024.77,657.26,0.8284,937.22,663.29,0.6339,1011.49,642.16,0.5763,972.84,711.00,0.6885,998.21,712.21,0.6992,971.03,749.04,0.6859,1001.83,762.93,0.7839,971.03,782.85,0.7501,985.52,813.05,0.7747
3,top,1,835.06,360.87,922.38,576.18,876.09,387.05,0.8463,880.30,382.84,0.8641,872.41,382.84,0.8192,886.08,382.84,0.8772,866.63,381.79,0.8581,897.65,401.76,0.7848,856.64,395.98,0.8167,916.57,423.32,0.8452,845.61,421.74,0.7898,905.53,450.65,0.8084,839.30,449.60,0.7462,885.03,460.64,0.7032,868.74,461.16,0.7162,882.93,502.69,0.7886,872.41,502.17,0.7645,886.08,552.63,0.8253,883.45,538.96,0.8027
3,bottom,0,927.17,586.92,1029.46,833.84,992.18,610.31,0.7381,989.17,606.69,0.5433,997.61,607.90,0.5559,979.52,610.91,0.7933,1000.02,613.32,0.7669,962.04,635.03,0.7875,1012.68,642.26,0.8144,940.94,656.13,0.7200,1024.73,657.33,0.8295,936.72,662.76,0.6426,1011.47,642.26,0.5752,972.29,710.98,0.6893,998.21,712.19,0.6997,971.08,749.57,0.6901,1001.83,762.83,0.7862,971.08,782.72,0.7531,984.95,812.86,0.7750
4,top,1,833.23,362.57,922.75,576.07,876.94,389.57,0.8308,881.11,385.93,0.8359,873.29,385.40,0.8124,886.85,385.40,0.8773,867.56,384.36,0.8371,897.27,404.17,0.7834,856.62,397.39,0.8115,917.60,425.02,0.8560,844.63,422.41,0.7847,904.05,449.52,0.7945,838.89,448.47,0.7743,885.80,461.51,0.7031,869.65,462.03,0.7178,883.20,503.73,0.8051,872.77,503.73,0.7663,885.80,552.72,0.8299,883.20,539.17,0.7993
4,bottom,0,927.20,586.95,1029.49,833.82,992.21,610.33,0.7385,989.19,606.72,0.5445,997.63,607.92,0.5586,979.55,610.94,0.7944,1000.04,613.35,0.7680,962.07,635.04,0.7899,1012.70,642.28,0.8159,940.98,656.14,0.7231,1024.15,657.34,0.8317,936.76,662.77,0.6488,1011.49,642.28,0.5772,972.32,710.98,0.6925,998.23,712.19,0.7026,971.11,749.56,0.6923,1001.85,762.82,0.7886,971.11,782.71,0.7551,984.97,812.84,0.7761
5,top,1,832.89,372.04,924.38,576.08,877.64,391.86,0.7817,881.62,387.88,0.7671,873.65,387.38,0.7542,887.10,388.38,0.8041,868.17,386.88,0.7798,898.06,405.81,0.7427,856.72,398.84,0.7853,918.49,426.24,0.8270,843.27,422.75,0.7768,901.55,449.65,0.7660,838.29,446.16,0.7625,885.61,461.11,0.6456,868.67,461.11,0.6754,883.12,503.95,0.7710,873.16,502.95,0.7250,886.11,552.27,0.7923,882.62,538.82,0.7729
5,bottom,0,927.32,587.02,1029.54,833.81,992.29,610.39,0.7410,989.28,606.78,0.5462,997.71,607.98,0.5608,979.64,611.00,0.7891,999.52,613.41,0.7654,962.16,635.10,0.7899,1012.78,642.33,0.8156,941.08,656.19,0.7230,1024.22,657.39,0.8303,936.86,662.81,0.6517,1012.17,642.33,0.5792,972.41,710.41,0.6919,998.32,711.62,0.7012,971.20,748.97,0.6901,1001.93,762.83,0.7888,971.20,782.71,0.7568,985.06,812.84,0.7765
6,top,1,832.67,377.28,924.45,576.21,877.59,393.70,0.7927,881.96,390.30,0.7860,874.19,389.81,0.7836,887.30,391.27,0.8083,868.36,389.33,0.7921,897.98,408.27,0.7318,856.70,400.50,0.7790,919.35,427.21,0.8161,842.13,423.81,0.7875,901.38,448.09,0.7376,837.28,445.18,0.7580,885.84,460.72,0.6185,868.84,460.72,0.6503,883.90,503.94,0.7538,873.22,503.46,0.7199,885.84,552.02,0.7837,882.44,538.43,0.7724
6,bottom,0,927.36,587.05,1029.49,833.84,992.29,610.42,0.7418,989.27,606.81,0.5459,997.11,608.01,0.5585,979.63,611.03,0.7907,999.52,613.44,0.7652,962.16,635.13,0.7894,1012.77,642.36,0.8133,941.07,655.61,0.7226,1024.22,657.42,0.8283,936.85,662.84,0.6487,1012.77,642.36,0.5767,972.40,710.44,0.6914,998.31,711.65,0.7010,971.20,749.00,0.6896,1001.93,762.86,0.7872,971.20,782.74,0.7562,985.06,812.87,0.7761
7,top,1,832.08,380.05,925.42,576.23,878.75,395.76,0.7813,882.58,392.41,0.7714,874.92,391.93,0.7691,887.37,393.85,0.8063,869.17,392.41,0.7798,897.43,409.17,0.7289,856.72,401.99,0.7777,919.94,427.85,0.8122,841.40,424.50,0.7985,900.78,447.01,0.7133,837.08,443.66,0.7614,885.94,463.29,0.6354,869.65,463.77,0.6723,884.02,505.92,0.7569,873.96,506.40,0.7226,885.94,552.37,0.7869,882.58,537.53,0.7605
7,bottom,0,927.36,586.99,1029.42,833.83,992.25,610.37,0.7430,989.24,606.76,0.5474,997.07,607.96,0.5580,979.60,610.98,0.7900,1000.09,613.39,0.7649,962.12,635.08,0.7895,1012.74,642.31,0.8143,941.63,655.57,0.7212,1024.19,657.38,0.8258,936.81,662.80,0.6445,1012.14,642.31,0.5705,972.37,710.41,0.6918,998.28,711.61,0.7016,971.16,749.58,0.6891,1001.89,762.84,0.7875,971.16,782.72,0.7559,985.02,812.85,0.7755
8,top,1,831.37,381.31,926.26,576.33,878.82,397.41,0.7844,883.10,394.07,0.7732,875.01,393.60,0.7740,887.86,395.02,0.7987,869.29,394.07,0.7690,897.86,410.26,0.7228,856.91,402.64,0.7687,921.67,428.35,0.8159,840.73,424.54,0.7843,901.67,445.49,0.7103,837.39,442.64,0.7604,886.43,463.11,0.6292,869.77,462.63,0.6686,884.05,505.49,0.7400,873.58,504.53,0.6894,885.96,553.10,0.7834,882.15,535.00,0.7481
8,bottom,0,927.48,586.95,1029.43,833.83,992.32,610.34,0.7410,989.31,606.72,0.5488,997.14,607.93,0.5572,979.66,610.94,0.7887,1000.16,613.35,0.7651,962.18,635.05,0.7905,1012.81,642.28,0.8178,941.69,655.54,0.7241,1024.27,657.35,0.8260,936.87,662.17,0.6455,1011.61,642.28,0.5751,972.43,710.39,0.6920,997.75,711.60,0.7030,971.23,749.57,0.6916,1001.96,762.83,0.7895,971.23,782.72,0.7596,985.09,812.86,0.7760
9,top,1,831.10,380.86,927.00,576.31,879.53,399.86,0.7768,883.35,396.04,0.7626,875.71,396.04,0.7664,888.12,396.99,0.7927,869.51,395.56,0.7747,897.66,411.79,0.7210,857.58,403.67,0.7634,921.52,428.49,0.8236,839.45,425.15,0.7758,901.96,444.71,0.7032,837.06,440.89,0.7509,887.16,463.80,0.6359,870.46,463.32,0.6579,883.82,505.79,0.7483,872.85,504.36,0.6846,885.73,552.55,0.7762,881.44,532.03,0.7504
9,bottom,0,927.56,586.93,1029.32,833.82,992.31,610.31,0.7428,989.29,606.70,0.5494,997.13,607.90,0.5558,979.65,610.92,0.7906,1000.14,613.33,0.7662,962.17,635.03,0.7900,1012.80,642.26,0.8196,941.07,655.52,0.7239,1024.25,657.33,0.8235,936.85,661.55,0.6441,1012.20,642.26,0.5739,972.41,710.37,0.6920,997.73,711.58,0.7033,971.21,749.55,0.6912,1001.95,762.81,0.7894,971.21,782.70,0.7604,985.07,812.84,0.7772
10,top,1,830.66,381.54,927.70,576.86,879.65,400.52,0.7900,883.47,396.70,0.7692,875.84,396.70,0.7747,888.71,397.18,0.7786,869.64,396.23,0.7756,897.77,412.44,0.7247,857.72,404.33,0.7640,922.09,428.18,0.8300,839.60,425.31,0.7688,902.07,444.87,0.6998,837.22,439.62,0.7727,887.28,463.94,0.6267,870.12,463.46,0.6656,883.95,505.90,0.7371,872.50,502.56,0.6687,884.90,553.11,0.7684,880.61,526.88,0.7325
10,bottom,0,927.33,586.82,1029.08,833.83,992.08,610.22,0.7422,989.06,606.60,0.5536,996.90,607.81,0.5589,980.01,610.82,0.7954,999.91,613.24,0.7663,961.92,634.95,0.7898,1012.58,642.18,0.8197,941.42,655.45,0.7169,1024.04,657.26,0.8204,937.20,661.48,0.6296,1011.98,642.79,0.5705,972.17,710.33,0.6907,998.11,711.53,0.7022,970.97,749.52,0.6838,1001.72,762.79,0.7852,970.97,782.69,0.7505,985.44,812.84,0.7737
11,top,1,830.30,380.47,929.48,576.10,879.41,402.35,0.8078,883.71,398.05,0.7871,875.59,398.05,0.7764,888.96,398.05,0.7908,869.86,397.09,0.7904,898.04,413.33,0.7171,857.92,405.21,0.7573,922.87,428.62,0.8144,839.29,425.27,0.7460,902.81,444.86,0.7042,836.42,439.12,0.7552,887.53,464.44,0.6321,870.34,463.96,0.6576,883.71,506.47,0.7456,872.25,502.17,0.6896,885.14,553.27,0.7728,880.84,525.10,0.7314
11,bottom,0,927.16,586.76,1028.85,833.80,992.48,610.16,0.7403,988.86,606.54,0.5518,997.31,607.75,0.5662,979.82,610.77,0.7963,1000.32,613.18,0.7697,962.33,634.89,0.7900,1012.38,642.13,0.8206,941.22,655.40,0.7146,1023.84,657.20,0.8216,937.00,660.82,0.6231,1011.18,642.13,0.5723,971.98,710.28,0.6914,997.91,711.49,0.7028,971.37,748.88,0.6812,1002.13,762.75,0.7823,970.77,783.26,0.7500,985.24,813.41,0.7743
12,top,1,830.04,380.21,930.04,576.18,880.04,403.08,0.8108,883.87,398.78,0.7804,876.21,398.78,0.7737,889.13,399.25,0.7938,869.99,398.30,0.8005,898.22,413.61,0.7141,858.03,406.43,0.7575,923.58,428.92,0.8169,838.89,426.05,0.7456,903.48,445.66,0.7054,836.50,438.49,0.7681,888.17,465.28,0.6421,870.47,464.80,0.6572,883.87,506.90,0.7472,871.91,502.12,0.6694,884.82,553.79,0.7739,879.56,522.69,0.6918
12,bottom,0,927.06,586.69,1028.80,833.77,993.01,610.09,0.7351,988.79,606.47,0.5452,997.83,607.68,0.5696,979.74,610.70,0.7969,1000.25,613.11,0.7723,962.24,635.43,0.7911,1012.91,642.06,0.8212,941.13,655.33,0.7140,1023.77,657.14,0.8234,936.91,661.37,0.6244,1011.10,641.46,0.5778,972.50,710.23,0.6897,997.83,711.43,0.7021,971.29,748.83,0.6804,1002.06,762.71,0.7832,970.69,783.22,0.7517,985.17,813.38,0.7759
13,top,1,830.16,381.65,930.29,576.28,879.75,403.88,0.8108,884.03,400.08,0.7845,875.95,400.08,0.7828,888.78,400.08,0.7893,870.25,399.61,0.8115,898.28,414.34,0.7181,858.37,407.21,0.7647,923.94,428.59,0.8286,837.93,426.69,0.7552,904.93,446.18,0.7184,836.98,438.57,0.7797,888.30,466.13,0.6456,871.20,465.66,0.6546,883.08,507.00,0.7516,872.62,502.25,0.6439,884.98,553.57,0.7784,878.80,520.78,0.6817
13,bottom,0,926.92,586.65,1028.80,833.78,992.94,610.06,0.7383,989.32,606.44,0.5465,997.77,607.65,0.5726,980.27,610.67,0.7998,1000.79,613.08,0.7748,962.17,635.40,0.7926,1012.85,642.04,0.8223,941.06,655.31,0.7146,1023.71,657.12,0.8266,936.83,661.35,0.6262,1010.44,641.44,0.5792,972.43,710.22,0.6911,997.77,711.42,0.7041,971.22,748.83,0.6804,1001.99,762.71,0.7831,970.62,783.22,0.7521,985.10,813.39,0.7771
14,top,1,830.58,382.23,930.66,576.38,880.15,404.41,0.8176,884.42,400.62,0.7787,876.36,400.62,0.7819,889.16,401.10,0.7974,870.67,400.15,0.8078,898.64,415.79,0.7205,858.35,408.68,0.7535,924.70,429.06,0.8290,838.44,427.17,0.7230,905.74,446.60,0.7280,836.54,438.07,0.7818,888.21,466.98,0.6484,871.14,466.03,0.6570,882.52,507.74,0.7531,872.57,503.00,0.6324,884.89,554.19,0.7674,878.25,521.01,0.6201
14,bottom,0,926.55,585.80,1028.61,834.00,993.34,609.92,0.7394,989.09,606.89,0.5500,997.58,608.10,0.5845,980.01,611.13,0.8018,1000.61,613.55,0.7731,962.43,635.37,0.8018,1012.73,642.03,0.8291,941.22,655.36,0.7162,1023.63,657.18,0.8284,936.98,661.42,0.6549,1012.12,641.42,0.5844,972.13,710.50,0.6961,997.58,711.71,0.7088,970.92,749.28,0.6882,1001.82,762.61,0.7907,970.92,782.61,0.7553,984.85,812.91,0.7793
15,top,1,830.42,385.62,930.51,576.50,880.47,405.57,0.7939,884.66,401.84,0.7573,876.74,401.84,0.7629,889.32,402.30,0.7663,870.68,401.84,0.7646,899.11,416.75,0.6998,859.03,408.83,0.7415,924.74,429.33,0.8100,838.06,427.47,0.6879,906.10,447.04,0.7160,836.20,438.65,0.7538,888.39,467.08,0.6341,871.15,466.61,0.6417,881.40,507.62,0.7433,872.08,502.96,0.6074,884.66,553.76,0.7454,877.20,521.60,0.6433
15,bottom,0,927.27,586.46,1028.99,833.81,993.23,609.89,0.7488,989.00,606.87,0.5499,997.45,608.08,0.5688,979.94,611.10,0.8045,1000.47,613.51,0.7728,962.43,635.25,0.7957,1012.55,641.90,0.8243,941.29,656.39,0.7214,1024.02,656.99,0.8281,937.06,661.82,0.6276,1011.34,641.90,0.5793,972.69,710.74,0.6946,998.06,711.95,0.7072,970.88,749.39,0.6855,1002.28,762.67,0.7878,970.88,783.21,0.7539,985.37,812.80,0.7746
16,top,1,830.53,387.59,930.99,576.51,880.76,406.41,0.8082,884.45,402.72,0.7718,877.07,402.72,0.7750,889.52,403.64,0.7781,870.61,402.72,0.7737,898.75,417.48,0.7051,859.54,409.64,0.7340,924.58,430.39,0.8076,838.79,427.17,0.6655,906.13,447.92,0.6895,836.02,438.70,0.7628,888.60,467.75,0.6341,871.07,466.83,0.6414,881.68,508.34,0.7364,871.07,502.35,0.6167,884.45,554.47,0.7394,877.07,521.26,0.6545
16,bottom,0,927.03,586.48,1029.12,833.78,993.17,609.91,0.7467,989.55,606.29,0.5463,998.00,608.10,0.5679,979.89,610.51,0.8062,1001.02,612.93,0.7752,962.38,635.27,0.7931,1012.49,641.91,0.8212,941.25,656.40,0.7172,1023.96,657.00,0.8298,937.62,661.23,0.6141,1011.28,641.91,0.5794,972.64,710.73,0.6930,998.00,711.94,0.7048,971.43,749.37,0.6825,1002.23,762.66,0.7854,970.83,783.18,0.7533,985.32,812.77,0.7730
17,top,1,830.64,389.09,930.46,576.55,881.01,406.84,0.7956,885.13,403.64,0.7600,877.35,403.64,0.7730,889.70,404.56,0.7662,871.40,403.64,0.7614,898.86,418.29,0.7002,859.04,410.51,0.7344,924.49,431.10,0.8093,838.44,428.81,0.6765,906.64,448.95,0.7198,836.61,440.25,0.7517,888.33,469.09,0.6359,871.40,468.63,0.6482,881.01,508.45,0.7378,870.94,503.41,0.6332,884.67,553.76,0.7404,877.35,521.26,0.6467
17,bottom,0,927.26,586.40,1029.24,833.70,993.34,609.82,0.7440,989.72,606.20,0.5459,998.17,607.41,0.5687,980.06,610.43,0.8049,1000.59,612.84,0.7750,962.55,635.18,0.7958,1012.66,641.82,0.8208,941.42,656.31,0.7200,1024.14,656.92,0.8318,937.80,661.75,0.6155,1011.46,641.82,0.5770,972.82,710.65,0.6909,998.17,711.86,0.7034,971.00,749.29,0.6829,1001.80,762.57,0.7858,971.00,783.10,0.7524,985.49,812.69,0.7719
18,top,1,830.21,387.04,930.08,576.61,880.61,407.31,0.8045,884.31,403.15,0.7597,876.90,403.15,0.7731,889.40,404.07,0.7770,870.89,403.15,0.7701,899.58,418.88,0.6935,859.32,411.01,0.7374,925.04,431.38,0.8037,838.49,429.99,0.7148,906.52,450.35,0.7188,836.64,441.56,0.7845,888.01,469.79,0.6291,870.89,469.33,0.6303,881.07,509.13,0.7404,871.35,504.96,0.6234,884.77,554.48,0.7381,877.83,521.62,0.6088
18,bottom,0,927.75,585.98,1028.42,834.57,993.26,610.14,0.7448,989.62,606.49,0.5470,998.11,607.71,0.5774,980.51,610.74,0.8037,1001.15,613.17,0.7742,962.91,635.02,0.8008,1012.68,642.30,0.8275,941.67,656.26,0.7159,1024.21,656.87,0.8327,938.03,661.12,0.6196,1011.47,641.69,0.5838,972.62,710.88,0.6947,998.11,712.09,0.7064,970.80,749.12,0.6788,1001.76,763.07,0.7865,970.80,782.50,0.7559,985.37,812.84,0.7745
19,top,1,829.44,388.68,929.54,576.67,880.87,407.41,0.8003,884.54,403.74,0.7563,877.19,403.74,0.7811,889.59,404.65,0.7664,870.77,403.74,0.7487,899.22,418.88,0.6773,858.84,411.54,0.7283,924.93,432.19,0.7983,838.18,431.27,0.7134,906.57,450.09,0.7200,836.81,442.75,0.7743,888.21,469.37,0.6253,871.23,468.91,0.6403,880.87,508.84,0.7331,871.23,504.71,0.6187,884.54,553.81,0.7269,878.11,521.69,0.6051
19,bottom,0,929.23,585.96,1028.29,834.50,993.33,610.11,0.7645,989.69,606.47,0.5621,997.57,607.69,0.5677,980.58,610.72,0.8031,1001.21,613.15,0.7720,962.99,634.99,0.7955,1012.74,641.67,0.8268,942.36,656.23,0.7156,1023.66,657.44,0.8264,938.11,661.08,0.6145,1010.92,641.67,0.5810,972.70,710.84,0.7003,998.18,711.44,0.7099,970.88,749.06,0.6808,1001.82,763.02,0.7884,970.88,783.04,0.7604,984.83,813.38,0.7755
20,top,1,829.23,388.24,929.53,576.70,881.22,407.93,0.7974,884.90,403.79,0.7508,877.54,403.79,0.7736,889.50,404.71,0.7726,871.10,403.79,0.7562,899.16,418.98,0.6811,859.14,412.07,0.7321,925.39,432.32,0.8013,838.43,431.40,0.7251,906.53,450.72,0.7279,836.59,442.44,0.7770,888.12,470.05,0.6302,871.10,469.13,0.6430,880.76,508.70,0.7375,871.10,505.01,0.6235,884.44,553.79,0.7334,878.00,522.04,0.6128
20,bottom,0,930.35,585.87,1028.55,834.58,994.02,610.04,0.7578,990.99,607.00,0.5551,998.27,608.22,0.5673,980.66,610.65,0.7965,1001.31,613.07,0.7754,963.06,634.93,0.7908,1013.45,641.61,0.8225,942.41,656.19,0.7187,1024.38,657.40,0.8186,938.77,661.04,0.6120,1012.24,641.61,0.5733,972.77,710.83,0.7059,998.27,712.05,0.7133,971.56,749.09,0.6792,1001.92,763.05,0.7861,970.95,782.48,0.7612,984.92,813.45,0.7816
21,top,1,829.65,386.72,929.41,576.63,880.92,407.49,0.7990,884.63,403.32,0.7490,877.21,403.32,0.7704,889.73,404.24,0.7827,871.18,403.32,0.7677,899.46,419.08,0.6866,858.66,412.13,0.7384,924.97,432.53,0.8111,838.73,431.14,0.7352,906.42,451.07,0.7321,836.87,443.19,0.7795,887.87,470.08,0.6341,870.72,469.15,0.6392,880.92,509.03,0.7498,870.72,505.78,0.6449,884.16,554.00,0.7404,877.67,522.01,0.6112
21,bottom,0,930.35,585.76,1028.66,834.47,993.47,609.92,0.7591,990.44,606.89,0.5589,998.33,608.10,0.5651,980.72,610.53,0.7984,1001.37,612.96,0.7746,963.11,634.82,0.7902,1012.90,642.11,0.8215,942.47,656.07,0.7188,1024.44,657.29,0.8195,938.82,660.93,0.6124,1011.69,641.50,0.5732,972.83,710.72,0.7045,998.33,711.94,0.7115,971.61,748.98,0.6785,1001.97,762.94,0.7846,971.00,782.37,0.7580,984.97,813.34,0.7809
22,top,1,829.94,387.56,929.50,576.68,881.57,407.32,0.8043,884.80,403.17,0.7603,877.41,403.17,0.7766,889.88,404.09,0.7774,871.41,403.63,0.7639,899.58,418.86,0.6762,858.95,411.94,0.7321,925.43,432.72,0.8026,838.63,431.79,0.7392,906.50,451.18,0.7215,836.78,443.80,0.7792,888.50,469.19,0.6172,870.49,468.27,0.6374,881.11,508.90,0.7469,870.49,505.67,0.6497,884.34,554.15,0.7394,877.41,522.29,0.6220
22,bottom,0,930.56,585.69,1028.73,834.50,993.62,609.87,0.7615,990.58,606.22,0.5625,998.48,607.44,0.5617,980.86,610.47,0.8006,1000.91,612.90,0.7739,963.25,634.77,0.7900,1013.06,642.06,0.8223,942.59,656.03,0.7193,1023.99,657.25,0.8160,938.95,660.89,0.6160,1012.45,641.45,0.5713,972.97,710.70,0.7086,997.87,711.92,0.7152,971.14,748.97,0.6814,1002.12,762.94,0.7873,971.14,782.38,0.7579,985.12,813.36,0.7799
23,top,1,829.93,387.91,929.30,576.68,881.46,407.64,0.8058,885.15,403.49,0.7622,877.77,403.49,0.7794,890.22,403.95,0.7769,871.32,403.49,0.7668,899.43,418.70,0.6800,859.34,411.79,0.7311,925.24,432.52,0.8031,838.60,431.60,0.7354,906.81,450.96,0.7262,836.76,443.58,0.7797,888.37,468.93,0.6229,870.86,468.01,0.6413,881.00,508.56,0.7475,869.94,505.34,0.6479,884.23,553.73,0.7401,877.77,522.39,0.6136
23,bottom,0,930.81,585.50,1028.67,834.48,993.72,609.69,0.7554,990.68,606.04,0.5639,998.58,607.87,0.5650,980.95,610.30,0.8015,1001.01,612.73,0.7749,963.33,634.61,0.7909,1013.17,641.30,0.8254,942.66,655.89,0.7204,1024.11,657.11,0.8128,939.01,660.75,0.6195,1010.74,641.91,0.5594,973.05,710.60,0.7106,997.97,711.81,0.7178,971.23,748.89,0.6853,1002.23,762.88,0.7908,970.62,782.33,0.7604,984.60,813.33,0.7810
24,top,1,829.98,387.68,929.25,576.68,881.46,406.96,0.8136,885.15,402.81,0.7674,877.77,402.81,0.7888,890.23,403.73,0.7823,871.31,402.81,0.7719,899.46,418.96,0.6818,859.31,411.58,0.7343,925.30,432.80,0.8035,839.01,431.88,0.7396,906.84,450.80,0.7263,836.70,443.42,0.7738,888.38,469.26,0.6259,870.39,467.87,0.6437,881.00,508.94,0.7528,869.93,505.25,0.6503,884.23,554.16,0.7425,877.77,522.32,0.6169
24,bottom,0,930.74,585.44,1028.58,834.50,993.65,609.64,0.7584,990.60,606.60,0.5650,998.51,607.82,0.5666,980.88,610.25,0.8010,1001.55,612.68,0.7730,963.24,634.57,0.7911,1013.71,641.26,0.8279,942.57,655.85,0.7218,1024.05,657.07,0.8132,938.92,660.72,0.6210,1010.06,641.87,0.5596,972.97,710.58,0.7104,998.51,711.79,0.7178,971.15,748.88,0.6824,1002.16,762.87,0.7873,971.15,782.33,0.7601,985.13,813.34,0.7807
25,top,1,830.01,387.55,929.17,576.67,881.44,406.85,0.8149,885.13,402.69,0.7684,877.74,403.16,0.7893,890.21,403.62,0.7840,871.28,403.16,0.7727,899.45,418.85,0.6837,859.28,411.47,0.7367,924.84,432.71,0.8044,838.50,431.78,0.7443,906.83,450.71,0.7225,837.11,443.79,0.7751,888.36,469.18,0.6296,870.36,468.26,0.6444,880.98,508.89,0.7540,869.90,505.66,0.6579,884.21,554.13,0.7433,877.74,522.28,0.6188
25,bottom,0,930.66,585.44,1028.60,834.48,993.61,609.63,0.7584,990.57,606.59,0.5664,998.48,607.81,0.5633,980.84,610.24,0.8003,1001.52,612.67,0.7713,963.21,634.56,0.7921,1013.68,641.25,0.8278,942.54,655.84,0.7208,1024.01,657.06,0.8128,938.89,660.71,0.6217,1010.64,641.86,0.5620,972.94,710.56,0.7068,998.48,711.78,0.7152,971.12,748.87,0.6808,1002.13,762.85,0.7867,971.12,782.31,0.7583,985.10,813.32,0.7805
26,top,1,830.46,387.58,929.04,576.63,881.60,406.88,0.8080,885.29,402.72,0.7652,877.90,402.72,0.7820,889.90,403.64,0.7759,871.44,403.18,0.7640,900.06,419.34,0.6801,858.98,411.95,0.7349,924.52,432.72,0.8019,838.67,432.26,0.7496,906.52,451.18,0.7201,837.29,444.26,0.7752,888.06,468.72,0.6227,870.06,467.80,0.6446,881.13,508.88,0.7498,869.60,505.64,0.6552,884.36,554.11,0.7424,877.44,522.26,0.6240
26,bottom,0,931.15,585.34,1028.74,834.56,993.94,609.55,0.7609,990.90,606.51,0.5729,998.20,607.73,0.5589,981.16,610.16,0.8006,1001.24,612.60,0.7671,963.52,634.50,0.7898,1013.41,641.19,0.8263,942.83,655.19,0.7157,1023.75,657.01,0.7981,939.18,660.66,0.6241,1010.98,641.19,0.5523,973.25,709.95,0.7101,998.20,711.16,0.7161,971.43,748.89,0.6840,1001.85,762.88,0.7895,970.82,782.35,0.7593,984.81,813.38,0.7801
27,top,1,831.00,387.93,928.75,576.65,881.72,406.73,0.8082,885.40,402.58,0.7683,877.57,403.04,0.7875,890.01,403.50,0.7755,871.58,403.04,0.7694,900.15,419.63,0.6811,859.14,411.80,0.7363,924.57,432.99,0.8098,838.41,432.07,0.7542,906.60,451.42,0.7260,837.48,444.51,0.7782,888.17,468.93,0.6257,870.20,467.55,0.6461,880.79,508.55,0.7462,869.74,505.33,0.6422,884.48,554.16,0.7402,877.57,521.91,0.6264
27,bottom,0,931.14,585.34,1028.73,834.52,993.93,609.56,0.7667,990.88,606.51,0.5714,998.18,607.73,0.5606,981.15,610.16,0.8010,1001.83,612.60,0.7677,963.51,633.89,0.7914,1014.00,641.19,0.8281,942.83,655.18,0.7172,1023.73,657.01,0.8006,939.18,660.66,0.6295,1009.74,641.19,0.5524,973.24,709.93,0.7085,998.18,711.15,0.7147,971.42,748.86,0.6864,1001.83,762.85,0.7899,970.81,782.32,0.7580,984.80,813.35,0.7789
28,top,1,831.56,387.48,928.61,576.66,881.47,406.79,0.8132,885.17,402.63,0.7767,877.78,402.63,0.7894,890.25,403.55,0.7850,871.31,403.09,0.7784,899.95,419.72,0.6905,859.30,411.87,0.7444,924.42,432.65,0.8158,838.98,432.19,0.7611,906.41,451.59,0.7281,837.60,444.66,0.7767,887.94,468.68,0.6271,869.92,467.29,0.6501,881.01,508.86,0.7488,869.92,505.16,0.6447,884.70,553.66,0.7486,877.78,521.79,0.6253
28,bottom,0,931.13,585.22,1028.75,834.56,993.94,609.44,0.7656,990.89,606.40,0.5740,998.20,607.62,0.5594,981.15,610.05,0.8050,1001.85,612.49,0.7664,963.50,633.79,0.7909,1014.03,641.10,0.8283,942.80,655.10,0.7133,1023.77,656.93,0.7946,939.15,660.58,0.6188,1009.16,641.71,0.5421,973.24,709.89,0.7087,998.20,711.10,0.7151,971.41,748.85,0.6852,1001.85,762.24,0.7877,970.81,782.33,0.7581,984.81,813.37,0.7774
29,top,1,832.03,387.99,928.52,576.64,881.20,407.25,0.8137,884.88,403.10,0.7820,877.51,403.10,0.7930,889.95,404.02,0.7846,871.52,403.56,0.7832,900.08,419.68,0.6925,859.09,411.85,0.7435,924.49,432.58,0.8233,838.82,432.12,0.7576,906.53,451.46,0.7380,837.90,444.55,0.7701,888.10,468.50,0.6306,870.14,467.12,0.6537,880.73,508.57,0.7520,869.68,505.35,0.6529,884.88,553.70,0.7501,877.51,521.93,0.6124
29,bottom,0,931.21,585.26,1028.85,834.55,994.03,609.48,0.7626,990.99,606.44,0.5672,998.90,607.66,0.5624,981.25,610.09,0.8020,1001.94,612.53,0.7693,963.60,633.83,0.7908,1014.11,640.52,0.8271,942.91,653.91,0.7095,1023.85,656.35,0.7934,939.25,660.00,0.6152,1009.85,641.74,0.5389,972.73,709.91,0.7093,998.29,711.12,0.7142,970.90,748.86,0.6870,1001.94,762.25,0.7875,970.90,782.33,0.7555,984.90,813.37,0.7770
30,top,1,831.93,387.98,928.55,576.64,881.16,407.24,0.8097,884.84,403.09,0.7783,877.48,403.09,0.7881,889.91,404.01,0.7831,871.49,403.55,0.7799,900.04,419.67,0.6928,859.05,411.84,0.7463,924.45,433.03,0.8198,838.79,432.57,0.7584,906.49,451.45,0.7379,837.87,445.47,0.7781,888.07,468.49,0.6297,870.11,467.11,0.6592,880.70,508.57,0.7502,869.65,504.88,0.6478,884.84,553.70,0.7487,877.48,521.92,0.6156
30,bottom,0,931.41,584.63,1028.82,833.94,994.72,610.08,0.7633,991.68,606.42,0.5670,998.98,607.64,0.5718,981.33,610.08,0.8078,1002.03,612.51,0.7746,963.68,633.81,0.7877,1014.20,641.12,0.8259,942.99,654.51,0.7070,1023.94,656.33,0.7815,939.34,659.98,0.6122,1011.77,641.12,0.5387,972.81,709.89,0.7090,998.37,711.72,0.7136,970.99,748.24,0.6776,1002.03,762.24,0.7902,970.99,782.32,0.7482,984.98,813.37,0.7768
31,top,1,832.30,388.04,928.63,576.69,881.38,407.30,0.8063,885.07,403.15,0.7760,877.24,403.15,0.7785,889.67,404.07,0.7827,871.25,403.61,0.7782,900.27,419.73,0.6933,859.28,411.90,0.7454,924.22,433.09,0.8185,839.01,432.63,0.7559,906.25,451.51,0.7328,838.09,445.06,0.7739,887.83,468.09,0.6288,870.33,467.17,0.6591,880.92,508.62,0.7574,869.41,505.40,0.6635,884.61,553.75,0.7498,877.70,522.44,0.6119
31,bottom,0,931.24,585.03,1028.75,834.55,994.01,609.88,0.7681,990.96,606.23,0.5717,998.88,608.05,0.5660,981.21,609.88,0.8021,1001.93,612.93,0.7694,963.55,633.64,0.7935,1014.11,640.95,0.8295,943.44,654.35,0.7142,1023.86,656.18,0.7873,939.18,659.84,0.6266,1009.85,641.56,0.5345,972.69,709.79,0.7078,998.27,711.01,0.7135,970.86,748.78,0.6864,1001.93,762.79,0.7890,970.86,782.28,0.7565,984.87,813.35,0.7797
32,top,1,832.10,387.33,928.58,576.68,881.27,407.58,0.8071,884.97,403.42,0.7744,877.57,403.42,0.7707,889.59,404.34,0.7886,871.10,403.42,0.7789,899.76,419.60,0.6968,859.08,412.20,0.7449,923.80,433.00,0.8150,839.20,432.54,0.7461,906.69,451.95,0.7290,838.28,445.48,0.7701,887.74,468.60,0.6212,869.71,467.21,0.6526,880.81,508.82,0.7605,869.71,505.58,0.6605,884.50,553.66,0.7487,878.03,522.68,0.6049
32,bottom,0,931.14,584.86,1028.60,834.55,994.50,609.73,0.7662,991.45,606.07,0.5651,998.77,607.29,0.5656,981.70,609.73,0.8036,1002.42,612.78,0.7721,963.41,633.50,0.7919,1014.01,640.82,0.8264,943.29,654.23,0.7080,1023.76,656.06,0.7838,939.02,659.72,0.6078,1010.96,641.43,0.5228,973.16,709.71,0.7062,998.16,711.53,0.7122,971.33,748.72,0.6833,1002.42,762.74,0.7891,970.72,782.25,0.7560,984.75,813.34,0.7776
33,top,1,832.00,387.42,928.64,576.68,880.78,407.66,0.8044,884.48,403.96,0.7705,877.09,403.50,0.7683,889.56,404.42,0.7858,871.08,403.96,0.7804,899.73,419.67,0.6961,859.07,412.28,0.7435,923.76,433.53,0.8113,838.74,433.07,0.7446,906.20,452.02,0.7255,838.27,445.55,0.7652,887.72,469.11,0.6204,869.70,467.73,0.6491,880.78,508.85,0.7577,870.16,506.08,0.6540,884.48,553.67,0.7458,878.01,523.18,0.5940
33,bottom,0,931.10,584.88,1028.41,834.57,994.39,609.14,0.7670,991.34,606.09,0.5670,998.66,607.31,0.5678,981.59,609.75,0.8055,1002.31,612.19,0.7714,963.30,633.53,0.7925,1013.89,640.84,0.8281,943.18,654.25,0.7113,1023.65,656.69,0.7850,938.92,659.74,0.6093,1010.85,641.45,0.5214,973.05,710.33,0.7083,998.05,711.55,0.7160,971.22,748.74,0.6822,1002.31,762.15,0.7911,971.22,782.26,0.7575,985.24,813.35,0.7791
34,top,1,831.68,387.35,928.54,576.64,881.04,408.05,0.8078,884.73,403.89,0.7735,877.34,403.89,0.7731,889.82,404.82,0.7886,870.87,403.89,0.7840,899.52,420.07,0.6934,858.85,412.68,0.7441,924.01,433.47,0.8216,838.52,433.47,0.7517,905.99,452.42,0.7280,838.06,446.41,0.7662,887.97,468.59,0.6217,869.94,467.67,0.6486,881.04,508.80,0.7548,869.94,506.02,0.6518,884.73,553.62,0.7483,878.26,523.12,0.6002
34,bottom,0,931.04,584.02,1028.20,834.55,994.30,609.59,0.7759,991.24,605.92,0.5812,998.58,607.14,0.5761,982.07,609.59,0.8178,1002.25,612.64,0.7721,963.72,633.44,0.7943,1013.87,640.17,0.8259,942.92,654.24,0.7096,1023.05,656.07,0.7693,939.25,659.74,0.6142,1010.81,640.78,0.5103,972.89,709.90,0.7084,997.97,711.12,0.7177,971.06,748.43,0.6797,1002.25,762.50,0.7868,971.06,782.07,0.7572,985.12,813.27,0.7789
35,top,1,831.82,387.26,928.46,576.69,881.07,408.44,0.7937,884.77,404.28,0.7577,876.90,403.82,0.7582,889.39,405.20,0.7802,870.89,404.28,0.7754,899.57,420.00,0.6945,858.87,413.07,0.7408,924.08,433.88,0.8126,838.52,433.41,0.7513,906.04,452.84,0.7221,838.06,446.36,0.7533,887.54,469.03,0.6151,869.50,468.10,0.6412,880.60,508.80,0.7543,869.97,506.49,0.6542,884.30,553.66,0.7438,878.29,523.14,0.5892
35,bottom,0,931.33,583.78,1028.81,833.95,994.73,608.70,0.7701,991.06,605.65,0.5774,999.00,606.87,0.5710,981.90,609.31,0.8095,1002.67,612.37,0.7689,964.19,633.13,0.7884,1014.27,639.85,0.8226,943.42,653.90,0.7040,1022.82,656.34,0.7649,939.15,659.39,0.6030,1011.22,641.07,0.5119,972.74,709.48,0.7015,998.39,710.70,0.7078,970.91,748.56,0.6660,1002.06,762.00,0.7888,970.91,782.16,0.7466,984.96,813.30,0.7724
36,top,1,831.85,387.52,928.18,576.68,880.94,408.21,0.8007,884.63,404.05,0.7660,877.24,404.05,0.7662,889.71,404.98,0.7837,870.78,404.52,0.7758,899.41,420.22,0.6937,858.77,412.83,0.7402,923.89,434.07,0.8139,838.45,433.61,0.7560,905.88,453.01,0.7253,837.99,446.54,0.7546,887.87,469.17,0.6103,869.39,468.25,0.6384,880.94,508.88,0.7487,869.86,506.11,0.6490,884.63,553.68,0.7459,878.17,523.20,0.6101
36,bottom,0,931.29,583.47,1028.63,833.95,994.64,608.42,0.7737,991.58,605.36,0.5786,998.92,606.58,0.5735,981.80,609.03,0.8157,1002.59,612.09,0.7726,964.06,632.88,0.7881,1014.21,639.60,0.8232,943.27,653.67,0.7065,1022.77,656.73,0.7656,939.60,659.78,0.6065,1010.54,640.83,0.5092,972.62,709.32,0.7030,998.31,710.54,0.7078,970.79,749.07,0.6649,1001.98,761.91,0.7879,970.79,782.09,0.7460,985.47,813.28,0.7723
37,top,1,831.81,388.19,928.29,576.69,880.51,408.34,0.7972,884.65,404.20,0.7656,876.83,404.20,0.7605,889.26,405.12,0.7820,870.85,404.20,0.7726,899.38,420.31,0.6944,858.42,413.41,0.7433,923.77,434.12,0.8108,838.63,434.12,0.7575,905.82,452.98,0.7248,838.17,447.00,0.7578,887.42,469.09,0.6133,869.47,467.71,0.6449,880.97,508.67,0.7463,869.47,505.45,0.6536,884.65,553.77,0.7436,877.75,522.48,0.6136
37,bottom,0,931.31,583.27,1028.42,833.96,995.17,607.63,0.7759,991.49,604.57,0.5798,999.45,605.79,0.5800,982.31,608.85,0.8194,1002.51,611.30,0.7746,963.95,632.72,0.7924,1014.14,639.45,0.8227,943.14,653.53,0.7116,1022.71,655.98,0.7657,939.47,659.65,0.6227,1011.69,640.68,0.5085,972.52,708.61,0.7043,997.61,709.84,0.7106,970.68,749.01,0.6686,1001.90,761.86,0.7869,970.68,782.06,0.7505,985.37,812.66,0.7735
38,top,1,832.02,388.49,927.96,576.70,880.91,408.16,0.8130,884.58,404.48,0.7814,877.23,404.02,0.7783,889.64,405.40,0.7880,870.80,404.48,0.7819,899.29,420.56,0.6944,858.39,413.21,0.7433,923.64,434.35,0.8138,838.63,433.89,0.7619,905.72,453.19,0.7258,838.63,447.67,0.7563,887.34,468.81,0.6137,869.42,467.89,0.6470,880.91,508.79,0.7473,869.42,505.11,0.6673,884.58,553.36,0.7457,877.69,522.11,0.6225
38,bottom,0,932.38,583.25,1027.72,833.86,995.35,607.60,0.7617,991.68,603.93,0.5755,1000.24,605.15,0.5824,981.89,608.21,0.8292,1002.69,611.27,0.7800,964.14,632.07,0.7921,1013.70,639.41,0.8185,943.34,652.87,0.7091,1022.27,655.32,0.7688,939.67,658.38,0.5985,1011.87,638.80,0.5052,971.49,709.16,0.7116,997.18,710.39,0.7201,970.87,748.32,0.6641,1001.47,761.78,0.7869,970.87,781.97,0.7517,985.56,813.18,0.7771
39,top,1,832.10,389.11,928.03,576.70,880.52,408.71,0.8092,884.19,404.59,0.7774,876.86,404.59,0.7777,889.22,405.05,0.7857,870.90,404.13,0.7778,899.30,421.08,0.6903,858.54,413.29,0.7389,924.03,434.82,0.8066,838.39,433.90,0.7529,905.71,453.60,0.7257,838.39,447.64,0.7489,887.39,469.17,0.6059,869.53,468.25,0.6383,880.98,508.55,0.7394,869.99,505.81,0.6455,884.64,553.43,0.7372,877.77,522.75,0.6042
39,bottom,0,932.27,582.72,1026.93,833.84,995.54,607.12,0.7842,991.86,603.44,0.5882,999.83,604.66,0.5960,982.05,607.73,0.8286,1002.90,610.80,0.7816,963.66,631.64,0.7945,1013.32,639.00,0.8215,941.59,654.33,0.7200,1021.90,655.55,0.7707,939.75,658.00,0.5661,1013.32,639.00,0.5112,971.63,708.28,0.7166,996.76,710.12,0.7234,971.01,746.90,0.6767,1001.06,762.23,0.7870,971.01,781.85,0.7680,985.12,813.12,0.7836
40,top,1,832.06,389.14,927.92,576.70,880.45,408.74,0.8077,884.57,404.62,0.7766,876.79,404.62,0.7776,889.61,405.54,0.7859,870.83,404.16,0.7769,899.22,421.10,0.6914,858.47,413.32,0.7407,923.95,434.84,0.8064,838.78,433.93,0.7506,905.63,453.62,0.7263,838.32,447.66,0.7477,887.32,469.18,0.6097,869.46,468.27,0.6385,880.91,508.56,0.7396,869.92,505.36,0.6536,884.57,553.44,0.7390,877.70,522.30,0.6169
40,bottom,0,932.20,582.38,1025.55,834.17,995.47,606.23,0.7804,992.40,602.54,0.5787,999.16,603.77,0.6014,982.56,607.46,0.8204,1002.85,609.92,0.7763,964.12,631.43,0.7922,1012.68,638.81,0.8088,941.38,653.56,0.7185,1020.67,654.79,0.7654,940.76,657.25,0.5725,1017.60,637.58,0.5823,970.88,707.04,0.7076,996.09,708.89,0.7175,970.27,745.77,0.6824,1001.00,761.75,0.7851,970.88,782.04,0.7746,985.02,813.39,0.7869
41,top,1,831.88,388.92,928.00,576.72,880.86,408.54,0.8168,884.53,404.88,0.7846,877.19,404.42,0.7863,889.57,405.34,0.7900,870.77,404.42,0.7824,899.20,421.38,0.6909,858.39,413.59,0.7442,923.96,435.14,0.8029,838.68,434.22,0.7597,905.62,453.48,0.7261,838.22,447.98,0.7438,887.28,469.52,0.6083,869.40,468.61,0.6385,880.86,508.95,0.7397,869.85,505.75,0.6550,884.53,553.43,0.7391,877.65,522.71,0.6191
41,bottom,0,932.47,581.79,1025.63,834.03,994.44,605.68,0.8071,991.36,601.99,0.6089,998.14,603.22,0.5933,982.13,606.30,0.8351,1002.45,609.38,0.7805,963.03,630.93,0.7903,1013.53,637.71,0.8246,940.25,653.72,0.7200,1020.31,653.72,0.7326,942.10,657.41,0.5193,1007.37,639.55,0.4552,969.81,706.68,0.7167,995.67,707.91,0.7240,970.42,743.63,0.6829,1000.60,761.49,0.7773,971.04,781.81,0.7778,984.59,813.22,0.7874
42,top,1,831.95,388.40,927.89,576.72,880.84,409.00,0.8181,884.52,404.86,0.7850,877.16,404.86,0.7859,889.57,405.78,0.7934,870.72,404.86,0.7860,899.23,421.42,0.6955,858.31,413.60,0.7480,924.06,435.21,0.8122,838.54,433.83,0.7567,905.67,454.06,0.7360,838.08,447.62,0.7434,887.28,469.69,0.6173,869.34,468.77,0.6414,880.84,508.77,0.7448,869.80,505.55,0.6578,884.52,553.37,0.7441,877.62,522.56,0.6295
42,bottom,0,932.71,581.48,1025.73,833.98,994.01,605.40,0.7983,990.93,601.70,0.6021,998.33,602.94,0.5818,981.69,606.02,0.8336,1002.65,608.49,0.7823,963.19,630.06,0.7898,1012.51,636.84,0.8121,941.00,651.64,0.7331,1020.52,652.87,0.7648,942.23,654.10,0.5439,1010.66,636.84,0.4924,969.36,705.88,0.7143,994.63,707.12,0.7214,969.36,742.87,0.6806,1000.18,761.37,0.7753,971.21,781.71,0.7797,984.77,812.53,0.7898
43,top,1,832.11,386.65,927.81,576.63,880.89,408.82,0.8166,884.60,405.11,0.7769,877.18,405.11,0.7757,889.70,406.50,0.8046,870.68,405.11,0.7939,899.44,421.34,0.7045,858.62,413.92,0.7497,924.02,435.26,0.8168,838.68,434.33,0.7607,905.47,454.28,0.7469,838.22,448.25,0.7526,886.92,470.97,0.6252,869.29,470.05,0.6381,880.89,509.01,0.7470,870.22,506.22,0.6658,884.60,553.54,0.7502,878.10,523.39,0.6266
43,bottom,0,932.38,580.80,1025.69,834.02,993.87,604.79,0.8026,991.40,601.08,0.6075,997.58,602.31,0.5854,981.51,605.40,0.8325,1001.91,608.50,0.7847,962.35,629.52,0.7928,1012.42,636.93,0.8133,939.47,651.77,0.7536,1019.22,653.01,0.7574,943.80,657.34,0.5423,1011.19,636.93,0.4850,967.91,704.32,0.7132,993.26,706.18,0.7292,969.15,740.18,0.6779,999.44,760.58,0.7706,971.00,781.60,0.7843,984.60,813.13,0.7952
44,top,1,832.32,385.86,927.82,576.53,880.54,409.04,0.8154,884.73,405.32,0.7816,876.81,404.85,0.7787,889.38,406.25,0.8076,870.76,405.32,0.8057,899.16,421.61,0.7090,858.19,414.16,0.7570,923.83,435.11,0.8276,838.64,434.65,0.7688,905.68,454.20,0.7502,838.18,448.61,0.7561,887.06,471.42,0.6314,869.83,470.49,0.6422,881.00,508.66,0.7525,870.30,506.33,0.6636,884.73,553.35,0.7541,878.21,524.02,0.6350
44,bottom,0,932.26,580.88,1024.93,833.25,993.38,604.17,0.7991,990.91,600.48,0.5954,997.69,601.71,0.5781,981.06,604.79,0.8304,1001.39,607.87,0.7865,961.96,628.82,0.7848,1011.25,635.59,0.8041,938.54,651.00,0.7571,1019.26,651.61,0.7876,945.32,657.78,0.5260,1008.78,636.83,0.5089,966.89,703.37,0.6933,992.15,705.22,0.7115,968.12,738.49,0.6568,998.92,760.05,0.7540,970.58,781.00,0.7594,984.75,812.42,0.7885
45,top,1,832.40,385.95,927.90,576.50,880.62,409.12,0.8146,884.34,405.40,0.7792,876.89,404.93,0.7772,889.45,406.33,0.8088,870.85,404.93,0.8085,899.22,421.68,0.7096,858.28,414.23,0.7560,923.88,435.17,0.8257,838.28,434.24,0.7693,905.74,454.24,0.7512,838.28,448.66,0.7543,887.13,471.46,0.6314,869.45,470.53,0.6408,880.62,509.14,0.7534,870.38,506.35,0.6595,884.34,553.33,0.7511,877.82,524.03,0.6276
45,bottom,0,932.16,581.15,1024.67,832.53,993.14,603.73,0.7872,990.69,600.05,0.5824,996.83,601.28,0.5657,980.26,604.35,0.8150,1000.51,606.80,0.7852,961.23,627.67,0.7744,1009.72,635.65,0.7858,939.14,649.15,0.7426,1019.54,650.38,0.7823,948.34,647.92,0.4843,1007.87,635.65,0.5074,966.14,701.93,0.6923,991.30,704.39,0.7095,967.37,736.91,0.6571,998.67,759.62,0.7511,970.44,781.10,0.7639,985.17,811.79,0.7843
46,top,1,833.08,385.92,927.98,576.55,880.99,409.10,0.8270,884.72,404.91,0.7968,876.81,404.91,0.7841,889.37,405.84,0.8217,870.76,404.91,0.8151,899.14,421.66,0.7028,858.19,414.22,0.7533,923.81,435.16,0.8243,838.64,434.23,0.7754,905.66,454.24,0.7475,838.64,449.59,0.7615,887.04,471.46,0.6250,869.82,470.07,0.6370,880.53,509.16,0.7541,869.82,505.90,0.6825,884.25,553.37,0.7578,878.20,524.05,0.6560
46,bottom,0,933.97,579.86,1025.31,831.73,992.55,603.10,0.7531,990.71,600.03,0.5641,996.86,601.26,0.5531,979.64,603.72,0.8035,999.32,606.79,0.7860,961.81,627.08,0.7478,1008.54,634.46,0.7807,941.51,636.92,0.7530,1018.38,648.61,0.7337,948.89,637.54,0.4697,1009.16,635.08,0.5018,964.88,701.49,0.7087,990.09,703.95,0.7221,966.73,735.92,0.6698,998.70,757.45,0.7619,970.42,780.20,0.7634,985.17,810.33,0.7960
47,top,1,833.15,385.66,927.92,576.54,881.00,409.34,0.8233,884.73,405.14,0.7937,876.81,405.14,0.7813,889.39,406.07,0.8247,870.75,405.14,0.8165,899.18,421.45,0.7016,858.63,414.46,0.7526,923.88,434.97,0.8220,838.59,434.97,0.7784,905.70,454.54,0.7483,838.59,449.88,0.7642,887.06,471.32,0.6222,869.35,470.39,0.6339,880.54,509.06,0.7538,869.82,505.80,0.6811,884.26,553.80,0.7584,878.21,523.98,0.6582
47,bottom,0,929.48,578.72,1024.29,831.38,991.07,602.65,0.7600,988.60,600.18,0.5483,994.77,601.42,0.5342,978.73,603.89,0.7980,998.47,606.35,0.7701,960.23,627.33,0.7333,1007.73,633.49,0.7759,936.17,631.03,0.8126,1018.83,644.60,0.7336,954.06,636.58,0.6149,1007.11,633.49,0.5164,964.55,701.35,0.6885,989.84,703.20,0.7079,966.40,734.66,0.6661,997.86,756.24,0.7547,970.10,780.30,0.7556,985.52,809.29,0.7929
48,top,1,833.22,385.74,927.85,576.54,881.00,409.40,0.8237,884.73,405.21,0.7967,876.81,405.21,0.7832,889.39,406.14,0.8257,870.75,405.21,0.8209,899.17,421.98,0.7026,858.18,414.53,0.7576,923.86,435.02,0.8246,838.61,435.02,0.7810,905.69,454.59,0.7471,839.08,450.40,0.7703,887.06,471.36,0.6212,869.82,470.43,0.6332,880.54,509.09,0.7538,869.82,505.83,0.6790,884.26,553.34,0.7588,878.21,523.53,0.6604
48,bottom,0,923.59,578.84,1023.57,831.97,990.88,601.58,0.7428,987.79,599.11,0.5184,993.97,599.73,0.5677,977.91,602.82,0.7835,997.68,604.67,0.7582,959.37,627.54,0.7535,1005.72,632.48,0.7588,930.94,625.68,0.8071,1018.08,641.75,0.7363,957.51,624.45,0.6621,1009.43,628.77,0.5675,963.69,699.23,0.6694,989.03,701.08,0.6923,965.55,734.45,0.6644,997.68,754.85,0.7513,970.49,779.57,0.7376,985.94,806.76,0.7938
49,top,1,833.23,384.68,927.66,576.68,880.91,409.90,0.8318,884.66,405.68,0.8028,877.16,405.68,0.7928,889.35,406.62,0.8355,871.07,405.68,0.8337,899.20,421.62,0.7067,858.41,414.59,0.7546,923.57,435.21,0.8301,838.73,435.68,0.7887,905.76,454.43,0.7512,838.73,450.68,0.7857,887.01,472.25,0.6288,869.19,471.31,0.6374,880.44,509.28,0.7558,870.13,506.47,0.6661,884.19,553.34,0.7554,878.57,523.81,0.6360
49,bottom,0,920.46,577.29,1024.08,830.78,988.36,601.30,0.7678,985.89,598.21,0.5311,992.07,599.44,0.5602,975.98,601.92,0.8101,996.41,604.39,0.7520,958.66,626.67,0.7555,1003.21,631.01,0.7565,927.09,622.34,0.8143,1018.69,637.81,0.7671,952.47,617.39,0.6586,1006.93,626.05,0.5859,963.61,698.46,0.6663,988.36,699.70,0.6894,965.46,733.74,0.6697,997.03,753.54,0.7370,970.41,779.54,0.7273,985.89,805.53,0.7976
50,top,1,833.42,384.30,927.16,576.73,880.76,410.51,0.8253,884.52,406.28,0.8088,876.53,406.28,0.8016,889.22,406.75,0.8430,870.89,405.81,0.8414,899.08,422.26,0.7125,858.21,415.21,0.7592,923.04,435.41,0.8431,838.48,436.82,0.7874,905.66,455.14,0.7672,839.42,453.26,0.8051,886.87,473.00,0.6329,869.48,472.53,0.6412,880.76,509.64,0.7460,870.89,506.35,0.6489,884.52,552.86,0.7565,878.41,523.27,0.6328
50,bottom,0,920.76,577.38,1022.99,830.46,987.32,600.12,0.7613,984.85,597.65,0.5239,991.03,598.88,0.5540,974.97,600.74,0.8117,995.36,603.83,0.7582,957.67,624.22,0.7475,1002.15,630.40,0.7468,927.39,622.36,0.7918,1017.60,635.34,0.7017,952.72,616.80,0.6387,1012.66,624.83,0.6396,962.61,697.13,0.6545,987.32,698.36,0.6768,964.46,732.96,0.6634,996.59,752.12,0.7339,970.02,779.92,0.7192,986.09,804.02,0.7901
51,top,1,833.32,385.55,926.95,574.92,881.06,410.42,0.8220,884.76,406.72,0.8038,876.90,406.26,0.7860,889.38,407.65,0.8276,870.89,406.72,0.8149,899.09,422.90,0.7049,857.48,416.43,0.7567,923.13,436.31,0.8288,838.53,437.70,0.7868,905.56,455.73,0.7553,839.45,454.34,0.8035,888.00,472.83,0.6242,869.96,472.37,0.6385,881.99,509.36,0.7414,870.89,506.12,0.6694,884.76,552.36,0.7636,879.21,522.30,0.6818
51,bottom,0,922.74,577.05,1022.28,829.19,987.29,599.70,0.7481,984.21,597.24,0.5066,990.98,599.08,0.5285,974.36,600.93,0.8133,994.67,604.01,0.7588,957.12,622.47,0.7372,1000.21,630.48,0.7498,929.42,623.71,0.8241,1016.83,634.17,0.8453,953.43,615.70,0.6240,1014.99,618.17,0.7736,962.05,696.34,0.6499,986.67,697.58,0.6704,964.51,732.66,0.6696,995.90,752.36,0.7307,970.05,778.83,0.7280,985.44,804.07,0.7897
52,top,1,833.28,389.93,926.11,577.14,881.52,410.87,0.8041,885.18,407.67,0.7851,877.41,407.21,0.7783,889.29,409.04,0.8264,871.01,408.12,0.8021,899.35,424.12,0.7070,857.30,418.18,0.7553,921.74,437.83,0.8107,838.56,439.66,0.7960,906.20,457.49,0.7407,839.47,457.94,0.7895,888.84,473.94,0.6002,870.55,474.85,0.6084,884.27,509.59,0.6903,874.67,508.68,0.5947,885.64,550.27,0.6949,880.15,524.67,0.6350
52,bottom,0,916.92,577.60,1019.63,830.30,987.40,599.07,0.6840,986.17,595.98,0.4689,990.49,597.83,0.5489,973.21,599.07,0.7621,993.57,602.77,0.7287,954.08,619.43,0.7387,997.89,629.92,0.7298,925.09,627.45,0.7028,1015.78,633.00,0.8418,943.60,621.28,0.4773,1014.55,612.64,0.8364,960.87,695.93,0.6374,985.55,697.16,0.6543,963.34,732.95,0.6754,996.04,750.84,0.7247,969.51,777.99,0.7035,985.55,803.90,0.7856
53,top,1,833.53,395.36,925.91,573.89,881.90,411.40,0.8093,885.38,408.35,0.7917,877.97,407.91,0.7782,890.18,410.53,0.8182,871.87,409.66,0.7734,900.20,426.66,0.6757,857.49,420.55,0.7376,922.00,440.17,0.7846,838.75,442.35,0.7901,907.18,460.65,0.7448,840.05,462.83,0.7728,890.18,473.29,0.5615,870.56,475.04,0.5658,886.25,509.47,0.6781,875.36,509.47,0.5785,887.56,549.13,0.6892,880.59,524.73,0.6186
53,bottom,0,911.60,577.31,1022.01,830.43,986.58,599.43,0.6697,984.73,595.72,0.4806,989.67,596.96,0.5419,972.37,598.81,0.7456,993.38,602.52,0.7104,955.06,618.59,0.7542,997.09,630.33,0.7187,928.49,627.86,0.5576,1015.01,632.80,0.8215,921.69,630.95,0.5211,1013.77,611.17,0.8387,960.63,695.83,0.6366,984.73,697.69,0.6536,963.72,733.53,0.6754,995.85,751.45,0.7212,969.89,778.64,0.7078,985.34,804.60,0.7821
54,top,1,834.10,395.24,924.79,572.16,882.90,412.00,0.7880,886.79,408.97,0.7891,879.44,408.54,0.7472,891.11,411.57,0.7744,872.97,410.27,0.7642,901.47,427.98,0.6817,858.28,422.80,0.7223,921.34,442.66,0.7783,840.14,444.39,0.7694,909.68,462.53,0.7479,840.57,466.85,0.7511,891.54,473.33,0.5521,870.37,474.20,0.5527,887.65,515.23,0.7022,873.83,508.75,0.5231,888.95,551.08,0.7181,879.44,523.00,0.6683
54,bottom,0,908.07,576.85,1021.74,831.02,985.38,599.06,0.6865,983.52,595.96,0.4971,988.48,597.20,0.5452,971.73,599.06,0.7537,992.21,602.79,0.7215,954.35,619.54,0.7690,996.55,630.09,0.7226,927.67,631.95,0.5796,1014.55,635.06,0.8238,917.74,636.92,0.5580,1012.06,612.10,0.8369,959.94,697.11,0.6422,984.14,698.97,0.6618,963.66,733.10,0.6861,995.31,752.34,0.7362,969.25,777.16,0.7149,984.14,807.57,0.7927
55,top,1,836.82,396.73,925.31,571.53,884.91,411.15,0.7850,888.32,407.74,0.7910,881.49,407.31,0.7614,892.59,410.72,0.7851,874.66,409.87,0.7671,903.26,429.08,0.6913,858.87,424.81,0.7112,920.75,443.59,0.7857,841.37,447.43,0.7504,912.22,465.78,0.7289,842.23,475.17,0.6985,891.31,479.01,0.5724,869.11,478.58,0.5805,888.32,519.12,0.7130,869.54,510.16,0.5580,889.17,552.41,0.7436,877.22,522.54,0.6557
55,bottom,0,910.96,576.71,1022.12,832.25,985.26,598.42,0.6798,984.63,595.30,0.5098,988.38,596.55,0.5549,971.53,598.42,0.7331,990.87,602.17,0.6976,954.06,619.63,0.7761,995.24,629.62,0.7158,930.36,635.86,0.6161,1014.58,638.97,0.8099,919.75,643.97,0.6464,1010.21,613.40,0.8239,959.05,696.37,0.6430,983.39,698.24,0.6653,964.67,734.43,0.6988,994.62,753.77,0.7435,969.66,778.10,0.7276,983.39,809.29,0.7861
56,top,1,837.24,396.17,924.82,571.28,886.59,411.48,0.7738,890.01,408.06,0.7947,882.74,407.63,0.7647,894.28,411.05,0.7785,875.90,410.20,0.7674,905.40,429.86,0.7108,859.66,426.01,0.7135,920.36,446.11,0.7916,841.70,449.95,0.7621,914.80,470.05,0.7040,844.26,477.31,0.7263,890.44,482.87,0.5939,867.78,482.45,0.5954,887.87,521.35,0.6845,866.50,519.21,0.6008,889.15,552.98,0.7379,875.47,526.48,0.6551
56,bottom,0,913.60,575.61,1022.76,832.94,984.52,596.85,0.7135,982.63,593.08,0.5512,988.29,593.71,0.5747,971.32,597.48,0.7769,990.17,600.62,0.7289,952.47,620.72,0.7900,997.71,629.52,0.7440,929.86,643.97,0.6842,1015.93,645.22,0.8236,919.81,653.39,0.7312,1007.76,620.72,0.7593,958.76,695.48,0.6444,982.63,697.37,0.6602,964.41,736.32,0.7019,993.31,754.54,0.7586,969.44,777.15,0.7336,982.63,810.45,0.7974
57,top,1,836.69,397.81,926.50,571.19,887.52,412.54,0.7516,891.33,409.16,0.7791,883.71,408.73,0.7515,895.14,411.70,0.7331,876.52,410.85,0.7362,906.15,430.32,0.7043,860.01,427.36,0.6957,921.38,447.68,0.7610,841.38,451.91,0.7443,918.42,470.11,0.6656,846.04,478.58,0.7216,890.48,483.65,0.5751,867.20,482.81,0.5762,887.94,523.44,0.6039,862.97,524.71,0.6596,888.37,553.07,0.7086,873.55,527.68,0.6492
57,bottom,0,915.83,575.49,1023.36,833.34,982.18,596.76,0.7299,980.29,592.36,0.5725,985.33,592.99,0.5593,970.22,598.02,0.7794,988.48,599.28,0.7289,951.97,623.83,0.7850,1001.07,628.24,0.7814,932.45,651.53,0.7339,1016.81,652.79,0.8155,924.27,666.01,0.6571,1002.96,630.76,0.6549,956.37,697.49,0.6520,982.18,698.75,0.6757,963.30,738.41,0.6920,992.88,756.03,0.7792,968.33,778.06,0.7670,981.55,812.06,0.7902
58,top,1,834.74,399.03,927.62,570.11,887.86,413.15,0.7418,891.62,409.81,0.7795,884.11,409.39,0.7545,895.80,412.73,0.7368,877.01,411.48,0.7203,905.83,431.11,0.6892,860.30,428.60,0.6843,922.11,448.65,0.7398,840.25,453.24,0.7451,921.28,468.28,0.6546,846.51,477.47,0.7084,891.62,483.32,0.5644,865.31,482.06,0.5673,889.54,523.83,0.6458,860.30,528.43,0.7074,889.12,554.74,0.7009,871.58,530.93,0.6675
58,bottom,0,922.92,575.84,1021.63,834.11,980.47,598.41,0.7500,980.47,594.00,0.5721,982.36,594.00,0.5368,969.75,599.67,0.7842,988.04,600.93,0.7467,951.47,627.42,0.7588,1001.91,632.46,0.8072,934.44,657.05,0.7055,1015.78,662.10,0.8086,926.87,675.34,0.6107,1006.32,642.55,0.6030,953.99,699.93,0.6692,981.10,702.45,0.6902,960.29,738.39,0.7104,993.08,757.94,0.7893,963.45,780.64,0.7744,982.36,812.80,0.7910
59,top,1,833.59,399.44,928.37,572.69,887.75,414.58,0.7431,891.55,410.78,0.7834,883.94,410.35,0.7532,895.78,414.16,0.7385,876.75,412.47,0.7374,905.51,431.93,0.6940,860.25,429.39,0.6883,922.43,448.84,0.7441,839.10,454.34,0.7542,922.85,467.88,0.6975,847.14,475.49,0.7167,891.13,482.68,0.5615,863.21,481.41,0.5681,891.13,524.55,0.5897,856.87,525.82,0.6886,888.59,553.74,0.7125,868.29,539.36,0.7014
59,bottom,0,924.46,577.91,1019.94,833.99,980.33,599.67,0.7758,980.33,595.92,0.5805,982.20,595.92,0.5383,969.70,600.92,0.7889,987.83,602.80,0.7593,951.57,629.68,0.7849,1000.96,634.68,0.8418,934.06,663.44,0.7865,1012.84,669.07,0.8147,929.69,687.20,0.6837,1002.83,649.69,0.5447,952.82,700.95,0.6894,980.33,704.08,0.7027,955.94,739.09,0.7231,995.33,758.47,0.8091,957.82,782.23,0.7783,982.20,812.86,0.7951
60,top,1,832.54,401.00,930.51,576.45,887.52,416.34,0.7680,891.38,412.48,0.7793,883.67,412.06,0.7568,895.66,415.48,0.7443,876.38,414.20,0.7423,904.22,432.19,0.7037,860.11,430.47,0.6962,921.36,449.32,0.7467,839.12,454.46,0.7617,923.93,469.02,0.7027,848.54,471.59,0.7377,889.66,482.73,0.5811,861.39,480.59,0.5768,892.23,527.70,0.5992,855.82,519.99,0.6432,888.38,553.83,0.7226,863.96,550.83,0.7481
60,bottom,0,925.75,580.38,1016.16,833.44,979.60,601.88,0.8075,979.60,598.18,0.6035,981.46,598.18,0.5588,968.48,603.12,0.8146,987.63,604.97,0.7909,950.57,631.54,0.8169,999.37,637.72,0.8777,935.12,667.37,0.8036,1008.02,676.64,0.8042,932.03,694.56,0.7297,995.67,674.79,0.4707,951.18,703.82,0.7166,978.37,706.29,0.7147,953.04,739.04,0.7484,996.90,757.57,0.8302,951.80,784.14,0.7808,983.93,811.94,0.7977
61,top,1,832.18,401.84,931.58,582.31,886.72,418.05,0.7871,890.69,414.52,0.7868,883.20,414.08,0.7718,894.65,417.17,0.7577,875.71,415.85,0.7535,903.47,434.79,0.6996,858.52,432.59,0.7167,918.89,451.09,0.7335,838.26,456.38,0.7580,925.06,469.60,0.7217,850.15,469.60,0.7438,888.49,484.58,0.5932,860.73,481.94,0.5856,892.89,530.40,0.6161,855.00,518.95,0.6620,888.05,553.31,0.7348,858.52,559.92,0.7601
61,bottom,0,924.53,583.38,1018.94,832.84,979.65,605.19,0.7747,979.04,600.31,0.5868,982.09,600.92,0.5555,968.08,605.79,0.7927,986.96,607.01,0.7865,949.81,633.20,0.8272,997.92,639.90,0.8782,935.19,669.74,0.8282,1001.58,678.27,0.7729,930.32,702.02,0.7740,1008.89,692.89,0.7167,948.59,705.68,0.7328,974.78,708.11,0.7227,951.64,739.78,0.7685,996.10,757.44,0.8480,944.33,787.89,0.7821,983.92,811.65,0.8124
62,top,1,832.56,403.28,933.15,589.23,885.58,420.44,0.8357,889.21,416.81,0.8183,881.95,416.36,0.7951,893.30,419.53,0.7743,875.14,417.72,0.8014,901.92,436.33,0.7056,857.89,434.06,0.7309,916.45,451.77,0.7152,838.37,457.21,0.7582,925.98,469.02,0.6828,850.17,467.65,0.7156,885.58,485.81,0.5970,859.25,483.09,0.6068,892.39,529.85,0.6207,854.26,520.31,0.6612,887.85,552.55,0.7158,853.80,567.98,0.7534
62,bottom,0,920.83,584.29,1023.56,833.40,979.50,606.67,0.7931,980.11,602.41,0.5847,981.93,603.02,0.5942,967.33,607.89,0.7882,986.19,609.71,0.7899,948.48,634.65,0.8306,995.31,641.95,0.8578,933.27,671.75,0.8209,993.49,679.05,0.8493,926.58,704.59,0.7679,1008.08,702.16,0.8220,945.44,705.81,0.7295,971.59,708.85,0.7029,949.70,742.30,0.7776,993.49,758.11,0.8372,938.75,792.17,0.8158,983.15,812.85,0.8437
63,top,2,833.53,407.33,934.82,597.36,885.11,422.08,0.8226,888.82,418.84,0.8255,881.39,418.37,0.7678,892.99,421.15,0.7553,873.97,419.76,0.7901,899.95,438.32,0.6813,857.27,436.47,0.7269,913.41,453.63,0.6646,838.25,458.73,0.7777,924.54,469.41,0.6003,850.31,467.55,0.6679,883.25,487.04,0.5872,858.20,485.64,0.6022,891.60,534.36,0.6252,853.56,523.69,0.6760,886.50,552.45,0.7036,848.92,572.40,0.7040
63,bottom,0,914.40,586.39,1022.74,834.28,978.86,608.67,0.8009,979.46,605.03,0.5763,981.28,605.03,0.5665,966.75,609.88,0.7579,985.52,611.69,0.7717,947.39,635.90,0.8162,992.78,643.16,0.8473,930.44,672.82,0.8172,988.54,680.08,0.8487,921.97,708.52,0.7990,1004.88,703.68,0.8229,940.13,706.71,0.7133,966.15,709.13,0.6775,948.60,744.23,0.8050,987.94,757.54,0.8457,937.71,794.46,0.8309,982.49,813.22,0.8403
64,top,1,832.92,409.55,942.74,600.42,883.17,425.30,0.8188,887.36,422.04,0.7943,879.91,421.57,0.7690,891.56,424.83,0.7592,872.92,422.97,0.8571,897.15,440.21,0.7235,856.61,439.75,0.7610,911.13,459.32,0.6476,838.90,459.78,0.7716,925.57,474.70,0.5812,850.55,470.97,0.6697,880.84,490.54,0.6277,854.74,489.14,0.6800,891.56,534.81,0.6788,851.48,529.68,0.7285,884.57,552.98,0.7131,846.36,577.68,0.7467
64,bottom,0,907.23,588.83,1020.93,833.86,979.04,610.24,0.7973,979.63,606.65,0.5774,982.63,606.65,0.5948,967.07,612.04,0.7507,984.42,613.83,0.7646,946.73,637.16,0.7885,989.80,643.15,0.8466,926.99,672.46,0.8027,985.62,676.65,0.8098,915.62,709.55,0.7815,1001.77,704.17,0.8215,933.57,707.16,0.7085,959.29,709.55,0.6651,946.73,745.44,0.8020,983.82,756.81,0.8360,937.16,796.29,0.8371,982.03,813.64,0.8496
65,top,1,834.23,414.08,944.50,604.07,881.94,429.29,0.8092,885.66,426.04,0.8032,878.23,425.58,0.7951,890.29,428.83,0.7627,871.28,427.44,0.8541,894.47,444.60,0.7359,856.43,443.21,0.7605,907.46,463.15,0.6828,839.27,461.76,0.7743,927.40,479.85,0.6773,845.76,475.68,0.6874,878.70,495.16,0.6718,852.72,494.23,0.6871,890.76,539.22,0.7207,850.40,535.51,0.7519,882.87,553.14,0.7240,845.30,583.75,0.7803
65,bottom,0,900.89,590.07,1015.24,833.88,977.11,611.98,0.8482,976.52,608.41,0.5864,979.49,608.41,0.6695,966.40,613.76,0.7905,983.66,615.55,0.8086,946.16,637.57,0.8090,987.83,643.53,0.8797,924.73,674.48,0.8085,984.25,676.86,0.8493,909.85,708.40,0.8472,999.14,703.05,0.8254,927.11,704.24,0.7314,952.11,706.62,0.6983,942.59,745.31,0.8244,978.90,756.02,0.8535,936.64,796.50,0.8584,981.87,812.57,0.8951
66,top,1,831.22,418.25,940.77,607.68,880.45,433.89,0.8614,884.15,430.65,0.8417,876.75,429.72,0.8175,887.85,433.42,0.7495,869.35,431.57,0.9006,891.08,449.61,0.7482,854.55,448.68,0.7643,904.49,467.65,0.7007,840.67,463.95,0.7225,925.77,481.06,0.6900,839.29,481.06,0.6545,875.82,497.71,0.6869,850.39,496.78,0.6847,890.62,544.41,0.7557,849.00,537.48,0.7422,878.60,554.13,0.6967,844.84,588.81,0.8257
66,bottom,0,896.40,593.38,1011.48,834.56,974.55,613.28,0.9259,974.55,610.34,0.5977,976.32,610.34,0.6952,964.54,616.23,0.7849,982.20,617.40,0.8270,942.75,639.19,0.8016,986.33,645.67,0.8781,920.97,674.52,0.7962,984.56,679.23,0.8292,905.07,708.08,0.8546,998.10,705.73,0.8155,922.15,701.02,0.7243,946.88,705.14,0.6876,937.45,744.00,0.8085,973.37,755.78,0.8329,934.51,795.82,0.8417,979.26,812.30,0.8842
67,top,1,816.80,423.47,931.82,609.65,879.31,437.47,0.8492,882.95,434.28,0.8729,875.67,433.38,0.8496,887.04,437.01,0.8034,867.95,435.19,0.8145,889.76,452.92,0.7381,854.31,452.47,0.7028,900.22,468.38,0.6642,838.85,464.28,0.6101,919.76,481.10,0.5964,826.58,478.38,0.6047,874.76,501.56,0.6544,850.22,499.28,0.6633,889.31,547.01,0.6680,849.31,536.10,0.6799,875.67,554.74,0.6074,845.67,590.19,0.7541
67,bottom,0,893.53,596.37,1010.04,836.08,972.27,617.32,0.9104,971.68,614.40,0.5815,974.61,614.40,0.6680,961.73,620.25,0.8046,979.87,621.42,0.8384,940.08,641.32,0.7717,985.14,648.92,0.8663,916.08,675.84,0.7920,983.38,681.70,0.8107,899.70,708.62,0.8802,996.26,710.96,0.7966,916.08,699.84,0.7321,940.66,704.52,0.6744,933.06,740.80,0.7908,970.51,756.02,0.8132,930.71,791.13,0.8337,971.68,813.96,0.8334
68,top,1,813.35,425.20,924.23,609.94,879.16,440.00,0.8789,882.77,436.39,0.8897,875.55,435.94,0.8641,886.38,440.00,0.7734,868.34,437.29,0.8735,889.54,455.78,0.7566,854.36,456.23,0.6836,897.20,470.22,0.6790,834.96,467.06,0.5983,918.40,482.84,0.6169,820.08,480.59,0.6396,873.30,504.49,0.6565,847.59,500.89,0.6486,889.54,549.60,0.7168,851.20,536.07,0.6941,874.20,556.36,0.5796,846.24,590.19,0.7472
68,bottom,0,900.73,600.37,1005.64,841.76,970.86,621.47,0.8598,969.68,617.93,0.5859,973.22,619.11,0.6006,959.08,623.24,0.8238,977.93,625.59,0.7705,937.86,644.45,0.7380,982.06,653.29,0.8325,912.52,679.22,0.7766,980.88,686.30,0.7986,894.84,711.64,0.8850,992.08,716.35,0.7501,912.52,702.21,0.7170,937.27,708.10,0.6547,927.84,741.10,0.7436,966.74,759.37,0.7749,922.54,787.66,0.7522,964.97,817.13,0.8100
69,top,1,808.96,427.15,927.36,610.27,878.44,441.81,0.8876,882.47,438.24,0.8928,874.87,437.34,0.8724,886.94,441.37,0.7799,868.16,438.68,0.8534,889.62,457.01,0.7682,854.75,457.91,0.6584,896.77,470.87,0.6885,835.08,468.64,0.6205,917.79,484.73,0.5947,816.30,481.15,0.6695,872.63,504.85,0.6651,848.49,501.72,0.6558,889.17,549.11,0.7122,852.51,536.14,0.7148,873.97,556.71,0.5905,846.25,589.79,0.7442
69,bottom,0,898.18,606.65,1000.12,846.90,966.16,627.06,0.8819,964.99,623.54,0.5942,968.51,624.71,0.5865,955.02,628.82,0.8345,973.79,631.17,0.7737,934.49,649.94,0.7527,978.48,659.32,0.8558,908.68,684.54,0.7888,976.72,693.34,0.8047,888.74,716.80,0.8880,987.87,726.77,0.7271,909.86,708.00,0.7228,935.08,713.87,0.6638,922.17,742.61,0.7131,963.23,764.90,0.7749,912.79,787.77,0.7434,956.78,821.79,0.8442
70,top,3,806.82,426.81,940.76,610.45,879.17,441.96,0.8485,883.21,438.82,0.8747,875.58,437.93,0.8642,888.14,441.96,0.7775,868.41,439.72,0.8176,890.83,457.65,0.7322,853.61,459.45,0.6723,897.10,471.55,0.6591,832.09,471.55,0.6499,920.87,487.24,0.5520,811.92,484.55,0.6536,873.34,504.73,0.6591,848.68,502.04,0.6773,891.28,547.32,0.7425,852.72,535.67,0.7223,872.45,554.05,0.5986,846.44,589.02,0.7569
70,bottom,0,871.37,610.06,998.62,853.14,960.51,633.09,0.9520,961.70,630.72,0.5931,960.51,630.12,0.6963,951.61,636.06,0.7880,969.41,637.84,0.8645,930.25,657.42,0.7624,974.76,666.92,0.8757,902.95,689.47,0.7835,970.60,701.34,0.8054,882.18,721.51,0.8951,980.69,731.60,0.7982,908.29,712.61,0.7090,933.81,720.92,0.6839,915.41,745.25,0.7198,961.11,773.74,0.8297,904.73,787.98,0.7417,953.39,830.11,0.8462
71,top,1,802.03,426.01,939.79,610.25,879.01,442.11,0.8812,883.50,438.51,0.9083,875.86,438.06,0.8715,888.45,442.11,0.7935,869.11,439.86,0.8490,891.15,457.40,0.7525,853.82,459.65,0.6808,897.45,470.90,0.7063,830.43,474.50,0.6674,919.49,488.44,0.6365,808.84,489.34,0.6907,875.86,503.73,0.6526,849.32,501.48,0.6551,892.50,544.67,0.7635,853.37,536.12,0.7282,874.51,552.31,0.6283,846.62,589.20,0.7459
71,bottom,0,863.08,619.69,991.68,853.16,955.88,640.10,0.9311,958.16,638.39,0.5704,954.74,637.82,0.6284,946.76,642.95,0.7720,963.86,644.66,0.8268,927.38,664.61,0.7492,970.13,673.73,0.8591,897.17,696.53,0.7505,964.43,706.79,0.7845,873.80,726.17,0.8701,974.69,734.72,0.8197,906.86,722.18,0.6754,934.22,730.16,0.6403,910.28,748.40,0.6812,961.58,780.32,0.8195,896.03,791.15,0.7257,952.46,832.18,0.8209
72,top,1,794.54,425.33,938.84,610.51,879.84,441.82,0.8689,884.07,438.06,0.8916,876.55,437.60,0.8881,889.71,441.35,0.8317,869.98,439.47,0.8721,892.52,457.32,0.7835,854.48,459.67,0.6791,897.69,471.89,0.7427,831.93,475.17,0.6473,918.36,489.74,0.6958,808.44,492.09,0.6577,877.49,501.95,0.6750,850.72,500.54,0.6535,894.87,543.76,0.7650,854.48,537.18,0.7529,877.96,550.80,0.6621,846.49,589.79,0.7429
72,bottom,0,853.85,622.49,983.36,853.49,948.50,642.68,0.9521,951.32,640.42,0.6078,946.24,639.86,0.6496,940.04,645.50,0.7483,956.39,646.63,0.7949,919.73,668.06,0.7563,963.16,675.95,0.8746,889.84,697.39,0.7294,959.78,711.48,0.7368,865.59,725.02,0.8573,968.80,728.40,0.7462,905.07,727.28,0.6822,932.71,734.61,0.6556,903.38,750.40,0.6437,961.47,782.55,0.8150,891.54,793.83,0.7288,953.57,832.74,0.8557
73,top,0,793.54,425.28,938.67,610.74,880.28,440.53,0.8769,885.00,436.75,0.8872,876.97,435.81,0.8844,890.67,440.06,0.8492,871.78,438.64,0.8581,893.98,456.12,0.8132,855.24,459.43,0.7116,898.23,471.71,0.7723,831.15,477.85,0.6674,918.55,490.14,0.7142,807.52,498.64,0.6826,878.39,501.00,0.6935,852.41,500.06,0.6788,896.82,540.69,0.7963,855.71,536.91,0.7621,882.64,549.67,0.7023,846.74,590.77,0.7544
73,bottom,1,845.39,619.71,978.13,853.58,938.59,640.15,0.9489,940.31,637.87,0.5886,937.45,637.87,0.6761,930.60,643.01,0.7005,946.59,644.72,0.8296,910.62,665.84,0.7622,953.44,671.55,0.8531,881.50,693.25,0.6804,953.44,705.81,0.7363,856.94,718.94,0.8285,959.15,708.67,0.6148,900.91,726.37,0.6672,928.89,730.93,0.6652,896.34,746.92,0.6258,956.29,781.75,0.7859,888.92,793.74,0.7337,953.44,833.71,0.8790
74,top,0,793.85,423.50,940.13,611.22,881.75,439.75,0.8895,886.52,435.46,0.8878,878.90,434.98,0.8986,892.23,439.27,0.8660,873.18,437.36,0.8618,895.56,455.46,0.8404,856.99,459.27,0.7464,898.90,471.65,0.7959,832.23,479.27,0.6905,918.90,490.70,0.6848,808.42,502.13,0.6912,879.85,501.17,0.7349,854.13,500.70,0.7181,899.37,539.75,0.7869,857.94,537.36,0.7811,889.37,550.70,0.7191,846.99,591.17,0.7755
74,bottom,1,845.78,613.09,978.06,852.87,928.31,632.87,0.8798,927.72,629.95,0.6356,929.48,630.53,0.5996,918.94,635.22,0.8174,935.92,636.97,0.7900,900.21,658.05,0.7642,942.94,662.73,0.8298,872.69,684.97,0.7012,944.70,695.51,0.7591,849.28,711.32,0.7996,947.63,682.05,0.4670,894.94,721.86,0.6535,922.45,725.95,0.6637,888.50,745.27,0.6879,942.94,778.05,0.7795,886.74,795.03,0.7478,951.14,831.91,0.8484
75,top,1,796.20,422.92,940.98,611.10,883.67,437.83,0.8656,887.92,434.06,0.8553,880.85,433.59,0.8839,893.57,438.31,0.8380,875.19,436.89,0.8504,897.34,453.86,0.8349,859.64,458.57,0.7356,900.64,470.82,0.7909,835.60,479.31,0.6709,920.43,490.15,0.6818,812.51,503.34,0.6772,880.85,501.46,0.7170,855.40,500.99,0.7023,900.64,537.27,0.7068,859.17,537.75,0.7692,896.40,552.35,0.7703,847.39,590.53,0.7663
75,bottom,0,827.55,603.30,973.95,847.25,917.42,623.43,0.8839,916.83,621.05,0.6459,919.21,621.65,0.6042,908.49,625.82,0.8194,925.76,628.20,0.7882,888.84,649.04,0.7576,932.91,655.59,0.8324,863.82,674.06,0.7244,935.29,687.16,0.7700,842.38,702.64,0.7723,932.31,666.91,0.4804,887.05,713.96,0.6694,913.26,717.53,0.6618,881.10,744.93,0.6799,929.93,769.35,0.7438,885.86,793.17,0.7524,943.63,819.37,0.8283
76,top,1,804.06,420.84,941.81,610.36,886.35,436.02,0.8879,890.52,432.78,0.8696,883.57,431.85,0.8701,896.53,436.94,0.8272,878.49,435.56,0.8516,899.77,452.68,0.8484,863.22,456.84,0.7494,903.93,471.18,0.7906,839.62,479.97,0.7088,922.44,489.69,0.7070,818.34,504.96,0.7117,884.04,501.26,0.7208,859.05,501.26,0.7095,904.40,535.96,0.7018,861.83,537.35,0.7631,904.40,556.32,0.8173,847.49,591.02,0.7775
76,bottom,0,825.85,593.11,943.31,834.91,907.60,614.83,0.9437,907.01,613.06,0.5969,908.78,613.06,0.6726,897.57,617.78,0.7702,915.28,619.55,0.8350,878.68,640.22,0.8137,923.54,649.07,0.8855,855.06,670.91,0.7390,928.27,683.90,0.7598,837.94,698.07,0.7817,923.54,695.71,0.4474,874.54,708.11,0.7164,902.29,709.29,0.7218,875.72,744.71,0.7002,924.13,761.24,0.7749,883.99,793.71,0.7784,928.86,812.01,0.8731
77,top,2,816.83,418.21,946.70,611.03,890.24,433.65,0.8655,894.01,430.36,0.8728,886.95,429.89,0.8235,899.66,434.59,0.8448,881.30,433.65,0.8641,903.42,449.66,0.8175,866.23,455.31,0.7572,907.66,468.96,0.7622,844.58,479.32,0.7223,926.96,488.73,0.6703,824.81,507.09,0.6947,887.89,500.03,0.7154,863.41,500.97,0.6923,907.66,533.92,0.7043,863.88,538.16,0.7516,905.78,555.11,0.8173,847.87,590.88,0.7814
77,bottom,0,824.67,586.73,932.61,833.20,897.30,607.67,0.8912,896.69,605.26,0.5953,898.50,605.26,0.6311,887.67,610.68,0.7873,905.72,611.88,0.7865,868.41,634.75,0.8028,914.14,643.77,0.8677,847.35,667.24,0.7268,921.97,682.28,0.7689,833.51,694.92,0.7308,917.15,673.86,0.5347,864.20,702.74,0.6979,891.28,703.95,0.6912,870.82,740.65,0.6870,918.36,753.29,0.7690,880.45,788.19,0.7582,908.13,802.63,0.8063
78,top,1,818.73,415.12,947.97,608.27,893.72,431.06,0.8829,897.50,427.76,0.8832,890.42,427.29,0.8283,902.68,431.53,0.8453,885.24,431.06,0.8518,906.93,445.68,0.8591,869.67,452.75,0.7732,912.59,465.95,0.8111,849.40,477.27,0.7588,930.03,489.06,0.7568,832.42,506.51,0.7287,892.31,498.49,0.7261,867.79,499.91,0.7110,911.64,530.56,0.7645,864.96,538.10,0.7705,906.93,554.13,0.8222,848.45,589.03,0.7874
78,bottom,0,822.55,581.95,928.00,821.12,886.95,602.86,0.9016,886.95,600.52,0.6418,887.54,601.11,0.5813,877.03,605.78,0.7636,893.96,607.53,0.7181,858.34,630.89,0.8022,904.47,639.06,0.8440,840.83,665.34,0.7834,914.98,674.68,0.8142,828.56,692.19,0.7636,909.73,657.16,0.5920,853.67,699.20,0.7120,879.95,701.54,0.6855,865.93,739.49,0.6214,910.89,748.25,0.8106,872.94,780.36,0.5710,885.20,790.29,0.6972
79,top,1,829.33,413.75,945.27,597.69,895.83,428.03,0.8620,899.88,424.89,0.8669,892.69,424.44,0.8078,905.71,428.93,0.8337,887.75,428.03,0.8366,910.65,441.50,0.8340,872.93,449.59,0.7528,915.59,462.61,0.7887,854.07,474.74,0.7666,932.66,486.41,0.7552,838.80,504.37,0.7024,895.39,494.94,0.6966,871.14,496.74,0.6850,915.59,527.73,0.7754,867.99,534.91,0.7507,907.06,552.87,0.8004,851.83,584.76,0.7535
79,bottom,0,816.79,579.74,921.22,813.33,874.71,601.30,0.8551,875.85,598.44,0.6018,875.28,599.01,0.5399,865.01,604.15,0.7501,882.12,605.29,0.7295,848.47,629.24,0.7870,893.53,634.37,0.8101,833.08,664.03,0.7617,910.06,665.74,0.8336,822.24,687.41,0.7077,897.52,649.77,0.5436,843.34,695.39,0.7317,868.43,698.81,0.7065,857.60,732.46,0.6589,900.94,746.15,0.7986,858.17,774.09,0.6406,866.72,783.22,0.7097
80,top,1,844.98,411.06,946.31,573.29,897.62,423.66,0.8178,901.98,420.88,0.7646,894.45,420.49,0.7403,907.52,424.85,0.7738,889.31,424.45,0.7606,913.07,438.71,0.7500,875.05,446.63,0.7192,917.82,458.91,0.7049,856.83,472.37,0.6904,934.46,483.07,0.7203,842.97,503.66,0.6644,898.81,492.18,0.6507,873.86,493.36,0.6479,916.63,525.05,0.6840,872.67,529.41,0.7294,907.52,553.57,0.7080,856.43,576.93,0.6865
80,bottom,0,810.08,579.60,914.52,809.21,861.74,600.79,0.8441,862.30,597.42,0.5040,859.50,597.98,0.5512,853.33,603.59,0.7719,870.15,604.15,0.6608,838.20,629.38,0.7804,882.48,631.06,0.7547,824.18,663.01,0.7270,907.15,655.72,0.7888,815.77,684.31,0.6693,893.13,638.35,0.7307,833.71,693.84,0.7420,860.62,697.77,0.7308,846.60,725.79,0.6151,889.21,748.22,0.8204,844.92,769.52,0.6066,850.53,787.46,0.7323
81,top,1,850.15,408.04,947.20,582.42,898.25,421.15,0.8211,902.08,418.17,0.7592,894.84,417.74,0.7700,908.47,422.00,0.7938,890.16,422.00,0.8099,914.00,437.75,0.7396,875.69,443.71,0.7544,920.39,456.91,0.7107,858.66,470.11,0.7186,936.99,479.90,0.7444,846.74,501.62,0.6525,898.68,488.84,0.6455,873.56,488.84,0.6781,916.56,520.77,0.7218,879.09,521.20,0.7715,908.04,553.13,0.7236,863.77,573.57,0.7209
81,bottom,0,802.38,580.96,909.94,810.29,851.12,600.45,0.8491,851.12,597.09,0.4885,850.00,597.65,0.5911,842.72,603.81,0.7597,859.52,603.25,0.6793,828.17,631.24,0.8010,871.84,630.68,0.7347,813.61,664.83,0.6841,903.19,645.80,0.8111,810.25,674.91,0.5695,895.91,626.20,0.8092,825.93,694.51,0.7438,852.24,698.99,0.7188,832.64,710.18,0.3880,877.99,750.49,0.7715,827.05,750.49,0.5906,843.84,788.01,0.7349
82,top,1,845.41,404.56,945.88,587.81,898.33,418.79,0.8447,902.35,415.66,0.7778,895.20,415.66,0.7720,908.17,419.24,0.8171,890.27,419.69,0.8200,914.43,431.76,0.7946,875.96,441.61,0.7646,920.25,451.45,0.7265,859.85,468.00,0.7220,936.80,475.16,0.7363,849.12,500.66,0.6836,900.12,485.00,0.6906,875.51,485.90,0.6775,916.67,517.66,0.7706,881.77,521.24,0.7544,907.27,552.11,0.7595,870.59,572.69,0.7465
82,bottom,0,793.61,579.67,904.35,811.56,838.79,599.37,0.8774,837.66,596.54,0.5228,838.22,596.54,0.6365,831.43,602.77,0.7289,846.71,602.77,0.6742,817.84,631.08,0.8287,862.00,628.24,0.7800,801.99,663.91,0.7888,898.23,637.30,0.8830,805.39,659.38,0.5655,893.70,615.79,0.9081,818.41,691.08,0.7122,845.02,695.61,0.6994,814.44,699.58,0.4457,871.06,752.79,0.7523,808.22,743.73,0.6547,842.18,789.03,0.7687
83,top,1,847.83,402.65,946.63,594.73,898.64,416.63,0.8682,902.86,413.35,0.8012,895.35,413.35,0.8179,908.95,416.63,0.8624,890.66,417.57,0.8555,915.52,428.82,0.7798,877.07,439.14,0.7747,920.68,447.58,0.6942,860.65,466.80,0.7556,935.68,470.09,0.6952,852.21,499.16,0.7275,901.92,480.40,0.6998,876.60,483.22,0.6843,918.33,513.70,0.7650,883.63,523.55,0.7559,908.48,548.87,0.7875,870.97,573.25,0.7567
83,bottom,0,777.93,579.26,899.73,810.30,826.42,598.89,0.8570,825.86,596.07,0.5402,827.55,596.07,0.6256,819.09,602.28,0.7057,834.88,601.71,0.7220,807.25,630.48,0.7893,851.81,625.97,0.7457,793.14,653.60,0.7118,889.03,633.30,0.8285,801.61,648.53,0.4056,892.42,615.25,0.8299,812.32,689.70,0.6803,838.83,693.09,0.6718,797.09,699.29,0.5305,864.21,748.36,0.7112,789.20,735.39,0.5569,841.09,786.16,0.7098
84,top,1,853.07,398.94,946.44,593.78,899.28,413.59,0.8738,903.56,410.26,0.8071,895.95,410.26,0.8326,909.75,413.11,0.8656,891.67,414.06,0.8966,916.88,425.01,0.7899,878.35,435.95,0.7912,921.64,443.08,0.7178,862.65,463.54,0.7490,936.39,465.92,0.7176,854.57,496.84,0.7239,901.66,476.38,0.7125,878.35,480.66,0.6926,920.69,507.78,0.7398,884.06,523.00,0.7556,910.70,543.45,0.7906,871.69,572.95,0.7686
84,bottom,0,759.96,578.74,901.19,807.77,814.92,598.19,0.8105,814.36,595.96,0.5346,816.04,594.84,0.5994,808.21,600.99,0.7032,823.87,600.99,0.7164,796.47,629.51,0.7721,841.20,625.03,0.7260,785.29,644.61,0.6553,879.78,633.42,0.7919,803.74,644.61,0.3686,890.41,616.09,0.8569,804.86,689.90,0.6645,831.70,692.69,0.6368,788.08,705.55,0.5732,856.30,743.58,0.7376,773.54,727.36,0.5961,842.32,782.16,0.7346
85,top,1,855.03,394.03,946.23,595.30,899.65,410.64,0.8748,904.07,407.20,0.8171,896.70,407.20,0.8425,910.95,410.15,0.8827,892.77,411.13,0.8828,918.81,421.94,0.8083,879.50,433.74,0.8087,923.73,438.16,0.7609,864.27,462.24,0.7695,936.50,462.73,0.7585,856.90,495.16,0.7410,903.58,474.03,0.7276,880.49,476.98,0.7076,922.75,504.00,0.7311,884.91,519.73,0.7507,912.92,538.40,0.7866,872.13,571.81,0.7540
85,bottom,0,744.60,579.54,900.94,805.37,804.57,599.27,0.8053,802.92,596.52,0.5856,806.23,596.52,0.6040,796.85,602.03,0.7486,812.84,602.03,0.7337,783.07,629.60,0.8224,832.14,626.29,0.7893,778.11,637.87,0.5962,869.08,635.11,0.8035,801.26,633.46,0.3254,887.83,619.67,0.8402,795.75,692.45,0.7094,823.32,694.11,0.6801,775.90,712.30,0.6987,848.13,738.77,0.7665,761.57,737.11,0.7457,839.86,778.47,0.7783
86,top,1,858.22,393.98,947.13,591.89,900.74,409.34,0.8569,905.09,405.96,0.8141,897.84,405.96,0.8463,912.34,408.86,0.8654,893.98,409.83,0.8978,920.07,420.94,0.8191,880.93,432.05,0.8151,925.87,438.34,0.7589,865.47,460.56,0.7876,937.46,462.01,0.7804,859.19,492.45,0.7365,904.61,472.16,0.7160,881.41,475.54,0.6970,924.42,502.60,0.7057,885.76,517.10,0.7541,917.17,534.01,0.7996,873.20,568.80,0.7784
86,bottom,0,731.77,581.63,900.68,799.58,794.23,602.63,0.8004,792.03,598.78,0.5933,796.43,598.78,0.5684,787.08,604.83,0.7825,804.13,604.83,0.7366,774.43,629.02,0.8256,821.17,629.57,0.7824,769.49,630.12,0.5494,856.36,639.47,0.7543,768.94,627.37,0.2756,882.75,624.62,0.7539,788.18,696.65,0.7250,815.67,698.30,0.6995,762.34,701.60,0.7430,841.51,740.09,0.7669,750.79,735.14,0.8163,838.22,775.83,0.7975
87,top,1,858.32,392.61,948.04,589.03,901.74,409.30,0.8943,906.06,405.47,0.8216,898.87,405.95,0.8410,913.25,408.82,0.8673,895.03,409.78,0.8568,922.36,422.25,0.8148,882.08,431.84,0.8144,929.08,440.95,0.7601,867.70,460.61,0.7989,940.11,466.85,0.7411,861.46,492.74,0.7354,906.54,471.64,0.7207,883.04,475.00,0.7050,926.68,503.77,0.7085,888.32,516.24,0.7570,921.40,533.02,0.8084,872.01,567.07,0.8112
87,bottom,0,715.23,585.32,897.52,795.69,785.60,606.24,0.8073,783.82,602.68,0.5919,787.98,602.68,0.6113,777.89,608.02,0.7942,793.91,608.02,0.8139,767.21,631.17,0.8446,811.12,632.35,0.7697,765.43,633.54,0.5311,842.57,644.22,0.7185,759.49,625.23,0.2887,872.83,632.35,0.7274,781.45,697.63,0.7286,808.74,699.41,0.7211,753.56,692.88,0.7882,836.63,743.32,0.7666,750.00,733.23,0.8091,834.85,772.99,0.8245
88,top,1,859.01,396.36,949.06,586.30,903.57,411.57,0.8890,907.28,408.33,0.8150,900.32,408.33,0.8309,914.70,411.57,0.8542,896.15,412.50,0.8212,923.97,425.02,0.8014,882.70,434.76,0.8024,930.46,444.03,0.7209,869.25,463.04,0.7665,941.59,471.39,0.7121,863.23,495.97,0.7294,907.74,474.64,0.7080,884.09,477.88,0.7026,928.61,504.31,0.7246,891.05,516.37,0.7344,926.29,532.60,0.8057,872.50,562.74,0.7886
88,bottom,0,729.64,586.48,890.50,794.01,776.03,606.98,0.8432,774.46,603.32,0.5701,774.46,603.84,0.5644,770.27,609.60,0.7497,785.98,608.03,0.7573,760.32,630.55,0.8380,802.21,632.12,0.7806,759.27,630.02,0.5267,829.97,647.30,0.6441,745.14,620.08,0.3326,866.62,641.02,0.7015,775.51,697.57,0.6693,802.21,697.05,0.6459,750.90,689.20,0.7575,831.54,742.61,0.6962,749.32,733.71,0.8107,830.49,769.84,0.7684
89,top,1,859.11,401.90,948.98,582.90,904.04,416.39,0.8455,908.46,412.86,0.7567,901.39,412.86,0.7809,916.42,415.95,0.8070,897.42,416.84,0.7562,925.26,429.21,0.7942,884.16,439.82,0.7822,931.44,449.98,0.7117,870.90,469.42,0.7458,945.14,478.70,0.7111,864.27,501.24,0.7281,909.35,476.94,0.6906,884.60,481.35,0.6705,931.00,506.98,0.7094,895.21,515.82,0.7287,931.44,535.71,0.7854,873.99,558.25,0.7657
89,bottom,0,720.12,583.60,882.99,792.24,770.80,605.21,0.8764,770.27,602.03,0.5831,769.21,602.03,0.5562,765.50,608.39,0.7616,780.35,607.33,0.7478,755.96,630.66,0.7996,797.31,629.60,0.7867,754.37,629.60,0.5220,822.76,648.69,0.6207,736.34,620.59,0.3095,859.34,647.63,0.6587,772.39,694.28,0.6554,798.37,694.28,0.6470,748.00,686.86,0.7595,825.94,740.41,0.7104,749.06,731.93,0.7904,827.00,770.10,0.7881
90,top,1,864.16,407.00,950.60,580.09,905.27,422.13,0.8409,909.49,418.33,0.7393,901.89,418.75,0.7621,917.52,422.13,0.7784,898.08,422.55,0.7835,925.55,436.50,0.7713,885.41,446.22,0.7755,933.58,458.05,0.7337,871.88,476.22,0.7334,946.68,483.41,0.7826,866.39,507.07,0.7540,910.76,482.98,0.6431,885.83,487.63,0.6570,933.58,511.72,0.7488,897.66,516.79,0.7130,929.36,539.19,0.7706,877.80,557.36,0.7593
90,bottom,0,712.69,579.99,857.02,793.12,768.72,600.18,0.8012,766.64,597.58,0.5634,768.20,597.06,0.5659,763.00,603.82,0.7015,778.61,602.78,0.6895,753.64,628.80,0.7796,795.26,626.20,0.7794,742.19,628.28,0.4406,816.60,647.53,0.6310,724.50,626.20,0.3591,850.94,654.29,0.6722,771.85,689.68,0.6252,797.34,689.68,0.6426,747.39,685.51,0.7116,825.44,735.99,0.6893,747.91,731.30,0.7569,825.44,768.77,0.7958
91,top,1,866.93,413.32,951.25,580.26,903.79,427.91,0.8364,907.46,424.65,0.7555,900.53,424.65,0.7976,915.20,427.50,0.7617,896.45,428.73,0.7675,924.58,442.17,0.7656,885.04,451.96,0.7714,932.73,462.96,0.7005,871.59,481.30,0.7261,946.18,486.19,0.6878,866.29,511.87,0.7037,913.16,489.05,0.6343,888.30,492.71,0.6512,936.80,517.98,0.7723,896.86,519.61,0.7149,929.06,541.21,0.7445,881.37,560.37,0.7495
91,bottom,0,709.78,574.32,859.15,794.16,768.90,595.15,0.8507,767.83,593.00,0.5636,768.36,591.93,0.5829,763.53,599.44,0.6914,779.10,597.83,0.7076,753.87,625.20,0.7856,795.74,621.45,0.7837,738.84,634.33,0.5781,812.91,643.99,0.6456,718.98,635.94,0.5245,847.80,659.02,0.6884,771.05,682.63,0.6245,796.27,682.63,0.6416,748.50,685.85,0.6653,824.72,730.40,0.6995,747.97,730.94,0.7653,825.79,767.97,0.8274
92,top,1,863.94,416.85,952.22,580.08,900.51,431.12,0.8425,903.70,427.53,0.7725,896.92,427.93,0.8372,911.27,429.92,0.7678,893.34,431.92,0.7535,922.03,445.07,0.7406,882.98,455.43,0.7476,932.39,465.79,0.6638,870.22,484.12,0.7008,945.54,486.91,0.5945,863.85,516.40,0.6908,912.47,490.50,0.5956,886.96,494.48,0.6216,937.97,519.19,0.7450,894.93,521.58,0.7089,930.00,541.11,0.7417,880.58,560.24,0.7355
92,bottom,0,710.72,568.67,858.50,794.13,771.40,588.38,0.8884,770.30,586.17,0.5598,770.85,585.62,0.6349,764.79,592.78,0.6917,781.31,591.68,0.7369,755.44,620.30,0.7942,797.82,615.90,0.7945,738.37,641.22,0.7181,815.98,641.77,0.7022,719.11,651.68,0.7239,844.06,661.59,0.7243,771.40,677.55,0.6265,798.37,677.55,0.6451,751.03,689.66,0.6560,824.79,725.44,0.7223,748.83,730.94,0.7831,826.44,767.82,0.8495
93,top,1,864.46,414.23,950.77,581.42,894.55,430.06,0.8605,897.82,426.39,0.8038,891.29,427.21,0.8514,905.57,428.84,0.8200,887.61,431.29,0.7458,917.82,444.76,0.7053,877.41,454.96,0.7583,929.66,466.80,0.6598,866.39,484.35,0.6794,942.72,487.21,0.6062,859.86,516.19,0.6822,910.47,492.52,0.5812,884.35,495.78,0.6331,934.56,519.86,0.7295,890.06,523.95,0.7508,929.25,540.27,0.7442,879.86,559.87,0.7425
93,bottom,0,713.70,562.37,856.45,792.65,773.83,581.94,0.9308,772.71,579.69,0.5563,772.14,579.69,0.6593,767.65,587.00,0.7198,785.07,585.31,0.7586,757.53,615.67,0.8083,801.94,608.92,0.8124,741.79,645.47,0.7731,815.43,636.47,0.7338,724.92,664.02,0.8057,837.92,660.09,0.7860,771.58,672.45,0.6375,800.25,672.45,0.6531,754.72,693.82,0.6521,825.55,720.24,0.7679,749.09,730.92,0.7929,827.80,768.59,0.8686
94,top,1,855.50,411.41,952.97,581.64,888.02,425.87,0.8585,891.77,422.13,0.8155,884.70,422.55,0.8286,900.08,425.04,0.7996,880.54,426.70,0.7416,911.71,441.25,0.7187,870.99,451.64,0.7734,925.01,463.69,0.6939,861.43,482.39,0.6741,938.31,484.05,0.6785,855.61,513.56,0.6565,905.48,492.37,0.5948,879.30,494.86,0.6491,925.43,523.12,0.6256,885.95,526.03,0.7442,927.92,540.57,0.6917,878.47,561.35,0.7159
94,bottom,0,719.24,558.96,855.65,791.60,776.66,578.16,0.9408,775.52,575.89,0.5612,776.09,575.32,0.6681,769.84,582.70,0.7687,787.45,581.00,0.7892,759.62,612.80,0.8270,805.62,604.85,0.8432,745.99,648.02,0.8127,817.55,636.66,0.7978,730.08,674.71,0.8250,834.02,662.78,0.7864,773.25,671.30,0.6597,802.78,670.74,0.6789,759.05,698.00,0.6824,826.64,717.88,0.8034,749.96,731.51,0.7846,829.48,769.56,0.9003
95,top,1,850.49,407.55,947.99,581.45,880.98,421.48,0.8504,884.80,418.08,0.8059,878.01,418.93,0.8278,892.87,421.05,0.8073,873.76,423.18,0.7668,906.46,438.89,0.7369,864.42,447.80,0.7950,920.47,460.54,0.7168,855.51,478.37,0.7048,931.50,478.79,0.7067,852.11,508.94,0.6927,898.81,491.53,0.6366,872.92,494.08,0.6624,916.64,525.92,0.6143,881.83,531.44,0.7443,921.74,542.05,0.6056,877.16,562.43,0.7177
95,bottom,0,727.61,557.94,853.65,789.43,779.89,577.04,0.9051,778.20,574.78,0.5570,779.33,574.22,0.6507,773.11,581.56,0.7799,790.63,579.87,0.7841,762.94,611.52,0.8354,808.15,604.17,0.8495,751.63,650.51,0.7992,817.19,638.65,0.8065,736.38,683.29,0.7932,829.63,665.77,0.7269,775.37,670.29,0.6649,804.19,670.29,0.6807,758.98,695.16,0.6980,827.37,717.20,0.8145,751.63,731.90,0.7632,830.19,769.20,0.8976
96,top,1,844.37,403.80,937.74,581.55,875.00,417.60,0.8733,878.47,414.13,0.8175,871.53,414.56,0.8499,886.71,417.60,0.8166,867.62,419.34,0.7768,900.17,435.83,0.7707,857.64,444.51,0.8165,913.19,456.66,0.7079,849.83,476.18,0.7155,925.34,476.62,0.7149,847.22,507.00,0.7262,893.22,489.20,0.6600,867.62,493.54,0.6584,910.58,522.62,0.7472,878.47,534.34,0.6983,904.07,543.02,0.6338,876.73,562.54,0.7106
96,bottom,0,731.94,559.23,852.48,794.65,783.01,578.08,0.8501,781.87,575.21,0.5751,781.87,575.21,0.6154,776.12,582.11,0.7775,794.51,580.38,0.7774,765.20,613.14,0.8254,811.18,605.10,0.8366,756.00,653.38,0.7806,816.35,640.16,0.7940,742.78,688.44,0.7805,824.40,669.47,0.7167,776.12,671.19,0.6315,806.00,672.92,0.6448,761.75,691.31,0.6505,829.00,719.47,0.8036,756.00,736.72,0.7453,830.14,771.78,0.8990
97,top,1,839.70,402.28,921.92,582.01,868.52,415.80,0.8470,872.47,412.29,0.7714,865.01,412.73,0.8558,880.81,416.24,0.7846,861.50,417.55,0.7484,893.97,434.23,0.7359,851.41,443.00,0.7821,906.70,456.61,0.7233,843.95,474.60,0.7006,919.86,476.79,0.7474,842.20,507.07,0.7117,887.83,488.64,0.6589,862.82,492.59,0.6391,906.26,527.25,0.7878,873.35,536.90,0.7370,885.64,541.29,0.6519,875.10,564.98,0.6923
97,bottom,0,740.64,560.43,854.93,797.21,786.22,580.55,0.9209,785.07,577.66,0.6067,785.07,578.24,0.6708,779.29,584.60,0.7949,797.21,583.44,0.8087,768.30,614.66,0.8194,814.55,607.72,0.8481,760.21,655.70,0.7841,816.28,643.56,0.7952,748.07,692.70,0.7624,823.22,675.93,0.7009,775.82,672.46,0.6768,804.72,674.20,0.6423,765.41,696.74,0.6644,831.31,723.33,0.8246,757.90,741.25,0.7549,830.16,775.36,0.8917
98,top,1,833.07,401.58,917.72,580.29,861.87,415.89,0.8529,865.36,411.97,0.7751,858.38,412.40,0.8603,874.08,415.46,0.7804,854.89,417.20,0.7408,887.61,433.78,0.7361,844.85,442.94,0.7825,900.26,456.47,0.7084,838.74,475.67,0.6744,912.91,476.97,0.6629,837.00,508.39,0.6800,881.94,490.06,0.6534,857.07,493.12,0.6458,898.95,532.38,0.7532,867.98,538.93,0.7042,866.67,545.04,0.6810,874.08,565.98,0.6297
98,bottom,0,743.89,563.93,859.14,802.70,789.86,583.05,0.8271,788.11,580.72,0.5737,789.27,580.72,0.6208,782.86,586.55,0.7660,800.35,585.97,0.7844,771.79,617.45,0.8157,817.25,611.62,0.8413,764.21,658.25,0.7729,819.00,646.59,0.7911,753.13,695.56,0.7455,824.25,678.66,0.7115,778.20,676.32,0.6930,806.18,678.07,0.6450,768.87,703.72,0.6921,832.41,727.62,0.8246,756.63,745.69,0.7621,827.75,779.50,0.8500
99,top,1,827.34,402.62,911.68,579.80,854.37,417.24,0.8353,858.27,413.78,0.7586,851.35,413.78,0.8023,867.78,416.81,0.7711,848.32,418.54,0.6721,881.62,436.28,0.7063,839.67,445.79,0.7538,895.47,459.20,0.7175,832.31,478.23,0.6788,908.87,481.26,0.6726,831.45,511.11,0.6736,876.00,492.94,0.6570,851.78,495.10,0.6415,890.27,537.06,0.7317,862.59,539.22,0.6891,854.37,549.17,0.6260,869.95,566.91,0.5759
99,bottom,0,746.40,567.17,858.89,804.24,793.39,586.73,0.8356,791.07,583.84,0.5731,791.65,583.84,0.6062,787.02,590.20,0.7873,804.38,589.62,0.7699,775.44,621.46,0.8090,821.17,615.67,0.8383,767.34,661.97,0.7640,823.49,649.82,0.7866,756.34,699.02,0.7378,827.54,680.50,0.7111,780.07,679.92,0.6963,807.86,681.65,0.6464,771.39,703.65,0.6517,832.17,731.43,0.8339,758.08,745.32,0.7621,828.12,782.94,0.8467
100,top,1,821.00,406.52,907.98,586.68,848.22,421.39,0.8616,851.74,417.43,0.7800,845.14,417.87,0.7993,860.53,420.07,0.7674,841.18,422.27,0.7073,874.17,438.10,0.7437,833.70,449.10,0.7808,890.00,460.97,0.7265,827.11,482.09,0.6970,904.08,484.72,0.6631,825.79,514.19,0.6716,870.65,493.96,0.6687,846.02,496.16,0.6608,878.13,544.10,0.7130,854.82,540.58,0.6662,842.94,557.30,0.6186,861.85,576.21,0.6423
100,bottom,0,750.36,569.06,859.20,805.18,797.86,587.97,0.8091,796.13,585.09,0.5455,796.13,585.66,0.5715,790.37,592.00,0.7844,808.81,590.85,0.7665,779.41,622.56,0.7930,824.95,616.79,0.8197,770.19,663.48,0.7598,828.99,650.80,0.7559,758.08,700.95,0.7511,833.60,683.66,0.6951,781.72,683.08,0.6967,808.81,684.81,0.6417,775.38,703.84,0.6466,837.06,730.93,0.8236,760.39,745.34,0.7619,828.99,783.39,0.8233
101,top,1,815.35,411.71,902.69,599.11,840.72,426.72,0.8478,843.92,422.60,0.8052,837.06,423.52,0.8186,853.07,425.35,0.7977,833.40,427.18,0.7481,868.63,442.27,0.7453,827.45,454.63,0.7842,885.56,464.23,0.7498,821.96,487.11,0.6709,900.65,488.48,0.7020,819.68,520.97,0.7042,864.97,498.55,0.6521,841.18,499.01,0.6484,869.54,549.79,0.7406,847.13,538.81,0.7009,834.32,559.40,0.6503,852.16,583.19,0.6966
101,bottom,0,755.31,570.66,859.91,804.82,801.90,588.84,0.7870,800.18,586.55,0.5209,800.18,586.55,0.5486,794.46,592.84,0.7715,812.19,591.70,0.7487,783.03,622.00,0.7805,827.62,616.85,0.8079,771.02,662.59,0.7585,833.34,649.44,0.7416,758.45,699.75,0.7455,840.20,680.31,0.7268,782.46,682.60,0.7030,808.76,684.88,0.6373,781.32,703.18,0.6504,837.34,731.19,0.8194,764.74,743.20,0.7594,829.34,782.64,0.8197
102,top,1,806.29,416.10,915.13,594.20,834.62,431.23,0.8907,837.67,426.89,0.7968,831.14,428.19,0.7717,846.36,428.63,0.7968,827.67,432.97,0.7695,863.32,446.45,0.7348,821.58,459.06,0.8193,881.15,469.06,0.7475,816.36,492.98,0.6949,898.98,493.85,0.7304,812.01,525.59,0.6493,859.84,502.98,0.6171,835.49,501.24,0.6802,864.19,552.11,0.7246,838.54,537.77,0.6909,830.71,559.51,0.7195,835.49,580.38,0.6307
102,bottom,0,760.53,571.12,860.48,804.35,804.81,588.08,0.7879,804.24,585.81,0.5077,802.53,585.24,0.5493,797.98,591.50,0.7249,814.49,590.36,0.6998,785.45,619.97,0.7526,829.29,615.42,0.7863,772.35,660.40,0.7601,834.42,646.16,0.7424,758.69,697.98,0.7118,845.24,678.05,0.7163,782.03,680.33,0.6958,807.09,683.18,0.6273,786.02,700.83,0.6084,837.27,730.44,0.7939,772.35,741.83,0.7411,829.29,781.68,0.7943
103,top,0,800.70,420.32,911.94,583.02,826.53,435.34,0.8467,829.31,431.36,0.7720,823.35,432.95,0.6920,838.44,432.56,0.7287,819.77,437.72,0.6113,856.32,449.64,0.7260,814.61,465.13,0.8045,874.98,470.69,0.7212,810.64,498.49,0.6962,894.05,496.90,0.7149,805.87,531.06,0.6508,855.12,508.42,0.5906,830.90,506.44,0.6595,859.89,553.31,0.6872,828.11,542.98,0.7010,833.28,560.46,0.6994,820.97,585.48,0.6434
103,bottom,2,765.78,570.86,860.63,804.30,807.50,587.84,0.7471,806.93,585.00,0.5121,807.50,585.57,0.5195,800.67,590.69,0.7104,817.76,590.12,0.7163,787.56,618.05,0.7427,829.73,614.63,0.7958,773.31,657.94,0.7681,834.29,643.70,0.7481,758.49,694.42,0.7613,849.68,672.76,0.7343,782.43,677.89,0.6919,808.07,681.31,0.6351,788.70,702.97,0.6351,837.71,730.32,0.7847,779.01,747.42,0.7171,828.59,780.48,0.7768
104,top,2,794.12,425.17,906.48,578.79,819.92,440.84,0.7912,822.92,435.97,0.7178,816.54,437.09,0.6807,832.67,436.34,0.7052,813.17,441.22,0.6472,851.05,455.10,0.6782,807.92,471.22,0.7707,869.43,474.97,0.6928,805.29,504.23,0.6932,890.05,499.35,0.6959,799.67,536.86,0.7111,851.05,516.23,0.6180,827.42,514.73,0.6622,856.30,554.86,0.6264,820.67,552.24,0.6781,831.55,561.61,0.7082,809.04,597.62,0.4527
104,bottom,0,764.95,569.51,862.14,803.84,810.68,586.56,0.7640,809.54,583.70,0.4970,810.68,584.27,0.5110,803.24,589.42,0.7351,819.83,588.85,0.7144,789.51,616.88,0.7393,831.28,613.45,0.7923,773.49,655.78,0.7767,833.57,640.34,0.7528,757.48,690.68,0.8005,851.87,668.37,0.7571,784.36,676.95,0.6931,808.39,680.95,0.6477,791.23,704.41,0.6791,838.71,728.44,0.7829,779.22,747.89,0.7390,829.56,779.93,0.7780
105,top,4,786.38,425.78,861.34,577.19,813.14,447.15,0.7651,816.84,442.34,0.6566,809.82,443.45,0.6804,826.45,442.71,0.7160,807.60,447.15,0.5623,843.82,460.82,0.6520,804.64,475.98,0.6660,861.57,477.46,0.5601,800.20,509.99,0.5995,885.96,503.33,0.5484,794.29,543.63,0.6552,846.04,521.45,0.5934,822.01,521.82,0.6128,852.70,558.78,0.6601,814.25,567.28,0.5906,832.73,561.37,0.6118,806.12,595.75,0.3622
105,bottom,0,746.40,566.58,862.89,802.82,812.72,585.50,0.8124,813.29,583.19,0.5447,813.87,584.35,0.5146,804.07,587.81,0.7507,821.95,588.96,0.6955,791.95,610.30,0.7738,832.33,612.03,0.7967,775.23,651.25,0.7237,834.63,637.98,0.7545,756.20,687.01,0.7281,853.09,663.94,0.7820,785.61,674.32,0.6703,809.83,678.36,0.6116,794.84,704.31,0.6771,842.71,726.80,0.7966,779.27,746.99,0.7430,831.75,778.14,0.8064
106,top,3,778.18,429.78,901.21,584.83,808.05,453.63,0.8196,811.66,448.43,0.7612,804.45,449.63,0.6931,821.27,448.83,0.7860,801.65,452.83,0.6392,840.09,467.65,0.6463,799.24,483.27,0.7084,859.72,487.68,0.5861,795.24,517.31,0.6826,882.55,508.10,0.6356,788.03,551.36,0.6827,840.49,529.33,0.5604,814.86,529.73,0.5789,846.90,570.58,0.5303,806.85,572.58,0.6175,830.08,564.57,0.4776,792.83,609.43,0.5406
106,bottom,0,747.15,567.07,863.44,801.22,815.59,584.68,0.7669,815.59,581.82,0.5092,815.59,582.97,0.4784,807.01,586.97,0.7065,824.73,588.11,0.6539,793.87,611.55,0.7489,835.02,612.12,0.7922,775.00,651.56,0.7220,839.60,638.41,0.7041,756.14,684.72,0.7613,855.60,663.57,0.7569,787.01,674.43,0.6554,812.16,679.00,0.6106,797.30,703.58,0.6894,847.03,722.44,0.7958,780.72,746.45,0.7320,834.45,776.18,0.7973
107,top,4,771.68,435.99,899.72,608.76,803.64,458.26,0.8991,807.02,453.20,0.8374,799.84,454.46,0.7584,816.72,454.46,0.8616,797.74,458.26,0.6525,833.17,471.76,0.7093,796.47,486.94,0.7637,853.41,492.85,0.6835,790.56,519.84,0.6952,878.72,510.99,0.7525,782.55,552.74,0.6591,835.70,532.92,0.6016,808.70,531.23,0.6377,844.56,574.26,0.6109,799.84,567.93,0.6179,824.73,565.40,0.4463,789.72,617.28,0.6034
107,bottom,2,765.77,566.34,866.37,798.88,819.48,586.09,0.7224,820.05,582.69,0.4681,818.34,583.82,0.4472,810.39,588.93,0.6752,827.99,589.50,0.6201,795.07,613.35,0.6973,838.78,613.91,0.7587,775.76,652.52,0.7616,845.03,641.16,0.6993,757.03,684.88,0.7863,859.79,667.28,0.7300,788.82,675.80,0.6604,813.80,679.77,0.6086,802.45,700.78,0.6406,851.27,721.78,0.7885,784.85,742.79,0.6970,837.64,774.58,0.7561
108,top,1,765.79,439.89,892.84,625.93,801.61,461.14,0.9989,804.78,456.60,0.9262,797.52,457.96,0.8655,813.41,458.42,0.9023,794.34,462.51,0.7674,829.77,475.22,0.7936,792.98,489.30,0.8489,849.30,496.12,0.7266,788.43,518.83,0.7853,877.00,513.38,0.7926,780.26,546.53,0.7276,831.58,534.27,0.6525,805.69,533.82,0.6876,843.39,578.78,0.7358,797.06,566.52,0.7372,825.68,567.43,0.5266,789.80,614.21,0.7309
108,bottom,3,750.58,570.34,871.96,797.32,823.46,589.07,0.7336,823.46,586.30,0.5125,824.57,587.41,0.4899,815.70,591.84,0.7093,832.33,592.95,0.6783,799.63,615.67,0.7299,842.30,617.89,0.8059,778.02,654.46,0.7682,851.17,648.92,0.7599,758.63,687.16,0.8074,863.36,674.41,0.7744,789.66,677.18,0.6597,814.04,681.06,0.6324,805.73,699.90,0.6235,854.49,720.96,0.8150,789.10,741.46,0.7324,842.86,774.71,0.8237
109,top,0,775.91,442.62,888.54,634.89,801.71,463.18,0.9898,804.53,458.02,0.9265,797.49,459.89,0.8699,812.51,459.42,0.9043,793.73,464.12,0.7943,827.53,476.32,0.8037,791.86,489.00,0.8577,846.78,496.04,0.7507,787.16,513.41,0.7515,874.00,512.47,0.7964,784.34,535.47,0.6701,829.41,535.00,0.6664,803.12,535.00,0.7001,843.96,579.59,0.7376,795.61,569.74,0.7303,827.06,571.61,0.5167,789.04,617.15,0.8270
109,bottom,3,778.19,575.95,882.57,797.10,828.76,594.74,0.7338,828.76,592.04,0.5089,827.68,592.58,0.4838,820.66,597.44,0.6965,836.86,598.52,0.6414,803.92,620.11,0.7410,846.57,624.43,0.7677,781.78,656.83,0.7949,857.37,659.53,0.7174,760.73,690.30,0.7830,868.17,687.06,0.6557,789.88,680.58,0.7125,814.18,684.90,0.6393,810.40,701.10,0.5861,857.91,721.08,0.7721,795.28,741.60,0.7179,850.35,774.53,0.7732
110,top,4,778.28,441.71,851.62,634.18,801.32,463.70,0.8413,804.14,458.07,0.7792,797.09,459.95,0.8064,812.13,460.41,0.8274,793.34,464.17,0.7666,826.70,477.33,0.7077,790.52,490.02,0.7646,844.08,494.25,0.6765,785.82,520.09,0.6889,871.34,508.81,0.6836,800.38,518.21,0.5121,828.11,533.72,0.6420,800.85,534.19,0.6335,843.61,578.36,0.7167,794.28,568.02,0.6802,825.76,571.78,0.5289,789.11,616.42,0.7353
110,bottom,2,779.29,584.92,886.06,797.02,834.23,602.94,0.7717,835.26,599.84,0.4975,833.19,600.87,0.4535,825.94,605.01,0.7101,841.99,607.60,0.6255,807.82,626.76,0.7334,850.80,634.53,0.7488,782.45,661.97,0.8091,862.71,670.26,0.7359,762.77,693.04,0.8223,873.58,699.77,0.7442,789.69,685.79,0.7303,814.03,688.90,0.6333,815.07,704.43,0.5744,862.19,717.90,0.7703,796.43,747.41,0.7440,856.49,774.86,0.7653
111,top,4,776.26,440.33,884.44,638.48,801.32,460.56,0.9751,804.23,455.23,0.9178,796.49,457.17,0.9038,812.45,456.69,0.9423,792.62,461.52,0.8886,826.00,474.10,0.7648,791.17,486.19,0.8349,843.89,492.00,0.6610,789.71,514.74,0.7994,870.99,503.61,0.7564,811.48,511.83,0.6431,826.48,533.12,0.6963,799.87,533.60,0.7188,846.31,575.69,0.7660,794.07,566.98,0.7526,825.51,574.72,0.6417,788.75,617.29,0.8237
111,bottom,2,777.81,589.78,894.18,793.26,842.95,610.05,0.7713,844.94,608.06,0.5299,842.95,609.06,0.4231,833.02,613.53,0.7160,849.41,616.01,0.6285,814.14,631.91,0.7105,854.38,644.33,0.7321,785.32,664.70,0.7847,866.80,676.12,0.6890,761.98,693.01,0.8396,876.73,705.43,0.7534,790.79,691.52,0.7222,814.14,695.00,0.6141,818.11,708.91,0.5686,865.80,718.85,0.7543,798.74,748.16,0.7452,863.32,772.50,0.7723
112,top,0,777.52,433.53,883.86,638.17,804.71,454.92,0.9533,807.21,449.92,0.9162,799.72,451.42,0.9317,814.20,451.42,0.9588,794.72,456.41,0.9085,826.69,469.90,0.7616,793.22,481.89,0.8274,845.18,485.89,0.6364,794.22,510.87,0.8172,871.16,497.88,0.7557,816.70,507.87,0.6281,826.69,529.36,0.7125,799.72,529.85,0.7238,848.18,571.32,0.7776,794.22,566.82,0.7587,826.20,574.32,0.6961,788.73,617.28,0.8501
112,bottom,4,757.65,593.44,895.08,792.64,850.19,615.23,0.8259,851.17,614.25,0.4797,849.71,614.25,0.5551,839.98,618.63,0.6834,855.54,622.04,0.7062,818.58,636.14,0.7330,858.46,651.70,0.7856,786.00,665.81,0.7952,873.54,685.26,0.6171,762.65,691.58,0.8171,878.89,707.63,0.6415,791.83,695.96,0.7013,813.72,700.33,0.6277,821.50,711.52,0.4849,868.67,717.36,0.7710,799.62,748.48,0.7474,864.78,773.28,0.8136
113,top,1,777.18,428.55,883.26,637.80,807.23,448.88,0.9446,809.79,443.78,0.9166,802.63,445.82,0.9459,815.92,445.82,0.9226,797.01,450.42,0.9370,830.73,463.70,0.7696,795.48,475.96,0.8367,845.55,481.58,0.6773,798.55,507.63,0.7836,871.09,493.84,0.7154,818.47,508.14,0.5999,828.18,523.98,0.7248,801.10,525.51,0.7387,850.66,566.38,0.7939,795.48,565.87,0.7622,828.18,572.51,0.7259,788.84,615.94,0.8537
113,bottom,4,785.86,594.90,890.59,788.89,856.70,617.54,0.8237,856.22,616.11,0.5266,857.64,617.54,0.5976,845.80,619.90,0.7240,859.54,624.17,0.6520,824.49,636.01,0.7167,863.33,654.00,0.7489,791.34,663.48,0.7862,878.48,688.58,0.5801,767.66,689.05,0.8325,882.27,705.15,0.6081,796.55,697.58,0.7475,816.91,702.79,0.6878,821.18,713.68,0.5018,870.43,720.78,0.8040,798.44,748.73,0.7739,858.59,772.41,0.7888
114,top,0,777.26,427.41,866.65,637.93,811.16,443.24,0.8679,813.22,438.62,0.8281,806.54,440.16,0.8748,818.87,440.67,0.8208,801.40,445.30,0.8946,831.21,458.15,0.7487,798.31,472.02,0.8196,842.00,474.08,0.6312,800.37,504.40,0.8009,867.70,488.47,0.6157,824.01,509.54,0.5994,829.66,517.25,0.7178,801.91,518.28,0.7140,852.28,561.45,0.8014,796.77,563.51,0.7393,831.21,573.27,0.7465,788.55,615.93,0.8081
114,bottom,3,779.06,595.35,894.94,789.91,861.70,617.11,0.8557,862.65,616.16,0.5319,861.23,617.11,0.5916,852.20,619.01,0.7236,866.45,623.28,0.6925,829.40,634.21,0.7560,870.25,652.73,0.8031,799.48,662.23,0.7999,884.50,684.55,0.6887,775.73,688.35,0.7898,890.20,705.93,0.7726,801.38,697.85,0.7202,824.18,704.50,0.6632,811.35,716.85,0.6303,874.05,724.93,0.7909,797.10,749.63,0.7693,857.90,772.90,0.7916
115,top,0,778.11,422.91,866.41,637.52,815.45,438.00,0.8656,817.55,433.28,0.8399,810.21,434.86,0.8704,822.79,435.90,0.7939,804.45,440.10,0.9153,833.79,454.24,0.7778,800.78,468.39,0.8183,844.27,473.10,0.7134,801.83,500.87,0.7682,868.37,488.82,0.6862,822.26,514.50,0.6267,831.69,511.88,0.7084,803.40,513.45,0.6932,855.27,556.41,0.8057,798.16,562.18,0.7404,836.41,575.80,0.7601,787.68,615.62,0.8197
115,bottom,1,775.14,596.71,903.97,790.63,863.70,615.55,0.9164,865.12,615.55,0.5749,863.23,616.03,0.6221,854.71,618.40,0.7713,871.28,622.66,0.8046,831.51,634.49,0.7891,876.01,650.59,0.8406,804.52,665.74,0.7969,891.16,683.25,0.6761,781.80,691.30,0.8005,897.31,707.87,0.7509,809.73,698.88,0.6746,833.88,706.45,0.6743,803.10,723.49,0.5716,876.01,726.34,0.7966,798.37,753.32,0.7706,858.49,772.73,0.7582
116,top,1,777.76,420.42,867.63,636.52,820.06,435.09,0.8982,822.70,430.34,0.8457,815.31,431.92,0.8550,828.50,434.03,0.7719,808.98,437.20,0.9236,837.47,453.55,0.8004,804.23,466.22,0.8313,845.38,473.60,0.7232,802.65,499.45,0.7767,867.01,489.96,0.6863,821.11,519.50,0.6987,833.77,509.48,0.7140,805.81,512.11,0.6888,857.52,553.79,0.8232,799.48,560.65,0.7575,841.69,577.53,0.8177,786.29,613.94,0.8191
116,bottom,0,771.16,596.06,907.90,789.41,865.49,615.32,0.9199,866.43,614.85,0.5903,864.54,615.32,0.6258,856.99,618.15,0.7692,873.04,622.40,0.7944,833.86,634.67,0.7997,880.12,648.83,0.8442,808.84,666.77,0.7710,896.17,681.40,0.7213,785.71,689.90,0.7856,902.78,706.89,0.7799,816.40,698.40,0.6579,841.89,705.95,0.6537,808.84,725.77,0.7052,872.57,726.25,0.7872,793.27,763.07,0.7946,858.41,772.98,0.7610
117,top,1,777.21,419.67,876.72,631.86,824.89,435.11,0.9084,827.48,430.45,0.8371,819.71,431.49,0.8381,833.18,434.08,0.7657,813.50,436.67,0.9099,840.43,454.80,0.7931,807.28,465.68,0.8240,845.61,476.55,0.7020,804.17,501.42,0.7774,865.30,492.61,0.6313,819.71,525.77,0.7099,835.25,511.26,0.6984,807.80,512.30,0.6676,860.12,553.74,0.8215,802.62,560.48,0.7745,849.24,580.68,0.7947,785.00,609.17,0.8242
117,bottom,0,775.84,597.28,911.95,790.93,867.54,615.15,0.9261,868.96,615.15,0.6118,866.59,615.15,0.6666,859.50,617.51,0.7257,874.63,621.29,0.8096,834.92,633.11,0.7924,883.61,647.77,0.8570,808.91,665.73,0.8022,896.38,680.39,0.7361,788.11,687.95,0.8027,903.94,706.87,0.6953,822.15,696.46,0.6908,847.68,702.61,0.6627,816.48,726.72,0.7743,869.43,729.09,0.7703,795.20,769.27,0.8449,858.08,773.53,0.7709
118,top,1,775.25,421.66,879.79,632.13,829.58,436.45,0.8877,832.66,431.83,0.8129,824.95,432.86,0.8167,837.80,435.94,0.7981,818.27,438.51,0.8697,842.94,457.52,0.7872,810.56,467.29,0.8105,847.05,483.22,0.7099,804.40,501.71,0.7283,866.57,502.74,0.7235,814.67,529.46,0.7446,834.20,514.56,0.6924,808.51,515.59,0.6526,861.95,554.13,0.7774,805.42,562.86,0.7666,857.32,584.44,0.7262,783.33,609.11,0.8376
118,bottom,0,776.49,595.26,907.87,796.82,870.23,613.37,0.9294,871.21,613.37,0.6256,870.23,613.86,0.6636,861.37,615.34,0.7930,877.61,620.26,0.8068,836.27,632.07,0.7798,884.99,646.34,0.8293,810.19,665.04,0.7587,894.34,680.30,0.7066,789.52,686.69,0.7788,901.23,709.82,0.6856,826.92,697.52,0.6865,853.01,702.44,0.6369,822.00,731.47,0.7375,869.24,735.90,0.7227,801.83,773.79,0.8152,861.37,775.27,0.7751
119,top,0,773.89,422.17,885.56,633.57,835.40,439.10,0.8763,838.50,434.46,0.8094,830.24,435.49,0.8018,843.15,439.62,0.8212,823.02,442.20,0.8735,846.76,461.81,0.8044,813.21,471.62,0.8247,849.34,488.65,0.7789,806.50,506.71,0.6886,866.89,510.33,0.8073,811.66,536.65,0.6658,833.86,519.62,0.7270,810.63,521.68,0.6910,865.86,554.71,0.8161,808.57,565.55,0.7495,864.82,588.26,0.7385,782.76,609.42,0.8470
119,bottom,1,776.72,593.62,906.91,809.77,871.89,614.62,0.9212,873.48,614.09,0.6584,870.84,614.09,0.7050,863.45,616.20,0.8008,879.28,620.42,0.8291,838.12,633.62,0.7961,887.20,648.39,0.8650,811.21,665.81,0.7506,891.95,683.22,0.7239,790.63,686.39,0.7754,898.28,714.89,0.7371,831.79,701.69,0.7010,859.76,705.39,0.6676,825.98,740.74,0.7134,870.84,741.27,0.7149,808.57,777.68,0.8158,868.73,778.74,0.8079
120,top,0,774.14,426.68,890.91,633.42,841.61,441.22,0.9114,844.64,437.18,0.9016,837.07,437.68,0.8246,848.68,442.73,0.8045,830.00,443.74,0.8946,851.20,464.43,0.8179,818.90,473.02,0.8325,852.21,491.69,0.8022,809.81,505.82,0.7342,870.38,514.40,0.8101,809.81,541.15,0.6757,835.55,521.47,0.7591,813.85,523.99,0.7406,868.86,554.78,0.8151,811.83,567.40,0.7794,869.87,592.13,0.7546,783.57,608.79,0.8329
120,bottom,1,777.29,597.10,906.96,827.23,874.71,618.90,0.8707,876.40,617.21,0.6397,874.71,617.21,0.6364,865.16,619.46,0.7798,881.45,623.95,0.8189,839.31,639.69,0.8019,888.19,653.17,0.8684,813.47,670.02,0.7481,890.44,688.00,0.7601,790.43,689.69,0.7509,896.06,719.47,0.7477,834.82,709.35,0.7006,861.23,712.72,0.6701,829.76,752.61,0.7075,878.08,740.25,0.7139,814.03,789.70,0.7568,869.65,782.39,0.7533
121,top,0,774.22,427.04,892.86,633.52,848.16,441.05,0.8604,851.18,437.02,0.8324,843.62,437.02,0.8112,855.21,443.07,0.7077,836.06,444.08,0.8942,856.73,465.25,0.8304,823.96,471.80,0.8297,857.23,492.98,0.8014,812.37,504.57,0.7535,875.88,516.16,0.8044,807.83,538.85,0.6883,841.60,522.72,0.7515,819.93,525.24,0.7377,874.37,554.47,0.8039,810.85,568.59,0.7580,869.33,591.78,0.7691,782.62,610.43,0.8205
121,bottom,1,775.01,608.49,906.40,835.82,878.44,626.14,0.8267,879.00,625.03,0.5334,880.11,626.14,0.5936,867.34,626.14,0.7470,884.55,631.69,0.7950,842.37,646.12,0.7935,891.76,658.89,0.8535,816.84,675.54,0.7506,891.21,696.63,0.7481,791.87,697.74,0.7414,896.20,728.82,0.7090,838.49,716.61,0.6820,866.23,719.38,0.6591,835.16,763.78,0.7426,885.66,747.13,0.7379,815.73,805.40,0.7550,871.23,789.31,0.7890
122,top,1,774.61,424.00,898.90,632.93,856.14,436.65,0.8439,859.71,433.08,0.7877,851.55,433.08,0.8288,863.79,439.71,0.7659,844.40,439.71,0.8842,865.32,461.64,0.8314,829.61,467.76,0.8094,866.34,489.70,0.8077,816.35,498.88,0.7580,884.19,514.18,0.8071,810.23,529.99,0.6836,848.48,519.28,0.7231,825.53,521.32,0.7007,879.60,552.95,0.7859,810.74,566.21,0.7252,868.38,592.23,0.7938,783.19,610.59,0.7960
122,bottom,0,779.77,617.00,907.55,839.76,881.73,632.12,0.8086,882.82,630.49,0.5179,881.73,631.58,0.5942,871.40,632.66,0.7381,888.26,637.01,0.7950,846.93,652.79,0.7640,894.24,664.75,0.8417,820.28,682.15,0.7424,894.24,701.19,0.7572,794.72,706.63,0.7496,898.59,731.65,0.6807,843.12,721.86,0.6539,871.40,723.49,0.6570,837.14,769.17,0.7468,890.98,752.31,0.7225,817.56,813.77,0.7456,877.38,799.08,0.8267
123,top,1,778.74,417.88,903.69,631.95,863.69,431.36,0.8472,867.35,427.70,0.7727,858.98,427.18,0.8146,872.05,434.50,0.7623,851.67,434.50,0.8820,874.14,455.92,0.8270,835.99,462.20,0.7777,876.23,484.67,0.7759,821.35,494.08,0.7470,892.43,510.80,0.8135,814.56,525.96,0.6686,856.37,513.42,0.7174,832.33,513.94,0.6853,884.07,552.61,0.7742,815.60,559.93,0.6840,869.96,592.86,0.7683,786.86,608.54,0.7692
123,bottom,0,786.73,621.06,911.88,839.42,887.16,637.48,0.8242,888.76,636.41,0.4996,888.23,636.95,0.5648,877.56,637.48,0.7231,894.62,642.28,0.7835,851.97,656.14,0.7626,899.95,667.33,0.8336,828.52,688.12,0.7391,902.09,698.79,0.7272,802.93,714.78,0.7590,905.82,727.04,0.6582,848.24,725.97,0.6668,874.36,726.51,0.6689,837.58,771.29,0.7540,896.22,757.96,0.7673,815.19,819.80,0.8022,887.16,802.21,0.8318
124,top,1,786.55,412.13,910.11,626.05,870.27,425.60,0.8506,874.45,422.47,0.8172,866.09,421.95,0.8208,880.19,428.74,0.8158,859.30,428.21,0.8727,882.80,449.63,0.8214,842.59,455.37,0.7773,887.50,475.22,0.7393,826.40,486.71,0.7653,899.51,502.90,0.7587,818.04,518.04,0.7149,864.52,508.12,0.7129,839.45,507.60,0.6758,885.41,550.95,0.7834,822.74,554.08,0.7284,869.75,591.68,0.7683,796.11,602.13,0.7358
124,bottom,0,802.49,624.44,919.29,842.02,894.89,639.21,0.8919,897.01,637.09,0.5668,893.83,637.09,0.5755,885.33,639.21,0.6868,902.86,642.93,0.7297,860.89,660.99,0.7840,908.70,669.49,0.8368,839.64,694.46,0.7316,912.95,704.02,0.7071,816.27,724.20,0.7712,908.70,725.27,0.6012,854.52,729.52,0.6722,882.67,731.11,0.6808,836.46,773.61,0.7607,900.73,773.07,0.7612,815.21,820.88,0.8100,898.07,807.60,0.8009
125,top,1,800.63,405.81,919.47,609.23,875.94,419.12,0.8752,879.92,416.14,0.8380,871.97,415.64,0.8209,885.38,422.10,0.7654,865.02,422.10,0.8458,890.35,442.96,0.8728,849.13,448.42,0.8162,895.31,466.80,0.8004,830.75,477.72,0.7859,906.24,494.11,0.7848,821.81,509.51,0.7343,871.47,503.05,0.7355,845.65,501.56,0.6968,884.39,547.75,0.8238,830.75,549.24,0.8164,869.98,590.95,0.8034,809.39,593.93,0.7927
125,bottom,0,805.14,623.13,929.23,851.26,905.61,639.73,0.8660,907.28,638.06,0.5661,905.05,638.06,0.6148,895.59,639.73,0.6811,912.85,643.63,0.7210,871.08,662.57,0.7685,917.86,669.25,0.8195,858.83,697.65,0.7305,922.88,704.34,0.7122,835.44,727.73,0.7016,911.18,712.13,0.3369,864.95,729.40,0.6401,892.24,732.19,0.6715,838.78,775.63,0.7514,903.38,781.75,0.7595,817.06,820.18,0.8034,908.40,819.07,0.7624
126,top,0,811.75,400.71,921.73,612.33,881.72,413.52,0.8806,885.33,409.90,0.8709,877.59,409.90,0.8098,890.50,416.62,0.7885,869.84,416.62,0.8689,897.73,438.32,0.8440,854.34,441.93,0.7933,903.42,461.57,0.7656,836.77,470.35,0.7799,912.72,487.40,0.7756,827.47,502.90,0.7157,878.62,498.25,0.7178,852.27,496.18,0.6968,884.30,542.68,0.7864,840.39,543.20,0.7741,870.87,590.22,0.8432,821.27,594.35,0.8186
126,bottom,3,813.03,626.98,936.66,867.53,915.37,643.30,0.8497,917.72,641.54,0.5857,915.37,641.54,0.6796,906.56,643.30,0.6553,922.42,646.83,0.6748,883.07,665.03,0.7512,927.70,670.91,0.8187,877.78,698.51,0.7241,931.81,704.97,0.7514,858.40,730.81,0.6632,911.85,702.62,0.4155,872.50,731.40,0.6368,901.27,736.68,0.6486,845.48,776.03,0.7726,906.56,789.54,0.7621,822.58,817.14,0.7913,915.96,830.65,0.7433
127,top,1,823.50,394.31,929.06,608.84,886.75,408.34,0.8783,890.42,405.20,0.8909,882.56,404.68,0.8272,895.14,411.49,0.8313,874.71,410.44,0.8910,904.04,433.48,0.8392,858.47,435.05,0.8085,909.28,457.58,0.7765,842.76,464.39,0.7772,919.23,483.76,0.7866,834.38,496.33,0.7015,884.66,492.14,0.6895,857.95,490.05,0.6711,886.23,538.76,0.7614,848.52,537.19,0.7508,873.66,586.95,0.8208,838.04,586.95,0.8223
127,bottom,0,817.45,632.48,961.65,878.19,926.14,646.76,0.7850,926.14,644.96,0.4996,925.54,645.56,0.5664,915.34,647.96,0.6308,933.34,651.56,0.6618,892.55,670.75,0.7322,936.94,676.15,0.7895,888.95,703.74,0.7096,939.34,709.14,0.7627,870.95,737.34,0.6748,921.94,697.15,0.4015,882.35,737.34,0.6129,909.34,742.74,0.6086,854.16,779.33,0.7648,909.34,798.52,0.7350,830.76,818.32,0.8109,916.54,845.91,0.7746
128,top,1,831.66,388.48,931.86,606.17,891.33,404.32,0.8600,895.05,401.13,0.8862,887.61,400.60,0.8212,899.83,406.45,0.8638,880.17,405.92,0.8743,908.34,429.30,0.8657,863.16,430.89,0.8419,914.71,453.75,0.7811,847.75,460.66,0.7931,923.75,481.91,0.7855,841.37,490.95,0.7210,890.27,487.76,0.7005,863.16,486.17,0.6850,889.74,535.06,0.7624,856.79,535.06,0.7452,881.23,583.42,0.8284,856.25,576.51,0.7920
128,bottom,0,825.70,636.11,956.17,880.78,933.94,651.52,0.7576,935.14,649.73,0.5251,935.14,650.33,0.6318,924.98,652.12,0.6651,941.11,656.90,0.6865,903.48,676.61,0.7469,944.70,681.39,0.8165,898.10,712.45,0.7483,944.10,712.45,0.7109,878.39,744.11,0.6822,926.18,696.92,0.3653,892.73,741.12,0.6406,917.82,747.09,0.6687,864.06,783.53,0.7626,913.63,803.24,0.7467,839.56,825.34,0.7958,914.83,858.20,0.8027
129,top,1,841.71,387.16,929.12,599.42,896.29,402.08,0.8905,899.92,398.46,0.8882,892.67,397.94,0.8326,905.10,404.16,0.8809,885.41,403.64,0.8545,914.43,426.96,0.8759,868.31,426.96,0.8485,920.13,452.35,0.7646,853.80,457.02,0.7986,927.39,479.82,0.7350,848.10,486.04,0.7148,895.78,484.48,0.6673,869.35,482.41,0.6680,893.18,533.71,0.7311,865.20,534.75,0.7099,890.08,580.35,0.8275,869.86,563.25,0.7550
129,bottom,0,838.75,639.44,961.64,883.20,943.04,655.39,0.7125,943.04,653.01,0.4856,944.83,653.60,0.6031,932.93,655.98,0.6223,949.59,659.55,0.6687,911.50,680.38,0.7262,952.57,684.55,0.7756,905.55,717.28,0.7567,949.59,714.30,0.6964,882.94,748.82,0.7312,931.74,692.29,0.3147,903.17,747.04,0.6212,927.57,751.80,0.6550,874.60,790.48,0.7416,919.24,807.74,0.7280,851.39,835.71,0.7725,917.45,862.49,0.7688
130,top,1,850.33,384.50,935.68,594.99,901.22,399.82,0.8179,905.33,396.73,0.8468,897.63,396.22,0.7946,910.47,402.39,0.8526,890.43,401.87,0.8349,919.21,425.51,0.8332,873.47,425.00,0.8099,924.86,452.23,0.7355,859.60,456.34,0.7755,932.57,482.55,0.7169,855.49,486.66,0.6736,901.22,482.55,0.6171,875.53,481.01,0.6232,896.60,531.37,0.7124,871.42,535.48,0.7327,899.17,573.51,0.7709,883.24,554.49,0.7222
130,bottom,0,852.32,640.96,971.05,884.93,951.00,656.32,0.7476,949.81,653.94,0.4978,952.78,655.13,0.6030,939.68,656.92,0.6374,958.14,660.49,0.6588,920.02,682.53,0.7580,961.12,685.51,0.7903,913.47,717.08,0.7566,949.81,714.10,0.5738,890.24,748.05,0.7208,927.17,683.72,0.3651,914.66,748.05,0.6487,938.49,752.82,0.6802,887.26,796.90,0.7581,924.19,808.81,0.7723,868.20,846.93,0.8030,917.64,864.20,0.8162
131,top,1,858.67,383.87,939.58,593.85,906.81,400.17,0.8205,910.91,397.09,0.8602,902.71,396.58,0.8078,915.01,402.22,0.8613,895.53,401.71,0.8479,924.75,425.80,0.8307,879.13,424.26,0.8107,929.88,451.95,0.7264,866.31,456.05,0.7743,936.03,481.68,0.7223,863.24,487.83,0.6282,905.27,484.76,0.6473,881.69,483.73,0.6495,901.69,532.95,0.7439,879.64,537.56,0.7178,905.79,572.93,0.7591,896.05,546.27,0.6827
131,bottom,0,872.84,639.02,977.94,885.45,960.29,654.54,0.7295,959.08,652.74,0.4704,962.09,653.34,0.5985,948.86,654.54,0.6393,968.11,658.75,0.6743,927.80,679.21,0.7804,969.31,684.02,0.8039,919.98,714.70,0.7378,956.08,711.09,0.5630,895.91,746.59,0.7514,937.43,680.41,0.3799,924.79,747.79,0.6493,948.86,752.00,0.6724,902.53,801.94,0.7532,932.61,810.36,0.7761,887.49,856.69,0.7912,919.38,863.91,0.8156
132,top,0,864.54,385.05,942.73,594.09,911.80,400.25,0.8331,915.38,396.68,0.8909,908.23,396.68,0.8262,919.97,402.30,0.8806,900.57,402.30,0.8643,928.64,425.26,0.8349,884.24,423.73,0.8233,933.24,451.29,0.7533,871.99,456.40,0.7946,940.38,481.40,0.7665,870.97,486.00,0.6686,909.76,484.98,0.6861,886.79,484.47,0.6746,904.15,529.38,0.7673,886.28,536.01,0.6484,906.19,573.27,0.7708,905.68,540.10,0.5379
132,bottom,1,888.90,636.92,988.68,888.05,969.45,653.35,0.6730,967.61,651.51,0.4796,971.29,652.13,0.5643,959.02,653.35,0.6129,978.03,657.64,0.6553,936.95,678.49,0.7874,978.64,681.56,0.8010,928.37,714.05,0.7502,964.54,701.18,0.5625,905.07,745.32,0.7691,945.54,673.58,0.4550,935.73,747.77,0.6571,960.25,750.22,0.6731,918.56,804.18,0.7446,946.15,812.76,0.7375,911.20,858.13,0.7631,930.21,866.10,0.7542
133,top,1,870.86,385.64,948.13,593.98,916.10,400.29,0.8482,920.17,397.23,0.8767,912.54,396.72,0.8485,924.24,402.32,0.9117,904.91,402.32,0.8706,933.40,425.21,0.8444,889.15,423.68,0.8172,937.47,450.13,0.7603,877.45,456.24,0.7790,944.59,480.65,0.7484,877.96,485.23,0.6661,915.09,485.74,0.6764,893.22,485.74,0.6630,906.44,528.46,0.7197,892.71,533.55,0.6388,906.44,573.73,0.7373,913.56,540.16,0.6226
133,bottom,0,899.40,638.77,998.73,895.68,977.92,655.58,0.6562,976.67,653.07,0.4780,979.17,654.33,0.5612,967.88,655.58,0.6043,986.07,659.34,0.6500,947.81,680.67,0.7567,987.33,683.81,0.7818,937.78,717.05,0.7394,974.16,700.74,0.5426,913.32,747.15,0.7651,956.59,675.02,0.4598,946.56,749.04,0.6463,970.39,750.29,0.6590,931.51,809.25,0.7140,958.48,812.39,0.7125,929.00,865.70,0.7405,947.19,866.33,0.7356
134,top,0,876.68,384.19,952.80,593.65,919.85,398.91,0.8839,923.43,395.85,0.8961,915.76,395.85,0.8777,927.52,400.96,0.9399,908.60,400.96,0.8923,937.24,422.44,0.8594,893.77,422.95,0.8311,941.33,448.01,0.7706,882.52,455.17,0.7889,947.98,476.13,0.7467,883.03,483.29,0.6814,920.87,483.80,0.6800,899.91,483.80,0.6698,911.16,524.20,0.7146,900.93,528.30,0.6359,906.04,572.27,0.7487,920.36,538.52,0.6909
134,bottom,1,908.63,642.37,1007.48,902.85,986.67,658.77,0.6432,984.76,656.87,0.4851,986.03,656.87,0.5501,976.49,659.41,0.5583,993.66,663.22,0.6132,955.51,684.85,0.7517,996.21,687.39,0.7491,947.88,724.91,0.7583,986.03,713.46,0.5442,922.44,751.62,0.7751,969.50,684.85,0.3864,956.78,753.53,0.6546,981.58,752.89,0.6693,944.70,816.49,0.7246,970.13,816.49,0.7526,950.42,876.26,0.6888,967.59,874.99,0.7668
135,top,1,881.44,382.79,957.73,591.38,923.15,398.48,0.9060,926.71,394.91,0.8771,919.07,394.91,0.8692,931.30,400.00,0.9161,912.45,400.51,0.8700,940.97,419.36,0.8633,897.69,421.90,0.8366,944.03,442.27,0.7597,887.50,454.49,0.7983,951.16,469.26,0.7229,889.03,483.52,0.7010,927.22,479.45,0.6851,906.34,479.96,0.6657,918.57,521.21,0.7175,909.91,525.28,0.6303,908.89,570.09,0.7615,927.73,538.52,0.7508
135,bottom,0,916.34,649.66,1015.98,910.81,991.66,664.19,0.6062,989.11,662.92,0.4769,992.94,662.92,0.5397,984.65,666.74,0.5669,1002.50,670.57,0.6072,964.89,692.25,0.7741,1005.05,694.16,0.7817,958.51,733.69,0.7542,995.49,723.49,0.5816,931.09,759.19,0.7457,979.55,700.54,0.3665,967.44,767.48,0.6832,990.39,764.93,0.6820,955.32,825.50,0.7444,981.46,823.59,0.7801,969.99,884.79,0.7684,992.30,882.88,0.7972
136,top,0,886.01,383.06,960.10,586.90,926.54,397.40,0.8633,930.02,394.41,0.8413,922.56,394.41,0.8647,934.50,398.39,0.8658,915.59,398.89,0.8494,944.95,416.81,0.8296,901.66,420.79,0.7978,948.93,438.70,0.7474,891.21,453.13,0.7679,955.90,466.07,0.7326,892.20,481.50,0.6906,934.01,477.52,0.6492,913.10,478.51,0.6319,927.04,518.33,0.7129,918.58,520.82,0.5699,914.60,566.10,0.7547,936.00,536.24,0.7720
136,bottom,1,925.57,658.87,1026.96,916.13,996.99,673.82,0.6254,996.36,671.94,0.5422,1000.76,671.94,0.5272,994.48,676.33,0.5876,1011.43,679.47,0.6184,973.75,702.71,0.7861,1013.32,703.97,0.7658,971.24,744.79,0.7416,1007.67,733.49,0.5708,940.46,766.15,0.7362,985.68,746.68,0.3851,978.77,778.08,0.7199,1000.76,775.57,0.7244,965.59,837.12,0.7754,989.45,830.21,0.7800,988.20,894.27,0.7896,1013.95,887.36,0.8179
137,top,0,890.14,380.01,966.88,581.82,930.98,395.68,0.8732,934.43,392.72,0.8365,926.54,392.23,0.8531,938.86,397.16,0.8728,919.64,396.66,0.8376,949.21,414.40,0.8235,905.85,419.33,0.7947,954.63,435.09,0.7452,895.01,451.85,0.7272,961.52,461.70,0.7738,896.49,481.41,0.6467,941.32,475.50,0.6108,919.15,477.47,0.6039,933.93,515.40,0.6642,922.60,519.34,0.5502,923.09,561.72,0.7188,936.89,538.07,0.6740
137,bottom,1,930.10,669.76,1035.78,922.19,1003.89,684.43,0.6704,1005.13,682.58,0.5892,1006.36,681.96,0.5788,1005.13,688.74,0.6381,1019.30,691.20,0.6184,982.94,715.24,0.8214,1021.15,714.62,0.7796,981.71,757.76,0.7859,1022.38,743.59,0.6703,946.58,771.94,0.7907,995.88,741.74,0.4322,988.49,791.66,0.7595,1011.29,789.81,0.7694,978.63,848.36,0.7799,999.58,843.43,0.7815,1003.89,900.12,0.8293,1021.15,899.51,0.8420
138,top,0,893.90,377.81,972.52,579.12,935.17,392.95,0.8775,939.10,389.51,0.8209,930.75,389.51,0.8142,943.53,393.93,0.8682,924.36,393.93,0.8452,954.34,410.64,0.8593,910.11,416.54,0.8325,960.24,429.81,0.8029,899.79,447.50,0.7631,966.14,457.83,0.8256,900.28,479.94,0.6842,946.48,474.04,0.6523,922.89,476.50,0.6453,941.07,516.31,0.6681,925.34,524.17,0.5810,933.70,558.58,0.7368,936.16,522.70,0.4811
138,bottom,1,937.75,681.45,1044.95,928.44,1011.25,693.99,0.6294,1013.06,691.58,0.5430,1012.45,690.98,0.5542,1013.06,699.42,0.5825,1023.31,700.62,0.5487,993.16,726.55,0.7663,1028.74,724.14,0.7221,991.95,768.77,0.7584,1034.77,751.88,0.7107,953.96,776.60,0.7356,1018.48,748.26,0.3726,1001.60,800.12,0.7269,1022.10,798.92,0.7304,990.14,858.61,0.7523,1005.82,848.36,0.6989,1021.50,905.65,0.7386,1019.69,900.22,0.7288
139,top,1,898.18,373.67,980.15,570.16,940.12,389.89,0.8453,943.48,386.05,0.8019,935.81,386.53,0.8273,948.28,390.85,0.8591,929.09,390.85,0.8563,959.79,407.64,0.8332,915.18,413.87,0.7977,966.99,425.86,0.7779,904.15,444.57,0.7188,972.74,452.25,0.8057,903.19,476.23,0.6563,952.12,467.12,0.6249,928.61,469.52,0.6191,952.12,506.94,0.6650,928.13,514.61,0.6070,947.80,554.43,0.7150,935.33,537.64,0.7266
139,bottom,0,944.68,690.68,1055.73,934.19,1020.42,704.83,0.5986,1020.42,703.05,0.5075,1020.42,702.45,0.5006,1019.82,708.99,0.5903,1034.09,710.18,0.5674,1001.99,736.93,0.7463,1037.06,733.37,0.7266,1001.39,778.55,0.7379,1045.98,757.74,0.7198,963.35,779.74,0.6882,1032.31,755.36,0.4237,1015.07,808.27,0.6783,1032.31,807.09,0.7131,1004.96,867.73,0.6789,1007.34,852.27,0.5217,1039.44,911.12,0.6508,1016.26,901.61,0.6379
140,top,1,901.93,372.44,985.87,568.20,944.86,387.16,0.8313,948.68,383.82,0.8042,941.03,383.82,0.8350,953.46,388.59,0.8631,934.34,388.59,0.8522,964.93,405.32,0.8100,920.00,411.06,0.7712,973.05,424.44,0.7597,908.06,441.17,0.7390,979.27,451.68,0.7781,906.14,471.27,0.6835,956.80,461.24,0.6475,932.43,462.67,0.6448,961.11,502.82,0.7093,929.08,508.07,0.6831,960.63,546.79,0.7974,937.69,540.10,0.7650
140,bottom,0,954.55,698.92,1073.97,962.32,1027.12,712.29,0.6579,1028.41,711.01,0.5960,1029.69,710.37,0.5267,1028.41,717.44,0.6635,1043.20,720.65,0.6067,1010.40,745.73,0.7818,1044.48,741.88,0.7630,1010.40,788.18,0.7896,1055.42,765.67,0.7961,972.46,784.32,0.7495,1045.13,757.95,0.4706,1025.19,817.11,0.6921,1041.91,812.61,0.7099,1023.26,878.85,0.6770,1003.97,840.91,0.6933,1055.42,925.15,0.7059,1020.69,900.71,0.7464
141,top,0,906.37,370.46,994.50,565.75,950.43,385.14,0.8712,953.77,381.81,0.8325,946.14,382.28,0.8475,959.01,386.57,0.8703,939.47,387.05,0.8912,969.98,403.74,0.8178,925.16,409.46,0.7910,979.04,423.76,0.7791,912.77,439.02,0.7652,985.72,451.89,0.7871,909.91,469.54,0.7180,961.88,459.05,0.6674,935.18,460.95,0.6599,970.93,501.96,0.7384,931.36,506.25,0.7104,978.56,544.87,0.7631,938.04,541.53,0.7859
141,bottom,1,959.36,705.98,1088.58,974.32,1036.42,722.23,0.6845,1035.11,720.92,0.6153,1038.38,721.58,0.5486,1033.80,727.47,0.7157,1051.48,731.40,0.6594,1018.73,754.99,0.7892,1053.45,751.06,0.7622,1019.38,797.57,0.7983,1065.24,772.02,0.7979,980.73,789.71,0.7645,1050.83,751.71,0.4538,1035.76,827.05,0.7168,1052.79,821.81,0.7324,1041.00,888.63,0.7178,1011.52,843.43,0.7903,1070.48,939.73,0.7845,1023.31,900.43,0.8021
142,top,0,909.48,370.09,1008.06,563.22,955.47,385.08,0.8687,959.24,381.78,0.8414,951.22,381.78,0.8353,964.43,386.03,0.7974,944.62,386.50,0.8932,975.27,403.47,0.7866,930.01,408.19,0.7740,985.17,422.80,0.7622,917.27,436.01,0.7669,992.72,450.15,0.7729,913.50,467.13,0.6984,967.26,459.11,0.6871,939.91,460.05,0.6724,980.93,500.60,0.7075,933.31,504.38,0.7057,991.30,537.38,0.7895,938.49,542.10,0.7796
142,bottom,1,970.48,714.27,1101.32,979.41,1041.73,730.32,0.6694,1043.02,729.03,0.6344,1045.61,729.68,0.5362,1043.67,738.74,0.7057,1059.20,741.97,0.6071,1028.78,767.22,0.7802,1061.79,758.80,0.7080,1026.84,807.35,0.7706,1075.39,776.28,0.7213,988.65,794.41,0.8018,1063.09,754.92,0.4062,1046.26,833.89,0.7033,1062.44,829.36,0.7132,1053.38,901.86,0.6941,1019.07,846.19,0.7641,1087.04,949.76,0.8243,1025.54,900.57,0.7541
143,top,0,912.09,371.12,1023.74,560.35,960.98,385.35,0.8506,964.22,382.12,0.8237,956.83,382.12,0.8247,969.30,386.74,0.8102,949.90,387.20,0.8593,980.39,404.75,0.7536,934.19,408.45,0.7656,992.40,426.01,0.7580,922.18,435.71,0.7586,999.33,453.73,0.7538,917.09,465.27,0.7329,972.07,459.27,0.6763,944.35,460.66,0.6718,990.09,498.54,0.7116,936.50,503.16,0.7011,1008.11,534.57,0.7522,938.35,541.97,0.8105
143,bottom,1,976.49,722.44,1110.42,980.64,1046.61,738.07,0.6947,1048.50,737.44,0.6500,1049.76,736.81,0.5588,1050.39,746.90,0.6848,1066.15,748.79,0.5843,1037.15,774.63,0.7500,1069.30,765.81,0.6682,1032.11,813.72,0.7400,1085.06,775.89,0.7431,995.55,796.70,0.7996,1073.08,746.90,0.5895,1056.69,842.71,0.6860,1074.34,837.04,0.7258,1056.06,909.53,0.6747,1025.18,850.91,0.7642,1094.52,955.55,0.7712,1033.37,905.12,0.7182
144,top,0,915.99,372.70,1038.02,560.44,966.46,387.27,0.8677,970.13,384.06,0.8274,962.80,384.06,0.8593,974.71,388.19,0.8346,955.46,388.65,0.8379,986.17,406.06,0.7514,939.88,409.27,0.7887,998.09,428.07,0.7463,927.50,436.77,0.7724,1005.42,457.86,0.7645,921.55,466.57,0.7373,977.46,461.07,0.6544,949.05,461.98,0.6672,999.47,499.11,0.6704,939.42,501.86,0.6946,1020.09,530.74,0.7385,938.96,541.28,0.8234
144,bottom,1,988.65,723.23,1110.97,981.75,1054.23,745.83,0.6916,1055.49,744.56,0.6117,1056.75,745.19,0.5264,1056.75,752.14,0.6565,1072.53,754.03,0.5950,1046.65,777.38,0.7446,1075.69,771.07,0.6760,1039.71,817.15,0.7520,1093.99,771.07,0.7138,1007.52,796.32,0.7932,1080.74,740.78,0.6379,1063.70,843.66,0.6679,1082.63,840.50,0.7195,1055.49,912.45,0.6601,1030.88,855.02,0.7641,1094.62,957.90,0.7444,1047.29,909.93,0.6962
145,top,0,920.62,374.93,1048.38,559.61,971.88,389.72,0.8749,975.48,386.11,0.8212,967.82,386.11,0.8627,980.44,390.62,0.8310,961.05,390.62,0.8494,991.26,408.20,0.7474,945.72,411.36,0.8009,1003.89,429.85,0.7289,933.10,437.96,0.7824,1010.20,460.06,0.7497,925.88,466.82,0.7274,983.15,461.86,0.6536,954.29,462.76,0.6724,1007.50,499.28,0.6578,944.37,501.09,0.6740,1026.43,527.24,0.7445,939.86,542.12,0.7700
145,bottom,1,1002.63,716.12,1114.04,982.00,1062.23,747.80,0.6620,1062.23,745.20,0.5260,1063.53,746.50,0.4487,1061.58,751.04,0.6320,1078.46,752.34,0.5899,1055.09,776.36,0.7261,1082.35,771.17,0.6634,1048.60,814.01,0.7390,1101.18,764.68,0.6505,1020.69,789.34,0.8133,1092.09,734.17,0.6885,1070.02,840.62,0.6862,1086.90,839.97,0.7078,1058.34,910.07,0.6133,1037.57,858.15,0.6883,1096.63,959.41,0.6829,1056.39,919.81,0.6979
146,top,0,925.25,378.77,1050.41,559.88,978.55,392.83,0.8626,981.20,389.73,0.8200,974.13,389.73,0.8468,985.62,393.71,0.7832,967.05,394.15,0.8394,996.68,411.40,0.7283,951.57,414.05,0.7901,1009.94,431.74,0.7366,938.75,440.58,0.7566,1016.13,462.69,0.7453,930.35,471.09,0.7195,990.04,463.58,0.6335,960.86,464.02,0.6787,1013.48,499.39,0.6899,948.92,502.05,0.7046,1030.28,526.37,0.7749,940.52,541.40,0.7519
146,bottom,1,1039.81,703.26,1122.26,982.28,1072.86,740.59,0.6226,1074.23,737.87,0.5167,1073.55,737.87,0.4679,1072.18,744.00,0.6282,1087.17,744.68,0.5283,1064.01,769.88,0.7079,1091.26,763.75,0.6064,1056.52,805.99,0.6958,1111.69,754.90,0.6709,1034.04,778.74,0.6874,1106.92,724.93,0.7447,1066.05,844.13,0.6543,1083.76,842.09,0.5976,1059.92,904.08,0.6667,1059.92,882.96,0.4296,1096.02,958.57,0.6638,1072.18,936.78,0.6260
147,top,0,926.23,382.55,1050.12,559.93,983.84,395.89,0.8701,986.88,392.86,0.8634,979.51,392.42,0.8360,991.21,396.75,0.7478,972.15,397.19,0.8591,1002.03,414.51,0.7107,956.99,417.54,0.7478,1015.46,434.86,0.7310,944.00,442.66,0.7536,1020.22,464.74,0.7161,936.21,471.67,0.7342,996.40,465.61,0.5944,967.39,466.47,0.6359,1018.92,499.82,0.6809,953.53,503.28,0.7035,1030.18,529.27,0.8028,941.41,541.39,0.7932
147,bottom,1,1044.13,693.31,1141.05,981.14,1083.45,736.73,0.5292,1084.16,736.03,0.4598,1085.56,735.33,0.4250,1083.45,739.55,0.5215,1091.18,741.65,0.4949,1070.10,763.44,0.6401,1093.99,759.22,0.5583,1060.26,800.68,0.5460,1117.18,748.68,0.5479,1055.34,765.55,0.3971,1120.70,714.25,0.5889,1065.18,837.93,0.7174,1081.34,837.22,0.6912,1063.78,894.84,0.7320,1070.80,886.41,0.6556,1093.29,955.98,0.6819,1091.18,929.98,0.6480
148,top,1,925.70,384.24,1051.81,561.85,987.88,397.59,0.8521,991.35,394.13,0.8183,983.55,394.13,0.7992,996.12,398.46,0.7419,976.61,398.90,0.8142,1006.96,415.81,0.7031,961.43,419.28,0.7337,1019.54,436.62,0.7312,948.43,444.43,0.7500,1023.87,466.54,0.7178,940.62,472.18,0.7158,1000.03,465.67,0.5824,971.84,466.97,0.6177,1024.31,501.23,0.6481,959.70,504.26,0.6939,1030.81,529.41,0.8064,942.35,541.56,0.8051
148,bottom,0,1043.93,685.86,1154.82,978.95,1096.51,732.23,0.4999,1094.37,728.65,0.4554,1098.66,728.65,0.4035,1087.93,732.23,0.5611,1103.67,734.37,0.5184,1072.19,751.55,0.5604,1101.52,750.83,0.5352,1065.03,742.96,0.3064,1125.14,743.68,0.6592,1071.47,720.78,0.2330,1132.29,710.04,0.7088,1060.74,827.40,0.6442,1084.35,825.25,0.6588,1065.75,887.50,0.7414,1083.63,877.48,0.7584,1085.78,944.75,0.7611,1105.82,927.57,0.7521
149,top,1,925.64,385.34,1051.82,561.86,990.88,396.89,0.8437,994.33,393.44,0.8106,986.57,393.44,0.8153,999.07,397.75,0.7733,979.68,397.75,0.8063,1009.41,414.99,0.7157,964.16,418.44,0.7350,1021.91,435.25,0.7441,951.67,443.87,0.7391,1026.65,465.41,0.7304,943.48,471.88,0.6969,1002.52,464.55,0.5835,973.64,465.85,0.6152,1025.36,499.46,0.6440,962.44,504.20,0.6804,1030.96,529.63,0.8037,943.05,541.26,0.7794
149,bottom,0,1044.46,685.67,1162.71,968.76,1114.65,734.60,0.5142,1113.95,729.76,0.4062,1117.41,731.83,0.4148,1099.44,732.53,0.5656,1116.72,737.36,0.5675,1078.01,749.11,0.5691,1106.35,752.57,0.5786,1057.97,759.48,0.3788,1128.47,740.13,0.5127,1057.97,762.24,0.3093,1140.22,707.64,0.6018,1061.43,819.61,0.6577,1088.38,818.92,0.6766,1062.12,880.43,0.7603,1095.29,875.59,0.7775,1082.16,939.87,0.8107,1118.79,926.05,0.7847
150,top,1,925.05,380.92,1052.19,560.54,992.13,393.55,0.8336,995.63,390.48,0.8154,988.18,390.48,0.8086,1000.02,394.86,0.7935,981.16,395.30,0.8107,1010.98,412.40,0.7445,965.81,415.03,0.7532,1022.82,432.58,0.7512,953.97,440.91,0.7512,1027.65,463.71,0.7775,946.08,469.85,0.7187,1002.65,462.83,0.6205,974.15,463.71,0.6343,1024.58,498.36,0.6653,960.99,502.74,0.7041,1030.72,529.49,0.7987,942.13,540.90,0.8134
150,bottom,0,1042.62,687.35,1168.84,963.10,1121.21,733.67,0.5812,1116.50,727.61,0.4166,1123.90,732.99,0.4296,1107.75,734.34,0.5979,1125.92,742.42,0.5715,1082.84,743.09,0.5986,1117.84,755.21,0.6197,1059.27,730.30,0.6176,1126.60,739.05,0.4812,1083.51,735.69,0.3780,1140.73,712.80,0.5441,1064.66,813.11,0.6969,1090.92,813.11,0.6948,1055.91,875.04,0.7551,1106.40,873.70,0.7340,1078.12,932.94,0.8011,1131.31,925.54,0.7766
151,top,1,926.87,377.11,1051.77,560.13,992.90,389.98,0.8510,996.47,386.85,0.8366,988.87,386.85,0.8235,1000.94,391.77,0.8275,982.17,391.32,0.8503,1011.66,408.74,0.7864,966.53,411.87,0.7850,1022.39,429.75,0.7655,954.92,438.24,0.7714,1028.64,459.68,0.8256,947.32,467.73,0.7264,1003.17,462.36,0.6661,973.68,462.36,0.6811,1024.62,498.56,0.6836,957.60,501.24,0.6950,1029.98,529.84,0.8172,940.17,540.11,0.8381
151,bottom,0,1037.55,692.20,1169.73,958.55,1125.75,733.68,0.6557,1124.45,727.18,0.4558,1128.35,733.68,0.4480,1116.64,733.68,0.5690,1132.25,745.39,0.5836,1091.28,738.24,0.7274,1125.75,761.65,0.6846,1076.98,705.07,0.6982,1124.45,746.04,0.4526,1092.58,721.33,0.4217,1142.00,715.48,0.3963,1069.17,810.42,0.7182,1097.14,812.37,0.7116,1049.66,871.54,0.7899,1115.99,874.79,0.7288,1074.38,926.82,0.8245,1141.35,928.12,0.8046
152,top,1,926.75,374.28,1051.68,559.96,993.29,387.79,0.8451,996.92,384.16,0.8306,989.21,384.16,0.8207,1001.91,388.70,0.8011,982.41,388.70,0.8255,1012.33,406.38,0.7696,966.55,409.10,0.7689,1022.76,426.32,0.7532,955.21,436.75,0.7682,1029.10,456.24,0.7996,948.41,465.31,0.7315,1003.27,458.05,0.6456,972.89,458.05,0.6424,1025.02,495.23,0.6752,954.31,496.13,0.7103,1032.28,528.32,0.7972,937.53,539.65,0.7921
152,bottom,0,1037.54,660.13,1173.63,969.93,1132.06,736.37,0.8040,1132.06,734.10,0.6029,1134.33,735.61,0.5653,1122.22,734.10,0.6650,1135.84,746.96,0.6167,1097.26,737.13,0.8147,1131.30,766.62,0.8197,1089.70,708.38,0.7129,1127.52,747.72,0.5619,1093.48,687.21,0.7603,1147.18,715.95,0.5025,1074.57,815.79,0.7982,1101.80,819.57,0.7836,1047.34,866.46,0.8550,1123.74,879.32,0.8141,1071.55,922.43,0.9093,1147.94,930.00,0.8569
153,top,1,925.47,372.95,1052.42,561.65,993.55,386.68,0.8482,997.24,383.46,0.8421,989.87,383.46,0.8165,1002.31,388.06,0.8262,982.96,388.06,0.8238,1012.90,405.57,0.7876,966.37,408.79,0.7766,1022.58,425.84,0.7478,955.31,436.90,0.7605,1029.95,455.32,0.7900,949.79,464.08,0.7308,1002.77,456.25,0.6629,972.36,456.25,0.6424,1027.18,493.10,0.7030,951.17,496.79,0.6908,1034.09,524.89,0.8017,934.58,539.63,0.7719
153,bottom,0,1038.80,637.03,1178.23,974.89,1137.39,743.27,0.7912,1137.39,739.97,0.5985,1140.69,744.92,0.5868,1127.49,742.45,0.6998,1143.16,753.17,0.7655,1104.39,744.10,0.8209,1136.56,772.14,0.7928,1093.67,706.15,0.7947,1131.61,744.10,0.5419,1100.27,668.21,0.8531,1151.41,717.70,0.4885,1078.82,822.46,0.8291,1106.04,826.58,0.8245,1047.48,862.05,0.8422,1128.31,885.97,0.8169,1068.10,918.97,0.9380,1153.06,937.11,0.8558
154,top,1,921.07,373.18,1052.91,560.12,994.29,387.69,0.8458,997.94,384.49,0.8697,990.64,384.49,0.8406,1002.51,389.06,0.8073,983.34,388.60,0.8455,1013.46,406.40,0.7926,966.91,410.05,0.7671,1022.59,426.03,0.7573,955.04,438.81,0.7612,1030.35,455.69,0.7940,950.02,466.19,0.7148,1002.96,456.15,0.6469,972.38,456.61,0.6210,1028.52,492.66,0.7158,950.48,495.40,0.6882,1036.74,524.16,0.8076,930.85,537.85,0.7949
154,bottom,0,1041.58,657.64,1181.73,986.34,1140.55,748.16,0.8326,1140.55,744.15,0.6149,1143.76,748.16,0.5761,1131.72,746.55,0.7207,1147.77,757.79,0.6984,1110.05,752.97,0.8254,1144.56,780.26,0.8718,1096.41,715.26,0.7712,1132.52,766.62,0.5687,1102.83,683.96,0.7828,1151.78,729.70,0.3937,1083.57,831.62,0.8038,1110.85,837.24,0.8137,1049.86,858.90,0.8553,1133.32,895.82,0.8114,1064.31,916.68,0.8971,1154.19,950.39,0.8676
155,top,1,914.15,376.73,1060.80,560.32,994.16,389.76,0.8596,997.98,386.42,0.8610,990.34,386.42,0.8462,1002.75,391.19,0.8279,983.66,390.71,0.8614,1013.26,408.38,0.7905,967.43,412.67,0.7721,1022.80,430.34,0.7525,955.49,440.36,0.7515,1031.40,458.98,0.8032,949.76,472.35,0.6939,1002.75,458.03,0.6653,972.20,458.50,0.6542,1028.05,492.40,0.7578,951.19,496.69,0.7476,1041.42,528.20,0.8603,926.85,535.36,0.7866
155,bottom,0,1045.93,698.80,1176.28,1003.10,1146.02,758.09,0.9194,1146.02,754.37,0.5877,1147.51,757.34,0.5854,1134.14,757.34,0.7051,1152.71,764.03,0.7115,1113.34,764.77,0.8931,1152.71,791.52,0.8942,1098.48,741.00,0.5607,1138.59,793.75,0.6330,1097.73,727.63,0.5003,1112.59,761.80,0.4097,1088.82,839.81,0.8356,1117.05,849.47,0.8297,1053.16,859.12,0.7941,1137.85,908.16,0.8138,1060.59,915.59,0.8419,1153.45,967.59,0.8888
156,top,1,908.79,379.55,1063.85,559.59,994.39,393.86,0.9179,997.93,390.32,0.8959,990.86,390.32,0.8768,1002.47,393.86,0.8826,984.30,394.36,0.9385,1012.57,412.03,0.8380,967.64,417.08,0.8211,1021.65,433.73,0.8015,955.53,445.34,0.7841,1031.24,461.49,0.8530,949.98,476.13,0.7171,1002.47,462.50,0.7369,971.68,463.01,0.7176,1028.72,496.32,0.8086,949.47,500.36,0.7981,1044.87,531.66,0.8931,922.72,537.21,0.8505
156,bottom,0,1042.90,734.16,1178.63,1012.59,1151.55,765.30,0.9084,1152.91,762.58,0.5160,1154.27,763.94,0.5624,1139.31,763.26,0.6973,1157.67,772.10,0.7532,1115.52,773.46,0.8508,1159.03,802.68,0.8881,1089.01,744.91,0.6708,1144.75,812.20,0.5626,1102.61,754.42,0.4510,1119.60,796.57,0.4140,1091.73,848.23,0.7732,1121.64,860.46,0.7549,1060.46,857.75,0.7747,1142.71,923.00,0.8109,1058.42,915.52,0.8244,1148.15,986.90,0.8748
157,top,1,904.67,384.12,1064.52,558.36,995.00,398.91,0.9077,998.12,394.75,0.8741,991.36,394.75,0.8762,1002.80,397.87,0.8820,984.07,398.39,0.9373,1012.69,417.12,0.8439,967.94,421.81,0.8109,1021.02,438.98,0.8095,955.45,449.38,0.7735,1032.99,465.52,0.8339,953.89,481.13,0.7068,1002.80,468.12,0.7213,971.58,468.12,0.6993,1031.42,499.34,0.7990,948.17,504.02,0.8089,1044.95,533.16,0.8978,919.03,538.89,0.8506
157,bottom,0,1039.56,752.31,1178.86,1015.47,1154.83,774.03,0.9108,1156.11,771.46,0.5646,1157.40,772.74,0.4889,1144.55,772.74,0.7263,1163.82,781.73,0.7168,1115.64,786.23,0.7983,1163.82,813.22,0.8904,1082.23,777.88,0.5838,1155.47,825.42,0.6007,1106.64,785.59,0.4459,1125.92,808.72,0.3970,1096.36,860.76,0.7118,1127.20,872.97,0.7002,1066.81,862.69,0.7650,1149.69,931.43,0.8254,1057.17,917.30,0.7959,1149.04,991.83,0.8995
158,top,1,902.93,388.57,1063.30,558.69,998.25,403.68,0.8906,1001.39,399.50,0.8701,994.60,399.50,0.8386,1005.56,402.64,0.8210,987.29,403.16,0.8874,1013.39,422.47,0.8444,970.59,427.69,0.7996,1020.70,444.40,0.8087,959.62,455.88,0.7677,1035.84,469.46,0.7892,961.19,484.07,0.7649,1001.91,472.07,0.6854,971.63,473.11,0.6540,1034.27,502.34,0.7838,946.57,508.09,0.7791,1044.19,532.62,0.8658,916.82,540.45,0.8426
158,bottom,0,1040.56,759.09,1189.77,1014.65,1156.34,780.18,0.9457,1158.84,778.31,0.5974,1156.97,778.31,0.5787,1145.11,779.55,0.7241,1164.45,788.29,0.7349,1118.91,795.78,0.8257,1166.95,825.10,0.8821,1083.34,810.13,0.6564,1155.09,845.06,0.6162,1100.19,810.13,0.4303,1133.26,830.71,0.3525,1100.19,868.77,0.6824,1130.76,881.25,0.6807,1071.49,871.27,0.7437,1158.21,935.53,0.8081,1059.63,920.56,0.7938,1150.10,991.69,0.8603
159,top,1,902.59,389.60,1063.29,556.11,1005.44,404.85,0.9210,1008.57,400.66,0.8991,1001.25,401.19,0.8467,1012.76,404.85,0.8544,993.40,405.37,0.8889,1017.47,424.20,0.8558,976.66,430.48,0.7809,1022.70,446.70,0.7619,967.77,461.35,0.7280,1040.48,472.33,0.7550,975.62,488.03,0.6552,1003.87,473.38,0.7019,975.62,474.42,0.6573,1039.44,501.63,0.8255,949.46,510.00,0.7203,1043.10,533.54,0.8793,917.03,540.34,0.8533
159,bottom,0,1048.48,762.25,1179.90,1014.53,1154.84,784.30,0.9069,1157.30,781.83,0.6016,1157.30,781.83,0.5738,1142.52,783.07,0.7566,1164.08,791.69,0.7765,1116.04,807.09,0.7855,1167.77,828.03,0.8861,1087.09,836.04,0.7472,1155.46,856.98,0.6296,1107.41,845.28,0.5071,1135.13,845.89,0.3800,1101.25,876.07,0.6986,1132.05,888.39,0.7063,1074.77,875.46,0.7333,1162.23,937.05,0.8058,1066.76,924.12,0.7834,1151.14,991.25,0.8481
160,top,1,902.70,388.77,1069.51,556.70,1014.88,403.77,0.9184,1018.14,399.97,0.9070,1010.00,399.97,0.8835,1022.49,403.77,0.8388,1002.40,403.23,0.8892,1024.12,422.24,0.8525,986.65,430.38,0.8049,1026.29,444.50,0.7429,979.59,462.42,0.7816,1044.75,470.56,0.7194,995.88,484.68,0.6762,1007.83,472.19,0.7239,980.68,473.82,0.6604,1044.75,499.34,0.8492,956.78,511.29,0.7305,1043.66,531.92,0.8710,918.77,539.52,0.8262
160,bottom,0,1061.47,760.04,1179.24,1015.41,1149.66,783.61,0.9010,1147.79,780.49,0.5483,1150.90,781.12,0.5970,1137.19,784.23,0.7682,1159.01,789.22,0.8556,1112.87,809.79,0.8003,1165.24,824.76,0.8627,1089.18,842.84,0.6977,1155.27,855.93,0.6314,1112.25,855.31,0.5121,1133.45,864.04,0.4181,1100.40,877.13,0.6981,1130.95,885.86,0.7080,1077.96,880.87,0.6906,1160.26,938.23,0.8084,1076.71,931.99,0.7597,1150.90,991.84,0.8224
161,top,1,905.43,385.76,1073.81,556.93,1025.80,401.73,0.9205,1028.54,397.35,0.9043,1021.41,397.35,0.9158,1031.83,401.73,0.7818,1011.55,401.18,0.9125,1031.28,419.27,0.8779,998.39,429.14,0.8648,1032.92,441.74,0.7874,992.91,462.57,0.8691,1052.11,465.86,0.7981,1018.12,480.11,0.7037,1013.19,470.79,0.7700,989.62,473.54,0.7096,1050.46,498.75,0.8623,963.31,515.19,0.7364,1046.63,532.18,0.8771,922.75,537.66,0.8072
161,bottom,0,1066.43,752.93,1179.62,1012.83,1141.43,778.19,0.8281,1137.62,775.01,0.5513,1146.50,776.28,0.5962,1128.10,780.09,0.7946,1150.94,783.26,0.8231,1107.16,806.74,0.8068,1161.10,816.26,0.8709,1081.15,838.47,0.7755,1153.48,849.25,0.6336,1100.18,853.06,0.5970,1131.27,858.77,0.4045,1100.82,874.63,0.7310,1131.91,882.88,0.7344,1079.88,883.52,0.7120,1154.75,934.91,0.8238,1084.32,936.82,0.7679,1150.94,990.11,0.8359
162,top,1,907.33,384.34,1074.66,558.70,1036.20,399.08,0.8845,1038.93,395.26,0.8625,1031.30,394.72,0.8358,1042.19,399.62,0.7888,1022.59,398.53,0.8858,1037.29,418.14,0.8254,1010.60,426.85,0.8233,1037.84,439.38,0.7272,1008.97,461.71,0.8238,1058.53,461.17,0.7285,1035.11,474.79,0.6805,1018.77,472.61,0.7482,995.35,475.33,0.6956,1054.18,498.75,0.8343,977.38,517.27,0.6944,1046.55,531.98,0.8389,932.17,535.24,0.7637
162,bottom,0,1060.90,746.24,1176.74,1011.02,1129.81,768.74,0.8947,1128.52,765.51,0.6562,1134.33,766.80,0.5244,1118.82,770.68,0.8045,1140.15,773.91,0.7750,1097.49,799.77,0.7957,1151.79,804.29,0.8760,1069.69,828.21,0.8069,1150.49,837.26,0.6225,1090.38,843.73,0.6824,1123.99,844.37,0.3894,1100.72,865.06,0.7548,1131.75,872.82,0.7556,1080.03,879.28,0.7407,1145.97,930.35,0.8236,1084.56,935.52,0.8144,1150.49,987.23,0.8556
163,top,1,926.50,382.76,1077.62,557.71,1046.82,397.93,0.8353,1049.28,393.99,0.7824,1041.90,393.50,0.7674,1051.74,398.42,0.6709,1032.07,398.42,0.8962,1042.40,417.11,0.7874,1023.70,424.49,0.8076,1043.38,435.80,0.6876,1026.16,458.43,0.7542,1063.06,455.48,0.7450,1053.71,471.71,0.6985,1023.70,468.27,0.7148,1002.06,469.25,0.7210,1056.17,497.78,0.8433,991.24,515.49,0.7419,1046.82,532.22,0.8234,945.98,535.17,0.7790
163,bottom,0,1051.10,735.75,1176.92,1006.92,1121.29,758.12,0.8809,1121.29,755.48,0.6358,1123.94,755.48,0.5298,1110.04,760.77,0.8144,1130.56,762.76,0.7737,1088.19,789.24,0.7880,1143.80,793.87,0.8785,1058.40,813.07,0.8345,1145.78,827.64,0.6796,1075.61,833.60,0.7480,1133.21,846.84,0.3657,1095.47,856.11,0.7398,1127.91,863.39,0.7318,1080.24,885.23,0.7597,1141.15,919.66,0.7673,1084.22,936.87,0.8122,1150.42,974.61,0.8437
164,top,1,961.79,382.50,1093.64,551.60,1055.61,398.80,0.8939,1057.76,394.94,0.8074,1050.89,394.94,0.8271,1060.33,399.66,0.5370,1041.02,398.80,0.8411,1047.46,418.55,0.6166,1035.01,424.13,0.7209,1051.75,434.86,0.5241,1044.02,457.60,0.6277,1069.77,452.02,0.6155,1074.50,465.33,0.6399,1027.71,463.61,0.5919,1006.25,464.90,0.6402,1057.33,495.37,0.7465,1006.68,508.25,0.6731,1046.60,531.43,0.7177,972.34,536.15,0.6998
164,bottom,0,1044.54,723.91,1170.41,993.31,1114.05,747.46,0.9280,1116.03,744.83,0.6610,1116.68,744.83,0.5484,1102.87,750.74,0.8286,1123.26,752.06,0.7587,1082.48,777.71,0.7658,1135.76,782.97,0.8807,1050.91,797.44,0.8653,1144.31,821.78,0.7879,1060.12,821.12,0.8114,1125.89,821.12,0.4275,1091.03,846.11,0.7287,1123.92,851.37,0.7177,1077.22,882.29,0.7963,1139.70,906.62,0.7772,1084.46,936.22,0.8217,1146.94,958.58,0.8670
165,top,1,992.00,384.03,1105.59,546.12,1063.83,400.97,0.8261,1065.81,397.41,0.7547,1059.08,397.01,0.7805,1068.58,401.76,0.4471,1048.79,400.57,0.7590,1048.00,418.78,0.5223,1044.84,425.50,0.6732,1058.69,438.96,0.3455,1061.85,454.00,0.6086,1069.77,447.66,0.3162,1091.53,463.49,0.6279,1029.80,463.49,0.6098,1008.03,462.70,0.7113,1059.88,491.99,0.6906,1017.93,500.30,0.6973,1046.82,530.37,0.7332,999.33,541.45,0.7355
165,bottom,0,1039.50,715.56,1157.95,980.93,1110.39,737.46,0.9210,1111.03,734.22,0.6912,1114.27,734.87,0.5588,1098.72,741.35,0.7831,1119.46,742.64,0.7941,1077.99,766.62,0.7967,1131.12,774.39,0.9005,1047.54,784.76,0.8658,1142.13,810.67,0.8433,1048.84,815.85,0.8253,1131.12,801.60,0.5219,1083.82,837.23,0.7799,1116.22,839.83,0.7548,1074.75,883.23,0.7839,1140.84,894.90,0.8612,1083.82,935.06,0.8215,1142.13,942.84,0.8991
166,top,1,997.62,387.40,1106.37,547.31,1071.52,403.33,0.8454,1073.47,399.81,0.7425,1067.22,399.81,0.7821,1076.20,403.33,0.3720,1056.68,402.94,0.7701,1049.65,416.21,0.5160,1051.61,424.02,0.6494,1051.61,435.73,0.2653,1070.74,452.52,0.5416,1067.22,437.68,0.4127,1094.94,465.80,0.6112,1034.04,461.89,0.5884,1011.39,463.06,0.7005,1062.93,490.78,0.6674,1029.35,500.15,0.7071,1048.09,529.82,0.7045,1027.40,539.58,0.6235
166,bottom,0,1034.95,704.90,1153.94,963.66,1107.71,727.51,0.9299,1107.08,724.99,0.6277,1110.87,725.62,0.5296,1094.45,731.30,0.7440,1116.56,732.57,0.7839,1071.07,755.94,0.8022,1127.93,764.79,0.8849,1047.07,777.42,0.8399,1141.20,802.06,0.8403,1041.38,809.64,0.8336,1125.40,810.90,0.5703,1075.49,829.22,0.7476,1109.61,831.12,0.7287,1070.44,879.76,0.7812,1139.30,884.19,0.8375,1080.55,929.04,0.8103,1138.04,930.30,0.9019
167,top,1,1004.04,387.63,1097.37,548.00,1077.72,402.82,0.8596,1079.29,399.30,0.7520,1073.41,399.30,0.8219,1081.24,402.82,0.4070,1062.84,403.22,0.7506,1058.14,417.70,0.4860,1057.36,425.14,0.6184,1066.76,438.85,0.2016,1070.67,450.98,0.5032,1052.66,469.78,0.1082,1088.68,471.73,0.4423,1037.79,463.12,0.4880,1017.43,466.25,0.6118,1066.37,493.27,0.6401,1046.40,501.10,0.6342,1046.01,530.07,0.6456,1053.84,537.90,0.5587
167,bottom,0,1026.68,699.06,1152.28,950.85,1103.62,721.06,0.9282,1104.23,717.99,0.6611,1107.31,718.60,0.5519,1091.32,723.52,0.7448,1113.45,725.37,0.7544,1067.96,749.34,0.8008,1124.52,758.56,0.8689,1045.22,775.16,0.8169,1138.66,797.29,0.8120,1035.38,808.97,0.8456,1128.82,818.80,0.7581,1068.58,821.88,0.7393,1101.77,823.72,0.7005,1063.66,867.98,0.7509,1136.81,871.05,0.8483,1071.04,917.16,0.7644,1136.81,925.15,0.8812
168,top,2,1011.63,387.26,1096.59,548.71,1082.09,403.74,0.8746,1084.06,400.19,0.7201,1077.76,400.19,0.8065,1086.03,402.55,0.4222,1067.51,403.74,0.8155,1061.99,414.38,0.5721,1062.38,426.99,0.6666,1047.80,435.66,0.3037,1067.51,456.16,0.5256,1062.38,466.02,0.2347,1075.00,480.99,0.5685,1043.46,466.41,0.4757,1026.12,471.53,0.6317,1073.03,493.61,0.6156,1057.26,503.86,0.6207,1048.19,530.66,0.6601,1078.15,543.27,0.4608
168,bottom,0,1019.73,696.12,1159.90,940.14,1099.94,716.86,0.9309,1101.14,714.47,0.6809,1102.33,715.07,0.5322,1087.43,719.83,0.7672,1109.48,722.22,0.7299,1063.60,746.05,0.8077,1121.39,755.58,0.8452,1042.75,774.64,0.8185,1133.30,794.30,0.7532,1029.65,810.98,0.8294,1130.33,824.09,0.7275,1063.01,814.56,0.7173,1096.37,816.94,0.6702,1056.46,859.24,0.7434,1131.52,859.24,0.8418,1056.46,908.68,0.7942,1139.26,921.19,0.8755
169,top,1,1020.80,387.28,1127.19,569.55,1084.67,404.10,0.8094,1086.90,400.54,0.7228,1080.67,400.54,0.7558,1089.12,403.21,0.4108,1070.43,404.10,0.7335,1068.21,417.45,0.5703,1064.21,429.91,0.7371,1062.87,445.93,0.4083,1062.43,465.51,0.6758,1068.65,474.85,0.3643,1069.10,490.43,0.5644,1049.52,471.29,0.5465,1038.84,476.63,0.7149,1082.00,496.66,0.5925,1073.99,509.12,0.5725,1051.30,529.14,0.6764,1099.80,555.40,0.5574
169,bottom,0,1011.95,694.06,1161.50,936.66,1095.02,715.85,0.9643,1096.80,713.48,0.6865,1095.61,714.08,0.5566,1083.17,718.81,0.7742,1103.90,720.59,0.7199,1060.07,745.47,0.8327,1115.75,754.35,0.8521,1040.53,778.04,0.8426,1126.41,792.85,0.7500,1025.13,814.17,0.8729,1125.23,826.02,0.7167,1058.89,810.62,0.7209,1092.06,813.58,0.6845,1048.23,847.34,0.7160,1128.78,853.26,0.8376,1039.34,899.46,0.8079,1142.40,913.68,0.8927
170,top,1,1030.23,387.83,1132.71,571.84,1084.61,404.81,0.8119,1087.31,400.77,0.7523,1080.57,401.22,0.7631,1090.00,403.47,0.4786,1071.59,403.91,0.7284,1074.28,419.64,0.5554,1064.40,430.87,0.7868,1061.70,451.08,0.4483,1057.66,464.11,0.6809,1064.40,477.59,0.3933,1055.86,494.66,0.6154,1057.21,474.89,0.4993,1047.78,480.28,0.6695,1085.51,501.85,0.4423,1088.66,505.44,0.6764,1055.86,528.35,0.6762,1105.73,556.20,0.6549
170,bottom,0,1004.12,692.80,1158.51,930.59,1087.70,715.32,0.9448,1090.60,713.00,0.6802,1088.28,713.58,0.5614,1075.51,718.23,0.7580,1095.83,721.13,0.7359,1054.03,747.25,0.8141,1108.60,753.06,0.8463,1038.35,779.76,0.8164,1116.73,794.28,0.7257,1019.20,815.76,0.8715,1107.44,820.40,0.6354,1058.09,807.63,0.6756,1091.18,811.11,0.6787,1036.03,840.14,0.8189,1126.02,852.33,0.8453,1020.94,894.13,0.8541,1142.85,909.23,0.9018
171,top,1,1034.72,387.54,1135.43,572.66,1083.72,404.17,0.8580,1086.43,400.56,0.7879,1080.10,400.11,0.7785,1089.59,403.72,0.5265,1071.52,403.27,0.7612,1076.04,422.70,0.5876,1062.48,431.74,0.8024,1067.45,454.34,0.5002,1051.18,465.19,0.6795,1067.90,481.01,0.3382,1043.95,499.99,0.6321,1063.38,476.03,0.5556,1055.70,480.10,0.6821,1090.50,503.15,0.4900,1096.37,503.15,0.7013,1060.22,523.94,0.6807,1107.67,556.93,0.6711
171,bottom,0,984.59,693.25,1159.50,929.34,1077.23,715.03,1.0075,1080.12,712.15,0.6785,1076.08,712.73,0.5687,1065.71,717.92,0.7499,1085.88,719.64,0.7527,1046.69,747.89,0.8214,1100.87,750.77,0.8716,1031.70,779.59,0.8299,1105.48,789.39,0.7682,1009.22,813.60,0.8527,1082.42,792.27,0.3573,1056.48,811.87,0.7074,1089.91,814.75,0.7442,1022.48,830.89,0.8478,1122.77,856.83,0.8684,1005.19,885.65,0.8840,1142.37,911.01,0.9447
172,top,1,1035.36,386.03,1135.55,572.57,1082.72,401.87,0.8455,1085.45,398.23,0.8129,1078.17,397.78,0.7823,1088.64,402.33,0.5651,1069.97,401.42,0.7900,1077.71,423.28,0.5952,1061.32,429.66,0.7873,1067.69,453.34,0.4614,1047.65,459.26,0.7239,1071.34,480.21,0.3182,1037.63,494.33,0.5567,1067.24,476.57,0.5287,1057.22,480.21,0.6503,1093.20,502.53,0.4762,1095.93,502.98,0.6757,1063.14,522.11,0.6709,1107.32,556.27,0.6609
172,bottom,0,973.14,691.46,1159.63,928.75,1063.35,712.37,1.0191,1064.56,710.55,0.5912,1060.92,710.55,0.6236,1053.03,716.62,0.7620,1073.06,717.23,0.7358,1037.85,745.15,0.8423,1088.84,745.76,0.8623,1022.07,774.90,0.8463,1094.31,778.54,0.6300,994.75,804.64,0.8520,1062.13,776.11,0.2749,1052.42,810.10,0.7385,1085.81,813.14,0.7782,1014.78,822.85,0.8433,1118.59,856.85,0.8736,994.75,876.27,0.8844,1141.05,910.27,0.9496
173,top,1,1033.29,383.16,1134.53,572.67,1081.14,397.87,0.8802,1083.91,394.17,0.8642,1076.51,394.17,0.8442,1087.61,398.80,0.5928,1068.65,397.87,0.8165,1077.90,416.38,0.6218,1058.00,425.63,0.8038,1075.59,432.11,0.5059,1045.05,455.24,0.7480,1085.30,438.12,0.4504,1033.02,483.93,0.5839,1070.96,470.97,0.6117,1055.23,476.52,0.6595,1098.72,497.81,0.6656,1089.00,504.75,0.6549,1067.26,523.25,0.6824,1105.66,555.64,0.6949
173,bottom,0,966.69,685.69,1159.20,930.26,1046.65,705.83,0.9733,1044.14,703.95,0.6283,1047.90,704.58,0.6357,1037.25,710.22,0.7824,1057.30,710.22,0.7909,1022.84,739.04,0.8646,1071.72,736.54,0.8378,1002.79,769.12,0.7817,1077.36,762.23,0.5226,978.35,792.94,0.8601,1043.52,761.60,0.3557,1045.40,803.59,0.7348,1076.10,806.10,0.7620,1004.67,818.00,0.8375,1106.81,855.60,0.8266,992.76,872.52,0.8597,1140.02,906.99,0.9034
174,top,1,1028.03,380.57,1131.90,571.15,1079.04,395.37,0.8732,1081.83,391.64,0.8136,1074.85,391.64,0.8407,1086.48,395.37,0.6360,1066.94,394.90,0.8284,1081.83,412.12,0.6856,1054.38,420.49,0.7902,1078.57,429.80,0.6840,1039.49,451.20,0.7872,1094.86,446.55,0.6657,1026.93,480.98,0.6360,1069.27,464.69,0.6858,1052.05,469.35,0.6772,1094.39,499.59,0.7441,1078.11,504.24,0.7061,1071.13,528.90,0.7134,1100.91,554.96,0.6940
174,bottom,0,948.32,675.97,1155.28,922.86,1029.57,697.69,0.9241,1026.87,694.99,0.6673,1030.91,694.99,0.6337,1021.48,701.73,0.7765,1039.67,700.38,0.7773,1005.99,731.37,0.8489,1051.80,723.96,0.8084,981.74,761.69,0.7665,1066.62,730.03,0.5976,958.16,784.59,0.7946,1041.69,715.88,0.3717,1031.59,795.37,0.7765,1061.23,796.72,0.7651,993.86,814.91,0.8487,1092.22,849.94,0.8367,991.17,872.85,0.8497,1129.95,895.08,0.8722
175,top,1,1023.39,379.57,1116.16,568.54,1076.70,393.32,0.8650,1079.92,390.09,0.8523,1073.00,390.09,0.8056,1083.62,393.32,0.7429,1065.62,394.24,0.8077,1081.77,407.62,0.7469,1050.40,418.23,0.7764,1081.31,427.92,0.7563,1035.17,447.76,0.7703,1098.84,451.45,0.7306,1022.72,476.83,0.6880,1067.01,461.60,0.7357,1047.17,465.75,0.7262,1090.54,500.82,0.8420,1070.70,504.51,0.7614,1077.16,534.96,0.6981,1094.23,552.03,0.6972
175,bottom,0,925.90,667.25,1137.95,907.35,1011.91,689.28,0.9435,1011.22,687.90,0.6367,1014.67,687.90,0.6614,1002.94,693.42,0.7730,1021.57,692.04,0.8128,987.75,723.10,0.8570,1036.07,713.44,0.8204,962.90,751.40,0.7725,1060.92,716.20,0.8027,941.50,774.87,0.7769,1038.83,691.35,0.7686,1016.05,787.99,0.7275,1045.04,787.99,0.7239,982.23,810.08,0.8430,1074.03,837.69,0.8587,987.75,872.20,0.8714,1112.69,883.94,0.8539
176,top,1,1015.39,380.46,1110.56,569.87,1073.15,394.24,0.8823,1076.39,391.00,0.8754,1069.45,391.46,0.8075,1080.09,394.70,0.7800,1062.51,394.70,0.8406,1081.47,408.57,0.7749,1045.87,416.90,0.7544,1084.71,430.77,0.7882,1030.60,446.03,0.7690,1101.36,455.28,0.7913,1019.04,476.09,0.7221,1064.36,460.83,0.7120,1044.48,464.07,0.6874,1087.48,499.68,0.8260,1067.14,501.53,0.7272,1081.94,536.21,0.7738,1079.16,550.54,0.7628
176,bottom,0,911.45,660.22,1101.41,898.79,997.15,679.95,0.9124,997.15,678.71,0.5827,997.15,677.48,0.5852,989.73,684.28,0.7194,1005.81,683.66,0.7216,973.03,713.34,0.8392,1021.89,705.30,0.7994,948.92,741.17,0.7818,1052.80,706.54,0.9058,927.89,768.38,0.7936,1039.20,684.28,0.8810,1002.72,782.60,0.7267,1031.16,780.74,0.7347,974.27,811.05,0.8556,1055.90,828.36,0.8241,987.88,872.26,0.8266,1084.96,868.55,0.8141
177,top,1,1013.74,381.20,1112.89,567.97,1068.79,395.70,0.8141,1072.44,392.97,0.8184,1065.14,392.97,0.7789,1076.54,397.07,0.8229,1058.76,397.07,0.8163,1081.10,411.21,0.7858,1040.97,417.14,0.7541,1086.57,434.01,0.7764,1026.84,446.32,0.7423,1101.62,459.09,0.7875,1014.98,475.96,0.7033,1063.77,460.91,0.7140,1041.43,463.19,0.7001,1084.75,499.21,0.7966,1056.93,499.21,0.7364,1081.10,537.97,0.8084,1062.86,550.28,0.7435
177,bottom,0,909.88,649.32,1090.72,893.69,986.58,670.68,0.9183,986.58,668.30,0.5605,987.77,668.89,0.5985,978.23,674.26,0.7196,995.53,673.67,0.7410,959.73,704.69,0.8652,1010.44,697.53,0.8027,937.66,734.52,0.8084,1045.64,703.50,0.8498,919.16,759.58,0.7970,1034.90,683.81,0.8614,986.58,772.70,0.7380,1015.81,770.31,0.7221,968.68,816.25,0.8498,1040.87,821.03,0.7929,987.18,869.95,0.8139,1058.17,869.35,0.7419
178,top,0,1007.33,383.34,1110.34,567.78,1064.24,397.20,0.8128,1067.84,394.05,0.8255,1060.64,394.50,0.7897,1072.80,398.56,0.8358,1054.78,398.56,0.8186,1079.10,414.32,0.8048,1037.67,418.37,0.7657,1086.31,437.73,0.7838,1022.81,446.29,0.7803,1100.72,463.40,0.8043,1010.65,475.11,0.7252,1061.99,462.50,0.6902,1039.47,463.40,0.6896,1084.05,499.43,0.7764,1047.13,497.62,0.7309,1080.45,538.15,0.8303,1042.63,548.06,0.7556
178,bottom,1,900.59,639.71,1042.33,887.17,977.50,660.73,0.9123,979.31,657.71,0.6218,977.50,657.71,0.5383,967.23,663.15,0.7464,985.96,663.75,0.7163,949.71,695.17,0.8100,1001.06,689.73,0.8185,928.56,727.19,0.8174,1036.10,701.81,0.8429,910.44,753.77,0.8614,1024.02,686.10,0.7567,971.46,762.23,0.7352,998.64,759.21,0.7479,964.21,814.79,0.7959,1020.39,807.54,0.7813,981.73,863.12,0.7925,1024.02,860.10,0.8026
179,top,1,1002.92,384.55,1103.64,564.06,1058.10,398.49,0.8278,1062.05,395.42,0.8110,1054.60,395.42,0.7958,1067.74,399.37,0.7936,1048.90,399.37,0.7823,1076.51,415.58,0.7821,1032.68,419.53,0.7365,1084.84,440.12,0.7523,1018.66,447.57,0.7518,1097.11,468.17,0.7597,1006.39,477.81,0.7049,1059.42,463.79,0.6566,1034.88,465.10,0.6571,1083.52,497.53,0.7384,1035.31,499.29,0.7375,1080.89,538.73,0.8287,1019.10,546.62,0.7845
179,bottom,0,895.56,630.43,1029.91,884.66,967.70,651.41,0.9090,969.56,648.31,0.6343,967.08,648.93,0.5718,957.77,654.51,0.8058,976.39,655.75,0.7497,941.63,686.17,0.8356,991.91,683.68,0.8127,921.15,719.06,0.8382,1024.81,702.30,0.8628,903.15,746.99,0.8878,1010.53,687.41,0.6643,956.53,753.20,0.7526,983.84,750.72,0.7565,956.53,807.82,0.7890,999.36,795.41,0.7644,969.56,848.17,0.7588,994.39,848.17,0.7960
180,top,1,981.22,384.25,1102.52,561.42,1051.38,398.87,0.8307,1055.28,395.41,0.8273,1047.92,395.84,0.8034,1061.33,399.74,0.7724,1042.30,399.30,0.7990,1071.71,416.61,0.7813,1027.16,419.63,0.7307,1080.80,440.83,0.7437,1012.89,447.75,0.7353,1090.75,470.67,0.7258,1001.21,477.16,0.7125,1057.44,466.78,0.6272,1030.62,467.65,0.6247,1082.09,500.52,0.7199,1022.84,503.12,0.6941,1080.80,539.02,0.7970,997.32,545.51,0.8006
180,bottom,0,883.72,625.65,1016.03,870.45,957.65,645.85,0.9052,958.84,642.27,0.6501,956.45,642.86,0.5352,947.49,648.84,0.7949,966.01,650.03,0.7425,931.35,679.32,0.8348,980.36,679.32,0.8153,911.03,713.39,0.8317,1009.64,702.63,0.8298,892.50,739.09,0.8829,998.29,685.30,0.6793,941.51,746.26,0.7530,968.40,745.66,0.7344,947.49,797.06,0.7795,980.36,789.89,0.7584,954.66,835.91,0.7172,967.81,834.71,0.7270
181,top,1,962.37,382.83,1101.86,558.75,1042.10,399.05,0.7503,1046.19,395.87,0.7450,1038.92,395.87,0.7352,1053.00,399.50,0.7692,1034.38,399.50,0.7609,1065.71,416.30,0.7779,1019.85,419.03,0.7365,1076.16,440.82,0.7451,1007.14,446.73,0.7113,1083.88,470.79,0.7120,996.69,476.24,0.6548,1054.36,467.61,0.6399,1025.75,468.52,0.6208,1079.79,503.49,0.7249,1008.95,505.76,0.6664,1080.70,538.90,0.8080,979.89,541.17,0.7136
181,bottom,0,869.76,621.04,1003.42,858.17,946.43,643.51,0.8525,946.43,640.03,0.6180,947.01,640.61,0.4980,937.17,646.40,0.7807,954.53,648.14,0.7276,921.54,675.93,0.8248,969.59,675.93,0.8160,900.12,707.77,0.8173,996.22,698.50,0.8270,879.28,732.66,0.8611,985.80,680.56,0.6537,928.48,739.03,0.7412,953.96,740.18,0.7298,932.54,787.66,0.7034,962.64,784.76,0.7480,936.01,825.86,0.6243,945.27,824.71,0.7182
182,top,0,944.47,382.03,1102.52,559.19,1032.24,396.01,0.8294,1036.35,392.41,0.7733,1029.15,392.41,0.8089,1043.56,395.50,0.8063,1024.52,396.52,0.7763,1057.45,415.56,0.7730,1011.66,417.62,0.7398,1068.25,441.28,0.7365,998.80,445.40,0.7184,1077.00,472.15,0.7134,989.02,471.12,0.6093,1048.70,469.07,0.6617,1018.35,469.58,0.6321,1075.97,505.08,0.7747,990.57,504.57,0.6807,1081.11,539.55,0.8492,967.41,543.15,0.7867
182,bottom,1,851.42,620.23,991.09,850.40,934.18,643.16,0.8636,933.05,639.78,0.6006,936.43,640.35,0.5425,925.19,646.53,0.7888,942.61,647.65,0.7047,908.89,675.75,0.8065,958.90,674.62,0.8074,886.97,706.09,0.7992,985.31,693.17,0.8223,865.62,724.07,0.8382,974.64,672.94,0.7688,916.20,737.56,0.7084,942.04,739.81,0.7175,914.51,776.34,0.6211,947.66,782.52,0.7330,913.95,813.42,0.6612,935.30,829.16,0.8108
183,top,1,934.05,378.75,1102.35,558.86,1022.58,394.30,0.8336,1026.42,389.91,0.7851,1018.75,390.46,0.7848,1032.99,393.20,0.8239,1013.27,393.75,0.7266,1047.78,413.47,0.7769,1001.22,415.11,0.7602,1059.29,438.67,0.7501,990.26,443.60,0.7597,1068.05,468.80,0.7194,979.85,469.90,0.6981,1040.66,469.35,0.6689,1009.98,469.35,0.6489,1068.05,504.96,0.7577,979.30,503.32,0.7733,1080.11,538.93,0.8569,962.32,542.22,0.8476
183,bottom,0,836.25,620.11,983.49,845.97,921.45,642.61,0.9276,921.45,639.30,0.6138,923.10,639.30,0.5489,913.18,645.37,0.7709,929.72,647.02,0.7098,897.18,675.14,0.8208,947.36,672.94,0.8698,872.37,703.26,0.8202,976.04,684.52,0.9178,850.31,715.95,0.8390,967.77,662.46,0.8993,904.90,738.56,0.6828,931.92,741.86,0.7070,894.43,755.65,0.5209,940.20,776.60,0.7435,891.12,808.59,0.6610,936.89,826.23,0.8269
184,top,0,931.96,377.08,1099.58,558.82,1011.95,392.65,0.8037,1015.77,388.84,0.7478,1008.13,388.84,0.7693,1022.86,391.56,0.7831,1003.22,391.56,0.7875,1037.05,411.75,0.7576,990.67,412.84,0.7735,1050.14,436.85,0.7531,980.30,441.22,0.7584,1059.42,466.86,0.7247,971.03,472.32,0.6921,1031.59,469.04,0.6603,1001.58,468.50,0.6489,1056.14,506.15,0.7485,969.39,500.69,0.7928,1078.52,538.88,0.8189,960.66,542.70,0.8510
184,bottom,1,816.69,620.05,973.43,844.09,906.55,640.73,0.8806,906.00,637.45,0.6235,908.73,637.45,0.5233,898.89,644.01,0.7792,915.85,644.56,0.7168,884.12,673.00,0.8241,932.80,668.62,0.8694,857.87,699.25,0.7783,965.62,677.92,0.9498,835.44,707.46,0.8155,963.98,656.04,0.9352,894.51,736.45,0.6659,921.31,739.18,0.6933,874.82,747.39,0.6702,936.08,775.83,0.7554,867.17,800.44,0.7561,935.54,820.13,0.8581
185,top,1,932.06,372.92,1099.25,558.35,1000.96,389.44,0.8153,1005.31,385.63,0.7468,997.69,385.63,0.7809,1012.39,388.90,0.8035,993.34,388.35,0.7805,1027.08,409.58,0.7708,981.91,409.58,0.8139,1041.23,434.07,0.7706,972.12,437.88,0.7824,1051.03,464.00,0.7579,963.41,466.18,0.7172,1022.19,467.81,0.6811,993.34,465.64,0.6909,1043.96,510.26,0.6883,962.86,498.84,0.7952,1075.52,538.57,0.7970,960.69,542.92,0.8690
185,bottom,0,802.57,618.04,968.96,842.77,891.26,638.78,0.8449,891.80,634.94,0.5546,890.16,634.94,0.4419,883.57,642.07,0.7351,900.58,642.62,0.6810,868.21,671.15,0.7815,917.59,666.21,0.8310,842.97,695.29,0.7630,954.35,672.80,0.8804,819.93,698.04,0.7723,959.84,653.59,0.8901,880.83,732.60,0.6521,909.91,735.89,0.6732,858.34,743.02,0.6516,931.86,775.94,0.7486,842.43,785.27,0.7212,934.60,819.84,0.8479
186,top,1,931.87,371.13,1085.81,559.15,992.31,388.47,0.7607,996.82,384.96,0.7195,988.80,384.96,0.7211,1003.33,388.47,0.8060,984.29,388.47,0.7283,1018.36,407.51,0.7479,973.77,406.51,0.8167,1033.90,431.07,0.7550,965.25,435.58,0.7828,1043.42,461.63,0.7412,954.72,466.14,0.7173,1013.35,464.14,0.6842,986.29,463.14,0.7067,1028.39,506.23,0.6886,959.23,496.71,0.7940,1062.96,535.30,0.7529,960.24,542.31,0.8100
186,bottom,0,790.07,616.64,966.85,840.01,875.58,637.98,0.7536,875.58,633.95,0.4572,873.28,633.95,0.4894,869.25,642.01,0.7004,884.79,642.01,0.6752,856.02,669.05,0.7899,904.93,664.45,0.8141,831.85,686.89,0.7826,940.61,671.36,0.8294,807.10,686.89,0.7761,954.42,653.52,0.9180,869.25,728.33,0.6870,898.60,730.05,0.6833,845.66,746.74,0.6399,926.80,776.09,0.7810,824.94,773.21,0.6632,930.83,814.65,0.8384
187,top,1,932.18,368.37,1063.64,560.32,983.38,385.15,0.8195,987.60,381.87,0.7469,980.10,381.40,0.7803,995.10,385.62,0.8022,975.88,385.15,0.7226,1009.62,405.30,0.7464,966.51,404.36,0.8275,1027.90,429.20,0.7826,959.01,434.35,0.7742,1034.93,459.66,0.7704,947.77,464.81,0.7242,1007.28,461.53,0.6919,981.51,461.06,0.6942,1016.19,505.11,0.7162,956.20,497.15,0.7823,1048.52,535.57,0.7888,959.48,542.13,0.8367
187,bottom,0,783.08,616.93,965.17,837.84,861.09,638.47,0.7825,858.71,636.10,0.4427,862.86,634.91,0.5581,855.16,642.62,0.6810,870.57,641.44,0.7581,842.71,667.52,0.8239,890.72,664.55,0.7832,821.37,681.15,0.7830,927.47,672.26,0.8478,798.25,677.59,0.7567,948.81,656.85,0.8588,857.53,730.94,0.6741,886.57,730.94,0.6667,831.45,752.87,0.6717,918.58,775.99,0.7658,809.52,775.99,0.7370,925.10,808.59,0.8184
188,top,1,931.50,367.32,1046.37,562.66,975.58,384.87,0.8396,979.87,381.06,0.7585,972.24,381.06,0.8053,987.03,385.35,0.8190,967.95,384.87,0.7444,1001.33,404.43,0.7345,959.37,403.95,0.8369,1021.84,426.84,0.7923,952.69,433.99,0.7430,1027.09,454.97,0.7794,941.25,464.99,0.7349,1001.33,459.74,0.7081,977.49,458.79,0.6956,1005.63,503.62,0.7249,952.69,493.13,0.7919,1033.76,538.91,0.7933,956.03,540.34,0.8729
188,bottom,0,768.85,620.19,963.55,837.13,847.82,641.83,0.8708,845.29,639.93,0.5409,849.73,639.93,0.6002,840.85,645.00,0.7491,857.33,643.73,0.8194,828.81,670.35,0.8427,875.71,668.45,0.8035,809.80,676.06,0.7049,911.84,677.32,0.7957,786.98,669.08,0.7929,940.36,664.65,0.8496,844.02,737.53,0.7317,873.81,736.90,0.7182,815.50,750.84,0.7042,908.03,776.83,0.7704,799.02,779.36,0.7501,916.91,807.88,0.7972
189,top,1,931.01,369.01,1032.15,565.21,967.21,385.68,0.8272,971.05,381.84,0.7631,963.38,381.84,0.7967,978.23,385.68,0.8458,959.07,386.16,0.7405,993.56,404.36,0.7113,952.36,406.27,0.8186,1015.12,425.91,0.7970,946.62,435.01,0.7507,1020.38,455.13,0.7726,935.60,465.67,0.7277,998.35,457.05,0.6949,975.84,457.05,0.6674,995.95,501.60,0.7143,947.57,490.10,0.7685,1021.82,540.40,0.7784,953.32,536.09,0.8259
189,bottom,0,755.21,625.66,943.44,833.78,833.39,646.39,0.8415,830.94,643.94,0.5305,835.23,643.94,0.6043,826.65,649.46,0.7518,843.20,648.23,0.7782,815.62,672.13,0.8137,861.58,671.51,0.7973,798.47,672.13,0.6427,897.73,682.54,0.7263,777.02,663.55,0.7583,925.30,672.74,0.7689,834.01,740.75,0.7142,863.42,741.37,0.7181,799.69,740.75,0.7667,899.57,780.58,0.7400,790.50,776.90,0.8020,908.15,805.09,0.7966
190,top,0,925.20,371.24,1023.96,568.96,959.13,387.56,0.8250,963.48,383.69,0.7553,955.75,383.69,0.7996,970.72,387.56,0.8303,951.41,387.56,0.7324,985.20,406.38,0.6891,945.62,408.31,0.8055,1007.89,425.21,0.7929,941.27,437.28,0.7443,1014.16,454.17,0.7771,930.65,469.62,0.7121,993.89,457.07,0.6761,972.65,456.58,0.6458,986.16,500.99,0.7188,943.68,489.89,0.7574,1012.23,543.47,0.7714,949.96,532.85,0.7858
190,bottom,1,747.88,629.28,932.38,829.31,820.31,650.01,0.7975,817.91,647.01,0.6131,822.11,647.01,0.5790,814.90,652.42,0.7771,830.52,651.21,0.7605,804.09,674.64,0.8153,849.74,674.04,0.7718,784.27,667.43,0.6203,886.38,687.25,0.6888,767.46,659.02,0.6632,915.81,681.85,0.6982,825.71,741.91,0.7110,853.34,741.31,0.7023,793.88,730.50,0.7788,887.58,781.55,0.7376,788.48,774.34,0.8110,902.59,805.57,0.8006
191,top,0,917.73,375.14,1018.26,572.85,951.59,390.98,0.8319,955.93,387.11,0.7796,948.69,387.11,0.8247,963.17,390.98,0.8363,944.35,390.98,0.7472,978.13,409.80,0.6983,940.00,412.21,0.8172,1001.30,427.18,0.7884,936.62,441.17,0.7615,1009.51,458.07,0.7966,925.52,472.55,0.7315,989.72,459.51,0.6696,969.93,458.55,0.6431,978.13,503.44,0.7158,940.48,489.44,0.7503,1000.82,549.77,0.7723,946.28,530.47,0.7856
191,bottom,1,737.94,631.19,929.37,829.16,811.85,651.04,0.8247,809.35,648.54,0.6055,813.09,648.54,0.5895,805.61,654.15,0.7774,821.19,652.28,0.7560,795.64,676.59,0.8079,838.02,674.09,0.7623,781.31,670.98,0.5726,868.55,690.29,0.6434,761.99,657.89,0.6418,904.07,692.79,0.6096,819.95,741.39,0.7070,847.37,739.52,0.7218,790.04,728.93,0.7859,877.90,782.52,0.7602,789.41,773.80,0.8166,897.84,805.58,0.7873
192,top,1,914.56,379.98,1014.46,576.66,944.83,395.73,0.8159,949.15,392.37,0.7884,941.95,391.89,0.8130,956.83,395.73,0.8416,937.62,396.21,0.7698,972.68,414.94,0.6990,934.74,417.82,0.8158,995.72,433.67,0.7490,930.90,447.59,0.7248,1005.81,462.00,0.8030,919.38,477.84,0.6703,984.68,463.92,0.6575,964.51,462.96,0.6487,973.16,507.13,0.7124,937.62,492.25,0.7350,989.96,557.55,0.7504,942.43,529.22,0.7746
192,bottom,0,738.74,629.68,926.48,829.26,804.50,650.63,0.8671,803.28,648.80,0.6347,805.11,648.19,0.5937,798.39,654.30,0.8146,814.89,651.86,0.7363,790.44,678.74,0.8139,832.61,671.41,0.7700,778.83,678.13,0.6460,861.33,692.19,0.6646,758.67,664.08,0.6968,897.39,703.19,0.7761,816.11,739.86,0.6761,844.22,738.02,0.6936,788.61,727.02,0.7774,873.55,782.02,0.7525,789.22,773.47,0.7946,893.11,805.24,0.7871
193,top,1,907.54,386.45,1011.30,576.07,938.12,401.64,0.8505,942.75,397.93,0.8125,934.88,397.93,0.8514,950.62,401.64,0.8543,930.72,402.10,0.7375,966.36,421.54,0.6941,929.79,425.25,0.7999,988.58,441.91,0.7155,926.09,453.49,0.7179,1002.47,469.23,0.7661,914.05,482.19,0.7026,977.94,471.08,0.6586,959.42,469.69,0.6265,966.36,511.82,0.7289,933.96,495.61,0.7207,986.27,561.35,0.7494,941.83,529.41,0.7900
193,bottom,0,736.69,626.56,923.96,828.83,801.07,649.06,0.8879,799.85,646.62,0.6424,799.24,646.01,0.6154,794.97,652.71,0.8358,812.04,649.67,0.7479,788.26,677.10,0.8312,830.33,669.17,0.8106,774.85,682.59,0.7426,854.10,691.73,0.6854,754.74,671.61,0.8077,885.19,707.58,0.8264,813.87,737.45,0.6889,841.91,735.62,0.7085,788.87,726.48,0.7735,870.56,779.51,0.7623,788.87,773.42,0.7929,891.29,805.12,0.8271
194,top,0,902.71,390.56,1009.03,577.16,931.73,407.32,0.8963,936.74,403.68,0.8333,928.99,403.22,0.8789,944.48,407.32,0.8698,924.89,407.78,0.7035,959.97,428.28,0.7023,923.07,430.56,0.8029,982.75,451.06,0.7294,918.97,458.80,0.7384,999.15,477.94,0.7793,906.67,487.96,0.7150,972.27,475.66,0.6447,954.96,473.84,0.6290,958.15,514.38,0.7145,929.45,498.89,0.7185,985.03,560.40,0.7258,942.66,530.33,0.7432
194,bottom,1,736.05,623.81,924.92,831.38,800.36,644.59,0.9118,799.74,642.75,0.6576,797.90,642.13,0.6065,793.60,649.51,0.8357,811.42,646.44,0.7468,788.06,675.95,0.8329,829.25,664.88,0.8114,771.46,688.86,0.7138,844.62,687.63,0.6555,745.03,683.33,0.6842,876.59,710.99,0.7089,814.50,733.13,0.6888,840.94,731.28,0.7148,789.29,725.75,0.7505,871.06,774.32,0.7616,788.68,773.09,0.7876,891.96,805.67,0.8193
195,top,1,896.54,395.70,1005.47,577.85,926.55,411.18,0.9295,931.00,407.62,0.8589,923.44,407.62,0.8810,939.00,411.62,0.8713,919.88,411.62,0.7162,953.23,432.97,0.7120,918.10,434.30,0.8141,977.25,456.09,0.7089,913.21,464.10,0.7453,995.48,481.00,0.7539,899.87,493.45,0.7109,966.57,480.55,0.6372,948.78,478.33,0.6166,950.56,520.13,0.7077,925.21,500.12,0.6911,982.14,559.26,0.7196,941.22,531.25,0.7001
195,bottom,0,740.35,618.71,906.85,824.67,801.92,638.77,0.8950,800.30,635.51,0.6543,801.38,635.51,0.6155,795.42,643.64,0.7672,812.76,642.02,0.7594,787.29,673.45,0.8201,831.19,661.53,0.8299,770.49,696.76,0.7901,844.74,688.09,0.6915,747.18,698.93,0.7933,871.84,713.02,0.7852,813.84,726.57,0.6560,840.94,724.40,0.6835,790.00,725.48,0.7354,871.84,767.22,0.7802,788.91,772.09,0.8060,892.43,806.78,0.8146
196,top,1,894.82,395.78,1002.02,577.41,922.70,412.10,0.9415,927.13,408.55,0.8818,919.59,408.55,0.8846,935.11,412.10,0.9003,916.05,412.98,0.7263,949.30,434.71,0.7052,913.38,435.15,0.8113,971.47,456.44,0.6842,908.95,464.87,0.7398,991.87,479.94,0.7314,895.65,494.58,0.6832,959.95,485.26,0.6207,940.88,483.49,0.6050,945.76,520.74,0.7081,920.92,503.89,0.6616,976.35,558.87,0.7315,941.76,532.27,0.5736
196,bottom,0,749.48,612.00,922.76,831.86,803.97,632.81,0.9521,803.97,629.99,0.7213,801.15,630.55,0.6631,796.63,637.89,0.8189,814.68,636.76,0.8281,787.61,670.04,0.8477,833.30,656.50,0.8380,775.20,701.06,0.7761,844.02,685.27,0.7319,760.53,716.86,0.7596,866.01,712.91,0.7268,815.81,719.68,0.6763,842.32,718.55,0.6713,793.25,729.27,0.6803,875.04,763.11,0.7575,788.74,771.57,0.7950,894.78,808.80,0.8336
197,top,1,885.68,396.00,1002.59,577.45,920.66,411.41,0.9585,925.53,407.87,0.9121,918.00,407.87,0.9219,933.50,411.86,0.9092,914.01,411.41,0.7540,946.79,433.56,0.6767,909.14,434.89,0.7949,970.72,455.27,0.6774,905.15,465.46,0.7659,991.09,479.64,0.7333,891.42,495.14,0.7268,953.00,485.84,0.5954,932.62,485.84,0.5886,944.58,521.72,0.7089,918.44,510.65,0.6538,969.39,557.60,0.7035,940.59,531.47,0.5375
197,bottom,0,757.53,608.19,922.55,834.17,806.94,627.94,0.9447,806.94,624.63,0.7205,804.73,625.18,0.6663,798.66,631.80,0.8264,817.42,630.14,0.8232,789.84,667.66,0.8430,836.73,651.11,0.8498,781.01,702.42,0.7654,844.46,680.90,0.7412,769.42,730.01,0.7869,864.32,710.15,0.7030,817.97,715.66,0.6487,846.66,713.46,0.6414,797.56,733.32,0.6775,877.01,758.15,0.7482,790.39,773.59,0.8121,896.32,809.46,0.8555
198,top,1,877.86,395.07,995.52,575.79,919.92,410.42,0.9246,924.34,406.45,0.8799,917.28,406.89,0.9452,932.72,410.86,0.8943,913.75,410.86,0.7629,947.28,433.37,0.6982,905.36,434.69,0.7976,968.46,455.43,0.7241,900.51,465.57,0.7562,989.63,479.69,0.7034,887.28,494.69,0.7524,945.07,485.43,0.5980,922.13,485.87,0.6111,945.96,526.90,0.6934,918.60,521.17,0.6476,963.16,557.79,0.7560,940.22,528.67,0.5626
198,bottom,0,770.97,604.26,919.74,828.62,810.30,624.41,0.9620,810.30,621.68,0.7398,809.20,622.22,0.6970,802.63,628.80,0.8217,820.70,626.61,0.8171,793.86,663.85,0.8505,840.97,647.42,0.8624,787.29,704.39,0.7434,849.74,679.19,0.7381,777.98,736.16,0.7770,867.26,710.96,0.7055,819.06,711.51,0.6968,848.64,709.32,0.6534,802.08,737.26,0.7444,877.67,755.33,0.7827,792.77,773.96,0.8248,895.20,806.82,0.8776
199,top,1,879.10,395.11,983.75,574.43,918.29,412.09,0.9257,922.67,408.15,0.8488,915.66,408.15,0.9258,931.43,411.66,0.8650,912.16,412.53,0.7514,945.87,435.74,0.6951,901.22,436.17,0.7882,966.45,457.19,0.6940,894.21,463.76,0.7280,985.28,479.52,0.7052,881.95,490.90,0.6262,938.43,489.15,0.6453,915.23,490.46,0.6348,944.56,534.24,0.6755,914.35,532.49,0.6719,962.07,556.13,0.7237,934.05,534.68,0.4351
199,bottom,0,783.11,602.63,918.70,829.03,814.42,622.97,0.9453,813.32,619.66,0.7006,812.76,620.21,0.6743,806.13,626.84,0.8005,824.37,624.63,0.7943,797.29,662.22,0.8441,845.38,646.74,0.8530,792.86,703.12,0.7524,855.32,680.46,0.7598,785.68,738.49,0.7621,873.01,710.86,0.6488,820.50,709.20,0.7027,850.35,706.99,0.6543,805.03,735.18,0.7385,879.65,755.08,0.7806,799.50,773.87,0.7912,894.02,806.48,0.9114
200,top,1,863.51,398.18,984.28,574.92,913.97,414.92,0.8557,918.72,410.61,0.7790,911.38,410.18,0.8666,928.21,413.63,0.8020,907.93,414.06,0.7303,942.88,438.65,0.6842,896.28,438.65,0.7524,961.43,459.80,0.6487,886.36,465.84,0.7332,975.67,476.62,0.6343,872.12,490.00,0.6348,932.09,493.45,0.6135,908.36,494.31,0.6127,942.88,538.33,0.5608,905.34,541.78,0.6277,962.30,557.74,0.6503,920.87,529.70,0.3445
200,bottom,0,784.72,602.07,917.42,832.97,818.38,623.38,0.9290,817.81,621.13,0.6863,817.25,621.69,0.6500,809.92,628.45,0.8322,829.09,626.20,0.7992,800.90,662.28,0.8317,849.38,648.18,0.8392,796.39,703.43,0.7430,863.47,682.01,0.7406,789.63,741.20,0.8045,880.95,712.45,0.6772,820.63,711.32,0.7064,849.94,709.63,0.6754,808.79,733.30,0.6817,880.95,756.98,0.7861,810.48,779.53,0.7291,893.91,808.28,0.9051
201,top,1,857.46,401.46,976.11,577.22,907.34,417.25,0.8493,912.06,413.38,0.7631,904.34,412.96,0.8615,921.93,415.96,0.7708,900.91,417.25,0.6925,936.52,440.42,0.7064,890.18,441.28,0.7546,953.68,460.16,0.6854,878.16,466.16,0.7481,965.70,476.89,0.6539,862.29,486.33,0.6174,926.65,491.91,0.6524,901.33,492.34,0.6433,936.52,539.54,0.6810,888.46,540.40,0.7120,962.27,559.28,0.7099,910.35,525.81,0.4658
201,bottom,0,784.54,604.81,916.92,835.95,823.08,625.02,0.9002,823.08,622.19,0.6491,823.08,622.76,0.6083,814.05,629.53,0.8392,834.37,628.40,0.7396,804.46,663.39,0.8299,853.55,652.10,0.8384,798.81,705.71,0.7578,869.92,684.83,0.7411,792.61,742.95,0.8280,889.10,714.17,0.7505,821.39,715.87,0.7202,850.17,715.30,0.6777,816.31,737.31,0.6466,885.15,761.57,0.8040,816.31,784.15,0.7393,892.49,811.80,0.9220
202,top,1,831.95,404.44,976.66,577.79,897.71,420.92,0.8587,901.95,416.21,0.7818,894.41,416.68,0.8363,911.37,419.98,0.8188,891.11,420.92,0.7276,926.91,442.59,0.6757,882.16,443.06,0.7159,946.23,460.96,0.6543,868.50,466.15,0.7484,955.18,477.45,0.6022,851.54,481.22,0.6524,919.85,496.29,0.6324,892.06,495.35,0.6349,934.45,541.52,0.6911,873.68,537.28,0.7317,961.30,558.48,0.7404,896.29,534.92,0.6171
202,bottom,0,785.73,606.60,919.38,839.47,828.11,626.95,0.9097,826.97,624.68,0.6591,828.68,624.68,0.6278,819.01,631.50,0.8287,838.91,630.36,0.7557,808.21,663.91,0.8307,857.67,654.81,0.8180,800.82,705.41,0.7529,874.16,683.24,0.6851,794.00,742.37,0.8055,894.63,711.67,0.7499,822.42,719.06,0.7137,850.28,717.92,0.6494,822.99,742.93,0.6433,887.24,765.68,0.7998,818.44,786.14,0.7437,890.08,817.41,0.9047
203,top,0,820.33,405.77,977.07,578.58,886.46,423.81,0.8340,891.56,419.21,0.7574,883.91,419.21,0.8428,901.76,423.30,0.8018,880.85,423.81,0.7255,917.07,445.24,0.6968,872.17,446.77,0.7283,935.95,462.58,0.5897,855.84,469.22,0.7183,933.91,462.58,0.3537,834.42,482.99,0.6520,911.97,498.30,0.6695,885.95,495.75,0.6575,929.83,541.15,0.6816,860.44,528.40,0.7880,959.42,557.48,0.7322,877.78,548.81,0.7295
203,bottom,1,790.43,608.25,915.06,840.37,832.35,629.10,0.9127,830.65,626.27,0.6640,832.91,626.83,0.6542,824.41,633.07,0.8116,842.55,633.07,0.7822,811.94,664.24,0.8501,860.68,657.44,0.8515,802.88,705.61,0.7905,879.38,685.77,0.7193,795.51,742.44,0.8340,899.22,710.14,0.8174,823.84,720.91,0.7392,851.61,720.34,0.6879,826.11,743.01,0.6249,889.02,769.64,0.8277,819.31,784.94,0.7460,890.15,821.21,0.9289
204,top,0,802.95,411.08,976.20,582.99,872.66,425.98,0.7917,878.30,421.47,0.7123,870.96,421.47,0.7805,889.01,425.98,0.7772,868.71,425.98,0.6460,905.36,446.84,0.7019,860.25,450.79,0.7515,922.85,460.94,0.5878,841.08,473.35,0.7247,922.85,464.33,0.3988,814.01,485.19,0.6883,901.98,497.03,0.7134,877.17,494.78,0.6884,924.54,542.15,0.7503,848.41,522.98,0.7860,958.94,558.50,0.7192,856.30,565.27,0.7949
204,bottom,1,796.26,607.43,920.06,840.70,836.52,629.53,0.9332,835.95,627.82,0.6623,837.09,628.39,0.6530,829.11,634.08,0.7898,847.34,634.08,0.7588,816.02,664.84,0.8538,864.42,658.00,0.8358,805.19,705.84,0.7988,884.36,685.34,0.6964,796.08,741.72,0.8363,901.44,705.84,0.7691,825.70,721.79,0.7202,853.03,721.79,0.6921,827.98,744.00,0.6338,892.33,767.92,0.8202,819.43,786.14,0.7495,892.33,820.88,0.8961
205,top,0,798.50,414.01,976.16,589.23,860.15,429.91,0.8487,865.35,425.28,0.7643,857.84,425.28,0.8177,876.34,428.75,0.8064,855.52,428.75,0.7173,893.11,449.57,0.6855,849.16,454.78,0.7648,913.35,464.03,0.5834,828.92,476.17,0.7196,922.03,475.60,0.5199,802.32,484.85,0.6998,892.53,499.89,0.7011,867.09,498.15,0.7088,917.40,543.26,0.7087,837.59,524.17,0.7951,953.84,556.56,0.7087,828.34,573.33,0.7949
205,bottom,1,786.29,607.49,921.33,841.10,840.12,629.05,0.9244,838.41,626.77,0.5388,838.98,627.34,0.6390,832.71,634.18,0.7189,849.82,633.04,0.7421,819.02,663.27,0.8364,868.07,656.42,0.8334,806.47,702.05,0.8161,886.32,682.66,0.7366,797.35,738.55,0.8283,901.15,702.62,0.7909,827.00,719.73,0.7248,854.38,719.73,0.6852,829.86,745.40,0.6702,893.73,765.93,0.8360,819.02,787.03,0.7562,893.16,820.68,0.9313
206,top,0,784.41,416.35,969.61,594.62,848.67,436.16,0.8605,853.50,431.34,0.7719,846.87,431.34,0.7995,864.35,433.75,0.8063,844.45,433.75,0.6822,882.43,454.24,0.7222,837.22,459.67,0.8051,901.73,468.71,0.6364,818.53,478.96,0.7357,912.58,480.17,0.5245,796.23,486.19,0.6178,881.83,503.68,0.7731,855.91,502.47,0.7895,908.36,546.48,0.7274,827.58,535.63,0.7920,945.13,556.73,0.7239,807.68,578.43,0.8249
206,bottom,1,789.27,606.96,922.47,840.52,843.89,626.80,0.9606,843.32,625.09,0.5532,843.32,625.09,0.6717,836.48,631.93,0.7287,854.16,630.79,0.7605,822.80,659.87,0.8243,871.27,654.17,0.8262,807.97,698.65,0.8149,888.94,681.54,0.7347,797.14,735.14,0.8121,901.49,700.93,0.7409,827.93,716.89,0.7016,855.30,717.46,0.6745,831.35,746.55,0.6948,892.36,764.79,0.8255,819.38,786.46,0.7506,893.50,818.96,0.9122
207,top,0,770.05,423.13,950.04,607.22,836.02,439.59,0.8625,841.29,434.90,0.7452,834.85,434.90,0.7967,853.01,438.42,0.8056,833.09,438.42,0.6551,871.76,461.27,0.7459,827.23,465.37,0.7933,893.44,478.26,0.6849,808.48,486.46,0.6968,912.78,494.67,0.4993,790.32,491.74,0.5105,871.76,510.49,0.7655,845.40,510.49,0.7776,896.37,552.67,0.7579,817.86,546.81,0.8052,928.01,557.36,0.7129,793.84,590.76,0.8366
207,bottom,1,785.41,605.72,919.25,840.73,847.17,626.26,0.8928,848.32,623.97,0.5374,844.87,623.97,0.6116,840.28,630.85,0.7605,856.92,629.71,0.7096,825.94,658.39,0.7925,874.71,653.23,0.8008,808.73,695.69,0.7972,891.35,680.77,0.7114,796.10,732.41,0.7987,900.53,697.98,0.7024,828.23,715.19,0.7052,855.77,715.77,0.6662,832.25,746.75,0.6829,890.77,763.96,0.8230,821.35,787.49,0.7378,892.49,819.04,0.9101
208,top,0,753.91,427.08,942.10,614.81,827.18,445.60,0.8754,832.08,441.31,0.7785,825.34,440.70,0.8503,842.49,444.38,0.8241,824.11,444.38,0.7143,860.87,466.43,0.7638,816.76,471.94,0.7745,882.92,486.64,0.7234,799.00,496.44,0.7525,906.81,502.57,0.7545,773.88,500.73,0.7120,861.48,520.33,0.7630,833.92,519.11,0.7690,887.21,562.60,0.7788,806.35,549.74,0.7905,916.61,564.44,0.7516,784.91,597.52,0.8383
208,bottom,1,783.70,606.23,917.53,840.73,850.61,626.15,0.8302,851.19,623.86,0.5194,848.90,624.43,0.5547,842.60,630.73,0.7607,860.35,630.16,0.7011,827.71,657.64,0.7578,876.38,653.63,0.7972,809.96,694.85,0.7941,894.13,682.26,0.7258,793.93,731.50,0.7948,905.00,701.15,0.7669,826.00,713.75,0.6804,853.48,716.61,0.6304,835.16,745.24,0.6934,889.55,762.41,0.8214,822.56,790.47,0.7509,891.84,819.66,0.8930
209,top,0,743.33,431.99,929.13,615.52,819.30,452.38,0.9117,824.14,448.15,0.8089,817.48,448.15,0.8508,834.42,450.57,0.8633,815.67,451.78,0.7144,851.96,472.95,0.7822,807.81,477.79,0.8001,875.55,492.91,0.8010,791.48,501.98,0.8154,900.34,508.03,0.8742,764.26,506.82,0.8178,850.14,528.59,0.7834,823.53,525.57,0.7716,875.55,570.93,0.8079,797.52,546.74,0.7998,903.37,569.72,0.7568,783.61,598.15,0.8813
209,bottom,1,781.68,606.82,926.23,840.47,853.96,628.95,0.8441,855.10,626.67,0.5105,852.81,627.24,0.5578,846.54,633.51,0.7519,863.08,632.94,0.6694,830.00,659.18,0.7774,878.48,655.76,0.7951,810.03,695.69,0.8133,896.17,683.71,0.7253,791.78,731.63,0.8216,911.57,705.96,0.8137,823.72,715.08,0.7189,849.96,717.37,0.6557,839.12,747.03,0.7243,888.75,762.43,0.8475,818.02,794.37,0.8002,892.75,820.04,0.9014
210,top,0,741.33,436.72,919.20,616.10,811.74,455.77,0.9062,816.37,451.72,0.7811,809.42,451.72,0.8816,826.79,454.62,0.8543,807.11,455.19,0.7456,843.01,475.46,0.7649,801.90,481.83,0.7752,868.48,496.30,0.7729,784.53,506.73,0.8077,896.85,511.94,0.8490,758.47,513.09,0.8106,842.43,532.78,0.7640,816.37,528.73,0.7594,866.17,580.84,0.8163,794.37,544.36,0.8106,891.06,573.89,0.7001,783.37,598.21,0.8680
210,bottom,1,789.50,610.08,934.53,845.26,856.85,631.20,0.8238,857.42,628.91,0.4952,855.13,629.48,0.5539,849.96,635.22,0.7343,865.46,635.22,0.6705,832.73,661.06,0.7895,879.81,658.76,0.7871,811.49,697.23,0.8319,898.76,688.05,0.7219,791.97,731.68,0.7782,917.71,711.59,0.8119,822.97,718.48,0.7351,849.38,720.20,0.6481,839.62,752.35,0.7346,889.00,763.26,0.7920,816.08,801.16,0.8064,892.45,822.40,0.8339
211,top,0,740.59,438.97,913.67,616.18,805.72,457.15,0.9402,810.80,453.21,0.8235,804.03,453.21,0.9406,820.94,456.59,0.8542,801.78,457.15,0.7621,837.28,476.87,0.7590,797.27,484.19,0.7828,863.19,497.15,0.7509,780.37,508.99,0.8337,893.05,511.80,0.8458,761.78,517.44,0.8695,838.40,534.90,0.7510,811.36,530.39,0.7449,859.81,582.23,0.8296,791.08,544.48,0.7937,885.73,573.78,0.7216,783.19,598.00,0.8700
211,bottom,1,788.38,615.07,942.46,853.23,859.60,634.72,0.8184,859.60,631.23,0.5198,857.86,631.81,0.5533,852.05,637.63,0.7454,867.74,637.63,0.6875,834.60,663.21,0.7924,881.70,663.79,0.7934,812.51,700.42,0.8285,899.72,693.44,0.7364,792.74,734.73,0.7885,921.82,717.28,0.7783,823.55,721.35,0.7389,849.14,724.84,0.6397,837.51,755.66,0.7455,888.68,769.03,0.7687,816.58,802.76,0.7767,888.68,826.01,0.8121
212,top,1,747.35,439.02,910.32,615.86,802.84,456.88,0.9762,807.62,452.64,0.8549,800.72,452.64,0.9489,817.70,455.82,0.8543,798.60,457.42,0.7317,835.73,475.98,0.7543,794.35,484.47,0.8090,861.20,496.67,0.7314,781.09,510.46,0.8534,892.50,511.00,0.8226,764.12,518.95,0.8423,835.20,533.81,0.7701,809.21,529.56,0.7890,856.95,582.61,0.8371,788.52,545.48,0.8119,882.42,574.12,0.7411,783.21,598.53,0.8889
212,bottom,0,790.62,618.36,945.63,855.04,862.35,639.05,0.8511,862.35,636.16,0.5367,860.61,636.16,0.5922,854.26,642.52,0.7618,870.44,642.52,0.6914,836.35,667.94,0.8139,883.15,670.25,0.8005,813.81,704.92,0.8400,902.22,701.45,0.7694,794.16,738.43,0.7938,925.91,725.72,0.7930,825.37,726.30,0.7444,850.79,730.92,0.6417,837.50,757.50,0.7406,887.77,775.99,0.7569,816.70,801.41,0.8036,884.30,831.46,0.8218
213,top,0,750.31,433.75,908.37,616.74,802.59,452.70,0.9461,807.22,448.58,0.8452,800.01,448.58,0.9217,817.51,452.19,0.8770,797.95,453.73,0.7380,835.00,472.25,0.7365,792.81,482.54,0.7982,859.18,492.32,0.6929,782.52,509.81,0.8217,888.51,506.21,0.7830,768.63,522.16,0.7981,834.49,531.42,0.7251,808.25,527.30,0.7536,857.64,578.76,0.7989,788.69,543.25,0.7870,881.82,573.61,0.6966,783.03,598.31,0.8786
213,bottom,1,791.80,621.85,946.67,862.20,866.30,643.45,0.8254,865.72,640.51,0.5288,865.13,640.51,0.5666,857.50,646.38,0.7856,874.52,647.55,0.7022,838.72,671.61,0.7953,885.67,675.72,0.7920,815.25,707.41,0.8405,903.27,707.41,0.7901,793.54,741.44,0.7904,927.33,734.40,0.7937,826.99,730.88,0.7357,851.63,736.16,0.6420,838.72,760.22,0.7195,887.43,783.10,0.7518,817.01,801.88,0.8055,882.15,838.84,0.8194
214,top,0,753.26,428.87,909.17,616.86,805.84,446.74,0.9160,810.41,442.68,0.8593,802.80,443.19,0.8980,819.04,446.74,0.9154,799.24,448.77,0.7790,836.29,465.01,0.7369,793.15,477.70,0.8084,858.11,484.29,0.6802,786.05,506.62,0.7762,886.03,499.52,0.7824,773.36,525.91,0.7612,836.29,525.40,0.7101,808.89,523.37,0.7284,858.62,569.55,0.7678,789.60,545.70,0.7658,882.98,571.59,0.6822,783.00,598.48,0.8665
214,bottom,1,796.92,626.86,943.70,863.35,869.15,646.95,0.7852,869.73,643.49,0.4924,868.00,644.07,0.5217,859.92,649.84,0.7529,877.24,650.99,0.6841,840.86,674.67,0.7806,887.63,678.71,0.7854,814.88,709.31,0.8210,904.37,712.20,0.7800,790.05,741.64,0.7884,926.31,740.49,0.7774,828.16,734.14,0.7263,854.14,739.91,0.6336,839.71,760.69,0.6796,890.52,785.52,0.7395,817.77,802.84,0.7789,881.86,840.95,0.7885
215,top,1,762.12,424.48,910.92,616.30,809.88,439.02,0.9992,814.24,435.14,0.9422,806.00,435.63,0.9152,822.96,439.50,0.9392,802.13,441.44,0.8529,837.97,457.91,0.7380,796.32,471.47,0.8380,858.31,476.80,0.6558,791.96,501.01,0.8050,883.98,492.30,0.7025,780.82,526.69,0.7656,838.94,515.55,0.6656,810.36,515.55,0.7051,863.64,561.07,0.7157,793.89,545.09,0.7470,885.92,572.70,0.7088,783.72,598.85,0.8580
215,bottom,0,775.24,628.78,941.11,860.99,871.21,649.08,0.8254,871.78,646.24,0.5813,872.91,647.38,0.5397,861.57,653.05,0.7139,879.15,654.18,0.6637,841.17,677.99,0.7762,889.35,682.52,0.8459,813.95,710.87,0.8233,904.66,717.67,0.8064,789.01,739.78,0.8035,924.50,747.15,0.7845,829.83,734.68,0.7222,857.04,740.92,0.6490,837.20,760.76,0.6639,898.42,784.00,0.8133,819.06,803.28,0.7643,884.25,838.43,0.8320
216,top,0,765.28,417.48,911.53,615.07,813.80,432.34,0.9902,817.66,428.48,0.9388,809.94,429.44,0.9046,825.86,432.82,0.9658,805.60,434.75,0.8712,840.33,448.74,0.7237,798.85,465.14,0.7846,859.63,469.48,0.6810,796.92,496.02,0.7430,882.79,487.33,0.6894,789.68,524.96,0.6737,842.26,505.66,0.6491,814.28,507.11,0.6613,866.38,548.11,0.6754,799.81,546.67,0.7269,883.75,571.75,0.7380,784.86,597.80,0.8103
216,bottom,1,796.58,631.59,939.38,858.66,871.31,651.99,0.8428,872.97,648.66,0.5513,869.64,649.77,0.5023,861.88,655.31,0.7268,879.62,656.98,0.6504,841.37,680.26,0.8003,890.16,685.81,0.8060,814.76,711.86,0.8313,906.23,721.84,0.8155,789.81,742.35,0.8301,925.08,749.56,0.8103,831.39,738.47,0.7158,859.66,744.02,0.6397,836.38,761.20,0.6573,902.91,785.04,0.7964,819.19,806.11,0.7817,889.60,836.60,0.8190
217,top,1,775.37,412.11,911.50,615.19,817.65,426.89,0.9751,821.62,422.92,0.9370,813.69,423.91,0.8996,829.55,426.89,0.9644,809.23,429.37,0.8801,842.94,442.26,0.7516,802.78,460.11,0.7877,859.80,463.58,0.7147,800.30,492.83,0.7506,882.60,482.42,0.7347,795.34,523.07,0.7157,845.91,498.28,0.6544,817.16,501.26,0.6867,872.19,542.91,0.6778,805.75,544.89,0.7403,884.59,571.17,0.7995,788.90,594.47,0.8155
217,bottom,0,779.32,633.29,933.74,869.99,870.98,655.13,0.8705,870.98,652.24,0.6264,872.71,653.40,0.5851,861.15,659.18,0.7481,879.07,660.33,0.7171,841.51,684.60,0.7972,890.63,688.07,0.8694,816.08,716.96,0.8170,908.54,721.59,0.8022,791.81,746.44,0.8229,922.99,736.03,0.7862,833.99,745.28,0.6843,861.73,751.06,0.6549,836.30,764.35,0.6072,901.61,796.71,0.8071,819.55,807.11,0.7641,900.45,849.88,0.8458
218,top,0,785.47,406.78,911.96,606.97,821.83,422.81,0.9844,826.23,418.90,0.9449,817.92,419.88,0.9124,833.56,423.30,0.9641,813.52,425.26,0.9006,846.27,437.96,0.7690,807.17,455.56,0.8201,862.89,461.42,0.7279,805.70,488.79,0.7388,885.86,482.44,0.7643,800.82,521.54,0.7219,850.18,493.68,0.6572,821.34,496.12,0.6975,874.13,536.69,0.6746,811.08,538.16,0.7498,886.35,569.43,0.8083,796.42,588.01,0.7501
218,bottom,1,778.96,639.71,930.59,873.45,868.47,660.71,0.8514,867.33,658.43,0.6063,869.61,658.43,0.5560,859.34,664.70,0.7987,877.03,665.84,0.6838,841.65,691.52,0.7921,890.73,691.52,0.8139,817.11,722.91,0.7660,914.69,713.78,0.7691,791.44,749.73,0.8522,897.00,697.23,0.5723,835.95,752.58,0.6829,862.77,757.72,0.6518,835.95,766.85,0.5262,903.28,802.80,0.7901,818.26,809.08,0.7359,903.28,854.16,0.8171
219,top,1,796.88,407.09,911.15,609.35,826.36,421.31,0.9888,830.31,417.36,0.9205,822.41,418.34,0.9089,837.72,420.81,0.9444,817.97,424.27,0.9201,850.06,436.12,0.8015,811.05,454.39,0.8437,865.37,459.82,0.7677,809.57,487.97,0.7551,886.61,481.06,0.7714,806.11,522.05,0.7255,852.53,491.92,0.6833,824.38,494.89,0.7206,875.74,533.90,0.6998,815.50,535.38,0.7699,889.07,565.50,0.7991,808.09,589.20,0.7982
219,bottom,0,777.42,643.17,930.46,872.68,865.15,664.35,0.8840,865.15,662.67,0.5792,867.39,662.67,0.5190,855.62,668.27,0.7948,874.67,669.39,0.7258,839.93,693.48,0.7766,886.44,691.80,0.7747,815.84,724.30,0.7317,915.58,697.97,0.7395,788.94,747.84,0.8292,907.73,675.55,0.7205,835.45,759.04,0.6524,862.90,763.53,0.6316,832.65,771.37,0.5410,906.05,802.75,0.7703,816.96,807.23,0.7372,903.81,853.74,0.8153
220,top,1,804.81,405.55,910.76,608.72,831.00,420.83,0.9549,834.97,416.86,0.8955,827.03,417.85,0.8948,842.90,420.33,0.9399,822.56,423.31,0.8829,853.81,435.21,0.7858,815.62,454.06,0.8249,867.21,459.52,0.7537,814.13,487.79,0.7269,889.53,481.34,0.7280,810.66,523.01,0.6970,854.81,490.77,0.6614,827.03,493.25,0.7011,878.12,533.42,0.6770,821.08,533.92,0.7336,890.52,562.19,0.7778,819.09,586.00,0.7927
220,bottom,0,772.46,622.10,933.34,872.56,857.79,662.95,0.8928,859.01,660.50,0.5709,858.40,661.72,0.5284,848.62,664.78,0.8015,868.19,665.39,0.7449,834.55,690.46,0.7811,879.19,684.96,0.7758,809.48,719.81,0.7592,910.38,680.68,0.8494,785.03,735.71,0.8177,904.87,651.94,0.8921,834.55,756.50,0.6985,863.91,760.78,0.7009,826.61,769.34,0.5411,905.49,802.97,0.7999,816.82,807.25,0.7700,904.26,853.11,0.8431
221,top,1,808.24,406.34,917.39,606.63,835.43,421.40,0.9664,839.83,417.00,0.9012,831.52,417.97,0.9163,847.17,420.91,0.9515,827.12,423.35,0.9035,857.43,436.07,0.7746,818.80,454.16,0.8343,870.15,460.03,0.7274,817.83,487.90,0.7266,893.62,481.54,0.7309,814.89,522.62,0.7193,857.43,492.30,0.6751,830.05,494.75,0.6992,880.91,531.91,0.6800,827.61,535.33,0.7320,891.66,559.78,0.7675,823.69,585.70,0.7912
221,bottom,0,763.75,606.30,933.68,872.95,848.06,657.60,0.9552,850.67,654.99,0.6515,848.06,654.34,0.6464,838.95,658.25,0.7789,857.83,658.25,0.7940,823.98,685.59,0.7973,870.85,678.43,0.7781,797.94,710.98,0.7724,904.70,661.50,0.9096,776.45,722.05,0.8316,896.89,630.90,0.8813,832.44,751.34,0.7141,862.39,753.94,0.7205,815.51,779.98,0.6717,896.24,800.17,0.8212,815.51,816.44,0.7817,904.70,852.25,0.8774
222,top,1,810.71,405.45,921.31,606.40,840.50,421.05,0.9492,844.92,417.12,0.9211,836.58,417.61,0.9312,852.27,420.56,0.9609,831.67,422.52,0.8985,861.60,436.26,0.7760,823.33,453.92,0.8323,874.35,460.30,0.7174,821.37,487.77,0.7333,897.41,481.88,0.7304,818.42,521.62,0.7381,860.12,493.66,0.6786,833.63,496.60,0.6930,884.66,531.93,0.6735,831.67,535.85,0.7207,893.00,556.95,0.7581,824.31,586.38,0.7960
222,bottom,0,750.49,604.41,932.13,869.39,839.37,648.92,0.9282,843.25,646.98,0.6527,839.37,646.33,0.6475,830.96,652.16,0.7332,848.42,652.16,0.8101,813.49,678.03,0.7830,862.66,672.21,0.7689,788.26,699.38,0.7420,896.30,655.39,0.9309,768.21,711.02,0.8009,890.47,625.63,0.8761,828.37,741.43,0.6896,856.83,742.72,0.6768,808.96,784.12,0.7636,878.83,794.48,0.7973,811.55,822.94,0.8018,900.82,842.99,0.8529
223,top,1,811.38,405.36,924.98,605.71,846.17,420.42,0.9443,850.08,416.51,0.9085,842.74,417.49,0.9145,856.93,420.42,0.9179,836.87,421.89,0.8969,866.71,436.07,0.7944,827.58,452.70,0.8245,877.47,459.55,0.7252,823.67,487.43,0.7433,901.44,481.08,0.7244,821.22,520.70,0.7393,862.80,492.81,0.6821,836.39,496.24,0.6880,888.23,531.46,0.6698,835.41,535.86,0.7151,894.10,553.96,0.7410,824.65,585.75,0.7926
223,bottom,0,747.28,607.90,914.67,859.36,831.59,640.93,0.9161,835.27,637.86,0.6403,831.59,637.86,0.5911,822.99,644.61,0.7536,841.41,645.23,0.7923,806.42,669.17,0.7706,853.69,666.10,0.7453,782.48,692.50,0.7247,888.68,655.05,0.8953,765.90,706.62,0.7694,882.54,625.58,0.8752,819.92,734.24,0.6759,846.94,734.24,0.6536,805.80,782.13,0.7170,870.88,785.20,0.7736,808.87,818.35,0.7717,887.45,833.70,0.8075
224,top,1,814.61,402.66,922.97,601.67,852.76,417.62,0.9045,856.16,414.22,0.8662,848.87,414.71,0.8948,863.45,418.60,0.8732,843.52,419.57,0.8629,872.68,435.60,0.7605,833.32,449.69,0.7944,884.82,460.38,0.7028,826.52,484.67,0.7176,908.63,482.24,0.7414,823.60,516.26,0.7399,866.36,492.45,0.6647,841.10,495.36,0.6691,890.65,529.37,0.7106,838.67,535.69,0.7365,894.54,553.18,0.7786,824.58,586.22,0.7780
224,bottom,0,756.37,609.32,893.81,855.80,825.69,632.67,0.8108,829.30,629.06,0.5235,825.69,629.66,0.5159,816.67,636.28,0.7261,834.72,636.88,0.7100,799.22,662.76,0.7658,846.15,662.15,0.7023,777.55,689.83,0.7418,884.06,658.54,0.8233,763.71,706.68,0.7545,875.03,635.08,0.8716,808.84,727.14,0.6789,835.32,727.14,0.6651,804.03,778.29,0.6697,868.42,778.29,0.7560,804.63,809.58,0.6876,863.60,826.43,0.7742
225,top,1,817.46,400.80,923.99,597.77,859.66,414.65,0.8914,863.51,411.28,0.8161,855.82,411.28,0.9156,870.72,415.13,0.8750,851.01,416.57,0.8676,878.42,431.48,0.7730,840.43,444.94,0.7898,890.44,457.93,0.6711,830.81,478.60,0.6966,912.56,479.09,0.7425,826.96,509.86,0.7315,871.69,491.59,0.6754,847.16,493.99,0.6757,894.29,525.25,0.7439,842.35,535.35,0.7091,892.84,554.59,0.8028,826.00,584.40,0.7358
225,bottom,0,753.89,606.42,885.66,846.17,818.61,627.38,0.8886,821.53,623.86,0.5427,816.85,624.45,0.5938,809.83,630.89,0.7337,827.39,630.89,0.7222,793.44,659.57,0.8152,840.26,657.81,0.7624,774.71,690.01,0.8169,875.38,666.01,0.8224,761.83,708.74,0.7988,866.60,647.28,0.8217,798.12,722.79,0.7201,825.05,723.37,0.7093,802.22,772.54,0.7116,860.75,774.88,0.7803,799.29,805.32,0.6329,836.17,814.68,0.7187
226,top,1,818.48,395.99,921.90,599.24,866.71,411.27,0.8782,870.68,407.80,0.8262,862.74,407.80,0.8435,877.63,411.77,0.8327,858.28,412.76,0.8946,886.56,427.65,0.7598,847.36,439.56,0.7716,896.98,451.96,0.7181,834.96,470.82,0.7297,916.34,476.27,0.7710,829.00,504.06,0.7004,877.63,488.18,0.6651,853.32,490.17,0.6751,897.98,523.41,0.7504,846.37,532.84,0.7444,892.52,555.17,0.8050,827.51,581.47,0.7766
226,bottom,0,754.06,606.33,876.01,833.76,810.59,624.54,0.9113,812.82,621.76,0.5243,807.82,621.76,0.6231,802.82,628.98,0.7301,819.48,627.87,0.7067,787.83,657.30,0.8302,832.80,656.19,0.7452,771.17,691.72,0.8165,867.23,672.29,0.8172,760.07,711.71,0.7911,854.46,655.63,0.7720,788.94,723.37,0.7307,815.04,724.48,0.7141,798.38,763.35,0.7499,850.57,775.01,0.8160,790.05,801.11,0.6366,811.15,809.44,0.6881
227,top,1,822.70,391.36,927.23,598.59,873.95,406.95,0.8832,878.00,403.40,0.8203,869.91,403.91,0.8444,885.08,406.95,0.8396,864.85,407.96,0.8595,893.18,423.14,0.7565,854.73,435.28,0.7627,901.27,444.89,0.7303,840.56,465.13,0.7378,918.98,469.68,0.7508,832.47,497.00,0.6413,883.57,484.35,0.6720,859.79,486.38,0.6685,903.30,519.77,0.7752,850.18,529.38,0.7287,893.68,554.17,0.7897,832.97,575.92,0.7466
227,bottom,0,752.23,605.51,867.19,841.69,802.79,625.00,0.8737,803.37,622.11,0.4643,801.06,622.11,0.6108,795.30,629.61,0.7118,811.44,627.88,0.6765,781.46,657.86,0.8485,825.86,655.56,0.7854,765.89,692.46,0.7878,860.45,672.28,0.8306,758.97,711.49,0.6995,846.62,652.67,0.7877,780.30,722.45,0.7760,805.67,724.75,0.7608,792.41,751.85,0.6794,836.81,778.38,0.8370,779.73,787.60,0.7396,798.76,816.43,0.7769
228,top,1,829.72,386.51,932.89,594.99,879.27,402.70,0.8632,883.34,399.13,0.8171,875.19,399.13,0.8367,890.46,402.70,0.8177,870.61,403.71,0.8632,898.61,418.47,0.7641,858.91,430.69,0.7567,906.24,440.87,0.7070,843.64,460.72,0.7612,921.51,464.28,0.7377,836.00,491.77,0.6968,888.43,480.57,0.6647,864.51,482.10,0.6458,904.72,516.20,0.7675,855.85,525.36,0.7235,893.52,554.37,0.7769,839.06,573.20,0.7600
228,bottom,0,748.85,607.84,863.09,843.14,794.48,627.83,0.8462,793.33,624.96,0.5002,794.48,624.96,0.6214,786.44,631.85,0.7170,803.67,630.70,0.6758,774.95,659.42,0.8567,820.33,654.83,0.8051,760.59,694.47,0.7909,855.37,665.74,0.8812,753.12,710.55,0.7832,846.18,647.93,0.8555,773.23,721.47,0.7945,796.78,726.06,0.7815,777.82,747.89,0.4878,824.93,783.51,0.8080,768.06,784.08,0.7158,788.74,821.42,0.7892
229,top,0,835.93,383.20,933.42,594.42,883.13,397.02,0.8469,886.74,393.41,0.8098,879.52,393.92,0.8279,893.96,397.53,0.8294,874.36,399.08,0.8591,902.73,412.49,0.7970,863.02,424.35,0.7835,909.94,434.66,0.7504,847.55,454.26,0.7759,924.38,458.90,0.8046,838.78,485.20,0.7252,891.38,474.88,0.6829,869.21,475.40,0.6604,903.76,513.05,0.7520,864.56,517.69,0.7148,893.96,553.27,0.8020,847.03,569.25,0.7413
229,bottom,3,740.04,608.60,856.75,843.48,784.63,627.98,0.7982,781.77,624.54,0.5577,785.21,623.97,0.6199,777.75,631.42,0.7320,793.81,630.28,0.7071,767.43,661.24,0.8432,811.59,653.79,0.7824,754.24,694.50,0.7699,851.15,658.38,0.8780,746.79,705.97,0.7289,844.85,637.73,0.9232,765.71,722.60,0.7436,789.80,727.19,0.7302,763.99,734.07,0.5428,817.32,781.09,0.7722,753.67,774.79,0.7375,788.65,821.81,0.7708
230,top,1,840.78,378.19,934.52,585.18,886.13,392.24,0.8381,890.18,388.70,0.8026,882.59,388.70,0.8374,897.25,392.24,0.8381,878.05,393.75,0.8585,905.34,406.39,0.8099,866.42,418.51,0.7861,912.92,428.62,0.7597,851.77,448.33,0.7771,926.56,453.38,0.8120,843.18,478.65,0.7091,894.72,469.05,0.6600,872.49,470.06,0.6397,904.83,508.47,0.7509,871.48,513.01,0.7002,895.23,550.41,0.8069,855.81,562.03,0.7626
230,bottom,0,732.85,608.33,855.67,843.21,775.91,626.57,0.7925,773.04,623.13,0.6125,777.06,622.56,0.5939,769.03,630.01,0.7758,783.94,628.86,0.7292,759.85,660.97,0.8250,802.86,650.65,0.7739,746.67,694.23,0.7340,841.85,651.23,0.8192,741.50,698.82,0.6824,845.87,633.45,0.8508,761.00,720.61,0.7103,785.66,724.62,0.7093,752.40,728.07,0.4706,810.32,776.81,0.7194,740.36,763.04,0.6304,788.52,820.39,0.7549
231,top,1,844.33,372.72,937.58,583.73,888.89,388.07,0.8462,893.01,384.98,0.8051,885.29,384.98,0.8363,900.23,388.07,0.8658,881.17,389.10,0.8822,908.47,402.50,0.8378,868.80,413.83,0.8153,915.68,425.17,0.7944,854.38,444.74,0.7755,928.56,449.38,0.8347,847.16,475.14,0.7209,898.17,463.80,0.6832,875.50,465.35,0.6691,908.47,503.47,0.7328,879.10,507.08,0.7498,898.68,545.71,0.8180,864.16,558.08,0.7724
231,bottom,0,722.10,606.29,861.26,841.49,765.84,623.98,0.7381,763.54,619.96,0.6287,766.42,619.96,0.5390,758.95,627.42,0.7892,775.03,626.27,0.7409,750.91,658.43,0.8331,792.25,647.52,0.7483,738.28,691.16,0.6645,831.30,646.95,0.7885,735.41,694.60,0.4818,845.66,629.72,0.8696,754.36,719.30,0.7199,779.62,722.74,0.6968,740.00,731.93,0.5290,800.29,769.83,0.7191,730.81,753.75,0.5958,789.38,814.04,0.7653
232,top,1,848.71,368.72,939.80,585.02,891.09,386.57,0.8766,895.31,382.35,0.8267,887.39,382.88,0.8520,902.71,386.04,0.8715,883.70,387.10,0.8954,911.68,400.83,0.8463,871.02,411.92,0.8285,918.02,422.48,0.8093,857.82,442.02,0.7861,931.22,447.30,0.8350,850.95,474.23,0.7479,901.12,460.50,0.7010,877.89,462.09,0.6942,913.79,497.99,0.7538,884.75,504.86,0.7834,903.23,539.71,0.8218,871.55,555.03,0.7967
232,bottom,0,712.67,603.76,861.96,838.03,755.86,623.09,0.7311,753.57,618.52,0.6391,754.71,618.52,0.5526,748.99,625.95,0.8058,764.44,625.38,0.7609,742.70,656.84,0.8296,782.17,646.54,0.7447,731.83,683.15,0.6420,819.91,647.12,0.7400,726.12,688.87,0.4053,845.08,631.10,0.7902,747.28,718.04,0.7105,773.59,720.90,0.6864,734.12,734.62,0.5440,792.46,763.22,0.7294,723.26,749.49,0.6571,790.17,806.69,0.7476
233,top,1,854.27,364.97,941.63,574.04,893.87,386.30,0.9069,897.95,382.22,0.8456,890.81,382.22,0.8556,905.61,385.28,0.8790,886.72,385.79,0.8935,915.31,400.08,0.8559,874.47,410.29,0.8367,921.94,422.54,0.8208,861.71,439.39,0.8021,933.68,447.55,0.8619,855.08,469.50,0.7254,904.08,458.78,0.7140,881.11,461.84,0.7254,919.90,494.51,0.7535,889.28,502.68,0.8032,908.16,534.84,0.8353,878.56,552.19,0.8304
233,bottom,0,693.27,605.52,861.22,832.81,745.06,624.27,0.7975,743.95,620.39,0.6538,742.84,620.39,0.5686,738.40,628.16,0.7999,755.05,626.49,0.7636,732.85,657.01,0.8299,772.81,647.58,0.7632,720.09,676.99,0.6353,807.76,650.91,0.7178,717.32,678.10,0.3824,838.84,637.04,0.7977,740.62,720.27,0.6969,767.26,721.38,0.6760,722.87,739.14,0.5306,787.23,762.44,0.7147,716.76,752.46,0.6522,790.56,801.84,0.7314
234,top,0,856.62,372.07,942.95,575.97,896.79,387.90,0.8732,900.78,383.92,0.7826,893.31,384.41,0.8291,908.24,387.40,0.8488,889.33,388.40,0.8522,917.70,401.84,0.8397,877.38,411.79,0.8195,925.17,424.24,0.8033,863.94,441.66,0.7952,936.12,451.12,0.8173,858.46,472.53,0.7356,906.75,459.08,0.7297,883.85,462.07,0.7219,924.17,495.42,0.7770,893.81,502.89,0.7959,914.22,530.77,0.8430,885.34,553.67,0.8153
234,bottom,1,691.76,610.41,853.59,830.02,735.14,628.53,0.7795,730.32,625.85,0.6193,733.53,625.31,0.5567,729.24,632.82,0.7901,746.40,630.14,0.8039,723.88,657.48,0.8368,762.49,651.05,0.8141,719.59,663.92,0.4786,795.19,654.80,0.6385,719.06,656.95,0.2464,828.97,646.22,0.6926,735.68,724.50,0.7373,763.02,724.50,0.7056,713.16,720.22,0.7359,783.93,762.04,0.7203,710.48,753.46,0.8219,787.15,796.35,0.7766
235,top,1,861.59,377.08,943.74,575.75,899.75,391.53,0.8638,903.63,387.65,0.7899,896.36,388.14,0.8420,910.91,391.53,0.8581,892.48,392.50,0.8357,921.09,405.60,0.8167,879.38,415.78,0.8089,929.34,427.91,0.7748,867.25,444.40,0.7747,939.53,455.07,0.8040,861.92,473.50,0.6967,908.97,460.89,0.7134,886.17,464.77,0.7011,928.37,495.33,0.7616,898.30,504.06,0.7803,920.12,528.32,0.8251,891.51,553.05,0.8042
235,bottom,0,692.13,613.33,843.85,825.28,724.53,634.44,0.7799,716.76,632.37,0.5902,722.46,630.82,0.5648,718.32,640.14,0.7808,736.94,634.96,0.7837,717.80,662.39,0.8160,752.99,655.66,0.7640,727.63,664.97,0.3644,784.55,659.28,0.5739,756.61,663.94,0.1889,816.11,655.66,0.6298,730.74,725.00,0.7121,757.13,725.52,0.6768,708.48,713.61,0.7295,779.38,762.25,0.6655,710.04,751.39,0.7800,784.03,794.85,0.7590
236,top,1,863.09,381.26,947.95,579.50,901.16,396.17,0.8933,905.04,392.78,0.8301,898.26,392.78,0.8750,913.26,396.65,0.8636,894.39,397.62,0.8462,923.91,411.17,0.8208,882.29,421.33,0.8146,932.62,434.40,0.7774,870.67,450.37,0.7830,943.75,461.50,0.7973,864.86,479.90,0.7044,912.30,465.38,0.7193,890.03,469.25,0.6919,932.14,497.80,0.7846,901.65,506.52,0.7814,927.30,529.75,0.8124,897.78,556.37,0.8267
236,bottom,0,691.59,616.26,824.38,821.45,718.41,636.20,0.8112,712.90,633.19,0.5596,716.91,633.19,0.5677,711.39,640.70,0.7214,730.43,636.20,0.7878,711.39,663.75,0.8157,746.96,654.73,0.7648,719.41,671.76,0.4003,772.51,661.24,0.5885,746.96,667.25,0.2355,806.07,663.75,0.6795,725.92,720.36,0.6825,751.47,720.86,0.6741,706.89,709.84,0.6793,774.51,760.43,0.6642,710.39,750.91,0.7508,780.03,793.49,0.7482
237,top,1,866.65,388.23,953.95,578.88,903.78,402.10,0.8643,907.51,398.84,0.8272,900.52,398.84,0.8809,916.35,402.57,0.8330,896.80,403.50,0.8334,926.59,417.93,0.7825,885.63,427.23,0.7855,934.97,439.34,0.7561,873.53,457.02,0.7375,946.14,467.26,0.7385,868.87,488.67,0.6741,915.42,469.59,0.6794,893.08,474.25,0.6524,936.36,501.71,0.7651,906.57,508.69,0.7583,933.57,529.63,0.7677,897.73,557.10,0.7886
237,bottom,0,691.12,615.53,815.78,819.45,715.61,634.85,0.8915,713.12,631.86,0.6271,713.12,632.86,0.6368,708.15,639.83,0.7225,726.07,635.35,0.7677,705.66,664.72,0.8294,744.49,652.77,0.7782,711.13,674.68,0.4923,768.88,663.23,0.6089,741.50,667.21,0.2575,797.76,671.69,0.6916,723.08,716.50,0.7068,748.97,716.99,0.6944,705.16,709.03,0.6465,770.38,758.31,0.7060,709.64,749.85,0.7615,776.35,793.16,0.7813
238,top,1,868.38,392.18,959.34,577.81,907.51,406.59,0.8641,911.14,403.41,0.8218,904.34,403.41,0.8725,919.75,407.49,0.8462,900.72,408.40,0.8257,930.63,423.81,0.7965,888.93,431.51,0.7951,938.79,450.10,0.7160,875.79,460.52,0.7459,949.66,479.55,0.7296,871.26,492.24,0.6959,917.48,474.57,0.6765,894.37,478.20,0.6690,940.60,507.65,0.7442,910.23,507.20,0.7525,939.24,528.50,0.7790,898.45,557.96,0.7743
238,bottom,0,691.45,615.02,806.68,818.04,715.37,632.27,0.9282,714.37,629.79,0.7341,712.39,630.29,0.6544,708.43,636.73,0.7224,725.77,633.26,0.7690,704.46,663.99,0.7929,743.62,650.61,0.7695,702.48,674.89,0.5327,763.94,663.00,0.6080,727.76,667.95,0.2854,790.21,677.87,0.7219,723.30,711.57,0.7269,749.07,712.56,0.6960,704.46,709.59,0.6295,769.39,754.69,0.7150,708.92,749.74,0.7624,771.87,788.89,0.7784
239,top,1,871.27,394.21,961.38,577.34,911.41,408.87,0.8663,914.98,405.30,0.8469,908.28,405.30,0.8691,923.48,409.32,0.8761,904.70,409.77,0.8029,935.10,425.42,0.7706,892.18,431.68,0.7606,941.81,454.48,0.6969,877.87,458.50,0.7214,950.75,483.09,0.7021,873.40,488.91,0.6648,919.01,474.15,0.6529,895.31,476.83,0.6610,945.39,509.92,0.6747,910.96,505.90,0.7275,944.05,527.80,0.7229,898.44,557.31,0.7522
239,bottom,0,689.90,608.30,797.93,816.07,716.02,626.97,0.9385,716.02,623.93,0.6503,713.48,624.44,0.5971,709.42,631.03,0.7874,726.67,629.00,0.7270,704.35,661.46,0.8013,745.44,646.25,0.7514,696.24,685.30,0.7323,762.68,664.51,0.6272,699.28,669.07,0.5068,785.51,684.80,0.7098,725.15,703.56,0.6618,749.50,704.07,0.6684,705.37,709.14,0.6418,770.29,752.26,0.6946,708.92,749.72,0.7737,769.28,785.74,0.7305
240,top,1,872.98,393.28,964.26,578.06,915.01,407.63,0.8841,919.07,404.47,0.8602,911.85,404.02,0.8683,927.19,408.53,0.8752,908.70,408.98,0.8000,938.92,425.22,0.7732,894.71,428.83,0.7569,945.24,453.64,0.6681,879.82,453.19,0.7390,949.75,482.06,0.6390,874.86,481.61,0.7130,920.88,468.98,0.6422,897.42,470.33,0.6427,946.14,507.32,0.6882,907.34,504.17,0.7238,947.04,528.07,0.7757,898.32,556.04,0.7443
240,bottom,0,688.31,600.92,792.93,815.07,718.66,619.64,0.9944,718.66,617.03,0.6908,718.66,617.03,0.6127,711.86,623.30,0.7996,729.64,622.25,0.7507,704.02,658.33,0.8272,747.94,641.08,0.8136,695.13,693.36,0.6523,761.01,663.03,0.6955,697.75,706.95,0.4164,780.87,689.70,0.7448,724.93,699.63,0.6915,751.07,699.11,0.6800,709.77,711.66,0.5748,774.08,748.25,0.7401,709.25,749.82,0.7496,769.37,785.89,0.7564
241,top,0,874.86,390.95,965.98,576.22,917.70,404.88,0.8302,922.23,402.17,0.8047,914.99,401.26,0.8124,930.37,405.78,0.8430,911.82,405.33,0.7536,942.13,422.07,0.7614,896.90,422.97,0.7376,948.01,450.56,0.6628,884.23,446.49,0.7083,948.46,478.15,0.6015,876.09,474.99,0.7312,925.84,465.49,0.6130,901.42,466.85,0.6013,947.56,503.03,0.6463,902.32,503.48,0.6814,948.46,527.46,0.7759,897.80,554.14,0.7137
241,bottom,1,689.01,593.27,793.57,811.12,722.67,612.31,0.9303,721.08,610.18,0.6600,723.21,610.18,0.5797,715.76,617.10,0.8138,733.31,615.50,0.7643,707.25,651.13,0.8037,751.39,635.18,0.8371,698.74,684.64,0.6554,761.50,660.71,0.7223,693.42,712.83,0.6463,777.99,691.02,0.6895,727.99,695.28,0.6690,754.59,694.75,0.6617,712.57,711.77,0.5482,779.58,742.61,0.7444,709.91,749.53,0.7606,773.73,783.57,0.8088
242,top,0,870.52,387.42,964.71,570.74,918.95,401.20,0.8163,922.98,398.52,0.7905,916.27,398.07,0.8117,931.04,402.10,0.8398,913.14,402.10,0.7257,944.91,419.55,0.7733,898.81,418.21,0.7180,950.73,447.30,0.7080,887.18,437.90,0.7379,946.70,475.05,0.6042,877.78,465.20,0.7535,930.14,461.18,0.5942,903.74,461.62,0.6136,949.84,502.80,0.6530,899.71,503.25,0.6918,949.84,527.87,0.7583,895.23,548.90,0.7039
242,bottom,1,689.13,586.64,798.48,807.47,727.63,605.94,0.9445,726.01,604.32,0.6222,728.71,603.78,0.6391,720.08,610.79,0.8073,738.41,609.17,0.8100,710.38,645.30,0.8102,756.20,630.20,0.8484,703.37,685.73,0.7196,763.21,657.70,0.7347,697.44,719.16,0.7548,777.77,687.35,0.7317,730.32,693.28,0.6801,757.82,691.12,0.6566,715.77,713.77,0.5848,785.86,738.03,0.7851,710.38,750.97,0.7627,779.39,780.08,0.8506
243,top,0,869.92,383.95,962.90,565.91,918.63,397.19,0.7744,923.08,394.53,0.7397,915.97,394.08,0.7517,931.07,398.97,0.8242,912.41,398.52,0.7232,944.84,417.18,0.7463,899.98,412.74,0.7121,951.51,445.17,0.7141,889.76,432.29,0.7361,944.40,471.38,0.6486,878.21,458.94,0.7577,935.07,459.39,0.5864,904.86,458.50,0.6274,949.73,498.03,0.6115,898.64,498.48,0.6569,949.29,528.24,0.7598,893.76,547.35,0.7483
243,bottom,1,697.47,581.79,808.03,806.74,733.53,600.35,0.9271,732.43,598.71,0.6640,734.63,598.16,0.6351,726.39,604.20,0.7984,743.42,603.10,0.8152,715.96,638.25,0.8266,761.54,625.07,0.8676,709.37,681.63,0.7400,768.13,655.82,0.7239,704.97,716.78,0.7539,780.76,686.57,0.7204,732.98,689.32,0.6867,760.99,687.67,0.6480,719.80,720.62,0.6694,791.74,732.71,0.8038,710.46,751.38,0.7114,785.70,778.84,0.8493
244,top,1,865.49,377.46,963.11,560.76,916.09,392.14,0.8040,920.12,389.01,0.7631,913.41,388.56,0.7770,928.62,393.93,0.8124,910.72,393.04,0.6792,942.49,413.17,0.7523,899.09,408.25,0.7383,950.55,440.92,0.7240,889.69,427.05,0.7568,942.05,467.77,0.6733,877.16,453.45,0.7782,936.68,454.79,0.6298,906.25,453.45,0.6259,949.65,494.17,0.6425,896.85,490.59,0.6558,948.76,529.08,0.7766,894.16,541.16,0.7617
244,bottom,0,704.34,578.33,814.46,804.60,739.51,597.55,0.9058,738.41,594.79,0.6447,741.17,594.79,0.5921,731.78,600.87,0.7766,749.45,600.32,0.8096,720.73,635.12,0.8137,767.13,622.96,0.8500,714.10,678.21,0.7228,774.31,656.11,0.7390,711.34,714.11,0.6988,788.12,687.04,0.7039,736.20,686.49,0.6866,764.37,685.39,0.6404,722.94,719.08,0.6399,796.96,730.68,0.8155,714.65,750.02,0.6838,790.33,776.53,0.8377
245,top,1,866.78,371.98,962.74,555.09,912.52,386.64,0.8106,916.55,383.52,0.7594,909.84,383.07,0.7685,924.59,387.99,0.8377,906.71,387.54,0.7336,938.90,407.66,0.7720,898.22,402.29,0.7749,948.73,434.03,0.7457,889.28,421.51,0.7873,940.24,460.85,0.7102,876.31,446.99,0.8121,936.22,448.34,0.6497,905.82,446.55,0.6732,949.18,489.91,0.6591,895.09,482.76,0.6890,948.73,529.25,0.8074,896.88,534.61,0.7747
245,bottom,0,709.81,577.99,820.11,799.70,745.47,597.36,0.9299,744.39,595.20,0.6617,747.10,595.20,0.6018,736.27,601.69,0.8017,755.22,600.61,0.8298,725.45,634.17,0.8247,773.08,624.97,0.8593,718.41,675.85,0.7460,782.28,657.99,0.7596,715.16,711.03,0.7181,799.06,691.55,0.7075,738.98,686.68,0.7190,766.58,686.68,0.6704,727.07,713.74,0.6591,801.77,729.44,0.8280,720.03,751.09,0.6880,796.36,775.45,0.8570
246,top,1,859.87,363.64,963.05,548.08,908.76,379.76,0.8384,912.81,376.61,0.7484,906.51,375.71,0.7794,921.37,381.11,0.8337,903.36,380.66,0.7188,934.88,402.28,0.7962,896.60,395.52,0.8043,947.93,429.74,0.8177,889.85,413.98,0.8015,934.88,455.86,0.7524,875.89,438.30,0.8038,934.88,440.55,0.6797,905.61,437.85,0.7097,946.13,483.78,0.7233,893.90,479.27,0.7134,948.83,528.35,0.8331,900.20,527.00,0.8074
246,bottom,0,710.99,578.70,824.51,802.72,750.79,598.28,0.9152,749.15,596.64,0.6183,751.89,596.09,0.6103,742.04,603.20,0.7813,760.64,602.11,0.8170,730.01,634.92,0.8427,778.14,627.27,0.8700,721.81,675.94,0.7630,790.72,661.18,0.7925,717.98,712.04,0.8084,810.41,692.90,0.7893,741.50,688.52,0.7389,769.39,689.07,0.6777,732.20,712.04,0.6678,805.49,729.54,0.8387,724.54,757.43,0.7328,803.30,778.22,0.9042
247,top,1,857.11,356.19,963.09,543.44,904.16,372.10,0.8536,908.27,369.36,0.7575,902.79,367.98,0.7909,917.87,374.38,0.8269,900.04,373.47,0.6609,930.67,395.87,0.7893,894.10,388.56,0.8215,944.84,423.76,0.8021,889.07,408.21,0.8168,928.84,448.45,0.7602,874.44,431.99,0.8215,931.13,434.73,0.7042,903.24,432.44,0.7368,940.27,479.99,0.7866,893.18,474.50,0.7565,948.96,527.08,0.8312,902.33,519.76,0.8129
247,bottom,0,712.22,580.67,833.24,804.04,756.91,600.74,0.8897,754.73,599.10,0.5677,759.10,598.55,0.6172,748.19,606.19,0.7735,766.73,604.55,0.8158,735.10,636.18,0.8575,783.64,631.27,0.8509,725.28,677.08,0.7739,799.45,662.90,0.7844,720.38,712.53,0.8722,819.08,688.53,0.8215,743.83,692.90,0.7324,771.64,694.53,0.6744,738.92,717.98,0.7084,809.27,730.53,0.8550,725.28,764.34,0.8099,807.08,781.79,0.9143
248,top,1,855.29,352.80,955.94,542.37,900.52,367.52,0.8086,904.69,364.28,0.7563,899.14,363.35,0.7720,914.41,369.37,0.8480,896.82,368.44,0.6534,927.37,390.66,0.7627,891.27,382.79,0.7821,944.03,417.96,0.8209,888.03,403.62,0.7589,923.66,439.72,0.7264,872.76,425.37,0.7641,927.83,430.92,0.6822,900.99,429.53,0.7168,937.09,476.74,0.7561,891.27,472.11,0.7335,948.19,523.02,0.7798,903.30,512.84,0.7873
248,bottom,0,713.73,582.42,835.07,804.43,763.02,602.91,0.8316,759.77,600.20,0.4623,763.56,600.20,0.5735,755.43,607.79,0.6878,772.78,606.71,0.7520,741.88,637.06,0.8371,790.12,633.26,0.7987,729.96,676.62,0.7803,809.63,663.07,0.7662,723.45,710.23,0.8607,826.44,685.30,0.8227,747.84,697.76,0.7225,774.40,699.39,0.6665,745.68,722.70,0.7334,812.34,730.83,0.8472,726.71,765.51,0.8138,807.47,781.77,0.8892
249,top,1,850.30,344.89,956.59,540.46,897.24,362.94,0.8205,902.01,359.59,0.7801,896.28,359.12,0.7880,911.08,365.32,0.8476,893.90,363.89,0.6482,923.98,387.29,0.7780,889.60,379.65,0.7814,941.16,413.07,0.8164,887.21,399.22,0.7344,918.25,433.60,0.6939,872.89,420.71,0.7492,924.45,427.87,0.6745,899.15,426.44,0.7017,933.05,473.71,0.7304,888.64,470.37,0.7476,946.89,518.59,0.7852,902.01,503.31,0.7749
249,bottom,0,713.85,582.29,837.79,804.40,770.94,603.87,0.8288,770.94,601.16,0.4429,770.40,600.61,0.5551,762.81,608.21,0.7398,780.70,607.12,0.7378,748.71,637.49,0.8259,798.06,633.69,0.7859,735.70,676.53,0.7652,821.37,660.80,0.7424,728.10,709.07,0.8477,831.68,679.24,0.7610,754.68,697.68,0.7230,779.62,699.85,0.6925,747.08,724.79,0.7257,818.12,732.38,0.8426,725.94,766.00,0.8115,807.27,784.98,0.8828
250,top,1,852.14,340.08,956.70,534.59,894.92,358.98,0.8018,899.67,356.13,0.7168,893.97,355.18,0.7872,908.22,361.83,0.8112,891.60,360.41,0.6917,920.56,385.58,0.7913,887.80,377.03,0.7904,935.76,413.59,0.8162,886.85,398.87,0.7386,911.07,429.74,0.6859,870.70,419.29,0.7613,922.94,426.89,0.7021,900.14,426.41,0.7365,927.21,472.00,0.7562,886.37,472.00,0.7823,946.68,510.94,0.8088,900.14,494.32,0.7645
250,bottom,0,716.46,581.18,842.11,805.29,778.19,601.86,0.8068,778.19,598.58,0.4922,776.00,598.58,0.5477,770.53,605.69,0.7325,788.59,604.60,0.7068,756.31,636.33,0.7943,807.19,630.86,0.8055,742.63,675.73,0.7663,832.36,659.86,0.7554,733.87,705.27,0.8017,836.74,672.44,0.5897,761.23,698.16,0.7216,786.95,700.35,0.6875,745.91,730.44,0.7336,822.51,732.08,0.8309,726.76,766.55,0.7767,808.83,786.80,0.8570
251,top,1,848.71,339.50,958.96,526.48,891.97,358.13,0.8129,896.53,355.39,0.7086,891.06,354.48,0.7875,905.21,360.87,0.8101,888.77,359.04,0.7163,916.62,385.06,0.8098,885.12,376.39,0.8141,930.77,413.82,0.8485,886.95,399.67,0.7482,902.47,425.23,0.6213,870.06,417.93,0.7719,921.18,430.71,0.7111,899.73,429.34,0.7233,926.66,478.18,0.7565,883.75,471.34,0.8197,949.03,506.03,0.8304,894.71,489.14,0.7314
251,bottom,0,727.61,580.48,844.85,806.07,784.58,599.65,0.7923,783.48,596.34,0.5176,781.27,596.34,0.5646,777.97,603.50,0.7216,795.04,602.40,0.6798,764.20,634.34,0.7836,814.32,628.84,0.8020,748.23,671.80,0.7620,839.65,655.27,0.7850,739.41,697.68,0.7976,839.10,667.94,0.6830,768.60,696.58,0.7132,795.59,698.78,0.6891,750.43,735.13,0.7820,823.13,733.48,0.8329,734.46,768.73,0.7447,808.26,787.46,0.7938
252,top,1,847.03,339.45,959.83,526.13,886.57,359.41,0.8354,891.58,356.67,0.7410,886.57,355.31,0.8055,900.24,362.14,0.8288,884.75,359.86,0.6017,912.09,386.30,0.8242,883.38,377.64,0.8407,923.94,415.92,0.8305,886.11,402.71,0.7331,892.95,421.39,0.6331,867.88,417.29,0.7467,920.29,432.33,0.7320,898.42,431.42,0.7490,923.49,478.82,0.7911,881.55,471.07,0.7936,949.01,507.53,0.8259,889.76,484.29,0.6412
252,bottom,0,737.03,579.15,847.12,805.54,790.97,598.39,0.8987,792.63,595.62,0.5428,787.66,595.62,0.6083,783.23,602.26,0.7658,800.92,601.70,0.7351,769.97,632.66,0.8070,819.71,627.13,0.8299,752.84,665.27,0.7816,841.82,650.34,0.8111,743.99,691.80,0.7927,841.82,666.92,0.7513,775.50,691.80,0.7315,803.68,694.56,0.7135,760.57,732.70,0.7978,820.82,736.01,0.8360,747.86,771.39,0.8085,808.11,787.41,0.8060
253,top,1,842.65,341.85,959.06,526.27,880.15,362.03,0.8112,885.10,358.87,0.7202,880.15,357.97,0.7373,894.55,363.38,0.8225,878.80,362.48,0.5973,904.46,386.34,0.8140,881.05,380.49,0.8118,914.36,416.95,0.7976,886.00,405.70,0.6406,884.65,420.11,0.6542,867.99,416.05,0.6190,917.07,434.96,0.7384,896.36,433.61,0.7331,918.87,481.34,0.7937,877.45,466.93,0.7691,947.68,508.35,0.7983,882.85,479.09,0.6189
253,bottom,0,741.74,578.47,847.78,806.33,795.88,597.27,0.8153,796.43,594.49,0.5362,793.65,594.49,0.5125,787.53,601.16,0.7352,805.89,600.61,0.7175,773.62,631.20,0.7761,824.25,626.20,0.8282,754.71,665.14,0.7659,842.05,650.12,0.7968,747.48,689.62,0.7829,842.05,671.26,0.7434,781.97,690.73,0.7104,809.23,692.40,0.7076,771.96,731.34,0.8055,819.80,738.02,0.8380,761.39,778.63,0.8294,808.67,787.53,0.8088
254,top,2,842.53,343.76,960.39,526.12,873.41,361.48,0.8479,877.86,358.36,0.7046,872.52,357.03,0.7210,888.10,362.37,0.8085,872.52,361.48,0.5545,896.11,385.97,0.8232,877.86,380.62,0.7915,906.35,415.80,0.8169,885.43,405.56,0.5833,876.53,416.24,0.7124,867.62,413.12,0.5255,911.70,435.39,0.7255,892.55,433.16,0.7318,914.37,479.91,0.7693,872.52,462.54,0.7968,947.31,508.40,0.8134,879.64,479.91,0.7348
254,bottom,0,744.95,578.27,849.17,808.94,801.01,597.31,0.7811,801.01,594.49,0.5127,801.57,595.05,0.4745,791.43,600.69,0.7680,811.14,600.69,0.7409,777.35,629.97,0.7477,829.16,626.59,0.8230,757.08,663.20,0.7566,842.12,652.50,0.7850,750.32,688.54,0.7686,844.37,676.15,0.7176,787.49,691.92,0.7034,815.08,692.48,0.7017,782.42,734.15,0.8108,821.84,738.10,0.8017,776.79,785.40,0.8409,813.40,786.53,0.8066
255,top,3,838.81,339.44,960.58,515.81,865.68,356.57,0.8112,869.56,353.99,0.7033,865.68,353.13,0.6814,880.32,358.73,0.8221,866.11,357.44,0.5736,886.35,382.84,0.7856,872.14,376.81,0.7735,895.39,412.12,0.7675,879.03,400.49,0.5402,864.39,412.12,0.7870,860.52,406.95,0.4629,905.30,434.51,0.7149,887.64,432.36,0.6793,910.89,478.43,0.7389,869.56,458.62,0.7497,947.06,509.00,0.8267,880.32,482.74,0.7224
255,bottom,0,749.02,579.27,850.69,817.64,805.68,598.94,0.8050,806.84,596.03,0.5643,807.42,596.61,0.4939,796.37,602.43,0.7469,815.57,602.43,0.7362,782.40,631.53,0.7568,833.61,628.62,0.8429,760.29,665.86,0.7800,842.34,657.72,0.7650,755.05,690.89,0.7441,844.67,682.74,0.7008,792.88,693.22,0.7113,820.23,693.22,0.7004,792.88,736.28,0.7786,828.96,738.61,0.7791,791.71,789.24,0.7854,823.14,786.91,0.8421
256,top,3,829.75,333.58,958.61,528.85,857.95,352.55,0.8506,861.76,349.69,0.7769,857.00,348.74,0.7200,872.73,354.46,0.8166,858.43,353.98,0.5533,877.97,377.82,0.8020,865.58,374.01,0.7591,886.08,406.90,0.7609,870.34,396.89,0.5066,855.57,404.04,0.7524,851.75,396.41,0.4355,896.09,428.83,0.7128,878.93,428.35,0.6610,908.96,472.69,0.7193,864.15,455.05,0.7547,945.19,507.97,0.7871,881.31,483.66,0.6963
256,bottom,0,752.10,583.00,852.57,822.46,811.10,603.35,0.8849,811.10,601.01,0.6210,811.69,600.43,0.5365,801.75,606.27,0.7874,820.46,606.27,0.7421,787.72,636.09,0.7973,837.41,633.16,0.8723,763.75,669.99,0.7864,842.67,665.32,0.7811,758.49,695.72,0.7377,845.60,695.72,0.6777,797.66,698.06,0.7457,825.72,696.89,0.7077,801.75,743.66,0.7935,838.00,741.90,0.8020,803.50,792.76,0.8005,832.74,791.59,0.8192
257,top,2,814.72,327.50,950.21,524.86,850.66,345.24,0.7559,855.48,342.83,0.6972,849.70,341.86,0.6461,866.08,346.68,0.7581,848.74,346.68,0.5191,868.49,369.81,0.7860,857.89,365.95,0.6576,870.42,398.72,0.7354,858.37,386.19,0.4365,844.88,386.67,0.6836,835.25,379.45,0.5014,888.73,422.81,0.6917,872.35,422.81,0.6508,908.00,462.80,0.6903,858.37,450.76,0.7492,939.80,501.83,0.7529,878.13,481.11,0.7102
257,bottom,0,757.60,586.76,856.21,835.25,816.00,608.48,0.8297,816.61,605.45,0.6010,817.82,605.45,0.5182,806.90,611.51,0.7525,825.71,611.51,0.7146,792.95,641.24,0.8088,842.09,639.42,0.8671,768.08,675.82,0.7781,843.91,671.57,0.7942,763.22,701.90,0.7172,848.76,702.51,0.6529,802.66,703.72,0.7483,829.96,700.69,0.6822,809.94,754.68,0.7873,848.15,745.58,0.8061,813.58,803.21,0.8076,843.30,798.97,0.8567
258,top,2,805.34,317.31,949.10,518.53,844.31,334.41,0.7373,848.24,330.97,0.6738,842.83,330.97,0.6300,857.57,335.88,0.7270,843.81,335.39,0.4715,861.01,357.50,0.7899,854.13,355.04,0.6259,859.54,384.03,0.7397,861.01,375.18,0.3431,839.39,363.39,0.7338,831.53,357.99,0.3448,879.68,413.01,0.6729,866.90,413.50,0.5965,901.29,455.75,0.6466,857.08,449.36,0.7162,936.17,491.61,0.7215,878.69,480.80,0.7145
258,bottom,0,761.79,595.13,867.63,841.56,821.33,614.86,0.8259,821.33,611.85,0.5770,821.93,611.85,0.5147,810.50,617.87,0.7620,829.75,618.47,0.7463,796.66,648.55,0.7720,847.20,646.75,0.8494,773.80,683.45,0.7722,846.60,678.64,0.7734,768.38,711.12,0.7217,853.21,710.52,0.6367,807.49,711.12,0.7367,834.56,707.51,0.6674,817.72,762.26,0.7859,858.03,749.03,0.8137,821.93,817.01,0.8436,856.82,802.57,0.8463
259,top,1,809.80,302.75,941.89,505.43,839.23,319.97,0.7081,843.19,316.01,0.5941,837.74,316.01,0.5624,850.11,321.95,0.7001,840.22,319.97,0.5031,854.57,341.24,0.7764,845.66,340.75,0.6796,854.57,365.99,0.7416,839.72,361.53,0.4206,837.74,342.73,0.7223,827.85,339.27,0.4879,865.45,400.13,0.5987,867.93,399.63,0.4540,888.71,443.67,0.4191,860.50,442.19,0.4651,877.33,475.84,0.4396,877.33,476.33,0.5576
259,bottom,0,766.32,602.18,883.13,842.27,824.73,622.58,0.8233,824.73,620.24,0.5476,824.73,619.65,0.5175,815.93,626.68,0.7852,834.69,626.10,0.7803,801.86,655.99,0.7738,851.69,654.23,0.8317,780.76,691.75,0.7715,851.69,685.30,0.7378,774.32,721.64,0.7939,859.31,714.02,0.6390,813.00,718.71,0.7326,840.55,715.19,0.6736,821.21,766.78,0.8090,868.10,757.98,0.8338,822.38,820.70,0.8632,869.86,808.98,0.8635
260,top,1,809.51,287.98,928.57,489.86,838.97,308.09,0.7426,842.42,305.13,0.5415,836.02,304.64,0.5941,848.34,310.56,0.6491,835.52,307.60,0.4548,851.30,330.27,0.7370,840.45,326.82,0.7199,853.27,346.04,0.5873,832.07,349.99,0.4815,839.96,317.46,0.5867,822.71,346.04,0.3603,856.72,389.91,0.6507,854.75,388.92,0.5106,864.11,431.80,0.4748,863.62,431.31,0.5078,914.88,457.43,0.5077,872.49,463.35,0.5485
260,bottom,0,767.98,608.83,898.12,842.36,827.92,629.81,0.8318,829.06,626.96,0.5363,828.49,626.96,0.5288,819.37,633.80,0.7502,839.32,633.23,0.8003,806.26,663.45,0.7965,855.86,660.60,0.8253,788.01,699.94,0.7679,858.71,691.96,0.7844,778.32,732.44,0.8059,867.83,722.18,0.6701,818.80,723.89,0.7252,846.17,721.61,0.6704,823.36,768.93,0.7981,875.81,768.93,0.8251,823.36,820.24,0.8592,880.95,815.68,0.8707
261,top,,,,,,,,,,,,,,,,,,,,,,,,,,,,,,,,,,,,,,,,,,,,,,,,,,,,,,,,
261,bottom,,,,,,,,,,,,,,,,,,,,,,,,,,,,,,,,,,,,,,,,,,,,,,,,,,,,,,,,
262,top,,,,,,,,,,,,,,,,,,,,,,,,,,,,,,,,,,,,,,,,,,,,,,,,,,,,,,,,
262,bottom,,,,,,,,,,,,,,,,,,,,,,,,,,,,,,,,,,,,,,,,,,,,,,,,,,,,,,,,
263,top,,,,,,,,,,,,,,,,,,,,,,,,,,,,,,,,,,,,,,,,,,,,,,,,,,,,,,,,
263,bottom,,,,,,,,,,,,,,,,,,,,,,,,,,,,,,,,,,,,,,,,,,,,,,,,,,,,,,,,
264,top,,,,,,,,,,,,,,,,,,,,,,,,,,,,,,,,,,,,,,,,,,,,,,,,,,,,,,,,
264,bottom,,,,,,,,,,,,,,,,,,,,,,,,,,,,,,,,,,,,,,,,,,,,,,,,,,,,,,,,
265,top,,,,,,,,,,,,,,,,,,,,,,,,,,,,,,,,,,,,,,,,,,,,,,,,,,,,,,,,
265,bottom,,,,,,,,,,,,,,,,,,,,,,,,,,,,,,,,,,,,,,,,,,,,,,,,,,,,,,,,
266,top,,,,,,,,,,,,,,,,,,,,,,,,,,,,,,,,,,,,,,,,,,,,,,,,,,,,,,,,
266,bottom,,,,,,,,,,,,,,,,,,,,,,,,,,,,,,,,,,,,,,,,,,,,,,,,,,,,,,,,
267,top,,,,,,,,,,,,,,,,,,,,,,,,,,,,,,,,,,,,,,,,,,,,,,,,,,,,,,,,
267,bottom,,,,,,,,,,,,,,,,,,,,,,,,,,,,,,,,,,,,,,,,,,,,,,,,,,,,,,,,
268,top,,,,,,,,,,,,,,,,,,,,,,,,,,,,,,,,,,,,,,,,,,,,,,,,,,,,,,,,
268,bottom,,,,,,,,,,,,,,,,,,,,,,,,,,,,,,,,,,,,,,,,,,,,,,,,,,,,,,,,
269,top,,,,,,,,,,,,,,,,,,,,,,,,,,,,,,,,,,,,,,,,,,,,,,,,,,,,,,,,
269,bottom,,,,,,,,,,,,,,,,,,,,,,,,,,,,,,,,,,,,,,,,,,,,,,,,,,,,,,,,
270,top,,,,,,,,,,,,,,,,,,,,,,,,,,,,,,,,,,,,,,,,,,,,,,,,,,,,,,,,
270,bottom,,,,,,,,,,,,,,,,,,,,,,,,,,,,,,,,,,,,,,,,,,,,,,,,,,,,,,,,
271,top,,,,,,,,,,,,,,,,,,,,,,,,,,,,,,,,,,,,,,,,,,,,,,,,,,,,,,,,
271,bottom,,,,,,,,,,,,,,,,,,,,,,,,,,,,,,,,,,,,,,,,,,,,,,,,,,,,,,,,
272,top,,,,,,,,,,,,,,,,,,,,,,,,,,,,,,,,,,,,,,,,,,,,,,,,,,,,,,,,
272,bottom,,,,,,,,,,,,,,,,,,,,,,,,,,,,,,,,,,,,,,,,,,,,,,,,,,,,,,,,
273,top,1,717.32,288.39,846.88,483.99,775.89,305.01,0.7630,780.67,301.67,0.7460,773.03,300.71,0.7605,786.40,306.92,0.7968,767.78,304.53,0.7937,793.56,330.80,0.7660,755.36,325.07,0.7592,803.11,358.49,0.7245,741.51,351.33,0.6638,778.28,358.49,0.5914,754.41,368.52,0.6113,786.40,384.28,0.6490,764.91,382.85,0.6644,800.72,428.21,0.6630,747.24,420.09,0.6650,832.24,463.07,0.7945,736.74,454.48,0.7419
273,bottom,0,817.60,665.44,989.54,896.64,877.04,683.95,1.0764,878.17,682.83,0.6800,875.91,683.39,0.6467,867.45,687.91,0.8453,884.94,687.34,0.7059,859.54,716.13,0.9236,906.96,711.61,0.8290,858.41,744.92,0.8265,935.18,739.84,0.7667,842.61,778.22,0.8263,949.86,773.14,0.8037,882.69,770.88,0.7301,913.17,771.44,0.7700,841.48,809.83,0.8944,944.21,822.25,0.8600,836.40,866.84,0.8986,972.43,877.00,0.9365
274,top,1,716.04,302.79,836.09,481.47,769.53,318.84,0.7159,773.45,315.79,0.7085,766.04,315.35,0.7180,778.69,320.15,0.7820,760.36,318.84,0.7684,787.41,342.40,0.6955,748.15,340.22,0.7630,801.37,365.52,0.6641,743.35,371.19,0.7249,782.18,375.99,0.5199,760.80,384.28,0.5730,781.74,396.49,0.6442,759.49,393.88,0.6580,790.47,437.94,0.6791,740.30,425.28,0.6355,822.31,471.53,0.7792,733.75,458.44,0.7668
274,bottom,0,818.72,670.51,990.12,899.65,872.53,691.66,0.9852,874.21,688.86,0.6531,870.29,689.98,0.6690,864.14,696.13,0.8254,880.92,695.01,0.7445,858.55,725.22,0.9041,903.30,717.95,0.7894,856.87,754.87,0.8288,932.95,745.36,0.7476,836.73,787.88,0.8232,949.17,777.81,0.8069,884.28,779.49,0.7108,915.61,779.49,0.7313,842.88,821.44,0.8482,944.70,827.60,0.8397,842.88,876.26,0.9013,974.90,877.38,0.8897
275,top,1,715.14,319.07,829.57,487.09,764.97,333.76,0.6943,767.84,330.07,0.6825,761.28,330.48,0.6854,771.53,334.17,0.7862,754.31,333.76,0.7877,783.84,354.68,0.6930,743.64,354.27,0.7882,797.79,373.96,0.6382,743.64,384.21,0.7607,784.25,390.78,0.5883,763.33,398.16,0.5790,779.74,404.31,0.6479,756.36,401.03,0.6356,778.10,445.33,0.7496,733.39,428.51,0.7000,812.55,472.40,0.7446,733.39,460.10,0.8062
275,bottom,0,815.10,669.23,988.83,901.19,866.86,691.77,1.0080,868.56,688.94,0.6996,865.16,690.07,0.6918,858.36,696.87,0.7839,875.35,695.73,0.7403,851.57,726.31,0.9245,896.30,718.39,0.8254,849.30,759.16,0.8288,926.32,745.57,0.7508,828.91,792.57,0.8208,946.70,773.88,0.8301,881.58,780.68,0.7510,910.46,780.68,0.7489,839.11,825.98,0.8806,941.61,828.25,0.8315,844.20,880.35,0.9339,973.32,875.82,0.8848
276,top,1,715.32,326.45,823.51,488.44,757.55,341.00,0.8637,761.51,338.23,0.7923,754.39,338.23,0.8401,767.44,342.58,0.8220,749.25,342.19,0.8149,781.28,359.59,0.6952,741.34,363.55,0.8145,794.33,375.41,0.6173,745.69,391.63,0.7944,790.38,401.91,0.6654,764.67,408.63,0.6824,780.89,406.65,0.6404,757.16,404.28,0.6197,774.95,447.39,0.7141,729.87,429.99,0.7419,808.57,472.70,0.7537,733.82,459.65,0.7995
276,bottom,0,808.86,665.88,989.72,901.21,861.02,686.40,1.0230,862.20,684.05,0.7098,859.26,684.64,0.6479,852.78,691.11,0.7330,869.26,689.35,0.7686,842.77,721.73,0.9299,890.46,712.31,0.8511,838.06,757.64,0.8080,919.31,739.98,0.7653,820.40,792.38,0.8289,939.92,766.47,0.8090,873.97,778.84,0.7871,901.06,777.66,0.7817,832.76,824.76,0.8930,932.85,828.29,0.8313,843.36,878.93,0.8901,972.30,873.63,0.8609
277,top,1,715.65,335.99,824.43,489.26,757.32,348.64,0.8194,761.43,345.27,0.7815,753.95,345.27,0.8093,767.42,349.01,0.7888,748.71,348.64,0.7686,782.76,365.85,0.6791,741.97,368.47,0.7965,798.10,377.08,0.6061,747.96,397.28,0.7576,801.47,404.02,0.4211,765.55,417.12,0.6916,783.14,410.01,0.6365,759.56,407.39,0.6135,776.77,447.05,0.6743,731.50,430.59,0.7458,808.58,471.75,0.7332,733.74,459.03,0.8034
277,bottom,0,804.64,654.73,956.68,899.38,856.77,675.51,1.0594,856.17,673.12,0.7185,855.58,674.32,0.6995,848.41,679.10,0.8167,866.33,679.10,0.7217,836.46,713.14,0.9199,887.23,704.18,0.8495,829.89,748.38,0.8039,913.51,729.87,0.7772,814.36,782.43,0.8184,929.64,753.76,0.7988,864.54,772.87,0.7637,892.61,771.68,0.7788,830.49,824.84,0.8570,921.88,820.65,0.8472,841.84,877.40,0.9083,954.13,863.66,0.8263
278,top,1,715.38,337.98,827.06,487.70,762.08,352.53,0.8116,765.74,349.24,0.7844,758.80,349.24,0.8223,771.59,352.53,0.7765,753.68,352.17,0.7529,784.75,368.25,0.6505,745.64,370.08,0.7978,805.22,377.39,0.7790,748.93,397.49,0.7179,811.43,405.53,0.7371,765.01,416.86,0.6352,787.67,411.02,0.6126,761.72,409.19,0.5501,786.21,443.91,0.6309,734.30,432.22,0.6917,813.62,472.42,0.7611,733.94,460.00,0.7933
278,bottom,0,799.16,643.92,952.98,896.79,853.85,666.02,1.0023,853.85,663.55,0.6991,853.85,664.16,0.7075,846.44,669.72,0.7544,863.72,669.10,0.7450,832.85,704.29,0.9137,884.10,695.03,0.8772,824.21,739.48,0.8036,910.03,722.81,0.7772,809.40,771.59,0.8271,921.14,742.57,0.7577,855.08,766.65,0.7708,884.71,764.79,0.7554,828.53,822.21,0.8421,913.73,812.95,0.8178,838.41,871.60,0.8867,934.72,859.87,0.7740
279,top,1,715.80,337.39,830.94,486.65,771.50,352.42,0.7660,775.24,349.43,0.7476,768.12,349.43,0.7444,780.87,353.55,0.7649,762.88,352.80,0.7752,792.86,368.92,0.6669,752.76,368.92,0.7619,815.35,379.79,0.7596,753.13,395.90,0.7011,822.84,407.90,0.7248,768.12,416.89,0.6463,792.86,411.27,0.6432,765.50,409.77,0.5835,799.23,442.00,0.6903,740.01,432.63,0.6609,816.47,473.11,0.7919,734.39,460.74,0.7962
279,bottom,0,792.74,637.26,920.30,893.37,850.89,658.40,0.9638,851.52,655.89,0.6011,848.39,655.27,0.6700,842.77,662.15,0.7819,860.27,660.90,0.7702,829.01,695.29,0.8720,879.66,689.66,0.8256,817.13,732.80,0.8058,907.17,717.80,0.7805,800.87,763.44,0.8724,907.79,721.55,0.5961,846.52,761.57,0.7414,875.91,759.06,0.7305,827.13,815.96,0.7865,906.54,802.83,0.8204,829.64,856.61,0.8022,902.79,855.36,0.8024
280,top,0,715.71,336.09,840.18,486.95,784.02,351.15,0.8009,787.67,347.91,0.7782,781.19,347.91,0.7932,793.34,351.15,0.7755,775.11,350.74,0.7969,805.50,367.35,0.7280,763.36,366.95,0.7298,827.78,383.16,0.7779,759.31,392.88,0.7298,832.65,408.28,0.7473,771.46,415.57,0.7150,800.23,407.06,0.6380,772.68,406.66,0.5913,812.79,439.48,0.7069,748.37,435.83,0.6549,816.84,473.92,0.8062,734.59,460.14,0.7954
280,bottom,1,778.59,632.91,911.67,883.19,846.96,654.79,0.9666,849.41,652.34,0.6356,845.13,652.34,0.6257,837.80,658.45,0.7920,856.74,657.84,0.7201,824.97,691.45,0.8410,875.07,685.34,0.8652,810.91,726.28,0.8262,903.18,711.61,0.7859,791.36,751.94,0.8351,897.07,704.28,0.5986,839.63,754.99,0.7489,868.35,753.77,0.7559,823.13,809.38,0.7478,897.68,802.65,0.8430,822.52,840.54,0.7459,873.85,848.48,0.7799
281,top,0,723.21,333.20,851.02,488.62,797.10,348.92,0.8064,800.43,346.00,0.7721,793.77,345.59,0.7716,805.84,348.50,0.7513,788.36,348.50,0.8013,817.90,365.97,0.7414,775.46,364.73,0.7319,839.12,386.78,0.7769,767.14,390.52,0.7064,841.62,409.25,0.7335,775.46,414.66,0.7018,807.92,408.00,0.6492,779.62,407.58,0.5757,822.48,443.78,0.7031,757.99,437.96,0.6338,821.23,475.82,0.8237,736.77,458.76,0.6993
281,bottom,1,763.53,632.51,908.75,875.47,842.07,652.56,0.9356,843.26,650.19,0.6058,840.89,649.60,0.5733,832.58,657.31,0.7990,852.16,656.12,0.6781,820.13,689.34,0.7853,870.55,679.85,0.8206,801.74,723.74,0.7795,901.98,702.98,0.8164,779.79,739.16,0.8001,884.78,686.96,0.6538,833.18,752.81,0.6959,861.65,752.81,0.7000,817.16,796.70,0.7275,886.56,806.19,0.8256,813.01,832.29,0.7365,856.31,851.27,0.7337
282,top,0,738.00,332.04,854.32,489.43,808.84,346.57,0.8100,812.30,343.88,0.7485,805.77,343.49,0.7589,818.06,347.34,0.7514,800.39,346.57,0.7758,828.44,365.40,0.7169,786.17,363.86,0.7039,847.65,388.45,0.7421,775.41,388.45,0.6772,849.57,407.28,0.7092,777.72,414.58,0.6644,815.38,409.58,0.5948,786.94,409.58,0.5154,828.82,445.32,0.6382,764.65,439.55,0.6285,821.52,475.29,0.7525,745.44,459.54,0.6244
282,bottom,1,751.09,632.29,905.69,875.50,835.52,654.14,0.9402,835.52,651.17,0.6145,834.92,650.57,0.5341,826.61,657.70,0.8182,846.21,657.70,0.7119,814.73,688.58,0.8489,864.02,680.26,0.8897,790.98,721.23,0.8315,897.86,696.29,0.8559,766.64,725.98,0.8402,890.15,680.86,0.6977,826.02,753.89,0.7372,854.52,756.27,0.7361,809.98,782.39,0.6922,875.89,809.11,0.8435,799.89,823.96,0.7388,855.11,853.65,0.8550
283,top,2,758.22,331.12,861.81,488.45,818.47,346.02,0.7964,822.31,342.95,0.8028,815.40,342.57,0.7524,827.69,346.41,0.7956,809.63,345.26,0.7629,838.06,365.23,0.7482,795.81,362.54,0.7221,854.57,388.28,0.7072,782.75,386.74,0.7270,853.42,404.02,0.6958,780.06,414.40,0.6697,823.08,408.63,0.6017,795.81,409.40,0.5572,832.30,446.66,0.6326,776.60,443.20,0.5673,822.31,475.85,0.7142,762.77,452.04,0.6678
283,bottom,0,741.27,632.25,903.38,876.20,827.09,654.17,0.8953,827.68,651.19,0.5996,826.49,650.60,0.5132,819.35,657.74,0.7900,838.40,657.15,0.7070,807.43,688.71,0.8244,857.46,678.59,0.8653,784.21,714.32,0.7926,892.60,692.88,0.8931,755.62,713.73,0.8202,895.58,675.02,0.8690,819.35,751.25,0.7266,848.53,754.23,0.7226,800.29,776.86,0.7042,870.56,809.02,0.8037,782.42,818.55,0.7394,855.67,851.90,0.8714
284,top,1,763.46,327.01,868.07,487.89,824.80,341.47,0.8422,828.73,338.72,0.8545,821.66,338.32,0.7837,834.23,343.04,0.7788,816.16,341.86,0.7647,845.62,362.28,0.7457,803.20,359.53,0.7196,861.72,385.46,0.7236,789.45,383.10,0.7250,857.79,398.81,0.7638,783.17,409.42,0.6716,828.73,408.63,0.6315,801.63,407.85,0.5995,834.23,445.16,0.6269,785.52,443.98,0.6599,822.44,476.19,0.7066,774.53,459.69,0.6719
284,bottom,0,733.81,632.81,904.58,874.72,818.60,653.95,0.8514,819.20,651.00,0.5450,815.65,650.41,0.5354,811.52,658.09,0.7476,829.24,656.90,0.6952,800.89,687.62,0.7774,849.91,678.76,0.8191,779.03,708.88,0.7669,885.93,691.75,0.8347,751.87,704.15,0.8077,895.97,676.98,0.9115,813.88,750.81,0.7041,842.82,753.76,0.6975,793.21,774.43,0.6967,867.62,808.10,0.7850,766.04,814.01,0.7721,854.04,848.26,0.8516
285,top,1,779.79,323.37,876.09,486.88,829.93,336.86,0.8530,833.53,334.07,0.8268,826.34,334.07,0.8156,839.91,338.06,0.8371,820.75,337.66,0.7917,851.89,358.02,0.7243,808.38,356.02,0.7034,869.46,380.77,0.7648,795.60,379.18,0.7393,862.67,393.95,0.7575,788.02,405.92,0.7022,837.12,408.72,0.6382,811.17,405.52,0.6297,838.72,446.64,0.6666,796.00,440.65,0.6781,824.74,473.39,0.7376,788.42,470.20,0.7247
285,bottom,0,722.50,634.87,917.33,872.31,809.77,654.65,0.8443,807.87,652.12,0.5421,808.50,650.85,0.6007,804.06,659.73,0.7527,819.28,657.82,0.7595,794.55,687.00,0.7890,842.11,679.39,0.7743,772.35,702.85,0.7726,878.26,692.71,0.8380,745.08,696.51,0.8341,896.02,678.75,0.8685,807.23,752.96,0.7210,836.41,754.86,0.6986,787.57,777.06,0.7241,863.04,804.33,0.7971,759.03,808.13,0.7753,851.63,843.65,0.8373
286,top,1,782.50,320.06,882.28,489.38,833.63,334.03,0.8425,837.76,331.55,0.8092,829.91,331.14,0.8023,843.96,335.27,0.8288,824.95,334.86,0.7702,856.78,353.87,0.7025,813.38,353.04,0.7069,876.21,376.19,0.7418,801.39,376.61,0.7355,867.94,392.32,0.7360,793.53,403.89,0.7157,844.79,406.37,0.6271,819.16,404.30,0.6053,845.20,445.64,0.6683,805.93,440.68,0.6755,832.80,468.38,0.7335,801.39,469.62,0.7283
286,bottom,0,723.09,636.71,922.88,867.94,802.17,657.37,0.8391,799.57,654.77,0.5910,802.82,654.12,0.5954,796.32,661.92,0.7804,812.58,659.32,0.8069,787.21,689.24,0.8198,834.04,682.73,0.8082,765.10,700.29,0.7722,871.11,695.74,0.8419,741.69,692.49,0.8462,897.13,684.03,0.8632,800.87,754.92,0.7274,828.19,756.88,0.7120,783.96,780.29,0.7641,857.45,805.00,0.7914,753.39,808.91,0.7681,848.35,840.12,0.8102
287,top,1,788.19,319.99,890.61,485.90,839.40,333.69,0.8254,843.05,330.85,0.7989,835.76,330.85,0.7710,848.72,334.09,0.7751,830.49,334.09,0.7723,862.09,351.51,0.7002,819.15,352.32,0.7132,882.34,374.59,0.7540,807.41,377.02,0.7388,875.05,393.23,0.7786,799.71,404.57,0.7096,853.18,406.19,0.6417,828.47,404.16,0.6283,853.58,445.88,0.6418,813.89,440.62,0.7201,845.48,464.92,0.6652,811.46,475.85,0.7540
287,bottom,0,725.88,639.11,923.58,864.63,797.70,660.49,0.8809,795.77,658.56,0.6234,798.35,657.91,0.6213,791.91,664.35,0.8091,808.00,662.42,0.7625,781.61,690.73,0.8468,827.95,685.59,0.7972,761.66,700.39,0.7846,862.70,699.10,0.7854,741.07,691.38,0.8205,894.23,688.80,0.8197,795.77,758.95,0.7462,822.16,760.24,0.7136,783.54,777.61,0.7488,852.40,805.93,0.7884,752.01,807.86,0.7654,844.04,839.39,0.7814
288,top,1,796.05,320.95,896.20,512.07,846.13,335.79,0.7916,849.86,332.52,0.7973,841.93,332.52,0.7784,855.46,335.79,0.8124,836.80,335.79,0.7670,869.46,353.99,0.6695,825.60,354.92,0.7028,889.52,376.85,0.7860,813.93,380.58,0.7271,883.46,399.25,0.7705,805.53,409.51,0.7379,861.99,406.71,0.6070,834.93,405.31,0.5891,864.33,448.24,0.6221,822.33,443.58,0.6869,859.66,465.04,0.6822,819.07,488.84,0.7428
288,bottom,0,736.42,640.58,923.34,862.39,791.55,660.21,0.8791,789.72,656.56,0.6510,790.33,656.56,0.5969,786.07,664.47,0.8358,803.72,663.25,0.7571,778.77,691.24,0.8536,824.40,686.38,0.7947,762.95,704.63,0.7951,857.87,702.80,0.7273,747.74,694.29,0.7259,888.90,694.29,0.7907,792.16,758.18,0.7342,817.71,760.00,0.7200,783.03,773.39,0.7183,846.92,805.64,0.7595,752.60,806.85,0.7785,839.62,837.89,0.7958
289,top,1,805.40,323.17,899.76,519.36,852.58,339.36,0.7810,856.41,336.01,0.7988,848.74,336.01,0.7783,862.16,339.36,0.8158,843.95,339.84,0.7626,876.05,357.09,0.6788,832.94,358.52,0.7036,896.16,382.95,0.8073,821.44,385.35,0.7329,891.85,406.42,0.7934,813.78,413.61,0.7143,868.86,408.82,0.6303,842.04,407.86,0.6201,877.48,452.40,0.6420,830.54,446.18,0.6952,877.48,472.04,0.7183,825.75,494.07,0.7485
289,bottom,0,736.33,637.89,918.84,860.13,791.94,657.52,0.9219,790.75,654.55,0.6816,790.75,655.14,0.6323,784.81,662.27,0.8495,803.23,661.08,0.7943,776.49,690.19,0.8698,822.83,683.66,0.8040,766.39,713.96,0.8455,857.29,703.27,0.7275,770.55,697.92,0.5984,891.16,701.48,0.7589,791.35,755.55,0.7639,817.49,757.92,0.7397,781.25,773.37,0.7810,846.60,802.48,0.7918,751.54,806.64,0.8219,837.09,836.94,0.8327
290,top,1,813.38,327.72,919.79,517.15,859.19,345.20,0.8394,862.89,341.97,0.8022,855.49,341.97,0.8310,869.36,345.20,0.8403,850.86,345.20,0.8255,882.31,362.31,0.7232,840.23,364.63,0.7539,900.81,390.52,0.7970,829.59,391.45,0.7648,899.42,415.96,0.7497,821.73,419.66,0.6902,876.30,411.34,0.6645,849.48,411.34,0.6706,891.10,452.96,0.6901,838.84,450.64,0.7071,898.96,488.10,0.7304,833.75,497.35,0.8000
290,bottom,0,736.37,632.65,913.38,860.86,796.07,652.83,0.9665,796.07,649.37,0.6923,794.34,650.53,0.6214,788.00,657.44,0.8822,806.44,655.71,0.7702,778.78,687.40,0.8998,826.03,679.34,0.8296,775.90,719.10,0.8752,855.99,701.81,0.7240,789.73,701.81,0.4606,890.57,705.84,0.7305,793.19,751.36,0.7882,819.69,753.67,0.7450,779.93,773.84,0.8260,850.81,798.04,0.8353,751.12,807.83,0.8555,839.28,835.49,0.8531
291,top,1,821.90,331.74,943.09,522.30,865.28,352.58,0.8851,869.47,348.39,0.8538,861.56,348.86,0.8668,876.91,351.18,0.8838,856.91,351.65,0.8176,889.47,369.33,0.7597,846.21,372.12,0.8200,905.76,399.10,0.7975,836.90,400.50,0.7590,906.69,425.62,0.7313,828.99,433.06,0.6567,885.75,416.78,0.6584,856.44,418.18,0.6839,903.90,457.72,0.7102,846.21,456.79,0.7666,918.32,500.06,0.7872,841.56,503.78,0.8204
291,bottom,0,736.74,625.92,909.66,863.87,801.12,646.72,0.9293,800.54,643.24,0.6515,802.29,643.82,0.6375,794.73,650.21,0.7911,811.58,649.05,0.7692,784.28,683.32,0.8780,831.33,672.86,0.8480,783.70,717.59,0.7706,853.99,697.26,0.7737,804.61,711.20,0.4182,887.10,709.46,0.7692,798.22,744.32,0.7847,824.94,746.06,0.7504,781.37,772.78,0.8317,858.63,792.53,0.8440,751.74,807.64,0.8485,844.11,832.04,0.8453
292,top,1,829.69,337.64,944.95,530.34,871.80,359.66,0.8902,875.56,355.90,0.8515,868.03,355.90,0.8835,881.68,358.72,0.8718,862.86,358.72,0.8408,895.32,377.54,0.7590,852.51,379.89,0.8083,910.84,405.76,0.7864,843.10,408.12,0.7651,913.67,431.17,0.7392,836.51,439.17,0.6695,892.97,425.52,0.6710,863.80,427.40,0.6914,914.14,465.04,0.7338,854.86,463.16,0.7507,926.84,502.21,0.8154,849.21,509.26,0.7718
292,bottom,0,740.86,620.00,905.29,862.00,807.71,639.97,0.8760,806.53,636.42,0.5784,807.71,637.02,0.6419,801.21,644.11,0.7408,817.76,642.33,0.7300,790.58,677.19,0.8525,837.84,666.56,0.8370,792.94,708.51,0.6538,856.75,694.92,0.7598,817.76,710.28,0.3056,886.88,714.41,0.8136,804.17,738.64,0.7445,831.94,739.23,0.7118,783.49,771.13,0.7862,867.39,786.50,0.8326,753.95,806.58,0.8100,851.43,827.85,0.8711
293,top,1,837.37,349.39,943.54,541.21,875.47,365.69,0.8470,879.22,362.41,0.8111,872.19,362.41,0.8309,885.31,366.16,0.8263,867.04,366.62,0.7940,899.36,383.01,0.7226,856.27,389.57,0.7755,916.22,409.71,0.7259,845.97,418.61,0.7308,921.37,435.00,0.6486,841.29,450.92,0.6303,899.82,432.66,0.6398,872.19,433.59,0.6676,922.77,471.53,0.6647,865.17,469.18,0.6946,926.99,501.50,0.7834,857.21,516.02,0.6887
293,bottom,0,749.57,614.12,899.33,858.53,816.09,636.08,0.9152,816.09,633.10,0.5522,814.90,633.10,0.6617,809.53,640.85,0.7087,826.84,638.47,0.7122,797.60,673.67,0.8417,845.33,663.53,0.8205,800.58,704.70,0.5972,859.06,693.96,0.7988,828.63,708.88,0.2772,884.72,720.22,0.8559,809.53,733.94,0.7299,837.58,734.54,0.7001,786.26,769.15,0.7985,875.17,779.89,0.8446,760.60,807.93,0.8422,860.25,824.64,0.8897
294,top,1,842.60,356.02,943.83,545.30,878.43,370.72,0.8328,882.12,367.48,0.7883,874.73,367.95,0.8214,888.13,370.72,0.8035,869.65,371.64,0.7948,902.46,387.35,0.6858,859.48,396.60,0.7573,920.94,408.61,0.7218,850.70,426.17,0.7042,932.03,431.72,0.7346,847.00,459.44,0.6356,904.77,441.88,0.6330,877.96,442.34,0.6486,926.02,479.31,0.6251,872.42,474.69,0.6557,926.95,502.88,0.7639,859.48,523.67,0.7107
294,bottom,0,758.85,613.48,894.84,853.78,826.85,635.07,0.9080,829.19,632.14,0.5715,825.67,632.72,0.5980,818.63,639.76,0.7082,836.82,638.00,0.7435,805.14,672.03,0.8336,853.83,664.40,0.8591,809.25,700.19,0.6137,860.87,696.67,0.8476,833.89,701.36,0.3838,884.34,726.59,0.8735,812.77,731.87,0.7575,842.10,733.04,0.7217,791.06,765.90,0.8364,882.58,776.46,0.8844,768.77,812.24,0.8588,870.85,827.50,0.9091
295,top,1,847.97,358.66,947.86,544.52,881.58,374.91,0.8463,885.66,371.73,0.7970,877.95,371.73,0.8387,892.02,375.36,0.8095,872.96,375.81,0.8248,906.54,390.33,0.7024,863.88,403.04,0.7771,924.23,407.58,0.7050,856.17,432.08,0.7210,940.57,424.37,0.6728,856.17,463.39,0.7104,911.08,447.51,0.6495,884.76,447.51,0.6542,925.60,484.26,0.6399,875.23,480.63,0.6896,926.96,501.50,0.7479,859.80,522.83,0.7400
295,bottom,0,771.46,616.39,904.98,852.24,837.07,637.00,0.9099,838.79,634.12,0.5800,835.91,633.55,0.6179,827.85,641.03,0.7438,846.86,639.30,0.7539,813.46,671.55,0.8428,860.67,668.10,0.8391,814.61,700.92,0.6177,862.98,700.34,0.8189,839.37,696.31,0.3507,881.98,733.74,0.7878,815.76,733.16,0.7385,847.43,736.04,0.6848,796.76,764.83,0.8051,887.16,775.77,0.8757,780.06,813.78,0.8464,884.86,828.75,0.8897
296,top,1,848.88,358.98,966.35,545.54,888.94,378.02,0.9111,892.13,374.37,0.8966,884.84,374.37,0.9002,897.60,377.56,0.8164,877.56,378.02,0.8838,911.26,392.59,0.7104,868.90,407.62,0.8013,930.39,407.17,0.7066,865.71,438.14,0.7028,953.16,424.47,0.7310,869.36,467.29,0.6870,916.27,451.35,0.6630,890.76,452.26,0.6726,929.02,487.78,0.6109,878.01,486.42,0.6928,929.48,501.45,0.6428,859.34,524.22,0.7798
296,bottom,0,781.73,620.28,926.32,850.75,847.27,640.99,0.9387,848.96,638.18,0.5600,846.15,638.18,0.6647,838.83,644.93,0.7303,856.27,644.37,0.7402,821.95,673.06,0.8385,867.53,673.06,0.8431,820.83,702.88,0.6589,864.71,705.13,0.7913,843.90,700.63,0.3353,878.22,743.96,0.7977,819.14,733.83,0.7373,850.08,737.21,0.6563,803.95,767.03,0.7897,890.60,778.84,0.8370,790.44,818.23,0.8611,900.72,834.55,0.8640
297,top,1,847.99,365.18,980.10,545.53,896.87,380.06,0.8732,900.39,376.10,0.8352,892.91,376.98,0.8412,905.68,378.74,0.7711,885.42,380.06,0.8642,918.01,394.59,0.6837,876.62,410.44,0.7919,936.06,405.16,0.6118,876.62,441.70,0.6854,958.52,415.73,0.6353,884.54,467.68,0.6635,921.97,452.27,0.6292,894.23,453.15,0.6363,935.18,485.74,0.5724,881.90,489.26,0.6769,927.69,501.15,0.6273,859.44,525.37,0.7840
297,bottom,0,781.14,625.92,944.07,860.18,858.03,645.82,0.9209,860.89,642.39,0.5546,857.46,642.96,0.6053,850.02,648.68,0.7273,866.61,648.68,0.6766,831.15,676.71,0.8681,875.19,678.99,0.8493,826.57,707.59,0.6703,866.61,709.31,0.8177,849.45,723.03,0.3564,876.90,747.05,0.7488,824.86,739.05,0.7459,856.31,742.48,0.6617,809.99,776.79,0.8281,895.20,784.80,0.8266,792.26,827.12,0.8860,915.22,841.99,0.8631
298,top,1,848.61,364.99,981.25,545.66,908.31,380.34,0.7728,911.40,376.81,0.7541,903.46,377.69,0.7592,916.69,380.34,0.7311,897.73,382.10,0.8343,927.28,393.57,0.6780,887.58,410.33,0.7665,940.95,399.75,0.5616,888.46,442.53,0.6719,958.60,405.92,0.6668,899.93,466.79,0.6778,929.93,452.68,0.6307,902.58,455.33,0.5955,949.78,491.05,0.6489,887.14,494.58,0.6162,928.16,501.64,0.7014,861.12,525.46,0.7673
298,bottom,0,780.90,630.93,949.75,865.38,870.48,650.28,0.9150,874.48,646.27,0.6395,871.05,646.84,0.5587,860.74,652.57,0.6923,877.92,653.14,0.6703,841.85,679.47,0.8313,885.93,684.05,0.8247,836.13,709.23,0.6231,871.62,713.81,0.8120,857.88,726.41,0.3542,881.35,751.02,0.7488,831.55,742.43,0.7460,861.32,746.44,0.6670,816.10,779.64,0.8356,901.38,791.09,0.8300,792.63,830.01,0.8895,925.43,846.04,0.8712
299,top,1,851.03,362.33,977.01,542.65,922.38,379.41,0.7672,925.91,375.89,0.7361,917.98,375.89,0.7007,930.75,378.53,0.7166,910.50,379.85,0.7955,936.91,391.74,0.7257,901.25,408.47,0.7532,947.04,397.02,0.5030,903.01,441.93,0.7022,963.33,400.98,0.6487,921.94,465.70,0.6521,936.47,452.05,0.6884,910.50,457.33,0.6077,962.01,488.59,0.7351,899.05,498.27,0.5423,932.07,508.40,0.7069,863.83,523.81,0.7640
299,bottom,0,780.74,634.05,960.00,865.89,883.20,653.10,0.9464,885.54,650.19,0.6567,884.96,650.77,0.6116,873.87,656.60,0.6867,890.79,657.77,0.6963,855.78,679.95,0.7988,896.63,688.12,0.8375,845.86,709.71,0.5762,880.87,716.71,0.7973,866.28,727.80,0.3227,889.62,752.31,0.7095,840.61,742.39,0.7272,869.78,748.22,0.6619,821.93,781.48,0.8068,908.88,792.57,0.8339,793.34,830.50,0.8786,931.64,848.59,0.8530
300,top,1,854.95,360.20,986.78,545.62,938.07,376.86,0.7836,940.78,372.79,0.7029,933.09,372.79,0.7062,945.31,375.96,0.6927,925.39,376.86,0.7605,947.57,390.89,0.7819,917.24,405.38,0.7598,952.10,395.87,0.5699,917.24,438.43,0.7475,969.75,401.31,0.6950,936.71,460.61,0.7014,944.86,451.55,0.6977,920.41,456.99,0.6508,970.66,488.67,0.7820,908.19,503.61,0.6623,936.25,514.93,0.7193,869.26,519.91,0.7319
300,bottom,0,781.86,634.91,963.36,866.31,896.25,654.90,0.9635,898.02,652.53,0.6242,896.25,651.94,0.6840,887.97,658.44,0.6149,903.93,659.03,0.7742,869.07,680.30,0.8088,909.84,689.17,0.8732,857.84,709.84,0.5553,894.47,718.12,0.8215,879.11,729.34,0.3340,902.75,752.98,0.6951,850.75,743.52,0.7425,878.52,747.66,0.6763,828.89,784.29,0.8256,920.47,789.02,0.8613,794.62,829.78,0.8956,933.47,849.28,0.8652
301,top,1,863.22,359.97,998.91,546.20,952.89,378.07,0.7771,956.07,374.43,0.6439,947.89,374.43,0.6531,959.26,376.70,0.5813,940.62,377.61,0.6935,956.98,394.89,0.7030,931.52,405.35,0.7420,960.62,399.89,0.4940,931.52,438.99,0.7429,981.54,405.80,0.6453,952.89,458.54,0.7326,951.07,453.99,0.6019,928.79,459.00,0.6107,974.26,494.00,0.7207,926.52,507.19,0.6040,940.62,522.19,0.6100,883.33,517.19,0.6055
301,bottom,0,784.72,635.39,964.55,867.41,911.52,655.40,1.0042,914.44,653.06,0.6654,910.93,652.47,0.7005,902.74,657.74,0.7217,918.54,660.08,0.7567,881.66,680.57,0.8437,922.05,689.35,0.9162,866.44,710.42,0.6486,908.59,718.62,0.8295,886.93,730.91,0.3551,920.88,755.50,0.7024,861.17,742.62,0.7672,888.69,746.13,0.7170,838.93,786.52,0.8288,931.42,785.94,0.9084,797.95,827.50,0.9021,934.93,848.58,0.8948
302,top,1,886.60,364.70,1012.09,546.84,966.69,380.62,0.7940,969.36,377.51,0.7105,962.69,377.07,0.7230,973.36,381.07,0.5990,953.79,379.29,0.7565,966.24,397.97,0.6687,945.79,406.86,0.7739,972.91,403.75,0.5599,946.23,440.21,0.7676,992.92,413.53,0.6621,970.25,456.66,0.6563,958.68,457.11,0.6384,939.12,461.11,0.6563,972.91,501.57,0.7693,945.34,506.46,0.6589,937.34,523.81,0.7001,905.77,516.69,0.7010
302,bottom,0,792.62,635.37,966.83,867.99,924.02,654.57,1.0635,927.43,652.87,0.6380,924.02,651.73,0.6744,913.23,656.84,0.7045,932.54,659.11,0.7088,892.22,680.13,0.8468,934.24,689.21,0.9268,872.34,710.79,0.7286,922.88,718.74,0.8562,890.51,730.67,0.3330,935.38,756.79,0.7590,870.64,740.89,0.7729,897.90,745.43,0.7622,850.19,786.89,0.8171,937.65,785.19,0.9121,805.33,825.51,0.9034,936.51,849.36,0.8984
303,top,1,915.30,367.56,1021.89,547.35,980.45,384.15,0.8502,983.52,380.64,0.6988,976.94,380.20,0.7236,987.47,383.71,0.4878,967.72,382.39,0.6597,978.69,402.59,0.7344,959.38,408.73,0.8124,986.16,413.56,0.5455,961.58,442.09,0.7693,1007.67,423.66,0.6875,989.23,457.45,0.6742,964.21,459.65,0.6284,946.65,461.41,0.7199,971.67,506.18,0.6346,968.16,504.42,0.6476,935.24,528.13,0.5582,933.92,522.86,0.7002
303,bottom,0,804.80,633.36,966.39,868.13,934.88,653.88,1.0147,938.32,651.59,0.6285,936.60,651.02,0.6968,923.99,655.60,0.6981,942.91,657.89,0.7423,903.36,678.53,0.7960,944.63,688.27,0.8789,880.43,710.05,0.6474,935.46,719.22,0.8143,883.30,736.99,0.2816,948.64,759.34,0.7328,879.29,738.13,0.7279,906.23,743.29,0.7322,863.24,783.41,0.7659,943.48,785.71,0.8869,819.68,822.39,0.8717,937.18,847.03,0.8619
304,top,1,924.98,376.52,1029.21,548.28,994.71,390.69,0.7471,997.23,387.76,0.5924,991.35,387.34,0.6632,1000.16,391.95,0.4545,982.97,390.27,0.6725,989.68,407.88,0.6497,972.48,412.92,0.7809,998.48,419.63,0.5653,977.10,444.79,0.7226,1018.61,431.37,0.6644,1004.35,458.62,0.6372,967.45,459.88,0.5155,956.13,461.56,0.6577,975.00,506.43,0.5285,979.19,504.33,0.6532,952.78,532.43,0.5651,939.78,523.62,0.6937
304,bottom,0,820.85,632.34,972.17,867.49,944.73,652.89,0.9406,948.18,650.60,0.6095,947.60,650.02,0.6513,933.83,654.62,0.6921,951.62,656.34,0.7900,911.44,676.43,0.7556,953.34,686.19,0.8689,887.90,707.43,0.6001,943.01,718.34,0.8155,881.01,739.01,0.3187,959.09,754.51,0.7914,885.60,733.84,0.6992,911.44,740.73,0.6761,878.14,778.04,0.7352,945.31,786.65,0.8299,837.95,819.95,0.8409,937.27,846.36,0.9168
305,top,1,927.40,381.54,1042.66,560.51,1009.06,398.50,0.7030,1010.81,395.00,0.6302,1005.13,394.56,0.6621,1013.43,398.50,0.4596,995.51,396.31,0.6997,999.88,412.92,0.6289,985.46,418.16,0.7315,1009.50,427.33,0.4359,993.77,449.62,0.6695,1030.47,439.57,0.5338,1021.73,463.60,0.6694,976.73,462.73,0.5146,967.55,463.60,0.6385,988.52,509.04,0.4728,992.46,504.67,0.5503,943.08,520.84,0.4658,986.77,547.93,0.4138
305,bottom,0,843.35,630.53,985.38,866.90,953.03,650.62,0.9501,957.07,648.31,0.6389,951.88,647.73,0.6608,943.22,651.77,0.7586,959.38,653.50,0.7426,918.98,674.28,0.7352,959.95,685.24,0.8486,892.44,704.86,0.6640,949.57,716.40,0.8144,880.32,738.33,0.7263,966.88,751.60,0.8034,891.28,730.25,0.7160,916.68,738.91,0.6444,890.13,773.53,0.7579,947.84,785.07,0.8168,857.82,820.85,0.8149,937.45,845.66,0.8097
306,top,1,929.05,387.31,1055.33,563.68,1023.19,404.88,0.7384,1024.92,400.57,0.6520,1019.75,400.57,0.7173,1024.49,404.45,0.4234,1008.98,404.01,0.7428,1008.55,420.38,0.6075,999.08,425.55,0.7343,1000.37,442.34,0.3367,1010.71,456.12,0.6121,1036.54,451.81,0.2100,1038.70,472.48,0.6257,979.70,468.61,0.5603,978.84,469.47,0.6543,983.58,516.83,0.6884,1007.69,501.76,0.6766,943.10,521.57,0.7303,1016.74,550.42,0.6616
306,bottom,0,864.47,628.43,991.43,867.00,961.73,649.28,0.8819,966.39,646.37,0.6154,962.31,645.78,0.6676,950.08,650.44,0.7404,965.22,651.61,0.8101,927.36,671.41,0.7043,965.22,683.06,0.8096,897.08,701.70,0.7123,955.90,715.10,0.8422,883.68,735.48,0.7889,974.54,750.63,0.8044,895.91,727.91,0.7296,919.21,735.48,0.6357,905.23,770.43,0.7425,951.24,784.41,0.8003,880.77,821.11,0.7802,939.59,843.24,0.8131
307,top,0,932.88,395.20,1066.23,567.30,1036.45,411.79,0.8205,1038.19,408.32,0.6938,1032.98,407.89,0.7825,1022.56,411.79,0.3772,1022.13,411.79,0.7824,1015.62,426.12,0.6032,1013.45,433.50,0.7349,1001.29,449.99,0.3840,1022.13,463.45,0.6896,1001.72,460.41,0.1930,1049.91,479.51,0.6955,992.17,476.91,0.5341,991.31,477.78,0.6187,987.83,518.58,0.6517,1021.69,512.07,0.5943,946.59,521.62,0.6124,1042.10,551.57,0.6626
307,bottom,1,879.32,627.91,1000.08,864.55,969.74,648.59,0.8204,972.63,645.12,0.5208,971.48,645.70,0.6644,955.30,649.17,0.6526,970.90,650.90,0.7841,932.77,669.39,0.6995,969.74,681.52,0.8112,902.15,701.16,0.7541,962.81,714.45,0.8212,885.97,734.09,0.8299,981.30,749.69,0.7653,901.57,728.89,0.7138,924.10,735.25,0.6498,917.75,768.76,0.7440,958.19,781.47,0.7682,903.30,819.02,0.7653,944.32,839.24,0.8040
308,top,0,938.38,401.15,1078.54,575.12,1049.98,421.07,0.8684,1051.35,417.42,0.6932,1046.79,416.50,0.8259,1033.10,420.61,0.4109,1035.84,419.70,0.8319,1030.82,436.12,0.6641,1025.80,442.97,0.7515,1030.82,455.74,0.4092,1033.10,470.34,0.6924,1057.73,468.06,0.5095,1059.10,486.31,0.7117,1003.44,485.40,0.5703,1002.99,487.22,0.6532,996.14,521.90,0.6380,1034.47,520.98,0.6977,952.80,523.27,0.7480,1060.47,559.77,0.7128
308,bottom,1,895.21,626.43,1006.24,863.29,976.75,648.87,0.7908,977.33,644.82,0.5213,979.06,645.97,0.6639,959.40,649.44,0.7405,977.33,652.34,0.7841,937.43,669.68,0.6941,976.17,681.83,0.8036,906.78,700.91,0.7658,971.54,716.52,0.7866,889.43,732.72,0.8440,990.05,754.11,0.7420,907.36,729.25,0.7171,929.91,735.03,0.6667,930.49,767.41,0.7359,965.76,780.13,0.7615,924.13,818.30,0.7509,953.04,836.81,0.8033
309,top,0,947.22,411.76,1098.81,583.81,1062.98,430.19,0.8743,1063.97,426.24,0.6943,1060.51,425.75,0.8136,1056.07,428.71,0.4609,1049.66,427.72,0.8143,1046.20,444.00,0.7056,1038.80,450.91,0.7735,1041.76,463.74,0.4964,1045.71,482.49,0.6284,1061.99,474.60,0.6624,1074.82,500.25,0.5816,1016.11,494.33,0.6598,1015.12,495.81,0.7341,1005.74,526.90,0.6280,1047.19,528.87,0.7345,960.35,526.90,0.6546,1073.84,570.82,0.6489
309,bottom,1,901.93,628.28,1016.11,864.14,983.78,651.20,0.7918,983.20,647.17,0.5534,986.08,647.75,0.7235,965.35,651.20,0.7782,982.63,654.08,0.7883,942.90,670.20,0.7146,980.32,683.45,0.8160,911.80,701.87,0.8042,980.90,722.03,0.7763,891.65,732.97,0.8650,999.33,756.58,0.7574,912.95,730.67,0.7519,933.68,735.27,0.6964,941.74,770.97,0.7044,972.26,780.76,0.7622,944.05,820.50,0.7363,959.59,840.07,0.8044
310,top,0,959.06,421.04,1109.25,586.64,1072.29,439.31,0.8702,1072.77,435.40,0.6965,1068.37,435.40,0.8234,1067.40,438.33,0.4559,1057.13,438.82,0.8049,1053.22,453.00,0.6532,1050.78,463.26,0.7507,1041.49,471.08,0.4276,1061.04,494.06,0.6822,1063.97,479.39,0.5434,1089.40,513.62,0.6582,1023.40,501.39,0.5727,1025.84,503.35,0.6580,1018.02,536.10,0.6797,1058.60,528.28,0.7130,973.53,534.64,0.6822,1084.02,573.75,0.7543
310,bottom,3,908.53,631.84,1028.77,872.52,989.21,652.88,0.7480,988.04,648.76,0.5851,991.56,649.94,0.6483,971.00,653.47,0.7500,988.04,656.40,0.7158,948.08,673.44,0.7115,987.45,688.13,0.7712,916.94,704.58,0.8126,990.39,726.33,0.7711,894.61,735.14,0.8625,1009.19,760.41,0.7451,919.29,735.14,0.7627,938.68,739.25,0.7214,954.55,775.09,0.6228,977.46,785.08,0.7284,965.71,822.69,0.6150,968.65,845.60,0.7378
311,top,0,968.85,426.87,1122.03,587.86,1084.83,446.53,0.8650,1085.33,442.54,0.6914,1080.84,443.04,0.8191,1073.36,446.53,0.4205,1067.88,447.03,0.7832,1059.40,462.49,0.5811,1062.39,473.46,0.6745,1043.94,480.94,0.3872,1073.86,501.88,0.6462,1052.92,501.38,0.2816,1100.29,523.32,0.6656,1031.48,509.86,0.5208,1031.48,511.35,0.6057,1027.99,547.26,0.6537,1067.88,521.83,0.6875,985.10,543.27,0.6997,1084.83,571.19,0.7776
311,bottom,2,885.89,634.76,1038.97,876.18,993.67,656.45,0.8270,993.67,652.92,0.5636,994.25,653.51,0.7551,974.80,658.22,0.6936,991.31,659.99,0.8062,953.00,678.26,0.7434,993.08,693.00,0.8143,922.35,708.32,0.8188,1000.15,732.49,0.7785,898.18,737.79,0.9134,1019.01,764.90,0.7956,927.06,740.74,0.7473,944.15,745.45,0.7136,972.45,780.82,0.5460,979.52,793.20,0.7527,983.06,825.02,0.7013,978.93,853.90,0.7435
312,top,1,979.00,433.91,1130.63,588.17,1092.82,454.27,0.8543,1093.81,450.32,0.7038,1088.87,451.31,0.7923,1083.44,453.28,0.4508,1076.04,454.27,0.7864,1069.13,465.63,0.6044,1072.58,478.95,0.6613,1053.83,481.42,0.3608,1084.92,506.59,0.6272,1062.71,501.16,0.2395,1108.12,528.81,0.6722,1039.02,511.04,0.5255,1035.56,512.52,0.6195,1034.58,554.97,0.6567,1075.05,520.42,0.6309,992.13,545.10,0.6529,1085.91,571.26,0.6961
312,bottom,0,886.61,640.98,1047.86,880.28,998.20,663.06,0.8141,997.03,659.56,0.5432,998.20,660.14,0.7623,978.92,664.81,0.6838,995.28,665.98,0.7970,957.89,685.85,0.7462,997.03,696.95,0.8265,926.34,714.47,0.8225,1009.30,735.51,0.7794,901.21,742.52,0.9053,1027.99,767.06,0.8110,933.93,748.36,0.7353,951.46,752.45,0.7243,977.75,776.99,0.5345,985.93,799.77,0.7756,985.34,826.06,0.6947,987.68,861.12,0.7373
313,top,0,985.31,439.68,1136.28,588.81,1099.62,461.66,0.8466,1100.60,457.24,0.7397,1095.69,458.22,0.8007,1096.18,459.20,0.4357,1083.40,460.68,0.7750,1073.57,469.52,0.6026,1077.99,482.79,0.6558,1060.79,482.30,0.3486,1092.25,510.81,0.6380,1070.13,503.43,0.2376,1113.38,532.43,0.6679,1042.61,511.30,0.5089,1037.69,513.26,0.6142,1042.12,557.98,0.6369,1078.48,519.65,0.6189,1000.34,546.19,0.6673,1086.35,571.25,0.6760
313,bottom,1,890.23,645.43,1050.76,885.11,999.75,668.13,0.7951,999.17,665.21,0.5379,1000.34,665.21,0.7461,981.61,671.06,0.7005,999.17,672.23,0.7901,962.89,691.54,0.7575,1000.92,704.41,0.7911,930.70,721.97,0.7959,1016.72,741.86,0.7533,903.20,748.30,0.8877,1036.03,768.20,0.7409,940.65,755.32,0.6733,955.87,760.59,0.6856,990.98,776.39,0.6277,993.32,806.23,0.7723,983.95,824.37,0.6487,990.39,865.33,0.7749
314,top,1,990.05,442.53,1134.64,587.74,1103.29,462.42,0.9122,1104.23,458.19,0.7948,1099.53,459.13,0.8170,1089.17,460.54,0.4337,1086.82,461.95,0.8057,1077.88,469.01,0.5946,1081.17,482.19,0.6399,1063.29,482.66,0.3424,1093.41,510.90,0.5919,1076.94,497.25,0.2491,1113.65,534.43,0.6592,1045.87,508.55,0.4779,1040.69,509.96,0.5955,1048.23,557.02,0.6568,1081.17,518.43,0.6220,1005.87,545.73,0.6834,1086.35,570.67,0.6793
314,bottom,0,891.91,650.98,1063.28,884.96,1003.30,674.29,0.7785,999.87,670.86,0.5183,1003.87,671.43,0.6878,985.59,676.57,0.7068,1003.30,678.29,0.7494,966.17,697.71,0.7463,1006.15,709.71,0.7816,934.75,726.84,0.8003,1023.86,745.69,0.7721,906.76,752.55,0.8758,1043.86,767.97,0.7593,943.89,761.69,0.6587,960.46,766.83,0.6628,996.44,774.83,0.6035,1002.16,807.39,0.7850,983.88,822.24,0.7183,991.87,865.65,0.7924
315,top,1,994.13,439.07,1127.50,588.08,1104.66,460.61,0.8718,1105.97,455.40,0.7670,1101.19,456.27,0.8440,1105.53,457.57,0.4349,1089.47,458.87,0.7955,1080.79,465.82,0.6109,1082.96,480.58,0.6523,1072.10,481.88,0.3420,1092.51,510.54,0.6092,1080.79,502.29,0.2762,1111.61,534.85,0.6664,1047.79,504.46,0.4268,1042.58,505.33,0.5573,1053.43,553.95,0.6583,1081.22,517.92,0.6236,1010.02,545.70,0.7135,1086.00,570.88,0.7176
315,bottom,0,897.42,655.23,1070.43,885.03,1007.58,677.21,0.7495,1004.77,673.83,0.5387,1007.58,674.39,0.6521,989.56,680.02,0.6790,1005.33,681.71,0.7076,970.41,700.86,0.7272,1009.27,712.69,0.7490,938.31,730.15,0.7873,1030.11,747.04,0.7405,910.15,756.05,0.8551,1053.76,763.37,0.7679,947.32,764.50,0.6669,964.22,769.57,0.6434,998.01,773.51,0.6007,1006.46,808.99,0.7544,982.80,822.51,0.6862,992.38,865.87,0.7353
316,top,1,997.94,431.74,1126.15,589.23,1105.03,454.15,0.9001,1106.70,449.56,0.7576,1100.86,449.97,0.8083,1108.37,451.23,0.4702,1089.59,452.48,0.8162,1082.49,458.74,0.6382,1082.49,475.85,0.6854,1072.89,474.60,0.3616,1089.17,506.31,0.5957,1080.41,497.13,0.2810,1103.78,534.27,0.6702,1052.03,499.22,0.4117,1042.43,500.47,0.5578,1059.54,547.21,0.6347,1080.82,518.00,0.6311,1015.30,543.45,0.6973,1086.25,571.00,0.7211
316,bottom,0,900.44,656.59,1078.77,884.97,1011.66,679.06,0.7688,1008.76,675.00,0.5646,1010.50,675.58,0.6737,992.51,680.80,0.6764,1007.02,682.54,0.7074,973.93,701.70,0.7487,1012.24,712.73,0.7577,941.42,731.89,0.7954,1037.79,744.66,0.7120,914.14,757.43,0.8581,1063.91,753.36,0.7282,949.55,765.55,0.7113,966.38,770.78,0.6745,995.41,771.94,0.5841,1008.76,810.25,0.7475,980.90,821.28,0.7004,993.09,865.40,0.7459
317,top,1,998.59,425.42,1117.99,588.35,1104.03,446.42,0.9005,1106.02,442.45,0.6868,1101.25,442.45,0.8158,1105.62,443.24,0.4119,1089.71,444.04,0.8207,1079.77,448.81,0.7231,1082.16,469.89,0.7182,1067.04,460.74,0.3890,1085.74,502.51,0.5992,1076.59,492.56,0.3113,1096.87,532.34,0.6563,1050.73,493.76,0.4339,1044.76,495.75,0.5662,1061.87,538.71,0.5954,1078.18,520.01,0.6563,1016.52,541.09,0.7047,1086.13,570.93,0.7776
317,bottom,0,907.74,655.34,1095.88,884.43,1010.38,677.41,0.8047,1009.77,672.51,0.6443,1010.38,673.73,0.6303,994.46,678.63,0.7496,1009.77,681.08,0.7290,976.70,700.68,0.7701,1015.28,709.25,0.7770,943.63,730.69,0.8368,1046.51,738.04,0.7185,917.90,757.64,0.8968,1076.52,742.94,0.7814,951.59,764.37,0.7770,969.35,770.50,0.7357,992.62,772.33,0.5040,1010.99,810.31,0.7832,976.70,819.49,0.6565,993.23,864.81,0.7880
318,top,1,1001.91,418.27,1112.71,588.09,1102.91,437.26,0.9115,1104.57,433.12,0.6856,1100.01,433.53,0.8083,1104.57,434.36,0.4288,1089.23,435.60,0.8197,1078.87,439.33,0.7482,1081.77,462.97,0.7421,1068.50,462.14,0.4083,1080.11,495.72,0.6317,1080.94,488.26,0.3060,1086.74,527.23,0.6648,1046.94,487.84,0.4296,1045.70,491.16,0.5427,1062.70,527.64,0.4919,1075.55,522.67,0.6322,1019.17,535.93,0.6582,1085.50,571.18,0.7565
318,bottom,0,913.44,651.54,1108.07,884.30,1012.02,672.89,0.7771,1010.76,668.45,0.6021,1010.76,669.08,0.6865,995.55,674.15,0.7602,1010.12,676.69,0.7415,978.44,696.96,0.7850,1017.73,703.30,0.7588,946.13,725.47,0.8223,1049.40,724.84,0.7308,923.96,752.72,0.9046,1082.98,729.91,0.7327,953.73,761.59,0.8052,971.47,768.55,0.7647,980.98,777.42,0.6364,1010.12,810.37,0.8234,961.34,818.61,0.7722,993.65,864.22,0.8416
319,top,1,1006.98,412.94,1111.57,586.69,1101.27,430.67,0.7827,1104.24,426.85,0.7023,1097.88,426.85,0.7774,1106.36,428.55,0.4326,1088.54,428.98,0.7874,1079.21,432.37,0.6920,1078.79,455.70,0.7296,1068.61,451.03,0.3903,1075.82,487.51,0.5931,1077.51,476.48,0.3208,1077.09,523.14,0.5303,1052.91,480.73,0.3708,1044.00,484.97,0.4951,1063.09,519.75,0.5496,1072.00,521.02,0.5842,1020.67,528.66,0.6708,1084.30,569.38,0.6765
319,bottom,0,921.63,644.06,1112.77,884.86,1012.85,664.91,0.8151,1012.22,661.80,0.5877,1011.60,661.80,0.7650,996.05,668.02,0.7031,1009.73,668.65,0.7653,979.25,692.29,0.8071,1019.69,695.40,0.7429,950.01,719.04,0.8229,1044.58,710.33,0.6647,931.34,747.66,0.8980,1081.91,715.93,0.7169,958.09,757.00,0.8083,976.76,763.84,0.8003,978.00,780.64,0.6999,1009.11,809.26,0.8052,950.01,816.10,0.8315,993.56,863.39,0.8522
320,top,1,1006.69,405.80,1110.10,588.05,1100.22,423.06,0.8674,1102.89,419.06,0.7686,1096.22,419.06,0.8603,1105.56,421.73,0.4872,1086.43,422.17,0.8009,1077.98,427.51,0.7136,1076.64,448.87,0.7759,1063.29,446.20,0.4365,1068.63,480.46,0.6179,1067.30,477.35,0.2999,1070.86,512.94,0.5557,1043.27,476.90,0.4446,1043.27,480.46,0.5892,1060.18,513.83,0.4927,1069.97,519.17,0.6111,1021.02,525.85,0.6166,1083.31,568.11,0.6820
320,bottom,0,928.14,634.12,1106.60,883.98,1013.10,655.35,0.7985,1012.49,652.30,0.5788,1011.88,652.30,0.7089,996.02,657.79,0.7065,1011.88,658.40,0.7529,980.16,682.19,0.8024,1018.59,684.63,0.7753,953.93,712.69,0.8059,1038.72,699.88,0.6385,940.51,741.36,0.8516,1074.10,704.15,0.7066,961.86,750.51,0.7821,981.38,756.61,0.7936,972.84,779.79,0.7606,1005.17,806.63,0.8234,944.78,817.00,0.8847,994.19,861.53,0.8657
321,top,1,1007.83,402.31,1108.48,584.67,1097.33,416.47,0.8842,1100.00,412.46,0.7736,1093.32,412.91,0.8236,1103.12,414.24,0.5621,1084.42,415.58,0.7655,1075.07,421.81,0.6796,1074.18,442.73,0.7586,1060.82,442.29,0.4553,1063.05,474.35,0.6312,1063.94,477.02,0.3341,1062.16,505.96,0.5632,1044.35,473.90,0.3939,1041.23,477.02,0.5773,1060.82,511.74,0.4630,1071.51,514.86,0.5872,1023.87,524.65,0.6200,1079.97,566.06,0.7036
321,bottom,0,923.43,625.66,1094.62,882.21,1014.66,647.45,0.8142,1014.04,643.70,0.6051,1014.66,643.70,0.6788,997.75,648.71,0.7459,1014.04,649.96,0.7191,982.72,675.01,0.7687,1015.92,676.27,0.7720,960.17,708.21,0.7876,1025.94,691.93,0.6415,952.03,735.77,0.8194,1064.77,695.06,0.6995,967.69,742.66,0.7662,989.61,747.67,0.7635,967.06,782.12,0.8020,1004.01,800.91,0.8109,936.37,823.46,0.8312,996.50,856.66,0.8366
322,top,1,1012.50,397.21,1102.43,579.71,1094.45,412.27,0.8550,1097.56,409.15,0.7425,1091.33,408.70,0.7901,1101.13,411.82,0.5197,1082.86,411.82,0.7345,1073.06,420.73,0.7020,1071.72,438.11,0.8000,1063.70,443.90,0.4929,1058.35,466.18,0.6918,1072.61,459.05,0.4909,1059.69,493.81,0.5314,1040.53,471.53,0.4475,1042.31,475.09,0.6122,1059.69,511.18,0.5595,1075.29,510.74,0.6947,1025.83,524.10,0.6229,1072.61,562.42,0.7320
322,bottom,0,924.86,617.97,1090.39,876.68,1014.58,638.69,0.7593,1015.84,634.27,0.5364,1015.21,635.53,0.6000,1000.68,641.21,0.7277,1017.73,641.85,0.6999,987.42,667.74,0.7623,1015.21,669.00,0.7676,969.73,701.22,0.6653,1020.89,689.85,0.7329,965.94,730.27,0.4610,1057.53,691.74,0.6867,970.36,736.59,0.7422,993.10,741.01,0.6955,967.21,782.69,0.7933,1012.05,792.80,0.7482,938.78,823.12,0.8064,996.89,843.33,0.8212
323,top,1,1018.35,396.10,1099.64,579.49,1091.68,410.79,0.8394,1094.36,406.76,0.7563,1088.09,406.76,0.7914,1096.60,410.34,0.5333,1078.25,410.79,0.7526,1071.53,420.64,0.6578,1067.95,436.31,0.7935,1066.60,443.47,0.5495,1052.72,466.30,0.7185,1074.22,460.48,0.6214,1047.80,498.54,0.6415,1041.98,472.12,0.4293,1041.98,476.15,0.6198,1061.68,504.36,0.4274,1076.90,510.18,0.7500,1033.47,525.40,0.6629,1071.08,562.12,0.7373
323,bottom,0,926.02,607.99,1088.58,865.96,1018.01,631.17,0.7485,1019.90,626.13,0.5378,1018.64,627.39,0.5620,1004.78,633.69,0.6750,1021.16,634.32,0.6871,993.45,658.25,0.7807,1016.12,662.66,0.7847,992.19,688.48,0.4267,1019.90,689.11,0.7136,1038.79,689.74,0.2634,1057.06,692.89,0.6761,974.55,730.68,0.7511,997.23,734.46,0.6901,972.66,779.80,0.7635,1022.42,786.10,0.7522,937.39,820.74,0.8048,992.82,832.08,0.7955
324,top,1,1022.82,394.34,1097.49,579.74,1088.22,408.74,0.9112,1091.39,405.57,0.7917,1084.60,404.66,0.8104,1093.65,409.64,0.5948,1075.55,408.28,0.8058,1075.55,423.67,0.6439,1065.14,434.54,0.8136,1070.12,445.85,0.6390,1049.30,462.15,0.7555,1075.09,464.86,0.7061,1042.05,491.12,0.6827,1051.11,473.01,0.5049,1042.96,475.73,0.6433,1062.87,508.32,0.4554,1075.09,511.48,0.7432,1037.07,529.14,0.6924,1069.66,563.99,0.7187
324,bottom,0,927.81,601.75,1089.30,853.36,1022.07,623.74,0.7615,1024.53,620.05,0.5862,1022.68,621.28,0.5843,1011.01,626.81,0.6755,1024.53,627.42,0.6635,998.73,652.00,0.7890,1018.38,658.14,0.8030,994.43,684.55,0.4478,1022.07,690.08,0.7367,1027.60,689.47,0.3197,1059.54,698.07,0.7540,979.68,724.48,0.7741,999.34,726.94,0.7253,983.98,775.47,0.7573,1028.21,777.93,0.7708,942.21,815.40,0.7936,990.74,820.93,0.7716
325,top,1,1021.44,393.22,1095.61,579.43,1084.89,408.13,0.9167,1087.62,404.95,0.7808,1080.80,404.04,0.8006,1090.80,409.04,0.6288,1072.16,407.22,0.8303,1077.16,425.86,0.6603,1060.80,432.23,0.8034,1069.89,449.05,0.7159,1045.34,460.87,0.7442,1077.16,469.51,0.7575,1036.25,489.51,0.6632,1052.61,472.69,0.5005,1041.70,474.96,0.5883,1062.16,509.06,0.4790,1071.71,511.33,0.7485,1034.88,529.52,0.7265,1069.43,563.61,0.7438
325,bottom,0,931.38,598.22,1091.13,841.97,1029.71,620.12,0.7852,1030.90,616.55,0.6215,1030.30,617.15,0.6652,1016.02,623.10,0.6885,1029.71,623.69,0.6833,1004.71,646.30,0.7961,1023.76,655.83,0.8099,999.95,680.82,0.4972,1027.33,690.94,0.8087,1023.16,692.13,0.4030,1065.41,703.43,0.7933,985.07,720.10,0.7509,1002.33,723.07,0.7112,997.57,770.08,0.7545,1030.90,771.87,0.7800,949.37,802.81,0.8013,989.84,811.74,0.7580
326,top,1,1020.02,392.98,1094.99,579.73,1081.67,406.11,0.9231,1084.86,402.92,0.8099,1078.02,402.00,0.8232,1088.05,407.93,0.5917,1069.82,405.20,0.8045,1075.29,427.08,0.6967,1056.14,429.82,0.8279,1069.36,451.70,0.7658,1039.72,459.00,0.7499,1077.11,473.13,0.7456,1030.61,488.63,0.6736,1052.49,472.67,0.5095,1037.90,473.59,0.5823,1060.24,509.15,0.5147,1064.80,511.43,0.7502,1033.34,532.40,0.7782,1068.91,564.32,0.7966
326,bottom,0,945.31,596.57,1094.51,835.13,1035.05,618.00,0.7633,1036.22,613.92,0.6486,1035.05,614.51,0.6398,1021.66,620.91,0.6376,1033.31,622.08,0.6422,1010.01,644.21,0.7590,1029.23,656.44,0.7818,1004.18,679.74,0.4736,1033.31,692.55,0.7854,1026.90,690.81,0.3799,1068.84,705.95,0.7282,990.21,715.85,0.7020,1002.44,719.35,0.6929,1011.17,763.61,0.6411,1030.39,770.60,0.7704,962.25,786.91,0.7195,989.04,807.88,0.7270
327,top,1,1014.34,390.62,1094.72,578.71,1079.33,404.30,0.9231,1082.08,400.63,0.8645,1075.19,400.17,0.8266,1085.30,405.22,0.6443,1066.47,403.38,0.8417,1076.11,423.59,0.7844,1052.23,427.72,0.8180,1068.31,449.31,0.7772,1034.78,455.74,0.7771,1076.57,476.86,0.7704,1026.06,485.58,0.6881,1051.32,472.27,0.6542,1035.70,472.73,0.6151,1060.04,509.46,0.6436,1057.29,509.92,0.7484,1030.19,534.26,0.7371,1065.55,562.73,0.7874
327,bottom,0,964.40,597.62,1103.20,832.30,1039.53,618.14,0.8234,1042.97,615.27,0.6652,1040.10,615.84,0.6391,1026.35,621.00,0.6451,1040.10,622.72,0.6963,1016.04,642.77,0.7468,1034.37,657.09,0.7585,1006.87,677.72,0.4781,1042.39,693.19,0.7795,1032.08,688.61,0.3271,1080.78,702.93,0.7608,997.13,713.82,0.6693,1005.73,718.40,0.7291,1024.06,757.36,0.5737,1029.79,771.11,0.7576,977.65,776.84,0.7024,986.82,809.50,0.7854
328,top,1,1012.00,386.26,1088.77,578.89,1075.31,401.21,0.9612,1078.61,397.92,0.9200,1071.08,396.98,0.8601,1081.43,402.15,0.6947,1063.09,400.74,0.8747,1075.31,419.55,0.8387,1048.04,424.26,0.8196,1067.79,445.89,0.7645,1030.64,452.01,0.7681,1075.78,476.46,0.7638,1023.11,481.16,0.6667,1049.92,468.47,0.7056,1032.05,468.94,0.6510,1060.74,507.50,0.7230,1052.27,506.09,0.7454,1030.17,532.43,0.7646,1061.21,559.24,0.7879
328,bottom,0,969.27,598.08,1110.06,832.51,1045.96,619.14,0.8394,1048.82,616.28,0.6661,1045.39,616.85,0.6461,1034.51,622.57,0.5567,1044.24,623.72,0.5999,1022.49,642.03,0.7246,1039.66,657.49,0.7176,1015.63,674.66,0.4357,1051.11,689.54,0.7552,1042.53,684.96,0.3154,1089.46,693.54,0.7446,1017.92,710.71,0.6260,1007.04,716.44,0.7376,1047.10,741.05,0.7295,1026.50,772.53,0.7775,997.88,769.09,0.7260,984.72,812.59,0.8710
329,top,1,1013.37,383.71,1084.24,577.31,1071.49,397.33,0.9163,1074.80,394.02,0.8913,1067.71,393.07,0.8324,1077.16,398.27,0.6975,1059.67,395.91,0.8496,1073.38,413.87,0.8870,1043.13,420.01,0.8203,1067.23,441.28,0.8036,1026.59,448.37,0.7993,1074.32,472.48,0.7656,1019.03,476.73,0.7089,1049.27,465.39,0.7135,1032.73,464.91,0.6598,1058.25,506.03,0.7397,1050.22,502.72,0.7410,1029.90,532.03,0.7424,1049.75,556.13,0.8266
329,bottom,0,969.33,597.37,1119.71,832.09,1054.26,617.88,0.8881,1054.84,614.44,0.6926,1053.12,615.59,0.7313,1038.22,621.32,0.5878,1049.68,622.47,0.6815,1028.47,640.80,0.7467,1045.09,653.98,0.7481,1022.74,672.32,0.4231,1062.86,685.50,0.7858,1049.68,677.48,0.3162,1097.24,683.21,0.7671,1010.71,706.13,0.6801,1013.00,713.01,0.7581,1056.55,725.62,0.7123,1026.18,772.04,0.7520,1014.72,759.43,0.7222,984.35,811.58,0.8584
330,top,1,1013.79,378.79,1081.07,572.19,1068.21,392.86,0.8757,1071.04,389.55,0.8997,1063.96,388.61,0.8520,1073.40,393.33,0.7451,1055.46,391.44,0.8744,1070.57,409.85,0.8708,1039.41,414.10,0.7892,1065.38,437.71,0.7941,1022.88,441.96,0.7846,1072.46,469.35,0.7358,1016.27,473.60,0.6689,1046.96,463.21,0.6984,1030.91,462.27,0.6642,1054.99,503.82,0.7331,1048.38,500.51,0.7178,1029.96,532.15,0.6636,1034.68,548.20,0.6929
330,bottom,0,969.81,593.27,1129.17,832.43,1059.41,614.18,0.8587,1060.00,611.26,0.6432,1058.25,611.84,0.6897,1043.07,617.10,0.6038,1056.50,618.26,0.7090,1034.31,636.36,0.7300,1052.41,648.63,0.7212,1045.99,657.97,0.4356,1069.92,679.57,0.7393,1062.92,656.80,0.4887,1105.54,674.32,0.6996,1019.71,702.34,0.6236,1019.13,709.93,0.7367,1061.75,711.69,0.7111,1025.55,767.74,0.7479,1033.14,756.65,0.7002,985.26,809.78,0.8245
331,top,1,1011.52,374.81,1076.89,568.30,1064.52,388.41,0.8617,1067.83,385.58,0.8871,1060.27,384.63,0.8235,1070.19,389.36,0.7528,1051.77,387.94,0.8790,1068.30,405.89,0.9075,1035.23,409.20,0.8029,1063.58,433.29,0.8036,1018.23,437.07,0.7909,1070.66,465.88,0.7643,1011.14,470.61,0.6927,1043.26,461.16,0.7267,1028.15,461.16,0.6867,1049.88,499.90,0.6960,1044.21,500.37,0.7360,1034.76,531.55,0.7723,1025.79,545.72,0.7942
331,bottom,0,971.01,586.00,1136.20,832.07,1067.42,609.31,0.8304,1067.42,606.31,0.6472,1066.82,606.91,0.7194,1050.00,611.11,0.5888,1062.02,612.91,0.7360,1041.59,630.34,0.7459,1059.01,642.95,0.7346,1055.41,644.15,0.6089,1075.83,672.39,0.7585,1071.03,636.34,0.6317,1111.88,668.18,0.7092,1031.98,695.82,0.5874,1027.17,703.03,0.7256,1067.42,702.43,0.7883,1027.17,761.90,0.7870,1054.81,748.08,0.7168,988.12,805.15,0.8285
332,top,1,1002.84,369.69,1075.11,569.56,1061.42,384.23,0.8596,1064.84,381.30,0.9002,1057.52,379.84,0.8138,1067.77,384.72,0.8084,1049.22,382.77,0.8898,1066.30,402.29,0.9238,1032.14,404.73,0.8004,1062.40,429.61,0.8074,1013.11,431.08,0.8123,1069.23,461.33,0.7894,1006.77,464.75,0.7224,1039.46,458.89,0.7310,1023.36,458.89,0.7105,1042.88,498.42,0.6894,1038.49,501.83,0.7628,1033.61,531.11,0.7863,1024.82,547.70,0.8088
332,bottom,0,978.15,582.05,1142.26,831.59,1074.83,603.86,0.7524,1074.22,601.42,0.6046,1074.22,602.03,0.6382,1057.16,605.08,0.5991,1069.34,607.51,0.7106,1048.63,623.96,0.7195,1063.86,637.37,0.7126,1067.52,625.79,0.5149,1079.09,665.39,0.6751,1083.96,622.14,0.5354,1115.64,665.39,0.6664,1040.10,689.15,0.5492,1035.84,695.85,0.6856,1071.78,695.85,0.6806,1031.57,755.56,0.7275,1075.44,742.76,0.6617,995.63,799.42,0.7658
333,top,1,997.78,366.89,1073.49,564.63,1058.81,381.28,0.8916,1062.67,378.38,0.9032,1054.94,376.93,0.8107,1066.05,381.76,0.8108,1046.74,379.83,0.9019,1065.08,399.14,0.9308,1029.36,401.07,0.8100,1061.70,427.14,0.8312,1009.08,428.10,0.8398,1067.50,459.00,0.8005,1003.77,461.90,0.7397,1035.15,455.62,0.7499,1019.70,455.62,0.7418,1037.57,494.72,0.7004,1033.22,498.10,0.7686,1032.74,529.96,0.8344,1024.53,547.34,0.8257
333,bottom,0,987.57,579.69,1145.66,829.14,1081.23,601.49,0.7600,1081.84,599.66,0.6340,1081.23,599.05,0.6406,1063.57,602.10,0.5971,1075.14,603.93,0.7081,1055.04,620.37,0.7346,1073.31,633.77,0.7214,1076.97,616.72,0.5474,1082.45,662.39,0.7112,1100.11,611.84,0.5734,1120.21,664.83,0.6873,1045.30,686.14,0.5442,1047.74,693.45,0.6388,1075.14,698.32,0.5663,1040.43,749.48,0.7132,1092.19,736.08,0.6832,1005.11,793.94,0.7597
334,top,1,994.19,366.49,1072.24,569.29,1055.99,379.76,0.8608,1059.46,376.79,0.8789,1052.03,375.80,0.8044,1063.42,380.25,0.8054,1044.11,378.77,0.8758,1063.42,397.58,0.9106,1026.78,399.56,0.7901,1060.95,425.80,0.8046,1006.48,426.30,0.8130,1066.39,457.49,0.7618,999.05,459.47,0.7509,1031.24,453.04,0.7118,1015.89,452.05,0.7147,1032.23,493.64,0.6931,1027.77,496.61,0.7503,1032.23,528.79,0.7323,1022.33,545.63,0.7921
334,bottom,0,999.54,578.28,1146.71,823.90,1085.12,599.75,0.7090,1086.32,597.35,0.5767,1085.12,597.35,0.5788,1070.72,600.95,0.5826,1080.92,602.75,0.6748,1062.93,618.94,0.7290,1079.72,632.13,0.7173,1082.12,612.94,0.6026,1085.72,660.91,0.7031,1102.51,603.35,0.6201,1119.90,666.31,0.6833,1057.53,687.30,0.5172,1055.73,692.70,0.6502,1080.32,709.49,0.6083,1050.34,748.46,0.6788,1103.11,736.47,0.6500,1014.96,789.24,0.7357
335,top,1,986.85,366.85,1069.76,567.35,1052.78,379.96,0.9063,1056.70,376.54,0.8833,1048.87,376.05,0.8296,1060.62,380.45,0.7987,1041.52,378.99,0.9142,1061.60,397.59,0.8945,1024.39,399.55,0.7777,1060.62,426.47,0.7930,1002.85,426.47,0.8075,1065.02,457.80,0.7510,995.02,459.27,0.7612,1027.33,450.46,0.7130,1012.64,449.48,0.7210,1028.80,491.09,0.7122,1023.41,493.53,0.7537,1025.37,525.35,0.7596,1017.54,544.44,0.7986
335,bottom,0,1001.36,578.37,1144.26,821.76,1093.60,601.43,0.7330,1094.20,599.05,0.6154,1093.60,599.05,0.6724,1077.56,602.62,0.5365,1087.07,603.80,0.7152,1071.02,619.25,0.7119,1085.88,632.33,0.7569,1093.60,609.15,0.6605,1088.26,662.04,0.7571,1115.00,598.46,0.6902,1119.75,667.98,0.7311,1062.71,690.56,0.5395,1066.86,695.31,0.6606,1087.07,714.92,0.6615,1060.33,748.79,0.7052,1107.87,743.44,0.6696,1022.30,788.60,0.7488
336,top,1,985.57,365.98,1066.23,567.16,1049.48,381.60,0.8948,1052.91,378.65,0.9237,1045.06,377.67,0.8472,1056.84,382.09,0.7868,1037.69,380.61,0.9068,1059.30,399.77,0.8899,1020.99,401.24,0.7791,1059.30,427.77,0.7874,1000.36,428.75,0.7866,1064.21,459.20,0.7733,992.01,460.18,0.7372,1024.43,450.36,0.7153,1008.71,448.89,0.7140,1027.86,489.65,0.7158,1020.01,491.62,0.7521,1015.59,525.51,0.7373,1011.16,543.68,0.7782
336,bottom,0,1011.48,581.01,1145.35,817.21,1099.17,603.96,0.7263,1099.17,601.07,0.5922,1099.17,601.07,0.6320,1085.33,605.69,0.5189,1093.41,607.42,0.6961,1080.14,622.99,0.6966,1091.68,635.67,0.7652,1105.52,608.57,0.6098,1092.25,663.93,0.7599,1129.74,593.58,0.6819,1119.93,670.85,0.7621,1065.73,691.61,0.5664,1073.22,696.80,0.6814,1092.25,713.52,0.6294,1069.19,751.01,0.7229,1115.32,741.20,0.6546,1030.55,787.34,0.7602
337,top,0,977.94,368.52,1066.09,566.42,1045.21,384.85,0.9008,1049.08,381.47,0.9222,1041.35,380.99,0.8687,1052.46,385.82,0.7675,1034.10,384.37,0.8991,1055.84,403.21,0.8869,1016.70,406.11,0.8055,1057.77,430.75,0.8086,996.90,433.17,0.7975,1064.54,461.19,0.8129,987.72,466.02,0.7298,1022.99,452.98,0.7373,1006.56,451.04,0.7116,1026.37,492.11,0.7430,1016.70,492.59,0.7545,995.93,518.68,0.6966,1005.11,545.26,0.8150
337,bottom,2,1017.07,583.25,1144.31,813.60,1100.93,605.63,0.7080,1101.50,602.26,0.5173,1102.06,601.70,0.5640,1090.25,607.32,0.4972,1100.93,608.44,0.6854,1086.31,624.19,0.6467,1097.00,633.75,0.7468,1116.12,610.13,0.5117,1094.19,664.68,0.7368,1140.86,594.38,0.6412,1116.68,674.24,0.7209,1068.32,691.68,0.5434,1077.88,695.61,0.6358,1100.93,701.24,0.4558,1079.00,750.16,0.6570,1117.81,738.35,0.4236,1037.95,786.72,0.6887
338,top,0,977.74,376.41,1070.78,566.39,1041.42,390.70,0.8928,1044.67,386.99,0.8851,1037.71,386.52,0.8780,1048.38,391.16,0.7300,1030.29,390.23,0.8278,1052.55,408.32,0.9230,1012.66,412.03,0.8297,1056.73,434.76,0.7949,994.58,439.40,0.8053,1066.47,465.37,0.7881,986.23,470.01,0.7793,1022.40,457.95,0.7612,1005.71,455.63,0.7444,1024.26,497.37,0.7967,1014.06,495.98,0.7375,990.40,515.00,0.8161,999.21,546.53,0.8213
338,bottom,1,1021.02,583.48,1165.12,812.08,1105.91,606.25,0.6569,1107.58,602.90,0.4643,1108.14,602.35,0.4727,1096.98,607.93,0.4701,1108.70,609.60,0.5817,1094.19,627.46,0.6254,1102.56,635.27,0.7214,1119.30,615.18,0.3699,1094.75,663.74,0.7161,1146.65,600.11,0.5125,1114.28,680.48,0.6940,1071.31,692.76,0.4998,1079.68,697.78,0.6074,1107.02,696.67,0.4598,1084.70,750.80,0.6832,1118.19,737.97,0.4848,1043.96,784.29,0.6833
339,top,0,973.67,382.41,1078.44,568.81,1037.89,397.34,0.9089,1040.62,393.70,0.8836,1034.25,393.70,0.8006,1044.26,397.80,0.7090,1026.51,396.88,0.7859,1048.81,414.63,0.8645,1009.67,419.18,0.8041,1057.00,441.94,0.7764,992.84,446.03,0.7622,1070.20,470.15,0.7563,986.01,474.25,0.7007,1020.14,465.60,0.7487,1003.76,462.42,0.7566,1016.95,504.74,0.7254,1011.04,499.28,0.7443,983.28,518.39,0.8320,993.75,549.33,0.8254
339,bottom,1,1023.58,584.41,1167.37,810.16,1115.32,604.69,0.6967,1114.77,601.38,0.4742,1116.42,601.38,0.5649,1101.54,606.34,0.4893,1115.87,608.00,0.6384,1098.78,626.18,0.6530,1108.15,634.45,0.7383,1128.55,618.47,0.5515,1096.58,663.66,0.7556,1152.80,608.55,0.7381,1109.26,684.61,0.6822,1072.88,691.22,0.5160,1081.70,696.18,0.6231,1107.60,695.63,0.4595,1088.31,750.20,0.6781,1116.97,737.52,0.3708,1046.97,782.16,0.6987
340,top,0,971.48,390.87,1087.85,568.91,1035.32,406.00,0.8530,1038.36,402.52,0.8555,1031.40,402.09,0.7798,1041.84,406.43,0.7305,1022.71,404.69,0.7848,1046.62,422.52,0.7982,1005.76,427.30,0.7950,1058.35,446.86,0.7624,992.72,452.94,0.7425,1073.57,470.76,0.7387,987.07,480.33,0.6151,1017.93,475.54,0.7137,1000.54,471.63,0.6898,1008.80,515.10,0.6435,1006.19,505.97,0.7002,981.42,519.45,0.7714,988.81,552.48,0.7943
340,bottom,1,1026.30,580.59,1168.12,806.21,1117.59,601.41,0.7618,1118.14,598.11,0.5263,1118.69,597.56,0.5869,1106.57,603.61,0.5445,1120.35,605.82,0.6796,1101.07,624.55,0.7003,1112.08,632.26,0.7415,1120.35,626.20,0.3899,1097.21,660.90,0.7248,1148.99,621.24,0.5183,1104.37,686.24,0.6525,1075.73,687.34,0.5182,1083.44,692.30,0.6379,1108.78,693.40,0.4652,1088.95,747.38,0.6861,1118.14,738.02,0.4415,1046.53,781.54,0.6947
341,top,0,968.04,399.89,1089.51,568.93,1033.31,413.84,0.8691,1036.20,409.71,0.8771,1029.19,409.71,0.8046,1039.51,413.84,0.7145,1020.11,413.01,0.8096,1045.70,430.34,0.7657,1004.84,436.53,0.7883,1060.97,450.98,0.7571,990.81,464.19,0.6819,1079.13,470.79,0.7748,986.68,493.49,0.5295,1016.81,483.58,0.6947,999.47,479.46,0.6865,1008.14,517.84,0.6574,1004.84,511.65,0.7264,980.07,521.14,0.7683,984.61,555.39,0.7740
341,bottom,1,1029.58,576.67,1164.24,806.67,1119.37,597.90,0.7972,1119.37,593.97,0.5606,1119.93,593.97,0.6479,1108.70,600.14,0.5516,1122.18,602.39,0.7601,1102.52,622.60,0.7481,1114.32,631.03,0.7380,1121.05,634.96,0.5604,1096.91,658.54,0.7532,1149.69,633.27,0.7142,1100.84,688.30,0.6646,1077.26,684.37,0.5490,1085.12,689.43,0.6440,1110.95,692.80,0.5688,1087.92,743.89,0.7178,1118.81,737.72,0.5391,1047.49,778.15,0.7444
342,top,1,967.70,403.88,1096.78,572.48,1032.66,417.59,0.9222,1036.02,413.81,0.8465,1028.46,413.81,0.8302,1039.38,417.59,0.7219,1020.05,417.17,0.8234,1045.26,433.56,0.7346,1004.93,439.86,0.8218,1063.33,450.36,0.7351,991.06,469.27,0.7153,1082.24,466.33,0.7464,988.54,500.78,0.5508,1016.69,486.50,0.6859,999.04,480.62,0.7004,1006.19,520.11,0.6316,1003.24,512.97,0.7327,978.87,520.53,0.7729,983.50,555.41,0.7716
342,bottom,0,1030.63,569.86,1155.80,808.15,1121.14,591.85,0.8159,1122.89,588.94,0.5863,1121.72,588.36,0.6773,1110.09,594.76,0.5980,1123.47,595.34,0.7859,1104.27,617.45,0.7535,1114.16,623.85,0.7681,1118.81,641.30,0.6366,1096.71,653.52,0.7237,1140.92,650.03,0.7438,1096.71,686.68,0.6682,1085.07,680.28,0.5528,1084.49,684.35,0.6717,1109.51,695.99,0.5744,1087.40,737.29,0.7273,1119.40,739.62,0.6273,1047.26,776.27,0.7586
343,top,1,967.65,403.85,1098.63,574.96,1033.57,417.35,0.9283,1036.98,413.51,0.8560,1029.30,413.94,0.8348,1040.81,417.35,0.7143,1021.20,417.35,0.8277,1047.63,433.98,0.7318,1006.70,441.65,0.8117,1066.82,448.48,0.6851,993.91,471.50,0.7307,1087.29,458.28,0.7192,994.34,496.65,0.5996,1017.36,486.42,0.6960,1000.31,480.88,0.7062,1002.01,519.68,0.6317,997.75,514.99,0.7195,978.99,518.40,0.8249,981.12,556.34,0.7986
343,bottom,0,1031.12,563.85,1138.61,807.16,1121.10,585.71,0.8921,1123.48,582.15,0.6640,1121.69,581.55,0.7071,1111.00,588.09,0.6882,1123.48,588.68,0.8241,1105.06,612.44,0.7681,1114.57,619.57,0.7954,1112.78,643.93,0.6271,1097.34,648.08,0.7558,1127.63,662.94,0.7227,1092.59,682.54,0.7361,1089.62,675.41,0.5601,1083.68,677.79,0.6724,1108.63,697.98,0.6487,1086.05,731.25,0.7481,1119.32,740.16,0.6677,1046.85,773.42,0.7210
344,top,0,967.02,399.66,1097.82,575.81,1037.15,414.62,0.8589,1040.16,410.32,0.8558,1032.85,410.75,0.8238,1043.60,414.19,0.6912,1024.25,414.19,0.7988,1050.48,430.54,0.7294,1010.49,440.00,0.7851,1069.41,443.01,0.6335,998.88,471.39,0.7191,1088.33,449.03,0.6532,1001.46,501.50,0.6305,1018.66,486.45,0.6554,1000.60,479.56,0.6708,1001.46,519.99,0.5166,997.58,518.27,0.7043,981.67,519.13,0.7897,978.23,558.70,0.8326
344,bottom,1,1029.13,559.19,1135.39,804.56,1120.60,580.63,0.9389,1123.59,577.04,0.6557,1121.79,576.44,0.7256,1111.01,583.03,0.7659,1124.19,583.63,0.8360,1102.62,607.59,0.7910,1115.80,615.38,0.8234,1099.03,637.54,0.5382,1098.43,644.73,0.7455,1112.21,662.10,0.5559,1091.24,678.28,0.7344,1088.85,671.09,0.5730,1084.05,672.29,0.6922,1105.02,701.04,0.6793,1084.65,726.20,0.7689,1117.60,739.38,0.7196,1048.11,772.33,0.7405
345,top,1,966.82,395.28,1104.11,576.60,1042.17,410.41,0.8564,1044.85,406.39,0.8736,1038.14,406.83,0.8133,1047.98,410.41,0.7093,1028.76,410.41,0.8036,1053.79,426.95,0.7367,1015.80,437.23,0.7797,1072.11,439.46,0.6741,1004.18,469.40,0.7013,1090.88,443.93,0.6578,1010.88,496.22,0.6148,1022.95,484.60,0.6533,1004.63,478.79,0.6624,1005.97,523.48,0.5679,1001.50,521.25,0.6735,983.17,519.46,0.7678,978.26,557.45,0.7729
345,bottom,0,1028.34,555.06,1136.81,804.23,1120.29,576.84,0.9370,1122.72,573.79,0.6610,1121.51,573.19,0.7254,1109.95,579.88,0.7910,1124.55,580.49,0.8528,1098.39,603.60,0.7745,1117.25,612.12,0.8091,1089.87,635.24,0.5355,1099.61,642.54,0.7377,1103.26,660.18,0.3871,1092.31,676.60,0.7360,1081.96,666.87,0.5366,1083.18,669.30,0.6630,1101.43,698.50,0.6782,1084.40,723.45,0.7626,1116.03,739.87,0.7707,1050.94,772.11,0.7490
346,top,1,967.17,393.79,1094.75,575.94,1046.97,408.38,0.8732,1049.64,404.82,0.8689,1042.97,404.38,0.8253,1053.19,408.38,0.6780,1034.96,407.49,0.8178,1056.31,424.39,0.8224,1022.07,433.72,0.7945,1070.98,437.28,0.7209,1010.06,466.63,0.7300,1090.10,442.62,0.6884,1014.51,499.10,0.6717,1027.85,482.20,0.6770,1008.72,478.64,0.6841,1016.28,526.67,0.6261,1007.83,526.67,0.7201,982.93,524.89,0.7562,977.15,555.13,0.7871
346,bottom,0,1035.72,554.64,1136.64,804.19,1119.08,575.24,0.9167,1121.51,572.80,0.6330,1120.30,572.19,0.6766,1109.33,578.89,0.7654,1125.17,579.50,0.8817,1095.93,602.04,0.7907,1118.47,611.18,0.8059,1086.79,633.72,0.5357,1100.19,643.47,0.7476,1103.85,659.92,0.3757,1094.10,678.81,0.7204,1076.43,666.62,0.5639,1081.30,669.67,0.6607,1103.24,694.65,0.7238,1085.57,724.50,0.7510,1112.98,741.56,0.7700,1054.50,773.85,0.7566
347,top,0,966.91,392.18,1101.57,576.26,1051.77,407.82,0.8456,1054.92,403.78,0.8418,1048.18,403.78,0.8130,1058.51,406.92,0.6836,1039.19,406.02,0.7929,1058.51,424.45,0.8047,1026.60,433.89,0.7705,1070.20,440.63,0.7337,1015.82,468.04,0.6913,1089.97,446.92,0.7051,1020.31,499.50,0.6059,1031.55,482.87,0.6598,1012.22,481.52,0.6253,1028.85,528.26,0.5910,1018.07,530.96,0.6586,983.91,533.65,0.6762,979.87,550.28,0.6973
347,bottom,1,1044.05,556.29,1131.67,804.01,1118.71,576.73,0.9111,1120.52,574.31,0.6214,1119.91,573.71,0.7156,1108.42,579.76,0.7159,1124.15,580.36,0.8784,1094.51,602.74,0.7999,1118.71,612.42,0.8016,1085.44,634.19,0.5428,1101.17,645.07,0.7246,1101.77,661.40,0.4045,1097.54,683.17,0.6839,1075.16,666.85,0.5811,1080.60,670.47,0.6555,1106.61,694.06,0.7538,1086.65,726.72,0.7600,1106.00,745.47,0.7533,1058.23,779.94,0.7394
348,top,0,971.81,394.45,1104.72,578.18,1057.55,409.62,0.8528,1060.24,406.03,0.8440,1053.51,405.58,0.8055,1063.38,409.62,0.6709,1044.54,408.27,0.7787,1060.69,426.66,0.8115,1031.54,436.98,0.7750,1068.77,447.74,0.7282,1022.56,471.52,0.6768,1089.85,455.82,0.6035,1027.05,502.92,0.6428,1035.57,484.08,0.6707,1015.84,483.63,0.6560,1037.37,531.62,0.5985,1025.26,535.66,0.6810,988.92,549.12,0.6042,984.44,549.12,0.7237
348,bottom,1,1046.81,558.77,1130.12,806.45,1116.89,579.21,0.9151,1118.09,576.79,0.6300,1117.49,576.19,0.7133,1107.81,582.84,0.7159,1122.93,583.45,0.8519,1092.70,605.82,0.7687,1118.09,616.10,0.7690,1081.21,638.47,0.5458,1101.77,649.36,0.7228,1096.33,668.10,0.3776,1101.16,688.66,0.6317,1073.95,671.12,0.5634,1081.21,675.36,0.6222,1108.42,697.13,0.7031,1087.86,731.59,0.7396,1100.56,748.52,0.7161,1059.44,780.57,0.7180
349,top,0,977.84,398.87,1110.86,581.47,1062.18,413.49,0.8515,1064.86,409.93,0.8444,1057.72,409.93,0.7978,1067.98,413.94,0.6723,1049.25,413.49,0.7590,1064.41,431.33,0.7852,1037.66,442.47,0.7783,1069.76,453.61,0.6423,1029.19,477.24,0.6772,1091.60,465.65,0.6519,1034.99,504.88,0.5644,1036.33,487.94,0.6222,1018.94,488.83,0.7155,1039.89,536.53,0.5866,1036.33,538.31,0.6808,995.31,556.59,0.5722,992.19,550.80,0.7670
349,bottom,1,1045.77,561.84,1129.80,806.01,1116.40,583.78,0.8963,1117.59,580.80,0.6278,1117.00,580.20,0.7218,1106.27,586.16,0.7055,1121.17,586.76,0.8166,1091.36,609.41,0.7579,1117.59,621.34,0.7796,1076.46,644.58,0.5708,1103.88,652.93,0.7204,1063.94,676.77,0.4617,1108.06,689.29,0.6830,1073.48,677.37,0.5333,1080.04,681.54,0.6000,1108.65,703.00,0.6295,1089.58,736.39,0.7152,1100.90,750.10,0.6627,1057.39,783.48,0.7001
350,top,0,975.15,405.06,1115.30,591.78,1067.58,419.95,0.8460,1069.86,416.76,0.8465,1063.02,416.30,0.7844,1073.06,420.86,0.6589,1054.35,419.95,0.8017,1066.67,438.20,0.8244,1043.86,448.69,0.7803,1072.14,461.92,0.6576,1038.38,485.19,0.6536,1098.60,476.98,0.6620,1044.77,513.93,0.5785,1035.19,494.77,0.6152,1023.33,495.68,0.7264,1045.68,540.85,0.5469,1046.14,540.85,0.6563,991.85,561.83,0.6250,996.41,559.09,0.7009
350,bottom,1,1043.74,566.58,1128.01,805.81,1115.07,587.49,0.8889,1117.41,585.16,0.6377,1115.66,583.99,0.7042,1105.73,589.83,0.7015,1120.33,590.41,0.8150,1088.79,612.61,0.7613,1117.41,624.87,0.7971,1070.68,648.23,0.6035,1105.73,658.16,0.7426,1055.50,678.60,0.6351,1113.91,697.88,0.6601,1067.18,677.44,0.5670,1078.28,682.69,0.6223,1106.31,708.98,0.5812,1089.96,737.59,0.6889,1099.89,751.03,0.6460,1056.67,784.90,0.6647
351,top,0,972.19,412.90,1118.85,600.47,1074.17,427.43,0.8502,1076.08,423.61,0.8208,1069.39,423.61,0.7944,1077.99,427.43,0.5793,1059.84,427.43,0.8054,1071.78,445.10,0.7807,1051.25,455.60,0.7719,1075.60,468.49,0.6778,1048.86,489.97,0.6310,1099.47,482.34,0.6349,1056.98,518.62,0.6086,1035.50,498.09,0.5394,1029.29,498.57,0.6619,1035.02,546.31,0.5108,1056.03,539.15,0.5419,987.76,561.59,0.6686,1027.38,574.48,0.6184
351,bottom,1,1034.84,567.67,1134.36,805.96,1114.86,589.08,0.8835,1117.77,586.75,0.6452,1114.86,586.17,0.6847,1106.13,591.41,0.7199,1119.51,592.57,0.8169,1088.10,614.10,0.7577,1116.02,625.15,0.7985,1065.41,647.26,0.7063,1107.88,658.89,0.7866,1046.21,676.34,0.7734,1121.26,696.71,0.6764,1065.41,678.09,0.6006,1075.88,683.91,0.6401,1106.13,703.69,0.6844,1089.84,738.59,0.7177,1099.73,751.39,0.6997,1056.68,785.14,0.6720
352,top,0,972.61,418.83,1124.04,599.03,1081.35,434.50,0.8749,1083.32,430.55,0.7736,1077.41,430.55,0.8432,1084.31,434.50,0.5332,1067.05,434.99,0.7917,1075.43,453.72,0.7346,1059.17,463.58,0.7777,1081.35,474.92,0.7185,1060.65,495.62,0.6659,1105.50,487.73,0.7479,1071.49,525.19,0.6907,1038.96,503.01,0.5495,1034.03,504.00,0.6857,1034.03,550.83,0.6220,1068.04,534.07,0.6728,986.22,562.16,0.6989,1049.80,585.33,0.6675
352,bottom,1,1033.26,567.18,1141.28,806.48,1117.65,588.68,0.8658,1119.40,586.34,0.6380,1118.24,585.17,0.7135,1107.72,591.02,0.6884,1119.40,591.60,0.7938,1087.27,613.22,0.7438,1116.48,624.32,0.7924,1062.15,645.35,0.7091,1108.30,658.20,0.7967,1040.53,672.81,0.7910,1126.42,690.34,0.7431,1064.49,676.31,0.6365,1075.59,682.74,0.6672,1101.88,706.69,0.7063,1089.02,737.66,0.7277,1100.12,752.26,0.7188,1056.89,785.56,0.7023
353,top,2,976.18,425.81,1118.49,594.52,1090.42,442.07,0.8784,1091.81,437.90,0.6979,1085.79,437.90,0.7416,1094.13,441.14,0.4906,1075.13,442.07,0.7968,1079.77,458.74,0.7305,1070.04,470.79,0.7970,1079.30,478.20,0.4891,1073.74,499.51,0.6633,1094.13,486.54,0.5329,1085.33,530.55,0.6856,1044.56,507.85,0.5417,1042.24,510.63,0.6835,1036.68,552.32,0.6664,1072.35,537.96,0.6800,989.90,562.05,0.7397,1072.82,588.92,0.7131
353,bottom,0,1025.25,565.10,1143.34,806.38,1119.05,587.37,0.8322,1120.82,585.60,0.6019,1119.05,584.42,0.6435,1109.04,589.14,0.7038,1120.82,590.90,0.7755,1087.83,609.75,0.7449,1117.28,622.12,0.7865,1060.73,640.97,0.7106,1109.62,654.52,0.8069,1037.17,667.48,0.8115,1128.47,684.56,0.8033,1061.91,673.37,0.6444,1073.69,680.44,0.6852,1095.49,707.54,0.6488,1085.47,736.40,0.7394,1097.84,750.54,0.7111,1056.61,785.29,0.7073
354,top,0,979.43,429.75,1128.38,592.64,1099.96,451.56,0.9365,1101.90,447.19,0.7354,1095.60,447.68,0.8342,1104.33,450.10,0.5178,1084.93,451.56,0.7794,1087.36,468.53,0.7017,1080.09,475.80,0.7942,1086.87,490.83,0.3689,1087.36,504.41,0.6719,1118.87,502.47,0.2333,1100.93,534.47,0.7480,1048.57,515.08,0.5833,1049.54,517.98,0.6820,1040.33,552.90,0.6985,1078.15,544.65,0.7136,994.26,562.59,0.7894,1091.72,588.78,0.7551
354,bottom,4,1041.10,563.57,1144.18,805.96,1119.86,586.53,0.8101,1120.45,583.57,0.5794,1120.45,584.16,0.6472,1108.62,588.89,0.6695,1121.64,590.67,0.7483,1089.09,607.24,0.7447,1118.09,620.85,0.7908,1060.09,638.01,0.7060,1109.80,651.62,0.8065,1035.24,664.64,0.8117,1128.15,680.62,0.7739,1059.50,669.38,0.6514,1071.93,677.66,0.6715,1090.27,707.84,0.6025,1083.17,733.29,0.7254,1094.42,749.27,0.6821,1056.54,783.59,0.7457
355,top,0,987.64,440.56,1137.83,604.22,1109.67,461.27,0.9249,1111.14,457.36,0.7747,1105.27,457.85,0.8727,1111.63,459.81,0.4941,1094.03,461.27,0.8110,1093.54,476.43,0.6967,1089.63,485.23,0.7226,1099.41,496.97,0.5696,1102.34,515.54,0.6412,1121.90,508.21,0.7220,1120.43,541.95,0.7437,1055.89,522.39,0.5792,1058.83,526.30,0.6739,1045.62,556.12,0.6270,1085.23,558.08,0.7110,1002.60,562.48,0.7685,1103.81,601.59,0.7362
355,bottom,3,1040.88,562.91,1142.14,805.72,1124.11,586.50,0.7878,1124.70,583.54,0.5999,1123.52,583.54,0.6844,1110.48,588.28,0.6450,1121.15,590.06,0.7285,1088.54,608.43,0.7291,1118.18,619.70,0.7804,1060.09,636.89,0.7049,1109.29,651.71,0.7936,1034.01,661.79,0.8082,1125.89,680.76,0.7590,1057.72,667.12,0.6469,1071.35,676.01,0.6607,1085.58,709.80,0.5578,1082.02,731.74,0.7235,1089.73,749.52,0.6765,1056.53,783.31,0.7570
356,top,0,995.91,447.40,1157.68,605.39,1120.50,470.58,0.8621,1121.03,466.89,0.6617,1116.82,467.95,0.7697,1107.34,469.53,0.4657,1104.71,472.16,0.7344,1098.39,487.43,0.6963,1103.13,497.96,0.7209,1103.65,506.91,0.5522,1117.87,526.92,0.6895,1123.14,515.87,0.7525,1137.88,550.62,0.7682,1059.95,531.14,0.6120,1068.90,541.14,0.6264,1051.52,562.21,0.6260,1094.17,570.63,0.6902,1011.50,565.37,0.7588,1106.29,609.07,0.6436
356,bottom,3,1024.90,565.12,1140.05,805.98,1124.81,589.70,0.7483,1126.57,587.35,0.5440,1124.22,586.76,0.6013,1111.87,590.29,0.7100,1124.81,592.64,0.7138,1090.12,607.93,0.7052,1118.34,620.28,0.7460,1060.13,635.57,0.6939,1108.93,653.80,0.7383,1033.08,661.44,0.7539,1122.46,683.78,0.7336,1056.01,664.97,0.6494,1070.71,672.61,0.6377,1084.82,713.19,0.5331,1083.65,729.65,0.7176,1080.71,749.05,0.5972,1057.78,782.57,0.7221
357,top,3,1002.74,463.93,1177.74,638.94,1129.55,485.35,0.8207,1129.55,481.36,0.6588,1126.13,482.50,0.7790,1120.43,484.78,0.5414,1115.87,487.63,0.7238,1108.47,500.16,0.6472,1114.17,510.99,0.7106,1093.66,516.11,0.3111,1129.55,534.34,0.6568,1100.49,540.04,0.2518,1154.61,556.56,0.7146,1066.88,543.46,0.6234,1076.00,552.00,0.6342,1057.77,569.66,0.5271,1101.06,578.21,0.6365,1019.03,571.37,0.6437,1113.03,625.49,0.4500
357,bottom,2,1041.97,568.84,1138.92,806.37,1124.08,589.60,0.7591,1125.24,587.28,0.5838,1123.50,586.70,0.6561,1112.48,591.34,0.6496,1123.50,593.08,0.7397,1089.86,609.90,0.6785,1120.60,623.82,0.7638,1057.97,636.58,0.7117,1110.74,658.61,0.7299,1031.87,662.09,0.7861,1118.86,692.83,0.6947,1056.23,666.73,0.6665,1070.15,673.69,0.6417,1085.22,713.12,0.5285,1084.64,731.10,0.7090,1078.85,750.24,0.5448,1056.23,782.13,0.7268
358,top,4,1008.68,473.73,1192.59,646.63,1138.35,496.72,0.8288,1137.15,492.53,0.6851,1134.16,493.13,0.7703,1130.57,494.92,0.5134,1122.79,497.32,0.7024,1116.20,509.89,0.6240,1123.98,523.66,0.6549,1106.62,531.44,0.3172,1144.94,546.41,0.6316,1107.22,552.40,0.2246,1171.88,562.57,0.6901,1077.29,559.58,0.5170,1081.48,564.97,0.5844,1113.21,586.52,0.2591,1118.00,584.72,0.4394,1028.80,580.53,0.4789,1130.57,628.42,0.4905
358,bottom,1,1014.75,573.13,1144.89,806.65,1120.87,595.25,0.7588,1123.15,592.97,0.5160,1121.44,592.40,0.6039,1109.47,595.82,0.7388,1122.01,599.81,0.7227,1088.37,613.50,0.7084,1118.59,630.03,0.7907,1055.30,639.72,0.7426,1114.03,667.66,0.7238,1028.51,665.95,0.8104,1118.59,699.58,0.7219,1054.73,671.08,0.6773,1069.56,679.06,0.6656,1081.53,717.26,0.5009,1083.81,734.93,0.7245,1076.40,752.04,0.5198,1053.59,784.53,0.7442
359,top,2,1010.66,489.66,1207.23,642.72,1146.06,507.97,0.7933,1144.78,504.13,0.6956,1142.22,504.13,0.7544,1137.74,508.61,0.5081,1131.34,510.53,0.7084,1121.10,520.12,0.6518,1130.70,532.92,0.6685,1110.23,531.64,0.3759,1153.10,554.04,0.6073,1117.91,557.88,0.2708,1184.45,569.39,0.6749,1078.87,561.72,0.5958,1085.91,567.47,0.5934,1071.84,591.15,0.4713,1119.82,581.55,0.5405,1031.52,589.23,0.5678,1130.70,626.98,0.5262
359,bottom,3,1036.02,582.94,1133.06,815.04,1120.24,601.52,0.7952,1121.94,599.26,0.5459,1120.81,598.69,0.6130,1108.34,602.09,0.7203,1122.51,605.49,0.7269,1086.81,620.79,0.6967,1120.24,638.92,0.7940,1052.81,646.85,0.7590,1117.97,676.32,0.7490,1026.18,672.92,0.8140,1123.07,706.92,0.6894,1052.81,678.02,0.6696,1068.67,686.52,0.6624,1086.24,704.65,0.4477,1081.71,743.75,0.6997,1069.81,744.32,0.4303,1050.54,790.78,0.7224
360,top,3,1016.51,500.55,1209.50,645.13,1151.96,518.18,0.8397,1151.96,514.41,0.7171,1148.19,514.41,0.7786,1145.04,517.55,0.4789,1136.25,519.44,0.7769,1124.94,526.98,0.6501,1134.99,542.68,0.6488,1109.23,537.03,0.3555,1156.35,562.79,0.5723,1118.03,560.90,0.2214,1186.51,577.24,0.6716,1085.99,562.79,0.5055,1085.99,569.07,0.6223,1124.31,584.78,0.4736,1070.28,599.85,0.5078,1130.60,627.50,0.5308,1033.85,591.69,0.4936
360,bottom,1,1033.26,587.97,1150.24,815.62,1120.65,610.65,0.7670,1121.76,607.31,0.5443,1122.32,607.31,0.6435,1105.65,611.76,0.6459,1121.21,615.09,0.7518,1087.31,628.99,0.6890,1120.65,646.22,0.7954,1051.18,655.11,0.7425,1125.66,682.34,0.7290,1027.84,678.45,0.7754,1135.10,702.35,0.7291,1052.85,685.68,0.7133,1068.96,692.90,0.6801,1076.75,725.14,0.4171,1081.75,750.15,0.7531,1060.63,762.38,0.4986,1048.40,794.61,0.7402
361,top,0,1020.25,502.16,1205.98,646.90,1156.04,523.75,0.8895,1157.25,519.51,0.7498,1152.41,519.51,0.8040,1151.20,521.33,0.5106,1139.71,523.14,0.8205,1129.44,528.58,0.6774,1136.69,546.72,0.6722,1114.93,536.44,0.3488,1154.83,570.30,0.6251,1123.99,562.44,0.2182,1183.85,587.83,0.6926,1090.14,561.84,0.5217,1087.72,567.28,0.6548,1127.62,576.35,0.5006,1075.02,601.74,0.6055,1130.64,625.92,0.5997,1034.52,592.67,0.5631
361,bottom,1,1025.05,594.84,1162.02,815.78,1117.27,616.85,0.7646,1117.81,614.15,0.5256,1119.97,614.69,0.5681,1103.79,618.47,0.6663,1121.59,621.70,0.7238,1086.53,636.27,0.6897,1121.59,650.29,0.7630,1051.46,661.08,0.7579,1136.69,682.66,0.6447,1029.89,686.43,0.7917,1148.56,689.13,0.6161,1052.54,691.29,0.7110,1070.34,699.92,0.6743,1074.12,737.67,0.4845,1081.67,755.48,0.7466,1059.02,768.42,0.5256,1048.23,795.39,0.7416
362,top,2,1023.13,501.61,1201.54,633.47,1158.21,521.66,0.9240,1159.96,517.59,0.8168,1154.15,517.01,0.8347,1155.31,519.34,0.5165,1141.37,520.50,0.8119,1132.08,525.72,0.6734,1138.47,547.21,0.7072,1121.63,534.44,0.3437,1154.15,577.99,0.6518,1129.76,557.67,0.2008,1182.03,598.90,0.6829,1086.78,559.99,0.5629,1089.10,565.80,0.6354,1080.39,600.64,0.5130,1128.01,572.19,0.4126,1039.74,591.35,0.4887,1132.08,627.94,0.5845
362,bottom,0,1026.92,595.23,1180.24,816.42,1119.78,617.26,0.7396,1119.78,614.02,0.5037,1123.02,614.56,0.5484,1104.12,618.34,0.7556,1122.48,622.12,0.7432,1087.38,636.16,0.7057,1124.10,648.04,0.7513,1053.90,662.62,0.7636,1154.34,672.34,0.6873,1037.70,689.08,0.7778,1168.38,659.92,0.7399,1052.82,691.78,0.7238,1073.34,700.96,0.7049,1074.96,722.02,0.4146,1083.60,756.58,0.7746,1066.32,760.36,0.6851,1048.50,796.00,0.8280
363,top,2,1026.59,495.56,1184.26,629.75,1159.31,516.98,0.9149,1160.85,512.36,0.7413,1155.21,512.87,0.7901,1160.34,514.92,0.4110,1142.89,515.95,0.8135,1132.62,520.57,0.7524,1139.81,543.66,0.7396,1126.98,530.83,0.3514,1146.48,578.56,0.6518,1131.09,552.90,0.2914,1167.52,605.77,0.7124,1086.95,558.04,0.5374,1089.51,563.17,0.6245,1086.43,599.09,0.5667,1126.98,571.89,0.5460,1043.84,590.88,0.5854,1131.09,624.76,0.6182
363,bottom,0,1028.60,586.89,1187.80,816.78,1114.93,611.47,0.8245,1117.18,608.66,0.5400,1116.62,608.66,0.4811,1104.83,613.71,0.7330,1123.91,615.40,0.6873,1091.36,631.67,0.6765,1127.84,638.97,0.6996,1061.05,656.93,0.4996,1162.08,652.44,0.6822,1053.20,679.38,0.3331,1177.23,633.36,0.7530,1057.69,682.75,0.6577,1080.70,693.97,0.6358,1071.16,728.77,0.4857,1080.14,752.91,0.7030,1058.81,764.69,0.6428,1048.15,793.88,0.8241
364,top,3,1029.61,487.52,1164.82,621.52,1157.07,509.19,0.9435,1158.83,504.35,0.7517,1152.67,505.23,0.7624,1157.95,506.99,0.4242,1141.66,508.31,0.6998,1131.54,513.59,0.7541,1136.82,536.04,0.7529,1109.54,521.51,0.4237,1136.82,570.36,0.6438,1119.22,531.63,0.2989,1145.63,602.49,0.5678,1087.09,553.20,0.4555,1090.17,558.92,0.5255,1093.25,592.81,0.4507,1127.14,573.01,0.4643,1047.92,588.41,0.5579,1131.98,625.38,0.3411
364,bottom,0,1035.49,582.71,1188.94,815.72,1120.75,603.08,0.7170,1122.46,599.09,0.4906,1124.73,599.66,0.4770,1107.67,603.08,0.6920,1126.44,605.92,0.7105,1094.01,622.42,0.7103,1131.56,628.68,0.6955,1071.26,648.02,0.4613,1169.67,631.52,0.6433,1075.24,638.92,0.1574,1181.62,613.88,0.7280,1065.57,677.03,0.6886,1090.03,686.13,0.6276,1080.93,729.36,0.5023,1073.53,745.29,0.6904,1056.47,766.34,0.5881,1051.92,791.37,0.8078
365,top,3,1032.68,478.39,1160.45,604.37,1156.04,499.79,0.8124,1156.45,495.63,0.6012,1152.71,496.04,0.7107,1144.81,496.88,0.4215,1141.48,498.54,0.6388,1128.59,505.61,0.6827,1135.66,527.24,0.6685,1102.38,509.35,0.4109,1129.83,561.34,0.5229,1108.62,511.43,0.2744,1129.83,592.12,0.3860,1084.50,548.03,0.4000,1090.32,554.27,0.4903,1099.89,584.64,0.2282,1125.26,579.23,0.4916,1049.98,584.22,0.4926,1133.16,628.72,0.4450
365,bottom,0,1039.22,567.28,1191.47,811.90,1121.32,588.66,0.7369,1123.11,584.48,0.5062,1124.31,585.08,0.5001,1110.57,589.85,0.7046,1128.49,591.64,0.6799,1098.03,611.35,0.7278,1133.86,614.34,0.7272,1078.92,638.82,0.4728,1172.08,619.12,0.6977,1089.67,640.62,0.1714,1183.43,598.21,0.8313,1074.74,666.89,0.6968,1096.83,675.25,0.6264,1080.71,721.24,0.5193,1079.51,734.38,0.6671,1060.40,759.46,0.5649,1056.22,785.14,0.7815
366,top,3,1034.47,467.09,1155.43,605.99,1152.83,491.65,0.8443,1152.83,487.71,0.5494,1150.87,488.10,0.6721,1143.78,488.89,0.3669,1140.23,490.86,0.5883,1126.06,498.73,0.7087,1132.75,519.21,0.7507,1104.40,501.10,0.4640,1117.79,550.32,0.5666,1111.49,507.00,0.2398,1124.48,574.34,0.3986,1088.26,542.05,0.3769,1086.29,547.17,0.5207,1100.86,574.73,0.2440,1127.24,578.28,0.2970,1052.03,581.82,0.3746,1052.82,582.61,0.2992
366,bottom,0,1046.15,558.69,1193.64,803.81,1127.67,578.92,0.7235,1130.07,575.33,0.5508,1130.07,575.92,0.5786,1115.71,579.51,0.6758,1131.86,581.31,0.7111,1104.33,601.66,0.7099,1134.26,607.04,0.6790,1105.53,622.00,0.3144,1173.16,611.23,0.7116,1133.06,632.78,0.3418,1184.53,590.89,0.7650,1080.99,660.31,0.6379,1098.35,667.49,0.5977,1089.37,712.97,0.6189,1094.16,723.74,0.6890,1067.23,748.88,0.6675,1064.24,769.22,0.7637
367,top,3,1036.44,458.51,1153.89,598.45,1147.16,480.31,0.8431,1148.69,475.72,0.6407,1143.72,475.72,0.6994,1148.31,479.54,0.4336,1133.78,479.54,0.6586,1120.40,491.01,0.6913,1128.81,509.75,0.7660,1101.67,513.57,0.3627,1104.34,537.27,0.6201,1102.43,543.39,0.1848,1098.23,571.30,0.5414,1076.82,538.42,0.4911,1085.23,544.54,0.5058,1091.34,570.92,0.4049,1124.22,586.97,0.4141,1051.20,582.39,0.5877,1110.08,625.97,0.1430
367,bottom,0,1048.13,549.76,1198.44,793.45,1132.80,569.28,0.7039,1135.18,565.11,0.5378,1134.59,566.30,0.5425,1119.71,568.68,0.6067,1135.18,572.25,0.6285,1109.01,585.94,0.6948,1138.75,598.43,0.6846,1091.16,578.80,0.2837,1172.66,606.16,0.6872,1132.21,579.39,0.1666,1186.94,588.91,0.7554,1088.18,651.38,0.6311,1103.65,656.73,0.6269,1100.08,704.33,0.6049,1109.60,715.63,0.6850,1071.52,737.64,0.7392,1069.74,758.46,0.8094
368,top,2,1040.15,448.16,1151.02,602.44,1143.42,469.93,0.9281,1145.30,465.41,0.5411,1139.65,465.41,0.6292,1145.68,468.05,0.3752,1129.49,468.80,0.6164,1120.82,479.35,0.7207,1120.07,498.94,0.7831,1101.61,506.47,0.3739,1094.46,524.17,0.6884,1099.73,534.34,0.2752,1087.30,557.31,0.6919,1079.02,528.69,0.3802,1084.67,535.09,0.5577,1088.43,569.37,0.5278,1115.55,584.06,0.6059,1054.53,584.43,0.6678,1112.91,621.34,0.3263
368,bottom,0,1058.47,542.47,1202.79,782.16,1138.24,562.25,0.7547,1141.17,558.16,0.5606,1139.41,559.33,0.5419,1126.54,562.25,0.6589,1140.58,565.18,0.6609,1116.59,582.15,0.7017,1141.75,590.93,0.7158,1112.49,611.41,0.3737,1171.01,603.80,0.6893,1136.48,628.38,0.3662,1189.73,590.34,0.7150,1094.35,647.69,0.6386,1106.64,651.20,0.6715,1113.66,696.84,0.5434,1120.10,708.54,0.6967,1079.72,726.10,0.7545,1078.55,750.09,0.8023
369,top,1,1037.74,442.42,1144.87,600.09,1139.42,461.97,1.0047,1141.35,458.13,0.5523,1135.57,457.74,0.6679,1142.12,461.20,0.2929,1125.18,460.43,0.6648,1115.56,470.83,0.7779,1114.02,490.08,0.8024,1096.31,500.85,0.4446,1088.23,516.64,0.6816,1097.08,528.19,0.3194,1079.76,549.36,0.6854,1079.76,523.57,0.3967,1084.76,529.73,0.5432,1079.37,563.60,0.6164,1105.93,572.46,0.7047,1047.81,586.70,0.7703,1113.63,619.42,0.5355
369,bottom,0,1070.50,536.17,1205.83,776.42,1145.79,556.59,0.7589,1148.14,553.07,0.5880,1145.79,554.24,0.5821,1132.30,556.59,0.6314,1144.62,558.93,0.6831,1123.51,578.29,0.6710,1142.27,584.15,0.7106,1112.95,603.51,0.4070,1168.08,601.16,0.5925,1132.30,612.31,0.2860,1190.96,594.71,0.6260,1102.98,645.15,0.6095,1112.36,647.50,0.6665,1129.96,690.32,0.5486,1128.20,703.81,0.6977,1089.49,720.82,0.7203,1086.55,743.69,0.7951
370,top,1,1033.86,431.69,1142.25,601.54,1135.74,455.66,1.0172,1137.82,451.09,0.5668,1132.01,450.68,0.6838,1140.30,452.75,0.2936,1121.64,453.17,0.6389,1112.52,464.36,0.7747,1107.96,481.37,0.8709,1098.42,497.54,0.5029,1084.32,509.15,0.7914,1093.45,525.32,0.3745,1075.20,539.84,0.7747,1086.40,516.20,0.4269,1081.42,519.10,0.5815,1077.27,559.74,0.6086,1105.89,562.23,0.8359,1047.00,585.86,0.8591,1117.91,606.18,0.7121
370,bottom,0,1077.47,534.32,1209.00,767.38,1150.07,552.98,0.7535,1152.34,549.57,0.5758,1150.64,550.71,0.5495,1138.12,554.69,0.6515,1150.64,556.40,0.6830,1128.44,575.74,0.6765,1146.08,581.43,0.7150,1111.38,596.22,0.4879,1161.45,600.78,0.6129,1135.27,633.21,0.3810,1190.46,599.07,0.6794,1115.93,642.88,0.5779,1115.36,646.30,0.7001,1144.38,674.74,0.6052,1133.57,702.62,0.6816,1107.39,718.56,0.5891,1094.31,740.75,0.7423
371,top,1,1037.96,428.51,1140.37,604.78,1132.20,449.08,1.0269,1134.78,445.64,0.6471,1128.76,445.21,0.8255,1138.65,448.22,0.2776,1118.00,447.36,0.8065,1108.96,459.41,0.7738,1105.09,476.19,0.8473,1098.20,478.77,0.4147,1081.85,503.30,0.8253,1126.17,480.07,0.4801,1074.10,534.72,0.7785,1081.85,509.76,0.4590,1080.13,512.77,0.6540,1078.41,554.08,0.6562,1109.39,554.08,0.8842,1047.42,584.21,0.9012,1111.97,607.01,0.7908
371,bottom,0,1086.45,532.83,1211.11,765.91,1159.59,554.34,0.8052,1160.73,551.49,0.6121,1159.59,552.06,0.6329,1142.52,554.91,0.5952,1155.61,556.05,0.7142,1134.55,575.96,0.6895,1147.64,579.95,0.7245,1131.14,614.09,0.5086,1155.04,599.86,0.5995,1153.33,635.71,0.6048,1187.47,605.55,0.6412,1127.16,643.68,0.6156,1121.46,647.66,0.7083,1150.49,667.58,0.5855,1140.81,701.72,0.6598,1132.85,711.40,0.4726,1102.12,739.28,0.7430
372,top,1,1037.27,426.32,1140.43,610.37,1130.64,445.55,0.9957,1132.89,441.51,0.6449,1127.49,441.06,0.8627,1136.93,443.76,0.2969,1115.81,443.76,0.7922,1105.93,452.74,0.7643,1103.23,471.62,0.8745,1108.62,472.07,0.4653,1082.56,499.48,0.7934,1127.94,481.05,0.5889,1074.47,530.93,0.7422,1069.53,500.37,0.4510,1075.37,503.52,0.6181,1078.07,548.45,0.6685,1109.52,549.35,0.8448,1048.86,581.26,0.8526,1102.78,602.38,0.8089
372,bottom,0,1089.17,536.48,1207.77,761.99,1163.89,556.19,0.7516,1166.09,552.88,0.5832,1164.99,553.43,0.6130,1147.92,557.29,0.5607,1161.13,558.39,0.6877,1140.21,578.21,0.6849,1152.87,582.61,0.7361,1142.41,618.40,0.4655,1151.22,602.99,0.6711,1167.19,636.02,0.5532,1179.85,614.00,0.4858,1134.15,645.93,0.5543,1127.00,649.23,0.6650,1156.18,669.05,0.5333,1150.67,703.19,0.6552,1145.72,704.84,0.4433,1106.08,737.32,0.6909
373,top,1,1037.12,421.33,1142.00,613.93,1128.59,440.51,0.8944,1131.41,436.75,0.6667,1125.30,436.28,0.7961,1135.64,439.57,0.3370,1114.95,439.57,0.7148,1106.96,450.39,0.7113,1102.26,466.84,0.8556,1111.19,471.08,0.5233,1082.98,495.53,0.7576,1128.59,482.83,0.6489,1075.45,526.56,0.7073,1068.87,494.12,0.4466,1071.22,496.00,0.6263,1074.51,542.55,0.6581,1107.90,546.78,0.7063,1049.59,579.23,0.7301,1096.14,598.98,0.6821
373,bottom,0,1085.51,540.88,1198.85,761.66,1169.13,561.80,0.8070,1170.75,559.64,0.6334,1169.13,558.56,0.6861,1158.89,563.95,0.5575,1165.90,563.95,0.7882,1146.49,582.82,0.6759,1156.19,587.13,0.7494,1138.95,616.77,0.4395,1147.03,610.31,0.6982,1169.13,632.41,0.4663,1174.52,629.71,0.6547,1139.49,651.27,0.5311,1134.10,653.43,0.6524,1158.89,693.85,0.5427,1159.43,703.55,0.7068,1115.23,736.97,0.2888,1109.30,735.36,0.6467
374,top,1,1040.24,419.00,1141.44,613.34,1127.37,436.94,0.9058,1130.22,433.14,0.6988,1124.53,432.67,0.8219,1134.49,593.50,0.3477,1113.61,434.56,0.6740,1106.02,446.90,0.6715,1101.75,462.56,0.8942,1112.66,469.67,0.6108,1083.72,493.40,0.7720,1127.85,483.91,0.7616,1076.61,525.18,0.7337,1065.22,488.65,0.5326,1068.54,493.40,0.6668,1073.76,537.04,0.7087,1106.02,545.11,0.8182,1051.46,573.10,0.7946,1094.64,598.25,0.7944
374,bottom,0,1099.29,547.33,1199.49,756.66,1173.92,565.63,0.7719,1175.46,563.58,0.5842,1174.43,563.07,0.6472,1166.26,567.67,0.5324,1172.39,568.18,0.7377,1152.97,588.62,0.6378,1159.61,592.71,0.7242,1150.41,620.82,0.4286,1144.79,617.24,0.6970,1175.97,642.29,0.3624,1176.99,640.75,0.5502,1144.28,655.57,0.4724,1136.10,657.62,0.6086,1167.28,691.35,0.5731,1168.81,704.13,0.7196,1126.39,736.32,0.4843,1116.68,731.72,0.6739
375,top,0,1039.49,417.41,1140.24,616.34,1126.29,433.82,0.9574,1128.72,429.94,0.7505,1122.89,429.94,0.8670,1131.63,595.07,0.3302,1112.69,431.88,0.6853,1102.98,444.99,0.6748,1101.04,458.59,0.9000,1108.81,471.71,0.6058,1082.58,489.19,0.7616,1125.32,485.79,0.8065,1076.75,520.76,0.7252,1063.15,485.79,0.5716,1068.49,490.65,0.6528,1074.32,533.39,0.7056,1103.95,544.07,0.8252,1052.47,567.87,0.8011,1093.27,597.99,0.8021
375,bottom,1,1109.19,550.23,1206.66,750.77,1180.93,572.16,0.8243,1181.91,569.23,0.6313,1180.93,568.25,0.7170,1167.72,572.16,0.4320,1177.02,572.16,0.7114,1161.35,594.19,0.6139,1163.80,596.64,0.7146,1166.74,628.47,0.6589,1141.77,620.63,0.7411,1192.20,650.01,0.7350,1158.90,649.03,0.6350,1147.15,655.39,0.4791,1137.36,658.82,0.6262,1173.59,686.73,0.5839,1174.08,704.35,0.7212,1137.36,733.24,0.5062,1124.14,726.88,0.6603
376,top,1,1040.86,416.46,1134.55,615.75,1124.69,432.42,0.9595,1127.12,429.02,0.7956,1121.28,428.53,0.8712,1131.50,594.44,0.3547,1111.06,431.45,0.6573,1101.82,443.61,0.6879,1100.36,458.70,0.9045,1106.68,469.40,0.6583,1081.87,489.35,0.7906,1120.31,486.92,0.8498,1077.00,521.46,0.7526,1061.92,486.92,0.5815,1067.76,491.30,0.6809,1075.06,531.19,0.6996,1102.30,543.36,0.8246,1052.68,565.25,0.8657,1090.63,595.90,0.8369
376,bottom,0,1108.67,551.88,1211.91,748.64,1186.71,574.84,0.8714,1187.19,571.48,0.6993,1186.23,571.00,0.7624,1178.54,573.88,0.4293,1182.38,574.84,0.7413,1168.45,598.38,0.6150,1166.53,599.82,0.7224,1176.14,632.00,0.7006,1142.51,622.88,0.7795,1197.76,656.98,0.7305,1152.60,656.02,0.6984,1151.64,653.14,0.4656,1139.15,656.50,0.6186,1177.10,680.52,0.5809,1178.06,704.54,0.7511,1138.19,723.75,0.3566,1127.14,722.31,0.6405
377,top,1,1043.66,417.37,1132.76,613.27,1123.60,433.06,0.9243,1125.99,429.24,0.6894,1120.25,429.24,0.8192,1128.86,594.24,0.3205,1109.73,432.58,0.6224,1100.64,444.06,0.6824,1099.21,458.89,0.8727,1105.43,471.80,0.6395,1081.51,489.02,0.7315,1116.43,490.45,0.7791,1077.21,520.59,0.6750,1061.90,487.11,0.5574,1067.64,491.89,0.6578,1074.82,532.06,0.6439,1102.08,544.98,0.7601,1054.73,566.50,0.8221,1083.90,594.24,0.8465
377,bottom,0,1109.16,553.32,1215.07,746.22,1190.37,575.36,0.8983,1190.84,572.53,0.7256,1189.90,571.59,0.7993,1180.95,574.89,0.4703,1186.13,575.83,0.7644,1172.48,600.32,0.6647,1168.24,601.73,0.7432,1180.95,632.34,0.7105,1143.75,623.39,0.7880,1202.62,662.01,0.7689,1146.57,658.24,0.7262,1155.05,652.12,0.5560,1140.45,656.36,0.6482,1179.07,675.67,0.6553,1178.60,701.57,0.7726,1157.88,718.53,0.2572,1128.21,717.11,0.6497
378,top,1,1048.69,420.66,1130.47,613.49,1121.12,435.63,0.9329,1123.94,431.87,0.7196,1117.82,431.40,0.8489,1125.83,436.57,0.4043,1107.47,435.63,0.7177,1103.23,448.81,0.6493,1097.58,462.00,0.8561,1102.76,478.00,0.6949,1080.16,492.60,0.7840,1113.59,497.31,0.7483,1076.87,526.02,0.7187,1063.21,493.54,0.4967,1067.45,496.83,0.6669,1075.93,534.97,0.5555,1102.29,547.68,0.7343,1058.04,567.92,0.7789,1076.87,595.23,0.7909
378,bottom,0,1108.37,552.38,1218.87,745.44,1191.90,575.85,0.9599,1192.84,572.08,0.7317,1191.43,571.61,0.8099,1186.24,574.44,0.4552,1187.19,575.38,0.7286,1175.40,598.95,0.6957,1169.75,599.42,0.7824,1182.47,630.53,0.7794,1145.24,622.99,0.8205,1204.15,657.86,0.8108,1144.30,657.39,0.7833,1157.96,647.50,0.6498,1142.41,652.21,0.6913,1180.12,677.66,0.6634,1179.64,701.23,0.8118,1144.30,718.66,0.2918,1127.33,717.25,0.7091
379,top,1,1048.29,419.62,1129.92,616.01,1120.27,438.22,0.9686,1123.15,434.38,0.7372,1116.44,433.90,0.8445,1125.07,439.18,0.4178,1106.37,438.22,0.7674,1103.01,452.12,0.6941,1096.30,465.07,0.8926,1099.65,481.85,0.7430,1079.04,496.72,0.7820,1111.16,502.47,0.7831,1076.64,531.24,0.7443,1068.01,499.59,0.5392,1068.49,502.95,0.7684,1078.56,540.83,0.4463,1101.57,552.81,0.7568,1062.25,567.68,0.7674,1073.76,600.28,0.7687
379,bottom,0,1104.83,549.31,1213.60,746.31,1193.36,571.33,0.8831,1194.33,567.97,0.6730,1192.88,567.49,0.7462,1188.07,570.37,0.4890,1187.59,571.82,0.7481,1176.05,595.86,0.6895,1170.76,597.31,0.7495,1180.86,625.20,0.7255,1145.75,620.39,0.7825,1199.13,645.40,0.7305,1143.34,654.06,0.7283,1157.29,645.88,0.6198,1142.86,650.21,0.6530,1177.97,676.66,0.6791,1176.53,701.19,0.7816,1156.33,718.03,0.2918,1125.07,718.99,0.6753
380,top,1,1047.82,422.45,1126.42,616.57,1118.40,441.31,0.9383,1120.77,437.05,0.7219,1114.61,436.57,0.8546,1123.14,441.31,0.4028,1104.18,440.84,0.7997,1098.97,455.53,0.7096,1095.18,466.43,0.8610,1097.07,485.86,0.7319,1077.17,497.24,0.7728,1109.87,506.24,0.7831,1075.74,532.78,0.7549,1065.32,504.82,0.5163,1066.74,507.66,0.7204,1076.69,542.26,0.4940,1099.44,554.11,0.7565,1060.58,568.33,0.7551,1072.43,601.03,0.7514
380,bottom,0,1102.58,544.61,1208.03,746.40,1193.73,566.69,0.9024,1194.72,563.73,0.6894,1193.73,563.24,0.7681,1185.85,565.70,0.5230,1188.31,567.67,0.7821,1170.58,587.38,0.6330,1172.05,592.30,0.7453,1174.02,615.46,0.5054,1147.42,613.98,0.7358,1188.31,624.82,0.6055,1142.50,646.49,0.6465,1159.74,642.55,0.5757,1142.99,646.49,0.6111,1175.99,675.07,0.6728,1172.05,700.68,0.7444,1128.21,722.36,0.2812,1119.34,721.87,0.6838
381,top,1,1046.41,421.98,1124.14,617.10,1115.29,440.46,0.9561,1118.15,436.65,0.7687,1111.48,436.17,0.8606,1120.53,440.94,0.4723,1101.00,439.99,0.8102,1100.52,456.66,0.6741,1092.42,465.23,0.8355,1098.14,487.15,0.7590,1074.32,496.67,0.7411,1112.43,510.01,0.7884,1074.32,529.54,0.7500,1064.79,502.87,0.4249,1063.36,504.77,0.6610,1080.04,544.31,0.4933,1096.23,554.31,0.7354,1061.46,568.13,0.7498,1072.41,601.00,0.7355
381,bottom,0,1101.87,538.97,1198.49,748.77,1191.67,560.38,0.8916,1192.69,558.33,0.6769,1191.16,557.30,0.7405,1179.38,560.38,0.6068,1187.57,561.91,0.8082,1168.62,581.38,0.6599,1172.72,586.50,0.7579,1162.47,612.62,0.4494,1149.67,607.50,0.6871,1169.13,637.21,0.3990,1143.52,637.21,0.6574,1156.84,643.36,0.5191,1143.52,645.40,0.6145,1172.20,670.50,0.6710,1162.99,702.26,0.7269,1162.99,705.85,0.4613,1115.35,724.29,0.6760
382,top,1,1046.04,420.45,1125.47,617.29,1113.14,435.74,0.9917,1116.51,431.89,0.7825,1109.78,430.93,0.8913,1118.91,437.66,0.4593,1099.69,434.77,0.7842,1101.61,455.92,0.7274,1089.60,459.76,0.8658,1100.65,485.23,0.7951,1070.37,490.04,0.7622,1115.07,509.74,0.8023,1072.30,523.68,0.7141,1078.54,498.69,0.4856,1061.72,499.17,0.6599,1080.95,543.38,0.5609,1087.67,550.11,0.7212,1062.21,567.89,0.7398,1071.82,600.08,0.8066
382,bottom,0,1098.78,533.63,1197.50,749.61,1187.16,554.09,0.8478,1189.27,551.98,0.6115,1187.69,551.45,0.6837,1176.61,555.15,0.6426,1187.69,556.73,0.8148,1166.07,575.71,0.6545,1172.92,584.15,0.7254,1158.69,605.77,0.4167,1150.25,602.60,0.6593,1170.81,626.33,0.4105,1144.98,628.44,0.6495,1156.58,643.73,0.5679,1144.98,645.31,0.6595,1171.87,670.62,0.6562,1159.74,703.31,0.7421,1161.32,705.95,0.3880,1113.34,722.82,0.6960
383,top,1,1046.31,413.23,1121.71,615.94,1110.24,428.48,1.0040,1113.70,424.52,0.7507,1107.27,423.53,0.8271,1116.67,430.95,0.4158,1099.35,427.49,0.7078,1104.30,451.74,0.8367,1085.00,453.22,0.8945,1101.33,475.98,0.7589,1066.69,483.90,0.7730,1111.72,497.76,0.6326,1068.67,512.61,0.7021,1082.53,491.82,0.7259,1062.73,490.34,0.7198,1092.92,527.45,0.8307,1074.11,549.23,0.8691,1063.72,564.08,0.7686,1073.12,598.22,0.9377
383,bottom,0,1099.74,529.99,1195.96,749.20,1184.78,550.76,0.8647,1187.45,548.62,0.5901,1185.31,548.62,0.6319,1175.14,552.36,0.6546,1186.92,554.50,0.7954,1162.83,570.56,0.7353,1175.14,582.87,0.7485,1146.24,576.44,0.5130,1153.20,601.06,0.6410,1172.47,610.16,0.3769,1146.78,627.29,0.6572,1157.48,639.59,0.6043,1147.31,641.74,0.6944,1175.14,667.42,0.7719,1160.16,701.14,0.8003,1161.76,706.49,0.5811,1114.67,723.08,0.7505
384,top,1,1043.28,405.68,1122.17,610.03,1109.16,421.55,0.9758,1112.66,417.56,0.8028,1105.67,416.56,0.8140,1115.65,424.54,0.5384,1097.69,422.05,0.7754,1106.17,444.50,0.8776,1082.72,445.99,0.8785,1102.18,465.45,0.8524,1063.27,473.43,0.7975,1110.16,487.90,0.7892,1065.26,504.37,0.6921,1081.72,488.40,0.7743,1061.27,487.40,0.7255,1094.70,529.81,0.8786,1069.25,540.79,0.8370,1066.26,559.25,0.7453,1067.26,591.18,0.8485
384,bottom,0,1101.56,527.50,1196.05,749.90,1184.64,548.57,0.8705,1187.35,546.40,0.6192,1184.64,545.86,0.5807,1174.32,550.20,0.6996,1187.35,552.37,0.7643,1159.66,568.12,0.7512,1177.58,583.32,0.7466,1139.03,573.00,0.6563,1158.57,605.58,0.7017,1131.43,558.89,0.6019,1152.60,634.90,0.6793,1158.57,636.53,0.5467,1147.72,639.25,0.6420,1178.12,665.31,0.7862,1164.00,699.51,0.7823,1161.29,710.92,0.6942,1118.40,722.32,0.7361
385,top,1,1040.32,400.29,1119.18,604.15,1108.12,414.12,0.9450,1111.61,410.64,0.8337,1104.14,409.64,0.8421,1114.09,417.11,0.6482,1095.18,414.62,0.8454,1106.63,437.02,0.8996,1080.25,438.51,0.8458,1101.15,460.41,0.7895,1061.34,466.38,0.7996,1108.62,483.80,0.7807,1061.34,496.74,0.6684,1080.25,485.30,0.7210,1059.84,483.80,0.6647,1095.18,527.60,0.8162,1070.79,531.58,0.7282,1066.81,560.95,0.8008,1054.37,581.85,0.8161
385,bottom,0,1105.22,530.05,1196.28,752.19,1182.75,550.01,0.8428,1187.09,547.84,0.5952,1183.29,547.84,0.5784,1174.07,551.64,0.6973,1187.63,553.81,0.7327,1157.80,568.99,0.6972,1181.12,585.80,0.7283,1130.14,572.79,0.6131,1164.31,611.83,0.7362,1127.43,557.06,0.5462,1161.05,647.08,0.6856,1145.87,636.24,0.4190,1146.41,640.58,0.5769,1179.49,667.15,0.6306,1169.19,698.61,0.7297,1159.43,716.50,0.6371,1123.64,724.64,0.6750
386,top,1,1036.02,393.91,1116.42,589.83,1105.87,407.68,0.9061,1109.22,404.33,0.8276,1102.05,403.38,0.8218,1112.09,411.03,0.6878,1092.48,408.64,0.8476,1106.83,432.08,0.8859,1078.13,432.55,0.8442,1098.22,458.38,0.7605,1059.00,460.30,0.7841,1105.87,481.82,0.7671,1059.00,491.39,0.6960,1079.09,483.74,0.7298,1057.56,482.30,0.6696,1096.79,523.44,0.8280,1070.96,524.87,0.7161,1062.82,557.88,0.8111,1044.65,567.44,0.8277
386,bottom,0,1111.24,536.60,1196.35,758.20,1182.47,554.35,0.8534,1187.34,551.10,0.5932,1183.01,551.10,0.6108,1174.35,554.89,0.6709,1187.88,557.05,0.7701,1156.50,570.04,0.7235,1183.55,591.14,0.7370,1127.29,581.40,0.6588,1170.03,620.35,0.6848,1123.50,569.49,0.5293,1172.73,652.27,0.6220,1141.35,637.66,0.4845,1148.39,642.53,0.5942,1179.76,678.24,0.5396,1175.44,699.88,0.7551,1160.83,720.44,0.6078,1128.91,729.64,0.6587
387,top,1,1025.78,388.26,1115.13,586.17,1103.79,404.11,0.8393,1107.18,401.21,0.7536,1099.93,400.25,0.7820,1109.11,407.49,0.6792,1090.26,404.59,0.8426,1105.73,429.24,0.8498,1074.32,426.34,0.8198,1096.55,456.29,0.7473,1055.96,454.36,0.7627,1102.83,481.90,0.7261,1054.03,483.83,0.6417,1079.63,479.48,0.6896,1056.44,478.52,0.6150,1098.48,520.55,0.8164,1067.56,519.10,0.7542,1063.21,549.06,0.7375,1036.15,557.28,0.8086
387,bottom,0,1112.38,542.07,1196.07,765.02,1183.61,561.01,0.8808,1187.97,557.74,0.6125,1183.61,558.29,0.6327,1174.90,561.01,0.6563,1188.51,563.73,0.7871,1156.94,574.62,0.7405,1184.16,597.48,0.7676,1129.73,589.31,0.6146,1177.08,631.77,0.7212,1120.47,590.95,0.5297,1182.52,665.52,0.7086,1138.98,641.02,0.6081,1150.96,644.29,0.6599,1173.27,690.56,0.4913,1183.07,698.18,0.7588,1160.75,730.83,0.6382,1138.44,735.73,0.5920
388,top,1,1023.26,384.07,1114.58,582.00,1101.29,397.99,0.8184,1105.16,395.09,0.7792,1097.43,394.12,0.7991,1107.58,402.82,0.7334,1088.25,399.44,0.8538,1105.16,427.46,0.8106,1069.88,422.15,0.7581,1095.98,453.56,0.6976,1051.04,447.76,0.7487,1100.81,479.65,0.6967,1047.66,478.20,0.6716,1081.48,477.24,0.6326,1058.29,476.75,0.6039,1099.36,519.76,0.7770,1060.70,520.73,0.7189,1066.02,538.60,0.7078,1032.19,557.93,0.8386
388,bottom,0,1105.64,548.48,1207.56,767.86,1186.59,568.19,0.8293,1188.74,565.51,0.6432,1187.13,565.51,0.6902,1173.74,568.73,0.6240,1187.13,570.33,0.7910,1156.06,581.05,0.7467,1184.45,604.61,0.7904,1130.89,598.72,0.6956,1182.31,642.64,0.7409,1118.57,607.83,0.7056,1194.09,671.03,0.7103,1137.32,648.53,0.6547,1151.78,653.35,0.6638,1169.45,691.38,0.5734,1187.67,702.63,0.7461,1159.28,734.23,0.5893,1149.64,741.73,0.6271
389,top,1,1021.20,379.59,1114.72,582.63,1099.68,393.37,0.8724,1103.65,390.89,0.8476,1095.71,389.40,0.8560,1106.62,398.33,0.8184,1086.79,394.86,0.8915,1106.62,424.10,0.8120,1067.46,415.68,0.7274,1098.69,451.37,0.6516,1047.63,439.96,0.7309,1100.18,477.64,0.6000,1043.17,469.21,0.6869,1085.80,475.66,0.6020,1059.53,474.66,0.5990,1096.21,521.76,0.7752,1054.57,520.76,0.6970,1070.93,531.17,0.7175,1031.27,559.92,0.8126
389,bottom,0,1103.99,553.56,1215.89,778.54,1187.40,573.77,0.7960,1189.05,571.57,0.6042,1187.40,571.03,0.7053,1173.12,574.32,0.5853,1186.85,576.52,0.7159,1156.10,587.50,0.7217,1183.56,613.32,0.7390,1131.93,608.92,0.7096,1186.85,651.22,0.7443,1115.45,628.15,0.7772,1206.08,674.84,0.7329,1137.97,656.16,0.6687,1149.50,661.10,0.6633,1170.93,692.96,0.6088,1187.95,705.60,0.7693,1156.10,735.26,0.6956,1157.74,753.38,0.6897
390,top,1,1020.53,375.43,1116.26,581.16,1099.03,388.39,0.8369,1103.05,385.88,0.8252,1095.02,384.37,0.8130,1106.57,393.41,0.8137,1086.98,388.89,0.8678,1109.08,420.53,0.8034,1066.39,408.98,0.7361,1099.54,449.16,0.6201,1048.30,433.09,0.7318,1094.01,470.26,0.4526,1037.76,459.21,0.7143,1084.97,471.26,0.6358,1060.36,469.26,0.5952,1088.99,521.49,0.7370,1051.32,515.46,0.7072,1073.92,532.54,0.7693,1031.23,559.16,0.7980
390,bottom,0,1104.40,555.79,1218.83,786.82,1188.13,576.55,0.7330,1188.13,573.73,0.5393,1188.13,573.17,0.6936,1171.77,577.68,0.6219,1186.44,579.93,0.7204,1154.85,592.34,0.7544,1184.18,616.60,0.7623,1131.73,617.72,0.7440,1189.82,652.13,0.7919,1114.80,644.23,0.8079,1208.43,665.67,0.7238,1136.80,661.15,0.7104,1150.90,666.79,0.6853,1165.57,693.87,0.6552,1186.44,712.48,0.7820,1156.54,734.48,0.7589,1166.13,761.55,0.7502
391,top,1,1022.39,368.93,1119.62,580.49,1098.38,382.26,0.8176,1103.03,380.19,0.8208,1094.76,378.12,0.8050,1106.64,386.90,0.8279,1087.02,382.26,0.8453,1111.81,413.76,0.7984,1066.87,402.40,0.7504,1109.23,442.17,0.6908,1050.86,424.61,0.7146,1095.80,445.78,0.5039,1038.47,445.78,0.6920,1085.98,466.44,0.6242,1061.71,462.31,0.6051,1084.95,516.54,0.7166,1048.80,507.76,0.7217,1072.04,535.14,0.7363,1032.27,555.28,0.7633
391,bottom,0,1105.89,556.80,1215.59,785.89,1185.35,579.06,0.7571,1184.79,575.70,0.5337,1185.35,576.26,0.6880,1170.25,580.18,0.6967,1185.35,582.41,0.7447,1151.79,595.84,0.7951,1187.02,618.21,0.8003,1129.42,625.48,0.7739,1194.29,651.21,0.8485,1115.43,653.45,0.8178,1206.04,653.45,0.6618,1133.89,663.51,0.7416,1152.35,669.66,0.7201,1155.70,693.16,0.6377,1187.58,716.09,0.8329,1156.82,734.54,0.7936,1164.09,765.30,0.7787
392,top,1,1020.61,363.45,1123.70,564.33,1097.66,378.06,0.7990,1102.07,376.10,0.8005,1094.22,374.14,0.7821,1106.48,382.48,0.8004,1086.87,378.06,0.8062,1111.88,407.98,0.8019,1068.23,397.68,0.7567,1109.92,437.90,0.7486,1054.50,418.77,0.7228,1090.79,429.56,0.5858,1036.84,436.92,0.6965,1088.83,461.44,0.6653,1063.33,457.51,0.6428,1083.43,507.54,0.7047,1049.60,501.16,0.7139,1070.19,535.49,0.7263,1034.88,546.28,0.8096
392,bottom,0,1103.89,558.81,1204.63,785.37,1182.47,580.27,0.7601,1184.13,577.51,0.5527,1183.02,576.95,0.6104,1168.09,581.38,0.6794,1185.24,583.04,0.7850,1149.28,599.08,0.7589,1188.00,618.44,0.7689,1126.60,628.95,0.7485,1196.85,647.20,0.8155,1113.33,659.92,0.7623,1188.00,625.08,0.5708,1134.35,668.77,0.6820,1156.47,673.75,0.6769,1147.62,699.75,0.6555,1188.55,717.45,0.8185,1157.03,732.94,0.7430,1164.77,766.68,0.7623
393,top,1,1019.80,360.56,1120.83,560.27,1096.64,373.63,0.8016,1101.52,372.17,0.8063,1093.72,370.21,0.7935,1105.42,378.50,0.8433,1086.89,374.12,0.8385,1109.81,402.39,0.8291,1069.34,392.16,0.7824,1108.83,432.62,0.7954,1058.13,412.15,0.7439,1084.94,414.58,0.7079,1039.11,428.24,0.7077,1091.28,457.00,0.6833,1065.44,452.13,0.6686,1081.53,502.35,0.6983,1051.79,491.13,0.7102,1070.80,535.50,0.7745,1040.57,539.89,0.8306
393,bottom,0,1103.15,558.46,1204.03,785.09,1177.38,579.93,0.8125,1177.93,577.17,0.5409,1178.49,577.17,0.6445,1165.21,581.59,0.7098,1182.91,583.25,0.7877,1145.84,600.96,0.7616,1187.34,616.45,0.7996,1123.16,629.73,0.7452,1197.85,643.56,0.8133,1111.54,661.82,0.7739,1189.55,623.09,0.6038,1132.56,671.78,0.6787,1156.35,676.20,0.6667,1145.84,705.53,0.7084,1186.23,717.70,0.8029,1153.04,740.94,0.7590,1164.65,767.50,0.7551
394,top,1,1022.38,353.77,1114.87,558.29,1096.09,369.15,0.8246,1101.08,367.65,0.8044,1093.09,365.66,0.8205,1104.58,374.14,0.8543,1086.10,369.15,0.8570,1107.57,398.11,0.8399,1070.12,386.63,0.8198,1107.57,428.57,0.7940,1061.14,408.60,0.7451,1085.60,409.10,0.7424,1037.67,422.58,0.7454,1094.59,449.04,0.7027,1069.13,444.55,0.6735,1082.61,491.48,0.7061,1053.15,485.49,0.7080,1071.62,535.42,0.8099,1049.15,530.93,0.8095
394,bottom,0,1101.35,556.89,1202.69,785.19,1173.20,577.96,0.8055,1172.64,575.17,0.5427,1175.43,575.17,0.6642,1162.05,580.19,0.7038,1178.77,581.86,0.7780,1141.99,600.25,0.7594,1185.46,613.63,0.8015,1119.69,630.35,0.7594,1196.05,640.94,0.8033,1109.10,662.68,0.7631,1186.58,620.32,0.5903,1129.72,671.60,0.6866,1155.36,675.50,0.6463,1144.22,708.94,0.7535,1178.77,718.42,0.7987,1145.89,749.63,0.7786,1163.72,768.02,0.7604
395,top,1,1023.62,349.79,1114.90,553.94,1095.18,365.64,0.8315,1100.16,364.14,0.8167,1092.19,361.65,0.8411,1103.65,370.12,0.8756,1086.21,364.64,0.8598,1106.64,393.55,0.8496,1072.75,382.58,0.8355,1105.64,424.95,0.7722,1064.27,405.51,0.7289,1084.21,403.02,0.7455,1039.35,417.97,0.7632,1098.17,444.39,0.7195,1073.74,440.90,0.7006,1082.22,485.26,0.7695,1055.80,481.27,0.7457,1076.24,531.11,0.8241,1059.29,521.64,0.7996
395,bottom,0,1100.62,554.20,1199.72,785.12,1168.77,575.51,0.8058,1167.65,572.13,0.5787,1171.59,572.13,0.6654,1158.06,577.21,0.7041,1174.98,579.46,0.7873,1137.20,598.63,0.7663,1181.74,611.03,0.8100,1115.78,631.33,0.7648,1192.45,640.35,0.8341,1106.76,663.46,0.7401,1183.43,621.18,0.6564,1127.62,671.92,0.7013,1155.24,675.86,0.6446,1140.59,711.38,0.7933,1172.16,719.27,0.8219,1138.89,758.17,0.8298,1164.83,768.89,0.8108
396,top,1,1026.28,347.88,1116.67,547.31,1095.82,360.93,0.7996,1100.69,359.47,0.7849,1092.90,357.52,0.7891,1104.58,365.80,0.8399,1087.05,360.93,0.7894,1105.55,389.17,0.8598,1075.37,379.92,0.8357,1105.07,420.82,0.8146,1069.53,404.26,0.7270,1084.13,398.91,0.7560,1043.23,414.00,0.7566,1101.17,441.75,0.7686,1078.29,438.83,0.7609,1080.24,482.65,0.7844,1057.84,480.22,0.7778,1084.62,527.44,0.8174,1070.99,509.92,0.7953
396,bottom,0,1100.09,551.41,1196.37,788.04,1163.83,574.98,0.7982,1163.25,570.94,0.6049,1167.29,571.52,0.6270,1151.70,576.14,0.7703,1170.18,578.45,0.7822,1130.32,599.83,0.7763,1178.27,609.65,0.8344,1111.83,636.80,0.7711,1189.82,641.42,0.8509,1104.32,667.42,0.7034,1180.00,621.20,0.6265,1125.12,670.88,0.7416,1152.85,673.20,0.6670,1136.10,712.48,0.8431,1167.29,721.14,0.8243,1130.90,765.63,0.8774,1166.14,771.98,0.8598
397,top,4,1026.77,346.61,1120.43,541.99,1095.54,359.39,0.7586,1100.79,357.96,0.7482,1092.68,356.05,0.7353,1104.61,364.16,0.7987,1086.48,359.87,0.7245,1105.56,385.63,0.8260,1076.94,379.90,0.7568,1105.56,416.15,0.8084,1073.60,404.71,0.6666,1084.57,394.21,0.7588,1046.41,412.82,0.6824,1104.61,440.96,0.7505,1083.62,437.62,0.7508,1079.33,482.46,0.7178,1060.72,479.12,0.7308,1096.02,519.67,0.7702,1079.33,499.16,0.6622
397,bottom,0,1097.71,554.10,1197.52,795.51,1157.64,575.79,0.8046,1157.64,571.67,0.5678,1159.99,572.26,0.5282,1145.85,576.97,0.7758,1164.12,578.74,0.7595,1125.22,602.90,0.7917,1174.14,610.57,0.8329,1109.31,640.62,0.7814,1185.93,644.16,0.7614,1102.24,670.68,0.6877,1190.05,647.11,0.5444,1123.45,673.63,0.7283,1152.33,675.99,0.6693,1130.53,718.42,0.8097,1165.89,725.49,0.7970,1123.45,771.47,0.8468,1166.48,777.95,0.8409
398,top,4,1030.34,347.86,1121.57,541.80,1095.37,357.23,0.7710,1100.58,355.81,0.6955,1092.53,354.39,0.7026,1104.84,362.44,0.8076,1086.84,359.60,0.7121,1105.31,383.27,0.8569,1082.58,380.91,0.7692,1105.31,410.26,0.8109,1079.27,406.47,0.6495,1084.95,386.11,0.7725,1050.86,412.16,0.6511,1105.31,441.99,0.7416,1087.32,438.20,0.7448,1079.74,483.65,0.7189,1065.54,477.97,0.7531,1099.16,523.43,0.8045,1093.95,492.18,0.6386
398,bottom,0,1093.89,556.99,1196.72,806.12,1152.60,578.77,0.7259,1151.39,575.12,0.5169,1155.64,575.12,0.5507,1139.83,579.98,0.7665,1158.08,581.81,0.7802,1120.37,608.57,0.8156,1169.02,613.44,0.8156,1105.77,646.28,0.7866,1182.41,646.89,0.7354,1098.47,674.87,0.7393,1192.14,665.74,0.6462,1122.80,677.91,0.7271,1150.78,679.12,0.7029,1123.41,725.35,0.8034,1164.77,728.39,0.7930,1114.28,774.01,0.7891,1165.38,781.91,0.8425
399,top,3,1066.86,344.84,1123.68,541.91,1095.75,359.17,0.7905,1100.56,356.77,0.6480,1092.38,355.81,0.6663,1104.89,362.54,0.7106,1086.61,360.14,0.6913,1105.37,381.31,0.8647,1085.65,382.27,0.8159,1107.78,406.81,0.7957,1085.17,407.77,0.6318,1086.61,383.23,0.8062,1059.19,413.06,0.6470,1105.86,443.85,0.7200,1090.94,440.97,0.6749,1076.99,481.38,0.7251,1075.54,480.90,0.6960,1099.60,523.24,0.7214,1098.64,519.39,0.5784
399,bottom,0,1088.26,562.21,1194.01,815.74,1143.61,584.98,0.7816,1142.37,581.89,0.5357,1146.70,581.89,0.5320,1133.09,587.46,0.8049,1152.28,588.08,0.8167,1114.52,615.93,0.8199,1164.66,619.03,0.8086,1102.76,653.07,0.7906,1178.89,653.07,0.7632,1094.71,680.93,0.7646,1188.80,682.16,0.7282,1121.95,683.40,0.7122,1149.18,684.02,0.7117,1113.90,735.40,0.7953,1162.80,736.63,0.7548,1104.61,782.44,0.8091,1167.13,788.63,0.7937
400,top,4,1004.57,345.70,1125.62,543.69,1095.54,358.66,0.7091,1100.38,356.72,0.6279,1092.64,355.76,0.6381,1105.21,361.56,0.7122,1086.36,359.62,0.6672,1105.21,380.41,0.8361,1088.29,382.82,0.7616,1111.98,407.48,0.8103,1086.84,408.44,0.6547,1087.33,384.27,0.7650,1062.19,410.86,0.6067,1105.70,442.76,0.7558,1098.93,441.31,0.6441,1076.69,479.98,0.7262,1081.53,479.98,0.5977,1099.41,522.52,0.6338,1099.89,520.58,0.5665
400,bottom,0,1079.99,570.33,1188.65,824.54,1136.19,593.17,0.8038,1135.57,590.07,0.5502,1138.67,590.07,0.5632,1125.64,596.27,0.8302,1145.50,596.27,0.8284,1109.50,626.06,0.8348,1159.77,626.06,0.8327,1099.57,662.06,0.7934,1174.67,662.06,0.7838,1089.02,685.64,0.7566,1182.73,692.47,0.7432,1118.81,693.09,0.7244,1147.98,693.09,0.7284,1105.15,746.47,0.8024,1159.77,747.09,0.8132,1095.84,786.81,0.7864,1170.94,798.60,0.8591
401,top,4,1006.85,342.90,1128.30,541.12,1094.20,357.80,0.7164,1099.03,356.35,0.6605,1092.26,354.42,0.6638,1104.36,361.19,0.6893,1087.42,359.25,0.6726,1105.81,380.55,0.8187,1091.29,382.00,0.7275,1115.97,407.65,0.7927,1088.87,407.17,0.6333,1089.84,388.29,0.7471,1065.16,409.59,0.6262,1108.23,442.49,0.7448,1102.91,440.56,0.6417,1080.64,478.31,0.7196,1093.71,472.50,0.5587,1098.55,520.89,0.7649,1114.04,487.50,0.6550
401,bottom,0,1065.27,578.82,1181.13,832.82,1129.40,601.02,0.8074,1128.78,597.30,0.5922,1131.88,597.30,0.5476,1118.86,603.50,0.8161,1138.08,604.12,0.8238,1103.98,635.13,0.8337,1153.59,632.65,0.8554,1094.06,671.10,0.8018,1166.61,667.37,0.8203,1081.65,690.32,0.7498,1174.67,698.38,0.7342,1117.62,701.48,0.7219,1145.52,700.86,0.7332,1096.54,757.91,0.8103,1157.31,752.33,0.8070,1085.99,797.60,0.8279,1169.71,803.18,0.8540
402,top,3,1012.17,340.27,1134.01,540.59,1095.10,353.86,0.6908,1100.48,352.40,0.6471,1092.65,350.44,0.6393,1105.86,357.29,0.6833,1088.25,354.84,0.6599,1107.32,377.34,0.8281,1092.65,378.32,0.7041,1120.04,403.75,0.7610,1091.67,402.77,0.5188,1092.16,386.14,0.7361,1065.26,399.84,0.5003,1111.24,437.98,0.7726,1106.35,437.01,0.6820,1088.74,476.13,0.7357,1092.65,472.71,0.6084,1099.01,520.15,0.7745,1116.62,489.83,0.7087
402,bottom,0,1059.92,584.11,1180.35,844.89,1120.77,606.27,0.7393,1119.50,602.45,0.5439,1123.95,602.45,0.5078,1111.22,609.45,0.8022,1130.32,609.45,0.8149,1096.58,641.28,0.8225,1146.87,638.10,0.8474,1086.39,678.21,0.8298,1155.79,673.75,0.8239,1074.93,692.85,0.7264,1162.79,706.22,0.6989,1111.86,710.68,0.7029,1140.51,709.41,0.7012,1090.85,766.07,0.8058,1154.51,753.34,0.7887,1079.39,806.82,0.8107,1169.79,803.64,0.8297
403,top,1,1053.50,332.27,1135.17,539.48,1097.87,347.34,0.7058,1103.44,345.32,0.6009,1095.34,344.31,0.6072,1109.00,350.88,0.6438,1091.30,348.86,0.5938,1109.00,370.11,0.8162,1094.84,370.61,0.7483,1125.19,394.90,0.7636,1090.29,389.33,0.5574,1098.89,377.70,0.6402,1067.01,381.24,0.7260,1113.56,429.80,0.7273,1107.49,428.79,0.6135,1095.34,467.75,0.7754,1096.36,465.22,0.5942,1100.40,514.79,0.8207,1116.59,490.00,0.7296
403,bottom,0,1056.25,587.15,1179.93,851.01,1114.87,610.21,0.6688,1111.65,606.34,0.5048,1118.09,606.34,0.5234,1103.92,612.79,0.7655,1122.60,612.14,0.7892,1087.82,643.71,0.8117,1137.42,641.78,0.7976,1076.86,680.43,0.7669,1143.22,675.92,0.7616,1067.85,699.11,0.6435,1149.01,711.99,0.6341,1103.92,715.86,0.6969,1133.55,713.92,0.6712,1087.82,769.97,0.7831,1151.59,755.15,0.7817,1074.93,815.71,0.7834,1169.63,803.47,0.7994
404,top,3,1059.88,321.79,1137.39,532.09,1100.18,335.55,0.6995,1104.80,334.01,0.6053,1099.67,332.47,0.5865,1111.47,339.14,0.6330,1096.58,336.57,0.5634,1114.04,358.14,0.8133,1100.18,359.16,0.7774,1127.90,377.65,0.7770,1091.96,374.05,0.5991,1107.37,359.68,0.5457,1071.43,362.24,0.7481,1113.53,421.29,0.7801,1116.09,420.26,0.6489,1097.61,459.28,0.7759,1102.75,458.26,0.6435,1111.47,502.92,0.8164,1118.15,492.14,0.7764
404,bottom,0,1046.90,593.27,1176.28,855.61,1104.55,614.28,0.7131,1101.98,611.07,0.5512,1106.47,611.07,0.5513,1094.94,616.84,0.7830,1114.15,616.84,0.8038,1077.65,647.58,0.8284,1128.24,645.66,0.8327,1066.12,683.45,0.7884,1132.73,680.88,0.7811,1057.15,707.79,0.7558,1137.85,713.55,0.6704,1097.50,719.31,0.6997,1124.40,717.39,0.6769,1082.77,776.96,0.7868,1146.82,761.59,0.7684,1073.16,826.91,0.8020,1166.03,800.01,0.7479
405,top,3,1082.54,307.32,1139.50,522.50,1104.72,327.18,0.5830,1108.39,324.02,0.5124,1104.19,324.02,0.5580,1113.65,329.80,0.5724,1101.56,328.23,0.5170,1119.95,348.19,0.6414,1100.51,348.71,0.6565,1132.04,352.39,0.5935,1090.01,345.56,0.3601,1117.85,331.38,0.5852,1078.97,336.11,0.3295,1118.38,409.66,0.7167,1114.17,408.60,0.5592,1100.51,447.48,0.7053,1106.29,448.01,0.6242,1119.43,487.41,0.7142,1116.80,485.31,0.6787
405,bottom,0,1037.64,600.67,1170.29,860.16,1096.36,620.81,0.7193,1094.46,617.65,0.5052,1098.90,617.65,0.5669,1086.86,623.35,0.7631,1105.87,623.35,0.7894,1069.12,653.76,0.8095,1120.44,652.49,0.8148,1055.82,689.87,0.7919,1125.51,687.33,0.7815,1043.78,719.64,0.7753,1132.47,721.54,0.6748,1088.76,724.08,0.6880,1115.37,720.91,0.6729,1077.36,782.36,0.7933,1137.54,763.99,0.7608,1074.19,834.94,0.7976,1158.45,804.53,0.7402
406,top,1,1088.35,280.23,1146.69,490.38,1113.42,308.86,0.6961,1117.52,306.30,0.6049,1111.88,306.30,0.6518,1123.68,311.43,0.6158,1109.31,310.91,0.6256,1125.73,328.87,0.7087,1105.72,329.90,0.7407,1139.07,326.82,0.6721,1090.84,326.82,0.5938,1130.86,307.84,0.7261,1089.30,304.76,0.5291,1119.57,392.49,0.7113,1108.80,391.46,0.6230,1102.13,435.07,0.7618,1113.42,437.64,0.7397,1127.78,463.29,0.7475,1115.47,478.17,0.7652
406,bottom,0,1026.06,604.41,1158.88,856.78,1088.77,627.08,0.8252,1088.77,624.00,0.5474,1090.62,624.00,0.5538,1078.91,629.54,0.8029,1098.63,629.54,0.8101,1061.66,659.74,0.8361,1113.42,657.89,0.8285,1048.72,695.47,0.8097,1120.81,692.39,0.8156,1035.78,728.13,0.8177,1128.82,724.43,0.7371,1079.53,727.51,0.7252,1107.87,725.05,0.7056,1071.52,783.58,0.8091,1129.44,768.18,0.8127,1072.75,835.34,0.8385,1145.46,815.62,0.8097
407,top,,,,,,,,,,,,,,,,,,,,,,,,,,,,,,,,,,,,,,,,,,,,,,,,,,,,,,,,
407,bottom,,,,,,,,,,,,,,,,,,,,,,,,,,,,,,,,,,,,,,,,,,,,,,,,,,,,,,,,
408,top,,,,,,,,,,,,,,,,,,,,,,,,,,,,,,,,,,,,,,,,,,,,,,,,,,,,,,,,
408,bottom,,,,,,,,,,,,,,,,,,,,,,,,,,,,,,,,,,,,,,,,,,,,,,,,,,,,,,,,
409,top,,,,,,,,,,,,,,,,,,,,,,,,,,,,,,,,,,,,,,,,,,,,,,,,,,,,,,,,
409,bottom,,,,,,,,,,,,,,,,,,,,,,,,,,,,,,,,,,,,,,,,,,,,,,,,,,,,,,,,
410,top,,,,,,,,,,,,,,,,,,,,,,,,,,,,,,,,,,,,,,,,,,,,,,,,,,,,,,,,
410,bottom,,,,,,,,,,,,,,,,,,,,,,,,,,,,,,,,,,,,,,,,,,,,,,,,,,,,,,,,
411,top,,,,,,,,,,,,,,,,,,,,,,,,,,,,,,,,,,,,,,,,,,,,,,,,,,,,,,,,
411,bottom,,,,,,,,,,,,,,,,,,,,,,,,,,,,,,,,,,,,,,,,,,,,,,,,,,,,,,,,
412,top,,,,,,,,,,,,,,,,,,,,,,,,,,,,,,,,,,,,,,,,,,,,,,,,,,,,,,,,
412,bottom,,,,,,,,,,,,,,,,,,,,,,,,,,,,,,,,,,,,,,,,,,,,,,,,,,,,,,,,
413,top,,,,,,,,,,,,,,,,,,,,,,,,,,,,,,,,,,,,,,,,,,,,,,,,,,,,,,,,
413,bottom,,,,,,,,,,,,,,,,,,,,,,,,,,,,,,,,,,,,,,,,,,,,,,,,,,,,,,,,
414,top,,,,,,,,,,,,,,,,,,,,,,,,,,,,,,,,,,,,,,,,,,,,,,,,,,,,,,,,
414,bottom,,,,,,,,,,,,,,,,,,,,,,,,,,,,,,,,,,,,,,,,,,,,,,,,,,,,,,,,
415,top,,,,,,,,,,,,,,,,,,,,,,,,,,,,,,,,,,,,,,,,,,,,,,,,,,,,,,,,
415,bottom,,,,,,,,,,,,,,,,,,,,,,,,,,,,,,,,,,,,,,,,,,,,,,,,,,,,,,,,
416,top,,,,,,,,,,,,,,,,,,,,,,,,,,,,,,,,,,,,,,,,,,,,,,,,,,,,,,,,
416,bottom,,,,,,,,,,,,,,,,,,,,,,,,,,,,,,,,,,,,,,,,,,,,,,,,,,,,,,,,
417,top,,,,,,,,,,,,,,,,,,,,,,,,,,,,,,,,,,,,,,,,,,,,,,,,,,,,,,,,
417,bottom,,,,,,,,,,,,,,,,,,,,,,,,,,,,,,,,,,,,,,,,,,,,,,,,,,,,,,,,
418,top,,,,,,,,,,,,,,,,,,,,,,,,,,,,,,,,,,,,,,,,,,,,,,,,,,,,,,,,
418,bottom,,,,,,,,,,,,,,,,,,,,,,,,,,,,,,,,,,,,,,,,,,,,,,,,,,,,,,,,
419,top,,,,,,,,,,,,,,,,,,,,,,,,,,,,,,,,,,,,,,,,,,,,,,,,,,,,,,,,
419,bottom,,,,,,,,,,,,,,,,,,,,,,,,,,,,,,,,,,,,,,,,,,,,,,,,,,,,,,,,
420,top,,,,,,,,,,,,,,,,,,,,,,,,,,,,,,,,,,,,,,,,,,,,,,,,,,,,,,,,
420,bottom,,,,,,,,,,,,,,,,,,,,,,,,,,,,,,,,,,,,,,,,,,,,,,,,,,,,,,,,
421,top,,,,,,,,,,,,,,,,,,,,,,,,,,,,,,,,,,,,,,,,,,,,,,,,,,,,,,,,
421,bottom,,,,,,,,,,,,,,,,,,,,,,,,,,,,,,,,,,,,,,,,,,,,,,,,,,,,,,,,
422,top,1,1077.99,332.64,1208.57,480.83,1175.16,350.20,0.7497,1178.98,345.95,0.6961,1171.76,346.38,0.7394,1182.81,348.08,0.7357,1165.81,348.50,0.7710,1191.73,366.36,0.7998,1151.35,365.93,0.7199,1203.21,388.46,0.8586,1136.90,385.91,0.7590,1193.86,405.46,0.8407,1127.98,405.89,0.7265,1173.88,410.14,0.7285,1148.38,406.31,0.6332,1185.78,439.46,0.7090,1124.15,435.64,0.6435,1184.93,464.54,0.8369,1094.40,459.02,0.7117
422,bottom,0,863.24,729.53,1088.46,918.33,1063.83,753.55,0.9467,1065.29,749.15,0.6771,1063.83,747.68,0.7440,1046.23,752.08,0.6590,1053.56,753.55,0.7235,1022.04,770.41,0.7741,1043.30,774.07,0.8524,1022.04,806.33,0.5828,1012.51,781.41,0.8762,1055.76,828.33,0.5290,1028.64,818.80,0.7477,979.51,822.46,0.7619,998.58,822.46,0.6636,938.46,859.12,0.8079,1058.69,838.59,0.8885,882.74,884.78,0.8663,1060.16,897.24,0.9010
423,top,1,1083.02,341.40,1205.46,501.18,1172.53,356.73,0.8467,1176.12,353.14,0.8219,1169.35,353.14,0.8066,1180.90,356.33,0.8196,1162.57,356.73,0.8121,1190.47,374.26,0.8301,1148.22,373.86,0.7374,1197.64,399.37,0.8464,1137.86,390.20,0.7192,1186.48,412.13,0.7811,1131.88,408.54,0.6943,1173.73,414.12,0.7162,1147.43,411.33,0.6314,1190.07,443.21,0.6437,1127.90,442.42,0.6374,1185.69,465.13,0.7683,1104.78,472.31,0.7076
423,bottom,0,866.08,734.57,1108.84,921.66,1085.45,759.36,0.8845,1085.45,754.62,0.7770,1083.08,753.83,0.7982,1071.23,758.57,0.6798,1069.64,759.36,0.8393,1053.05,776.75,0.7306,1056.21,776.75,0.8407,1069.64,809.15,0.6743,1018.28,784.65,0.8531,1093.35,836.02,0.7626,1026.18,819.42,0.8255,993.78,819.42,0.7587,1006.43,821.79,0.7274,947.16,858.14,0.7337,1064.11,841.55,0.8519,887.10,879.48,0.8048,1064.11,901.61,0.8578
424,top,1,1091.08,344.26,1205.48,504.46,1166.27,358.26,0.8317,1169.40,355.13,0.8040,1162.75,355.13,0.8543,1175.27,358.26,0.8172,1157.28,358.26,0.8292,1185.04,377.43,0.8128,1143.59,375.47,0.7202,1188.56,404.41,0.7725,1134.20,392.29,0.7016,1174.88,411.06,0.6523,1126.38,412.23,0.7056,1167.83,417.32,0.6572,1142.80,415.75,0.6294,1185.43,447.04,0.6137,1127.16,448.22,0.6918,1185.83,465.82,0.7200,1106.04,486.15,0.7407
424,bottom,0,872.88,739.93,1158.74,924.38,1104.21,767.95,0.8986,1103.28,764.22,0.8044,1101.42,764.22,0.8292,1091.19,766.09,0.6605,1089.33,767.95,0.8035,1080.95,785.63,0.7180,1065.13,781.90,0.8187,1113.52,812.61,0.6624,1026.05,787.49,0.8653,1133.99,834.95,0.6650,1027.91,822.85,0.8054,1009.30,816.33,0.7332,1020.46,818.20,0.7594,960.91,855.42,0.8087,1072.58,844.25,0.8308,896.70,869.38,0.7934,1066.06,903.81,0.8479
425,top,1,1089.42,344.66,1205.01,506.43,1157.49,358.40,0.8631,1161.04,355.24,0.8287,1153.93,355.24,0.8028,1166.17,358.40,0.7779,1148.01,358.01,0.7942,1177.23,377.75,0.8068,1136.16,374.59,0.7498,1180.79,406.98,0.7846,1128.26,393.55,0.7205,1163.02,406.58,0.6199,1119.18,414.88,0.7129,1166.96,418.83,0.6734,1140.11,417.25,0.6410,1179.60,450.42,0.6038,1122.73,448.05,0.6751,1184.74,463.46,0.7201,1106.14,485.97,0.7268
425,bottom,0,890.11,750.47,1203.12,923.96,1119.98,780.15,0.9229,1121.00,774.04,0.8271,1116.92,775.06,0.8339,1111.83,780.15,0.6556,1102.66,778.12,0.8768,1107.75,797.48,0.7661,1076.16,788.31,0.7515,1142.40,823.97,0.8064,1034.39,790.34,0.8510,1179.08,841.29,0.7703,1027.26,824.99,0.7983,1024.20,813.78,0.6864,1032.35,814.80,0.7480,979.37,857.59,0.7889,1078.20,846.39,0.8281,916.19,858.61,0.7781,1066.99,901.41,0.8355
426,top,0,1084.56,342.56,1205.28,507.07,1146.53,358.15,0.8493,1150.55,354.93,0.8145,1142.92,354.53,0.7974,1156.17,357.34,0.8112,1137.29,356.54,0.7309,1167.01,378.23,0.7352,1128.46,375.42,0.6846,1175.05,406.34,0.7554,1120.42,395.50,0.6742,1154.56,404.74,0.5567,1105.16,420.00,0.6631,1165.01,420.40,0.5939,1138.90,417.99,0.5807,1177.86,453.74,0.6214,1115.20,448.11,0.7073,1187.90,461.77,0.6405,1103.96,488.28,0.7571
426,bottom,1,908.45,764.51,1219.28,923.61,1136.71,792.45,0.9246,1135.70,787.40,0.8503,1132.67,787.40,0.8619,1128.62,792.45,0.6012,1117.49,789.42,0.8659,1119.51,805.61,0.7845,1091.18,793.47,0.7132,1152.90,830.90,0.8016,1046.66,789.42,0.6809,1194.39,846.08,0.7481,1025.41,812.69,0.5358,1041.60,812.69,0.7043,1043.62,809.66,0.7542,999.10,860.25,0.8124,1084.10,845.07,0.7421,939.41,850.13,0.7212,1066.90,899.71,0.7545
427,top,0,1079.79,345.84,1196.73,507.52,1136.68,360.36,0.7844,1140.63,356.81,0.7422,1132.73,356.81,0.7282,1146.55,359.57,0.7263,1127.60,359.97,0.7335,1158.00,378.52,0.7206,1120.89,376.55,0.6807,1171.42,404.97,0.7401,1111.81,397.07,0.6717,1145.36,408.91,0.5709,1095.23,422.73,0.7012,1161.94,420.36,0.5990,1137.07,417.60,0.5685,1172.60,453.12,0.6377,1110.63,449.57,0.7059,1185.23,457.07,0.7242,1101.94,488.65,0.7590
427,bottom,1,939.46,769.34,1220.77,924.27,1142.38,801.93,0.8832,1143.30,798.27,0.7991,1138.72,797.36,0.8113,1137.80,800.10,0.5830,1123.15,798.27,0.8224,1133.23,812.01,0.8048,1097.51,795.52,0.7519,1160.70,840.39,0.8581,1056.31,784.54,0.7774,1196.41,862.37,0.7815,1019.68,798.27,0.8139,1059.97,810.18,0.6436,1055.39,807.43,0.6858,1026.09,862.37,0.7883,1089.27,847.72,0.6882,972.98,843.14,0.7002,1068.21,899.00,0.7518
428,top,0,1080.30,347.79,1188.29,506.66,1128.48,362.84,0.7903,1131.97,359.35,0.7584,1124.60,358.96,0.7811,1137.79,362.06,0.7329,1119.56,362.06,0.7745,1150.20,380.29,0.7243,1112.96,381.07,0.7123,1169.98,402.79,0.7705,1102.49,403.95,0.7178,1148.26,418.30,0.6189,1087.75,428.78,0.6744,1157.96,422.57,0.6085,1133.13,419.85,0.6092,1166.10,462.13,0.7154,1106.37,451.27,0.7206,1180.07,449.33,0.7594,1101.71,489.67,0.7657
428,bottom,1,978.35,769.03,1213.58,923.39,1144.21,806.39,0.8586,1144.97,802.56,0.7186,1139.61,801.80,0.7872,1144.21,803.33,0.5461,1126.60,798.73,0.8246,1144.21,815.58,0.8526,1102.86,793.37,0.7476,1165.65,850.04,0.8802,1063.81,779.59,0.7734,1194.74,882.20,0.9184,1023.22,781.89,0.8570,1079.89,810.99,0.6189,1066.87,804.86,0.7133,1057.68,863.82,0.8112,1094.44,846.97,0.7737,1010.97,836.25,0.8111,1070.70,896.75,0.8497
429,top,0,1078.49,353.48,1181.51,507.10,1121.00,367.28,0.7648,1124.37,363.53,0.7110,1117.25,364.28,0.7647,1130.00,366.53,0.7191,1112.75,368.41,0.7075,1143.88,382.66,0.7206,1106.37,386.04,0.7258,1166.75,401.41,0.7983,1095.12,411.92,0.7101,1157.38,425.04,0.6601,1079.74,443.79,0.6144,1154.75,423.54,0.5949,1130.37,420.92,0.6355,1158.88,470.42,0.7340,1103.75,453.92,0.7298,1175.01,452.42,0.7260,1101.12,490.68,0.7613
429,bottom,1,1004.45,762.15,1200.45,924.38,1150.30,806.26,0.8343,1152.22,801.79,0.6967,1147.11,801.79,0.7583,1149.03,803.07,0.5718,1132.44,799.24,0.8010,1151.58,819.02,0.8212,1110.74,792.22,0.7454,1166.26,859.21,0.8018,1072.46,774.99,0.7362,1187.95,895.58,0.8497,1032.26,769.89,0.8246,1099.26,810.72,0.6070,1078.20,798.60,0.7245,1094.79,853.47,0.5811,1099.26,845.18,0.7185,1046.94,837.52,0.6596,1071.82,894.95,0.8168
430,top,0,1079.69,355.10,1178.57,506.45,1115.82,370.55,0.8174,1119.52,366.85,0.7535,1112.13,367.22,0.7991,1125.43,369.81,0.7294,1106.96,370.55,0.7101,1138.36,385.33,0.6576,1101.41,390.50,0.7269,1164.23,401.22,0.7942,1091.81,416.74,0.6901,1164.23,431.89,0.7074,1081.09,444.45,0.5777,1152.41,428.19,0.5857,1128.02,424.50,0.6161,1153.14,476.97,0.7756,1103.26,456.64,0.7150,1170.51,458.12,0.6863,1101.41,491.38,0.7730
430,bottom,1,1016.35,749.63,1193.49,926.20,1155.67,806.77,0.8656,1158.55,803.31,0.7061,1152.78,801.58,0.7605,1159.13,806.77,0.4177,1138.37,801.58,0.5125,1157.97,816.58,0.8850,1122.22,790.05,0.7998,1163.74,858.09,0.8778,1081.85,764.10,0.8026,1177.58,904.23,0.8949,1042.07,757.18,0.9401,1121.07,807.35,0.7637,1092.81,793.51,0.7604,1132.02,854.06,0.7773,1102.61,842.52,0.7586,1089.35,841.37,0.3224,1074.36,890.96,0.8248
431,top,0,1077.51,358.15,1183.57,505.31,1114.37,374.24,0.8688,1117.96,370.65,0.7919,1110.78,371.37,0.8275,1124.07,373.16,0.7397,1105.39,374.60,0.7466,1137.72,388.25,0.6567,1098.20,394.36,0.7520,1163.95,398.67,0.8169,1089.58,421.67,0.6396,1174.01,428.13,0.6926,1079.88,450.77,0.5503,1149.94,430.65,0.6220,1125.87,427.06,0.6624,1150.30,477.72,0.7562,1101.80,463.70,0.7275,1168.26,471.61,0.7793,1101.08,491.73,0.7646
431,bottom,1,1026.41,744.10,1183.45,925.94,1160.65,805.89,0.7646,1164.74,801.80,0.7162,1156.56,799.75,0.7292,1165.25,801.80,0.6144,1148.89,796.17,0.6455,1165.25,816.11,0.7246,1127.94,782.88,0.6597,1163.72,856.49,0.7692,1095.22,755.79,0.6900,1170.87,900.46,0.8159,1058.93,752.72,0.7998,1134.58,803.33,0.6962,1109.02,792.09,0.7293,1157.58,840.14,0.4998,1106.47,838.60,0.6902,1160.65,835.54,0.2076,1078.35,888.70,0.7525
432,top,0,1078.28,360.79,1192.10,513.85,1116.51,375.29,0.8599,1120.24,371.56,0.8288,1113.14,372.30,0.8256,1126.60,374.55,0.8083,1107.54,374.92,0.7530,1139.68,389.12,0.5994,1098.95,395.84,0.7387,1163.59,393.60,0.7361,1090.35,424.62,0.6682,1178.54,419.39,0.7558,1081.76,452.27,0.6857,1147.90,432.84,0.6149,1123.98,431.72,0.5954,1147.15,473.19,0.6967,1100.44,472.07,0.6529,1171.06,490.38,0.7423,1101.56,491.50,0.7659
432,bottom,3,1050.49,739.08,1222.06,923.53,1161.97,802.82,0.6488,1165.88,800.03,0.6122,1160.85,798.35,0.5934,1169.79,801.15,0.5772,1157.50,796.12,0.5079,1175.37,811.20,0.7608,1137.39,780.48,0.7013,1169.79,854.21,0.6825,1109.47,749.20,0.7898,1174.25,898.89,0.7609,1078.19,755.35,0.7318,1155.82,801.71,0.6865,1123.99,791.65,0.8010,1183.75,842.48,0.7110,1111.14,840.24,0.8325,1192.69,862.03,0.6206,1080.98,883.25,0.8505
433,top,0,1079.01,360.51,1201.37,526.06,1121.19,375.38,0.8567,1124.42,371.74,0.8436,1117.15,372.15,0.8188,1130.49,374.17,0.8218,1111.89,375.78,0.7954,1143.42,388.31,0.6159,1102.19,396.80,0.7615,1165.25,393.16,0.7464,1092.49,426.31,0.6654,1183.03,417.41,0.7555,1083.60,454.20,0.6785,1144.23,433.18,0.6275,1119.57,434.79,0.6491,1149.89,467.94,0.6553,1099.77,476.02,0.6008,1171.31,503.91,0.7397,1098.96,490.98,0.7365
433,bottom,1,1071.26,740.57,1265.31,920.43,1168.29,798.91,0.5526,1172.08,797.65,0.4746,1167.02,795.75,0.5297,1174.60,798.28,0.5137,1163.23,791.96,0.5452,1184.08,808.39,0.6633,1146.81,775.54,0.7231,1179.66,851.34,0.6662,1125.96,749.64,0.7531,1182.81,896.19,0.7650,1102.59,757.85,0.6950,1176.50,800.18,0.7151,1141.76,795.75,0.7523,1204.29,839.97,0.7630,1121.54,841.24,0.8205,1236.51,867.13,0.7635,1087.43,877.87,0.8346
434,top,1,1078.53,359.58,1203.35,535.57,1125.04,375.82,0.8724,1128.91,371.95,0.8267,1121.61,372.38,0.8366,1134.93,375.39,0.8157,1116.02,376.68,0.8067,1149.11,390.43,0.6543,1104.85,398.59,0.7785,1168.01,399.02,0.7327,1094.97,426.09,0.7023,1185.63,420.93,0.7530,1084.66,453.16,0.6614,1140.94,436.40,0.6521,1115.16,439.41,0.6675,1154.26,471.63,0.6733,1100.55,481.09,0.6575,1173.17,515.46,0.7614,1092.39,493.55,0.6745
434,bottom,0,1080.50,751.86,1293.42,910.74,1168.94,795.25,0.4511,1174.48,793.18,0.3981,1167.55,791.10,0.4215,1179.33,794.56,0.4830,1164.08,786.24,0.4118,1193.89,808.42,0.6552,1155.77,773.08,0.6707,1191.81,847.93,0.6324,1142.60,755.05,0.7136,1195.97,890.90,0.6640,1128.74,766.84,0.7129,1195.97,803.57,0.7141,1159.93,798.72,0.7233,1226.46,849.32,0.7567,1135.67,843.08,0.7936,1268.74,873.58,0.7491,1100.32,871.50,0.8012
435,top,1,1075.94,361.08,1196.77,542.62,1127.05,377.83,0.8528,1130.60,374.28,0.8161,1123.06,374.28,0.8626,1137.69,376.94,0.8292,1118.18,378.27,0.7923,1150.54,395.12,0.6555,1106.66,400.43,0.7546,1170.49,410.63,0.7329,1096.91,428.80,0.7128,1186.89,433.68,0.7245,1086.27,454.51,0.6861,1139.02,441.66,0.6380,1111.98,443.87,0.6730,1154.53,479.33,0.6813,1100.01,487.75,0.6662,1174.48,520.99,0.7425,1092.03,500.16,0.5283
435,bottom,0,1096.16,757.84,1309.79,912.03,1170.99,791.12,0.6242,1176.55,787.65,0.6066,1167.51,786.26,0.6297,1184.20,789.04,0.6370,1161.95,782.08,0.5871,1200.89,807.12,0.7220,1160.56,775.13,0.7234,1205.76,848.15,0.6689,1154.99,768.18,0.6149,1212.71,891.96,0.7175,1143.17,786.26,0.6646,1210.63,810.60,0.6827,1176.55,806.42,0.7125,1241.92,857.88,0.7610,1148.74,846.06,0.7910,1292.69,879.44,0.7750,1118.14,867.62,0.8087
436,top,0,1068.16,362.70,1188.95,544.66,1126.77,382.60,0.8800,1130.77,378.16,0.8422,1122.78,378.60,0.8526,1137.88,380.83,0.8340,1118.33,382.16,0.8013,1150.76,400.82,0.7131,1106.78,404.82,0.7342,1168.53,419.48,0.7246,1096.57,432.80,0.7387,1180.97,439.91,0.6963,1081.91,456.35,0.7329,1136.55,446.57,0.6562,1110.34,448.35,0.6520,1150.76,484.33,0.6976,1097.90,497.66,0.6868,1175.20,523.87,0.7551,1099.68,497.66,0.5795
436,bottom,1,1107.30,752.50,1314.24,914.24,1171.70,780.83,0.6849,1175.07,778.81,0.6222,1170.35,778.13,0.6818,1187.19,781.50,0.6560,1169.00,778.13,0.5898,1202.69,801.71,0.6848,1170.35,783.52,0.7322,1216.83,843.47,0.6707,1163.62,788.24,0.7032,1233.00,886.59,0.6871,1151.49,803.73,0.7529,1224.24,815.86,0.7372,1191.91,813.16,0.7413,1249.17,866.38,0.7541,1160.25,848.19,0.7710,1297.67,880.52,0.7616,1138.02,869.75,0.7966
437,top,0,1064.95,369.27,1187.28,544.18,1124.41,387.54,0.8804,1128.68,383.70,0.8306,1120.99,383.70,0.8384,1136.37,386.69,0.8390,1116.72,387.97,0.7708,1150.03,407.61,0.7334,1105.19,409.75,0.7305,1166.68,429.82,0.7184,1094.09,436.65,0.7318,1177.36,455.44,0.6446,1077.44,457.57,0.6864,1134.66,453.30,0.6592,1107.33,454.16,0.6589,1151.31,491.31,0.6507,1094.94,502.84,0.6821,1174.37,525.04,0.8009,1096.23,507.54,0.5658
437,bottom,1,1113.21,747.54,1311.86,903.39,1171.15,779.55,0.6889,1174.38,776.96,0.6365,1169.21,775.67,0.6634,1187.32,776.96,0.6367,1168.56,773.08,0.5694,1198.96,800.24,0.6249,1179.56,776.32,0.6415,1222.24,838.39,0.5728,1176.97,794.42,0.6582,1244.87,872.67,0.4484,1162.74,811.23,0.7056,1230.64,813.82,0.7216,1200.90,810.59,0.6261,1248.75,870.73,0.6863,1166.62,846.15,0.6993,1294.66,880.43,0.7320,1142.70,871.37,0.8040
438,top,1,1049.93,377.54,1188.27,545.15,1120.00,392.44,0.8997,1123.61,388.39,0.8712,1116.40,388.84,0.8786,1131.71,391.09,0.8717,1112.35,392.89,0.7257,1146.57,413.16,0.7414,1101.54,415.41,0.7144,1161.89,435.68,0.7559,1088.93,441.08,0.7463,1169.54,458.19,0.6720,1069.57,458.19,0.7024,1132.16,461.79,0.6546,1104.69,460.44,0.6226,1151.98,497.37,0.6449,1090.28,500.07,0.6511,1173.59,525.29,0.7740,1092.08,512.23,0.7175
438,bottom,0,1111.12,739.36,1312.53,900.42,1168.55,771.37,0.7167,1171.18,767.44,0.6625,1166.59,766.78,0.6649,1182.98,768.75,0.6612,1167.90,764.16,0.5663,1194.12,793.67,0.5976,1184.29,772.03,0.5918,1219.69,823.17,0.4545,1186.26,790.39,0.4759,1239.36,853.33,0.3820,1171.83,804.16,0.5358,1230.18,813.34,0.6474,1202.65,810.71,0.5617,1249.85,871.69,0.6983,1158.72,841.53,0.6636,1296.40,880.21,0.7326,1142.98,870.38,0.7906
439,top,1,1044.63,381.64,1187.79,546.92,1112.48,397.64,0.8424,1116.68,393.44,0.7808,1109.69,393.91,0.8039,1124.60,396.24,0.8029,1105.96,397.64,0.7178,1140.45,416.28,0.7636,1095.71,419.54,0.7392,1157.22,439.11,0.7850,1083.12,444.71,0.7394,1161.42,458.69,0.7228,1060.29,459.62,0.6511,1128.33,466.61,0.6752,1100.37,463.81,0.6605,1148.37,500.63,0.6545,1082.66,493.64,0.7183,1173.53,526.26,0.7649,1080.79,525.33,0.8109
439,bottom,0,1111.65,731.99,1312.77,901.37,1162.45,759.72,0.7134,1166.38,755.80,0.6642,1161.80,755.14,0.6342,1179.48,757.76,0.6239,1165.73,754.49,0.5659,1191.26,784.60,0.5821,1176.86,766.27,0.5850,1220.07,817.34,0.4635,1189.95,763.65,0.3331,1248.22,845.49,0.4370,1186.02,808.17,0.1679,1225.96,808.17,0.6095,1198.46,807.52,0.5403,1245.60,865.79,0.6669,1153.29,833.71,0.7080,1295.36,879.53,0.7043,1142.81,868.40,0.8111
440,top,0,1040.96,384.86,1188.14,552.50,1102.10,400.65,0.7886,1106.41,396.34,0.7345,1099.70,396.81,0.7724,1115.99,399.21,0.7835,1097.31,400.65,0.6384,1133.24,419.33,0.7070,1087.72,424.12,0.7311,1150.97,441.37,0.7412,1074.31,450.47,0.7009,1152.40,458.62,0.6255,1048.92,461.97,0.6070,1124.62,470.12,0.6441,1095.39,467.72,0.6322,1147.61,505.57,0.6487,1075.75,493.12,0.7220,1173.48,527.61,0.7270,1065.69,532.88,0.8065
440,bottom,1,1116.41,721.56,1312.98,906.38,1157.75,749.34,0.7497,1162.23,746.14,0.6969,1156.47,745.50,0.6676,1173.10,750.62,0.7318,1159.67,747.42,0.5607,1183.98,780.70,0.6717,1175.66,760.22,0.6546,1215.33,810.77,0.5908,1194.22,755.74,0.4576,1246.69,831.88,0.5266,1194.86,760.86,0.3196,1219.17,805.65,0.6138,1191.66,803.09,0.5753,1246.69,863.24,0.6908,1146.87,826.12,0.7751,1297.24,877.95,0.7386,1144.95,867.08,0.8365
441,top,1,1022.66,386.16,1187.83,558.86,1091.27,404.76,0.7534,1095.57,400.46,0.7254,1088.58,400.46,0.7733,1105.78,402.07,0.7891,1086.43,404.22,0.6590,1123.52,420.35,0.7212,1078.90,426.81,0.7412,1143.42,439.71,0.6864,1063.85,455.30,0.6662,1144.49,449.39,0.6069,1036.43,463.90,0.6265,1117.07,474.12,0.6724,1088.58,470.89,0.6561,1143.96,507.99,0.6406,1066.00,495.09,0.7501,1169.23,527.88,0.7370,1052.02,538.10,0.7979
441,bottom,0,1115.99,710.15,1311.37,905.80,1146.90,734.83,0.8170,1151.99,731.02,0.7199,1147.54,731.02,0.6535,1162.80,737.38,0.7529,1151.99,734.83,0.5382,1174.25,772.99,0.7346,1172.34,746.28,0.7447,1206.68,797.80,0.5838,1194.60,740.56,0.6675,1235.30,816.24,0.4391,1193.33,743.10,0.3544,1209.86,802.89,0.6466,1185.70,800.34,0.6074,1241.66,856.95,0.6773,1138.63,821.33,0.8047,1297.63,877.93,0.7534,1147.54,870.30,0.8341
442,top,1,1011.57,390.97,1187.78,562.89,1077.88,408.09,0.8099,1082.47,403.51,0.7414,1075.58,404.08,0.8068,1093.36,405.80,0.7832,1073.86,407.52,0.6584,1112.29,423.01,0.7404,1068.70,431.04,0.7850,1134.09,439.07,0.6958,1054.36,459.15,0.7410,1138.68,452.84,0.6706,1028.55,468.90,0.6589,1108.85,476.93,0.7011,1080.17,475.78,0.6959,1138.11,511.35,0.6721,1055.51,501.02,0.7724,1165.07,529.13,0.7399,1037.72,542.90,0.8120
442,bottom,0,1116.80,698.96,1307.30,905.82,1138.25,724.25,0.8257,1141.97,719.91,0.7432,1138.25,719.29,0.6674,1153.14,726.11,0.7392,1143.83,723.01,0.6309,1163.68,762.70,0.7266,1160.58,737.90,0.7528,1195.92,783.17,0.6097,1186.62,732.94,0.6461,1225.07,801.15,0.5053,1190.34,721.77,0.5236,1200.27,800.53,0.6637,1175.46,797.43,0.6714,1233.13,852.62,0.6878,1132.05,821.61,0.7975,1292.04,876.19,0.7759,1147.55,873.08,0.8298
443,top,1,1007.39,394.31,1186.54,573.16,1064.89,413.75,0.8506,1068.97,409.09,0.7937,1061.39,409.67,0.8339,1080.64,410.25,0.8189,1059.64,412.59,0.6912,1101.05,427.75,0.6890,1057.89,436.50,0.7841,1124.96,440.58,0.5979,1042.73,464.49,0.7228,1133.71,452.24,0.5815,1017.65,473.82,0.6539,1099.30,480.82,0.6866,1071.89,481.99,0.7060,1131.38,514.64,0.6147,1048.56,509.40,0.6981,1158.78,531.56,0.6987,1028.15,546.72,0.8203
443,bottom,0,1114.92,686.22,1297.03,904.16,1130.09,714.56,0.8600,1133.06,710.41,0.7224,1130.09,709.82,0.6751,1140.17,715.75,0.7578,1138.39,713.38,0.6647,1150.84,751.32,0.7851,1154.99,727.60,0.7927,1182.26,774.44,0.6826,1177.52,721.68,0.7531,1211.90,792.22,0.5573,1181.67,702.11,0.7144,1186.41,795.78,0.6375,1168.63,794.00,0.5542,1219.61,849.73,0.5910,1128.91,819.49,0.5908,1280.08,872.26,0.5978,1146.10,871.66,0.6101
444,top,1,982.98,401.70,1176.22,580.28,1050.03,419.91,0.8053,1053.81,415.51,0.7450,1048.78,415.51,0.7762,1065.76,416.77,0.8012,1048.78,419.28,0.6461,1087.78,433.12,0.7082,1047.52,442.56,0.7970,1112.31,443.19,0.6190,1032.42,468.98,0.7266,1130.55,455.77,0.6058,1007.89,479.04,0.6011,1087.15,487.22,0.7347,1060.10,488.48,0.7732,1117.34,517.41,0.6638,1041.23,520.56,0.7703,1148.16,535.03,0.7497,1021.73,557.67,0.7929
444,bottom,0,1114.37,671.91,1276.88,899.08,1121.31,704.52,0.8696,1124.08,700.08,0.7061,1121.86,699.53,0.5787,1129.63,706.74,0.7669,1131.84,703.96,0.6320,1141.27,743.34,0.7988,1146.82,720.60,0.8424,1170.67,769.41,0.6491,1168.45,715.61,0.7644,1198.40,793.26,0.3558,1169.00,691.76,0.7150,1180.65,789.37,0.7443,1159.02,789.93,0.7713,1200.62,850.38,0.7846,1126.30,820.43,0.8597,1261.07,866.46,0.8119,1146.82,873.12,0.8641
445,top,1,993.33,410.54,1163.59,590.80,1038.56,429.73,0.8202,1041.33,424.74,0.7774,1035.78,425.85,0.7531,1052.97,424.74,0.8382,1035.78,429.73,0.7113,1074.03,439.70,0.6585,1036.34,451.34,0.7906,1099.52,448.02,0.5518,1020.82,473.51,0.6840,1123.91,455.78,0.5062,1006.41,484.60,0.5103,1079.01,495.68,0.7188,1052.97,497.90,0.7434,1107.28,523.39,0.6111,1036.34,528.38,0.7579,1134.44,539.47,0.6848,1021.37,569.40,0.7755
445,bottom,0,1109.75,663.68,1254.61,898.68,1114.48,695.69,0.8818,1116.20,691.10,0.7105,1115.06,690.53,0.5732,1121.37,698.56,0.7759,1127.11,695.69,0.5093,1134.56,735.85,0.8086,1139.73,716.35,0.7959,1162.10,766.26,0.6650,1160.96,710.04,0.7294,1183.90,794.95,0.6225,1152.92,684.22,0.6079,1173.00,784.05,0.7329,1153.50,784.62,0.7210,1179.89,846.58,0.8187,1125.96,819.62,0.8773,1240.13,862.65,0.7947,1147.19,873.55,0.8920
446,top,2,959.14,418.47,1153.80,596.61,1026.06,437.84,0.8484,1029.86,433.40,0.7846,1024.79,432.77,0.7978,1041.90,435.30,0.8075,1024.79,437.20,0.6657,1064.08,449.24,0.7285,1025.42,463.18,0.8159,1091.96,453.68,0.5407,1001.98,485.36,0.6910,1123.01,460.02,0.3940,977.27,498.03,0.5840,1071.05,503.74,0.7712,1045.07,505.00,0.7948,1101.46,535.42,0.6890,1026.69,530.35,0.7833,1124.27,544.29,0.7164,1014.65,576.61,0.8197
446,bottom,0,1101.88,663.89,1235.14,900.63,1108.40,688.05,0.8285,1109.56,684.58,0.7010,1108.98,684.58,0.5879,1114.76,692.09,0.7590,1119.96,690.36,0.5221,1126.90,727.35,0.7802,1132.10,714.63,0.6878,1152.33,759.14,0.7172,1152.91,711.74,0.4256,1167.36,791.51,0.6662,1130.94,774.17,0.3188,1167.36,777.64,0.6997,1146.55,778.21,0.5803,1161.00,842.37,0.7633,1122.85,816.36,0.7984,1218.22,865.49,0.7393,1145.39,870.11,0.7940
447,top,0,941.85,428.05,1143.66,598.22,1013.19,448.75,0.8339,1017.79,443.50,0.7837,1011.88,444.15,0.7853,1030.27,444.81,0.8494,1012.53,448.10,0.6165,1051.95,456.64,0.7384,1013.19,475.03,0.7978,1078.23,459.92,0.5786,988.88,495.40,0.7589,1115.68,462.55,0.5085,961.95,505.25,0.7921,1063.12,509.19,0.7710,1038.81,509.85,0.7567,1098.60,545.98,0.7106,1021.08,524.96,0.7897,1116.99,547.30,0.7290,1014.51,578.83,0.8396
447,bottom,1,1094.25,661.00,1211.42,905.60,1100.29,682.98,0.8642,1101.48,679.99,0.7305,1100.29,679.99,0.6763,1105.06,687.16,0.7593,1112.83,684.77,0.6230,1119.40,722.99,0.7895,1125.96,703.28,0.7096,1142.68,755.23,0.7082,1146.86,708.66,0.6391,1151.04,787.48,0.6265,1126.56,715.22,0.3128,1159.41,773.75,0.7103,1143.88,772.55,0.5580,1143.88,837.05,0.7473,1117.60,812.56,0.8016,1194.04,872.28,0.7315,1142.68,865.71,0.7292
448,top,0,933.22,437.16,1136.86,597.38,1004.55,458.27,0.8334,1007.86,452.97,0.8093,1001.90,454.30,0.8069,1019.79,452.97,0.8473,1001.90,458.27,0.6379,1041.67,462.91,0.7027,1004.55,482.80,0.7655,1063.55,469.54,0.4907,981.35,504.01,0.7269,1106.63,469.54,0.2596,953.50,514.62,0.7049,1058.24,513.96,0.7214,1033.71,515.28,0.6978,1088.74,554.39,0.7187,1015.82,524.56,0.7683,1107.30,551.08,0.7011,1014.49,578.26,0.8314
448,bottom,1,1086.06,658.29,1186.50,914.58,1091.85,683.19,0.8196,1093.73,678.81,0.6729,1091.85,679.44,0.6252,1098.74,686.95,0.7096,1104.37,683.19,0.5844,1112.50,723.24,0.7565,1117.51,706.34,0.6664,1135.03,757.65,0.6945,1138.16,712.60,0.5154,1140.03,792.69,0.6382,1119.39,768.29,0.3879,1150.67,770.79,0.7147,1137.53,770.17,0.5852,1130.02,830.86,0.7098,1110.00,809.59,0.7443,1169.44,882.80,0.7183,1136.28,862.77,0.7706
449,top,1,943.04,441.47,1125.52,596.36,998.05,461.89,0.8262,1001.61,457.14,0.7866,995.67,457.73,0.8143,1012.90,457.14,0.8550,995.08,461.89,0.7850,1034.88,466.64,0.7264,998.05,486.24,0.7874,1063.39,469.61,0.6833,977.85,511.79,0.7150,1096.06,472.58,0.6784,954.09,523.67,0.7192,1053.29,514.16,0.7109,1030.12,514.76,0.6911,1081.80,556.34,0.7492,1010.52,525.45,0.7770,1099.62,549.80,0.7280,1014.08,578.32,0.8050
449,bottom,0,1079.75,660.90,1161.36,921.75,1082.98,684.97,0.8076,1085.53,681.15,0.6814,1082.98,680.51,0.6141,1091.26,689.43,0.7348,1097.63,684.97,0.5404,1105.27,725.09,0.7705,1110.37,710.44,0.6677,1126.29,763.30,0.7331,1126.92,737.19,0.4642,1126.92,802.78,0.6972,1116.10,780.50,0.3685,1144.12,774.13,0.7247,1130.11,772.22,0.5603,1119.28,833.99,0.6995,1101.45,807.24,0.6935,1147.30,892.58,0.7718,1123.74,862.01,0.7375
450,top,1,936.21,439.86,1113.76,597.44,992.62,461.43,0.8865,996.08,456.23,0.8662,990.30,457.38,0.8584,1007.07,456.23,0.8723,989.73,460.85,0.7460,1030.18,466.63,0.7313,991.46,489.17,0.8142,1059.66,471.25,0.7420,974.70,518.07,0.8181,1090.87,475.30,0.7575,952.74,536.56,0.8374,1048.68,512.87,0.7613,1024.98,514.02,0.7272,1071.22,557.95,0.8111,1007.07,525.00,0.8144,1086.25,547.55,0.7599,1013.42,577.60,0.8100
450,bottom,0,1071.18,662.98,1151.12,926.91,1075.71,686.69,0.8315,1077.64,682.83,0.7191,1075.71,682.83,0.6248,1082.80,691.20,0.7184,1091.18,688.63,0.5693,1096.33,726.64,0.7463,1105.35,709.24,0.6983,1113.73,767.24,0.7120,1128.55,718.91,0.6013,1113.08,805.90,0.6634,1104.06,774.33,0.3384,1135.64,779.48,0.7058,1126.62,775.61,0.5419,1108.57,838.76,0.6884,1091.82,803.97,0.6578,1131.77,900.62,0.7526,1109.86,858.74,0.7055
451,top,3,941.21,436.92,1096.15,599.23,988.42,458.05,0.8538,991.44,453.01,0.8374,985.90,453.52,0.8506,1004.05,453.01,0.8317,985.90,457.05,0.6811,1026.25,462.09,0.6883,988.92,480.75,0.7639,1054.49,468.65,0.6897,976.82,515.55,0.7594,1086.77,473.69,0.7590,959.67,543.80,0.7959,1043.39,507.99,0.7132,1019.18,509.50,0.6756,1062.56,551.87,0.7275,1004.05,525.64,0.7334,1074.67,547.33,0.7200,1012.63,579.10,0.7601
451,bottom,0,1063.30,667.24,1144.68,925.94,1071.15,692.38,0.8631,1071.78,687.96,0.7547,1071.15,687.96,0.6501,1075.57,695.54,0.7913,1087.57,693.01,0.6046,1087.57,730.90,0.7867,1102.09,713.85,0.7727,1100.83,771.33,0.6274,1126.09,730.27,0.6571,1098.94,803.54,0.5346,1100.83,767.54,0.4514,1124.83,789.01,0.7202,1124.83,783.96,0.6044,1097.67,845.85,0.7370,1082.52,802.91,0.6056,1129.88,904.59,0.7764,1097.04,858.48,0.5697
452,top,1,972.29,429.00,1075.02,598.40,986.85,449.18,0.8809,989.74,444.22,0.8201,983.95,445.87,0.8584,1000.08,444.63,0.8328,981.89,449.60,0.6777,1021.17,454.97,0.7095,984.37,474.82,0.8035,1051.78,461.59,0.6614,980.65,505.43,0.6198,1081.56,466.55,0.6850,972.37,540.58,0.6135,1038.54,500.88,0.6525,1014.56,503.77,0.6524,1054.67,548.44,0.7269,1002.56,525.69,0.6807,1060.05,548.03,0.6127,1012.90,579.04,0.7808
452,bottom,0,1036.27,677.58,1152.72,928.90,1063.82,697.09,0.8438,1064.43,693.41,0.7548,1065.66,694.03,0.6067,1065.05,702.00,0.7707,1080.39,699.55,0.5421,1077.93,739.43,0.7876,1095.11,720.41,0.7689,1080.39,784.22,0.7155,1125.79,739.43,0.5867,1053.39,810.60,0.6772,1144.81,750.47,0.6392,1117.20,797.72,0.7572,1115.36,789.13,0.5946,1093.27,854.78,0.7695,1071.80,803.24,0.6694,1130.70,906.32,0.8011,1080.39,856.01,0.7345
453,top,1,975.12,426.09,1058.07,598.29,983.80,439.88,0.8160,986.75,434.83,0.7524,980.86,436.52,0.8054,996.42,435.26,0.8153,979.18,440.72,0.7177,1016.60,447.03,0.6904,981.28,466.37,0.7649,1045.60,451.65,0.5653,981.28,497.90,0.6252,1077.14,456.70,0.4405,977.50,532.37,0.6256,1035.09,494.53,0.6411,1010.71,497.90,0.6394,1049.81,540.78,0.6128,1000.62,525.22,0.6509,1046.87,545.82,0.6137,1012.39,577.36,0.7389
453,bottom,0,998.18,679.50,1177.28,928.30,1055.54,706.10,0.8836,1056.14,701.85,0.7150,1056.75,702.46,0.6577,1059.18,710.35,0.8088,1073.15,709.14,0.6381,1065.86,745.59,0.7887,1088.34,727.36,0.8023,1056.75,783.85,0.6960,1119.92,743.76,0.7124,1024.56,802.68,0.7700,1150.30,753.48,0.7932,1110.81,802.68,0.7804,1105.95,793.57,0.5907,1089.55,859.78,0.7846,1060.40,805.72,0.7715,1130.25,905.95,0.8636,1067.08,851.89,0.7780
454,top,1,972.23,414.82,1056.21,596.19,980.57,430.23,0.8268,983.67,425.80,0.7836,977.47,427.57,0.8259,993.41,426.69,0.8281,976.14,432.89,0.7342,1013.78,438.20,0.6735,977.47,456.80,0.7763,1041.67,442.63,0.5526,981.45,489.12,0.6907,1071.78,446.17,0.4591,981.45,522.78,0.6951,1030.60,488.24,0.6492,1004.92,492.22,0.6407,1047.43,538.27,0.6788,998.28,524.11,0.6722,1034.59,544.92,0.6904,1012.01,576.80,0.7221
454,bottom,0,973.62,686.15,1173.77,928.75,1046.98,708.42,0.8127,1048.29,704.51,0.7191,1049.59,703.86,0.6663,1051.54,713.63,0.7265,1063.27,711.02,0.6627,1051.54,745.55,0.7584,1082.16,730.57,0.7608,1028.09,778.13,0.7061,1116.04,744.25,0.7088,996.81,784.65,0.8154,1150.57,750.77,0.8456,1099.10,804.84,0.7271,1099.76,797.03,0.6192,1086.72,860.22,0.7655,1048.29,805.49,0.7165,1129.73,905.83,0.8021,1051.54,849.80,0.7406
455,top,1,969.69,408.86,1054.00,596.76,979.27,421.62,0.8315,982.49,416.57,0.7998,975.60,418.41,0.8431,992.12,417.49,0.8373,973.77,422.99,0.7653,1010.47,429.87,0.6739,976.06,445.01,0.7430,1040.74,434.00,0.5122,980.19,478.04,0.6178,1075.15,437.67,0.5284,982.03,509.23,0.6014,1026.52,484.46,0.6314,999.46,488.59,0.6320,1042.12,533.54,0.6812,995.33,523.45,0.6572,1033.86,546.39,0.7343,1007.26,574.83,0.7203
455,bottom,0,963.49,680.14,1167.26,929.43,1039.50,702.64,0.7543,1040.17,699.32,0.6652,1043.48,698.66,0.6219,1042.16,708.60,0.7593,1055.42,707.28,0.7445,1034.86,737.79,0.7592,1072.01,727.18,0.7433,1006.34,764.32,0.6918,1106.50,739.12,0.7238,977.15,769.63,0.7003,1143.65,743.10,0.7969,1083.95,800.14,0.6611,1091.91,793.51,0.6507,1084.61,859.84,0.7593,1040.83,801.47,0.7707,1129.72,905.61,0.7644,1033.53,855.20,0.7756
456,top,2,966.46,396.87,1086.67,593.81,978.96,414.08,0.9091,982.33,409.27,0.9137,975.60,410.72,0.8453,990.98,410.24,0.8675,973.67,415.52,0.7666,1009.25,424.18,0.6983,972.23,436.68,0.8093,1037.62,426.58,0.5426,978.48,466.01,0.6300,1068.39,427.54,0.5891,980.89,495.82,0.4901,1019.83,479.47,0.6680,992.91,483.80,0.7009,1037.62,527.07,0.6554,989.06,520.34,0.7189,1034.74,546.30,0.7513,999.64,569.86,0.7725
456,bottom,0,956.12,675.09,1160.83,927.63,1033.82,696.07,0.7478,1033.16,693.41,0.6556,1037.15,693.41,0.6407,1033.16,701.40,0.8107,1046.48,700.74,0.7833,1021.83,726.06,0.8045,1063.81,720.06,0.7775,993.84,752.71,0.7173,1098.46,731.39,0.7258,968.52,760.71,0.8066,1134.44,734.72,0.7765,1063.81,792.69,0.6774,1077.80,787.36,0.6804,1081.13,854.67,0.7300,1032.49,796.69,0.7677,1125.78,901.31,0.7453,1027.83,856.00,0.8048
457,top,1,961.11,392.76,1080.33,587.20,979.42,408.33,0.9012,982.74,403.58,0.8717,976.10,405.01,0.8686,991.29,404.53,0.8398,973.25,409.28,0.7907,1009.80,418.30,0.6908,968.03,430.64,0.8073,1035.43,421.62,0.5684,973.25,458.65,0.6487,1062.02,423.05,0.6358,978.94,485.23,0.4633,1014.07,475.74,0.6541,987.01,479.06,0.6605,1032.11,516.09,0.6729,984.17,516.09,0.7062,1034.48,547.42,0.7624,991.29,565.46,0.7906
457,bottom,0,948.11,666.89,1147.27,926.81,1026.29,687.28,0.7799,1024.35,685.34,0.6551,1028.89,684.69,0.6435,1022.40,692.47,0.8540,1036.67,691.17,0.7616,1009.44,718.40,0.8569,1054.82,713.21,0.8285,984.15,747.57,0.7669,1090.47,728.13,0.7903,958.87,762.49,0.8366,1123.54,728.13,0.8036,1045.09,787.77,0.7232,1062.60,783.23,0.7720,1069.08,848.71,0.7357,1022.40,795.55,0.7998,1112.52,891.50,0.7915,1028.24,854.54,0.8344
458,top,1,956.18,389.61,1066.32,585.99,979.61,402.45,0.8640,983.44,398.14,0.8368,975.77,399.10,0.8308,991.11,399.58,0.8344,971.94,403.41,0.8174,1007.90,413.48,0.6903,965.22,425.95,0.7970,1030.43,419.72,0.5137,966.66,451.84,0.6234,1050.57,420.67,0.5788,970.50,478.69,0.4271,1006.94,471.98,0.6745,980.57,474.85,0.6775,1027.07,511.77,0.6745,981.05,514.65,0.6755,1031.87,547.25,0.7601,979.61,565.47,0.7519
458,bottom,0,940.68,661.43,1125.89,914.00,1015.40,684.12,0.8597,1013.55,681.66,0.6369,1016.64,681.66,0.6271,1009.85,687.82,0.7953,1025.27,687.21,0.7111,995.67,715.57,0.8671,1044.38,711.26,0.8324,973.47,747.64,0.8105,1080.77,727.90,0.8108,953.12,766.75,0.8300,1112.83,726.05,0.8121,1033.29,788.33,0.7559,1051.17,783.40,0.8190,1043.15,847.53,0.7777,1015.40,798.20,0.6773,1093.71,878.36,0.7979,1025.27,856.78,0.8223
459,top,1,951.24,383.57,1051.95,584.88,978.00,398.22,0.8352,981.93,393.80,0.8097,974.56,395.27,0.7924,989.31,396.25,0.8546,970.14,399.69,0.7877,1004.05,409.52,0.6874,961.29,424.27,0.7859,1021.74,417.88,0.4803,959.33,452.28,0.6930,1037.96,420.34,0.5303,958.34,480.79,0.6203,1000.12,469.48,0.6757,974.56,470.96,0.6919,1018.79,508.80,0.6910,978.00,510.77,0.7291,1023.71,547.14,0.7602,967.19,562.37,0.7318
459,bottom,0,937.61,659.05,1094.90,888.12,1004.51,680.75,0.9643,1002.83,678.51,0.6459,1004.51,677.95,0.6639,997.24,684.66,0.7420,1012.90,683.54,0.7129,982.70,713.74,0.8578,1030.80,707.03,0.8119,962.57,747.86,0.8104,1067.71,728.84,0.7931,945.79,773.58,0.8094,1082.25,726.04,0.5894,1019.05,781.97,0.7723,1039.18,776.38,0.8024,1012.34,844.61,0.7342,1012.34,822.24,0.4810,1069.38,859.71,0.6971,1019.05,860.82,0.5285
460,top,1,941.55,382.27,1039.03,574.12,974.83,396.70,0.8011,978.58,392.95,0.7629,971.09,393.42,0.7797,986.07,395.30,0.7764,966.87,398.11,0.7517,1000.12,407.94,0.6708,956.57,422.46,0.7732,1028.23,421.52,0.4910,952.35,451.50,0.7176,1027.29,422.46,0.5114,950.01,481.94,0.6869,995.44,468.83,0.6459,970.15,470.70,0.6567,1013.71,507.24,0.7304,972.02,510.52,0.7085,1011.37,543.30,0.7119,952.35,556.88,0.7272
460,bottom,0,932.24,656.62,1063.31,876.43,990.80,677.45,0.8875,989.19,675.30,0.5825,988.65,675.30,0.6517,983.82,681.20,0.6773,1000.46,680.67,0.6707,971.48,711.79,0.7817,1018.70,703.20,0.7573,953.23,747.21,0.7639,1052.51,725.74,0.7151,938.75,772.97,0.8074,1053.59,722.52,0.5315,1005.29,772.97,0.7016,1028.36,769.21,0.7874,986.51,835.22,0.7230,1007.97,808.39,0.5981,1033.19,843.80,0.6473,1024.61,855.61,0.6056
461,top,1,927.16,381.51,1028.29,582.38,971.35,396.61,0.7738,974.78,392.69,0.7691,967.43,393.67,0.7576,982.63,395.63,0.7475,963.01,398.08,0.7846,996.36,409.85,0.6699,951.73,423.09,0.7366,1021.86,425.05,0.5879,945.36,453.50,0.7115,1015.00,425.05,0.4655,938.00,484.89,0.6442,990.48,468.21,0.6302,966.44,469.68,0.6122,1008.13,508.92,0.7469,966.93,513.82,0.6878,990.97,532.95,0.7063,938.98,556.49,0.7262
461,bottom,0,924.40,654.32,1050.39,874.84,979.86,673.60,0.9141,978.24,672.52,0.5926,978.24,671.44,0.6412,971.78,678.44,0.6940,989.01,676.83,0.7123,959.94,709.67,0.8133,1007.85,698.36,0.7751,942.17,744.66,0.7786,1043.39,720.43,0.7992,929.25,768.35,0.8419,1023.47,711.82,0.5518,989.01,768.89,0.7489,1014.85,765.12,0.7972,961.55,817.34,0.7938,1000.85,805.49,0.7224,1006.78,836.72,0.7123,1023.47,856.64,0.7832
462,top,1,912.96,381.86,1019.38,582.69,967.64,399.41,0.8021,971.56,395.49,0.7683,963.72,395.98,0.7504,977.94,398.43,0.8096,958.82,399.41,0.7769,992.16,412.65,0.7082,947.05,424.91,0.7269,1014.22,432.75,0.7202,938.22,453.84,0.6783,1002.45,438.15,0.6615,930.38,483.74,0.6244,986.27,470.02,0.6293,962.25,471.98,0.6241,999.51,512.67,0.7549,961.27,518.07,0.6819,976.47,528.36,0.6987,927.93,556.80,0.7289
462,bottom,0,912.62,650.31,1040.42,874.94,966.65,670.49,0.9896,964.46,668.85,0.5683,965.55,668.30,0.6964,959.52,673.78,0.7249,975.97,673.24,0.6978,947.46,705.59,0.8694,994.07,694.08,0.8308,930.45,740.14,0.8360,1030.27,709.98,0.8004,917.84,763.18,0.9060,1029.72,708.88,0.4775,973.23,761.53,0.7878,999.56,759.34,0.8190,943.07,794.44,0.8697,994.62,805.95,0.8222,973.78,830.63,0.7620,1022.04,854.76,0.8738
463,top,0,903.14,386.92,1008.66,576.76,962.85,402.59,0.8237,967.03,398.88,0.8103,959.61,399.35,0.8020,973.51,402.13,0.7982,954.51,402.59,0.7893,987.88,417.89,0.7338,943.39,427.15,0.7124,1003.64,438.28,0.7308,932.26,456.82,0.6741,994.37,446.16,0.6571,923.00,484.63,0.6234,981.39,474.43,0.6593,957.76,475.82,0.6210,987.88,513.82,0.7210,952.66,521.70,0.6712,967.49,532.83,0.6948,917.90,558.32,0.6840
463,bottom,1,900.95,645.15,1029.39,874.32,951.74,665.74,0.9443,948.94,663.50,0.5728,951.74,662.94,0.6685,944.47,669.10,0.8079,961.81,667.98,0.6995,934.96,700.99,0.8658,979.72,688.68,0.8374,918.73,734.56,0.8118,1017.20,698.19,0.7507,905.86,756.38,0.8540,1016.08,695.95,0.4482,958.46,754.70,0.7444,984.75,754.70,0.7947,927.12,777.64,0.8170,989.23,805.61,0.8442,936.64,829.67,0.7977,1020.00,851.49,0.9001
464,top,1,901.16,390.53,1002.43,578.11,960.04,405.55,0.8064,963.70,401.43,0.8045,956.37,402.34,0.7813,970.11,405.09,0.7873,950.88,405.55,0.7773,983.85,421.58,0.7341,939.43,429.82,0.7061,998.96,442.64,0.7535,926.61,459.13,0.6579,988.89,452.26,0.6896,915.62,489.35,0.5836,976.07,479.28,0.6161,950.88,480.19,0.5916,977.90,515.46,0.6051,944.93,525.53,0.6501,963.24,537.90,0.6749,914.70,558.05,0.6628
464,bottom,0,878.19,638.73,1025.58,872.90,934.73,659.77,0.8876,931.88,658.06,0.5948,936.45,657.49,0.6370,928.45,663.77,0.7961,945.60,662.06,0.6826,919.87,696.36,0.8970,965.61,680.93,0.8377,906.15,729.52,0.7675,1002.19,689.50,0.8223,895.29,748.96,0.8003,986.19,684.36,0.3794,942.74,750.10,0.7727,968.46,751.24,0.7911,907.87,763.25,0.8289,982.76,804.98,0.8820,905.58,821.56,0.8575,1014.20,846.14,0.8923
465,top,1,900.82,390.28,998.47,576.86,956.02,405.22,0.8239,960.12,401.58,0.8148,952.83,402.03,0.7891,966.50,405.68,0.8257,947.37,406.13,0.7800,979.25,422.53,0.7278,935.98,428.45,0.6946,994.28,442.57,0.7692,921.40,457.60,0.6715,984.72,456.69,0.6999,910.02,488.12,0.6191,969.23,480.38,0.6218,944.18,481.75,0.6046,970.60,518.64,0.5808,941.45,523.65,0.6830,961.94,538.68,0.6817,914.12,558.27,0.7001
465,bottom,0,849.61,635.68,1021.73,867.62,919.25,654.26,0.9234,916.42,651.99,0.6303,920.38,651.99,0.6154,913.02,657.66,0.8099,928.88,656.52,0.6563,902.83,690.50,0.9022,949.83,675.78,0.8333,893.20,723.34,0.7549,984.93,683.14,0.6784,884.14,742.03,0.7562,993.99,682.00,0.3808,926.61,744.86,0.7548,952.66,745.99,0.7784,889.80,759.58,0.8096,975.31,802.05,0.8815,873.95,808.85,0.8685,1007.02,841.12,0.8759
466,top,1,902.47,388.96,994.08,576.27,952.85,403.50,0.8280,956.51,399.84,0.8260,949.19,400.30,0.7968,963.37,403.04,0.8314,944.16,403.96,0.7902,974.34,419.96,0.7293,931.81,425.45,0.7017,990.35,440.54,0.7780,916.72,453.80,0.6901,982.12,457.00,0.6961,905.29,483.53,0.6349,961.54,477.13,0.6176,937.30,478.50,0.6046,964.28,509.60,0.5680,936.38,521.03,0.7064,961.99,537.95,0.7419,912.60,555.79,0.7557
466,bottom,0,827.04,633.05,1015.72,864.14,903.57,650.94,0.9351,901.11,649.10,0.5969,904.79,648.48,0.6233,898.04,656.47,0.7701,912.78,654.01,0.7033,888.21,690.25,0.8619,931.82,671.21,0.8504,879.00,719.73,0.7336,960.07,679.19,0.6515,869.78,736.31,0.6426,984.03,681.65,0.6141,910.94,741.84,0.7774,936.73,741.84,0.7927,874.70,762.11,0.7672,963.76,798.35,0.8341,851.36,795.89,0.8662,995.08,834.59,0.8295
467,top,1,896.77,385.80,987.72,577.56,948.33,401.16,0.8328,952.54,397.88,0.8542,945.05,398.35,0.8179,958.63,401.62,0.8632,939.90,402.09,0.8200,968.93,418.01,0.7387,926.79,423.63,0.7255,984.38,435.33,0.8147,911.34,451.72,0.7342,979.23,458.74,0.7793,901.04,480.28,0.7089,951.14,477.00,0.6577,928.67,477.00,0.6245,957.22,508.84,0.6239,931.47,517.26,0.7189,959.10,536.93,0.7676,908.07,552.38,0.7499
467,bottom,0,810.90,631.68,1001.67,840.77,887.65,651.15,0.9095,885.17,650.53,0.5604,888.90,649.29,0.5981,882.69,654.25,0.7594,897.59,651.77,0.7333,875.23,685.93,0.8941,919.95,671.64,0.8333,862.81,717.60,0.7164,956.59,681.58,0.7286,858.47,721.94,0.4582,975.84,679.72,0.5882,894.49,742.44,0.8126,919.95,742.44,0.7998,860.33,766.03,0.8160,951.00,795.22,0.8514,832.39,794.60,0.8793,978.94,830.00,0.7989
468,top,1,892.04,386.89,983.17,575.55,944.52,401.54,0.8056,948.66,398.32,0.8324,940.83,398.78,0.7894,954.65,402.46,0.8215,935.30,402.46,0.8110,963.86,418.58,0.7379,921.49,423.65,0.7241,978.14,434.24,0.7994,905.83,452.20,0.7394,975.37,459.57,0.7961,895.69,480.76,0.7030,943.59,475.23,0.6205,920.11,476.15,0.6069,952.35,507.47,0.6596,926.09,514.84,0.6987,950.04,535.11,0.6953,901.22,550.77,0.7414
468,bottom,0,798.17,632.38,991.63,855.33,874.74,652.54,0.8388,872.85,650.65,0.5231,877.89,649.39,0.5759,868.45,656.32,0.7416,884.19,653.80,0.7770,859.63,687.81,0.8298,901.82,675.84,0.7573,847.03,713.00,0.7317,935.83,685.29,0.6039,854.59,701.03,0.4069,966.69,683.40,0.6095,876.63,744.49,0.7283,903.08,745.12,0.7260,845.77,770.94,0.7574,935.83,791.09,0.8130,823.10,798.01,0.8045,961.65,828.24,0.8042
469,top,1,882.08,388.22,975.04,577.93,939.67,403.88,0.8172,942.92,400.64,0.8469,935.97,401.10,0.7767,949.40,404.34,0.7964,930.87,404.34,0.8083,959.13,420.09,0.7467,916.52,426.11,0.7173,970.24,435.37,0.7636,900.31,453.90,0.7258,971.17,462.24,0.7901,890.58,482.61,0.6896,934.58,475.20,0.6515,912.81,475.67,0.6341,948.47,508.55,0.7057,919.76,514.11,0.7118,936.90,534.95,0.6569,892.90,553.01,0.7380
469,bottom,0,786.98,635.64,974.94,843.49,860.15,656.36,0.8764,857.71,653.91,0.5544,862.60,653.91,0.5905,854.04,658.19,0.7785,870.56,656.97,0.7905,844.86,686.34,0.8603,888.30,679.61,0.7922,833.85,704.69,0.6196,925.62,690.01,0.7140,847.31,694.90,0.2087,957.44,685.11,0.7599,860.15,750.58,0.7747,888.30,749.97,0.7598,829.56,763.43,0.7732,922.56,794.63,0.8161,808.76,795.24,0.8294,947.04,827.67,0.8199
470,top,1,871.64,391.34,970.32,590.12,933.60,408.23,0.8542,937.48,404.35,0.8497,930.20,404.83,0.8017,944.27,408.72,0.8069,924.86,407.75,0.8215,953.01,423.76,0.7863,910.79,430.56,0.7480,960.77,438.32,0.6849,894.78,457.73,0.7186,963.20,467.44,0.7055,885.07,489.28,0.6583,928.26,478.11,0.6623,907.39,478.11,0.6527,943.30,512.57,0.7193,912.73,516.94,0.7161,920.98,535.86,0.6701,882.64,562.07,0.7519
470,bottom,0,787.62,639.05,971.94,851.61,844.98,660.13,0.8976,842.58,657.13,0.6041,844.98,657.13,0.5460,841.38,662.53,0.8125,858.18,661.33,0.7370,832.98,685.33,0.8645,874.38,681.13,0.7947,822.18,694.93,0.5432,910.98,693.13,0.6508,832.98,689.53,0.2527,948.78,690.73,0.6974,849.18,753.13,0.7290,877.98,754.33,0.6966,818.58,749.53,0.8059,911.58,798.73,0.7610,808.38,795.13,0.8561,937.98,831.73,0.7657
471,top,1,863.59,396.93,961.09,593.40,928.17,413.62,0.8660,932.01,410.27,0.8083,924.81,410.27,0.8104,938.25,414.10,0.7579,919.06,414.10,0.8191,946.40,428.97,0.8094,905.15,436.65,0.7976,952.16,445.28,0.6805,889.80,464.47,0.7352,955.51,473.10,0.6676,878.29,497.09,0.6807,921.46,481.74,0.7103,901.31,481.74,0.6826,935.37,517.71,0.7830,905.15,522.03,0.7363,908.51,541.22,0.7229,873.97,568.56,0.7815
471,bottom,0,786.88,643.62,961.13,848.78,836.00,664.52,0.9660,833.73,662.82,0.5873,836.00,662.25,0.5469,830.33,668.49,0.7472,846.78,666.79,0.7550,824.65,692.31,0.8810,863.23,684.94,0.8175,826.36,698.55,0.4805,897.26,695.72,0.6165,816.15,694.58,0.2317,934.13,698.55,0.6930,843.37,751.30,0.7642,870.60,751.87,0.7349,816.15,745.63,0.8383,900.66,800.08,0.7698,808.77,793.85,0.8470,927.32,829.58,0.7562
472,top,1,858.93,405.29,949.20,588.75,921.53,420.43,0.8503,925.11,416.84,0.7779,917.50,416.84,0.7898,931.83,420.43,0.7333,912.57,420.87,0.7901,937.66,435.65,0.8187,899.58,443.27,0.7850,942.58,457.60,0.7423,883.91,470.59,0.7293,947.06,484.03,0.7209,873.16,501.50,0.6849,914.36,487.61,0.6914,894.66,488.51,0.6537,926.46,523.44,0.7807,896.45,527.47,0.7244,898.69,547.63,0.7281,869.13,572.71,0.7859
472,bottom,0,786.54,645.84,950.45,850.35,826.88,665.93,0.9159,823.68,662.73,0.5466,825.28,663.26,0.5328,820.48,671.26,0.7343,836.49,667.53,0.7387,817.28,697.41,0.8560,856.76,684.60,0.8251,813.54,704.34,0.5257,886.64,696.87,0.6864,802.34,700.08,0.4025,922.39,704.88,0.7726,839.69,747.56,0.7275,866.36,747.56,0.7077,813.54,743.29,0.8249,891.98,798.78,0.7661,808.74,792.38,0.8323,919.19,827.60,0.7543
473,top,1,853.70,411.63,942.70,601.13,913.93,426.81,0.8381,918.09,422.64,0.7966,910.23,423.11,0.7879,925.03,426.81,0.7518,905.14,427.73,0.7775,930.58,440.69,0.8180,891.72,450.40,0.7513,933.36,463.82,0.6999,875.99,479.55,0.6692,937.52,493.43,0.6301,866.74,508.69,0.6303,907.91,493.89,0.6770,888.48,494.35,0.6516,920.87,528.59,0.7619,888.48,534.60,0.7004,897.27,549.87,0.6906,863.50,580.40,0.7714
473,bottom,0,782.54,648.37,945.13,850.02,821.49,667.69,0.9500,818.32,664.52,0.5930,819.38,665.05,0.5506,816.20,672.98,0.7447,831.02,669.28,0.7525,814.61,697.33,0.8518,851.13,684.63,0.7988,803.50,712.68,0.6439,878.65,697.33,0.6615,788.68,709.50,0.5807,909.88,710.56,0.6418,837.37,743.37,0.7394,863.30,743.90,0.7149,811.97,742.84,0.7908,888.71,794.71,0.7752,807.73,792.59,0.8349,915.17,828.05,0.7873
474,top,1,848.03,417.41,936.70,606.19,906.19,432.53,0.8602,909.88,428.38,0.8543,902.51,428.84,0.8159,916.33,432.99,0.7748,896.98,432.99,0.8210,922.33,447.73,0.8359,884.07,455.11,0.7656,926.01,468.01,0.7081,868.86,482.76,0.7411,929.24,490.14,0.6518,856.88,512.26,0.6928,903.43,499.82,0.6844,882.69,500.74,0.6696,922.33,532.08,0.7270,883.15,540.38,0.7105,898.36,549.59,0.6972,858.26,586.93,0.7936
474,bottom,0,771.75,649.28,943.79,849.95,818.57,666.73,1.0108,819.13,665.05,0.6938,814.65,665.61,0.5989,811.85,672.89,0.7651,827.53,669.53,0.7832,808.49,700.33,0.8360,848.81,682.97,0.8088,796.73,724.97,0.7596,874.01,698.65,0.7611,782.17,723.85,0.6719,903.13,717.13,0.7648,833.69,738.41,0.7008,860.01,738.97,0.7157,810.17,743.45,0.7928,887.45,789.94,0.7889,807.37,792.18,0.8184,912.10,826.90,0.8389
475,top,1,843.16,422.14,929.30,607.64,898.00,436.09,0.8544,902.53,432.47,0.8815,894.38,432.47,0.8248,908.87,437.00,0.8148,889.85,437.00,0.8247,915.21,453.75,0.7954,876.72,458.28,0.7530,921.10,478.21,0.6733,859.96,484.55,0.7334,924.27,505.38,0.6278,848.64,513.08,0.7210,896.64,503.12,0.6484,874.00,502.66,0.6394,917.93,537.99,0.7819,879.43,536.63,0.7214,898.91,551.12,0.6394,859.51,585.54,0.7437
475,bottom,0,771.40,648.28,941.51,848.41,816.59,666.39,1.0022,817.14,664.73,0.7388,813.26,665.28,0.6221,809.94,673.04,0.8102,825.45,669.16,0.8077,804.40,703.49,0.8331,847.60,682.45,0.8229,791.67,735.06,0.7437,871.96,701.28,0.7623,783.36,743.36,0.7379,897.99,721.77,0.8201,834.31,737.83,0.7058,860.89,737.27,0.7206,809.94,745.03,0.7621,888.57,786.00,0.8244,807.73,792.65,0.8205,909.62,825.32,0.8557
476,top,1,828.10,424.92,924.80,607.06,888.45,439.51,0.8291,892.90,435.50,0.8469,885.34,435.50,0.8113,899.57,438.62,0.8173,880.89,439.06,0.8014,907.13,456.40,0.7406,868.00,462.19,0.7127,913.80,471.52,0.5766,852.88,487.53,0.6951,916.91,479.53,0.5563,839.09,514.21,0.6950,892.01,506.65,0.6125,868.89,505.76,0.5891,907.57,541.34,0.7366,870.67,537.78,0.6890,896.90,553.35,0.6633,860.44,586.25,0.7053
476,bottom,0,775.17,645.71,935.20,843.78,815.08,664.52,0.9771,814.55,661.92,0.7023,811.95,662.96,0.6312,808.30,671.30,0.8172,824.45,666.61,0.8136,804.14,701.51,0.8089,846.33,680.15,0.7968,791.11,738.50,0.7053,869.25,700.99,0.7568,782.78,758.81,0.7359,893.74,722.35,0.7885,834.87,735.37,0.6655,861.96,733.81,0.6856,810.39,745.27,0.7157,889.05,781.21,0.7951,807.26,791.63,0.8038,907.28,823.41,0.8455
477,top,1,818.64,424.76,923.70,607.76,876.97,441.65,0.8610,881.44,438.08,0.8628,873.85,437.63,0.8403,889.04,441.20,0.8648,870.27,441.20,0.8015,898.87,458.18,0.7326,857.76,464.88,0.7197,908.25,469.80,0.6418,843.47,489.46,0.7214,914.50,478.73,0.5787,829.62,513.58,0.7222,885.91,510.01,0.6178,860.44,507.77,0.6076,897.97,547.09,0.6352,862.68,541.73,0.6640,897.97,554.24,0.6050,855.53,587.75,0.7394
477,bottom,0,779.19,643.66,932.80,840.59,815.49,663.12,0.9698,812.99,660.12,0.6698,813.49,660.62,0.6263,807.99,669.12,0.8433,825.49,664.12,0.7894,803.99,700.63,0.8010,846.49,678.62,0.7950,792.99,740.13,0.7145,869.99,698.63,0.7247,782.99,769.13,0.7714,895.49,719.13,0.7746,834.99,733.63,0.6650,862.49,731.13,0.6787,811.49,746.13,0.6899,891.49,778.13,0.7944,806.99,791.63,0.7916,904.99,821.13,0.8607
478,top,1,809.59,424.22,921.25,607.23,867.65,442.45,0.8718,872.12,438.42,0.8107,864.52,438.42,0.8216,879.72,441.11,0.8353,860.50,441.11,0.7644,890.89,458.98,0.7354,848.89,465.23,0.7438,906.52,471.94,0.5727,835.48,488.91,0.7406,909.20,471.94,0.4904,821.63,509.91,0.7588,880.61,509.02,0.6187,853.35,507.23,0.6207,894.46,547.89,0.6516,853.80,547.44,0.6698,899.82,555.04,0.5393,854.69,587.66,0.7626
478,bottom,0,782.35,639.47,931.75,838.55,816.68,659.74,0.9556,814.25,656.82,0.6239,815.22,657.79,0.6469,808.90,665.09,0.8046,826.90,660.71,0.7693,805.50,697.67,0.7884,847.32,675.30,0.7851,796.26,738.52,0.6928,872.61,692.32,0.6668,787.50,775.97,0.7597,900.34,710.32,0.7048,835.16,733.17,0.6577,863.86,730.74,0.6581,810.85,743.87,0.6875,894.01,777.43,0.7677,807.44,793.48,0.7855,902.77,820.23,0.8591
479,top,1,802.49,425.55,915.60,607.56,859.05,441.02,0.8212,863.49,437.02,0.7544,855.49,436.57,0.7889,871.49,439.24,0.8243,851.05,439.68,0.7671,882.60,456.12,0.7122,841.27,463.68,0.7161,906.59,469.01,0.5680,827.94,486.34,0.7302,906.59,462.34,0.6815,813.28,504.56,0.7299,873.71,508.11,0.5934,845.72,508.11,0.6083,889.71,545.44,0.6736,847.94,549.88,0.7078,893.26,556.54,0.5225,854.16,587.20,0.7437
479,bottom,0,784.20,636.42,931.47,842.84,818.53,655.47,0.9217,816.01,652.95,0.5788,817.52,652.95,0.6095,810.97,661.01,0.7907,828.60,656.47,0.7590,806.43,695.28,0.7974,851.28,673.10,0.7714,801.89,735.09,0.7250,883.54,685.70,0.6639,796.35,771.88,0.7798,918.31,698.81,0.7254,836.67,732.07,0.6490,865.90,729.55,0.6366,812.98,744.67,0.6615,898.66,775.91,0.7698,807.94,793.05,0.7755,902.69,823.28,0.8658
480,top,0,799.95,421.48,910.81,609.75,849.86,437.47,0.7930,854.00,433.80,0.7616,846.19,433.80,0.7945,863.19,436.10,0.8137,842.51,437.47,0.7858,874.22,452.64,0.6858,833.32,460.46,0.7512,901.34,462.30,0.5273,822.74,482.06,0.7330,899.97,456.78,0.6552,810.33,498.15,0.7043,866.87,506.42,0.6278,839.75,507.34,0.6359,884.80,544.11,0.6986,841.13,551.01,0.6901,882.04,555.15,0.5778,853.08,585.94,0.7368
480,bottom,2,786.35,631.61,934.48,850.37,822.50,650.73,0.9553,820.36,648.59,0.5588,821.43,648.59,0.5746,815.02,656.07,0.7513,831.57,652.86,0.7422,810.21,692.39,0.8670,853.47,669.42,0.8056,808.61,728.70,0.7199,881.24,677.43,0.6440,808.07,763.42,0.6935,907.41,681.71,0.6757,840.65,732.44,0.7047,867.89,729.77,0.6860,816.09,742.06,0.6690,902.61,777.31,0.7944,808.61,792.26,0.8142,903.14,829.65,0.8927
481,top,0,798.47,417.61,900.30,610.63,839.96,434.96,0.7763,844.20,430.71,0.7436,836.19,431.19,0.8289,854.10,432.60,0.7868,832.90,434.48,0.7742,866.35,449.09,0.6830,824.88,459.46,0.7643,896.98,459.46,0.5467,816.87,480.66,0.6869,891.80,452.86,0.6531,806.51,493.86,0.6627,860.23,506.11,0.6446,833.37,507.05,0.6470,880.02,545.69,0.7231,831.95,551.35,0.7085,875.78,557.47,0.6160,847.50,584.33,0.6825
481,bottom,1,788.26,627.05,961.48,851.57,825.25,648.53,0.8546,821.87,645.71,0.5694,825.82,645.71,0.5669,820.18,653.61,0.7898,836.53,649.66,0.7591,813.97,690.26,0.8587,859.65,666.57,0.7785,816.23,723.52,0.7039,895.73,671.09,0.6125,817.36,756.79,0.6599,935.20,669.39,0.6065,842.17,732.55,0.6950,869.80,730.29,0.6882,820.18,743.26,0.6570,905.32,778.22,0.8061,807.77,792.88,0.8293,901.94,830.66,0.8665
482,top,1,799.76,411.21,896.59,604.10,830.28,434.19,0.8556,834.52,429.48,0.7972,826.99,429.95,0.8611,844.41,431.36,0.8176,824.16,433.25,0.7720,858.07,448.31,0.6874,818.04,460.09,0.8134,876.43,455.38,0.4865,812.86,482.22,0.6308,887.73,454.91,0.6457,806.74,491.17,0.6291,853.83,505.30,0.6879,826.52,505.77,0.6972,876.43,550.98,0.7326,822.75,550.03,0.7462,870.78,559.45,0.6652,837.82,582.06,0.7094
482,bottom,0,786.99,624.99,960.25,853.05,834.14,644.26,0.9106,833.58,641.44,0.5654,834.14,642.01,0.5775,827.37,649.34,0.7507,843.73,646.52,0.7843,820.04,686.56,0.8586,866.85,663.44,0.7878,823.42,717.02,0.7465,904.64,666.82,0.6568,824.55,751.43,0.7201,935.10,659.49,0.7997,845.42,732.81,0.6850,873.06,731.12,0.6889,823.42,748.04,0.6652,905.77,779.63,0.7814,808.76,793.16,0.8213,904.08,833.77,0.8717
483,top,1,796.05,412.93,890.53,602.59,821.53,435.52,0.8742,825.69,430.89,0.7720,818.28,431.82,0.8497,835.88,432.74,0.8205,815.04,435.06,0.7542,849.77,448.95,0.6760,809.95,461.92,0.7986,866.90,455.90,0.4566,808.10,485.53,0.6166,880.79,459.14,0.5942,803.93,492.01,0.5395,847.92,508.68,0.6777,821.06,508.22,0.6870,872.00,554.06,0.7132,813.19,549.43,0.7303,869.68,564.71,0.6703,823.38,586.94,0.6888
483,bottom,0,796.12,620.41,943.60,853.68,841.95,641.37,0.8737,840.81,637.95,0.5409,840.81,638.52,0.5427,833.41,645.36,0.8198,852.77,643.65,0.7120,826.01,682.37,0.8366,873.84,660.73,0.7846,829.99,714.26,0.7034,912.57,663.01,0.7260,828.85,747.86,0.6200,929.65,653.90,0.8253,848.79,732.49,0.6549,876.69,731.35,0.6624,827.15,750.71,0.6594,907.44,779.76,0.7802,810.06,792.28,0.7832,905.17,833.29,0.8778
484,top,1,791.23,416.02,888.06,623.82,812.25,439.26,0.9257,816.82,434.69,0.7975,808.70,435.71,0.8552,826.96,435.71,0.8850,806.16,438.75,0.7643,841.67,452.96,0.7047,803.12,466.65,0.8162,857.91,459.55,0.4938,803.62,491.51,0.6205,875.16,462.59,0.6035,801.60,497.60,0.5427,843.20,513.83,0.7218,814.79,514.34,0.7372,869.07,558.48,0.7193,804.13,552.39,0.7338,871.10,571.67,0.6892,805.15,604.14,0.7790
484,bottom,0,804.70,616.92,933.46,853.75,848.26,637.04,0.8836,845.95,634.15,0.5790,849.42,633.57,0.5576,839.59,641.09,0.8133,859.83,639.35,0.7596,830.92,676.36,0.8546,880.06,657.28,0.8055,833.81,708.16,0.7567,918.22,661.32,0.7847,833.23,740.54,0.6342,921.69,647.45,0.8113,850.57,729.55,0.6666,878.91,729.55,0.6811,829.18,750.95,0.7049,907.82,778.70,0.7910,813.57,793.16,0.7895,905.50,834.21,0.8945
485,top,1,769.78,422.72,889.24,607.32,802.02,444.71,0.9152,806.07,439.75,0.7631,799.31,440.65,0.7761,817.79,440.65,0.8340,796.61,443.81,0.6396,834.02,457.78,0.6999,794.81,473.10,0.8082,855.65,467.70,0.5861,796.16,499.69,0.6298,870.97,469.50,0.6016,786.69,503.75,0.4583,837.17,519.98,0.7091,810.13,519.53,0.7123,864.66,563.24,0.7047,795.26,559.64,0.7193,873.23,582.17,0.6942,784.89,606.06,0.7815
485,bottom,0,812.51,612.13,932.18,854.03,854.04,632.09,0.8522,852.27,629.73,0.5406,854.63,629.14,0.5624,846.95,635.63,0.7412,864.08,634.45,0.7100,835.14,669.30,0.8684,884.75,655.12,0.7957,836.32,701.78,0.7833,919.59,661.62,0.8497,835.14,736.03,0.6950,904.83,640.95,0.7012,851.68,724.22,0.6982,880.61,725.40,0.7121,831.60,747.84,0.7326,906.01,777.37,0.8028,820.97,793.91,0.7806,904.83,835.25,0.8910
486,top,0,754.81,428.20,887.68,643.57,793.91,451.23,0.8946,798.11,445.97,0.7727,790.75,447.55,0.8431,809.15,447.55,0.8625,788.65,450.70,0.7209,827.56,463.85,0.7078,788.65,480.15,0.7965,849.11,476.99,0.5145,789.70,507.49,0.6244,851.22,479.62,0.1972,782.34,516.96,0.5786,831.24,527.47,0.7156,803.90,528.00,0.7274,858.05,570.06,0.6912,787.07,573.74,0.7741,871.72,588.46,0.6962,770.24,621.06,0.7774
486,bottom,3,813.97,609.02,932.80,854.50,859.00,628.08,0.9330,857.80,626.28,0.5556,859.00,625.68,0.6265,851.21,631.68,0.7549,869.19,630.48,0.7305,836.82,663.44,0.8815,887.77,652.05,0.7892,836.82,697.00,0.8004,921.93,667.64,0.7706,835.63,731.76,0.7227,900.35,659.84,0.4836,852.41,721.57,0.6856,881.17,723.97,0.6980,834.43,747.94,0.7350,904.55,776.11,0.8104,823.64,792.89,0.7977,905.15,833.05,0.8925
487,top,0,751.03,436.53,873.65,653.32,785.88,459.18,0.8759,789.58,453.89,0.7648,783.23,454.95,0.8393,801.23,455.48,0.8384,781.65,458.65,0.6862,821.34,472.94,0.7089,783.23,485.12,0.7978,844.63,488.29,0.5348,782.70,514.23,0.6617,839.33,489.88,0.1962,774.24,529.58,0.6260,824.52,538.04,0.7300,797.52,538.04,0.7334,850.45,579.86,0.6881,780.59,580.91,0.7791,863.15,594.15,0.6769,763.65,631.72,0.8148
487,bottom,1,815.66,605.92,934.01,852.59,863.99,626.88,0.9841,863.39,625.07,0.6109,863.39,624.47,0.6955,856.77,629.89,0.7918,873.03,628.68,0.7296,840.51,660.60,0.8939,891.09,652.77,0.8115,836.29,696.73,0.8099,920.00,676.26,0.7879,834.48,731.66,0.7255,913.98,667.83,0.4879,850.74,719.01,0.7291,879.65,722.03,0.7135,838.10,747.92,0.7576,907.35,772.61,0.8392,825.45,791.28,0.8059,905.55,828.62,0.9115
488,top,1,746.21,443.61,877.44,652.99,780.13,466.00,0.9611,783.71,460.89,0.8762,777.07,461.91,0.8591,795.47,460.89,0.9324,775.02,464.97,0.6791,814.89,478.78,0.7507,776.04,492.07,0.8240,838.41,496.16,0.6453,774.51,523.25,0.7329,861.41,502.29,0.6184,765.31,543.18,0.7292,818.98,544.21,0.7369,791.38,542.67,0.7681,842.50,593.79,0.7080,776.55,578.97,0.7398,858.85,605.55,0.5556,762.75,632.64,0.8321
488,bottom,0,816.29,607.22,932.14,849.04,868.31,626.59,0.9550,868.31,624.81,0.5858,866.54,624.22,0.6878,861.22,629.54,0.7917,877.16,628.95,0.7009,844.10,659.06,0.8615,894.88,654.92,0.8313,835.84,696.25,0.8148,917.31,686.22,0.8053,831.70,731.68,0.7352,900.78,686.81,0.4835,848.83,717.51,0.7403,877.76,720.46,0.7068,839.97,746.43,0.7345,911.41,768.87,0.8544,826.98,790.12,0.7867,904.32,824.37,0.9025
489,top,1,739.46,444.15,871.05,653.15,774.13,469.56,0.9248,777.70,463.95,0.8632,771.58,464.97,0.8246,790.46,463.95,0.8959,770.04,468.54,0.5828,811.38,482.32,0.7212,771.58,497.11,0.8186,834.34,500.68,0.6909,769.02,529.77,0.7561,857.30,510.38,0.6470,758.82,552.22,0.7693,814.95,549.67,0.7074,788.41,548.14,0.7292,831.28,602.23,0.7184,775.66,579.78,0.7546,841.48,605.29,0.6432,763.41,631.32,0.8282
489,bottom,0,815.22,609.07,934.43,847.11,873.09,629.88,0.9494,873.09,627.55,0.5731,870.76,627.55,0.6315,864.37,632.78,0.8114,882.38,633.37,0.7038,848.10,660.10,0.8403,897.49,659.52,0.8484,834.73,696.13,0.8258,913.19,695.55,0.8285,829.50,732.74,0.7652,895.17,703.69,0.5058,847.52,717.05,0.7476,876.57,721.70,0.7238,840.54,742.62,0.7024,913.19,767.61,0.8741,828.92,787.37,0.7916,906.21,823.40,0.9156
490,top,1,733.73,442.52,869.08,653.43,770.51,471.76,0.8894,774.11,466.10,0.8357,767.94,467.13,0.8022,786.99,465.07,0.8514,766.39,470.22,0.5665,809.64,482.58,0.7289,768.97,497.51,0.8182,832.30,503.18,0.7466,766.91,530.47,0.7590,854.96,516.56,0.7195,756.61,553.64,0.7961,813.25,553.12,0.7210,786.47,550.55,0.7256,823.55,605.13,0.7938,773.60,579.39,0.7613,834.36,607.19,0.6539,762.79,630.88,0.8458
490,bottom,0,813.54,614.99,933.99,847.12,877.74,633.58,0.9746,879.44,631.31,0.6545,876.04,631.31,0.5903,868.67,636.41,0.7765,886.80,637.54,0.7103,851.10,661.91,0.8245,900.97,665.88,0.8851,835.23,699.88,0.8264,908.34,706.69,0.8390,826.16,736.16,0.8086,893.61,724.82,0.6178,846.57,719.15,0.7267,876.04,724.25,0.7124,839.76,741.82,0.6172,911.74,770.16,0.8701,831.83,786.03,0.7642,907.77,825.14,0.9229
491,top,1,736.90,443.19,868.79,653.70,768.41,472.38,0.8678,771.49,466.73,0.8580,765.84,467.76,0.8138,785.37,465.70,0.8629,764.81,470.84,0.5944,808.50,482.66,0.7305,768.41,497.57,0.8070,832.65,504.25,0.7591,767.38,528.92,0.7583,854.75,521.21,0.7515,756.08,552.56,0.7863,811.58,552.56,0.7127,785.37,550.50,0.7311,820.32,604.98,0.7790,770.98,578.77,0.7735,832.14,608.06,0.6808,762.76,631.19,0.8594
491,bottom,0,809.71,620.38,932.69,848.71,880.68,639.22,0.9714,881.79,636.99,0.6947,880.12,637.55,0.5592,870.64,642.01,0.7740,890.15,643.68,0.7067,854.48,666.54,0.8127,902.97,673.23,0.8986,834.41,705.00,0.8016,905.76,715.59,0.7753,822.70,740.12,0.8497,893.50,736.78,0.6473,847.23,723.96,0.7105,876.77,729.53,0.7015,840.54,745.14,0.6129,909.66,775.24,0.8442,833.85,788.06,0.7426,907.99,828.20,0.9256
492,top,1,738.30,443.91,868.41,653.39,767.56,471.94,0.8546,770.11,465.80,0.8168,765.00,466.83,0.7807,783.92,464.78,0.8515,764.49,469.89,0.5853,807.96,481.15,0.7315,769.09,496.49,0.8111,831.99,502.62,0.7625,771.14,526.66,0.7793,853.99,521.04,0.7561,756.82,549.67,0.7626,811.54,551.21,0.7146,785.46,549.16,0.7363,820.74,604.40,0.7625,769.60,578.82,0.7772,833.02,607.98,0.7163,762.44,630.99,0.8586
492,bottom,0,806.65,624.69,932.55,848.88,881.64,643.19,0.9445,882.19,640.46,0.6585,881.64,641.00,0.5434,871.79,645.93,0.7674,891.49,647.57,0.7146,854.82,670.56,0.7931,903.53,677.68,0.8801,834.02,707.78,0.8029,904.08,719.82,0.7463,819.24,742.81,0.8458,893.68,742.26,0.6380,846.61,725.84,0.6916,875.62,731.86,0.6883,842.23,746.64,0.5861,910.10,776.74,0.8307,834.57,787.69,0.7438,907.91,828.19,0.9191
493,top,1,741.39,442.15,868.38,652.76,767.86,469.81,0.8521,769.92,464.16,0.8308,765.29,465.19,0.7759,783.80,463.13,0.8614,766.32,467.76,0.5717,809.00,480.10,0.7322,771.98,492.95,0.8189,833.16,500.66,0.7605,772.49,524.32,0.7709,855.27,520.20,0.7547,757.07,546.94,0.7610,811.57,550.03,0.7178,786.37,548.48,0.7372,823.40,601.44,0.7385,769.41,579.33,0.7889,835.22,606.59,0.7266,762.72,631.27,0.8761
493,bottom,0,804.55,627.34,934.87,847.13,882.05,646.55,0.8870,882.05,643.33,0.6050,882.05,644.40,0.4933,872.39,648.69,0.7424,891.17,650.84,0.6801,853.61,672.84,0.7654,902.98,681.43,0.8483,831.61,708.79,0.8039,904.05,723.28,0.7117,816.05,744.21,0.8500,896.54,747.97,0.6228,843.95,728.11,0.6762,872.93,734.01,0.6687,843.42,745.82,0.5489,912.10,775.33,0.8195,834.83,787.67,0.7333,907.81,824.16,0.9104
494,top,1,744.50,441.51,870.94,652.35,769.11,467.66,0.8753,771.17,462.51,0.8394,767.05,463.03,0.7734,785.07,460.97,0.8453,769.63,464.57,0.5300,810.81,478.98,0.7382,774.78,488.25,0.8392,836.54,499.06,0.7750,773.23,518.62,0.7880,857.65,518.62,0.7747,759.85,542.30,0.7651,813.38,549.50,0.7299,787.13,547.96,0.7514,825.73,599.43,0.7240,771.17,579.36,0.7989,836.54,603.04,0.7393,762.42,631.86,0.8938
494,bottom,0,800.22,627.80,931.60,845.69,880.27,646.85,0.9231,879.74,644.72,0.6163,880.81,645.78,0.5539,871.76,650.04,0.7295,889.32,652.17,0.6906,853.14,673.44,0.8045,902.08,682.49,0.8605,830.27,709.08,0.8255,905.28,723.45,0.7376,812.19,743.66,0.8638,899.42,750.04,0.6868,844.10,728.23,0.6892,872.83,733.55,0.6795,844.10,744.72,0.5584,912.72,774.51,0.8089,835.59,787.81,0.7430,908.47,821.86,0.8726
495,top,1,750.47,438.35,877.00,652.48,774.00,463.34,0.8886,776.10,458.11,0.8172,771.91,458.64,0.7584,789.69,457.59,0.8710,774.00,460.73,0.5662,814.26,476.93,0.7552,776.62,482.68,0.8428,840.40,497.32,0.7549,779.23,509.87,0.7537,863.40,518.23,0.7736,773.48,534.96,0.7498,815.83,545.42,0.7417,789.69,544.37,0.7729,829.94,595.08,0.7320,773.48,579.40,0.8101,841.44,604.49,0.7391,762.50,632.72,0.8874
495,bottom,0,795.81,627.29,933.73,844.17,879.07,646.77,0.9184,878.54,644.65,0.6089,880.13,645.18,0.5605,870.06,650.48,0.7728,888.07,652.07,0.7135,851.00,674.31,0.7934,900.78,682.25,0.8568,827.70,709.25,0.8173,906.60,721.43,0.7501,809.17,741.55,0.8561,905.01,748.44,0.6895,844.12,729.38,0.6849,872.18,733.61,0.6634,844.12,745.26,0.5366,914.01,773.85,0.7996,835.65,787.09,0.7366,909.78,817.28,0.8550
496,top,1,750.98,430.15,880.20,652.44,783.03,455.54,0.9114,786.29,449.58,0.7980,781.40,450.12,0.8128,799.31,450.66,0.8959,781.94,452.83,0.6203,821.02,472.37,0.7675,781.94,475.63,0.8700,845.44,495.16,0.7451,786.83,504.93,0.7197,868.78,517.41,0.7842,780.32,529.35,0.6744,818.85,539.67,0.7513,792.80,538.58,0.7771,833.50,586.88,0.7327,777.06,578.74,0.8255,846.53,606.42,0.7562,762.95,632.47,0.9011
496,bottom,0,794.94,626.56,935.07,843.50,877.72,645.52,0.9150,877.72,643.40,0.6184,878.78,643.93,0.5490,868.71,649.23,0.7513,886.72,650.82,0.6869,850.71,673.06,0.7917,899.96,680.48,0.8611,826.87,708.02,0.8208,908.97,718.08,0.7691,807.81,739.79,0.8632,908.44,746.15,0.7611,844.88,728.67,0.6891,872.95,733.44,0.6555,844.35,745.09,0.5587,916.91,773.69,0.8114,835.35,786.93,0.7447,911.08,817.12,0.8492
497,top,1,751.00,425.14,885.56,651.03,791.81,448.74,0.8673,795.12,443.23,0.7677,789.60,443.78,0.8204,808.35,443.78,0.8606,788.50,446.53,0.6317,828.21,466.39,0.7824,788.50,468.59,0.8436,850.82,491.76,0.7520,790.15,498.38,0.7057,872.88,514.92,0.7528,786.29,525.40,0.6223,822.69,534.78,0.7263,796.22,533.67,0.7433,837.03,581.10,0.7363,781.33,578.35,0.8138,849.16,607.58,0.7597,763.68,630.74,0.8898
497,bottom,0,794.72,622.94,932.99,845.67,876.36,643.49,0.9588,876.36,641.32,0.6602,876.91,642.40,0.5601,866.57,646.75,0.7484,885.06,648.93,0.6984,849.17,672.86,0.8124,899.20,676.66,0.8842,826.33,707.11,0.8265,910.62,713.64,0.7919,807.30,738.65,0.8654,911.71,738.11,0.6366,846.45,727.78,0.7083,875.27,732.67,0.6875,842.65,745.72,0.5943,916.06,775.63,0.8291,834.49,787.59,0.7529,911.16,821.31,0.8761
498,top,1,752.10,421.25,888.52,647.17,803.21,440.45,0.8432,807.62,435.48,0.7681,801.00,435.48,0.8169,819.21,437.69,0.8602,799.35,438.24,0.6499,834.65,461.96,0.7724,793.83,463.06,0.8174,856.71,487.33,0.7463,793.83,493.95,0.7236,876.57,513.25,0.7900,789.42,519.87,0.6575,826.93,528.15,0.6888,799.90,527.59,0.6910,841.27,577.79,0.7352,786.66,576.13,0.8055,849.54,610.88,0.7518,766.26,625.77,0.8418
498,bottom,0,791.31,622.69,933.49,847.63,874.48,642.90,0.9480,873.93,640.15,0.6684,875.03,641.25,0.5508,864.59,645.64,0.7584,883.27,647.29,0.6962,848.12,672.00,0.8211,897.55,673.65,0.8964,825.05,706.05,0.8262,911.27,703.31,0.7575,804.18,737.91,0.8722,911.27,707.70,0.5657,846.47,729.12,0.7031,875.58,734.06,0.6889,840.98,743.40,0.5906,914.57,776.90,0.8403,834.39,785.69,0.7726,909.63,824.13,0.8560
499,top,0,751.56,415.89,892.39,641.92,812.59,434.54,0.8315,817.56,430.68,0.8167,809.83,430.68,0.8670,827.49,433.44,0.8732,806.52,433.99,0.8344,841.84,458.27,0.7570,798.80,458.82,0.8063,861.70,485.31,0.7259,795.48,488.62,0.7347,879.91,512.35,0.7295,790.52,513.45,0.7215,831.35,525.04,0.6652,804.31,523.94,0.6642,840.73,575.26,0.7323,788.86,569.19,0.7736,847.91,608.92,0.7463,771.76,620.51,0.8333
499,bottom,1,788.82,620.27,932.18,845.12,872.03,640.48,0.9106,871.48,638.28,0.6601,872.57,638.28,0.5491,861.60,643.22,0.7845,880.81,644.87,0.7070,844.58,669.57,0.7972,892.88,670.67,0.8694,822.07,702.51,0.8043,913.20,697.02,0.7729,800.66,734.34,0.8509,912.10,694.27,0.4518,846.77,728.86,0.6710,874.77,732.70,0.6546,839.64,742.03,0.5824,912.65,774.97,0.8017,835.25,785.40,0.7508,911.00,819.43,0.8341
500,top,1,759.25,414.61,894.77,634.83,820.02,430.63,0.8176,824.86,426.87,0.7889,817.33,426.87,0.8203,833.46,430.63,0.8615,813.57,431.17,0.8459,847.44,456.44,0.7618,803.35,454.29,0.8097,866.26,482.78,0.7372,796.90,483.32,0.7554,883.46,509.13,0.7573,788.84,508.05,0.7849,835.61,522.03,0.6720,808.73,519.88,0.6846,839.91,572.57,0.7761,791.52,562.89,0.7983,846.90,610.20,0.7737,781.85,615.58,0.8465
500,bottom,0,789.79,615.50,935.45,842.31,869.82,635.33,0.9811,870.92,633.11,0.7252,868.71,633.67,0.6038,860.40,638.10,0.7821,877.57,639.76,0.7065,839.92,663.57,0.8174,890.31,666.34,0.8494,819.43,699.01,0.8153,908.02,693.47,0.8564,799.49,731.12,0.8579,896.40,681.84,0.5764,846.01,723.92,0.6681,874.80,726.69,0.6649,839.36,738.88,0.6218,910.79,770.44,0.8111,836.04,785.39,0.7667,914.12,810.86,0.8451
501,top,1,771.69,411.40,895.43,635.12,825.91,426.04,0.8426,830.28,422.22,0.8228,822.64,422.22,0.8430,838.48,427.13,0.8839,818.27,427.68,0.8690,852.13,452.26,0.7632,807.34,450.62,0.7969,869.61,479.57,0.7650,794.78,477.38,0.7808,886.00,506.33,0.7888,786.04,504.69,0.7985,840.11,516.71,0.6505,813.35,515.07,0.6697,840.11,566.96,0.7750,796.42,556.58,0.7838,847.76,610.65,0.7401,793.14,611.20,0.8436
501,bottom,0,788.65,610.02,933.41,831.26,868.59,630.98,0.9847,870.21,628.82,0.7260,867.51,629.36,0.6115,858.87,633.14,0.7463,875.61,635.84,0.7196,837.80,658.52,0.8400,887.49,662.30,0.8822,819.98,694.17,0.8173,903.16,692.55,0.8669,801.07,728.20,0.8620,892.89,681.75,0.5698,845.36,719.56,0.7077,873.45,721.18,0.7277,836.18,736.30,0.7008,906.40,763.85,0.8175,834.56,783.29,0.7946,913.96,797.34,0.8230
502,top,0,773.62,406.12,895.31,630.26,829.54,421.34,0.8487,833.92,417.51,0.8293,826.26,416.96,0.8299,842.67,423.53,0.8750,822.42,422.43,0.8487,854.71,445.96,0.7584,809.84,445.41,0.7445,870.03,472.23,0.7414,793.97,470.04,0.7653,885.35,501.77,0.7392,784.12,495.76,0.7130,843.77,509.44,0.6400,816.95,507.79,0.6557,842.12,560.32,0.7560,802.73,552.12,0.7606,847.60,606.29,0.7712,806.01,604.10,0.8125
502,bottom,1,793.20,607.83,930.39,815.87,867.89,627.03,1.0042,869.92,625.50,0.7131,867.89,626.01,0.5606,857.22,629.57,0.7669,874.49,632.61,0.7379,836.40,654.45,0.8643,886.17,659.03,0.8744,820.65,691.53,0.8393,899.38,693.56,0.7162,803.38,725.56,0.8778,902.93,707.79,0.5731,843.51,714.90,0.7255,872.46,716.42,0.7353,831.32,735.72,0.7563,897.35,755.02,0.7825,831.32,780.93,0.8818,912.08,784.99,0.8798
503,top,0,772.36,403.55,895.97,624.97,833.63,417.50,0.8678,837.95,414.26,0.8426,830.38,413.72,0.8536,845.52,419.66,0.8927,825.52,419.12,0.8364,857.41,442.37,0.7603,812.55,441.83,0.7429,870.93,468.85,0.7433,794.17,466.15,0.7660,885.52,496.96,0.7631,783.36,491.56,0.7416,847.68,506.69,0.6562,821.20,505.61,0.6652,847.68,554.80,0.7554,811.46,549.94,0.7373,850.39,603.46,0.7799,816.87,596.43,0.7828
503,bottom,1,797.94,605.74,925.64,801.71,868.01,625.74,1.0549,869.92,624.31,0.7227,867.53,624.31,0.5085,857.48,628.13,0.6459,874.23,631.00,0.6579,836.91,652.06,0.9242,885.71,657.32,0.9456,821.60,691.77,0.8593,895.28,695.11,0.8181,805.33,725.73,0.9137,899.11,716.17,0.7613,845.04,712.34,0.7678,873.75,713.77,0.7803,824.95,734.82,0.8417,884.75,741.52,0.8621,826.86,783.62,1.0004,908.20,779.80,0.9688
504,top,0,774.01,401.32,895.32,619.41,836.80,415.59,0.8831,841.59,411.86,0.8490,833.60,411.33,0.9009,849.04,417.72,0.9140,828.81,417.19,0.8282,860.76,440.08,0.7752,814.97,440.08,0.7534,872.47,467.24,0.7609,795.80,465.64,0.7781,885.78,494.39,0.7755,783.55,492.79,0.7447,851.71,502.91,0.6583,824.55,501.85,0.6689,853.83,550.30,0.7732,819.23,546.57,0.7345,855.96,598.75,0.7593,827.21,592.89,0.7586
504,bottom,1,801.67,605.98,913.68,803.79,865.88,625.69,1.0163,866.37,623.27,0.6561,865.88,623.76,0.4431,855.26,628.10,0.6112,871.20,631.00,0.5658,834.49,652.73,0.9156,883.27,656.60,0.9377,822.90,693.30,0.8420,892.93,695.23,0.8354,808.42,727.10,0.9462,894.38,720.82,0.8191,847.05,713.10,0.7763,875.06,713.58,0.8184,820.97,734.35,0.8622,876.99,736.28,0.8017,822.42,786.50,1.0474,903.55,778.78,0.9478
505,top,1,775.32,399.59,893.00,615.86,839.97,414.79,0.8520,844.72,411.10,0.8460,836.80,411.10,0.8421,852.11,416.91,0.8939,831.52,416.38,0.8282,863.73,440.14,0.7877,817.26,441.20,0.7470,874.29,466.54,0.7524,799.84,466.54,0.7732,885.38,493.47,0.7462,786.64,494.52,0.7660,855.28,502.44,0.6803,828.35,502.44,0.6823,859.50,548.38,0.7719,826.24,547.85,0.7531,861.62,594.85,0.7489,836.27,590.09,0.7903
505,bottom,0,795.45,609.06,906.06,807.90,863.38,626.92,0.9124,862.40,624.01,0.5741,864.83,624.49,0.5061,855.12,629.35,0.6329,869.20,631.78,0.5885,833.28,655.08,0.8570,881.34,658.48,0.9029,825.02,694.40,0.7897,891.53,698.77,0.7958,810.95,726.44,0.8193,888.62,724.01,0.6797,847.36,717.70,0.7508,874.54,717.22,0.7983,813.86,735.66,0.8331,870.17,738.58,0.6915,818.23,790.03,0.9595,893.47,777.41,0.8291
506,top,1,789.59,401.43,894.54,613.83,843.62,416.37,0.8757,848.29,412.74,0.8288,839.99,412.22,0.8409,855.55,417.92,0.8701,834.81,416.89,0.8132,866.96,440.74,0.7646,821.32,442.29,0.7330,876.81,466.67,0.7359,804.73,469.78,0.7468,887.18,493.63,0.7850,791.77,501.41,0.6892,858.66,502.44,0.6517,832.73,502.96,0.6505,865.40,548.59,0.7220,833.25,548.08,0.7668,870.59,585.41,0.7739,840.51,593.71,0.7842
506,bottom,0,793.40,607.37,911.22,811.39,860.28,628.19,0.8531,860.28,625.20,0.5446,859.78,626.20,0.4527,850.32,631.67,0.6638,865.76,634.66,0.6160,831.89,658.07,0.8335,877.71,659.07,0.8400,827.41,696.43,0.7521,889.17,697.92,0.7425,813.96,723.82,0.7832,884.19,725.32,0.6693,850.32,721.83,0.6839,876.22,721.33,0.7569,804.00,735.28,0.8083,866.26,744.24,0.5956,815.95,789.57,0.8866,896.14,778.11,0.7802
507,top,1,795.17,402.81,894.42,608.70,846.80,417.79,0.9005,851.33,413.77,0.8476,843.28,413.26,0.8677,858.36,418.79,0.9004,837.75,417.79,0.8338,869.92,441.41,0.7734,824.68,443.42,0.7552,879.48,469.06,0.7422,809.60,471.57,0.7080,886.51,494.70,0.7181,800.05,503.75,0.6201,861.88,503.24,0.6500,835.74,503.24,0.6516,872.94,552.50,0.7170,837.75,547.48,0.7625,878.47,577.64,0.7238,841.27,595.73,0.7646
507,bottom,0,789.02,609.43,910.94,812.01,852.95,629.61,0.7067,851.96,626.64,0.4936,847.51,627.14,0.4278,845.53,633.57,0.6043,858.88,635.55,0.5868,831.18,661.26,0.8249,872.24,658.30,0.8269,829.21,699.35,0.7870,886.08,695.89,0.7584,810.91,725.07,0.7805,879.16,721.11,0.4874,852.95,728.03,0.6822,876.69,726.06,0.7749,799.04,738.42,0.8165,865.31,745.84,0.5827,815.36,791.34,0.8744,896.47,777.99,0.8113
508,top,1,807.36,402.60,896.04,603.47,850.72,416.24,0.8901,855.13,412.80,0.8493,846.80,412.80,0.8777,862.49,418.20,0.8558,841.89,417.71,0.8313,873.77,441.25,0.7609,828.16,441.74,0.7471,882.11,468.71,0.7288,816.39,470.67,0.7018,887.01,490.29,0.6995,809.53,502.55,0.6558,864.45,503.53,0.6478,839.93,503.53,0.6550,877.20,551.59,0.7098,839.44,546.19,0.7322,882.60,570.71,0.7177,841.89,595.73,0.7710
508,bottom,0,790.47,609.34,911.22,817.00,846.28,628.50,0.7013,843.75,625.97,0.5440,842.23,626.47,0.5162,841.72,633.57,0.5958,852.37,634.59,0.5711,827.02,660.95,0.8072,865.55,657.40,0.8095,829.04,697.45,0.8078,882.28,689.34,0.8309,807.24,723.31,0.7976,874.17,708.10,0.5312,851.86,727.87,0.6937,871.63,724.32,0.7689,796.09,744.60,0.8042,864.03,744.10,0.5866,817.89,796.32,0.8687,896.47,778.07,0.8429
509,top,1,809.71,397.13,895.77,599.21,854.22,413.32,0.9183,858.66,410.36,0.8773,851.26,409.86,0.8889,865.57,415.29,0.9170,845.83,414.30,0.8400,876.91,437.49,0.7922,832.51,437.98,0.8047,885.30,464.62,0.7401,823.63,466.60,0.7426,885.30,485.84,0.6353,817.71,497.18,0.7162,868.53,500.64,0.6696,843.37,500.14,0.6807,878.89,548.00,0.7508,840.41,544.05,0.7607,883.82,569.70,0.7749,841.39,592.89,0.8290
509,bottom,0,786.35,605.81,908.62,820.24,836.49,623.51,0.6470,835.97,620.89,0.6058,835.44,621.41,0.5452,837.01,629.79,0.6286,846.96,630.84,0.5704,820.26,655.44,0.8113,858.48,654.92,0.7883,828.11,688.42,0.8170,874.71,685.28,0.7826,808.22,719.83,0.7955,858.48,698.89,0.4981,849.05,726.11,0.6988,866.33,721.93,0.7366,793.56,751.24,0.7909,863.71,743.91,0.5654,821.83,800.45,0.8043,893.03,774.28,0.8191
510,top,0,822.63,395.10,896.40,597.12,859.02,410.79,0.9155,862.97,407.33,0.8677,855.08,406.84,0.8510,869.87,411.77,0.9200,850.14,411.28,0.8804,882.20,432.98,0.8216,837.81,433.47,0.8246,890.59,463.07,0.7862,831.40,460.11,0.7426,883.19,482.80,0.6624,825.98,487.73,0.7042,873.33,497.10,0.6649,847.68,496.11,0.6742,880.23,542.47,0.7214,843.24,540.50,0.7614,881.71,571.08,0.8142,840.77,591.80,0.7621
510,bottom,1,785.12,604.36,898.88,820.92,835.66,620.65,0.6886,833.54,618.53,0.5918,833.01,618.53,0.5161,831.96,626.46,0.6301,843.06,627.52,0.5923,816.09,651.84,0.8079,852.05,651.31,0.8258,827.73,682.50,0.7868,866.32,683.56,0.7689,811.34,718.45,0.7723,846.76,694.66,0.4964,842.53,723.74,0.7127,859.45,718.98,0.7331,793.36,759.16,0.8108,856.80,743.30,0.6138,822.44,803.05,0.7898,884.30,774.50,0.8273
511,top,0,825.43,393.91,900.13,592.71,861.81,407.89,0.8764,866.18,404.49,0.8398,858.41,404.00,0.8299,872.97,408.86,0.9022,853.56,408.37,0.8566,886.56,429.73,0.8066,840.45,430.70,0.8105,895.30,459.34,0.7935,835.11,456.42,0.7344,886.56,471.95,0.7329,829.77,483.60,0.7280,876.85,491.85,0.6269,851.13,491.37,0.6343,880.74,536.51,0.6988,847.73,536.02,0.7513,881.22,569.51,0.8004,842.88,586.01,0.7447
511,bottom,1,782.47,596.65,886.32,821.49,828.91,621.79,0.7747,827.26,619.05,0.6102,826.71,618.50,0.5274,823.97,626.73,0.6279,836.59,627.28,0.6729,812.99,651.98,0.7879,843.73,648.69,0.8142,825.62,683.27,0.7850,854.16,681.08,0.6182,814.09,720.60,0.7800,833.85,699.74,0.3794,836.05,720.05,0.6954,854.16,715.66,0.7495,789.94,759.02,0.8197,844.83,742.00,0.6999,817.38,799.09,0.8258,873.92,779.33,0.8493
512,top,0,829.07,389.21,906.28,597.93,864.62,404.40,0.8511,868.69,400.83,0.8362,861.05,400.83,0.8186,875.83,405.42,0.8352,855.95,404.91,0.8508,889.08,425.80,0.7923,843.73,426.31,0.8118,900.80,454.84,0.7814,838.63,451.79,0.7404,889.59,466.56,0.7227,833.02,479.81,0.7260,879.90,483.89,0.6177,854.43,483.89,0.6252,880.92,529.24,0.6957,850.86,528.22,0.7386,881.94,568.99,0.7962,849.84,578.16,0.7675
512,bottom,1,778.85,603.87,870.48,822.51,815.59,619.25,0.7204,817.73,617.11,0.6929,817.19,616.58,0.5670,820.40,626.19,0.6723,828.94,626.19,0.5536,809.19,654.48,0.7471,835.88,648.07,0.8067,822.53,688.10,0.7549,828.94,681.70,0.5694,815.59,724.94,0.7142,808.65,696.65,0.6384,833.74,721.20,0.6675,849.76,717.46,0.7342,785.17,759.63,0.8509,833.21,742.02,0.6636,814.53,801.27,0.7820,858.30,785.25,0.8335
513,top,0,830.85,386.36,908.10,594.00,866.94,400.96,0.8365,871.00,397.41,0.8210,863.39,397.41,0.8056,877.59,401.97,0.8177,858.32,401.97,0.8232,891.27,422.25,0.7842,846.16,421.74,0.8049,904.45,451.14,0.7782,840.58,447.09,0.7260,893.30,464.83,0.7152,835.51,475.98,0.7163,882.66,477.50,0.6052,857.31,475.98,0.6303,883.16,525.15,0.6846,853.76,520.08,0.7128,882.66,567.23,0.7749,857.31,570.27,0.7827
513,bottom,1,772.41,606.33,857.04,832.98,808.08,621.71,0.8010,811.40,620.05,0.7435,810.85,618.39,0.6410,816.93,628.91,0.6502,822.47,628.35,0.5405,805.87,658.79,0.7697,829.66,651.59,0.7753,819.15,694.76,0.7617,818.59,688.12,0.5714,809.19,730.72,0.7441,793.69,696.97,0.6585,830.21,725.19,0.6912,844.60,721.32,0.7390,780.41,762.27,0.8487,821.36,745.11,0.6171,813.61,808.75,0.7715,840.73,789.93,0.7907
514,top,0,832.98,384.23,910.17,590.34,869.06,397.22,0.8425,873.08,394.20,0.8087,865.54,393.69,0.8124,880.13,399.23,0.8247,860.50,398.73,0.8270,893.21,418.35,0.7825,848.93,417.85,0.8012,906.80,444.52,0.7510,843.40,443.01,0.7504,900.76,464.65,0.7205,838.36,472.70,0.7398,888.18,470.68,0.6440,861.51,470.18,0.6595,886.17,518.99,0.7007,856.48,516.98,0.6777,885.16,565.79,0.7778,865.54,559.25,0.7698
514,bottom,1,764.56,610.02,852.54,846.12,802.79,626.04,0.7855,806.25,624.89,0.7347,806.25,623.16,0.6441,810.86,634.69,0.6408,817.20,634.11,0.5533,802.21,666.39,0.7879,823.54,657.17,0.7576,816.05,702.13,0.7879,811.43,691.18,0.5865,799.91,737.29,0.7603,784.34,692.33,0.6770,827.58,728.07,0.7085,839.68,725.76,0.7410,776.27,767.84,0.8243,812.59,751.12,0.7156,807.98,819.72,0.7761,825.27,801.85,0.8192
515,top,0,833.13,381.26,915.75,582.88,871.49,395.44,0.8138,875.92,392.48,0.7934,868.04,391.99,0.8040,882.31,396.91,0.8105,862.63,396.42,0.8181,895.60,416.11,0.7535,851.30,415.12,0.7853,909.88,442.20,0.7348,844.91,441.70,0.7280,906.93,464.35,0.7116,839.49,471.24,0.7074,891.17,467.79,0.6238,865.58,467.30,0.6366,887.73,514.55,0.7314,858.69,513.57,0.7013,890.68,559.35,0.7694,870.01,547.04,0.7747
515,bottom,1,760.34,616.16,846.53,858.14,796.35,631.40,0.8100,801.07,630.22,0.7608,799.30,629.04,0.6481,806.98,640.26,0.6383,812.30,638.49,0.4987,799.30,673.35,0.7738,817.62,663.89,0.7355,811.71,709.97,0.7895,802.85,689.89,0.6240,788.67,740.69,0.7434,776.26,686.93,0.7427,821.16,734.20,0.7173,832.98,731.24,0.7469,773.90,776.73,0.8100,805.80,760.19,0.7154,798.71,831.67,0.7801,823.52,807.45,0.7998
516,top,0,836.31,379.54,918.69,579.49,874.09,393.60,0.8186,878.48,390.67,0.7869,870.67,390.18,0.8104,884.83,395.07,0.8255,865.79,394.58,0.8461,898.01,415.08,0.7613,854.56,413.13,0.7995,913.14,441.93,0.7484,847.73,439.98,0.7423,911.68,469.26,0.6769,841.38,469.26,0.7407,893.61,468.29,0.6582,869.69,467.31,0.6627,889.22,514.17,0.7531,861.88,513.69,0.7095,898.01,556.15,0.7602,875.06,535.16,0.7557
516,bottom,1,752.37,620.96,840.52,868.61,790.40,636.56,0.7957,795.24,634.75,0.7479,792.82,634.14,0.6117,801.89,645.63,0.6807,807.33,643.21,0.4775,796.45,678.28,0.7676,810.96,668.60,0.7268,806.72,716.97,0.8108,795.24,685.53,0.5716,775.89,738.13,0.7605,771.66,679.49,0.7130,815.79,738.74,0.7525,826.68,736.92,0.7589,775.28,784.69,0.7897,802.49,764.74,0.6989,789.19,843.94,0.8092,824.26,808.27,0.8294
517,top,0,836.01,378.71,923.57,576.43,876.42,393.58,0.8404,880.76,390.20,0.7706,873.04,389.72,0.8248,887.52,394.54,0.8402,868.21,394.54,0.8289,900.07,414.82,0.7509,858.07,412.40,0.8089,916.96,440.40,0.7473,850.35,439.44,0.7532,917.45,469.36,0.6763,842.14,469.36,0.7612,895.24,468.88,0.6638,872.55,468.40,0.6724,889.45,515.70,0.7360,864.83,516.67,0.7626,902.96,555.29,0.7897,879.79,524.87,0.6665
517,bottom,1,746.32,625.66,836.71,874.37,786.66,640.11,0.8052,791.52,637.68,0.7269,789.70,637.68,0.6122,799.41,649.82,0.7059,802.45,648.00,0.4901,792.73,682.61,0.7868,804.88,672.29,0.7246,800.62,721.47,0.8170,791.52,683.83,0.6177,766.01,732.40,0.7756,770.87,671.08,0.7108,808.52,743.94,0.7684,819.45,741.51,0.7583,773.30,791.30,0.8007,803.05,767.01,0.6359,783.02,853.84,0.8252,823.70,805.87,0.7882
518,top,0,837.60,378.56,929.58,575.90,879.26,393.88,0.8411,883.11,390.51,0.7890,875.40,390.02,0.8412,890.34,394.84,0.8283,871.07,394.84,0.8263,902.38,415.56,0.7268,860.95,413.15,0.7958,919.25,440.13,0.7378,852.28,439.65,0.7568,924.55,470.48,0.7365,843.12,468.08,0.7798,896.60,470.97,0.6399,875.40,470.00,0.6546,888.89,515.77,0.7435,868.18,513.85,0.7064,902.38,556.25,0.7464,882.15,521.07,0.6213
518,bottom,1,737.51,629.37,833.96,875.47,782.73,643.67,0.7688,788.74,641.87,0.7024,785.14,641.27,0.6006,796.55,653.88,0.6652,795.35,650.88,0.4854,789.34,685.13,0.7901,799.56,674.91,0.6969,794.75,722.98,0.7971,786.94,680.92,0.5501,759.90,724.18,0.7528,770.72,663.50,0.6538,800.76,745.81,0.7316,812.77,743.41,0.7044,767.11,796.88,0.7654,804.96,769.24,0.6516,785.14,856.96,0.7992,821.19,806.49,0.7744
519,top,0,838.28,380.71,932.20,575.49,880.96,394.88,0.8472,885.24,391.56,0.7919,877.63,391.56,0.8541,891.90,396.31,0.8336,873.35,395.84,0.8436,905.21,416.28,0.7519,863.37,414.38,0.8059,921.38,440.06,0.7738,853.38,440.53,0.7783,928.04,471.44,0.7693,843.39,470.02,0.7646,899.51,470.97,0.6686,879.53,470.49,0.6915,890.00,512.34,0.7498,873.35,511.39,0.7048,902.36,556.56,0.7419,884.77,519.95,0.5243
519,bottom,1,736.44,630.87,834.23,875.71,778.16,646.30,0.6712,784.14,644.50,0.6005,781.15,643.91,0.5280,791.31,655.26,0.5722,790.12,651.68,0.4324,786.53,685.15,0.7668,791.91,678.57,0.6371,792.51,722.21,0.7472,782.94,707.26,0.4631,760.83,716.23,0.6837,766.81,713.24,0.4497,794.30,747.31,0.7009,806.26,743.73,0.6479,760.23,799.32,0.7717,805.06,773.02,0.6729,783.54,857.30,0.7483,822.39,811.87,0.7724
520,top,0,838.70,381.21,936.22,574.94,882.25,395.78,0.8313,886.04,392.47,0.7952,878.94,392.47,0.8505,893.13,396.73,0.8412,874.69,396.73,0.8310,906.85,416.59,0.7477,864.28,415.65,0.7874,923.40,439.77,0.7680,854.35,441.66,0.7819,930.50,470.51,0.7647,844.42,470.98,0.7542,903.07,471.46,0.6694,882.25,472.40,0.6834,892.66,508.35,0.7401,879.89,508.82,0.6739,902.59,554.70,0.7344,888.88,520.65,0.6043
520,bottom,1,743.11,625.69,839.29,875.20,781.45,643.23,0.8159,787.54,642.63,0.7510,783.28,640.80,0.6675,793.03,653.59,0.6774,786.33,650.54,0.4589,786.33,684.05,0.8410,786.33,674.30,0.7698,794.24,721.21,0.8529,775.97,671.26,0.4978,764.40,707.80,0.7990,768.66,644.45,0.5599,788.15,748.01,0.8181,799.73,744.96,0.7968,755.26,801.61,0.9191,801.55,777.86,0.8054,782.67,857.04,0.8370,827.14,822.93,0.9090
521,top,1,838.98,382.60,936.30,576.05,883.39,397.15,0.8599,887.64,393.84,0.8169,880.08,393.37,0.8377,894.25,397.62,0.8333,875.36,397.62,0.8390,908.42,416.04,0.7402,864.97,416.51,0.7798,924.95,437.76,0.7668,855.52,442.48,0.7796,932.98,468.46,0.7411,845.13,470.35,0.7555,906.06,467.99,0.6543,885.28,470.35,0.6693,898.03,505.30,0.7103,885.28,508.13,0.6603,904.17,553.47,0.7188,898.03,518.05,0.6153
521,bottom,0,738.95,610.47,845.58,876.38,779.28,642.15,0.8381,785.12,641.50,0.7719,783.18,639.56,0.7031,790.97,652.54,0.7358,786.42,649.94,0.5501,786.42,685.65,0.7999,782.53,667.47,0.7908,792.26,720.06,0.8114,774.09,642.15,0.5801,763.70,699.93,0.7817,770.19,625.92,0.4758,782.53,744.73,0.8141,794.86,741.48,0.7934,748.77,798.61,0.9327,791.62,780.43,0.8097,778.63,853.14,0.8572,830.57,828.47,0.9130
522,top,1,840.81,381.36,939.55,572.25,885.05,395.72,0.8568,888.78,392.92,0.8008,881.79,392.45,0.8362,895.31,397.12,0.8270,877.13,396.65,0.8019,910.22,414.36,0.7438,866.88,416.22,0.7725,927.00,435.33,0.7632,857.09,442.32,0.7856,935.85,466.09,0.7452,846.84,470.28,0.7476,910.69,462.36,0.6535,888.32,464.69,0.6494,905.09,500.57,0.7303,885.52,505.23,0.6794,907.42,550.90,0.7111,901.37,518.75,0.6246
522,bottom,0,735.23,593.26,846.06,877.89,777.44,644.54,0.9052,782.31,643.15,0.7825,780.22,641.07,0.7280,788.56,654.97,0.8052,786.48,648.71,0.5014,783.70,686.24,0.8904,782.31,666.78,0.7935,790.65,722.37,0.6438,780.92,643.15,0.7129,769.80,725.85,0.3554,773.97,618.83,0.7583,776.06,745.30,0.9041,790.65,743.22,0.8535,744.78,800.20,0.9463,786.48,785.61,0.9022,775.36,852.32,0.9146,830.26,830.78,0.9503
523,top,1,842.73,378.76,940.93,565.28,887.28,391.88,0.8186,890.92,389.60,0.7987,883.63,389.14,0.8083,897.30,393.70,0.8275,879.08,393.24,0.8297,912.78,410.09,0.7486,868.61,412.82,0.7735,928.26,431.49,0.7554,860.87,438.78,0.7744,937.37,461.55,0.7726,849.48,466.10,0.7559,913.69,458.36,0.6829,890.47,460.18,0.6540,914.14,494.79,0.7098,885.00,497.52,0.6883,915.06,543.51,0.7457,900.03,519.38,0.7480
523,bottom,0,730.11,593.18,841.15,884.31,777.10,647.77,0.8683,782.79,646.35,0.7744,779.23,644.22,0.7050,787.05,657.01,0.7610,783.50,652.04,0.5491,779.95,687.57,0.8178,782.08,670.52,0.7567,780.66,728.09,0.6142,790.61,646.35,0.6265,768.57,733.06,0.3063,779.23,620.76,0.6942,770.71,747.28,0.8806,786.34,745.15,0.8414,740.85,802.01,0.9280,783.50,789.21,0.8967,774.26,855.31,0.8695,824.01,837.54,0.9190
524,top,1,846.82,371.80,942.70,563.69,889.61,386.23,0.8219,893.35,383.42,0.8066,886.33,382.95,0.8104,899.91,387.17,0.8232,881.64,386.70,0.8387,914.90,404.97,0.7554,872.27,407.31,0.7862,931.77,427.46,0.7770,864.78,434.01,0.7794,939.27,457.44,0.7653,854.00,461.19,0.7707,916.31,453.22,0.6868,892.42,454.16,0.6764,918.65,491.17,0.7271,884.92,494.92,0.7380,924.74,538.49,0.7988,899.91,518.81,0.7697
524,bottom,0,728.91,619.73,832.69,893.24,773.45,654.99,0.8623,778.13,654.32,0.7491,775.46,652.98,0.6898,784.81,663.67,0.7309,780.80,661.66,0.5004,778.13,691.71,0.7381,776.79,681.03,0.7084,766.78,723.10,0.6916,766.11,714.42,0.4353,774.12,684.37,0.4954,780.80,645.64,0.2938,764.11,753.15,0.8606,782.14,751.81,0.8223,740.07,807.90,0.8986,784.81,794.55,0.8482,772.12,863.99,0.8265,819.53,846.63,0.8994
525,top,1,850.60,365.06,946.79,551.63,892.32,381.82,0.8860,895.96,378.63,0.8644,888.67,378.63,0.8975,902.34,382.27,0.8783,883.66,382.27,0.8578,916.91,400.49,0.7803,875.01,401.86,0.8153,935.13,424.63,0.8178,868.18,429.64,0.7898,941.97,452.88,0.7811,857.70,456.97,0.7445,918.74,447.86,0.6978,894.14,449.23,0.7038,922.84,487.49,0.7380,883.21,489.31,0.7248,935.13,532.59,0.8138,897.33,518.92,0.7824
525,bottom,0,730.26,637.62,827.72,905.33,771.80,661.67,0.7695,775.72,661.02,0.7071,773.11,660.37,0.5983,782.26,670.17,0.6786,788.14,670.82,0.4668,768.53,694.35,0.6274,782.26,690.43,0.6402,745.66,711.35,0.5960,765.27,710.69,0.4042,739.78,715.27,0.4325,748.93,706.77,0.3731,760.04,759.06,0.7564,780.30,756.44,0.7364,741.08,817.23,0.8006,787.49,800.23,0.7588,765.27,872.78,0.7429,816.90,851.87,0.8187
526,top,1,854.70,361.56,954.31,544.91,894.66,378.48,0.9350,898.68,374.90,0.8568,891.08,374.90,0.9400,904.95,378.93,0.8955,886.60,378.48,0.8747,919.72,397.73,0.7688,877.65,398.18,0.8409,938.08,421.90,0.8073,871.83,425.04,0.8076,944.79,450.55,0.7795,862.43,452.79,0.7693,921.96,444.73,0.7050,896.45,445.18,0.7118,928.68,485.46,0.7440,882.12,486.36,0.7690,945.24,525.75,0.8244,892.87,517.25,0.7992
526,bottom,0,713.88,652.43,824.54,917.00,770.50,673.62,0.6661,771.15,670.39,0.6441,773.09,670.39,0.4336,772.44,677.49,0.7015,787.30,679.43,0.5765,755.65,698.16,0.6276,789.23,699.45,0.7010,720.77,687.18,0.7318,796.99,698.81,0.5394,749.83,692.35,0.4927,786.01,685.24,0.4018,757.58,765.34,0.7394,779.55,762.75,0.7248,742.73,826.05,0.7769,787.94,806.68,0.7551,756.29,884.19,0.7841,814.43,856.41,0.7889
527,top,1,856.88,360.52,967.05,542.11,896.89,376.84,0.9119,900.88,373.73,0.8413,893.79,373.73,0.8620,907.09,378.17,0.8905,888.91,378.17,0.8076,922.60,395.01,0.7612,880.49,396.34,0.8502,941.67,419.84,0.8026,875.61,422.94,0.7999,947.87,449.10,0.7723,866.30,451.32,0.7704,925.71,444.22,0.7203,899.11,443.34,0.7241,932.80,485.90,0.7140,881.37,482.35,0.7538,958.07,521.36,0.7950,888.02,516.93,0.8005
527,bottom,0,703.13,658.43,824.40,931.08,772.42,684.26,0.7009,771.08,680.26,0.6256,773.08,681.59,0.4574,769.09,686.25,0.7089,783.73,688.92,0.5684,749.12,706.89,0.6439,789.06,708.22,0.7222,720.49,693.57,0.5870,791.72,708.88,0.5100,711.84,680.26,0.7127,779.74,687.58,0.2893,756.44,778.78,0.7423,779.07,776.78,0.7391,742.46,838.02,0.7818,784.40,812.73,0.7595,744.46,897.93,0.8048,813.02,859.32,0.7900
528,top,1,860.82,360.04,978.96,539.20,898.90,377.01,0.8994,903.27,373.95,0.8494,895.83,373.95,0.8593,909.39,377.89,0.9245,891.02,377.89,0.8036,924.70,395.38,0.7584,883.59,396.26,0.8446,944.82,419.00,0.7991,878.77,422.94,0.7827,951.38,449.18,0.7456,869.59,452.25,0.7574,929.51,443.50,0.7141,902.39,441.75,0.7149,939.57,486.36,0.7096,881.84,481.55,0.7077,966.26,516.11,0.8138,883.15,513.92,0.8053
528,bottom,0,671.58,641.03,826.20,940.28,769.35,698.60,0.7869,764.96,695.68,0.6856,770.81,695.68,0.5918,761.31,700.07,0.8015,778.84,701.53,0.7399,743.78,719.79,0.7568,786.15,724.91,0.8028,707.98,696.41,0.8190,794.19,729.29,0.7576,687.52,665.00,0.8460,791.26,698.60,0.7623,755.46,795.04,0.7765,778.84,792.12,0.8108,740.12,854.22,0.8157,778.11,820.61,0.8191,737.20,913.40,0.9084,810.26,860.80,0.8536
529,top,1,855.40,361.59,988.16,539.37,901.38,379.30,0.9030,905.28,375.83,0.8696,897.91,375.83,0.8527,911.79,379.74,0.9164,893.13,380.17,0.8253,927.42,397.53,0.7486,886.19,398.83,0.8486,948.25,420.10,0.7813,882.28,425.31,0.7650,954.76,450.92,0.7198,872.73,454.39,0.7390,934.80,445.28,0.6901,905.72,443.11,0.6988,949.56,487.38,0.7327,881.41,479.56,0.7048,974.73,516.46,0.7921,876.20,514.29,0.7812
529,bottom,0,672.27,676.07,824.36,944.13,763.37,708.66,0.7971,760.75,704.74,0.6725,764.68,706.05,0.5731,756.82,711.28,0.8305,772.53,712.59,0.7253,741.77,732.22,0.7615,781.69,735.50,0.7996,704.47,718.48,0.8401,796.74,742.69,0.8427,686.80,691.65,0.9035,794.12,715.86,0.8381,758.13,810.10,0.7755,779.73,808.14,0.7834,733.26,867.69,0.8175,768.60,832.35,0.6894,738.50,925.28,0.8632,807.21,862.45,0.8314
530,top,1,847.55,367.16,997.65,540.12,903.54,383.76,0.8832,907.45,380.34,0.8224,900.12,379.85,0.8279,913.81,383.76,0.8903,895.73,382.78,0.8410,930.91,401.84,0.7428,889.37,403.31,0.8417,950.94,423.83,0.8158,884.49,429.20,0.7723,956.32,456.08,0.7438,875.69,458.52,0.7749,937.75,447.77,0.7117,907.45,446.31,0.6976,955.34,487.84,0.7732,881.07,481.49,0.7455,983.19,519.11,0.8323,868.36,514.22,0.8364
530,bottom,0,679.47,694.24,819.37,945.41,756.16,717.42,0.7412,757.39,713.12,0.5689,754.94,714.35,0.4578,751.26,720.48,0.6712,766.59,720.48,0.6223,739.61,743.79,0.6796,779.47,743.79,0.7370,700.36,742.56,0.4672,799.70,757.89,0.8149,689.94,735.20,0.6462,796.64,733.36,0.7972,760.46,819.82,0.7166,782.53,817.37,0.7189,723.05,872.56,0.7647,758.00,841.90,0.5793,737.16,925.91,0.7833,801.54,867.65,0.7547
531,top,1,840.84,373.66,1000.70,540.15,905.68,390.29,0.8805,909.32,386.13,0.8268,902.55,386.13,0.8689,916.60,389.25,0.8721,898.39,388.73,0.8109,933.78,406.95,0.7480,892.15,409.03,0.8335,953.55,428.80,0.8057,887.46,432.97,0.7812,958.23,460.55,0.7725,878.10,461.59,0.7759,940.02,451.18,0.7099,909.32,450.14,0.6857,959.28,489.69,0.7672,881.22,485.52,0.7744,986.86,520.39,0.8311,863.00,516.23,0.8466
531,bottom,0,694.44,697.89,813.97,944.64,752.40,722.47,0.7601,752.40,718.25,0.4730,750.59,718.25,0.5277,746.97,725.48,0.6107,762.64,724.88,0.6598,736.73,751.99,0.6372,780.11,747.77,0.7274,710.23,771.27,0.4892,804.20,770.06,0.8558,701.19,774.88,0.5798,799.99,748.37,0.7261,757.82,820.66,0.6882,785.53,818.25,0.7061,720.47,872.47,0.7762,755.41,850.78,0.6128,736.73,924.88,0.7594,795.17,877.29,0.7424
532,top,1,840.04,380.74,1002.58,540.34,905.97,396.52,0.8627,909.14,392.82,0.8089,902.79,392.82,0.8634,916.55,396.52,0.8671,899.62,397.05,0.8078,934.54,412.39,0.7584,893.80,416.10,0.8444,953.59,433.56,0.8041,889.57,440.44,0.8024,961.52,465.83,0.7708,876.87,468.48,0.7706,941.95,454.19,0.7087,911.26,453.66,0.6756,962.05,490.70,0.7584,882.16,486.47,0.7738,987.98,522.44,0.8310,861.52,518.21,0.8517
532,bottom,0,707.04,698.41,815.71,944.18,751.77,722.89,0.7826,748.77,719.29,0.5165,749.97,718.69,0.5893,745.17,726.49,0.6839,762.57,724.69,0.7007,735.57,758.29,0.7549,781.78,747.49,0.7286,717.57,795.49,0.7054,808.78,772.09,0.8554,713.37,805.70,0.6334,803.98,757.09,0.6973,762.57,820.70,0.7000,790.78,817.10,0.7311,721.77,871.70,0.8004,758.97,845.90,0.6109,736.17,923.30,0.7993,794.98,881.90,0.7718
533,top,1,838.90,383.64,1003.31,540.98,902.91,400.76,0.8712,906.65,397.02,0.8208,900.23,397.02,0.8766,914.68,400.23,0.8704,897.02,401.30,0.7691,932.88,416.82,0.7384,893.27,419.50,0.8377,952.68,437.16,0.8211,887.92,444.11,0.7934,961.78,466.06,0.7465,870.80,469.80,0.7342,941.44,455.89,0.7106,910.94,454.28,0.6777,961.78,492.82,0.7578,880.43,484.25,0.7734,988.54,522.25,0.8352,862.77,517.97,0.8640
533,bottom,0,707.88,693.77,822.09,943.68,754.61,718.67,0.8476,752.17,715.01,0.5500,753.39,714.40,0.6461,746.68,722.94,0.7099,764.99,720.50,0.7293,736.92,757.71,0.8511,785.12,743.68,0.7717,735.09,797.98,0.6457,815.02,768.09,0.8609,734.48,815.67,0.6084,808.92,754.66,0.6731,768.04,818.12,0.7352,796.71,813.84,0.7672,725.94,869.37,0.8249,770.48,839.47,0.6415,736.31,923.67,0.8517,800.98,879.74,0.8000
534,top,1,839.20,384.57,1002.75,541.45,897.02,400.72,0.9257,900.75,397.53,0.8503,894.36,397.53,0.9093,909.27,400.19,0.8796,891.17,401.25,0.7608,927.90,417.76,0.7279,889.04,419.89,0.8559,950.26,437.99,0.8026,882.65,442.78,0.7826,964.10,466.74,0.7548,862.95,463.01,0.7185,936.95,456.62,0.7064,907.67,454.49,0.6791,957.71,491.76,0.7579,875.19,481.64,0.7781,988.59,522.10,0.8572,857.09,515.72,0.8724
534,bottom,0,707.49,688.09,830.15,943.84,760.08,709.82,0.8458,758.21,706.70,0.5512,758.83,705.45,0.6570,753.21,714.19,0.7108,770.07,711.07,0.7346,741.97,749.78,0.8681,791.92,737.29,0.7930,748.84,786.62,0.6669,822.52,757.90,0.8329,754.46,808.48,0.4110,818.77,747.28,0.6630,770.07,811.60,0.7376,798.79,807.23,0.7765,735.10,865.92,0.8273,789.43,834.08,0.7344,737.60,922.12,0.8789,808.16,878.41,0.7600
535,top,1,834.89,383.85,1001.72,540.98,888.44,398.88,0.9639,892.78,395.08,0.9431,885.72,395.62,0.9359,902.01,397.79,0.8982,883.55,399.42,0.7630,922.11,416.26,0.7151,881.92,418.43,0.8451,947.09,434.72,0.7756,871.60,440.69,0.7787,963.38,461.33,0.7618,843.36,456.44,0.7519,931.88,455.90,0.7217,903.10,453.73,0.7084,954.15,492.28,0.7859,865.63,481.97,0.7760,987.82,522.70,0.8542,849.88,513.46,0.8110
535,bottom,0,708.09,677.40,839.93,942.73,768.83,699.29,0.8882,767.54,696.06,0.5756,767.54,694.76,0.6630,760.41,703.83,0.7491,777.90,701.24,0.7428,748.75,739.46,0.8644,799.92,727.80,0.8071,756.52,769.90,0.6860,831.67,745.29,0.8537,766.89,788.04,0.3165,827.78,732.33,0.6880,773.37,803.59,0.7457,801.22,798.40,0.7700,747.46,861.88,0.8099,803.16,828.85,0.7615,739.03,918.24,0.8771,813.53,880.67,0.8105
536,top,1,818.79,379.94,1001.65,542.18,878.67,395.58,0.9253,883.44,391.42,0.8923,876.29,392.01,0.9213,893.55,393.80,0.8658,875.10,394.99,0.6933,913.79,412.25,0.7362,873.32,414.63,0.8499,940.58,428.32,0.7729,860.82,437.25,0.7835,960.22,454.51,0.8306,831.65,444.99,0.7520,925.10,453.92,0.7417,897.13,452.73,0.7283,950.70,490.23,0.7986,860.22,480.70,0.7768,985.81,522.37,0.8553,839.39,512.25,0.8282
536,bottom,0,710.53,667.53,849.58,938.74,777.41,689.25,0.8875,776.75,685.94,0.5824,776.09,685.94,0.6296,767.48,694.55,0.7766,786.68,691.90,0.7583,756.22,728.98,0.8558,807.21,717.06,0.8019,760.19,764.74,0.7156,840.97,733.62,0.8494,767.48,790.56,0.3841,837.00,720.37,0.7136,779.40,793.87,0.6999,806.54,788.57,0.7370,758.21,852.14,0.7706,815.15,829.62,0.7987,742.98,907.09,0.8483,819.12,879.95,0.8472
537,top,1,796.59,377.11,1000.57,541.83,870.03,393.07,0.9009,874.67,389.09,0.8256,868.70,389.75,0.8537,884.63,390.41,0.8370,867.37,393.07,0.6742,905.88,409.67,0.7838,864.05,413.66,0.8902,933.11,425.61,0.8107,848.78,434.24,0.8428,953.69,446.86,0.8170,819.56,436.90,0.7233,916.51,450.84,0.8142,888.62,451.50,0.8121,946.39,488.02,0.8116,854.75,482.71,0.8321,982.24,521.89,0.8826,827.53,514.59,0.8839
537,bottom,0,726.17,660.19,857.23,933.14,783.03,682.05,0.8452,781.70,678.05,0.5672,782.37,677.38,0.6638,774.37,686.05,0.7791,793.03,684.05,0.7903,762.38,722.03,0.8946,815.69,708.70,0.7810,763.04,759.35,0.7713,849.01,722.70,0.8608,763.04,784.67,0.7227,838.34,709.37,0.6078,787.70,786.67,0.7076,815.02,782.01,0.7371,762.38,843.98,0.8031,823.02,825.99,0.7768,753.05,897.95,0.8387,821.02,879.96,0.8265
538,top,1,794.17,375.51,997.46,540.23,862.07,391.03,0.8939,866.70,386.40,0.8456,860.08,387.06,0.8596,876.63,387.73,0.8160,859.42,391.03,0.6783,897.80,407.58,0.7784,855.45,412.21,0.8733,924.93,421.48,0.8040,836.92,432.73,0.8351,945.45,440.67,0.8430,806.48,430.74,0.6818,908.39,451.25,0.8034,880.60,451.92,0.8192,940.15,486.99,0.8052,849.49,482.36,0.8316,977.87,522.06,0.8813,823.02,517.43,0.8884
538,bottom,0,746.62,654.35,862.44,920.35,788.94,675.65,0.8717,786.35,673.05,0.5850,790.89,672.40,0.6641,780.50,680.20,0.7886,799.98,678.25,0.8415,769.46,715.27,0.9022,821.42,701.63,0.7906,765.57,753.58,0.7685,855.19,716.56,0.8911,759.72,779.56,0.7764,835.70,703.58,0.5934,796.09,780.86,0.7236,824.01,777.61,0.7376,766.86,835.41,0.8198,831.16,822.42,0.7941,765.57,889.31,0.8702,825.31,876.97,0.8357
539,top,1,775.17,374.11,991.61,539.75,854.50,391.41,0.9050,859.44,387.18,0.8271,853.10,387.89,0.8775,869.30,388.59,0.8609,852.39,392.11,0.6656,890.44,406.20,0.8034,848.16,413.25,0.8963,918.62,421.00,0.8440,826.32,433.68,0.8438,941.87,439.32,0.8660,795.32,430.16,0.6730,899.59,451.29,0.8343,872.12,452.00,0.8496,930.59,487.93,0.8307,842.53,483.70,0.8893,966.53,521.04,0.8908,822.80,518.23,0.9423
539,bottom,0,752.79,649.81,867.54,912.65,794.76,670.86,0.8879,792.84,668.29,0.5970,795.41,667.65,0.6512,785.78,675.35,0.7858,805.67,672.78,0.8317,774.87,709.36,0.8885,826.21,695.24,0.7863,767.17,748.51,0.7791,858.93,714.50,0.8838,759.47,775.46,0.8041,840.97,701.66,0.5683,803.75,773.53,0.7218,831.34,769.04,0.7146,773.59,824.87,0.8338,840.32,815.88,0.7771,775.51,882.62,0.8671,833.27,871.07,0.8278
540,top,1,775.60,373.87,981.88,540.99,849.87,390.29,0.9341,853.90,386.26,0.8484,847.85,386.26,0.9137,863.97,388.27,0.8720,846.51,390.96,0.6726,885.45,405.73,0.8098,841.14,412.44,0.8679,914.33,420.50,0.8382,819.65,432.59,0.8350,938.50,437.96,0.8683,798.16,436.62,0.7355,894.18,452.06,0.8102,865.98,452.06,0.8302,921.71,491.01,0.8293,837.11,482.95,0.8769,957.30,522.56,0.8642,823.01,517.86,0.9205
540,bottom,0,754.70,647.16,870.63,901.95,800.85,668.19,0.9341,799.61,665.70,0.6036,800.85,665.08,0.6907,792.14,672.54,0.7316,810.80,670.67,0.8077,780.32,706.13,0.8783,832.57,694.31,0.7935,770.99,743.45,0.7910,863.05,716.71,0.8744,761.66,774.56,0.8307,854.97,722.93,0.4917,809.56,769.58,0.7202,838.79,765.23,0.7288,782.81,817.48,0.8290,851.86,808.77,0.7569,782.19,877.20,0.8782,846.88,863.51,0.8106
541,top,1,782.65,370.73,976.73,540.41,844.94,386.71,0.9324,849.36,382.92,0.8840,843.05,383.55,0.8946,860.10,386.07,0.8776,842.41,387.34,0.7414,881.58,402.50,0.7575,837.36,410.71,0.8106,908.75,418.29,0.7806,814.62,431.56,0.8146,934.02,434.09,0.8312,788.71,442.30,0.7803,890.43,453.04,0.7458,862.00,453.04,0.7653,915.07,490.95,0.7628,834.20,482.10,0.8331,951.08,522.54,0.8298,822.83,517.48,0.8780
541,bottom,0,757.38,644.61,876.04,893.09,806.39,666.94,0.9492,805.18,665.12,0.5684,805.18,664.51,0.6836,797.90,671.79,0.7220,816.71,669.97,0.7865,785.77,705.16,0.8695,837.94,694.24,0.8116,776.06,742.16,0.7924,867.06,718.50,0.8261,765.75,775.53,0.8274,864.63,734.88,0.6963,815.49,766.43,0.7282,845.22,761.57,0.7384,790.01,813.14,0.8401,864.02,806.47,0.8013,788.19,871.38,0.8869,865.24,859.85,0.8410
542,top,1,795.84,366.82,972.24,539.66,843.84,383.19,0.8610,847.29,379.17,0.8491,841.55,379.74,0.8258,858.20,381.46,0.8591,840.40,383.76,0.7582,879.44,398.69,0.7356,834.66,407.88,0.8003,906.43,415.34,0.7461,816.86,429.12,0.8023,932.27,432.57,0.7943,798.48,446.35,0.8087,888.63,450.37,0.7187,859.35,451.52,0.7312,913.32,489.99,0.7430,832.93,483.10,0.7950,948.35,522.72,0.8281,822.02,518.13,0.8372
542,bottom,0,763.72,647.00,898.24,884.42,813.01,668.91,0.9080,810.69,666.60,0.6193,813.59,666.60,0.6305,804.32,673.55,0.7804,823.44,671.81,0.7779,792.15,706.59,0.9017,843.15,696.16,0.8280,782.87,743.69,0.8034,871.55,725.72,0.8554,771.86,779.62,0.8542,866.92,752.96,0.7223,821.13,765.71,0.7037,851.27,761.08,0.7360,798.52,809.76,0.8255,875.61,805.71,0.8316,791.57,864.83,0.9184,887.20,858.45,0.8492
543,top,0,798.89,358.42,969.60,539.38,843.68,378.88,0.8746,847.57,374.44,0.8443,840.90,374.99,0.8076,858.68,376.66,0.8481,839.23,378.88,0.7260,878.13,393.89,0.7479,835.34,403.33,0.8355,904.80,411.67,0.7456,822.01,427.78,0.7860,930.37,429.45,0.8004,809.23,450.57,0.6988,888.69,445.57,0.7347,858.68,447.79,0.7535,913.70,487.24,0.7555,834.79,481.69,0.7855,945.93,520.59,0.8488,823.12,518.36,0.8735
543,bottom,1,770.76,649.42,921.56,880.91,818.47,670.78,0.9382,817.90,668.52,0.6600,817.90,669.09,0.6299,809.99,675.30,0.8152,829.77,674.17,0.6776,798.69,709.78,0.9065,850.68,699.61,0.8596,790.78,747.64,0.7982,873.85,732.38,0.8286,778.91,783.25,0.8787,869.33,761.77,0.7273,826.95,768.55,0.7196,857.46,764.60,0.7072,804.90,808.11,0.8291,888.55,810.37,0.8462,796.99,858.98,0.9241,906.63,861.80,0.8496
544,top,1,805.00,358.14,963.71,538.32,844.57,373.84,0.8729,848.71,369.70,0.8381,841.99,370.22,0.7915,859.04,372.80,0.8075,839.92,374.35,0.7301,878.67,390.37,0.7367,836.83,400.19,0.8313,903.99,408.45,0.7471,827.53,430.15,0.7771,929.30,428.08,0.7841,821.84,458.05,0.7464,890.56,443.07,0.7016,860.07,445.65,0.7286,914.32,482.85,0.7435,836.31,481.30,0.7940,944.80,518.49,0.8509,823.39,518.49,0.8760
544,bottom,0,775.94,654.07,942.22,886.25,824.50,674.93,0.9650,825.07,673.23,0.6946,823.37,673.79,0.6952,816.00,680.03,0.7883,835.27,678.33,0.7715,804.66,715.17,0.9051,856.25,703.84,0.8582,797.86,753.72,0.7825,877.22,739.55,0.8133,785.39,788.86,0.8943,872.12,766.19,0.6583,832.44,773.56,0.7259,864.18,770.16,0.7240,810.90,805.87,0.8286,899.33,815.50,0.8612,804.10,858.02,0.8976,926.53,868.22,0.9114
545,top,1,806.08,354.94,956.12,536.36,846.91,371.90,0.8950,850.82,367.99,0.8608,843.49,368.48,0.8762,860.59,370.92,0.8243,841.54,372.87,0.7785,880.61,387.53,0.7489,838.61,398.27,0.8449,905.52,406.58,0.7344,834.21,429.53,0.7590,929.46,428.55,0.7917,834.70,458.35,0.7360,891.85,440.28,0.7024,862.05,443.21,0.7091,915.29,480.82,0.7829,837.63,479.35,0.7795,943.62,516.47,0.8547,824.93,516.96,0.8713
545,bottom,0,780.55,658.02,944.57,889.59,829.77,679.96,0.9745,830.34,677.69,0.7155,827.51,678.26,0.7433,821.29,684.48,0.7988,838.82,682.78,0.7681,809.98,720.10,0.9058,860.30,708.22,0.8611,803.76,757.98,0.7784,880.09,744.97,0.8262,789.63,793.03,0.8841,872.17,766.46,0.6012,838.25,778.89,0.7109,869.91,776.63,0.7207,813.94,801.51,0.8569,903.27,819.60,0.8762,804.33,858.05,0.9113,931.54,872.18,0.9358
546,top,1,807.78,355.42,957.16,538.23,849.89,371.45,0.9338,853.78,367.56,0.9087,846.00,368.53,0.9214,862.54,370.48,0.8687,843.09,373.40,0.8249,881.99,386.53,0.7362,840.17,399.17,0.8495,905.33,405.98,0.7302,840.17,431.26,0.7509,927.21,428.34,0.7815,843.09,460.92,0.7288,893.17,438.07,0.6864,862.05,440.99,0.6856,916.03,479.40,0.7738,838.22,476.97,0.7451,943.74,516.36,0.8643,828.01,516.36,0.8734
546,bottom,0,780.76,660.17,944.23,888.38,831.85,680.67,0.9711,832.97,678.44,0.6936,829.62,679.00,0.7085,823.50,685.13,0.8102,841.32,683.46,0.7229,811.80,720.79,0.9230,862.50,709.09,0.8578,805.67,760.34,0.7723,882.00,745.86,0.8358,790.62,792.66,0.8900,872.52,762.57,0.5935,838.54,778.73,0.7013,870.30,777.61,0.7154,814.58,799.34,0.8580,905.40,818.84,0.8658,805.11,856.17,0.9050,931.02,872.33,0.9357
547,top,1,813.91,356.74,955.85,539.71,853.00,373.37,0.9532,856.69,369.67,0.9179,849.30,370.60,0.9625,864.55,371.98,0.8668,845.61,375.68,0.8861,883.49,387.23,0.7386,841.45,400.17,0.8579,906.60,407.10,0.7247,844.22,432.05,0.7475,926.46,430.20,0.7983,849.76,462.55,0.7163,893.66,438.52,0.6867,862.70,440.83,0.6912,916.76,479.64,0.7610,838.21,475.48,0.7553,944.48,517.99,0.8517,831.74,518.45,0.8739
547,bottom,0,778.78,654.66,944.25,888.27,831.28,675.08,0.9940,832.43,672.80,0.7417,828.43,673.37,0.7108,822.73,679.08,0.8249,840.41,678.50,0.7444,809.61,715.01,0.9187,862.08,705.31,0.8558,802.77,755.50,0.8011,881.47,740.67,0.8429,788.51,787.44,0.8936,867.22,747.52,0.4944,835.28,776.60,0.7158,868.36,775.46,0.7296,814.17,798.85,0.8418,902.58,819.38,0.8729,805.62,855.31,0.8895,929.95,872.42,0.9354
548,top,1,814.27,360.61,954.68,541.10,856.59,376.35,0.9443,860.25,372.24,0.8975,852.93,373.15,0.9217,868.02,374.52,0.8854,849.28,377.72,0.8656,885.85,390.52,0.7357,843.34,402.86,0.8636,908.70,411.09,0.7274,847.91,435.77,0.7105,926.98,434.86,0.8024,854.31,466.85,0.6946,894.99,440.34,0.6723,863.45,442.17,0.6816,917.38,480.57,0.7523,839.68,478.74,0.7873,946.18,521.25,0.8376,833.74,521.70,0.8470
548,bottom,0,769.01,645.78,943.03,886.82,828.36,667.44,1.0306,828.36,665.08,0.7603,826.59,665.67,0.6976,819.53,671.55,0.8597,837.78,670.97,0.7138,807.17,706.86,0.9234,858.37,698.04,0.8737,798.35,745.12,0.8162,879.56,729.82,0.8281,782.46,775.13,0.8313,864.85,723.34,0.5723,830.71,770.42,0.7537,863.08,769.83,0.7488,810.71,795.14,0.8374,896.04,815.73,0.8865,806.00,851.04,0.8845,923.69,868.70,0.9142
549,top,1,814.29,363.27,956.78,540.90,860.95,379.73,0.9624,864.66,376.01,0.9087,857.24,376.48,0.9389,871.62,378.33,0.9291,852.60,380.65,0.8894,887.85,394.57,0.7560,846.11,406.16,0.8716,910.12,414.05,0.7224,850.28,438.63,0.7194,928.67,438.63,0.8071,856.77,468.32,0.7129,896.20,444.20,0.6980,864.66,446.06,0.7060,918.93,483.16,0.7623,841.93,480.84,0.7755,945.83,523.98,0.8542,834.05,522.13,0.8520
549,bottom,0,758.76,638.01,941.58,884.41,824.30,660.15,1.0388,823.70,657.14,0.7375,824.30,657.74,0.6964,815.27,664.36,0.8784,835.13,663.16,0.7608,802.64,698.65,0.9174,854.98,689.62,0.8824,791.81,735.34,0.8253,877.84,718.50,0.7940,771.36,761.21,0.8341,864.60,707.07,0.5748,823.10,763.62,0.7502,856.18,763.01,0.7445,805.05,788.88,0.8059,889.27,808.73,0.8737,802.64,840.62,0.8615,916.34,864.08,0.8894
550,top,1,813.79,366.38,960.95,540.42,865.34,383.46,0.9034,868.69,379.63,0.8300,861.50,379.63,0.8828,875.40,382.03,0.8834,856.23,383.94,0.8750,891.68,397.83,0.7557,849.05,408.85,0.8591,913.72,417.95,0.7367,852.88,440.95,0.7316,930.96,442.39,0.8233,857.67,470.65,0.7372,897.91,446.70,0.6889,866.77,448.61,0.6885,920.43,485.50,0.7599,842.82,481.19,0.7595,945.81,525.26,0.8647,833.72,522.86,0.8676
550,bottom,0,738.48,632.70,934.26,883.07,819.80,654.01,1.0323,817.25,652.10,0.6554,820.44,651.46,0.7210,811.52,659.75,0.8119,830.00,657.20,0.7695,798.13,691.61,0.9199,849.75,682.69,0.8495,783.48,727.30,0.8525,877.80,706.27,0.8303,758.62,745.78,0.8547,861.86,692.25,0.5883,817.25,758.53,0.7321,850.39,757.89,0.7313,798.77,780.19,0.7625,887.35,801.86,0.8827,795.58,834.36,0.8016,906.47,861.13,0.9185
551,top,1,813.69,370.90,961.51,541.09,869.80,385.74,0.9042,873.65,381.89,0.8441,866.43,382.37,0.8507,880.38,384.78,0.8779,861.62,385.74,0.8577,896.26,399.70,0.7708,852.96,410.76,0.8379,916.95,419.42,0.7442,854.40,442.04,0.7308,933.31,444.45,0.8054,856.32,470.43,0.7415,901.07,447.33,0.7030,868.35,449.74,0.6977,923.21,485.83,0.7782,846.22,482.46,0.7550,946.79,526.25,0.8546,834.19,523.36,0.8574
551,bottom,0,726.24,629.17,923.54,879.31,813.97,650.19,0.9806,812.04,648.27,0.5291,812.69,647.62,0.7165,805.62,655.97,0.7930,824.89,654.05,0.7843,793.42,686.80,0.8684,844.16,677.81,0.7890,773.51,722.77,0.8580,877.56,695.79,0.8982,744.61,732.40,0.8801,861.50,678.45,0.6248,812.69,752.96,0.7174,844.80,752.31,0.7303,792.78,776.72,0.7336,884.62,796.63,0.9100,785.07,833.24,0.7669,892.97,857.00,0.9403
552,top,1,815.04,370.42,962.37,542.00,874.80,385.71,0.9036,878.63,381.88,0.8211,871.44,381.88,0.8403,884.87,384.75,0.8673,866.64,385.23,0.8196,900.22,399.14,0.7653,857.05,410.17,0.8218,919.88,418.81,0.7848,856.57,440.39,0.7230,935.23,443.74,0.8230,856.57,469.16,0.7371,904.53,447.10,0.7054,872.40,449.98,0.6842,925.63,484.99,0.7758,849.38,485.95,0.7646,946.74,526.23,0.8469,834.51,523.83,0.8285
552,bottom,0,712.98,628.88,903.47,878.43,808.23,649.48,0.8675,808.85,646.38,0.5508,805.75,645.76,0.5657,799.55,653.82,0.7361,818.77,651.96,0.7441,788.38,684.82,0.8379,839.23,674.28,0.8587,763.58,717.07,0.8240,872.71,689.17,0.8663,731.96,719.55,0.8399,883.88,677.38,0.9081,809.47,749.93,0.6989,839.85,748.69,0.7399,787.14,779.08,0.7334,879.54,795.82,0.9302,771.02,829.30,0.7815,882.64,855.97,0.9134
553,top,1,814.75,367.80,963.30,542.74,879.35,383.70,0.9337,882.74,379.35,0.8492,875.49,379.83,0.8758,889.03,382.25,0.9159,870.65,383.22,0.8455,904.02,397.24,0.7566,860.98,407.39,0.8198,922.87,417.07,0.7860,858.08,437.37,0.7476,936.90,443.18,0.8079,857.59,468.32,0.7599,906.92,447.05,0.6992,876.45,449.95,0.6776,927.71,485.25,0.7687,853.24,487.66,0.7593,947.05,526.35,0.8447,834.38,523.45,0.8306
553,bottom,0,701.13,627.70,905.76,879.65,800.78,649.76,0.7798,799.45,646.43,0.5468,800.11,646.43,0.5696,794.12,655.09,0.7559,811.44,653.09,0.7482,782.13,685.73,0.8040,834.75,673.74,0.8315,753.49,712.38,0.8100,870.72,685.73,0.8188,720.18,708.38,0.8002,888.04,673.74,0.7765,807.44,749.68,0.7247,837.42,748.35,0.7632,781.46,782.32,0.7456,872.06,798.31,0.8925,762.15,825.62,0.8175,876.72,858.26,0.8772
554,top,1,815.53,364.63,963.71,544.00,881.42,381.00,0.9270,885.28,377.14,0.8396,878.05,377.14,0.8946,892.03,380.03,0.8673,873.71,380.03,0.8743,906.99,394.50,0.7685,863.58,404.63,0.8132,924.83,413.80,0.8102,858.75,433.57,0.7435,936.89,439.84,0.8220,857.31,465.89,0.7248,908.43,447.08,0.7125,877.56,449.49,0.6939,929.18,484.22,0.7680,856.34,487.60,0.7779,947.51,526.18,0.8432,833.67,521.36,0.7974
554,bottom,0,689.45,631.32,913.29,881.26,793.35,652.10,0.7720,791.90,649.18,0.5859,793.35,648.45,0.6144,788.98,656.47,0.7913,805.74,654.28,0.7753,778.05,687.80,0.7974,829.78,676.14,0.8034,747.45,708.20,0.7976,865.49,687.07,0.8685,714.66,701.64,0.8356,894.63,673.23,0.8310,804.28,753.37,0.7512,834.16,751.19,0.7848,777.32,785.43,0.7642,865.49,801.46,0.8718,756.92,826.24,0.8225,874.96,859.75,0.9030
555,top,1,815.89,357.84,963.46,542.40,882.95,379.02,0.9244,887.27,374.70,0.8268,880.07,374.70,0.8899,894.96,377.10,0.8565,875.74,377.10,0.8611,908.89,391.51,0.7788,865.65,401.60,0.8095,926.18,412.17,0.7926,858.93,429.47,0.7616,937.71,438.59,0.8119,855.57,461.65,0.7480,908.89,444.84,0.7301,877.66,446.28,0.7053,930.03,483.27,0.7813,857.01,486.15,0.7667,948.28,525.54,0.8528,835.39,520.26,0.7762
555,bottom,0,684.07,633.10,910.96,881.33,787.18,655.29,0.7740,784.96,653.08,0.6020,787.18,652.34,0.6253,783.49,658.98,0.8174,799.73,656.77,0.7910,771.67,690.01,0.8056,823.37,678.93,0.8186,742.12,704.78,0.7906,861.04,690.01,0.8711,708.89,696.65,0.8500,892.79,678.19,0.8123,798.26,756.48,0.7538,829.28,754.26,0.7821,770.93,785.28,0.7608,859.56,803.75,0.8492,750.99,825.90,0.8393,873.59,858.40,0.8990
556,top,1,820.01,358.11,964.25,543.36,884.62,377.02,0.9141,888.84,373.26,0.8035,881.33,373.26,0.8901,896.83,376.08,0.8371,877.58,376.08,0.8642,910.91,391.11,0.7602,866.31,400.03,0.7919,927.35,411.30,0.7834,859.26,428.67,0.7422,938.15,439.00,0.8021,855.51,460.60,0.7296,909.03,442.75,0.7056,878.05,443.69,0.6891,931.57,482.66,0.7405,855.98,485.48,0.7319,949.41,524.92,0.8589,835.32,518.82,0.7474
556,bottom,0,681.11,638.71,920.68,880.23,780.62,660.43,0.7866,779.06,657.31,0.6096,784.52,657.31,0.6410,777.50,664.33,0.8399,793.88,661.99,0.8472,766.58,692.40,0.8252,815.71,683.05,0.8338,736.95,704.10,0.8007,853.93,693.18,0.8444,705.75,693.96,0.8668,888.24,683.05,0.8578,793.88,757.91,0.7449,824.29,755.57,0.7761,763.46,778.97,0.7926,856.26,804.70,0.8391,749.42,825.76,0.8264,872.64,856.17,0.8925
557,top,1,823.23,359.23,964.65,544.99,886.11,378.00,0.9194,889.80,374.77,0.8117,882.89,374.77,0.8921,897.62,377.54,0.8465,878.75,377.54,0.8665,912.35,391.35,0.7609,867.70,399.63,0.8026,928.00,413.44,0.7833,860.33,428.17,0.7549,938.59,441.06,0.8102,854.81,460.86,0.7448,909.59,441.06,0.7060,877.37,442.44,0.7001,931.69,482.49,0.7421,857.11,485.26,0.7480,949.18,523.00,0.8646,837.32,518.40,0.7638
557,bottom,0,686.73,640.52,911.06,878.44,776.25,662.36,0.7809,773.33,660.17,0.6255,779.18,659.44,0.5973,772.60,666.01,0.8050,789.40,663.82,0.8118,762.38,693.76,0.8126,811.31,684.99,0.8186,738.28,704.71,0.7793,847.09,697.41,0.8155,709.07,695.22,0.8549,883.60,690.11,0.8295,789.40,758.75,0.7248,820.07,755.83,0.7532,760.92,775.54,0.7762,853.66,804.75,0.8138,749.24,825.93,0.8250,869.73,853.68,0.8571
558,top,1,823.52,360.65,963.54,545.61,887.15,380.66,0.9174,891.25,376.56,0.8344,883.96,376.56,0.9024,899.00,378.84,0.8507,879.86,379.30,0.8759,913.59,394.34,0.7630,868.47,402.09,0.7939,928.17,417.13,0.7735,860.72,430.34,0.7559,938.66,445.39,0.7940,854.34,462.71,0.7550,909.03,442.20,0.7065,877.58,443.56,0.6950,931.36,482.30,0.7406,858.44,484.13,0.7557,946.86,522.41,0.8511,837.02,523.32,0.7797
558,bottom,0,701.22,641.15,901.59,874.64,775.31,662.01,0.8460,773.36,659.40,0.6548,776.62,658.09,0.6014,769.44,666.57,0.8188,787.71,664.62,0.7887,759.66,694.62,0.8712,807.93,685.49,0.8267,738.79,704.40,0.7622,844.45,700.49,0.8261,712.04,697.23,0.7779,877.72,697.23,0.8118,788.36,759.20,0.7350,818.36,756.59,0.7410,759.01,774.85,0.7808,851.63,803.55,0.8114,748.57,827.03,0.8253,867.28,849.21,0.8755
559,top,1,822.75,361.59,958.93,548.07,888.11,384.72,0.9417,892.21,380.62,0.8522,884.47,380.62,0.8939,899.95,382.90,0.8950,880.37,383.35,0.8899,914.06,398.38,0.8020,869.45,405.66,0.8054,928.17,422.05,0.7871,861.25,433.89,0.7570,938.64,450.28,0.7592,854.42,465.76,0.7463,909.05,446.18,0.7276,877.64,447.09,0.7176,931.82,484.42,0.7521,858.06,486.24,0.7590,944.11,521.30,0.8434,835.30,526.30,0.8206
559,bottom,0,719.69,640.47,905.42,870.55,773.26,661.19,0.9678,772.65,658.17,0.6929,771.44,658.17,0.6756,767.21,666.03,0.8178,784.74,664.22,0.8183,759.35,693.84,0.8764,807.11,684.17,0.8135,744.23,706.54,0.7495,838.55,701.70,0.7340,728.52,701.70,0.5643,876.64,702.31,0.7573,788.97,756.11,0.7159,817.99,753.70,0.7055,759.35,776.07,0.8139,852.46,800.85,0.8078,749.07,827.46,0.8346,867.57,844.38,0.8408
560,top,1,820.99,374.11,954.06,550.93,888.39,388.88,0.8956,892.29,385.41,0.8390,884.92,385.85,0.8595,899.22,388.88,0.8578,880.59,389.31,0.7953,914.81,404.47,0.8036,869.33,411.40,0.7742,928.68,429.16,0.7518,861.53,439.13,0.7291,938.64,457.76,0.7437,854.17,471.18,0.6920,908.75,451.69,0.6902,878.86,452.12,0.6524,932.57,486.78,0.6913,858.93,490.68,0.7251,940.81,521.87,0.8332,834.24,531.40,0.8484
560,bottom,0,730.79,637.55,900.17,869.07,775.91,657.78,0.9888,777.04,654.96,0.6560,773.09,655.52,0.6935,768.00,662.87,0.7878,786.09,659.48,0.8224,760.08,693.39,0.8870,808.69,681.52,0.8129,748.78,710.92,0.6817,838.09,700.74,0.7188,760.65,699.61,0.3648,877.65,707.52,0.7556,790.61,753.87,0.7325,821.13,751.05,0.6991,761.78,777.05,0.8207,855.61,794.57,0.8176,749.35,827.35,0.8611,869.74,839.22,0.8443
561,top,1,818.50,380.34,954.44,558.59,888.24,394.24,0.8946,892.22,390.70,0.8437,884.70,391.14,0.8731,899.30,394.24,0.8661,880.72,395.12,0.7784,914.35,411.05,0.7957,869.21,417.69,0.7705,927.62,435.39,0.7351,860.80,445.57,0.7044,937.36,462.83,0.7356,853.28,476.10,0.6775,908.59,459.29,0.6683,879.39,459.73,0.6364,932.93,488.93,0.6543,857.71,496.45,0.6825,940.90,522.12,0.8305,832.49,537.61,0.8133
561,bottom,0,731.03,630.82,896.82,866.85,779.35,653.18,0.9408,779.35,649.15,0.6823,777.04,649.72,0.6803,771.86,658.37,0.8393,790.30,654.33,0.7672,763.79,692.94,0.9194,812.19,676.23,0.8684,769.55,716.56,0.7214,835.24,698.13,0.7700,798.36,707.34,0.3640,873.85,710.80,0.7381,794.91,749.41,0.7521,824.29,745.95,0.7278,766.09,779.37,0.8715,861.17,788.59,0.8369,749.38,827.78,0.8789,873.85,836.42,0.8853
562,top,1,816.71,383.39,954.86,559.45,888.04,397.67,0.8958,892.09,394.07,0.8410,884.89,394.07,0.8703,899.28,398.12,0.8679,880.39,398.57,0.7822,913.67,414.76,0.7872,868.25,422.40,0.7750,926.26,439.04,0.7546,859.26,450.28,0.7080,938.41,464.67,0.7904,852.06,480.86,0.6667,906.93,463.32,0.6481,878.14,464.22,0.6309,933.91,493.46,0.6434,857.91,500.20,0.6685,941.10,522.24,0.8143,831.37,538.43,0.7657
562,bottom,0,734.43,626.19,897.62,866.35,786.12,647.18,0.9250,786.12,643.66,0.6339,784.95,644.25,0.5978,777.33,651.87,0.8375,797.85,648.94,0.7146,769.70,687.64,0.9035,818.37,671.81,0.8615,777.91,713.44,0.6732,838.89,698.19,0.7923,806.06,706.40,0.3718,873.48,715.78,0.8528,798.43,743.93,0.7401,828.34,739.23,0.7089,772.63,781.45,0.8480,866.45,783.80,0.8665,750.94,827.18,0.8603,879.35,835.39,0.9011
563,top,1,817.85,384.10,954.22,559.86,887.37,397.40,0.8971,891.36,393.85,0.8252,883.82,393.85,0.8524,898.91,397.84,0.8501,879.38,397.84,0.7691,911.78,414.71,0.7768,867.39,422.26,0.7632,924.21,437.80,0.7305,858.96,450.23,0.6940,936.20,460.88,0.7540,852.30,480.86,0.6630,905.12,465.76,0.6406,875.83,466.21,0.6135,931.76,497.28,0.6588,854.52,502.61,0.6801,940.19,522.58,0.7924,829.66,539.01,0.7847
563,bottom,0,738.58,621.65,904.74,863.01,793.96,643.33,0.9599,793.37,640.39,0.6525,795.14,640.39,0.6052,784.53,648.05,0.8291,805.75,645.69,0.7401,776.28,683.40,0.8911,824.60,668.08,0.8860,783.94,708.15,0.6161,841.69,698.72,0.7704,812.82,701.67,0.3436,872.92,722.29,0.8550,802.80,741.15,0.7503,832.26,736.44,0.7260,775.69,781.81,0.8624,870.57,781.22,0.8570,753.89,827.77,0.8898,886.48,836.02,0.9044
564,top,1,818.96,379.95,955.94,558.81,887.45,392.68,0.8947,891.46,389.12,0.8292,883.88,389.56,0.8441,899.04,393.58,0.8386,879.42,394.02,0.7780,911.98,410.97,0.7705,867.38,418.99,0.7635,922.68,433.26,0.7477,858.91,447.98,0.7083,936.06,455.11,0.7545,854.45,476.96,0.6719,903.50,464.92,0.6301,873.63,465.37,0.6117,927.58,495.69,0.7076,856.24,503.72,0.7455,938.28,523.34,0.8295,830.37,537.61,0.7930
564,bottom,0,747.93,621.41,914.24,855.96,803.03,643.06,0.9798,803.03,639.62,0.6670,803.60,640.20,0.6170,793.87,647.07,0.8508,814.48,645.35,0.7538,784.70,680.85,0.8985,831.66,668.25,0.8784,790.43,709.48,0.6262,844.26,700.89,0.7979,820.78,703.76,0.3743,870.60,728.95,0.8062,804.75,742.12,0.7618,835.67,738.69,0.7152,778.98,778.77,0.8612,874.60,782.20,0.8311,758.36,828.59,0.9186,895.79,838.32,0.9105
565,top,1,817.72,373.94,950.64,558.94,888.70,387.85,0.8669,892.76,383.79,0.8247,885.08,384.24,0.8586,899.99,387.40,0.8603,880.57,388.31,0.8012,912.18,405.92,0.7723,868.82,414.95,0.7519,924.38,428.05,0.7255,861.60,444.76,0.7050,935.67,444.31,0.6492,858.89,471.86,0.6644,902.70,463.28,0.6430,874.70,465.54,0.6162,926.18,492.64,0.6917,858.44,505.29,0.7117,929.80,523.35,0.8206,829.98,536.90,0.7848
565,bottom,0,756.15,623.64,928.59,858.46,813.71,644.16,0.9984,813.71,641.30,0.6864,814.28,641.87,0.6250,803.96,648.18,0.8439,823.45,646.46,0.8045,793.07,680.28,0.9109,838.93,672.26,0.8713,795.36,710.67,0.6401,847.53,706.08,0.8240,826.32,707.23,0.3327,867.60,737.61,0.7514,806.83,743.92,0.7815,838.93,741.62,0.7122,781.60,777.17,0.8750,877.92,784.62,0.8360,766.13,830.48,0.9433,904.29,840.80,0.9027
566,top,1,818.48,365.93,946.82,558.27,890.16,384.62,0.8510,894.39,380.39,0.8303,886.88,380.86,0.8502,901.43,383.21,0.8331,882.18,384.15,0.8364,913.64,401.52,0.7722,871.85,411.39,0.7593,925.85,420.31,0.6766,864.81,441.91,0.6998,937.12,430.17,0.6824,862.93,468.67,0.6427,902.84,460.22,0.6739,877.48,463.04,0.6382,927.26,491.21,0.7740,866.68,505.77,0.7171,915.99,524.08,0.7798,831.00,534.41,0.7855
566,bottom,0,754.62,625.97,937.23,859.35,824.53,646.96,0.9625,823.34,643.39,0.6446,827.50,643.98,0.6308,815.02,651.12,0.7861,834.63,650.52,0.7822,803.13,680.84,0.8973,845.92,677.87,0.8653,802.53,711.15,0.6362,850.68,712.94,0.8315,829.88,707.59,0.3565,865.54,743.85,0.7530,809.07,746.82,0.7875,842.36,746.22,0.7102,785.29,780.11,0.8732,882.18,787.83,0.8377,766.27,831.22,0.9494,909.53,841.33,0.9108
567,top,1,819.04,365.98,960.50,557.35,893.04,382.70,0.8624,897.25,378.50,0.8119,889.30,378.97,0.8564,904.25,380.37,0.8505,884.63,381.77,0.7842,915.00,398.59,0.7686,874.82,409.80,0.7655,930.89,416.34,0.7250,869.21,439.24,0.6979,948.64,428.49,0.7721,868.28,463.07,0.6564,904.25,458.86,0.6635,880.89,461.67,0.6354,926.68,491.10,0.7687,874.82,506.05,0.7052,904.25,524.27,0.7123,835.57,531.28,0.7574
567,bottom,0,754.94,630.28,941.88,859.60,835.03,650.01,0.9567,833.20,646.97,0.5704,836.85,646.97,0.6637,827.11,654.88,0.7430,844.76,653.66,0.7831,813.12,683.48,0.8545,856.93,682.26,0.8707,808.86,716.34,0.6502,855.72,716.95,0.7921,836.24,734.60,0.2923,864.84,745.55,0.6878,814.34,748.59,0.7621,847.20,748.59,0.6862,789.39,782.06,0.8601,887.36,789.36,0.8344,767.48,831.96,0.8964,913.53,844.74,0.9009
568,top,1,829.23,367.11,974.53,553.64,895.73,382.34,0.8602,899.51,378.08,0.7947,891.95,379.03,0.8301,906.14,379.97,0.7776,887.22,381.86,0.8447,916.54,397.00,0.7648,878.70,409.77,0.7998,934.04,412.61,0.7203,874.92,438.15,0.6779,953.91,423.96,0.7851,874.45,458.01,0.6316,904.24,458.48,0.6883,882.96,460.38,0.6558,921.74,493.96,0.7524,882.96,505.31,0.7565,899.51,530.38,0.7042,844.18,529.43,0.7583
568,bottom,0,754.72,631.19,942.59,859.21,848.05,651.63,0.8846,849.27,648.57,0.5496,848.66,648.57,0.5764,839.48,655.91,0.7926,858.44,655.91,0.7037,824.20,683.43,0.8405,867.00,685.26,0.8466,816.86,718.90,0.7074,863.33,718.90,0.8000,814.41,748.25,0.3622,873.73,750.09,0.7528,821.75,749.48,0.7362,854.16,750.09,0.6698,794.84,783.11,0.8323,895.75,788.00,0.8560,767.93,832.03,0.8942,916.54,845.49,0.8866
569,top,1,839.65,365.57,979.17,561.22,897.95,383.14,0.8758,901.29,379.32,0.7939,894.13,379.80,0.8749,908.46,381.71,0.8273,889.83,383.62,0.8286,918.97,397.47,0.7785,882.66,409.89,0.8063,937.12,412.28,0.7031,881.71,435.21,0.6127,960.52,420.40,0.7610,882.66,450.50,0.6075,903.68,460.53,0.6890,883.14,461.00,0.7225,917.53,497.31,0.7515,887.44,504.47,0.7614,898.90,530.75,0.7454,851.14,534.09,0.7616
569,bottom,0,755.63,631.70,943.46,859.76,862.39,650.96,0.9469,863.00,647.29,0.6421,864.22,648.51,0.6237,851.99,654.02,0.7518,869.72,655.24,0.7122,836.71,682.14,0.8553,879.51,682.75,0.8553,826.92,717.61,0.7335,874.01,716.38,0.8456,848.94,748.18,0.2910,887.46,750.01,0.7597,830.59,748.79,0.7520,863.00,748.79,0.6997,803.08,784.86,0.8410,905.19,784.25,0.8867,770.06,831.94,0.9081,917.42,844.78,0.8908
570,top,1,848.65,369.61,985.67,572.21,900.34,384.84,0.8772,903.80,380.88,0.8339,896.38,381.87,0.8418,910.73,383.36,0.8064,891.43,385.83,0.8582,920.62,399.19,0.7725,885.99,411.55,0.8274,937.44,412.54,0.6411,888.96,438.26,0.5922,965.14,417.98,0.6842,891.93,448.16,0.5674,903.80,460.03,0.7129,883.03,459.04,0.7441,916.66,497.12,0.7518,891.93,502.07,0.7497,899.35,529.28,0.7877,859.28,541.15,0.7904
570,bottom,0,754.82,628.81,945.56,861.24,872.54,648.17,0.9867,872.54,645.68,0.6858,873.78,645.68,0.7075,862.61,651.89,0.7339,879.99,653.13,0.8014,846.46,678.59,0.8312,890.55,682.31,0.9129,833.43,713.98,0.7577,886.82,715.22,0.8684,837.15,744.40,0.3543,899.86,748.13,0.8041,839.64,747.51,0.7846,870.68,747.51,0.7611,812.94,787.86,0.8539,914.76,783.52,0.9487,773.20,831.33,0.9331,919.11,845.61,0.9236
571,top,1,858.60,372.02,987.95,577.04,901.75,388.44,0.8487,905.75,383.93,0.8257,897.74,385.43,0.8443,912.76,386.43,0.8180,893.24,388.94,0.8747,921.27,401.95,0.7962,889.24,414.96,0.8141,936.79,413.96,0.5983,895.24,439.99,0.6651,965.82,417.47,0.6535,906.25,450.50,0.5499,903.25,460.51,0.7419,883.73,459.51,0.7445,915.76,498.05,0.7732,894.24,503.06,0.7808,899.25,529.59,0.8178,869.21,549.11,0.8107
571,bottom,0,763.83,626.54,945.49,860.81,881.86,646.70,1.0542,883.63,644.33,0.6843,881.27,644.33,0.7322,874.17,650.24,0.7340,891.91,650.24,0.8576,855.84,676.26,0.8479,902.56,678.63,0.9243,836.92,715.88,0.7721,901.37,710.56,0.8324,836.92,749.59,0.6372,913.20,749.00,0.7859,849.34,743.08,0.7498,880.09,743.08,0.7615,823.32,786.84,0.8223,920.30,783.30,0.9414,783.70,830.01,0.8846,919.71,844.80,0.9209
572,top,2,867.11,376.87,987.70,582.00,904.37,392.30,0.8482,907.87,387.79,0.8358,899.86,389.79,0.8542,914.38,390.79,0.8121,895.35,393.30,0.8705,920.89,405.32,0.7980,893.35,418.34,0.8219,934.91,417.84,0.6112,904.87,441.88,0.6527,965.96,418.34,0.6860,915.38,448.89,0.4662,903.36,463.41,0.7549,885.84,463.91,0.7487,914.88,497.97,0.7556,893.85,508.98,0.7658,899.86,528.51,0.8175,879.33,558.56,0.8204
572,bottom,0,779.86,623.64,946.04,861.92,890.29,643.88,1.0270,891.46,642.14,0.6354,889.13,641.56,0.7224,882.15,647.37,0.7395,900.18,647.37,0.8424,863.53,673.55,0.8473,912.40,676.46,0.9201,842.01,712.53,0.7899,915.31,707.87,0.7963,834.45,745.10,0.7567,924.03,748.59,0.7443,859.46,742.78,0.7385,889.71,742.78,0.7463,833.28,782.92,0.8197,923.45,785.24,0.9108,798.38,828.87,0.8517,919.38,845.16,0.8791
573,top,4,870.14,384.50,936.42,584.95,905.72,398.60,0.8498,909.64,393.70,0.8095,901.32,395.17,0.8323,916.00,397.13,0.7986,896.43,399.58,0.7662,921.38,411.81,0.7291,897.90,422.58,0.7637,929.70,423.56,0.4128,909.15,440.68,0.5913,965.43,419.64,0.3880,926.28,449.98,0.5838,905.24,470.53,0.6708,888.11,472.49,0.6686,911.60,502.34,0.6452,896.43,516.53,0.7232,900.83,530.24,0.6946,880.28,565.96,0.7921
573,bottom,0,800.81,619.33,945.55,861.05,897.97,641.63,1.0145,898.56,639.27,0.6426,897.97,638.68,0.7230,889.12,644.59,0.7399,908.00,644.59,0.8362,871.41,670.55,0.8383,921.57,673.50,0.9097,846.62,706.55,0.7804,927.48,705.37,0.7590,835.41,738.42,0.7841,935.15,741.37,0.7480,867.87,739.60,0.7236,897.97,740.19,0.7377,844.26,777.37,0.7791,926.89,785.63,0.8658,817.71,825.76,0.8375,919.80,844.06,0.9051
574,top,3,870.50,388.54,944.88,586.16,907.69,403.88,0.8508,910.59,399.54,0.8091,902.87,400.99,0.8224,917.34,402.43,0.7984,898.04,405.33,0.8018,921.20,416.43,0.7521,903.35,428.97,0.7692,929.41,426.56,0.4591,913.48,445.86,0.5847,958.84,421.73,0.5793,935.19,450.68,0.6380,905.28,473.84,0.6810,889.36,476.25,0.7071,913.48,505.68,0.6103,902.87,518.23,0.7236,904.80,531.74,0.7240,880.19,567.44,0.7650
574,bottom,0,827.43,617.92,952.88,861.81,905.64,638.65,0.9172,905.04,636.26,0.6335,907.42,636.26,0.6059,896.11,641.62,0.7490,914.57,642.22,0.7700,880.03,667.23,0.8419,928.26,671.39,0.9095,852.64,701.76,0.8500,934.81,702.95,0.8042,837.76,735.11,0.8796,943.15,736.89,0.7889,875.27,734.51,0.7531,905.04,736.89,0.7340,857.41,775.60,0.8156,931.84,785.12,0.8869,838.95,827.40,0.8352,920.52,843.48,0.9152
575,top,1,870.80,390.46,972.46,586.04,909.69,405.65,0.8528,912.56,401.35,0.8471,904.92,402.78,0.8273,918.77,404.22,0.7856,900.62,408.04,0.7892,922.11,416.63,0.7200,905.40,432.39,0.7848,924.97,430.95,0.4998,922.59,449.58,0.6415,953.15,424.27,0.4796,945.98,453.40,0.5888,905.40,477.75,0.6861,892.51,480.14,0.7501,914.47,508.31,0.5809,905.40,520.24,0.7203,905.87,532.66,0.6890,881.52,567.04,0.8106
575,bottom,0,833.88,615.99,960.50,860.47,912.71,636.76,0.8985,912.71,634.97,0.6327,915.09,634.37,0.6092,904.35,640.34,0.7413,921.66,640.94,0.7772,886.44,664.81,0.8358,934.19,670.19,0.9044,858.39,700.63,0.8593,940.16,701.22,0.8084,841.68,735.25,0.8667,949.71,736.44,0.7951,881.07,731.66,0.7488,910.91,734.05,0.7193,870.92,774.64,0.7853,938.37,782.40,0.8763,860.18,827.76,0.7914,924.64,838.51,0.8727
576,top,1,870.30,388.11,971.50,586.32,913.16,403.50,0.8702,915.58,399.14,0.8060,908.32,400.60,0.8210,921.38,402.05,0.7397,903.48,405.92,0.8181,924.29,414.15,0.7597,906.38,432.05,0.8161,927.68,426.24,0.5615,923.80,454.31,0.7192,952.84,424.31,0.6241,951.87,457.21,0.6713,913.16,476.09,0.6947,898.16,479.47,0.7582,920.42,508.02,0.6299,907.83,521.09,0.7409,905.42,532.22,0.7050,881.70,566.58,0.8697
576,bottom,0,840.16,615.85,963.84,857.73,921.49,637.58,0.8155,920.31,634.62,0.5786,923.26,635.21,0.6207,912.04,640.53,0.7496,929.17,641.12,0.8032,893.15,664.74,0.8208,940.39,670.65,0.8815,865.98,700.17,0.8423,943.93,701.36,0.8074,849.45,734.43,0.8493,952.79,734.43,0.7675,887.24,732.06,0.7391,916.18,733.83,0.7018,885.47,776.35,0.7753,946.29,775.76,0.8470,877.20,825.96,0.8055,931.53,832.45,0.8872
577,top,1,873.20,383.94,972.66,586.33,916.51,398.67,0.8862,918.98,394.72,0.8052,912.06,396.20,0.8242,924.91,398.17,0.7235,906.62,401.14,0.8604,926.88,410.03,0.7552,908.11,428.81,0.8461,928.37,423.87,0.5256,922.93,456.97,0.7793,947.14,424.86,0.4909,954.55,460.43,0.7390,919.97,470.32,0.7135,903.17,475.26,0.7508,927.38,501.44,0.6862,908.60,519.23,0.7430,907.61,529.12,0.7869,882.41,565.68,0.8852
577,bottom,0,850.30,618.16,964.94,865.68,930.58,639.79,0.8007,929.38,636.77,0.5512,932.40,637.38,0.6415,919.71,642.21,0.7411,936.63,642.82,0.8237,900.37,667.59,0.8127,946.90,672.43,0.8727,874.38,702.64,0.8175,948.11,704.45,0.7764,859.28,735.88,0.8217,955.96,738.90,0.7368,895.53,736.48,0.7526,922.73,735.88,0.7013,895.53,784.22,0.7636,956.57,773.35,0.8306,887.68,828.34,0.7942,942.07,828.34,0.8605
578,top,1,877.36,378.30,971.90,585.95,919.56,394.93,0.8993,922.60,390.87,0.8241,915.51,392.39,0.8315,928.18,393.91,0.7658,909.93,396.45,0.8931,930.71,405.07,0.7592,909.93,424.84,0.8646,929.70,420.28,0.5337,922.60,457.79,0.8372,943.39,424.33,0.5385,953.53,464.89,0.7502,925.64,463.87,0.7111,906.89,468.94,0.7219,933.76,496.83,0.7168,910.44,514.06,0.7620,910.94,524.71,0.8092,886.10,562.73,0.8946
578,bottom,0,866.93,620.59,980.22,869.19,939.96,643.53,0.8009,939.35,640.50,0.5651,942.39,641.11,0.5845,929.04,645.96,0.7421,946.64,647.17,0.7543,910.22,671.45,0.8214,952.71,676.91,0.8710,884.73,706.65,0.8053,950.89,706.05,0.7706,873.20,740.03,0.8035,958.78,738.82,0.7431,902.33,743.07,0.7550,929.64,742.46,0.6772,903.55,794.05,0.7697,969.09,767.35,0.8320,892.01,839.57,0.8053,959.38,826.22,0.8724
579,top,1,882.00,376.80,964.59,584.72,925.32,392.94,0.8852,927.86,388.88,0.7753,920.76,390.41,0.8345,932.94,391.42,0.7446,914.66,394.47,0.8724,933.45,403.60,0.7254,912.13,423.91,0.8506,931.42,420.36,0.5429,922.28,457.92,0.8051,942.08,425.43,0.5824,950.20,472.64,0.7366,929.89,460.46,0.7501,909.59,465.53,0.7305,941.06,490.40,0.7004,913.65,512.23,0.7437,916.19,518.83,0.8022,892.84,559.44,0.8429
579,bottom,0,878.53,625.62,1004.06,872.56,949.13,646.60,0.8678,951.55,642.99,0.6077,950.34,644.19,0.5590,937.08,648.41,0.7401,955.77,649.62,0.7070,920.20,674.94,0.7976,959.99,679.16,0.8274,896.68,711.11,0.7667,954.56,707.49,0.7775,891.26,745.48,0.6981,960.59,740.65,0.7597,908.74,744.87,0.7383,934.66,743.06,0.6685,907.54,797.93,0.7710,978.67,764.77,0.7979,891.86,846.76,0.8578,979.88,823.85,0.8364
580,top,1,889.98,375.61,957.40,581.77,931.24,392.12,0.8897,933.76,387.59,0.8180,926.21,389.10,0.8117,938.29,391.11,0.7065,919.67,393.13,0.8517,939.80,402.19,0.7760,915.14,423.83,0.8417,937.28,420.81,0.5882,922.18,458.05,0.8178,942.31,428.86,0.5712,945.84,476.68,0.7644,933.25,459.56,0.7762,912.62,463.59,0.7711,946.84,490.77,0.6021,919.16,508.39,0.7781,922.68,516.44,0.7173,899.03,557.71,0.8334
580,bottom,0,880.48,626.30,1021.74,872.36,958.92,646.00,0.9107,961.32,642.40,0.6306,959.52,643.60,0.5577,946.91,649.01,0.7529,965.53,649.01,0.7116,931.89,673.64,0.8178,969.13,677.84,0.8026,924.08,704.88,0.5460,958.32,702.47,0.7934,946.91,728.30,0.3380,963.13,737.92,0.7580,917.47,744.52,0.7298,943.90,743.32,0.6457,909.06,798.59,0.7645,989.56,764.95,0.8038,892.24,846.65,0.8772,993.76,822.02,0.8156
581,top,1,898.86,376.66,959.04,578.41,936.33,392.81,0.8782,939.29,388.38,0.8061,932.39,389.36,0.8000,943.72,391.83,0.6926,925.50,393.80,0.8586,945.20,403.16,0.8069,918.60,424.34,0.8432,943.23,419.90,0.6446,922.54,459.31,0.8128,944.21,431.72,0.5976,944.21,479.50,0.6924,935.35,458.82,0.7916,913.18,462.76,0.7826,951.11,492.31,0.7729,923.03,506.59,0.7865,931.41,513.98,0.7605,906.29,556.84,0.8617
581,bottom,0,880.36,621.30,1028.62,870.80,970.33,642.50,0.8288,971.54,638.84,0.5542,972.76,639.45,0.5399,958.75,646.15,0.7604,977.03,645.54,0.6936,945.96,670.52,0.7916,980.07,675.39,0.7947,942.31,699.76,0.4879,963.63,697.93,0.8031,966.67,721.68,0.3389,969.72,736.30,0.7530,928.91,739.96,0.7178,953.27,739.96,0.6272,914.90,796.61,0.8156,1000.17,765.54,0.8202,891.75,844.12,0.8683,1000.17,821.58,0.8313
582,top,1,903.36,377.91,963.49,578.63,942.25,394.47,0.8944,945.68,390.55,0.8195,938.33,391.04,0.8141,949.60,394.96,0.6986,931.47,395.45,0.8620,950.58,406.23,0.8002,922.65,425.34,0.8345,946.17,425.34,0.5980,923.63,460.63,0.8076,946.17,440.05,0.4934,941.27,482.19,0.6892,938.33,461.61,0.7457,915.79,465.04,0.7575,953.52,500.81,0.6358,926.57,507.67,0.7802,941.27,517.47,0.5729,912.36,558.63,0.8452
582,bottom,0,881.99,617.27,1030.12,868.48,984.26,637.39,0.8174,985.49,634.32,0.5213,985.49,634.32,0.6111,973.22,641.68,0.6060,988.56,640.45,0.7552,960.35,666.83,0.7529,987.33,671.73,0.7742,952.99,697.49,0.4695,970.16,695.65,0.7725,977.52,725.70,0.3230,979.97,733.68,0.6875,941.33,736.74,0.6927,962.19,736.74,0.6253,927.23,790.72,0.7625,1008.80,766.18,0.7901,896.56,834.26,0.8191,999.60,822.61,0.8123
583,top,1,904.35,381.58,978.66,577.79,949.17,396.81,0.8393,952.52,392.98,0.7856,944.86,393.46,0.7408,955.88,396.81,0.7035,937.67,397.77,0.8074,955.40,410.70,0.7577,927.61,426.51,0.8372,951.56,428.90,0.5910,925.70,460.52,0.7729,952.04,441.84,0.5095,939.11,485.43,0.6489,941.98,463.39,0.7064,918.03,467.23,0.7263,957.79,501.24,0.6204,930.97,508.90,0.7591,957.31,523.27,0.5341,912.28,559.20,0.7997
583,bottom,0,885.94,614.64,1032.90,862.54,999.97,635.09,0.8590,1003.61,631.46,0.5691,999.97,632.07,0.6460,990.29,638.72,0.6465,1002.39,638.12,0.7057,973.95,662.93,0.7958,998.76,670.20,0.8524,966.08,695.01,0.5175,979.40,696.22,0.7739,993.92,721.04,0.4037,995.13,733.14,0.6823,952.77,733.75,0.7544,973.95,734.96,0.6915,941.87,787.61,0.7980,1018.13,768.85,0.8260,904.35,824.53,0.8340,1001.18,825.14,0.8593
584,top,1,903.53,383.30,990.49,576.97,955.52,398.34,0.8734,958.83,394.56,0.8372,951.27,395.03,0.7894,962.62,397.87,0.7111,944.18,398.81,0.8229,961.67,413.00,0.7725,933.78,426.71,0.8427,955.05,430.96,0.6547,929.05,460.75,0.7808,959.31,446.09,0.5870,940.39,485.81,0.7087,944.65,463.59,0.7220,922.43,466.42,0.7268,961.67,498.10,0.6814,933.30,509.45,0.7861,964.51,526.94,0.7456,912.97,559.57,0.8356
584,bottom,0,901.55,613.18,1037.51,845.55,1016.05,635.19,0.8478,1018.89,631.22,0.5708,1015.48,631.79,0.6481,1004.14,636.89,0.6529,1016.05,638.03,0.7579,989.39,660.72,0.8065,1006.41,670.93,0.8158,976.34,694.76,0.5721,993.36,703.84,0.7824,1003.00,724.83,0.4598,1018.89,738.44,0.7710,964.99,732.20,0.7086,981.45,733.91,0.6929,965.56,787.23,0.7781,1025.13,771.35,0.8652,920.17,809.36,0.7953,1002.44,824.11,0.8479
585,top,1,903.68,382.64,992.56,577.22,962.85,398.22,0.8837,965.70,393.94,0.8023,959.05,394.89,0.7939,969.50,398.22,0.6279,951.45,398.69,0.8191,967.60,413.42,0.7975,940.04,425.30,0.8330,962.85,431.95,0.6867,932.44,458.07,0.7916,969.97,451.42,0.6822,941.94,485.15,0.6941,948.60,463.78,0.7231,926.27,465.68,0.7122,966.65,497.50,0.7448,935.29,509.86,0.7814,966.65,528.86,0.7957,912.97,560.21,0.8521
585,bottom,0,924.02,613.85,1061.16,843.33,1029.01,635.03,0.8613,1033.49,632.23,0.6423,1027.33,631.67,0.6951,1020.04,636.71,0.6490,1029.57,637.83,0.7612,1003.24,660.80,0.7528,1018.36,671.45,0.7920,988.67,694.42,0.5258,1008.84,706.74,0.7636,1013.32,723.55,0.3820,1040.21,735.87,0.7315,978.02,731.39,0.6370,990.35,733.07,0.6907,991.47,785.18,0.7064,1030.13,774.53,0.8013,942.73,796.94,0.7094,1002.68,825.51,0.6837
586,top,1,903.86,381.67,992.41,577.24,969.62,396.38,0.8890,972.96,392.08,0.8122,965.80,392.08,0.7911,976.78,395.90,0.6336,958.64,396.38,0.8099,973.92,411.18,0.8633,946.22,422.16,0.8440,968.19,432.66,0.7558,935.72,454.15,0.7843,978.69,453.20,0.8068,943.84,483.75,0.6860,955.77,463.22,0.7467,932.38,464.18,0.6941,972.48,496.17,0.7242,936.20,511.92,0.7854,967.23,528.16,0.8192,913.28,560.15,0.8578
586,bottom,0,949.44,614.14,1086.57,843.30,1044.86,636.97,0.8205,1046.54,633.61,0.5787,1044.86,633.05,0.7007,1029.75,638.65,0.5500,1042.62,639.21,0.7115,1016.33,660.47,0.7200,1031.43,671.66,0.7598,1000.10,693.48,0.4819,1029.19,709.70,0.6871,1025.28,722.01,0.3480,1065.00,732.08,0.6341,988.35,728.16,0.6791,1001.22,730.40,0.6780,1016.89,776.28,0.6411,1034.79,776.84,0.7507,966.53,788.59,0.6347,1002.90,824.95,0.6597
587,top,1,906.38,378.84,997.06,575.96,975.78,393.67,0.8929,979.63,389.82,0.8156,971.93,389.82,0.7922,983.48,393.67,0.6806,965.19,392.70,0.8252,979.63,409.07,0.8525,951.72,419.17,0.8439,973.37,430.72,0.7654,939.20,450.93,0.7814,986.37,452.86,0.7541,946.42,481.25,0.6903,962.78,461.04,0.7363,938.72,462.48,0.6844,981.07,496.65,0.7604,938.72,512.05,0.7720,969.04,526.49,0.8064,914.66,557.77,0.8617
587,bottom,0,976.42,615.34,1106.69,843.36,1057.70,635.82,0.7740,1058.82,631.93,0.6397,1057.70,632.48,0.6413,1039.33,637.49,0.5318,1053.81,639.16,0.6247,1029.87,658.65,0.6909,1044.90,670.34,0.7232,1016.51,695.95,0.4398,1047.12,707.64,0.6672,1046.01,721.00,0.4983,1084.98,721.00,0.6706,1000.92,724.34,0.6867,1010.38,728.23,0.7204,1032.65,763.86,0.5008,1040.44,776.67,0.7252,992.57,786.13,0.6079,1003.15,823.98,0.7527
588,top,1,910.46,374.36,1004.15,573.64,982.12,389.83,0.8747,986.01,386.43,0.7979,978.22,385.94,0.7715,989.41,389.83,0.6711,970.93,388.37,0.8241,985.04,405.40,0.8408,957.30,414.16,0.8256,980.17,427.78,0.7596,943.68,446.27,0.7813,993.79,451.62,0.8098,949.03,478.38,0.6961,968.01,459.41,0.7259,945.63,461.35,0.6536,985.04,494.44,0.7741,944.65,510.98,0.7702,968.49,527.03,0.7663,919.84,555.74,0.8384
588,bottom,0,988.36,613.59,1124.07,842.23,1069.61,633.58,0.8118,1070.72,629.67,0.6461,1068.49,630.23,0.6590,1052.86,636.37,0.5267,1064.58,637.48,0.6240,1042.82,655.90,0.6838,1054.54,665.95,0.7294,1026.63,690.51,0.4261,1062.35,703.91,0.6434,1050.63,707.26,0.2864,1100.87,712.28,0.5856,1024.40,718.42,0.6441,1018.26,725.12,0.7444,1065.14,736.84,0.6121,1043.93,778.70,0.7127,1022.16,784.29,0.6803,1004.30,823.36,0.7972
589,top,1,915.75,370.39,1010.91,572.68,987.53,385.61,0.8563,990.98,381.65,0.8263,983.58,381.65,0.7905,994.93,385.61,0.6705,976.17,384.12,0.8394,990.00,401.41,0.8350,962.83,409.80,0.8279,986.54,425.61,0.7676,948.02,440.92,0.8072,1000.86,449.31,0.8369,950.98,471.54,0.7342,973.70,458.20,0.7008,953.94,459.69,0.6141,987.03,493.76,0.7608,952.46,509.07,0.7323,969.75,526.36,0.7787,925.79,553.03,0.8368
589,bottom,0,990.77,609.56,1137.36,840.84,1081.57,632.60,0.8181,1082.13,629.78,0.6252,1080.44,629.78,0.6673,1067.45,634.86,0.4313,1074.79,635.99,0.6325,1054.47,654.62,0.6676,1066.32,663.09,0.7225,1043.17,688.50,0.3508,1075.36,696.97,0.6490,1074.79,705.44,0.2788,1114.88,703.75,0.6231,1041.48,715.04,0.6185,1029.06,721.81,0.7526,1074.23,729.15,0.6166,1047.69,779.97,0.7186,1051.08,781.10,0.7128,1006.47,820.06,0.7810
590,top,1,922.56,366.24,1015.96,571.82,992.35,380.69,0.8520,995.36,376.68,0.8427,988.33,376.68,0.8008,999.88,379.19,0.6721,980.80,379.19,0.8495,995.36,396.25,0.8426,967.75,404.78,0.8178,992.35,421.85,0.7674,952.70,435.90,0.8198,1005.90,446.44,0.8119,953.70,467.02,0.7383,977.29,453.97,0.7034,960.22,454.47,0.6199,986.83,494.12,0.7464,962.23,504.16,0.6672,970.26,525.24,0.7450,931.62,547.83,0.7867
590,bottom,0,991.59,608.32,1149.15,841.24,1094.82,632.09,0.8283,1094.82,628.68,0.6423,1093.68,628.68,0.7119,1081.17,633.80,0.4699,1087.43,633.80,0.6778,1066.96,653.13,0.6577,1077.76,659.96,0.7352,1055.02,686.68,0.3077,1088.57,693.51,0.6186,1094.25,705.45,0.2555,1126.10,702.04,0.5449,1052.74,712.27,0.5389,1040.80,717.96,0.7174,1084.02,725.92,0.6967,1052.17,777.10,0.7736,1087.43,774.82,0.6571,1008.39,815.76,0.8008
591,top,1,929.12,363.42,1018.84,568.37,997.50,376.83,0.8385,1000.50,372.83,0.8473,992.99,372.33,0.7928,1004.50,375.33,0.7012,984.99,375.33,0.8315,1000.50,391.34,0.8172,972.98,400.35,0.7884,997.00,416.86,0.7455,956.47,430.87,0.7946,1010.51,441.38,0.7812,956.47,462.90,0.6798,981.99,449.89,0.6789,964.97,449.89,0.6139,987.99,489.92,0.7184,967.48,497.92,0.6439,969.48,524.44,0.7420,938.95,541.45,0.7164
591,bottom,0,996.57,608.36,1157.81,840.82,1107.27,629.81,0.8221,1107.84,626.98,0.6499,1106.14,626.41,0.7136,1093.65,632.08,0.5196,1101.03,632.65,0.7125,1080.03,653.08,0.6354,1090.81,659.33,0.7208,1063.57,682.59,0.2927,1097.62,689.97,0.6566,1080.03,699.62,0.1921,1131.11,700.75,0.6233,1064.14,712.67,0.5087,1053.36,717.78,0.6805,1094.22,730.83,0.6727,1056.76,776.80,0.7642,1115.78,768.29,0.6674,1012.49,811.42,0.7822
592,top,1,937.35,358.30,1023.89,562.94,1002.60,372.69,0.8115,1005.60,369.19,0.8323,998.60,368.69,0.7652,1009.10,372.19,0.6747,990.11,371.19,0.8047,1004.10,389.18,0.8163,977.62,395.67,0.7881,1001.10,413.16,0.7456,961.13,426.65,0.8051,1014.09,437.14,0.7950,960.13,457.62,0.7194,985.61,446.63,0.6914,969.63,446.13,0.6429,987.61,488.10,0.7082,973.12,491.10,0.5831,970.63,523.07,0.7565,947.14,537.56,0.7308
592,bottom,0,1002.32,608.23,1163.75,839.56,1118.62,631.84,0.8544,1120.31,628.45,0.7074,1116.92,628.45,0.7506,1109.58,631.84,0.5104,1110.15,633.53,0.7475,1099.98,655.00,0.6201,1099.98,658.95,0.7343,1117.49,680.41,0.6361,1102.80,687.75,0.7023,1146.29,697.35,0.6652,1137.82,701.31,0.6331,1080.78,715.43,0.5632,1067.79,718.82,0.6775,1107.32,738.58,0.6508,1064.96,775.86,0.7435,1133.87,770.21,0.6231,1018.09,809.18,0.7742
593,top,1,951.93,355.48,1029.98,562.01,1006.58,370.00,0.8877,1010.11,366.98,0.8866,1003.05,366.47,0.8012,1013.14,370.51,0.7235,995.49,369.50,0.8483,1009.11,386.64,0.8247,982.89,393.20,0.8308,1005.58,410.34,0.7985,965.74,423.95,0.8283,1018.69,436.56,0.8061,963.22,453.70,0.7215,988.94,444.12,0.7313,973.81,444.12,0.6891,992.47,485.47,0.6981,983.89,488.50,0.6576,973.81,520.26,0.7751,959.19,534.38,0.7187
593,bottom,0,1007.13,610.12,1172.85,836.53,1130.90,634.33,0.9026,1133.11,631.56,0.7286,1129.79,631.56,0.7560,1119.29,633.78,0.5203,1122.05,635.43,0.7942,1107.68,655.33,0.6325,1111.55,659.76,0.7530,1128.69,676.89,0.6742,1108.79,688.50,0.7480,1155.77,686.84,0.7139,1139.74,703.98,0.6880,1092.20,715.59,0.5455,1082.25,720.56,0.6563,1119.84,732.17,0.7005,1077.83,776.94,0.7268,1148.03,769.21,0.6515,1029.19,807.35,0.7675
594,top,1,959.06,355.27,1034.45,561.42,1012.35,369.77,0.9020,1015.37,366.24,0.8975,1008.33,366.24,0.8103,1018.90,369.77,0.7067,1000.78,368.26,0.8353,1014.87,385.87,0.8230,988.20,391.41,0.8370,1010.84,410.03,0.8193,970.58,422.11,0.8322,1022.92,436.70,0.8151,967.06,453.31,0.7366,991.22,441.74,0.7496,976.62,441.74,0.7043,999.77,484.01,0.7150,991.22,487.54,0.7130,977.63,519.74,0.7418,969.57,534.34,0.7106
594,bottom,0,1020.58,614.17,1186.42,829.73,1141.29,637.74,0.8979,1142.91,634.50,0.7056,1140.75,634.50,0.7685,1126.71,637.74,0.5338,1133.73,638.28,0.7739,1115.92,657.71,0.6487,1122.93,662.03,0.7278,1142.37,673.91,0.5946,1114.30,687.40,0.7345,1169.90,678.76,0.7321,1140.75,702.52,0.6793,1098.64,715.47,0.4956,1090.00,720.87,0.6332,1131.03,721.95,0.7338,1090.54,778.09,0.7356,1150.46,767.29,0.7634,1042.50,804.00,0.7663
595,top,0,963.98,357.93,1039.74,563.41,1017.41,371.37,0.8641,1020.42,367.86,0.8671,1013.40,367.36,0.7828,1023.43,370.87,0.6686,1005.87,369.36,0.8064,1019.92,387.92,0.8214,992.83,392.94,0.8236,1016.41,412.00,0.8081,974.77,422.54,0.8156,1027.95,439.09,0.7926,971.26,453.64,0.7352,994.84,441.60,0.7390,979.28,441.60,0.7018,1005.87,482.24,0.7165,995.84,486.25,0.7147,983.30,516.35,0.6838,981.29,535.92,0.7259
595,bottom,2,1030.70,617.99,1196.57,825.99,1151.43,639.92,0.9275,1152.51,636.68,0.6949,1150.35,636.14,0.7910,1136.31,639.92,0.5020,1143.33,640.46,0.7827,1124.43,658.82,0.6821,1131.99,663.68,0.7539,1149.27,670.70,0.5304,1119.58,686.35,0.7681,1178.43,670.70,0.7409,1140.63,702.55,0.6639,1101.22,713.89,0.4662,1096.36,720.91,0.6530,1140.63,716.59,0.7118,1100.14,781.38,0.7727,1151.97,766.26,0.7406,1051.00,801.90,0.7844
596,top,1,966.69,359.34,1041.96,538.25,1023.54,373.67,0.8776,1026.60,370.61,0.8722,1019.17,370.17,0.8271,1030.09,374.10,0.6662,1011.75,372.79,0.7989,1024.85,390.70,0.9198,998.65,395.94,0.8392,1022.67,416.47,0.8151,979.86,423.90,0.8060,1034.90,445.30,0.7328,975.50,455.35,0.7221,998.65,442.24,0.8011,985.11,442.68,0.7798,1010.44,482.43,0.7322,1000.83,483.30,0.7374,985.11,514.75,0.5756,994.28,535.28,0.7470
596,bottom,0,1038.25,617.77,1204.95,825.97,1159.04,639.93,0.9192,1160.13,637.22,0.6826,1158.50,636.67,0.7997,1143.85,639.93,0.5176,1151.45,641.02,0.7975,1134.08,657.84,0.6653,1138.42,663.81,0.7245,1160.13,663.81,0.5490,1124.31,684.97,0.7678,1188.89,661.64,0.7196,1143.31,702.88,0.6920,1106.41,713.19,0.4719,1100.98,720.24,0.6511,1145.48,714.82,0.6966,1106.95,780.48,0.7551,1151.99,765.83,0.7348,1057.57,800.01,0.7631
597,top,1,970.59,364.13,1048.63,558.01,1028.07,379.66,0.8791,1031.38,376.34,0.8722,1023.81,375.40,0.8498,1034.70,379.66,0.7257,1016.71,377.76,0.8404,1029.49,396.70,0.8615,1002.04,401.43,0.8211,1029.02,423.20,0.8301,984.05,428.88,0.7947,1041.32,452.08,0.7723,979.79,460.12,0.7338,1002.51,446.87,0.7378,988.31,446.87,0.7181,1014.34,484.74,0.7015,1006.30,486.63,0.7344,989.73,514.56,0.6891,1004.40,540.59,0.7290
597,bottom,0,1042.77,614.64,1212.95,823.58,1164.42,639.33,0.8835,1166.08,635.45,0.6135,1164.42,635.45,0.7449,1149.46,638.22,0.5218,1158.33,639.89,0.8097,1138.38,655.40,0.6983,1144.48,662.60,0.7257,1163.31,659.28,0.5148,1127.30,681.99,0.7525,1191.57,654.29,0.7001,1143.37,703.04,0.6802,1109.02,711.35,0.4988,1105.15,717.44,0.6693,1147.25,713.57,0.7138,1111.24,777.27,0.7526,1152.23,765.09,0.7523,1063.04,796.11,0.7630
598,top,0,974.77,370.23,1057.87,567.38,1031.73,386.02,0.8861,1035.10,382.17,0.8611,1027.88,381.69,0.8196,1037.98,385.06,0.7004,1020.17,384.58,0.8101,1034.13,402.39,0.8386,1005.25,408.16,0.8159,1035.10,429.34,0.8160,988.41,437.04,0.7736,1049.05,459.66,0.7821,983.59,469.77,0.7038,1007.18,451.48,0.7167,992.26,451.00,0.7109,1016.80,490.95,0.6499,1011.51,491.43,0.7369,994.18,517.42,0.7318,1015.36,545.82,0.8025
598,bottom,1,1044.82,611.89,1211.77,822.40,1165.80,635.62,0.8654,1167.97,632.36,0.5830,1166.34,632.36,0.6766,1151.67,635.62,0.5188,1161.45,637.25,0.7843,1141.34,652.47,0.6833,1147.32,659.53,0.7289,1164.17,655.18,0.5431,1129.38,679.10,0.7462,1191.88,648.66,0.7263,1144.06,699.75,0.6837,1107.64,707.36,0.4811,1106.56,713.88,0.6554,1148.95,711.71,0.6810,1114.16,774.21,0.7329,1152.21,764.97,0.7243,1066.34,792.14,0.7624
599,top,2,979.49,380.12,1070.44,567.37,1034.56,393.28,0.8772,1037.76,389.63,0.8273,1030.91,389.63,0.7405,1040.96,393.28,0.6493,1023.14,392.37,0.7842,1038.22,410.20,0.8381,1008.96,416.14,0.8159,1041.88,434.88,0.8082,992.96,444.48,0.7296,1058.79,464.14,0.8050,988.85,476.49,0.6230,1011.25,457.74,0.7571,997.54,457.74,0.7369,1022.22,497.06,0.5910,1019.48,497.06,0.7379,995.71,519.46,0.7436,1020.39,549.63,0.8091
599,bottom,0,1049.67,608.75,1209.84,823.84,1165.99,629.65,0.8247,1169.14,627.02,0.5629,1167.04,626.50,0.6515,1150.24,629.65,0.5283,1164.42,632.27,0.8067,1140.78,648.55,0.6650,1149.19,655.38,0.7395,1161.26,652.75,0.5067,1131.33,676.39,0.7434,1189.10,646.45,0.6417,1142.88,696.87,0.6674,1107.70,704.22,0.4726,1108.75,710.52,0.6256,1149.19,711.04,0.6855,1116.10,770.91,0.7307,1152.34,765.13,0.7409,1067.27,790.34,0.7637
600,top,4,980.46,383.59,1079.63,568.18,1039.51,399.27,0.8590,1042.21,395.22,0.8138,1035.45,396.12,0.7117,1045.37,399.27,0.6505,1026.89,399.73,0.7528,1043.11,417.30,0.8378,1013.37,423.61,0.8106,1050.32,440.74,0.7637,997.60,452.45,0.7422,1071.05,466.42,0.7662,995.79,485.35,0.6620,1015.62,463.27,0.7387,1000.75,464.62,0.7242,1029.14,498.42,0.6130,1028.24,500.22,0.7257,996.24,521.40,0.7658,1022.38,549.34,0.7979
600,bottom,0,1050.57,600.79,1203.93,819.42,1164.08,621.50,0.8291,1167.28,618.83,0.5861,1164.08,618.83,0.6638,1151.27,623.10,0.5232,1162.48,625.24,0.7899,1139.53,643.92,0.6819,1149.67,650.32,0.7455,1153.94,652.46,0.5533,1131.52,672.74,0.7822,1183.30,646.59,0.6888,1141.13,695.69,0.6740,1108.57,701.03,0.4907,1109.10,705.84,0.6399,1148.60,712.78,0.7070,1118.18,765.62,0.7530,1152.34,765.62,0.7306,1068.00,788.04,0.7586
601,top,1,982.51,388.95,1088.87,566.29,1044.35,404.01,0.8239,1046.95,399.68,0.8123,1040.02,400.55,0.7073,1049.98,402.71,0.6507,1031.36,403.58,0.7489,1048.25,420.47,0.7789,1017.94,428.69,0.7765,1059.07,442.55,0.6893,1002.78,457.27,0.7577,1082.88,462.03,0.6442,1002.78,489.74,0.6661,1020.54,467.66,0.6682,1005.81,468.53,0.6771,1035.26,501.00,0.5260,1035.69,501.00,0.6807,999.32,520.48,0.7354,1025.73,548.19,0.7807
601,bottom,0,1052.81,594.56,1198.67,822.96,1161.43,614.52,0.8289,1164.77,611.73,0.5619,1161.99,611.73,0.6438,1148.05,616.19,0.5555,1161.99,618.43,0.7980,1137.45,637.94,0.7046,1148.05,645.19,0.7420,1151.95,652.44,0.5763,1130.76,669.17,0.7694,1180.95,649.65,0.7242,1140.80,695.38,0.6461,1106.78,696.49,0.5040,1109.01,701.51,0.6544,1147.49,713.22,0.6989,1119.61,760.62,0.7393,1152.51,765.08,0.7406,1069.98,787.95,0.7541
602,top,1,983.82,389.75,1114.99,567.42,1049.41,404.84,0.8328,1051.57,400.51,0.7907,1044.63,400.94,0.7337,1055.48,403.11,0.5819,1035.96,404.84,0.7592,1054.61,420.46,0.7469,1024.68,430.00,0.7898,1070.23,440.41,0.7121,1010.37,460.37,0.7851,1097.12,453.86,0.6632,1012.53,492.03,0.7063,1025.11,471.21,0.6387,1011.67,472.51,0.6750,1023.38,502.88,0.4506,1042.03,504.61,0.7041,996.92,521.09,0.7329,1025.55,546.25,0.7782
602,bottom,0,1054.28,586.32,1184.27,818.30,1157.22,607.16,0.8748,1161.19,604.33,0.6174,1157.79,604.33,0.6553,1147.03,609.42,0.6067,1158.36,609.99,0.7633,1134.00,632.08,0.7349,1147.59,638.87,0.7904,1143.06,658.13,0.6047,1130.60,666.63,0.7614,1167.42,657.57,0.6725,1140.23,696.64,0.6904,1107.95,693.25,0.5335,1110.21,697.78,0.6870,1145.33,713.07,0.7433,1120.41,754.41,0.7592,1151.56,766.31,0.7845,1071.70,784.43,0.7750
603,top,2,988.68,387.84,1123.80,568.90,1054.47,403.67,0.8603,1057.12,399.25,0.8188,1050.05,400.13,0.7628,1060.22,402.78,0.5965,1041.21,404.11,0.7816,1059.78,420.02,0.7484,1031.04,429.75,0.7939,1077.46,436.82,0.6980,1017.34,461.57,0.7935,1105.75,442.57,0.7155,1022.20,491.63,0.6929,1030.60,473.51,0.6269,1017.78,473.95,0.6867,1022.65,500.91,0.6047,1047.84,508.87,0.7074,999.66,519.04,0.7763,1025.30,546.44,0.7901
603,bottom,0,1053.87,580.11,1175.14,819.32,1151.88,601.02,0.8912,1155.97,598.10,0.6752,1151.88,597.51,0.6864,1143.71,603.35,0.6848,1155.97,603.94,0.7584,1129.69,626.13,0.7326,1146.63,634.89,0.7834,1138.45,658.84,0.5753,1131.44,664.09,0.7506,1158.31,667.01,0.7208,1138.45,699.13,0.6881,1109.25,691.54,0.4897,1111.00,695.63,0.6582,1141.37,716.65,0.6961,1119.76,751.11,0.7701,1151.30,766.88,0.7509,1073.04,784.98,0.7465
604,top,1,992.50,385.99,1115.22,568.23,1060.54,401.47,0.7908,1062.76,397.91,0.7912,1056.09,398.36,0.7320,1066.32,401.47,0.6287,1046.74,401.47,0.7378,1064.98,418.82,0.6989,1036.95,428.17,0.7505,1083.23,433.06,0.6217,1024.94,460.20,0.7451,1114.82,436.62,0.5049,1032.06,490.45,0.6755,1036.51,473.99,0.5044,1023.61,474.44,0.6210,1029.84,499.35,0.5318,1052.53,517.59,0.6669,1005.81,520.26,0.7662,1027.17,546.07,0.7469
604,bottom,0,1059.13,574.10,1172.84,816.71,1148.56,595.90,0.9162,1152.12,592.94,0.6825,1148.56,591.75,0.7075,1139.68,598.86,0.7143,1153.30,598.27,0.8089,1124.87,620.18,0.7713,1146.19,631.44,0.8096,1129.02,656.90,0.5453,1131.38,662.83,0.7335,1143.23,674.67,0.6467,1136.71,698.96,0.6403,1101.18,687.11,0.5342,1109.47,691.85,0.6762,1135.53,719.69,0.6647,1118.95,747.53,0.7832,1149.15,767.67,0.7752,1076.30,787.21,0.7780
605,top,1,996.96,384.47,1134.57,569.25,1066.21,399.72,0.8310,1068.92,395.66,0.8050,1061.70,396.11,0.7598,1072.53,399.72,0.5831,1052.68,399.72,0.8004,1069.82,416.86,0.7230,1044.11,427.24,0.7576,1087.42,432.20,0.6458,1033.28,461.07,0.7352,1122.16,433.55,0.6874,1042.76,488.59,0.6637,1044.11,475.96,0.5291,1031.03,477.76,0.6483,1041.40,506.19,0.5462,1058.09,521.52,0.6876,1010.72,522.88,0.7654,1028.32,545.43,0.8038
605,bottom,0,1065.11,570.72,1169.31,817.10,1145.48,592.26,0.9181,1147.28,589.25,0.6482,1147.28,588.65,0.7618,1134.65,595.26,0.7365,1148.49,595.86,0.8357,1119.01,616.32,0.7744,1144.88,629.55,0.8237,1106.98,651.80,0.5388,1131.04,662.03,0.7470,1120.82,679.47,0.3830,1135.25,699.32,0.6806,1096.76,684.89,0.6114,1108.79,689.10,0.6887,1128.04,722.78,0.6540,1119.61,743.83,0.7531,1144.88,766.09,0.7774,1082.32,789.55,0.7555
606,top,1,1002.41,382.57,1117.68,568.99,1072.34,397.95,0.8485,1074.61,393.85,0.7809,1067.79,394.31,0.7161,1078.25,398.41,0.5974,1058.23,397.50,0.7346,1073.70,416.16,0.7116,1050.04,424.35,0.7825,1086.90,431.18,0.6089,1041.84,458.94,0.7435,1111.93,435.27,0.3929,1052.31,485.34,0.6868,1051.40,473.96,0.4414,1036.84,475.78,0.5593,1051.86,512.64,0.4944,1064.15,522.20,0.6699,1017.72,529.03,0.7240,1030.92,545.41,0.7424
606,bottom,0,1068.53,569.47,1161.77,819.65,1142.02,591.33,0.9076,1143.25,588.89,0.6518,1143.86,588.28,0.7506,1131.03,594.39,0.7484,1145.08,595.00,0.8263,1114.54,615.76,0.7735,1142.63,628.59,0.8305,1102.93,651.19,0.5553,1128.59,662.19,0.7630,1116.37,679.90,0.3843,1132.25,700.67,0.6911,1094.38,686.01,0.6117,1107.21,690.28,0.6723,1126.14,720.82,0.6341,1119.42,744.65,0.7463,1138.36,765.41,0.7372,1084.61,791.68,0.7461
607,top,1,1015.68,382.37,1115.07,569.05,1078.59,397.77,0.8762,1080.87,393.67,0.8039,1074.03,394.13,0.7594,1084.06,398.23,0.5892,1064.46,397.77,0.7494,1078.13,417.83,0.6930,1056.71,423.30,0.7811,1093.18,434.24,0.5425,1048.51,457.48,0.7716,1124.62,438.34,0.4303,1063.55,483.91,0.6696,1057.62,475.25,0.4406,1042.58,477.53,0.5785,1061.27,517.64,0.4956,1072.67,523.11,0.6568,1029.37,537.24,0.6609,1033.01,544.08,0.7416
607,bottom,0,1067.54,571.10,1151.21,817.05,1136.99,592.00,0.9251,1138.20,589.60,0.6771,1138.80,588.39,0.7688,1126.79,594.40,0.7763,1141.20,595.00,0.8496,1109.37,617.82,0.7887,1139.40,630.43,0.8402,1097.97,653.24,0.5710,1125.59,664.05,0.7813,1110.57,680.86,0.3450,1129.79,703.08,0.7095,1092.56,687.47,0.6056,1106.97,692.27,0.6641,1124.99,720.49,0.5935,1118.98,748.12,0.7410,1126.19,767.93,0.6390,1084.15,793.75,0.7645
608,top,4,1027.45,383.89,1145.20,574.34,1085.86,400.07,0.8970,1088.19,395.88,0.8055,1081.21,396.35,0.8087,1091.44,400.07,0.5202,1070.98,400.07,0.8356,1084.93,420.99,0.7365,1064.47,424.25,0.7853,1099.81,438.66,0.6579,1057.50,457.26,0.8047,1133.75,443.78,0.7494,1073.77,479.58,0.6975,1065.87,477.25,0.6166,1049.59,479.58,0.6999,1081.21,520.03,0.6257,1080.28,524.68,0.6890,1045.41,551.18,0.6722,1039.36,544.67,0.8299
608,bottom,0,1067.41,574.38,1147.75,820.92,1132.86,595.93,0.9464,1132.86,593.52,0.6949,1134.07,592.32,0.7501,1121.43,598.34,0.8153,1138.28,599.54,0.8595,1105.18,621.81,0.7772,1135.87,633.85,0.8304,1090.73,656.72,0.6731,1122.63,668.16,0.7964,1084.71,691.03,0.6144,1126.24,704.87,0.7142,1091.93,691.03,0.6165,1106.38,695.24,0.6432,1120.22,725.94,0.5503,1118.42,751.22,0.7386,1117.21,771.68,0.6481,1082.91,795.76,0.7470
609,top,4,1028.33,387.72,1150.03,580.67,1091.53,404.12,0.8515,1093.89,399.88,0.7810,1087.29,400.35,0.7724,1097.18,404.59,0.5625,1076.93,404.12,0.7937,1091.06,425.31,0.7425,1070.33,426.73,0.8066,1106.13,442.74,0.6328,1067.98,458.76,0.7654,1135.81,447.92,0.7134,1086.35,474.78,0.5896,1067.04,482.31,0.5945,1056.67,483.25,0.7435,1081.17,526.12,0.4637,1090.12,525.65,0.6769,1051.49,559.10,0.5849,1048.67,550.15,0.7774
609,bottom,0,1061.12,579.23,1145.70,820.12,1129.29,599.11,0.9392,1129.88,596.76,0.6611,1129.88,595.58,0.7214,1118.11,600.88,0.7658,1134.58,602.64,0.8450,1101.65,624.99,0.7734,1132.82,636.75,0.8218,1082.83,661.45,0.7047,1120.47,672.62,0.7708,1070.48,691.44,0.7111,1123.99,710.85,0.7368,1086.36,694.97,0.6061,1102.23,699.09,0.6255,1119.29,728.49,0.5274,1118.11,754.96,0.7477,1117.53,772.60,0.6325,1081.65,797.30,0.7218
610,top,3,1028.38,391.30,1128.46,582.93,1097.60,407.58,0.8648,1099.94,403.84,0.8072,1093.39,403.84,0.8375,1103.68,408.52,0.5953,1084.03,408.05,0.8014,1097.13,429.10,0.7711,1078.42,429.10,0.8124,1107.89,447.35,0.5200,1078.42,457.64,0.7827,1142.51,451.09,0.3392,1100.87,470.27,0.6487,1066.25,485.71,0.5280,1063.45,487.11,0.6855,1080.29,527.35,0.6612,1098.07,525.01,0.7601,1041.93,555.89,0.7075,1069.06,564.77,0.7085
610,bottom,0,1046.35,583.01,1143.44,819.93,1125.55,601.99,0.9131,1128.44,599.67,0.6467,1125.55,599.09,0.6885,1115.14,603.72,0.7376,1131.34,604.88,0.8401,1096.05,628.01,0.7779,1130.76,639.58,0.8205,1072.92,660.98,0.7679,1119.19,676.60,0.7619,1055.56,691.06,0.7761,1123.82,715.35,0.7446,1081.01,698.00,0.6241,1097.79,702.05,0.6560,1119.77,733.86,0.5350,1119.19,757.58,0.7795,1119.19,773.19,0.6088,1081.01,798.07,0.6974
611,top,4,1028.87,398.32,1164.41,574.32,1105.47,412.19,0.8082,1107.23,408.22,0.7889,1101.06,408.22,0.7111,1110.32,413.08,0.5160,1090.91,411.75,0.6955,1103.70,434.25,0.7190,1085.17,434.25,0.7465,1117.82,452.78,0.5490,1088.70,458.08,0.6342,1150.47,458.08,0.5878,1112.09,465.58,0.5743,1077.67,488.96,0.5711,1068.85,490.73,0.6975,1084.29,532.20,0.5791,1103.70,526.47,0.6794,1045.46,554.70,0.6571,1092.23,575.00,0.6516
611,bottom,0,1034.43,582.76,1143.20,820.05,1123.00,604.08,0.9264,1125.89,601.76,0.6944,1123.57,600.60,0.6686,1112.57,605.24,0.7555,1127.63,606.98,0.8190,1089.97,628.41,0.7694,1128.21,640.00,0.8347,1063.90,659.69,0.7744,1118.94,678.23,0.8092,1043.63,688.08,0.7776,1126.47,712.99,0.7579,1076.07,697.93,0.6673,1091.13,702.57,0.6962,1118.36,732.11,0.5503,1118.94,755.86,0.7806,1117.78,773.24,0.6701,1081.86,798.16,0.7118
612,top,1,1033.27,401.41,1172.34,579.71,1112.31,416.77,0.8164,1114.57,413.15,0.8057,1108.24,413.15,0.7190,1116.84,417.22,0.5010,1098.28,416.77,0.6955,1110.95,439.86,0.6580,1092.84,438.50,0.7293,1125.89,460.23,0.4761,1099.18,460.23,0.6164,1156.67,466.12,0.5112,1124.08,464.76,0.5332,1086.05,494.18,0.5640,1076.55,495.54,0.6785,1086.96,535.83,0.6039,1109.59,531.31,0.7035,1048.93,552.13,0.6956,1116.84,583.82,0.6299
612,bottom,0,1025.12,583.36,1142.15,820.28,1120.07,604.07,0.8978,1122.39,601.76,0.6839,1120.07,601.76,0.6958,1109.66,605.80,0.7540,1122.97,607.54,0.8150,1085.37,627.78,0.7671,1127.02,641.67,0.8594,1057.03,655.55,0.7711,1120.65,678.11,0.8074,1034.47,683.31,0.8509,1129.33,709.92,0.7968,1071.49,698.93,0.7066,1087.68,702.98,0.7143,1107.35,735.95,0.5148,1114.87,755.04,0.8014,1110.24,771.23,0.6007,1080.16,799.58,0.7008
613,top,0,1039.04,407.90,1159.72,606.51,1117.81,423.80,0.8424,1119.75,420.41,0.7794,1113.44,419.92,0.7769,1124.60,425.26,0.5923,1104.23,423.32,0.8057,1116.35,445.62,0.6486,1099.38,443.20,0.7689,1116.84,466.96,0.3159,1107.14,464.53,0.6593,1105.68,476.65,0.1816,1132.84,468.90,0.6726,1095.99,499.44,0.5285,1087.26,500.90,0.7061,1093.08,540.17,0.6037,1113.44,543.08,0.6760,1053.80,549.87,0.7134,1132.84,592.54,0.7006
613,bottom,1,1016.80,584.31,1144.84,821.01,1114.91,604.42,0.8179,1117.80,602.69,0.6032,1114.91,602.11,0.5815,1106.24,606.73,0.7162,1118.96,608.46,0.7339,1079.66,628.11,0.7203,1123.58,641.98,0.8416,1050.77,652.96,0.7642,1121.85,677.81,0.7570,1027.65,680.12,0.8581,1131.09,704.97,0.8032,1066.37,699.19,0.7022,1084.86,703.24,0.7010,1090.64,740.80,0.5470,1111.45,756.98,0.7890,1101.62,770.27,0.5283,1078.51,801.48,0.6760
614,top,0,1045.15,415.16,1162.21,617.65,1123.95,431.38,0.8579,1125.93,427.92,0.7974,1119.50,427.42,0.7895,1129.88,432.37,0.6456,1110.11,431.38,0.8571,1120.98,452.14,0.7012,1105.66,452.63,0.8093,1112.09,476.36,0.4342,1114.56,472.90,0.6838,1113.57,486.25,0.2554,1143.23,478.34,0.7079,1106.65,507.51,0.6033,1096.27,508.99,0.7259,1103.19,549.03,0.5782,1121.48,553.48,0.7074,1060.18,551.50,0.6807,1142.74,600.94,0.7235
614,bottom,1,1008.24,583.75,1146.12,820.90,1111.92,605.06,0.7925,1114.23,602.74,0.5932,1111.92,602.16,0.6125,1100.92,606.80,0.6848,1114.23,609.11,0.7538,1074.28,627.64,0.6891,1120.60,641.53,0.8126,1045.34,649.64,0.7536,1119.44,676.27,0.7541,1022.76,676.27,0.8385,1131.60,702.32,0.7762,1060.97,699.43,0.6855,1081.23,704.06,0.6644,1085.28,743.43,0.5419,1107.86,755.01,0.7958,1091.65,774.70,0.5144,1078.34,802.49,0.6555
615,top,0,1054.01,423.23,1175.77,628.64,1129.93,439.18,0.9286,1131.44,435.16,0.7990,1126.42,435.66,0.7844,1133.44,440.18,0.4564,1115.89,439.18,0.7968,1125.92,460.74,0.7153,1111.38,461.24,0.8374,1130.94,486.32,0.4759,1122.41,485.31,0.6295,1153.50,497.85,0.4391,1151.00,495.84,0.7054,1112.88,517.91,0.6031,1105.36,519.92,0.7639,1111.88,561.54,0.6846,1130.94,560.03,0.7552,1069.25,557.03,0.7129,1153.00,609.68,0.7798
615,bottom,1,1004.18,583.58,1143.71,821.08,1104.10,604.92,0.8233,1107.00,602.60,0.5562,1105.26,602.60,0.5957,1094.24,606.66,0.7015,1111.05,608.40,0.8333,1068.73,625.80,0.7046,1116.85,640.87,0.8307,1040.89,647.83,0.7653,1116.27,675.66,0.7522,1017.70,675.66,0.8373,1127.87,701.17,0.7835,1056.55,698.28,0.6901,1079.74,702.91,0.6570,1075.10,736.54,0.6792,1104.68,750.46,0.8045,1082.64,778.29,0.5866,1079.16,800.33,0.7159
616,top,0,1063.35,427.80,1179.22,628.94,1134.54,445.87,0.9821,1136.51,441.94,0.8679,1130.62,441.94,0.8112,1138.47,446.36,0.5640,1119.81,446.85,0.8130,1131.11,469.44,0.8257,1116.37,470.42,0.8616,1134.05,497.43,0.5690,1128.16,495.96,0.6659,1155.66,511.18,0.6304,1156.15,505.29,0.7736,1118.34,526.90,0.5495,1110.48,528.86,0.7646,1121.29,573.06,0.7667,1140.44,555.87,0.8022,1079.54,567.66,0.7134,1155.17,608.91,0.8340
616,bottom,1,999.12,583.99,1140.81,820.01,1097.62,604.62,0.8358,1099.93,602.89,0.4969,1098.78,602.89,0.5822,1087.25,606.92,0.7035,1105.11,608.65,0.8390,1063.63,625.36,0.7129,1111.45,641.49,0.8435,1035.97,648.98,0.7910,1111.45,677.22,0.7605,1012.92,676.64,0.8212,1121.83,704.30,0.7824,1051.53,695.66,0.6805,1077.46,700.27,0.6618,1067.08,734.84,0.7703,1102.23,745.79,0.8039,1071.12,782.67,0.7189,1079.76,797.07,0.7702
617,top,1,1097.60,429.89,1182.73,628.02,1139.68,450.11,0.8688,1141.13,446.24,0.7833,1135.33,446.24,0.7713,1143.55,449.62,0.5298,1125.17,451.08,0.8512,1135.81,473.33,0.7345,1120.33,474.29,0.8037,1135.81,503.80,0.5829,1128.07,501.87,0.6694,1155.64,524.12,0.5782,1160.48,514.44,0.6246,1120.81,531.37,0.5626,1115.01,533.79,0.7089,1128.07,581.20,0.7136,1148.39,555.08,0.7203,1091.31,577.81,0.6305,1156.61,609.25,0.7414
617,bottom,0,997.32,584.13,1133.41,818.73,1091.14,604.64,0.8311,1091.72,602.92,0.4719,1092.86,602.92,0.5979,1081.41,606.36,0.6882,1099.16,608.65,0.8246,1056.78,626.40,0.7385,1106.03,641.29,0.8559,1029.86,654.47,0.7992,1106.61,679.09,0.7624,1008.67,681.39,0.8193,1115.77,708.88,0.7565,1047.04,695.13,0.6921,1074.53,698.57,0.6796,1059.64,734.08,0.7924,1099.73,740.95,0.8260,1058.50,786.20,0.8031,1083.12,795.93,0.7676
618,top,1,1096.16,433.22,1183.61,627.74,1142.73,453.07,0.8522,1144.63,448.80,0.7779,1138.93,449.27,0.7541,1147.01,452.60,0.5158,1128.01,453.07,0.8524,1138.93,474.92,0.7246,1123.26,477.29,0.8045,1134.66,503.89,0.4906,1128.96,506.26,0.7484,1151.28,526.68,0.3758,1157.93,523.36,0.7010,1121.84,533.81,0.5726,1116.61,535.71,0.7138,1136.08,585.10,0.7290,1152.23,553.75,0.7380,1096.67,579.40,0.7244,1156.98,608.84,0.7652
618,bottom,0,995.06,584.14,1123.49,818.39,1084.43,606.33,0.8772,1083.86,604.61,0.5016,1085.01,605.19,0.5988,1074.71,608.05,0.7418,1093.01,610.33,0.8351,1051.84,628.06,0.7921,1100.45,642.93,0.8632,1026.10,660.09,0.7982,1099.88,682.39,0.7743,1005.51,689.25,0.8613,1108.45,712.13,0.7701,1042.11,693.83,0.6944,1070.71,697.83,0.6855,1048.98,737.29,0.8192,1093.01,740.73,0.8215,1042.11,792.20,0.8091,1087.87,798.49,0.8706
619,top,1,1090.27,433.92,1182.96,628.27,1145.16,454.23,0.9192,1147.06,449.96,0.8723,1140.89,450.43,0.7799,1149.90,453.28,0.5842,1129.50,454.23,0.8232,1140.41,475.58,0.7169,1123.33,478.43,0.8095,1131.87,504.05,0.4930,1129.03,510.22,0.7871,1141.36,530.15,0.3437,1156.55,528.25,0.7199,1124.76,533.47,0.5274,1116.21,535.37,0.6920,1140.89,585.19,0.7453,1152.75,553.87,0.7122,1100.56,579.02,0.7455,1157.02,608.44,0.7572
619,bottom,0,994.20,587.67,1117.25,819.83,1076.69,609.10,0.8736,1076.13,607.40,0.5029,1078.96,607.40,0.5714,1066.49,611.93,0.7435,1085.20,613.07,0.8120,1045.52,634.04,0.8679,1094.27,645.37,0.8901,1021.72,669.75,0.8437,1094.27,685.05,0.7762,1003.58,701.49,0.8953,1101.07,716.22,0.8164,1040.99,699.79,0.7579,1068.76,701.49,0.7229,1036.45,744.56,0.8166,1088.03,747.96,0.8484,1025.68,793.88,0.8316,1094.83,801.81,0.9149
620,top,1,1083.45,430.91,1179.57,628.26,1145.00,452.50,0.8988,1146.45,448.64,0.8616,1140.66,449.12,0.8008,1149.34,452.50,0.5122,1130.06,452.98,0.8001,1139.70,474.18,0.7594,1123.32,478.99,0.7844,1137.77,502.12,0.5990,1129.10,512.72,0.7490,1150.78,521.39,0.5616,1151.26,533.44,0.6681,1124.76,531.03,0.4918,1115.13,533.92,0.6766,1138.74,574.39,0.5851,1151.75,554.16,0.7220,1101.16,577.76,0.6491,1156.56,607.64,0.7440
620,bottom,0,990.85,595.02,1106.44,823.39,1068.72,614.98,0.8788,1068.16,613.31,0.5095,1072.06,613.31,0.5759,1057.57,617.77,0.7189,1077.08,618.33,0.8026,1037.49,642.86,0.8922,1087.12,650.11,0.9021,1017.98,681.89,0.8059,1088.79,689.69,0.7896,1001.25,713.67,0.8878,1093.25,719.80,0.8116,1038.05,707.53,0.7422,1065.93,707.53,0.7288,1023.00,754.93,0.8486,1087.12,756.04,0.8422,1004.04,801.20,0.8451,1095.48,805.66,0.8992
621,top,0,1082.92,428.09,1178.99,627.72,1143.14,449.44,0.8726,1144.60,445.54,0.8085,1139.24,445.54,0.7472,1147.53,449.44,0.4651,1128.52,449.44,0.7862,1137.78,469.91,0.7740,1120.72,476.73,0.7842,1137.78,496.23,0.6792,1124.13,512.80,0.6857,1154.35,509.39,0.7050,1141.19,541.06,0.6615,1126.08,527.42,0.4923,1115.36,530.34,0.6428,1138.76,570.79,0.5777,1149.96,557.15,0.6667,1097.82,575.67,0.6967,1156.79,607.83,0.7340
621,bottom,1,981.34,600.44,1104.12,824.63,1059.15,620.58,0.9325,1058.60,618.94,0.5513,1061.89,618.94,0.5571,1048.75,624.41,0.7344,1068.46,624.96,0.7632,1030.69,650.69,0.8817,1081.04,655.61,0.9069,1014.27,691.74,0.7834,1084.33,694.47,0.7826,999.49,724.03,0.8843,1088.71,722.93,0.7870,1033.97,714.72,0.7421,1064.08,714.18,0.7515,1010.44,761.25,0.8669,1084.33,755.77,0.8512,986.90,804.49,0.8576,1095.82,806.13,0.9170
622,top,0,1078.66,420.85,1179.27,628.03,1139.59,441.99,0.8615,1141.10,438.45,0.8033,1136.05,437.95,0.7329,1142.62,441.49,0.5353,1124.92,441.49,0.7598,1136.55,462.73,0.7234,1117.33,469.81,0.7839,1137.06,488.02,0.5074,1116.32,506.74,0.6620,1153.24,495.61,0.3973,1128.96,536.58,0.6380,1129.47,521.40,0.5389,1113.28,524.44,0.5874,1138.07,565.92,0.5906,1145.15,555.80,0.6739,1094.57,571.48,0.7255,1155.77,607.39,0.7301
622,bottom,1,946.72,606.88,1103.46,829.21,1049.52,627.94,0.8883,1049.52,626.31,0.5327,1052.77,625.77,0.5987,1039.20,632.28,0.6763,1058.74,631.74,0.8367,1022.37,658.33,0.8450,1073.40,661.59,0.9237,1009.89,698.50,0.7626,1079.37,699.59,0.7843,995.78,732.70,0.8233,1085.34,728.90,0.7950,1028.35,722.39,0.7151,1059.29,721.84,0.7517,997.95,766.36,0.8061,1081.00,755.50,0.8637,971.35,809.78,0.8191,1094.57,805.98,0.9249
623,top,1,1075.77,414.97,1178.53,628.70,1135.50,435.21,0.8346,1137.06,432.08,0.7260,1133.41,432.08,0.6860,1138.11,436.78,0.5083,1122.98,435.73,0.7179,1133.41,457.65,0.8049,1111.50,462.87,0.8517,1134.98,477.48,0.5984,1108.36,498.87,0.7147,1153.76,483.22,0.5969,1117.24,532.79,0.6096,1128.72,513.49,0.6348,1113.06,515.05,0.6193,1132.37,558.88,0.6461,1139.67,559.41,0.7372,1090.62,567.76,0.7727,1154.81,608.46,0.7470
623,bottom,0,932.56,611.25,1103.31,837.49,1037.39,632.66,0.8717,1036.83,631.00,0.5697,1040.17,630.44,0.6221,1026.83,637.11,0.6907,1045.17,636.55,0.7923,1010.71,665.46,0.8826,1060.73,664.34,0.9247,1001.26,704.36,0.7578,1073.52,702.14,0.8189,985.70,739.38,0.8087,1084.63,732.71,0.8164,1022.38,727.71,0.7275,1051.84,726.60,0.7642,985.14,770.51,0.8217,1075.74,757.17,0.8879,956.24,817.19,0.8804,1094.08,804.97,0.9487
624,top,1,1075.25,411.03,1173.66,622.62,1132.21,427.98,0.9027,1134.27,423.84,0.8324,1128.59,424.36,0.7937,1136.86,427.98,0.5998,1117.23,427.46,0.7972,1130.66,448.64,0.8082,1108.44,456.39,0.8647,1135.31,467.23,0.6517,1102.25,492.55,0.7684,1155.97,478.60,0.7235,1105.86,528.19,0.7090,1128.07,505.98,0.7027,1112.06,506.49,0.6582,1135.82,554.53,0.7229,1132.72,556.08,0.7331,1089.85,563.83,0.7834,1152.35,605.16,0.7789
624,bottom,0,925.95,617.90,1104.24,842.97,1024.38,636.99,0.8556,1024.38,634.67,0.5843,1027.28,634.67,0.5043,1014.52,640.47,0.7324,1031.35,641.64,0.7419,998.26,670.65,0.8200,1047.60,667.75,0.8633,988.98,708.96,0.7828,1066.17,703.15,0.8139,971.57,742.62,0.8078,1080.10,732.75,0.7790,1015.68,732.17,0.7053,1044.11,730.43,0.7429,974.47,772.80,0.8427,1066.75,761.19,0.8317,948.93,823.29,0.8658,1094.61,803.56,0.8796
625,top,1,1074.24,407.59,1166.91,618.92,1127.28,422.45,0.8580,1129.34,418.84,0.8261,1123.15,418.32,0.7864,1132.44,424.00,0.7113,1112.83,422.96,0.7978,1129.34,444.63,0.7650,1102.51,451.86,0.8452,1133.99,463.72,0.6641,1096.84,489.00,0.7387,1155.66,477.14,0.7360,1098.39,524.09,0.6706,1124.70,501.39,0.6724,1107.16,502.42,0.6402,1132.44,547.82,0.6269,1131.41,550.40,0.7183,1089.62,560.20,0.7457,1147.92,601.48,0.7203
625,bottom,0,925.79,620.57,1103.20,846.62,1010.45,640.04,0.8165,1011.61,637.73,0.5073,1008.72,637.73,0.5526,1002.37,643.50,0.7061,1018.54,644.08,0.7034,985.62,672.96,0.8463,1032.98,669.49,0.8170,975.80,711.65,0.8155,1057.23,703.57,0.8474,959.06,742.26,0.8667,1075.71,731.86,0.8344,1004.68,735.33,0.7051,1033.56,733.02,0.7438,963.68,771.71,0.8842,1056.08,765.36,0.8395,947.51,827.15,0.8867,1092.46,804.63,0.8695
626,top,1,1075.55,405.21,1161.95,611.04,1121.26,419.18,0.8803,1124.28,415.66,0.8374,1116.74,415.66,0.8134,1127.80,421.69,0.7863,1108.20,421.19,0.8763,1126.29,441.29,0.7848,1098.15,449.33,0.8309,1131.31,463.40,0.6796,1089.10,484.00,0.7162,1153.42,477.47,0.7080,1089.61,517.67,0.6633,1120.26,501.59,0.6926,1104.68,504.10,0.6664,1126.79,544.30,0.6298,1128.80,540.79,0.7251,1090.61,556.36,0.7439,1137.34,595.56,0.7649
626,bottom,0,925.37,620.83,1100.54,845.06,998.70,641.14,0.9306,997.56,639.43,0.5564,998.70,638.86,0.6515,990.72,645.70,0.6644,1004.97,645.13,0.7082,972.47,672.50,0.9231,1019.23,670.79,0.8630,963.92,705.57,0.8433,1044.89,700.44,0.8036,949.09,738.64,0.8245,1065.41,725.53,0.8492,994.71,734.08,0.7630,1022.08,732.37,0.7707,954.22,768.86,0.9283,1047.74,770.00,0.8423,946.24,824.74,0.9163,1085.94,804.22,0.8778
627,top,1,1074.08,403.73,1162.35,610.46,1115.19,417.26,0.8527,1118.21,413.73,0.8141,1110.14,413.73,0.8250,1122.76,419.28,0.7533,1102.06,419.28,0.8806,1123.26,439.46,0.7724,1093.48,448.55,0.7706,1129.32,463.69,0.6846,1080.87,482.87,0.6861,1152.03,481.36,0.6968,1080.36,517.19,0.6613,1116.20,502.05,0.6566,1099.04,504.07,0.6375,1126.79,544.95,0.5951,1127.80,537.38,0.6887,1089.95,554.54,0.6627,1128.31,588.86,0.7248
627,bottom,0,923.92,620.44,1088.41,846.18,987.42,640.72,0.9539,987.42,638.52,0.6222,988.53,639.07,0.6390,980.26,644.58,0.6871,994.59,645.13,0.6858,961.52,671.03,0.9366,1007.82,671.03,0.8576,955.46,700.79,0.8434,1034.82,699.14,0.7614,940.58,733.86,0.8249,1052.46,723.39,0.8446,985.77,734.96,0.7782,1012.78,731.66,0.7813,948.30,770.23,0.9415,1037.58,769.68,0.8139,943.34,825.90,0.9246,1072.85,804.40,0.8807
628,top,1,1063.49,402.84,1160.32,610.71,1109.37,416.94,0.8522,1112.41,413.39,0.8256,1104.29,413.39,0.8129,1116.98,418.47,0.7249,1096.17,417.96,0.8663,1119.01,438.77,0.7384,1086.53,446.38,0.7294,1126.12,463.63,0.6863,1072.32,481.40,0.6871,1148.95,483.43,0.7009,1069.28,520.98,0.6304,1113.43,501.19,0.6413,1095.16,503.22,0.6119,1123.58,545.85,0.5864,1125.10,538.74,0.6626,1089.07,553.97,0.6340,1127.13,590.00,0.7200
628,bottom,0,920.50,619.34,1071.99,846.99,979.01,638.68,0.9393,978.46,635.91,0.6270,980.13,636.46,0.6470,970.68,641.46,0.7084,986.24,642.02,0.7423,952.34,669.25,0.9002,998.47,667.58,0.8329,949.56,700.38,0.7969,1022.37,696.48,0.7118,934.55,730.94,0.8374,1037.37,720.94,0.7218,975.68,733.72,0.7413,1003.47,729.28,0.7518,947.34,770.40,0.8802,1023.48,765.96,0.7816,944.00,824.87,0.8687,1056.27,803.19,0.8609
629,top,1,1056.12,401.97,1152.33,610.75,1102.19,416.14,0.8406,1105.76,412.07,0.8167,1097.60,412.07,0.7980,1110.85,417.16,0.7441,1089.95,416.65,0.8448,1114.42,438.06,0.7260,1079.76,442.65,0.7207,1122.58,464.06,0.6858,1066.00,474.25,0.6454,1142.96,483.43,0.6472,1061.41,511.46,0.4325,1110.34,500.76,0.6275,1090.97,503.31,0.5982,1115.44,542.55,0.5612,1120.03,537.46,0.6488,1085.88,557.34,0.6152,1126.65,588.94,0.6947
629,bottom,0,916.96,616.06,1052.71,846.49,972.46,635.64,0.9586,972.46,633.95,0.5799,971.90,633.95,0.6705,962.90,639.02,0.6741,978.65,639.02,0.7548,946.58,666.02,0.8681,991.02,664.33,0.8266,944.33,699.21,0.8250,1014.09,696.96,0.7751,931.39,730.72,0.8523,1018.59,722.84,0.7512,970.77,731.28,0.7007,997.77,727.34,0.7414,943.77,770.10,0.8686,1009.03,763.91,0.7577,942.64,824.67,0.9634,1037.15,804.98,0.8516
630,top,1,1049.45,399.22,1147.77,608.87,1096.56,413.45,0.8639,1100.14,409.87,0.8415,1091.95,409.87,0.8130,1105.26,414.47,0.7610,1084.28,414.47,0.8611,1109.36,434.43,0.7498,1071.99,440.06,0.7457,1118.57,462.07,0.7061,1058.17,471.29,0.7279,1136.99,485.11,0.6683,1051.52,508.14,0.5955,1104.24,496.37,0.6429,1084.79,498.41,0.6183,1111.40,536.80,0.5939,1109.87,535.78,0.6583,1082.74,558.30,0.6717,1124.71,587.47,0.6901
630,bottom,0,914.28,611.99,1028.05,846.77,964.86,633.66,0.9359,966.58,631.94,0.5845,962.00,631.37,0.6496,955.12,637.10,0.6612,972.89,637.67,0.7685,939.64,664.61,0.8420,982.63,662.32,0.8185,940.22,699.00,0.8046,998.68,697.86,0.7281,928.18,732.82,0.8046,996.96,722.50,0.4192,967.15,728.81,0.6626,992.95,724.80,0.7396,939.64,770.08,0.8426,991.80,760.33,0.7437,938.50,824.53,0.9073,1015.87,806.76,0.8520
631,top,1,1040.83,394.94,1143.38,604.52,1090.57,410.70,0.8803,1094.15,407.12,0.8299,1086.47,406.61,0.8228,1099.78,411.21,0.7787,1079.31,410.70,0.8697,1105.41,431.17,0.7759,1066.01,435.77,0.7688,1114.62,458.80,0.7319,1051.68,466.99,0.7525,1129.96,483.36,0.7019,1044.01,500.75,0.6369,1096.71,490.52,0.6708,1076.75,492.06,0.6476,1107.96,536.57,0.6799,1096.71,534.01,0.6973,1079.31,561.13,0.6744,1119.22,585.18,0.6518
631,bottom,0,910.71,612.47,1005.37,847.84,958.62,633.04,0.8346,960.92,630.75,0.5495,959.19,631.32,0.5649,948.27,636.49,0.6701,966.09,638.22,0.7620,934.48,664.65,0.8246,973.56,660.63,0.8061,935.06,700.28,0.7810,974.13,691.08,0.4920,923.56,737.05,0.7602,951.15,707.75,0.3840,963.21,729.58,0.6713,989.07,725.56,0.7564,934.48,772.68,0.8363,975.86,760.61,0.7357,933.91,827.84,0.8522,994.24,810.03,0.8645
632,top,1,1033.52,391.77,1134.61,584.81,1085.01,406.29,0.9159,1088.78,402.99,0.8381,1080.77,402.99,0.8296,1093.96,407.23,0.8323,1074.64,407.23,0.8513,1101.03,427.02,0.7904,1060.97,429.85,0.7508,1110.93,454.83,0.7891,1045.89,459.07,0.7725,1124.59,480.28,0.7682,1037.41,489.23,0.6465,1090.66,485.46,0.6917,1068.04,487.35,0.6282,1101.97,535.42,0.7660,1086.89,531.17,0.7256,1078.41,564.16,0.6542,1107.16,577.83,0.7445
632,bottom,0,905.56,614.83,993.04,854.93,953.41,634.64,0.7639,954.58,632.29,0.5346,953.99,632.29,0.5489,942.85,637.57,0.6662,959.27,639.33,0.6976,928.20,666.88,0.8007,966.89,662.19,0.7709,930.54,704.40,0.7293,966.89,693.26,0.5078,918.82,740.74,0.7599,945.20,710.84,0.3772,958.68,731.36,0.6675,981.54,727.26,0.7545,926.44,777.08,0.8427,963.37,763.60,0.7344,929.96,833.94,0.8310,973.92,814.01,0.8080
633,top,0,1027.99,387.35,1127.62,583.79,1079.24,402.60,0.9061,1083.56,399.24,0.8309,1075.41,398.76,0.8097,1089.31,403.56,0.8287,1069.17,403.08,0.8283,1096.51,423.70,0.7926,1053.34,425.14,0.7517,1107.06,451.04,0.7888,1039.44,454.39,0.7826,1118.57,476.94,0.7676,1030.32,485.57,0.6829,1083.56,481.73,0.6814,1058.62,483.17,0.6299,1095.55,529.21,0.7532,1077.80,525.85,0.7280,1076.84,563.26,0.6996,1093.15,572.37,0.7180
633,bottom,1,900.41,618.82,986.05,862.17,947.39,638.30,0.7761,948.58,636.52,0.5650,947.99,635.93,0.5679,938.48,641.27,0.6743,953.93,643.06,0.7167,923.63,670.39,0.7758,961.65,666.23,0.7514,926.00,710.19,0.7126,961.06,698.31,0.4832,913.53,746.43,0.7463,938.48,717.32,0.3510,951.55,737.52,0.6666,974.72,733.96,0.7547,915.90,782.67,0.8277,949.17,764.85,0.6938,924.81,842.09,0.7954,958.68,817.73,0.7699
634,top,0,1020.60,383.78,1117.25,584.59,1073.83,398.39,0.8790,1077.75,394.47,0.8480,1069.91,394.47,0.8080,1083.14,398.88,0.8386,1063.53,398.88,0.7931,1090.99,418.98,0.8005,1047.35,418.98,0.7605,1101.28,445.46,0.7815,1031.67,447.91,0.7535,1110.60,471.44,0.7929,1023.33,479.78,0.6786,1074.81,478.79,0.6814,1051.28,479.78,0.6477,1086.09,523.90,0.7392,1067.95,521.45,0.7230,1077.26,563.12,0.7026,1075.79,569.98,0.7342
634,bottom,1,892.91,625.33,978.87,871.20,938.29,644.42,0.6917,937.69,642.61,0.5619,940.09,641.41,0.5440,931.69,648.62,0.6550,947.30,648.62,0.6664,919.69,678.03,0.7784,953.90,672.03,0.7326,922.09,718.85,0.7386,952.10,703.84,0.5084,906.48,752.46,0.7535,925.69,718.25,0.3967,947.30,745.26,0.6448,967.71,741.06,0.7455,907.08,789.68,0.7924,938.29,772.87,0.7017,918.48,849.71,0.7763,946.10,825.70,0.8125
635,top,0,1013.59,379.03,1110.85,583.37,1066.71,392.90,0.8455,1070.70,389.40,0.8343,1063.22,389.40,0.8185,1076.19,393.89,0.8615,1056.73,393.40,0.8059,1085.17,414.35,0.7848,1040.27,412.85,0.7626,1095.65,439.29,0.7665,1025.30,439.79,0.7544,1103.13,465.24,0.7618,1017.32,471.22,0.7324,1064.72,471.22,0.6660,1041.27,470.72,0.6628,1075.69,515.12,0.7658,1053.74,513.13,0.7340,1077.19,561.52,0.7545,1059.23,564.02,0.7240
635,bottom,1,879.62,633.28,970.03,879.07,926.02,652.36,0.6966,927.82,649.96,0.6589,927.82,649.36,0.5351,929.02,656.56,0.6476,941.03,656.56,0.5777,915.82,686.56,0.7305,948.23,679.36,0.7058,919.42,727.37,0.7276,938.02,712.37,0.4814,898.42,759.17,0.7380,903.82,723.17,0.4810,942.23,753.17,0.6623,959.63,749.57,0.7459,899.02,799.98,0.8049,929.62,781.97,0.7202,909.82,857.58,0.7702,945.23,831.78,0.8188
636,top,0,1007.41,373.94,1102.50,581.16,1060.01,389.02,0.8044,1064.06,385.48,0.8085,1056.47,385.48,0.7988,1069.63,389.53,0.8320,1050.40,389.02,0.8160,1078.73,411.79,0.7724,1032.70,408.24,0.7660,1089.36,437.59,0.7575,1018.53,436.07,0.7535,1096.44,463.39,0.7356,1010.44,469.96,0.7341,1055.97,466.42,0.6569,1031.68,464.40,0.6658,1065.07,510.44,0.7419,1039.78,505.88,0.7477,1072.66,558.50,0.7645,1039.27,556.98,0.7116
636,bottom,1,869.32,642.29,964.65,883.98,916.40,660.46,0.7602,919.35,658.10,0.7296,918.17,657.51,0.5904,923.48,665.18,0.6809,933.51,664.00,0.5216,911.09,696.46,0.7142,937.05,687.02,0.7059,916.40,737.17,0.7546,915.81,716.52,0.6198,890.43,763.72,0.7738,886.30,717.11,0.6709,937.64,760.77,0.7011,951.21,756.64,0.7537,895.15,806.80,0.7830,922.30,786.15,0.6739,900.46,866.40,0.8042,943.54,832.17,0.8242
637,top,0,999.69,371.99,1094.38,577.52,1052.55,386.95,0.8122,1056.57,383.43,0.8062,1049.04,383.93,0.8078,1062.09,387.95,0.8241,1042.52,387.45,0.8013,1071.62,409.53,0.7683,1024.96,406.01,0.7660,1082.66,436.12,0.7616,1010.91,432.61,0.7467,1088.68,462.71,0.7591,1003.88,464.22,0.7298,1048.04,463.22,0.6651,1022.95,460.71,0.6730,1057.07,507.87,0.7465,1026.96,505.87,0.7439,1063.59,555.04,0.7919,1020.44,554.54,0.7571
637,bottom,1,857.79,648.37,960.76,893.95,906.88,665.04,0.7411,910.47,663.24,0.6923,909.87,662.64,0.5671,915.27,671.64,0.6602,925.46,669.84,0.4809,905.68,703.41,0.7193,927.26,693.82,0.6610,911.07,744.78,0.7975,907.47,710.01,0.5894,881.09,766.97,0.7523,881.09,710.01,0.7364,930.26,766.97,0.6940,943.45,762.77,0.7435,893.09,814.33,0.7777,920.67,789.75,0.6191,891.89,873.69,0.8128,944.05,832.92,0.8175
638,top,0,987.04,367.94,1086.79,574.75,1043.48,385.01,0.8396,1048.02,381.98,0.8595,1040.45,381.47,0.8316,1053.58,386.52,0.8398,1034.39,386.02,0.8223,1063.68,409.24,0.7838,1016.21,405.20,0.7792,1074.78,436.51,0.7823,1002.58,432.97,0.7671,1080.84,462.26,0.7919,995.51,462.26,0.7710,1041.46,461.75,0.6840,1015.71,459.23,0.6854,1049.03,506.69,0.7284,1013.69,506.69,0.7493,1050.04,553.65,0.8104,999.05,551.12,0.7882
638,bottom,1,845.79,654.42,956.60,904.17,899.37,669.54,0.7272,903.03,667.71,0.6838,902.42,667.10,0.5358,908.51,678.07,0.6594,915.83,676.85,0.4969,898.15,708.56,0.7238,916.44,700.63,0.6482,903.63,748.80,0.7933,901.81,710.39,0.5450,870.10,767.71,0.7334,878.64,703.07,0.6587,921.32,770.75,0.6837,935.34,766.49,0.7099,890.83,818.92,0.7840,920.10,792.71,0.5815,885.34,881.12,0.8014,943.88,832.95,0.8147
639,top,0,963.88,370.59,1078.60,569.70,1034.85,385.56,0.8505,1039.23,382.64,0.8688,1031.45,382.16,0.7907,1045.06,386.53,0.8028,1025.13,386.05,0.8107,1055.75,408.89,0.7573,1008.11,405.49,0.7422,1066.93,436.60,0.7604,994.50,434.17,0.7364,1071.79,462.85,0.7349,987.21,463.34,0.7062,1035.34,462.85,0.6531,1009.09,460.42,0.6418,1042.14,506.60,0.6655,1000.82,506.60,0.7075,1038.25,547.92,0.7776,980.41,539.66,0.7271
639,bottom,1,835.15,659.79,954.56,909.58,892.42,676.74,0.6809,896.69,674.91,0.6329,896.69,674.30,0.5324,901.57,684.06,0.6269,909.49,682.23,0.5131,891.20,714.55,0.7108,910.10,704.18,0.6495,894.25,753.58,0.7707,895.47,712.11,0.5281,858.88,767.00,0.7225,876.56,699.91,0.5926,913.15,773.71,0.7028,926.57,768.22,0.7193,886.93,824.33,0.7730,923.52,796.88,0.6115,883.27,887.75,0.7928,939.99,831.64,0.7822
640,top,0,942.89,371.67,1069.56,568.54,1026.41,387.44,0.8281,1030.74,384.07,0.8033,1022.57,383.59,0.8174,1037.47,388.40,0.8078,1016.32,386.96,0.7930,1047.56,410.51,0.7578,1000.94,407.62,0.7134,1059.10,438.38,0.7753,987.48,434.54,0.7088,1063.42,464.34,0.7185,978.83,463.86,0.6896,1029.30,467.22,0.6388,1002.38,464.82,0.5988,1036.51,509.52,0.6797,984.60,507.59,0.6215,1034.59,548.93,0.8019,958.17,538.35,0.7039
640,bottom,1,827.85,664.55,949.76,911.89,882.17,684.35,0.7745,886.39,682.54,0.6850,884.58,681.94,0.6027,893.04,691.00,0.6772,900.28,689.18,0.5458,883.37,721.79,0.7298,901.49,707.90,0.6802,885.19,759.23,0.7710,888.20,710.92,0.5598,847.75,765.27,0.7418,873.11,699.45,0.6565,906.92,780.97,0.7244,920.21,774.93,0.7319,877.94,827.47,0.7762,925.04,801.50,0.6556,880.35,890.88,0.8090,937.12,834.11,0.7925
641,top,0,925.15,375.19,1059.86,569.42,1017.16,389.79,0.8577,1020.95,386.95,0.8203,1012.89,386.47,0.8367,1027.12,391.22,0.8170,1006.73,390.27,0.8520,1038.97,412.55,0.7997,992.03,410.18,0.7518,1049.88,438.16,0.7591,978.75,437.21,0.7020,1053.67,465.66,0.7078,970.21,466.14,0.6555,1021.90,468.98,0.6664,994.40,467.56,0.6381,1030.91,510.24,0.7010,971.16,507.39,0.6223,1034.23,550.07,0.8258,943.18,531.58,0.7208
641,bottom,1,819.53,670.31,952.27,914.54,873.38,687.48,0.7010,878.15,686.29,0.6487,876.36,685.69,0.5809,883.51,697.02,0.6660,893.05,694.64,0.5066,878.15,727.43,0.7379,891.86,716.10,0.6290,877.55,764.99,0.7414,878.15,734.59,0.4397,841.18,761.42,0.7468,870.40,696.42,0.5032,899.02,784.08,0.7093,912.73,778.11,0.7153,868.61,832.37,0.7591,913.92,806.73,0.6732,878.15,893.79,0.7902,940.76,843.11,0.8074
642,top,0,908.43,377.15,1051.72,569.22,1006.80,391.59,0.8890,1011.03,388.31,0.8204,1003.05,387.84,0.8533,1016.65,393.00,0.8284,996.49,392.06,0.8394,1029.31,414.10,0.8079,982.42,412.69,0.7495,1038.22,440.36,0.7588,969.29,439.89,0.7073,1043.38,468.49,0.7261,960.38,468.03,0.6372,1013.37,468.96,0.6925,984.77,467.09,0.6484,1025.09,509.76,0.7032,955.22,505.54,0.6427,1034.47,549.62,0.8579,925.21,535.08,0.7041
642,bottom,1,816.85,670.43,954.35,915.02,864.70,687.62,0.7695,870.08,686.43,0.7131,867.69,684.64,0.6424,878.44,697.77,0.6879,881.42,695.98,0.4345,873.66,728.83,0.7344,883.21,720.47,0.6128,871.87,767.04,0.7396,871.87,751.52,0.4414,837.83,755.70,0.7355,865.30,752.71,0.4010,891.57,787.94,0.7057,904.11,781.38,0.6869,857.54,836.31,0.8008,905.91,813.02,0.6565,876.05,893.64,0.7708,941.14,851.84,0.7971
643,top,0,897.37,377.90,1051.57,569.12,995.55,392.19,0.8994,999.57,388.68,0.8513,992.04,388.18,0.8850,1006.09,393.70,0.8718,986.01,392.70,0.8882,1018.64,415.28,0.8441,971.46,413.78,0.7759,1026.67,440.38,0.7605,958.91,441.39,0.7367,1033.20,467.99,0.7401,950.88,468.99,0.6631,1004.58,470.00,0.7012,973.97,467.49,0.6486,1019.14,509.15,0.7225,942.34,504.13,0.7066,1033.70,549.81,0.8741,915.74,533.25,0.7676
643,bottom,1,819.27,667.40,951.07,915.43,861.55,684.23,0.7856,867.61,683.02,0.7006,863.98,680.60,0.6338,875.48,695.74,0.6797,877.30,693.92,0.4517,869.43,727.23,0.7836,876.69,719.36,0.6625,870.03,765.38,0.8047,870.03,747.82,0.4653,840.36,750.24,0.7744,859.13,747.82,0.4379,881.54,787.18,0.7334,894.86,782.33,0.7182,850.65,839.86,0.8393,897.89,819.87,0.7143,875.48,894.96,0.7839,939.06,862.26,0.8159
644,top,0,889.38,378.68,1051.42,568.62,983.58,394.53,0.8630,987.28,390.84,0.8265,979.89,390.84,0.8340,994.13,394.53,0.8318,974.09,394.53,0.8533,1007.32,416.15,0.8209,959.32,415.10,0.7829,1014.71,442.53,0.7646,947.19,441.47,0.7325,1022.09,469.96,0.7250,940.33,469.43,0.6586,994.13,470.48,0.7105,963.54,468.37,0.6554,1012.60,508.46,0.7582,934.00,503.19,0.7365,1033.69,549.61,0.8500,909.74,533.25,0.7862
644,bottom,1,822.96,666.56,947.85,916.09,859.21,681.67,0.8498,865.91,681.06,0.7215,862.86,678.62,0.6612,873.83,693.24,0.6794,870.78,690.20,0.4938,867.74,724.31,0.8278,867.74,717.61,0.7100,870.78,762.08,0.8270,862.86,745.63,0.5304,842.76,745.63,0.7654,842.76,741.37,0.6189,873.22,785.23,0.7861,888.45,780.97,0.7620,845.20,840.67,0.8912,889.06,823.61,0.7839,875.05,893.06,0.7993,931.70,868.69,0.8379
645,top,0,887.07,380.50,1050.73,569.33,971.56,396.06,0.8853,975.83,392.33,0.8306,967.84,392.33,0.8344,982.22,396.06,0.8731,962.51,396.59,0.8164,995.54,417.37,0.7876,948.12,416.84,0.7731,1003.53,445.08,0.7175,935.87,442.41,0.7443,1009.92,473.31,0.6631,928.94,470.65,0.6722,984.35,469.58,0.6926,952.92,468.52,0.6566,1007.26,509.01,0.7632,926.28,502.08,0.7569,1031.77,548.97,0.8225,907.63,535.11,0.8289
645,bottom,1,824.17,647.82,939.18,916.32,857.42,683.09,0.7906,863.98,681.12,0.6958,862.01,679.81,0.6251,871.19,691.61,0.6817,867.26,689.64,0.5164,865.94,723.73,0.8093,862.01,713.90,0.7350,869.22,759.13,0.8147,858.08,742.08,0.4701,843.00,738.15,0.7648,849.56,732.25,0.3715,865.94,784.04,0.7917,881.02,781.41,0.7749,838.41,839.10,0.8877,881.68,827.30,0.7774,872.50,888.26,0.7802,924.28,875.15,0.8366
646,top,0,887.63,382.13,1044.69,566.25,961.05,398.53,0.8936,965.14,394.95,0.8454,957.47,394.44,0.8514,971.27,399.04,0.8087,951.84,398.01,0.8775,984.56,418.98,0.7838,937.53,417.95,0.7980,992.23,443.00,0.7107,925.26,443.52,0.7873,999.39,470.10,0.7021,918.10,470.61,0.6946,975.87,468.06,0.6845,944.17,467.03,0.6865,999.39,506.40,0.7522,918.61,498.22,0.7212,1027.00,547.81,0.8381,907.88,536.05,0.8527
646,bottom,1,820.11,635.13,931.00,919.32,854.75,684.25,0.8023,861.68,682.86,0.7248,858.91,680.78,0.6582,867.93,693.96,0.7557,865.85,688.41,0.5552,861.68,725.19,0.7811,860.30,707.15,0.6986,865.85,761.96,0.7029,860.99,684.95,0.5749,845.03,733.51,0.6625,856.13,662.74,0.6620,858.91,785.55,0.7972,874.87,782.08,0.7562,831.85,840.36,0.8831,874.87,829.95,0.8244,867.23,890.31,0.7999,914.41,879.21,0.8867
647,top,0,886.60,382.45,1036.43,563.05,952.25,396.18,0.8692,956.15,392.76,0.8318,948.84,392.76,0.8458,962.49,397.15,0.8269,943.47,396.67,0.8185,976.15,416.66,0.7691,929.33,417.15,0.7825,982.49,439.10,0.6943,916.16,443.00,0.7902,988.34,466.90,0.6935,908.36,471.77,0.7181,969.32,464.95,0.6604,938.11,464.95,0.6797,990.78,504.45,0.7478,912.75,496.65,0.7171,1018.09,544.93,0.8261,906.89,535.18,0.8537
647,bottom,1,815.24,629.35,921.85,927.83,848.14,687.50,0.8132,853.97,686.05,0.7519,850.33,683.13,0.6708,861.99,696.25,0.7528,860.53,690.42,0.5714,853.97,723.94,0.7792,859.07,708.64,0.6972,856.16,764.74,0.6612,866.36,683.13,0.6289,843.04,776.40,0.3113,854.70,657.63,0.6953,851.06,786.61,0.8246,868.55,783.69,0.7879,824.83,842.71,0.8778,870.00,832.51,0.8357,859.80,895.18,0.8265,904.98,885.71,0.8794
648,top,0,887.00,378.27,1027.03,560.99,946.53,392.60,0.8638,950.63,389.40,0.8373,943.34,389.40,0.8523,956.56,393.51,0.8492,937.41,393.51,0.8049,970.23,411.74,0.7504,923.74,413.56,0.7689,977.07,435.44,0.6806,910.52,440.46,0.7713,982.08,463.25,0.6764,901.40,469.17,0.6892,964.76,461.42,0.6294,935.59,461.42,0.6427,983.45,501.54,0.7003,913.71,497.89,0.7138,1008.52,541.65,0.8156,906.42,534.36,0.8132
648,bottom,1,809.50,635.13,916.72,937.95,844.63,692.65,0.8122,849.80,691.17,0.7252,848.32,688.21,0.6665,857.93,699.30,0.7466,856.46,696.35,0.5788,852.76,724.44,0.7859,853.50,714.83,0.7076,851.28,753.27,0.5056,860.89,691.91,0.5107,835.76,776.93,0.4938,855.72,666.78,0.6479,844.63,790.24,0.8646,861.63,788.02,0.8438,819.49,847.16,0.8748,867.55,838.29,0.8430,849.06,903.35,0.8579,900.81,893.00,0.8993
649,top,0,887.51,371.30,1016.64,558.99,942.45,386.79,0.8521,946.12,383.58,0.8255,938.79,383.58,0.8517,952.53,387.71,0.8530,933.29,388.16,0.8219,966.74,406.04,0.7685,920.92,407.87,0.7701,974.53,430.32,0.7135,908.09,433.99,0.7853,979.11,458.73,0.6966,898.92,461.48,0.7582,963.07,456.90,0.6611,933.75,457.82,0.6563,978.65,497.22,0.7263,916.33,495.39,0.7024,998.36,538.01,0.8447,906.71,535.26,0.8091
649,bottom,1,805.42,648.05,911.06,946.75,841.47,701.14,0.6874,845.84,698.23,0.6292,844.39,697.50,0.5801,853.14,706.25,0.6414,854.60,705.52,0.5575,847.30,726.67,0.6443,852.41,723.75,0.6036,842.93,748.54,0.4085,848.76,712.08,0.4387,822.51,766.77,0.3186,854.60,681.45,0.4796,838.55,796.67,0.7933,856.78,794.48,0.7798,816.68,853.55,0.8232,864.80,842.61,0.7974,834.18,914.08,0.8438,897.62,896.57,0.8727
650,top,0,887.47,365.42,1006.51,558.00,939.47,380.85,0.8578,943.23,378.02,0.8257,935.70,377.55,0.8638,949.34,382.26,0.8466,930.53,382.26,0.8407,963.44,400.59,0.7791,918.31,402.47,0.7866,973.32,424.57,0.7475,906.55,428.80,0.7915,977.55,453.25,0.7501,897.15,457.48,0.7616,961.09,450.90,0.6882,932.41,452.31,0.6756,974.73,492.75,0.7408,916.90,493.22,0.7123,990.24,535.53,0.8486,907.02,534.59,0.8220
650,bottom,1,791.48,680.05,911.01,957.10,832.99,704.27,0.7890,838.40,702.91,0.7369,835.69,701.56,0.6416,845.84,713.74,0.7001,845.84,713.74,0.5204,830.96,736.73,0.6515,851.93,733.35,0.6541,797.14,745.53,0.7043,838.40,732.00,0.3361,807.28,735.38,0.5547,821.49,723.88,0.3489,830.28,805.05,0.7424,852.60,801.67,0.7171,814.72,863.22,0.7952,863.42,849.01,0.7507,821.49,926.80,0.7967,895.89,900.42,0.8213
651,top,0,886.95,360.84,996.80,555.17,937.60,376.88,0.8840,940.93,373.55,0.8513,933.81,373.08,0.8665,947.09,377.82,0.8431,928.12,377.82,0.8695,961.80,396.33,0.7829,916.25,398.23,0.7776,972.71,421.95,0.7505,905.34,424.80,0.8000,977.93,449.94,0.7738,895.85,453.26,0.7954,959.90,448.04,0.6917,930.49,448.99,0.6977,972.24,491.22,0.7434,914.83,489.80,0.7236,985.52,532.97,0.8462,906.29,532.97,0.8532
651,bottom,1,775.02,699.18,909.71,963.38,833.98,720.98,0.6229,833.34,719.04,0.5251,832.69,718.40,0.4465,833.34,726.14,0.6004,846.88,724.20,0.5339,816.57,746.13,0.6143,853.98,744.20,0.6427,784.32,739.04,0.6494,864.30,741.62,0.4968,815.28,737.75,0.5507,852.69,730.01,0.4148,825.60,815.15,0.6491,848.82,811.93,0.6570,812.05,873.21,0.7256,862.36,857.72,0.6877,808.83,934.48,0.7743,894.62,904.17,0.7597
652,top,1,887.54,357.86,994.88,554.62,935.45,374.10,0.8648,939.29,370.74,0.8374,932.09,370.74,0.8640,945.06,375.54,0.8454,926.32,375.06,0.8606,959.95,393.79,0.7706,914.31,395.71,0.7751,972.44,417.33,0.7545,904.22,422.13,0.7904,978.20,446.63,0.7816,894.62,450.48,0.7894,958.03,445.19,0.6852,929.20,445.19,0.6926,970.03,488.91,0.7331,912.39,486.02,0.7177,983.97,530.70,0.8123,902.78,531.18,0.8336
652,bottom,0,767.03,709.82,906.25,982.44,831.99,729.65,0.6193,829.99,726.33,0.4468,829.99,726.99,0.3863,826.66,733.65,0.6168,842.63,734.31,0.5028,808.03,753.61,0.6750,848.62,755.61,0.6735,776.08,742.30,0.6418,864.60,760.27,0.6143,780.74,731.65,0.6411,850.62,740.30,0.4669,820.67,825.50,0.6691,843.97,822.83,0.6793,807.36,889.39,0.7288,855.28,864.76,0.6926,802.04,953.29,0.7658,890.56,906.70,0.7476
653,top,1,886.06,356.42,995.00,552.19,934.31,372.58,0.8782,937.66,369.71,0.8521,930.49,369.23,0.8951,943.87,374.49,0.8651,924.75,374.01,0.8772,958.21,393.13,0.7540,912.81,394.56,0.7814,972.55,414.63,0.7661,903.25,421.33,0.7973,978.76,445.22,0.7988,893.21,450.48,0.7640,955.82,443.79,0.6995,927.14,443.79,0.6808,967.77,487.76,0.7446,907.55,483.46,0.7303,984.50,527.43,0.8085,897.99,527.91,0.7890
653,bottom,0,736.89,706.21,904.39,987.99,824.77,743.23,0.7527,823.39,739.79,0.5915,823.39,741.85,0.4605,818.57,746.66,0.7257,837.15,748.73,0.6291,800.69,766.61,0.7426,844.72,768.68,0.7753,766.29,753.54,0.8077,863.29,778.31,0.8468,751.16,728.09,0.8537,852.28,750.79,0.7817,817.20,840.91,0.6975,842.65,837.47,0.7386,798.63,904.89,0.8182,844.72,876.68,0.7605,800.69,965.42,0.8402,885.99,911.77,0.8066
654,top,1,878.67,357.79,997.43,550.63,931.93,374.17,0.8843,935.70,370.87,0.8532,928.16,370.87,0.8944,941.35,375.58,0.8525,922.51,375.11,0.8804,956.41,394.41,0.7429,911.68,395.36,0.7759,972.89,414.66,0.7808,902.27,422.19,0.7960,978.54,445.26,0.8131,892.38,451.38,0.7757,954.06,443.85,0.6993,925.34,443.38,0.6748,966.77,487.64,0.7476,904.15,483.40,0.7267,985.60,527.19,0.7906,891.44,527.19,0.7723
654,bottom,0,712.91,718.24,901.15,990.66,815.68,750.70,0.7001,815.01,747.37,0.6248,817.01,749.37,0.4931,816.34,754.02,0.7357,829.64,755.35,0.6184,796.39,775.31,0.6833,841.61,775.97,0.7659,761.14,767.33,0.7369,862.23,789.94,0.8657,734.54,736.07,0.8641,853.59,761.34,0.8293,816.34,853.79,0.6905,842.28,851.13,0.7186,793.06,912.98,0.7943,833.63,886.37,0.6642,799.05,970.84,0.8281,877.53,914.97,0.7475
655,top,0,868.03,361.74,1001.07,551.26,929.92,376.91,0.8967,933.62,373.68,0.8635,926.68,373.21,0.8664,939.64,377.84,0.8626,921.13,377.38,0.8726,954.44,396.81,0.7515,910.49,398.20,0.7812,972.95,417.63,0.8021,900.77,425.50,0.7783,979.89,449.10,0.7908,890.59,456.50,0.7617,953.06,446.32,0.7017,923.91,445.39,0.6866,965.55,489.35,0.7651,900.77,484.26,0.7402,987.76,529.60,0.8255,884.58,527.29,0.8130
655,bottom,1,708.14,731.59,894.07,990.40,813.11,753.58,0.7361,811.85,749.79,0.6241,814.38,751.05,0.5054,810.59,756.74,0.7537,827.65,757.37,0.6853,794.79,780.11,0.6922,839.65,777.59,0.8103,750.56,775.69,0.6750,863.03,795.91,0.8645,725.92,754.21,0.7799,855.45,772.53,0.8275,816.27,856.57,0.7116,843.44,854.68,0.7264,789.10,914.07,0.7793,829.54,890.69,0.6931,798.58,970.94,0.8329,871.25,922.28,0.7905
656,top,1,857.73,365.63,1001.81,550.55,927.89,381.17,0.9380,932.11,377.42,0.8641,924.14,377.42,0.8649,937.74,381.64,0.8969,918.98,381.17,0.8805,952.28,401.81,0.7614,908.66,402.75,0.7874,971.98,421.51,0.8365,899.75,429.48,0.7960,978.55,451.99,0.7825,890.37,459.96,0.7562,951.34,450.58,0.7052,922.26,449.18,0.6906,966.35,492.33,0.7468,896.47,486.70,0.7467,988.86,532.19,0.8567,877.24,526.56,0.8407
656,bottom,0,728.45,728.45,888.64,990.11,813.02,750.05,0.8039,813.02,746.85,0.5969,812.38,747.49,0.4980,807.91,753.24,0.7199,825.15,752.60,0.7198,795.77,778.15,0.6908,841.12,773.68,0.7946,767.02,786.46,0.5258,864.76,793.48,0.9015,735.72,785.18,0.6450,850.71,774.32,0.7011,818.77,851.62,0.7312,844.96,848.42,0.7439,793.21,910.39,0.7987,830.90,886.75,0.7043,798.96,969.80,0.8717,872.43,920.61,0.8173
657,top,1,848.09,369.20,1004.80,550.93,925.94,386.61,0.9262,930.02,382.53,0.8663,922.37,382.53,0.8604,936.14,386.10,0.9036,917.27,385.59,0.8593,950.94,407.01,0.7510,907.06,408.54,0.7771,970.32,426.40,0.8034,897.37,434.56,0.7490,978.48,455.48,0.7519,888.70,464.15,0.6844,949.92,457.01,0.6935,920.33,455.99,0.6677,968.28,496.80,0.7289,890.74,487.61,0.7377,989.71,532.51,0.8379,871.36,525.36,0.8554
657,bottom,0,716.20,718.38,894.96,988.16,812.17,741.30,0.8487,811.51,738.67,0.6576,812.17,739.33,0.5716,806.90,744.60,0.8037,824.68,743.28,0.7535,797.68,775.55,0.7364,841.15,765.02,0.8270,766.06,794.00,0.6500,866.17,786.09,0.9008,735.76,807.83,0.7311,843.78,769.63,0.6450,822.70,845.37,0.7967,846.42,841.42,0.7945,800.97,904.65,0.8141,838.51,875.67,0.8135,800.97,966.56,0.8899,874.08,914.53,0.8378
658,top,1,846.76,374.28,1004.09,549.41,922.86,391.17,0.9247,926.96,387.07,0.8633,919.28,387.07,0.8719,933.11,391.17,0.8693,914.16,390.65,0.8548,948.98,412.16,0.7453,904.43,414.21,0.7768,965.89,433.16,0.7616,894.70,441.36,0.7539,977.66,461.33,0.7155,884.45,471.57,0.7326,947.45,461.33,0.6771,916.72,460.82,0.6387,968.96,499.23,0.7667,887.53,490.01,0.7462,990.47,532.01,0.8287,870.11,525.86,0.8636
658,bottom,0,736.39,709.03,893.25,984.19,810.79,732.41,0.8723,810.79,729.05,0.5730,810.12,728.38,0.5809,802.73,736.44,0.7813,822.21,733.08,0.8228,791.98,770.70,0.7729,841.02,755.92,0.7990,770.48,802.94,0.7632,867.22,778.76,0.8680,748.31,830.49,0.8291,862.52,790.18,0.6853,824.90,835.86,0.7658,850.42,829.82,0.7941,805.41,896.99,0.8082,844.38,862.73,0.7871,802.73,958.13,0.9010,875.28,905.06,0.8630
659,top,1,842.06,377.15,1004.15,548.75,916.77,393.30,0.8841,920.99,389.08,0.8426,913.61,389.08,0.8615,927.85,393.30,0.8260,908.86,393.30,0.8142,942.63,413.88,0.7327,898.31,417.58,0.7694,960.57,436.04,0.7591,890.39,444.48,0.7537,975.87,463.48,0.7404,880.89,475.09,0.7459,940.52,463.48,0.6491,911.50,462.95,0.6284,964.26,499.36,0.7282,883.00,492.50,0.7414,990.64,532.60,0.8143,868.23,525.74,0.8212
659,bottom,0,760.23,703.34,894.78,980.43,805.86,726.88,0.7651,801.80,722.82,0.6208,805.86,722.82,0.5826,800.45,729.58,0.7854,820.07,727.55,0.7721,790.30,768.15,0.8519,841.04,749.20,0.8148,780.83,806.71,0.7970,868.78,776.26,0.8620,770.68,840.53,0.7790,862.01,804.00,0.7537,827.51,831.74,0.7254,853.89,823.62,0.7570,803.83,889.92,0.7945,851.19,854.06,0.7384,805.86,953.51,0.8367,878.25,900.07,0.8020
660,top,1,839.88,376.32,1002.91,547.34,910.25,391.25,0.8727,914.50,387.53,0.8295,907.07,387.53,0.8510,921.40,391.78,0.8235,902.29,391.25,0.8215,936.79,413.01,0.7403,890.61,416.19,0.8047,953.77,435.83,0.7513,883.18,444.85,0.7652,969.69,461.83,0.7520,876.82,475.10,0.7816,932.54,463.95,0.6548,903.35,462.89,0.6350,957.49,500.04,0.7226,872.57,492.61,0.7402,988.27,532.95,0.8041,868.85,526.05,0.8355
660,bottom,0,780.78,698.96,893.88,973.73,800.43,723.64,0.7944,798.42,718.95,0.6920,799.76,718.95,0.5647,797.08,725.66,0.9054,817.87,723.64,0.7676,790.37,768.59,0.8757,840.68,745.11,0.7992,792.38,812.19,0.7231,868.86,775.30,0.8225,793.05,850.43,0.7205,867.51,806.15,0.7019,832.63,828.29,0.7329,858.12,820.24,0.7472,799.76,883.30,0.8073,858.79,848.42,0.7419,811.83,944.35,0.8231,880.93,897.39,0.7849
661,top,1,842.11,370.29,996.81,547.23,903.85,387.75,0.8871,907.37,383.72,0.8009,900.32,383.72,0.8302,914.42,387.75,0.8045,895.79,387.75,0.7996,929.53,409.40,0.7615,883.70,411.92,0.8376,945.65,431.06,0.7458,876.15,442.14,0.7828,961.26,456.74,0.7625,871.11,472.86,0.7988,923.49,463.29,0.6671,894.28,462.28,0.6952,950.18,499.55,0.6910,866.58,492.50,0.7319,980.90,530.77,0.7928,867.59,526.24,0.8355
661,bottom,0,782.01,699.41,893.99,964.37,796.60,724.51,0.8154,794.66,719.98,0.6886,795.31,718.68,0.6048,794.01,726.45,0.8635,814.71,723.21,0.7613,790.78,770.43,0.8672,838.65,743.91,0.8086,804.36,808.60,0.7397,868.40,774.32,0.8104,812.13,841.59,0.6673,869.05,806.66,0.6836,836.71,828.65,0.7469,862.58,820.24,0.7564,798.54,879.11,0.8155,865.17,847.41,0.7083,818.59,939.92,0.8111,882.64,897.87,0.7686
662,top,1,842.88,366.96,987.32,546.04,897.23,384.09,0.8918,900.99,380.80,0.8339,893.94,380.80,0.8395,908.05,384.56,0.8299,889.24,385.50,0.8021,923.56,405.72,0.7598,877.95,408.54,0.8386,938.61,427.35,0.7417,870.90,439.10,0.7772,954.13,454.62,0.7418,866.20,470.14,0.7609,916.04,461.67,0.6648,885.95,461.20,0.7077,940.02,498.35,0.6534,861.03,495.53,0.7482,968.70,529.38,0.8139,866.67,525.62,0.8297
662,bottom,0,782.38,701.77,897.84,960.90,796.46,728.21,0.8402,793.93,724.41,0.6769,794.56,723.78,0.6272,793.29,731.37,0.8000,812.90,726.31,0.7881,792.03,772.49,0.8630,838.84,746.56,0.8019,809.74,810.45,0.6850,868.58,776.29,0.7958,820.50,831.96,0.5425,867.94,803.49,0.6678,838.21,829.43,0.7432,866.05,820.58,0.7509,801.52,878.15,0.8105,869.84,847.15,0.7192,823.66,936.98,0.7785,883.76,894.59,0.7573
663,top,1,842.18,364.82,952.80,539.78,890.65,381.39,0.8569,894.92,377.97,0.8054,887.23,378.40,0.8312,902.61,381.39,0.8203,882.96,382.67,0.7751,917.56,402.32,0.7209,871.86,406.16,0.7735,931.66,425.39,0.7497,864.60,437.35,0.7249,946.18,453.15,0.7080,859.90,466.82,0.7048,908.59,459.13,0.6534,879.55,459.13,0.6460,929.95,495.87,0.7175,859.04,495.44,0.7346,946.61,527.05,0.7524,865.45,523.63,0.7936
663,bottom,0,784.25,704.48,902.24,962.51,799.78,730.81,0.8580,797.26,727.03,0.6152,797.89,726.40,0.6221,793.48,734.59,0.7496,813.64,728.92,0.8176,793.48,774.91,0.8584,840.10,749.08,0.8024,810.49,807.03,0.6384,869.07,777.43,0.7993,830.02,820.89,0.4067,869.70,805.77,0.6155,840.10,830.34,0.7317,868.44,820.26,0.7372,807.97,881.37,0.7941,874.11,847.98,0.7108,827.50,940.59,0.7884,883.56,893.34,0.7261
664,top,1,844.08,361.41,941.81,534.75,885.33,379.95,0.8771,889.56,376.14,0.7910,881.94,376.56,0.8436,898.02,379.10,0.8023,877.71,380.37,0.7653,911.99,401.10,0.7346,866.71,404.91,0.7721,926.38,426.07,0.7534,859.09,437.50,0.7283,939.92,454.00,0.6979,854.01,467.97,0.7298,902.68,457.81,0.6749,873.48,458.24,0.6688,920.03,495.90,0.6726,856.97,498.02,0.6945,920.45,520.02,0.7003,861.21,520.02,0.8142
664,bottom,0,786.77,706.03,900.17,963.93,803.80,731.09,0.8477,800.66,726.68,0.6115,801.91,726.68,0.5955,796.88,735.50,0.8016,818.28,730.46,0.8543,796.25,774.53,0.8437,842.84,750.61,0.7875,809.47,802.24,0.6263,871.17,778.31,0.8078,833.40,816.72,0.3802,875.58,812.31,0.6332,841.58,829.94,0.7185,869.91,819.24,0.7308,813.88,882.83,0.7933,878.73,850.72,0.7209,827.10,940.75,0.8087,884.40,894.79,0.7138
665,top,1,841.67,365.12,937.61,541.08,878.90,380.50,0.8306,882.77,377.06,0.7912,875.89,377.49,0.8389,891.36,380.07,0.8086,872.46,382.22,0.7501,907.25,401.55,0.7419,861.29,406.27,0.7792,921.00,427.32,0.7520,854.85,438.06,0.7388,933.46,454.39,0.6826,849.69,468.13,0.7193,896.94,457.82,0.6725,868.59,457.39,0.6768,909.83,502.93,0.7274,852.70,503.79,0.7269,896.51,512.81,0.6576,856.99,517.53,0.7695
665,bottom,0,791.30,703.41,901.34,963.24,811.43,728.02,0.8672,808.89,724.22,0.6393,808.26,724.85,0.5738,804.45,732.46,0.8438,824.75,728.02,0.8085,801.28,770.52,0.8498,848.86,749.59,0.7894,812.06,799.07,0.6575,875.50,776.23,0.7894,838.71,799.70,0.3487,879.94,806.05,0.6270,843.15,826.98,0.7194,871.69,816.20,0.7400,818.41,881.54,0.7962,881.84,851.09,0.7401,827.92,940.53,0.8084,886.92,896.76,0.7522
666,top,1,836.30,367.13,927.86,541.39,873.15,383.21,0.8731,876.97,379.81,0.7972,870.17,380.23,0.8692,885.48,383.21,0.8137,866.34,385.34,0.7780,902.08,403.63,0.7425,856.13,409.16,0.7837,915.27,428.74,0.7487,849.32,441.07,0.7322,927.60,458.09,0.6768,844.22,471.71,0.7173,890.59,459.37,0.6897,863.79,457.67,0.6832,899.10,505.74,0.7549,846.77,503.61,0.7408,884.21,515.10,0.7212,852.30,518.08,0.7883
666,bottom,0,795.46,699.75,902.26,960.35,818.96,722.53,0.8130,817.05,718.07,0.6577,818.32,718.71,0.5168,811.96,725.71,0.8611,832.95,723.16,0.7633,806.23,765.15,0.8590,855.22,745.43,0.8144,816.41,795.69,0.6747,881.31,772.79,0.8038,836.77,817.33,0.4179,887.03,803.96,0.7007,846.95,822.42,0.7215,876.22,812.24,0.7474,824.68,877.77,0.7933,884.49,846.59,0.7685,827.86,936.94,0.7975,888.31,897.49,0.8034
667,top,1,826.87,374.94,920.83,545.13,866.79,388.15,0.8166,870.52,384.83,0.7643,863.88,385.24,0.8042,878.84,388.15,0.7832,860.14,389.82,0.7558,895.04,407.27,0.7282,851.00,413.50,0.7655,908.34,430.95,0.7371,843.93,445.08,0.6991,919.97,458.37,0.6590,838.53,475.00,0.6828,884.24,462.11,0.6688,858.48,458.37,0.6652,889.22,509.48,0.7649,839.78,498.68,0.7367,876.34,517.79,0.7194,841.85,522.36,0.8020
667,bottom,0,799.23,692.12,902.24,957.59,828.70,715.98,0.8421,824.81,712.09,0.6572,831.29,712.73,0.5399,820.92,719.86,0.8608,841.01,716.62,0.8191,812.50,756.81,0.8819,863.05,738.66,0.8237,820.27,793.10,0.7163,887.68,768.47,0.8102,833.88,814.49,0.4751,894.16,807.36,0.7416,848.79,814.49,0.7201,877.31,806.06,0.7471,830.64,872.17,0.7909,886.38,844.30,0.7786,826.11,930.50,0.8250,887.68,895.50,0.8025
668,top,1,811.11,380.00,915.82,553.39,859.65,393.89,0.8025,863.89,390.50,0.7861,856.69,390.92,0.7774,872.78,394.31,0.7917,853.30,395.16,0.7135,889.28,411.24,0.7480,845.26,418.86,0.7537,902.41,434.10,0.7182,838.06,450.19,0.6888,911.72,459.08,0.6379,832.98,478.55,0.6469,879.12,466.27,0.6284,852.46,462.04,0.6361,884.63,510.72,0.7063,833.83,497.17,0.7054,874.89,518.76,0.7156,828.75,529.77,0.7818
668,bottom,0,803.45,686.90,905.85,956.09,835.59,707.80,0.7673,831.65,703.85,0.5923,840.19,704.51,0.5531,827.70,711.74,0.8071,848.08,709.11,0.7995,817.84,749.20,0.8791,870.42,733.43,0.7937,823.10,788.63,0.7101,894.74,762.34,0.8020,832.30,818.21,0.5005,898.68,799.80,0.7252,850.05,809.66,0.6817,878.31,802.43,0.7029,833.62,866.84,0.7426,887.51,841.87,0.7705,827.05,921.39,0.7797,886.85,894.44,0.7711
669,top,1,799.23,383.68,910.10,555.88,851.72,399.15,0.8148,855.92,395.37,0.7785,848.78,396.21,0.7783,865.17,398.73,0.7820,846.25,399.99,0.7156,881.99,415.13,0.7355,838.27,423.96,0.7471,895.02,435.73,0.7259,831.12,453.39,0.6582,904.27,458.01,0.6835,824.81,481.13,0.6122,873.58,468.52,0.6310,846.25,464.74,0.6313,881.15,508.04,0.6440,826.92,498.37,0.7173,874.84,519.39,0.7451,815.98,535.79,0.7810
669,bottom,0,812.91,677.44,909.55,942.63,841.81,699.97,0.7887,837.92,696.09,0.5855,845.04,696.73,0.5368,834.04,703.21,0.8392,854.11,701.91,0.8332,821.09,740.76,0.8969,875.47,727.16,0.8088,824.33,780.90,0.7611,900.08,756.94,0.8169,829.51,816.51,0.7296,903.31,791.26,0.7617,850.87,802.27,0.7330,879.36,796.44,0.7302,834.04,861.18,0.7870,887.78,839.82,0.7892,832.10,911.04,0.8416,887.13,894.20,0.8167
670,top,1,788.57,388.51,908.68,561.43,842.72,403.62,0.7923,846.52,399.82,0.7670,839.76,400.25,0.7753,856.23,402.36,0.7462,837.23,404.05,0.6814,874.38,417.98,0.7317,830.90,428.11,0.7400,889.58,442.04,0.7194,823.30,458.93,0.6672,900.98,470.75,0.6660,817.81,485.10,0.6289,868.47,469.48,0.6383,839.76,466.11,0.6040,877.76,507.06,0.6229,820.34,499.46,0.7185,875.22,519.72,0.7685,803.03,540.83,0.7930
670,bottom,0,816.80,668.06,912.83,938.80,846.31,693.04,0.7265,841.02,689.08,0.5724,848.95,688.42,0.5120,839.04,696.35,0.7896,858.87,694.37,0.8013,825.16,732.70,0.8840,880.68,720.80,0.8122,824.50,773.02,0.7787,905.14,751.87,0.8044,825.82,812.02,0.7669,907.12,781.62,0.7349,853.58,797.48,0.7204,882.00,792.85,0.7365,834.41,853.66,0.8103,887.95,838.46,0.7864,837.71,901.26,0.8581,887.29,893.98,0.8046
671,top,1,776.33,391.00,899.17,568.38,832.98,407.80,0.7770,836.88,403.90,0.7470,829.95,404.77,0.7700,846.84,406.07,0.7854,827.79,408.23,0.6965,865.90,421.66,0.7651,822.59,432.92,0.7534,882.35,446.34,0.7200,816.53,462.80,0.6851,895.34,474.49,0.6521,809.17,489.22,0.6266,863.30,471.46,0.6430,832.98,469.30,0.6249,874.99,509.14,0.6591,811.33,505.24,0.7309,876.72,522.99,0.7429,793.58,546.38,0.7806
671,bottom,0,817.11,662.36,916.71,928.75,850.65,686.29,0.7405,845.45,682.39,0.5474,853.25,681.74,0.5238,842.84,689.54,0.7714,863.01,687.59,0.7798,827.89,724.01,0.8899,883.17,714.26,0.8254,823.33,765.63,0.7609,907.88,744.82,0.8017,822.03,804.01,0.7790,911.13,774.09,0.7530,853.90,791.65,0.7316,882.52,788.40,0.7530,836.34,847.58,0.8325,887.72,838.48,0.7888,843.49,891.81,0.8541,886.42,895.06,0.8311
672,top,1,773.71,393.86,898.74,573.97,823.03,414.00,0.8391,826.11,409.16,0.7492,819.52,410.48,0.7817,836.23,410.48,0.7970,817.32,414.00,0.6706,856.01,424.99,0.7165,813.80,439.06,0.7708,874.04,448.30,0.7411,808.08,467.21,0.6716,888.99,475.56,0.7454,801.49,493.59,0.6325,856.01,474.68,0.6521,826.11,474.24,0.6146,871.84,508.98,0.6441,805.44,510.30,0.7212,878.00,527.01,0.7036,786.54,551.19,0.7443
672,bottom,0,814.62,654.78,918.24,920.06,853.47,679.27,0.7287,848.29,675.38,0.5186,856.71,674.73,0.5189,845.70,681.86,0.7875,865.13,680.56,0.7768,830.81,715.53,0.8819,885.21,708.41,0.8076,823.68,756.34,0.7688,910.47,738.20,0.8188,821.09,795.84,0.7751,912.41,767.35,0.7720,854.12,784.18,0.7286,882.62,781.59,0.7523,840.52,839.23,0.8018,887.80,836.00,0.8181,847.00,884.57,0.8543,887.80,892.34,0.8812
673,top,1,771.43,401.79,891.40,578.45,813.30,419.82,0.7757,816.32,415.50,0.7012,810.28,416.80,0.7333,827.10,416.37,0.7437,808.12,420.25,0.6875,846.08,429.31,0.6850,805.97,444.83,0.7665,866.35,451.73,0.7312,799.50,474.16,0.6374,884.03,478.48,0.7262,790.44,504.35,0.6213,849.53,478.04,0.6332,818.91,478.48,0.6211,868.07,511.25,0.6254,799.93,513.41,0.7186,878.86,528.51,0.6834,781.81,558.27,0.7728
673,bottom,0,813.26,649.29,920.47,913.88,855.89,673.06,0.7782,852.01,669.83,0.5055,857.18,669.19,0.5370,847.49,676.29,0.8101,868.16,675.00,0.7833,831.99,709.88,0.8757,886.25,702.78,0.7986,824.23,749.93,0.7635,912.09,735.07,0.8005,819.71,789.34,0.7609,913.38,761.56,0.7293,854.59,777.71,0.7193,883.02,775.77,0.7435,843.61,830.03,0.7933,890.77,831.97,0.7976,848.14,880.42,0.8564,888.19,888.17,0.8810
674,top,1,764.96,403.54,895.38,579.23,803.57,428.76,0.8780,807.43,424.04,0.8091,801.00,424.47,0.7975,818.59,424.04,0.8173,798.42,427.04,0.7063,837.03,434.77,0.7453,797.57,451.92,0.8138,858.05,454.93,0.7198,790.27,483.24,0.7280,878.21,479.38,0.7501,780.41,513.69,0.7479,842.18,481.95,0.6532,811.72,482.38,0.6767,861.91,512.41,0.6402,796.71,511.55,0.7260,879.92,531.28,0.6412,780.84,561.30,0.8000
674,bottom,0,811.45,645.49,921.79,910.59,857.56,669.31,0.7507,854.32,665.43,0.5184,858.85,665.43,0.5313,849.79,672.55,0.7827,869.86,670.60,0.7427,833.61,705.55,0.8715,887.98,699.08,0.8067,825.85,745.68,0.7781,911.92,732.09,0.7843,818.73,784.51,0.7771,914.51,758.62,0.7179,853.68,772.86,0.7170,882.80,770.27,0.7286,845.91,821.40,0.7488,895.10,825.28,0.7877,846.56,875.77,0.8277,890.57,880.30,0.8679
675,top,1,760.17,415.55,887.06,579.39,796.77,436.75,0.8258,800.49,431.80,0.7788,794.29,432.62,0.7825,811.64,431.80,0.8052,792.23,434.27,0.6563,829.82,440.06,0.6877,790.99,458.23,0.7786,851.29,456.17,0.6845,783.14,488.39,0.7124,873.60,478.06,0.6853,772.40,515.65,0.7358,834.77,483.43,0.6130,807.10,483.84,0.6164,851.71,513.58,0.5897,793.47,510.69,0.6964,871.53,523.08,0.6392,781.49,560.67,0.7813
675,bottom,0,812.38,644.04,921.02,901.74,859.15,667.82,0.8025,856.64,664.67,0.5489,860.41,664.05,0.5600,851.60,671.59,0.8022,871.11,669.71,0.7547,835.87,703.05,0.8655,889.35,696.76,0.8290,828.32,742.69,0.8059,912.00,730.73,0.7907,819.52,781.07,0.7998,914.52,757.16,0.7131,852.86,768.48,0.7359,882.43,766.60,0.7268,847.20,814.41,0.7858,898.79,819.44,0.8047,844.05,868.52,0.8101,893.76,876.70,0.8957
676,top,1,752.87,414.44,883.53,579.64,791.40,442.60,0.8645,794.81,437.49,0.8294,788.43,437.92,0.8055,805.44,435.79,0.8317,785.88,438.34,0.6759,824.15,443.87,0.6903,785.03,463.44,0.7943,847.55,458.76,0.7151,777.37,492.36,0.7615,870.94,479.17,0.7537,766.74,516.60,0.7500,830.11,484.70,0.6669,802.46,484.70,0.6537,844.99,517.03,0.6523,791.83,511.07,0.7034,864.56,522.56,0.6801,781.62,559.56,0.8085
676,bottom,0,814.16,645.52,920.58,901.83,861.12,668.55,0.8162,858.61,665.42,0.5576,862.37,664.79,0.5709,853.61,672.30,0.8256,873.00,670.43,0.7725,837.96,704.22,0.8559,891.15,697.33,0.8421,830.45,741.76,0.8177,911.80,732.37,0.7794,821.07,778.68,0.7943,913.05,756.15,0.7012,852.98,768.67,0.7419,881.77,766.79,0.7308,847.97,810.59,0.7634,902.42,819.98,0.8244,842.97,859.40,0.7608,899.29,877.55,0.8952
677,top,1,752.50,418.44,875.49,579.10,787.57,446.32,0.8376,791.17,441.12,0.8151,784.77,441.52,0.7955,801.58,439.12,0.8115,782.37,441.52,0.6526,821.20,445.52,0.6393,781.57,465.14,0.7706,845.22,457.93,0.7324,773.56,493.16,0.7395,868.84,477.95,0.7891,762.35,515.18,0.7399,827.20,485.16,0.6507,799.58,484.76,0.6425,842.02,518.79,0.6936,789.57,512.78,0.6967,858.43,525.59,0.6392,781.17,559.62,0.7925
677,bottom,0,814.97,649.20,925.97,905.03,863.60,670.93,0.8371,861.73,667.81,0.5755,864.23,667.18,0.5880,855.48,674.68,0.8426,875.47,672.81,0.7854,840.49,705.91,0.8484,892.96,700.29,0.8311,833.62,742.76,0.8202,912.32,737.14,0.7866,823.63,777.74,0.7904,909.82,757.75,0.7155,852.36,769.62,0.7336,881.09,768.99,0.7151,847.99,807.72,0.7046,904.20,822.08,0.8194,843.62,848.32,0.7226,905.45,882.67,0.8839
678,top,1,749.11,418.90,866.70,578.60,785.68,446.51,0.8310,788.80,441.44,0.7517,782.56,442.22,0.8016,799.33,438.71,0.7748,779.83,441.83,0.6762,818.82,443.78,0.6205,779.06,465.22,0.7397,844.56,456.64,0.7141,771.65,492.12,0.7097,867.95,477.31,0.7844,760.34,513.95,0.7419,825.84,483.93,0.6161,796.99,483.93,0.6125,842.22,520.19,0.6595,788.02,512.79,0.6758,855.08,534.23,0.6474,781.00,559.57,0.7651
678,bottom,0,817.86,652.46,926.32,904.74,865.93,675.12,0.8687,864.08,672.04,0.5708,865.93,672.04,0.6022,857.92,678.82,0.8434,877.02,678.20,0.7950,842.52,710.23,0.8661,894.26,705.30,0.8529,833.90,745.96,0.8330,913.36,739.80,0.8240,824.05,778.60,0.8094,907.81,755.20,0.7007,852.38,773.67,0.7576,881.33,773.67,0.7361,846.84,806.32,0.6889,905.97,825.41,0.8435,846.22,843.89,0.7063,904.12,885.77,0.8740
679,top,1,752.32,416.50,859.35,578.38,786.07,442.90,0.8036,789.24,438.16,0.7429,782.91,438.55,0.8126,799.12,435.39,0.7840,780.15,438.95,0.6893,817.69,440.53,0.6398,778.17,461.48,0.7469,843.38,454.36,0.7011,770.27,490.33,0.7076,867.88,474.12,0.7934,759.60,514.04,0.7528,825.99,480.45,0.6259,795.95,481.24,0.6110,840.22,522.74,0.6669,787.26,511.67,0.6834,847.73,532.62,0.6456,780.94,559.88,0.7693
679,bottom,0,810.62,655.99,926.51,904.96,866.13,677.75,0.8492,864.31,674.72,0.5544,865.53,674.11,0.6051,857.63,681.40,0.8357,877.08,680.79,0.7881,843.04,711.79,0.8359,894.70,706.93,0.8425,832.10,747.65,0.8116,913.55,737.93,0.8057,819.94,781.69,0.8180,903.82,745.22,0.5460,851.55,775.61,0.7278,880.11,776.22,0.7216,847.90,804.79,0.6543,906.86,827.28,0.8344,847.90,840.04,0.6656,905.04,885.63,0.8998
680,top,1,754.28,412.32,856.73,578.23,787.68,437.76,0.7811,790.52,432.89,0.7156,784.03,433.70,0.7880,799.02,430.87,0.7717,781.20,434.92,0.7112,818.06,437.35,0.6643,778.36,457.20,0.7797,841.96,450.31,0.7121,770.26,487.58,0.7014,865.05,467.73,0.8033,760.95,513.91,0.7497,825.76,475.02,0.6237,794.57,477.86,0.6400,838.31,518.36,0.6470,787.28,511.48,0.6989,840.74,529.71,0.6762,780.79,558.87,0.7736
680,bottom,0,801.41,654.78,926.71,904.50,863.45,676.60,0.8667,862.84,673.56,0.5796,862.84,672.95,0.5936,854.31,680.26,0.8513,873.82,679.04,0.8070,840.28,710.75,0.8159,891.50,704.65,0.8039,826.87,746.11,0.7952,914.67,730.87,0.8662,812.24,781.47,0.8216,900.64,715.01,0.6305,850.65,774.15,0.7288,879.30,774.76,0.7202,848.82,799.15,0.5815,904.30,827.20,0.8014,851.87,837.56,0.6840,904.30,886.34,0.9092
681,top,1,758.13,401.65,856.06,578.38,790.26,430.90,0.7494,793.29,425.73,0.6734,786.38,426.59,0.7240,801.48,424.86,0.7602,783.36,427.45,0.7442,818.74,431.77,0.6822,779.05,451.61,0.7645,841.61,444.28,0.7315,770.85,483.98,0.6904,864.05,462.83,0.7709,763.08,513.32,0.7772,825.65,472.33,0.6534,795.01,475.35,0.6606,837.73,515.90,0.6540,787.24,511.16,0.7071,839.02,529.71,0.7344,780.77,558.62,0.7781
681,bottom,0,793.26,650.15,927.22,905.43,857.75,671.21,0.8797,857.75,668.72,0.6070,857.12,668.10,0.5958,849.64,675.58,0.8628,867.72,674.33,0.8038,834.69,706.74,0.8098,885.17,699.26,0.7823,818.48,742.89,0.7934,916.33,718.58,0.8510,802.90,780.91,0.8152,897.01,703.62,0.6040,848.40,769.06,0.7002,877.07,769.69,0.7073,847.15,794.62,0.6327,897.01,825.16,0.7543,852.14,836.38,0.7434,903.25,882.50,0.8896
682,top,2,760.42,395.65,877.25,578.52,792.05,422.79,0.8877,796.07,418.33,0.7982,788.92,418.78,0.8248,804.55,418.33,0.8540,785.80,420.56,0.8240,821.51,425.92,0.7601,779.99,446.01,0.8196,842.05,439.76,0.7431,773.30,478.60,0.6722,864.82,458.51,0.7816,767.49,510.30,0.7263,825.53,467.44,0.7009,794.73,471.90,0.7082,838.03,512.09,0.6588,787.58,511.64,0.7552,839.37,531.73,0.7713,780.44,558.96,0.8466
682,bottom,0,782.48,643.62,934.30,899.06,851.53,665.95,0.8021,849.66,662.83,0.5270,852.77,662.83,0.5589,842.80,669.06,0.8014,860.88,668.44,0.7758,827.83,701.49,0.8116,877.72,692.76,0.7516,810.99,738.29,0.7703,915.76,705.86,0.6610,792.90,775.71,0.7989,921.38,702.74,0.5221,846.54,762.61,0.6964,875.23,761.36,0.7017,842.17,788.80,0.6618,891.44,816.24,0.7678,851.53,836.20,0.7831,902.04,871.75,0.8519
683,top,1,765.88,391.05,877.82,578.92,796.17,416.19,0.8776,799.84,411.60,0.7886,792.50,412.06,0.8216,808.09,412.06,0.8522,788.83,415.27,0.8195,824.15,420.78,0.7743,782.87,440.04,0.8086,842.49,435.45,0.7268,775.53,471.69,0.6668,864.97,454.72,0.7547,770.48,507.00,0.6941,825.98,464.35,0.6945,795.25,468.93,0.6899,838.82,508.84,0.6534,787.00,511.13,0.7583,839.74,533.60,0.7570,780.57,558.83,0.8498
683,bottom,0,774.29,638.64,963.02,892.20,843.89,659.56,0.7894,840.79,657.70,0.6153,846.98,656.46,0.5607,835.84,663.27,0.8265,855.03,662.04,0.7468,822.84,694.85,0.8140,871.13,683.08,0.7485,803.65,730.13,0.7560,905.17,694.23,0.6272,785.08,766.04,0.7378,930.56,694.85,0.6097,842.65,755.51,0.6427,870.51,753.66,0.6427,838.94,789.56,0.6844,888.46,808.75,0.7218,851.32,835.37,0.7729,897.75,854.56,0.7759
684,top,1,768.29,385.33,878.33,579.21,799.64,409.38,0.9178,803.43,405.59,0.8378,796.33,405.59,0.8829,811.95,406.54,0.9210,792.54,407.96,0.8398,827.09,416.00,0.7769,785.44,433.52,0.7881,844.14,431.62,0.7326,779.29,464.28,0.6918,865.44,451.03,0.7727,774.08,498.36,0.6611,825.67,463.81,0.6735,795.38,467.12,0.6758,838.46,503.57,0.6660,787.33,510.20,0.7789,839.40,536.70,0.7631,781.18,558.48,0.8473
684,bottom,0,769.81,632.59,963.39,878.42,837.61,652.79,0.7495,834.46,650.90,0.6072,838.87,649.64,0.5515,831.31,656.57,0.8144,849.59,655.94,0.7309,817.45,688.71,0.8253,865.97,675.48,0.7642,797.28,722.74,0.7743,899.37,687.45,0.6827,779.01,756.13,0.7835,930.87,689.34,0.6568,838.87,749.20,0.7014,865.97,746.05,0.6918,836.35,788.90,0.7480,884.87,800.24,0.7518,850.85,836.16,0.7896,891.18,839.31,0.7464
685,top,1,769.54,383.53,880.22,579.32,803.84,403.98,0.9301,807.67,400.16,0.8604,800.50,400.64,0.8953,815.32,402.07,0.9292,796.67,404.46,0.8628,829.18,412.59,0.7844,788.07,429.80,0.8078,844.95,428.84,0.7221,783.77,458.96,0.6995,865.51,447.96,0.7790,778.99,492.42,0.6509,826.31,463.26,0.6705,796.67,466.13,0.6858,838.74,503.41,0.6703,788.07,510.11,0.7867,839.70,540.22,0.7802,781.38,557.91,0.8451
685,bottom,0,766.01,625.88,958.90,859.85,832.94,645.54,0.7690,829.18,643.03,0.6547,834.20,642.40,0.5702,827.92,649.94,0.8410,845.50,649.31,0.7629,812.85,680.71,0.8494,863.71,671.29,0.7680,791.50,713.98,0.7821,900.13,680.71,0.6800,774.55,743.50,0.7829,929.01,678.19,0.6592,835.46,742.24,0.7415,861.20,739.73,0.7301,834.83,789.33,0.8021,878.15,793.10,0.7742,851.15,835.80,0.8033,883.81,824.50,0.7576
686,top,1,768.13,383.39,880.59,579.67,808.07,398.63,0.8996,811.90,395.28,0.8354,804.71,395.76,0.8575,819.09,398.15,0.8565,800.88,400.07,0.8412,832.03,409.17,0.7877,791.30,425.94,0.7905,846.88,427.86,0.7198,786.50,455.65,0.7075,867.49,447.99,0.7731,782.67,486.80,0.6600,827.71,463.32,0.6694,799.44,465.72,0.6692,839.21,504.53,0.6590,790.34,509.80,0.7673,839.69,544.78,0.7780,781.23,558.68,0.8302
686,bottom,0,763.90,615.71,960.05,855.46,831.33,637.25,0.7722,828.14,634.70,0.6426,832.61,634.70,0.5937,824.30,641.08,0.8366,841.55,641.08,0.7873,809.62,669.82,0.8536,859.42,663.43,0.7764,788.55,702.38,0.7915,892.63,672.37,0.6803,772.58,730.48,0.7780,923.91,673.01,0.7536,830.69,736.22,0.7578,855.59,733.03,0.7373,833.88,787.94,0.8129,869.00,780.92,0.7552,850.48,833.28,0.7910,874.75,810.93,0.7211
687,top,1,768.89,381.02,884.28,581.04,812.42,395.09,0.8931,816.33,392.16,0.8366,809.01,392.16,0.8698,823.17,395.09,0.8543,805.10,397.04,0.8428,835.37,406.81,0.8092,794.84,422.43,0.8060,848.07,426.34,0.7428,789.96,452.71,0.7218,869.07,446.85,0.7720,786.54,485.43,0.6800,830.00,464.43,0.6690,802.66,465.89,0.6596,839.28,506.42,0.6971,793.38,510.82,0.7367,837.33,546.95,0.7869,781.17,558.67,0.8323
687,bottom,0,762.84,606.24,938.96,854.16,829.72,627.31,0.6695,825.48,623.67,0.5943,834.56,623.67,0.5669,821.24,629.73,0.7732,838.79,629.12,0.7572,804.90,659.99,0.7999,855.74,653.33,0.7394,786.14,692.07,0.7739,890.85,664.83,0.6471,771.00,718.10,0.7804,918.69,670.28,0.7146,824.87,727.78,0.6963,850.90,724.15,0.6805,832.74,782.86,0.7763,858.77,767.73,0.7506,849.69,829.46,0.7504,864.82,805.86,0.7185
688,top,1,770.03,378.45,884.32,580.83,816.31,392.68,0.8629,820.26,389.22,0.8033,813.34,389.72,0.8881,827.67,392.68,0.8419,808.89,394.16,0.8422,839.03,405.03,0.8123,798.52,419.86,0.8214,850.40,425.29,0.7496,793.08,449.01,0.7474,870.66,447.03,0.7966,788.64,481.62,0.6661,832.61,467.78,0.6829,806.42,468.77,0.6692,839.03,508.30,0.7055,795.55,513.24,0.7590,837.06,546.84,0.8115,781.72,558.70,0.8570
688,bottom,0,762.87,592.92,925.62,852.96,826.47,616.92,0.7072,822.66,613.11,0.5791,830.28,613.11,0.6347,818.85,618.82,0.7732,835.99,618.82,0.7752,801.71,648.03,0.8326,851.86,644.22,0.7803,785.20,680.40,0.7818,881.07,659.45,0.6699,771.87,707.07,0.8090,910.91,668.98,0.7246,818.85,717.23,0.7175,844.88,713.42,0.6992,827.74,775.64,0.7742,849.96,756.59,0.7268,845.52,823.89,0.7624,853.77,798.49,0.7278
689,top,1,770.03,376.91,886.93,579.78,820.56,390.68,0.8619,824.52,387.22,0.8149,817.09,387.71,0.8714,831.45,390.68,0.8349,812.63,392.66,0.8999,841.85,404.06,0.8307,802.23,417.92,0.8211,853.74,425.35,0.7922,795.30,449.13,0.7520,873.06,448.13,0.8241,791.34,482.80,0.7072,835.42,467.45,0.6917,810.65,468.94,0.6792,839.38,509.05,0.7267,799.76,513.02,0.7782,837.40,547.69,0.8334,782.42,558.58,0.8774
689,bottom,0,762.92,584.66,920.78,846.64,823.30,606.28,0.7368,820.10,603.72,0.5909,825.86,603.72,0.6037,816.27,608.84,0.7655,832.26,609.48,0.7706,798.36,637.62,0.8380,848.88,635.70,0.8193,782.37,671.52,0.7821,874.47,656.17,0.7193,771.49,698.38,0.8025,900.69,671.52,0.7033,811.79,704.78,0.7002,837.37,701.58,0.6986,822.02,767.46,0.7359,840.57,747.63,0.7009,838.65,813.51,0.7049,839.93,791.12,0.6359
690,top,0,772.21,374.91,887.98,577.32,824.17,389.63,0.8320,827.62,386.17,0.8120,820.71,386.17,0.8332,835.04,389.63,0.8167,816.26,390.62,0.8759,845.41,403.47,0.8174,805.39,416.32,0.8075,858.26,427.19,0.7867,797.48,447.45,0.7405,877.04,451.90,0.8207,793.03,481.55,0.7272,838.00,468.21,0.6951,813.79,469.69,0.6881,839.98,509.72,0.7258,805.39,513.18,0.7769,837.01,547.77,0.8309,785.62,557.16,0.8496
690,bottom,3,762.34,579.04,905.03,836.34,821.12,599.65,0.7428,817.98,596.50,0.5210,822.38,596.50,0.5781,812.95,601.53,0.7290,829.28,601.53,0.7481,794.74,631.05,0.8241,846.25,629.80,0.8455,780.29,666.23,0.7927,865.72,654.92,0.7286,769.61,693.24,0.7878,887.70,673.14,0.7006,805.41,697.64,0.6799,830.54,695.75,0.6781,816.72,758.57,0.6993,832.43,741.61,0.7015,833.68,804.43,0.6455,828.03,783.70,0.6435
691,top,0,781.57,372.76,886.39,568.51,827.77,388.43,0.8421,831.59,384.61,0.7935,823.95,385.09,0.8322,838.28,388.43,0.8280,819.17,388.91,0.8849,848.80,403.25,0.8264,807.70,414.72,0.8284,861.22,428.10,0.7806,799.09,447.22,0.7296,878.43,454.38,0.8295,794.79,480.19,0.7528,839.72,468.24,0.7144,817.26,469.68,0.7148,840.20,509.82,0.7534,810.56,512.21,0.7970,836.85,547.10,0.8671,791.93,556.66,0.8701
691,bottom,3,762.03,574.16,874.69,830.92,818.36,595.35,0.7280,818.36,591.59,0.4993,817.73,591.59,0.5106,808.96,597.23,0.7511,827.14,597.86,0.7627,790.78,625.44,0.7864,842.81,627.32,0.7724,778.24,661.17,0.7641,855.35,654.90,0.7420,768.84,689.38,0.7093,877.29,678.10,0.7082,800.81,693.77,0.6494,825.88,693.77,0.6572,810.84,748.93,0.6871,824.00,741.41,0.6993,824.00,790.93,0.7118,812.72,781.53,0.6480
692,top,1,790.93,370.19,885.68,568.91,829.57,387.07,0.8843,832.97,383.67,0.8036,825.69,384.16,0.8844,840.24,387.07,0.8587,821.32,388.53,0.8788,851.40,403.08,0.8565,810.65,413.75,0.8427,863.53,428.79,0.8093,800.94,446.74,0.7492,878.57,454.99,0.8611,796.09,478.76,0.7495,841.70,469.06,0.7126,820.35,470.03,0.7343,841.21,510.30,0.7801,815.50,511.27,0.8047,836.85,547.66,0.8848,799.97,556.87,0.8542
692,bottom,0,760.15,572.71,888.92,806.11,814.85,593.68,0.8070,812.57,590.83,0.4716,815.42,590.26,0.5411,806.30,595.96,0.7052,823.96,595.96,0.7514,787.49,623.31,0.8323,837.07,626.73,0.8414,775.53,660.35,0.8005,849.04,658.64,0.7705,766.98,687.70,0.7334,868.41,681.43,0.7695,797.75,689.98,0.7265,822.82,689.98,0.7336,802.31,744.68,0.7676,817.12,738.98,0.7661,814.28,782.29,0.7842,807.44,779.44,0.6883
693,top,1,791.57,371.16,885.10,564.51,832.20,387.11,0.8843,835.98,383.81,0.8222,828.42,384.28,0.8752,843.06,387.58,0.8420,823.70,388.53,0.8563,854.39,403.63,0.8697,812.85,414.02,0.8517,864.77,430.07,0.8165,802.46,446.12,0.7688,878.93,456.03,0.8761,796.80,478.22,0.7722,842.59,468.78,0.7330,822.29,469.25,0.7524,842.59,510.32,0.7878,819.93,510.79,0.8411,836.92,547.14,0.8807,809.07,557.05,0.8363
693,bottom,0,758.61,571.36,866.56,806.07,810.29,592.45,0.8397,811.44,589.01,0.4734,809.72,588.44,0.5251,801.70,594.74,0.7199,819.46,595.32,0.7474,784.51,622.82,0.8214,834.36,626.83,0.8110,771.90,660.07,0.7719,842.96,658.92,0.7861,765.03,685.28,0.7219,859.00,683.56,0.7843,791.96,688.72,0.7245,818.32,689.29,0.7138,792.53,742.01,0.8030,810.87,738.57,0.7773,802.85,771.23,0.7928,801.70,778.68,0.7029
694,top,1,792.82,374.61,887.18,570.91,835.21,388.89,0.8908,838.56,385.54,0.8302,831.37,385.54,0.8631,845.27,388.89,0.8489,826.58,389.85,0.9082,856.29,405.67,0.8694,815.08,415.25,0.8638,866.36,431.55,0.8239,804.06,446.40,0.7648,879.78,457.43,0.8682,797.83,477.55,0.7267,844.79,469.89,0.7251,824.66,470.84,0.7215,847.19,511.58,0.7811,823.23,513.98,0.8015,836.64,547.04,0.8633,815.08,562.38,0.8435
694,bottom,0,756.40,569.91,862.22,799.25,804.83,592.19,0.8481,805.95,588.83,0.4536,803.71,588.83,0.5349,796.43,595.55,0.7265,815.47,595.55,0.7577,781.31,622.99,0.8368,828.91,625.23,0.8330,769.00,658.82,0.7843,838.43,658.82,0.7977,763.40,681.22,0.7093,854.10,681.22,0.7733,788.03,682.90,0.7520,814.35,683.46,0.7583,785.23,735.53,0.8189,811.55,733.85,0.8069,792.51,760.17,0.7662,800.35,776.40,0.8171
695,top,1,794.22,375.56,887.86,574.75,837.63,391.03,0.9133,841.04,387.62,0.8305,834.23,387.62,0.8716,847.85,391.03,0.8449,828.88,392.00,0.9093,858.06,408.05,0.8639,817.70,416.80,0.8309,867.30,432.36,0.8199,805.54,446.95,0.7601,880.91,458.14,0.8519,798.73,479.05,0.6979,847.36,471.27,0.7280,827.42,473.21,0.7110,855.14,512.11,0.8146,826.94,515.03,0.7818,838.12,545.18,0.8408,815.27,562.69,0.8395
695,bottom,0,756.21,569.43,858.65,798.47,799.04,590.00,0.8351,797.36,587.21,0.4906,797.92,587.21,0.5819,790.65,593.92,0.7546,810.22,592.80,0.7431,776.67,621.88,0.8243,824.20,621.88,0.8264,766.05,656.55,0.7531,834.83,654.31,0.8122,761.57,677.24,0.5801,851.04,671.09,0.7664,783.38,678.36,0.7094,810.78,679.47,0.7171,780.03,724.77,0.7209,811.90,730.92,0.7903,782.82,757.76,0.7748,799.60,775.09,0.8395
696,top,1,798.47,377.58,888.47,569.31,840.19,391.06,0.8990,843.94,387.78,0.8141,836.45,388.25,0.8604,850.49,391.99,0.8231,831.30,392.93,0.8925,859.85,407.44,0.8597,821.00,417.74,0.8134,868.75,432.72,0.8100,807.89,448.17,0.7564,882.32,460.81,0.8301,800.87,480.00,0.6879,850.96,471.57,0.7390,830.83,474.38,0.7168,862.66,509.96,0.8162,829.42,516.04,0.7876,841.59,541.79,0.7988,815.85,562.85,0.8356
696,bottom,0,753.19,565.12,858.68,796.81,792.36,586.50,0.9517,791.23,584.24,0.6107,792.36,583.67,0.6706,785.57,591.02,0.7743,802.54,589.33,0.7609,771.43,619.31,0.8628,818.95,618.74,0.8732,761.82,654.38,0.7917,834.22,651.55,0.7893,757.29,674.74,0.6897,850.62,659.47,0.7739,778.22,679.83,0.7438,805.94,680.96,0.7497,774.83,714.34,0.7183,813.29,726.78,0.8003,773.69,756.20,0.7991,800.28,772.03,0.8334
697,top,1,800.24,375.48,887.75,583.27,842.98,389.07,0.8873,847.04,385.52,0.8013,838.92,386.54,0.8514,853.64,390.09,0.8630,834.36,391.61,0.8834,862.77,405.81,0.8471,824.21,417.48,0.8163,869.36,430.17,0.8229,809.50,446.40,0.7828,881.54,456.55,0.8432,803.41,476.84,0.7095,855.16,469.74,0.7270,833.85,473.29,0.6824,869.36,505.25,0.8252,831.82,514.89,0.7518,846.03,537.72,0.7880,816.09,564.60,0.8226
697,bottom,0,748.67,563.02,860.90,794.34,786.72,583.81,0.9492,785.59,581.55,0.6770,786.72,581.55,0.6700,779.94,587.76,0.8041,796.32,586.63,0.7575,767.52,616.00,0.8840,813.82,614.87,0.8942,759.04,648.75,0.8250,831.33,644.80,0.8008,752.83,667.39,0.6576,852.79,648.75,0.7954,773.16,674.16,0.7630,800.83,675.86,0.7512,770.34,706.35,0.7328,816.08,724.99,0.8132,765.26,749.27,0.7676,799.70,767.91,0.8046
698,top,1,803.64,373.95,890.03,585.71,845.80,386.77,0.9004,849.42,383.67,0.8195,842.18,384.19,0.8591,856.65,387.29,0.8721,837.01,389.36,0.8848,865.96,402.28,0.8646,827.70,415.20,0.8267,872.68,427.10,0.8422,812.19,445.19,0.7663,883.54,452.43,0.8350,807.02,476.21,0.7116,860.27,466.90,0.7504,838.56,471.04,0.6987,876.30,502.06,0.8328,834.94,513.43,0.7401,852.00,532.56,0.8083,817.88,563.06,0.8135
698,bottom,0,742.21,560.70,867.71,791.19,780.20,582.54,0.9107,780.20,579.72,0.6616,780.20,579.72,0.6002,773.45,585.91,0.8022,790.89,585.35,0.6722,762.76,615.74,0.8730,808.34,612.92,0.8438,753.19,650.62,0.7454,826.91,638.81,0.7677,750.38,659.63,0.5492,853.92,641.06,0.7822,770.64,674.26,0.7431,797.65,675.38,0.7253,766.14,705.77,0.7232,817.90,723.77,0.7909,759.95,740.09,0.7129,798.77,763.73,0.7899
699,top,0,806.79,368.99,892.26,583.42,850.05,385.64,0.9427,854.24,381.97,0.8252,846.39,382.50,0.8610,861.05,385.64,0.8678,841.15,387.73,0.8970,869.95,399.77,0.8801,831.21,412.86,0.8442,877.27,423.33,0.8434,816.55,443.22,0.7984,886.17,450.03,0.8374,811.84,475.16,0.7398,864.19,464.16,0.7814,842.20,468.35,0.7228,883.03,498.19,0.8555,839.06,510.76,0.7652,858.95,529.08,0.8442,819.69,562.06,0.8510
699,bottom,1,736.20,561.53,873.90,787.96,773.54,582.98,0.9547,774.09,579.66,0.6844,771.88,580.77,0.6501,766.90,586.85,0.8394,783.49,585.19,0.7893,756.40,616.70,0.9052,801.73,611.73,0.8376,749.77,648.21,0.7756,822.74,635.50,0.7509,743.69,654.29,0.6000,854.80,637.15,0.7610,767.46,675.85,0.7159,795.10,675.30,0.7181,762.48,709.02,0.5979,818.87,723.94,0.7784,756.95,730.58,0.6104,795.65,760.43,0.7700
700,top,1,811.13,371.47,896.40,585.23,854.29,385.46,0.8828,858.46,381.80,0.8150,850.63,382.33,0.8446,865.25,385.46,0.8714,845.94,387.55,0.8612,874.64,400.07,0.8711,836.02,411.55,0.8231,881.95,423.03,0.8410,820.89,442.86,0.7782,890.82,448.08,0.8063,816.19,474.70,0.7241,867.85,462.17,0.7572,845.94,466.35,0.7090,888.21,495.05,0.8276,842.81,510.18,0.7602,866.29,526.36,0.7838,824.02,560.80,0.8045
700,bottom,0,728.30,564.27,876.33,790.31,768.10,586.23,0.9185,767.55,582.92,0.6375,765.89,583.47,0.6040,761.48,589.54,0.8009,778.03,587.33,0.7765,752.65,619.34,0.8850,796.24,613.27,0.8238,743.82,648.59,0.7551,816.66,634.79,0.7254,737.19,651.35,0.5454,853.09,635.35,0.7363,764.24,677.29,0.6998,791.28,675.63,0.7010,759.27,710.95,0.6006,817.77,724.20,0.7579,755.96,731.37,0.6022,794.04,755.65,0.7524
701,top,0,817.48,371.82,901.94,582.62,859.71,386.65,0.9179,863.83,383.04,0.8251,855.59,384.07,0.8646,871.03,386.65,0.8925,851.47,388.19,0.8653,880.29,402.08,0.8503,840.67,411.86,0.8226,887.50,424.21,0.8167,825.74,442.74,0.7923,895.73,450.46,0.8051,821.63,475.16,0.7414,871.55,462.81,0.7456,849.42,466.41,0.7296,893.16,495.23,0.8379,848.90,508.10,0.7569,876.18,526.11,0.8197,829.86,559.05,0.7688
701,bottom,1,728.74,567.56,874.66,785.40,763.41,589.26,0.9270,763.94,585.54,0.6322,761.28,586.07,0.6667,756.49,593.51,0.7090,773.51,590.32,0.7934,747.45,622.23,0.8609,790.53,614.26,0.8159,738.41,651.49,0.7396,810.74,635.00,0.7336,740.00,649.89,0.4045,848.50,637.66,0.7328,762.34,682.33,0.6743,788.93,680.21,0.6757,753.83,700.42,0.6531,817.12,727.01,0.7583,753.83,734.45,0.7304,793.72,752.00,0.7382
702,top,1,824.05,376.55,908.50,581.96,865.27,389.48,0.8761,869.79,385.97,0.8026,861.76,386.48,0.8361,877.31,390.49,0.8713,857.25,391.99,0.8389,886.34,406.03,0.8186,845.21,415.56,0.8088,892.85,429.10,0.7890,831.67,445.15,0.7762,901.88,455.68,0.8027,826.15,477.25,0.7281,873.30,463.71,0.6993,850.73,466.72,0.6930,896.87,496.81,0.8006,854.24,506.33,0.7332,888.34,527.40,0.8165,837.19,557.99,0.7583
702,bottom,0,732.17,570.13,867.58,785.86,758.79,590.57,0.8810,756.69,586.35,0.5691,756.16,587.41,0.6524,753.00,594.25,0.6879,768.80,591.62,0.7738,745.10,623.22,0.8242,787.23,614.27,0.7864,738.25,654.30,0.8097,803.56,633.75,0.6434,748.79,639.55,0.4900,843.06,640.08,0.7080,759.32,674.31,0.6192,785.65,673.26,0.6215,751.42,692.22,0.6299,814.10,726.98,0.7291,753.53,732.77,0.6902,793.55,749.10,0.7116
703,top,1,829.89,379.99,920.15,583.17,871.55,394.28,0.8937,875.52,390.81,0.8396,868.08,391.30,0.8657,882.96,395.27,0.8516,863.61,395.77,0.8845,891.39,412.63,0.8047,850.72,419.58,0.8115,897.84,434.96,0.7687,837.32,449.84,0.7812,907.27,461.74,0.7735,832.86,479.10,0.7038,876.51,466.70,0.6837,853.20,469.18,0.7022,900.32,499.44,0.7596,859.15,508.37,0.7506,900.32,531.19,0.8170,842.78,559.46,0.7963
703,bottom,0,733.41,569.92,859.14,783.60,755.59,589.12,0.8948,754.54,585.99,0.6107,752.98,587.03,0.6538,750.37,593.81,0.7197,766.02,590.68,0.7547,744.11,622.50,0.8324,784.80,612.59,0.8022,739.94,655.37,0.8206,800.45,633.46,0.6968,755.59,650.67,0.4965,836.97,642.85,0.7084,757.67,675.19,0.6537,784.28,673.63,0.6606,751.41,692.93,0.6167,809.84,725.80,0.7480,753.50,732.58,0.6827,793.15,746.66,0.7593
704,top,1,832.94,385.15,938.80,582.77,878.64,399.53,0.8589,882.50,396.15,0.7889,874.78,396.15,0.8496,889.25,400.49,0.7812,869.95,400.97,0.8689,896.49,418.83,0.8057,856.93,424.62,0.8308,903.73,442.95,0.7401,842.45,455.01,0.7982,914.34,471.41,0.7437,836.66,485.89,0.7004,879.12,471.90,0.6785,856.93,475.76,0.6967,907.10,501.81,0.7553,863.20,513.87,0.7841,909.03,534.13,0.7913,842.45,561.15,0.7930
704,bottom,0,733.14,567.00,853.97,782.69,754.06,586.38,0.9157,754.06,583.74,0.6413,751.96,584.27,0.6358,748.80,591.64,0.7207,765.12,587.96,0.7613,743.01,621.13,0.8551,783.55,609.55,0.8377,738.27,655.89,0.8458,799.35,632.19,0.7078,752.48,665.36,0.5865,832.53,645.88,0.7360,757.75,672.74,0.6823,784.61,671.16,0.6826,750.38,690.11,0.6319,807.78,723.82,0.7692,754.06,732.24,0.6877,791.45,746.46,0.7700
705,top,1,832.46,389.69,940.41,583.41,884.07,404.26,0.8645,888.33,400.48,0.8005,880.29,400.48,0.8237,895.42,404.73,0.8153,875.09,405.21,0.8379,902.52,424.12,0.7634,862.32,429.80,0.7722,910.08,449.66,0.6827,848.60,461.01,0.7311,923.80,478.04,0.7047,841.51,491.28,0.6593,883.13,474.73,0.6309,860.43,478.04,0.6596,911.98,505.00,0.7484,866.57,515.40,0.7404,911.98,539.05,0.7681,843.40,560.80,0.7496
705,bottom,0,733.26,562.91,848.99,782.51,754.67,582.10,0.9314,754.67,579.42,0.6629,753.06,579.42,0.6258,748.77,587.47,0.7332,765.93,583.71,0.7645,742.34,618.56,0.8487,784.16,604.62,0.8440,739.66,656.09,0.8223,797.56,629.28,0.7176,755.74,657.16,0.4899,829.19,646.97,0.7317,757.89,668.96,0.7014,785.23,666.81,0.6769,750.92,690.94,0.6012,807.21,721.49,0.7602,753.60,732.22,0.6830,790.59,746.69,0.7229
706,top,1,832.42,389.47,944.59,582.95,887.09,404.49,0.8711,891.34,400.71,0.8042,883.31,400.71,0.8140,898.42,404.96,0.8382,878.59,405.91,0.8172,907.87,423.86,0.7416,867.25,430.94,0.7458,916.37,448.42,0.6655,852.61,461.65,0.7016,933.85,476.29,0.6835,845.05,491.41,0.6415,891.34,476.29,0.6356,866.78,478.18,0.6515,920.63,506.99,0.7366,865.83,515.02,0.6822,914.96,539.11,0.7639,844.10,559.90,0.7576
706,bottom,0,733.68,556.89,844.44,784.21,756.87,576.76,0.9154,756.87,573.99,0.6296,756.32,573.99,0.6284,750.77,580.64,0.7712,767.42,578.43,0.7847,744.11,612.28,0.8428,785.18,599.51,0.8585,741.89,652.24,0.7965,800.16,628.37,0.7169,755.21,663.89,0.5478,827.91,648.35,0.7629,760.20,664.45,0.7307,786.29,662.23,0.7012,752.43,689.97,0.6096,809.04,717.17,0.7700,753.54,731.04,0.7010,790.73,747.14,0.7254
707,top,1,834.64,387.25,947.69,579.54,888.35,401.71,0.8483,892.10,397.95,0.7863,884.12,398.42,0.8006,898.67,402.65,0.8149,878.96,403.58,0.8369,909.94,419.55,0.7271,868.63,429.40,0.7539,922.15,439.26,0.6996,857.83,459.45,0.6696,939.05,460.39,0.6634,851.73,489.96,0.5850,899.14,473.06,0.6452,871.92,474.94,0.6305,927.31,507.80,0.7542,866.28,511.09,0.6597,916.04,538.32,0.7587,845.16,557.57,0.7412
707,bottom,0,736.51,551.83,842.21,784.07,760.44,570.42,0.8852,761.01,567.59,0.5995,761.58,567.59,0.6008,753.07,573.83,0.7805,771.22,572.13,0.7504,745.70,605.58,0.8400,788.23,594.80,0.8483,744.00,645.27,0.7446,801.27,624.86,0.7183,754.21,661.14,0.5278,825.65,647.53,0.7613,761.58,660.01,0.7259,788.23,657.74,0.6907,755.34,690.63,0.6905,812.04,711.60,0.7686,753.64,731.45,0.7295,792.76,746.19,0.7396
708,top,1,831.13,385.10,944.75,574.06,887.94,398.38,0.8237,891.17,394.69,0.7867,883.33,395.15,0.7777,897.17,399.30,0.7735,877.33,400.69,0.8126,910.08,414.53,0.6853,868.10,429.29,0.7256,928.08,428.37,0.6493,861.64,462.51,0.6040,945.15,448.67,0.6830,857.95,496.65,0.5867,907.32,471.27,0.6124,881.02,472.66,0.5815,932.23,509.57,0.7594,865.79,510.95,0.6050,915.62,538.17,0.7236,847.80,552.47,0.7012
708,bottom,0,738.93,546.15,837.77,776.07,765.34,565.68,0.9004,765.34,562.87,0.6266,767.02,562.87,0.6075,758.60,568.49,0.7323,776.00,567.36,0.7663,748.50,601.04,0.8081,792.28,589.82,0.8376,747.37,641.46,0.6773,801.82,620.13,0.7504,757.48,658.30,0.4278,824.28,646.51,0.7911,761.97,657.18,0.7266,789.47,654.37,0.6882,756.35,693.10,0.7248,814.73,707.14,0.7907,752.99,731.27,0.7273,794.53,748.67,0.7668
709,top,1,835.25,383.32,955.29,565.52,887.71,397.02,0.7956,890.82,393.91,0.7782,883.26,394.35,0.8058,896.16,397.91,0.7597,877.03,399.69,0.8204,910.39,410.36,0.6675,868.58,430.38,0.7421,928.63,419.26,0.5634,864.58,463.74,0.6104,945.09,429.05,0.6465,864.13,495.77,0.5533,915.29,469.53,0.6096,885.93,470.86,0.5923,935.31,510.45,0.7394,867.69,510.01,0.6371,917.96,536.70,0.7416,850.79,547.82,0.7534
709,bottom,0,738.80,542.16,832.19,781.04,769.75,561.29,0.8829,769.17,558.96,0.6116,770.33,558.96,0.6409,763.33,564.79,0.7370,779.08,562.46,0.7745,751.09,595.70,0.8166,795.41,586.95,0.8364,749.34,634.19,0.6925,805.32,619.61,0.7616,758.09,654.60,0.3903,823.40,648.77,0.7532,762.75,655.18,0.7061,790.16,652.85,0.6685,755.75,691.34,0.7235,817.57,704.17,0.7905,751.09,729.25,0.7241,800.08,751.41,0.7476
710,top,1,841.14,384.29,951.85,557.21,888.47,397.72,0.7905,891.85,393.92,0.7652,883.83,394.76,0.8066,897.76,397.30,0.7409,878.34,400.67,0.7989,911.69,408.27,0.6444,872.01,431.07,0.7293,942.51,412.92,0.5171,870.74,463.57,0.5874,940.40,413.34,0.6463,871.16,495.24,0.5180,921.40,467.80,0.6536,892.69,469.91,0.6249,937.44,513.39,0.7423,872.01,510.44,0.6286,923.93,531.54,0.7452,861.45,535.77,0.6741
710,bottom,0,739.24,541.26,832.55,775.16,775.61,561.13,0.8476,775.04,558.27,0.5442,775.61,557.70,0.6257,768.19,564.56,0.7170,785.32,562.27,0.7733,755.06,593.68,0.8142,799.60,587.40,0.8386,752.77,629.66,0.6832,807.02,619.95,0.7782,761.34,650.21,0.3195,823.01,651.36,0.7566,763.05,654.21,0.6975,790.46,653.64,0.6494,755.06,689.04,0.7356,820.73,703.32,0.8099,748.20,731.30,0.7730,807.59,752.43,0.8109
711,top,1,850.74,387.13,949.12,553.39,892.22,400.45,0.8051,895.47,396.39,0.7781,887.35,397.20,0.8323,901.15,399.23,0.7508,881.67,402.07,0.7875,913.73,407.75,0.6636,875.98,432.92,0.7146,934.84,401.26,0.6264,876.79,466.20,0.5820,931.59,398.42,0.5607,880.04,497.05,0.5579,926.31,469.45,0.6528,897.50,472.70,0.6113,942.55,513.69,0.7415,874.36,515.72,0.5749,931.19,529.53,0.7591,869.49,528.71,0.6240
711,bottom,0,735.96,543.30,835.75,775.57,781.88,561.90,0.8695,782.45,559.64,0.5528,780.75,559.64,0.5974,774.51,565.31,0.7327,790.39,564.17,0.7676,760.90,592.52,0.7929,802.86,591.39,0.8096,753.53,629.95,0.7022,808.54,627.11,0.7529,757.50,657.17,0.4087,821.58,658.30,0.7079,762.04,654.33,0.6838,789.26,655.47,0.6236,756.37,687.22,0.7320,823.28,704.23,0.8092,743.89,733.15,0.7702,814.77,754.70,0.8202
712,top,1,858.92,385.46,956.35,548.06,896.92,404.44,0.8498,900.49,400.87,0.7891,892.55,401.26,0.8431,906.84,403.64,0.7229,886.99,406.42,0.8284,916.37,411.58,0.6803,881.04,437.39,0.7337,922.32,390.15,0.6025,886.60,473.11,0.5808,918.35,390.94,0.3151,896.92,502.49,0.6715,930.66,472.72,0.6792,900.49,476.29,0.6013,948.13,512.02,0.7384,875.08,517.57,0.7624,942.57,535.44,0.7401,879.85,528.69,0.7542
712,bottom,0,729.35,548.04,851.04,784.99,787.88,565.86,0.8703,788.46,562.97,0.5618,787.30,563.55,0.6072,780.36,568.75,0.7831,795.98,568.75,0.7373,765.32,595.36,0.7790,806.97,596.52,0.8301,754.91,632.39,0.7182,807.55,632.39,0.7991,761.27,656.10,0.3674,820.28,665.94,0.7527,761.85,656.68,0.7018,787.88,659.57,0.6260,758.38,690.81,0.7294,824.91,706.43,0.8023,738.71,735.93,0.7819,822.59,759.65,0.8471
713,top,1,857.09,384.68,972.87,552.51,903.50,412.05,0.8213,908.01,407.13,0.7593,899.41,407.54,0.8447,914.98,408.77,0.7695,893.67,410.00,0.8224,921.94,419.01,0.6606,886.71,441.55,0.7469,918.26,407.13,0.4713,894.49,475.97,0.5925,912.93,387.46,0.3550,907.60,503.01,0.5766,934.24,476.79,0.6881,903.91,479.66,0.6194,953.90,510.80,0.6983,879.33,516.12,0.7188,955.95,538.66,0.8153,883.02,533.33,0.8213
713,bottom,0,726.12,551.88,863.15,787.95,794.63,570.79,0.8821,796.36,567.91,0.5860,793.48,568.48,0.6073,786.56,573.09,0.7913,802.13,574.25,0.7206,770.43,598.45,0.7908,810.77,603.64,0.8214,757.75,634.76,0.7256,806.16,638.80,0.7856,777.92,658.97,0.3359,817.69,673.95,0.7574,761.78,658.39,0.7167,787.14,662.43,0.6326,761.78,694.70,0.7657,826.33,710.84,0.7959,737.00,739.08,0.8198,831.52,765.59,0.8461
714,top,1,858.04,388.18,989.46,561.69,913.91,417.61,0.7495,917.76,412.47,0.6938,909.20,412.90,0.7547,923.32,414.19,0.7064,901.93,416.32,0.8200,930.17,424.03,0.6885,894.23,445.42,0.7804,930.59,421.89,0.3250,903.64,477.93,0.6951,949.84,425.31,0.2569,921.18,498.89,0.6276,937.01,478.36,0.6522,907.06,480.92,0.6199,962.68,513.01,0.7202,880.11,513.44,0.7332,964.82,542.96,0.7792,882.25,533.12,0.7988
714,bottom,0,726.67,556.35,864.77,787.50,802.49,575.99,0.9070,804.75,573.17,0.6341,803.05,573.73,0.5733,793.46,578.81,0.7774,809.83,579.94,0.6991,778.79,601.95,0.7639,814.90,609.85,0.8011,766.94,635.24,0.5751,805.31,643.71,0.7723,787.82,660.08,0.3306,816.60,680.39,0.7132,762.99,662.90,0.7026,787.82,667.41,0.6081,763.55,697.89,0.7315,828.45,713.12,0.7814,738.72,740.78,0.8252,832.96,767.30,0.8693
715,top,1,859.20,400.32,994.75,562.13,926.09,419.45,0.7262,929.18,414.16,0.7004,921.24,415.48,0.6766,934.03,415.48,0.6769,913.73,419.01,0.7683,939.77,424.75,0.7097,905.35,445.48,0.7805,948.59,427.39,0.3637,914.18,478.58,0.7067,960.95,429.16,0.5240,934.91,498.87,0.6937,942.42,479.02,0.6714,912.85,481.22,0.6070,970.21,509.91,0.7629,883.73,513.44,0.6966,969.77,545.65,0.7705,882.41,532.41,0.7940
715,bottom,0,726.26,560.41,864.17,788.44,811.91,579.78,0.9237,812.47,577.56,0.6266,813.03,577.56,0.6200,803.01,583.12,0.7439,819.15,584.24,0.7442,789.09,604.28,0.7730,821.38,615.41,0.8019,777.95,636.57,0.5425,806.35,646.59,0.7812,798.00,661.62,0.3363,819.71,683.89,0.7339,766.26,663.85,0.7282,789.09,668.86,0.6172,766.26,699.48,0.7248,833.63,713.95,0.8223,737.87,742.35,0.8232,834.18,769.07,0.8848
716,top,1,859.76,399.02,994.41,559.78,943.30,418.47,0.7519,945.49,413.65,0.6886,938.48,414.09,0.6753,949.44,415.84,0.6653,929.71,417.16,0.7601,953.82,425.05,0.7631,918.76,443.46,0.7639,959.08,429.43,0.4745,923.58,478.08,0.7272,972.67,433.37,0.5192,945.49,497.81,0.6870,946.37,479.84,0.6947,919.19,482.47,0.6175,980.12,512.71,0.7751,896.84,518.41,0.6328,971.79,544.27,0.8059,879.74,531.12,0.7583
716,bottom,0,726.83,560.43,863.29,788.86,823.50,581.51,0.9222,825.73,579.28,0.6007,822.94,578.17,0.7184,815.69,583.74,0.7147,828.52,584.30,0.8528,798.41,605.49,0.7901,828.52,617.76,0.8591,785.58,637.28,0.5832,811.79,648.44,0.7951,803.98,663.49,0.3669,826.29,685.80,0.7635,773.87,666.28,0.7231,793.39,671.30,0.6556,768.85,702.53,0.7234,840.79,713.68,0.8389,737.62,742.68,0.8363,834.65,769.45,0.9042
717,top,1,861.09,397.86,998.77,561.07,958.17,414.48,0.8549,961.75,409.99,0.7236,953.24,410.44,0.7153,965.34,413.58,0.6300,945.17,414.03,0.7864,966.68,428.37,0.8099,933.07,440.47,0.7920,952.79,456.60,0.4784,930.83,475.43,0.7484,954.13,476.33,0.3528,952.34,497.39,0.6792,951.89,481.26,0.7496,927.69,485.74,0.6532,985.96,513.97,0.7421,908.42,524.28,0.6735,974.30,545.79,0.8089,882.42,524.73,0.7883
717,bottom,0,727.89,561.13,863.17,789.13,836.17,581.06,0.9753,840.06,578.83,0.6100,835.61,578.28,0.6775,827.26,583.28,0.7464,841.18,584.95,0.7543,811.12,603.88,0.8275,838.39,618.35,0.9046,798.31,635.61,0.5705,820.58,649.53,0.8165,820.58,660.10,0.4304,836.17,682.37,0.7433,781.61,668.45,0.7262,800.54,673.46,0.7023,773.82,703.52,0.7068,846.74,714.10,0.8530,739.31,741.37,0.8706,835.61,769.76,0.9316
718,top,1,881.58,402.13,1008.33,559.95,973.01,418.33,0.7901,975.90,414.20,0.6687,968.89,414.20,0.6779,978.79,417.09,0.5741,959.40,417.09,0.7726,975.49,433.18,0.7212,946.19,441.43,0.7351,982.09,443.91,0.5440,939.59,475.68,0.7051,995.29,447.62,0.7419,958.98,498.78,0.6723,959.40,483.93,0.7053,936.29,487.23,0.6396,992.40,518.18,0.7714,922.26,533.85,0.7508,975.90,544.58,0.7738,892.97,522.30,0.7772
718,bottom,0,733.22,560.25,866.95,790.74,850.16,582.65,0.9537,852.42,579.27,0.6383,851.29,579.27,0.7140,838.91,583.21,0.6859,851.85,585.46,0.7857,821.47,603.47,0.8816,847.35,618.10,0.9135,807.40,636.67,0.5621,831.60,651.30,0.8145,829.34,663.12,0.4077,850.73,686.19,0.8058,791.08,669.87,0.7479,810.21,674.37,0.7376,779.26,705.88,0.7427,851.29,718.26,0.8699,743.25,739.08,0.8701,836.10,772.84,0.9101
719,top,1,899.90,405.86,1006.70,560.80,985.83,422.42,0.8347,988.10,419.40,0.6131,982.05,419.02,0.6814,992.26,422.42,0.4306,972.21,420.53,0.6490,985.83,436.80,0.7750,958.97,443.99,0.7924,991.51,450.04,0.5703,949.14,478.41,0.7034,1005.88,454.96,0.6982,966.92,503.37,0.6697,965.40,484.46,0.7319,942.33,488.24,0.6649,994.53,521.53,0.8156,936.28,542.71,0.7639,975.24,545.74,0.7175,910.55,524.56,0.7972
719,bottom,0,740.90,562.39,875.65,790.09,862.20,583.40,0.9354,863.87,580.07,0.6095,863.31,579.51,0.7344,851.08,583.96,0.6773,861.64,585.62,0.7807,832.18,603.97,0.8581,857.20,618.42,0.9118,812.72,636.77,0.5348,843.30,652.89,0.8069,836.07,664.01,0.2758,861.09,680.69,0.7362,799.94,667.90,0.7242,817.73,673.46,0.7187,791.04,704.59,0.7117,856.08,719.60,0.8447,752.13,737.39,0.8422,837.18,774.08,0.8227
720,top,2,915.68,410.04,1041.63,563.66,995.88,426.99,0.7979,998.75,422.89,0.7498,991.78,422.48,0.6999,1002.44,425.76,0.6007,983.17,424.94,0.7047,998.34,442.57,0.7194,968.41,448.72,0.7847,1010.23,460.20,0.6812,958.57,481.11,0.7521,1027.85,477.42,0.6130,974.97,506.94,0.6308,968.82,488.49,0.7338,949.14,492.18,0.7274,997.93,522.93,0.7462,954.06,543.43,0.7655,975.79,546.30,0.7130,927.41,531.13,0.8242
720,bottom,0,751.49,561.94,886.14,790.28,872.33,583.57,0.9293,874.00,580.23,0.6190,873.45,579.67,0.7288,860.07,584.69,0.7136,872.89,586.36,0.7878,841.11,604.20,0.8519,867.31,618.69,0.9122,816.03,637.09,0.6303,853.38,653.26,0.8302,798.19,663.29,0.5938,876.79,676.67,0.7494,808.22,667.19,0.7351,824.95,672.77,0.7291,805.99,703.99,0.7096,860.62,721.27,0.8773,764.74,736.88,0.8294,837.21,772.00,0.7994
721,top,3,931.46,416.65,1040.51,570.82,1004.80,431.63,0.7691,1007.81,428.24,0.7218,1000.66,427.87,0.6807,1010.83,431.63,0.5245,992.01,430.50,0.7142,1006.31,447.06,0.6802,976.20,453.08,0.7390,1014.97,463.25,0.6703,968.67,486.21,0.6904,1026.63,479.06,0.6539,984.10,511.43,0.6316,976.20,489.22,0.6600,955.12,491.10,0.6846,999.91,521.96,0.6958,970.55,531.37,0.6123,975.82,545.68,0.6983,942.32,545.68,0.7377
721,bottom,0,766.74,561.09,897.57,790.27,882.52,582.24,0.8649,883.63,578.88,0.6328,883.63,578.88,0.6927,868.53,583.36,0.7206,882.52,584.48,0.7569,849.50,602.94,0.7990,878.04,616.93,0.8712,823.76,635.96,0.6447,864.05,651.62,0.7984,804.18,661.69,0.6697,886.43,675.12,0.7433,816.49,664.49,0.7176,832.72,670.65,0.7030,822.09,702.54,0.6759,862.37,722.12,0.8379,781.80,737.23,0.8065,837.19,771.92,0.7793
722,top,1,948.52,422.61,1036.01,585.36,1013.32,436.43,0.8029,1016.50,432.86,0.7638,1009.35,432.06,0.7297,1018.89,436.04,0.5520,999.81,434.45,0.7324,1014.12,451.93,0.6579,984.71,457.49,0.7366,1021.67,469.41,0.5855,978.36,490.87,0.7197,1031.20,482.13,0.5497,995.04,517.49,0.6242,981.14,492.46,0.6292,960.47,494.45,0.6898,1000.61,526.23,0.5656,985.11,527.43,0.5863,977.96,547.29,0.5723,964.05,557.63,0.6119
722,bottom,0,785.96,558.96,912.64,789.93,889.90,580.84,0.8963,892.16,578.02,0.6265,891.03,577.45,0.6843,878.06,581.40,0.8001,891.60,583.09,0.7768,858.89,600.57,0.7783,887.65,614.10,0.8560,831.82,632.71,0.6942,871.86,647.37,0.8061,812.65,658.65,0.7550,894.98,670.49,0.7410,824.49,663.16,0.7639,839.72,668.80,0.7418,836.90,702.07,0.6767,865.09,722.37,0.7974,801.94,739.85,0.8207,839.15,771.43,0.7974
723,top,2,957.32,424.79,1059.29,583.49,1021.09,440.21,0.8523,1023.41,436.73,0.7597,1017.21,436.73,0.7473,1026.12,439.82,0.4701,1007.14,439.05,0.6236,1019.54,455.71,0.7430,993.97,461.52,0.8040,1026.90,476.63,0.6421,987.77,492.13,0.7482,1045.88,497.17,0.6234,1002.10,518.09,0.6598,989.32,496.00,0.7255,968.40,497.94,0.7511,1005.59,534.36,0.5879,989.32,525.06,0.6875,975.37,544.05,0.7934,987.77,574.65,0.7397
723,bottom,0,808.08,557.04,923.52,790.34,899.98,579.71,0.8731,901.68,576.29,0.6044,900.54,576.29,0.7574,886.31,579.71,0.7337,899.41,581.42,0.8287,866.94,597.93,0.7960,895.42,612.74,0.8266,839.60,630.40,0.7109,880.04,643.50,0.8145,820.80,656.60,0.7554,901.11,667.42,0.7590,832.77,662.30,0.7985,846.44,667.42,0.7529,850.99,702.17,0.6545,870.93,720.96,0.8030,823.65,743.74,0.8494,840.74,768.81,0.8166
724,top,3,964.46,427.36,1069.06,597.48,1028.80,445.56,0.9139,1030.88,441.82,0.8136,1025.06,441.82,0.8100,1034.20,443.48,0.4920,1015.10,443.89,0.7110,1026.72,460.09,0.7554,1003.88,466.32,0.8184,1034.20,484.18,0.6437,998.07,498.30,0.7594,1055.80,511.18,0.6741,1012.19,526.13,0.7349,995.16,502.04,0.7277,976.89,503.29,0.8014,1006.37,537.34,0.5261,998.90,530.70,0.7260,981.04,543.99,0.7809,1012.19,580.54,0.7682
724,bottom,0,816.75,557.00,926.72,791.65,908.40,579.23,0.8802,910.12,575.22,0.6186,908.97,575.79,0.7769,895.22,579.23,0.7557,906.68,580.37,0.8280,875.17,596.99,0.7891,903.82,611.31,0.8397,847.67,629.64,0.7214,888.92,643.39,0.8429,828.77,656.57,0.8006,907.25,668.02,0.7793,841.37,662.87,0.7937,853.97,666.88,0.7573,864.29,701.25,0.6581,881.47,720.73,0.7934,849.96,747.65,0.7027,848.25,765.41,0.7943
725,top,3,970.85,429.18,1047.95,605.69,1036.55,451.94,0.9245,1038.71,448.06,0.8480,1032.24,448.06,0.8649,1040.86,448.92,0.5786,1021.90,449.35,0.8083,1032.67,466.16,0.6436,1012.42,473.48,0.7238,1038.28,491.15,0.4914,1008.97,504.51,0.6885,1062.84,516.15,0.3560,1021.47,530.37,0.6962,1001.65,510.11,0.5735,986.56,511.41,0.6822,1010.70,542.43,0.5079,1008.11,544.59,0.6368,985.70,547.60,0.6442,1028.79,585.10,0.6185
725,bottom,0,823.57,557.75,931.25,792.34,915.78,579.97,0.8758,918.07,576.53,0.6367,915.78,575.96,0.7098,903.18,579.40,0.7853,914.06,581.12,0.7893,881.42,597.73,0.7588,911.20,612.62,0.8193,855.64,629.80,0.6997,897.45,645.26,0.8215,836.74,657.86,0.7759,914.63,673.33,0.7626,849.34,662.44,0.7270,860.80,666.45,0.7243,878.55,706.54,0.5981,891.15,719.72,0.7259,872.83,752.94,0.6348,857.36,764.96,0.6743
726,top,2,973.11,437.27,1082.32,615.55,1043.39,460.69,0.8938,1045.56,456.34,0.8767,1039.47,456.34,0.8406,1048.61,457.64,0.5537,1029.89,458.51,0.7607,1039.47,475.05,0.6963,1019.88,479.84,0.7568,1046.00,498.12,0.6544,1017.27,508.57,0.7320,1068.63,519.01,0.7257,1028.15,532.07,0.6423,1012.92,520.75,0.6788,997.25,522.93,0.6898,1019.01,551.66,0.5009,1019.01,554.70,0.6620,990.72,550.79,0.7270,1039.90,597.79,0.6941
726,bottom,0,814.03,560.20,938.50,795.59,923.97,582.50,0.8564,925.69,579.05,0.6447,924.54,578.48,0.6542,910.17,582.50,0.7868,923.39,584.80,0.7350,889.48,601.46,0.7502,919.37,615.83,0.8363,862.47,635.37,0.6829,907.88,652.04,0.8097,844.66,660.66,0.6859,922.82,683.07,0.7097,859.03,665.83,0.6427,869.95,669.85,0.7223,894.08,706.63,0.5133,900.40,721.57,0.7663,891.78,753.76,0.5586,865.92,767.55,0.7055
727,top,1,974.90,446.95,1088.95,621.20,1051.49,470.69,0.8515,1052.77,466.44,0.8340,1046.81,466.86,0.8041,1055.75,468.14,0.5025,1036.60,468.99,0.7362,1044.26,483.45,0.6592,1027.67,491.96,0.7156,1051.07,502.17,0.6072,1027.24,515.36,0.5596,1072.76,520.04,0.6983,1031.07,535.78,0.4808,1019.16,529.82,0.6279,1003.00,532.37,0.7348,1025.97,558.32,0.5496,1028.10,557.05,0.6837,993.21,555.77,0.7486,1049.79,602.14,0.7012
727,bottom,0,825.01,567.28,948.79,804.46,932.65,587.43,0.8675,934.38,584.54,0.6754,933.22,583.96,0.7153,919.33,588.59,0.8250,930.91,590.33,0.7960,899.06,607.12,0.7266,927.43,622.76,0.8123,871.85,639.55,0.6620,917.59,660.39,0.8046,852.16,667.34,0.6504,931.49,691.66,0.7521,869.53,670.24,0.6218,878.22,675.45,0.6892,907.17,713.66,0.5775,910.06,724.09,0.7586,914.12,755.35,0.6945,880.53,775.04,0.7327
728,top,0,976.62,458.68,1082.93,621.57,1057.61,480.08,0.8053,1059.60,476.10,0.7259,1053.63,475.70,0.7659,1061.59,478.49,0.4598,1043.29,478.09,0.6932,1047.27,492.80,0.5825,1033.75,499.17,0.6642,1054.43,505.53,0.5616,1030.57,519.85,0.5039,1071.53,515.47,0.6388,1032.56,532.17,0.4897,1021.42,533.37,0.4410,1007.50,534.56,0.6508,1031.76,569.16,0.5258,1036.14,559.22,0.5685,997.56,562.40,0.6463,1052.04,602.96,0.6654
728,bottom,4,833.03,573.45,961.54,811.23,940.83,595.39,0.8490,941.99,591.91,0.6602,940.83,591.91,0.7199,926.31,596.55,0.7954,940.25,597.71,0.7965,906.57,615.71,0.7032,935.02,630.80,0.7875,881.61,646.48,0.6418,926.31,666.80,0.7622,863.03,673.18,0.6577,940.83,702.21,0.7036,878.71,677.24,0.6162,886.84,681.31,0.6702,919.35,719.04,0.6075,921.09,727.75,0.7508,926.31,762.58,0.7011,899.03,781.74,0.7103
729,top,1,991.68,467.82,1077.91,620.41,1063.85,488.23,0.7247,1065.71,484.51,0.6051,1061.24,484.51,0.6852,1066.83,485.63,0.4229,1051.55,486.74,0.6569,1052.30,494.19,0.5438,1037.03,504.25,0.6359,1060.12,503.14,0.5173,1028.46,527.72,0.6453,1070.55,514.31,0.6526,1037.03,538.90,0.5027,1021.38,535.17,0.3906,1010.95,535.92,0.6262,1034.79,574.66,0.4852,1042.99,553.43,0.5238,1004.99,567.96,0.5247,1051.93,601.86,0.6351
729,bottom,0,866.71,584.33,967.04,813.38,949.31,607.15,0.7822,950.99,603.79,0.6623,949.31,603.79,0.7368,934.77,607.71,0.6444,947.63,608.83,0.7633,916.88,625.04,0.6287,939.24,641.26,0.7267,892.27,654.12,0.4665,935.89,679.84,0.6765,871.02,680.96,0.5148,950.43,712.84,0.6729,888.36,685.44,0.5929,893.39,689.35,0.6667,932.53,721.22,0.5849,932.53,732.97,0.6841,931.42,764.84,0.6455,919.11,791.12,0.7135
730,top,1,999.35,471.21,1077.83,619.85,1067.62,495.09,0.7265,1069.80,491.46,0.5848,1065.45,491.10,0.6588,1070.89,492.55,0.4116,1054.92,491.82,0.6358,1059.28,500.53,0.5321,1039.68,506.34,0.6290,1066.17,513.23,0.3638,1025.89,531.01,0.6272,1067.99,512.51,0.5133,1035.33,546.98,0.4610,1027.70,536.09,0.4301,1011.74,536.46,0.6648,1039.32,583.27,0.5163,1046.21,550.61,0.6102,1013.91,573.47,0.4817,1052.02,600.69,0.6126
730,bottom,0,870.12,592.08,981.61,819.05,958.56,614.69,0.8119,959.67,611.36,0.7245,957.45,610.81,0.8029,941.38,615.24,0.6069,953.58,616.35,0.7489,924.21,631.87,0.6700,945.82,649.60,0.7517,894.84,660.68,0.6642,944.16,689.50,0.7115,877.66,687.28,0.7519,961.89,719.97,0.7211,897.61,695.04,0.6197,902.04,698.92,0.6659,940.83,720.53,0.5523,940.28,736.04,0.6924,931.41,766.52,0.6632,940.28,795.89,0.6860
731,top,1,996.37,471.86,1080.06,620.22,1069.00,496.42,0.7205,1071.54,492.80,0.5992,1066.47,492.07,0.6306,1074.43,493.52,0.4480,1056.69,492.07,0.6409,1064.29,504.75,0.5503,1041.84,506.20,0.6453,1066.10,523.95,0.3285,1025.18,531.55,0.6120,1067.91,515.25,0.2229,1029.52,557.27,0.5071,1033.51,536.26,0.4263,1014.31,535.90,0.6059,1042.20,582.26,0.4614,1048.36,550.02,0.5894,1018.29,572.48,0.5148,1052.70,601.45,0.6280
731,bottom,0,870.12,599.22,991.05,817.44,966.28,620.96,0.8273,966.82,617.76,0.6717,964.68,617.76,0.8241,948.70,620.96,0.6495,959.36,623.09,0.7455,929.52,636.41,0.6975,952.43,656.12,0.7778,899.69,663.05,0.7464,951.90,694.48,0.6862,880.51,689.68,0.8337,971.08,720.59,0.7418,899.15,699.81,0.6502,908.21,703.54,0.6682,941.24,725.91,0.5363,950.30,740.83,0.7320,931.12,765.87,0.6940,956.69,797.84,0.7323
732,top,0,1003.61,469.96,1081.42,620.60,1070.46,490.48,0.7163,1072.30,487.17,0.5685,1068.99,486.80,0.6279,1073.04,487.90,0.4322,1059.06,488.64,0.6075,1066.42,496.73,0.6734,1042.51,505.19,0.6644,1067.89,508.13,0.4478,1024.86,530.93,0.6991,1069.36,516.96,0.4842,1023.39,557.78,0.5964,1039.20,531.30,0.4958,1016.77,531.67,0.6506,1048.03,573.96,0.4411,1049.50,551.53,0.5943,1022.65,570.65,0.4766,1052.81,601.18,0.6187
732,bottom,1,867.65,603.06,994.55,819.20,972.26,625.12,0.8628,972.79,621.95,0.5922,971.73,621.95,0.7870,953.79,624.06,0.7676,966.98,627.75,0.7742,934.27,639.89,0.7393,959.60,660.47,0.7821,902.08,664.17,0.7632,959.60,699.52,0.7358,880.97,691.08,0.8552,977.54,721.16,0.7552,903.13,704.27,0.6852,914.74,707.96,0.6737,940.60,725.91,0.5796,961.18,741.74,0.8057,930.57,765.48,0.7705,961.71,799.26,0.8104
733,top,0,1005.56,463.02,1081.11,621.29,1071.54,484.97,0.7694,1073.86,481.10,0.6805,1067.68,480.72,0.7389,1076.57,483.03,0.5238,1058.41,482.65,0.7282,1068.45,496.17,0.6955,1042.18,502.74,0.6219,1067.68,508.92,0.5966,1023.63,528.25,0.6726,1071.16,521.68,0.5922,1019.76,560.32,0.6686,1040.63,531.34,0.5464,1019.38,531.72,0.6571,1060.72,572.30,0.6948,1049.90,546.79,0.6538,1035.61,576.55,0.3172,1053.00,600.12,0.6559
733,bottom,3,891.15,605.10,998.06,818.53,977.95,627.92,0.8436,978.47,624.28,0.6020,977.43,624.80,0.7935,959.19,625.84,0.7054,973.26,630.53,0.7909,936.79,641.47,0.7346,968.57,663.88,0.8029,904.48,666.48,0.7953,967.53,704.00,0.7669,881.55,690.45,0.8562,982.12,724.32,0.7477,906.04,706.09,0.7637,919.59,711.30,0.7177,935.22,727.45,0.6043,970.14,742.56,0.8156,930.53,764.97,0.7278,963.88,798.32,0.8051
734,top,0,1005.84,455.04,1080.51,622.00,1070.49,476.97,0.8750,1073.75,472.49,0.7967,1066.01,472.49,0.8451,1076.20,474.12,0.5470,1056.63,474.12,0.7763,1068.04,489.61,0.7366,1041.55,497.76,0.7134,1067.23,503.87,0.6277,1021.98,523.03,0.6660,1071.30,520.59,0.5795,1017.50,556.05,0.6285,1041.95,526.29,0.6323,1020.35,526.29,0.7277,1064.78,567.46,0.7903,1050.92,546.67,0.7074,1032.58,567.46,0.5321,1054.18,602.11,0.7354
734,bottom,1,898.17,606.75,998.21,819.04,980.32,628.93,0.7991,980.84,625.30,0.5449,980.84,626.34,0.7082,963.74,627.90,0.7321,979.29,632.56,0.7945,938.86,642.93,0.7260,976.18,666.77,0.8041,906.73,667.80,0.7810,972.55,706.16,0.7463,881.33,690.09,0.8178,985.51,728.44,0.7197,908.80,706.68,0.7306,927.46,712.38,0.6731,925.90,731.55,0.5527,978.25,745.55,0.7845,932.12,764.72,0.7544,965.29,797.89,0.7720
735,top,0,1006.97,445.25,1081.15,622.16,1066.95,465.90,0.8828,1070.40,462.01,0.8613,1062.63,461.58,0.8195,1073.43,465.03,0.6683,1053.99,464.17,0.7977,1068.68,481.01,0.8031,1035.85,488.35,0.7293,1066.09,496.56,0.7503,1016.42,513.41,0.7472,1073.86,518.59,0.7495,1013.39,547.53,0.6820,1046.22,522.48,0.6909,1024.62,523.77,0.6941,1068.24,563.51,0.8448,1050.54,548.82,0.7453,1037.58,564.80,0.5947,1053.56,602.38,0.7959
735,bottom,2,888.50,607.16,998.71,819.51,979.89,628.32,0.8097,979.89,624.69,0.5176,981.97,626.24,0.6252,966.93,626.76,0.7978,983.52,634.02,0.7648,940.49,642.83,0.7461,981.97,667.20,0.8236,906.79,667.20,0.8015,976.26,705.56,0.7599,879.32,690.53,0.8306,987.15,729.41,0.7580,913.53,709.19,0.7131,935.83,714.38,0.6600,923.90,737.70,0.6741,982.49,746.52,0.7993,928.05,770.37,0.7834,965.90,798.36,0.7960
736,top,0,1007.01,434.78,1082.20,622.08,1063.81,455.27,0.8270,1067.01,451.15,0.8593,1059.70,450.69,0.8305,1070.67,455.27,0.7527,1051.47,453.89,0.8224,1067.93,471.27,0.8650,1035.92,477.67,0.7566,1065.64,491.39,0.8024,1013.05,500.99,0.7918,1076.16,515.17,0.7869,1009.85,534.83,0.7255,1046.89,516.54,0.7328,1024.94,519.74,0.7189,1070.21,558.15,0.8736,1050.55,547.64,0.7586,1042.78,567.76,0.6716,1053.30,602.51,0.8086
736,bottom,1,867.32,605.61,999.23,819.33,980.76,626.37,0.7940,979.72,622.72,0.4961,984.41,623.77,0.6280,968.24,625.33,0.7340,983.89,631.59,0.8044,939.02,641.51,0.7272,984.41,664.46,0.8421,906.67,664.99,0.7364,977.11,702.55,0.7772,879.01,688.47,0.7956,985.98,726.56,0.7723,917.10,711.42,0.7011,940.06,716.64,0.6358,925.45,741.17,0.7189,981.80,747.43,0.7971,924.41,778.21,0.7781,965.63,799.08,0.8538
737,top,0,1005.49,426.53,1086.17,621.72,1061.08,444.54,0.8679,1064.42,440.73,0.8661,1056.79,440.25,0.7884,1067.75,445.49,0.7263,1048.69,443.59,0.8139,1065.85,463.13,0.8187,1032.49,466.94,0.7687,1064.89,487.43,0.7817,1009.61,491.72,0.8055,1078.24,511.73,0.7667,1007.23,524.60,0.7194,1047.74,509.35,0.7148,1024.86,510.78,0.6979,1069.66,553.67,0.8809,1047.26,547.95,0.7744,1045.83,574.16,0.6443,1052.50,602.75,0.8276
737,bottom,1,867.84,603.29,999.33,819.54,978.46,622.72,0.7890,977.93,619.02,0.5212,981.63,620.08,0.5963,967.38,621.66,0.7241,983.21,627.47,0.8000,938.34,638.55,0.7380,985.33,661.26,0.8415,906.13,662.84,0.7345,977.41,696.63,0.7259,878.68,686.60,0.8104,984.27,722.50,0.7432,920.39,709.83,0.7119,945.20,715.11,0.6457,928.83,745.20,0.7647,977.93,748.37,0.8348,924.08,786.91,0.8005,966.32,799.58,0.8680
738,top,0,1000.96,420.21,1088.22,622.32,1057.42,435.41,0.8744,1060.87,431.46,0.8381,1052.98,430.97,0.8002,1064.82,436.40,0.7141,1045.08,434.92,0.8249,1063.34,453.67,0.7896,1027.32,457.12,0.7444,1064.33,478.34,0.7423,1006.10,481.30,0.7797,1079.13,505.48,0.7615,1003.63,512.88,0.7254,1047.06,502.52,0.6963,1022.39,503.50,0.6596,1065.81,550.87,0.8322,1042.62,548.41,0.7468,1045.08,571.11,0.5951,1050.51,600.71,0.7704
738,bottom,2,868.31,599.34,994.92,819.93,975.78,618.08,0.7839,974.70,614.85,0.5134,979.01,615.39,0.5843,964.47,617.01,0.7484,981.16,622.93,0.7934,934.85,634.78,0.7579,983.86,656.32,0.8320,906.85,660.09,0.7355,977.39,689.71,0.7201,879.38,685.94,0.7957,981.16,716.10,0.7289,923.00,706.94,0.6814,949.93,711.25,0.6477,929.47,748.41,0.7853,972.55,752.72,0.7906,924.62,795.26,0.8334,968.24,799.57,0.8939
739,top,1,993.49,413.66,1087.88,614.22,1053.41,426.79,0.8231,1056.35,423.36,0.7974,1049.01,422.87,0.7549,1060.27,428.74,0.7282,1041.17,427.77,0.8486,1061.25,445.39,0.8274,1024.53,448.82,0.7351,1065.17,469.87,0.7515,1004.45,468.89,0.7645,1078.87,498.76,0.7694,998.58,503.17,0.7222,1047.05,500.72,0.7200,1023.06,502.19,0.6872,1063.70,547.23,0.8488,1036.28,547.23,0.7538,1043.62,568.29,0.6961,1049.01,594.73,0.7375
739,bottom,0,870.02,596.08,991.60,824.87,972.70,616.64,0.7650,971.59,613.29,0.4700,976.05,614.41,0.5394,961.53,614.96,0.7485,979.96,621.67,0.7787,933.04,632.84,0.7787,983.31,654.62,0.8377,907.91,660.21,0.7273,977.73,689.81,0.6977,882.22,687.58,0.7832,978.85,713.83,0.6383,925.23,707.13,0.6479,952.59,709.92,0.6556,929.14,752.93,0.7806,970.47,756.84,0.7803,926.90,803.75,0.8100,972.70,804.31,0.8914
740,top,0,989.51,406.64,1087.15,603.38,1049.86,420.47,0.8305,1053.22,417.11,0.8332,1046.02,416.63,0.7481,1057.54,421.91,0.7715,1038.33,420.95,0.8277,1060.91,441.12,0.8334,1021.52,442.08,0.7360,1065.71,466.10,0.7364,1002.79,462.26,0.7626,1077.72,491.56,0.7254,994.62,493.48,0.7106,1045.53,496.36,0.7029,1021.04,498.28,0.6823,1059.94,544.87,0.7997,1034.01,542.47,0.7445,1042.17,568.41,0.7193,1043.61,590.03,0.7466
740,bottom,1,865.79,595.67,990.64,834.62,971.38,617.14,0.7264,969.05,613.06,0.5026,975.47,614.81,0.5607,959.13,614.81,0.7617,977.22,622.39,0.7741,931.13,634.64,0.8077,981.89,654.48,0.8422,909.55,666.14,0.7579,978.39,690.65,0.7269,884.46,692.40,0.8027,974.89,717.48,0.6202,928.22,709.31,0.6566,955.05,710.48,0.6791,929.38,760.65,0.7896,970.80,761.23,0.8056,929.38,812.57,0.8184,976.64,809.65,0.8695
741,top,1,985.81,400.65,1084.20,601.71,1045.80,415.27,0.8699,1049.24,411.84,0.8591,1041.88,411.35,0.7876,1054.15,415.76,0.8157,1035.00,415.27,0.8513,1060.53,436.87,0.8298,1016.84,436.38,0.7512,1065.93,461.91,0.7695,999.66,458.96,0.7841,1076.73,485.96,0.7626,990.82,486.94,0.7520,1043.84,490.38,0.6777,1017.82,491.36,0.6504,1054.64,539.96,0.7154,1031.57,534.56,0.7386,1042.37,568.92,0.7420,1038.44,588.06,0.7957
741,bottom,0,870.02,599.55,989.32,842.57,967.05,619.61,0.7910,967.05,616.05,0.5520,968.23,617.23,0.5846,955.77,617.83,0.7652,975.35,624.35,0.7653,929.08,639.19,0.8009,980.10,655.20,0.8342,914.24,671.82,0.7473,979.51,695.55,0.7342,889.32,700.30,0.7484,970.61,715.13,0.5365,929.67,712.76,0.6323,958.15,712.76,0.6530,929.08,767.93,0.7594,972.98,764.37,0.7708,930.86,821.33,0.8023,978.91,814.80,0.8376
742,top,0,982.44,395.02,1080.85,604.09,1041.85,410.23,0.8548,1045.43,406.15,0.8527,1038.28,406.15,0.7940,1050.53,410.23,0.8363,1031.13,409.21,0.8571,1058.19,430.65,0.8380,1012.76,429.63,0.7724,1065.33,457.19,0.7772,996.94,453.62,0.7846,1074.52,480.67,0.7678,986.73,482.71,0.7937,1040.32,485.77,0.6734,1014.80,485.26,0.6614,1050.02,535.28,0.7265,1026.03,528.65,0.7380,1041.85,571.01,0.7968,1032.16,582.24,0.7975
742,bottom,1,882.56,605.99,992.24,850.21,963.63,624.35,0.7674,963.04,621.97,0.5203,963.63,622.56,0.5683,952.31,624.35,0.6665,971.98,628.52,0.7204,928.46,645.82,0.8132,978.54,657.74,0.7950,918.32,681.59,0.7409,980.93,698.29,0.7788,894.47,710.21,0.7699,969.60,717.37,0.5709,932.03,720.35,0.6648,959.46,720.35,0.6869,926.67,774.61,0.7591,972.58,769.84,0.7875,932.63,827.08,0.8177,983.31,821.71,0.8121
743,top,1,979.66,386.78,1077.95,599.12,1038.14,403.27,0.8455,1041.77,399.64,0.8676,1034.51,399.64,0.8110,1046.95,403.27,0.8245,1027.25,403.27,0.8456,1055.24,425.04,0.8269,1009.11,422.97,0.7840,1063.02,450.96,0.7819,994.07,447.33,0.7859,1071.31,474.29,0.7854,985.26,475.84,0.7916,1037.10,480.51,0.6429,1010.66,479.99,0.6186,1045.39,527.68,0.7167,1020.51,522.50,0.7425,1041.77,572.26,0.8035,1025.70,574.34,0.8044
743,bottom,0,884.04,611.50,1001.37,859.42,960.86,631.95,0.7422,958.44,630.14,0.5393,961.47,630.74,0.5773,949.97,632.56,0.7169,966.91,636.19,0.6631,926.97,656.17,0.8040,975.39,663.43,0.8076,919.70,694.30,0.7547,981.44,702.17,0.7966,897.91,724.56,0.7820,969.34,717.30,0.5681,935.44,729.40,0.6941,962.68,728.80,0.7203,922.73,786.30,0.7910,971.15,777.22,0.8002,933.02,835.33,0.8147,989.91,826.85,0.7898
744,top,1,979.55,383.00,1073.18,594.04,1033.06,397.33,0.8220,1037.18,393.72,0.8375,1029.45,393.72,0.8335,1042.85,397.84,0.8445,1023.79,397.84,0.8222,1052.12,419.48,0.8103,1005.75,416.91,0.7660,1060.88,445.76,0.7700,991.33,441.64,0.7829,1066.55,469.46,0.7661,983.08,471.01,0.7998,1032.03,476.16,0.6394,1006.78,473.58,0.6295,1039.24,524.08,0.7371,1014.51,519.44,0.7442,1041.82,571.48,0.8140,1017.09,571.48,0.7953
744,bottom,0,887.72,623.79,1007.76,870.77,957.39,642.36,0.7091,957.39,640.55,0.5351,957.39,640.55,0.5332,946.53,642.96,0.6967,962.81,645.98,0.6490,926.63,669.49,0.7714,973.67,671.90,0.7716,923.01,708.08,0.7944,982.11,708.69,0.8141,901.91,738.23,0.7944,967.03,721.95,0.5409,937.49,741.25,0.6932,964.02,739.44,0.7245,918.19,797.33,0.7981,970.65,790.09,0.7632,932.66,841.34,0.7630,996.58,838.93,0.7669
745,top,0,977.93,376.69,1066.80,589.98,1028.61,392.21,0.8315,1033.30,389.09,0.8560,1025.49,388.57,0.8324,1038.50,393.25,0.8531,1019.24,392.21,0.8318,1048.92,415.12,0.8150,1001.53,412.00,0.7841,1058.29,442.20,0.7852,987.99,438.04,0.7769,1060.89,467.20,0.7430,980.70,468.24,0.7600,1028.09,471.88,0.6313,1002.57,469.28,0.6273,1034.34,519.79,0.7505,1008.82,515.10,0.7405,1039.02,567.69,0.8277,1007.26,564.57,0.7624
745,bottom,1,888.49,634.53,1008.26,881.97,952.00,652.53,0.7318,952.61,650.72,0.5025,950.79,650.72,0.5154,941.73,654.94,0.6900,958.65,656.76,0.6871,926.63,685.76,0.7824,969.52,682.73,0.7405,926.63,722.61,0.7989,982.81,714.15,0.7723,904.28,751.60,0.7904,965.29,727.44,0.5179,941.13,752.81,0.6584,966.50,749.79,0.7107,913.94,807.79,0.7655,970.12,797.52,0.7319,932.07,850.08,0.7559,998.52,845.85,0.7796
746,top,1,974.05,374.35,1062.49,586.61,1024.49,389.79,0.8366,1028.63,386.16,0.8530,1020.86,386.16,0.8422,1034.33,390.31,0.8752,1015.16,389.79,0.8487,1044.70,412.59,0.8209,997.54,408.96,0.7997,1054.03,439.02,0.7890,985.10,435.91,0.7760,1056.62,464.41,0.7622,977.85,464.93,0.7547,1024.49,469.60,0.6499,999.10,467.52,0.6464,1031.74,517.27,0.7332,1002.20,512.61,0.7471,1034.33,563.91,0.8282,994.43,558.21,0.7724
746,bottom,0,891.33,643.59,1010.36,886.28,943.73,660.66,0.7175,937.81,658.88,0.5131,940.77,658.88,0.5419,936.62,664.21,0.6596,954.40,664.80,0.7211,923.00,694.43,0.7596,964.47,687.32,0.7655,928.92,730.57,0.7901,982.24,716.35,0.7509,905.22,760.79,0.7987,959.14,726.42,0.5524,939.59,760.79,0.6834,965.06,757.23,0.7133,911.74,815.89,0.7956,967.43,799.89,0.7295,927.74,859.14,0.8039,998.83,846.70,0.8115
747,top,0,971.21,373.43,1056.44,580.61,1019.39,388.50,0.8064,1023.94,384.96,0.8326,1015.85,384.45,0.8317,1029.51,389.51,0.8344,1009.78,388.50,0.8080,1040.63,411.77,0.7938,992.58,408.73,0.7864,1050.25,438.07,0.7756,981.45,436.05,0.7347,1051.76,464.37,0.7535,974.37,466.40,0.7042,1022.42,468.93,0.6332,996.12,466.90,0.6208,1029.00,514.45,0.7051,995.11,511.42,0.7343,1029.00,556.44,0.7935,983.48,552.39,0.7532
747,bottom,1,886.94,649.98,1011.70,897.40,935.43,666.17,0.6431,932.41,664.96,0.5025,934.83,664.96,0.4789,928.79,671.00,0.6106,946.30,671.00,0.5934,914.89,700.60,0.7755,956.57,692.75,0.7147,927.58,736.84,0.7553,977.11,716.91,0.7265,903.42,768.86,0.7858,954.16,721.14,0.5011,935.43,767.05,0.6881,959.59,762.82,0.7052,911.87,822.01,0.7821,965.03,803.29,0.6860,924.56,872.15,0.7767,997.65,844.97,0.7892
748,top,1,960.40,375.00,1052.41,575.16,1014.23,388.59,0.8220,1018.62,385.17,0.8662,1010.32,384.68,0.8299,1024.49,390.05,0.8480,1003.96,388.59,0.7987,1035.73,412.53,0.7858,988.33,409.60,0.7878,1045.99,438.92,0.7680,978.06,437.94,0.7261,1046.48,464.33,0.7831,970.25,468.73,0.7133,1019.11,471.17,0.6282,993.70,469.71,0.6207,1025.47,516.62,0.6754,986.37,513.20,0.6912,1026.44,553.27,0.7752,970.25,546.43,0.7169
748,bottom,0,883.70,654.81,1011.52,904.28,925.68,670.52,0.6230,925.08,669.91,0.5298,926.29,670.52,0.4657,920.20,675.39,0.6404,937.87,675.39,0.5721,908.02,706.46,0.7978,947.00,696.10,0.7407,923.25,743.00,0.7747,967.10,718.64,0.7347,898.89,775.89,0.7887,945.17,706.46,0.5323,932.38,772.84,0.7159,953.70,767.97,0.7185,912.28,828.88,0.8205,960.40,805.73,0.7265,920.81,885.52,0.8132,997.55,845.93,0.7964
749,top,1,943.34,375.32,1049.06,577.12,1008.52,390.50,0.8421,1012.46,387.05,0.8591,1005.07,387.05,0.8158,1018.86,391.98,0.8160,999.16,390.50,0.8244,1031.18,414.15,0.7888,984.38,412.18,0.7673,1042.51,441.74,0.7809,974.03,441.24,0.7278,1042.02,469.32,0.7671,965.16,471.79,0.7072,1015.91,474.74,0.6244,989.80,473.27,0.6254,1022.81,518.10,0.7055,976.99,516.13,0.7042,1025.76,555.05,0.8137,957.28,538.30,0.7344
749,bottom,0,869.78,660.52,1003.74,918.50,913.45,678.03,0.6240,912.19,676.77,0.5380,912.82,677.40,0.4601,911.57,683.70,0.6396,927.94,682.44,0.5716,900.86,716.45,0.7660,938.65,703.85,0.7214,915.97,752.35,0.7585,955.02,723.38,0.7298,891.41,782.58,0.7787,935.50,701.96,0.5733,927.94,778.80,0.6887,947.47,772.50,0.7017,912.19,834.86,0.7871,959.43,808.40,0.7164,917.86,897.21,0.7866,992.18,842.42,0.8145
750,top,1,930.69,376.90,1043.03,577.79,1002.56,392.01,0.8463,1006.97,389.07,0.8204,999.12,388.58,0.8120,1013.35,393.97,0.7997,992.75,392.99,0.8185,1026.10,415.55,0.7795,979.01,414.08,0.7629,1037.38,441.54,0.7682,969.70,442.03,0.7288,1036.89,469.50,0.7608,960.38,471.46,0.6903,1013.35,475.38,0.6312,985.88,474.40,0.6197,1020.70,517.56,0.7020,967.24,515.11,0.6283,1024.63,554.34,0.8076,947.14,535.22,0.6799
750,bottom,0,861.34,668.16,999.13,928.67,896.53,685.21,0.5721,899.71,683.94,0.5416,899.07,684.57,0.4434,901.61,690.93,0.6307,910.52,689.66,0.4857,893.98,725.28,0.7670,923.24,708.74,0.6781,907.97,762.80,0.7528,941.68,731.64,0.7619,879.99,788.88,0.7744,922.60,707.47,0.5507,925.78,784.42,0.6987,940.41,777.43,0.7107,909.88,842.30,0.7725,955.04,811.13,0.6687,920.06,905.90,0.8031,985.56,842.93,0.7932
751,top,1,919.84,378.99,1038.48,577.37,996.11,392.93,0.8421,999.99,389.54,0.7975,992.24,389.06,0.8017,1006.77,394.39,0.7986,985.94,393.90,0.8068,1019.36,415.21,0.7794,973.35,415.21,0.7449,1031.47,441.85,0.7692,963.18,443.79,0.7149,1031.95,471.40,0.7235,954.46,472.85,0.6841,1007.74,475.76,0.6492,980.13,474.30,0.6076,1017.42,517.90,0.6910,954.94,514.02,0.6183,1024.69,554.22,0.7908,936.54,534.85,0.7077
751,bottom,0,848.55,677.07,997.18,934.15,882.69,693.89,0.7360,887.71,692.01,0.6823,885.83,692.64,0.5627,894.62,701.42,0.7063,895.87,699.54,0.5369,887.71,734.06,0.7900,910.31,719.62,0.7115,901.52,771.72,0.7674,927.88,742.85,0.5890,870.14,793.06,0.7532,903.41,739.08,0.3923,920.98,793.68,0.7030,934.79,784.90,0.6999,902.15,849.54,0.7615,948.59,818.79,0.6635,916.59,912.30,0.7898,981.86,848.91,0.7676
752,top,1,908.77,378.02,1038.22,577.19,987.60,393.00,0.8720,991.49,389.60,0.8390,984.19,389.60,0.8197,998.78,394.46,0.8385,978.84,393.97,0.8269,1012.88,414.88,0.8167,966.20,415.37,0.7797,1024.07,442.60,0.7714,955.99,443.57,0.7361,1026.98,471.29,0.7323,949.18,472.74,0.6874,1002.67,474.69,0.6725,974.47,473.72,0.6300,1012.88,517.48,0.7289,946.75,514.07,0.6601,1024.55,554.92,0.8045,927.30,535.47,0.7213
752,bottom,0,837.26,680.06,994.59,934.11,872.51,704.75,0.8785,876.85,701.64,0.8181,873.75,701.64,0.6544,885.53,709.71,0.7960,883.67,708.47,0.5298,883.05,741.34,0.8290,901.04,727.07,0.7481,895.45,777.93,0.8166,907.24,759.33,0.4581,860.10,792.20,0.7957,873.75,728.93,0.3843,912.20,798.40,0.7418,925.85,790.96,0.7482,889.87,855.46,0.8079,938.87,827.55,0.7015,915.30,911.90,0.7940,978.57,859.18,0.8115
753,top,1,902.73,378.20,1039.01,577.75,979.64,392.23,0.8471,984.03,388.82,0.8630,975.75,388.82,0.8445,990.36,393.21,0.8201,970.39,393.21,0.8203,1005.46,414.16,0.8022,958.21,414.64,0.7559,1017.16,442.41,0.7518,948.46,443.87,0.7292,1020.57,472.62,0.7334,940.18,475.05,0.6846,996.21,474.56,0.6811,966.49,473.10,0.6321,1007.90,516.46,0.7276,939.70,511.10,0.6861,1023.49,554.95,0.8033,922.16,534.49,0.7237
753,bottom,0,832.56,682.52,988.12,934.78,864.76,702.72,0.8462,869.69,699.64,0.7956,866.61,699.03,0.6191,878.93,710.73,0.7623,874.62,708.27,0.4903,877.70,741.52,0.8435,888.17,731.67,0.7340,891.25,777.86,0.8133,888.17,763.69,0.4660,855.53,785.25,0.7897,861.68,716.89,0.4543,902.33,801.88,0.7430,915.88,795.10,0.7430,881.39,859.77,0.8311,926.97,834.52,0.7258,914.65,913.35,0.7918,971.93,869.62,0.8501
754,top,0,900.36,376.45,1038.17,576.59,971.22,391.50,0.8607,975.61,388.08,0.8229,967.80,388.57,0.8347,981.97,392.96,0.8335,961.93,392.96,0.7831,997.11,413.49,0.7902,949.72,414.46,0.7577,1009.33,440.36,0.7494,938.48,444.27,0.7336,1013.24,469.68,0.7722,932.13,474.08,0.6921,987.83,472.12,0.6676,959.00,471.14,0.6309,1002.49,513.66,0.7348,935.55,507.30,0.7158,1022.52,554.70,0.8411,917.96,536.13,0.7771
754,bottom,1,831.63,674.38,978.36,934.94,860.46,700.33,0.9319,865.55,697.15,0.8838,862.37,696.52,0.6977,875.09,706.06,0.7984,873.19,705.42,0.4977,873.82,737.87,0.8655,878.28,730.23,0.7856,887.18,775.40,0.8572,880.82,762.68,0.4935,854.10,774.13,0.8122,856.65,771.58,0.5014,889.09,802.75,0.8036,904.36,798.30,0.7712,873.82,863.19,0.8814,915.17,839.65,0.7902,913.26,910.90,0.8371,962.88,879.73,0.8620
755,top,0,897.32,376.72,1037.09,573.84,962.88,392.03,0.8324,967.21,388.18,0.8020,959.03,388.18,0.8039,973.46,392.99,0.7714,953.25,392.99,0.8069,988.38,413.20,0.7426,940.74,414.65,0.7552,999.93,436.30,0.7152,929.67,442.08,0.7451,1005.71,465.66,0.7509,922.93,470.95,0.7075,981.16,469.51,0.6412,951.33,469.03,0.6094,997.04,509.93,0.7118,929.67,502.71,0.6805,1020.14,552.76,0.8158,917.16,536.88,0.7898
755,bottom,1,827.28,665.43,966.12,936.45,857.00,695.73,0.9488,862.29,692.42,0.8805,859.65,691.76,0.6790,870.23,703.01,0.8149,868.25,701.69,0.4728,869.57,734.11,0.8778,869.57,728.82,0.7972,880.82,772.49,0.8711,869.57,759.91,0.5171,848.40,762.56,0.7986,848.40,757.93,0.5081,878.17,799.61,0.8305,893.39,795.64,0.8017,859.65,861.15,0.9229,903.98,842.62,0.8423,905.30,906.80,0.8366,951.62,887.61,0.8556
756,top,0,896.99,377.17,1035.29,570.98,955.26,392.69,0.8476,959.52,388.90,0.8155,951.95,388.90,0.8409,965.67,393.16,0.8305,946.27,393.64,0.7956,980.34,413.51,0.7392,932.55,414.93,0.7721,992.17,435.27,0.7176,921.19,442.37,0.7652,998.79,464.14,0.7445,914.57,469.82,0.7210,973.71,467.45,0.6464,944.38,466.98,0.6480,992.17,507.67,0.7020,923.08,501.05,0.6992,1017.72,551.20,0.8150,916.93,538.43,0.8230
756,bottom,1,824.36,659.66,954.08,936.98,852.66,694.73,0.9548,857.40,692.02,0.8965,856.04,692.02,0.7112,864.84,702.85,0.8003,866.20,702.85,0.5056,860.78,734.68,0.8376,863.49,727.23,0.8012,872.97,770.56,0.6566,862.14,757.70,0.5331,857.40,792.90,0.4394,845.21,768.53,0.3405,866.87,801.70,0.8649,881.09,798.32,0.8621,847.92,861.29,0.9147,893.28,843.68,0.8462,895.31,904.62,0.8298,940.68,892.43,0.8878
757,top,0,896.79,375.83,1027.91,569.37,949.59,391.33,0.8371,953.37,388.02,0.7963,945.81,388.02,0.8253,959.52,391.80,0.8050,939.67,392.27,0.7670,973.22,411.65,0.7312,925.97,413.06,0.7654,984.56,432.91,0.7197,914.15,440.94,0.7493,991.65,462.21,0.7503,906.59,469.77,0.6847,968.49,465.51,0.6097,939.20,465.51,0.6125,986.45,505.68,0.6706,918.41,500.95,0.6815,1012.44,548.21,0.7843,916.04,537.81,0.7908
757,bottom,1,822.22,656.87,943.05,944.98,847.47,701.75,0.8427,852.39,698.94,0.7365,851.69,698.23,0.6429,860.13,708.08,0.7097,861.53,707.38,0.5511,854.50,736.92,0.7886,857.31,729.89,0.7460,860.13,770.68,0.5760,851.69,758.72,0.5038,844.65,794.60,0.4947,841.84,774.90,0.3747,855.91,803.74,0.8439,869.98,800.93,0.8464,836.21,862.83,0.8800,885.45,846.65,0.7961,879.12,910.66,0.7993,929.06,897.99,0.8664
758,top,0,895.69,369.77,1019.98,564.45,945.00,386.79,0.8650,948.80,383.46,0.8238,941.20,383.46,0.8609,954.50,388.21,0.8525,935.49,388.21,0.7777,968.29,406.75,0.7398,922.66,409.13,0.7609,979.69,429.09,0.7491,910.78,435.74,0.7777,984.92,458.08,0.7721,901.27,462.36,0.7547,964.96,460.46,0.6425,937.39,460.93,0.6404,980.65,501.33,0.6914,919.81,500.38,0.7043,1003.93,544.58,0.8227,916.48,538.40,0.7939
758,bottom,1,814.67,660.11,934.00,954.77,841.96,705.28,0.8498,848.44,703.13,0.7539,846.28,702.41,0.6304,856.35,712.48,0.7063,855.63,710.32,0.5437,849.88,740.54,0.7778,849.88,734.06,0.7369,841.96,771.47,0.6183,843.40,765.00,0.5341,831.89,783.70,0.4145,831.17,771.47,0.3965,844.12,808.16,0.8738,860.67,805.28,0.8586,826.86,867.87,0.8617,877.93,850.60,0.8132,857.07,921.11,0.8274,919.66,901.68,0.8804
759,top,0,892.24,365.81,1011.86,563.19,941.93,381.61,0.8495,945.79,378.24,0.8217,938.08,378.24,0.8636,952.05,382.58,0.8517,932.29,383.06,0.8041,966.02,401.37,0.7405,919.76,403.78,0.7649,976.63,424.50,0.7500,907.72,431.73,0.7751,980.96,453.41,0.7489,898.56,460.16,0.7540,963.62,455.34,0.6674,935.18,456.79,0.6498,977.11,498.71,0.7200,921.21,498.23,0.6937,995.42,541.12,0.8278,916.39,537.74,0.8295
759,bottom,1,802.33,691.93,925.15,962.84,836.62,710.98,0.7535,841.91,710.32,0.6668,839.93,708.33,0.5676,849.19,719.58,0.6575,852.50,718.92,0.5224,841.25,744.71,0.6465,852.50,738.10,0.6758,824.72,762.57,0.4842,840.59,746.69,0.4663,815.46,753.31,0.4817,843.90,696.43,0.3663,833.32,812.17,0.7883,853.82,808.87,0.7880,819.43,871.70,0.7826,870.35,855.83,0.7387,830.01,933.87,0.8111,911.36,902.79,0.8215
760,top,1,890.18,360.96,999.77,560.26,939.14,376.92,0.8512,943.03,373.51,0.8131,935.24,373.51,0.8563,948.87,377.89,0.8219,930.38,377.89,0.8493,963.46,396.38,0.7736,918.21,398.81,0.7841,975.14,419.74,0.7605,907.51,426.55,0.7891,978.06,450.88,0.7563,897.29,455.26,0.7845,961.52,449.90,0.6947,933.78,451.36,0.6866,973.68,494.18,0.7447,921.62,493.21,0.7236,988.28,537.49,0.8498,916.27,537.49,0.8380
760,bottom,0,779.32,687.22,919.36,966.99,831.58,720.55,0.7528,835.68,717.82,0.6697,834.31,718.50,0.6010,840.46,728.75,0.6787,846.61,730.80,0.5816,824.06,752.65,0.6643,847.29,748.56,0.7116,790.60,749.24,0.7181,833.63,740.36,0.4701,817.92,740.36,0.5727,835.68,712.35,0.5793,823.38,820.28,0.7688,844.56,816.18,0.7331,809.72,881.75,0.7907,860.95,861.94,0.7391,806.31,944.59,0.8393,903.98,906.34,0.8365
761,top,1,892.48,356.40,993.67,557.03,936.71,372.95,0.8795,940.62,370.01,0.8459,933.28,370.01,0.8924,946.99,374.42,0.8520,928.38,373.93,0.8796,961.69,392.55,0.7820,916.62,395.00,0.7833,973.93,415.08,0.7580,906.83,422.43,0.7833,975.40,445.94,0.7703,897.03,450.35,0.7779,959.24,447.41,0.7079,931.32,447.90,0.7051,970.99,492.47,0.7448,919.56,490.51,0.7275,984.22,532.64,0.8232,914.17,535.08,0.8458
761,bottom,0,750.38,705.31,911.87,984.47,828.39,733.12,0.6722,829.76,729.71,0.5985,828.39,730.39,0.4988,831.12,739.25,0.6536,840.66,740.61,0.5493,812.72,763.10,0.6336,844.07,763.78,0.7202,780.69,748.79,0.5864,820.90,759.01,0.4834,785.46,740.61,0.5753,827.03,730.39,0.4610,815.45,834.67,0.7225,837.25,831.26,0.7092,797.04,895.32,0.7803,848.84,870.79,0.7408,783.41,958.02,0.8433,893.82,909.64,0.7840
762,top,1,890.64,355.27,992.40,554.10,935.21,371.19,0.8636,939.09,367.79,0.8389,931.81,367.79,0.8691,945.40,372.16,0.8493,926.47,371.67,0.8618,959.97,390.12,0.7705,914.82,393.03,0.7826,973.56,411.96,0.7580,905.60,421.19,0.7738,974.53,444.00,0.7633,895.40,449.83,0.7596,957.05,444.49,0.7013,928.90,444.49,0.7022,969.19,489.15,0.7333,916.28,487.69,0.7295,983.27,527.01,0.8022,909.97,532.83,0.8301
762,bottom,0,737.78,709.24,905.09,988.29,817.35,743.17,0.8023,819.39,739.76,0.7431,818.71,740.44,0.6077,822.80,748.62,0.7071,833.70,752.02,0.6096,804.40,773.82,0.7240,837.79,775.87,0.8274,772.38,761.56,0.7493,822.80,772.46,0.4172,753.99,733.63,0.8437,820.75,741.80,0.4101,809.17,846.72,0.8044,830.97,844.68,0.8137,783.28,906.68,0.8418,833.02,880.79,0.7503,778.51,970.04,0.9227,884.79,913.49,0.8372
763,top,1,889.63,354.74,995.67,551.74,933.51,370.51,0.8817,937.36,367.63,0.8403,930.14,367.15,0.8987,943.61,371.96,0.8838,924.85,371.96,0.8570,958.52,390.23,0.7476,913.31,392.16,0.7952,973.43,411.40,0.7665,904.65,420.53,0.7774,974.39,443.14,0.7691,895.52,448.91,0.7466,955.64,443.14,0.7083,927.74,442.66,0.6972,967.66,487.39,0.7426,912.35,484.98,0.7208,984.01,523.46,0.7837,904.65,529.71,0.7823
763,bottom,0,717.50,723.11,888.15,990.10,809.34,753.62,0.7716,811.30,749.71,0.7334,810.65,751.01,0.5796,814.56,757.53,0.7259,824.33,759.48,0.5780,796.96,781.65,0.6872,830.85,781.65,0.8120,759.15,772.52,0.7605,813.25,787.51,0.3493,737.64,740.58,0.8326,798.91,770.57,0.3759,804.78,856.60,0.7405,828.90,855.30,0.7615,770.23,912.01,0.8243,816.51,890.50,0.6651,775.45,972.63,0.8647,868.66,916.57,0.7761
764,top,1,879.28,356.10,998.09,549.87,931.59,371.62,0.8813,935.37,368.31,0.8419,927.80,368.31,0.8924,941.52,373.04,0.8519,922.13,372.57,0.8708,956.19,391.49,0.7520,911.72,393.38,0.7982,972.74,411.83,0.7900,903.68,422.71,0.7782,973.69,443.52,0.7641,893.74,452.04,0.7534,955.24,444.47,0.7187,926.38,443.52,0.7024,967.54,488.46,0.7706,908.88,484.21,0.7327,986.46,524.89,0.7854,896.58,527.73,0.8152
764,bottom,0,737.32,734.62,879.74,989.94,805.41,756.31,0.7219,806.66,752.57,0.5903,804.16,753.82,0.5596,808.53,759.43,0.6198,816.01,759.43,0.5602,795.44,784.98,0.6125,827.85,781.87,0.7203,753.05,785.61,0.4767,832.21,796.20,0.3106,746.82,779.37,0.5666,762.40,785.61,0.2621,802.92,858.54,0.6863,827.85,856.05,0.7003,766.14,914.02,0.8067,807.28,895.94,0.6603,775.49,971.36,0.8327,856.53,922.74,0.7647
765,top,1,866.83,358.49,1000.95,548.96,928.31,374.67,0.8938,932.50,371.42,0.8513,925.06,371.42,0.8795,939.01,375.60,0.8432,919.94,375.14,0.8665,953.89,394.20,0.7593,910.18,396.99,0.7888,971.56,415.59,0.7973,902.74,425.36,0.7811,972.95,445.82,0.7933,892.97,455.12,0.7533,954.35,447.68,0.7177,924.59,446.75,0.6809,968.30,490.00,0.7595,904.13,485.81,0.7362,988.30,525.81,0.8109,886.46,527.67,0.8196
765,bottom,0,703.99,730.74,866.28,989.95,799.69,751.50,0.7774,800.96,748.34,0.6551,801.59,748.97,0.5973,802.86,755.30,0.6811,812.98,755.30,0.6981,792.73,781.88,0.6940,825.64,778.08,0.7964,764.25,795.17,0.5088,840.83,797.70,0.8293,727.55,798.96,0.6497,827.54,781.24,0.5771,802.86,857.18,0.7757,827.54,855.29,0.7686,768.05,911.61,0.7862,806.65,891.99,0.6902,775.01,971.09,0.8393,851.58,924.90,0.8180
766,top,1,858.57,362.03,1002.59,548.23,926.83,379.19,0.9180,931.05,375.44,0.8565,923.08,375.44,0.8809,937.61,379.66,0.8578,917.92,379.66,0.8645,951.68,398.41,0.7572,908.08,402.16,0.7744,969.96,419.97,0.8101,900.58,429.35,0.7757,971.83,449.98,0.7690,891.20,459.82,0.7489,952.61,451.85,0.7006,922.61,451.38,0.6657,969.02,492.17,0.7620,897.30,488.42,0.7348,989.65,528.27,0.8433,879.48,525.92,0.8337
766,bottom,0,716.17,721.32,866.14,988.98,802.27,744.06,0.8285,801.61,740.79,0.6772,803.57,740.79,0.5565,799.00,747.98,0.7658,814.03,747.33,0.7161,787.89,778.69,0.7410,827.75,771.50,0.8315,761.10,804.83,0.6593,844.74,792.42,0.9201,731.69,821.82,0.7634,827.75,770.85,0.6775,805.53,848.61,0.8099,830.37,846.00,0.8063,775.47,906.77,0.8349,811.42,881.29,0.7260,776.78,968.20,0.8973,849.32,917.23,0.8566
767,top,1,851.23,366.90,1003.68,547.63,924.48,384.32,0.9206,928.45,380.35,0.8556,920.51,380.84,0.8769,935.40,384.32,0.8642,915.55,384.32,0.8494,950.29,403.67,0.7531,906.12,408.14,0.7716,968.15,424.02,0.8053,898.18,435.43,0.7479,975.10,452.80,0.7549,888.25,466.69,0.7374,949.29,457.76,0.6747,919.52,457.26,0.6385,970.63,494.98,0.7456,891.73,490.02,0.7254,989.99,530.21,0.8227,872.87,524.76,0.8237
767,bottom,0,734.07,712.14,867.93,986.60,800.33,735.45,0.8882,801.00,732.10,0.5842,798.99,732.10,0.6259,794.30,738.81,0.7440,810.38,737.46,0.8080,785.59,774.99,0.8077,827.13,762.26,0.8235,766.83,811.17,0.7759,847.91,786.38,0.8875,744.71,837.98,0.8465,829.14,775.66,0.5414,809.04,840.66,0.8084,833.16,835.97,0.8334,781.57,900.97,0.8398,818.42,870.14,0.7605,778.22,963.28,0.9043,850.59,910.35,0.8603
768,top,1,844.71,370.34,1003.84,547.37,920.13,388.41,0.9415,924.27,384.26,0.8930,917.02,384.26,0.8949,931.53,387.37,0.8796,912.36,387.37,0.8456,947.58,407.57,0.7577,902.52,412.75,0.7809,965.20,428.29,0.7983,894.23,439.17,0.7642,976.59,456.27,0.7568,884.90,469.73,0.7507,945.51,463.00,0.6705,915.98,462.48,0.6371,969.34,497.71,0.7453,887.49,492.53,0.7233,990.58,529.82,0.8252,869.36,525.68,0.8476
768,bottom,0,749.59,703.49,870.70,982.48,796.52,729.24,0.8266,793.79,725.83,0.5869,795.16,725.15,0.6329,791.07,732.64,0.7470,808.78,730.60,0.7809,784.26,772.83,0.8064,827.85,753.76,0.8301,774.72,815.74,0.7765,848.97,782.37,0.8387,761.78,847.76,0.7719,824.45,789.86,0.5162,812.87,834.81,0.7721,837.39,829.37,0.8025,783.58,894.07,0.8103,824.45,861.38,0.7392,781.53,958.10,0.8700,854.42,904.97,0.8262
769,top,1,841.07,371.33,1003.58,547.40,914.39,387.95,0.9149,918.62,383.72,0.8712,911.22,384.25,0.8896,926.03,387.95,0.8507,906.99,387.95,0.8375,940.84,407.52,0.7560,896.41,412.81,0.7914,959.89,428.68,0.7901,889.00,440.32,0.7702,974.70,456.19,0.7905,880.54,471.00,0.7746,938.73,463.59,0.6638,908.04,463.59,0.6340,964.12,498.51,0.7449,884.24,493.22,0.7388,988.45,529.19,0.8330,864.67,526.55,0.8661
769,bottom,0,758.22,700.52,872.57,977.69,791.71,724.75,0.7947,789.68,720.69,0.6767,791.03,720.69,0.5749,787.65,728.13,0.7896,805.92,726.10,0.7540,782.24,770.76,0.8528,826.90,749.78,0.8047,784.27,813.39,0.7788,848.55,781.59,0.8447,781.56,851.29,0.7370,828.25,796.48,0.5238,816.75,830.99,0.7356,842.46,822.87,0.7681,782.24,887.83,0.8166,831.64,854.67,0.6998,788.33,951.43,0.8388,856.67,902.04,0.8075
770,top,1,843.41,368.64,1003.35,547.27,909.32,384.03,0.9000,913.49,380.38,0.8199,906.20,380.38,0.8387,920.77,385.07,0.8336,902.03,384.55,0.8032,935.87,405.37,0.7531,890.06,409.54,0.8174,953.05,426.20,0.7443,882.77,439.74,0.7781,969.19,453.27,0.7712,876.00,470.45,0.7870,931.19,463.69,0.6645,900.99,463.17,0.6731,957.74,498.05,0.6999,875.48,492.32,0.7344,986.90,530.33,0.8323,865.07,526.16,0.8691
770,bottom,0,767.86,700.91,875.31,967.79,787.71,724.88,0.8006,787.06,719.67,0.7071,785.10,720.32,0.5570,785.10,726.84,0.8335,804.00,725.54,0.7120,781.19,769.84,0.8463,826.15,747.69,0.8017,790.96,809.59,0.7483,848.95,780.92,0.7871,795.53,842.82,0.6347,835.27,800.47,0.5233,820.29,829.79,0.7106,845.70,821.32,0.7394,779.89,880.61,0.8072,837.88,853.24,0.7187,796.83,941.85,0.8142,860.03,901.46,0.8075
771,top,1,843.19,365.51,997.52,544.54,904.28,380.17,0.8963,908.30,376.66,0.8318,901.26,377.16,0.8290,915.83,381.18,0.8455,896.74,381.68,0.7695,930.90,401.27,0.7747,885.19,405.29,0.8374,947.48,422.87,0.7444,878.16,435.43,0.7976,963.05,449.50,0.7799,871.12,465.07,0.7810,923.87,460.55,0.6814,894.73,460.05,0.7086,950.49,494.21,0.7117,872.13,490.69,0.7444,977.62,527.87,0.8243,864.09,525.86,0.8522
771,bottom,0,770.11,703.20,879.50,964.01,785.96,727.91,0.8451,784.69,724.09,0.6833,783.41,723.45,0.5883,782.78,730.45,0.8327,802.52,727.91,0.7529,781.50,771.21,0.8330,824.80,749.56,0.7914,795.51,811.32,0.6177,849.00,785.21,0.7252,802.52,831.70,0.4556,831.81,805.59,0.4279,822.26,829.15,0.6883,849.00,820.87,0.7289,782.14,878.82,0.8004,842.63,853.98,0.7185,803.15,936.76,0.7832,864.28,899.83,0.7777
772,top,1,842.67,360.49,978.49,543.85,898.49,376.07,0.9321,902.52,372.49,0.8499,895.36,372.94,0.9025,911.03,376.97,0.8952,891.78,378.76,0.7969,925.80,397.56,0.7514,880.59,402.03,0.8244,942.36,419.94,0.7655,873.43,432.92,0.7832,957.58,447.25,0.7663,865.82,462.47,0.7871,919.53,456.65,0.6809,889.99,457.54,0.6941,943.71,494.25,0.7443,870.74,492.01,0.7214,960.72,526.48,0.7980,861.79,524.24,0.8194
772,bottom,0,772.27,705.38,881.70,965.67,786.95,731.31,0.8569,785.04,726.86,0.6862,785.04,726.22,0.6055,783.77,733.85,0.8339,802.84,730.67,0.7934,781.87,773.89,0.8502,825.08,753.55,0.7925,798.39,811.38,0.6549,850.50,788.50,0.6806,807.28,834.26,0.4749,828.89,806.93,0.4018,824.44,829.81,0.7077,851.77,820.91,0.7411,787.58,883.19,0.8042,847.96,853.96,0.7446,808.56,940.38,0.8033,865.11,897.17,0.7566
773,top,1,843.57,358.20,955.20,540.15,893.17,374.10,0.8371,897.61,370.55,0.7911,890.06,370.99,0.8303,906.49,374.54,0.8257,886.50,376.32,0.7709,922.49,395.87,0.7556,875.84,400.75,0.7734,938.48,420.30,0.7524,868.29,431.40,0.7400,953.14,447.39,0.7244,860.30,462.05,0.7702,915.82,454.95,0.6844,886.50,455.83,0.6603,935.81,492.26,0.7020,867.85,492.70,0.7188,936.26,521.58,0.7904,856.74,522.02,0.7924
773,bottom,0,774.96,707.14,876.20,967.22,791.93,731.78,0.8423,790.02,727.33,0.6494,789.39,726.70,0.5434,786.85,734.95,0.8689,807.80,731.78,0.7371,783.04,774.32,0.8596,830.66,755.90,0.8086,797.64,810.51,0.6829,854.79,790.19,0.6796,810.34,827.65,0.4606,844.63,810.51,0.3710,824.31,831.46,0.7281,853.52,822.57,0.7444,793.83,884.80,0.8049,854.79,853.69,0.7426,809.70,942.58,0.8036,866.22,897.50,0.7438
774,top,1,842.02,359.14,951.26,541.32,888.63,373.73,0.8369,892.64,370.17,0.7984,885.52,371.06,0.8496,901.98,374.17,0.8230,881.96,375.51,0.7659,918.43,395.08,0.7477,872.62,399.97,0.7771,934.45,419.99,0.7652,864.17,430.66,0.7531,948.23,448.01,0.7185,854.83,460.91,0.7736,911.76,453.79,0.6704,883.74,453.79,0.6602,927.77,493.38,0.7139,865.06,493.38,0.7210,917.99,519.62,0.7884,852.16,520.51,0.7898
774,bottom,0,778.17,703.18,880.96,967.20,800.56,728.19,0.8361,798.63,724.32,0.6474,799.27,724.32,0.5262,794.11,731.42,0.8384,814.74,728.84,0.7342,787.02,770.09,0.8550,836.01,752.69,0.8070,797.98,806.83,0.7024,861.80,785.56,0.8035,810.87,826.81,0.4962,863.08,815.86,0.6448,826.99,828.10,0.7428,855.35,819.72,0.7369,797.98,883.54,0.8253,859.86,852.60,0.7490,810.23,942.19,0.8170,867.60,897.72,0.7583
775,top,1,833.83,358.91,946.26,544.79,883.69,375.16,0.8596,887.78,371.53,0.8147,880.97,371.98,0.8675,897.31,375.16,0.8386,877.80,376.52,0.7663,914.55,395.58,0.7660,869.63,400.57,0.7722,930.44,420.99,0.7774,860.10,430.07,0.7647,943.60,448.22,0.7170,848.75,459.11,0.7635,907.75,454.58,0.6919,879.61,453.21,0.6818,919.09,496.78,0.7279,860.55,493.15,0.7266,909.11,523.10,0.7782,845.57,520.83,0.7775
775,bottom,0,781.71,698.14,883.62,965.26,809.84,721.49,0.8110,805.93,717.57,0.6495,812.45,717.57,0.5345,802.67,724.75,0.8314,823.54,722.79,0.8089,792.89,760.62,0.9019,843.10,746.27,0.8434,800.06,799.75,0.7180,869.19,779.53,0.8261,812.45,823.88,0.4629,873.10,812.79,0.7504,828.10,824.53,0.7540,857.45,816.70,0.7469,805.93,880.61,0.8270,864.62,849.31,0.7468,809.84,941.26,0.8450,869.84,898.87,0.7751
776,top,1,821.38,358.92,946.35,546.84,878.36,376.26,0.8513,882.48,372.14,0.8143,875.60,373.05,0.8390,892.58,375.35,0.8382,872.85,377.18,0.7465,909.55,395.99,0.7768,865.51,401.96,0.7710,925.61,421.68,0.7940,855.42,429.48,0.7797,939.83,448.75,0.7445,843.03,455.17,0.7714,902.67,455.63,0.6864,874.69,453.80,0.6919,913.22,495.55,0.7152,855.88,491.42,0.7364,907.26,525.83,0.8223,835.69,525.37,0.8275
776,bottom,0,782.53,689.18,890.22,959.75,819.20,712.17,0.7934,815.24,708.21,0.5902,822.50,708.21,0.5734,811.93,716.13,0.7868,831.75,713.49,0.7897,801.36,751.80,0.8980,852.23,739.91,0.8142,805.99,791.44,0.7758,877.99,770.96,0.8125,811.93,827.11,0.6430,882.61,800.03,0.7544,830.43,816.54,0.7214,858.83,809.93,0.7259,815.90,874.01,0.7813,868.08,844.94,0.7316,809.29,932.80,0.8190,870.72,896.47,0.7775
777,top,1,809.17,359.13,944.92,551.49,872.82,378.29,0.8716,876.58,374.06,0.8492,869.53,374.53,0.8444,886.44,376.41,0.8361,866.71,378.76,0.7578,904.28,396.13,0.7909,860.14,403.18,0.7720,920.72,421.97,0.7885,849.81,429.48,0.7742,936.22,450.14,0.7310,836.66,452.49,0.7572,897.71,456.25,0.6944,869.53,454.84,0.6914,910.39,494.29,0.7110,849.81,491.47,0.7378,906.63,525.76,0.8184,825.85,530.45,0.8506
777,bottom,0,788.78,678.54,898.78,957.18,827.45,704.25,0.7483,822.69,700.17,0.5756,830.85,700.17,0.5685,819.97,707.65,0.8080,840.37,705.61,0.8068,807.04,742.35,0.9089,860.10,732.14,0.8082,809.08,783.16,0.7846,886.63,762.76,0.7959,811.80,822.62,0.7083,891.40,790.65,0.7440,834.25,808.33,0.7097,862.14,802.89,0.7112,819.97,865.48,0.7804,868.95,842.35,0.7148,812.48,924.66,0.8263,870.99,896.77,0.7842
778,top,0,802.91,361.19,942.60,555.88,866.10,379.16,0.8335,869.90,375.36,0.8177,862.77,375.83,0.8181,879.88,377.73,0.8179,860.40,379.64,0.7254,897.95,396.75,0.7705,854.22,403.88,0.7633,915.06,421.94,0.7902,843.29,429.54,0.7714,931.22,449.51,0.7643,830.45,450.46,0.7451,893.67,456.16,0.6946,864.67,454.73,0.6875,906.98,493.71,0.7047,843.29,493.71,0.7294,906.98,526.98,0.8199,817.14,535.53,0.8207
778,bottom,1,804.31,671.80,905.68,946.29,834.22,695.12,0.7593,829.53,691.77,0.5895,838.24,691.77,0.5418,826.18,698.47,0.8320,846.28,697.13,0.8286,812.77,733.32,0.9059,865.71,723.94,0.8158,812.10,774.87,0.7921,893.86,754.09,0.7940,809.42,813.74,0.7519,897.88,778.89,0.7269,838.24,801.00,0.7275,866.38,796.98,0.7333,821.49,857.97,0.7777,869.07,839.20,0.7674,822.16,910.91,0.8323,871.08,896.83,0.7867
779,top,1,796.59,360.82,937.76,559.63,858.92,381.11,0.8432,862.81,376.74,0.8051,856.01,377.71,0.8394,873.49,379.17,0.8447,854.07,381.59,0.7273,891.93,398.58,0.7710,847.76,405.86,0.7622,908.92,423.82,0.7939,836.11,429.65,0.7465,927.36,448.58,0.7776,822.03,449.55,0.7103,888.53,457.31,0.6989,858.92,456.83,0.6913,904.55,493.72,0.7119,837.57,496.63,0.7475,906.49,526.24,0.8130,812.33,539.34,0.8280
779,bottom,0,804.66,663.36,908.44,937.50,839.82,685.98,0.7630,834.47,682.63,0.5665,841.83,681.30,0.5594,831.12,688.66,0.7689,851.20,687.32,0.7675,817.73,722.79,0.8929,871.28,714.09,0.8087,814.39,764.29,0.8081,898.05,744.88,0.8013,809.03,802.44,0.7501,902.73,767.63,0.6951,842.50,793.74,0.7323,871.28,790.39,0.7389,823.76,849.29,0.7988,869.94,839.92,0.7611,832.46,898.15,0.8116,871.28,898.15,0.8253
780,top,1,794.35,367.54,935.94,563.91,851.72,384.23,0.8290,855.08,380.39,0.7729,848.85,381.83,0.8061,865.63,382.79,0.8395,846.93,386.14,0.6568,884.80,400.53,0.7528,840.70,407.72,0.7553,903.50,424.50,0.7559,828.23,431.21,0.7238,923.64,448.47,0.7451,812.41,448.95,0.6905,882.41,459.01,0.6527,853.16,458.54,0.6570,899.67,494.01,0.7001,833.03,499.76,0.7386,906.38,526.13,0.7965,809.06,541.95,0.7861
780,bottom,0,805.33,654.56,913.28,924.88,845.44,677.52,0.7817,841.48,673.56,0.5186,847.42,672.90,0.5790,835.54,680.16,0.7494,856.00,678.84,0.7853,821.02,713.82,0.8846,875.14,707.22,0.7938,816.40,753.42,0.7963,901.54,735.60,0.7845,811.12,790.38,0.7353,904.84,756.72,0.7145,844.78,785.10,0.7285,874.48,782.46,0.7304,827.62,841.86,0.8039,874.48,837.90,0.7876,840.82,886.74,0.7906,874.48,894.66,0.8492
781,top,1,788.79,371.65,930.89,566.75,844.12,388.71,0.8181,847.46,384.42,0.7722,841.27,385.85,0.7975,857.94,386.32,0.8119,839.36,390.13,0.6379,877.94,403.47,0.7317,834.12,412.04,0.7378,897.47,426.33,0.7235,821.26,432.53,0.6982,919.86,447.77,0.7289,807.92,444.91,0.6787,875.08,461.10,0.6351,846.50,461.10,0.6483,893.66,494.45,0.7021,828.41,501.59,0.7157,905.09,524.93,0.7924,805.54,546.36,0.7878
781,bottom,0,806.88,646.97,912.64,916.38,847.92,670.51,0.8090,845.95,667.22,0.5136,848.58,666.57,0.5705,839.37,673.14,0.7596,859.10,671.83,0.7740,823.59,706.03,0.8866,878.18,700.11,0.7805,818.98,744.84,0.7821,903.83,730.37,0.7647,813.06,784.30,0.7528,905.15,751.41,0.6811,847.27,778.38,0.7089,877.52,775.09,0.7258,831.48,832.97,0.8188,880.81,830.34,0.7675,847.92,880.99,0.8020,879.49,883.62,0.8345
782,top,1,781.80,377.64,929.52,567.66,836.91,392.35,0.8481,840.27,388.50,0.8105,833.54,389.94,0.8392,850.37,390.43,0.8219,832.10,394.27,0.6962,871.05,406.29,0.7123,827.77,416.39,0.7276,892.21,427.45,0.7105,814.31,434.18,0.6694,917.69,448.13,0.7176,800.85,445.24,0.6512,867.68,463.03,0.6447,840.76,463.03,0.6455,888.36,497.66,0.6995,824.41,503.43,0.7265,902.79,525.54,0.7788,804.21,548.14,0.8059
782,bottom,0,809.07,642.87,914.31,909.58,851.92,665.53,0.7751,849.97,661.62,0.5279,851.92,660.97,0.5719,843.46,668.14,0.7516,862.99,667.48,0.7401,827.18,701.34,0.8687,881.22,696.13,0.7749,821.32,740.41,0.7823,905.97,729.34,0.7734,815.46,778.18,0.7458,903.36,749.53,0.6109,850.62,772.32,0.6888,879.92,769.72,0.7193,836.30,821.81,0.7956,888.39,822.46,0.7719,851.27,875.20,0.8001,888.39,875.85,0.8196
783,top,1,784.71,380.40,925.00,567.90,831.05,393.59,0.8707,834.26,389.47,0.8254,827.85,391.30,0.8431,845.24,391.30,0.7830,826.48,395.88,0.6950,864.93,407.32,0.7079,822.81,419.22,0.7316,886.90,427.92,0.7117,810.91,435.24,0.6753,913.45,447.14,0.7171,797.18,443.94,0.6562,862.18,464.54,0.6309,835.63,464.99,0.6546,883.69,499.33,0.6689,822.36,503.45,0.7274,898.34,526.79,0.7394,804.96,546.93,0.7917
783,bottom,0,812.61,641.65,913.87,896.43,856.40,663.30,0.8040,856.40,658.95,0.5333,856.40,658.95,0.5657,847.69,665.79,0.7310,866.97,665.17,0.7328,829.65,699.38,0.8772,885.01,694.40,0.8004,824.68,737.94,0.7938,906.16,729.24,0.8028,819.08,775.26,0.7754,901.81,751.01,0.5852,852.04,767.18,0.6985,881.28,764.69,0.7191,840.23,815.07,0.7996,896.21,817.56,0.8148,852.67,868.57,0.8328,901.18,872.92,0.8793
784,top,1,772.59,379.81,922.54,567.54,827.06,393.62,0.8658,830.48,389.71,0.8296,823.65,391.18,0.8708,840.73,391.18,0.8385,822.67,396.06,0.6898,861.72,406.31,0.7216,819.25,419.98,0.7384,883.20,426.32,0.7208,806.07,437.55,0.6332,910.54,445.85,0.7432,792.41,445.85,0.5551,859.77,464.40,0.6661,832.92,464.89,0.6612,879.29,500.03,0.7311,821.21,503.45,0.7462,892.47,526.88,0.7684,804.12,547.38,0.8081
784,bottom,0,816.96,640.06,929.23,896.51,861.20,663.72,0.8990,859.95,661.22,0.5477,861.20,660.59,0.6611,852.44,667.48,0.7433,870.60,666.23,0.7676,834.28,699.41,0.9056,888.75,695.03,0.8691,828.65,736.98,0.7935,907.53,730.09,0.8194,822.39,773.29,0.8034,898.77,745.12,0.5958,853.69,767.03,0.7361,883.74,765.15,0.7340,845.55,808.98,0.8034,903.78,817.12,0.8249,854.32,860.94,0.8293,914.42,873.46,0.8926
785,top,1,779.33,378.06,921.41,567.59,825.38,391.39,0.8632,828.62,387.22,0.8163,822.14,389.07,0.8198,838.80,388.61,0.7653,820.29,393.70,0.7023,859.16,404.34,0.7149,816.59,418.23,0.7344,880.45,423.78,0.6872,805.49,437.66,0.6671,908.21,444.14,0.7024,791.60,448.76,0.6228,857.31,461.72,0.6451,831.40,462.65,0.6407,875.36,498.28,0.6832,819.37,501.98,0.7238,885.07,526.50,0.7649,804.10,546.86,0.7907
785,bottom,0,818.56,642.42,937.97,899.66,865.08,666.16,0.9548,863.82,664.28,0.5914,864.45,663.65,0.6809,856.91,669.93,0.7831,874.50,668.67,0.7918,838.70,701.33,0.8889,892.08,697.56,0.8783,831.79,737.76,0.7861,906.53,731.48,0.8119,824.26,774.18,0.8214,887.06,734.62,0.5340,855.03,767.90,0.7392,886.43,766.64,0.7166,848.75,804.33,0.7562,909.67,817.51,0.8056,855.66,848.91,0.7674,922.23,874.66,0.8739
786,top,1,779.01,374.97,919.62,567.65,824.85,388.52,0.8638,828.14,384.28,0.8060,821.56,386.16,0.8296,838.02,386.63,0.7932,819.68,390.40,0.7085,857.78,401.69,0.7319,814.97,416.27,0.7526,879.89,421.92,0.6857,803.21,439.32,0.7179,908.11,442.14,0.7053,788.16,455.78,0.7205,856.84,458.61,0.6695,830.03,460.02,0.6652,872.36,497.18,0.6935,818.74,501.41,0.7419,878.48,525.40,0.7702,803.68,547.04,0.8092
786,bottom,0,816.58,645.74,937.46,899.79,867.71,667.94,0.9312,866.47,666.08,0.5899,866.47,665.46,0.6716,859.03,671.66,0.8204,877.64,670.42,0.7693,841.66,702.68,0.8616,893.15,698.33,0.8388,832.36,737.41,0.7955,905.55,726.87,0.7505,822.44,774.63,0.8049,889.42,713.22,0.4783,855.93,769.66,0.7430,888.18,769.04,0.7113,852.21,799.44,0.6661,911.13,819.90,0.7856,857.79,838.51,0.7234,922.30,878.21,0.8642
787,top,0,779.57,371.49,919.61,569.59,826.37,385.42,0.8719,829.76,381.55,0.8370,822.99,383.00,0.8657,838.95,383.48,0.8300,820.57,387.83,0.7667,857.33,398.47,0.7537,814.77,413.47,0.7636,878.61,418.30,0.7377,803.16,438.13,0.7514,905.21,436.20,0.7022,790.58,460.86,0.7461,856.36,456.51,0.6807,829.76,458.45,0.6662,870.87,495.69,0.6782,819.12,499.56,0.7316,873.29,524.22,0.7372,804.13,546.47,0.8147
787,bottom,1,809.35,643.73,937.79,903.76,867.22,665.82,0.8649,866.59,663.29,0.5860,866.59,662.65,0.5934,858.33,669.63,0.8242,877.38,668.36,0.8024,841.19,700.11,0.8227,893.25,695.03,0.7805,829.13,736.29,0.7892,905.31,719.78,0.7372,818.34,774.38,0.7939,891.98,694.39,0.5101,856.43,766.13,0.7035,886.90,764.86,0.7008,855.80,797.87,0.5597,909.76,820.09,0.7774,862.78,833.42,0.6943,921.18,877.86,0.8648
788,top,0,782.22,365.01,916.06,568.70,828.25,381.82,0.9419,831.73,378.34,0.9099,824.77,379.33,0.9489,840.69,380.82,0.9043,822.29,383.81,0.8412,857.59,396.24,0.7743,815.32,411.16,0.7845,878.48,415.14,0.7405,802.89,439.50,0.7648,904.34,430.06,0.7263,792.94,467.85,0.7427,855.60,455.42,0.6992,828.75,457.41,0.6869,869.03,494.21,0.7178,818.80,499.68,0.7638,869.53,527.53,0.7665,803.88,546.92,0.8630
788,bottom,1,804.29,637.80,938.79,895.53,863.99,659.70,0.8096,862.73,656.55,0.5441,865.25,656.55,0.5525,855.81,662.84,0.7893,874.06,662.21,0.7628,838.82,693.67,0.8241,889.79,688.01,0.7478,824.98,731.43,0.7682,905.52,709.41,0.6873,812.40,770.44,0.7847,891.68,693.05,0.4568,856.44,761.00,0.6889,886.01,759.74,0.6948,856.44,793.72,0.6808,906.78,815.74,0.7483,871.54,832.10,0.7703,920.62,871.11,0.8462
789,top,0,787.90,362.94,921.76,567.86,830.32,379.35,0.9537,834.32,375.85,0.9155,827.31,376.85,0.9442,843.32,378.35,0.9349,824.31,381.35,0.8330,858.83,394.36,0.7884,816.31,409.37,0.8192,879.84,412.37,0.7123,803.80,439.88,0.7714,907.36,424.88,0.7560,795.30,471.40,0.7153,854.83,454.89,0.6950,828.31,456.89,0.6981,868.34,494.91,0.7251,818.31,499.92,0.7675,866.84,529.43,0.7956,803.30,547.44,0.8610
789,bottom,1,797.74,631.26,964.05,891.30,860.58,653.35,0.8070,858.04,650.81,0.5881,862.49,651.45,0.5879,851.06,656.53,0.7824,869.47,656.53,0.7767,833.28,687.00,0.8306,884.71,682.56,0.7623,819.95,725.73,0.7478,909.47,698.43,0.6442,805.98,764.45,0.7759,893.59,687.00,0.4458,854.23,753.03,0.6714,882.80,752.39,0.6607,856.14,787.94,0.7457,904.39,806.99,0.7364,872.64,832.39,0.8034,919.62,856.51,0.7821
790,top,0,790.61,357.05,929.89,568.04,833.47,377.55,1.0190,837.07,373.43,0.9725,829.86,374.46,0.9929,846.34,376.00,0.9973,826.77,379.09,0.8737,860.77,393.00,0.8079,818.01,407.94,0.8649,882.40,409.48,0.7011,805.65,437.82,0.7909,909.19,418.76,0.7377,798.44,469.24,0.7160,854.07,455.33,0.7228,828.32,457.39,0.7235,866.95,494.48,0.7310,818.53,499.63,0.7852,864.37,532.60,0.8173,804.10,547.02,0.8762
790,bottom,1,794.09,626.43,931.16,871.41,855.45,647.84,0.8178,855.45,644.85,0.5066,857.24,644.85,0.5446,847.08,651.43,0.7777,865.02,650.24,0.7671,830.33,681.93,0.8717,881.17,675.95,0.7918,814.18,717.82,0.7895,909.28,692.70,0.7981,799.83,754.30,0.8280,906.29,681.34,0.7498,849.47,746.53,0.7218,877.58,744.13,0.7238,854.85,784.80,0.7619,899.71,799.16,0.7984,873.39,834.44,0.8420,915.26,841.02,0.8366
791,top,1,792.41,358.17,931.56,567.46,836.44,375.44,0.9798,840.52,371.86,0.9330,833.37,372.37,0.9460,849.21,374.93,0.9766,829.79,376.97,0.8434,862.50,391.79,0.7994,820.08,405.58,0.8598,881.91,406.10,0.6835,809.35,435.73,0.7783,911.04,412.74,0.7684,802.20,466.90,0.7395,854.32,457.19,0.7273,828.77,458.73,0.7224,865.56,496.03,0.7468,818.04,500.63,0.7853,861.98,537.93,0.8268,803.73,547.12,0.8769
791,bottom,0,785.79,618.25,929.64,859.14,851.83,640.48,0.7805,850.66,636.95,0.5094,852.42,636.95,0.5434,843.01,643.42,0.7532,861.24,642.83,0.7654,825.96,674.00,0.8464,877.12,668.71,0.7831,808.90,708.70,0.7766,908.88,686.94,0.8206,794.79,742.22,0.8029,916.53,674.00,0.7833,845.36,738.69,0.6974,874.18,735.16,0.7204,854.77,786.92,0.7779,893.59,791.03,0.7758,873.59,833.97,0.8068,909.47,826.32,0.8027
792,top,1,792.21,356.39,936.10,566.27,839.56,373.71,0.9484,844.17,370.63,0.9311,836.99,371.15,0.9350,852.37,374.22,0.9803,832.90,375.76,0.8481,865.18,391.64,0.7946,822.13,403.94,0.8597,885.16,404.97,0.6935,812.40,435.20,0.8023,915.39,410.09,0.7834,806.25,465.94,0.7817,855.44,458.25,0.7164,830.33,459.28,0.7099,863.64,499.25,0.7474,819.57,501.30,0.7927,860.56,540.75,0.8516,803.69,546.90,0.8702
792,bottom,0,781.88,609.61,927.54,852.59,848.18,632.03,0.7539,848.18,628.47,0.5042,848.18,627.88,0.5446,839.88,635.00,0.7324,857.67,634.41,0.7206,821.49,665.25,0.8344,874.88,661.10,0.7855,803.69,700.25,0.7883,904.54,681.27,0.7128,790.05,731.69,0.7999,914.03,676.52,0.6888,840.47,733.47,0.6886,869.54,729.32,0.7117,854.71,785.68,0.8142,888.52,783.30,0.8035,872.50,831.36,0.8138,902.17,815.93,0.7856
793,top,1,791.86,357.48,943.64,567.67,843.63,373.80,0.9324,848.25,370.72,0.9140,840.55,370.72,0.9196,855.95,374.31,0.9581,835.93,375.34,0.8641,867.75,391.76,0.7989,824.64,403.05,0.8630,888.28,405.61,0.7033,815.41,434.86,0.7978,919.07,410.23,0.7625,809.76,465.65,0.7706,857.49,458.98,0.7144,832.34,459.50,0.7057,862.11,501.58,0.7332,822.08,503.11,0.8009,859.03,541.60,0.8543,804.12,547.25,0.9212
793,bottom,0,777.95,601.58,925.71,852.53,846.93,623.51,0.7168,845.70,619.22,0.5311,846.93,619.22,0.5466,837.13,625.96,0.7639,855.51,625.35,0.7209,818.13,656.60,0.8350,871.44,654.15,0.7656,800.98,690.29,0.7832,900.85,677.43,0.7070,787.50,720.93,0.7923,914.32,674.36,0.6033,836.51,727.06,0.6865,865.31,723.38,0.6901,853.67,782.20,0.7947,880.63,770.56,0.7431,871.44,828.15,0.8027,894.11,810.38,0.7435
794,top,1,791.66,359.22,944.53,568.27,847.68,374.94,0.9143,851.76,371.36,0.8926,844.10,371.87,0.8814,858.90,374.94,0.9352,839.51,375.45,0.8723,870.13,392.29,0.8056,827.77,402.50,0.8486,890.04,408.11,0.6911,818.58,434.65,0.7953,921.68,414.75,0.7485,812.97,465.27,0.7501,859.92,460.17,0.7075,835.43,460.68,0.7102,862.99,502.53,0.7407,825.22,504.57,0.8070,859.41,541.83,0.8489,804.80,545.91,0.8891
794,bottom,0,776.83,594.01,924.56,847.57,843.88,614.93,0.6823,842.64,610.60,0.5397,845.12,610.60,0.5760,834.60,617.41,0.7491,852.55,617.41,0.7194,814.79,647.74,0.8380,868.03,647.74,0.7700,798.07,681.79,0.7861,895.88,673.74,0.6705,785.07,710.27,0.7809,907.02,676.84,0.5517,831.50,717.69,0.7071,859.36,713.98,0.6939,849.45,774.65,0.8007,872.98,757.93,0.7400,868.64,821.69,0.7933,884.12,803.74,0.7458
795,top,1,793.60,359.45,943.82,569.05,850.80,375.21,0.9285,854.89,372.14,0.8766,847.73,372.14,0.8933,861.54,375.72,0.9179,842.61,376.23,0.8695,872.80,393.12,0.8195,830.33,403.35,0.8410,892.76,412.56,0.7479,821.12,435.59,0.7928,925.00,421.26,0.7758,816.00,466.30,0.7602,862.06,460.67,0.6998,838.52,461.18,0.7045,863.59,503.14,0.7270,830.84,505.70,0.8189,860.01,541.52,0.8517,807.30,543.57,0.8762
795,bottom,0,775.12,584.21,922.54,847.47,841.12,609.14,0.7391,839.19,605.93,0.5278,841.76,605.29,0.5814,831.48,611.71,0.7688,849.47,611.71,0.7884,811.55,638.71,0.8309,864.25,641.92,0.7788,796.77,674.06,0.7896,886.11,668.28,0.6360,783.91,702.98,0.7693,895.11,677.92,0.4579,825.69,709.41,0.6916,852.69,705.55,0.6807,844.33,765.97,0.7505,867.47,747.33,0.7329,862.97,810.96,0.7785,874.54,795.54,0.7293
796,top,0,798.27,360.73,940.36,566.54,853.74,376.20,0.9240,858.26,372.68,0.8574,850.72,372.68,0.9044,864.79,376.70,0.9295,845.70,376.20,0.8560,875.35,394.29,0.8249,832.64,403.34,0.8320,894.44,416.40,0.7490,823.59,435.49,0.7936,924.09,429.97,0.7602,818.06,466.15,0.7619,864.29,460.62,0.7055,841.68,461.12,0.7184,864.29,502.32,0.7242,836.15,505.34,0.8061,860.27,542.02,0.8379,812.03,543.02,0.8465
796,bottom,1,773.24,582.17,898.55,839.43,838.40,604.66,0.7623,837.15,600.26,0.5443,838.40,600.89,0.5220,828.36,605.91,0.7901,847.20,607.80,0.7451,809.51,633.55,0.8080,860.39,639.83,0.7842,794.44,669.98,0.8065,879.23,668.09,0.7214,781.88,697.61,0.7922,885.51,678.77,0.5834,820.19,708.29,0.6813,845.31,705.15,0.6744,841.54,759.16,0.7557,861.64,742.83,0.7284,855.99,799.99,0.7299,864.78,784.91,0.6903
797,top,1,808.31,360.69,935.64,564.82,856.52,376.54,0.9059,861.01,373.05,0.8407,853.53,373.05,0.9063,867.49,377.04,0.9378,848.05,376.54,0.8697,877.95,395.47,0.8373,835.09,403.45,0.8281,894.40,418.90,0.7988,826.12,435.35,0.7916,919.82,437.34,0.7803,820.64,466.74,0.7697,865.49,461.26,0.7089,844.06,461.26,0.7209,864.50,503.12,0.7460,840.08,504.62,0.8234,859.51,542.00,0.8478,818.65,543.99,0.8747
797,bottom,0,769.88,580.93,888.27,824.53,835.02,602.22,0.8155,836.21,598.65,0.5319,833.83,599.84,0.4894,824.31,604.60,0.7559,843.34,606.38,0.7191,805.88,630.77,0.7902,857.02,637.90,0.7952,791.60,668.83,0.7889,872.49,670.61,0.7032,779.71,695.59,0.7750,876.65,679.53,0.5655,814.20,701.54,0.6723,840.97,697.97,0.6688,835.02,751.50,0.7200,855.83,741.98,0.7582,847.51,785.39,0.6974,857.62,783.02,0.6952
798,top,1,813.87,359.53,924.99,565.38,858.37,377.02,0.9081,862.39,374.00,0.8387,855.36,373.50,0.9102,869.43,377.52,0.9289,850.83,377.52,0.8722,879.48,396.12,0.8691,837.26,403.15,0.8417,893.55,421.24,0.7969,828.22,435.32,0.7943,913.65,441.35,0.7774,822.69,466.47,0.7789,866.41,461.95,0.7374,845.81,461.95,0.7585,864.90,503.16,0.7811,843.29,504.67,0.8265,860.38,541.86,0.8728,824.70,547.39,0.8821
798,bottom,0,769.69,580.87,878.82,809.38,830.95,603.08,0.8642,832.06,599.73,0.5733,830.39,600.85,0.5193,820.91,605.31,0.7770,839.32,606.98,0.7289,802.50,630.41,0.8092,853.26,637.66,0.8337,787.99,668.35,0.7834,868.33,671.14,0.7958,776.28,695.12,0.8126,864.42,672.81,0.5252,808.63,699.03,0.7152,835.97,696.80,0.7030,825.93,745.33,0.7168,852.15,741.43,0.8132,835.41,776.57,0.7239,854.38,786.62,0.8733
799,top,1,816.87,360.36,910.72,561.88,860.35,377.98,0.9273,864.78,375.02,0.8736,857.40,374.53,0.8550,871.66,378.47,0.8865,852.48,377.98,0.8525,881.01,398.64,0.8432,839.19,404.05,0.8519,894.30,425.21,0.8048,828.86,437.01,0.7946,910.53,447.84,0.7814,823.94,468.01,0.7889,867.24,463.58,0.7623,847.56,463.09,0.7737,865.27,504.41,0.7809,847.07,504.91,0.8085,859.36,541.80,0.8847,829.85,554.10,0.8355
799,bottom,0,767.12,581.84,869.36,805.71,825.34,603.59,0.9023,826.44,600.31,0.6067,825.89,601.40,0.5248,814.96,606.87,0.8511,834.09,607.96,0.7695,798.56,633.10,0.7909,847.75,636.93,0.8190,784.90,666.44,0.7705,864.15,668.08,0.8479,772.87,694.32,0.8226,853.77,650.59,0.5844,804.57,695.96,0.6684,832.45,695.96,0.6749,812.23,732.58,0.5910,852.13,737.50,0.7883,822.06,758.27,0.6477,854.31,785.05,0.8751
800,top,1,819.03,361.16,919.50,560.29,862.46,380.02,0.9391,866.83,376.62,0.8701,859.54,376.14,0.8843,874.61,380.51,0.8720,854.68,379.54,0.8706,883.36,400.93,0.8764,842.53,405.79,0.8729,896.00,428.15,0.8474,831.35,437.88,0.8137,909.13,450.52,0.8319,826.00,469.48,0.8003,868.29,466.07,0.7655,849.82,465.59,0.7973,865.86,506.91,0.7993,849.82,508.37,0.8557,860.03,541.43,0.8987,837.18,557.47,0.8522
800,bottom,0,760.75,582.03,866.98,802.76,817.10,602.94,0.9384,818.72,599.71,0.6115,817.64,600.79,0.5698,807.94,606.71,0.8662,826.26,607.25,0.8075,792.85,633.66,0.7835,840.81,635.27,0.8129,778.30,668.69,0.7605,859.14,661.14,0.8380,768.06,693.48,0.8016,845.12,647.67,0.5377,798.24,696.17,0.6779,827.88,696.71,0.6740,801.47,725.27,0.6351,852.13,734.97,0.8019,810.10,762.99,0.7755,853.75,785.63,0.8908
801,top,1,819.29,364.64,917.31,558.83,864.98,382.08,0.9769,869.25,379.24,0.8777,861.66,378.76,0.8667,875.88,383.03,0.8657,856.92,382.56,0.8246,884.42,403.42,0.9038,844.59,407.21,0.8876,895.80,429.97,0.8524,832.27,438.98,0.8351,907.65,453.67,0.8663,826.10,469.79,0.8240,869.25,467.90,0.7957,850.76,467.42,0.8366,866.87,507.72,0.8120,851.70,510.09,0.8465,859.76,541.38,0.9033,843.64,559.87,0.8556
801,bottom,0,757.07,583.16,864.80,802.82,807.72,600.75,0.9354,809.33,598.60,0.5461,806.11,598.60,0.6286,799.14,605.57,0.8214,817.37,605.04,0.7687,785.19,634.00,0.8352,832.39,631.32,0.7913,771.78,668.32,0.8002,857.59,654.38,0.8463,762.13,690.31,0.8072,840.97,637.75,0.6550,793.24,695.14,0.6636,823.81,696.75,0.6827,787.34,714.44,0.5936,851.16,734.82,0.8147,796.99,765.93,0.7406,854.37,784.16,0.8792
802,top,1,820.37,369.87,914.09,559.74,866.76,384.61,0.9693,870.47,381.37,0.8525,863.06,381.37,0.8593,876.96,386.00,0.8707,857.96,385.54,0.8261,885.31,405.47,0.8910,845.44,409.18,0.8866,896.43,431.89,0.8506,832.93,440.24,0.8353,907.09,455.07,0.8620,825.97,470.83,0.7949,869.08,469.90,0.7688,851.47,470.37,0.8005,867.23,510.23,0.7774,854.25,514.40,0.8128,861.20,540.83,0.8729,848.69,564.47,0.8568
802,bottom,0,750.59,581.30,864.68,804.06,796.22,599.14,0.9320,794.59,596.96,0.5196,795.13,596.96,0.6403,788.60,604.03,0.7695,806.01,602.40,0.7250,777.18,633.40,0.8616,823.41,626.88,0.7811,764.67,667.67,0.8034,853.87,643.74,0.8402,753.25,690.51,0.8063,850.60,630.14,0.7183,788.60,693.23,0.6638,817.43,693.77,0.6858,774.46,703.02,0.6444,848.97,734.56,0.8259,777.18,751.42,0.7304,852.78,784.05,0.8902
803,top,1,820.62,370.24,915.44,588.31,866.96,386.64,0.9320,871.22,382.91,0.8584,863.77,383.45,0.8766,877.61,387.17,0.9302,858.98,387.70,0.9211,885.60,406.87,0.8877,846.73,410.60,0.8723,897.84,431.89,0.7854,832.89,441.48,0.8338,907.96,456.38,0.8291,826.50,471.82,0.8032,868.56,470.23,0.7365,850.99,471.29,0.7496,868.03,509.09,0.7531,856.31,514.42,0.8235,861.64,539.97,0.8932,848.86,565.53,0.8481
803,bottom,0,739.71,578.67,865.16,804.00,784.83,597.82,0.8549,782.63,595.62,0.6009,784.83,595.07,0.5887,778.23,601.67,0.7446,794.19,601.12,0.7121,767.23,633.57,0.8564,813.99,622.57,0.7956,756.78,665.48,0.7982,849.20,635.22,0.8438,745.23,686.94,0.7724,854.15,618.17,0.7740,780.98,690.24,0.6754,810.14,690.24,0.6813,763.38,707.29,0.6151,844.80,735.90,0.7962,759.53,742.50,0.6856,851.40,783.76,0.8410
804,top,1,820.83,372.18,916.42,591.09,867.56,388.10,0.9279,871.83,384.36,0.8730,864.35,384.90,0.8803,878.25,388.64,0.9260,859.54,389.17,0.9076,885.73,407.88,0.8743,847.25,412.15,0.8611,898.56,431.93,0.7831,832.82,442.08,0.8077,908.71,455.98,0.8164,827.47,472.01,0.7916,868.63,469.88,0.7160,849.39,470.95,0.7286,871.83,507.29,0.7579,856.33,513.17,0.8092,863.82,538.82,0.8883,848.32,563.41,0.8218
804,bottom,0,729.54,577.19,867.42,803.84,773.02,597.00,0.8945,772.47,594.24,0.6092,772.47,593.68,0.5739,766.38,600.32,0.7988,782.98,599.77,0.7001,756.98,632.97,0.8496,802.90,620.80,0.7810,747.02,664.51,0.7846,841.08,629.10,0.7928,736.50,683.32,0.7236,853.26,617.48,0.8665,773.58,689.41,0.6810,801.80,688.30,0.6716,757.53,709.33,0.6219,838.32,735.34,0.7895,745.36,731.46,0.6861,849.38,780.71,0.8231
805,top,1,822.05,375.98,917.85,584.30,868.42,390.63,0.9057,872.49,387.07,0.8399,864.86,387.58,0.8646,878.60,391.14,0.9073,859.78,391.14,0.9090,886.22,410.47,0.8511,847.57,414.54,0.8407,899.45,434.37,0.7732,833.33,444.54,0.8039,911.14,459.80,0.8352,827.23,474.55,0.7663,868.93,472.00,0.7084,848.08,472.51,0.7208,879.10,508.11,0.7773,856.73,511.17,0.7931,865.37,535.58,0.8220,846.05,562.02,0.8149
805,bottom,0,714.37,577.30,866.73,802.01,759.83,598.04,0.8912,758.18,594.75,0.6147,759.28,594.20,0.5775,753.79,601.88,0.8390,769.70,599.69,0.7770,746.66,634.25,0.8590,791.10,621.08,0.7717,738.43,660.03,0.7420,831.14,626.02,0.7466,728.01,676.49,0.6913,851.44,614.50,0.8274,766.96,692.95,0.6938,794.39,689.66,0.6882,748.31,711.05,0.6578,829.50,733.00,0.7816,733.49,733.55,0.7639,845.96,776.89,0.8342
806,top,1,823.42,380.10,918.34,584.31,868.89,394.96,0.8744,873.37,391.47,0.8193,865.40,391.47,0.8475,879.85,395.46,0.8743,860.41,395.46,0.8775,886.34,413.90,0.8163,847.95,418.89,0.8146,899.30,436.84,0.7772,833.99,449.80,0.7967,912.26,463.26,0.8218,828.00,480.71,0.7338,868.89,474.73,0.6922,847.45,475.72,0.7001,888.33,510.13,0.7872,855.43,510.62,0.7790,870.38,536.05,0.7787,841.47,561.98,0.8076
806,bottom,0,706.10,581.63,867.61,799.11,748.63,602.76,0.8897,745.97,599.05,0.5506,748.10,597.98,0.5602,742.26,605.95,0.7910,756.59,603.29,0.7858,735.35,637.81,0.8637,778.36,624.00,0.7697,725.26,659.04,0.6728,818.18,626.12,0.7152,715.71,671.79,0.5977,844.20,613.91,0.7942,759.78,695.68,0.7158,786.33,690.90,0.7014,738.54,711.61,0.6482,821.90,732.32,0.7753,726.33,736.56,0.7539,840.48,772.14,0.8316
807,top,1,823.01,386.00,915.08,592.48,869.05,401.53,0.8447,873.59,397.50,0.8059,865.52,398.00,0.8139,880.64,402.03,0.8634,860.98,402.54,0.8098,887.20,420.18,0.7915,847.88,425.22,0.8005,899.30,442.87,0.7427,834.77,456.98,0.7611,911.90,470.09,0.7729,828.22,488.23,0.6952,868.55,477.65,0.6792,846.36,479.16,0.6872,892.74,509.91,0.7967,854.93,514.95,0.7595,876.11,541.16,0.7908,838.30,566.87,0.7668
807,bottom,0,700.52,588.08,863.59,795.11,735.87,607.72,0.8466,732.69,604.54,0.5819,737.47,604.01,0.5713,731.10,611.97,0.7812,744.90,608.25,0.8073,726.85,639.57,0.8536,764.54,627.36,0.7933,711.46,653.90,0.5831,801.69,627.36,0.6358,710.92,652.84,0.4100,835.14,616.22,0.7114,750.21,697.43,0.6858,777.81,692.65,0.6839,725.26,705.39,0.7283,812.84,732.47,0.7450,719.95,736.71,0.7717,833.54,770.69,0.7921
808,top,1,822.57,393.27,917.01,597.72,869.79,408.65,0.8600,874.28,405.15,0.8126,866.30,405.15,0.8183,881.27,409.15,0.8607,861.81,409.65,0.8062,887.76,427.61,0.7708,848.83,434.10,0.7875,898.24,452.07,0.6935,836.35,464.05,0.7572,911.22,480.03,0.7425,829.86,497.00,0.6848,867.30,482.02,0.6719,845.33,484.02,0.6994,893.75,513.97,0.7858,851.82,521.45,0.7499,884.27,549.91,0.7771,835.35,574.36,0.7752
808,bottom,0,697.70,595.51,856.60,794.01,726.97,614.59,0.8569,724.91,610.97,0.6234,728.53,610.45,0.6315,720.77,619.24,0.7988,733.18,615.10,0.8172,718.18,647.69,0.8478,753.35,631.66,0.8261,716.63,653.90,0.5480,788.01,630.10,0.5184,706.80,642.00,0.4580,823.70,622.35,0.6235,744.04,696.31,0.6856,771.46,691.66,0.6880,721.28,698.90,0.7317,804.56,732.52,0.7069,719.73,734.07,0.7867,823.70,770.28,0.7768
809,top,1,821.97,403.24,917.77,604.92,869.38,417.42,0.7912,873.81,413.98,0.7497,865.93,413.98,0.7515,881.69,418.41,0.8261,861.99,418.41,0.7510,888.09,436.13,0.7489,849.19,442.53,0.7795,896.95,460.75,0.7242,836.88,473.06,0.7236,908.27,489.31,0.7053,829.99,507.03,0.6567,866.92,490.29,0.6607,845.74,491.28,0.6941,895.47,519.34,0.7624,849.68,530.17,0.7533,892.03,561.69,0.7651,832.94,582.86,0.7619
809,bottom,0,700.02,603.17,848.44,790.89,716.73,621.18,0.9091,715.28,619.73,0.6080,716.25,618.76,0.5263,710.45,626.49,0.8373,726.40,621.66,0.8033,710.45,650.65,0.8030,746.20,633.74,0.8128,710.45,659.34,0.5013,779.54,631.32,0.5525,741.86,640.99,0.2029,809.98,626.01,0.6435,740.41,693.16,0.6774,766.50,688.82,0.6638,719.15,693.16,0.7588,796.45,732.30,0.7158,719.63,732.78,0.7877,814.81,766.60,0.7621
810,top,0,815.39,411.96,919.19,608.20,870.65,426.72,0.8172,874.96,422.88,0.7669,867.29,422.88,0.7515,881.67,427.67,0.8237,862.50,427.67,0.7362,886.46,445.88,0.7668,849.57,451.63,0.7774,894.60,472.23,0.6892,836.15,483.25,0.7292,906.10,501.46,0.6908,830.40,516.31,0.6859,865.86,497.14,0.6878,845.25,500.02,0.6943,897.48,524.45,0.7463,849.09,539.78,0.7426,891.25,563.74,0.7688,827.05,589.61,0.7634
810,bottom,2,697.62,611.28,818.65,776.20,712.23,626.50,0.9180,711.83,625.29,0.5285,711.02,624.08,0.4207,707.00,632.14,0.7472,723.10,626.10,0.7085,708.21,654.28,0.7338,740.42,636.16,0.7261,704.58,674.01,0.5674,770.61,634.15,0.5350,708.21,658.71,0.3444,801.62,632.54,0.6903,738.81,688.91,0.6389,764.98,683.67,0.6458,715.86,690.52,0.6825,787.93,730.78,0.7119,719.08,732.79,0.7810,805.64,762.99,0.8206
811,top,0,815.64,419.07,918.44,606.99,871.63,434.58,0.8563,876.68,430.91,0.8118,868.88,430.45,0.8001,884.02,435.95,0.8039,864.75,435.04,0.7508,887.23,455.22,0.7837,850.98,458.44,0.7645,893.19,482.75,0.7217,834.01,488.26,0.7551,906.04,510.28,0.7212,827.58,521.75,0.7499,866.12,504.31,0.6827,845.48,506.61,0.7087,899.16,528.17,0.7346,855.57,541.48,0.7316,893.19,560.29,0.8103,828.50,589.19,0.7854
811,bottom,1,695.69,614.30,826.01,778.56,711.22,631.11,0.9530,710.37,630.68,0.5624,709.10,628.98,0.4285,706.55,637.89,0.7636,721.82,629.41,0.6521,706.97,657.83,0.7543,740.91,636.20,0.7685,703.16,687.52,0.5630,768.91,635.77,0.5488,707.82,683.28,0.3247,797.33,640.86,0.6930,736.24,682.01,0.6819,762.97,676.50,0.6940,714.61,693.46,0.7068,781.63,728.67,0.7506,718.85,732.07,0.7944,798.18,758.37,0.7317
812,top,1,815.44,425.24,917.81,606.87,874.16,438.01,0.8449,879.04,434.91,0.8053,871.50,434.02,0.7930,886.58,440.67,0.7909,867.95,438.90,0.7151,888.79,459.74,0.7903,852.87,461.07,0.7528,892.78,488.12,0.7353,833.81,489.00,0.7655,904.76,515.17,0.7280,825.83,520.04,0.7272,866.62,505.41,0.6685,846.22,507.63,0.6989,902.10,528.03,0.7093,858.64,543.10,0.7170,895.44,559.51,0.8043,828.93,589.22,0.7894
812,bottom,0,695.25,614.65,819.05,782.04,710.56,630.91,0.9149,709.34,631.73,0.5163,709.34,629.28,0.3719,705.66,637.45,0.7542,721.60,628.87,0.6181,708.11,657.89,0.7398,741.62,634.59,0.6674,702.80,697.93,0.4840,765.73,636.64,0.5365,707.70,685.67,0.3771,791.89,647.26,0.6446,737.13,675.87,0.6099,762.46,672.19,0.6435,715.47,695.07,0.6761,774.31,723.68,0.6975,719.15,731.85,0.7369,793.93,758.01,0.6335
813,top,0,814.54,425.92,920.86,608.75,878.86,438.77,0.8254,883.77,435.65,0.7901,876.18,434.75,0.7614,890.91,441.45,0.7700,871.72,439.66,0.7445,892.70,459.75,0.8129,854.76,460.64,0.7572,895.82,487.42,0.7154,833.78,486.98,0.7699,904.30,515.10,0.6878,824.40,517.33,0.7435,867.70,504.39,0.6729,846.27,506.62,0.7012,902.96,525.37,0.7274,858.77,543.22,0.7131,897.16,565.54,0.7781,829.31,588.30,0.7861
813,bottom,1,693.96,612.64,804.10,767.46,711.99,629.20,0.8962,709.72,629.20,0.5082,711.61,627.31,0.3892,706.70,635.25,0.7845,721.82,626.93,0.5339,708.97,654.15,0.7386,742.23,632.60,0.6576,702.92,687.41,0.3994,770.58,639.40,0.5766,704.43,711.22,0.4863,790.61,653.01,0.7254,736.94,670.78,0.5506,764.53,667.75,0.6556,718.04,695.72,0.5952,766.80,714.24,0.7344,718.79,731.25,0.7405,782.67,745.61,0.7568
814,top,1,815.38,421.73,922.61,605.50,882.91,436.00,0.8350,887.39,433.31,0.7907,880.66,431.96,0.7726,895.47,439.59,0.7610,876.63,436.90,0.7080,898.16,458.88,0.8124,859.13,456.64,0.7549,901.30,484.90,0.7402,836.70,481.76,0.7505,906.69,513.17,0.6957,825.03,510.48,0.7523,869.00,501.50,0.6686,847.02,501.95,0.7102,904.44,522.59,0.7285,855.99,540.53,0.7323,899.51,573.29,0.7956,828.62,588.54,0.8050
814,bottom,0,691.75,610.47,801.89,773.53,713.38,625.52,0.8912,710.99,626.31,0.5620,712.19,624.72,0.4790,707.81,631.89,0.7811,722.93,622.73,0.5579,709.80,652.19,0.8064,744.03,630.30,0.6770,703.83,690.41,0.5860,771.50,639.85,0.6030,703.83,727.03,0.6541,791.41,654.58,0.6947,737.66,666.12,0.5428,764.73,663.74,0.6752,719.75,694.79,0.6220,761.95,705.93,0.7436,718.56,733.40,0.6773,774.29,739.77,0.7155
815,top,0,815.37,416.49,922.67,604.40,886.00,432.00,0.8498,891.04,429.71,0.7782,883.70,427.87,0.8097,898.84,435.67,0.8118,880.03,432.46,0.7764,902.97,456.31,0.7755,861.68,451.73,0.7381,908.02,483.38,0.6609,839.66,475.58,0.7326,908.93,511.36,0.6314,824.98,506.32,0.7369,875.45,498.98,0.6629,851.13,498.06,0.6765,905.72,522.83,0.7300,849.76,536.60,0.7300,897.92,573.76,0.7945,829.57,587.06,0.7940
815,bottom,1,692.50,606.24,806.82,764.19,715.34,622.36,0.9562,713.41,621.97,0.5237,714.95,621.20,0.5181,708.78,628.14,0.7822,724.21,620.82,0.5753,709.56,649.35,0.7954,744.65,626.99,0.7247,704.54,692.54,0.5813,772.02,636.24,0.6674,705.70,726.47,0.6574,795.55,654.36,0.7732,737.32,665.93,0.5561,765.85,662.46,0.6823,719.58,696.78,0.6516,760.07,700.64,0.7378,719.58,736.11,0.7497,768.55,737.66,0.7894
816,top,1,815.01,412.12,922.43,601.60,888.15,426.36,0.7906,893.24,424.05,0.7534,885.84,422.66,0.7761,900.64,430.06,0.8196,881.21,427.75,0.8079,905.27,449.96,0.7593,864.56,446.72,0.7163,910.82,468.92,0.5862,843.28,468.46,0.7239,913.13,499.46,0.4313,827.55,496.68,0.7072,880.29,496.68,0.6587,854.84,494.83,0.6631,908.04,519.35,0.7120,849.29,532.30,0.7115,899.25,572.55,0.7752,830.32,582.26,0.7716
816,bottom,0,696.66,600.65,815.31,753.79,717.36,617.36,0.9070,716.20,616.20,0.4858,717.36,615.42,0.4371,710.80,623.54,0.6858,726.63,617.36,0.6217,710.41,645.94,0.7526,744.78,623.92,0.7159,705.77,686.11,0.6716,774.91,633.58,0.6437,708.48,724.34,0.7053,802.33,653.28,0.7695,737.06,667.18,0.6031,766.03,663.32,0.6555,720.84,693.44,0.7262,761.39,696.92,0.7390,719.29,734.00,0.7821,766.41,735.93,0.7995
817,top,0,818.96,405.37,922.96,597.52,888.78,419.35,0.7136,893.47,416.54,0.6799,885.97,416.07,0.7016,900.51,423.11,0.7695,881.28,421.23,0.7743,906.14,444.22,0.7462,863.92,440.46,0.7096,914.11,467.20,0.6089,844.69,463.92,0.6984,915.99,498.16,0.5035,829.21,488.31,0.7056,884.56,493.00,0.6335,857.82,491.13,0.6515,908.95,519.27,0.7196,852.66,527.71,0.6819,899.57,572.28,0.7686,829.21,576.50,0.7561
817,bottom,1,697.33,593.77,826.25,752.59,719.41,611.49,0.9161,719.41,610.65,0.5643,719.41,609.81,0.4629,713.53,617.79,0.6890,727.80,612.75,0.6753,710.17,642.13,0.7469,748.36,621.14,0.7048,707.66,676.12,0.6840,781.94,632.89,0.7161,711.43,713.05,0.6342,808.80,651.78,0.7841,738.29,668.15,0.6603,767.25,663.53,0.6556,721.08,692.91,0.7216,763.47,693.75,0.7510,718.99,732.78,0.8125,765.57,735.29,0.8048
818,top,0,818.67,397.79,924.36,592.98,886.29,411.04,0.7349,891.06,408.18,0.7174,883.91,407.22,0.7064,898.68,414.85,0.7660,879.14,413.42,0.7421,907.26,437.72,0.7485,863.42,433.43,0.7245,916.31,465.36,0.7359,846.26,457.74,0.7144,918.69,495.38,0.6524,829.11,478.70,0.7448,888.67,487.28,0.6353,860.08,484.90,0.6414,907.73,517.30,0.7296,856.27,523.50,0.6982,900.59,572.10,0.7682,831.01,569.72,0.7491
818,bottom,1,698.18,587.59,832.46,756.70,722.05,603.96,0.8897,720.73,602.64,0.5605,722.05,601.77,0.4752,716.80,610.08,0.7572,731.22,605.70,0.6981,711.55,636.74,0.7689,751.77,617.51,0.7128,710.68,668.65,0.6586,788.05,631.49,0.7374,715.49,699.68,0.6420,815.59,649.85,0.7889,739.09,668.65,0.6695,767.50,664.28,0.6546,721.61,696.19,0.7039,767.07,693.13,0.7268,719.86,733.34,0.8052,768.38,736.40,0.7892
819,top,0,819.92,387.93,924.30,589.43,884.41,402.10,0.7287,888.84,399.15,0.7413,881.46,399.15,0.7241,896.22,405.54,0.7820,876.54,404.56,0.7391,907.04,430.14,0.7697,861.78,425.71,0.7482,912.94,455.72,0.7199,846.53,450.31,0.7454,919.34,481.80,0.6363,828.82,470.97,0.7267,891.30,482.29,0.6807,863.26,480.81,0.6544,905.56,517.22,0.7445,858.83,520.66,0.7148,900.15,570.84,0.8060,836.69,561.49,0.7635
819,bottom,1,699.21,578.26,832.27,756.44,725.72,596.45,0.9008,724.41,593.84,0.5741,724.41,593.84,0.5100,720.06,601.67,0.6927,734.85,597.75,0.6385,713.54,632.12,0.7707,756.17,613.41,0.7316,716.58,659.52,0.6235,793.58,628.64,0.7701,720.50,686.06,0.5474,818.81,646.91,0.8185,741.38,669.09,0.6849,769.65,663.87,0.6833,723.54,694.32,0.7645,770.96,692.58,0.7608,719.63,733.91,0.8350,772.70,739.13,0.8294
820,top,1,820.56,379.91,923.68,589.01,881.31,394.10,0.6964,885.39,391.04,0.7073,878.25,391.04,0.7068,893.05,396.66,0.7846,873.65,396.15,0.7233,905.81,420.14,0.7706,859.36,416.57,0.7539,912.96,445.15,0.7287,845.58,441.07,0.7631,917.56,472.72,0.7129,828.22,460.98,0.7489,893.56,476.29,0.6799,864.97,475.27,0.6690,902.24,516.62,0.7209,861.40,516.11,0.7264,901.73,569.72,0.8033,846.09,550.32,0.7394
820,bottom,0,700.99,571.34,831.67,758.17,731.20,589.49,0.9425,730.75,587.67,0.5899,729.38,588.12,0.5552,723.90,594.96,0.7348,739.87,590.86,0.7417,717.06,625.07,0.8272,762.22,609.56,0.7547,720.71,652.44,0.6413,798.71,626.89,0.7215,723.90,677.07,0.5627,818.78,643.77,0.7647,745.34,667.95,0.6475,773.17,663.39,0.7018,727.10,699.88,0.7084,774.99,695.77,0.7561,720.26,734.55,0.8316,775.45,742.30,0.8534
821,top,1,816.15,370.80,918.61,588.24,878.00,386.09,0.7190,882.24,382.90,0.7137,874.81,382.90,0.7489,889.68,388.21,0.8054,871.10,386.62,0.7401,902.95,411.57,0.7986,857.29,409.45,0.7944,911.44,435.99,0.7563,842.43,435.46,0.7847,913.57,460.41,0.7511,824.91,455.63,0.7538,893.39,469.97,0.6680,865.79,468.37,0.6565,899.76,515.09,0.7372,863.66,511.90,0.7510,904.54,565.52,0.8208,856.23,544.82,0.7146
821,bottom,0,705.37,565.00,823.97,759.65,737.10,583.44,0.9043,736.63,582.49,0.5918,735.68,582.01,0.5218,729.50,588.19,0.8008,746.61,585.34,0.7137,722.85,615.75,0.8354,767.99,604.35,0.7104,724.75,637.61,0.6758,799.36,621.45,0.6915,728.07,666.60,0.6202,813.61,638.09,0.6970,748.98,665.65,0.6295,776.55,661.85,0.6754,731.40,703.66,0.7113,777.50,697.96,0.7677,722.37,735.50,0.7638,775.12,743.11,0.8340
822,top,1,814.67,364.11,915.83,584.07,873.84,380.65,0.7385,878.67,377.96,0.7176,871.69,376.89,0.7586,887.27,382.79,0.8010,867.93,381.72,0.7454,900.69,406.96,0.7911,855.04,404.27,0.7961,908.75,431.66,0.7371,841.62,430.05,0.7704,908.21,457.98,0.7092,822.29,450.99,0.7411,892.64,463.88,0.6649,865.78,463.88,0.6499,899.62,510.07,0.7681,864.17,510.07,0.7338,904.99,562.16,0.8254,869.01,539.06,0.7287
822,bottom,0,713.05,558.70,811.95,760.28,743.31,578.29,0.8045,741.83,576.32,0.5483,744.29,575.33,0.5182,736.42,582.22,0.7751,754.14,580.26,0.7190,727.56,608.80,0.8264,772.35,599.45,0.6823,729.04,630.95,0.6564,804.34,619.13,0.7689,732.48,660.47,0.6135,805.32,637.34,0.6455,752.17,664.41,0.6112,780.22,660.97,0.6694,737.40,703.78,0.6760,777.76,698.37,0.7450,725.59,735.28,0.6674,775.30,745.12,0.8057
823,top,1,811.39,359.41,915.00,578.11,872.81,377.46,0.7433,877.08,374.26,0.7283,870.14,373.72,0.7519,884.55,379.06,0.8070,865.87,378.53,0.7668,898.43,403.09,0.8027,853.59,401.49,0.8064,908.05,428.18,0.7803,841.30,426.05,0.7487,901.10,449.54,0.7184,819.95,447.94,0.7331,890.96,459.15,0.6742,865.33,460.75,0.6483,899.50,506.14,0.7557,866.40,509.87,0.7394,904.84,555.26,0.8401,877.61,541.91,0.8033
823,bottom,0,718.27,554.52,811.40,759.61,749.81,572.95,0.7690,747.81,571.45,0.5274,750.82,570.95,0.5198,741.80,576.96,0.7307,759.83,575.45,0.7429,732.29,603.99,0.7734,776.85,594.98,0.6689,733.29,624.02,0.6055,804.39,616.01,0.7207,736.30,655.57,0.6174,789.37,626.53,0.5136,755.32,662.58,0.6074,782.86,659.07,0.6376,739.80,700.63,0.6522,778.35,698.63,0.7345,731.79,737.68,0.6670,775.85,745.70,0.7955
824,top,1,806.70,357.50,915.21,567.87,870.20,375.88,0.7498,874.31,372.29,0.7273,867.63,371.77,0.7577,882.01,377.42,0.8030,864.03,376.91,0.7765,895.88,400.02,0.8165,852.22,398.48,0.8163,905.12,427.25,0.8030,841.95,423.65,0.7270,895.37,443.68,0.6680,818.32,443.68,0.7422,889.72,456.52,0.6849,864.55,459.09,0.6359,897.93,502.23,0.7876,868.14,506.34,0.7983,904.61,545.89,0.8805,879.44,544.86,0.8241
824,bottom,0,722.92,548.77,812.64,760.89,755.35,568.35,0.7284,752.25,566.28,0.4770,756.91,565.76,0.5044,746.55,571.46,0.7133,766.23,569.90,0.7660,736.19,598.38,0.7763,782.28,590.62,0.6755,736.71,621.69,0.6315,806.10,613.40,0.7370,740.34,654.83,0.6304,786.43,617.03,0.4897,757.94,660.53,0.6098,786.43,658.46,0.6387,742.93,699.37,0.7043,779.69,698.85,0.7569,737.75,742.35,0.7120,776.07,746.49,0.7845
825,top,3,802.14,353.13,916.80,565.38,870.35,372.72,0.7573,874.50,369.09,0.7582,867.24,369.09,0.7470,880.20,372.72,0.8033,862.06,372.72,0.8196,892.11,395.52,0.8372,852.73,393.44,0.8313,901.44,426.09,0.7983,844.44,419.35,0.7130,880.71,433.86,0.4930,820.09,438.01,0.7295,889.01,453.55,0.7254,865.17,455.11,0.6943,896.78,500.71,0.7595,867.24,502.78,0.7980,903.51,535.42,0.8236,880.20,544.23,0.8454
825,bottom,0,731.01,544.45,814.91,763.09,760.68,563.56,0.8106,759.08,560.89,0.5369,761.22,560.35,0.5945,751.61,566.23,0.7106,770.29,564.63,0.7514,739.33,593.98,0.8125,785.77,586.51,0.7253,740.40,621.74,0.6880,808.19,613.73,0.7653,743.60,655.37,0.6269,788.44,615.87,0.4964,761.22,654.30,0.6433,788.97,653.23,0.6572,747.34,695.94,0.7745,783.10,700.74,0.8001,747.34,743.98,0.8059,778.30,746.65,0.7800
826,top,1,816.73,348.17,909.46,564.96,868.38,365.00,0.7444,872.62,361.82,0.7382,865.74,360.76,0.7490,879.50,366.06,0.8080,862.03,365.00,0.7486,889.55,389.87,0.8308,853.56,386.70,0.8545,898.55,422.16,0.8210,850.92,411.58,0.7185,872.09,422.16,0.5468,827.63,427.45,0.7360,887.44,451.27,0.7187,865.21,451.27,0.6978,892.20,497.32,0.7293,866.80,498.91,0.7746,902.26,524.84,0.7587,878.97,543.89,0.8129
826,bottom,0,735.26,540.53,817.27,770.10,765.61,561.15,0.7796,763.37,557.79,0.5247,766.17,557.79,0.5876,757.21,563.39,0.7138,775.70,561.71,0.7603,743.19,593.10,0.8074,790.84,585.25,0.7467,744.88,625.61,0.6952,809.89,614.40,0.7833,747.12,660.36,0.6783,789.72,618.32,0.5131,765.05,655.88,0.6501,791.40,655.32,0.6886,749.92,697.91,0.8013,785.23,702.40,0.7937,756.09,748.36,0.7694,781.87,748.36,0.7987
827,top,1,813.94,340.73,908.01,565.40,864.27,356.52,0.7885,869.75,353.78,0.7679,863.72,352.14,0.7926,878.53,358.72,0.8443,860.98,357.07,0.6979,887.85,383.95,0.8474,854.94,379.56,0.8659,895.53,415.76,0.8613,856.04,406.44,0.7335,868.65,413.02,0.5937,831.90,420.15,0.6873,885.66,444.29,0.7041,864.27,444.29,0.7049,884.01,489.27,0.7311,864.27,490.36,0.7837,900.47,510.11,0.7788,876.88,541.37,0.8063
827,bottom,0,738.95,539.26,818.82,774.41,770.84,560.39,0.8306,770.27,557.52,0.5475,770.27,556.94,0.6082,762.23,563.26,0.7377,780.60,561.54,0.7836,747.31,591.39,0.8323,794.38,586.22,0.7552,748.45,628.13,0.7469,812.75,617.23,0.7920,749.03,664.88,0.7083,795.53,628.71,0.4862,767.97,657.99,0.6717,794.38,656.84,0.7275,752.47,701.04,0.7909,787.49,702.77,0.7901,765.10,752.71,0.7671,786.92,752.14,0.8227
828,top,1,820.81,334.68,908.81,557.36,863.72,351.97,0.8326,868.62,348.71,0.7924,862.64,347.62,0.8007,877.86,354.14,0.8603,861.01,353.05,0.6299,885.47,379.15,0.8539,856.66,374.80,0.8670,894.17,410.68,0.8652,856.66,402.53,0.7102,865.35,405.79,0.6976,834.91,415.03,0.7011,883.84,441.13,0.7187,863.18,440.04,0.7310,880.58,486.80,0.6999,863.18,484.08,0.7943,899.61,508.00,0.7588,872.42,534.09,0.8689
828,bottom,0,743.39,541.79,821.68,782.13,776.08,562.21,0.8572,776.08,559.28,0.5637,774.91,558.10,0.6105,768.45,564.56,0.7523,785.47,563.97,0.8054,753.20,593.90,0.8589,798.97,589.79,0.7858,752.02,633.21,0.7773,816.57,623.23,0.8206,750.85,670.18,0.7243,802.49,640.25,0.5792,770.80,661.96,0.7039,796.62,660.79,0.7446,756.13,706.56,0.8217,790.75,705.97,0.7757,772.56,755.26,0.7803,791.34,755.84,0.8351
829,top,1,825.17,332.92,910.01,551.72,862.78,350.45,0.8116,867.59,347.77,0.7421,862.25,346.71,0.7869,877.20,353.12,0.8268,860.11,351.51,0.6461,884.15,377.69,0.8755,858.51,372.35,0.8263,892.70,408.67,0.8533,860.64,400.12,0.6872,863.32,402.26,0.6937,838.21,411.88,0.6602,883.61,438.05,0.7071,864.38,435.91,0.7402,877.74,485.06,0.6997,857.97,479.72,0.7481,899.11,509.63,0.7728,872.40,527.79,0.8588
829,bottom,0,746.24,545.82,825.17,789.73,781.54,567.14,0.8052,780.35,563.57,0.5453,780.95,562.97,0.5668,772.61,568.92,0.7589,790.47,568.33,0.8206,757.72,599.29,0.8675,804.76,595.72,0.8097,755.93,639.79,0.8086,820.25,630.26,0.8678,752.96,675.52,0.7186,808.34,652.29,0.7384,772.61,667.78,0.7171,798.21,666.58,0.7474,758.91,716.01,0.8227,792.86,712.44,0.7926,777.97,755.31,0.7679,794.64,760.67,0.8154
830,top,1,835.22,332.45,912.16,546.03,861.17,349.55,0.8092,866.39,346.95,0.7172,860.65,345.90,0.8091,876.30,353.20,0.8064,859.09,351.64,0.6216,883.08,377.19,0.8683,860.13,373.02,0.7977,890.90,408.48,0.8385,864.83,400.13,0.6293,861.17,400.65,0.6975,842.92,410.04,0.5764,883.08,438.20,0.7118,865.35,436.11,0.7322,874.73,485.65,0.7001,851.27,477.31,0.7766,900.80,511.72,0.7940,873.17,519.02,0.8095
830,bottom,0,746.76,548.88,829.40,796.14,785.06,571.69,0.7967,783.25,568.07,0.5430,785.06,567.47,0.5608,776.01,573.51,0.7801,794.72,573.51,0.8297,762.12,605.50,0.8500,809.21,601.88,0.8090,758.50,644.14,0.8002,824.30,636.89,0.8434,754.28,678.55,0.7348,814.64,662.85,0.7812,774.20,674.32,0.7105,800.76,673.11,0.7393,763.33,725.03,0.8297,793.51,715.97,0.7774,781.44,759.44,0.7670,794.72,761.85,0.7834
831,top,1,833.09,332.21,909.84,538.03,859.40,349.20,0.8897,864.43,346.69,0.7639,859.40,345.18,0.8563,874.98,353.22,0.8127,857.39,351.71,0.5882,882.01,376.83,0.8777,860.91,372.82,0.8254,890.05,408.49,0.8551,864.93,400.95,0.6511,861.41,400.45,0.7099,842.32,410.00,0.6164,881.51,439.65,0.7307,863.92,437.13,0.7483,873.47,484.87,0.7227,844.83,475.32,0.8358,899.10,512.50,0.8313,874.48,511.50,0.7963
831,bottom,0,748.01,554.18,832.55,806.29,787.82,575.60,0.7625,786.59,571.29,0.5447,789.05,570.68,0.5774,779.20,577.45,0.7810,797.66,577.45,0.8241,764.43,609.45,0.8508,813.67,605.76,0.8239,760.12,648.23,0.8181,826.59,641.46,0.8442,754.58,680.24,0.7633,819.82,670.39,0.7885,778.58,679.01,0.7178,803.20,678.39,0.7353,769.97,731.94,0.8022,795.82,717.17,0.7531,785.97,764.56,0.7732,795.82,765.17,0.7473
832,top,1,832.98,332.15,909.72,533.76,857.57,349.28,0.8643,862.49,346.82,0.7617,858.06,345.84,0.8245,873.32,352.73,0.8121,856.58,351.74,0.5278,879.72,375.86,0.8520,861.51,373.40,0.7850,888.09,406.87,0.8041,863.97,400.47,0.6446,859.05,397.52,0.6927,841.33,408.35,0.6547,880.21,436.89,0.6896,863.97,434.92,0.7144,875.29,482.18,0.7314,840.34,470.86,0.7954,900.39,514.66,0.8181,871.84,499.40,0.7893
832,bottom,0,749.38,556.07,834.35,812.50,789.98,577.23,0.7387,788.11,573.47,0.5430,791.24,572.85,0.5543,781.22,579.73,0.7952,800.00,579.73,0.8106,765.57,611.04,0.8328,815.65,607.91,0.8180,759.93,649.85,0.8241,829.43,644.22,0.8241,755.55,678.02,0.7745,823.79,674.27,0.7588,782.47,681.78,0.7181,807.51,681.15,0.7313,777.46,734.99,0.7990,799.38,721.85,0.7341,789.98,771.30,0.7681,796.87,767.55,0.6625
833,top,1,831.18,330.05,911.07,534.43,856.16,346.91,0.8691,860.65,343.92,0.7531,856.16,343.42,0.7888,871.63,350.91,0.7963,855.16,349.91,0.5337,878.11,373.36,0.8539,860.65,370.37,0.8051,886.10,402.30,0.8113,863.64,397.31,0.6339,857.66,393.32,0.7174,840.69,403.80,0.6613,879.61,434.24,0.7171,864.64,431.24,0.7294,874.12,479.64,0.7718,839.19,467.17,0.8227,901.07,514.57,0.8339,869.13,491.12,0.7416
833,bottom,0,750.00,557.94,836.42,813.34,792.58,580.26,0.7721,790.71,575.90,0.5467,793.83,575.90,0.5613,783.23,582.13,0.8100,801.94,582.13,0.8198,767.02,613.31,0.8453,817.53,610.19,0.8254,759.54,650.72,0.8210,830.62,646.36,0.8145,755.79,676.29,0.7830,825.63,678.78,0.7546,786.35,684.39,0.7460,811.29,683.77,0.7556,783.85,738.64,0.8116,803.81,725.55,0.7619,798.20,788.53,0.7886,798.82,765.46,0.6571
834,top,1,832.97,327.59,912.00,536.12,854.67,341.74,0.8527,859.76,339.70,0.7492,854.67,338.69,0.7893,869.94,346.83,0.8013,853.65,345.81,0.5120,875.03,369.23,0.8396,859.76,366.69,0.7954,884.19,397.74,0.8063,861.28,394.18,0.6347,857.21,388.58,0.7275,837.36,400.29,0.6614,878.09,431.86,0.7415,862.81,428.80,0.7431,872.99,478.69,0.7895,839.90,462.40,0.8431,899.98,513.82,0.8265,866.38,485.82,0.7052
834,bottom,0,750.98,560.31,838.83,815.91,793.03,582.65,0.7219,789.91,578.28,0.5473,794.91,578.90,0.5466,784.92,584.52,0.8034,803.64,584.52,0.8103,769.32,616.35,0.8234,820.49,612.60,0.8213,759.34,651.29,0.7823,831.72,646.30,0.7993,756.22,674.38,0.7526,828.60,675.00,0.7100,789.29,685.61,0.7482,814.87,684.36,0.7395,788.66,741.15,0.7967,808.01,728.05,0.7723,801.15,792.95,0.7831,802.39,762.37,0.6866
835,top,4,838.36,324.18,911.98,535.71,851.41,341.12,0.8369,856.58,338.02,0.7404,851.93,336.98,0.7357,866.91,343.18,0.8064,852.45,341.63,0.4910,872.07,365.39,0.8576,858.13,361.77,0.7727,880.85,393.79,0.8152,859.16,391.21,0.6444,852.96,380.88,0.7971,836.44,395.86,0.7039,875.17,427.36,0.7493,860.71,424.78,0.7267,874.65,474.36,0.7692,846.25,458.35,0.7679,900.48,513.09,0.8141,865.87,482.11,0.6801
835,bottom,0,749.27,560.83,841.62,817.29,796.07,583.25,0.7255,792.94,578.86,0.5473,797.32,579.49,0.5287,787.31,585.12,0.7914,806.09,585.12,0.7918,772.28,615.80,0.8163,823.62,612.67,0.8271,759.76,650.87,0.7909,834.26,647.11,0.7636,752.87,677.79,0.6757,832.39,677.17,0.6567,792.94,685.31,0.7561,819.24,684.05,0.7459,791.69,742.28,0.8034,813.60,729.76,0.7957,802.96,795.50,0.8108,806.09,763.57,0.6637
836,top,4,838.44,321.82,910.74,533.61,848.74,338.26,0.8282,853.39,335.67,0.7231,849.26,335.16,0.7217,863.74,340.84,0.7814,849.77,339.29,0.4815,868.39,361.53,0.8328,855.46,359.46,0.7523,877.70,389.45,0.7995,857.53,387.38,0.6171,852.36,378.07,0.7154,834.78,390.48,0.6747,872.53,422.02,0.7339,859.60,420.47,0.6738,875.63,469.60,0.7318,849.77,449.43,0.6467,899.41,512.00,0.7663,859.08,478.39,0.7141
836,bottom,0,752.08,558.98,844.07,817.04,799.96,582.80,0.7322,796.18,578.39,0.5242,802.48,578.39,0.5136,789.88,584.69,0.7815,809.41,584.06,0.7933,775.39,614.93,0.8084,826.43,611.78,0.8150,762.16,648.95,0.7668,837.77,646.43,0.7577,756.49,668.48,0.6900,835.88,676.67,0.6197,796.18,686.12,0.7372,822.65,684.86,0.7449,795.55,743.45,0.8176,818.24,729.59,0.7939,803.11,797.00,0.8185,812.57,769.28,0.7587
837,top,3,806.85,321.99,911.00,533.47,846.02,338.41,0.8117,850.67,335.82,0.7183,846.54,335.31,0.7298,860.48,340.47,0.7511,846.54,338.92,0.4269,864.61,361.64,0.8016,853.25,360.09,0.7329,875.45,389.52,0.7530,853.76,385.39,0.6057,850.15,376.61,0.6285,831.05,386.42,0.6377,869.25,421.53,0.7235,856.86,419.99,0.6563,876.48,465.94,0.7396,850.67,446.32,0.6104,896.62,510.34,0.8300,857.90,476.27,0.7620
837,bottom,0,753.77,557.85,847.60,815.13,803.20,580.97,0.6946,799.43,575.94,0.5396,806.34,575.94,0.4982,793.77,582.22,0.7719,813.25,582.22,0.7601,778.70,613.00,0.8118,830.83,611.12,0.8270,764.88,647.55,0.7902,841.51,645.66,0.7779,758.60,668.28,0.7013,840.26,673.93,0.6446,799.43,684.61,0.7349,827.07,682.72,0.7433,798.80,741.77,0.8323,823.92,731.72,0.8020,803.82,797.04,0.8569,821.41,774.43,0.7872
838,top,1,806.29,322.25,906.48,530.38,843.68,339.43,0.7990,848.25,336.89,0.6965,843.17,336.38,0.7215,857.91,340.95,0.7404,842.15,339.43,0.4712,860.45,361.28,0.7964,849.78,359.75,0.7074,872.13,388.72,0.7409,851.30,386.68,0.5658,847.24,377.54,0.6428,826.91,384.14,0.6348,867.05,420.22,0.7135,856.89,418.70,0.6389,873.15,464.43,0.7176,848.76,447.66,0.6646,894.49,506.09,0.8208,862.99,476.11,0.7520
838,bottom,0,756.80,557.29,852.37,813.35,806.46,579.04,0.6797,802.71,574.67,0.5728,810.21,574.67,0.5206,798.96,580.29,0.7693,817.71,580.92,0.7378,783.33,610.30,0.8097,835.22,610.30,0.8266,768.95,646.56,0.8062,845.84,646.56,0.7707,762.07,671.56,0.7461,843.97,675.94,0.6329,802.71,683.44,0.7321,830.84,681.56,0.7434,802.08,740.95,0.8362,830.84,730.33,0.8100,803.33,796.59,0.8640,831.47,777.84,0.8104
839,top,1,807.77,322.09,906.43,524.40,841.29,336.81,0.8038,846.23,334.84,0.6792,841.29,333.85,0.7228,855.12,340.27,0.7323,840.30,337.80,0.4815,856.11,360.52,0.8108,846.23,358.05,0.7338,868.95,387.69,0.7468,847.22,383.24,0.5718,842.28,378.80,0.6020,823.51,378.80,0.7067,865.99,419.30,0.7348,854.63,417.32,0.6366,869.44,463.75,0.7476,840.30,445.48,0.7481,893.65,503.76,0.8226,861.54,475.11,0.7693
839,bottom,0,758.69,557.70,855.78,817.83,811.68,579.80,0.6759,807.24,575.99,0.5652,816.13,575.99,0.5378,802.79,581.07,0.7923,822.48,581.71,0.7554,786.91,610.92,0.8050,839.63,611.56,0.8186,772.31,648.39,0.8108,849.79,648.39,0.7752,765.96,675.70,0.7376,847.88,676.97,0.6287,805.33,683.32,0.7277,833.91,681.42,0.7332,803.43,741.11,0.8358,837.72,732.22,0.8123,802.16,796.37,0.8594,842.17,784.30,0.8220
840,top,2,802.96,318.38,908.26,520.97,839.78,333.61,0.8135,844.23,331.64,0.6842,839.78,331.14,0.7105,853.13,336.58,0.7366,838.79,334.60,0.5130,855.61,357.35,0.8016,845.22,354.88,0.7197,865.99,382.09,0.7445,841.76,377.63,0.5567,838.30,374.17,0.5806,819.50,369.72,0.7131,864.51,415.22,0.7264,853.63,413.25,0.6422,863.52,461.22,0.7491,837.80,444.90,0.7613,893.20,499.80,0.7958,861.54,475.57,0.7482
840,bottom,0,758.90,559.21,861.48,819.74,815.91,581.98,0.7293,813.37,578.16,0.5699,819.09,578.16,0.5311,806.37,583.89,0.7960,826.09,584.52,0.7528,791.11,615.05,0.7928,843.90,615.05,0.8084,776.48,652.58,0.7957,854.08,653.22,0.7800,769.48,679.93,0.7413,852.80,686.29,0.6313,807.64,686.93,0.7123,838.17,685.66,0.7193,803.83,743.54,0.8298,845.17,737.81,0.8164,801.92,798.87,0.8593,852.80,790.60,0.8590
841,top,1,803.68,313.84,906.95,491.71,839.68,328.52,0.7598,843.59,325.91,0.6111,839.68,325.04,0.6447,852.27,330.69,0.6406,839.24,328.52,0.4782,854.01,351.10,0.7543,845.32,348.49,0.6469,862.69,377.15,0.6138,843.15,370.21,0.4431,828.39,360.65,0.4542,820.14,358.92,0.5505,862.69,411.89,0.7216,850.97,409.72,0.6933,859.22,459.66,0.7571,836.64,444.03,0.7768,891.79,491.79,0.7945,860.52,476.16,0.7212
841,bottom,0,765.70,565.58,877.59,825.75,819.74,587.69,0.7184,816.57,583.87,0.5797,822.28,583.87,0.5303,811.48,590.23,0.8274,831.81,590.23,0.7949,795.60,621.35,0.8144,847.69,620.71,0.8314,782.90,658.19,0.7972,858.49,658.82,0.7882,774.01,688.04,0.7564,856.58,689.95,0.7153,812.12,691.85,0.7231,840.07,690.58,0.7224,804.50,747.11,0.8209,852.77,743.94,0.8283,801.32,802.37,0.8361,863.57,795.39,0.8661
842,top,1,806.56,305.68,907.41,509.54,839.57,322.51,0.6426,844.05,318.52,0.5181,838.07,319.52,0.5725,851.51,325.49,0.6402,836.08,322.51,0.5258,855.49,345.40,0.6973,842.55,344.40,0.6541,856.99,361.33,0.4626,830.11,353.36,0.5173,845.04,334.95,0.5565,821.65,339.43,0.6204,861.47,407.11,0.7166,850.02,405.62,0.6531,857.48,454.39,0.7264,838.07,443.94,0.7498,892.82,486.25,0.7651,862.46,475.30,0.7395
842,bottom,0,773.38,571.68,889.17,827.89,825.65,594.08,0.7654,823.14,590.32,0.5569,826.27,590.32,0.5666,816.26,596.58,0.7876,836.28,596.58,0.7959,800.63,628.48,0.8359,852.54,627.23,0.8148,789.37,666.01,0.7737,863.80,663.51,0.7863,779.98,697.91,0.7469,860.05,693.53,0.7281,815.01,697.29,0.7079,843.79,697.29,0.6939,805.63,752.33,0.8136,860.67,751.70,0.8107,801.88,805.50,0.8517,873.81,802.37,0.8653
843,top,1,803.16,297.70,903.05,497.26,839.95,313.19,0.7291,844.82,309.78,0.6190,838.97,309.29,0.6968,851.64,315.14,0.7109,836.54,313.68,0.6038,854.56,336.09,0.7281,838.00,334.14,0.6679,866.75,357.53,0.5259,822.90,339.99,0.5448,849.69,333.65,0.2244,822.90,325.37,0.5825,858.95,397.48,0.6695,846.77,396.02,0.6641,855.05,446.20,0.6955,836.54,438.89,0.7174,890.13,476.40,0.7702,861.87,473.97,0.7680
843,bottom,0,777.34,578.59,900.34,833.10,830.14,600.21,0.7594,828.28,597.11,0.5430,831.38,596.49,0.5760,822.06,602.70,0.7823,841.33,602.70,0.8272,805.91,633.77,0.8708,856.86,633.15,0.8250,797.21,672.29,0.7881,868.67,669.19,0.7956,786.02,705.85,0.7895,863.69,695.28,0.7293,817.71,702.12,0.7306,846.30,702.74,0.6982,807.15,752.45,0.8199,866.80,758.04,0.8288,801.56,807.13,0.8827,882.34,807.75,0.8910
844,top,1,801.96,290.34,904.77,494.33,839.92,306.17,0.7236,844.40,303.19,0.6329,838.43,302.69,0.6826,852.87,308.66,0.7020,836.43,306.67,0.5112,855.86,329.08,0.6573,839.92,328.09,0.6616,862.33,339.54,0.4653,816.51,344.02,0.4332,850.88,320.12,0.4824,825.48,325.10,0.3985,855.36,391.34,0.6738,845.40,389.84,0.5991,853.87,439.64,0.6846,836.43,433.17,0.6884,886.24,471.02,0.7469,858.85,469.53,0.7916
844,bottom,0,784.60,582.16,905.04,839.46,836.66,604.02,0.8258,834.77,600.88,0.5475,836.03,600.25,0.6148,828.49,606.53,0.7707,847.34,605.90,0.8119,812.16,638.57,0.8732,863.67,637.31,0.8180,806.50,675.63,0.7983,876.23,673.75,0.7877,794.57,712.69,0.7765,868.07,696.36,0.6252,823.46,707.67,0.7384,851.73,708.30,0.7193,809.64,754.15,0.8271,871.83,763.58,0.8441,802.11,806.92,0.8595,888.17,814.46,0.8878
845,top,1,803.56,283.65,903.76,486.29,841.79,301.36,0.7085,846.24,298.39,0.6158,840.30,297.40,0.6794,854.16,303.83,0.6920,838.33,301.85,0.5903,856.63,322.63,0.6679,840.80,322.14,0.6607,870.98,337.48,0.5813,830.90,340.44,0.3561,856.63,317.69,0.5448,817.55,352.81,0.3114,852.67,383.98,0.6752,843.27,382.50,0.5659,853.66,432.96,0.6333,834.37,427.52,0.6874,884.34,464.62,0.7006,856.63,465.12,0.7682
845,bottom,0,790.77,583.67,907.95,847.04,843.57,606.69,0.8140,842.28,603.47,0.5629,843.57,602.83,0.6070,835.85,609.90,0.7795,853.86,609.26,0.7910,819.78,642.05,0.8795,871.22,639.48,0.8236,815.28,678.70,0.8253,886.01,676.13,0.8189,805.63,716.64,0.7813,868.65,694.14,0.6555,830.07,711.50,0.7317,859.65,712.78,0.7296,813.99,755.22,0.8263,876.36,766.80,0.8403,802.42,807.31,0.8596,888.58,822.74,0.8951
846,top,2,810.32,280.14,902.88,485.95,840.52,297.63,0.7123,845.05,294.61,0.6371,840.02,294.11,0.7161,853.59,300.14,0.7091,838.51,298.13,0.5665,857.11,318.23,0.6339,842.03,318.73,0.6346,872.18,336.32,0.5407,837.01,343.35,0.3484,863.64,317.22,0.5020,828.46,358.93,0.2788,851.58,380.03,0.6718,840.02,379.03,0.6145,852.58,428.27,0.6781,832.99,424.25,0.7181,881.73,462.44,0.7302,854.59,460.43,0.7588
846,bottom,0,791.71,586.23,906.30,850.86,849.65,609.36,0.7521,847.71,605.48,0.5736,849.65,604.84,0.5452,841.90,611.30,0.7955,860.64,611.30,0.7742,827.69,644.25,0.8450,878.73,640.37,0.8370,824.46,680.43,0.8050,894.88,674.61,0.7942,816.06,716.61,0.7741,875.50,684.95,0.5518,838.02,713.38,0.7069,866.45,714.02,0.7260,819.93,758.60,0.8081,881.31,770.23,0.8153,803.13,807.06,0.8348,887.12,829.02,0.8660
847,top,2,808.30,278.37,902.50,486.72,841.67,295.56,0.7137,846.24,292.51,0.6140,840.14,292.51,0.6904,854.38,297.60,0.6924,838.61,296.58,0.6022,856.93,315.40,0.6489,841.67,316.42,0.6615,872.70,332.69,0.5731,837.09,342.36,0.3947,869.64,317.94,0.4591,823.35,358.13,0.3025,850.82,378.47,0.6881,837.60,377.46,0.6450,853.37,427.31,0.6961,832.51,421.20,0.7444,878.80,462.41,0.7684,851.84,457.83,0.7704
847,bottom,0,795.63,590.29,912.57,852.98,856.03,610.69,0.7335,854.10,607.48,0.5899,856.03,606.84,0.5410,848.97,613.25,0.7627,866.93,612.61,0.7447,835.50,646.60,0.8441,886.17,641.47,0.8148,832.94,681.23,0.7924,905.41,671.61,0.7618,823.96,717.79,0.7739,892.58,677.38,0.5441,846.41,715.22,0.6842,874.63,715.86,0.7130,825.89,762.04,0.7782,884.89,772.94,0.8033,807.29,805.65,0.8006,888.09,831.30,0.8436
848,top,,,,,,,,,,,,,,,,,,,,,,,,,,,,,,,,,,,,,,,,,,,,,,,,,,,,,,,,
848,bottom,,,,,,,,,,,,,,,,,,,,,,,,,,,,,,,,,,,,,,,,,,,,,,,,,,,,,,,,
849,top,,,,,,,,,,,,,,,,,,,,,,,,,,,,,,,,,,,,,,,,,,,,,,,,,,,,,,,,
849,bottom,,,,,,,,,,,,,,,,,,,,,,,,,,,,,,,,,,,,,,,,,,,,,,,,,,,,,,,,
850,top,1,800.82,285.26,902.85,482.08,844.62,300.06,0.7384,848.95,297.18,0.7073,843.66,296.22,0.7495,857.12,302.47,0.7517,840.78,301.02,0.6508,862.88,324.09,0.7014,834.53,321.21,0.6764,867.69,343.79,0.5370,806.66,318.32,0.7190,864.81,351.00,0.3637,812.91,302.47,0.6763,851.83,381.75,0.6165,834.53,380.79,0.6294,849.43,431.72,0.6792,832.61,421.15,0.6441,879.70,464.88,0.7063,840.78,454.31,0.7132
850,bottom,0,816.43,588.17,932.27,850.72,872.43,609.20,0.7345,869.86,605.99,0.5933,871.14,605.35,0.5412,866.02,611.76,0.7743,883.32,611.12,0.7592,849.99,643.17,0.8539,902.55,639.32,0.8189,847.43,677.14,0.7916,923.70,666.89,0.7895,839.74,711.11,0.7938,905.76,665.60,0.4759,862.81,711.76,0.7162,891.66,713.04,0.7351,845.50,759.83,0.8172,898.71,769.44,0.8136,830.12,809.18,0.8336,894.86,827.13,0.8572
851,top,0,796.57,290.30,903.03,486.18,843.58,305.50,0.7332,848.36,302.64,0.6991,843.58,302.16,0.7397,856.49,308.37,0.7456,841.19,306.94,0.6078,864.15,332.76,0.7099,831.63,325.59,0.6534,867.01,364.33,0.6734,804.85,317.46,0.6507,855.54,355.24,0.4696,798.63,300.24,0.6591,853.15,387.28,0.6054,834.97,386.32,0.6044,846.93,436.06,0.6761,831.15,425.06,0.5917,879.45,465.23,0.6913,840.23,456.14,0.6654
851,bottom,2,824.65,588.44,934.29,845.40,878.21,609.02,0.7557,875.70,605.88,0.5992,877.59,605.25,0.5428,870.69,611.53,0.7767,887.62,610.90,0.7502,853.12,642.27,0.8814,907.07,639.76,0.8389,849.36,677.40,0.7927,929.03,667.36,0.7740,843.08,711.90,0.7952,919.62,668.61,0.4806,866.29,710.65,0.7358,895.15,711.27,0.7487,851.24,760.21,0.8395,907.07,765.85,0.8242,838.06,814.16,0.8388,902.68,823.57,0.8548
852,top,1,770.52,287.19,897.35,487.79,843.73,312.07,0.8006,848.63,309.62,0.7719,843.24,308.64,0.7706,856.95,315.50,0.7853,840.79,312.56,0.6610,864.79,339.01,0.7660,830.02,329.21,0.6682,864.30,370.84,0.6873,799.65,320.40,0.6432,851.57,361.05,0.6192,783.49,297.38,0.7713,853.53,395.82,0.6774,834.42,394.84,0.6359,844.71,439.90,0.7244,831.00,432.55,0.5797,877.52,465.85,0.7259,843.73,459.49,0.5971
852,bottom,0,824.61,589.45,965.77,844.29,883.37,610.48,0.7979,881.51,607.37,0.5536,883.99,607.37,0.5975,875.91,612.97,0.7530,893.33,612.97,0.7782,857.86,642.83,0.8869,911.37,640.34,0.7939,852.26,679.54,0.7842,934.39,670.21,0.7377,844.80,713.14,0.7753,929.41,677.67,0.4812,872.17,711.89,0.7340,901.41,711.89,0.7227,855.37,761.66,0.8416,916.35,763.53,0.8164,844.80,817.66,0.8598,916.35,820.77,0.8337
853,top,2,764.61,297.39,893.68,489.84,844.65,314.21,0.8092,849.82,312.34,0.7612,844.18,310.93,0.7912,857.81,318.44,0.8299,840.89,314.68,0.6403,864.85,344.28,0.7981,830.09,332.07,0.6758,862.04,375.76,0.7155,801.90,329.72,0.6406,846.53,360.73,0.6407,776.06,316.09,0.7482,854.05,399.26,0.6568,835.26,396.91,0.6216,842.77,443.42,0.7056,828.68,433.55,0.6005,875.66,466.91,0.7317,842.30,460.33,0.6314
853,bottom,0,830.08,593.48,963.89,845.43,888.99,614.27,0.8576,887.76,610.58,0.5697,888.37,611.19,0.6524,880.99,616.73,0.7744,898.22,616.11,0.7768,861.92,646.87,0.9006,916.05,644.41,0.8113,854.54,683.16,0.8147,937.58,676.40,0.7620,846.55,716.99,0.8032,939.43,692.39,0.6117,876.69,714.53,0.7637,905.60,713.92,0.7438,858.85,766.20,0.8489,925.28,766.82,0.8359,849.01,822.80,0.8874,930.20,822.80,0.8631
854,top,2,766.97,299.22,903.06,485.33,845.01,313.67,0.7848,850.01,311.40,0.7795,844.10,310.04,0.7501,858.64,317.31,0.8440,840.47,313.67,0.6385,865.91,341.39,0.7776,832.29,330.94,0.6935,863.64,373.65,0.6957,808.21,340.48,0.6105,847.28,359.56,0.6361,785.94,338.21,0.6475,856.37,397.73,0.6603,836.83,395.00,0.6132,844.10,441.80,0.7167,828.65,431.81,0.6210,875.91,467.25,0.7296,843.65,459.52,0.6471
854,bottom,0,831.80,597.28,962.72,851.61,894.15,618.88,0.8741,894.15,615.78,0.5647,892.91,615.78,0.6104,885.46,621.37,0.8101,903.47,621.99,0.8224,866.21,651.79,0.8936,920.23,650.55,0.8321,856.90,688.43,0.8129,940.73,683.46,0.8075,846.96,722.58,0.8226,949.42,708.92,0.6787,881.12,720.10,0.7508,910.30,718.86,0.7453,862.49,770.39,0.8279,934.52,771.64,0.8369,851.31,826.90,0.8764,948.18,827.52,0.8714
855,top,1,781.15,295.05,900.65,488.42,845.15,308.64,0.7897,849.87,306.75,0.7024,844.68,305.34,0.7419,858.37,312.89,0.7944,841.84,310.06,0.6271,866.87,337.44,0.7685,832.87,330.36,0.7013,868.75,368.60,0.7536,813.05,346.41,0.6680,846.57,354.91,0.6238,798.41,357.27,0.6860,857.42,392.68,0.6401,839.48,389.84,0.6268,847.04,438.94,0.6995,832.40,427.61,0.6600,878.20,466.80,0.7199,843.26,457.35,0.6660
855,bottom,0,838.40,605.57,989.21,859.01,898.96,626.48,0.9225,897.72,623.39,0.5868,899.57,624.01,0.6874,889.67,629.58,0.7558,908.24,628.96,0.8428,871.11,658.04,0.8941,923.71,658.04,0.8781,860.59,695.17,0.8358,941.65,691.45,0.7701,848.22,729.82,0.8249,955.88,719.92,0.7469,884.72,726.72,0.7616,915.04,726.10,0.7382,864.92,776.22,0.8443,943.51,776.22,0.8166,853.17,831.91,0.9103,965.16,829.44,0.8526
856,top,1,798.18,291.52,902.47,486.28,847.95,306.64,0.7483,852.70,304.27,0.7044,846.04,303.32,0.7344,859.83,309.97,0.7712,842.24,308.07,0.6993,869.34,333.75,0.7236,833.21,330.42,0.6989,875.52,362.75,0.7294,816.57,355.14,0.6261,851.75,353.72,0.5939,808.96,377.49,0.6102,860.31,389.38,0.6179,843.19,387.47,0.6192,854.13,435.02,0.6399,836.06,422.18,0.6176,880.75,465.93,0.6838,841.77,455.47,0.6996
856,bottom,0,837.46,615.34,999.09,862.64,902.58,636.35,0.9515,901.37,633.33,0.5998,903.78,633.93,0.6921,892.91,639.37,0.7479,911.63,639.37,0.8346,875.41,669.56,0.8876,927.93,667.74,0.8792,863.93,705.18,0.8177,943.03,702.16,0.7849,848.24,740.20,0.8192,959.33,731.14,0.8025,890.50,735.97,0.7546,920.08,734.76,0.7438,866.35,784.27,0.8447,953.89,784.87,0.8344,856.69,837.40,0.9227,981.67,834.99,0.8461
857,top,1,808.93,290.54,898.25,485.54,847.40,305.21,0.7891,851.69,302.35,0.7331,845.02,302.35,0.7660,859.30,308.06,0.7991,841.69,307.59,0.7391,870.25,330.44,0.7433,833.12,331.87,0.7447,880.73,358.52,0.7551,825.50,359.00,0.6976,855.02,353.76,0.5790,820.74,389.94,0.5661,864.07,388.04,0.6367,845.50,386.14,0.6277,858.35,430.89,0.6255,839.79,424.22,0.6231,883.11,464.21,0.7482,841.69,455.16,0.7112
857,bottom,0,837.40,627.08,1003.23,865.12,904.04,648.47,0.9383,902.30,645.56,0.5892,905.78,646.15,0.6401,895.32,651.38,0.7518,913.92,651.38,0.7926,880.21,681.59,0.9367,930.19,678.11,0.9189,864.52,718.21,0.8658,942.98,712.98,0.8246,847.09,751.33,0.8616,959.25,744.36,0.7992,897.07,747.84,0.7909,926.70,746.10,0.7644,866.27,792.59,0.8774,959.83,793.75,0.8844,861.62,843.15,0.9608,991.79,843.15,0.9078
858,top,1,821.52,291.63,901.41,484.38,846.41,306.12,0.8211,850.64,302.83,0.7381,844.05,302.83,0.8051,858.64,308.95,0.8454,840.29,308.00,0.6788,870.41,330.12,0.7404,834.17,332.95,0.7933,886.41,356.01,0.7251,832.29,362.59,0.6637,860.52,360.24,0.4926,832.76,393.65,0.5651,870.41,387.06,0.6345,850.64,386.12,0.5959,861.94,428.95,0.6616,839.35,421.89,0.6860,887.35,464.71,0.7455,844.05,455.30,0.7394
858,bottom,0,836.76,634.40,1004.42,868.23,902.89,655.98,0.8813,900.04,653.12,0.6066,904.03,653.69,0.6150,894.33,658.83,0.7693,913.17,658.83,0.7809,880.63,689.66,0.9281,929.15,686.23,0.9088,864.64,726.20,0.8571,942.28,721.63,0.8220,845.80,758.74,0.8504,955.99,755.31,0.7446,899.47,756.45,0.7539,929.72,754.74,0.7329,866.36,799.27,0.8640,962.27,795.27,0.8693,864.07,849.51,0.9439,992.52,842.08,0.8956
859,top,2,806.45,294.95,903.64,490.11,846.47,309.62,0.7490,850.76,306.76,0.7402,843.13,306.29,0.7989,857.90,312.01,0.8172,839.32,311.53,0.7589,870.29,332.49,0.6914,835.51,336.78,0.7409,889.35,353.46,0.7184,838.85,367.75,0.6651,870.29,368.23,0.5280,843.13,399.20,0.6196,873.63,386.33,0.6211,853.14,386.33,0.5813,867.91,427.31,0.6681,839.80,422.07,0.6836,890.78,469.71,0.7648,847.42,457.80,0.7393
859,bottom,0,837.67,634.34,1003.44,867.20,900.66,655.83,0.9326,899.52,653.55,0.6419,902.36,654.12,0.6387,892.13,659.24,0.7880,910.89,659.81,0.7996,876.78,690.51,0.9156,926.24,687.10,0.8925,861.43,728.60,0.8313,937.04,721.21,0.8005,845.51,760.43,0.8597,951.82,755.88,0.7657,896.68,756.45,0.7481,926.81,754.18,0.7139,864.27,797.38,0.8693,960.92,794.54,0.8503,863.14,850.82,0.9555,992.19,842.86,0.8981
860,top,1,827.93,302.31,909.74,494.51,846.31,317.23,0.8201,851.00,313.47,0.7714,843.50,313.47,0.8053,858.51,318.64,0.8257,839.27,318.17,0.7837,873.06,337.87,0.7050,836.93,341.63,0.8057,892.30,358.99,0.7263,843.03,372.13,0.6929,874.94,379.17,0.6050,850.53,400.28,0.6510,876.34,388.55,0.6635,853.82,388.55,0.6850,873.53,428.91,0.6853,839.74,425.62,0.7505,896.52,473.96,0.7810,853.82,461.29,0.7449
860,bottom,0,836.45,628.47,1002.35,868.80,897.69,650.65,0.9144,895.93,647.72,0.6256,900.04,648.30,0.6034,887.71,653.59,0.7912,907.66,654.17,0.8099,873.05,685.27,0.9216,921.74,681.16,0.8965,857.79,723.41,0.8222,932.89,717.54,0.8198,844.88,756.26,0.8125,947.56,750.98,0.7729,892.41,753.33,0.7706,921.74,751.57,0.7412,861.31,796.16,0.8669,956.95,794.99,0.8449,861.90,851.31,0.9168,990.39,842.51,0.8825
861,top,1,829.46,309.82,911.67,500.74,847.26,326.51,0.8019,851.45,322.78,0.7512,843.99,323.25,0.7936,858.44,326.98,0.8430,840.26,327.91,0.7461,873.82,345.15,0.7133,837.93,349.35,0.8085,892.93,362.87,0.7578,845.86,379.18,0.6731,885.48,387.57,0.7410,854.71,406.68,0.6653,879.88,392.23,0.6406,857.04,392.70,0.6563,880.35,434.18,0.7086,839.80,429.05,0.7488,901.79,477.99,0.7900,857.51,463.54,0.7553
861,bottom,0,835.50,618.93,999.52,871.10,894.11,641.58,0.9352,892.88,638.50,0.6561,896.58,639.12,0.6356,884.26,644.66,0.8061,903.96,645.28,0.8177,867.64,676.67,0.9106,919.36,673.60,0.8760,855.94,714.85,0.8155,929.82,709.92,0.8169,843.01,746.86,0.7987,943.37,738.86,0.8006,886.11,745.01,0.7699,915.66,743.17,0.7555,860.25,794.88,0.8560,947.06,790.57,0.8071,862.10,850.29,0.8947,981.54,839.21,0.8337
862,top,1,831.18,322.68,920.27,502.23,850.74,336.62,0.8006,854.68,332.67,0.7808,847.23,333.11,0.7744,862.13,336.62,0.8775,843.28,337.49,0.7083,877.04,354.15,0.6946,840.22,357.22,0.7824,896.33,370.37,0.7298,847.23,386.59,0.6773,892.38,395.36,0.7253,857.31,413.33,0.6561,883.61,399.74,0.6337,860.38,399.74,0.6409,885.81,437.44,0.6806,841.97,433.50,0.7284,905.10,478.65,0.7233,858.19,465.50,0.7511
862,bottom,0,828.46,610.83,989.81,868.72,890.88,633.99,0.8762,888.99,630.85,0.6043,892.14,631.48,0.6468,882.06,637.77,0.7760,900.32,637.77,0.8389,865.06,669.88,0.8649,916.69,666.73,0.8541,851.84,707.03,0.8128,927.40,701.99,0.8080,838.62,735.99,0.8052,942.51,727.18,0.7717,881.43,738.51,0.7536,911.03,736.62,0.7356,860.66,790.77,0.8248,940.62,786.36,0.8079,860.66,844.29,0.9258,966.43,836.10,0.8209
863,top,1,834.57,330.18,918.46,487.96,855.33,343.59,0.8732,859.18,340.51,0.8055,851.86,340.51,0.8099,866.50,343.59,0.8389,847.63,343.59,0.7094,880.75,360.15,0.7241,843.39,364.39,0.8219,901.94,375.95,0.8079,849.55,393.66,0.7132,899.63,402.14,0.7815,859.57,420.63,0.7232,888.46,405.22,0.6641,864.96,404.45,0.6599,891.54,441.43,0.7248,844.16,439.12,0.6709,908.49,483.80,0.7359,858.41,466.47,0.7366
863,bottom,0,823.97,605.40,971.12,865.77,887.38,627.52,0.9192,887.38,624.34,0.5729,886.74,624.34,0.6543,879.11,630.70,0.7717,897.55,630.70,0.7878,862.58,663.12,0.8560,913.44,659.94,0.8319,847.96,699.99,0.8108,928.06,694.27,0.7543,832.71,725.42,0.8128,941.41,710.16,0.7160,877.21,732.41,0.7166,907.08,731.14,0.7015,860.04,783.90,0.8108,935.05,782.63,0.8236,857.50,835.39,0.8458,949.67,838.56,0.8475
864,top,1,835.98,330.76,924.99,501.78,863.37,349.05,0.8591,867.12,345.29,0.8137,860.03,345.29,0.8387,873.39,347.80,0.8753,855.02,348.21,0.8292,888.00,364.50,0.7183,848.34,368.25,0.8103,908.46,381.62,0.8438,852.09,397.48,0.6972,905.95,407.92,0.7968,860.44,424.20,0.6850,892.59,410.01,0.6643,867.12,411.26,0.6364,898.44,443.41,0.7405,848.34,442.57,0.6729,913.05,488.50,0.8133,857.94,466.79,0.7491
864,bottom,0,814.86,602.49,965.00,864.35,884.18,623.46,0.8611,884.18,620.27,0.5572,882.26,620.27,0.5863,875.87,627.30,0.7596,893.77,626.66,0.7549,858.61,659.26,0.8348,911.67,655.43,0.7982,843.27,694.42,0.7848,928.93,687.39,0.7109,824.73,715.52,0.8119,939.16,695.70,0.6160,874.59,727.67,0.6902,904.64,727.03,0.6808,858.61,778.17,0.7786,928.29,780.73,0.8146,853.49,826.76,0.8171,932.77,836.34,0.8477
865,top,1,836.38,330.97,927.92,511.90,872.43,349.43,0.8603,876.40,345.90,0.8135,868.90,346.34,0.8822,882.59,348.99,0.8700,864.04,348.99,0.8539,895.84,366.22,0.6915,854.76,370.19,0.7648,915.72,385.65,0.7972,855.20,400.67,0.6819,910.86,409.07,0.7708,861.83,427.18,0.6644,898.05,411.72,0.6112,871.10,413.48,0.5673,904.68,444.85,0.6824,854.76,441.31,0.5769,914.84,491.23,0.8039,857.85,465.17,0.7533
865,bottom,0,805.42,601.33,964.90,865.38,880.00,622.47,0.7819,879.36,618.61,0.5389,878.71,617.96,0.5441,872.26,625.05,0.7467,890.31,624.41,0.7067,855.50,657.28,0.8144,909.01,652.77,0.7779,837.45,688.87,0.7553,931.57,683.07,0.7573,816.82,704.99,0.7609,941.89,681.78,0.5516,872.26,724.97,0.6849,901.92,724.97,0.6783,854.86,775.26,0.7674,921.26,782.99,0.8053,846.48,826.83,0.7907,920.61,841.66,0.8483
866,top,1,838.33,332.13,929.06,512.27,880.62,349.63,0.8692,884.58,345.67,0.8397,877.10,345.67,0.8597,891.61,348.75,0.8286,871.82,348.75,0.8665,904.37,366.35,0.7342,862.59,368.98,0.7441,922.84,387.89,0.8121,859.07,398.45,0.7125,916.68,410.76,0.7643,861.71,425.28,0.6415,903.05,412.52,0.6148,875.78,416.04,0.6034,908.77,447.71,0.6995,861.71,449.03,0.5522,915.80,493.00,0.8021,852.91,467.50,0.5256
866,bottom,0,795.64,600.54,963.69,865.61,875.78,622.41,0.8312,876.43,618.53,0.5310,873.84,618.53,0.5759,868.01,625.65,0.7558,885.49,624.35,0.7243,852.48,658.00,0.8008,905.55,651.53,0.8055,830.48,684.54,0.7474,931.43,678.07,0.7879,809.12,692.95,0.7561,943.73,670.95,0.7222,868.01,724.66,0.6958,899.72,724.66,0.6837,850.54,774.49,0.7650,915.90,784.84,0.8085,836.95,827.55,0.8086,919.14,843.09,0.8834
867,top,1,844.68,332.27,933.87,511.88,887.52,347.53,0.8689,891.91,344.46,0.8454,884.01,344.46,0.8611,898.05,347.53,0.8515,879.19,347.53,0.8694,910.76,365.51,0.7409,868.67,367.26,0.7517,929.62,387.00,0.8177,863.40,395.33,0.7444,922.60,410.68,0.7834,863.40,422.95,0.6775,906.82,415.06,0.6324,879.63,416.81,0.6146,911.20,451.90,0.6999,865.16,450.14,0.5310,915.15,492.24,0.8102,859.02,467.68,0.6435
867,bottom,0,785.95,602.24,963.55,865.22,870.26,623.30,0.8528,872.18,619.45,0.5412,868.33,619.45,0.5859,863.84,626.51,0.7606,879.89,624.59,0.7292,848.43,658.61,0.7912,901.71,651.55,0.8046,823.39,679.80,0.7099,928.68,676.59,0.8459,800.27,683.01,0.7026,946.66,668.24,0.8357,864.48,724.10,0.6876,895.29,723.46,0.6758,847.78,775.46,0.7482,913.27,783.17,0.8059,828.52,826.82,0.8171,919.05,842.87,0.8784
868,top,1,858.18,331.06,939.98,511.49,892.91,345.06,0.8442,896.88,341.98,0.8233,889.39,341.98,0.8587,903.05,345.50,0.8491,885.43,345.06,0.8315,916.26,363.56,0.7335,875.29,364.45,0.7703,935.20,385.59,0.8145,867.81,392.20,0.7618,928.59,409.38,0.7717,865.60,420.39,0.6888,910.53,414.22,0.6444,883.66,415.10,0.6220,912.30,455.19,0.7156,869.57,453.87,0.5812,915.82,492.63,0.7780,867.36,467.52,0.6597
868,bottom,0,778.36,603.53,963.49,865.15,864.54,624.48,0.8675,865.82,621.93,0.5381,861.99,621.29,0.5940,858.15,628.31,0.7794,874.12,626.40,0.7542,844.74,658.97,0.7825,895.84,652.58,0.8021,819.83,675.58,0.7439,924.58,676.22,0.8452,793.64,674.94,0.7625,946.30,667.91,0.8696,861.35,727.31,0.7046,890.73,726.04,0.6938,843.46,777.13,0.7545,911.81,784.16,0.8028,822.39,826.31,0.8336,918.83,843.56,0.8966
869,top,1,861.69,327.06,943.92,513.77,896.43,342.01,0.8255,900.53,339.27,0.8211,893.24,338.82,0.8641,906.91,342.92,0.8556,889.13,342.01,0.8464,920.13,361.15,0.7147,878.19,362.06,0.7629,939.27,383.03,0.7994,871.36,390.33,0.7530,935.17,406.74,0.7626,867.71,418.59,0.6932,913.75,413.12,0.6347,887.77,413.12,0.6216,913.75,455.97,0.7325,874.09,452.32,0.6183,916.94,492.89,0.7784,880.93,467.36,0.7293
869,bottom,0,776.44,606.64,963.56,864.99,858.64,628.59,0.8515,857.38,625.44,0.4952,858.01,624.81,0.6043,852.97,631.75,0.7512,868.74,629.85,0.7522,839.72,661.39,0.7997,889.55,655.08,0.7898,815.12,672.11,0.6570,919.83,677.79,0.8185,793.05,668.96,0.6782,945.69,670.85,0.8627,857.38,730.14,0.7112,885.77,728.88,0.6919,840.35,778.08,0.7624,910.36,783.75,0.7993,819.54,827.28,0.8450,917.93,843.04,0.8965
870,top,1,863.13,325.44,947.64,512.33,899.91,340.41,0.8468,904.02,337.67,0.8353,896.72,337.21,0.8643,910.40,340.86,0.8548,892.15,340.41,0.8548,923.18,359.57,0.7087,881.66,360.02,0.7755,943.26,380.56,0.8057,874.36,388.31,0.7506,941.43,404.28,0.7739,870.25,417.51,0.6953,916.79,413.41,0.6504,892.61,412.95,0.6361,917.25,454.93,0.7346,879.83,449.91,0.6896,919.07,492.34,0.7803,886.22,474.09,0.7488
870,bottom,0,781.23,610.45,963.40,864.55,852.46,632.04,0.7637,849.36,628.94,0.5569,854.32,628.94,0.5648,846.26,635.14,0.7371,863.63,633.90,0.7686,835.09,664.30,0.8071,882.86,658.71,0.7880,815.86,670.50,0.6224,914.50,679.19,0.7574,794.15,666.16,0.6087,944.28,674.22,0.7976,853.70,731.30,0.7134,881.00,730.06,0.6841,838.82,777.83,0.7839,908.30,784.03,0.7895,820.20,826.21,0.8421,916.98,841.72,0.8859
871,top,1,863.51,325.52,954.36,513.76,902.96,340.13,0.8220,907.10,336.91,0.8135,899.75,336.91,0.8547,913.53,340.13,0.8689,895.61,339.67,0.8532,926.86,358.51,0.7103,884.58,359.89,0.7703,947.54,378.74,0.8178,876.77,388.85,0.7546,948.00,404.47,0.7681,872.63,417.80,0.7108,921.35,412.29,0.6421,896.07,411.83,0.6195,922.27,454.57,0.7196,882.74,451.81,0.6538,923.64,491.33,0.7578,890.55,482.14,0.7799
871,bottom,0,786.20,612.86,961.55,863.41,848.79,634.15,0.8981,847.57,631.70,0.6122,849.41,632.31,0.6031,842.06,637.21,0.7610,859.80,636.60,0.7268,831.67,666.57,0.8180,878.77,660.45,0.7902,815.76,672.69,0.6706,909.96,680.64,0.7439,798.02,665.34,0.6504,939.94,678.80,0.7626,851.24,732.02,0.7037,878.15,730.18,0.6868,836.56,777.28,0.7906,905.68,784.01,0.7927,819.43,826.83,0.8545,916.69,842.12,0.8805
872,top,0,867.24,324.48,962.12,513.46,906.37,341.46,0.8754,910.52,338.69,0.8355,903.14,338.23,0.9098,916.52,341.92,0.9072,898.53,341.46,0.8738,930.36,359.45,0.7131,887.92,361.76,0.7903,950.67,378.37,0.8224,880.53,390.36,0.7816,954.82,405.59,0.8206,875.46,419.43,0.7402,926.21,414.36,0.6864,900.37,414.36,0.6561,928.06,456.34,0.7439,886.53,452.65,0.6878,931.75,489.56,0.7201,889.76,491.41,0.8427
872,bottom,1,802.52,615.25,959.30,863.21,844.59,636.92,0.9215,843.38,633.90,0.6401,842.77,634.50,0.6244,837.93,639.95,0.8136,855.48,638.74,0.7740,829.45,668.40,0.8008,874.25,661.14,0.7932,817.35,678.09,0.6955,904.52,681.72,0.7247,810.69,669.61,0.5590,936.00,683.54,0.7283,849.43,733.78,0.7270,877.28,731.36,0.7043,834.90,776.16,0.7918,902.70,783.42,0.7826,819.77,826.40,0.8457,914.21,839.72,0.8743
873,top,0,871.35,328.35,970.91,518.58,910.91,344.05,0.8841,914.63,341.27,0.8394,907.20,340.80,0.8918,920.20,344.52,0.8909,902.09,344.05,0.8526,933.67,361.24,0.6926,891.87,365.88,0.7696,954.57,380.74,0.8058,883.98,394.67,0.7648,961.53,408.61,0.8123,878.87,424.40,0.6889,931.81,416.04,0.6642,904.41,416.04,0.6571,935.53,458.76,0.7476,890.48,454.58,0.6637,941.10,499.17,0.7281,888.16,498.24,0.8310
873,bottom,1,808.87,616.54,962.12,860.40,843.82,637.86,0.9688,843.82,634.88,0.7011,843.22,636.07,0.6846,836.08,642.62,0.7845,853.34,639.64,0.8252,827.15,672.98,0.8838,872.39,662.26,0.8131,827.15,694.41,0.6266,900.38,683.10,0.7194,861.08,682.51,0.2921,936.69,689.65,0.6964,847.39,732.52,0.7742,875.97,730.14,0.7606,833.70,776.57,0.8239,901.57,781.34,0.8146,819.41,827.77,0.9085,914.07,837.30,0.9108
874,top,0,873.01,333.03,978.25,520.51,914.64,349.42,0.8826,918.30,346.21,0.8243,911.44,346.21,0.8897,924.25,349.88,0.8768,906.40,349.42,0.8304,937.99,366.81,0.7080,895.42,372.30,0.7864,957.21,385.12,0.8040,888.09,402.51,0.7400,968.20,412.58,0.8365,883.98,434.55,0.6523,937.53,420.82,0.6689,909.15,421.74,0.6743,944.85,462.02,0.7398,893.13,458.81,0.6854,952.63,505.50,0.8009,886.26,503.67,0.8259
874,bottom,1,808.92,617.53,945.64,857.86,843.25,638.54,0.9679,843.25,635.60,0.7029,842.08,636.78,0.6775,836.21,642.64,0.8276,853.81,640.30,0.7909,827.41,673.74,0.8930,873.17,662.01,0.8284,825.65,700.73,0.7473,897.82,684.30,0.7385,849.70,691.34,0.4032,932.43,695.45,0.7210,846.77,731.24,0.7645,875.52,728.31,0.7329,833.28,775.83,0.8267,901.34,778.77,0.8163,819.19,828.05,0.8730,914.25,835.68,0.9106
875,top,0,871.22,341.43,985.75,530.82,919.24,356.14,0.8748,922.94,352.90,0.7830,915.54,352.90,0.8557,928.95,356.60,0.8602,910.92,356.60,0.8594,941.90,372.78,0.7187,899.36,379.72,0.8077,960.39,390.81,0.7772,893.35,410.70,0.7106,973.34,413.93,0.7957,890.57,443.06,0.6146,941.90,426.88,0.6813,912.77,428.27,0.6866,953.45,467.57,0.7387,893.35,467.57,0.7486,961.78,511.95,0.8448,886.87,509.64,0.8167
875,bottom,1,808.92,618.39,942.72,857.35,844.90,639.28,0.9563,844.90,636.36,0.6724,842.57,637.53,0.6629,836.73,643.36,0.8592,855.98,641.03,0.7473,827.98,674.86,0.8784,874.07,662.03,0.8207,827.98,708.70,0.8008,895.07,684.78,0.7613,846.65,701.70,0.4306,927.16,701.12,0.7267,846.07,729.12,0.7514,875.24,726.20,0.7236,832.65,775.21,0.8260,902.07,775.79,0.8109,819.23,827.71,0.8675,916.07,831.80,0.9017
876,top,0,874.00,348.42,992.98,536.04,926.16,364.36,0.8829,929.83,361.15,0.8056,922.50,361.15,0.8619,935.78,365.28,0.8628,917.46,364.82,0.8735,948.15,381.77,0.7292,905.09,389.10,0.8100,963.26,396.42,0.7357,900.05,422.08,0.6770,978.84,414.75,0.7386,900.05,454.60,0.6168,945.86,434.44,0.6833,916.54,436.28,0.6615,961.89,472.46,0.7510,897.76,475.67,0.7177,973.34,517.81,0.8269,887.68,512.31,0.8201
876,bottom,1,808.54,619.98,939.76,855.45,847.71,639.98,0.9843,847.13,637.11,0.6609,848.28,638.26,0.6477,839.08,644.01,0.8171,858.63,641.71,0.7139,829.31,676.78,0.8666,875.88,662.98,0.8303,830.46,708.97,0.6732,894.85,687.12,0.7379,840.81,724.49,0.3391,923.59,707.82,0.7503,845.98,726.79,0.7472,874.73,723.34,0.7176,832.76,774.51,0.8326,903.47,773.36,0.8203,818.96,827.97,0.8735,918.42,829.12,0.9117
877,top,1,873.58,353.85,1006.22,539.11,935.83,370.94,0.8837,939.90,367.33,0.8071,932.21,367.33,0.8288,945.78,371.85,0.8278,926.33,371.40,0.8676,956.18,388.13,0.7486,912.76,396.72,0.8114,969.75,400.80,0.7163,910.05,430.19,0.6636,986.03,417.08,0.7457,910.95,462.31,0.6565,951.66,439.69,0.6795,921.36,442.41,0.6587,970.66,476.33,0.7520,902.36,479.49,0.7352,982.87,523.37,0.8446,886.98,512.51,0.8233
877,bottom,0,808.68,620.89,937.11,854.93,851.18,641.35,1.0409,851.18,638.49,0.6862,852.89,639.06,0.6998,844.32,644.77,0.7729,861.47,643.63,0.7809,832.32,677.34,0.8712,878.61,663.63,0.8638,832.90,708.20,0.6485,892.89,688.20,0.7609,843.75,721.91,0.2632,918.03,716.77,0.7873,846.04,725.34,0.7481,875.18,721.34,0.7135,832.90,774.48,0.8406,904.89,772.77,0.8328,818.61,827.62,0.8964,921.46,828.19,0.9047
878,top,1,873.81,356.73,1014.89,543.17,949.86,373.25,0.8372,953.54,369.58,0.7979,945.73,369.58,0.8171,958.59,374.17,0.7990,937.92,373.25,0.8301,966.40,391.62,0.7440,924.60,399.89,0.7914,976.96,402.65,0.6943,922.31,434.80,0.6681,992.57,417.80,0.7514,924.60,465.11,0.6885,959.05,444.44,0.6822,928.74,448.11,0.6248,980.63,479.34,0.7564,904.85,483.94,0.6659,987.52,526.65,0.8365,887.86,511.49,0.7744
878,bottom,0,808.68,623.80,938.71,855.41,856.16,642.35,0.9902,855.60,640.09,0.6531,857.86,640.09,0.6925,849.38,645.74,0.7585,866.91,644.05,0.7779,836.37,676.84,0.8340,881.61,664.97,0.8364,838.07,709.07,0.5751,891.22,689.28,0.7457,865.78,745.83,0.2894,911.58,720.95,0.6853,845.99,726.60,0.7283,875.95,722.64,0.6778,832.98,774.66,0.8230,906.49,772.97,0.8167,818.84,827.25,0.8793,924.02,828.38,0.8825
879,top,1,874.75,359.05,1019.46,545.40,964.53,375.44,0.7858,967.83,371.67,0.7798,959.82,371.20,0.7646,972.07,376.85,0.7545,951.81,374.97,0.8343,977.72,394.28,0.7935,938.15,400.88,0.7815,986.67,407.00,0.6874,933.91,435.26,0.6932,1004.10,422.55,0.7284,936.74,465.41,0.7238,966.42,448.93,0.6979,937.68,452.22,0.6146,988.55,482.84,0.7261,917.90,485.67,0.5734,989.03,529.00,0.8191,890.58,504.51,0.7463
879,bottom,0,808.37,626.26,943.06,853.51,864.07,644.46,0.9412,864.07,642.24,0.5694,864.07,641.69,0.6754,856.85,647.79,0.7097,874.05,646.13,0.7721,844.09,676.09,0.7795,886.26,666.65,0.8348,842.43,711.59,0.5294,891.25,691.62,0.7099,867.40,754.31,0.3971,905.12,722.13,0.5814,845.76,726.57,0.7200,876.27,724.35,0.6714,834.11,774.84,0.8265,907.34,775.40,0.8091,818.02,826.99,0.8981,925.65,831.43,0.8822
880,top,1,880.87,361.95,1032.21,547.91,978.71,377.59,0.7845,982.65,374.14,0.7550,974.28,373.65,0.7391,987.09,378.57,0.7200,966.40,376.60,0.8081,989.55,397.29,0.8089,953.10,403.20,0.7634,997.93,412.56,0.6990,948.17,437.69,0.7116,1017.63,430.30,0.7138,949.15,467.74,0.7083,975.26,451.98,0.7088,949.15,454.93,0.6293,997.43,486.96,0.7845,931.42,493.36,0.6071,990.54,531.29,0.8387,896.93,504.20,0.7411
880,bottom,0,808.35,628.50,947.49,854.11,872.96,646.56,0.9083,874.07,643.81,0.5727,872.41,643.81,0.6173,865.80,649.32,0.7622,882.33,648.77,0.7727,850.93,675.21,0.7637,892.24,668.60,0.8250,844.87,710.46,0.5452,891.14,692.28,0.7381,866.90,749.57,0.3409,899.95,726.43,0.6141,847.07,727.53,0.7120,879.02,726.98,0.6514,834.96,775.46,0.8151,907.66,776.01,0.7998,818.43,827.78,0.8878,926.39,833.29,0.8621
881,top,1,901.97,363.00,1045.62,547.41,992.97,379.45,0.8191,995.78,376.18,0.7624,988.29,375.24,0.7375,999.52,380.85,0.7033,980.34,378.52,0.7597,1000.92,401.90,0.7992,966.78,405.64,0.7690,1010.74,420.60,0.7066,960.70,439.31,0.7152,1033.19,441.64,0.6523,962.57,468.77,0.7120,984.55,453.80,0.6829,959.77,456.61,0.6191,1001.86,493.55,0.7174,947.14,501.50,0.6224,992.03,530.49,0.7701,916.75,501.97,0.7379
881,bottom,0,808.36,631.54,949.96,854.22,883.51,647.74,0.9416,885.69,645.56,0.6388,884.06,645.56,0.5678,873.73,650.46,0.7763,892.21,651.00,0.7715,858.50,673.29,0.7706,899.28,671.11,0.8120,849.26,704.28,0.4842,893.30,692.32,0.7527,869.38,729.29,0.3220,899.28,727.66,0.5952,849.80,727.11,0.6937,880.79,728.20,0.6494,836.21,776.04,0.8127,908.52,777.67,0.7988,818.82,828.23,0.8715,925.37,835.84,0.8472
882,top,2,927.34,368.77,1059.94,550.06,1005.59,384.18,0.8202,1008.69,380.64,0.7308,1001.61,380.19,0.7130,1012.67,384.62,0.6250,993.20,383.29,0.7098,1012.23,407.19,0.7640,980.81,408.52,0.7816,1025.51,430.65,0.7250,973.72,443.04,0.6671,1048.97,454.11,0.6831,975.94,473.58,0.6832,991.87,456.32,0.6395,969.74,459.42,0.5873,1006.48,500.58,0.7540,965.76,511.65,0.7126,994.08,532.45,0.6840,937.43,504.12,0.7461
882,bottom,0,808.33,631.76,947.91,853.82,894.39,650.08,0.9448,894.39,647.37,0.6132,896.01,647.92,0.6460,883.00,652.79,0.7465,901.98,653.34,0.7981,867.28,673.40,0.7909,907.40,673.94,0.8365,853.73,704.30,0.4330,898.18,694.54,0.7876,875.41,730.32,0.2958,903.06,729.23,0.6593,853.18,727.61,0.7001,883.54,729.78,0.6386,838.55,775.86,0.8057,910.65,778.57,0.8124,819.03,826.82,0.8766,923.12,836.03,0.8680
883,top,1,944.67,375.52,1068.00,548.54,1016.90,389.38,0.8368,1019.85,385.16,0.7313,1012.67,385.58,0.6983,1024.08,388.96,0.5832,1004.65,388.11,0.6729,1022.39,411.34,0.7536,993.24,412.61,0.7847,1035.48,435.84,0.7140,987.33,447.25,0.6507,1058.29,460.34,0.6918,990.71,478.08,0.6445,1000.42,460.76,0.6598,978.04,463.72,0.6087,1010.98,508.07,0.7246,989.44,514.83,0.6473,992.82,535.11,0.7201,957.34,509.34,0.6970
883,bottom,0,808.35,633.07,949.80,855.06,905.09,649.76,1.0152,908.89,648.13,0.5978,905.63,647.59,0.6834,895.88,652.47,0.6638,913.76,653.55,0.8070,875.28,673.61,0.7891,916.47,675.78,0.8729,862.28,704.50,0.4364,906.18,698.00,0.8023,880.70,728.89,0.3174,909.97,733.23,0.6994,856.86,728.35,0.7286,888.29,731.06,0.6711,841.68,775.50,0.8219,916.47,778.21,0.8305,819.46,827.53,0.8674,925.69,837.29,0.8763
884,top,3,966.79,379.22,1069.85,548.75,1028.25,394.04,0.7857,1031.15,390.31,0.7359,1024.11,390.31,0.6933,1034.88,393.62,0.5783,1015.42,393.21,0.6897,1033.22,415.97,0.7342,1005.49,416.80,0.7464,1045.22,439.98,0.6488,999.70,449.91,0.6126,1068.40,463.16,0.6039,1005.90,478.88,0.6156,1007.97,465.64,0.5923,986.04,467.71,0.6216,1015.84,513.24,0.5699,1010.46,512.82,0.5618,993.49,534.34,0.6330,978.17,520.69,0.6625
884,bottom,0,808.53,631.07,960.92,854.79,917.50,650.08,0.9805,920.78,647.89,0.6276,917.50,646.80,0.6521,908.21,652.26,0.7648,926.24,654.45,0.7817,888.00,672.47,0.7520,926.24,677.39,0.8571,874.35,701.97,0.4198,915.86,700.87,0.7680,888.00,724.36,0.2913,917.50,736.38,0.7083,862.88,727.64,0.7146,892.92,731.46,0.6287,844.85,776.25,0.8142,922.96,777.34,0.8279,820.82,825.95,0.8682,926.78,836.33,0.9155
885,top,2,979.32,381.03,1096.32,557.19,1039.97,399.00,0.7538,1042.55,395.56,0.7133,1035.67,395.56,0.6817,1045.56,399.00,0.5543,1026.21,398.57,0.7479,1043.41,419.65,0.7257,1016.75,422.23,0.7606,1057.18,447.17,0.6139,1013.74,457.06,0.5921,1082.12,468.25,0.6177,1020.62,484.16,0.5443,1012.45,471.69,0.5852,996.11,472.55,0.7116,1020.19,514.26,0.5354,1022.77,509.96,0.6725,999.55,539.64,0.5222,996.54,530.61,0.7368
885,bottom,0,811.88,630.80,965.87,855.32,928.34,648.23,0.9928,932.18,646.58,0.5934,928.89,645.49,0.6547,918.47,650.42,0.7503,936.56,652.61,0.7755,898.19,670.70,0.7538,936.56,677.83,0.8732,880.65,700.30,0.4743,926.15,702.49,0.7675,884.49,733.19,0.3457,927.24,738.67,0.6785,871.88,726.61,0.7336,899.84,730.45,0.6570,851.05,775.94,0.7955,929.98,777.04,0.8325,823.10,824.18,0.8794,928.34,836.24,0.9373
886,top,1,982.16,386.00,1104.85,571.75,1051.22,403.59,0.7432,1053.94,399.96,0.7579,1047.14,400.42,0.7101,1057.11,403.59,0.5626,1037.61,403.14,0.7198,1053.03,424.00,0.6969,1029.45,426.72,0.7043,1064.37,448.04,0.5952,1028.09,459.83,0.6079,1090.67,467.08,0.6374,1035.35,485.68,0.5688,1019.93,472.53,0.5304,1005.41,473.43,0.6751,1027.18,514.25,0.4909,1038.07,507.45,0.6123,995.89,529.21,0.5688,1017.21,545.09,0.6162
886,bottom,0,814.62,626.27,961.68,855.80,938.02,646.89,1.0404,940.26,644.65,0.6540,940.82,644.09,0.7427,927.37,648.57,0.7553,945.87,650.81,0.7932,906.64,668.19,0.8037,945.31,677.15,0.8971,889.27,697.33,0.5120,937.46,704.05,0.8154,890.95,728.15,0.2744,938.02,740.47,0.7454,880.86,727.03,0.7305,907.76,730.39,0.6971,859.01,774.10,0.7728,936.34,778.58,0.8472,827.06,821.17,0.8754,929.05,836.30,0.9479
887,top,3,986.86,392.14,1116.83,580.53,1061.97,409.99,0.7791,1064.73,406.31,0.8193,1057.83,406.31,0.7173,1068.41,409.53,0.6107,1048.63,409.07,0.7405,1063.81,429.76,0.6712,1040.81,431.60,0.6839,1075.77,454.60,0.5677,1042.19,463.80,0.5794,1104.74,473.00,0.5717,1051.39,487.72,0.4899,1029.31,476.22,0.5025,1016.89,477.14,0.6624,1033.91,514.39,0.4738,1050.01,508.41,0.5487,999.87,527.73,0.6838,1038.51,555.79,0.6548
887,bottom,0,819.10,622.23,963.74,856.21,946.26,643.25,1.0293,947.97,641.53,0.6243,948.54,640.96,0.7579,935.40,645.53,0.7584,953.11,647.25,0.8320,914.27,664.38,0.8225,954.26,674.67,0.8870,891.42,695.23,0.6293,947.97,703.23,0.7841,886.85,727.22,0.3715,949.69,740.36,0.7418,889.13,723.22,0.7163,915.41,728.36,0.7173,870.28,771.78,0.7370,941.12,778.63,0.8415,835.44,817.48,0.8539,929.69,836.33,0.9126
888,top,1,991.03,400.37,1131.28,579.17,1075.31,415.81,0.8222,1076.67,411.70,0.8268,1070.28,411.70,0.7423,1079.87,415.36,0.5178,1061.15,416.27,0.7268,1073.02,434.99,0.6736,1054.30,439.55,0.7057,1084.44,459.18,0.6048,1058.41,470.14,0.6386,1112.74,476.53,0.5723,1070.28,494.34,0.5388,1038.33,481.10,0.5345,1027.82,482.92,0.6859,1038.33,516.25,0.5337,1060.24,515.34,0.6666,1005.00,528.58,0.6592,1061.61,564.64,0.6740
888,bottom,0,834.87,618.13,971.52,856.96,955.09,639.58,0.9347,956.84,637.25,0.6491,956.84,636.67,0.6952,943.43,641.33,0.7584,960.92,643.67,0.8373,923.02,661.16,0.7866,962.67,672.82,0.8862,893.87,692.65,0.7454,956.84,702.56,0.7946,892.12,725.88,0.5258,960.92,737.54,0.7475,896.78,718.30,0.7151,922.44,724.72,0.7052,884.54,767.28,0.7658,943.43,778.36,0.8225,849.55,812.18,0.8457,930.02,836.09,0.8334
889,top,1,996.97,407.70,1136.50,583.13,1089.44,425.47,0.7791,1088.99,422.29,0.7218,1085.36,422.29,0.7173,1089.90,426.37,0.4442,1074.46,425.47,0.7056,1081.27,444.09,0.7006,1067.19,449.54,0.6926,1091.72,465.89,0.6321,1078.09,479.97,0.5948,1118.06,480.88,0.6211,1090.35,503.13,0.5818,1050.38,489.96,0.6058,1043.12,492.23,0.6962,1048.11,520.85,0.5170,1069.01,526.30,0.6699,1010.41,531.29,0.6769,1083.09,571.72,0.6684
889,bottom,0,851.70,613.04,980.67,857.18,962.08,634.98,0.9128,965.06,633.19,0.6601,963.27,632.59,0.6459,950.16,636.17,0.7942,968.04,638.55,0.7652,929.30,657.63,0.7642,969.83,667.76,0.8642,898.90,688.62,0.7845,965.66,699.94,0.7868,892.35,724.38,0.7411,971.02,733.32,0.7486,902.48,716.04,0.6958,928.11,723.19,0.6840,897.12,763.12,0.7793,943.61,778.02,0.8206,867.31,809.02,0.8058,929.90,835.24,0.8054
890,top,1,1001.97,417.79,1142.54,594.15,1101.09,435.96,0.8381,1101.54,432.30,0.7322,1096.97,432.75,0.7631,1102.92,436.42,0.4359,1085.53,436.87,0.7207,1092.39,456.09,0.6631,1081.41,461.12,0.7084,1101.54,476.68,0.6484,1094.22,485.38,0.6149,1126.71,487.21,0.6730,1109.32,506.88,0.5558,1059.45,501.85,0.5745,1053.04,504.59,0.6884,1053.04,527.47,0.4977,1077.75,538.46,0.6810,1017.35,535.71,0.7032,1102.00,578.72,0.6707
890,bottom,0,871.58,608.61,990.83,856.61,972.38,632.71,0.8521,973.59,629.08,0.6042,973.59,629.08,0.6976,957.85,632.10,0.7775,973.59,634.52,0.8179,935.45,654.51,0.7532,977.22,664.80,0.8466,903.36,685.99,0.7937,974.80,698.70,0.7533,894.27,719.29,0.8235,981.46,732.01,0.7840,909.41,714.45,0.7048,933.63,722.32,0.6893,913.04,759.86,0.7521,946.95,777.42,0.7937,888.22,807.08,0.7941,930.60,834.33,0.8069
891,top,1,1012.82,428.31,1149.58,608.08,1111.92,448.75,0.8659,1111.92,444.74,0.7129,1107.46,445.19,0.7763,1111.47,448.75,0.4246,1095.89,449.64,0.7357,1099.90,467.89,0.6325,1094.55,472.34,0.6784,1110.13,490.59,0.5094,1109.24,494.15,0.5787,1134.17,499.05,0.5773,1128.39,511.96,0.6419,1066.95,513.74,0.5310,1064.73,516.86,0.6693,1059.39,535.55,0.4532,1089.21,552.02,0.6739,1026.00,544.01,0.6608,1116.37,591.64,0.6513
891,bottom,0,888.27,608.57,1002.19,855.50,979.59,630.16,0.8074,981.40,626.54,0.5325,980.80,627.14,0.6994,963.92,630.76,0.7160,980.19,632.57,0.8302,942.22,651.86,0.7275,983.81,662.71,0.8569,909.06,683.21,0.8100,985.02,698.88,0.7646,897.00,715.76,0.8549,993.46,730.83,0.7802,914.48,712.74,0.7209,937.39,719.98,0.7051,925.34,757.35,0.7405,953.07,776.64,0.7876,908.46,804.38,0.7848,933.78,832.71,0.8391
892,top,1,1016.12,440.68,1161.29,616.88,1125.56,462.63,0.7841,1125.09,458.85,0.6413,1121.78,459.32,0.7172,1122.73,463.10,0.4240,1110.44,464.52,0.6868,1109.50,478.69,0.5557,1107.61,485.31,0.5854,1121.31,499.48,0.4682,1122.73,504.21,0.5571,1142.57,508.93,0.5593,1147.77,518.38,0.6582,1077.84,527.84,0.4958,1071.22,530.67,0.6168,1069.33,547.21,0.3545,1100.05,557.13,0.5991,1033.42,554.30,0.5783,1128.87,599.66,0.6098
892,bottom,0,888.88,608.79,1016.31,854.58,986.20,630.27,0.8081,987.40,626.67,0.5162,988.00,627.27,0.7142,970.60,631.47,0.7269,986.80,632.67,0.8306,949.00,651.27,0.7065,990.40,662.67,0.8526,915.39,681.28,0.8059,994.60,698.08,0.7762,899.19,713.08,0.9006,1004.80,731.08,0.8063,920.79,714.28,0.7427,941.19,720.88,0.7094,940.59,754.49,0.6770,962.80,777.29,0.7936,929.19,802.49,0.7404,935.79,830.70,0.8209
893,top,0,1021.05,461.25,1184.70,621.68,1136.97,486.06,0.7258,1136.44,481.27,0.6169,1133.24,482.86,0.7021,1131.11,482.86,0.4317,1123.12,486.59,0.6630,1116.19,495.65,0.5327,1120.99,504.17,0.5723,1133.77,513.23,0.2251,1139.10,516.96,0.5418,1162.01,524.95,0.1689,1164.14,526.55,0.6056,1082.63,537.20,0.4746,1077.30,540.93,0.6097,1075.71,556.38,0.3646,1109.27,553.72,0.6591,1041.61,562.77,0.5634,1132.71,601.13,0.6494
893,bottom,1,890.71,608.67,1033.56,855.23,992.84,632.63,0.8103,991.63,629.02,0.5549,994.64,629.62,0.7045,977.19,633.84,0.7428,993.44,635.04,0.8303,954.31,653.70,0.7094,997.65,665.14,0.8255,923.01,681.39,0.8038,1006.08,700.65,0.7649,904.35,714.49,0.9014,1018.72,732.55,0.7851,927.83,716.90,0.7497,945.89,722.32,0.7166,955.52,757.23,0.5912,968.16,778.90,0.7328,954.31,804.78,0.6770,939.87,831.27,0.7471
894,top,1,1029.61,475.47,1197.53,620.59,1149.64,499.93,0.7533,1149.10,496.10,0.6439,1146.36,495.55,0.7073,1141.99,497.74,0.3845,1134.34,499.93,0.6808,1127.23,507.03,0.5445,1127.23,516.33,0.5987,1143.08,527.80,0.2894,1146.91,534.36,0.6082,1172.60,537.10,0.1740,1176.97,541.47,0.6780,1083.50,542.56,0.4754,1081.86,546.39,0.5937,1075.30,567.16,0.3624,1115.21,553.49,0.6263,1047.43,564.97,0.5400,1133.79,599.96,0.6284
894,bottom,0,896.58,614.18,1052.03,858.53,1001.74,637.33,0.8016,998.76,633.75,0.5755,1002.94,633.75,0.7159,984.44,638.52,0.7394,1000.55,640.31,0.8038,961.18,658.21,0.7160,1002.94,670.14,0.7996,931.35,688.03,0.8134,1017.25,702.95,0.7692,911.07,718.46,0.9044,1033.36,728.60,0.8236,934.93,719.65,0.7614,952.83,725.62,0.7328,970.13,761.41,0.5393,971.32,782.89,0.7354,969.53,805.56,0.6569,943.88,836.58,0.7417
895,top,1,1021.90,492.49,1194.28,621.06,1158.59,515.25,0.8545,1160.27,511.89,0.7743,1155.22,511.32,0.8084,1156.35,513.01,0.4678,1142.88,513.01,0.7780,1135.02,518.06,0.5873,1133.90,529.28,0.6612,1146.25,548.36,0.3184,1150.17,551.72,0.5618,1175.42,560.14,0.1353,1178.79,564.07,0.5591,1087.89,545.55,0.5082,1084.52,547.80,0.6322,1083.96,573.61,0.3334,1121.00,554.53,0.6168,1049.73,567.44,0.5672,1135.02,601.66,0.6633
895,bottom,0,904.31,620.45,1066.01,859.89,1008.55,642.55,0.8335,1006.21,639.04,0.6222,1009.71,639.04,0.7075,991.01,644.30,0.7038,1006.79,646.64,0.7668,968.80,664.17,0.7256,1008.55,675.87,0.7750,938.98,694.57,0.8099,1030.17,706.26,0.6652,918.52,724.38,0.8593,1048.88,715.62,0.6645,943.07,724.97,0.7752,960.03,732.57,0.7469,982.24,747.77,0.6630,972.89,790.44,0.7596,991.01,799.79,0.7230,943.07,838.96,0.8065
896,top,1,1021.87,501.91,1184.07,621.62,1163.69,525.33,0.9493,1165.80,521.64,0.8157,1161.05,521.11,0.8749,1159.99,521.11,0.4343,1149.43,519.53,0.8635,1144.68,523.75,0.7246,1134.12,535.37,0.7442,1151.02,555.43,0.6310,1144.68,561.76,0.6665,1159.99,574.96,0.5270,1159.47,579.72,0.6545,1095.05,543.81,0.5285,1088.19,543.29,0.6327,1084.49,571.80,0.5062,1121.45,554.90,0.6686,1049.64,564.93,0.6544,1134.12,601.89,0.7057
896,bottom,0,914.86,624.12,1090.60,859.98,1014.82,647.04,0.8162,1013.10,642.43,0.5809,1015.40,643.01,0.6353,996.40,648.19,0.7942,1013.10,650.49,0.7339,976.24,668.92,0.7592,1015.97,678.13,0.7281,945.15,700.59,0.7993,1045.34,701.17,0.5223,926.14,729.96,0.8242,1067.22,700.59,0.5251,951.48,730.53,0.7401,969.33,739.17,0.7532,992.94,748.39,0.7105,973.94,795.03,0.7696,1006.76,801.36,0.7787,943.99,838.79,0.7976
897,top,1,1030.73,505.72,1175.60,620.32,1166.83,529.54,0.9646,1168.25,525.76,0.7268,1164.00,525.29,0.8317,1164.95,524.35,0.3233,1153.16,523.88,0.7107,1149.85,524.35,0.7604,1137.12,541.33,0.7883,1153.16,561.61,0.7440,1139.95,572.45,0.7151,1162.59,589.43,0.7708,1147.97,598.39,0.6006,1098.45,540.86,0.5044,1091.38,542.27,0.5842,1086.19,570.10,0.5190,1124.39,555.95,0.5854,1048.93,566.32,0.6574,1134.76,602.16,0.6689
897,bottom,0,927.07,622.98,1090.42,859.73,1022.04,644.83,0.7900,1019.73,640.78,0.5872,1022.62,641.36,0.6308,1003.54,646.56,0.7487,1019.73,648.88,0.7125,985.05,667.95,0.7347,1022.62,674.31,0.7049,953.83,698.58,0.8044,1055.56,689.91,0.6155,938.23,730.95,0.8276,1078.68,688.76,0.7086,960.77,730.37,0.7343,978.11,737.89,0.7232,1004.12,747.14,0.7225,975.80,794.53,0.7360,1015.68,804.36,0.7790,944.01,837.30,0.7503
898,top,1,1029.61,504.93,1177.77,629.52,1167.84,529.12,0.9998,1170.25,525.75,0.7279,1165.43,525.27,0.8316,1167.35,690.21,0.3056,1155.30,522.37,0.6181,1151.92,520.93,0.7411,1137.94,540.70,0.8054,1154.33,566.26,0.7215,1136.01,573.49,0.6098,1163.01,594.71,0.7374,1137.45,602.91,0.6105,1096.46,538.29,0.5153,1093.57,540.22,0.5998,1085.85,568.67,0.5671,1126.36,557.58,0.5679,1049.20,568.19,0.6917,1136.01,609.18,0.7065
898,bottom,0,930.27,617.20,1110.94,859.71,1030.08,640.17,0.8250,1027.71,636.62,0.6135,1029.48,637.21,0.6894,1011.72,641.95,0.7990,1027.71,643.72,0.7531,993.96,663.85,0.7315,1030.67,668.00,0.7053,964.95,694.64,0.8128,1069.15,678.65,0.5888,954.88,727.20,0.8139,1094.61,675.10,0.6787,971.46,726.61,0.7351,989.82,731.35,0.7058,1014.09,745.56,0.7290,979.75,788.78,0.7481,1017.05,803.58,0.7917,945.41,833.77,0.7434
899,top,1,1036.73,500.79,1177.98,626.70,1167.59,526.04,1.0080,1170.34,522.36,0.6839,1165.29,521.45,0.7455,1170.80,680.99,0.1823,1154.25,680.99,0.4883,1152.87,518.69,0.8012,1134.94,539.38,0.8460,1152.87,561.91,0.8244,1125.29,572.02,0.8421,1160.23,593.17,0.8354,1125.75,603.29,0.8582,1105.98,532.02,0.5532,1093.10,535.24,0.6595,1088.96,567.42,0.6068,1125.75,564.66,0.3268,1051.72,568.34,0.7370,1128.96,604.21,0.4459
899,bottom,0,942.12,609.71,1130.34,856.86,1038.07,633.42,0.8361,1035.62,629.74,0.6176,1036.84,630.35,0.7501,1021.52,635.25,0.7489,1034.39,636.48,0.7552,1003.76,656.09,0.7336,1039.29,660.99,0.6972,981.70,687.33,0.5708,1074.83,669.57,0.4825,978.02,717.36,0.3810,1106.69,663.44,0.6213,982.31,716.74,0.6877,1001.30,722.87,0.6948,1022.75,747.38,0.7508,993.34,782.31,0.7092,1019.07,804.98,0.8132,957.80,825.20,0.6957
900,top,1,1040.18,494.53,1175.60,619.59,1166.08,519.59,0.9994,1168.72,515.62,0.7039,1163.43,515.18,0.6996,1169.60,669.46,0.2240,1152.41,669.46,0.5169,1152.85,511.66,0.8457,1133.02,531.49,0.8569,1152.85,552.21,0.8324,1122.44,564.55,0.7846,1158.14,582.19,0.8620,1114.06,595.41,0.7393,1105.25,525.76,0.5665,1093.79,529.29,0.7070,1092.02,564.11,0.6055,1126.40,561.03,0.4401,1053.67,568.52,0.7976,1131.69,600.70,0.5230
900,bottom,0,955.72,604.88,1145.04,842.73,1042.99,628.29,0.8527,1041.75,625.20,0.6029,1043.60,625.20,0.7802,1029.43,630.13,0.7213,1041.75,630.75,0.8145,1013.40,650.47,0.7912,1047.30,654.78,0.7204,994.30,680.05,0.5522,1085.51,663.41,0.5786,1018.33,696.69,0.2979,1119.40,655.40,0.6627,992.45,715.79,0.7575,1009.09,720.11,0.7541,1030.04,749.07,0.6896,1014.64,776.19,0.6895,1020.18,806.39,0.8616,972.12,815.01,0.7463
901,top,1,1042.16,487.29,1173.44,618.65,1164.21,510.66,0.8784,1166.78,506.39,0.6416,1161.65,505.96,0.7117,1168.48,661.95,0.2956,1152.24,503.40,0.5818,1153.95,507.25,0.7724,1130.02,522.20,0.8228,1150.96,543.57,0.8418,1116.35,551.69,0.6411,1155.66,575.19,0.8494,1103.10,585.02,0.7261,1106.09,521.35,0.5345,1092.84,522.20,0.7257,1097.12,559.81,0.3737,1123.61,557.67,0.4624,1055.23,567.50,0.6031,1133.87,601.26,0.5952
901,bottom,0,974.96,598.62,1152.48,830.77,1052.74,622.24,0.8328,1051.00,618.77,0.5583,1053.89,618.77,0.7569,1037.14,622.24,0.7099,1051.58,624.55,0.7903,1025.00,641.88,0.7931,1053.89,649.40,0.7285,1031.93,664.42,0.4317,1089.14,658.64,0.5941,1060.25,669.04,0.3224,1122.66,653.44,0.6776,1001.89,711.81,0.7563,1019.80,717.01,0.7666,1027.89,755.15,0.6178,1031.93,769.59,0.7457,1022.11,806.00,0.8551,993.22,803.69,0.7689
902,top,1,1043.19,477.41,1169.39,617.40,1162.16,499.75,0.8903,1163.81,495.64,0.6849,1159.29,496.05,0.7854,1164.63,495.23,0.4005,1149.02,495.23,0.6931,1152.71,501.80,0.7993,1127.65,514.13,0.7867,1147.78,533.03,0.8208,1108.76,540.01,0.6757,1153.54,564.66,0.7329,1096.84,572.88,0.7146,1105.88,517.83,0.5558,1093.55,519.06,0.7169,1097.25,553.57,0.3246,1125.60,553.98,0.6916,1057.81,567.13,0.6234,1134.64,602.87,0.8150
902,bottom,0,995.58,589.53,1158.43,825.82,1064.89,611.34,0.7714,1064.32,606.72,0.5582,1064.32,607.30,0.6838,1048.74,612.49,0.6674,1060.28,614.80,0.6735,1035.47,634.41,0.7702,1060.28,641.91,0.7174,1033.16,658.06,0.4076,1093.74,656.33,0.5901,1060.85,665.56,0.3363,1130.08,654.60,0.6676,1010.09,702.49,0.7491,1029.12,705.95,0.7525,1037.78,750.37,0.6180,1049.89,760.75,0.7640,1021.05,795.36,0.6888,1016.43,798.25,0.8105
903,top,1,1045.19,466.58,1168.76,618.15,1158.06,490.08,0.8690,1160.07,486.46,0.5774,1156.05,486.86,0.6631,1161.28,488.07,0.2939,1147.20,487.66,0.5118,1150.42,493.29,0.8819,1123.87,506.57,0.7960,1145.19,522.66,0.8469,1102.15,532.31,0.6530,1153.23,554.84,0.7576,1091.29,564.89,0.7213,1108.18,516.62,0.6219,1092.90,515.82,0.7748,1097.73,549.61,0.3646,1125.48,551.62,0.8076,1060.72,565.70,0.7161,1133.93,601.09,0.8670
903,bottom,0,1006.56,583.60,1163.59,824.74,1072.12,605.85,0.7647,1072.12,602.91,0.5107,1072.71,604.09,0.6264,1057.40,606.44,0.6682,1072.12,609.39,0.6731,1046.22,627.64,0.7439,1066.82,637.65,0.6969,1043.86,651.78,0.3904,1097.44,656.49,0.5533,1068.00,655.90,0.2894,1134.53,660.02,0.6223,1019.14,697.70,0.7600,1037.39,701.23,0.7676,1046.81,749.50,0.7264,1065.65,751.86,0.7537,1025.02,796.01,0.7636,1032.09,800.14,0.8451
904,top,1,1047.55,458.97,1162.56,620.64,1153.60,481.39,0.8412,1156.76,477.84,0.6162,1151.63,477.45,0.6890,1158.73,478.63,0.3396,1142.16,477.84,0.6631,1146.89,483.76,0.7751,1121.24,494.42,0.6825,1142.95,513.36,0.7870,1099.92,520.47,0.6385,1151.63,542.97,0.7442,1088.48,553.23,0.6273,1107.82,511.00,0.5549,1090.84,509.81,0.6814,1094.00,546.12,0.3980,1123.21,550.07,0.7380,1060.45,564.67,0.7019,1133.08,599.80,0.7937
904,bottom,0,1010.77,579.18,1167.08,820.74,1085.39,600.30,0.7584,1085.98,597.35,0.5502,1084.21,597.94,0.6723,1068.28,600.89,0.6051,1081.26,603.25,0.6743,1055.31,623.30,0.7446,1074.77,632.73,0.7021,1049.41,653.37,0.4323,1104.26,658.68,0.6089,1067.10,669.89,0.3081,1142.00,668.71,0.6682,1027.59,692.30,0.7278,1047.05,695.25,0.7383,1055.31,743.02,0.7232,1080.08,737.12,0.6879,1027.59,789.02,0.7802,1062.97,791.96,0.7594
905,top,1,1048.53,447.86,1161.70,618.29,1148.80,473.58,0.8659,1152.55,469.42,0.6837,1145.89,469.42,0.7103,1155.88,471.08,0.4577,1136.74,470.25,0.6406,1145.06,478.99,0.7711,1116.35,487.31,0.6564,1141.73,506.86,0.8050,1095.96,516.43,0.6816,1151.72,535.16,0.7997,1084.73,549.72,0.6307,1108.44,511.02,0.6625,1089.31,508.53,0.7052,1093.88,546.39,0.3851,1120.51,548.89,0.7540,1061.85,565.53,0.7129,1130.50,598.81,0.7704
905,bottom,0,1014.87,576.86,1171.31,813.22,1095.40,598.09,0.7285,1096.55,594.63,0.5780,1094.24,595.21,0.6166,1081.55,598.67,0.5707,1090.78,600.40,0.6269,1067.12,618.87,0.6386,1081.55,628.68,0.6414,1056.16,649.45,0.4071,1109.82,660.99,0.5709,1069.43,672.53,0.3028,1147.91,675.99,0.6341,1044.62,685.80,0.5530,1045.19,688.69,0.6715,1065.97,731.97,0.4381,1067.12,733.70,0.4309,1086.16,782.17,0.4620,1086.16,782.75,0.4752
906,top,1,1050.44,441.02,1161.84,618.21,1145.07,466.89,0.8050,1148.53,462.56,0.6759,1141.61,462.13,0.6695,1152.43,463.86,0.4863,1131.23,463.86,0.6767,1140.31,474.24,0.7468,1111.76,482.46,0.6988,1140.31,501.93,0.8305,1091.86,511.44,0.7372,1151.56,530.04,0.8165,1083.64,542.16,0.6744,1107.44,508.85,0.7201,1087.97,506.68,0.7380,1094.03,546.05,0.4551,1118.68,546.92,0.7742,1065.04,565.95,0.7177,1127.77,598.83,0.7832
906,bottom,0,1024.58,577.47,1175.71,803.71,1106.22,597.24,0.7209,1107.88,593.93,0.5930,1105.12,595.03,0.6167,1090.20,597.79,0.6125,1101.25,600.56,0.6317,1076.39,617.68,0.6239,1092.96,629.28,0.6512,1064.24,647.50,0.3923,1117.82,662.97,0.6051,1075.84,673.46,0.2684,1152.06,681.20,0.6716,1047.67,684.51,0.6461,1058.72,687.27,0.6669,1080.81,729.80,0.5724,1102.91,726.49,0.6200,1041.05,767.91,0.6072,1104.01,783.93,0.6309
907,top,1,1051.65,437.82,1164.04,619.46,1140.66,461.68,0.8367,1144.21,457.25,0.7153,1137.11,457.25,0.7648,1147.76,459.02,0.5630,1126.47,458.58,0.7743,1138.89,470.99,0.7839,1105.63,478.53,0.7321,1139.33,498.49,0.8402,1087.89,509.13,0.7244,1152.64,525.10,0.8338,1079.02,541.50,0.6325,1106.52,510.02,0.7386,1087.45,508.69,0.7424,1092.77,546.83,0.4518,1118.05,544.61,0.7943,1065.72,564.12,0.7017,1123.81,599.15,0.7362
907,bottom,0,1038.73,579.24,1183.39,803.37,1118.18,599.37,0.7142,1118.72,596.64,0.5870,1117.08,597.19,0.6216,1099.57,599.92,0.5969,1111.06,603.75,0.6433,1085.89,618.53,0.6429,1103.40,632.21,0.6636,1071.66,646.98,0.4083,1128.57,665.59,0.6246,1080.42,675.44,0.2555,1161.95,683.10,0.6807,1056.34,683.64,0.7089,1068.38,686.38,0.7261,1094.65,723.59,0.5797,1111.61,726.33,0.6797,1055.79,756.42,0.6637,1111.61,784.88,0.7127
908,top,1,1050.50,434.28,1165.95,588.86,1136.53,457.60,0.8206,1139.93,453.07,0.7046,1132.76,453.07,0.7133,1142.95,454.58,0.5517,1121.81,454.96,0.7501,1135.40,467.04,0.7479,1102.19,476.47,0.7066,1137.66,494.21,0.7798,1084.07,504.78,0.6464,1154.27,520.63,0.7981,1075.77,538.74,0.5783,1105.21,511.19,0.6204,1089.36,511.57,0.6674,1089.73,549.68,0.4186,1118.04,544.40,0.7576,1065.20,564.03,0.6708,1117.28,595.73,0.6472
908,bottom,0,1051.59,581.49,1192.29,803.53,1126.82,604.15,0.7471,1127.91,601.44,0.5412,1125.74,601.98,0.6649,1107.85,603.07,0.6261,1120.32,606.86,0.6647,1093.75,620.41,0.6938,1113.27,634.51,0.6724,1084.54,650.77,0.4519,1138.21,667.03,0.6899,1094.30,674.62,0.4064,1170.73,680.59,0.6895,1063.94,682.21,0.7070,1075.86,686.55,0.7355,1102.97,714.20,0.5563,1120.32,727.75,0.7259,1072.61,750.52,0.7342,1113.81,783.58,0.7679
909,top,1,1049.89,431.24,1168.54,590.36,1133.69,455.25,0.8785,1136.02,450.58,0.7546,1129.03,451.36,0.7480,1139.13,451.75,0.5438,1118.93,452.91,0.7617,1133.69,465.35,0.7739,1099.50,476.61,0.7306,1137.57,493.32,0.8018,1080.86,504.58,0.7233,1157.39,518.18,0.7965,1075.03,537.60,0.6579,1105.33,513.13,0.6320,1089.79,513.52,0.6913,1092.51,548.87,0.4051,1118.15,544.98,0.7694,1065.32,565.19,0.6870,1114.65,597.82,0.6500
909,bottom,0,1058.49,583.60,1200.45,803.88,1132.16,605.00,0.7381,1134.31,602.32,0.5155,1131.62,602.85,0.6236,1116.56,604.47,0.6494,1128.93,607.69,0.6417,1101.50,622.21,0.6800,1123.01,634.58,0.6648,1091.29,655.56,0.4715,1147.75,667.39,0.6797,1110.65,677.61,0.4786,1180.02,678.14,0.6715,1070.85,680.83,0.6855,1082.68,687.29,0.7149,1116.56,695.35,0.5095,1127.85,730.31,0.7393,1092.36,746.44,0.6833,1114.41,784.09,0.7598
910,top,1,1049.95,429.66,1174.13,599.46,1130.28,453.21,0.8294,1133.18,448.65,0.7705,1126.13,449.06,0.7319,1136.50,450.30,0.5184,1117.01,451.55,0.6862,1132.35,464.81,0.7870,1099.19,475.18,0.7643,1137.74,490.93,0.8108,1079.29,502.12,0.7492,1159.30,513.73,0.7713,1073.49,536.95,0.6861,1104.58,513.73,0.7083,1089.24,514.98,0.7528,1095.04,546.48,0.4543,1117.84,546.90,0.7795,1066.85,564.31,0.7533,1114.11,600.79,0.7941
910,bottom,0,1064.38,583.39,1208.57,804.03,1140.24,605.91,0.7332,1142.94,603.21,0.4990,1140.78,603.75,0.5818,1124.62,604.83,0.6126,1138.09,608.06,0.6459,1111.69,620.99,0.6724,1133.24,634.46,0.6801,1105.77,656.00,0.4504,1156.40,665.16,0.7053,1122.47,674.86,0.4285,1188.72,677.55,0.6904,1075.60,677.01,0.6906,1089.61,684.55,0.7168,1120.85,688.32,0.4740,1132.16,733.57,0.7071,1110.62,742.73,0.6217,1114.39,784.75,0.7483
911,top,1,1051.08,428.36,1177.95,597.68,1128.57,451.84,0.8460,1131.47,447.29,0.7682,1124.44,447.70,0.7004,1134.77,449.36,0.5790,1114.93,450.18,0.6639,1131.47,463.00,0.7807,1097.98,474.57,0.7581,1138.49,489.04,0.7736,1077.73,501.44,0.7418,1162.05,510.12,0.7601,1072.35,536.58,0.6981,1103.77,515.50,0.6647,1088.89,516.32,0.7475,1094.26,547.33,0.4454,1117.82,547.33,0.7569,1066.98,564.27,0.7387,1115.34,601.06,0.8323
911,bottom,0,1069.57,582.72,1214.22,802.95,1147.81,603.04,0.7150,1151.04,600.89,0.5120,1148.89,600.89,0.5317,1133.83,603.04,0.6522,1148.89,605.73,0.6209,1120.93,618.63,0.6296,1141.36,632.07,0.6789,1115.01,650.36,0.4051,1162.86,662.72,0.6552,1125.23,669.71,0.3255,1194.59,678.85,0.6560,1082.75,673.48,0.6476,1098.88,682.62,0.6914,1126.30,678.32,0.3239,1132.75,731.55,0.6572,1117.70,728.86,0.2455,1114.47,783.16,0.7210
912,top,0,1053.55,427.38,1180.44,611.67,1126.89,450.69,0.9272,1129.59,446.19,0.8762,1122.40,446.64,0.7577,1133.64,447.99,0.7401,1112.95,449.34,0.8221,1131.84,462.38,0.8161,1096.75,474.53,0.7769,1139.94,486.68,0.7318,1076.05,498.83,0.8111,1165.14,506.03,0.7914,1071.55,533.47,0.7326,1104.40,516.38,0.6888,1090.45,517.73,0.7748,1094.50,546.07,0.4585,1117.90,549.22,0.7708,1066.60,564.07,0.7524,1115.20,600.96,0.8186
912,bottom,1,1079.39,579.24,1214.64,802.67,1157.38,602.04,0.7563,1159.56,598.22,0.5379,1158.47,598.77,0.5811,1142.65,601.50,0.6618,1157.38,604.22,0.6590,1128.47,615.13,0.6597,1149.74,630.95,0.7240,1121.92,645.68,0.3848,1165.02,659.32,0.6476,1147.02,660.95,0.3607,1194.47,681.68,0.6599,1093.01,672.95,0.6382,1108.29,681.14,0.7067,1127.92,692.05,0.3001,1127.92,732.41,0.7011,1136.65,723.68,0.5205,1113.74,782.05,0.7477
913,top,1,1057.24,426.98,1181.53,613.62,1126.22,448.30,0.8789,1128.96,443.75,0.8741,1121.67,444.20,0.7746,1133.06,446.02,0.7640,1112.10,446.94,0.8463,1131.69,461.06,0.7946,1097.06,471.54,0.7663,1143.08,484.30,0.7259,1076.10,495.69,0.8157,1166.78,502.53,0.8010,1071.08,528.50,0.7213,1106.17,514.38,0.6994,1090.22,516.66,0.7563,1102.07,545.36,0.5105,1118.48,551.74,0.7769,1070.17,562.22,0.7015,1115.74,601.41,0.8018
913,bottom,0,1088.73,578.22,1208.17,799.01,1164.62,600.22,0.7450,1165.70,596.98,0.5557,1165.70,597.52,0.6242,1149.53,599.14,0.6341,1164.62,602.37,0.6434,1135.51,613.15,0.6501,1157.07,627.17,0.7393,1121.50,642.26,0.3507,1165.16,656.82,0.6830,1147.37,659.51,0.3433,1188.88,683.23,0.6402,1101.55,670.83,0.6425,1115.03,676.76,0.6672,1129.58,698.32,0.3688,1124.19,727.43,0.6780,1141.98,712.87,0.4077,1111.80,777.02,0.7229
914,top,0,1062.30,421.94,1183.74,614.64,1125.37,446.31,0.9463,1128.20,442.07,0.8445,1121.14,442.54,0.7987,1131.96,443.96,0.6847,1111.26,444.43,0.8347,1132.43,459.01,0.8523,1098.56,466.54,0.8163,1146.07,481.59,0.7692,1075.98,492.41,0.8526,1169.13,501.35,0.8848,1070.33,523.46,0.7567,1108.91,511.23,0.7692,1092.91,513.11,0.7968,1103.73,545.57,0.6443,1117.38,552.16,0.8398,1076.45,562.04,0.7746,1115.49,602.03,0.8438
914,bottom,1,1095.69,576.46,1194.28,795.00,1170.60,598.76,0.7778,1171.13,595.56,0.5531,1171.13,596.10,0.6969,1151.92,598.23,0.6380,1169.53,601.43,0.7309,1138.05,612.10,0.6834,1161.53,627.04,0.7475,1122.04,630.78,0.3781,1163.13,649.98,0.6659,1136.98,665.99,0.2788,1177.53,678.26,0.6381,1109.24,670.79,0.6452,1124.18,677.73,0.6332,1135.38,703.87,0.4549,1124.18,726.28,0.6697,1151.92,717.74,0.3973,1108.17,770.03,0.7295
915,top,0,1064.50,420.34,1183.90,617.55,1125.65,444.32,0.9331,1128.53,439.99,0.8286,1121.31,439.99,0.8117,1132.39,441.91,0.6915,1111.20,441.91,0.8535,1133.35,457.80,0.8302,1096.28,462.61,0.7795,1147.79,478.50,0.7562,1075.09,489.10,0.8475,1168.98,500.65,0.8609,1070.76,520.39,0.7305,1110.24,510.28,0.7875,1091.94,511.72,0.7878,1106.39,548.32,0.6676,1113.13,551.69,0.8345,1081.35,562.76,0.7664,1115.53,601.28,0.7947
915,bottom,1,1089.32,577.71,1182.17,792.07,1169.24,598.02,0.8242,1171.85,596.45,0.5635,1170.28,595.93,0.5994,1159.29,599.59,0.6854,1173.42,601.68,0.7636,1144.64,615.29,0.7171,1169.24,627.85,0.7637,1135.22,640.41,0.3984,1161.39,652.44,0.5788,1151.44,662.91,0.2986,1165.57,671.81,0.5336,1116.90,676.52,0.5482,1130.51,681.23,0.5728,1142.55,715.24,0.4030,1129.46,729.37,0.5547,1107.48,716.81,0.2798,1104.34,769.15,0.6339
916,top,0,1060.73,416.11,1180.43,618.53,1125.52,442.69,0.9123,1128.98,438.25,0.8580,1121.08,438.25,0.7738,1132.44,440.22,0.7292,1111.19,440.22,0.7937,1133.93,457.03,0.8128,1093.90,459.99,0.7845,1148.26,476.79,0.7656,1073.63,487.17,0.8380,1167.04,497.55,0.7931,1070.17,518.80,0.7564,1111.19,504.96,0.7652,1088.95,505.46,0.7689,1116.13,552.90,0.8043,1106.25,551.42,0.7938,1090.93,565.75,0.7280,1114.16,599.85,0.7986
916,bottom,1,1087.89,583.68,1185.33,787.29,1169.92,600.98,0.8312,1171.91,599.48,0.5231,1170.41,598.99,0.5312,1161.96,604.46,0.6847,1176.88,605.45,0.6954,1152.52,621.85,0.6850,1174.39,628.81,0.7661,1144.56,645.22,0.3452,1161.47,640.74,0.6057,1156.00,700.89,0.2868,1155.50,658.64,0.5585,1121.70,680.02,0.5166,1135.62,683.00,0.5723,1155.00,714.32,0.3827,1137.11,729.23,0.5685,1112.25,748.62,0.3056,1106.78,767.51,0.6523
917,top,0,1062.50,417.06,1178.49,617.12,1125.38,442.36,0.9169,1128.80,437.97,0.8690,1120.98,437.97,0.7461,1131.73,439.43,0.7043,1110.73,439.43,0.7501,1134.66,457.02,0.8515,1091.68,458.48,0.8418,1149.31,478.51,0.8072,1071.65,485.35,0.8605,1166.90,501.46,0.8516,1068.72,518.07,0.7658,1112.19,502.44,0.7794,1087.28,501.95,0.7612,1119.52,554.21,0.8400,1098.52,552.26,0.8399,1095.59,564.47,0.5711,1112.19,599.64,0.7628
917,bottom,2,1092.18,586.87,1189.24,782.81,1174.20,607.82,0.8223,1175.63,605.91,0.4450,1175.63,605.91,0.5034,1167.98,610.21,0.6124,1179.94,610.69,0.6117,1161.76,625.04,0.7127,1178.98,629.83,0.7741,1164.15,644.18,0.3813,1164.15,638.44,0.5395,1159.85,696.80,0.3116,1152.19,647.53,0.6021,1123.01,678.14,0.5538,1135.93,681.49,0.5893,1145.97,711.63,0.4303,1144.06,730.28,0.6620,1120.62,753.72,0.3826,1111.05,762.81,0.7143
918,top,0,1060.74,415.75,1175.61,615.76,1123.06,442.51,0.8984,1126.96,438.12,0.8662,1119.15,438.12,0.7485,1130.38,440.56,0.7769,1108.90,439.58,0.8113,1133.80,459.11,0.7952,1088.87,459.11,0.8270,1146.98,479.62,0.7789,1070.32,486.95,0.8179,1163.59,502.57,0.8280,1066.41,519.17,0.7372,1111.34,501.11,0.7443,1083.50,501.60,0.7142,1120.61,555.80,0.7856,1089.36,553.84,0.7723,1109.38,578.26,0.8071,1103.04,597.30,0.7182
918,bottom,1,1099.83,600.12,1194.90,778.28,1185.64,615.70,0.6440,1186.95,613.09,0.3744,1186.95,611.78,0.4712,1172.16,615.26,0.4295,1185.64,616.13,0.6358,1162.59,629.18,0.5142,1186.51,633.53,0.6457,1156.50,657.02,0.2892,1173.90,635.70,0.4107,1163.02,702.25,0.3707,1152.15,639.62,0.4527,1124.75,671.80,0.4945,1141.71,677.89,0.4966,1160.41,707.04,0.3050,1148.67,730.96,0.5744,1124.75,752.27,0.3993,1114.31,755.32,0.6223
919,top,0,1057.34,421.42,1171.82,620.19,1120.41,442.68,0.8947,1123.80,438.31,0.8706,1116.52,438.31,0.7471,1127.69,441.71,0.7671,1107.30,440.74,0.7473,1131.57,461.12,0.8034,1087.41,461.12,0.8144,1144.18,482.96,0.7836,1069.94,489.75,0.8307,1159.23,506.73,0.8122,1065.08,520.81,0.7546,1112.16,503.34,0.7271,1083.04,502.85,0.7213,1120.41,554.29,0.7655,1082.07,553.32,0.7539,1123.32,594.08,0.8130,1093.23,598.45,0.7973
919,bottom,1,1104.02,613.81,1198.01,776.11,1191.04,631.16,0.5436,1191.43,626.41,0.2556,1193.02,629.18,0.4022,1174.39,625.62,0.4156,1189.45,629.18,0.5438,1156.96,632.35,0.4172,1189.85,636.31,0.5938,1152.20,648.20,0.2528,1172.81,634.73,0.3140,1162.11,701.30,0.1931,1158.94,635.92,0.3018,1125.66,664.45,0.5066,1147.85,671.18,0.4542,1154.58,676.73,0.2590,1152.60,726.66,0.5251,1154.98,715.96,0.2188,1121.69,745.68,0.5521
920,top,0,1055.65,426.85,1165.04,621.98,1115.58,443.90,0.9222,1119.40,440.09,0.8482,1112.25,439.62,0.7524,1124.16,444.86,0.7707,1104.15,443.90,0.7180,1129.88,466.30,0.8216,1086.05,464.87,0.8168,1141.31,488.21,0.8078,1069.37,493.45,0.8053,1154.65,512.51,0.8132,1062.23,526.80,0.6962,1113.20,505.36,0.7536,1082.71,505.84,0.7342,1119.87,557.76,0.7801,1076.04,555.86,0.7599,1133.69,603.50,0.8236,1078.43,597.78,0.7972
920,bottom,1,1108.65,619.82,1198.87,771.12,1188.85,644.12,0.4144,1184.79,635.26,0.1437,1192.18,646.71,0.2756,1180.73,633.41,0.2678,1191.81,641.91,0.4296,1163.73,632.30,0.2875,1192.18,636.37,0.5568,1156.72,645.97,0.1896,1173.34,631.93,0.3539,1162.26,668.50,0.1441,1180.73,632.30,0.1997,1127.53,657.79,0.5246,1150.81,661.86,0.4424,1156.35,669.61,0.2057,1158.56,717.63,0.5045,1159.67,713.94,0.2272,1126.43,737.58,0.5375
921,top,0,1049.26,428.38,1158.12,627.58,1111.47,446.77,0.9385,1115.36,443.36,0.8778,1107.58,442.87,0.7641,1120.71,448.71,0.7848,1100.29,447.74,0.7599,1127.52,471.08,0.8495,1082.29,470.59,0.8263,1136.76,493.45,0.7938,1068.19,501.23,0.7836,1148.92,519.71,0.7853,1060.89,535.27,0.7160,1112.93,512.90,0.7486,1082.29,511.93,0.7325,1119.74,561.54,0.7784,1070.13,559.10,0.7220,1139.19,614.06,0.7931,1064.79,605.79,0.7620
921,bottom,1,1110.25,617.91,1200.77,766.63,1184.19,657.05,0.5034,1184.19,599.32,0.2614,1187.82,654.87,0.3840,1179.47,636.72,0.2695,1189.64,647.25,0.4973,1159.14,630.91,0.3124,1193.99,641.80,0.5831,1138.44,612.76,0.3849,1184.92,627.28,0.4893,1136.63,599.32,0.3018,1187.46,641.80,0.2125,1130.46,650.52,0.5800,1155.15,656.33,0.5059,1147.52,684.28,0.1893,1163.13,710.42,0.5440,1136.99,712.97,0.1799,1133.36,730.03,0.5281
922,top,0,1037.59,431.63,1154.10,629.45,1106.95,450.37,0.9233,1110.82,446.99,0.9067,1103.09,446.51,0.8051,1115.65,452.78,0.8574,1095.84,451.34,0.8265,1124.34,475.48,0.8090,1078.94,474.03,0.7944,1132.55,500.60,0.7640,1066.39,507.84,0.7550,1143.17,528.61,0.7352,1059.62,540.68,0.6851,1112.26,521.85,0.7033,1082.32,519.91,0.7039,1119.51,566.76,0.7751,1063.97,561.93,0.7742,1142.69,614.09,0.8057,1055.28,609.26,0.8490
922,bottom,1,1115.92,617.24,1201.92,761.02,1185.25,656.13,0.4785,1183.49,599.26,0.2217,1187.35,655.78,0.3070,1176.47,599.26,0.2258,1191.22,646.65,0.5026,1153.66,632.96,0.2548,1193.32,641.04,0.4854,1129.08,677.19,0.6227,1194.38,629.80,0.3336,1142.42,703.52,0.5585,1151.90,718.26,0.2099,1132.59,648.76,0.5798,1158.92,651.92,0.4838,1156.11,699.31,0.2063,1165.59,702.82,0.4834,1138.91,715.46,0.2270,1140.32,724.23,0.4098
923,top,0,1036.35,434.76,1152.51,627.90,1101.50,451.64,0.9272,1105.27,448.34,0.9158,1097.73,448.34,0.8268,1110.93,454.47,0.8830,1091.13,454.00,0.8203,1120.83,478.52,0.8043,1075.57,478.04,0.7838,1127.91,506.34,0.7567,1065.19,511.05,0.7609,1136.39,535.57,0.7218,1059.54,542.64,0.7212,1111.40,529.91,0.7003,1082.64,528.97,0.6803,1117.53,569.52,0.7786,1063.31,564.81,0.7659,1140.64,612.43,0.8253,1055.29,608.66,0.8715
923,bottom,3,1118.79,617.15,1212.81,733.10,1190.29,645.74,0.4314,1187.53,628.29,0.1623,1193.04,753.17,0.2545,1179.88,628.60,0.1891,1193.65,642.07,0.4444,1163.66,630.13,0.1808,1189.98,642.99,0.3806,1125.71,671.14,0.6165,1176.21,629.83,0.1282,1132.13,701.14,0.6750,1158.15,710.01,0.1933,1135.50,646.35,0.5488,1163.96,647.88,0.3682,1151.42,675.12,0.2914,1173.45,690.12,0.4973,1163.05,709.09,0.3303,1149.27,719.50,0.4371
924,top,0,1035.67,436.00,1151.74,629.19,1097.01,451.47,0.9545,1100.78,448.17,0.8875,1093.24,448.17,0.8331,1106.44,454.30,0.8750,1086.63,454.30,0.8303,1117.29,477.88,0.8117,1072.48,477.41,0.7915,1124.84,508.54,0.7620,1064.46,510.90,0.7722,1130.97,540.14,0.7257,1059.28,542.03,0.7342,1109.74,532.12,0.7115,1082.39,531.65,0.6885,1114.46,570.33,0.7773,1061.16,567.50,0.7691,1140.40,612.78,0.8388,1055.50,610.42,0.8790
924,bottom,1,1120.23,612.70,1233.15,751.57,1189.18,644.27,0.4031,1191.76,623.32,0.1707,1193.23,650.52,0.2676,1175.22,627.00,0.2164,1192.13,639.13,0.4380,1152.06,629.20,0.2950,1195.07,635.82,0.4091,1126.33,663.02,0.7011,1206.46,629.20,0.3680,1127.80,693.16,0.6583,1221.53,628.84,0.4428,1137.72,645.74,0.6261,1163.82,646.85,0.4396,1151.69,673.68,0.5587,1179.63,678.83,0.5705,1160.15,712.64,0.5139,1161.62,715.22,0.5379
925,top,0,1034.84,431.96,1149.93,630.30,1093.83,448.81,0.9812,1097.71,445.42,0.8820,1089.48,445.42,0.8693,1103.52,450.75,0.8994,1083.18,451.23,0.8755,1115.14,476.41,0.7971,1069.62,474.48,0.7943,1122.89,508.37,0.7291,1062.36,508.86,0.7684,1126.76,540.81,0.7343,1058.00,540.81,0.7418,1108.36,532.10,0.6859,1080.76,531.13,0.6793,1113.69,570.84,0.7698,1057.52,568.42,0.7768,1139.35,613.45,0.8428,1055.10,610.06,0.8941
925,bottom,1,1117.33,614.65,1250.60,746.70,1185.70,634.69,0.4508,1180.93,624.71,0.2300,1191.77,635.55,0.3317,1164.88,620.37,0.3082,1191.34,633.82,0.5137,1151.43,627.31,0.5092,1190.04,631.22,0.4738,1127.13,654.64,0.7165,1211.30,631.22,0.4660,1124.96,687.61,0.7469,1234.72,635.12,0.5803,1137.98,645.53,0.6879,1164.88,644.67,0.5355,1152.73,673.73,0.6768,1186.13,676.34,0.6598,1160.97,713.64,0.6883,1169.21,715.81,0.7039
926,top,0,1035.11,428.36,1149.24,631.36,1092.18,444.62,1.0016,1096.64,441.15,0.8824,1087.72,441.15,0.8718,1102.59,447.59,0.8754,1080.78,447.59,0.8910,1113.49,471.38,0.8180,1067.89,471.38,0.8107,1121.91,504.09,0.7426,1060.46,505.08,0.7957,1123.90,535.31,0.7253,1056.49,536.31,0.7492,1106.55,531.35,0.7314,1079.79,529.37,0.7257,1114.48,571.49,0.7898,1056.99,566.04,0.8027,1139.26,614.12,0.8670,1055.01,609.65,0.9286
926,bottom,1,1120.08,608.31,1263.21,746.00,1190.25,620.78,0.5473,1187.45,617.98,0.3014,1193.98,617.98,0.3957,1183.73,617.52,0.4796,1196.31,619.85,0.5558,1160.90,622.18,0.5140,1197.24,625.44,0.5375,1129.22,648.27,0.7068,1221.93,635.69,0.5229,1123.16,679.48,0.7700,1248.02,645.00,0.6378,1139.47,645.94,0.7200,1166.02,647.80,0.5948,1153.44,672.96,0.7067,1191.18,672.03,0.7054,1163.23,713.03,0.7476,1178.60,720.01,0.7392
927,top,0,1033.69,426.16,1149.71,628.59,1091.21,440.89,0.9776,1095.65,437.43,0.8623,1086.76,437.43,0.8590,1101.09,443.85,0.8870,1079.84,443.85,0.8978,1112.46,468.07,0.8266,1067.48,468.07,0.8105,1121.35,499.20,0.7488,1059.08,500.19,0.7775,1122.83,528.86,0.7194,1054.63,532.81,0.7105,1106.03,526.88,0.7448,1078.85,524.90,0.7433,1115.42,569.87,0.8016,1056.12,563.94,0.8049,1139.64,612.38,0.8673,1055.13,608.92,0.9336
927,bottom,1,1119.24,596.82,1272.32,748.72,1191.79,612.47,0.6965,1189.30,610.98,0.4146,1193.79,612.47,0.4701,1182.32,611.98,0.6365,1197.27,613.97,0.6904,1162.39,618.45,0.5991,1201.26,621.94,0.6134,1131.49,638.39,0.7019,1228.67,641.88,0.6148,1121.03,671.78,0.7181,1256.08,656.33,0.7235,1140.46,646.86,0.7067,1165.88,647.86,0.6166,1154.92,675.26,0.7087,1195.28,673.77,0.7125,1163.89,713.64,0.7412,1186.81,727.09,0.7466
928,top,0,1035.91,423.50,1147.72,629.42,1090.81,436.47,0.9724,1094.83,433.45,0.8763,1086.29,432.95,0.8642,1100.36,440.49,0.9028,1079.25,439.99,0.9212,1111.93,463.62,0.8418,1067.18,463.12,0.8276,1121.48,494.29,0.7748,1058.64,495.29,0.8011,1122.49,524.95,0.7510,1053.61,527.97,0.7211,1105.89,522.94,0.7575,1078.24,521.43,0.7585,1116.95,567.18,0.8114,1056.12,563.16,0.8079,1139.58,611.93,0.8619,1055.12,608.41,0.9370
928,bottom,1,1110.00,585.39,1274.89,749.27,1190.30,600.77,0.7942,1189.23,599.16,0.5617,1190.30,600.24,0.5458,1181.71,601.31,0.7293,1198.35,603.99,0.7451,1160.24,613.65,0.6222,1202.65,616.34,0.6846,1130.72,630.29,0.7062,1229.49,644.25,0.6503,1117.84,661.43,0.7551,1258.47,667.33,0.6793,1144.14,646.40,0.7048,1169.91,646.40,0.6315,1154.88,677.53,0.6253,1197.82,678.06,0.7158,1163.46,714.03,0.7292,1189.23,729.06,0.7389
929,top,0,1035.88,419.13,1141.71,629.48,1090.85,432.89,0.9525,1095.47,429.81,0.8846,1086.74,429.81,0.8310,1100.61,436.49,0.9115,1079.55,436.49,0.8747,1111.39,460.11,0.8387,1066.71,459.09,0.8214,1121.15,490.93,0.7703,1057.98,492.47,0.7946,1121.15,518.66,0.7114,1052.33,524.31,0.7374,1105.23,518.66,0.7514,1077.50,517.63,0.7573,1117.55,565.91,0.8082,1055.93,564.37,0.7897,1137.58,609.56,0.8251,1054.90,608.53,0.9285
929,bottom,1,1104.18,575.46,1265.25,749.23,1188.91,592.09,0.8263,1188.91,592.09,0.5357,1190.49,592.61,0.4758,1180.52,594.71,0.7268,1196.78,596.81,0.7259,1161.65,607.82,0.6309,1203.59,613.58,0.6857,1132.81,624.59,0.6779,1229.28,645.04,0.7106,1114.46,647.14,0.7604,1252.88,671.78,0.7303,1148.54,646.09,0.6796,1174.23,646.09,0.6264,1155.88,681.22,0.6635,1197.30,679.65,0.7254,1163.75,714.25,0.7308,1187.86,729.46,0.7526
930,top,1,1037.68,416.72,1140.20,627.45,1091.51,430.51,0.9278,1095.63,427.42,0.8738,1087.40,426.91,0.8159,1100.77,434.11,0.9100,1080.19,433.59,0.8757,1111.58,457.26,0.8323,1066.30,456.75,0.8255,1122.38,487.10,0.7818,1058.07,489.16,0.8028,1122.38,513.34,0.7577,1051.90,521.05,0.7397,1105.92,516.42,0.7376,1077.62,515.40,0.7545,1118.27,565.30,0.8102,1057.04,563.24,0.7811,1134.21,610.06,0.8392,1054.98,607.49,0.9315
930,bottom,0,1101.86,567.71,1251.64,749.55,1188.46,582.57,0.8994,1188.94,581.59,0.6250,1189.92,582.57,0.5602,1179.68,586.95,0.7282,1196.26,589.39,0.7626,1161.15,602.56,0.6645,1204.06,608.41,0.7331,1134.34,619.13,0.6933,1225.02,641.56,0.7098,1112.88,638.64,0.7320,1242.09,670.33,0.7139,1150.91,644.49,0.6555,1176.27,645.46,0.6382,1156.28,682.52,0.6541,1197.23,682.03,0.7267,1162.61,713.72,0.7333,1188.94,729.32,0.7718
931,top,1,1035.57,414.56,1135.13,625.69,1093.08,427.85,0.8991,1096.69,425.28,0.8879,1089.47,424.76,0.8266,1101.84,432.49,0.8736,1081.74,431.98,0.8686,1112.15,456.21,0.8152,1067.31,455.17,0.7857,1123.49,485.07,0.7829,1058.55,486.62,0.7838,1124.53,512.91,0.7454,1051.84,518.06,0.7351,1107.00,514.45,0.7057,1078.65,513.94,0.7080,1118.85,562.91,0.7751,1059.06,561.36,0.7612,1130.20,607.24,0.8173,1054.42,606.72,0.8908
931,bottom,0,1103.50,559.98,1231.89,750.10,1187.19,576.60,0.8945,1187.65,575.21,0.5353,1186.26,575.67,0.6029,1178.84,579.85,0.6360,1196.94,581.71,0.7904,1162.59,597.49,0.6864,1204.36,603.52,0.7890,1134.28,612.34,0.6700,1221.07,635.55,0.6272,1113.39,630.91,0.6867,1226.64,662.47,0.6120,1152.84,642.97,0.6289,1179.30,644.83,0.6223,1156.56,682.43,0.6492,1197.40,683.82,0.7271,1161.20,718.63,0.6860,1188.12,732.56,0.7712
932,top,1,1035.20,413.34,1133.99,626.01,1093.94,426.74,0.9018,1097.57,423.62,0.8962,1089.78,423.10,0.8436,1102.76,430.37,0.8623,1082.52,429.85,0.8917,1113.67,454.78,0.8139,1068.50,454.26,0.7786,1126.13,483.85,0.7749,1059.15,485.93,0.7836,1127.17,510.85,0.7573,1051.88,516.56,0.7346,1108.99,512.41,0.6876,1079.40,511.89,0.6918,1119.90,564.33,0.7643,1060.19,561.73,0.7631,1128.72,609.50,0.8047,1055.00,606.38,0.8880
932,bottom,0,1106.19,553.60,1223.47,749.54,1186.36,571.68,0.9726,1187.31,570.72,0.5774,1184.44,570.24,0.6574,1178.70,575.03,0.6753,1195.45,576.46,0.8047,1162.44,592.25,0.7387,1205.02,599.90,0.8511,1136.61,605.64,0.6807,1217.93,637.22,0.7101,1115.56,625.74,0.7363,1209.32,646.79,0.6018,1154.78,640.57,0.6654,1181.57,642.48,0.6722,1156.70,681.71,0.6960,1195.93,685.06,0.7259,1160.05,720.46,0.7250,1187.79,733.85,0.8343
933,top,1,1035.36,412.33,1137.08,627.78,1095.69,425.90,0.9042,1099.90,422.75,0.8937,1092.01,422.22,0.8455,1105.16,429.59,0.8624,1084.64,429.06,0.8932,1115.68,454.31,0.8081,1070.44,453.78,0.7783,1127.77,483.76,0.7721,1059.92,485.34,0.7807,1130.40,510.59,0.7601,1053.08,515.85,0.7383,1110.42,512.69,0.6762,1080.44,512.17,0.6853,1119.88,565.29,0.7612,1060.97,563.19,0.7523,1126.72,610.00,0.7937,1054.66,606.84,0.8803
933,bottom,0,1109.82,546.78,1218.51,749.73,1185.96,566.50,0.9716,1185.96,565.01,0.5838,1184.48,565.01,0.6522,1177.05,569.97,0.7090,1194.88,571.46,0.8399,1160.20,588.30,0.7440,1204.30,595.73,0.8433,1134.93,602.67,0.7041,1213.21,633.39,0.8116,1117.59,622.98,0.7412,1195.87,635.37,0.6070,1156.24,637.35,0.6593,1183.49,638.84,0.6760,1157.23,678.97,0.7362,1193.89,685.91,0.7498,1158.22,722.58,0.7895,1188.44,733.48,0.8682
934,top,1,1036.18,412.72,1140.04,626.13,1098.53,426.16,0.8922,1102.70,422.52,0.8900,1094.88,421.99,0.8406,1107.39,429.29,0.8437,1087.59,428.77,0.8942,1118.33,454.30,0.7991,1073.00,453.78,0.7666,1130.83,483.47,0.7713,1062.06,485.04,0.7723,1133.44,511.09,0.7647,1054.76,515.26,0.7298,1111.56,513.17,0.6603,1081.86,512.13,0.6718,1120.93,565.28,0.7667,1062.58,563.71,0.7590,1124.58,608.52,0.7615,1054.76,606.44,0.8769
934,bottom,0,1114.24,543.36,1215.45,748.16,1184.85,562.76,0.9601,1183.85,561.26,0.5707,1183.85,561.26,0.6337,1175.35,565.26,0.7575,1193.85,567.26,0.8263,1159.35,585.26,0.7536,1203.35,592.26,0.8521,1134.35,601.26,0.7204,1208.85,628.76,0.8266,1119.35,624.26,0.7878,1199.35,615.76,0.5545,1157.85,635.26,0.7059,1184.35,636.26,0.7243,1156.85,676.26,0.7690,1192.85,686.26,0.7705,1156.35,724.26,0.8170,1189.85,732.76,0.9007
935,top,1,1036.97,413.09,1144.04,626.19,1101.95,425.47,0.8889,1105.59,422.35,0.8883,1097.79,421.83,0.8271,1110.79,429.11,0.8384,1090.50,428.59,0.8851,1121.20,453.57,0.8111,1075.94,453.57,0.7673,1133.17,483.22,0.7790,1065.01,484.78,0.7827,1137.85,511.83,0.7687,1058.25,514.96,0.7472,1114.44,514.44,0.6705,1084.78,513.39,0.6871,1122.24,567.50,0.7557,1064.49,563.86,0.7659,1122.24,607.56,0.7564,1054.61,607.04,0.8772
935,bottom,0,1118.63,538.90,1212.35,751.62,1183.15,558.53,0.9508,1182.11,556.97,0.5963,1183.15,557.49,0.6196,1173.80,560.60,0.8074,1190.94,563.20,0.8260,1155.62,582.42,0.7883,1200.81,588.65,0.8614,1134.33,602.67,0.7440,1206.52,626.56,0.8149,1123.42,626.04,0.7871,1199.77,608.38,0.5324,1158.22,634.87,0.7243,1184.71,635.91,0.7443,1156.14,675.90,0.7630,1193.02,686.80,0.7845,1154.58,727.83,0.8439,1194.05,734.06,0.9005
936,top,0,1037.21,412.00,1150.02,628.68,1105.78,425.12,0.9049,1109.49,421.95,0.8993,1101.55,421.95,0.8406,1114.78,428.30,0.8528,1094.15,428.30,0.8845,1125.36,452.63,0.8070,1080.39,453.16,0.7524,1136.47,483.31,0.7736,1068.75,484.90,0.7814,1141.76,511.88,0.7674,1062.94,515.58,0.7514,1117.95,514.52,0.6575,1088.33,513.47,0.6720,1124.30,569.01,0.7426,1067.17,564.25,0.7712,1121.13,608.69,0.7404,1054.47,607.63,0.8813
936,bottom,1,1120.77,536.44,1211.19,753.43,1181.87,556.47,1.0092,1181.34,554.88,0.6682,1181.87,555.41,0.6609,1173.39,558.06,0.8292,1189.29,560.71,0.8332,1153.79,580.84,0.8146,1199.88,587.19,0.8741,1134.19,608.38,0.7657,1205.18,625.34,0.8085,1126.25,631.16,0.7150,1195.11,615.27,0.4990,1157.50,635.40,0.7434,1185.05,635.93,0.7521,1153.79,678.84,0.7654,1194.06,687.85,0.7945,1151.67,729.70,0.8771,1196.70,736.06,0.8988
937,top,0,1037.96,412.30,1152.68,625.98,1110.97,425.24,0.8721,1114.62,422.11,0.8505,1106.79,421.59,0.8184,1119.84,428.89,0.8182,1099.49,428.89,0.8512,1130.27,453.41,0.7797,1085.41,453.41,0.7427,1140.18,484.19,0.7774,1073.41,484.71,0.7596,1145.40,512.88,0.7546,1068.71,515.49,0.6990,1121.92,516.01,0.6465,1092.19,514.45,0.6560,1126.10,567.14,0.7512,1070.28,564.01,0.7481,1121.40,608.35,0.7912,1056.19,606.79,0.8545
937,bottom,1,1123.14,535.76,1211.09,758.25,1180.69,555.75,1.0420,1181.23,554.12,0.7132,1181.23,554.66,0.6606,1172.00,557.38,0.8136,1188.84,560.10,0.8129,1152.45,581.82,0.8366,1199.16,587.26,0.8790,1139.41,611.70,0.7870,1204.59,625.82,0.8113,1129.63,637.77,0.7148,1192.10,618.22,0.4926,1157.33,637.77,0.7449,1186.12,638.31,0.7512,1150.27,683.40,0.7648,1194.27,691.00,0.8127,1149.73,731.20,0.8718,1200.25,740.97,0.9116
938,top,0,1038.56,411.23,1155.90,626.22,1116.13,425.30,0.8888,1119.80,422.15,0.8587,1111.93,421.62,0.8422,1125.05,428.45,0.8108,1104.06,428.45,0.8622,1135.55,452.59,0.7825,1089.88,453.64,0.7333,1144.47,484.08,0.7802,1078.34,486.18,0.7266,1148.67,514.00,0.7346,1075.19,518.20,0.6594,1126.10,515.57,0.6554,1097.76,515.05,0.6402,1128.72,567.01,0.7491,1077.29,564.91,0.7474,1122.43,609.00,0.8021,1057.34,606.90,0.8326
938,bottom,1,1125.92,536.07,1210.59,758.96,1179.14,556.64,1.0260,1179.68,555.01,0.7150,1178.60,555.55,0.6567,1169.34,558.82,0.8136,1186.76,561.00,0.7610,1150.84,584.39,0.8257,1197.10,588.75,0.8672,1141.59,617.59,0.7785,1204.17,626.84,0.7870,1132.34,646.43,0.7360,1188.39,631.19,0.4883,1157.92,643.16,0.7222,1186.76,644.25,0.7483,1145.95,690.50,0.7740,1193.83,694.31,0.8176,1147.03,734.03,0.8872,1200.36,740.56,0.8958
939,top,0,1042.44,410.52,1158.00,625.35,1121.73,425.10,0.8950,1124.87,421.43,0.8701,1117.53,420.90,0.8537,1130.64,427.72,0.8142,1109.66,427.72,0.8718,1140.08,451.85,0.8108,1095.50,453.42,0.7377,1147.43,484.37,0.7914,1083.44,486.99,0.7118,1151.62,513.74,0.7409,1082.39,520.56,0.6293,1130.12,515.84,0.6510,1102.32,515.31,0.6294,1130.64,568.29,0.7513,1083.96,565.14,0.7450,1122.77,609.20,0.8084,1061.93,606.58,0.8305
939,bottom,1,1127.40,538.59,1209.54,761.62,1176.64,558.08,1.0180,1178.27,556.45,0.7375,1176.09,556.45,0.6651,1167.38,560.26,0.7784,1183.72,561.35,0.7504,1149.41,587.48,0.8308,1195.15,590.21,0.8816,1142.34,621.79,0.7716,1203.32,628.32,0.8076,1135.80,653.37,0.7208,1189.16,635.94,0.4688,1158.67,645.75,0.7334,1186.44,645.75,0.7679,1143.42,699.65,0.7856,1192.97,695.30,0.8053,1143.97,739.40,0.8813,1200.60,742.67,0.8860
940,top,0,1057.65,411.25,1161.89,625.08,1126.48,423.67,0.9109,1129.61,420.54,0.8664,1122.30,420.02,0.8507,1135.35,426.80,0.8025,1114.47,426.80,0.8466,1143.18,451.34,0.8158,1100.90,453.43,0.7414,1149.45,483.71,0.7722,1089.41,487.36,0.7147,1154.67,513.47,0.7380,1089.93,520.77,0.6459,1133.79,513.47,0.6557,1106.64,513.47,0.6312,1131.70,566.19,0.7678,1090.98,564.11,0.7342,1123.35,609.52,0.7936,1071.14,605.35,0.8330
940,bottom,1,1122.16,539.36,1208.30,775.94,1173.32,559.46,0.9394,1175.05,557.15,0.6849,1172.74,557.73,0.6114,1163.50,561.19,0.7779,1180.25,562.35,0.7880,1146.17,589.49,0.7957,1192.38,590.65,0.8579,1140.97,625.30,0.7509,1201.62,629.92,0.7774,1136.93,657.07,0.7199,1192.38,647.83,0.4826,1157.72,650.72,0.7028,1184.87,650.14,0.7266,1143.28,705.59,0.7805,1191.22,694.61,0.7803,1141.55,751.79,0.8325,1200.46,743.71,0.8326
941,top,0,1071.65,409.63,1164.68,626.53,1131.40,423.30,0.9122,1134.58,419.59,0.9158,1126.64,419.59,0.8405,1139.88,425.94,0.8272,1118.69,425.94,0.8885,1147.29,449.24,0.8466,1105.99,451.89,0.7714,1152.58,482.60,0.7801,1092.75,487.37,0.7532,1157.35,511.73,0.7533,1097.51,518.08,0.7191,1136.17,513.32,0.6623,1110.22,513.32,0.6577,1132.99,565.74,0.7622,1099.63,565.74,0.7394,1123.99,609.16,0.7761,1082.16,603.87,0.8044
941,bottom,1,1120.27,539.82,1207.48,781.76,1169.19,559.78,0.8872,1171.55,557.42,0.6286,1169.19,558.60,0.5817,1159.15,561.55,0.8019,1177.46,563.33,0.8229,1142.61,590.50,0.7874,1189.86,592.27,0.8502,1136.70,630.07,0.7637,1198.72,632.44,0.7820,1132.57,662.56,0.7535,1196.36,660.79,0.6232,1155.02,654.88,0.7113,1182.78,653.70,0.7057,1143.20,709.81,0.7777,1189.27,696.82,0.7735,1140.25,760.02,0.8099,1199.91,744.66,0.7884
942,top,1,1085.11,408.86,1167.27,629.06,1136.41,423.80,0.9203,1139.63,420.04,0.9350,1132.10,420.04,0.8421,1143.93,425.95,0.8793,1124.04,425.41,0.9309,1151.46,450.14,0.8304,1110.06,451.76,0.7603,1155.22,483.48,0.7967,1097.16,487.24,0.7740,1160.06,512.51,0.7685,1105.22,516.27,0.7342,1140.17,515.73,0.6692,1115.44,516.27,0.6704,1135.87,566.81,0.7201,1106.30,566.81,0.7649,1124.04,609.28,0.7226,1095.01,606.05,0.8076
942,bottom,0,1118.75,540.56,1208.53,787.04,1164.84,560.30,0.8706,1166.05,557.89,0.5671,1164.84,558.49,0.5777,1154.61,562.10,0.7957,1173.27,563.31,0.8442,1138.97,591.59,0.8143,1186.51,592.19,0.8354,1132.35,630.70,0.7585,1196.73,630.70,0.8088,1126.93,665.00,0.7428,1202.15,659.59,0.7033,1152.81,655.98,0.7056,1179.89,654.77,0.7090,1141.98,711.94,0.7911,1187.71,698.70,0.7424,1141.98,764.89,0.8441,1199.14,743.23,0.7353
943,top,1,1093.29,409.28,1172.29,633.36,1140.99,423.95,0.9557,1144.82,420.12,0.9553,1136.62,420.12,0.8485,1148.65,426.13,0.9206,1128.41,426.13,0.9433,1154.67,449.66,0.8675,1115.83,451.30,0.7782,1159.05,483.58,0.8203,1101.60,485.76,0.8109,1165.06,512.57,0.7931,1110.90,513.12,0.7840,1142.63,516.40,0.7277,1120.75,516.95,0.7281,1136.07,568.92,0.6695,1117.47,567.28,0.7918,1127.86,611.04,0.5937,1109.26,611.04,0.8039
943,bottom,0,1115.56,541.39,1209.96,784.11,1160.98,560.24,0.8539,1161.58,557.87,0.5383,1160.98,558.46,0.5814,1150.91,562.01,0.7705,1169.87,562.61,0.8346,1135.50,592.23,0.8290,1182.32,591.05,0.8253,1126.61,631.94,0.7704,1195.94,628.97,0.8056,1120.69,664.53,0.7662,1203.65,656.82,0.7313,1150.91,656.23,0.7215,1177.57,655.05,0.7281,1140.84,712.52,0.7870,1185.87,699.49,0.7417,1142.61,766.45,0.8529,1198.31,744.52,0.7558
944,top,1,1099.73,409.53,1176.60,619.71,1145.86,423.79,0.9732,1149.46,420.20,0.9903,1141.76,420.20,0.8382,1153.56,426.36,0.8945,1133.55,426.36,0.8913,1159.21,449.96,0.8553,1120.21,451.50,0.7836,1162.80,483.83,0.8180,1105.33,485.88,0.8032,1169.47,512.57,0.7929,1116.10,511.54,0.7534,1145.86,517.18,0.7103,1124.82,516.67,0.7122,1141.76,567.47,0.5647,1125.34,566.96,0.7722,1130.98,606.98,0.4463,1121.75,611.60,0.7520
944,bottom,0,1110.59,539.05,1212.99,784.45,1156.99,558.70,0.8395,1156.99,556.30,0.5222,1156.99,557.50,0.5588,1146.81,561.69,0.7300,1166.58,561.69,0.8170,1131.83,592.25,0.8110,1179.16,589.85,0.8106,1122.24,630.59,0.7541,1195.34,625.80,0.7989,1116.25,662.35,0.7700,1204.92,653.96,0.7491,1148.61,653.96,0.7149,1176.17,652.76,0.7201,1139.62,712.68,0.7838,1183.95,700.69,0.7491,1142.02,767.20,0.8600,1196.54,745.03,0.7439
945,top,1,1104.07,410.87,1184.15,589.45,1150.65,424.74,0.8779,1154.14,421.25,0.8612,1145.86,420.81,0.7879,1158.50,426.92,0.7239,1138.01,426.48,0.8202,1163.73,452.64,0.7597,1124.06,451.77,0.6666,1165.91,484.47,0.7021,1109.67,486.64,0.7179,1174.63,512.80,0.7245,1124.49,511.50,0.6560,1150.22,518.91,0.6284,1127.98,518.04,0.5942,1153.27,570.79,0.4612,1134.08,568.61,0.6886,1125.36,611.33,0.3087,1124.06,611.33,0.4588
945,bottom,0,1106.99,536.60,1214.90,785.19,1154.27,558.33,0.8013,1153.66,555.90,0.4626,1155.48,557.11,0.5212,1144.56,561.97,0.7017,1163.37,561.36,0.8067,1128.17,590.49,0.8024,1177.33,588.67,0.8011,1119.07,629.33,0.7423,1196.14,623.27,0.8048,1113.00,661.50,0.7824,1204.64,651.79,0.7549,1146.98,653.61,0.7085,1174.30,651.18,0.7060,1139.70,713.09,0.7891,1182.19,700.34,0.7647,1142.13,767.10,0.8680,1192.50,746.47,0.7899
946,top,1,1107.65,412.65,1187.58,573.94,1155.49,426.35,0.8189,1158.64,422.42,0.8121,1150.37,422.81,0.7288,1163.36,428.32,0.6239,1142.10,428.32,0.7594,1167.30,453.52,0.7266,1127.53,455.89,0.6433,1169.67,485.42,0.6598,1113.35,488.96,0.7289,1178.72,512.20,0.7161,1131.86,512.20,0.5887,1152.73,519.29,0.5988,1131.47,520.07,0.5631,1151.55,569.69,0.4099,1136.59,569.69,0.5026,1125.96,593.71,0.3571,1126.35,593.71,0.3210
946,bottom,0,1104.37,534.41,1215.80,785.41,1150.89,556.96,0.8126,1149.67,555.12,0.4869,1152.12,555.74,0.5304,1141.09,561.25,0.7221,1160.70,560.03,0.8005,1125.15,590.05,0.8283,1174.79,586.99,0.7954,1116.58,627.43,0.7642,1195.63,621.31,0.7863,1110.45,660.53,0.7873,1204.21,650.11,0.7572,1145.38,654.40,0.7011,1173.57,651.95,0.7194,1139.25,713.23,0.7924,1179.69,701.58,0.7665,1141.70,767.15,0.8661,1187.05,749.38,0.8063
947,top,1,1111.96,413.65,1194.40,575.19,1160.28,428.96,0.7937,1163.43,425.01,0.7838,1155.55,425.01,0.7061,1167.38,430.53,0.5885,1146.87,430.53,0.7456,1171.32,455.38,0.7359,1132.67,457.74,0.6641,1173.69,487.32,0.6760,1117.69,490.48,0.7466,1184.33,512.56,0.7271,1140.56,511.77,0.5484,1155.94,519.27,0.5940,1135.83,520.45,0.5702,1148.84,570.14,0.4210,1148.84,570.53,0.4357,1123.60,594.98,0.3405,1124.39,594.98,0.3242
947,bottom,0,1103.78,533.67,1214.49,784.22,1148.74,555.57,0.8145,1147.52,554.34,0.4783,1149.96,554.34,0.5172,1138.95,559.24,0.7311,1159.14,558.62,0.7871,1123.05,589.82,0.8262,1173.82,584.93,0.7996,1115.71,627.75,0.7667,1194.62,620.41,0.7842,1108.98,661.39,0.7847,1203.79,649.16,0.7654,1143.85,654.05,0.7003,1171.98,651.61,0.7186,1138.95,713.39,0.8096,1177.49,701.15,0.7739,1141.40,767.22,0.8719,1182.38,752.54,0.8519
948,top,1,1116.76,414.31,1200.44,572.20,1164.00,430.81,0.8189,1167.08,426.95,0.7724,1159.37,427.34,0.7173,1171.32,432.35,0.6162,1151.28,432.73,0.7485,1175.18,456.63,0.7288,1136.63,459.33,0.6981,1177.10,487.86,0.6808,1121.98,492.10,0.7658,1189.05,512.14,0.7532,1145.50,508.29,0.5372,1158.60,522.55,0.5866,1139.71,522.55,0.5824,1143.18,570.74,0.4603,1148.58,571.51,0.4677,1120.82,591.55,0.4837,1121.60,591.55,0.3664
948,bottom,0,1102.86,528.80,1212.48,784.85,1147.04,554.31,0.8217,1145.79,553.06,0.4784,1147.67,553.06,0.5114,1137.67,559.31,0.7379,1157.67,557.43,0.7894,1122.66,589.94,0.8313,1172.67,583.69,0.8132,1115.16,629.32,0.7620,1192.68,619.32,0.7982,1108.91,662.45,0.7853,1201.43,648.70,0.7620,1142.67,654.33,0.7114,1170.80,651.83,0.7371,1138.29,713.71,0.8193,1175.80,704.96,0.7973,1141.42,767.48,0.8678,1178.93,754.97,0.8704
949,top,1,1122.49,415.55,1208.59,570.24,1168.18,431.34,0.8056,1171.58,427.18,0.7353,1163.65,427.56,0.7203,1175.36,432.85,0.5930,1155.34,433.22,0.7288,1178.76,457.02,0.7041,1141.37,460.04,0.7051,1181.02,488.74,0.6811,1128.15,494.40,0.7562,1195.37,512.15,0.7527,1152.32,504.98,0.5393,1162.52,524.99,0.5711,1144.01,524.24,0.5769,1148.17,575.60,0.4176,1155.72,575.22,0.4352,1121.35,589.20,0.3605,1125.13,589.20,0.1854
949,bottom,0,1103.11,529.49,1208.35,786.14,1146.33,553.17,0.8377,1145.08,551.29,0.5042,1145.71,551.29,0.5147,1137.56,557.56,0.7853,1158.24,555.68,0.7700,1121.90,588.89,0.8099,1172.65,583.25,0.8077,1115.00,628.36,0.7703,1190.82,618.96,0.8005,1108.74,662.20,0.7712,1198.34,646.53,0.7414,1141.32,654.68,0.7109,1168.89,652.17,0.7299,1138.19,713.58,0.8112,1174.53,705.43,0.7861,1141.32,767.46,0.8491,1178.29,754.93,0.8405
950,top,1,1127.56,416.04,1213.71,573.90,1172.56,431.38,0.8139,1175.26,427.14,0.7224,1167.55,427.91,0.7132,1179.12,432.15,0.5754,1158.69,433.30,0.7340,1182.59,456.81,0.7274,1146.36,461.05,0.7330,1185.28,489.19,0.6936,1133.25,496.13,0.7825,1201.09,511.93,0.7505,1159.46,502.68,0.5190,1168.33,526.19,0.6304,1150.21,525.03,0.6095,1150.60,577.45,0.4256,1163.31,578.22,0.5100,1124.00,593.25,0.3930,1129.01,593.25,0.2170
950,bottom,0,1104.19,534.31,1201.10,786.67,1144.64,554.51,0.8129,1143.40,553.28,0.5283,1144.02,552.05,0.5104,1135.39,558.21,0.7973,1155.73,555.75,0.7407,1121.22,589.02,0.8225,1171.13,582.24,0.8078,1116.29,630.30,0.7714,1187.76,619.21,0.7777,1109.52,663.57,0.7644,1193.31,647.55,0.6998,1139.71,655.56,0.7034,1166.82,652.48,0.7102,1137.86,714.09,0.7940,1172.98,706.08,0.7751,1140.94,768.31,0.8443,1178.52,754.75,0.8183
951,top,3,1132.34,414.88,1220.83,578.12,1175.79,431.54,0.8243,1178.58,427.55,0.7466,1171.01,427.95,0.7128,1182.56,432.34,0.6224,1161.84,433.53,0.7572,1186.15,456.65,0.7333,1150.28,461.43,0.7457,1189.34,488.93,0.7125,1139.12,496.50,0.7708,1207.67,511.24,0.7390,1169.41,498.09,0.5288,1174.19,524.79,0.6379,1156.26,524.00,0.6064,1166.22,578.20,0.4483,1168.61,580.19,0.5709,1133.94,598.12,0.3295,1134.34,598.12,0.2688
951,bottom,0,1106.47,532.11,1195.78,787.12,1142.41,554.40,0.8513,1141.79,552.53,0.5715,1141.79,551.91,0.5684,1134.94,558.13,0.8043,1153.61,555.64,0.7442,1120.62,589.26,0.8368,1170.42,582.41,0.8158,1116.88,629.11,0.7915,1184.74,620.39,0.7893,1110.66,663.97,0.7680,1187.23,649.03,0.6852,1139.29,655.25,0.7193,1166.07,653.39,0.7271,1138.05,713.78,0.8046,1172.29,706.31,0.7835,1141.16,768.56,0.8557,1177.89,755.49,0.8269
952,top,4,1138.45,412.84,1229.38,640.35,1178.92,431.61,0.9107,1181.69,426.61,0.8742,1173.92,427.17,0.8175,1186.14,432.17,0.7812,1165.03,433.28,0.9129,1190.58,457.16,0.8640,1155.03,461.05,0.8457,1193.91,487.16,0.7790,1145.59,496.04,0.8441,1215.02,508.82,0.7756,1176.14,492.71,0.6243,1178.92,525.48,0.7165,1162.25,526.04,0.7095,1176.14,577.70,0.7042,1168.92,579.36,0.6330,1173.36,623.25,0.4111,1178.36,628.24,0.5062
952,bottom,0,1108.48,530.79,1195.33,787.20,1142.52,554.45,0.8839,1141.89,552.58,0.5658,1141.26,551.95,0.6046,1134.38,557.58,0.7926,1152.53,555.71,0.7486,1119.98,589.51,0.8294,1170.06,583.25,0.8014,1117.48,628.95,0.7723,1182.58,621.43,0.7588,1113.10,664.00,0.7516,1180.70,648.98,0.5051,1138.76,655.86,0.7114,1165.68,653.36,0.7270,1137.51,714.08,0.7977,1171.31,707.20,0.7728,1140.64,768.54,0.8511,1177.57,754.77,0.8180
953,top,4,1146.02,412.84,1201.51,643.51,1182.22,430.75,0.8264,1185.59,426.81,0.8392,1177.71,426.81,0.7893,1189.54,431.87,0.8019,1169.26,432.44,0.8303,1193.48,456.65,0.7946,1159.69,459.47,0.8036,1196.86,486.50,0.6257,1151.80,494.39,0.7906,1217.70,505.09,0.4926,1183.34,488.75,0.6429,1183.91,524.23,0.7126,1165.32,524.80,0.6771,1185.03,575.48,0.7195,1168.70,577.74,0.6049,1170.39,619.97,0.4222,1174.89,628.98,0.3991
953,bottom,0,1109.90,531.57,1195.53,787.68,1142.71,553.96,0.8921,1142.09,552.71,0.5680,1141.46,551.46,0.6129,1134.59,557.71,0.7768,1152.72,554.58,0.7533,1120.20,590.22,0.8243,1168.97,583.97,0.7987,1118.33,628.99,0.7825,1178.98,621.48,0.7320,1114.58,665.25,0.7435,1161.47,644.62,0.3347,1137.71,656.50,0.7260,1163.97,654.62,0.7449,1136.46,714.65,0.7992,1170.22,707.14,0.7805,1140.84,768.42,0.8516,1177.10,755.29,0.8312
954,top,4,1151.58,415.23,1205.51,653.27,1185.52,431.97,0.8361,1188.43,427.90,0.8244,1180.87,427.90,0.8386,1192.50,433.13,0.8191,1172.74,432.55,0.8413,1196.56,456.37,0.7973,1163.44,459.28,0.7931,1202.96,484.85,0.6941,1162.86,491.24,0.7431,1229.11,502.28,0.6555,1190.17,488.34,0.5452,1188.43,524.37,0.6847,1169.25,525.53,0.6498,1192.50,576.09,0.7156,1171.57,578.41,0.6525,1162.86,603.40,0.4973,1174.48,629.56,0.5994
954,bottom,0,1110.95,532.58,1196.19,787.55,1142.36,554.24,0.8979,1141.12,552.38,0.5637,1141.12,551.13,0.6352,1133.65,557.36,0.7772,1152.32,554.87,0.7793,1121.20,591.59,0.8194,1168.51,583.50,0.8045,1119.95,630.19,0.7774,1175.98,620.23,0.6821,1116.84,666.91,0.7382,1154.81,645.75,0.3273,1138.01,657.58,0.7038,1163.53,655.71,0.7349,1136.14,714.84,0.7940,1169.75,707.37,0.7788,1140.50,768.38,0.8511,1176.60,755.30,0.8315
955,top,4,1153.21,413.54,1247.72,651.00,1189.45,431.97,0.8773,1192.35,427.33,0.8730,1184.81,427.91,0.8611,1196.98,431.97,0.8304,1176.69,433.13,0.9231,1200.46,454.58,0.8141,1168.00,459.80,0.8355,1207.42,482.41,0.6864,1168.00,489.95,0.6982,1234.67,493.43,0.5867,1195.25,486.47,0.3930,1193.51,527.63,0.7268,1172.64,528.79,0.7038,1201.04,576.33,0.7816,1174.95,579.81,0.7434,1168.58,595.46,0.5851,1175.53,629.67,0.7354
955,bottom,0,1110.97,532.99,1194.38,788.09,1141.46,554.66,0.8862,1140.84,552.79,0.5614,1140.22,551.55,0.6327,1133.37,557.77,0.7679,1152.67,554.66,0.7778,1122.78,592.03,0.8381,1168.24,583.31,0.7863,1122.78,632.51,0.7870,1175.09,619.43,0.6643,1118.42,668.63,0.7550,1154.54,607.60,0.3062,1138.97,658.05,0.6964,1163.26,655.56,0.7194,1136.48,714.72,0.7892,1168.87,706.63,0.7689,1140.22,769.53,0.8457,1176.96,754.58,0.8281
956,top,1,1158.35,413.32,1226.82,649.80,1193.16,431.68,0.8884,1196.05,427.63,0.8466,1188.54,427.63,0.8489,1200.67,432.25,0.8078,1181.04,432.25,0.8775,1204.13,453.04,0.8409,1171.22,458.81,0.8325,1207.60,476.13,0.6527,1165.45,489.41,0.7916,1220.30,481.33,0.4850,1192.59,489.41,0.5338,1198.36,527.52,0.7280,1176.42,528.09,0.6986,1208.75,575.44,0.7914,1176.42,580.63,0.7408,1178.15,601.42,0.7581,1176.42,629.13,0.7034
956,bottom,0,1113.10,533.12,1193.07,788.27,1141.25,554.80,0.8801,1139.38,552.93,0.5680,1140.00,551.69,0.6248,1133.15,558.54,0.7352,1151.21,555.42,0.7418,1125.05,593.42,0.8419,1164.92,582.21,0.7561,1126.30,632.67,0.7864,1171.77,617.72,0.5579,1121.31,670.04,0.7693,1151.21,646.99,0.3094,1140.00,657.58,0.6880,1162.43,655.09,0.7081,1135.64,714.89,0.7999,1167.41,706.17,0.7777,1140.62,769.09,0.8432,1176.75,753.51,0.8467
957,top,1,1158.65,414.74,1234.49,647.31,1197.14,432.23,0.8693,1200.55,427.69,0.8242,1193.17,428.25,0.8400,1205.09,431.66,0.8035,1184.65,432.23,0.8874,1209.06,453.24,0.8251,1173.86,460.05,0.8291,1211.90,475.95,0.6513,1164.78,490.71,0.8365,1235.18,481.06,0.5953,1190.89,496.39,0.5886,1202.82,527.05,0.7269,1180.11,527.62,0.6927,1216.45,574.18,0.8003,1178.40,579.86,0.7748,1189.19,608.82,0.8244,1173.86,628.12,0.7935
957,bottom,0,1106.84,533.36,1191.23,788.36,1140.32,555.65,0.8229,1138.45,553.78,0.5832,1137.83,551.92,0.6139,1134.09,559.39,0.7213,1150.90,556.27,0.7305,1128.49,596.74,0.8181,1162.73,582.42,0.7646,1130.36,635.96,0.7668,1167.09,617.28,0.5508,1122.89,672.07,0.7449,1139.07,637.83,0.3011,1140.32,657.13,0.6810,1160.86,654.64,0.7167,1135.96,715.02,0.8125,1165.84,705.06,0.7757,1140.32,769.81,0.8286,1177.05,753.62,0.8585
958,top,1,1158.21,414.27,1235.74,648.06,1202.68,433.56,0.8148,1206.11,429.00,0.8241,1198.12,429.00,0.8024,1210.10,432.99,0.8289,1188.99,433.56,0.8675,1214.10,454.11,0.8056,1177.57,460.96,0.8178,1213.53,476.37,0.5926,1166.73,494.06,0.8259,1234.08,480.37,0.4627,1195.26,507.76,0.6304,1207.82,526.03,0.7209,1183.85,527.74,0.6814,1222.09,575.12,0.8324,1180.99,579.68,0.7903,1201.54,617.35,0.7572,1175.86,629.34,0.8031
958,bottom,0,1102.77,535.20,1186.39,788.23,1134.08,557.93,0.7719,1134.08,554.23,0.6454,1134.08,552.99,0.5678,1135.93,560.41,0.7486,1149.52,557.93,0.6557,1132.84,599.94,0.7758,1156.32,583.26,0.7678,1134.08,638.24,0.7134,1151.37,621.56,0.5539,1126.05,674.69,0.7556,1120.49,637.62,0.6282,1139.64,659.86,0.6177,1159.40,656.16,0.6609,1134.69,714.22,0.8123,1163.73,703.72,0.7748,1140.25,769.20,0.8422,1176.70,753.76,0.8602
959,top,1,1161.40,414.55,1240.53,650.92,1207.31,433.48,0.8150,1210.20,429.44,0.8356,1202.70,429.44,0.7975,1214.82,433.48,0.8150,1194.04,433.48,0.8510,1217.70,454.25,0.8107,1182.50,462.33,0.8313,1216.55,477.91,0.5900,1171.54,497.53,0.8470,1232.13,481.95,0.5073,1196.93,518.31,0.6687,1213.09,528.12,0.7228,1188.27,529.27,0.6887,1226.36,575.44,0.8440,1183.08,580.06,0.7849,1214.82,623.91,0.8038,1176.73,629.11,0.8490
959,bottom,0,1101.44,536.54,1186.05,788.06,1131.47,559.14,0.8586,1133.31,556.68,0.7561,1132.08,556.07,0.6733,1138.22,562.82,0.7877,1148.66,560.36,0.5860,1138.22,600.89,0.7701,1152.96,586.15,0.6647,1139.45,637.74,0.7138,1141.29,621.77,0.5525,1130.24,674.58,0.7801,1117.96,635.28,0.7247,1140.68,659.84,0.5985,1157.26,655.54,0.6478,1134.54,714.49,0.8011,1162.17,704.05,0.7693,1140.68,769.76,0.8397,1176.29,754.41,0.8723
960,top,0,1165.22,414.13,1256.42,652.11,1210.82,437.25,0.8755,1214.31,432.03,0.8462,1206.17,433.19,0.8172,1218.96,435.51,0.7987,1198.62,437.25,0.8721,1221.86,458.17,0.7904,1187.00,466.30,0.8081,1218.96,487.22,0.5222,1176.54,502.91,0.8076,1226.51,486.06,0.3065,1196.88,527.89,0.6707,1217.79,529.05,0.7034,1193.39,531.38,0.6612,1229.99,579.02,0.8114,1186.42,580.18,0.7756,1231.16,628.98,0.8403,1177.12,628.40,0.8413
960,bottom,1,1101.28,536.83,1184.39,787.70,1130.58,559.98,0.9114,1133.65,558.15,0.8269,1131.81,556.92,0.7568,1140.38,564.88,0.7952,1145.28,561.82,0.5227,1144.67,602.24,0.7816,1140.99,589.99,0.6211,1144.67,638.38,0.7324,1133.03,620.01,0.6151,1134.26,675.13,0.7707,1115.27,633.48,0.7789,1141.61,661.04,0.6027,1153.24,656.75,0.5940,1134.26,714.94,0.7942,1159.98,704.53,0.7759,1140.99,768.84,0.8502,1175.91,752.91,0.8750
961,top,0,1167.40,417.58,1266.46,654.08,1215.77,440.56,0.9009,1218.66,435.36,0.8538,1210.58,436.52,0.8177,1223.86,438.25,0.7863,1203.07,439.98,0.8956,1226.74,460.77,0.8010,1191.52,470.01,0.8176,1224.43,486.75,0.5627,1184.59,507.54,0.7752,1238.29,491.37,0.4817,1198.45,538.72,0.7383,1223.28,530.63,0.6778,1197.30,532.37,0.6612,1234.83,582.02,0.7909,1190.37,581.44,0.7830,1243.49,632.83,0.8601,1177.09,629.95,0.8342
961,bottom,1,1101.85,537.64,1184.00,787.68,1130.10,561.93,0.9122,1133.76,560.10,0.8338,1131.32,559.49,0.7802,1141.70,566.21,0.7782,1138.04,563.16,0.4933,1146.58,603.45,0.7768,1135.59,589.41,0.6707,1148.41,641.29,0.7259,1131.32,618.10,0.6553,1138.65,674.87,0.7335,1114.84,633.36,0.7896,1141.70,664.49,0.6300,1151.47,660.22,0.5821,1134.37,715.16,0.7755,1157.57,705.39,0.7474,1141.70,768.88,0.8417,1174.66,751.79,0.8388
962,top,0,1167.90,420.11,1272.53,660.36,1220.22,444.04,0.9083,1223.73,439.35,0.8667,1215.52,439.94,0.8331,1229.01,442.28,0.8196,1207.90,443.46,0.9021,1233.12,465.16,0.7787,1195.58,473.37,0.8223,1229.01,492.14,0.6002,1190.89,512.08,0.7838,1239.57,501.52,0.5990,1199.10,543.75,0.7233,1228.43,536.71,0.7166,1203.21,539.65,0.6752,1241.92,585.98,0.7844,1196.17,584.81,0.7758,1253.06,637.01,0.8664,1177.98,628.21,0.8116
962,bottom,1,1102.39,538.23,1182.72,787.67,1130.37,563.07,0.9061,1134.02,560.64,0.8217,1131.59,560.03,0.7845,1141.94,567.34,0.7653,1135.85,563.68,0.5260,1147.42,604.49,0.7762,1133.42,590.48,0.6860,1149.86,642.24,0.7318,1130.37,617.88,0.6116,1142.55,675.74,0.7607,1113.93,634.33,0.7255,1143.16,664.78,0.6132,1148.03,661.12,0.5274,1135.24,714.71,0.7521,1155.34,704.97,0.7281,1141.33,768.91,0.8304,1173.00,751.25,0.8185
963,top,0,1167.14,423.61,1272.23,658.89,1224.28,447.62,0.8884,1227.73,443.02,0.8588,1219.69,443.02,0.8302,1232.90,445.89,0.8554,1211.64,446.47,0.8862,1240.36,467.72,0.7863,1199.01,475.76,0.8151,1240.94,499.31,0.5953,1194.99,514.25,0.7642,1245.53,516.55,0.5493,1201.88,545.84,0.7198,1234.62,540.67,0.7139,1208.77,542.97,0.6642,1246.11,589.50,0.7782,1203.03,587.20,0.7442,1253.58,638.90,0.8658,1178.90,628.56,0.8207
963,bottom,1,1102.37,539.40,1182.38,787.94,1130.24,562.95,0.8878,1133.88,561.13,0.7967,1132.06,560.52,0.7687,1142.38,567.80,0.7458,1135.70,564.16,0.5140,1146.62,604.81,0.7715,1133.88,591.47,0.6699,1151.48,642.43,0.7305,1130.85,619.38,0.5869,1145.41,677.02,0.7572,1115.07,636.37,0.7342,1141.77,666.10,0.6101,1139.34,663.06,0.5010,1135.09,715.25,0.7486,1153.90,705.54,0.6981,1141.16,769.25,0.8255,1170.89,751.65,0.8089
964,top,0,1171.76,425.03,1271.81,659.68,1228.66,450.12,0.8665,1232.10,445.54,0.8409,1224.08,446.11,0.7976,1237.26,447.83,0.8432,1216.06,448.40,0.8736,1242.99,468.45,0.8330,1203.46,475.90,0.8113,1244.70,502.25,0.6101,1198.30,514.86,0.7894,1248.71,529.18,0.5637,1203.46,545.79,0.7364,1240.12,542.35,0.7428,1215.49,545.22,0.6917,1248.71,589.90,0.7984,1208.61,593.34,0.7434,1253.30,639.17,0.9070,1182.83,625.99,0.8481
964,bottom,1,1102.02,540.11,1181.34,788.19,1130.78,563.61,0.8681,1134.41,561.79,0.7696,1131.99,560.58,0.7575,1141.68,567.85,0.7261,1135.62,564.21,0.4933,1145.31,603.58,0.7508,1134.41,591.47,0.6472,1151.37,641.13,0.7091,1130.17,621.15,0.5919,1148.95,677.47,0.7524,1115.03,638.11,0.7361,1140.47,665.36,0.6039,1136.83,662.94,0.4946,1135.02,714.42,0.7374,1152.58,704.73,0.6752,1141.07,769.53,0.8123,1168.93,751.97,0.7992
965,top,0,1177.79,425.09,1271.83,659.95,1231.69,451.35,0.8639,1235.70,446.77,0.8310,1227.68,446.77,0.8032,1241.44,449.06,0.8505,1220.22,449.63,0.8515,1247.17,468.55,0.8530,1207.61,476.58,0.8148,1248.32,501.24,0.6564,1201.30,515.00,0.7943,1254.62,528.76,0.6097,1205.31,547.68,0.7394,1244.30,540.80,0.7572,1220.22,543.67,0.7170,1250.61,590.11,0.8083,1216.78,592.98,0.7416,1253.48,639.42,0.9073,1187.54,623.36,0.8572
965,bottom,1,1104.92,541.09,1177.85,788.06,1131.14,564.48,0.8578,1134.15,562.07,0.7599,1131.74,561.47,0.7471,1141.39,568.10,0.7205,1137.77,565.08,0.4759,1143.80,603.07,0.7456,1137.17,592.22,0.6033,1150.43,641.06,0.7129,1131.14,623.57,0.5744,1151.03,677.84,0.7416,1116.66,639.25,0.7011,1139.58,666.38,0.6033,1148.62,663.37,0.4750,1134.75,715.22,0.7504,1152.24,704.97,0.6553,1141.39,770.09,0.8141,1167.31,752.00,0.7850
966,top,0,1183.41,424.80,1271.86,659.50,1235.08,451.04,0.8795,1239.10,446.46,0.8491,1231.07,446.46,0.8274,1244.83,448.18,0.8760,1224.20,448.75,0.8601,1251.70,468.23,0.8527,1211.02,475.11,0.8150,1252.85,500.89,0.7008,1203.00,512.93,0.8143,1258.01,528.40,0.6086,1205.86,545.01,0.7599,1247.12,540.43,0.7561,1223.05,542.72,0.7129,1252.28,590.28,0.7981,1222.48,594.29,0.7541,1253.99,639.56,0.8935,1193.26,621.80,0.8473
966,bottom,1,1105.88,542.03,1176.46,788.42,1130.34,564.17,0.8471,1133.95,561.76,0.7555,1131.55,560.56,0.7185,1141.17,567.78,0.7230,1140.57,564.77,0.4880,1141.77,603.27,0.7345,1145.38,591.24,0.5930,1148.99,640.57,0.7016,1135.16,626.73,0.5212,1153.20,678.46,0.7051,1118.91,641.77,0.6394,1138.16,667.63,0.6139,1150.80,665.23,0.5018,1134.55,715.76,0.7456,1152.60,706.13,0.6208,1140.57,769.89,0.8045,1165.23,752.45,0.7623
967,top,0,1188.88,424.14,1271.24,658.90,1238.66,449.82,0.8923,1242.67,445.23,0.8627,1234.65,445.23,0.8312,1248.40,446.95,0.8732,1227.20,448.10,0.8614,1255.28,468.16,0.8578,1214.01,475.04,0.7956,1256.43,501.40,0.7542,1205.42,512.29,0.8008,1261.58,530.63,0.6467,1206.56,545.53,0.7515,1250.69,538.66,0.7479,1226.05,541.52,0.6945,1252.41,589.67,0.8075,1230.06,592.53,0.7494,1253.56,639.53,0.8700,1199.68,619.47,0.8011
967,bottom,1,1107.28,542.42,1174.78,788.34,1130.82,565.11,0.8404,1133.83,562.71,0.7508,1131.42,562.11,0.6994,1140.43,568.71,0.7208,1144.03,565.71,0.4704,1139.23,604.14,0.7368,1149.44,591.53,0.6202,1147.03,641.96,0.7011,1139.83,629.35,0.5080,1153.04,678.59,0.7300,1120.02,645.57,0.6199,1136.83,669.58,0.6258,1153.04,666.58,0.5358,1134.43,717.01,0.7563,1154.24,706.21,0.6278,1140.43,769.85,0.8019,1165.05,752.44,0.7456
968,top,0,1198.14,422.47,1278.22,659.15,1242.23,448.93,0.9136,1245.69,444.31,0.8446,1237.60,444.89,0.8524,1251.47,446.04,0.8637,1230.67,447.20,0.8553,1258.40,468.00,0.8324,1217.96,473.20,0.8017,1260.14,503.83,0.7919,1207.56,509.03,0.8012,1268.23,536.18,0.7073,1208.13,543.70,0.7573,1253.20,537.92,0.7450,1228.94,540.81,0.6936,1253.78,589.34,0.8192,1236.45,591.08,0.7348,1253.78,639.62,0.8603,1206.98,619.39,0.7810
968,bottom,1,1108.79,542.52,1176.36,788.07,1131.18,565.18,0.8513,1134.18,562.78,0.7585,1131.78,562.18,0.6996,1140.17,569.38,0.7302,1146.17,565.78,0.5059,1137.78,604.75,0.7583,1152.76,590.36,0.6766,1144.97,641.32,0.7270,1148.57,629.93,0.5260,1151.56,677.88,0.7584,1122.79,646.71,0.6594,1136.58,668.89,0.6465,1153.96,665.89,0.5897,1134.18,717.45,0.7766,1153.36,705.46,0.6659,1140.17,770.20,0.8231,1167.15,754.02,0.7769
969,top,0,1200.96,423.43,1285.21,659.72,1245.97,449.27,0.9051,1250.01,444.66,0.8487,1241.35,444.66,0.8477,1255.20,446.39,0.8723,1234.43,446.96,0.8316,1262.12,467.73,0.8195,1221.16,472.92,0.7860,1263.28,500.62,0.7861,1210.20,508.12,0.7950,1272.51,530.04,0.7592,1209.05,543.31,0.7383,1255.78,538.69,0.7193,1232.12,541.57,0.6845,1254.05,589.46,0.7973,1242.51,591.19,0.7093,1253.47,639.65,0.8120,1217.70,622.34,0.6527
969,bottom,1,1116.94,542.21,1180.22,787.41,1131.82,564.24,0.8231,1134.82,562.45,0.7175,1133.02,561.25,0.6851,1141.40,569.03,0.7136,1149.78,565.44,0.5520,1136.61,603.75,0.7695,1155.77,589.39,0.7213,1143.79,641.47,0.7197,1157.56,630.69,0.5353,1150.38,677.38,0.7595,1134.82,652.84,0.4290,1137.81,668.40,0.6254,1156.96,665.41,0.6139,1134.82,715.69,0.7735,1153.97,704.32,0.6957,1139.60,769.57,0.7924,1168.94,751.61,0.7924
970,top,0,1203.92,423.75,1283.79,660.54,1249.06,449.65,0.8803,1253.10,445.03,0.8522,1245.01,445.03,0.8242,1258.89,446.76,0.8755,1237.50,447.92,0.8284,1265.24,466.99,0.8340,1223.62,473.93,0.7895,1265.24,496.48,0.7756,1212.64,508.62,0.7894,1275.07,518.44,0.7754,1210.33,544.46,0.7339,1257.15,538.68,0.7334,1234.61,540.99,0.6850,1254.84,590.13,0.7998,1244.43,590.71,0.6891,1253.68,638.69,0.7946,1223.62,630.59,0.6909
970,bottom,1,1118.82,541.92,1181.45,787.21,1133.37,564.56,0.8387,1135.76,562.17,0.7214,1133.97,561.57,0.6586,1141.75,568.15,0.7174,1151.93,565.16,0.5821,1136.96,603.49,0.7818,1158.52,586.72,0.7732,1141.75,641.81,0.7229,1159.12,628.64,0.5647,1144.75,677.14,0.7715,1144.15,657.98,0.4310,1138.76,666.96,0.6272,1159.12,662.77,0.6333,1135.17,715.47,0.7702,1154.93,704.69,0.7330,1139.96,769.37,0.7985,1171.10,752.60,0.8173
971,top,0,1205.44,423.18,1286.17,663.34,1252.26,449.45,0.8657,1256.36,444.76,0.8554,1248.15,445.34,0.8251,1261.64,446.52,0.8698,1240.53,447.69,0.8432,1268.67,467.04,0.8354,1226.46,474.07,0.7856,1269.26,495.18,0.7612,1215.32,508.67,0.8011,1278.05,513.36,0.7492,1212.39,543.26,0.7420,1259.29,539.74,0.7335,1237.01,541.50,0.6859,1256.36,590.75,0.8026,1247.56,590.75,0.7172,1254.01,639.41,0.7779,1230.56,637.66,0.6949
971,bottom,1,1118.81,542.03,1187.16,787.05,1135.64,564.64,0.7818,1136.83,562.25,0.6927,1136.23,561.65,0.5885,1141.62,567.64,0.6966,1153.58,565.24,0.5916,1136.23,602.93,0.7722,1160.76,587.38,0.7865,1139.82,641.21,0.7158,1161.36,627.45,0.5815,1139.82,677.70,0.7645,1146.40,656.77,0.4077,1139.82,666.34,0.6153,1160.16,662.75,0.6146,1135.64,714.79,0.7688,1154.78,705.82,0.7709,1139.82,769.82,0.8116,1174.52,754.27,0.7931
972,top,0,1207.82,422.96,1288.68,663.24,1255.87,449.83,0.8804,1259.39,445.13,0.8873,1251.18,445.13,0.8384,1265.26,446.89,0.8717,1243.56,448.07,0.8645,1271.13,466.84,0.8385,1229.48,473.88,0.7840,1272.89,495.58,0.7400,1218.33,509.66,0.8053,1279.93,508.49,0.7358,1214.81,545.45,0.7394,1261.15,541.93,0.7366,1238.86,543.10,0.6912,1257.63,592.37,0.8093,1247.08,593.55,0.7742,1254.11,639.30,0.8361,1238.86,642.82,0.8117
972,bottom,1,1119.01,542.21,1191.59,786.56,1138.00,564.76,0.7624,1138.59,562.37,0.6633,1138.00,561.78,0.5667,1142.17,567.74,0.6940,1156.49,565.36,0.6162,1136.21,602.34,0.7814,1163.65,587.43,0.8059,1137.40,640.52,0.7304,1162.46,627.40,0.6187,1133.82,676.32,0.7717,1147.54,657.23,0.4147,1141.58,663.79,0.6286,1161.26,659.02,0.6326,1136.21,715.69,0.7778,1156.49,707.34,0.7773,1139.19,769.38,0.8323,1177.97,753.87,0.7910
973,top,1,1212.04,422.15,1289.09,665.36,1258.28,449.94,0.8727,1261.85,445.78,0.8825,1253.53,445.78,0.8374,1267.19,447.57,0.8495,1245.81,448.16,0.8682,1272.53,467.75,0.8413,1230.97,474.88,0.7946,1274.91,495.66,0.7209,1220.88,509.91,0.8099,1281.44,505.16,0.7038,1217.31,546.13,0.7402,1262.44,543.75,0.7454,1240.47,545.54,0.7111,1258.88,594.22,0.8009,1245.22,595.41,0.7892,1255.31,639.94,0.8432,1244.63,644.10,0.8457
973,bottom,0,1119.15,542.21,1192.99,786.37,1140.57,564.14,0.7433,1139.98,562.35,0.6448,1140.57,561.76,0.5559,1142.96,567.12,0.7223,1157.86,564.74,0.6645,1136.40,602.29,0.7861,1166.21,587.99,0.8107,1134.02,642.23,0.7454,1166.21,626.73,0.6337,1128.06,677.40,0.7822,1151.30,657.13,0.3933,1142.96,663.69,0.6411,1163.23,659.52,0.6346,1136.40,716.15,0.7927,1157.86,708.99,0.7805,1139.38,770.39,0.8429,1180.51,756.68,0.8042
974,top,0,1213.80,423.72,1292.81,664.81,1260.95,451.27,0.8447,1265.07,446.56,0.8551,1256.83,446.56,0.8159,1269.20,448.32,0.7943,1248.01,447.74,0.8523,1273.90,467.75,0.8254,1233.29,474.81,0.7881,1276.26,496.00,0.6977,1223.28,511.31,0.7987,1282.14,503.65,0.6752,1220.34,547.80,0.7387,1265.07,544.27,0.7275,1242.12,546.03,0.6937,1260.37,594.89,0.8000,1246.24,595.47,0.7959,1255.07,640.21,0.8510,1245.06,644.33,0.8441
974,bottom,1,1116.93,542.78,1194.39,786.49,1144.95,564.08,0.7445,1142.57,562.29,0.6173,1143.76,561.70,0.5835,1144.36,567.05,0.7392,1159.23,565.27,0.6760,1136.62,602.16,0.8051,1169.35,589.07,0.8155,1131.86,641.43,0.7768,1172.32,628.93,0.7469,1123.53,675.34,0.7725,1159.83,655.71,0.4524,1143.17,662.85,0.6683,1164.59,661.06,0.6721,1136.62,716.99,0.8077,1160.42,710.45,0.7849,1139.60,770.54,0.8526,1182.44,760.43,0.8342
975,top,0,1215.84,423.67,1293.62,665.19,1263.58,451.85,0.8374,1267.11,447.14,0.8499,1259.45,447.14,0.7961,1271.24,449.50,0.7749,1250.02,448.32,0.8720,1274.78,468.36,0.8320,1234.68,475.44,0.7957,1276.55,495.49,0.7016,1225.25,512.59,0.7951,1283.04,503.15,0.6751,1222.89,548.56,0.7415,1266.53,545.02,0.7291,1243.53,546.79,0.7018,1262.40,594.55,0.7914,1246.48,595.73,0.7791,1255.32,639.95,0.8394,1245.89,642.31,0.8151
975,bottom,1,1111.11,542.26,1193.25,787.38,1147.99,564.28,0.7164,1146.20,562.48,0.6084,1146.20,561.89,0.5359,1145.60,566.67,0.7469,1159.96,565.48,0.6840,1136.62,601.38,0.8054,1172.53,590.61,0.8118,1129.44,640.28,0.7638,1177.91,628.91,0.7413,1118.07,672.60,0.7492,1174.32,656.44,0.5197,1142.60,663.62,0.6676,1165.35,663.02,0.6658,1137.22,718.08,0.8029,1164.15,713.30,0.7872,1139.61,770.15,0.8261,1183.30,764.76,0.8470
976,top,1,1218.99,423.68,1293.61,665.28,1266.92,453.06,0.8433,1270.46,448.34,0.8672,1262.79,448.34,0.7938,1274.00,450.11,0.7130,1252.17,448.93,0.8775,1275.18,468.39,0.8296,1236.84,476.06,0.7894,1276.95,494.93,0.7103,1227.40,513.81,0.8017,1285.20,505.55,0.7029,1226.22,549.20,0.7368,1269.28,545.07,0.7082,1245.10,547.43,0.6827,1263.97,594.61,0.7808,1247.45,596.38,0.7873,1255.71,639.44,0.8491,1245.10,644.16,0.8058
976,bottom,0,1103.68,541.83,1193.07,788.94,1150.79,564.64,0.7331,1148.38,562.83,0.5893,1149.59,562.23,0.5317,1147.78,567.05,0.7342,1161.65,565.85,0.6257,1137.52,602.04,0.7990,1174.92,591.18,0.8264,1127.87,641.26,0.7801,1181.56,627.99,0.7332,1112.18,673.23,0.7581,1180.96,648.50,0.4912,1144.16,667.20,0.6832,1167.08,665.39,0.6641,1138.12,719.08,0.8130,1168.29,716.07,0.7779,1139.33,770.36,0.8197,1182.77,766.74,0.8678
977,top,1,1223.10,425.56,1295.27,666.08,1269.17,453.04,0.8101,1272.11,448.34,0.8326,1265.06,448.34,0.7478,1275.04,450.11,0.6798,1253.90,448.93,0.8444,1275.63,468.90,0.8248,1239.22,476.53,0.7934,1276.80,495.32,0.7352,1229.83,514.11,0.7877,1288.55,510.00,0.7437,1229.83,549.34,0.7213,1270.93,544.65,0.6883,1247.44,546.99,0.6694,1266.23,595.15,0.7537,1247.44,598.08,0.7868,1255.66,639.19,0.8278,1246.27,643.88,0.7973
977,bottom,0,1096.38,541.44,1195.14,789.13,1153.62,562.48,0.7334,1150.60,561.27,0.5896,1153.02,560.67,0.5388,1149.39,566.11,0.7381,1163.90,565.51,0.6037,1137.90,600.58,0.7943,1177.20,590.91,0.8033,1127.01,638.68,0.7654,1185.07,625.98,0.7258,1109.48,669.52,0.7532,1188.09,645.93,0.5458,1145.15,666.49,0.6526,1168.74,664.68,0.6375,1139.11,719.10,0.8108,1171.76,717.89,0.8122,1139.11,769.90,0.8274,1183.86,768.69,0.8755
978,top,1,1225.62,426.99,1296.10,666.40,1273.13,453.76,0.7655,1275.47,449.09,0.7925,1269.63,449.09,0.6999,1277.23,450.84,0.5943,1257.35,449.67,0.7901,1276.06,470.13,0.8016,1241.57,477.73,0.7790,1276.64,497.02,0.7365,1232.22,515.72,0.7899,1288.92,515.14,0.7740,1234.56,550.79,0.7389,1273.13,541.44,0.6581,1250.34,544.95,0.6362,1270.21,592.29,0.7381,1249.75,596.38,0.7707,1257.35,636.71,0.8059,1245.66,645.48,0.8183
978,bottom,0,1092.84,540.04,1199.28,788.96,1154.57,563.01,0.7302,1152.14,561.19,0.5987,1154.57,560.58,0.5352,1151.53,565.44,0.7345,1165.51,565.44,0.6011,1138.77,599.48,0.7898,1179.49,590.97,0.7992,1126.01,636.55,0.7670,1187.39,625.61,0.7371,1107.17,665.11,0.7581,1192.86,646.88,0.5935,1146.67,666.33,0.6681,1170.98,665.11,0.6616,1140.59,718.59,0.8184,1174.62,718.59,0.8258,1139.38,770.25,0.8401,1183.74,769.64,0.8739
979,top,1,1229.38,427.61,1297.94,667.50,1276.54,453.84,0.7670,1278.30,449.16,0.7713,1273.03,449.16,0.6831,1278.30,450.92,0.5496,1260.73,450.33,0.7552,1276.54,470.83,0.7944,1244.92,478.44,0.7755,1277.72,498.94,0.7241,1236.72,515.93,0.7774,1290.02,521.78,0.8010,1239.06,553.41,0.7335,1274.79,539.94,0.6565,1253.12,544.04,0.6198,1274.20,590.31,0.7385,1251.36,595.58,0.7657,1258.39,636.58,0.7971,1246.09,644.19,0.8284
979,bottom,0,1089.68,540.01,1205.29,789.58,1156.63,563.04,0.7348,1154.19,560.60,0.6137,1157.23,559.99,0.5447,1153.58,564.87,0.7490,1168.20,564.87,0.6142,1138.96,597.77,0.8050,1181.61,591.07,0.8040,1125.55,633.11,0.7662,1190.75,627.02,0.7729,1104.83,660.53,0.7908,1196.84,652.00,0.6776,1148.70,664.79,0.6809,1173.08,663.58,0.6822,1142.00,718.41,0.8241,1177.34,719.02,0.8195,1140.17,770.21,0.8512,1184.04,770.81,0.8764
980,top,1,1232.72,428.26,1297.69,667.73,1279.82,455.62,0.8186,1281.58,451.53,0.8012,1276.90,451.53,0.7296,1280.99,453.28,0.5232,1264.62,451.53,0.7771,1277.48,472.57,0.8075,1248.25,479.59,0.7792,1279.24,502.39,0.7466,1240.07,518.18,0.7155,1289.76,529.87,0.8159,1244.16,562.03,0.6774,1276.90,540.39,0.6447,1254.68,545.66,0.6157,1276.31,591.84,0.7501,1252.93,595.94,0.7744,1261.11,637.45,0.7999,1246.50,644.46,0.8383
980,bottom,0,1088.72,540.51,1207.54,790.15,1159.71,563.55,0.7514,1156.66,560.50,0.6248,1160.93,560.50,0.5759,1154.83,565.38,0.7579,1170.07,565.99,0.6498,1138.99,597.68,0.8170,1184.09,592.19,0.8137,1124.97,633.03,0.7622,1193.84,628.76,0.7981,1103.64,658.02,0.8092,1200.54,656.19,0.7517,1149.35,666.55,0.6804,1175.56,665.94,0.6865,1143.25,719.57,0.8283,1179.82,720.18,0.8181,1140.21,770.16,0.8497,1184.09,771.99,0.8985
981,top,1,1236.31,428.42,1297.39,666.92,1281.99,455.08,0.8265,1283.74,451.01,0.8034,1279.66,451.01,0.7260,1283.16,453.34,0.4953,1268.02,451.59,0.7657,1279.08,473.14,0.8130,1251.71,478.96,0.7886,1279.66,505.16,0.7517,1244.14,516.81,0.7588,1289.56,534.28,0.7969,1249.97,556.40,0.7124,1277.92,540.68,0.6849,1256.37,544.76,0.6568,1280.24,592.50,0.7757,1254.04,595.41,0.7982,1266.85,637.92,0.8018,1246.47,644.91,0.8426
981,bottom,0,1088.64,539.62,1208.94,790.06,1162.24,562.74,0.7713,1159.19,560.29,0.6354,1163.47,559.68,0.5958,1156.74,565.18,0.7679,1172.03,565.18,0.6789,1140.23,596.98,0.8236,1186.09,592.08,0.8173,1124.34,632.44,0.7672,1195.87,629.99,0.7979,1102.32,655.67,0.8151,1202.60,659.95,0.7542,1151.24,666.07,0.6791,1177.53,666.07,0.6957,1144.51,720.48,0.8317,1181.20,719.87,0.8110,1140.23,770.01,0.8593,1184.87,772.45,0.9036
982,top,1,1237.06,428.04,1300.60,666.48,1284.55,455.28,0.8556,1286.30,451.21,0.8255,1282.22,451.79,0.7405,1286.88,453.54,0.4926,1270.58,452.37,0.7782,1281.06,474.50,0.8168,1254.86,479.15,0.8044,1281.06,508.84,0.7225,1248.46,518.74,0.7495,1287.46,539.11,0.7554,1254.86,555.99,0.7521,1279.89,541.44,0.7045,1258.35,544.93,0.6508,1282.80,592.09,0.7925,1255.44,594.41,0.8124,1272.32,639.24,0.8109,1246.71,645.06,0.8595
982,bottom,0,1088.59,540.18,1210.18,790.31,1164.65,562.65,0.7748,1161.60,560.21,0.6270,1166.48,559.60,0.6067,1157.93,565.09,0.7699,1173.81,565.70,0.6981,1140.84,596.85,0.8241,1187.25,592.57,0.8141,1124.96,631.66,0.7555,1197.63,631.05,0.8048,1102.97,653.03,0.8147,1203.12,662.19,0.7690,1153.05,666.46,0.6810,1179.31,666.46,0.7025,1145.72,720.81,0.8336,1182.97,721.42,0.8098,1140.84,769.67,0.8600,1184.80,772.72,0.9025
983,top,1,1237.83,427.20,1310.83,663.80,1288.20,455.39,0.8753,1289.93,451.35,0.8208,1285.89,451.92,0.7528,1289.93,453.08,0.4672,1274.33,451.92,0.7500,1281.26,473.87,0.7642,1259.31,478.49,0.7907,1278.38,507.95,0.6182,1251.81,518.93,0.7624,1282.42,536.26,0.5655,1260.47,555.32,0.7650,1280.11,540.88,0.6690,1259.31,544.34,0.6236,1285.89,589.40,0.8113,1257.58,593.44,0.7968,1278.95,637.92,0.8191,1247.76,644.85,0.8773
983,bottom,0,1091.97,540.03,1210.50,790.39,1165.91,562.52,0.7775,1163.46,559.46,0.6369,1167.74,559.46,0.6092,1159.18,564.96,0.7727,1175.07,564.96,0.6913,1142.68,596.75,0.8266,1189.13,593.08,0.8236,1126.17,632.20,0.7535,1198.30,631.59,0.8032,1104.78,650.54,0.7970,1203.80,662.15,0.7668,1154.29,667.04,0.6813,1180.58,667.04,0.7024,1146.96,720.83,0.8319,1183.63,721.44,0.8079,1140.84,769.73,0.8428,1184.85,772.79,0.9037
984,top,1,1237.59,427.09,1313.76,663.36,1291.83,454.66,0.9200,1292.98,451.20,0.8363,1289.52,451.20,0.7838,1292.40,453.51,0.4783,1279.14,451.20,0.7898,1281.44,474.85,0.7708,1263.56,477.74,0.7906,1279.14,510.04,0.6548,1257.22,518.69,0.7677,1284.90,538.30,0.6103,1265.29,554.46,0.7733,1282.02,542.34,0.6789,1260.68,544.65,0.6343,1287.21,589.64,0.8213,1258.95,593.10,0.8121,1285.48,638.67,0.8314,1247.99,645.02,0.8876
984,bottom,0,1096.67,539.16,1211.41,790.80,1168.17,562.38,0.7684,1165.10,559.31,0.6249,1170.01,559.31,0.5921,1160.80,564.23,0.7656,1177.39,565.45,0.6737,1144.83,596.17,0.8222,1190.90,593.10,0.8330,1128.85,631.19,0.7534,1199.50,633.03,0.7885,1109.19,649.01,0.7981,1203.19,665.59,0.7630,1155.27,668.05,0.6788,1182.91,668.05,0.6952,1147.28,721.50,0.8286,1184.76,722.11,0.7971,1141.14,770.65,0.8297,1185.37,773.10,0.9087
985,top,1,1238.16,426.99,1320.51,662.78,1294.88,454.51,0.9687,1296.03,451.63,0.8336,1293.15,451.63,0.8045,1295.45,453.35,0.4831,1282.79,451.63,0.7571,1282.79,474.65,0.7777,1267.82,477.53,0.7936,1281.06,510.34,0.6696,1262.06,518.98,0.7902,1286.82,538.55,0.6112,1270.70,553.52,0.7983,1284.51,543.16,0.6878,1263.79,546.61,0.6597,1289.12,590.36,0.8045,1261.49,594.39,0.8167,1291.42,637.57,0.8420,1248.25,644.47,0.8945
985,bottom,0,1101.76,538.56,1209.85,790.55,1169.96,561.82,0.7947,1166.27,558.74,0.6476,1171.80,558.74,0.5943,1162.57,563.66,0.7867,1179.18,564.89,0.6841,1146.58,595.04,0.8335,1192.10,593.19,0.8508,1132.43,630.10,0.7620,1200.10,633.18,0.7870,1113.36,648.56,0.8002,1203.18,667.63,0.7500,1155.81,668.25,0.6911,1184.11,668.86,0.7030,1147.81,721.77,0.8293,1184.72,723.00,0.7927,1141.66,771.60,0.8374,1185.34,773.45,0.9074
986,top,1,1238.34,427.09,1325.42,663.62,1298.63,454.69,0.9343,1299.20,451.81,0.8210,1296.32,451.81,0.7872,1296.89,454.12,0.4288,1287.08,451.81,0.7570,1284.77,475.48,0.7444,1272.06,477.79,0.7843,1283.04,511.86,0.6190,1266.87,518.79,0.7803,1288.23,539.00,0.5983,1276.11,552.86,0.7653,1286.50,544.20,0.6469,1267.44,547.09,0.6484,1291.12,591.55,0.7883,1263.40,593.86,0.8023,1297.47,638.33,0.8023,1248.96,644.68,0.8556
986,bottom,0,1108.10,538.23,1208.99,790.43,1172.71,561.51,0.8190,1170.24,558.43,0.6370,1173.94,558.43,0.6012,1164.09,563.36,0.7670,1181.33,564.59,0.6813,1148.08,594.14,0.8241,1193.64,593.53,0.8336,1135.15,630.47,0.7641,1200.41,634.16,0.7569,1119.14,647.71,0.7840,1201.65,669.88,0.7077,1156.08,667.41,0.6865,1185.64,668.64,0.6942,1148.69,720.98,0.8240,1185.02,722.83,0.7987,1141.92,771.47,0.8222,1185.02,773.93,0.8737
987,top,1,1238.11,427.06,1327.97,664.07,1302.13,454.72,0.9074,1303.29,451.25,0.7987,1300.40,451.25,0.7724,1280.72,453.56,0.4404,1291.14,451.82,0.7687,1287.67,475.55,0.7050,1276.67,477.86,0.7805,1285.35,512.00,0.5687,1271.47,519.52,0.7708,1289.98,539.78,0.5772,1281.88,553.08,0.7233,1287.67,543.83,0.6194,1270.31,544.98,0.6345,1292.30,591.85,0.7702,1265.10,594.17,0.7792,1302.13,638.72,0.7915,1248.90,645.09,0.8307
987,bottom,0,1113.02,538.45,1207.84,790.07,1173.94,561.05,0.8111,1171.48,558.60,0.6369,1175.78,558.60,0.5926,1165.34,563.51,0.7647,1182.54,564.13,0.6897,1148.75,594.23,0.8220,1194.83,593.61,0.8289,1137.70,630.47,0.7640,1200.36,634.16,0.7552,1125.41,648.29,0.7550,1200.97,669.79,0.6932,1156.13,667.95,0.6836,1185.61,668.56,0.6912,1148.75,720.78,0.8212,1185.00,722.62,0.7944,1142.61,771.77,0.8243,1185.00,773.61,0.8663
988,top,1,1237.17,427.80,1329.11,664.57,1306.26,454.85,0.9067,1307.41,451.38,0.7856,1304.52,451.38,0.7675,1286.03,453.70,0.4387,1295.85,451.38,0.7865,1286.60,474.51,0.7036,1280.82,476.82,0.7913,1285.45,513.24,0.5489,1277.93,519.02,0.7874,1291.81,540.41,0.5732,1287.18,551.97,0.7415,1288.34,545.03,0.6156,1274.47,546.19,0.6489,1293.54,593.01,0.7765,1266.95,594.74,0.7765,1304.52,639.25,0.8044,1249.03,645.61,0.8421
988,bottom,0,1118.27,538.59,1207.52,790.95,1175.83,561.88,0.8239,1173.98,558.80,0.6504,1177.06,558.80,0.5967,1166.59,563.11,0.7633,1183.22,564.35,0.6926,1149.95,593.92,0.8270,1195.55,593.30,0.8276,1140.71,632.12,0.7732,1201.09,634.58,0.7572,1131.47,649.37,0.7411,1199.86,669.70,0.6669,1156.73,667.85,0.6921,1185.69,668.47,0.6957,1148.11,721.46,0.8226,1184.46,722.69,0.7942,1142.56,773.82,0.8507,1185.07,774.44,0.8654
989,top,1,1237.80,428.18,1330.41,665.10,1308.97,453.52,0.8772,1310.71,450.04,0.7126,1308.40,450.04,0.7229,1289.31,451.78,0.4604,1300.30,450.62,0.7352,1285.26,471.45,0.7052,1286.42,476.65,0.7885,1270.80,511.36,0.4917,1282.37,518.88,0.7836,1264.43,529.29,0.4731,1292.20,551.27,0.7325,1289.89,547.22,0.5941,1278.32,547.80,0.6419,1295.67,591.76,0.7274,1270.80,594.07,0.7408,1305.50,640.35,0.7868,1248.82,644.97,0.7773
989,bottom,0,1117.74,539.16,1207.34,792.49,1176.76,561.92,0.8401,1174.91,558.83,0.6542,1178.00,558.83,0.6079,1168.11,563.16,0.7746,1184.19,564.39,0.6882,1150.79,594.08,0.8275,1196.56,593.46,0.8333,1142.75,633.05,0.7561,1200.89,635.52,0.7706,1138.42,652.84,0.5943,1198.41,670.15,0.6927,1158.21,668.92,0.7010,1184.80,668.92,0.7071,1148.31,722.11,0.8318,1184.19,722.11,0.7993,1143.98,775.30,0.8479,1184.80,774.68,0.8669
990,top,1,1237.01,427.47,1331.14,665.51,1313.13,452.93,0.9657,1313.71,450.02,0.7544,1313.13,449.44,0.8155,1303.25,451.18,0.4610,1304.99,450.60,0.7656,1287.56,470.94,0.7495,1290.47,477.34,0.8021,1271.87,508.72,0.5510,1286.40,518.60,0.8054,1263.73,523.83,0.6372,1296.28,551.14,0.7708,1291.63,547.08,0.5957,1282.91,547.66,0.6577,1298.02,591.24,0.7263,1274.77,594.15,0.7727,1306.16,639.48,0.8094,1249.78,643.55,0.8056
990,bottom,0,1116.82,539.29,1207.80,794.76,1177.28,561.62,0.8106,1174.79,559.12,0.6443,1178.53,559.12,0.6041,1168.55,563.49,0.7670,1184.76,564.11,0.6819,1151.08,594.67,0.8147,1197.24,594.05,0.8232,1145.47,633.97,0.7646,1200.98,635.21,0.7796,1145.47,659.54,0.4917,1196.62,669.52,0.6819,1159.19,669.52,0.6894,1184.76,669.52,0.7024,1148.59,721.91,0.8256,1184.14,722.53,0.7935,1145.47,776.80,0.8273,1184.76,774.93,0.8597
991,top,1,1238.85,425.42,1331.39,665.88,1316.82,451.72,0.9946,1317.99,448.78,0.7905,1316.82,448.19,0.8347,1305.08,449.96,0.5133,1308.01,449.37,0.7433,1289.23,468.74,0.7695,1295.10,476.96,0.7919,1275.14,505.14,0.6088,1290.40,518.05,0.8151,1265.16,522.75,0.6935,1300.97,549.17,0.7893,1295.68,547.41,0.5797,1288.05,547.99,0.6522,1299.79,592.02,0.7340,1279.83,594.96,0.7586,1306.25,639.58,0.8360,1251.66,641.92,0.8193
991,bottom,0,1122.33,539.88,1207.47,796.28,1176.79,561.67,0.7744,1174.29,558.54,0.6392,1178.04,558.54,0.5790,1169.28,562.92,0.7516,1185.56,563.54,0.6571,1151.75,593.59,0.8221,1197.45,593.59,0.8223,1147.37,634.90,0.7890,1201.21,634.28,0.7845,1151.75,650.55,0.4297,1194.32,665.58,0.6160,1158.01,668.71,0.6839,1186.81,668.71,0.6943,1148.00,721.91,0.8150,1183.05,721.91,0.7915,1147.37,778.25,0.8270,1184.93,775.12,0.8557
992,top,0,1239.00,424.32,1332.28,666.77,1319.38,450.25,0.9939,1320.57,447.29,0.7781,1319.38,447.29,0.8177,1308.14,448.47,0.5474,1312.28,449.06,0.7432,1292.75,468.00,0.7848,1298.66,477.47,0.7981,1277.95,502.93,0.6407,1293.93,517.13,0.7943,1267.29,523.64,0.7336,1304.58,547.32,0.7992,1298.66,544.95,0.5720,1291.56,545.55,0.6735,1302.22,589.94,0.7478,1288.01,594.68,0.7572,1306.36,639.66,0.8509,1254.27,640.25,0.8204
992,bottom,1,1123.36,539.90,1207.40,798.26,1175.47,561.85,0.7529,1172.95,558.69,0.6404,1176.10,558.69,0.5626,1169.80,563.11,0.7401,1184.93,563.74,0.6455,1152.76,594.02,0.8024,1197.55,594.02,0.8092,1147.72,635.02,0.7921,1201.33,635.02,0.7728,1152.76,648.26,0.4151,1191.24,660.25,0.5657,1157.81,667.19,0.6754,1186.20,667.19,0.6794,1148.98,722.07,0.8113,1182.41,721.43,0.7799,1149.61,779.47,0.8031,1184.93,775.05,0.8481
993,top,0,1241.66,423.64,1332.84,663.99,1321.87,449.34,0.9685,1323.04,445.82,0.7334,1322.46,445.82,0.7800,1310.72,447.58,0.6013,1315.41,448.17,0.7557,1294.88,466.36,0.7885,1301.92,475.75,0.8135,1281.97,502.15,0.6286,1297.22,515.65,0.7982,1271.99,525.04,0.7001,1306.61,546.16,0.7868,1297.22,543.82,0.5919,1294.88,544.99,0.6977,1302.50,589.00,0.7570,1298.40,592.52,0.7815,1306.03,639.46,0.8242,1259.67,636.53,0.8010
993,bottom,1,1123.15,539.91,1206.42,798.50,1172.99,562.51,0.7305,1171.73,558.73,0.6288,1174.25,558.73,0.5408,1170.47,563.78,0.7063,1184.36,564.41,0.6234,1153.42,595.34,0.7752,1196.35,594.08,0.7873,1147.11,635.75,0.7828,1200.14,634.48,0.7763,1152.16,640.17,0.4183,1187.51,655.95,0.5221,1158.47,668.58,0.6712,1184.99,667.94,0.6679,1149.00,721.61,0.8002,1181.83,720.98,0.7749,1151.53,779.06,0.7915,1184.99,774.01,0.8406
994,top,0,1250.49,423.50,1334.65,660.32,1324.95,448.24,0.9445,1326.10,444.77,0.7084,1325.53,444.20,0.7688,1312.23,445.93,0.5839,1318.59,446.51,0.7716,1297.20,465.01,0.8031,1306.45,474.84,0.8184,1285.05,504.33,0.6397,1301.24,514.73,0.8126,1276.96,528.03,0.6679,1311.07,546.53,0.7737,1299.51,541.33,0.5476,1299.51,542.49,0.6710,1305.87,588.74,0.7155,1307.03,591.63,0.7586,1305.87,639.04,0.8109,1266.55,633.26,0.7868
994,bottom,1,1127.26,539.75,1205.46,800.13,1174.62,562.50,0.7500,1172.72,558.69,0.6259,1174.62,558.69,0.5576,1170.81,563.78,0.7088,1184.16,565.05,0.6275,1154.28,595.56,0.7833,1196.24,594.93,0.8027,1147.29,635.61,0.7701,1198.78,634.34,0.8046,1143.47,642.60,0.4844,1183.52,648.32,0.4898,1158.10,668.67,0.6877,1184.80,668.03,0.6724,1149.20,722.06,0.7991,1181.62,720.79,0.7761,1153.65,779.91,0.7964,1184.80,774.19,0.8454
