frame,player,det_idx,bbox_x1,bbox_y1,bbox_x2,bbox_y2,nose_x,nose_y,nose_s,L_eye_x,L_eye_y,L_eye_s,R_eye_x,R_eye_y,R_eye_s,L_ear_x,L_ear_y,L_ear_s,R_ear_x,R_ear_y,R_ear_s,L_shoulder_x,L_shoulder_y,L_shoulder_s,R_shoulder_x,R_shoulder_y,R_shoulder_s,L_elbow_x,L_elbow_y,L_elbow_s,R_elbow_x,R_elbow_y,R_elbow_s,L_wrist_x,L_wrist_y,L_wrist_s,R_wrist_x,R_wrist_y,R_wrist_s,L_hip_x,L_hip_y,L_hip_s,R_hip_x,R_hip_y,R_hip_s,L_knee_x,L_knee_y,L_knee_s,R_knee_x,R_knee_y,R_knee_s,L_ankle_x,L_ankle_y,L_ankle_s,R_ankle_x,R_ankle_y,R_ankle_s
0,top,1,879.91,393.70,1044.81,557.60,976.85,407.48,0.8809,979.54,404.26,0.8661,972.56,403.72,0.8554,983.29,408.02,0.8158,965.04,408.02,0.9010,990.81,426.27,0.8431,947.33,431.64,0.7805,997.79,444.52,0.7686,936.60,457.94,0.7605,1010.13,467.06,0.8448,941.96,485.31,0.7555,977.39,471.89,0.6881,947.87,472.97,0.6647,1010.67,500.88,0.7533,921.57,505.17,0.7910,1027.31,530.40,0.8494,895.27,539.53,0.8310
0,bottom,0,969.85,738.97,1091.86,994.20,1068.86,759.41,0.9985,1071.36,758.17,0.6740,1068.24,756.92,0.6645,1058.27,761.28,0.7413,1077.59,765.64,0.7548,1030.85,782.47,0.8273,1081.33,803.65,0.9111,1000.32,809.26,0.8576,1073.85,836.68,0.7785,1016.52,818.61,0.5988,1071.36,819.85,0.5556,1013.41,851.63,0.7372,1043.94,864.09,0.7416,992.22,860.98,0.7019,1070.73,916.43,0.8450,982.87,904.60,0.7869,1054.53,975.01,0.8284
1,top,1,881.25,393.65,1060.99,556.58,984.58,407.25,0.8963,987.50,403.74,0.9093,980.48,403.74,0.8970,991.01,408.42,0.8211,972.29,407.25,0.9467,996.86,425.39,0.8525,955.32,431.24,0.8067,1002.71,445.28,0.7990,945.96,461.07,0.8028,1015.00,467.51,0.8255,961.17,483.31,0.7309,981.65,471.02,0.7350,951.81,471.02,0.7047,1014.42,503.78,0.8016,925.49,506.12,0.8184,1037.23,535.38,0.8864,896.23,538.89,0.8912
1,bottom,0,975.62,740.32,1091.25,994.31,1067.54,761.90,0.9255,1070.64,760.03,0.5944,1068.16,759.41,0.6089,1055.76,763.14,0.7727,1076.84,767.48,0.8286,1029.71,788.56,0.8245,1081.18,805.30,0.8922,1006.15,820.19,0.7941,1072.50,842.51,0.7423,1028.47,825.15,0.5224,1058.24,831.35,0.4282,1012.97,858.01,0.7536,1042.74,868.55,0.7592,995.61,865.45,0.7123,1070.64,918.16,0.8281,989.41,913.20,0.7744,1055.14,973.35,0.8031
2,top,1,882.00,389.67,1060.45,557.63,993.30,404.52,0.8828,996.20,401.04,0.8772,988.65,401.04,0.8334,1000.27,405.69,0.7857,981.10,404.52,0.8873,1002.59,422.53,0.8512,964.25,429.50,0.8133,1006.08,442.28,0.7845,957.28,463.20,0.7962,1018.86,465.52,0.8210,984.58,481.20,0.6329,986.91,470.75,0.7307,957.86,470.75,0.7014,1017.70,502.70,0.7836,928.82,508.51,0.7852,1038.61,534.07,0.8997,897.45,539.30,0.8464
2,bottom,0,978.45,737.20,1090.02,994.19,1062.47,758.41,0.9273,1063.09,755.27,0.5195,1063.72,755.27,0.6188,1050.55,759.66,0.7104,1071.88,762.17,0.8124,1026.70,786.01,0.8379,1079.41,799.82,0.8895,1002.86,816.13,0.8290,1071.88,835.58,0.7110,1021.06,829.31,0.5840,1053.05,842.48,0.4388,1014.15,855.03,0.7483,1043.02,863.81,0.7509,997.84,866.95,0.7004,1067.49,915.89,0.8166,994.08,917.77,0.7592,1054.94,973.61,0.8096
3,top,1,882.68,386.65,1061.42,557.14,1002.30,402.08,0.9515,1005.79,398.59,0.9524,997.65,398.01,0.9107,1009.28,402.66,0.8333,988.92,401.50,0.8914,1010.45,419.53,0.8519,973.21,427.68,0.8209,1010.45,439.32,0.7407,969.72,461.43,0.8153,1025.58,463.75,0.7784,998.81,474.81,0.7153,991.83,471.90,0.7122,962.74,472.48,0.6944,1024.41,500.41,0.7618,934.81,508.55,0.7658,1039.54,533.57,0.8614,900.48,538.81,0.8305
3,bottom,0,978.97,727.63,1086.89,990.92,1056.07,750.00,0.8685,1054.14,746.78,0.5680,1059.29,746.78,0.6504,1043.22,751.93,0.7734,1063.79,753.21,0.8165,1022.00,778.28,0.8500,1074.71,787.92,0.9040,995.65,807.85,0.8492,1071.50,821.99,0.7207,1012.36,822.64,0.6874,1052.86,830.35,0.4559,1015.58,849.63,0.7522,1045.14,856.71,0.7655,999.51,865.06,0.7275,1059.29,910.70,0.7897,995.01,917.13,0.7664,1054.79,971.13,0.8211
4,top,1,886.91,384.08,1061.15,555.41,1011.47,399.98,0.8956,1014.30,396.01,0.9228,1006.93,396.01,0.9087,1017.14,400.55,0.8313,997.86,398.85,0.9083,1016.01,417.00,0.8441,984.24,426.07,0.8457,1013.74,436.85,0.7331,984.24,460.67,0.8154,1029.05,458.97,0.7638,1012.60,467.48,0.6934,997.29,468.04,0.7216,970.06,469.18,0.7060,1030.75,497.54,0.7893,941.70,508.31,0.7087,1039.83,533.84,0.8531,903.13,538.38,0.8193
4,bottom,0,978.13,716.62,1085.49,988.63,1049.74,739.73,0.8216,1046.42,736.41,0.5944,1054.39,736.41,0.5979,1037.13,741.72,0.8212,1057.71,743.05,0.7829,1017.20,769.61,0.8174,1069.67,776.26,0.9151,987.32,795.51,0.8563,1069.00,811.45,0.7360,1005.25,814.11,0.7534,1059.04,835.36,0.5214,1015.88,840.01,0.7333,1045.09,847.31,0.7485,999.94,865.24,0.7539,1055.06,901.10,0.8198,994.63,917.70,0.7930,1055.72,959.54,0.8402
5,top,1,892.55,381.33,1062.09,556.18,1018.71,397.56,0.9338,1022.03,393.70,0.8835,1014.30,393.70,0.9024,1024.23,398.11,0.8159,1005.47,397.01,0.8884,1021.47,414.67,0.8696,994.43,422.40,0.8255,1019.82,433.99,0.7758,996.64,454.41,0.8316,1035.27,453.30,0.8022,1028.65,461.03,0.7271,1003.26,464.34,0.7833,977.32,465.45,0.7331,1034.17,494.14,0.8333,948.62,505.74,0.7351,1039.69,533.88,0.8688,907.78,537.75,0.8383
5,bottom,0,974.91,704.68,1077.43,983.03,1044.52,727.65,0.9027,1043.84,725.61,0.6370,1047.23,725.61,0.6150,1032.96,731.05,0.8316,1053.35,732.41,0.7960,1011.90,758.23,0.8128,1064.22,765.70,0.9299,982.00,782.01,0.8510,1068.30,805.12,0.8332,994.23,805.12,0.7878,1055.39,796.28,0.5153,1015.97,830.94,0.7384,1046.55,835.70,0.7234,1001.70,861.52,0.7686,1057.43,892.10,0.7917,995.59,916.57,0.7810,1057.43,944.43,0.8497
6,top,1,899.85,381.57,1064.75,555.32,1026.32,395.97,0.9130,1028.46,392.22,0.8197,1022.02,392.22,0.8590,1030.61,396.51,0.7283,1012.36,396.51,0.9157,1026.32,413.15,0.8278,1003.23,419.59,0.8244,1021.48,433.55,0.6388,1008.60,448.58,0.7495,1041.88,448.04,0.5243,1040.81,452.34,0.6962,1005.92,461.46,0.7355,980.69,461.46,0.7093,1036.52,492.06,0.8371,954.38,504.41,0.7281,1039.74,534.47,0.8632,913.59,537.15,0.8185
6,bottom,0,974.15,696.87,1078.84,966.90,1041.66,717.84,0.9089,1041.00,715.20,0.6291,1042.98,715.20,0.5671,1030.45,721.13,0.7936,1050.89,722.45,0.7695,1010.02,747.50,0.7971,1062.10,754.76,0.9139,980.35,770.58,0.8198,1071.33,794.31,0.8706,984.96,795.63,0.8012,1064.73,775.85,0.5971,1013.97,822.00,0.7485,1043.64,825.29,0.7323,1002.76,861.55,0.7943,1063.41,878.69,0.8204,996.17,915.61,0.8001,1057.48,924.84,0.8470
7,top,1,901.59,380.43,1072.85,556.68,1031.82,394.97,0.9032,1034.60,391.06,0.7991,1027.36,390.51,0.8469,1036.83,396.08,0.7214,1018.44,394.97,0.8911,1027.91,415.04,0.7243,1011.75,418.38,0.7790,1019.55,436.22,0.4765,1022.34,440.68,0.6276,1021.78,446.81,0.2839,1053.00,447.93,0.6652,1007.84,460.19,0.6450,982.20,460.75,0.6466,1036.83,489.18,0.7902,958.79,503.12,0.6928,1039.62,533.78,0.7952,919.20,536.57,0.7849
7,bottom,0,972.62,688.29,1082.78,950.19,1041.13,709.26,0.9474,1041.13,707.34,0.6400,1042.41,707.34,0.5787,1029.62,712.46,0.7324,1049.44,713.10,0.7600,1008.52,738.03,0.8247,1060.95,745.71,0.9386,980.38,761.69,0.8463,1073.74,784.07,0.8896,979.74,790.46,0.8267,1067.34,762.97,0.6824,1010.43,811.57,0.7424,1040.49,814.12,0.7519,1002.76,856.96,0.8101,1069.90,869.11,0.8708,994.45,912.59,0.8504,1057.75,915.79,0.8888
8,top,1,907.47,380.41,1069.89,556.44,1036.79,394.40,0.9207,1039.44,390.70,0.8160,1033.09,390.17,0.8589,1042.08,395.99,0.7252,1024.63,394.40,0.8942,1031.51,413.96,0.6715,1016.70,412.91,0.7476,1020.40,425.07,0.4531,1026.22,431.94,0.6347,1037.85,423.48,0.3419,1053.18,448.33,0.7548,1009.83,457.85,0.6463,984.98,456.79,0.6480,1038.91,490.10,0.8112,961.72,501.20,0.6791,1039.96,533.45,0.8016,923.12,536.62,0.7893
8,bottom,0,968.01,680.31,1085.50,936.34,1040.50,702.07,0.9726,1041.13,700.82,0.6473,1042.38,700.19,0.5889,1029.88,705.82,0.7262,1049.88,706.44,0.7470,1008.00,730.82,0.7988,1061.76,738.94,0.9200,983.00,755.82,0.8235,1075.51,776.45,0.8605,976.12,787.07,0.8243,1062.38,763.32,0.6155,1008.63,803.95,0.6911,1038.63,805.83,0.7305,1001.13,847.08,0.7607,1075.51,854.58,0.8534,991.13,897.08,0.8076,1060.51,907.08,0.8686
9,top,1,910.27,375.21,1063.56,557.02,1040.81,391.76,0.9012,1044.30,388.27,0.7647,1036.32,387.77,0.7769,1045.80,393.26,0.7410,1028.83,391.76,0.8557,1035.82,410.22,0.7171,1020.85,411.72,0.7571,1021.85,433.68,0.5479,1027.84,436.17,0.6514,1036.32,452.64,0.4016,1047.80,452.64,0.7158,1012.87,456.63,0.7108,987.92,455.63,0.6756,1039.31,489.56,0.7758,964.96,498.55,0.6781,1039.31,532.98,0.8284,927.54,534.97,0.8132
9,bottom,0,965.05,676.34,1090.89,922.66,1040.60,698.47,0.8970,1042.40,696.06,0.6311,1043.00,696.06,0.5257,1029.17,701.47,0.7110,1049.62,702.08,0.6998,1006.92,726.73,0.7856,1062.25,733.95,0.8743,982.87,755.60,0.8205,1076.08,770.63,0.7539,972.64,788.07,0.8145,1078.49,783.86,0.6682,1006.32,795.89,0.6710,1036.39,798.30,0.6879,999.70,839.19,0.7318,1076.68,841.00,0.8456,983.47,880.69,0.8068,1070.07,902.34,0.8984
10,top,1,913.19,369.33,1062.84,557.44,1042.57,387.40,0.9252,1045.98,383.99,0.7594,1038.67,383.50,0.7982,1047.44,388.86,0.7245,1030.88,386.91,0.9248,1038.67,404.45,0.7720,1019.19,412.24,0.8023,1025.04,429.78,0.5602,1018.22,441.47,0.7098,1029.42,450.24,0.4680,1030.39,463.88,0.6866,1017.73,455.11,0.7579,989.96,455.11,0.6994,1041.11,490.18,0.8283,966.09,496.51,0.6879,1039.65,533.05,0.8651,931.02,533.05,0.8431
10,bottom,0,959.80,674.56,1105.41,913.06,1041.34,697.15,0.8809,1043.67,693.66,0.6342,1043.67,694.24,0.5013,1029.11,699.48,0.7407,1049.49,700.64,0.7031,1006.98,725.68,0.7981,1061.72,732.09,0.8536,983.69,758.29,0.8464,1074.53,767.03,0.7727,970.88,792.65,0.8348,1083.26,796.14,0.7751,1005.24,793.23,0.7154,1035.52,796.14,0.6858,995.92,829.91,0.7657,1077.44,833.41,0.8670,974.37,875.33,0.8083,1082.10,895.13,0.8838
11,top,1,915.87,370.10,1062.19,556.65,1042.86,384.30,0.8931,1046.19,381.45,0.7233,1039.05,380.97,0.7771,1048.10,385.26,0.6595,1030.95,383.83,0.9331,1038.09,400.50,0.7607,1016.66,410.98,0.8539,1023.80,425.74,0.5041,1009.51,442.41,0.7833,1025.71,443.84,0.3785,1022.37,470.04,0.7394,1019.04,453.85,0.7742,992.37,453.85,0.7091,1043.81,488.62,0.8175,968.08,495.76,0.6784,1041.90,530.53,0.8377,933.31,532.91,0.8383
11,bottom,0,952.47,675.40,1117.54,910.11,1040.73,697.64,0.8098,1043.60,694.77,0.5951,1043.02,695.34,0.4818,1028.70,699.93,0.7036,1048.75,701.65,0.6908,1006.92,725.71,0.8272,1060.79,733.74,0.8299,984.58,761.24,0.8440,1073.39,770.41,0.7919,969.68,795.62,0.8535,1085.43,804.79,0.8334,1005.21,791.04,0.7157,1036.15,793.90,0.6894,989.16,827.14,0.8142,1075.69,828.28,0.8470,964.52,874.12,0.8729,1094.59,885.01,0.8833
12,top,1,919.41,370.15,1063.46,557.61,1041.61,383.69,0.8336,1045.36,380.88,0.7124,1037.86,379.94,0.7714,1047.24,384.16,0.6250,1029.89,382.28,0.8808,1041.61,397.76,0.7550,1013.01,409.95,0.8212,1022.85,395.88,0.4383,1002.69,440.90,0.7276,1050.99,393.54,0.3987,1008.79,470.44,0.7050,1020.98,453.09,0.7564,993.31,453.09,0.6482,1046.30,488.26,0.8064,970.33,496.24,0.6459,1045.83,527.65,0.8130,935.63,533.28,0.8242
12,bottom,0,948.00,678.59,1118.91,896.50,1039.58,699.09,0.9132,1042.92,696.86,0.6345,1041.25,697.42,0.5095,1028.45,702.42,0.6397,1047.37,703.54,0.6836,1006.75,728.57,0.8483,1059.05,735.25,0.8638,986.17,764.74,0.8615,1071.29,773.64,0.7913,966.69,796.45,0.9141,1084.09,809.80,0.8855,1005.64,792.55,0.7595,1037.91,795.89,0.7320,985.05,826.49,0.8815,1077.41,828.16,0.8880,958.91,866.55,0.8929,1103.00,876.01,0.9284
13,top,1,922.01,369.55,1069.99,556.46,1039.84,383.52,0.7985,1043.21,379.67,0.7857,1035.98,379.67,0.7816,1046.10,384.00,0.6835,1027.31,383.04,0.8593,1041.76,399.42,0.7267,1010.45,410.02,0.7902,1051.40,403.27,0.3921,998.41,441.33,0.7404,1055.25,404.24,0.4504,998.41,473.60,0.7033,1022.50,453.37,0.7506,994.56,453.37,0.6725,1048.03,488.05,0.7913,972.88,497.68,0.6811,1051.40,529.96,0.8226,938.20,534.29,0.8307
13,bottom,0,943.40,683.05,1120.43,888.79,1036.53,703.51,0.9964,1040.56,701.79,0.6745,1037.68,702.36,0.5904,1026.16,706.97,0.7049,1045.75,708.70,0.7386,1004.83,732.33,0.8797,1057.27,738.67,0.8991,984.09,768.63,0.8795,1068.22,777.28,0.8249,961.04,796.29,0.9205,1080.90,812.43,0.8218,1005.41,795.72,0.7732,1037.68,799.75,0.7352,982.36,826.26,0.8416,1074.56,830.87,0.8802,961.61,859.11,0.9096,1104.53,872.36,0.9243
14,top,0,923.13,368.25,1077.30,558.51,1037.85,385.09,0.8533,1041.36,381.58,0.7861,1034.34,381.08,0.8257,1043.37,386.10,0.7780,1025.81,385.09,0.8332,1042.37,403.66,0.7863,1007.74,412.19,0.8064,1051.40,415.21,0.4197,996.20,443.81,0.7317,1060.94,415.21,0.6202,991.18,478.44,0.7074,1023.30,455.35,0.7694,996.70,455.35,0.7151,1048.89,490.48,0.8140,978.13,499.01,0.7159,1061.44,535.65,0.8790,941.00,534.64,0.8138
14,bottom,1,933.65,685.03,1121.95,888.22,1030.86,706.33,1.0671,1034.54,704.49,0.6656,1030.25,704.49,0.6305,1020.44,709.39,0.7426,1040.67,710.62,0.7771,1001.44,735.75,0.9327,1054.16,741.27,0.9473,981.21,770.69,0.9501,1061.51,781.11,0.8756,953.63,787.24,0.9159,1078.06,812.37,0.9099,1005.73,803.18,0.8551,1036.99,806.24,0.8157,983.05,819.11,0.9176,1075.61,827.70,0.9174,959.76,857.73,0.9790,1107.48,872.44,0.9641
15,top,0,922.47,370.29,1079.20,558.82,1034.51,389.56,0.8662,1038.59,385.48,0.8016,1030.93,384.97,0.8952,1042.16,389.05,0.8053,1022.77,388.03,0.8719,1042.16,405.38,0.8395,1005.43,414.56,0.8055,1045.22,415.58,0.7054,993.18,444.15,0.7161,1064.61,428.33,0.7793,986.04,478.33,0.6250,1025.83,458.95,0.7483,998.79,458.95,0.7175,1050.83,494.66,0.8141,980.43,502.31,0.7447,1065.12,537.51,0.8886,942.16,536.49,0.8261
15,bottom,1,923.36,683.11,1122.19,889.47,1022.13,706.68,1.0275,1024.72,704.09,0.6787,1020.83,704.09,0.6812,1012.42,707.98,0.8062,1031.19,709.27,0.8074,993.65,735.16,0.9076,1045.43,739.69,0.9011,975.53,768.17,0.9801,1051.25,775.94,0.8439,943.17,773.99,0.8229,1071.32,797.29,0.7912,1003.36,801.18,0.8236,1035.72,803.77,0.8182,980.06,807.65,0.8588,1070.67,826.42,0.8832,960.64,856.84,0.9014,1105.62,871.08,0.9292
16,top,0,924.64,377.25,1081.25,558.92,1030.48,393.14,0.9076,1034.55,389.07,0.8651,1026.40,388.56,0.8672,1039.14,393.14,0.8855,1019.77,391.61,0.9141,1042.20,410.99,0.8557,1002.95,417.10,0.7558,1047.81,424.75,0.7421,988.16,446.16,0.6846,1065.65,444.63,0.7488,977.97,482.36,0.5903,1025.89,464.00,0.7300,997.34,464.51,0.6918,1052.91,498.16,0.7949,977.46,507.85,0.7083,1064.12,537.41,0.8528,943.81,537.92,0.7711
16,bottom,1,913.86,676.95,1123.12,889.48,1011.00,700.11,1.0075,1011.68,697.38,0.6175,1009.64,697.38,0.6787,1001.46,701.47,0.7916,1019.85,702.15,0.7953,983.75,730.08,0.8939,1034.16,732.80,0.9109,964.00,759.37,0.9810,1042.33,769.59,0.8490,929.94,750.52,0.9658,1055.96,775.72,0.5491,996.69,796.16,0.7874,1027.35,798.20,0.7861,972.85,802.97,0.8145,1066.18,826.13,0.8828,958.55,854.74,0.8842,1104.32,870.41,0.9345
17,top,0,922.85,379.59,1081.18,559.46,1025.21,393.77,0.9090,1028.81,390.67,0.8799,1021.08,390.16,0.8626,1033.97,394.28,0.8555,1014.38,393.77,0.8954,1039.12,412.83,0.8675,997.38,418.50,0.7655,1046.34,432.42,0.7750,982.95,446.33,0.7026,1064.89,457.67,0.7738,972.12,480.35,0.5797,1025.72,465.92,0.7259,996.35,465.92,0.6755,1051.49,499.42,0.7898,975.22,508.69,0.6972,1063.86,537.55,0.8712,943.78,541.16,0.8107
17,bottom,1,901.12,667.10,1122.15,887.33,997.24,688.71,0.9278,995.80,687.27,0.6320,997.24,686.55,0.6753,987.89,690.87,0.7502,1006.60,690.87,0.8132,970.62,720.37,0.8915,1020.99,721.09,0.8799,944.72,746.99,0.9417,1034.66,754.19,0.8709,913.78,723.97,0.9683,1045.45,746.27,0.6273,986.45,786.57,0.7936,1016.67,788.01,0.7944,960.55,798.08,0.8351,1057.68,825.42,0.8867,957.67,856.36,0.8927,1102.29,868.59,0.9194
18,top,0,921.18,379.21,1080.82,559.30,1018.67,393.38,0.8442,1022.31,389.74,0.8055,1014.51,389.74,0.8130,1026.98,393.38,0.8218,1007.76,393.38,0.8621,1034.26,412.61,0.8508,991.13,415.73,0.8055,1042.57,435.99,0.7903,977.10,442.75,0.7679,1057.12,462.50,0.7977,965.15,475.49,0.6663,1021.27,466.65,0.7383,991.65,466.13,0.7025,1046.21,499.91,0.7987,970.86,506.15,0.7598,1063.88,537.33,0.8839,941.76,539.41,0.8543
18,bottom,1,894.65,657.59,1118.66,884.03,983.32,678.94,0.9235,981.86,676.75,0.6658,984.78,676.75,0.6716,973.84,681.12,0.7957,993.53,681.12,0.8634,956.34,711.02,0.8989,1007.38,708.83,0.8749,923.52,730.71,0.9134,1025.61,740.19,0.8567,900.19,703.73,0.8982,1034.36,729.98,0.7359,975.30,775.19,0.7798,1004.47,776.65,0.7924,947.59,789.77,0.8302,1044.57,818.94,0.8250,954.88,851.03,0.8788,1091.97,861.96,0.8763
19,top,0,919.16,375.49,1079.98,558.42,1010.04,390.00,0.8920,1014.22,386.34,0.8493,1006.90,385.81,0.8546,1019.98,390.00,0.8460,1000.61,389.48,0.8662,1027.84,409.89,0.8362,983.86,411.46,0.8028,1036.73,434.50,0.7978,970.25,438.16,0.8029,1047.20,461.20,0.7763,958.21,467.48,0.7043,1014.75,464.86,0.7270,984.38,463.29,0.6947,1040.92,499.41,0.7909,961.35,502.55,0.8082,1063.43,536.58,0.8879,936.22,538.15,0.8604
19,bottom,1,882.02,649.55,1098.95,876.19,968.60,671.07,0.8743,965.77,669.66,0.6422,970.01,668.95,0.6108,960.83,673.19,0.7893,979.90,673.19,0.8192,944.59,701.43,0.8643,996.14,700.02,0.8404,905.04,712.02,0.8503,1015.91,725.44,0.7957,885.98,688.02,0.8818,1026.50,716.26,0.7145,965.07,764.28,0.7554,994.02,764.28,0.7676,932.58,780.52,0.8297,1032.15,811.59,0.8144,943.88,841.25,0.8140,1075.93,854.67,0.8493
20,top,1,917.27,370.95,1079.54,558.60,1002.63,387.13,0.8989,1006.85,383.43,0.8409,998.93,382.90,0.8146,1012.66,387.13,0.8494,993.12,387.13,0.8022,1021.64,407.20,0.7982,976.74,408.26,0.8025,1031.15,430.97,0.7912,964.07,435.20,0.8219,1036.96,459.49,0.7453,952.97,464.25,0.7700,1007.38,460.55,0.7091,976.74,458.44,0.7043,1034.32,497.53,0.7847,951.39,494.88,0.8058,1061.26,536.09,0.8716,932.90,537.14,0.8615
20,bottom,0,847.37,643.83,1085.45,877.47,954.78,666.87,0.8185,952.46,663.00,0.5903,954.78,663.77,0.5959,947.81,667.65,0.7879,964.08,666.10,0.7883,930.76,694.77,0.8093,981.91,691.67,0.8266,889.68,694.00,0.8310,1007.49,715.70,0.8241,862.56,669.97,0.9278,1022.21,700.97,0.7253,955.56,755.23,0.7653,982.69,753.68,0.8034,919.13,776.93,0.8171,1021.44,804.83,0.8574,929.98,835.83,0.8150,1060.19,852.10,0.8748
21,top,1,916.16,369.44,1073.20,558.37,994.68,385.19,0.8898,999.28,381.61,0.8224,991.10,381.61,0.8254,1005.41,386.21,0.8281,985.48,385.70,0.8495,1015.13,405.63,0.7708,969.12,406.14,0.7970,1026.37,428.12,0.7674,957.36,433.75,0.7968,1027.91,456.75,0.7693,945.61,464.93,0.7475,1001.84,457.26,0.6683,969.63,454.71,0.6839,1028.93,495.60,0.7504,942.03,489.98,0.7568,1053.98,534.45,0.8368,928.74,533.94,0.7858
21,bottom,0,823.41,640.03,1069.31,874.54,943.16,661.23,0.8140,941.56,658.03,0.5930,944.76,658.03,0.5882,934.35,662.83,0.7953,950.36,661.23,0.7774,916.74,686.85,0.8115,967.97,685.24,0.8325,879.12,684.44,0.7865,997.59,707.66,0.8226,846.30,662.83,0.8257,1015.20,698.05,0.7444,945.56,750.08,0.7660,972.77,746.88,0.8029,907.94,772.49,0.8071,1012.00,800.51,0.8534,909.54,832.53,0.7996,1046.42,849.34,0.8625
22,top,1,907.49,370.83,1061.36,558.56,986.93,385.06,0.8865,990.94,381.55,0.8204,983.43,381.05,0.8209,996.95,386.06,0.8529,977.92,385.56,0.7963,1008.47,405.59,0.7599,961.89,406.09,0.7723,1020.99,427.13,0.7624,950.87,433.64,0.7657,1020.99,456.18,0.7498,938.35,464.20,0.7326,995.45,453.68,0.6558,963.89,451.67,0.6572,1021.49,491.75,0.7449,934.84,489.24,0.7570,1043.03,532.32,0.8375,919.81,532.82,0.7496
22,bottom,0,808.80,639.12,1059.01,873.68,928.20,659.47,0.7812,924.94,657.03,0.5657,929.01,656.22,0.5820,920.06,662.73,0.8113,935.53,660.29,0.7706,904.58,687.17,0.7954,952.64,680.65,0.8204,866.30,679.84,0.7224,983.59,701.83,0.7527,830.46,660.29,0.7024,1006.39,695.31,0.6636,936.35,747.44,0.7771,962.41,743.37,0.8078,898.06,775.13,0.8033,999.88,797.12,0.8611,886.66,830.52,0.8334,1034.08,845.99,0.8593
23,top,0,892.20,368.81,1048.02,553.60,979.24,386.64,0.8705,983.30,383.09,0.8181,976.20,382.59,0.8321,989.38,386.64,0.8522,970.11,386.14,0.8311,1001.56,406.93,0.7991,954.89,407.44,0.7941,1015.76,428.24,0.8088,944.75,435.34,0.7699,1015.25,458.16,0.7548,932.58,465.26,0.7411,988.88,454.11,0.7033,957.94,452.58,0.6707,1014.75,490.63,0.7522,928.01,489.10,0.7681,1030.98,532.22,0.8474,907.21,531.71,0.8315
23,bottom,1,818.52,639.53,1048.08,869.73,911.63,661.23,0.6870,907.89,658.99,0.5425,916.86,658.24,0.5020,907.14,662.72,0.7323,923.58,661.23,0.7316,892.95,687.38,0.7676,941.52,680.66,0.7680,852.59,679.91,0.6094,972.90,700.08,0.6925,815.98,660.48,0.6705,999.06,694.11,0.6257,926.57,747.16,0.7302,951.98,742.68,0.7379,888.46,784.52,0.8025,990.09,794.99,0.8161,863.80,828.61,0.8080,1022.97,844.30,0.8184
24,top,1,880.59,372.34,1035.13,551.81,971.94,389.13,0.8585,975.97,385.11,0.8110,968.93,385.11,0.8222,982.51,388.63,0.8543,963.90,388.13,0.8167,995.08,409.26,0.8128,948.30,410.26,0.7980,1010.18,430.38,0.8115,938.24,436.92,0.7467,1010.68,460.06,0.7563,927.17,468.11,0.7122,983.51,456.04,0.7167,952.83,455.03,0.6542,1008.67,492.26,0.7515,923.15,490.25,0.7435,1019.73,533.51,0.8314,899.00,527.47,0.8300
24,bottom,0,788.05,639.51,1040.11,868.97,903.41,660.70,0.7593,900.95,656.60,0.5659,903.41,657.42,0.5853,897.67,663.16,0.7704,909.15,660.70,0.7607,880.44,689.42,0.7971,929.67,682.04,0.8110,836.95,686.14,0.7646,960.85,703.37,0.7463,804.95,666.45,0.8139,991.20,698.45,0.6242,914.90,749.32,0.7931,941.15,743.57,0.7949,878.80,791.16,0.7985,979.72,792.80,0.8547,846.80,829.73,0.8433,1013.36,841.21,0.8752
25,top,1,868.14,377.07,1035.17,552.46,965.25,391.90,0.8683,969.06,388.10,0.8246,961.99,387.56,0.8422,975.04,391.36,0.8654,956.55,391.36,0.8383,988.63,410.94,0.8009,941.87,413.65,0.7916,1004.40,432.14,0.8248,931.00,440.84,0.7559,1009.29,460.41,0.7614,921.21,470.20,0.7105,977.76,460.41,0.6978,946.77,459.33,0.6498,1001.68,496.84,0.7614,917.40,495.21,0.7303,1015.27,534.36,0.8298,891.31,526.75,0.8151
25,bottom,0,789.04,643.81,1032.68,862.56,891.82,663.56,0.8296,890.24,660.39,0.5739,894.20,659.59,0.6037,885.48,665.15,0.7781,900.55,663.56,0.7776,870.41,693.70,0.8497,920.38,688.94,0.8292,831.55,696.08,0.8010,952.10,707.18,0.7843,802.20,677.04,0.8909,981.45,704.80,0.7477,902.14,752.39,0.8068,929.10,746.84,0.8281,863.27,793.63,0.8485,968.76,793.63,0.8541,833.93,833.29,0.8573,1004.45,840.43,0.8994
26,top,1,861.77,377.03,1033.54,551.09,957.72,393.61,0.8593,961.08,389.69,0.8559,954.37,389.69,0.8708,967.79,393.05,0.8514,948.78,393.05,0.8411,981.77,413.18,0.8012,934.24,417.65,0.7813,997.42,433.87,0.8163,923.61,445.61,0.7635,1008.60,461.83,0.7716,912.99,475.24,0.7633,968.90,464.62,0.6940,939.83,464.62,0.6408,995.18,497.61,0.7678,910.75,499.29,0.7193,1015.31,534.52,0.8547,886.71,528.92,0.8189
26,bottom,0,793.34,645.87,1025.60,861.62,881.50,667.56,0.9428,879.23,664.53,0.6496,883.01,664.53,0.6307,875.45,669.07,0.7788,891.33,667.56,0.7607,861.84,699.31,0.8691,910.23,693.26,0.8510,824.04,709.14,0.8459,940.47,712.16,0.7522,804.38,690.99,0.8647,970.71,715.94,0.7541,891.33,756.77,0.7946,918.54,752.23,0.8258,848.23,787.76,0.8647,957.10,798.35,0.8477,826.31,833.88,0.8963,996.41,840.69,0.9044
27,top,1,859.19,379.38,1031.45,550.03,950.93,395.17,0.8878,954.29,391.25,0.8858,947.56,391.25,0.8660,961.02,395.17,0.8454,941.96,394.61,0.8102,973.36,415.36,0.7787,926.82,419.28,0.7753,990.74,436.67,0.7913,916.16,447.32,0.7673,1006.44,460.22,0.7914,907.75,477.04,0.7331,962.14,468.63,0.6698,931.86,468.07,0.6380,989.62,501.71,0.7449,905.51,501.71,0.7718,1013.73,535.35,0.8454,883.08,531.43,0.8395
27,bottom,0,796.44,648.24,1018.58,861.22,869.19,669.40,0.9345,868.46,667.23,0.7332,868.46,667.23,0.6699,866.29,670.85,0.8448,880.76,670.85,0.7807,855.45,702.67,0.8581,900.28,693.99,0.8422,825.07,718.58,0.8327,929.20,717.85,0.7709,810.61,708.45,0.8039,959.58,728.70,0.8154,885.09,761.24,0.7801,911.85,758.35,0.7999,840.26,782.21,0.8652,948.73,803.90,0.8324,825.80,832.83,0.8880,989.95,842.95,0.8882
28,top,1,859.95,379.67,1028.85,550.49,944.40,395.25,0.9035,948.80,391.40,0.8658,941.65,391.40,0.8647,954.85,395.25,0.8608,936.16,394.70,0.8486,965.84,416.15,0.7754,920.21,419.44,0.7959,981.79,433.74,0.7546,909.76,449.13,0.7554,1002.13,456.28,0.8193,903.17,479.37,0.7109,954.85,471.13,0.6623,923.51,470.03,0.6450,981.79,503.56,0.6962,896.02,501.37,0.7369,1010.38,534.35,0.8364,882.82,530.51,0.8310
28,bottom,0,797.32,647.63,1010.48,859.42,863.66,668.18,0.9508,862.96,666.10,0.7059,862.27,666.10,0.6763,858.80,670.26,0.8635,874.07,669.56,0.7908,849.09,703.56,0.8519,896.27,692.46,0.8598,827.58,727.16,0.8048,921.94,720.91,0.7975,817.86,725.07,0.7066,948.31,741.73,0.8037,879.62,761.85,0.7837,907.37,759.77,0.7857,835.21,781.28,0.8807,941.37,804.18,0.8076,825.50,834.01,0.8774,983.00,845.11,0.8839
29,top,1,860.05,377.26,1021.50,550.62,941.30,392.46,0.9232,945.51,389.31,0.8669,938.15,388.78,0.8751,951.29,393.51,0.8467,932.37,392.99,0.8763,961.27,414.01,0.7773,916.60,417.16,0.7842,975.99,431.35,0.7564,906.09,447.65,0.7454,995.96,452.38,0.8290,900.84,477.08,0.7036,949.19,470.77,0.6516,918.70,469.19,0.6379,976.52,504.93,0.6893,892.95,500.73,0.7254,1000.69,532.79,0.8356,880.34,530.69,0.8728
29,bottom,0,797.41,642.46,1004.57,859.05,863.23,664.44,0.9942,863.23,662.42,0.6856,862.55,662.42,0.6866,855.81,667.81,0.8218,872.67,666.46,0.7939,844.34,702.88,0.8969,894.92,690.06,0.8872,834.23,739.29,0.8254,918.52,723.11,0.8057,831.53,741.99,0.6470,939.43,748.06,0.7714,878.74,759.52,0.8089,906.39,756.83,0.7968,834.90,781.10,0.9052,939.43,801.34,0.8329,825.46,833.71,0.9014,979.22,844.50,0.9015
30,top,1,861.04,375.50,1001.64,547.18,939.12,389.94,0.9125,942.78,386.74,0.8785,935.92,386.28,0.8614,948.73,391.77,0.8460,929.97,390.86,0.8508,958.80,411.45,0.7657,913.95,415.57,0.7414,972.53,428.85,0.7205,902.96,446.70,0.6828,992.67,449.44,0.7901,897.93,478.28,0.6378,945.53,469.12,0.6301,915.32,469.58,0.5925,975.28,505.74,0.7310,893.35,502.53,0.6834,982.15,533.66,0.7781,877.79,529.08,0.7520
30,bottom,0,797.64,638.74,1003.27,858.21,864.98,658.78,0.9587,863.64,657.44,0.6602,864.98,657.44,0.6629,856.28,663.46,0.8745,875.02,662.12,0.8447,845.57,699.61,0.9004,894.43,686.22,0.8673,842.89,738.43,0.8038,917.19,720.36,0.7981,842.89,765.21,0.7753,933.26,751.82,0.7267,879.71,756.51,0.7863,909.16,753.16,0.7721,837.53,781.27,0.8956,941.96,796.00,0.8561,825.49,834.16,0.9012,980.11,843.53,0.9167
31,top,1,860.86,374.79,978.39,544.89,937.07,388.82,0.8795,941.22,385.92,0.8199,933.74,385.09,0.8516,947.86,390.90,0.8003,927.93,389.65,0.8059,955.75,410.42,0.7601,912.98,414.16,0.6955,971.12,428.69,0.7200,899.28,443.64,0.6613,991.47,448.21,0.7952,896.37,475.62,0.6093,942.05,466.48,0.6570,914.23,469.80,0.5544,968.21,503.86,0.7474,895.12,512.16,0.6497,959.08,530.02,0.7245,874.77,522.54,0.7370
31,bottom,0,797.26,633.41,1002.63,858.27,869.86,652.92,1.0303,869.86,651.58,0.6948,870.53,650.91,0.7086,860.50,658.27,0.8764,879.89,656.93,0.8162,848.47,695.70,0.9100,899.28,680.33,0.8824,851.15,734.48,0.7578,916.66,715.09,0.8028,856.49,761.22,0.6849,928.69,745.17,0.7026,882.57,750.52,0.7838,912.65,747.18,0.7744,842.46,781.94,0.9055,946.07,791.97,0.8985,825.74,834.08,0.9069,980.83,842.77,0.9439
32,top,3,860.67,374.72,973.27,548.50,936.06,389.48,0.8695,940.31,386.51,0.8270,932.25,386.09,0.8392,945.82,391.60,0.7990,926.73,390.33,0.8157,954.31,411.12,0.7482,912.73,414.51,0.6820,970.85,429.79,0.7107,896.18,442.52,0.6859,991.64,448.88,0.7271,894.06,465.85,0.6439,937.34,467.55,0.6565,911.03,469.24,0.5863,962.79,506.15,0.7618,895.34,514.64,0.6833,945.40,533.73,0.7382,869.88,518.88,0.7432
32,bottom,0,803.88,627.62,995.67,861.27,875.43,648.30,1.0559,874.80,645.80,0.7230,875.43,645.80,0.7006,867.31,654.54,0.8040,886.67,652.67,0.8047,854.83,690.13,0.8928,906.02,676.39,0.9068,857.95,730.09,0.7624,919.76,711.36,0.8290,864.19,753.81,0.5748,930.99,741.32,0.6772,884.79,746.32,0.7689,916.63,743.82,0.7529,847.96,783.78,0.9012,949.10,787.52,0.8991,827.98,834.35,0.9195,979.07,841.22,0.9618
33,top,4,856.15,377.68,967.89,551.03,934.88,391.56,0.8718,938.69,388.18,0.8193,930.64,387.75,0.8261,944.19,393.26,0.7674,924.72,392.41,0.8298,952.23,413.15,0.7464,911.18,415.69,0.6797,970.85,432.19,0.7101,892.55,442.77,0.6662,992.86,449.12,0.5425,892.98,461.39,0.6233,933.61,469.44,0.6739,908.21,471.55,0.6041,956.04,510.06,0.7585,894.25,516.84,0.6796,943.34,537.15,0.7464,866.74,521.07,0.7392
33,bottom,0,817.05,626.12,990.86,862.33,882.04,646.77,1.0228,881.46,643.88,0.6780,882.62,644.46,0.6513,872.24,650.80,0.8033,893.00,649.65,0.8131,861.28,686.56,0.8634,912.03,674.45,0.8734,864.74,726.35,0.7190,925.87,707.89,0.8258,871.08,750.57,0.5625,936.25,737.30,0.7134,887.23,742.49,0.7260,918.37,740.76,0.7037,854.36,782.29,0.8667,952.39,786.32,0.8572,834.18,833.61,0.9151,976.04,843.41,0.9349
34,top,1,849.63,379.79,1011.18,557.19,932.51,394.86,0.8803,936.19,391.18,0.8318,928.30,391.18,0.8356,941.97,395.39,0.8250,922.52,394.86,0.8548,949.86,414.85,0.7693,908.32,418.00,0.7650,969.85,432.73,0.7812,888.33,444.30,0.7942,993.51,449.56,0.7969,894.12,459.55,0.6869,930.40,471.64,0.7025,904.64,472.17,0.7003,951.44,508.46,0.7709,891.49,515.82,0.7719,943.03,536.85,0.7864,863.62,529.49,0.7985
34,bottom,0,835.70,624.86,989.07,860.75,888.77,646.05,1.0490,888.77,643.75,0.6777,889.35,643.75,0.6597,879.55,650.08,0.7971,900.29,648.93,0.7953,868.61,683.48,0.8769,919.29,673.12,0.8851,868.61,727.25,0.7424,931.96,706.52,0.8039,874.95,750.86,0.5693,940.60,737.62,0.7308,889.35,740.50,0.7456,919.87,739.35,0.6927,858.82,779.08,0.8636,954.42,785.42,0.8603,844.43,833.22,0.8806,970.55,845.89,0.9036
35,top,1,843.05,380.34,1012.46,569.73,928.86,398.38,0.8503,932.72,394.52,0.8181,925.00,394.52,0.8230,938.23,398.38,0.8239,918.93,397.83,0.8755,945.96,417.68,0.7506,904.04,419.89,0.7749,965.81,434.23,0.7544,885.29,445.26,0.7953,990.63,449.12,0.7724,891.91,454.63,0.6898,927.21,472.83,0.7013,901.29,471.18,0.7130,948.16,509.78,0.7603,890.26,512.54,0.8035,942.65,537.90,0.7679,857.72,541.76,0.7806
35,bottom,0,843.08,626.00,988.83,862.84,896.29,646.70,1.0490,895.14,644.39,0.6768,896.87,644.97,0.6828,887.62,650.75,0.7895,906.70,650.17,0.8293,873.74,684.28,0.9037,924.63,675.03,0.9115,870.27,729.96,0.7913,939.08,708.57,0.7970,874.90,751.94,0.5680,946.02,740.95,0.7754,890.51,742.69,0.7895,921.74,742.11,0.7386,864.49,778.54,0.8795,955.85,788.37,0.8922,855.82,835.78,0.9336,969.15,847.92,0.9378
36,top,1,840.33,384.20,1009.51,578.62,924.37,401.01,0.8604,928.23,397.15,0.8038,920.52,396.60,0.8034,933.73,401.01,0.7783,914.46,400.46,0.8684,941.44,420.83,0.7282,899.59,421.94,0.7574,961.82,437.36,0.7148,880.86,445.07,0.7592,989.90,451.12,0.7102,889.13,453.88,0.6560,923.27,474.25,0.6645,896.84,472.05,0.6981,943.65,510.60,0.7421,886.92,512.80,0.8092,940.89,538.13,0.7531,853.33,551.90,0.7956
36,bottom,0,842.39,626.48,988.89,863.72,901.74,647.80,1.0388,901.16,644.90,0.5868,902.90,644.90,0.7097,893.05,652.43,0.7975,912.75,650.69,0.8352,878.57,684.28,0.8652,929.54,676.18,0.8795,869.89,727.14,0.7837,942.86,708.61,0.7876,872.78,754.95,0.6815,949.81,741.62,0.7527,893.63,744.52,0.7439,924.33,744.52,0.7204,870.46,781.59,0.8535,956.76,789.12,0.8671,857.14,835.45,0.8992,970.09,847.04,0.9267
37,top,1,842.08,388.24,1005.66,581.41,919.61,404.42,0.8744,923.87,400.16,0.8329,915.88,400.16,0.8118,929.20,404.95,0.7518,909.49,403.89,0.8744,936.12,424.65,0.7106,895.12,425.72,0.7398,956.88,440.09,0.6435,874.88,448.61,0.7262,986.70,452.34,0.5888,886.07,452.87,0.6047,918.01,478.43,0.6426,892.46,476.83,0.6973,938.78,515.70,0.6942,881.81,516.24,0.8010,939.85,538.60,0.7494,854.12,558.30,0.7826
37,bottom,0,842.75,626.79,988.95,864.62,907.14,647.00,0.9974,907.72,645.25,0.5855,906.56,644.67,0.7131,899.59,651.64,0.7988,918.75,650.48,0.8127,884.49,680.67,0.8599,935.01,675.45,0.8429,869.40,721.32,0.7721,943.72,708.54,0.7782,866.49,752.09,0.7891,952.43,742.22,0.7609,895.52,743.96,0.7199,926.30,744.54,0.6945,875.20,781.71,0.8057,957.65,789.83,0.8537,858.36,833.38,0.8559,970.43,847.32,0.8992
38,top,1,845.00,390.76,997.11,590.76,915.61,407.57,0.8748,919.07,404.11,0.8666,911.64,403.61,0.8493,924.02,408.56,0.7921,904.71,407.57,0.8775,931.45,428.37,0.6895,890.35,429.36,0.7475,945.31,443.22,0.4001,869.56,451.64,0.7561,971.06,454.12,0.2297,883.92,457.09,0.6449,912.14,484.32,0.6304,886.89,482.83,0.6883,931.95,516.50,0.6460,875.99,521.95,0.7483,938.88,539.28,0.7244,855.20,566.02,0.7648
38,bottom,0,845.57,625.63,989.01,865.30,912.61,645.99,0.9516,914.37,643.65,0.6063,910.86,643.65,0.6615,905.00,649.51,0.8131,923.73,648.92,0.8032,888.04,678.18,0.8519,938.36,675.25,0.8447,869.90,716.21,0.7946,945.38,708.60,0.7797,862.29,746.64,0.8274,954.16,741.96,0.7645,895.06,741.96,0.7112,924.90,743.13,0.6645,879.84,778.23,0.7961,957.08,789.35,0.8491,860.53,827.97,0.8583,970.54,846.70,0.8974
39,top,3,840.82,399.40,992.93,594.67,910.93,413.36,0.9012,914.40,409.89,0.8951,906.97,409.39,0.8748,918.36,414.35,0.8259,899.54,413.36,0.9175,923.81,433.66,0.7417,885.68,435.64,0.7709,941.14,449.50,0.3964,864.39,457.42,0.7550,971.83,458.41,0.4504,880.23,461.38,0.6215,906.48,490.60,0.6817,882.71,489.61,0.7205,927.77,524.27,0.6461,876.27,527.73,0.7628,934.70,542.09,0.7055,854.48,572.30,0.7845
39,bottom,0,851.83,624.23,988.85,864.67,916.23,644.66,0.9353,918.58,642.90,0.5971,914.47,642.90,0.6397,908.60,648.77,0.8063,927.38,648.77,0.7776,890.40,675.77,0.8075,940.30,675.18,0.8177,869.27,712.75,0.8095,945.58,706.88,0.7820,860.46,746.80,0.8388,955.56,739.76,0.7451,890.99,739.17,0.7026,921.51,740.93,0.6288,882.77,773.22,0.7681,954.39,787.30,0.8238,863.99,820.18,0.7997,970.24,843.66,0.8719
40,top,3,841.61,403.81,961.78,596.51,907.34,418.77,0.8335,910.16,415.01,0.8434,902.63,415.01,0.8228,913.45,419.24,0.7867,894.17,418.77,0.8420,919.10,439.47,0.6702,880.52,441.83,0.7276,939.80,454.53,0.6177,862.17,464.88,0.7118,968.03,462.53,0.6749,875.82,467.23,0.5106,900.75,493.58,0.6598,877.70,492.64,0.6715,923.80,530.27,0.6101,878.64,529.80,0.7495,931.33,544.39,0.6154,853.24,575.44,0.7816
40,bottom,0,850.83,624.20,989.06,864.48,919.94,644.61,0.9073,922.29,642.27,0.5857,918.18,642.85,0.5881,910.56,648.13,0.8152,929.92,648.72,0.7621,891.78,674.53,0.8067,941.65,676.29,0.8330,870.08,711.49,0.8184,946.93,708.56,0.7690,859.52,747.86,0.8570,956.31,740.82,0.7467,887.09,736.13,0.7101,917.60,739.06,0.6393,886.51,766.63,0.7757,951.03,785.99,0.8072,868.32,817.08,0.8155,969.81,842.31,0.8635
41,top,1,841.83,407.34,955.36,596.98,903.23,422.52,0.7996,906.93,418.82,0.8001,899.06,418.36,0.7650,910.17,422.06,0.7463,890.73,421.60,0.8146,912.49,438.73,0.7044,877.30,446.14,0.7072,930.55,456.32,0.6136,861.56,466.97,0.6584,961.57,463.27,0.6490,863.87,474.84,0.5557,897.21,496.14,0.6621,874.99,495.21,0.6838,922.21,535.03,0.6226,878.23,531.33,0.7500,927.30,545.68,0.6047,852.76,576.70,0.7773
41,bottom,0,850.68,625.71,991.44,861.89,922.21,646.36,0.8818,923.94,644.05,0.5664,921.64,644.63,0.5510,912.41,649.82,0.8024,931.44,650.97,0.7590,892.81,674.03,0.8002,941.82,678.07,0.8201,870.32,712.67,0.8261,948.74,713.82,0.7819,858.79,748.99,0.8448,957.38,743.80,0.7328,883.00,734.58,0.6909,911.26,737.46,0.6267,888.77,766.29,0.7542,947.01,784.16,0.7978,872.62,815.30,0.8116,965.46,840.67,0.8726
42,top,1,841.51,398.99,968.88,597.00,901.33,421.61,0.8903,904.23,417.26,0.8599,896.50,417.75,0.8277,907.61,420.65,0.6973,887.79,421.13,0.8901,910.03,440.47,0.7297,877.64,445.30,0.7346,927.92,454.49,0.6109,863.62,462.22,0.7032,957.41,459.32,0.6593,859.76,479.14,0.6698,897.95,495.58,0.6771,874.26,495.58,0.7268,921.15,533.28,0.6891,878.61,530.87,0.7795,922.60,548.27,0.6946,852.99,576.31,0.8057
42,bottom,0,850.58,628.84,982.06,865.04,923.81,649.49,0.8754,924.97,646.60,0.6120,924.39,647.76,0.5206,912.86,652.95,0.7873,931.31,654.10,0.7124,892.67,677.17,0.7755,941.69,681.78,0.8226,870.18,715.23,0.8111,949.76,719.26,0.7732,857.50,750.98,0.8322,959.57,750.40,0.7193,879.41,736.56,0.6943,906.51,739.45,0.6356,889.79,768.86,0.7652,945.15,784.43,0.7858,875.37,815.57,0.7798,957.84,842.67,0.8865
43,top,1,841.69,405.72,961.29,596.37,900.09,418.66,0.8909,902.89,414.93,0.8617,895.44,414.93,0.8463,906.61,419.12,0.7223,887.06,418.66,0.9004,910.33,437.74,0.7214,875.42,443.79,0.7464,927.09,449.84,0.5142,861.93,463.34,0.6733,953.62,455.43,0.6064,859.13,479.63,0.6688,898.70,492.66,0.6814,875.89,492.66,0.7015,921.04,530.37,0.6585,877.75,529.90,0.7520,921.50,548.52,0.7023,853.08,576.44,0.7951
43,bottom,0,849.80,632.26,976.18,867.31,923.32,654.53,0.8693,923.90,651.66,0.5945,924.47,652.81,0.5089,912.42,657.97,0.7702,930.78,659.12,0.6873,893.48,680.93,0.7750,940.54,687.24,0.8257,868.81,718.80,0.8323,950.87,725.11,0.7459,855.61,753.80,0.8377,961.20,758.97,0.7519,877.99,740.61,0.7081,904.38,744.62,0.6636,890.04,772.17,0.7507,945.13,787.66,0.8065,878.56,815.20,0.7907,949.72,845.62,0.8711
44,top,1,843.57,399.36,963.55,596.11,899.72,414.15,0.8735,902.60,410.31,0.8473,894.91,410.31,0.8309,906.92,414.15,0.7261,886.75,413.67,0.9130,910.77,430.00,0.7431,875.70,439.61,0.7492,923.26,442.01,0.5894,860.33,462.67,0.7349,951.12,450.18,0.6518,857.93,482.84,0.6747,900.68,487.65,0.6643,878.10,489.09,0.6903,923.26,523.19,0.6888,877.62,528.00,0.7600,921.81,544.81,0.7260,853.12,575.07,0.8065
44,bottom,0,841.24,637.18,974.71,867.39,922.59,658.99,0.8588,922.03,656.74,0.5809,924.84,657.86,0.5541,911.91,662.36,0.7960,930.46,664.04,0.7043,891.68,685.40,0.7612,938.89,693.27,0.8168,866.95,720.81,0.8112,951.26,729.24,0.7502,850.09,754.53,0.8350,962.50,762.96,0.7907,876.51,746.66,0.7002,902.36,751.16,0.6529,893.37,775.33,0.6945,946.20,788.25,0.8343,877.07,815.79,0.7972,948.45,846.70,0.9058
45,top,1,844.29,392.60,961.82,596.80,899.56,407.96,0.8955,903.05,404.47,0.8734,895.08,404.47,0.8589,907.04,408.45,0.7682,887.10,407.96,0.9414,911.53,423.41,0.7723,876.63,433.88,0.7658,923.99,436.37,0.6194,861.18,460.80,0.7713,953.40,445.35,0.6928,856.69,487.22,0.7441,904.55,484.23,0.6813,881.62,486.22,0.6707,926.98,518.63,0.7112,877.63,526.60,0.7558,924.99,541.06,0.7830,854.20,574.46,0.8222
45,bottom,0,832.23,641.04,974.01,862.66,922.05,663.11,0.8388,920.97,660.95,0.5356,923.68,661.49,0.6049,910.69,666.36,0.7656,929.63,667.98,0.7727,889.59,688.54,0.7248,937.75,697.74,0.8081,863.08,720.47,0.8063,951.81,734.53,0.7285,843.06,751.85,0.8164,961.01,764.83,0.7613,876.06,751.85,0.6940,902.04,755.09,0.6197,894.46,776.20,0.6245,949.11,781.61,0.7785,877.69,815.15,0.7515,951.81,838.96,0.8179
46,top,1,847.78,387.11,969.78,596.03,901.64,403.33,0.8857,904.19,399.76,0.8952,896.54,399.76,0.8925,908.27,403.33,0.7815,888.89,403.84,0.9391,913.37,419.14,0.7486,877.67,430.87,0.7736,927.14,432.91,0.6392,862.36,460.97,0.7686,955.71,443.62,0.7053,856.75,490.04,0.7106,909.29,479.84,0.6771,884.81,482.90,0.6738,931.73,516.06,0.7184,880.22,522.69,0.7537,929.18,536.97,0.7528,858.79,572.16,0.7857
46,bottom,0,828.18,642.36,968.70,853.53,921.64,664.42,0.8728,923.19,661.85,0.5384,922.16,662.88,0.6055,910.82,667.52,0.7020,929.38,669.58,0.8358,889.16,688.14,0.7621,937.11,698.45,0.8375,860.81,720.10,0.8122,948.97,736.09,0.7217,839.15,750.01,0.8317,956.70,767.54,0.7646,876.79,750.01,0.6811,904.11,752.58,0.6150,886.07,777.33,0.6428,946.90,775.27,0.7939,876.27,814.97,0.7797,953.61,828.89,0.8692
47,top,0,850.31,385.62,972.30,593.48,902.68,400.74,0.8930,905.21,397.19,0.8919,898.11,397.19,0.9108,909.27,400.74,0.8308,890.50,401.76,0.9485,915.36,417.49,0.7789,878.83,428.66,0.7848,929.57,432.71,0.6787,864.11,459.61,0.7635,956.98,443.37,0.7329,857.00,490.57,0.7223,911.30,476.86,0.7144,886.44,480.42,0.6948,934.65,514.42,0.7367,881.87,523.04,0.7298,932.62,533.70,0.7326,865.63,571.25,0.8089
47,bottom,1,830.27,643.33,971.25,847.26,920.18,664.14,0.9597,920.67,662.15,0.6163,920.18,662.65,0.6858,910.22,667.13,0.7054,928.14,669.12,0.7578,886.82,689.04,0.7944,937.60,700.49,0.8641,862.92,721.90,0.8241,944.07,739.32,0.7241,840.52,751.27,0.8650,946.56,766.21,0.6883,879.85,745.30,0.7358,909.22,748.28,0.6907,875.87,776.16,0.6758,941.58,775.67,0.8349,874.37,815.99,0.8450,957.52,827.44,0.8946
48,top,1,849.80,384.69,975.54,589.65,904.66,400.10,0.8774,907.66,396.60,0.8922,899.66,396.60,0.8903,911.67,400.10,0.7992,892.15,401.60,0.9110,917.17,417.62,0.7559,880.14,428.62,0.7609,930.18,434.13,0.6746,865.13,459.65,0.7386,958.70,445.14,0.7265,857.12,491.17,0.7215,912.67,476.66,0.6993,888.15,479.16,0.6862,937.69,513.69,0.7470,885.15,520.20,0.7224,938.19,533.71,0.7532,873.64,566.73,0.7515
48,bottom,0,828.74,642.80,973.06,847.53,918.39,664.69,0.9966,918.89,662.69,0.6171,918.89,663.19,0.6520,908.40,667.69,0.6520,925.89,670.19,0.7229,883.91,690.18,0.8208,935.89,701.18,0.8757,865.41,724.17,0.8082,936.89,738.66,0.6931,842.92,754.66,0.8659,932.89,763.16,0.5725,882.91,745.16,0.7316,911.90,747.66,0.7205,871.41,780.15,0.8061,934.39,784.65,0.8570,864.91,821.64,0.8681,958.38,828.13,0.9074
49,top,1,851.35,386.65,975.78,591.58,905.56,400.56,0.8789,908.57,397.56,0.8896,901.06,397.56,0.8880,913.57,401.56,0.8328,894.56,402.56,0.8975,919.57,419.07,0.7452,881.55,428.58,0.7482,932.58,437.08,0.6645,866.04,460.60,0.7432,961.60,449.09,0.6730,858.54,491.62,0.6983,913.57,478.11,0.6899,889.05,480.61,0.6728,940.08,515.63,0.7275,888.05,519.63,0.7072,946.09,537.14,0.7756,880.05,567.66,0.7611
49,bottom,0,824.29,644.54,974.27,851.66,914.96,665.17,0.9994,914.96,662.65,0.6611,916.98,663.15,0.6158,904.34,667.20,0.6373,922.03,670.74,0.6960,881.58,691.97,0.8486,930.63,700.57,0.8832,866.92,727.88,0.8195,930.63,736.47,0.6999,842.65,756.70,0.8743,923.55,762.26,0.2808,887.65,751.14,0.7351,916.47,753.66,0.7625,867.93,780.46,0.8544,927.60,789.57,0.8119,856.30,830.02,0.9292,958.95,832.04,0.8816
50,top,0,854.06,386.79,977.08,591.57,907.57,401.19,0.9013,910.57,397.69,0.9019,903.57,397.69,0.9057,915.57,402.19,0.8608,896.57,403.19,0.9128,922.07,421.19,0.7738,883.07,429.68,0.7855,935.07,439.68,0.6995,869.57,459.68,0.7672,963.07,453.68,0.7041,861.07,490.18,0.7082,914.57,479.18,0.7026,890.07,482.18,0.6926,941.57,516.18,0.7293,891.07,519.68,0.7545,952.57,542.18,0.7722,879.57,569.18,0.7881
50,bottom,1,817.40,643.44,974.63,859.01,908.64,664.91,0.9651,909.17,662.28,0.6605,910.75,662.81,0.5451,898.12,667.54,0.6632,914.43,670.70,0.6482,878.64,692.28,0.8485,923.91,698.60,0.8791,869.17,727.02,0.8115,921.80,726.49,0.5906,837.59,748.59,0.7928,892.85,720.70,0.4278,889.70,758.59,0.7421,918.12,759.12,0.8106,861.80,777.54,0.8470,928.64,790.70,0.8421,855.49,835.96,0.9402,959.69,833.85,0.8865
51,top,1,858.54,385.91,976.04,592.09,910.24,400.41,0.8822,913.26,397.39,0.8820,906.22,397.39,0.8817,918.30,401.92,0.8507,899.17,401.92,0.8965,925.85,420.54,0.7851,884.57,428.09,0.7936,939.44,439.67,0.7446,871.99,458.80,0.7553,964.61,457.79,0.7443,864.44,488.50,0.7075,917.29,478.43,0.6889,892.62,480.94,0.6762,940.44,514.17,0.7190,890.61,519.20,0.7335,954.04,543.87,0.7714,880.04,567.52,0.7788
51,bottom,0,802.88,641.67,974.45,858.18,899.84,662.24,0.9921,899.84,659.45,0.6305,901.51,660.00,0.5167,890.90,665.59,0.6104,905.98,668.38,0.6377,873.03,691.28,0.8773,915.47,694.63,0.9008,862.42,723.12,0.8178,912.68,719.77,0.5474,824.99,734.29,0.8586,882.52,713.06,0.4417,888.67,757.19,0.7758,916.03,756.07,0.8306,855.71,781.76,0.9051,929.99,790.14,0.8582,859.62,837.05,0.9140,961.27,833.70,0.9008
52,top,1,860.48,383.41,975.55,591.62,911.92,398.05,0.8893,915.48,395.00,0.8670,908.36,395.00,0.8633,920.56,399.57,0.8415,901.75,399.57,0.9346,929.71,417.87,0.7885,887.01,424.48,0.8192,944.45,438.71,0.7671,874.81,453.96,0.7730,963.26,461.08,0.7686,867.69,484.46,0.7295,921.07,475.82,0.6965,895.14,477.86,0.6826,941.91,512.93,0.7273,889.04,517.50,0.7666,953.09,544.44,0.7897,879.39,567.32,0.7917
52,bottom,0,786.99,637.20,971.61,878.03,889.52,657.25,0.8217,889.52,654.85,0.5699,890.72,654.85,0.5070,881.71,659.66,0.6471,895.53,663.26,0.6778,863.68,685.50,0.7965,902.74,687.30,0.7958,848.65,716.15,0.7513,897.93,709.54,0.4368,811.99,714.95,0.7025,867.89,698.72,0.4126,882.91,753.41,0.7220,909.35,749.80,0.7432,854.06,796.68,0.7946,929.79,791.87,0.7688,867.89,850.17,0.8328,959.83,832.14,0.8114
53,top,1,864.30,378.35,973.82,586.49,913.47,393.49,0.8602,917.54,390.95,0.8367,909.92,390.44,0.8400,923.13,395.52,0.8508,904.33,395.02,0.9138,933.80,413.82,0.7855,889.59,418.90,0.8226,948.53,435.16,0.7891,877.90,446.85,0.7803,961.75,461.58,0.8181,870.28,477.34,0.7230,924.65,472.26,0.6914,897.21,473.27,0.6796,943.96,509.35,0.7245,887.56,514.94,0.7673,953.11,544.41,0.8229,879.43,564.23,0.7981
53,bottom,0,782.82,632.29,966.26,880.92,880.00,652.20,0.7163,881.22,649.17,0.5095,880.61,649.17,0.4635,869.68,652.81,0.6063,884.86,655.84,0.6598,852.08,679.52,0.7633,889.72,679.52,0.7791,838.12,708.65,0.7451,874.54,688.62,0.4752,802.91,697.73,0.8561,856.33,665.55,0.5879,874.54,749.93,0.6780,900.03,743.86,0.7024,854.51,803.34,0.7646,925.53,792.42,0.7606,873.93,859.19,0.8075,952.24,831.26,0.7943
54,top,1,865.39,374.26,972.84,580.31,915.59,389.75,0.8502,919.62,386.73,0.8237,912.07,386.73,0.8219,925.15,391.76,0.8350,906.03,391.26,0.8791,936.72,410.38,0.7614,891.45,414.40,0.7923,951.81,432.51,0.7672,879.87,442.57,0.7808,959.36,461.69,0.7809,872.83,473.26,0.7422,927.16,467.73,0.6904,899.49,467.73,0.6800,945.78,507.97,0.7149,887.92,512.00,0.7507,953.32,544.19,0.8348,878.37,559.28,0.7887
54,bottom,0,786.63,622.90,952.39,880.51,865.11,644.16,0.5970,863.85,641.02,0.4865,866.37,641.65,0.4156,861.33,647.31,0.6428,874.54,649.82,0.6032,847.50,674.35,0.7364,877.06,672.46,0.7224,838.07,702.02,0.7164,864.48,671.83,0.4950,805.36,686.30,0.8073,851.27,646.05,0.5257,868.88,745.42,0.7006,891.52,738.50,0.7234,853.79,802.65,0.7768,916.68,790.07,0.7764,873.91,859.25,0.8251,944.98,837.24,0.8121
55,top,0,859.09,373.33,971.12,576.54,916.59,388.11,0.8627,920.56,384.64,0.8410,913.12,384.64,0.8312,926.02,389.60,0.8807,907.66,389.10,0.8451,938.92,408.45,0.7634,892.78,410.93,0.7718,952.81,430.28,0.7904,881.37,438.72,0.7698,957.77,460.05,0.7935,873.93,468.48,0.7561,929.00,464.51,0.6995,900.72,464.51,0.7013,947.35,505.69,0.7127,887.82,505.69,0.7498,954.30,543.40,0.8381,878.39,555.80,0.7986
55,bottom,1,794.80,587.18,945.79,878.10,853.25,636.75,0.7222,856.80,633.20,0.6178,856.80,633.91,0.5425,860.35,642.43,0.7256,869.58,643.86,0.6388,846.14,669.43,0.7884,865.32,664.45,0.7530,846.14,697.84,0.7845,856.09,648.83,0.5603,814.18,679.37,0.7637,851.12,623.26,0.5262,860.35,739.74,0.8143,882.37,734.77,0.8221,853.25,800.12,0.8510,902.97,785.91,0.8394,870.29,857.65,0.9035,934.22,834.21,0.9135
56,top,1,863.35,371.90,971.19,570.74,917.27,386.37,0.8622,921.15,382.97,0.8347,913.87,382.97,0.8303,926.97,387.82,0.8530,908.04,387.82,0.8367,939.60,407.24,0.7463,893.96,409.18,0.7524,953.19,429.57,0.7687,882.31,436.85,0.7747,957.56,459.18,0.7656,874.06,466.47,0.7584,930.86,462.10,0.6878,902.22,461.13,0.6882,947.85,503.84,0.7215,886.68,503.36,0.7399,954.64,543.65,0.8349,877.94,551.42,0.8313
56,bottom,0,803.27,566.14,934.05,875.23,841.50,632.39,0.8552,846.02,629.37,0.7094,844.51,627.86,0.6610,851.31,639.18,0.7414,857.34,636.92,0.5439,846.02,666.35,0.8074,855.83,653.52,0.7789,852.82,692.01,0.8336,859.61,623.34,0.7357,824.14,673.90,0.8548,846.02,593.91,0.7216,853.57,733.51,0.8900,874.70,728.23,0.8842,855.83,798.41,0.8699,887.53,779.54,0.8991,861.87,854.25,0.9872,920.73,823.31,0.9440
57,top,1,864.13,370.59,971.83,566.31,917.50,385.31,0.8814,921.32,382.44,0.8443,913.68,381.96,0.8496,927.05,387.22,0.8459,907.94,386.74,0.8592,940.43,405.86,0.7705,894.56,408.25,0.7641,952.86,428.79,0.7762,883.09,435.48,0.7915,957.16,458.90,0.7787,874.49,464.15,0.7685,932.31,460.81,0.6944,903.64,460.33,0.6987,947.60,501.90,0.7280,887.40,500.94,0.7366,954.29,542.52,0.8640,878.32,544.43,0.8507
57,bottom,0,816.24,565.26,927.14,873.42,835.57,631.31,0.7742,838.58,628.30,0.7112,838.58,628.30,0.5871,842.34,636.58,0.7067,850.62,635.83,0.5973,833.32,657.64,0.7264,854.38,649.37,0.7764,834.07,672.69,0.4794,864.91,620.03,0.7610,825.79,660.65,0.5163,846.86,592.94,0.8008,843.10,724.60,0.8145,863.41,720.09,0.8206,850.62,790.81,0.8379,877.70,774.26,0.8530,858.14,850.24,0.9025,912.31,812.63,0.8642
58,top,0,864.47,369.70,974.30,563.21,917.02,385.20,0.8655,920.80,381.89,0.8223,913.24,381.42,0.8455,926.94,386.14,0.8179,907.57,386.14,0.8561,940.64,404.57,0.7623,894.82,407.40,0.7522,952.93,428.19,0.7626,883.95,434.33,0.7862,957.65,458.42,0.7762,874.50,462.20,0.7782,934.03,460.31,0.6856,904.27,459.84,0.6770,948.68,501.41,0.7138,888.68,500.00,0.7106,954.82,542.51,0.8683,879.70,542.04,0.8373
58,bottom,1,808.41,607.49,923.89,870.74,833.37,629.86,0.7151,837.87,629.21,0.6879,836.59,627.93,0.5229,841.73,634.36,0.6751,846.23,634.36,0.5085,832.73,656.85,0.6842,844.94,651.71,0.6927,835.94,692.20,0.4526,844.30,630.50,0.5088,825.66,654.28,0.2716,846.23,607.36,0.4892,831.44,723.69,0.7293,852.65,717.91,0.7701,840.44,786.68,0.7560,874.51,770.61,0.7424,857.15,846.45,0.8074,909.85,816.89,0.8238
59,top,0,865.45,368.80,974.25,562.80,917.01,384.33,0.8840,920.80,381.02,0.8379,913.22,381.02,0.8535,926.48,385.75,0.8262,907.54,385.28,0.8726,940.22,403.75,0.7625,894.28,406.12,0.7743,953.48,427.43,0.7657,883.38,433.59,0.7890,958.22,458.22,0.7716,874.86,461.54,0.7831,934.06,456.80,0.6873,904.22,456.80,0.6763,951.11,496.59,0.7303,889.07,496.59,0.7092,956.80,541.11,0.8549,881.01,543.48,0.8495
59,bottom,1,797.52,607.33,914.71,871.22,833.56,626.53,0.6243,834.85,624.60,0.5560,836.14,623.96,0.4761,834.21,629.75,0.6163,850.31,631.69,0.5294,812.95,655.52,0.5933,851.60,651.01,0.6013,805.22,687.74,0.4495,859.33,654.23,0.5065,809.73,643.93,0.3550,847.09,637.48,0.4433,820.04,719.95,0.6699,842.58,714.79,0.7115,836.14,785.66,0.7224,869.00,768.91,0.7019,852.25,846.86,0.7774,900.57,819.81,0.7679
60,top,0,864.62,368.97,975.02,563.30,915.55,384.53,0.8660,919.82,381.21,0.8281,912.23,380.74,0.8349,925.51,385.96,0.8117,907.01,385.48,0.8413,939.27,403.99,0.7243,893.72,406.36,0.7598,954.45,426.76,0.7574,883.29,433.88,0.7820,960.15,457.60,0.7675,874.27,462.34,0.7575,935.00,453.33,0.6589,904.16,453.33,0.6424,953.50,493.66,0.7078,885.66,492.23,0.7064,961.57,539.20,0.8097,879.02,542.05,0.8249
60,bottom,1,766.47,607.72,900.75,872.48,829.73,625.04,0.7196,832.32,622.46,0.6579,831.67,622.46,0.5353,832.96,630.21,0.6956,843.31,632.15,0.6025,809.05,651.54,0.6409,847.18,655.42,0.7603,772.20,637.97,0.7704,825.85,648.96,0.5121,796.77,634.74,0.4956,814.87,636.68,0.4588,814.22,722.65,0.7276,836.84,716.83,0.7410,828.44,787.28,0.7755,860.76,769.19,0.7795,845.89,851.28,0.8580,888.55,821.54,0.8219
61,top,0,859.56,370.00,981.30,562.70,914.79,385.43,0.8616,918.55,382.61,0.8376,911.49,382.14,0.8414,924.67,386.84,0.8142,905.85,386.37,0.8490,938.78,404.72,0.7219,893.14,406.60,0.7702,955.25,425.89,0.7707,883.27,434.36,0.7731,960.89,456.94,0.7855,874.33,463.06,0.7469,935.02,450.82,0.6416,904.44,450.82,0.6250,954.77,492.69,0.7200,880.44,489.87,0.7170,967.95,534.09,0.7272,871.97,538.80,0.7602
61,bottom,1,732.78,581.60,889.40,880.33,824.21,627.40,0.8650,825.67,624.48,0.8609,827.13,627.40,0.6245,825.67,633.23,0.7695,838.07,636.88,0.6941,800.88,649.28,0.8066,840.99,660.95,0.8450,766.60,631.05,0.8838,819.11,650.74,0.5140,750.55,605.52,0.8721,807.44,634.69,0.4415,808.17,726.59,0.8330,831.51,723.67,0.8681,816.19,793.69,0.8536,851.93,771.81,0.9001,838.07,854.95,0.8860,878.91,823.59,0.9147
62,top,0,848.92,372.23,989.21,556.10,913.13,387.90,0.8783,916.78,384.70,0.8347,909.93,384.25,0.8452,922.72,388.81,0.8135,904.45,387.90,0.8504,937.33,407.08,0.7282,892.12,408.45,0.7854,955.60,426.72,0.7874,882.99,435.85,0.7840,962.90,457.77,0.7717,874.31,464.62,0.7435,934.59,450.92,0.6522,903.99,450.92,0.6211,956.05,490.65,0.7502,877.51,488.82,0.7350,975.69,532.67,0.8161,863.81,534.95,0.8433
62,bottom,1,723.76,584.29,884.34,894.25,817.67,633.33,0.8216,819.18,630.30,0.7680,820.70,633.33,0.6055,817.67,638.63,0.7537,831.29,642.41,0.6911,795.72,656.79,0.7594,835.07,663.60,0.8540,758.64,635.60,0.8384,811.62,657.55,0.5918,740.48,609.87,0.8453,800.26,640.14,0.5824,804.05,733.22,0.8238,825.24,730.95,0.8411,802.53,799.06,0.8517,841.89,777.11,0.8937,825.99,861.87,0.8783,871.40,826.30,0.8956
63,top,0,837.55,374.67,998.16,551.66,911.06,390.49,0.9401,915.25,386.31,0.8736,907.93,386.31,0.8853,921.52,389.97,0.8775,902.70,389.45,0.8969,936.68,408.27,0.7496,891.72,410.88,0.7947,954.98,428.14,0.7990,882.31,438.07,0.7891,963.34,459.51,0.7965,873.94,465.78,0.7493,935.64,454.28,0.6811,903.22,454.28,0.6545,957.59,492.44,0.7817,875.51,489.83,0.7672,982.69,529.56,0.8328,856.17,531.13,0.8744
63,bottom,1,732.80,617.06,879.80,901.21,808.38,641.20,0.8205,812.54,637.73,0.7550,811.16,637.73,0.5805,815.32,646.06,0.7383,819.48,646.75,0.6300,797.28,668.95,0.7329,827.11,668.95,0.7532,761.21,662.01,0.5867,794.51,664.09,0.6332,746.64,648.14,0.6387,788.26,646.06,0.5180,797.28,741.79,0.8170,816.01,738.32,0.8134,789.65,806.31,0.8248,831.28,784.11,0.8260,808.38,870.82,0.8697,865.27,830.59,0.8631
64,top,0,826.46,378.53,1003.39,549.23,908.59,394.77,0.8941,912.62,391.32,0.8592,905.71,391.32,0.8772,919.53,394.77,0.8898,901.10,394.77,0.8384,935.08,412.05,0.7570,890.74,416.66,0.8099,955.24,431.06,0.8189,882.10,443.15,0.7782,964.45,461.58,0.8225,871.73,471.95,0.7676,935.66,459.28,0.7037,904.56,459.28,0.6809,959.85,496.13,0.7591,875.19,490.37,0.7709,988.64,527.23,0.8322,849.85,526.66,0.8604
64,bottom,1,757.14,632.27,874.01,906.23,801.53,650.20,0.7655,804.88,647.52,0.6565,804.21,647.52,0.5878,808.89,655.55,0.6502,812.90,654.88,0.5803,793.51,680.29,0.6959,817.58,677.62,0.7446,752.71,691.67,0.5551,791.50,682.30,0.6543,760.73,680.29,0.5799,777.45,662.91,0.7234,791.50,750.52,0.8438,808.22,747.85,0.8513,778.79,816.74,0.8537,820.93,792.66,0.8074,788.16,882.28,0.8741,858.38,836.80,0.8508
65,top,1,820.86,383.84,1007.27,548.68,905.57,400.72,0.8800,909.21,397.08,0.8437,902.53,397.08,0.8770,916.49,399.51,0.8445,898.29,400.72,0.8271,934.09,418.32,0.7546,889.79,422.57,0.8229,953.51,435.92,0.8317,881.90,449.88,0.7864,965.64,465.05,0.8203,867.95,479.00,0.7688,935.30,463.83,0.7049,905.57,463.83,0.6785,960.18,499.03,0.7735,875.84,492.96,0.7173,991.13,529.97,0.8566,844.28,523.30,0.8509
65,bottom,0,734.98,642.69,868.55,919.01,795.69,661.44,0.6991,797.72,658.75,0.6217,797.04,657.40,0.5266,799.07,666.84,0.6338,806.49,666.84,0.6144,786.25,696.52,0.6462,809.19,690.45,0.7036,755.89,726.21,0.6394,790.30,705.29,0.5881,758.59,703.27,0.5896,770.73,691.80,0.6171,786.92,765.33,0.7943,802.44,762.63,0.7854,768.04,828.07,0.8050,810.54,803.78,0.7811,766.01,894.86,0.8623,849.66,844.26,0.8492
66,top,1,817.41,390.56,1006.85,548.19,902.26,406.47,0.9200,905.96,402.77,0.8774,899.18,402.77,0.9191,913.36,404.62,0.8743,894.86,405.86,0.8165,930.01,423.74,0.7705,887.46,428.06,0.8488,951.60,440.39,0.8682,879.45,452.73,0.8308,964.55,467.53,0.8355,867.73,479.24,0.7961,932.48,468.14,0.7363,904.11,468.76,0.7274,957.76,503.29,0.8287,873.90,497.74,0.7664,989.22,531.04,0.8631,840.59,525.49,0.8503
66,bottom,0,715.38,655.36,858.61,931.13,785.65,674.75,0.7347,787.00,672.06,0.6583,786.32,671.38,0.5300,788.34,679.46,0.6988,797.77,679.46,0.6302,775.55,712.45,0.7185,802.48,704.37,0.7380,762.76,752.85,0.6806,787.67,725.24,0.6139,760.74,767.66,0.4087,762.76,716.49,0.5979,779.59,781.80,0.7940,797.10,779.10,0.8112,758.72,841.72,0.7755,801.14,816.81,0.8097,747.27,906.35,0.8506,839.51,852.49,0.8675
67,top,1,818.66,395.02,1007.19,547.14,898.81,410.94,0.9041,903.11,407.26,0.8696,896.36,407.26,0.8976,909.86,409.10,0.8909,891.45,410.32,0.8112,927.04,427.51,0.7928,882.86,430.58,0.8630,950.36,445.92,0.8801,873.65,453.28,0.8454,964.48,470.47,0.8630,863.83,482.13,0.8022,930.11,473.54,0.7556,901.88,473.54,0.7676,955.27,506.68,0.7993,871.20,502.38,0.7911,990.25,531.84,0.8402,839.90,526.93,0.8715
67,bottom,0,704.42,671.68,844.12,951.45,774.95,689.98,0.7989,777.68,687.25,0.7300,775.63,686.57,0.5911,780.42,694.76,0.7369,785.88,694.08,0.6364,767.44,731.65,0.7653,795.44,722.77,0.7677,760.61,771.95,0.6815,786.56,750.09,0.5716,754.46,793.80,0.5441,759.24,742.58,0.5126,772.22,800.63,0.7819,791.34,797.90,0.7816,749.68,861.43,0.7844,790.66,832.74,0.7256,732.60,927.68,0.8410,826.86,865.52,0.8093
68,top,1,818.64,393.47,1007.38,547.05,893.35,409.44,0.8981,897.65,405.14,0.8530,890.89,405.75,0.8874,904.40,407.59,0.8883,886.59,408.21,0.8112,921.61,428.48,0.7818,877.37,427.87,0.8492,943.11,446.30,0.7992,864.47,445.69,0.8301,961.54,471.49,0.8016,858.94,472.72,0.8223,925.29,475.18,0.7611,897.65,474.56,0.7917,949.87,508.97,0.7748,864.47,501.60,0.7890,987.96,531.09,0.8470,839.89,525.56,0.8694
68,bottom,0,702.77,689.00,833.38,957.44,768.08,709.84,0.7869,768.73,705.91,0.6356,766.77,705.91,0.5474,766.77,712.46,0.7101,779.22,711.80,0.6814,759.56,748.51,0.7943,789.70,741.30,0.8106,754.97,787.83,0.7128,786.43,774.72,0.5757,743.83,815.35,0.7215,756.28,772.10,0.4636,766.77,819.29,0.7200,787.74,816.66,0.7180,739.90,877.61,0.8014,779.22,847.47,0.6785,730.72,939.87,0.8461,815.26,879.58,0.7866
69,top,1,817.96,387.79,1007.68,547.12,885.65,404.46,0.9100,889.97,400.14,0.8425,883.18,400.75,0.8721,897.38,402.61,0.8451,878.85,403.22,0.7987,913.44,422.99,0.7628,870.21,421.75,0.8494,933.20,442.13,0.7713,852.91,439.66,0.8784,952.97,464.98,0.8135,854.77,462.51,0.8251,917.14,471.78,0.7163,889.97,471.16,0.7587,947.41,506.98,0.7150,859.09,496.48,0.7641,986.93,529.83,0.7985,838.71,525.51,0.8808
69,bottom,0,703.44,701.26,825.20,957.60,764.32,725.54,0.8996,764.94,721.16,0.6311,761.19,721.16,0.6193,757.43,728.05,0.6722,773.08,727.42,0.7425,751.17,764.35,0.8129,788.10,755.58,0.8598,746.17,806.28,0.7448,796.23,793.76,0.7734,733.02,833.19,0.7430,768.70,801.90,0.4980,766.82,831.94,0.6868,791.23,830.06,0.7772,729.27,880.75,0.8463,765.57,861.35,0.6793,728.64,940.83,0.8706,804.37,894.52,0.8278
70,top,1,817.35,382.24,1003.76,545.76,880.22,397.25,0.8503,883.86,393.61,0.8248,876.58,394.22,0.8632,890.53,396.65,0.8218,872.33,397.25,0.8384,906.91,416.06,0.7596,862.62,416.06,0.8329,923.90,436.69,0.7027,842.60,438.51,0.8702,943.93,457.32,0.5912,850.48,457.93,0.8166,910.56,467.03,0.6800,882.04,467.03,0.7396,943.32,501.62,0.6807,851.70,493.73,0.8013,982.76,528.92,0.7823,838.35,524.68,0.8753
70,bottom,0,704.56,706.04,816.31,957.86,759.82,730.51,0.8787,759.82,726.21,0.6371,757.36,726.21,0.6347,754.29,732.97,0.6878,770.27,731.74,0.7601,748.14,769.24,0.8387,789.33,758.18,0.8875,741.38,812.89,0.7958,801.63,795.68,0.8362,726.62,841.79,0.7783,777.03,802.44,0.5232,767.81,837.48,0.6970,794.25,835.03,0.8042,727.24,883.59,0.8224,765.35,863.92,0.6717,727.85,941.38,0.8730,798.55,899.58,0.8125
71,top,1,817.44,376.52,997.99,546.40,874.21,391.52,0.8261,878.33,387.41,0.7986,870.69,387.99,0.8082,885.38,389.76,0.8397,866.57,390.35,0.8544,900.66,406.80,0.7716,856.58,410.92,0.8347,918.88,427.96,0.7074,838.36,435.01,0.8097,938.87,447.94,0.7021,842.48,449.71,0.7411,906.54,460.87,0.7117,878.92,462.05,0.7528,937.69,496.14,0.6831,851.88,490.26,0.7880,974.13,527.88,0.8023,837.19,524.94,0.8473
71,bottom,0,703.17,704.26,820.92,957.97,763.28,727.06,0.9001,763.90,723.34,0.6400,760.81,723.34,0.6347,755.85,730.15,0.7285,772.57,728.92,0.7623,747.18,765.46,0.8459,791.78,754.31,0.8723,742.84,807.58,0.7970,813.45,785.90,0.8370,728.60,836.69,0.7891,796.11,785.90,0.4965,769.48,834.83,0.7109,797.35,831.74,0.7972,729.84,881.91,0.8181,773.19,856.51,0.6584,728.60,940.13,0.8866,799.21,895.54,0.7857
72,top,1,819.47,364.94,985.04,546.05,871.00,382.74,0.8726,874.77,378.42,0.8144,866.69,378.42,0.8114,881.78,381.12,0.8610,861.83,381.12,0.8495,895.25,396.75,0.7470,851.59,404.29,0.8093,914.65,416.15,0.6721,834.89,424.77,0.7496,936.75,431.78,0.6508,831.65,435.55,0.7312,902.80,453.88,0.7157,874.77,456.57,0.7451,930.82,490.53,0.6897,851.59,489.45,0.7545,963.70,526.10,0.8177,837.58,525.02,0.8460
72,bottom,0,703.19,695.29,832.70,956.84,770.50,717.52,0.9116,771.78,714.32,0.6500,767.95,713.68,0.6220,762.84,721.35,0.7616,778.80,720.07,0.7601,751.98,755.83,0.8568,799.24,744.97,0.8555,748.15,798.61,0.7836,825.42,770.51,0.8290,734.74,827.98,0.7890,822.86,762.85,0.5751,771.78,826.07,0.7393,801.15,822.88,0.7917,737.94,878.43,0.8048,789.02,851.61,0.7045,729.63,936.54,0.9119,802.43,895.67,0.7734
73,top,1,815.67,358.63,974.49,543.71,868.20,376.21,0.8277,871.82,371.55,0.7500,864.06,371.55,0.7720,878.02,374.14,0.8545,858.38,374.66,0.8087,893.02,389.13,0.7431,850.11,394.82,0.8178,917.83,403.61,0.6721,834.08,413.95,0.7131,943.68,413.95,0.6827,825.29,425.84,0.7444,901.29,446.52,0.7201,873.89,450.65,0.7245,925.07,485.81,0.7341,851.66,485.29,0.7407,953.50,524.07,0.8076,837.70,524.07,0.8423
73,bottom,0,704.15,685.69,855.89,953.47,777.41,707.13,0.9126,778.71,703.86,0.6403,774.79,703.21,0.6427,768.25,711.06,0.8263,787.87,709.75,0.8316,757.79,745.05,0.8686,806.17,733.94,0.8409,752.56,785.58,0.8027,838.21,753.55,0.9039,742.76,817.62,0.7512,846.05,742.44,0.8361,778.06,816.31,0.7631,806.82,813.04,0.7953,751.91,871.88,0.7888,798.33,845.07,0.7491,734.91,930.06,0.9006,804.86,894.76,0.8110
74,top,1,805.34,350.68,963.50,540.94,865.88,369.10,0.7580,870.00,364.47,0.6942,862.28,364.98,0.7118,876.18,367.55,0.7971,856.62,368.07,0.7357,891.63,381.46,0.7205,846.83,391.24,0.7936,916.34,391.24,0.6260,829.84,411.83,0.7276,944.65,395.36,0.7044,816.97,416.98,0.7874,899.35,439.63,0.7212,873.61,443.75,0.7271,919.94,480.82,0.7332,850.95,481.34,0.7783,945.17,520.47,0.8076,838.08,523.04,0.8175
74,bottom,0,719.51,677.02,881.62,945.75,783.51,697.89,0.8996,782.19,695.26,0.6191,785.48,694.60,0.6726,774.98,701.82,0.7927,794.00,700.51,0.8533,761.20,736.59,0.9101,811.72,724.13,0.8405,755.30,777.27,0.8024,845.83,740.53,0.7809,748.08,809.42,0.7946,868.80,740.53,0.8192,786.79,802.86,0.7372,814.34,800.89,0.7803,761.20,861.25,0.8026,808.44,843.53,0.7708,750.05,917.01,0.8818,807.78,894.05,0.7864
75,top,1,800.23,342.36,950.77,542.56,864.23,361.60,0.8651,868.64,357.68,0.8250,860.79,357.19,0.8548,875.01,360.13,0.9164,855.89,359.64,0.8297,888.73,373.36,0.6866,846.58,384.64,0.7782,917.64,375.82,0.5458,826.49,406.69,0.7300,945.57,374.83,0.5744,810.81,407.18,0.7714,898.04,435.11,0.7219,871.09,438.54,0.7202,915.19,477.74,0.7360,848.54,479.21,0.7523,938.22,516.46,0.7787,838.25,521.36,0.8479
75,bottom,0,745.74,669.42,904.89,941.05,789.50,692.49,0.8679,788.18,688.52,0.6262,790.83,689.18,0.6060,780.22,695.15,0.8731,799.45,693.82,0.8148,766.95,730.96,0.9078,818.02,717.70,0.8127,759.00,770.09,0.7794,850.51,735.60,0.7374,753.03,803.91,0.7744,883.67,746.88,0.7867,797.46,796.61,0.7354,823.99,795.29,0.7582,766.95,853.65,0.8295,812.71,836.40,0.7760,773.59,909.35,0.8463,810.06,889.46,0.8090
76,top,1,793.22,332.50,951.76,542.37,862.68,355.89,0.9200,867.33,352.28,0.8699,859.07,351.76,0.9179,874.55,354.86,0.9386,854.42,354.34,0.8451,888.49,367.76,0.7011,845.65,379.63,0.7655,914.81,365.70,0.7103,823.46,399.76,0.7526,941.13,358.47,0.8341,805.40,396.66,0.8183,895.71,430.73,0.7101,869.91,432.79,0.7154,911.71,476.66,0.7402,848.75,474.08,0.7726,931.32,511.75,0.7999,837.39,518.98,0.8753
76,bottom,0,751.16,664.94,912.95,932.53,796.77,688.33,0.8862,795.47,685.07,0.6410,798.08,685.07,0.5903,787.63,691.60,0.8721,807.23,690.29,0.8539,773.26,728.18,0.9089,826.83,715.12,0.8426,763.46,767.38,0.8131,858.84,738.64,0.7656,757.58,801.35,0.7984,892.16,758.23,0.7812,804.61,792.21,0.7488,830.75,789.59,0.7748,774.56,849.04,0.8291,820.95,828.79,0.7538,800.04,900.00,0.8297,818.99,876.48,0.7519
77,top,1,787.47,326.74,954.49,539.08,862.28,352.45,0.8962,866.63,348.64,0.8860,859.02,348.10,0.8950,874.24,350.82,0.9175,854.12,350.82,0.8469,887.83,363.86,0.7104,845.43,375.83,0.7640,914.47,357.88,0.7614,820.42,394.31,0.7623,940.03,346.47,0.8533,798.13,388.87,0.8154,894.36,429.11,0.7102,867.72,430.74,0.7180,907.95,474.77,0.7586,848.14,472.60,0.7675,928.06,513.38,0.8303,837.27,516.64,0.8761
77,bottom,0,755.15,664.61,919.85,906.75,806.76,687.54,0.9406,806.76,684.00,0.6397,807.35,684.59,0.5884,797.30,691.09,0.8731,817.40,690.50,0.8084,781.93,725.97,0.8839,834.54,715.33,0.8671,768.33,766.17,0.8082,862.92,744.30,0.7558,761.24,799.87,0.8173,894.25,770.31,0.8335,809.71,789.82,0.7748,836.32,786.27,0.7712,791.39,850.12,0.8189,829.81,822.92,0.7382,819.76,885.00,0.7119,829.22,872.58,0.7536
78,top,1,774.81,322.57,953.99,537.76,861.48,350.84,0.9216,866.15,346.75,0.9274,857.98,346.75,0.9130,873.15,348.50,0.9141,853.32,347.92,0.8585,886.56,360.17,0.7397,844.57,373.00,0.7576,913.39,353.75,0.8025,817.74,389.33,0.7939,939.64,340.34,0.8599,792.66,381.75,0.8190,892.98,427.83,0.7276,867.32,429.58,0.7223,906.98,473.91,0.7646,845.74,472.74,0.7883,926.23,515.32,0.8953,837.57,514.74,0.8913
78,bottom,0,757.03,665.19,914.68,918.66,817.91,688.58,0.8778,815.43,685.49,0.6118,820.39,684.87,0.6400,808.63,692.29,0.8171,827.19,691.06,0.8663,789.44,724.47,0.8812,844.52,720.14,0.8755,773.97,763.46,0.8178,866.18,752.32,0.7924,764.07,795.64,0.8168,892.79,782.02,0.8046,814.20,790.07,0.7641,840.19,785.74,0.7870,808.63,852.57,0.8077,838.33,824.11,0.6667,842.04,887.85,0.6850,843.28,867.42,0.5878
79,top,1,765.53,321.57,954.79,537.73,861.39,349.56,0.9380,865.09,345.25,0.9185,857.69,345.25,0.9386,871.86,347.10,0.9356,852.15,347.10,0.8440,885.42,358.80,0.7461,842.91,371.74,0.7529,913.76,352.64,0.7942,814.57,386.53,0.7989,940.86,339.09,0.8532,790.54,374.82,0.8422,890.35,427.80,0.7292,864.47,429.65,0.7248,906.98,474.01,0.7864,844.76,472.78,0.7761,926.08,515.90,0.8869,839.83,513.44,0.8735
79,bottom,0,758.46,667.48,906.73,925.57,828.18,689.40,0.8795,828.81,686.25,0.5347,826.92,685.62,0.6211,818.10,693.18,0.7676,837.00,692.55,0.8094,797.31,724.06,0.9023,853.39,724.69,0.8676,779.03,759.35,0.8487,867.25,758.09,0.8642,767.06,788.33,0.8647,888.04,788.96,0.8951,819.36,794.63,0.7764,845.19,789.59,0.8004,826.92,856.38,0.8003,850.24,819.84,0.6058,862.21,897.34,0.7978,861.58,859.53,0.6597
80,top,1,775.62,319.06,956.26,537.43,859.47,347.68,0.9043,863.59,343.57,0.9106,856.53,343.57,0.9038,870.65,345.92,0.8636,851.24,345.92,0.8394,884.76,359.44,0.7387,842.42,369.44,0.7789,913.57,353.56,0.8057,812.43,382.96,0.8196,942.39,341.21,0.8468,788.32,371.20,0.8691,887.70,427.65,0.7145,861.83,429.42,0.7127,906.52,472.93,0.7783,845.95,473.52,0.7643,925.33,514.10,0.8920,839.48,512.92,0.9035
80,bottom,0,759.63,668.27,904.17,926.72,835.68,690.86,0.8134,835.68,687.07,0.5435,836.95,687.07,0.4981,824.96,693.38,0.8061,844.52,693.38,0.7860,806.03,724.30,0.8322,860.29,726.83,0.8812,783.94,755.22,0.8021,867.86,759.01,0.8492,768.80,781.09,0.8396,884.27,794.97,0.8402,823.69,793.71,0.7555,849.56,788.03,0.7573,836.31,858.07,0.7867,862.18,817.06,0.7399,867.23,897.82,0.8026,881.11,858.07,0.7777
81,top,1,773.68,321.72,961.51,537.63,858.42,346.52,0.8946,862.70,342.24,0.8787,855.36,342.24,0.9046,869.43,344.69,0.9081,850.47,344.69,0.8537,884.10,358.75,0.7475,840.08,367.92,0.7880,914.06,356.30,0.7683,811.34,381.37,0.8274,944.63,346.52,0.8334,785.66,368.53,0.8922,885.32,427.23,0.7221,858.42,429.06,0.7327,904.89,470.64,0.8015,846.19,473.70,0.7777,924.45,512.83,0.8653,839.47,514.05,0.8967
81,bottom,0,763.81,665.90,912.10,925.97,842.40,689.26,0.7689,842.40,684.82,0.5334,844.30,684.82,0.4962,830.97,691.17,0.7895,851.29,691.80,0.7523,811.92,722.28,0.8221,865.26,725.45,0.8731,789.70,752.76,0.7664,869.07,759.11,0.8171,772.56,775.61,0.8140,881.13,796.57,0.7705,829.07,793.39,0.7428,855.10,788.31,0.7293,838.59,855.62,0.8038,872.88,819.42,0.7986,867.16,897.52,0.8087,896.37,856.89,0.7989
82,top,0,770.24,324.42,969.42,535.84,857.51,343.25,0.8885,861.40,339.36,0.8474,854.27,339.36,0.8777,868.54,341.95,0.9310,849.73,341.95,0.8449,882.15,358.16,0.7791,838.71,364.64,0.8178,913.27,360.10,0.7439,809.54,379.56,0.8495,945.04,354.92,0.8128,782.95,366.59,0.9054,882.80,425.59,0.7599,856.22,427.53,0.7661,902.90,469.03,0.8270,846.49,470.98,0.7991,921.05,511.82,0.8985,839.36,515.06,0.9048
82,bottom,1,767.80,661.30,912.78,925.25,848.02,684.37,0.7939,849.31,681.15,0.5443,849.96,681.15,0.5076,835.78,686.95,0.7507,856.40,687.60,0.7389,818.38,716.59,0.8140,870.58,721.75,0.8638,796.47,748.17,0.7891,871.87,755.90,0.8145,779.72,771.37,0.8290,884.75,794.57,0.7424,830.62,787.48,0.7529,858.98,782.32,0.7015,840.29,848.70,0.7991,883.47,814.54,0.7614,862.84,893.16,0.8073,900.86,859.01,0.7844
83,top,0,769.03,322.71,967.04,533.24,856.44,340.96,0.8820,860.95,337.09,0.8487,853.86,337.09,0.8774,868.04,340.31,0.9229,849.35,339.67,0.8363,882.22,356.43,0.7750,838.39,362.23,0.8118,911.87,361.58,0.7313,808.74,376.41,0.8351,944.74,362.23,0.7918,781.67,364.81,0.9072,881.57,423.46,0.7511,855.15,426.04,0.7514,899.62,466.00,0.8321,846.12,469.87,0.8078,917.02,509.83,0.9085,839.68,514.34,0.9143
83,bottom,1,765.82,656.43,911.78,908.08,850.48,680.88,0.9512,850.48,677.81,0.6617,852.32,677.81,0.5413,840.03,683.95,0.7547,860.92,685.18,0.7803,822.21,712.21,0.9089,874.44,717.74,0.9362,801.94,745.39,0.8821,875.67,753.99,0.8573,785.97,769.96,0.8783,888.57,789.62,0.7794,832.04,781.02,0.8163,860.92,775.49,0.8052,841.87,840.62,0.8188,887.34,809.90,0.8778,852.32,878.09,0.8432,900.85,859.05,0.8669
84,top,1,765.71,319.04,967.38,532.75,857.35,338.58,0.8673,861.29,334.64,0.8662,854.07,334.64,0.8711,868.51,337.92,0.9008,849.47,337.27,0.8427,882.30,354.99,0.7781,838.31,360.24,0.8102,911.84,363.53,0.7999,808.77,374.03,0.8502,944.67,368.12,0.8326,781.20,362.21,0.9070,880.99,421.30,0.7437,854.73,423.92,0.7434,897.40,463.97,0.8394,846.85,467.25,0.8129,911.84,506.64,0.8873,840.28,513.21,0.9234
84,bottom,0,782.21,652.98,912.23,898.83,853.22,675.67,0.9602,855.63,672.67,0.6621,853.22,672.67,0.5428,841.82,679.27,0.7903,862.83,679.87,0.8079,824.41,708.68,0.8798,877.83,712.88,0.9084,806.41,745.29,0.8621,881.43,751.29,0.8432,792.00,771.10,0.8686,896.44,785.51,0.8454,834.62,777.10,0.8283,862.83,772.90,0.7841,843.02,835.92,0.7611,889.24,806.51,0.8585,848.42,871.94,0.7615,901.24,860.53,0.8650
85,top,1,767.80,321.32,966.28,532.33,858.00,338.31,0.8498,862.52,334.44,0.8492,855.41,334.44,0.8492,868.98,337.02,0.8811,850.89,337.02,0.8472,883.19,355.11,0.7801,839.26,358.99,0.8044,912.27,364.80,0.8073,809.54,371.26,0.8584,943.92,371.26,0.8439,781.11,359.63,0.8901,880.61,421.01,0.7450,854.77,422.95,0.7438,895.47,463.65,0.8302,847.01,466.88,0.8089,906.45,504.36,0.8578,839.91,513.40,0.9110
85,bottom,0,786.94,648.21,912.85,882.27,852.18,669.81,0.9308,853.90,667.53,0.6207,851.04,666.96,0.5544,841.32,674.38,0.8179,861.90,674.38,0.8423,825.32,704.10,0.8641,877.32,705.24,0.8761,809.32,739.53,0.8312,886.47,738.38,0.8119,796.18,766.38,0.8560,898.47,764.10,0.7982,835.04,769.24,0.7859,862.47,765.81,0.7589,840.75,828.67,0.7138,890.47,806.96,0.8115,840.75,853.81,0.7402,900.75,858.38,0.9166
86,top,0,768.20,318.76,964.41,532.34,859.28,337.41,0.8244,863.75,333.57,0.8322,856.72,333.57,0.8225,870.14,336.77,0.8500,852.25,336.13,0.8305,884.19,354.65,0.7711,840.76,357.21,0.8002,912.93,365.51,0.8107,810.10,368.70,0.8553,945.51,372.54,0.8427,781.99,356.57,0.8943,880.99,420.44,0.7369,854.81,422.36,0.7386,893.13,463.23,0.8093,847.14,466.43,0.7927,902.07,502.20,0.8067,840.12,513.05,0.9036
86,bottom,1,788.10,641.75,910.43,875.59,846.98,661.62,0.9573,849.27,659.33,0.6018,844.70,659.33,0.6238,837.85,666.18,0.7792,857.83,665.61,0.7961,823.00,698.72,0.8697,876.67,695.30,0.8800,807.59,735.26,0.8141,890.94,728.41,0.7862,795.03,760.95,0.8623,898.36,740.97,0.7038,833.85,761.52,0.7671,861.83,758.67,0.7551,834.42,816.33,0.6886,889.23,806.05,0.8371,833.85,842.59,0.7090,900.08,858.01,0.9154
87,top,1,767.73,319.17,965.03,532.16,861.24,337.03,0.8233,865.10,333.82,0.8328,858.03,333.18,0.8276,871.52,336.39,0.8358,853.54,335.75,0.8528,885.65,354.37,0.7762,841.98,356.30,0.7986,913.91,365.29,0.8063,810.51,367.22,0.8626,945.38,373.00,0.8463,782.89,352.45,0.9119,881.15,420.53,0.7306,855.46,421.81,0.7308,891.43,463.56,0.7957,847.76,466.13,0.7882,895.93,500.17,0.7849,840.05,513.01,0.9071
87,bottom,0,784.24,631.49,909.49,876.35,840.29,652.30,0.9737,840.29,649.90,0.5972,838.50,649.90,0.6873,831.92,657.08,0.7974,851.65,654.69,0.7765,818.77,689.96,0.8534,871.37,681.59,0.8329,804.42,725.23,0.8068,892.90,713.87,0.7825,791.87,752.73,0.8646,888.71,709.68,0.5364,831.32,751.53,0.7370,860.02,750.33,0.7264,828.33,801.75,0.7058,886.32,804.14,0.8291,827.14,831.64,0.7149,900.07,857.34,0.8848
88,top,0,771.27,317.81,963.79,532.43,863.14,336.13,0.8533,867.53,333.00,0.8621,860.64,332.37,0.8656,873.80,336.13,0.8525,855.62,335.50,0.8567,887.59,354.30,0.7709,844.34,356.18,0.7841,915.16,364.96,0.7944,813.64,364.33,0.8716,945.87,372.48,0.8436,785.43,349.92,0.9218,881.32,420.11,0.7249,856.25,420.73,0.7267,889.47,462.72,0.8021,848.10,465.23,0.7845,893.23,499.07,0.8263,839.96,512.86,0.8997
88,bottom,1,780.77,621.49,927.21,875.32,832.30,641.82,0.9443,830.44,639.96,0.6797,832.30,639.34,0.6670,824.24,645.54,0.8278,843.45,644.30,0.8265,812.47,680.24,0.8639,863.28,667.85,0.8359,800.07,716.18,0.7895,888.69,694.49,0.7784,788.30,744.69,0.8449,875.68,682.72,0.4916,829.20,740.97,0.7363,858.33,739.11,0.7240,819.90,780.63,0.7695,880.64,795.50,0.8049,819.90,825.87,0.7900,897.99,850.04,0.8708
89,top,1,774.81,318.26,962.29,532.62,865.50,336.34,0.8625,869.77,332.68,0.8654,862.45,332.68,0.8782,876.48,335.73,0.8721,857.57,335.12,0.8496,889.91,354.04,0.7610,845.97,355.87,0.7704,916.15,364.41,0.7828,815.46,363.19,0.8686,945.44,371.12,0.8493,788.61,347.93,0.9132,882.59,420.56,0.7184,857.57,421.17,0.7200,888.69,462.66,0.7938,849.02,464.49,0.7802,890.52,499.89,0.8342,839.26,512.10,0.8834
89,bottom,0,777.09,609.22,913.02,871.65,822.63,630.88,0.9264,820.71,628.95,0.6726,822.63,628.31,0.6643,815.59,635.36,0.8448,834.17,632.80,0.8449,804.69,669.32,0.8858,856.59,655.22,0.8419,795.72,707.12,0.7882,882.22,682.13,0.7139,784.83,737.87,0.8362,881.58,682.77,0.4468,826.48,728.90,0.7196,854.67,726.34,0.7271,812.38,767.35,0.7588,877.09,785.93,0.7926,812.38,820.52,0.7568,895.03,840.39,0.8644
90,top,1,778.39,319.38,961.82,532.73,867.72,335.90,0.8712,871.90,332.31,0.8658,864.73,332.31,0.8668,878.46,335.90,0.8758,859.95,335.90,0.8270,893.39,353.81,0.7638,849.21,355.60,0.7613,919.66,363.96,0.7626,815.77,361.57,0.8331,946.53,370.53,0.8455,791.29,346.05,0.8949,885.03,420.68,0.7253,859.95,420.68,0.7213,888.61,462.48,0.8006,850.40,464.27,0.7718,889.21,501.88,0.8560,839.65,512.03,0.8777
90,bottom,0,774.45,601.80,909.05,867.25,813.23,621.76,0.9718,811.94,619.82,0.6949,811.94,618.52,0.6206,806.10,626.30,0.8387,824.25,623.71,0.7756,797.03,662.59,0.8858,847.58,644.45,0.8346,791.20,701.48,0.7934,876.09,669.07,0.7286,782.12,734.53,0.8136,878.04,678.79,0.5834,822.95,719.62,0.7085,851.47,716.38,0.7289,806.10,762.39,0.7810,872.85,776.00,0.7781,804.81,813.59,0.7970,891.00,829.79,0.8611
91,top,1,781.80,318.62,961.62,532.54,870.54,336.02,0.8856,874.05,332.51,0.8730,867.02,332.51,0.8763,881.07,335.43,0.8894,862.93,335.43,0.8140,895.12,353.00,0.7510,851.80,354.75,0.7509,919.12,362.36,0.7268,819.61,360.60,0.8182,944.88,369.39,0.8266,793.85,345.39,0.8920,886.93,419.73,0.7136,862.34,419.73,0.7088,889.27,461.29,0.7950,851.80,463.04,0.7661,889.85,502.26,0.8468,840.68,512.21,0.8761
91,bottom,0,774.16,594.59,902.04,849.91,803.19,615.66,0.9449,802.57,613.16,0.6303,800.70,612.54,0.6040,796.34,620.02,0.8345,814.41,616.90,0.7825,790.10,658.04,0.8806,840.59,637.47,0.8130,788.23,696.69,0.7916,869.89,657.42,0.7429,780.13,730.97,0.7982,879.24,675.50,0.7482,818.78,712.27,0.7208,847.45,708.53,0.7306,801.95,758.40,0.7851,868.64,767.13,0.8038,798.21,804.53,0.7845,885.47,818.86,0.8711
92,top,0,782.61,318.34,959.92,532.03,871.84,335.72,0.8875,875.88,332.26,0.8735,868.95,332.26,0.8826,883.38,335.15,0.9032,864.91,335.72,0.7752,897.81,353.04,0.7452,854.52,354.19,0.7362,920.90,362.27,0.7214,824.51,359.96,0.8175,945.72,369.20,0.8203,796.23,344.96,0.9004,888.58,419.41,0.7105,863.76,418.84,0.7010,890.89,461.55,0.7974,853.37,463.28,0.7713,889.73,502.53,0.8431,840.67,511.76,0.8687
92,bottom,1,772.53,592.58,898.57,842.70,795.25,613.22,0.9284,793.42,610.78,0.5914,792.81,609.56,0.5833,787.92,617.50,0.7821,806.85,613.22,0.7848,784.26,655.36,0.8780,834.33,633.37,0.8024,784.26,694.44,0.7799,865.47,651.08,0.7452,778.15,729.85,0.7698,878.90,673.06,0.7940,814.79,708.48,0.7152,842.27,704.21,0.7068,799.52,756.72,0.7522,863.03,759.77,0.7712,794.03,797.63,0.7384,880.13,810.46,0.8518
93,top,1,784.70,317.78,959.13,530.71,874.19,335.10,0.8691,878.16,332.26,0.8498,871.35,332.26,0.8667,885.54,335.10,0.8883,867.37,335.67,0.7714,899.74,352.70,0.7507,856.59,353.84,0.7368,923.02,361.79,0.7158,826.49,359.51,0.8019,945.73,368.60,0.8091,798.67,344.75,0.8961,890.09,419.14,0.7105,865.67,418.57,0.6984,891.22,461.15,0.7903,854.31,462.86,0.7672,889.52,503.17,0.8347,841.25,511.69,0.8676
93,bottom,0,769.14,591.76,893.39,836.52,785.85,612.56,0.8195,781.67,610.17,0.5720,784.06,608.97,0.5328,779.88,617.34,0.7520,797.80,611.96,0.7656,778.08,654.39,0.8797,827.08,631.08,0.7891,779.88,694.42,0.7704,859.95,649.01,0.7612,776.29,730.28,0.7937,877.87,672.91,0.8469,809.75,706.37,0.7247,836.64,701.59,0.7085,797.80,754.18,0.7641,857.56,755.37,0.7816,794.22,796.01,0.7468,873.69,803.18,0.8542
94,top,1,785.80,315.47,959.55,530.01,876.07,335.07,0.8635,880.03,331.68,0.8382,873.24,331.68,0.8579,887.38,334.51,0.8833,869.28,335.07,0.7816,902.08,352.04,0.7610,858.53,353.17,0.7398,923.58,361.09,0.6880,828.56,358.83,0.7901,944.50,368.44,0.8008,800.28,344.69,0.8809,891.90,418.22,0.7094,867.02,417.09,0.6968,891.90,460.64,0.7817,855.70,461.77,0.7539,889.64,503.06,0.8354,842.70,510.41,0.8656
94,bottom,0,761.73,592.85,887.53,832.61,778.39,613.81,0.8113,774.29,611.47,0.5553,777.81,610.29,0.5170,771.95,619.08,0.7596,791.27,612.64,0.7710,772.54,655.37,0.8737,820.54,631.37,0.7948,776.05,694.00,0.7620,853.32,648.34,0.7721,774.29,729.71,0.8011,874.39,673.51,0.8346,804.15,706.29,0.7246,831.07,701.61,0.7072,792.44,751.95,0.7796,853.32,753.71,0.7901,794.20,795.26,0.8168,866.78,797.61,0.8699
95,top,1,785.95,315.80,959.23,529.02,877.67,334.98,0.8493,881.61,331.60,0.8285,874.28,331.60,0.8341,888.95,333.85,0.8760,870.90,334.98,0.8132,904.18,351.90,0.7682,860.18,352.47,0.7384,925.05,360.93,0.6785,829.72,358.11,0.7706,943.66,368.26,0.7924,800.95,344.01,0.8755,892.90,417.90,0.7050,868.08,416.77,0.6888,892.33,460.20,0.7934,856.80,461.33,0.7584,889.51,503.07,0.8429,846.08,509.84,0.8584
95,bottom,0,754.56,594.07,877.90,826.35,771.43,614.93,0.8013,766.89,612.10,0.5678,769.73,611.53,0.5269,765.76,619.47,0.7631,784.47,613.23,0.7434,766.89,656.33,0.8633,813.96,631.38,0.7752,772.56,693.76,0.7429,844.58,648.96,0.7425,771.99,731.19,0.7907,869.54,673.91,0.7935,798.08,705.10,0.6901,826.44,700.00,0.6960,788.44,744.80,0.7767,849.12,754.44,0.7707,795.81,793.00,0.8172,858.76,793.00,0.8681
96,top,0,786.29,314.21,958.81,527.55,877.60,334.40,0.8444,882.10,331.03,0.8245,874.79,331.03,0.8314,889.96,333.28,0.8573,871.99,333.84,0.8078,905.12,350.69,0.7795,861.88,351.25,0.7465,927.02,360.79,0.6928,831.55,357.43,0.7878,943.87,368.66,0.7922,801.79,343.95,0.8781,893.89,416.39,0.7106,869.18,414.71,0.6924,892.77,459.07,0.8048,858.51,459.07,0.7861,889.40,502.87,0.8534,850.09,507.36,0.8511
96,bottom,1,750.14,592.56,872.12,821.61,765.84,613.70,0.7785,760.81,610.91,0.5985,764.72,609.79,0.5160,760.25,617.62,0.7827,779.26,610.35,0.7458,763.04,653.40,0.8629,810.01,628.80,0.7929,769.19,691.99,0.7403,836.30,648.37,0.7642,768.63,728.33,0.7998,861.46,676.33,0.7697,792.12,702.61,0.7101,820.08,698.14,0.7168,785.97,742.87,0.7822,841.89,754.61,0.7590,794.92,791.52,0.8233,850.83,788.73,0.8639
97,top,1,786.64,312.42,957.23,524.55,879.71,333.52,0.8395,883.60,330.19,0.8176,876.38,330.19,0.8221,890.82,332.41,0.8423,873.05,332.97,0.8381,905.81,349.63,0.7675,862.49,349.63,0.7388,926.35,360.18,0.6912,831.95,356.85,0.7820,942.46,368.51,0.7813,802.52,342.96,0.8791,894.15,415.71,0.7087,869.71,414.04,0.6962,893.04,458.47,0.8112,860.27,457.91,0.7989,889.70,501.78,0.8463,854.72,505.67,0.8365
97,bottom,0,746.71,588.46,863.89,816.07,761.40,608.91,0.7615,757.51,606.13,0.5672,759.73,605.02,0.4902,756.40,612.24,0.7463,775.29,605.02,0.7447,758.62,647.25,0.8475,806.97,623.36,0.7800,764.73,686.15,0.7227,831.97,648.92,0.7568,764.18,721.72,0.7856,852.53,677.26,0.8250,789.74,698.38,0.7030,815.30,693.93,0.7230,783.63,741.72,0.7897,827.53,744.50,0.7750,794.18,790.07,0.8217,842.53,783.96,0.8281
98,top,1,785.97,312.73,954.37,522.98,880.04,333.43,0.8064,883.88,330.14,0.7801,877.30,330.14,0.7976,891.55,331.79,0.8293,874.01,332.34,0.8119,906.90,349.33,0.7707,863.60,348.78,0.7328,928.83,361.39,0.6974,832.90,356.46,0.7798,942.53,370.16,0.7556,802.20,343.30,0.8671,894.84,415.66,0.7076,870.72,413.47,0.6991,893.20,458.42,0.8020,860.85,457.87,0.8004,889.91,501.73,0.8456,859.76,502.82,0.8511
98,bottom,0,743.39,578.84,854.02,813.27,758.64,601.62,0.7711,755.21,598.76,0.5943,757.50,597.61,0.4632,754.64,604.48,0.7863,772.95,597.04,0.7671,755.21,639.39,0.8376,803.29,617.07,0.7641,760.36,677.17,0.7194,825.61,643.97,0.7671,760.93,713.23,0.7788,843.35,674.88,0.8104,786.12,693.19,0.7069,811.30,689.19,0.7441,782.11,741.27,0.7986,817.02,738.98,0.7926,794.70,789.92,0.8380,834.19,781.91,0.8132
99,top,1,785.72,311.44,955.03,521.99,879.74,332.94,0.8352,884.15,329.63,0.8146,876.99,329.08,0.8357,892.42,331.83,0.8519,873.68,331.83,0.8153,907.30,349.47,0.7787,863.21,348.92,0.7455,928.80,362.15,0.7206,832.90,356.08,0.7799,942.03,371.52,0.7605,803.68,343.96,0.8691,895.18,415.06,0.7121,870.93,413.41,0.7040,893.52,458.05,0.8034,862.66,456.95,0.8019,890.22,501.59,0.8503,863.21,500.49,0.8393
99,bottom,0,740.20,569.98,842.07,811.07,754.05,593.40,0.7516,751.70,589.87,0.6504,754.64,588.70,0.4854,752.88,595.76,0.8526,770.53,589.87,0.7392,751.11,631.08,0.8454,799.38,609.89,0.7748,755.82,668.16,0.7487,819.98,638.14,0.7952,757.00,703.47,0.7629,834.10,668.75,0.8157,782.89,686.99,0.7104,807.03,682.28,0.7425,780.54,737.61,0.8131,807.03,730.55,0.8022,793.49,787.65,0.8430,823.51,781.17,0.8180
100,top,1,785.71,309.64,957.25,520.77,880.97,332.57,0.8363,884.88,329.22,0.8222,878.18,328.66,0.8425,892.70,330.89,0.8417,874.27,330.89,0.8382,907.22,348.76,0.7871,863.66,348.76,0.7497,929.00,363.28,0.7785,832.39,356.58,0.7811,942.40,375.00,0.8130,804.48,344.85,0.8680,895.49,414.65,0.7145,871.48,412.97,0.7070,893.26,457.65,0.8112,864.22,456.53,0.8013,890.47,501.20,0.8631,866.46,498.97,0.8607
100,bottom,0,739.75,561.77,834.85,807.81,752.46,583.88,0.7559,750.66,580.27,0.6592,753.06,579.07,0.5119,750.66,585.68,0.8453,768.68,581.47,0.7388,748.26,621.72,0.8629,795.71,601.90,0.7810,751.26,658.96,0.7599,815.54,633.13,0.8014,752.46,691.40,0.7574,828.15,665.57,0.8072,778.89,679.99,0.7102,802.32,675.18,0.7499,777.69,732.85,0.8187,799.92,724.44,0.8265,792.71,785.71,0.8465,811.33,774.89,0.7996
101,top,1,785.58,309.06,953.85,520.63,880.12,332.68,0.8425,884.50,328.85,0.8094,877.38,328.30,0.8344,892.72,331.04,0.8544,874.10,330.49,0.8276,907.51,349.12,0.7904,864.24,348.02,0.7623,929.97,364.45,0.7663,833.56,356.79,0.7899,942.02,377.05,0.7908,805.63,346.93,0.8510,895.46,414.30,0.7241,871.91,412.65,0.7168,893.81,457.57,0.8045,866.43,456.47,0.7900,889.98,500.84,0.8558,868.62,496.46,0.8222
101,bottom,0,737.53,553.65,830.30,809.03,751.49,575.97,0.7227,749.00,572.23,0.6648,752.74,571.61,0.5119,749.00,577.84,0.8348,768.33,574.73,0.7335,744.63,614.00,0.8625,792.64,596.55,0.7691,746.50,650.79,0.7524,810.72,628.34,0.7703,748.38,681.96,0.7220,823.19,660.76,0.8164,773.31,676.35,0.6966,796.38,672.61,0.7392,775.18,729.35,0.7900,795.76,720.62,0.7747,790.77,782.34,0.8322,798.88,767.38,0.7004
102,top,1,786.65,308.87,954.07,520.17,880.72,332.77,0.8224,885.08,328.96,0.8091,877.99,328.41,0.8258,892.71,330.59,0.8543,874.18,330.05,0.8404,906.87,348.58,0.7893,863.28,348.03,0.7547,928.67,365.47,0.8219,832.76,357.30,0.7812,941.21,380.18,0.8448,804.42,348.03,0.8741,895.43,413.97,0.7233,872.54,412.88,0.7153,893.80,457.03,0.8069,868.18,455.94,0.7996,889.98,500.08,0.8565,869.82,495.72,0.8331
102,bottom,0,734.36,546.87,824.16,809.33,751.07,571.09,0.6984,747.86,567.25,0.6646,752.99,566.61,0.5137,747.86,572.37,0.8161,768.37,569.81,0.7755,741.45,606.97,0.8557,790.15,593.52,0.7921,741.45,645.42,0.7523,806.81,626.20,0.7629,744.02,672.98,0.7343,818.35,658.88,0.7961,768.37,671.69,0.6851,790.79,668.49,0.7223,772.21,726.16,0.7655,790.15,717.19,0.7397,789.51,780.63,0.7453,788.23,760.76,0.6572
103,top,1,785.96,309.31,953.24,520.03,880.49,332.44,0.8412,884.85,328.63,0.8193,877.77,328.09,0.8334,893.02,330.81,0.8478,873.96,329.72,0.8633,906.08,348.24,0.7870,863.06,347.69,0.7595,927.87,366.75,0.8243,834.20,358.58,0.7909,939.85,383.09,0.8597,804.80,350.41,0.8472,895.19,413.58,0.7140,872.32,413.04,0.7114,893.56,456.60,0.8108,869.05,456.06,0.8004,889.75,500.17,0.8579,871.23,495.81,0.8324
103,bottom,0,729.99,545.56,820.22,806.45,751.54,567.72,0.6839,748.36,563.90,0.6191,752.82,563.90,0.5191,748.99,569.63,0.7644,766.83,567.72,0.7531,738.80,603.39,0.8393,786.57,592.56,0.7943,736.25,644.16,0.7298,803.77,625.68,0.7476,739.44,666.45,0.6837,814.60,657.53,0.7914,763.01,669.63,0.6903,785.94,667.72,0.7211,768.74,725.05,0.7693,784.03,716.13,0.7458,789.12,776.64,0.7800,775.11,756.26,0.6656
104,top,1,786.76,308.64,950.40,520.01,880.30,331.76,0.8123,885.09,328.56,0.7897,877.63,328.03,0.8008,892.55,330.16,0.8420,873.91,329.09,0.8492,905.87,348.80,0.7866,862.19,348.27,0.7554,926.64,367.45,0.8196,834.49,358.92,0.7778,938.89,385.56,0.8490,804.66,352.00,0.8444,895.21,414.32,0.7196,872.31,413.79,0.7178,893.61,456.94,0.8108,870.71,455.87,0.8049,889.89,500.08,0.8587,871.77,495.82,0.8161
104,bottom,0,725.78,546.27,816.57,785.34,753.08,567.75,0.7273,750.16,564.83,0.5953,753.08,564.83,0.5873,748.99,570.67,0.7604,766.50,568.91,0.7222,737.32,602.18,0.8385,784.01,594.01,0.8304,731.48,643.62,0.7253,802.11,627.87,0.7760,733.24,662.30,0.6649,810.28,658.22,0.7751,758.33,668.72,0.7371,781.10,666.39,0.7730,764.17,724.17,0.7963,777.01,716.00,0.7663,785.77,773.78,0.7776,768.84,758.61,0.6875
105,top,1,787.62,307.80,949.84,520.19,879.29,331.09,0.8233,884.04,327.39,0.8018,876.65,326.86,0.8181,891.97,329.50,0.8636,872.96,328.45,0.8505,904.11,347.46,0.7863,860.81,347.99,0.7517,924.71,368.05,0.8322,832.82,359.60,0.7695,937.38,389.17,0.8669,802.20,353.79,0.8703,894.61,413.47,0.7236,871.90,413.47,0.7178,893.55,456.77,0.8128,871.37,455.71,0.8038,889.85,500.60,0.8569,872.96,495.31,0.8217
105,bottom,0,718.91,547.89,811.75,794.32,752.70,569.43,0.7473,750.89,565.82,0.6059,751.49,565.82,0.6479,749.09,572.44,0.7313,765.33,571.23,0.7030,735.85,604.93,0.8041,780.37,596.50,0.7967,728.03,642.83,0.7132,797.82,628.99,0.7861,724.42,654.26,0.6355,805.64,660.28,0.7746,754.50,671.11,0.7300,776.76,669.30,0.7553,757.51,725.86,0.7604,768.94,715.03,0.7219,782.18,770.38,0.7260,767.74,761.35,0.6345
106,top,1,786.07,306.87,947.51,520.41,879.41,331.14,0.8343,883.61,326.93,0.8171,876.25,326.93,0.8215,890.97,329.03,0.8739,872.57,327.98,0.8534,903.58,346.90,0.7992,860.49,347.43,0.7568,921.97,367.92,0.8325,834.21,360.57,0.8000,934.58,391.04,0.8622,803.73,357.41,0.8527,894.12,413.64,0.7282,872.05,413.64,0.7273,893.59,456.21,0.8200,871.52,455.68,0.8070,890.44,500.35,0.8745,873.10,495.62,0.8570
106,bottom,0,709.31,551.01,805.43,790.93,750.93,569.64,0.7384,749.76,566.71,0.6191,748.58,566.71,0.6498,748.00,573.15,0.7184,762.64,572.57,0.6881,733.36,605.96,0.7641,775.53,597.76,0.7755,725.15,642.86,0.7132,791.93,631.14,0.7892,716.37,652.82,0.6589,797.79,663.36,0.7510,749.76,669.80,0.7089,772.01,667.46,0.7338,748.58,724.86,0.7465,762.64,713.15,0.7134,777.29,763.52,0.6832,764.40,760.59,0.6140
107,top,1,786.22,306.03,943.64,520.28,877.49,330.51,0.8667,882.19,326.85,0.8468,874.87,326.33,0.8485,890.04,328.94,0.8924,871.21,327.90,0.8591,903.12,347.25,0.8089,859.18,347.77,0.7547,919.33,368.17,0.8378,833.55,361.90,0.7951,931.89,392.23,0.8610,803.21,360.85,0.8380,893.70,413.16,0.7301,871.73,413.16,0.7294,893.18,456.05,0.8058,871.73,456.05,0.8061,890.04,499.46,0.8966,872.78,495.80,0.8557
107,bottom,0,705.44,549.98,796.18,782.25,746.27,568.02,0.7102,745.70,565.18,0.6223,745.14,565.18,0.6206,744.57,571.99,0.7102,757.05,571.99,0.6388,730.96,604.31,0.7749,768.39,594.67,0.7889,723.02,641.73,0.7362,783.13,628.12,0.7942,712.25,651.94,0.7076,788.23,661.01,0.7408,747.41,667.82,0.7005,767.25,664.98,0.7344,741.73,721.69,0.7819,758.18,710.91,0.7472,771.79,757.98,0.7552,763.85,759.68,0.6803
108,top,1,790.79,306.92,940.86,521.57,876.31,329.88,0.8460,881.02,326.21,0.8348,873.69,325.68,0.8528,888.88,328.30,0.8818,870.02,327.26,0.8399,901.99,346.65,0.8135,857.97,347.69,0.7530,917.18,368.66,0.8481,832.81,363.42,0.7907,928.71,392.76,0.8820,803.47,364.99,0.8215,893.08,412.67,0.7324,871.07,412.67,0.7292,893.08,456.17,0.8025,871.59,455.65,0.7997,889.93,499.67,0.8830,873.16,496.00,0.8656
108,bottom,0,698.95,547.63,783.32,780.22,742.27,565.12,0.6680,742.84,562.85,0.5882,742.27,562.85,0.5742,742.84,569.09,0.6413,752.49,568.53,0.5631,728.07,600.89,0.7562,763.28,591.24,0.7468,720.69,638.37,0.7405,774.64,624.74,0.7554,705.36,654.84,0.7792,774.64,653.14,0.6711,740.57,664.49,0.6578,763.28,661.65,0.7178,733.75,715.60,0.7379,755.33,708.22,0.7606,764.42,753.08,0.7604,764.98,759.89,0.7176
109,top,0,790.02,305.73,936.81,521.35,876.05,329.84,0.8856,880.79,326.15,0.8722,873.42,325.63,0.8540,888.16,328.26,0.8960,869.73,327.21,0.8601,901.32,346.16,0.8391,857.63,347.74,0.7655,914.48,369.32,0.8304,833.41,364.06,0.7878,926.06,395.11,0.8780,803.93,369.32,0.7909,892.90,411.96,0.7314,870.79,412.49,0.7335,892.37,455.13,0.8106,871.84,455.13,0.8118,889.74,499.35,0.9101,873.94,496.19,0.8886
109,bottom,1,693.87,545.38,772.92,778.59,740.23,560.07,0.6778,741.37,558.36,0.5974,741.37,558.36,0.6040,740.80,564.05,0.6119,748.77,564.05,0.5589,723.72,595.94,0.7569,758.45,587.40,0.7528,716.32,635.22,0.7328,763.57,620.99,0.7109,700.94,656.86,0.7477,742.51,635.22,0.4077,732.26,661.98,0.6472,758.45,658.00,0.6966,726.57,710.95,0.7303,755.60,705.26,0.7642,756.17,751.38,0.7591,763.57,757.64,0.7695
110,top,0,790.15,304.47,932.32,521.35,875.00,329.25,0.8938,879.77,325.55,0.8663,872.35,325.02,0.8533,887.71,328.19,0.8881,868.65,327.14,0.8534,900.42,346.20,0.8487,856.47,347.79,0.7777,912.07,370.55,0.8174,833.17,366.32,0.7961,922.65,395.97,0.8690,804.58,373.20,0.7905,892.47,411.85,0.7396,870.77,411.85,0.7454,891.95,454.74,0.8196,871.30,455.27,0.8228,889.83,499.22,0.9156,873.41,496.04,0.8883
110,bottom,1,691.59,541.25,772.11,781.37,735.95,555.78,0.6524,737.71,554.61,0.6082,738.30,554.61,0.5800,737.13,559.89,0.6370,745.92,560.47,0.5770,718.95,590.96,0.7677,752.96,582.75,0.7325,712.51,630.24,0.7364,751.20,616.75,0.5342,698.44,659.55,0.7050,729.51,643.13,0.3288,729.51,657.20,0.6554,752.96,653.69,0.6823,720.71,706.45,0.7297,752.96,700.59,0.7561,747.68,752.76,0.7340,762.92,756.28,0.8097
111,top,1,790.66,304.65,929.13,521.46,874.19,328.89,0.8977,878.42,325.72,0.8609,871.54,325.19,0.8454,886.36,327.83,0.8679,867.31,326.77,0.8477,899.07,344.77,0.8515,855.66,347.95,0.7816,909.65,370.18,0.8126,832.37,368.06,0.8014,919.71,396.12,0.8713,805.38,378.65,0.8113,892.19,410.41,0.7624,870.48,410.94,0.7781,891.66,454.34,0.8435,871.54,453.81,0.8503,889.54,499.34,0.9421,873.66,496.16,0.9016
111,bottom,0,688.81,537.86,769.88,776.53,730.51,552.31,0.6437,732.84,551.14,0.5852,733.42,550.56,0.5594,731.09,556.39,0.6558,741.58,556.39,0.6003,714.19,586.69,0.7843,748.57,577.95,0.7286,708.37,626.31,0.7571,743.91,612.91,0.5407,696.71,660.11,0.7171,727.01,642.63,0.3067,724.10,653.70,0.6407,747.99,650.20,0.6765,714.19,701.48,0.7242,751.49,697.98,0.7598,737.50,751.59,0.7725,761.97,753.92,0.8198
112,top,1,788.59,304.89,926.07,519.59,873.58,328.90,0.8950,877.77,325.23,0.8535,870.96,325.23,0.8617,885.11,327.32,0.8427,866.76,327.32,0.8681,897.16,343.57,0.8422,855.23,347.24,0.7724,907.65,369.78,0.8106,833.22,368.73,0.7967,916.56,395.46,0.8500,808.06,383.41,0.8278,891.92,409.62,0.7496,870.43,410.14,0.7660,891.92,453.65,0.8505,871.48,453.65,0.8540,889.83,498.73,0.9382,873.58,496.10,0.9111
112,bottom,0,686.52,535.21,770.89,773.36,725.80,550.21,0.6535,726.96,549.05,0.5754,728.70,548.47,0.5426,726.96,554.28,0.6720,738.01,554.28,0.6137,710.10,585.68,0.7431,744.40,575.80,0.7387,704.28,623.47,0.7116,736.84,608.94,0.5321,694.98,660.10,0.6919,712.42,592.08,0.3404,718.24,649.64,0.6361,743.24,646.73,0.6714,710.10,697.31,0.7523,748.47,696.15,0.7402,725.80,748.48,0.7620,760.68,752.55,0.8297
113,top,1,788.71,305.43,922.28,518.98,872.70,328.78,0.8889,876.87,325.13,0.8605,870.09,324.61,0.8812,884.69,327.22,0.8347,865.92,326.70,0.8802,896.68,342.86,0.8447,854.45,347.55,0.7795,905.55,368.93,0.7984,834.12,370.49,0.7823,912.84,396.04,0.8210,811.70,387.70,0.8063,891.47,409.59,0.7399,870.09,410.12,0.7530,891.99,453.39,0.8411,871.66,453.39,0.8440,890.43,498.75,0.9168,873.22,496.66,0.9072
113,bottom,0,685.07,536.04,770.22,772.07,722.46,549.75,0.6637,723.61,548.02,0.5769,724.77,548.02,0.5438,723.61,553.79,0.6569,735.14,553.79,0.6138,705.75,583.75,0.7580,739.17,575.11,0.7685,700.56,621.21,0.7427,721.89,591.82,0.5198,694.80,658.09,0.6618,699.99,581.45,0.5290,713.24,648.29,0.6408,737.44,645.41,0.6741,706.90,695.55,0.7461,744.94,694.97,0.7408,712.09,746.26,0.7927,759.34,749.72,0.8606
114,top,1,792.62,305.43,920.30,519.77,872.16,328.87,0.8606,876.34,324.69,0.8419,869.02,324.69,0.8315,883.67,326.78,0.8429,864.83,326.26,0.8351,896.23,341.95,0.8418,853.84,347.19,0.7735,904.60,368.64,0.7977,835.00,371.78,0.7782,910.88,395.85,0.8270,814.07,393.76,0.8104,891.52,408.94,0.7418,870.06,409.98,0.7563,892.57,453.42,0.8347,871.63,453.94,0.8377,891.52,498.42,0.9243,873.20,496.33,0.8886
114,bottom,0,676.11,536.26,768.55,770.87,717.18,550.46,0.6754,718.32,548.74,0.5658,718.32,548.17,0.5717,717.75,553.90,0.6561,729.21,553.90,0.6024,699.99,584.26,0.7753,733.79,575.67,0.7737,696.56,622.06,0.7553,716.60,583.68,0.5280,690.83,661.01,0.6932,696.56,575.09,0.5740,708.01,649.56,0.6529,732.07,645.55,0.6731,701.71,697.10,0.7315,740.66,694.23,0.7255,703.43,745.21,0.8086,757.84,748.08,0.8653
115,top,1,791.17,306.66,917.97,520.04,871.76,328.44,0.8310,875.93,324.79,0.8271,869.16,324.27,0.8285,883.74,326.35,0.8310,864.47,325.83,0.8060,895.73,341.98,0.8281,853.53,347.71,0.7660,904.06,368.03,0.7864,836.86,373.76,0.7312,909.79,395.64,0.8184,818.11,398.76,0.7955,891.56,408.66,0.7223,869.68,409.70,0.7287,893.12,452.42,0.8220,871.24,452.94,0.8186,893.64,497.74,0.9399,873.33,496.18,0.8733
115,bottom,0,675.62,536.58,767.81,772.39,711.35,551.43,0.6774,710.77,549.71,0.5788,712.50,549.13,0.5792,713.08,555.46,0.6574,725.17,555.46,0.5743,694.08,585.98,0.8142,728.05,577.34,0.7756,692.35,624.55,0.7749,713.08,584.82,0.5147,686.59,663.70,0.7094,694.65,573.89,0.5928,703.87,649.88,0.6617,726.89,646.43,0.6696,695.81,697.09,0.7615,734.95,693.63,0.7226,700.99,744.87,0.8162,756.26,745.45,0.8527
116,top,1,804.79,305.83,917.37,518.78,870.44,328.08,0.8354,874.60,323.92,0.7860,868.36,323.92,0.8010,882.40,325.48,0.8235,864.20,325.48,0.7842,894.87,341.08,0.8542,853.28,347.32,0.8079,903.19,367.07,0.8126,837.69,376.43,0.7964,908.91,395.15,0.8286,822.61,402.43,0.7935,891.75,408.14,0.7574,870.44,409.70,0.7620,894.87,452.34,0.8399,871.48,453.37,0.8273,894.87,497.05,0.9375,873.56,496.53,0.8647
116,bottom,0,674.04,537.35,766.54,769.77,703.83,552.56,0.6773,704.40,550.86,0.5903,706.10,550.29,0.5501,708.37,557.10,0.6072,717.45,556.53,0.5596,689.65,588.31,0.7757,724.26,578.66,0.7575,689.08,625.76,0.7383,716.88,609.30,0.5288,682.84,663.21,0.7133,690.21,578.09,0.4589,698.73,650.16,0.6615,721.42,647.32,0.6731,688.51,695.55,0.7670,727.67,693.85,0.7360,700.43,745.49,0.7903,752.63,740.95,0.8291
117,top,1,815.33,304.94,917.20,518.55,871.48,327.79,0.8743,875.65,324.14,0.8053,868.87,324.14,0.8302,883.47,325.18,0.8821,864.70,325.70,0.8294,894.42,340.82,0.8486,853.75,348.12,0.8246,903.29,366.90,0.8007,840.19,377.33,0.8102,909.03,394.54,0.8340,828.19,406.01,0.7685,891.82,408.10,0.7493,869.91,409.66,0.7396,895.99,451.90,0.8173,872.00,453.99,0.8175,897.03,496.75,0.9354,873.56,496.75,0.8569
117,bottom,0,669.35,535.82,761.32,765.30,697.41,551.96,0.6814,697.97,550.27,0.6083,699.09,549.71,0.5445,700.77,555.32,0.6231,711.41,554.76,0.5528,684.52,588.37,0.7786,719.82,577.17,0.7734,684.52,625.91,0.7347,723.18,606.30,0.5966,678.36,662.89,0.7517,701.89,597.34,0.2999,691.80,650.56,0.6790,715.89,647.76,0.6873,685.08,695.94,0.7854,718.70,690.90,0.7399,699.65,745.81,0.7936,747.83,734.04,0.7986
118,top,1,827.45,304.33,917.28,516.54,871.33,327.03,0.8876,875.47,322.88,0.7971,868.22,322.88,0.8215,882.72,324.95,0.8714,864.07,325.47,0.8271,894.12,340.50,0.8423,854.23,347.75,0.8280,903.45,366.92,0.8097,842.31,378.83,0.8159,909.15,393.86,0.8195,834.54,408.88,0.7660,891.53,406.81,0.7785,870.29,408.88,0.7678,897.23,451.37,0.8328,871.84,452.92,0.8417,899.82,496.44,0.9483,873.92,496.44,0.8979
118,bottom,0,665.99,533.96,752.34,761.84,693.03,549.98,0.6980,693.03,547.75,0.6073,694.14,547.20,0.5624,695.81,552.76,0.6459,706.38,552.20,0.5371,679.68,586.70,0.7938,715.84,573.90,0.7916,679.12,625.09,0.7383,719.73,605.06,0.6614,674.11,663.48,0.7625,700.82,638.44,0.2859,688.02,647.90,0.6720,710.28,645.12,0.6815,684.13,695.19,0.7981,708.05,686.84,0.7751,700.26,746.93,0.7919,739.76,728.57,0.7919
119,top,0,833.16,304.10,920.12,517.95,871.42,326.96,0.8536,875.59,322.79,0.7960,868.29,322.79,0.8248,883.43,324.88,0.8269,864.11,324.88,0.8327,894.39,340.54,0.8232,854.19,347.85,0.8525,903.79,367.17,0.8126,845.83,380.22,0.8128,910.58,393.79,0.8174,840.61,410.50,0.7593,892.30,406.85,0.7693,870.90,408.93,0.7596,898.57,450.70,0.8221,871.94,453.31,0.8254,902.22,494.56,0.9147,873.51,496.13,0.8862
119,bottom,1,660.48,531.02,743.97,759.36,689.96,547.07,0.7226,689.96,544.84,0.6147,689.96,543.73,0.6149,692.19,549.30,0.6702,702.22,548.74,0.5358,674.91,583.86,0.8090,711.70,570.49,0.8040,674.35,622.89,0.7638,710.59,606.72,0.6273,668.77,660.80,0.7891,697.76,637.94,0.3315,685.50,646.30,0.6516,706.68,643.52,0.7156,683.83,693.69,0.7868,699.44,682.54,0.7933,699.99,745.54,0.8156,729.54,723.24,0.7896
120,top,0,842.21,304.48,920.65,515.61,872.15,326.54,0.8762,876.28,322.93,0.8012,868.54,322.93,0.8542,883.49,324.48,0.8338,864.42,325.00,0.8438,894.83,339.94,0.8494,854.63,347.16,0.8800,904.63,366.75,0.8416,848.44,380.66,0.8301,911.84,393.04,0.8547,847.41,411.08,0.7726,892.77,407.47,0.7914,870.61,409.53,0.7794,900.50,450.77,0.8533,872.67,452.83,0.8477,904.11,493.55,0.9306,873.70,496.13,0.9024
120,bottom,1,657.51,526.64,732.54,758.63,683.13,542.95,0.7153,683.13,540.69,0.6520,683.13,539.55,0.6327,687.66,546.35,0.7031,697.29,545.78,0.5516,672.37,580.33,0.7776,707.49,567.31,0.8022,669.54,618.28,0.7645,704.09,604.12,0.5944,663.88,654.53,0.7481,688.23,633.57,0.3304,682.00,643.77,0.6690,701.26,640.94,0.6984,683.70,692.48,0.7492,692.19,680.02,0.7552,699.56,743.45,0.8275,718.25,721.36,0.7619
121,top,0,844.33,304.53,924.60,514.32,873.20,326.45,0.8549,876.79,322.35,0.8055,869.62,322.86,0.8412,883.96,323.89,0.8604,865.01,324.40,0.8521,895.23,339.25,0.8308,854.76,347.96,0.8556,905.47,364.86,0.8231,851.69,380.74,0.8059,912.64,391.50,0.8274,853.23,410.45,0.7653,893.69,407.37,0.7528,871.15,409.93,0.7402,901.88,449.88,0.8243,872.18,452.44,0.8327,905.98,491.88,0.8928,873.71,495.47,0.8741
121,bottom,1,647.63,522.82,720.44,758.81,678.27,540.56,0.7008,678.85,537.68,0.6548,677.70,537.68,0.5898,682.31,544.02,0.6908,692.68,543.44,0.5491,667.90,576.86,0.7453,701.90,564.76,0.7434,665.60,611.43,0.7194,698.44,601.64,0.5346,657.53,647.73,0.7172,683.46,631.02,0.3717,678.27,641.39,0.6482,695.56,638.51,0.6520,682.31,689.79,0.7164,685.76,679.42,0.6731,699.59,742.80,0.7869,703.62,723.78,0.6852
122,top,1,847.66,302.87,927.27,513.54,873.58,325.40,0.8671,877.69,321.80,0.8188,869.98,321.80,0.8466,884.38,323.34,0.8672,865.86,324.37,0.8303,896.21,339.28,0.8217,855.06,348.03,0.8407,906.49,366.03,0.8146,855.06,382.49,0.7725,914.21,391.75,0.8123,859.17,411.29,0.7316,894.66,407.18,0.7387,872.55,409.75,0.7425,902.89,449.35,0.8187,873.06,451.41,0.8198,907.52,491.01,0.8698,874.09,495.13,0.8679
122,bottom,0,641.26,521.64,715.46,758.46,672.58,538.29,0.7654,673.73,535.98,0.7083,673.16,535.98,0.6495,677.78,542.34,0.7427,686.46,541.18,0.6478,664.48,574.14,0.8177,696.28,564.31,0.7873,660.44,609.98,0.7831,699.18,601.89,0.7948,650.03,640.05,0.7705,706.11,632.53,0.7724,677.20,638.32,0.6697,693.39,636.00,0.6848,682.41,689.20,0.7104,681.25,682.84,0.6161,700.33,743.55,0.7709,688.19,730.83,0.6469
123,top,0,847.91,302.12,927.91,512.98,874.01,325.70,0.8978,878.13,321.58,0.8418,870.40,322.10,0.8651,885.33,323.13,0.8695,866.29,324.16,0.8529,896.66,339.09,0.8489,855.99,347.84,0.8507,906.95,365.34,0.8345,857.02,381.30,0.8132,915.19,391.08,0.8341,861.65,409.10,0.7925,895.11,407.04,0.7632,873.49,409.61,0.7688,903.87,449.25,0.8313,872.98,451.82,0.8399,908.50,489.92,0.8803,874.01,495.07,0.8936
123,bottom,1,632.39,520.31,721.69,759.11,665.96,537.68,0.8024,667.71,535.94,0.7247,667.71,535.94,0.7093,672.37,542.35,0.7165,681.70,541.77,0.6808,660.71,575.00,0.7679,691.61,562.75,0.8137,656.05,608.23,0.7665,696.86,597.73,0.8223,643.81,632.71,0.7377,707.35,628.63,0.8089,674.12,636.21,0.6744,689.86,633.88,0.6795,684.03,689.26,0.7651,670.04,675.85,0.6761,700.36,742.32,0.7747,672.96,725.99,0.7656
124,top,1,847.42,302.52,928.99,513.10,875.35,325.04,0.9083,879.46,321.44,0.8335,872.27,321.44,0.8772,886.15,322.99,0.8578,867.64,323.50,0.8820,897.46,338.92,0.8593,856.84,347.15,0.8654,908.25,364.63,0.8420,857.36,380.57,0.8347,916.99,390.85,0.8461,863.01,408.84,0.8037,895.92,406.79,0.7730,873.81,409.36,0.7801,904.14,449.97,0.8331,873.81,451.51,0.8582,909.80,490.07,0.8785,873.81,495.21,0.9004
124,bottom,0,623.65,520.57,724.51,757.66,660.77,536.66,0.8174,663.08,535.51,0.7339,661.92,535.51,0.7288,668.29,543.03,0.7117,676.97,541.87,0.6598,656.71,576.02,0.7674,686.23,563.87,0.8228,651.50,610.75,0.7720,695.50,597.44,0.8136,635.88,624.65,0.7624,708.23,626.96,0.7926,670.03,637.96,0.6641,685.08,636.22,0.6694,682.18,689.47,0.7672,665.98,676.74,0.6776,700.13,741.57,0.7764,656.71,724.78,0.7693
125,top,0,850.65,302.41,929.07,513.03,876.49,324.42,0.9006,880.60,320.82,0.8324,872.89,320.82,0.8767,887.80,322.36,0.8541,868.78,322.87,0.8639,899.11,338.30,0.8636,858.49,346.53,0.8597,909.40,364.53,0.8380,857.46,380.98,0.8168,918.14,390.75,0.8467,864.15,409.26,0.7818,896.54,406.18,0.7607,874.43,409.26,0.7652,905.80,449.37,0.8235,873.92,451.43,0.8539,908.88,488.97,0.8699,873.92,495.14,0.9030
125,bottom,1,620.78,519.04,722.63,757.87,656.55,537.58,0.7826,659.46,535.83,0.7169,657.71,536.41,0.7054,664.13,543.41,0.7072,672.29,542.83,0.6275,653.05,576.07,0.7540,681.62,564.40,0.8070,646.05,609.88,0.7662,693.86,597.06,0.7890,629.72,618.05,0.7625,708.44,626.21,0.7925,665.88,639.62,0.6776,680.45,637.87,0.6601,679.29,689.77,0.7581,661.79,679.86,0.6914,699.11,741.08,0.7824,645.47,724.17,0.7943
126,top,0,850.47,302.48,928.89,514.40,878.82,324.11,0.8924,882.96,321.00,0.8117,875.19,321.00,0.8708,889.68,322.55,0.8482,870.54,322.55,0.8754,900.55,338.59,0.8725,859.67,346.35,0.8748,910.89,364.46,0.8427,857.60,380.50,0.8068,919.69,390.85,0.8514,863.29,408.44,0.7724,897.44,406.37,0.7571,875.71,408.96,0.7559,907.27,447.24,0.8056,874.68,451.90,0.8424,908.82,488.63,0.8715,874.16,494.84,0.9034
126,bottom,1,609.69,518.73,718.86,757.22,650.30,536.08,0.7979,653.21,534.34,0.7451,652.05,534.34,0.6972,658.45,542.49,0.7290,667.19,541.91,0.6483,649.14,574.51,0.7671,676.50,564.61,0.8006,640.40,609.45,0.7587,689.89,597.22,0.7781,621.19,615.27,0.7947,706.78,625.75,0.8077,660.20,639.72,0.6633,675.92,637.98,0.6346,674.17,690.38,0.7482,655.54,679.90,0.6871,698.04,739.87,0.7596,640.40,725.31,0.7995
127,top,0,851.94,301.78,929.25,514.39,880.73,324.00,0.8867,884.37,320.36,0.8164,877.10,320.36,0.8743,891.63,322.44,0.8554,872.43,322.44,0.8798,902.53,338.53,0.8669,861.53,345.28,0.8748,912.40,365.52,0.8378,858.41,379.02,0.8135,920.70,390.96,0.8458,862.57,407.57,0.7858,898.90,407.05,0.7471,877.10,409.12,0.7523,906.69,447.53,0.8057,875.54,451.69,0.8318,908.24,489.06,0.8788,873.99,495.29,0.9051
127,bottom,1,601.09,518.81,715.95,757.25,642.81,535.00,0.8306,646.30,533.25,0.7685,644.55,533.25,0.7239,653.87,541.98,0.7419,661.43,541.40,0.6525,644.55,575.16,0.7779,671.33,563.52,0.8087,635.82,610.09,0.7782,684.72,596.12,0.7872,614.86,613.58,0.7599,702.76,624.64,0.8212,655.03,638.61,0.6326,669.58,636.87,0.6010,668.42,689.26,0.7345,650.37,679.94,0.6825,696.36,738.15,0.7637,636.99,726.51,0.7723
